TransactionID,Date,BranchCode,TellerID,CustomerID,TransactionType,Amount,Currency
CA00028484,2025-04-04,BR009,TLR-8809,C501387,cash deposit,485.3,CAD
CA00031492,2025-04-13,BR025,TLR-3633,C503138,cash deposit,2626.71,CAD
CA00033091,2025-04-25,BR033,TLR-1991,C503564,cash withdrawal,411.23,CAD
CA00030774,2025-04-27,BR020,TLR-1003,C502997,cash withdrawal,113.32,USD
CA00030747,2025-04-17,BR020,TLR-4175,C502544,cash deposit,1034.91,USD
CA00029266,2025-04-19,BR014,TLR-1469,C501065,cash deposit,1197.2,CAD
CA00027163,2025-04-07,BR003,TLR-2344,C502944,cash deposit,1049.18,CAD
CA00030587,2025-04-13,BR019,TLR-3698,C503977,cash deposit,1124.98,CAD
CA00032853,2025-04-24,BR031,TLR-5013,C500486,cash withdrawal,545.76,CAD
CA00029017,2025-04-03,BR012,TLR-2271,C500383,cash deposit,903.36,CAD
CA00034470,2025-04-19,BR039,TLR-7044,C503539,cash withdrawal,327.1,CAD
CA00027766,2025-04-15,BR006,TLR-1961,C502300,cash deposit,1040.41,CAD
CA00033591,2025-04-03,BR036,TLR-3918,C503639,cash deposit,388.2,CAD
CA00027901,2025-04-07,BR006,TLR-4261,C502965,cash deposit,818.3,CAD
CA00034076,2025-04-03,BR037,TLR-6269,C503918,cash deposit,651.5,CAD
CA00029064,2025-04-04,BR012,TLR-8420,C501378,cash deposit,1166.3,CAD
CA00034174,2025-04-23,BR038,TLR-9125,C503229,cash deposit,895.73,CAD
CA00031265,2025-04-18,BR024,TLR-6157,C501067,cash withdrawal,865.68,CAD
CA00031302,2025-04-07,BR024,TLR-2144,C503393,cash withdrawal,634.8,CAD
CA00028803,2025-04-20,BR011,TLR-7612,C503067,cash deposit,2559.42,CAD
CA00028120,2025-04-17,BR007,TLR-5148,C503463,cash withdrawal,1195.26,CAD
CA00030351,2025-04-11,BR019,TLR-4273,C500091,cash deposit,1483.06,CAD
CA00030433,2025-04-02,BR019,TLR-7769,C502028,cash withdrawal,406.39,CAD
CA00030920,2025-04-03,BR021,TLR-6022,C500920,cash deposit,1988.79,CAD
CA00028377,2025-04-01,BR008,TLR-7740,C503814,cash deposit,1414.77,CAD
CA00034277,2025-04-14,BR038,TLR-7722,C500941,cash deposit,809.03,CAD
CA00033480,2025-04-27,BR035,TLR-4782,C500609,cash withdrawal,646.99,CAD
CA00034365,2025-04-26,BR039,TLR-8479,C503563,cash withdrawal,514.92,CAD
CA00032631,2025-04-05,BR031,TLR-9911,C502073,cash withdrawal,5357.14,CAD
CA00035276,2025-04-26,BR040,TLR-4456,C503141,cash deposit,381.53,CAD
CA00028033,2025-04-13,BR007,TLR-7040,C502468,cash withdrawal,1077.21,CAD
CA00030935,2025-04-20,BR021,TLR-7471,C502332,cash deposit,1839.89,CAD
CA00027684,2025-04-20,BR005,TLR-6679,C501925,cash deposit,2652.53,CAD
CA00030208,2025-04-26,BR018,TLR-1768,C501912,cash deposit,660.28,CAD
CA00030083,2025-04-03,BR017,TLR-6828,C500926,cash deposit,363.28,CAD
CA00028090,2025-04-07,BR007,TLR-6065,C503547,cash deposit,1299.26,CAD
CA00032660,2025-04-01,BR031,TLR-7391,C500627,cash deposit,563.4,CAD
CA00033532,2025-04-09,BR035,TLR-9041,C503373,cash deposit,1472.13,CAD
CA00035006,2025-04-17,BR040,TLR-6536,C502657,cash deposit,1170.07,CAD
CA00029968,2025-04-17,BR017,TLR-4405,C502611,cash withdrawal,450.57,CAD
CA00028379,2025-04-04,BR008,TLR-6466,C501984,cash withdrawal,1227.58,CAD
CA00027250,2025-04-16,BR003,TLR-5809,C501557,cash deposit,856.86,CAD
CA00034611,2025-04-22,BR040,TLR-2540,C500522,cash deposit,2468.37,CAD
CA00026967,2025-04-30,BR002,TLR-1445,C503617,cash withdrawal,-2361.56,CAD
CA00026716,2025-04-10,BR001,TLR-8325,C500477,cash withdrawal,941.28,CAD
CA00029264,2025-04-17,BR014,TLR-2494,C503198,cash deposit,1696.95,CAD
CA00031826,2025-04-10,BR026,TLR-6094,C500770,cash deposit,412.25,CAD
CA00031316,2025-04-22,BR024,TLR-5668,C500185,cash deposit,945.49,CAD
CA00027016,2025-04-28,BR002,TLR-8253,C501184,cash deposit,1090.73,CAD
CA00028916,2025-04-05,BR012,TLR-2167,C501523,cash deposit,1141.29,CAD
CA00031641,2025-04-04,BR026,TLR-7715,C500131,cash deposit,1400.03,CAD
CA00028101,2025-04-08,BR007,TLR-1146,C500777,cash deposit,2328.18,CAD
CA00032144,2025-04-15,BR028,TLR-9856,C501730,cash withdrawal,230.02,CAD
CA00030033,2025-04-18,BR017,TLR-4306,C503681,cash deposit,2797.18,CAD
CA00033177,2025-04-20,BR033,TLR-7302,C502021,cash withdrawal,248.86,CAD
CA00031557,2025-04-10,BR025,TLR-1971,C502854,cash deposit,899.13,CAD
CA00027898,2025-04-21,BR006,TLR-1629,C500699,cash deposit,913.47,CAD
CA00026842,2025-04-12,BR001,TLR-5701,C500155,cash withdrawal,909.88,CAD
CA00030267,2025-04-14,BR019,TLR-3546,C502350,cash withdrawal,1200.97,CAD
CA00033980,2025-04-28,BR037,TLR-2194,C501171,cash deposit,614.71,CAD
CA00027344,2025-04-23,BR003,TLR-6798,C503416,cash withdrawal,1255.79,CAD
CA00029463,2025-04-05,BR015,TLR-1857,C503097,cash deposit,806.83,CAD
CA00030057,2025-04-26,BR017,TLR-9902,C500781,cash deposit,1848.2,CAD
CA00035333,2025-04-11,BR040,TLR-8113,C503614,cash deposit,464.69,CAD
CA00033104,2025-04-04,BR033,TLR-9959,C501587,cash deposit,2217.18,CAD
CA00028133,2025-04-23,BR007,TLR-7844,C502406,cash withdrawal,1076.06,CAD
CA00034488,2025-04-10,BR039,TLR-2097,C502407,cash withdrawal,634.54,CAD
CA00030887,2025-04-01,BR021,TLR-9359,C502874,cash withdrawal,917.71,CAD
CA00035046,2025-04-23,BR040,TLR-5171,C502927,cash withdrawal,788.2,CAD
CA00033522,2025-04-27,BR035,TLR-7195,C503444,cash withdrawal,173.43,CAD
CA00030473,2025-04-16,BR019,TLR-1520,C502220,cash deposit,2151.57,CAD
CA00035295,2025-04-09,BR040,TLR-3716,C503420,cash withdrawal,975.43,CAD
CA00034546,2025-04-06,BR039,TLR-1402,C502001,cash withdrawal,1427.9,CAD
CA00027825,2025-04-25,BR006,TLR-2936,C503907,cash withdrawal,614.39,CAD
CA00031154,2025-04-17,BR024,TLR-5536,C503046,cash deposit,693.08,CAD
CA00029953,2025-04-08,BR017,TLR-8247,C502558,cash withdrawal,2428.94,CAD
CA00034964,2025-04-23,BR040,TLR-6262,C503443,cash deposit,1504.07,CAD
CA00034786,2025-04-27,BR040,TLR-8491,C500182,cash withdrawal,472.72,CAD
CA00030966,2025-04-15,BR022,TLR-6017,C502627,cash deposit,2578.61,CAD
CA00032145,2025-04-13,BR028,TLR-4963,C503593,cash withdrawal,3762.75,CAD
CA00033208,2025-04-21,BR034,TLR-2722,C502689,cash deposit,771.71,CAD
CA00033622,2025-04-04,BR036,TLR-7681,C501623,cash withdrawal,569.18,CAD
CA00027433,2025-04-12,BR004,TLR-7048,C502651,cash withdrawal,776.17,CAD
CA00028292,2025-04-26,BR008,TLR-9846,C503553,cash deposit,1591.67,CAD
CA00030251,2025-04-22,BR019,TLR-9403,C500057,cash deposit,1227.09,CAD
CA00028166,2025-04-04,BR007,TLR-4569,C500884,cash deposit,565.7,CAD
CA00031547,2025-04-24,BR025,TLR-1614,C500931,cash withdrawal,-1003.52,CAD
CA00028238,2025-04-16,BR008,TLR-4629,C502022,cash deposit,658.55,CAD
CA00034567,2025-04-13,BR039,TLR-8140,C501787,cash deposit,891.54,CAD
CA00027400,2025-04-22,BR004,TLR-4823,C501120,cash deposit,597.85,CAD
CA00033056,2025-04-29,BR033,TLR-3797,C500711,cash deposit,337.84,CAD
CA00031005,2025-04-01,BR022,TLR-3281,C501252,cash withdrawal,1427.59,CAD
CA00034063,2025-04-30,BR037,TLR-2911,C503592,cash deposit,1031.67,CAD
CA00027262,2025-04-30,BR003,TLR-6728,C503195,cash withdrawal,2225.73,CAD
CA00033647,2025-04-23,BR036,TLR-1048,C501424,cash withdrawal,1476.13,CAD
CA00035093,2025-04-12,BR040,TLR-2470,C503364,cash withdrawal,712.75,CAD
CA00032950,2025-04-17,BR032,TLR-9733,C502255,cash deposit,788.05,CAD
CA00031755,2025-04-29,BR026,TLR-5476,C502805,cash deposit,1298.07,CAD
CA00027587,2025-04-21,BR004,TLR-8740,C502838,cash deposit,497.84,CAD
CA00031313,2025-04-22,BR024,TLR-1425,C500784,cash withdrawal,1664.75,CAD
CA00030149,2025-04-12,BR018,TLR-7066,C500629,cash withdrawal,812.3,CAD
CA00030790,2025-04-10,BR021,TLR-5266,C502854,cash deposit,2722.96,CAD
CA00030338,2025-04-01,BR019,TLR-7137,C503203,cash withdrawal,955.05,CAD
CA00032881,2025-04-22,BR032,TLR-8671,C500127,cash withdrawal,204.47,CAD
CA00028420,2025-04-27,BR008,TLR-9759,C503622,cash withdrawal,970.16,CAD
CA00030171,2025-04-18,BR018,TLR-9347,C503591,cash withdrawal,1449.81,CAD
CA00033954,2025-04-06,BR037,TLR-5791,C501509,cash withdrawal,798.01,CAD
CA00028302,2025-04-09,BR008,TLR-9496,C501527,cash deposit,5706.9,CAD
CA00027886,2025-04-09,BR006,TLR-3005,C500983,cash deposit,747.25,CAD
CA00029140,2025-04-24,BR013,TLR-1843,C500699,cash deposit,1495.33,CAD
CA00032315,2025-04-17,BR029,TLR-1589,C503310,cash deposit,4343.97,CAD
CA00031295,2025-04-14,BR024,TLR-7138,C502655,cash deposit,1167.1,CAD
CA00035082,2025-04-02,BR040,TLR-4002,C500942,cash withdrawal,262.96,CAD
CA00034151,2025-04-11,BR037,TLR-7313,C503185,cash withdrawal,2069.56,CAD
CA00034847,2025-04-05,BR040,TLR-1370,C502262,cash withdrawal,1108.3,CAD
CA00029038,2025-04-16,BR012,TLR-1473,C503821,cash withdrawal,1936.49,CAD
CA00032842,2025-04-02,BR031,TLR-1864,C502081,cash withdrawal,755.77,CAD
CA00035071,2025-04-22,BR040,TLR-6533,C500332,cash withdrawal,698.97,CAD
CA00026899,2025-04-19,BR002,TLR-1704,C502485,cash withdrawal,-1477.68,CAD
CA00030925,2025-04-25,BR021,TLR-1684,C502665,cash deposit,386.06,CAD
CA00028673,2025-04-26,BR010,TLR-9109,C503524,cash deposit,495.1,CAD
CA00027443,2025-04-14,BR004,TLR-6018,C501600,cash deposit,1158.22,CAD
CA00027123,2025-04-26,BR003,TLR-8599,C502295,cash deposit,4026.09,CAD
CA00029625,2025-04-26,BR015,TLR-1919,C500735,cash withdrawal,3128.55,CAD
CA00032342,2025-04-07,BR030,TLR-4639,C501497,cash deposit,1075.68,CAD
CA00031979,2025-04-06,BR027,TLR-5278,C502795,cash withdrawal,825.33,CAD
CA00032851,2025-04-03,BR031,TLR-8659,C501512,cash withdrawal,1065.73,CAD
CA00030906,2025-04-27,BR021,TLR-1188,C500191,cash deposit,761.67,CAD
CA00029900,2025-04-14,BR017,TLR-8981,C503914,cash withdrawal,519.22,CAD
CA00031081,2025-04-21,BR023,TLR-9749,C503789,cash deposit,1707.22,CAD
CA00030350,2025-04-23,BR019,TLR-9365,C502294,cash deposit,2371.71,CAD
CA00031942,2025-04-21,BR027,TLR-4053,C502783,cash deposit,661.08,CAD
CA00034202,2025-04-17,BR038,TLR-7733,C502293,cash deposit,1476.47,CAD
CA00029504,2025-04-13,BR015,TLR-4591,C503629,cash deposit,1309.48,CAD
CA00031852,2025-04-09,BR026,TLR-7687,C502505,cash withdrawal,-1476.82,CAD
CA00029605,2025-04-28,BR015,TLR-8646,C500769,cash deposit,1418.76,CAD
CA00028996,2025-04-08,BR012,TLR-6591,C500355,cash withdrawal,2159.05,CAD
CA00028228,2025-04-02,BR008,TLR-3330,C501941,cash deposit,2286.99,CAD
CA00028622,2025-04-01,BR010,TLR-4701,C502453,cash deposit,1085.28,CAD
CA00027132,2025-04-22,BR003,TLR-9697,C502224,cash deposit,1563.19,CAD
CA00030961,2025-04-28,BR022,TLR-3038,C501953,cash deposit,706.89,CAD
CA00027675,2025-04-05,BR005,TLR-3222,C500129,cash deposit,1272.77,CAD
CA00031765,2025-04-21,BR026,TLR-8014,C500460,cash withdrawal,-914.18,CAD
CA00031333,2025-04-14,BR024,TLR-5321,C503524,cash deposit,247.98,CAD
CA00027336,2025-04-25,BR003,TLR-4499,C503047,cash deposit,742.65,CAD
CA00034072,2025-04-23,BR037,TLR-3604,C501160,cash withdrawal,521.15,CAD
CA00032081,2025-04-23,BR028,TLR-6625,C501926,cash deposit,656.8,CAD
CA00033037,2025-04-28,BR033,TLR-6001,C500317,cash withdrawal,768.17,CAD
CA00028230,2025-04-21,BR008,TLR-9040,C503764,cash deposit,1068.09,CAD
CA00029056,2025-04-30,BR012,TLR-4497,C500701,cash deposit,3958.81,CAD
CA00027865,2025-04-12,BR006,TLR-2441,C500897,cash withdrawal,569.13,CAD
CA00030126,2025-04-18,BR018,TLR-4230,C500901,cash withdrawal,818.34,CAD
CA00029606,2025-04-29,BR015,TLR-7681,C500789,cash deposit,2386.7,CAD
CA00034146,2025-04-09,BR037,TLR-8735,C501610,cash withdrawal,521.8,CAD
CA00027672,2025-04-18,BR005,TLR-2781,C500441,cash deposit,1516.94,CAD
CA00027255,2025-04-18,BR003,TLR-4579,C502965,cash deposit,2325.23,CAD
CA00032041,2025-04-07,BR027,TLR-2069,C501631,cash withdrawal,9211.03,CAD
CA00028680,2025-04-18,BR010,TLR-9271,C501331,cash withdrawal,1024.67,CAD
CA00030071,2025-04-18,BR017,TLR-9514,C501673,cash deposit,609.61,CAD
CA00034971,2025-04-07,BR040,TLR-9486,C501159,cash deposit,672.24,CAD
CA00029947,2025-04-27,BR017,TLR-6544,C501927,cash withdrawal,800.11,CAD
CA00028273,2025-04-05,BR008,TLR-3017,C502085,cash withdrawal,1631.65,CAD
CA00032367,2025-04-09,BR030,TLR-1323,C502476,cash withdrawal,3685.24,CAD
CA00034896,2025-04-19,BR040,TLR-3155,C500456,cash withdrawal,1283.13,CAD
CA00029249,2025-04-04,BR014,TLR-5137,C501661,cash deposit,3974.96,CAD
CA00033854,2025-04-04,BR036,TLR-1539,C503050,cash deposit,1948.67,CAD
CA00029549,2025-04-26,BR015,TLR-7351,C503525,cash withdrawal,297.36,CAD
CA00026885,2025-04-17,BR001,TLR-2802,C501155,cash withdrawal,1615.73,CAD
CA00030777,2025-04-15,BR021,TLR-8195,C503382,cash deposit,1127.51,CAD
CA00033048,2025-04-11,BR033,TLR-4251,C501898,cash deposit,6957.79,CAD
CA00034646,2025-04-09,BR040,TLR-4209,C501393,cash deposit,446.38,CAD
CA00027367,2025-04-04,BR004,TLR-1606,C500699,cash withdrawal,967.03,CAD
CA00031858,2025-04-11,BR026,TLR-4696,C501861,cash withdrawal,-7202.86,CAD
CA00031017,2025-04-17,BR022,TLR-2903,C503317,cash withdrawal,1068.89,CAD
CA00032634,2025-04-05,BR031,TLR-5267,C503937,cash deposit,981.66,CAD
CA00034288,2025-04-04,BR038,TLR-6657,C500037,cash deposit,766.92,CAD
CA00034929,2025-04-23,BR040,TLR-5912,C502729,cash deposit,743.66,CAD
CA00032039,2025-04-15,BR027,TLR-3979,C503648,cash withdrawal,9255.43,CAD
CA00033651,2025-04-30,BR036,TLR-1168,C501607,cash withdrawal,3611.61,CAD
CA00030668,2025-04-19,BR020,TLR-2309,C501014,cash deposit,2174.21,USD
CA00033054,2025-04-28,BR033,TLR-7956,C500475,cash withdrawal,1432.74,CAD
CA00031888,2025-04-03,BR027,TLR-7239,C503857,cash withdrawal,664.77,CAD
CA00031118,2025-04-16,BR023,TLR-5449,C503868,cash deposit,1392.73,CAD
CA00031201,2025-04-23,BR024,TLR-1943,C502341,cash deposit,2193.32,CAD
CA00030390,2025-04-15,BR019,TLR-4149,C501120,cash deposit,1539.13,CAD
CA00031396,2025-04-16,BR024,TLR-4521,C503594,cash deposit,4828.26,CAD
CA00035057,2025-04-10,BR040,TLR-2937,C503215,cash withdrawal,743.09,CAD
CA00029426,2025-04-06,BR015,TLR-7831,C502525,cash deposit,1266.42,CAD
CA00032916,2025-04-17,BR032,TLR-7521,C502985,cash withdrawal,667.45,CAD
CA00032997,2025-04-07,BR032,TLR-4575,C501512,cash deposit,223.49,CAD
CA00028269,2025-04-15,BR008,TLR-7171,C501312,cash deposit,2913.64,CAD
CA00031450,2025-04-09,BR025,TLR-2629,C500903,cash deposit,1007.27,CAD
CA00029314,2025-04-25,BR014,TLR-8176,C500024,cash withdrawal,524.2,CAD
CA00032022,2025-04-18,BR027,TLR-7320,C500661,cash withdrawal,1006.14,CAD
CA00028432,2025-04-06,BR008,TLR-1017,C500877,cash withdrawal,1758.27,CAD
CA00029562,2025-04-27,BR015,TLR-8678,C502767,cash withdrawal,484.36,CAD
CA00032666,2025-04-18,BR031,TLR-3523,C502435,cash deposit,410.91,CAD
CA00028254,2025-04-14,BR008,TLR-9392,C503600,cash withdrawal,1282.02,CAD
CA00027065,2025-04-21,BR002,TLR-3765,C502557,cash deposit,2538.89,CAD
CA00031713,2025-04-28,BR026,TLR-1899,C502624,cash deposit,936.3,CAD
CA00027469,2025-04-06,BR004,TLR-4943,C501343,cash deposit,872.47,CAD
CA00030275,2025-04-24,BR019,TLR-9289,C502223,cash withdrawal,873.2,CAD
CA00030647,2025-04-22,BR020,TLR-2322,C502489,cash withdrawal,657.05,USD
CA00027077,2025-04-02,BR002,TLR-8358,C503428,cash withdrawal,-431.93,CAD
CA00029649,2025-04-19,BR015,TLR-5428,C500662,cash deposit,1830.26,CAD
CA00029487,2025-04-28,BR015,TLR-8239,C502737,cash withdrawal,678.11,CAD
CA00028286,2025-04-03,BR008,TLR-9868,C502131,cash withdrawal,1341.52,CAD
CA00027220,2025-04-10,BR003,TLR-2722,C501539,cash withdrawal,1290.73,CAD
CA00026927,2025-04-19,BR002,TLR-1489,C503929,cash withdrawal,-1751.28,CAD
CA00028182,2025-04-06,BR007,TLR-6029,C500185,cash withdrawal,1703.95,CAD
CA00027465,2025-04-06,BR004,TLR-2154,C503031,cash deposit,1971.98,CAD
CA00030454,2025-04-17,BR019,TLR-1628,C501230,cash withdrawal,1046.77,CAD
CA00028774,2025-04-20,BR010,TLR-1163,C503381,cash withdrawal,728.48,CAD
CA00028469,2025-04-25,BR009,TLR-4844,C503050,cash withdrawal,754.91,CAD
CA00028161,2025-04-14,BR007,TLR-4204,C500023,cash withdrawal,211.12,CAD
CA00031447,2025-04-27,BR025,TLR-2249,C502762,cash deposit,1621.68,CAD
CA00034861,2025-04-27,BR040,TLR-2687,C500844,cash withdrawal,4983.99,CAD
CA00032313,2025-04-08,BR029,TLR-9183,C503279,cash deposit,737.84,CAD
CA00034577,2025-04-14,BR039,TLR-3085,C502211,cash withdrawal,574.17,CAD
CA00032365,2025-04-05,BR030,TLR-7131,C502476,cash deposit,827.73,CAD
CA00029717,2025-04-25,BR016,TLR-1122,C500288,cash deposit,4225.41,CAD
CA00026952,2025-04-30,BR002,TLR-3981,C502979,cash withdrawal,-2200.41,CAD
CA00034839,2025-04-08,BR040,TLR-2489,C501990,cash deposit,1155.26,CAD
CA00028856,2025-04-19,BR012,TLR-7125,C503577,cash withdrawal,3936.71,CAD
CA00030301,2025-04-07,BR019,TLR-9033,C501754,cash deposit,1053.19,CAD
CA00028324,2025-04-26,BR008,TLR-6070,C503506,cash deposit,1041.26,CAD
CA00030522,2025-04-09,BR019,TLR-5327,C502454,cash deposit,611.75,CAD
CA00031908,2025-04-07,BR027,TLR-2348,C501192,cash withdrawal,676.26,CAD
CA00029269,2025-04-05,BR014,TLR-3493,C502121,cash withdrawal,734.88,CAD
CA00032079,2025-04-10,BR028,TLR-6493,C502123,cash withdrawal,1556.66,CAD
CA00028900,2025-04-02,BR012,TLR-1492,C502565,cash withdrawal,2337.95,CAD
CA00031975,2025-04-16,BR027,TLR-1069,C500123,cash withdrawal,1031.89,CAD
CA00035097,2025-04-13,BR040,TLR-9974,C501622,cash withdrawal,167.82,CAD
CA00031720,2025-04-29,BR026,TLR-2527,C503112,cash withdrawal,-519.0,CAD
CA00028194,2025-04-08,BR007,TLR-3656,C503335,cash deposit,2543.88,CAD
CA00032490,2025-04-04,BR030,TLR-9386,C503212,cash deposit,623.75,CAD
CA00027673,2025-04-05,BR005,TLR-8135,C502607,cash deposit,991.39,CAD
CA00031220,2025-04-10,BR024,TLR-2239,C500736,cash withdrawal,743.55,CAD
CA00027674,2025-04-23,BR005,TLR-2530,C503940,cash withdrawal,1514.03,CAD
CA00026633,2025-04-22,BR001,TLR-1282,C502610,cash deposit,895.21,CAD
CA00029164,2025-04-19,BR013,TLR-9859,C502281,cash withdrawal,2895.32,CAD
CA00031035,2025-04-28,BR023,TLR-7985,C501961,cash deposit,1831.23,CAD
CA00029962,2025-04-29,BR017,TLR-2474,C500920,cash withdrawal,1471.07,CAD
CA00032587,2025-04-23,BR030,TLR-3554,C500809,cash withdrawal,906.48,CAD
CA00033999,2025-04-07,BR037,TLR-5017,C502643,cash withdrawal,2455.1,CAD
CA00033684,2025-04-28,BR036,TLR-4640,C500808,cash deposit,586.0,CAD
CA00026857,2025-04-13,BR001,TLR-7958,C500649,cash deposit,2271.66,CAD
CA00030468,2025-04-03,BR019,TLR-5918,C501109,cash deposit,605.6,CAD
CA00028797,2025-04-12,BR011,TLR-1471,C500642,cash deposit,1609.09,CAD
CA00032373,2025-04-18,BR030,TLR-3714,C503075,cash withdrawal,1988.59,CAD
CA00027726,2025-04-24,BR006,TLR-9511,C500237,cash withdrawal,1239.99,CAD
CA00030066,2025-04-11,BR017,TLR-9090,C501122,cash deposit,856.28,CAD
CA00030100,2025-04-12,BR017,TLR-3307,C503187,cash deposit,918.49,CAD
CA00026625,2025-04-15,BR001,TLR-6192,C502335,cash deposit,1267.31,CAD
CA00033770,2025-04-08,BR036,TLR-3933,C502122,cash withdrawal,2154.34,CAD
CA00033916,2025-04-11,BR037,TLR-2422,C502943,cash withdrawal,1774.17,CAD
CA00032921,2025-04-15,BR032,TLR-4076,C502415,cash withdrawal,839.91,CAD
CA00030435,2025-04-13,BR019,TLR-7885,C503919,cash withdrawal,1480.07,CAD
CA00032519,2025-04-24,BR030,TLR-7305,C502205,cash withdrawal,427.51,CAD
CA00026849,2025-04-13,BR001,TLR-2378,C502243,cash withdrawal,2073.95,CAD
CA00029817,2025-04-21,BR016,TLR-8310,C502827,cash deposit,316.77,CAD
CA00027584,2025-04-28,BR004,TLR-1447,C501408,cash deposit,349.34,CAD
CA00032855,2025-04-07,BR031,TLR-9813,C503652,cash deposit,959.47,CAD
CA00027881,2025-04-21,BR006,TLR-2126,C501681,cash deposit,2149.15,CAD
CA00033227,2025-04-30,BR034,TLR-9543,C503087,cash deposit,1778.27,CAD
CA00026801,2025-04-12,BR001,TLR-2297,C501419,cash withdrawal,1302.02,CAD
CA00033076,2025-04-15,BR033,TLR-3324,C502476,cash deposit,1426.84,CAD
CA00032294,2025-04-08,BR029,TLR-9205,C502851,cash withdrawal,547.56,CAD
CA00032651,2025-04-14,BR031,TLR-7214,C500958,cash deposit,778.07,CAD
CA00035370,2025-04-29,BR040,TLR-8993,C502439,cash withdrawal,1968.15,CAD
CA00034732,2025-04-29,BR040,TLR-5039,C501287,cash deposit,1100.42,CAD
CA00034294,2025-04-23,BR038,TLR-7534,C503047,cash deposit,10458.41,CAD
CA00028534,2025-04-04,BR009,TLR-8355,C500724,cash deposit,2601.76,CAD
CA00026599,2025-04-23,BR001,TLR-2272,C502286,cash deposit,825.83,CAD
CA00026582,2025-04-29,BR001,TLR-9836,C500187,cash deposit,2688.53,CAD
CA00028783,2025-04-15,BR011,TLR-9842,C500588,cash withdrawal,977.85,CAD
CA00030039,2025-04-07,BR017,TLR-4854,C500145,cash withdrawal,607.61,CAD
CA00029582,2025-04-20,BR015,TLR-2359,C502470,cash withdrawal,996.73,CAD
CA00035405,2025-04-14,BR040,TLR-3805,C501263,cash deposit,204.8,CAD
CA00034132,2025-04-24,BR037,TLR-7704,C501166,cash deposit,1146.62,CAD
CA00035239,2025-04-09,BR040,TLR-3130,C503653,cash deposit,593.83,CAD
CA00028445,2025-04-14,BR008,TLR-5445,C500916,cash deposit,351.53,CAD
CA00034140,2025-04-05,BR037,TLR-6448,C502900,cash deposit,4249.05,CAD
CA00028505,2025-04-03,BR009,TLR-5556,C503821,cash withdrawal,590.58,CAD
CA00034207,2025-04-10,BR038,TLR-2837,C503961,cash withdrawal,1919.86,CAD
CA00033069,2025-04-07,BR033,TLR-1932,C502372,cash deposit,1894.05,CAD
CA00034094,2025-04-14,BR037,TLR-6872,C503751,cash withdrawal,569.41,CAD
CA00029206,2025-04-17,BR014,TLR-3900,C501167,cash deposit,3205.01,CAD
CA00030429,2025-04-12,BR019,TLR-8000,C500780,cash deposit,395.29,CAD
CA00032572,2025-04-08,BR030,TLR-2680,C502707,cash deposit,752.82,CAD
CA00026964,2025-04-03,BR002,TLR-5296,C503163,cash withdrawal,-634.18,CAD
CA00027057,2025-04-01,BR002,TLR-7486,C501288,cash withdrawal,-1853.73,CAD
CA00030303,2025-04-10,BR019,TLR-9425,C502006,cash withdrawal,353.57,CAD
CA00034910,2025-04-01,BR040,TLR-3963,C502314,cash withdrawal,1733.85,CAD
CA00030152,2025-04-16,BR018,TLR-9405,C503700,cash deposit,1020.42,CAD
CA00026960,2025-04-19,BR002,TLR-8447,C500260,cash withdrawal,-298.44,CAD
CA00033787,2025-04-08,BR036,TLR-1764,C502553,cash withdrawal,511.66,CAD
CA00027941,2025-04-28,BR006,TLR-5557,C503714,cash withdrawal,6349.24,CAD
CA00033940,2025-04-29,BR037,TLR-1253,C500728,cash withdrawal,1593.85,CAD
CA00031375,2025-04-08,BR024,TLR-8287,C501936,cash deposit,929.42,CAD
CA00026925,2025-04-09,BR002,TLR-3668,C501058,cash deposit,1139.57,CAD
CA00033268,2025-04-22,BR034,TLR-9028,C502650,cash deposit,848.48,CAD
CA00026636,2025-04-22,BR001,TLR-1483,C500433,cash deposit,1014.98,CAD
CA00030327,2025-04-03,BR019,TLR-5397,C500074,cash withdrawal,612.85,CAD
CA00028037,2025-04-05,BR007,TLR-6565,C503763,cash deposit,1058.38,CAD
CA00028600,2025-04-19,BR010,TLR-7894,C501444,cash deposit,865.28,CAD
CA00029924,2025-04-24,BR017,TLR-3944,C503658,cash withdrawal,363.2,CAD
CA00026877,2025-04-04,BR001,TLR-7577,C500745,cash withdrawal,2059.67,CAD
CA00028870,2025-04-07,BR012,TLR-3243,C503433,cash deposit,1405.78,CAD
CA00029870,2025-04-12,BR016,TLR-9514,C501117,cash withdrawal,288.75,CAD
CA00026970,2025-04-15,BR002,TLR-3791,C503627,cash withdrawal,-1308.37,CAD
CA00035080,2025-04-25,BR040,TLR-1894,C503630,cash deposit,1415.34,CAD
CA00026635,2025-04-26,BR001,TLR-2473,C502056,cash deposit,2364.87,CAD
CA00034213,2025-04-06,BR038,TLR-6016,C501462,cash deposit,366.97,CAD
CA00032340,2025-04-10,BR030,TLR-9581,C500528,cash deposit,1641.35,CAD
CA00034443,2025-04-29,BR039,TLR-7653,C500847,cash deposit,1624.01,CAD
CA00032728,2025-04-26,BR031,TLR-5496,C503559,cash deposit,1200.81,CAD
CA00026747,2025-04-28,BR001,TLR-6986,C503004,cash deposit,2155.77,CAD
CA00034171,2025-04-09,BR037,TLR-2450,C500314,cash withdrawal,519.77,CAD
CA00033471,2025-04-21,BR035,TLR-2810,C502003,cash deposit,1794.88,CAD
CA00027049,2025-04-18,BR002,TLR-4969,C502857,cash withdrawal,-546.34,CAD
CA00027087,2025-04-18,BR002,TLR-8424,C501021,cash deposit,2033.69,CAD
CA00034597,2025-04-05,BR039,TLR-3597,C503512,cash deposit,1004.13,CAD
CA00034170,2025-04-10,BR037,TLR-9160,C502623,cash deposit,518.24,CAD
CA00029238,2025-04-27,BR014,TLR-8855,C500562,cash withdrawal,3515.12,CAD
CA00034341,2025-04-19,BR038,TLR-4234,C502954,cash deposit,1007.72,CAD
CA00032110,2025-04-27,BR028,TLR-5308,C500111,cash withdrawal,1489.63,CAD
CA00033260,2025-04-22,BR034,TLR-2047,C503228,cash deposit,1942.77,CAD
CA00034120,2025-04-13,BR037,TLR-8679,C501008,cash withdrawal,695.6,CAD
CA00032847,2025-04-21,BR031,TLR-4922,C503037,cash withdrawal,1046.94,CAD
CA00032672,2025-04-14,BR031,TLR-1780,C502086,cash withdrawal,356.81,CAD
CA00029010,2025-04-18,BR012,TLR-1397,C501719,cash withdrawal,967.13,CAD
CA00035286,2025-04-17,BR040,TLR-3906,C500362,cash deposit,3213.93,CAD
CA00032405,2025-04-04,BR030,TLR-7750,C503780,cash deposit,1701.36,CAD
CA00034592,2025-04-08,BR039,TLR-2357,C502899,cash withdrawal,2003.09,CAD
CA00026811,2025-04-11,BR001,TLR-2976,C503200,cash withdrawal,2936.85,CAD
CA00030341,2025-04-03,BR019,TLR-3550,C503143,cash withdrawal,1630.8,CAD
CA00029871,2025-04-18,BR016,TLR-2168,C500057,cash withdrawal,301.05,CAD
CA00032091,2025-04-01,BR028,TLR-2087,C500415,cash deposit,1440.28,CAD
CA00032233,2025-04-19,BR029,TLR-7615,C502544,cash deposit,946.34,CAD
CA00034078,2025-04-08,BR037,TLR-9243,C502831,cash withdrawal,2197.38,CAD
CA00033867,2025-04-06,BR036,TLR-6438,C502038,cash withdrawal,422.55,CAD
CA00034106,2025-04-06,BR037,TLR-7248,C501334,cash withdrawal,1344.53,CAD
CA00029923,2025-04-23,BR017,TLR-8874,C502998,cash withdrawal,930.52,CAD
CA00028401,2025-04-25,BR008,TLR-8006,C501940,cash withdrawal,1842.51,CAD
CA00030964,2025-04-26,BR022,TLR-1173,C502458,cash deposit,950.13,CAD
CA00033871,2025-04-04,BR036,TLR-3934,C501589,cash deposit,552.43,CAD
CA00027960,2025-04-24,BR006,TLR-1591,C503555,cash withdrawal,1275.48,CAD
CA00032225,2025-04-10,BR029,TLR-9784,C502211,cash withdrawal,791.75,CAD
CA00035116,2025-04-13,BR040,TLR-9969,C503299,cash deposit,1786.0,CAD
CA00027915,2025-04-22,BR006,TLR-6832,C502091,cash deposit,1373.65,CAD
CA00034309,2025-04-20,BR038,TLR-5929,C501629,cash withdrawal,873.05,CAD
CA00028662,2025-04-03,BR010,TLR-5671,C501548,cash deposit,120.91,CAD
CA00033880,2025-04-09,BR036,TLR-3037,C500070,cash withdrawal,906.54,CAD
CA00034045,2025-04-24,BR037,TLR-8926,C501141,cash withdrawal,1003.8,CAD
CA00027120,2025-04-03,BR003,TLR-3180,C503832,cash deposit,581.5,CAD
CA00031019,2025-04-19,BR022,TLR-2107,C500308,cash deposit,590.44,CAD
CA00029744,2025-04-14,BR016,TLR-1724,C503342,cash withdrawal,1226.45,CAD
CA00033078,2025-04-13,BR033,TLR-2694,C500406,cash deposit,805.95,CAD
CA00035285,2025-04-23,BR040,TLR-7373,C500232,cash withdrawal,770.04,CAD
CA00029716,2025-04-21,BR016,TLR-6570,C501951,cash withdrawal,1189.83,CAD
CA00032408,2025-04-13,BR030,TLR-7404,C503056,cash withdrawal,797.69,CAD
CA00026581,2025-04-30,BR001,TLR-7475,C502601,cash deposit,2633.92,CAD
CA00034960,2025-04-01,BR040,TLR-8463,C502312,cash deposit,461.87,CAD
CA00034676,2025-04-10,BR040,TLR-5781,C500895,cash deposit,1678.68,CAD
CA00027982,2025-04-20,BR007,TLR-4216,C501899,cash deposit,795.67,CAD
CA00028718,2025-04-15,BR010,TLR-1817,C503501,cash deposit,744.02,CAD
CA00034775,2025-04-12,BR040,TLR-4984,C503494,cash deposit,984.09,CAD
CA00029735,2025-04-06,BR016,TLR-6150,C500119,cash withdrawal,2324.3,CAD
CA00027583,2025-04-15,BR004,TLR-6517,C501040,cash withdrawal,1282.08,CAD
CA00026937,2025-04-18,BR002,TLR-6657,C501657,cash deposit,749.4,CAD
CA00029375,2025-04-21,BR014,TLR-1618,C502000,cash withdrawal,2641.45,CAD
CA00034991,2025-04-06,BR040,TLR-7591,C501599,cash withdrawal,342.25,CAD
CA00035240,2025-04-14,BR040,TLR-7282,C502137,cash withdrawal,928.56,CAD
CA00027922,2025-04-19,BR006,TLR-7182,C502241,cash deposit,414.03,CAD
CA00030373,2025-04-05,BR019,TLR-2061,C501474,cash deposit,877.6,CAD
CA00030516,2025-04-16,BR019,TLR-5734,C501405,cash deposit,705.37,CAD
CA00034606,2025-04-07,BR040,TLR-1045,C501907,cash withdrawal,1804.06,CAD
CA00026673,2025-04-16,BR001,TLR-4905,C503293,cash withdrawal,1697.57,CAD
CA00031691,2025-04-24,BR026,TLR-6437,C500209,cash withdrawal,-2646.91,CAD
CA00034590,2025-04-15,BR039,TLR-5875,C501617,cash deposit,653.09,CAD
CA00028517,2025-04-16,BR009,TLR-8389,C502542,cash withdrawal,675.26,CAD
CA00027464,2025-04-14,BR004,TLR-3589,C500283,cash deposit,818.62,CAD
CA00032333,2025-04-23,BR030,TLR-7282,C503658,cash withdrawal,962.9,CAD
CA00032668,2025-04-05,BR031,TLR-6435,C502070,cash withdrawal,937.22,CAD
CA00030088,2025-04-17,BR017,TLR-8495,C500241,cash deposit,405.58,CAD
CA00028827,2025-04-04,BR011,TLR-2718,C502521,cash deposit,465.24,CAD
CA00030847,2025-04-02,BR021,TLR-7004,C500893,cash withdrawal,1734.23,CAD
CA00030271,2025-04-26,BR019,TLR-9992,C500795,cash withdrawal,333.3,CAD
CA00032399,2025-04-08,BR030,TLR-2918,C501966,cash withdrawal,129.31,CAD
CA00028267,2025-04-22,BR008,TLR-1691,C500278,cash deposit,124.75,CAD
CA00030829,2025-04-20,BR021,TLR-2946,C503103,cash deposit,5734.67,CAD
CA00034283,2025-04-01,BR038,TLR-8051,C501935,cash withdrawal,470.79,CAD
CA00028339,2025-04-06,BR008,TLR-6680,C501153,cash withdrawal,1712.12,CAD
CA00034635,2025-04-26,BR040,TLR-2392,C502810,cash withdrawal,2710.97,CAD
CA00033827,2025-04-26,BR036,TLR-9772,C502532,cash deposit,1103.54,CAD
CA00030377,2025-04-09,BR019,TLR-6961,C503060,cash withdrawal,1133.09,CAD
CA00031843,2025-04-12,BR026,TLR-2398,C502792,cash deposit,1291.62,CAD
CA00034622,2025-04-14,BR040,TLR-3031,C503430,cash withdrawal,1101.42,CAD
CA00033550,2025-04-14,BR035,TLR-5832,C502604,cash deposit,612.04,CAD
CA00030499,2025-04-15,BR019,TLR-1839,C502439,cash withdrawal,1320.08,CAD
CA00031964,2025-04-02,BR027,TLR-2273,C500598,cash withdrawal,1052.7,CAD
CA00031738,2025-04-30,BR026,TLR-1536,C502886,cash deposit,912.77,CAD
CA00034337,2025-04-26,BR038,TLR-1909,C500062,cash withdrawal,2012.98,CAD
CA00029644,2025-04-15,BR015,TLR-1848,C502423,cash withdrawal,1190.46,CAD
CA00034466,2025-04-25,BR039,TLR-2790,C502428,cash withdrawal,1694.42,CAD
CA00027137,2025-04-07,BR003,TLR-8774,C501671,cash withdrawal,675.75,CAD
CA00031404,2025-04-09,BR024,TLR-6077,C503893,cash deposit,1452.55,CAD
CA00028236,2025-04-10,BR008,TLR-4772,C501470,cash deposit,2462.5,CAD
CA00030805,2025-04-27,BR021,TLR-9519,C501993,cash withdrawal,705.1,CAD
CA00028467,2025-04-13,BR009,TLR-4012,C503082,cash deposit,1263.46,CAD
CA00032493,2025-04-22,BR030,TLR-8526,C501031,cash deposit,848.36,CAD
CA00031037,2025-04-02,BR023,TLR-8277,C500535,cash deposit,343.74,CAD
CA00033630,2025-04-24,BR036,TLR-8390,C500528,cash deposit,901.72,CAD
CA00029836,2025-04-23,BR016,TLR-7663,C502359,cash withdrawal,525.0,CAD
CA00027772,2025-04-07,BR006,TLR-7800,C501377,cash withdrawal,1318.73,CAD
CA00028405,2025-04-03,BR008,TLR-4039,C502353,cash withdrawal,943.35,CAD
CA00034165,2025-04-01,BR037,TLR-2848,C503903,cash deposit,216.06,CAD
CA00029541,2025-04-19,BR015,TLR-6752,C500429,cash withdrawal,978.77,CAD
CA00033828,2025-04-30,BR036,TLR-8137,C500664,cash deposit,999.59,CAD
CA00033749,2025-04-25,BR036,TLR-5149,C501779,cash withdrawal,4367.54,CAD
CA00032834,2025-04-05,BR031,TLR-3577,C502673,cash withdrawal,1589.29,CAD
CA00030715,2025-04-29,BR020,TLR-6507,C503501,cash deposit,912.63,USD
CA00031203,2025-04-22,BR024,TLR-1481,C501278,cash deposit,952.22,CAD
CA00033074,2025-04-16,BR033,TLR-6347,C501594,cash withdrawal,373.83,CAD
CA00033186,2025-04-05,BR034,TLR-9144,C503778,cash deposit,2931.2,CAD
CA00033075,2025-04-30,BR033,TLR-8401,C501549,cash withdrawal,893.34,CAD
CA00029601,2025-04-15,BR015,TLR-4148,C503652,cash deposit,1425.25,CAD
CA00034800,2025-04-15,BR040,TLR-6499,C502452,cash deposit,578.82,CAD
CA00033223,2025-04-10,BR034,TLR-4550,C502733,cash withdrawal,1227.81,CAD
CA00030297,2025-04-03,BR019,TLR-9451,C502174,cash withdrawal,505.09,CAD
CA00030112,2025-04-14,BR017,TLR-2363,C502624,cash withdrawal,441.12,CAD
CA00030593,2025-04-06,BR019,TLR-8989,C501001,cash withdrawal,1350.42,CAD
CA00034194,2025-04-18,BR038,TLR-2874,C503432,cash deposit,1124.92,CAD
CA00028159,2025-04-17,BR007,TLR-2143,C500966,cash withdrawal,438.62,CAD
CA00033658,2025-04-20,BR036,TLR-3119,C502430,cash deposit,2759.14,CAD
CA00033165,2025-04-22,BR033,TLR-7709,C500439,cash withdrawal,1168.93,CAD
CA00032621,2025-04-11,BR031,TLR-3774,C502687,cash deposit,1085.74,CAD
CA00034737,2025-04-13,BR040,TLR-3466,C503005,cash withdrawal,1145.1,CAD
CA00035247,2025-04-13,BR040,TLR-4405,C503966,cash deposit,1015.75,CAD
CA00035136,2025-04-02,BR040,TLR-6377,C501749,cash deposit,1222.17,CAD
CA00033257,2025-04-10,BR034,TLR-4616,C503195,cash deposit,4406.87,CAD
CA00027413,2025-04-22,BR004,TLR-5581,C503535,cash deposit,1960.87,CAD
CA00028016,2025-04-06,BR007,TLR-9462,C503947,cash withdrawal,859.17,CAD
CA00033340,2025-04-21,BR034,TLR-9663,C503378,cash deposit,1041.1,CAD
CA00030793,2025-04-11,BR021,TLR-3901,C501201,cash withdrawal,2945.03,CAD
CA00033756,2025-04-19,BR036,TLR-7617,C500416,cash deposit,920.63,CAD
CA00028818,2025-04-07,BR011,TLR-8675,C503568,cash withdrawal,1672.18,CAD
CA00031758,2025-04-04,BR026,TLR-7601,C500342,cash deposit,1487.11,CAD
CA00030754,2025-04-13,BR020,TLR-3198,C500912,cash withdrawal,417.77,USD
CA00029279,2025-04-30,BR014,TLR-9160,C501144,cash deposit,284.91,CAD
CA00029691,2025-04-06,BR016,TLR-3414,C502954,cash deposit,859.09,CAD
CA00027122,2025-04-19,BR003,TLR-1602,C503616,cash deposit,890.95,CAD
CA00030419,2025-04-27,BR019,TLR-6804,C501739,cash deposit,625.16,CAD
CA00031708,2025-04-13,BR026,TLR-5534,C503805,cash withdrawal,-144.77,CAD
CA00028395,2025-04-20,BR008,TLR-9018,C502465,cash withdrawal,640.91,CAD
CA00029813,2025-04-07,BR016,TLR-1370,C503001,cash withdrawal,634.36,CAD
CA00031812,2025-04-13,BR026,TLR-6348,C500633,cash withdrawal,-511.78,CAD
CA00027493,2025-04-20,BR004,TLR-1480,C502972,cash withdrawal,506.41,CAD
CA00031614,2025-04-14,BR026,TLR-1631,C502744,cash withdrawal,-1272.7,CAD
CA00029752,2025-04-07,BR016,TLR-7724,C503195,cash withdrawal,575.19,CAD
CA00029618,2025-04-29,BR015,TLR-8025,C501037,cash withdrawal,541.1,CAD
CA00034889,2025-04-16,BR040,TLR-7475,C502673,cash withdrawal,984.41,CAD
CA00032301,2025-04-06,BR029,TLR-7842,C503245,cash withdrawal,499.06,CAD
CA00032168,2025-04-18,BR028,TLR-2064,C501748,cash withdrawal,937.5,CAD
CA00029090,2025-04-15,BR013,TLR-5223,C502632,cash deposit,2625.96,CAD
CA00027461,2025-04-01,BR004,TLR-1311,C501240,cash withdrawal,308.28,CAD
CA00032394,2025-04-29,BR030,TLR-4151,C501865,cash deposit,3764.53,CAD
CA00034616,2025-04-01,BR040,TLR-8325,C502968,cash withdrawal,1180.7,CAD
CA00028364,2025-04-25,BR008,TLR-9915,C501130,cash withdrawal,704.49,CAD
CA00033691,2025-04-13,BR036,TLR-3396,C501755,cash deposit,1027.7,CAD
CA00026792,2025-04-05,BR001,TLR-8063,C502641,cash withdrawal,1151.09,CAD
CA00033398,2025-04-09,BR035,TLR-4740,C501916,cash deposit,1153.51,CAD
CA00029104,2025-04-18,BR013,TLR-6711,C501244,cash withdrawal,308.29,CAD
CA00032675,2025-04-24,BR031,TLR-5628,C500953,cash deposit,498.48,CAD
CA00028995,2025-04-01,BR012,TLR-3986,C500295,cash deposit,205.5,CAD
CA00026692,2025-04-29,BR001,TLR-2380,C502766,cash withdrawal,3479.01,CAD
CA00033878,2025-04-16,BR036,TLR-6723,C501576,cash deposit,705.98,CAD
CA00028947,2025-04-09,BR012,TLR-5298,C503101,cash withdrawal,687.57,CAD
CA00030581,2025-04-04,BR019,TLR-2666,C502698,cash deposit,1973.16,CAD
CA00030592,2025-04-16,BR019,TLR-5300,C502635,cash deposit,1601.77,CAD
CA00028367,2025-04-25,BR008,TLR-8002,C503478,cash deposit,1771.42,CAD
CA00030979,2025-04-15,BR022,TLR-8401,C502879,cash deposit,1197.15,CAD
CA00031879,2025-04-03,BR027,TLR-6328,C503847,cash withdrawal,181.72,CAD
CA00028357,2025-04-20,BR008,TLR-8347,C502282,cash deposit,1119.92,CAD
CA00029621,2025-04-24,BR015,TLR-3854,C501804,cash withdrawal,598.43,CAD
CA00030827,2025-04-22,BR021,TLR-8205,C502634,cash withdrawal,758.36,CAD
CA00035062,2025-04-14,BR040,TLR-3105,C503862,cash withdrawal,516.93,CAD
CA00035270,2025-04-19,BR040,TLR-8144,C500094,cash withdrawal,273.21,CAD
CA00028711,2025-04-04,BR010,TLR-8913,C501327,cash deposit,997.82,CAD
CA00033993,2025-04-24,BR037,TLR-4917,C500479,cash deposit,708.62,CAD
CA00034119,2025-04-22,BR037,TLR-2427,C500180,cash deposit,667.74,CAD
CA00033100,2025-04-16,BR033,TLR-9409,C500459,cash withdrawal,1566.3,CAD
CA00031172,2025-04-08,BR024,TLR-7837,C500770,cash withdrawal,1081.45,CAD
CA00032985,2025-04-27,BR032,TLR-8702,C500031,cash deposit,4293.65,CAD
CA00034016,2025-04-28,BR037,TLR-5585,C501351,cash withdrawal,2295.15,CAD
CA00033393,2025-04-07,BR035,TLR-6853,C501036,cash deposit,298.0,CAD
CA00035259,2025-04-29,BR040,TLR-2852,C500817,cash withdrawal,449.39,CAD
CA00034741,2025-04-05,BR040,TLR-1209,C503960,cash withdrawal,1066.78,CAD
CA00027257,2025-04-01,BR003,TLR-2368,C501641,cash withdrawal,1047.32,CAD
CA00033446,2025-04-20,BR035,TLR-2650,C502159,cash deposit,4729.62,CAD
CA00030138,2025-04-11,BR018,TLR-1719,C501277,cash deposit,2907.93,CAD
CA00032325,2025-04-22,BR030,TLR-4162,C502087,cash deposit,2162.0,CAD
CA00028263,2025-04-20,BR008,TLR-4805,C500456,cash deposit,1267.58,CAD
CA00027602,2025-04-05,BR004,TLR-2393,C503055,cash withdrawal,1568.75,CAD
CA00030957,2025-04-16,BR022,TLR-3748,C500685,cash deposit,2703.63,CAD
CA00027549,2025-04-10,BR004,TLR-1804,C502098,cash withdrawal,577.34,CAD
CA00033890,2025-04-06,BR036,TLR-1552,C503875,cash withdrawal,693.82,CAD
CA00027601,2025-04-09,BR004,TLR-1147,C501194,cash deposit,1397.96,CAD
CA00032338,2025-04-21,BR030,TLR-5566,C501072,cash deposit,1047.33,CAD
CA00028906,2025-04-16,BR012,TLR-7797,C500216,cash deposit,786.98,CAD
CA00030079,2025-04-20,BR017,TLR-2482,C502715,cash deposit,2201.68,CAD
CA00030362,2025-04-28,BR019,TLR-4366,C501629,cash deposit,533.51,CAD
CA00033798,2025-04-15,BR036,TLR-3610,C503928,cash withdrawal,876.02,CAD
CA00030667,2025-04-01,BR020,TLR-5942,C500066,cash deposit,626.83,USD
CA00026703,2025-04-01,BR001,TLR-5423,C501224,cash withdrawal,686.79,CAD
CA00031736,2025-04-29,BR026,TLR-5121,C500470,cash withdrawal,-764.19,CAD
CA00030558,2025-04-21,BR019,TLR-4310,C501373,cash withdrawal,629.0,CAD
CA00030477,2025-04-16,BR019,TLR-8026,C501358,cash withdrawal,460.11,CAD
CA00027751,2025-04-13,BR006,TLR-4300,C500340,cash deposit,887.29,CAD
CA00027698,2025-04-19,BR006,TLR-8372,C503658,cash withdrawal,990.27,CAD
CA00032883,2025-04-02,BR032,TLR-4373,C503618,cash deposit,1404.53,CAD
CA00033519,2025-04-01,BR035,TLR-9186,C500929,cash withdrawal,685.56,CAD
CA00035205,2025-04-13,BR040,TLR-5628,C503810,cash withdrawal,1029.73,CAD
CA00034485,2025-04-07,BR039,TLR-6697,C502126,cash withdrawal,549.28,CAD
CA00027919,2025-04-04,BR006,TLR-8176,C501644,cash withdrawal,1209.8,CAD
CA00028989,2025-04-10,BR012,TLR-2236,C503788,cash deposit,2001.77,CAD
CA00032328,2025-04-12,BR030,TLR-7109,C501966,cash withdrawal,439.5,CAD
CA00029404,2025-04-11,BR015,TLR-8285,C503985,cash withdrawal,1179.73,CAD
CA00032418,2025-04-11,BR030,TLR-1688,C502248,cash withdrawal,895.74,CAD
CA00028270,2025-04-17,BR008,TLR-1662,C502712,cash withdrawal,1443.78,CAD
CA00030839,2025-04-29,BR021,TLR-9826,C503062,cash withdrawal,2933.58,CAD
CA00033829,2025-04-22,BR036,TLR-4601,C502524,cash deposit,957.31,CAD
CA00030671,2025-04-21,BR020,TLR-6329,C501848,cash deposit,502.36,USD
CA00032617,2025-04-26,BR031,TLR-1752,C500517,cash withdrawal,782.97,CAD
CA00031390,2025-04-25,BR024,TLR-7163,C502963,cash deposit,380.04,CAD
CA00031539,2025-04-04,BR025,TLR-3934,C500925,cash withdrawal,-487.55,CAD
CA00033114,2025-04-15,BR033,TLR-6398,C500119,cash deposit,827.18,CAD
CA00030379,2025-04-12,BR019,TLR-3761,C501215,cash deposit,683.67,CAD
CA00029945,2025-04-15,BR017,TLR-9974,C503766,cash withdrawal,832.21,CAD
CA00031309,2025-04-01,BR024,TLR-5488,C502360,cash withdrawal,282.4,CAD
CA00028785,2025-04-22,BR011,TLR-7902,C501196,cash deposit,269.17,CAD
CA00034222,2025-04-16,BR038,TLR-8136,C502042,cash withdrawal,747.83,CAD
CA00033873,2025-04-21,BR036,TLR-6370,C503701,cash deposit,1422.32,CAD
CA00026681,2025-04-20,BR001,TLR-9079,C500775,cash deposit,589.3,CAD
CA00035217,2025-04-12,BR040,TLR-2050,C501795,cash withdrawal,1045.71,CAD
CA00026776,2025-04-05,BR001,TLR-6049,C503017,cash deposit,935.51,CAD
CA00029866,2025-04-16,BR016,TLR-5059,C502949,cash withdrawal,718.93,CAD
CA00030210,2025-04-02,BR018,TLR-7028,C502266,cash withdrawal,2411.14,CAD
CA00027546,2025-04-12,BR004,TLR-7204,C500467,cash withdrawal,1265.9,CAD
CA00029283,2025-04-14,BR014,TLR-3543,C501447,cash withdrawal,342.17,CAD
CA00029573,2025-04-18,BR015,TLR-8746,C500511,cash deposit,462.96,CAD
CA00032528,2025-04-28,BR030,TLR-7310,C502786,cash withdrawal,424.11,CAD
CA00032089,2025-04-19,BR028,TLR-7455,C502781,cash withdrawal,376.4,CAD
CA00030781,2025-04-10,BR021,TLR-4408,C502283,cash withdrawal,789.17,CAD
CA00028854,2025-04-12,BR012,TLR-8842,C503828,cash withdrawal,2827.48,CAD
CA00027067,2025-04-25,BR002,TLR-2633,C502724,cash withdrawal,-904.75,CAD
CA00032180,2025-04-07,BR029,TLR-3914,C502847,cash deposit,1226.92,CAD
CA00030910,2025-04-09,BR021,TLR-8778,C500210,cash deposit,1047.81,CAD
CA00031071,2025-04-12,BR023,TLR-6743,C502714,cash withdrawal,4002.87,CAD
CA00034332,2025-04-22,BR038,TLR-3677,C500041,cash withdrawal,347.76,CAD
CA00031989,2025-04-17,BR027,TLR-3280,C501830,cash deposit,419.37,CAD
CA00031099,2025-04-01,BR023,TLR-4830,C501992,cash withdrawal,357.41,CAD
CA00028435,2025-04-01,BR008,TLR-4236,C502013,cash deposit,999.17,CAD
CA00033791,2025-04-04,BR036,TLR-2937,C502526,cash deposit,1238.61,CAD
CA00030484,2025-04-02,BR019,TLR-7527,C503087,cash deposit,480.84,CAD
CA00032069,2025-04-10,BR028,TLR-5185,C501190,cash withdrawal,878.68,CAD
CA00031379,2025-04-22,BR024,TLR-7177,C500791,cash deposit,532.04,CAD
CA00027579,2025-04-15,BR004,TLR-7527,C503130,cash deposit,2517.08,CAD
CA00031103,2025-04-13,BR023,TLR-4319,C503543,cash withdrawal,1200.41,CAD
CA00030720,2025-04-26,BR020,TLR-7172,C502400,cash withdrawal,663.18,USD
CA00034437,2025-04-13,BR039,TLR-3583,C503654,cash deposit,1147.51,CAD
CA00033120,2025-04-23,BR033,TLR-4176,C501236,cash withdrawal,1443.56,CAD
CA00028701,2025-04-15,BR010,TLR-2643,C502608,cash withdrawal,401.7,CAD
CA00034345,2025-04-08,BR038,TLR-2238,C500037,cash withdrawal,920.46,CAD
CA00028177,2025-04-14,BR007,TLR-6821,C501775,cash deposit,432.82,CAD
CA00031142,2025-04-05,BR024,TLR-2010,C500796,cash deposit,579.26,CAD
CA00034204,2025-04-27,BR038,TLR-9672,C502671,cash deposit,281.23,CAD
CA00028119,2025-04-20,BR007,TLR-1042,C503016,cash deposit,588.1,CAD
CA00035332,2025-04-30,BR040,TLR-4497,C503576,cash deposit,1099.65,CAD
CA00032103,2025-04-14,BR028,TLR-2691,C501124,cash withdrawal,1542.98,CAD
CA00030923,2025-04-14,BR021,TLR-7322,C502958,cash withdrawal,889.23,CAD
CA00034160,2025-04-27,BR037,TLR-5049,C501500,cash deposit,1180.75,CAD
CA00031649,2025-04-11,BR026,TLR-2856,C501317,cash deposit,1351.13,CAD
CA00027542,2025-04-16,BR004,TLR-4528,C500226,cash deposit,1158.02,CAD
CA00029274,2025-04-23,BR014,TLR-8589,C501722,cash withdrawal,2125.83,CAD
CA00031194,2025-04-18,BR024,TLR-2293,C500339,cash deposit,223.83,CAD
CA00031089,2025-04-18,BR023,TLR-5133,C502759,cash deposit,684.79,CAD
CA00030145,2025-04-24,BR018,TLR-9271,C500980,cash deposit,2262.35,CAD
CA00029586,2025-04-14,BR015,TLR-4599,C502405,cash withdrawal,1671.66,CAD
CA00028617,2025-04-17,BR010,TLR-2015,C503388,cash withdrawal,654.5,CAD
CA00031884,2025-04-25,BR027,TLR-9767,C502090,cash withdrawal,2561.28,CAD
CA00032974,2025-04-29,BR032,TLR-9181,C500294,cash withdrawal,698.9,CAD
CA00029790,2025-04-01,BR016,TLR-9011,C500088,cash deposit,929.97,CAD
CA00032911,2025-04-30,BR032,TLR-4705,C502544,cash withdrawal,1759.24,CAD
CA00030491,2025-04-21,BR019,TLR-3984,C501726,cash deposit,502.49,CAD
CA00030798,2025-04-20,BR021,TLR-2394,C502569,cash withdrawal,439.85,CAD
CA00034221,2025-04-24,BR038,TLR-5560,C503441,cash deposit,689.89,CAD
CA00028903,2025-04-26,BR012,TLR-1082,C501877,cash withdrawal,632.48,CAD
CA00030675,2025-04-20,BR020,TLR-1159,C503086,cash withdrawal,799.74,USD
CA00030912,2025-04-23,BR021,TLR-8294,C502185,cash withdrawal,1034.44,CAD
CA00033403,2025-04-09,BR035,TLR-6177,C501614,cash deposit,1102.84,CAD
CA00027780,2025-04-12,BR006,TLR-2476,C500619,cash deposit,237.65,CAD
CA00035391,2025-04-13,BR040,TLR-8436,C503230,cash withdrawal,1176.94,CAD
CA00028613,2025-04-30,BR010,TLR-2399,C503110,cash deposit,1019.64,CAD
CA00026891,2025-04-07,BR001,TLR-9810,C503313,cash withdrawal,947.22,CAD
CA00034286,2025-04-15,BR038,TLR-6488,C500439,cash withdrawal,1683.1,CAD
CA00026903,2025-04-28,BR002,TLR-1615,C502762,cash deposit,345.61,CAD
CA00027173,2025-04-19,BR003,TLR-8680,C502335,cash deposit,542.94,CAD
CA00031763,2025-04-29,BR026,TLR-8227,C502991,cash deposit,674.27,CAD
CA00032571,2025-04-17,BR030,TLR-4790,C502625,cash deposit,813.46,CAD
CA00026898,2025-04-03,BR002,TLR-9060,C500775,cash withdrawal,-1909.83,CAD
CA00027104,2025-04-26,BR002,TLR-8264,C501412,cash deposit,1253.43,CAD
CA00027871,2025-04-18,BR006,TLR-8860,C501497,cash deposit,931.16,CAD
CA00027115,2025-04-27,BR003,TLR-1410,C503392,cash deposit,1238.03,CAD
CA00032059,2025-04-23,BR028,TLR-5222,C503493,cash withdrawal,985.6,CAD
CA00034790,2025-04-24,BR040,TLR-8706,C501618,cash deposit,439.36,CAD
CA00031741,2025-04-01,BR026,TLR-1135,C500905,cash deposit,1217.53,CAD
CA00032312,2025-04-04,BR029,TLR-9870,C503344,cash deposit,618.25,CAD
CA00028170,2025-04-17,BR007,TLR-6914,C503889,cash deposit,1685.3,CAD
CA00032421,2025-04-21,BR030,TLR-6496,C502383,cash withdrawal,2259.18,CAD
CA00031186,2025-04-11,BR024,TLR-3665,C503573,cash withdrawal,451.78,CAD
CA00032652,2025-04-25,BR031,TLR-2713,C500278,cash deposit,1308.88,CAD
CA00034069,2025-04-10,BR037,TLR-3145,C500308,cash deposit,986.76,CAD
CA00033549,2025-04-29,BR035,TLR-3851,C502067,cash deposit,1182.46,CAD
CA00029414,2025-04-20,BR015,TLR-4096,C502122,cash deposit,857.68,CAD
CA00026734,2025-04-05,BR001,TLR-5228,C500591,cash withdrawal,3124.75,CAD
CA00031807,2025-04-23,BR026,TLR-2102,C502088,cash withdrawal,-653.32,CAD
CA00035134,2025-04-28,BR040,TLR-6183,C500579,cash withdrawal,322.85,CAD
CA00027918,2025-04-10,BR006,TLR-3153,C502512,cash withdrawal,454.07,CAD
CA00032005,2025-04-14,BR027,TLR-7682,C502560,cash deposit,1132.92,CAD
CA00032895,2025-04-09,BR032,TLR-4706,C503509,cash withdrawal,625.79,CAD
CA00029491,2025-04-08,BR015,TLR-8425,C501289,cash withdrawal,789.79,CAD
CA00033814,2025-04-21,BR036,TLR-3702,C500854,cash withdrawal,1733.92,CAD
CA00033825,2025-04-19,BR036,TLR-8270,C502576,cash deposit,1822.95,CAD
CA00034333,2025-04-21,BR038,TLR-6666,C502318,cash deposit,1899.82,CAD
CA00033682,2025-04-30,BR036,TLR-5675,C502687,cash deposit,1378.39,CAD
CA00031411,2025-04-14,BR024,TLR-3150,C503047,cash deposit,208.84,CAD
CA00028564,2025-04-22,BR009,TLR-1621,C502430,cash deposit,850.44,CAD
CA00028012,2025-04-16,BR007,TLR-3743,C501447,cash withdrawal,754.92,CAD
CA00031077,2025-04-11,BR023,TLR-4977,C501766,cash deposit,861.54,CAD
CA00031524,2025-04-02,BR025,TLR-5309,C502135,cash deposit,594.21,CAD
CA00027955,2025-04-21,BR006,TLR-1119,C502283,cash deposit,592.29,CAD
CA00026993,2025-04-28,BR002,TLR-7147,C500503,cash withdrawal,-529.47,CAD
CA00031168,2025-04-06,BR024,TLR-5671,C503671,cash withdrawal,891.56,CAD
CA00033661,2025-04-12,BR036,TLR-7726,C501760,cash withdrawal,1702.96,CAD
CA00029260,2025-04-01,BR014,TLR-7193,C500412,cash deposit,568.0,CAD
CA00035042,2025-04-21,BR040,TLR-8000,C502860,cash deposit,475.25,CAD
CA00026829,2025-04-03,BR001,TLR-3402,C503840,cash deposit,773.23,CAD
CA00029458,2025-04-17,BR015,TLR-4561,C501643,cash withdrawal,1520.19,CAD
CA00032272,2025-04-29,BR029,TLR-2852,C500290,cash withdrawal,2963.86,CAD
CA00033619,2025-04-05,BR036,TLR-8862,C503378,cash withdrawal,1403.62,CAD
CA00033840,2025-04-19,BR036,TLR-9237,C502825,cash withdrawal,3327.03,CAD
CA00028284,2025-04-01,BR008,TLR-8780,C500616,cash deposit,1429.94,CAD
CA00028294,2025-04-15,BR008,TLR-1589,C501207,cash deposit,935.92,CAD
CA00026818,2025-04-09,BR001,TLR-1279,C503834,cash withdrawal,684.7,CAD
CA00034638,2025-04-23,BR040,TLR-7042,C500121,cash withdrawal,861.43,CAD
CA00028852,2025-04-06,BR012,TLR-1076,C501189,cash withdrawal,1823.82,CAD
CA00030807,2025-04-08,BR021,TLR-5638,C502350,cash deposit,1143.76,CAD
CA00027917,2025-04-29,BR006,TLR-4025,C502842,cash withdrawal,1540.95,CAD
CA00027681,2025-04-13,BR005,TLR-9727,C503260,cash withdrawal,1351.95,CAD
CA00026865,2025-04-18,BR001,TLR-2666,C502334,cash deposit,781.21,CAD
CA00028858,2025-04-11,BR012,TLR-4295,C501624,cash withdrawal,632.63,CAD
CA00033959,2025-04-06,BR037,TLR-7013,C504000,cash withdrawal,1057.89,CAD
CA00034500,2025-04-04,BR039,TLR-3780,C500692,cash withdrawal,443.67,CAD
CA00027031,2025-04-08,BR002,TLR-7183,C500254,cash deposit,5159.79,CAD
CA00026661,2025-04-02,BR001,TLR-4191,C501420,cash withdrawal,728.09,CAD
CA00030899,2025-04-07,BR021,TLR-5598,C503924,cash deposit,1479.92,CAD
CA00034068,2025-04-22,BR037,TLR-7667,C500723,cash deposit,1231.01,CAD
CA00030999,2025-04-13,BR022,TLR-2882,C501480,cash withdrawal,1053.63,CAD
CA00026786,2025-04-03,BR001,TLR-3536,C503979,cash withdrawal,1164.34,CAD
CA00034579,2025-04-21,BR039,TLR-3663,C501063,cash deposit,320.62,CAD
CA00029584,2025-04-04,BR015,TLR-2190,C502353,cash deposit,547.5,CAD
CA00029271,2025-04-26,BR014,TLR-2010,C501436,cash deposit,2188.56,CAD
CA00032453,2025-04-10,BR030,TLR-3054,C503170,cash withdrawal,140.35,CAD
CA00029174,2025-04-30,BR014,TLR-1966,C501424,cash deposit,686.45,CAD
CA00028221,2025-04-21,BR008,TLR-7004,C503483,cash withdrawal,706.66,CAD
CA00026835,2025-04-05,BR001,TLR-6532,C500096,cash deposit,393.5,CAD
CA00032857,2025-04-05,BR031,TLR-3712,C500666,cash deposit,378.0,CAD
CA00034779,2025-04-30,BR040,TLR-1137,C501482,cash deposit,630.1,CAD
CA00028030,2025-04-18,BR007,TLR-4150,C503807,cash deposit,2961.39,CAD
CA00033915,2025-04-17,BR037,TLR-4201,C503225,cash deposit,415.41,CAD
CA00029798,2025-04-11,BR016,TLR-5675,C502612,cash deposit,4703.05,CAD
CA00027531,2025-04-09,BR004,TLR-9346,C503751,cash deposit,2975.69,CAD
CA00028125,2025-04-09,BR007,TLR-9713,C501305,cash deposit,1411.54,CAD
CA00034036,2025-04-15,BR037,TLR-7343,C500275,cash withdrawal,590.22,CAD
CA00028890,2025-04-05,BR012,TLR-1967,C500993,cash withdrawal,677.71,CAD
CA00027811,2025-04-18,BR006,TLR-9798,C502832,cash withdrawal,628.96,CAD
CA00032835,2025-04-04,BR031,TLR-1388,C500532,cash withdrawal,1471.32,CAD
CA00027934,2025-04-24,BR006,TLR-6538,C503829,cash deposit,212.89,CAD
CA00033382,2025-04-22,BR035,TLR-5581,C501799,cash withdrawal,203.81,CAD
CA00031977,2025-04-13,BR027,TLR-9144,C503763,cash deposit,497.83,CAD
CA00028646,2025-04-01,BR010,TLR-7919,C501561,cash deposit,856.48,CAD
CA00031470,2025-04-07,BR025,TLR-6878,C501674,cash withdrawal,-2904.32,CAD
CA00035220,2025-04-30,BR040,TLR-2970,C500605,cash deposit,718.7,CAD
CA00030613,2025-04-14,BR020,TLR-7429,C501161,cash deposit,918.94,USD
CA00033554,2025-04-13,BR035,TLR-2461,C501020,cash deposit,1039.48,CAD
CA00033399,2025-04-02,BR035,TLR-4198,C503942,cash withdrawal,857.16,CAD
CA00031073,2025-04-15,BR023,TLR-6710,C503387,cash withdrawal,373.78,CAD
CA00028285,2025-04-14,BR008,TLR-9049,C500886,cash withdrawal,1918.59,CAD
CA00027089,2025-04-11,BR002,TLR-3097,C503053,cash deposit,804.54,CAD
CA00031631,2025-04-15,BR026,TLR-5493,C502813,cash withdrawal,-851.32,CAD
CA00028851,2025-04-18,BR012,TLR-3069,C500996,cash deposit,377.2,CAD
CA00033780,2025-04-23,BR036,TLR-9027,C500395,cash withdrawal,641.68,CAD
CA00029726,2025-04-08,BR016,TLR-9665,C501778,cash withdrawal,1214.24,CAD
CA00031935,2025-04-22,BR027,TLR-6503,C500361,cash withdrawal,1789.3,CAD
CA00030826,2025-04-28,BR021,TLR-7862,C502320,cash deposit,977.74,CAD
CA00029546,2025-04-02,BR015,TLR-6093,C500593,cash deposit,955.08,CAD
CA00028064,2025-04-17,BR007,TLR-3348,C501332,cash deposit,698.97,CAD
CA00028642,2025-04-12,BR010,TLR-7242,C502628,cash withdrawal,1001.68,CAD
CA00028958,2025-04-27,BR012,TLR-5255,C500279,cash withdrawal,2672.35,CAD
CA00031296,2025-04-02,BR024,TLR-2905,C502380,cash deposit,1970.58,CAD
CA00033893,2025-04-01,BR036,TLR-3528,C502453,cash deposit,622.12,CAD
CA00035178,2025-04-02,BR040,TLR-9370,C502384,cash withdrawal,3046.1,CAD
CA00029611,2025-04-04,BR015,TLR-5958,C500842,cash withdrawal,1551.95,CAD
CA00033808,2025-04-17,BR036,TLR-8603,C503514,cash withdrawal,890.32,CAD
CA00030506,2025-04-09,BR019,TLR-6426,C500365,cash withdrawal,2847.49,CAD
CA00030796,2025-04-19,BR021,TLR-5426,C502319,cash withdrawal,482.92,CAD
CA00029989,2025-04-29,BR017,TLR-2114,C500229,cash withdrawal,528.48,CAD
CA00031027,2025-04-21,BR023,TLR-9574,C502570,cash withdrawal,422.21,CAD
CA00033492,2025-04-03,BR035,TLR-3293,C500055,cash deposit,772.19,CAD
CA00033901,2025-04-01,BR036,TLR-4842,C502734,cash withdrawal,747.17,CAD
CA00033443,2025-04-28,BR035,TLR-2239,C502366,cash withdrawal,2553.75,CAD
CA00026575,2025-04-01,BR001,TLR-5381,C500198,cash deposit,1687.26,CAD
CA00031617,2025-04-15,BR026,TLR-4254,C500062,cash deposit,1079.65,CAD
CA00030062,2025-04-29,BR017,TLR-7131,C502353,cash deposit,2742.68,CAD
CA00027732,2025-04-10,BR006,TLR-1543,C500105,cash withdrawal,2858.75,CAD
CA00032172,2025-04-25,BR029,TLR-7650,C503799,cash deposit,1317.12,CAD
CA00029551,2025-04-08,BR015,TLR-4992,C501532,cash withdrawal,1053.12,CAD
CA00033230,2025-04-01,BR034,TLR-2622,C502948,cash withdrawal,1225.64,CAD
CA00027078,2025-04-27,BR002,TLR-4778,C502394,cash deposit,1043.37,CAD
CA00034369,2025-04-07,BR039,TLR-9882,C503177,cash withdrawal,665.34,CAD
CA00029532,2025-04-28,BR015,TLR-1283,C500299,cash deposit,373.56,CAD
CA00033618,2025-04-28,BR036,TLR-2918,C502356,cash deposit,986.77,CAD
CA00029125,2025-04-29,BR013,TLR-2614,C502715,cash deposit,403.32,CAD
CA00034255,2025-04-25,BR038,TLR-2934,C501203,cash deposit,650.49,CAD
CA00028021,2025-04-11,BR007,TLR-1481,C500243,cash deposit,844.86,CAD
CA00028901,2025-04-10,BR012,TLR-3658,C500023,cash withdrawal,1801.53,CAD
CA00032137,2025-04-26,BR028,TLR-3156,C501961,cash withdrawal,559.53,CAD
CA00028142,2025-04-20,BR007,TLR-8853,C501730,cash deposit,1800.97,CAD
CA00026645,2025-04-14,BR001,TLR-2511,C501916,cash withdrawal,465.75,CAD
CA00029863,2025-04-04,BR016,TLR-1198,C502185,cash withdrawal,2987.13,CAD
CA00032417,2025-04-10,BR030,TLR-3835,C502877,cash deposit,211.86,CAD
CA00027357,2025-04-23,BR003,TLR-2246,C503002,cash deposit,748.84,CAD
CA00029687,2025-04-27,BR016,TLR-3526,C503410,cash withdrawal,2097.5,CAD
CA00032364,2025-04-04,BR030,TLR-2655,C503143,cash deposit,1414.63,CAD
CA00030448,2025-04-20,BR019,TLR-1346,C500696,cash deposit,1504.23,CAD
CA00027869,2025-04-13,BR006,TLR-5761,C503842,cash deposit,451.81,CAD
CA00034744,2025-04-10,BR040,TLR-4368,C501920,cash deposit,205.3,CAD
CA00031481,2025-04-15,BR025,TLR-7635,C500288,cash withdrawal,-1649.72,CAD
CA00028002,2025-04-12,BR007,TLR-1584,C502797,cash withdrawal,3155.59,CAD
CA00027824,2025-04-15,BR006,TLR-8351,C501566,cash withdrawal,542.99,CAD
CA00030949,2025-04-24,BR021,TLR-1932,C500552,cash withdrawal,608.0,CAD
CA00034693,2025-04-28,BR040,TLR-8301,C501400,cash deposit,605.69,CAD
CA00029825,2025-04-23,BR016,TLR-5853,C500687,cash withdrawal,1215.42,CAD
CA00030632,2025-04-28,BR020,TLR-6086,C500030,cash deposit,1294.92,USD
CA00032105,2025-04-14,BR028,TLR-2394,C500761,cash withdrawal,901.77,CAD
CA00034373,2025-04-16,BR039,TLR-1393,C500927,cash withdrawal,603.54,CAD
CA00032915,2025-04-04,BR032,TLR-4625,C501789,cash withdrawal,490.04,CAD
CA00031621,2025-04-15,BR026,TLR-4913,C502325,cash deposit,546.91,CAD
CA00034959,2025-04-17,BR040,TLR-6096,C501455,cash withdrawal,2706.04,CAD
CA00027286,2025-04-18,BR003,TLR-3573,C503712,cash withdrawal,290.54,CAD
CA00033377,2025-04-20,BR035,TLR-7882,C503612,cash deposit,896.72,CAD
CA00028073,2025-04-28,BR007,TLR-3358,C501708,cash withdrawal,1716.27,CAD
CA00029976,2025-04-23,BR017,TLR-1635,C501034,cash deposit,842.23,CAD
CA00027409,2025-04-17,BR004,TLR-6865,C501622,cash withdrawal,773.72,CAD
CA00034850,2025-04-02,BR040,TLR-2237,C503248,cash withdrawal,2763.87,CAD
CA00033856,2025-04-06,BR036,TLR-1291,C503801,cash deposit,525.11,CAD
CA00035402,2025-04-09,BR040,TLR-8662,C501685,cash withdrawal,329.32,CAD
CA00028730,2025-04-08,BR010,TLR-1971,C502689,cash withdrawal,901.71,CAD
CA00026614,2025-04-19,BR001,TLR-5336,C501468,cash withdrawal,766.95,CAD
CA00035089,2025-04-14,BR040,TLR-9119,C503964,cash withdrawal,2105.49,CAD
CA00028780,2025-04-28,BR011,TLR-9607,C501575,cash withdrawal,253.19,CAD
CA00027372,2025-04-27,BR004,TLR-3343,C501652,cash deposit,1172.82,CAD
CA00026771,2025-04-23,BR001,TLR-8769,C501674,cash deposit,648.08,CAD
CA00028811,2025-04-05,BR011,TLR-5248,C502240,cash withdrawal,868.4,CAD
CA00030047,2025-04-26,BR017,TLR-5529,C502752,cash withdrawal,1071.35,CAD
CA00030564,2025-04-02,BR019,TLR-8565,C502376,cash withdrawal,1064.52,CAD
CA00029395,2025-04-06,BR015,TLR-4805,C502505,cash withdrawal,7119.35,CAD
CA00031204,2025-04-26,BR024,TLR-5795,C503045,cash deposit,507.36,CAD
CA00028563,2025-04-13,BR009,TLR-6984,C501581,cash withdrawal,686.54,CAD
CA00031876,2025-04-17,BR027,TLR-1755,C500002,cash withdrawal,1029.48,CAD
CA00032578,2025-04-10,BR030,TLR-6909,C500479,cash withdrawal,558.8,CAD
CA00029724,2025-04-12,BR016,TLR-4822,C500999,cash withdrawal,2193.02,CAD
CA00034417,2025-04-18,BR039,TLR-8552,C500397,cash deposit,664.31,CAD
CA00028039,2025-04-26,BR007,TLR-1613,C500668,cash withdrawal,568.2,CAD
CA00034692,2025-04-24,BR040,TLR-2842,C501307,cash deposit,698.05,CAD
CA00033293,2025-04-03,BR034,TLR-6628,C501595,cash withdrawal,1586.0,CAD
CA00030577,2025-04-14,BR019,TLR-7795,C501515,cash withdrawal,600.9,CAD
CA00035111,2025-04-28,BR040,TLR-8672,C502173,cash withdrawal,2076.01,CAD
CA00028721,2025-04-26,BR010,TLR-2227,C501895,cash withdrawal,417.07,CAD
CA00029312,2025-04-21,BR014,TLR-3186,C502574,cash withdrawal,4359.47,CAD
CA00034937,2025-04-29,BR040,TLR-2559,C501221,cash withdrawal,513.55,CAD
CA00033129,2025-04-15,BR033,TLR-5517,C501958,cash withdrawal,432.67,CAD
CA00028659,2025-04-27,BR010,TLR-4422,C503189,cash deposit,577.25,CAD
CA00030689,2025-04-22,BR020,TLR-1137,C501244,cash withdrawal,568.98,USD
CA00030095,2025-04-11,BR017,TLR-7626,C500068,cash withdrawal,1142.84,CAD
CA00033613,2025-04-05,BR036,TLR-3320,C502616,cash deposit,479.28,CAD
CA00031756,2025-04-30,BR026,TLR-9241,C501471,cash deposit,1130.48,CAD
CA00028864,2025-04-26,BR012,TLR-7529,C503501,cash deposit,547.46,CAD
CA00026833,2025-04-13,BR001,TLR-8265,C503794,cash deposit,557.6,CAD
CA00034626,2025-04-12,BR040,TLR-1791,C501193,cash withdrawal,1501.3,CAD
CA00034447,2025-04-25,BR039,TLR-8765,C500335,cash deposit,1693.19,CAD
CA00032100,2025-04-12,BR028,TLR-6058,C503743,cash deposit,2849.12,CAD
CA00029036,2025-04-03,BR012,TLR-3600,C502554,cash deposit,1872.11,CAD
CA00032771,2025-04-15,BR031,TLR-1902,C500692,cash deposit,1455.54,CAD
CA00031132,2025-04-13,BR024,TLR-1475,C503087,cash deposit,654.63,CAD
CA00029159,2025-04-25,BR013,TLR-9356,C503930,cash withdrawal,531.07,CAD
CA00027914,2025-04-29,BR006,TLR-8820,C500114,cash deposit,471.07,CAD
CA00031091,2025-04-26,BR023,TLR-6424,C502040,cash withdrawal,1129.41,CAD
CA00029459,2025-04-25,BR015,TLR-1749,C502677,cash withdrawal,1254.96,CAD
CA00029533,2025-04-25,BR015,TLR-5257,C500698,cash withdrawal,1225.65,CAD
CA00028533,2025-04-17,BR009,TLR-1784,C501097,cash deposit,1564.41,CAD
CA00034658,2025-04-29,BR040,TLR-7041,C502108,cash deposit,808.51,CAD
CA00027710,2025-04-17,BR006,TLR-1645,C503834,cash deposit,2912.78,CAD
CA00029603,2025-04-05,BR015,TLR-7951,C500612,cash withdrawal,646.31,CAD
CA00033320,2025-04-17,BR034,TLR-4752,C501771,cash withdrawal,1476.14,CAD
CA00029872,2025-04-14,BR017,TLR-3534,C503825,cash deposit,974.45,CAD
CA00030867,2025-04-08,BR021,TLR-6980,C501566,cash withdrawal,343.62,CAD
CA00034130,2025-04-20,BR037,TLR-7155,C501327,cash deposit,401.55,CAD
CA00034506,2025-04-26,BR039,TLR-1894,C503206,cash withdrawal,1210.94,CAD
CA00028874,2025-04-04,BR012,TLR-8497,C501675,cash withdrawal,903.1,CAD
CA00030537,2025-04-01,BR019,TLR-7024,C500160,cash deposit,773.06,CAD
CA00033860,2025-04-28,BR036,TLR-5090,C503257,cash withdrawal,612.86,CAD
CA00032819,2025-04-10,BR031,TLR-4378,C500736,cash withdrawal,486.28,CAD
CA00033305,2025-04-24,BR034,TLR-8348,C502048,cash deposit,621.95,CAD
CA00030628,2025-04-25,BR020,TLR-9035,C503824,cash withdrawal,1486.13,USD
CA00033303,2025-04-17,BR034,TLR-2771,C500387,cash withdrawal,1000.33,CAD
CA00033115,2025-04-20,BR033,TLR-9656,C503161,cash withdrawal,908.45,CAD
CA00033562,2025-04-16,BR035,TLR-4334,C501599,cash withdrawal,1625.12,CAD
CA00028561,2025-04-06,BR009,TLR-5448,C503322,cash deposit,1413.12,CAD
CA00035265,2025-04-04,BR040,TLR-6597,C500820,cash withdrawal,421.69,CAD
CA00026738,2025-04-17,BR001,TLR-9722,C500138,cash deposit,674.54,CAD
CA00032128,2025-04-12,BR028,TLR-4390,C502603,cash deposit,2851.29,CAD
CA00027195,2025-04-01,BR003,TLR-2492,C500997,cash deposit,735.75,CAD
CA00029040,2025-04-11,BR012,TLR-3841,C500980,cash deposit,190.84,CAD
CA00028837,2025-04-29,BR011,TLR-3499,C503117,cash deposit,349.02,CAD
CA00034620,2025-04-26,BR040,TLR-6091,C502194,cash deposit,688.55,CAD
CA00029251,2025-04-03,BR014,TLR-1629,C500137,cash deposit,606.22,CAD
CA00029557,2025-04-09,BR015,TLR-1056,C503071,cash withdrawal,738.07,CAD
CA00035056,2025-04-24,BR040,TLR-6472,C502703,cash deposit,574.39,CAD
CA00032869,2025-04-30,BR032,TLR-1035,C502172,cash withdrawal,2017.45,CAD
CA00028793,2025-04-23,BR011,TLR-4400,C502820,cash deposit,1119.32,CAD
CA00028440,2025-04-23,BR008,TLR-1015,C502582,cash withdrawal,743.77,CAD
CA00029842,2025-04-17,BR016,TLR-4467,C502147,cash deposit,320.47,CAD
CA00030358,2025-04-12,BR019,TLR-3492,C501729,cash withdrawal,362.3,CAD
CA00027950,2025-04-27,BR006,TLR-1644,C501418,cash deposit,1019.27,CAD
CA00034665,2025-04-12,BR040,TLR-2763,C500900,cash deposit,1686.63,CAD
CA00030535,2025-04-03,BR019,TLR-7815,C503927,cash deposit,1369.68,CAD
CA00030217,2025-04-11,BR018,TLR-3704,C502222,cash withdrawal,1780.6,CAD
CA00035396,2025-04-01,BR040,TLR-8433,C503072,cash deposit,2321.91,CAD
CA00029677,2025-04-07,BR016,TLR-2810,C503413,cash withdrawal,805.66,CAD
CA00031603,2025-04-21,BR025,TLR-2471,C500608,cash withdrawal,-2197.93,CAD
CA00033927,2025-04-17,BR037,TLR-5059,C503190,cash deposit,1443.38,CAD
CA00026596,2025-04-28,BR001,TLR-3994,C503313,cash deposit,2456.31,CAD
CA00032569,2025-04-24,BR030,TLR-1531,C503811,cash deposit,336.88,CAD
CA00035109,2025-04-09,BR040,TLR-5412,C500851,cash deposit,993.71,CAD
CA00033580,2025-04-07,BR036,TLR-5191,C501046,cash withdrawal,1424.14,CAD
CA00028839,2025-04-30,BR011,TLR-6186,C503246,cash deposit,1766.84,CAD
CA00027911,2025-04-02,BR006,TLR-5648,C502480,cash withdrawal,861.78,CAD
CA00033497,2025-04-14,BR035,TLR-5019,C500492,cash deposit,1206.03,CAD
CA00032276,2025-04-14,BR029,TLR-2285,C500804,cash withdrawal,387.52,CAD
CA00026904,2025-04-16,BR002,TLR-4624,C503059,cash deposit,773.64,CAD
CA00034300,2025-04-05,BR038,TLR-2819,C503804,cash deposit,487.84,CAD
CA00028671,2025-04-07,BR010,TLR-3889,C502988,cash withdrawal,1272.44,CAD
CA00032215,2025-04-17,BR029,TLR-6469,C503432,cash deposit,1233.51,CAD
CA00033842,2025-04-29,BR036,TLR-8549,C501043,cash deposit,2114.6,CAD
CA00027290,2025-04-24,BR003,TLR-3171,C503714,cash deposit,1747.31,CAD
CA00029840,2025-04-18,BR016,TLR-5419,C502035,cash deposit,1335.08,CAD
CA00029297,2025-04-07,BR014,TLR-7754,C501922,cash withdrawal,1445.24,CAD
CA00028176,2025-04-22,BR007,TLR-9842,C503775,cash withdrawal,3483.99,CAD
CA00035132,2025-04-22,BR040,TLR-8432,C500008,cash deposit,1651.65,CAD
CA00032425,2025-04-01,BR030,TLR-2671,C502824,cash withdrawal,3471.08,CAD
CA00028603,2025-04-28,BR010,TLR-8286,C501309,cash withdrawal,1350.36,CAD
CA00029728,2025-04-30,BR016,TLR-9539,C500216,cash withdrawal,966.34,CAD
CA00031458,2025-04-15,BR025,TLR-4487,C501845,cash deposit,1982.25,CAD
CA00029645,2025-04-15,BR015,TLR-2843,C502761,cash withdrawal,2044.54,CAD
CA00029714,2025-04-11,BR016,TLR-1807,C501830,cash withdrawal,1499.55,CAD
CA00028703,2025-04-09,BR010,TLR-9136,C503175,cash deposit,301.33,CAD
CA00027527,2025-04-03,BR004,TLR-7969,C500781,cash deposit,942.76,CAD
CA00032316,2025-04-19,BR029,TLR-2903,C503335,cash withdrawal,1663.89,CAD
CA00032169,2025-04-25,BR028,TLR-7399,C502848,cash withdrawal,400.14,CAD
CA00030287,2025-04-12,BR019,TLR-1130,C502275,cash deposit,1797.06,CAD
CA00028762,2025-04-11,BR010,TLR-5256,C500259,cash deposit,872.2,CAD
CA00027214,2025-04-24,BR003,TLR-3435,C501996,cash withdrawal,896.38,CAD
CA00031993,2025-04-21,BR027,TLR-5706,C503914,cash deposit,1556.8,CAD
CA00029694,2025-04-09,BR016,TLR-8508,C500648,cash withdrawal,1034.43,CAD
CA00028006,2025-04-13,BR007,TLR-1142,C503849,cash deposit,742.57,CAD
CA00029309,2025-04-02,BR014,TLR-9066,C502627,cash withdrawal,750.54,CAD
CA00028663,2025-04-23,BR010,TLR-3051,C500799,cash withdrawal,822.45,CAD
CA00027055,2025-04-06,BR002,TLR-4611,C503906,cash deposit,2623.22,CAD
CA00032536,2025-04-22,BR030,TLR-8614,C503988,cash withdrawal,1525.06,CAD
CA00034480,2025-04-14,BR039,TLR-8645,C500429,cash deposit,1482.05,CAD
CA00035153,2025-04-30,BR040,TLR-8798,C500360,cash deposit,822.27,CAD
CA00027992,2025-04-06,BR007,TLR-9466,C500766,cash deposit,582.2,CAD
CA00033430,2025-04-19,BR035,TLR-8973,C502688,cash deposit,781.86,CAD
CA00032092,2025-04-09,BR028,TLR-4648,C503516,cash withdrawal,1117.15,CAD
CA00030312,2025-04-28,BR019,TLR-6071,C500625,cash deposit,2244.03,CAD
CA00034539,2025-04-29,BR039,TLR-4242,C502948,cash withdrawal,924.74,CAD
CA00027896,2025-04-25,BR006,TLR-4801,C502961,cash withdrawal,249.94,CAD
CA00031082,2025-04-04,BR023,TLR-2937,C501716,cash withdrawal,1029.59,CAD
CA00027300,2025-04-10,BR003,TLR-6405,C503378,cash deposit,1109.61,CAD
CA00026866,2025-04-17,BR001,TLR-8734,C502486,cash deposit,1525.06,CAD
CA00029192,2025-04-02,BR014,TLR-3439,C503108,cash withdrawal,620.88,CAD
CA00026634,2025-04-16,BR001,TLR-1448,C501927,cash withdrawal,1268.81,CAD
CA00034968,2025-04-24,BR040,TLR-1803,C503162,cash withdrawal,1088.22,CAD
CA00027030,2025-04-17,BR002,TLR-3723,C501392,cash withdrawal,-336.15,CAD
CA00033332,2025-04-15,BR034,TLR-5859,C501837,cash deposit,1505.11,CAD
CA00033715,2025-04-13,BR036,TLR-5617,C502139,cash withdrawal,363.6,CAD
CA00027321,2025-04-15,BR003,TLR-6486,C502396,cash deposit,1316.54,CAD
CA00028707,2025-04-11,BR010,TLR-1530,C500918,cash deposit,2244.82,CAD
CA00027581,2025-04-24,BR004,TLR-2621,C502471,cash withdrawal,846.93,CAD
CA00032478,2025-04-10,BR030,TLR-3513,C503344,cash deposit,1348.51,CAD
CA00032733,2025-04-17,BR031,TLR-8990,C500017,cash deposit,252.76,CAD
CA00032112,2025-04-21,BR028,TLR-7981,C500118,cash withdrawal,1634.66,CAD
CA00031275,2025-04-25,BR024,TLR-9743,C500309,cash deposit,667.18,CAD
CA00030942,2025-04-26,BR021,TLR-3048,C502594,cash withdrawal,915.82,CAD
CA00026896,2025-04-22,BR002,TLR-5733,C503769,cash deposit,1330.59,CAD
CA00028608,2025-04-12,BR010,TLR-8667,C501906,cash deposit,829.83,CAD
CA00030480,2025-04-13,BR019,TLR-4168,C503281,cash deposit,1201.63,CAD
CA00034224,2025-04-04,BR038,TLR-7862,C503766,cash withdrawal,1503.33,CAD
CA00027500,2025-04-27,BR004,TLR-9397,C503576,cash deposit,543.36,CAD
CA00027212,2025-04-11,BR003,TLR-9322,C503706,cash deposit,916.03,CAD
CA00028444,2025-04-08,BR008,TLR-1926,C501160,cash withdrawal,337.58,CAD
CA00031945,2025-04-16,BR027,TLR-2725,C500710,cash deposit,300.95,CAD
CA00027494,2025-04-05,BR004,TLR-7193,C503815,cash withdrawal,1489.18,CAD
CA00031726,2025-04-22,BR026,TLR-9985,C500889,cash withdrawal,-1877.82,CAD
CA00034660,2025-04-01,BR040,TLR-7031,C501576,cash withdrawal,2099.02,CAD
CA00033010,2025-04-29,BR032,TLR-7590,C503401,cash withdrawal,1362.58,CAD
CA00034307,2025-04-20,BR038,TLR-7744,C500892,cash withdrawal,691.3,CAD
CA00033762,2025-04-22,BR036,TLR-2808,C500003,cash deposit,912.59,CAD
CA00030248,2025-04-02,BR019,TLR-2331,C503128,cash withdrawal,572.81,CAD
CA00031438,2025-04-13,BR025,TLR-8312,C503828,cash deposit,777.35,CAD
CA00033713,2025-04-10,BR036,TLR-3556,C503241,cash deposit,3057.64,CAD
CA00028384,2025-04-27,BR008,TLR-7009,C503612,cash withdrawal,1538.86,CAD
CA00027759,2025-04-09,BR006,TLR-5485,C503093,cash withdrawal,593.57,CAD
CA00028219,2025-04-30,BR008,TLR-8454,C500351,cash deposit,615.54,CAD
CA00029121,2025-04-17,BR013,TLR-6884,C502022,cash withdrawal,1156.62,CAD
CA00028358,2025-04-15,BR008,TLR-1390,C502561,cash deposit,281.39,CAD
CA00027209,2025-04-16,BR003,TLR-5845,C500170,cash withdrawal,414.16,CAD
CA00035102,2025-04-15,BR040,TLR-1606,C501911,cash deposit,1234.37,CAD
CA00029810,2025-04-21,BR016,TLR-4623,C501676,cash withdrawal,1007.24,CAD
CA00032402,2025-04-18,BR030,TLR-9027,C500547,cash deposit,512.5,CAD
CA00027939,2025-04-17,BR006,TLR-9706,C500409,cash deposit,858.41,CAD
CA00027862,2025-04-04,BR006,TLR-4881,C501268,cash withdrawal,1219.75,CAD
CA00030775,2025-04-18,BR020,TLR-4701,C500916,cash withdrawal,539.12,USD
CA00034797,2025-04-09,BR040,TLR-3908,C501405,cash deposit,2671.6,CAD
CA00031820,2025-04-07,BR026,TLR-5273,C503744,cash deposit,799.55,CAD
CA00030218,2025-04-21,BR018,TLR-4873,C502279,cash deposit,2739.1,CAD
CA00031579,2025-04-11,BR025,TLR-8111,C502635,cash withdrawal,-850.91,CAD
CA00033863,2025-04-12,BR036,TLR-8613,C503242,cash deposit,2227.4,CAD
CA00028407,2025-04-11,BR008,TLR-9883,C502981,cash deposit,978.67,CAD
CA00035341,2025-04-14,BR040,TLR-1935,C500962,cash deposit,780.64,CAD
CA00029613,2025-04-07,BR015,TLR-3174,C501208,cash withdrawal,518.71,CAD
CA00027562,2025-04-20,BR004,TLR-1383,C502495,cash withdrawal,620.32,CAD
CA00029868,2025-04-03,BR016,TLR-2482,C502291,cash deposit,411.51,CAD
CA00034229,2025-04-14,BR038,TLR-9784,C502399,cash deposit,2362.11,CAD
CA00031355,2025-04-07,BR024,TLR-1970,C502010,cash deposit,3247.98,CAD
CA00030363,2025-04-07,BR019,TLR-8379,C502416,cash withdrawal,1482.7,CAD
CA00034244,2025-04-01,BR038,TLR-7513,C502112,cash withdrawal,459.21,CAD
CA00033038,2025-04-06,BR033,TLR-3732,C501765,cash deposit,947.45,CAD
CA00028756,2025-04-30,BR010,TLR-9913,C501709,cash withdrawal,680.21,CAD
CA00030178,2025-04-25,BR018,TLR-6960,C501333,cash deposit,1577.83,CAD
CA00029780,2025-04-29,BR016,TLR-2819,C503151,cash deposit,327.13,CAD
CA00031269,2025-04-12,BR024,TLR-1268,C501273,cash withdrawal,873.01,CAD
CA00031359,2025-04-09,BR024,TLR-5792,C502002,cash deposit,551.87,CAD
CA00026966,2025-04-20,BR002,TLR-1119,C501529,cash deposit,3175.34,CAD
CA00029028,2025-04-04,BR012,TLR-9613,C503656,cash deposit,1502.18,CAD
CA00030230,2025-04-16,BR019,TLR-8229,C503267,cash deposit,450.95,CAD
CA00026844,2025-04-20,BR001,TLR-2725,C501324,cash withdrawal,518.03,CAD
CA00031536,2025-04-07,BR025,TLR-7318,C501584,cash withdrawal,-1378.92,CAD
CA00028045,2025-04-12,BR007,TLR-5151,C502300,cash deposit,787.96,CAD
CA00032685,2025-04-11,BR031,TLR-8018,C503128,cash withdrawal,676.83,CAD
CA00028319,2025-04-27,BR008,TLR-4462,C500893,cash deposit,782.45,CAD
CA00030388,2025-04-10,BR019,TLR-6245,C503697,cash deposit,806.68,CAD
CA00028336,2025-04-04,BR008,TLR-4573,C503619,cash withdrawal,676.19,CAD
CA00028593,2025-04-17,BR010,TLR-9768,C502730,cash deposit,244.35,CAD
CA00028986,2025-04-19,BR012,TLR-7372,C501522,cash withdrawal,764.42,CAD
CA00032017,2025-04-01,BR027,TLR-3965,C503775,cash deposit,2128.59,CAD
CA00026656,2025-04-12,BR001,TLR-3751,C500481,cash withdrawal,575.01,CAD
CA00030868,2025-04-15,BR021,TLR-2861,C501930,cash deposit,586.46,CAD
CA00033776,2025-04-11,BR036,TLR-2902,C500859,cash deposit,912.44,CAD
CA00029957,2025-04-24,BR017,TLR-6150,C501537,cash deposit,4285.81,CAD
CA00028055,2025-04-13,BR007,TLR-6610,C503657,cash deposit,1967.85,CAD
CA00027650,2025-04-06,BR005,TLR-1743,C500456,cash deposit,416.22,CAD
CA00027192,2025-04-10,BR003,TLR-2726,C500120,cash withdrawal,488.5,CAD
CA00028237,2025-04-24,BR008,TLR-8352,C501780,cash withdrawal,1458.58,CAD
CA00035047,2025-04-21,BR040,TLR-5453,C502627,cash withdrawal,2491.31,CAD
CA00027071,2025-04-05,BR002,TLR-8612,C500206,cash deposit,909.53,CAD
CA00027349,2025-04-26,BR003,TLR-9189,C501602,cash deposit,1107.64,CAD
CA00026945,2025-04-20,BR002,TLR-2028,C503395,cash deposit,130.56,CAD
CA00028212,2025-04-16,BR008,TLR-3262,C503898,cash withdrawal,2133.76,CAD
CA00028506,2025-04-03,BR009,TLR-4510,C503479,cash deposit,278.42,CAD
CA00032508,2025-04-11,BR030,TLR-4512,C503017,cash withdrawal,878.88,CAD
CA00032412,2025-04-19,BR030,TLR-9468,C502875,cash deposit,723.48,CAD
CA00029974,2025-04-10,BR017,TLR-4145,C501650,cash deposit,427.03,CAD
CA00034334,2025-04-19,BR038,TLR-8385,C503101,cash deposit,746.0,CAD
CA00029946,2025-04-12,BR017,TLR-8158,C500299,cash deposit,1017.16,CAD
CA00035254,2025-04-14,BR040,TLR-4170,C501368,cash withdrawal,781.94,CAD
CA00032945,2025-04-10,BR032,TLR-6922,C503438,cash deposit,1939.15,CAD
CA00027177,2025-04-26,BR003,TLR-9308,C501182,cash withdrawal,968.59,CAD
CA00028887,2025-04-29,BR012,TLR-5075,C501208,cash withdrawal,893.01,CAD
CA00027485,2025-04-02,BR004,TLR-9947,C503286,cash deposit,561.75,CAD
CA00030058,2025-04-13,BR017,TLR-2462,C501483,cash withdrawal,316.47,CAD
CA00029473,2025-04-17,BR015,TLR-7345,C502641,cash deposit,467.44,CAD
CA00032247,2025-04-21,BR029,TLR-2155,C500544,cash deposit,784.69,CAD
CA00029695,2025-04-28,BR016,TLR-8702,C501244,cash deposit,681.34,CAD
CA00031468,2025-04-25,BR025,TLR-8442,C502069,cash deposit,3167.43,CAD
CA00034328,2025-04-11,BR038,TLR-4059,C502628,cash deposit,254.16,CAD
CA00028815,2025-04-29,BR011,TLR-6302,C502690,cash deposit,1406.47,CAD
CA00027521,2025-04-01,BR004,TLR-2356,C503112,cash deposit,2711.5,CAD
CA00029722,2025-04-02,BR016,TLR-8760,C502572,cash withdrawal,1195.12,CAD
CA00027879,2025-04-13,BR006,TLR-3487,C502151,cash withdrawal,753.66,CAD
CA00033391,2025-04-24,BR035,TLR-9621,C502745,cash deposit,396.92,CAD
CA00027203,2025-04-22,BR003,TLR-7985,C503754,cash withdrawal,1063.82,CAD
CA00034017,2025-04-21,BR037,TLR-2911,C503202,cash withdrawal,1028.8,CAD
CA00033255,2025-04-07,BR034,TLR-1778,C503544,cash withdrawal,1322.07,CAD
CA00032902,2025-04-03,BR032,TLR-2284,C501156,cash deposit,1748.6,CAD
CA00030596,2025-04-15,BR019,TLR-3444,C503502,cash withdrawal,591.8,CAD
CA00027983,2025-04-01,BR007,TLR-6711,C503635,cash deposit,730.86,CAD
CA00030183,2025-04-03,BR018,TLR-7421,C501434,cash withdrawal,1010.04,CAD
CA00026718,2025-04-10,BR001,TLR-6629,C502884,cash deposit,2933.14,CAD
CA00034931,2025-04-22,BR040,TLR-4113,C501265,cash withdrawal,958.5,CAD
CA00032347,2025-04-06,BR030,TLR-7826,C503515,cash deposit,318.24,CAD
CA00034761,2025-04-05,BR040,TLR-2877,C502702,cash withdrawal,560.26,CAD
CA00028496,2025-04-01,BR009,TLR-6282,C501590,cash deposit,663.12,CAD
CA00027730,2025-04-15,BR006,TLR-3126,C503132,cash withdrawal,488.71,CAD
CA00029014,2025-04-06,BR012,TLR-5838,C501723,cash withdrawal,279.52,CAD
CA00030978,2025-04-07,BR022,TLR-2857,C501410,cash deposit,252.97,CAD
CA00035196,2025-04-14,BR040,TLR-4559,C500651,cash deposit,646.87,CAD
CA00027856,2025-04-24,BR006,TLR-6201,C500631,cash withdrawal,736.66,CAD
CA00026912,2025-04-30,BR002,TLR-8483,C502122,cash withdrawal,-487.88,CAD
CA00035139,2025-04-27,BR040,TLR-3920,C503796,cash deposit,389.92,CAD
CA00027435,2025-04-28,BR004,TLR-9856,C500719,cash withdrawal,1409.61,CAD
CA00035143,2025-04-09,BR040,TLR-3858,C501658,cash withdrawal,819.06,CAD
CA00033195,2025-04-10,BR034,TLR-8413,C500087,cash deposit,2256.57,CAD
CA00033899,2025-04-19,BR036,TLR-1119,C503009,cash withdrawal,301.15,CAD
CA00032273,2025-04-30,BR029,TLR-8794,C502596,cash withdrawal,1677.98,CAD
CA00026774,2025-04-07,BR001,TLR-5433,C503979,cash withdrawal,1242.68,CAD
CA00034479,2025-04-17,BR039,TLR-9855,C502250,cash deposit,770.07,CAD
CA00035010,2025-04-14,BR040,TLR-3820,C501230,cash withdrawal,571.77,CAD
CA00035300,2025-04-22,BR040,TLR-6826,C503154,cash withdrawal,304.95,CAD
CA00030348,2025-04-06,BR019,TLR-2544,C500219,cash deposit,806.18,CAD
CA00030011,2025-04-07,BR017,TLR-3668,C500342,cash deposit,3044.32,CAD
CA00034903,2025-04-19,BR040,TLR-1025,C503200,cash deposit,1247.17,CAD
CA00029889,2025-04-27,BR017,TLR-8968,C503077,cash withdrawal,790.31,CAD
CA00027769,2025-04-28,BR006,TLR-4373,C502016,cash withdrawal,870.17,CAD
CA00028709,2025-04-06,BR010,TLR-9298,C503755,cash withdrawal,630.13,CAD
CA00034484,2025-04-18,BR039,TLR-5910,C500591,cash deposit,466.46,CAD
CA00027973,2025-04-23,BR006,TLR-2374,C501493,cash deposit,1137.66,CAD
CA00035237,2025-04-08,BR040,TLR-2245,C503503,cash deposit,3574.63,CAD
CA00032001,2025-04-01,BR027,TLR-5464,C503793,cash deposit,1996.32,CAD
CA00027101,2025-04-11,BR002,TLR-6198,C501124,cash deposit,859.75,CAD
CA00030070,2025-04-17,BR017,TLR-2087,C500192,cash deposit,959.3,CAD
CA00028556,2025-04-01,BR009,TLR-2536,C503058,cash withdrawal,2248.19,CAD
CA00029315,2025-04-01,BR014,TLR-2772,C503781,cash withdrawal,2897.87,CAD
CA00030578,2025-04-11,BR019,TLR-6266,C503224,cash deposit,694.53,CAD
CA00030833,2025-04-25,BR021,TLR-5321,C500046,cash deposit,3553.37,CAD
CA00032602,2025-04-21,BR030,TLR-7286,C503403,cash deposit,1169.73,CAD
CA00029720,2025-04-12,BR016,TLR-3473,C500849,cash withdrawal,414.13,CAD
CA00030622,2025-04-27,BR020,TLR-9528,C503200,cash deposit,234.45,USD
CA00034562,2025-04-29,BR039,TLR-8820,C502570,cash deposit,844.88,CAD
CA00031239,2025-04-11,BR024,TLR-5914,C503636,cash withdrawal,679.58,CAD
CA00032319,2025-04-03,BR030,TLR-2311,C500704,cash withdrawal,3497.84,CAD
CA00029082,2025-04-05,BR012,TLR-9942,C503502,cash deposit,314.68,CAD
CA00027575,2025-04-07,BR004,TLR-2911,C501611,cash deposit,449.37,CAD
CA00027497,2025-04-23,BR004,TLR-6123,C503184,cash deposit,284.41,CAD
CA00030524,2025-04-06,BR019,TLR-5026,C500228,cash deposit,940.32,CAD
CA00033583,2025-04-06,BR036,TLR-7286,C500651,cash withdrawal,1068.31,CAD
CA00034517,2025-04-02,BR039,TLR-5892,C503210,cash deposit,434.59,CAD
CA00034543,2025-04-12,BR039,TLR-8154,C501220,cash withdrawal,428.98,CAD
CA00034141,2025-04-25,BR037,TLR-6949,C500444,cash withdrawal,3434.67,CAD
CA00030823,2025-04-11,BR021,TLR-2031,C503815,cash withdrawal,564.82,CAD
CA00034058,2025-04-01,BR037,TLR-7939,C500925,cash deposit,1364.16,CAD
CA00034265,2025-04-26,BR038,TLR-6591,C502904,cash deposit,696.36,CAD
CA00028449,2025-04-12,BR008,TLR-5715,C502595,cash deposit,740.03,CAD
CA00026876,2025-04-30,BR001,TLR-1475,C503434,cash deposit,1681.74,CAD
CA00033475,2025-04-29,BR035,TLR-7764,C502516,cash deposit,5992.38,CAD
CA00034695,2025-04-04,BR040,TLR-7069,C500428,cash deposit,1764.86,CAD
CA00031650,2025-04-21,BR026,TLR-6567,C502091,cash deposit,1566.2,CAD
CA00033216,2025-04-22,BR034,TLR-3831,C502282,cash deposit,2000.01,CAD
CA00028620,2025-04-08,BR010,TLR-1202,C502132,cash withdrawal,629.44,CAD
CA00030406,2025-04-15,BR019,TLR-1880,C503771,cash withdrawal,993.33,CAD
CA00033654,2025-04-27,BR036,TLR-1557,C501314,cash withdrawal,1353.44,CAD
CA00027975,2025-04-18,BR007,TLR-2106,C500883,cash deposit,831.48,CAD
CA00028540,2025-04-29,BR009,TLR-1086,C501849,cash deposit,741.83,CAD
CA00028434,2025-04-01,BR008,TLR-3461,C502256,cash deposit,1331.72,CAD
CA00027352,2025-04-10,BR003,TLR-2583,C500944,cash deposit,2842.45,CAD
CA00030426,2025-04-11,BR019,TLR-4154,C501667,cash withdrawal,636.67,CAD
CA00027676,2025-04-28,BR005,TLR-3731,C502342,cash withdrawal,441.74,CAD
CA00027938,2025-04-30,BR006,TLR-7782,C502398,cash deposit,3460.07,CAD
CA00027084,2025-04-26,BR002,TLR-6251,C501178,cash withdrawal,-1513.61,CAD
CA00034764,2025-04-16,BR040,TLR-7227,C500261,cash withdrawal,275.66,CAD
CA00035108,2025-04-15,BR040,TLR-8435,C502814,cash deposit,699.37,CAD
CA00031885,2025-04-09,BR027,TLR-4842,C503310,cash withdrawal,518.24,CAD
CA00031191,2025-04-15,BR024,TLR-2706,C500257,cash withdrawal,2090.77,CAD
CA00032062,2025-04-02,BR028,TLR-1002,C503020,cash deposit,1079.44,CAD
CA00031740,2025-04-18,BR026,TLR-8847,C502855,cash deposit,494.02,CAD
CA00029927,2025-04-05,BR017,TLR-4450,C502933,cash withdrawal,2785.64,CAD
CA00029456,2025-04-23,BR015,TLR-1317,C501939,cash withdrawal,1509.36,CAD
CA00031896,2025-04-13,BR027,TLR-1665,C503463,cash withdrawal,766.61,CAD
CA00032343,2025-04-06,BR030,TLR-9219,C502798,cash withdrawal,1871.21,CAD
CA00031329,2025-04-26,BR024,TLR-8197,C503190,cash withdrawal,1173.51,CAD
CA00034559,2025-04-05,BR039,TLR-3486,C502089,cash withdrawal,600.82,CAD
CA00029906,2025-04-08,BR017,TLR-6947,C501252,cash deposit,966.32,CAD
CA00033751,2025-04-09,BR036,TLR-9063,C501919,cash deposit,504.05,CAD
CA00031202,2025-04-30,BR024,TLR-1795,C503474,cash deposit,978.26,CAD
CA00032246,2025-04-07,BR029,TLR-8634,C503429,cash withdrawal,722.03,CAD
CA00028682,2025-04-13,BR010,TLR-7176,C503591,cash withdrawal,867.46,CAD
CA00030202,2025-04-08,BR018,TLR-1291,C502324,cash withdrawal,2096.43,CAD
CA00035198,2025-04-27,BR040,TLR-3103,C503094,cash deposit,2144.45,CAD
CA00027028,2025-04-13,BR002,TLR-3178,C500185,cash withdrawal,-914.9,CAD
CA00029437,2025-04-11,BR015,TLR-7543,C502340,cash withdrawal,2119.4,CAD
CA00028725,2025-04-28,BR010,TLR-9224,C500090,cash withdrawal,644.05,CAD
CA00034436,2025-04-22,BR039,TLR-2548,C502621,cash deposit,542.72,CAD
CA00033295,2025-04-27,BR034,TLR-2650,C501791,cash deposit,959.59,CAD
CA00029301,2025-04-03,BR014,TLR-9931,C501640,cash deposit,1287.24,CAD
CA00026867,2025-04-10,BR001,TLR-3386,C503538,cash withdrawal,686.98,CAD
CA00032744,2025-04-13,BR031,TLR-8489,C500749,cash deposit,2266.44,CAD
CA00033058,2025-04-14,BR033,TLR-1431,C500103,cash deposit,1379.84,CAD
CA00027453,2025-04-04,BR004,TLR-2910,C502873,cash withdrawal,1946.81,CAD
CA00028154,2025-04-17,BR007,TLR-8386,C502433,cash withdrawal,659.65,CAD
CA00033579,2025-04-07,BR036,TLR-2670,C503177,cash withdrawal,514.59,CAD
CA00033442,2025-04-29,BR035,TLR-1107,C503811,cash deposit,1081.77,CAD
CA00030507,2025-04-20,BR019,TLR-4535,C500866,cash withdrawal,983.96,CAD
CA00035113,2025-04-23,BR040,TLR-3778,C500912,cash withdrawal,233.18,CAD
CA00035375,2025-04-24,BR040,TLR-5381,C501519,cash withdrawal,2789.15,CAD
CA00029845,2025-04-30,BR016,TLR-4162,C503829,cash withdrawal,2085.89,CAD
CA00034932,2025-04-07,BR040,TLR-9724,C503675,cash withdrawal,840.67,CAD
CA00032226,2025-04-07,BR029,TLR-7532,C502687,cash deposit,2334.99,CAD
CA00030354,2025-04-29,BR019,TLR-6898,C502391,cash deposit,759.11,CAD
CA00035250,2025-04-03,BR040,TLR-5027,C500460,cash withdrawal,962.71,CAD
CA00034291,2025-04-19,BR038,TLR-6552,C503050,cash deposit,568.75,CAD
CA00027130,2025-04-07,BR003,TLR-5853,C501669,cash withdrawal,400.67,CAD
CA00030410,2025-04-14,BR019,TLR-3213,C503408,cash withdrawal,643.43,CAD
CA00030580,2025-04-02,BR019,TLR-5564,C502453,cash deposit,1171.26,CAD
CA00030122,2025-04-19,BR018,TLR-3726,C503745,cash withdrawal,1184.93,CAD
CA00029579,2025-04-17,BR015,TLR-6806,C501211,cash deposit,901.26,CAD
CA00027066,2025-04-11,BR002,TLR-1290,C503866,cash deposit,806.5,CAD
CA00032355,2025-04-18,BR030,TLR-4759,C502909,cash withdrawal,2299.2,CAD
CA00026900,2025-04-03,BR002,TLR-9740,C502162,cash deposit,1255.25,CAD
CA00032913,2025-04-10,BR032,TLR-2577,C500281,cash deposit,436.58,CAD
CA00028918,2025-04-18,BR012,TLR-3702,C503206,cash withdrawal,455.68,CAD
CA00034553,2025-04-20,BR039,TLR-1102,C503121,cash deposit,337.03,CAD
CA00027312,2025-04-20,BR003,TLR-6064,C500846,cash deposit,2291.0,CAD
CA00034378,2025-04-27,BR039,TLR-6444,C502597,cash withdrawal,1633.04,CAD
CA00026930,2025-04-03,BR002,TLR-3712,C502136,cash withdrawal,-1532.1,CAD
CA00033706,2025-04-08,BR036,TLR-5951,C502004,cash withdrawal,1165.22,CAD
CA00032821,2025-04-30,BR031,TLR-8707,C501487,cash withdrawal,875.5,CAD
CA00034431,2025-04-22,BR039,TLR-2322,C500665,cash deposit,3644.53,CAD
CA00031093,2025-04-14,BR023,TLR-2427,C500878,cash withdrawal,1813.38,CAD
CA00032993,2025-04-06,BR032,TLR-1095,C503988,cash deposit,1967.09,CAD
CA00029642,2025-04-22,BR015,TLR-3016,C501744,cash withdrawal,2010.45,CAD
CA00033124,2025-04-06,BR033,TLR-2018,C503946,cash deposit,1442.04,CAD
CA00027247,2025-04-14,BR003,TLR-5464,C502753,cash deposit,1174.28,CAD
CA00030752,2025-04-14,BR020,TLR-8401,C500267,cash withdrawal,4584.48,USD
CA00028421,2025-04-21,BR008,TLR-7803,C500541,cash deposit,477.39,CAD
CA00027928,2025-04-04,BR006,TLR-1712,C501484,cash withdrawal,1623.52,CAD
CA00026671,2025-04-15,BR001,TLR-2561,C501167,cash deposit,2457.85,CAD
CA00032862,2025-04-08,BR031,TLR-9526,C501812,cash withdrawal,661.01,CAD
CA00033087,2025-04-11,BR033,TLR-2534,C503224,cash withdrawal,612.94,CAD
CA00027538,2025-04-10,BR004,TLR-9239,C503503,cash deposit,380.43,CAD
CA00028878,2025-04-20,BR012,TLR-4884,C502420,cash deposit,2316.23,CAD
CA00033289,2025-04-20,BR034,TLR-9867,C502543,cash deposit,1183.34,CAD
CA00035083,2025-04-08,BR040,TLR-9598,C501948,cash deposit,939.76,CAD
CA00031285,2025-04-06,BR024,TLR-8545,C501131,cash deposit,393.12,CAD
CA00031864,2025-04-09,BR027,TLR-6033,C501580,cash withdrawal,1088.4,CAD
CA00028962,2025-04-13,BR012,TLR-1822,C503504,cash deposit,521.48,CAD
CA00029534,2025-04-19,BR015,TLR-9449,C503541,cash withdrawal,1060.2,CAD
CA00026591,2025-04-24,BR001,TLR-9176,C502203,cash deposit,746.12,CAD
CA00029835,2025-04-06,BR016,TLR-9909,C500002,cash deposit,1707.42,CAD
CA00035316,2025-04-25,BR040,TLR-6554,C502608,cash deposit,346.67,CAD
CA00035320,2025-04-18,BR040,TLR-6854,C501950,cash deposit,427.19,CAD
CA00026861,2025-04-17,BR001,TLR-4603,C502701,cash withdrawal,571.58,CAD
CA00034503,2025-04-29,BR039,TLR-6179,C500530,cash deposit,1132.34,CAD
CA00026679,2025-04-25,BR001,TLR-7206,C503142,cash withdrawal,2713.03,CAD
CA00029393,2025-04-23,BR014,TLR-3472,C503963,cash withdrawal,1256.76,CAD
CA00032113,2025-04-10,BR028,TLR-2615,C501995,cash deposit,947.8,CAD
CA00027642,2025-04-11,BR005,TLR-9582,C503769,cash withdrawal,737.21,CAD
CA00031031,2025-04-28,BR023,TLR-2766,C503582,cash withdrawal,987.83,CAD
CA00030155,2025-04-02,BR018,TLR-1580,C503766,cash withdrawal,951.97,CAD
CA00029262,2025-04-02,BR014,TLR-7174,C501284,cash withdrawal,958.05,CAD
CA00034355,2025-04-16,BR038,TLR-5278,C502877,cash withdrawal,2636.64,CAD
CA00029401,2025-04-17,BR015,TLR-8299,C501145,cash deposit,753.75,CAD
CA00029943,2025-04-29,BR017,TLR-6839,C503046,cash deposit,2700.84,CAD
CA00029023,2025-04-09,BR012,TLR-7520,C500013,cash deposit,851.62,CAD
CA00029850,2025-04-08,BR016,TLR-6309,C501494,cash withdrawal,653.71,CAD
CA00027346,2025-04-26,BR003,TLR-5842,C500784,cash withdrawal,318.74,CAD
CA00028545,2025-04-28,BR009,TLR-3096,C502467,cash deposit,2233.44,CAD
CA00033290,2025-04-06,BR034,TLR-5274,C500103,cash withdrawal,2487.71,CAD
CA00030434,2025-04-03,BR019,TLR-9956,C502124,cash deposit,665.92,CAD
CA00029291,2025-04-28,BR014,TLR-1982,C502606,cash withdrawal,1064.1,CAD
CA00029991,2025-04-18,BR017,TLR-9784,C500035,cash withdrawal,307.64,CAD
CA00031803,2025-04-15,BR026,TLR-5187,C501434,cash deposit,584.65,CAD
CA00030918,2025-04-16,BR021,TLR-9513,C502836,cash deposit,8151.84,CAD
CA00031689,2025-04-16,BR026,TLR-2552,C501833,cash deposit,4341.09,CAD
CA00032627,2025-04-04,BR031,TLR-8542,C503972,cash deposit,360.21,CAD
CA00034892,2025-04-19,BR040,TLR-6582,C502947,cash withdrawal,2798.04,CAD
CA00032992,2025-04-05,BR032,TLR-5317,C501081,cash withdrawal,202.76,CAD
CA00032260,2025-04-28,BR029,TLR-9674,C502760,cash withdrawal,383.22,CAD
CA00027576,2025-04-20,BR004,TLR-9121,C500629,cash withdrawal,475.8,CAD
CA00028945,2025-04-22,BR012,TLR-3238,C500540,cash withdrawal,1892.8,CAD
CA00032630,2025-04-14,BR031,TLR-3190,C503367,cash deposit,489.66,CAD
CA00035307,2025-04-28,BR040,TLR-3146,C503265,cash withdrawal,1203.72,CAD
CA00026720,2025-04-16,BR001,TLR-2760,C502599,cash withdrawal,747.81,CAD
CA00029730,2025-04-08,BR016,TLR-7354,C503117,cash deposit,446.42,CAD
CA00027023,2025-04-12,BR002,TLR-1529,C502492,cash withdrawal,-1181.49,CAD
CA00030496,2025-04-29,BR019,TLR-1285,C502335,cash deposit,3813.68,CAD
CA00033793,2025-04-18,BR036,TLR-7194,C503129,cash deposit,349.85,CAD
CA00027174,2025-04-09,BR003,TLR-3383,C503686,cash withdrawal,2639.53,CAD
CA00028570,2025-04-02,BR009,TLR-8024,C502745,cash deposit,703.48,CAD
CA00027221,2025-04-24,BR003,TLR-2994,C500001,cash withdrawal,1437.25,CAD
CA00035312,2025-04-29,BR040,TLR-2921,C502209,cash deposit,578.82,CAD
CA00029839,2025-04-28,BR016,TLR-6955,C502048,cash deposit,1509.7,CAD
CA00033934,2025-04-06,BR037,TLR-4654,C501912,cash withdrawal,3083.34,CAD
CA00027360,2025-04-25,BR004,TLR-3846,C502809,cash deposit,1514.33,CAD
CA00028700,2025-04-13,BR010,TLR-2472,C500235,cash withdrawal,1119.78,CAD
CA00031008,2025-04-21,BR022,TLR-4854,C501815,cash withdrawal,1866.47,CAD
CA00031484,2025-04-25,BR025,TLR-3809,C502487,cash withdrawal,-639.6,CAD
CA00029686,2025-04-01,BR016,TLR-4986,C501587,cash deposit,2626.76,CAD
CA00032586,2025-04-05,BR030,TLR-7380,C503160,cash withdrawal,202.44,CAD
CA00026651,2025-04-19,BR001,TLR-6797,C503909,cash withdrawal,270.85,CAD
CA00030653,2025-04-23,BR020,TLR-5507,C500164,cash withdrawal,761.62,USD
CA00030731,2025-04-22,BR020,TLR-6076,C501666,cash deposit,828.84,USD
CA00026852,2025-04-04,BR001,TLR-3303,C503152,cash deposit,504.13,CAD
CA00029359,2025-04-21,BR014,TLR-5482,C502169,cash withdrawal,312.37,CAD
CA00033018,2025-04-19,BR032,TLR-6136,C501996,cash withdrawal,684.43,CAD
CA00027701,2025-04-14,BR006,TLR-4915,C500838,cash withdrawal,4812.88,CAD
CA00030319,2025-04-07,BR019,TLR-3484,C503918,cash deposit,283.91,CAD
CA00027211,2025-04-18,BR003,TLR-2100,C500668,cash withdrawal,1620.36,CAD
CA00027092,2025-04-29,BR002,TLR-4585,C502821,cash withdrawal,-1364.73,CAD
CA00027408,2025-04-25,BR004,TLR-7973,C502297,cash withdrawal,1991.79,CAD
CA00031599,2025-04-05,BR025,TLR-6406,C500798,cash deposit,361.56,CAD
CA00029891,2025-04-06,BR017,TLR-4922,C503966,cash withdrawal,844.92,CAD
CA00034325,2025-04-02,BR038,TLR-5232,C501723,cash deposit,1961.53,CAD
CA00030913,2025-04-27,BR021,TLR-9479,C502444,cash deposit,1782.0,CAD
CA00031845,2025-04-29,BR026,TLR-2127,C504000,cash deposit,508.25,CAD
CA00028441,2025-04-17,BR008,TLR-4223,C503668,cash deposit,1210.03,CAD
CA00029167,2025-04-07,BR013,TLR-6974,C500496,cash withdrawal,1416.74,CAD
CA00030106,2025-04-26,BR017,TLR-4068,C503186,cash withdrawal,541.82,CAD
CA00034996,2025-04-06,BR040,TLR-4971,C503734,cash withdrawal,1642.44,CAD
CA00032714,2025-04-22,BR031,TLR-9442,C500176,cash withdrawal,658.88,CAD
CA00027348,2025-04-16,BR003,TLR-3411,C501085,cash deposit,1074.62,CAD
CA00027489,2025-04-15,BR004,TLR-7910,C503353,cash deposit,434.39,CAD
CA00027241,2025-04-16,BR003,TLR-7731,C501237,cash withdrawal,867.35,CAD
CA00028260,2025-04-03,BR008,TLR-1604,C500731,cash deposit,235.16,CAD
CA00028433,2025-04-12,BR008,TLR-7335,C502619,cash deposit,1624.76,CAD
CA00029721,2025-04-07,BR016,TLR-5832,C503412,cash deposit,347.23,CAD
CA00034428,2025-04-11,BR039,TLR-4976,C503105,cash withdrawal,1231.2,CAD
CA00033233,2025-04-21,BR034,TLR-9707,C500191,cash deposit,3602.09,CAD
CA00033040,2025-04-03,BR033,TLR-4826,C502608,cash withdrawal,2047.69,CAD
CA00033046,2025-04-23,BR033,TLR-2105,C503505,cash withdrawal,607.62,CAD
CA00028983,2025-04-08,BR012,TLR-7063,C501379,cash withdrawal,1238.62,CAD
CA00028171,2025-04-07,BR007,TLR-4846,C503685,cash deposit,1729.72,CAD
CA00027510,2025-04-13,BR004,TLR-6525,C500709,cash deposit,1535.79,CAD
CA00029464,2025-04-03,BR015,TLR-7047,C501592,cash deposit,1122.52,CAD
CA00028523,2025-04-15,BR009,TLR-8185,C503048,cash deposit,431.93,CAD
CA00027801,2025-04-02,BR006,TLR-6592,C502747,cash withdrawal,1011.68,CAD
CA00034895,2025-04-15,BR040,TLR-7962,C502796,cash deposit,1242.87,CAD
CA00034855,2025-04-28,BR040,TLR-9539,C501694,cash withdrawal,1095.11,CAD
CA00029412,2025-04-25,BR015,TLR-2109,C503501,cash deposit,858.41,CAD
CA00026685,2025-04-23,BR001,TLR-7686,C503360,cash deposit,278.85,CAD
CA00031600,2025-04-26,BR025,TLR-5491,C503574,cash withdrawal,-811.67,CAD
CA00027371,2025-04-23,BR004,TLR-5968,C502183,cash deposit,808.37,CAD
CA00031610,2025-04-25,BR025,TLR-1884,C500283,cash withdrawal,-244.5,CAD
CA00034813,2025-04-18,BR040,TLR-8125,C501628,cash withdrawal,3843.57,CAD
CA00035180,2025-04-20,BR040,TLR-8692,C500157,cash deposit,1282.07,CAD
CA00032687,2025-04-21,BR031,TLR-1311,C502654,cash deposit,3412.27,CAD
CA00027665,2025-04-21,BR005,TLR-8912,C500624,cash deposit,379.31,CAD
CA00033031,2025-04-21,BR033,TLR-9349,C501139,cash withdrawal,276.8,CAD
CA00035091,2025-04-11,BR040,TLR-4222,C502427,cash withdrawal,816.81,CAD
CA00035209,2025-04-17,BR040,TLR-3767,C500700,cash withdrawal,1206.34,CAD
CA00027734,2025-04-28,BR006,TLR-3241,C502014,cash deposit,343.99,CAD
CA00033358,2025-04-18,BR035,TLR-2292,C501970,cash deposit,474.43,CAD
CA00029495,2025-04-23,BR015,TLR-3780,C502691,cash withdrawal,1213.68,CAD
CA00034349,2025-04-26,BR038,TLR-9600,C501885,cash deposit,666.42,CAD
CA00030443,2025-04-25,BR019,TLR-9357,C502318,cash withdrawal,1068.02,CAD
CA00031703,2025-04-02,BR026,TLR-3983,C500205,cash deposit,898.61,CAD
CA00031972,2025-04-07,BR027,TLR-7329,C503554,cash deposit,1874.63,CAD
CA00028475,2025-04-17,BR009,TLR-2658,C502853,cash deposit,376.44,CAD
CA00031644,2025-04-11,BR026,TLR-3699,C503956,cash deposit,269.67,CAD
CA00026684,2025-04-25,BR001,TLR-8272,C502787,cash withdrawal,353.74,CAD
CA00028271,2025-04-02,BR008,TLR-5274,C500341,cash deposit,815.23,CAD
CA00031930,2025-04-15,BR027,TLR-6621,C503038,cash deposit,1595.18,CAD
CA00030209,2025-04-13,BR018,TLR-5796,C503113,cash withdrawal,642.06,CAD
CA00032465,2025-04-14,BR030,TLR-4477,C502850,cash withdrawal,1736.72,CAD
CA00033119,2025-04-01,BR033,TLR-8414,C503823,cash deposit,2788.05,CAD
CA00034442,2025-04-03,BR039,TLR-4248,C503048,cash withdrawal,613.02,CAD
CA00033617,2025-04-10,BR036,TLR-6055,C501978,cash deposit,2844.5,CAD
CA00035340,2025-04-23,BR040,TLR-1150,C500549,cash deposit,892.51,CAD
CA00033523,2025-04-24,BR035,TLR-5231,C502887,cash deposit,496.45,CAD
CA00034284,2025-04-17,BR038,TLR-2342,C502270,cash deposit,647.82,CAD
CA00031806,2025-04-25,BR026,TLR-9744,C502521,cash withdrawal,-2130.34,CAD
CA00029915,2025-04-26,BR017,TLR-3119,C500273,cash deposit,905.0,CAD
CA00030570,2025-04-02,BR019,TLR-1193,C502564,cash withdrawal,1140.41,CAD
CA00028566,2025-04-17,BR009,TLR-4229,C502003,cash deposit,495.93,CAD
CA00032927,2025-04-20,BR032,TLR-9039,C502178,cash deposit,1808.94,CAD
CA00035075,2025-04-02,BR040,TLR-5254,C501150,cash withdrawal,1214.05,CAD
CA00027075,2025-04-14,BR002,TLR-5173,C502113,cash withdrawal,-3120.27,CAD
CA00029418,2025-04-12,BR015,TLR-2253,C500739,cash withdrawal,264.18,CAD
CA00032809,2025-04-12,BR031,TLR-9363,C502157,cash withdrawal,347.73,CAD
CA00027169,2025-04-04,BR003,TLR-3782,C500612,cash withdrawal,1042.15,CAD
CA00030420,2025-04-19,BR019,TLR-2905,C503829,cash withdrawal,1962.05,CAD
CA00032942,2025-04-15,BR032,TLR-4064,C503781,cash deposit,1086.05,CAD
CA00029984,2025-04-17,BR017,TLR-8304,C500497,cash withdrawal,610.52,CAD
CA00034767,2025-04-06,BR040,TLR-3433,C503359,cash deposit,777.02,CAD
CA00029882,2025-04-17,BR017,TLR-9069,C501450,cash withdrawal,3719.71,CAD
CA00033130,2025-04-19,BR033,TLR-1968,C500386,cash withdrawal,2228.48,CAD
CA00029678,2025-04-16,BR016,TLR-5628,C502832,cash withdrawal,673.51,CAD
CA00032174,2025-04-18,BR029,TLR-7601,C500824,cash deposit,832.1,CAD
CA00034769,2025-04-22,BR040,TLR-8799,C501431,cash deposit,785.04,CAD
CA00033490,2025-04-18,BR035,TLR-6725,C503503,cash deposit,3901.73,CAD
CA00030405,2025-04-18,BR019,TLR-5032,C500132,cash withdrawal,1323.62,CAD
CA00034212,2025-04-26,BR038,TLR-3487,C501230,cash deposit,497.78,CAD
CA00030180,2025-04-03,BR018,TLR-4681,C500299,cash withdrawal,759.75,CAD
CA00027870,2025-04-06,BR006,TLR-6569,C500507,cash deposit,2434.47,CAD
CA00035183,2025-04-13,BR040,TLR-8442,C501760,cash deposit,1845.19,CAD
CA00033667,2025-04-18,BR036,TLR-4916,C501544,cash withdrawal,479.97,CAD
CA00029465,2025-04-17,BR015,TLR-6878,C502791,cash deposit,2752.0,CAD
CA00032984,2025-04-24,BR032,TLR-7207,C503081,cash withdrawal,420.74,CAD
CA00033081,2025-04-13,BR033,TLR-3693,C500555,cash deposit,1190.88,CAD
CA00029727,2025-04-20,BR016,TLR-4453,C501399,cash deposit,1793.05,CAD
CA00027291,2025-04-08,BR003,TLR-9078,C502310,cash withdrawal,877.8,CAD
CA00033694,2025-04-11,BR036,TLR-3375,C503704,cash deposit,422.06,CAD
CA00027373,2025-04-12,BR004,TLR-9378,C500209,cash deposit,1515.54,CAD
CA00032192,2025-04-08,BR029,TLR-5689,C503677,cash deposit,1376.7,CAD
CA00029756,2025-04-28,BR016,TLR-8733,C500316,cash deposit,1008.5,CAD
CA00034549,2025-04-08,BR039,TLR-8859,C500012,cash withdrawal,353.83,CAD
CA00033566,2025-04-14,BR035,TLR-3875,C501974,cash withdrawal,2051.96,CAD
CA00027663,2025-04-30,BR005,TLR-6547,C502644,cash deposit,4487.03,CAD
CA00027644,2025-04-01,BR005,TLR-4658,C501206,cash withdrawal,317.36,CAD
CA00034305,2025-04-13,BR038,TLR-6103,C501351,cash withdrawal,1338.1,CAD
CA00032994,2025-04-25,BR032,TLR-8380,C503123,cash deposit,540.32,CAD
CA00033779,2025-04-01,BR036,TLR-1476,C501379,cash deposit,495.29,CAD
CA00032489,2025-04-25,BR030,TLR-3364,C501058,cash deposit,728.97,CAD
CA00027306,2025-04-09,BR003,TLR-7592,C500015,cash withdrawal,878.84,CAD
CA00030757,2025-04-02,BR020,TLR-7672,C500971,cash withdrawal,868.17,USD
CA00028778,2025-04-25,BR010,TLR-3835,C501987,cash deposit,338.94,CAD
CA00032197,2025-04-05,BR029,TLR-9393,C503897,cash deposit,2399.6,CAD
CA00027842,2025-04-04,BR006,TLR-8626,C501510,cash withdrawal,1055.93,CAD
CA00031104,2025-04-15,BR023,TLR-3328,C503876,cash withdrawal,857.7,CAD
CA00032820,2025-04-27,BR031,TLR-6232,C502213,cash withdrawal,639.28,CAD
CA00032232,2025-04-02,BR029,TLR-1852,C501482,cash deposit,872.36,CAD
CA00032211,2025-04-26,BR029,TLR-3227,C500435,cash withdrawal,1505.77,CAD
CA00032304,2025-04-13,BR029,TLR-9408,C502224,cash withdrawal,1558.15,CAD
CA00031866,2025-04-22,BR027,TLR-3242,C500913,cash withdrawal,1553.8,CAD
CA00033677,2025-04-28,BR036,TLR-7206,C503195,cash withdrawal,752.0,CAD
CA00034093,2025-04-28,BR037,TLR-5568,C500596,cash deposit,498.1,CAD
CA00032757,2025-04-25,BR031,TLR-7337,C500991,cash deposit,1108.28,CAD
CA00031535,2025-04-30,BR025,TLR-3129,C500157,cash deposit,1717.06,CAD
CA00030633,2025-04-14,BR020,TLR-8270,C502945,cash deposit,1315.25,USD
CA00029739,2025-04-02,BR016,TLR-4051,C503361,cash deposit,1339.59,CAD
CA00033876,2025-04-11,BR036,TLR-2238,C501540,cash deposit,584.82,CAD
CA00029248,2025-04-10,BR014,TLR-7536,C501518,cash deposit,294.57,CAD
CA00027866,2025-04-03,BR006,TLR-2168,C500092,cash withdrawal,1833.93,CAD
CA00033356,2025-04-27,BR035,TLR-9971,C503886,cash deposit,2299.14,CAD
CA00027639,2025-04-27,BR005,TLR-3841,C503496,cash deposit,1761.73,CAD
CA00031084,2025-04-03,BR023,TLR-2869,C500150,cash deposit,440.17,CAD
CA00032318,2025-04-15,BR030,TLR-3901,C503476,cash withdrawal,2085.2,CAD
CA00026648,2025-04-18,BR001,TLR-1899,C502793,cash deposit,336.95,CAD
CA00029095,2025-04-18,BR013,TLR-8975,C503664,cash deposit,602.51,CAD
CA00032924,2025-04-11,BR032,TLR-7018,C503283,cash deposit,216.48,CAD
CA00031060,2025-04-13,BR023,TLR-9818,C503243,cash withdrawal,1564.59,CAD
CA00033972,2025-04-06,BR037,TLR-9028,C502943,cash deposit,1497.42,CAD
CA00032239,2025-04-03,BR029,TLR-7888,C502658,cash withdrawal,899.44,CAD
CA00033063,2025-04-16,BR033,TLR-1329,C501750,cash deposit,608.68,CAD
CA00026601,2025-04-29,BR001,TLR-1010,C501210,cash deposit,2198.6,CAD
CA00028799,2025-04-25,BR011,TLR-4173,C503614,cash deposit,1215.88,CAD
CA00029462,2025-04-23,BR015,TLR-4730,C503162,cash deposit,1105.78,CAD
CA00027981,2025-04-17,BR007,TLR-6624,C503753,cash withdrawal,792.48,CAD
CA00026821,2025-04-30,BR001,TLR-3445,C500615,cash deposit,603.52,CAD
CA00027310,2025-04-11,BR003,TLR-8150,C503140,cash withdrawal,629.95,CAD
CA00034643,2025-04-07,BR040,TLR-1008,C500337,cash withdrawal,3754.41,CAD
CA00027711,2025-04-16,BR006,TLR-4007,C503620,cash deposit,2355.07,CAD
CA00030739,2025-04-23,BR020,TLR-9780,C500249,cash withdrawal,2072.14,USD
CA00027199,2025-04-19,BR003,TLR-3574,C502570,cash deposit,1132.84,CAD
CA00028543,2025-04-14,BR009,TLR-3023,C501416,cash deposit,949.42,CAD
CA00032664,2025-04-09,BR031,TLR-2627,C502996,cash deposit,391.94,CAD
CA00034143,2025-04-10,BR037,TLR-3594,C501286,cash withdrawal,710.89,CAD
CA00030921,2025-04-23,BR021,TLR-3990,C501193,cash deposit,437.28,CAD
CA00032662,2025-04-23,BR031,TLR-9023,C500632,cash deposit,588.94,CAD
CA00034145,2025-04-01,BR037,TLR-9759,C501432,cash deposit,2393.95,CAD
CA00031842,2025-04-01,BR026,TLR-5190,C503960,cash withdrawal,-398.25,CAD
CA00028841,2025-04-14,BR011,TLR-8380,C501930,cash deposit,351.74,CAD
CA00029454,2025-04-27,BR015,TLR-4242,C500213,cash withdrawal,1707.11,CAD
CA00032846,2025-04-03,BR031,TLR-3711,C501944,cash deposit,2182.4,CAD
CA00027723,2025-04-25,BR006,TLR-3288,C502627,cash deposit,2398.3,CAD
CA00029908,2025-04-07,BR017,TLR-9172,C500092,cash withdrawal,1567.77,CAD
CA00028928,2025-04-06,BR012,TLR-9232,C500204,cash withdrawal,558.98,CAD
CA00032749,2025-04-29,BR031,TLR-2862,C501042,cash withdrawal,732.9,CAD
CA00032870,2025-04-01,BR032,TLR-3870,C503797,cash deposit,1107.97,CAD
CA00033168,2025-04-30,BR033,TLR-4160,C500106,cash deposit,845.43,CAD
CA00026755,2025-04-13,BR001,TLR-8055,C500804,cash deposit,408.19,CAD
CA00031565,2025-04-09,BR025,TLR-3563,C503899,cash deposit,112.42,CAD
CA00032694,2025-04-16,BR031,TLR-8857,C500883,cash withdrawal,731.24,CAD
CA00033559,2025-04-30,BR035,TLR-3381,C501492,cash withdrawal,881.91,CAD
CA00028565,2025-04-04,BR009,TLR-7445,C503226,cash deposit,734.3,CAD
CA00034320,2025-04-17,BR038,TLR-9890,C501587,cash deposit,3653.6,CAD
CA00034490,2025-04-21,BR039,TLR-7331,C503044,cash deposit,740.12,CAD
CA00032796,2025-04-08,BR031,TLR-8812,C500877,cash deposit,907.65,CAD
CA00030722,2025-04-04,BR020,TLR-5694,C502482,cash deposit,361.88,USD
CA00032947,2025-04-20,BR032,TLR-5280,C502418,cash deposit,1865.73,CAD
CA00033539,2025-04-12,BR035,TLR-9350,C503658,cash deposit,2137.16,CAD
CA00034514,2025-04-06,BR039,TLR-6257,C500117,cash deposit,2213.38,CAD
CA00030665,2025-04-07,BR020,TLR-9531,C503331,cash deposit,8622.57,USD
CA00029930,2025-04-07,BR017,TLR-9316,C503345,cash deposit,293.6,CAD
CA00032398,2025-04-04,BR030,TLR-3207,C500393,cash deposit,1318.25,CAD
CA00028097,2025-04-06,BR007,TLR-8794,C500686,cash withdrawal,1417.22,CAD
CA00028713,2025-04-13,BR010,TLR-5817,C501972,cash withdrawal,1713.21,CAD
CA00034766,2025-04-10,BR040,TLR-5829,C501301,cash deposit,467.98,CAD
CA00032575,2025-04-28,BR030,TLR-4791,C502735,cash withdrawal,3648.01,CAD
CA00035190,2025-04-11,BR040,TLR-5435,C500062,cash withdrawal,360.43,CAD
CA00035023,2025-04-07,BR040,TLR-8250,C500848,cash withdrawal,694.4,CAD
CA00032647,2025-04-05,BR031,TLR-4550,C503059,cash deposit,569.26,CAD
CA00027029,2025-04-02,BR002,TLR-8441,C501761,cash deposit,4803.63,CAD
CA00030637,2025-04-11,BR020,TLR-9663,C503910,cash withdrawal,311.76,USD
CA00030036,2025-04-02,BR017,TLR-2949,C501722,cash deposit,2345.16,CAD
CA00032140,2025-04-08,BR028,TLR-9113,C500071,cash withdrawal,1368.13,CAD
CA00027422,2025-04-13,BR004,TLR-8600,C501860,cash deposit,1127.44,CAD
CA00032530,2025-04-21,BR030,TLR-8388,C500985,cash deposit,681.2,CAD
CA00029658,2025-04-21,BR015,TLR-4417,C500495,cash withdrawal,1096.49,CAD
CA00034617,2025-04-10,BR040,TLR-8998,C502452,cash deposit,1094.11,CAD
CA00030352,2025-04-14,BR019,TLR-1442,C500761,cash deposit,775.04,CAD
CA00028743,2025-04-28,BR010,TLR-3046,C502287,cash deposit,618.47,CAD
CA00031042,2025-04-15,BR023,TLR-6190,C502901,cash withdrawal,519.82,CAD
CA00032120,2025-04-27,BR028,TLR-3660,C502981,cash deposit,554.32,CAD
CA00028511,2025-04-01,BR009,TLR-6053,C503489,cash withdrawal,1101.73,CAD
CA00027664,2025-04-26,BR005,TLR-9079,C503103,cash deposit,943.86,CAD
CA00030955,2025-04-28,BR022,TLR-5532,C502566,cash deposit,694.55,CAD
CA00031602,2025-04-02,BR025,TLR-1330,C501045,cash deposit,1546.91,CAD
CA00033919,2025-04-22,BR037,TLR-9296,C503979,cash deposit,2289.69,CAD
CA00031759,2025-04-30,BR026,TLR-2097,C500113,cash withdrawal,-546.16,CAD
CA00027406,2025-04-02,BR004,TLR-6729,C502844,cash withdrawal,558.02,CAD
CA00034303,2025-04-08,BR038,TLR-3241,C500404,cash deposit,883.18,CAD
CA00033082,2025-04-11,BR033,TLR-7814,C500267,cash withdrawal,1073.18,CAD
CA00030530,2025-04-01,BR019,TLR-5879,C502773,cash deposit,1183.99,CAD
CA00034363,2025-04-07,BR039,TLR-8645,C500832,cash deposit,1302.62,CAD
CA00029220,2025-04-24,BR014,TLR-9101,C500264,cash withdrawal,1384.43,CAD
CA00034179,2025-04-08,BR038,TLR-3063,C500367,cash deposit,1049.18,CAD
CA00027933,2025-04-28,BR006,TLR-8965,C501988,cash withdrawal,667.84,CAD
CA00031418,2025-04-29,BR025,TLR-5868,C503019,cash withdrawal,-998.07,CAD
CA00029470,2025-04-15,BR015,TLR-3625,C502094,cash deposit,846.54,CAD
CA00032090,2025-04-27,BR028,TLR-6533,C501094,cash deposit,804.58,CAD
CA00028575,2025-04-13,BR009,TLR-3937,C502349,cash withdrawal,606.31,CAD
CA00034985,2025-04-06,BR040,TLR-2546,C502293,cash withdrawal,886.11,CAD
CA00033080,2025-04-23,BR033,TLR-8237,C500497,cash withdrawal,567.9,CAD
CA00033485,2025-04-13,BR035,TLR-8708,C502583,cash withdrawal,807.3,CAD
CA00028712,2025-04-24,BR010,TLR-9173,C500067,cash withdrawal,1908.21,CAD
CA00030104,2025-04-07,BR017,TLR-8110,C500176,cash deposit,1042.0,CAD
CA00031918,2025-04-14,BR027,TLR-4241,C501723,cash withdrawal,3213.7,CAD
CA00031289,2025-04-10,BR024,TLR-2033,C503488,cash withdrawal,435.29,CAD
CA00033261,2025-04-12,BR034,TLR-2776,C502728,cash deposit,441.1,CAD
CA00031505,2025-04-04,BR025,TLR-3023,C500994,cash withdrawal,-503.8,CAD
CA00027569,2025-04-23,BR004,TLR-4642,C503846,cash withdrawal,166.45,CAD
CA00034731,2025-04-28,BR040,TLR-9534,C500612,cash withdrawal,342.4,CAD
CA00035386,2025-04-07,BR040,TLR-8479,C500038,cash deposit,304.7,CAD
CA00033439,2025-04-04,BR035,TLR-6116,C503123,cash withdrawal,971.43,CAD
CA00032202,2025-04-01,BR029,TLR-5989,C503356,cash withdrawal,1353.52,CAD
CA00028665,2025-04-28,BR010,TLR-7959,C500093,cash withdrawal,137.37,CAD
CA00027544,2025-04-10,BR004,TLR-8535,C503730,cash withdrawal,1575.7,CAD
CA00029732,2025-04-03,BR016,TLR-6679,C502235,cash deposit,702.79,CAD
CA00032458,2025-04-30,BR030,TLR-5574,C501598,cash withdrawal,748.75,CAD
CA00030146,2025-04-03,BR018,TLR-4215,C501912,cash deposit,330.62,CAD
CA00031674,2025-04-15,BR026,TLR-4459,C502364,cash deposit,1618.3,CAD
CA00028492,2025-04-29,BR009,TLR-7544,C501977,cash withdrawal,337.53,CAD
CA00030012,2025-04-08,BR017,TLR-4937,C503458,cash deposit,591.05,CAD
CA00032057,2025-04-09,BR028,TLR-3487,C500676,cash deposit,1276.05,CAD
CA00026756,2025-04-27,BR001,TLR-1501,C503047,cash deposit,519.26,CAD
CA00027339,2025-04-06,BR003,TLR-6526,C500794,cash withdrawal,1028.86,CAD
CA00034556,2025-04-02,BR039,TLR-1014,C501120,cash withdrawal,1349.14,CAD
CA00034588,2025-04-28,BR039,TLR-3438,C503476,cash deposit,1395.8,CAD
CA00031870,2025-04-30,BR027,TLR-3138,C501092,cash deposit,1717.09,CAD
CA00026678,2025-04-23,BR001,TLR-1169,C502351,cash deposit,1313.14,CAD
CA00028110,2025-04-28,BR007,TLR-3224,C503551,cash withdrawal,1062.23,CAD
CA00032595,2025-04-15,BR030,TLR-3947,C503919,cash withdrawal,992.31,CAD
CA00032046,2025-04-15,BR027,TLR-5839,C500349,cash withdrawal,9748.64,CAD
CA00027605,2025-04-10,BR004,TLR-3396,C503017,cash deposit,1128.2,CAD
CA00027327,2025-04-24,BR003,TLR-7713,C502344,cash withdrawal,690.7,CAD
CA00028997,2025-04-20,BR012,TLR-9464,C503379,cash withdrawal,735.31,CAD
CA00035201,2025-04-21,BR040,TLR-4052,C500249,cash deposit,573.19,CAD
CA00032783,2025-04-19,BR031,TLR-2830,C502699,cash withdrawal,1505.18,CAD
CA00033965,2025-04-09,BR037,TLR-1897,C501361,cash withdrawal,1118.49,CAD
CA00028994,2025-04-06,BR012,TLR-1079,C502764,cash withdrawal,4107.46,CAD
CA00031433,2025-04-09,BR025,TLR-3278,C502345,cash deposit,1154.98,CAD
CA00030740,2025-04-03,BR020,TLR-9166,C500006,cash deposit,478.14,USD
CA00027572,2025-04-01,BR004,TLR-8432,C503666,cash deposit,628.44,CAD
CA00029076,2025-04-09,BR012,TLR-8118,C500697,cash withdrawal,2584.28,CAD
CA00030974,2025-04-20,BR022,TLR-5299,C502350,cash withdrawal,1170.91,CAD
CA00033629,2025-04-24,BR036,TLR-3711,C503153,cash deposit,1456.71,CAD
CA00034801,2025-04-21,BR040,TLR-2629,C501380,cash withdrawal,458.14,CAD
CA00032250,2025-04-06,BR029,TLR-2787,C503464,cash deposit,478.22,CAD
CA00027350,2025-04-29,BR003,TLR-1091,C502998,cash deposit,790.16,CAD
CA00028348,2025-04-12,BR008,TLR-2275,C500288,cash withdrawal,3078.37,CAD
CA00029325,2025-04-05,BR014,TLR-8244,C500489,cash withdrawal,2298.97,CAD
CA00027875,2025-04-23,BR006,TLR-7178,C501151,cash deposit,820.22,CAD
CA00027925,2025-04-10,BR006,TLR-6156,C501257,cash deposit,473.91,CAD
CA00027442,2025-04-05,BR004,TLR-8831,C501850,cash deposit,2003.06,CAD
CA00035348,2025-04-08,BR040,TLR-6310,C502825,cash deposit,1758.32,CAD
CA00028122,2025-04-02,BR007,TLR-8882,C503027,cash withdrawal,388.53,CAD
CA00029712,2025-04-27,BR016,TLR-4415,C500015,cash withdrawal,835.07,CAD
CA00035060,2025-04-25,BR040,TLR-2610,C501041,cash withdrawal,1141.55,CAD
CA00029988,2025-04-08,BR017,TLR-7503,C503316,cash deposit,502.19,CAD
CA00032404,2025-04-10,BR030,TLR-9425,C503313,cash deposit,1982.39,CAD
CA00031752,2025-04-14,BR026,TLR-1894,C500100,cash deposit,904.27,CAD
CA00027396,2025-04-14,BR004,TLR-9043,C502433,cash deposit,546.34,CAD
CA00027977,2025-04-18,BR007,TLR-1333,C502885,cash deposit,1552.2,CAD
CA00027244,2025-04-14,BR003,TLR-4222,C502114,cash deposit,1290.02,CAD
CA00029227,2025-04-25,BR014,TLR-6565,C502892,cash withdrawal,438.27,CAD
CA00027762,2025-04-18,BR006,TLR-5868,C502406,cash deposit,774.89,CAD
CA00029898,2025-04-18,BR017,TLR-8629,C501050,cash withdrawal,438.8,CAD
CA00030173,2025-04-12,BR018,TLR-1547,C502546,cash deposit,616.38,CAD
CA00031873,2025-04-20,BR027,TLR-5285,C501211,cash deposit,373.28,CAD
CA00034636,2025-04-30,BR040,TLR-3667,C503654,cash deposit,1015.67,CAD
CA00035114,2025-04-14,BR040,TLR-3465,C500003,cash withdrawal,1219.37,CAD
CA00030300,2025-04-16,BR019,TLR-9955,C502485,cash withdrawal,452.98,CAD
CA00027410,2025-04-13,BR004,TLR-2244,C502700,cash deposit,366.86,CAD
CA00034138,2025-04-22,BR037,TLR-5635,C501784,cash withdrawal,1746.81,CAD
CA00026977,2025-04-15,BR002,TLR-8348,C503402,cash deposit,1367.96,CAD
CA00035328,2025-04-16,BR040,TLR-4696,C503810,cash deposit,829.25,CAD
CA00035344,2025-04-20,BR040,TLR-6047,C500031,cash withdrawal,746.93,CAD
CA00035214,2025-04-23,BR040,TLR-2274,C501442,cash withdrawal,826.23,CAD
CA00031664,2025-04-25,BR026,TLR-1313,C500306,cash deposit,2408.68,CAD
CA00030048,2025-04-23,BR017,TLR-8728,C502097,cash deposit,1408.55,CAD
CA00028287,2025-04-25,BR008,TLR-8248,C501243,cash deposit,1418.28,CAD
CA00033858,2025-04-22,BR036,TLR-1834,C503287,cash withdrawal,862.31,CAD
CA00032917,2025-04-16,BR032,TLR-4657,C501963,cash deposit,2035.08,CAD
CA00033948,2025-04-01,BR037,TLR-8621,C503116,cash withdrawal,721.29,CAD
CA00034075,2025-04-25,BR037,TLR-3672,C501017,cash withdrawal,1285.01,CAD
CA00034073,2025-04-17,BR037,TLR-6011,C500164,cash withdrawal,1413.12,CAD
CA00032379,2025-04-02,BR030,TLR-9367,C501018,cash withdrawal,2413.18,CAD
CA00032518,2025-04-24,BR030,TLR-3846,C502840,cash deposit,3085.54,CAD
CA00027216,2025-04-13,BR003,TLR-9538,C502455,cash deposit,480.18,CAD
CA00032607,2025-04-14,BR030,TLR-8279,C503512,cash withdrawal,1499.77,CAD
CA00033388,2025-04-25,BR035,TLR-1705,C500582,cash withdrawal,1890.22,CAD
CA00027420,2025-04-10,BR004,TLR-5140,C502152,cash deposit,1044.86,CAD
CA00029170,2025-04-10,BR014,TLR-8053,C503929,cash deposit,1383.05,CAD
CA00030313,2025-04-09,BR019,TLR-2783,C502150,cash deposit,1569.5,CAD
CA00034242,2025-04-08,BR038,TLR-2195,C502766,cash deposit,479.98,CAD
CA00027971,2025-04-19,BR006,TLR-8765,C502451,cash withdrawal,295.88,CAD
CA00032625,2025-04-20,BR031,TLR-1142,C501269,cash deposit,610.8,CAD
CA00028026,2025-04-21,BR007,TLR-5178,C503746,cash deposit,1156.39,CAD
CA00027849,2025-04-18,BR006,TLR-4082,C502300,cash deposit,523.66,CAD
CA00032522,2025-04-08,BR030,TLR-4890,C502750,cash deposit,1858.4,CAD
CA00029417,2025-04-01,BR015,TLR-4374,C501083,cash deposit,1554.66,CAD
CA00028758,2025-04-30,BR010,TLR-8937,C500879,cash deposit,709.1,CAD
CA00032035,2025-04-12,BR027,TLR-5254,C502394,cash deposit,381.96,CAD
CA00028968,2025-04-30,BR012,TLR-9749,C502010,cash deposit,720.17,CAD
CA00027897,2025-04-14,BR006,TLR-4581,C500791,cash deposit,574.21,CAD
CA00031529,2025-04-24,BR025,TLR-2427,C502353,cash deposit,1315.51,CAD
CA00028052,2025-04-28,BR007,TLR-6858,C502930,cash withdrawal,955.37,CAD
CA00029115,2025-04-27,BR013,TLR-2943,C502757,cash withdrawal,4033.08,CAD
CA00034935,2025-04-05,BR040,TLR-3785,C501542,cash withdrawal,889.88,CAD
CA00032291,2025-04-24,BR029,TLR-8359,C502801,cash withdrawal,1701.17,CAD
CA00035054,2025-04-15,BR040,TLR-5691,C500009,cash withdrawal,639.17,CAD
CA00031341,2025-04-08,BR024,TLR-7030,C501559,cash deposit,719.24,CAD
CA00031510,2025-04-05,BR025,TLR-2405,C503656,cash withdrawal,-1056.22,CAD
CA00029281,2025-04-27,BR014,TLR-1512,C501800,cash withdrawal,615.66,CAD
CA00034418,2025-04-24,BR039,TLR-3108,C501587,cash deposit,798.86,CAD
CA00033420,2025-04-20,BR035,TLR-4257,C500307,cash withdrawal,399.14,CAD
CA00034752,2025-04-15,BR040,TLR-5755,C500412,cash withdrawal,2576.46,CAD
CA00029996,2025-04-06,BR017,TLR-4310,C501556,cash deposit,1036.46,CAD
CA00030014,2025-04-10,BR017,TLR-9003,C502799,cash deposit,1668.88,CAD
CA00034754,2025-04-01,BR040,TLR-1086,C500827,cash deposit,471.13,CAD
CA00030857,2025-04-21,BR021,TLR-1223,C503851,cash deposit,605.54,CAD
CA00029944,2025-04-11,BR017,TLR-2944,C502483,cash withdrawal,1030.58,CAD
CA00032642,2025-04-14,BR031,TLR-8704,C502404,cash withdrawal,1732.65,CAD
CA00027232,2025-04-10,BR003,TLR-9115,C502146,cash deposit,473.67,CAD
CA00034978,2025-04-15,BR040,TLR-3454,C501178,cash deposit,1749.03,CAD
CA00032335,2025-04-13,BR030,TLR-1013,C503680,cash withdrawal,1998.02,CAD
CA00032795,2025-04-07,BR031,TLR-4697,C501977,cash withdrawal,1661.58,CAD
CA00031211,2025-04-23,BR024,TLR-3720,C501203,cash withdrawal,2229.01,CAD
CA00034338,2025-04-01,BR038,TLR-3385,C503757,cash deposit,915.85,CAD
CA00031489,2025-04-17,BR025,TLR-2153,C501199,cash deposit,2666.74,CAD
CA00030069,2025-04-19,BR017,TLR-6001,C503722,cash withdrawal,1042.83,CAD
CA00034091,2025-04-02,BR037,TLR-2085,C501340,cash withdrawal,313.09,CAD
CA00031787,2025-04-11,BR026,TLR-9551,C500123,cash deposit,1727.97,CAD
CA00032099,2025-04-21,BR028,TLR-9794,C503872,cash deposit,1537.65,CAD
CA00031730,2025-04-23,BR026,TLR-6655,C500745,cash deposit,357.1,CAD
CA00031094,2025-04-07,BR023,TLR-7218,C502352,cash deposit,842.54,CAD
CA00034565,2025-04-20,BR039,TLR-8963,C503116,cash withdrawal,1155.17,CAD
CA00029298,2025-04-21,BR014,TLR-9303,C500486,cash deposit,334.26,CAD
CA00028656,2025-04-28,BR010,TLR-6551,C503251,cash withdrawal,1277.11,CAD
CA00029217,2025-04-26,BR014,TLR-7691,C501716,cash withdrawal,2775.39,CAD
CA00031365,2025-04-03,BR024,TLR-3435,C502263,cash deposit,461.06,CAD
CA00031158,2025-04-23,BR024,TLR-2698,C500226,cash withdrawal,1524.99,CAD
CA00033567,2025-04-15,BR035,TLR-7830,C502741,cash deposit,587.18,CAD
CA00027638,2025-04-28,BR005,TLR-9096,C502611,cash withdrawal,608.24,CAD
CA00029622,2025-04-30,BR015,TLR-3860,C500717,cash deposit,1804.87,CAD
CA00031070,2025-04-29,BR023,TLR-4034,C500560,cash deposit,845.6,CAD
CA00033936,2025-04-03,BR037,TLR-7493,C500975,cash withdrawal,1277.82,CAD
CA00029466,2025-04-13,BR015,TLR-1376,C503525,cash deposit,673.15,CAD
CA00033375,2025-04-23,BR035,TLR-5889,C502812,cash withdrawal,1673.74,CAD
CA00033435,2025-04-09,BR035,TLR-5980,C501061,cash withdrawal,1182.51,CAD
CA00029550,2025-04-02,BR015,TLR-8193,C502433,cash deposit,923.53,CAD
CA00027334,2025-04-22,BR003,TLR-1997,C500343,cash deposit,681.09,CAD
CA00034080,2025-04-02,BR037,TLR-3182,C501907,cash deposit,1008.62,CAD
CA00034947,2025-04-15,BR040,TLR-5972,C500679,cash withdrawal,482.26,CAD
CA00029626,2025-04-29,BR015,TLR-1468,C500352,cash deposit,1221.19,CAD
CA00029175,2025-04-19,BR014,TLR-2998,C501678,cash deposit,1638.95,CAD
CA00028488,2025-04-09,BR009,TLR-7551,C501021,cash deposit,254.22,CAD
CA00034573,2025-04-20,BR039,TLR-6325,C502184,cash deposit,419.17,CAD
CA00031273,2025-04-04,BR024,TLR-6018,C502055,cash deposit,387.28,CAD
CA00034529,2025-04-04,BR039,TLR-7756,C500665,cash deposit,427.47,CAD
CA00027888,2025-04-06,BR006,TLR-1781,C500386,cash deposit,767.38,CAD
CA00032886,2025-04-30,BR032,TLR-7548,C500589,cash deposit,1198.59,CAD
CA00031235,2025-04-28,BR024,TLR-5906,C501518,cash withdrawal,1649.48,CAD
CA00034603,2025-04-22,BR039,TLR-6862,C503639,cash withdrawal,202.03,CAD
CA00032101,2025-04-28,BR028,TLR-7112,C501118,cash deposit,1002.38,CAD
CA00031960,2025-04-22,BR027,TLR-7719,C500358,cash withdrawal,983.1,CAD
CA00027037,2025-04-27,BR002,TLR-8220,C502989,cash deposit,2039.6,CAD
CA00034128,2025-04-06,BR037,TLR-7659,C502820,cash deposit,426.49,CAD
CA00028112,2025-04-13,BR007,TLR-7533,C500132,cash deposit,1390.6,CAD
CA00029912,2025-04-04,BR017,TLR-6711,C501747,cash withdrawal,1057.42,CAD
CA00032288,2025-04-23,BR029,TLR-8691,C500651,cash withdrawal,271.9,CAD
CA00035063,2025-04-16,BR040,TLR-3454,C501277,cash deposit,294.23,CAD
CA00030563,2025-04-15,BR019,TLR-4062,C502599,cash deposit,2055.98,CAD
CA00030043,2025-04-06,BR017,TLR-6840,C502557,cash deposit,388.65,CAD
CA00035197,2025-04-26,BR040,TLR-3493,C503217,cash deposit,2207.89,CAD
CA00026971,2025-04-03,BR002,TLR-1172,C500976,cash deposit,834.14,CAD
CA00031400,2025-04-01,BR024,TLR-9604,C500541,cash withdrawal,357.88,CAD
CA00032339,2025-04-07,BR030,TLR-3378,C502329,cash deposit,1106.46,CAD
CA00031435,2025-04-26,BR025,TLR-8652,C500718,cash withdrawal,-2081.18,CAD
CA00033203,2025-04-17,BR034,TLR-5547,C501930,cash deposit,2142.35,CAD
CA00035034,2025-04-06,BR040,TLR-1781,C501979,cash deposit,4409.91,CAD
CA00031085,2025-04-18,BR023,TLR-6216,C502343,cash deposit,1726.09,CAD
CA00033548,2025-04-22,BR035,TLR-2699,C501344,cash deposit,1019.57,CAD
CA00030212,2025-04-11,BR018,TLR-3251,C501729,cash deposit,3643.5,CAD
CA00032970,2025-04-02,BR032,TLR-1660,C503804,cash withdrawal,586.44,CAD
CA00026592,2025-04-21,BR001,TLR-7674,C503646,cash deposit,2870.91,CAD
CA00028522,2025-04-27,BR009,TLR-6549,C501465,cash withdrawal,985.53,CAD
CA00032639,2025-04-06,BR031,TLR-5803,C500872,cash deposit,1185.22,CAD
CA00029085,2025-04-20,BR013,TLR-9110,C502440,cash withdrawal,4091.55,CAD
CA00027972,2025-04-25,BR006,TLR-5102,C500732,cash deposit,835.0,CAD
CA00034542,2025-04-06,BR039,TLR-1479,C502750,cash deposit,167.18,CAD
CA00031062,2025-04-26,BR023,TLR-2022,C502185,cash deposit,1149.09,CAD
CA00031114,2025-04-29,BR023,TLR-8767,C501691,cash deposit,1271.23,CAD
CA00034987,2025-04-12,BR040,TLR-4168,C503667,cash withdrawal,591.48,CAD
CA00032778,2025-04-25,BR031,TLR-9611,C502971,cash withdrawal,2904.67,CAD
CA00035385,2025-04-04,BR040,TLR-6835,C501790,cash deposit,664.64,CAD
CA00029666,2025-04-16,BR015,TLR-9205,C501424,cash withdrawal,1100.53,CAD
CA00030453,2025-04-28,BR019,TLR-1460,C502534,cash withdrawal,1987.08,CAD
CA00032949,2025-04-25,BR032,TLR-7357,C502264,cash deposit,341.29,CAD
CA00028363,2025-04-28,BR008,TLR-3540,C503258,cash deposit,840.56,CAD
CA00030497,2025-04-13,BR019,TLR-1095,C501273,cash deposit,2177.67,CAD
CA00029067,2025-04-21,BR012,TLR-9429,C502208,cash deposit,770.6,CAD
CA00034181,2025-04-12,BR038,TLR-8438,C502663,cash deposit,366.98,CAD
CA00032183,2025-04-03,BR029,TLR-9591,C500712,cash withdrawal,1887.21,CAD
CA00031768,2025-04-26,BR026,TLR-6946,C500259,cash deposit,529.56,CAD
CA00034290,2025-04-23,BR038,TLR-3615,C502329,cash deposit,272.08,CAD
CA00026935,2025-04-06,BR002,TLR-4757,C503897,cash withdrawal,-1086.66,CAD
CA00026956,2025-04-24,BR002,TLR-4250,C500843,cash deposit,921.75,CAD
CA00033586,2025-04-03,BR036,TLR-6540,C502526,cash deposit,595.38,CAD
CA00027882,2025-04-30,BR006,TLR-8703,C501862,cash deposit,1842.32,CAD
CA00030513,2025-04-23,BR019,TLR-7353,C503956,cash withdrawal,1041.86,CAD
CA00031830,2025-04-07,BR026,TLR-3280,C502068,cash deposit,301.25,CAD
CA00028787,2025-04-30,BR011,TLR-7016,C500643,cash deposit,2071.71,CAD
CA00032019,2025-04-20,BR027,TLR-2890,C503194,cash withdrawal,918.87,CAD
CA00032350,2025-04-24,BR030,TLR-1995,C503237,cash withdrawal,376.99,CAD
CA00035121,2025-04-22,BR040,TLR-6513,C503802,cash deposit,563.42,CAD
CA00028049,2025-04-04,BR007,TLR-1952,C503921,cash withdrawal,751.37,CAD
CA00027033,2025-04-01,BR002,TLR-5977,C501880,cash withdrawal,-1115.17,CAD
CA00027246,2025-04-14,BR003,TLR-5251,C500261,cash withdrawal,907.6,CAD
CA00032648,2025-04-02,BR031,TLR-9430,C503722,cash withdrawal,1236.91,CAD
CA00034711,2025-04-14,BR040,TLR-7706,C500035,cash deposit,3208.54,CAD
CA00031501,2025-04-28,BR025,TLR-6385,C500339,cash withdrawal,-622.95,CAD
CA00027625,2025-04-02,BR005,TLR-2103,C503354,cash withdrawal,1487.13,CAD
CA00027841,2025-04-11,BR006,TLR-4445,C503161,cash deposit,1722.32,CAD
CA00032856,2025-04-28,BR031,TLR-3946,C502355,cash deposit,1955.5,CAD
CA00033933,2025-04-23,BR037,TLR-2845,C500210,cash withdrawal,975.47,CAD
CA00035127,2025-04-19,BR040,TLR-2353,C501115,cash deposit,1010.27,CAD
CA00028479,2025-04-23,BR009,TLR-3307,C502501,cash deposit,816.4,CAD
CA00027893,2025-04-03,BR006,TLR-3009,C503630,cash withdrawal,664.2,CAD
CA00031491,2025-04-07,BR025,TLR-3028,C503629,cash deposit,4812.91,CAD
CA00034449,2025-04-29,BR039,TLR-7286,C503383,cash withdrawal,469.41,CAD
CA00031762,2025-04-05,BR026,TLR-2790,C501961,cash withdrawal,-332.57,CAD
CA00027189,2025-04-17,BR003,TLR-6703,C503141,cash withdrawal,885.76,CAD
CA00032940,2025-04-20,BR032,TLR-8070,C500865,cash deposit,366.7,CAD
CA00033616,2025-04-28,BR036,TLR-8183,C502808,cash deposit,1497.93,CAD
CA00027242,2025-04-19,BR003,TLR-1594,C501620,cash withdrawal,644.66,CAD
CA00028853,2025-04-07,BR012,TLR-2841,C501014,cash withdrawal,300.22,CAD
CA00027340,2025-04-21,BR003,TLR-5176,C501346,cash deposit,324.68,CAD
CA00027803,2025-04-29,BR006,TLR-1726,C500675,cash deposit,2353.78,CAD
CA00032957,2025-04-10,BR032,TLR-8659,C500915,cash withdrawal,464.98,CAD
CA00028046,2025-04-10,BR007,TLR-2370,C502383,cash withdrawal,2151.23,CAD
CA00034279,2025-04-06,BR038,TLR-5748,C503535,cash withdrawal,1175.99,CAD
CA00030835,2025-04-21,BR021,TLR-3331,C500817,cash withdrawal,1126.96,CAD
CA00032580,2025-04-17,BR030,TLR-6692,C502050,cash deposit,338.4,CAD
CA00028251,2025-04-03,BR008,TLR-3366,C503992,cash deposit,1646.76,CAD
CA00029477,2025-04-20,BR015,TLR-1163,C503524,cash withdrawal,1139.43,CAD
CA00032217,2025-04-19,BR029,TLR-4748,C503324,cash deposit,1060.79,CAD
CA00029634,2025-04-10,BR015,TLR-6989,C502967,cash deposit,2444.33,CAD
CA00034995,2025-04-02,BR040,TLR-2274,C502259,cash withdrawal,4639.47,CAD
CA00032134,2025-04-17,BR028,TLR-4572,C503243,cash withdrawal,864.14,CAD
CA00030755,2025-04-01,BR020,TLR-2480,C503656,cash deposit,581.12,USD
CA00029275,2025-04-16,BR014,TLR-3931,C500233,cash deposit,1178.3,CAD
CA00032437,2025-04-27,BR030,TLR-2939,C500548,cash withdrawal,1289.39,CAD
CA00026796,2025-04-08,BR001,TLR-1379,C502545,cash withdrawal,1496.49,CAD
CA00026871,2025-04-08,BR001,TLR-1850,C503240,cash withdrawal,1293.84,CAD
CA00027829,2025-04-14,BR006,TLR-5673,C502450,cash deposit,426.23,CAD
CA00032010,2025-04-27,BR027,TLR-3509,C501038,cash deposit,1064.11,CAD
CA00028459,2025-04-18,BR009,TLR-9283,C500088,cash deposit,695.34,CAD
CA00029229,2025-04-07,BR014,TLR-7682,C501201,cash withdrawal,927.85,CAD
CA00030812,2025-04-26,BR021,TLR-7538,C503786,cash deposit,1720.75,CAD
CA00031872,2025-04-11,BR027,TLR-1233,C501897,cash deposit,1831.06,CAD
CA00034925,2025-04-02,BR040,TLR-6934,C501342,cash withdrawal,493.72,CAD
CA00027425,2025-04-15,BR004,TLR-9006,C501866,cash withdrawal,2091.87,CAD
CA00030081,2025-04-13,BR017,TLR-2838,C503879,cash withdrawal,681.77,CAD
CA00027967,2025-04-21,BR006,TLR-4090,C503098,cash deposit,525.95,CAD
CA00033326,2025-04-23,BR034,TLR-5651,C502876,cash withdrawal,933.52,CAD
CA00035323,2025-04-07,BR040,TLR-5547,C501403,cash deposit,1268.62,CAD
CA00030531,2025-04-27,BR019,TLR-3453,C503113,cash withdrawal,615.12,CAD
CA00033241,2025-04-30,BR034,TLR-9524,C500069,cash deposit,1652.49,CAD
CA00028248,2025-04-09,BR008,TLR-3408,C502017,cash withdrawal,1563.63,CAD
CA00032805,2025-04-08,BR031,TLR-4395,C502616,cash deposit,2086.14,CAD
CA00034768,2025-04-03,BR040,TLR-2323,C500835,cash withdrawal,1036.78,CAD
CA00031039,2025-04-22,BR023,TLR-7013,C500958,cash withdrawal,1400.18,CAD
CA00032336,2025-04-14,BR030,TLR-8821,C500364,cash withdrawal,3179.73,CAD
CA00028206,2025-04-26,BR007,TLR-1386,C503874,cash withdrawal,818.45,CAD
CA00029124,2025-04-22,BR013,TLR-3797,C503466,cash withdrawal,6828.25,CAD
CA00032190,2025-04-23,BR029,TLR-4041,C502527,cash withdrawal,845.97,CAD
CA00031978,2025-04-29,BR027,TLR-6504,C501021,cash withdrawal,1304.17,CAD
CA00033638,2025-04-22,BR036,TLR-8825,C501251,cash withdrawal,2022.96,CAD
CA00029519,2025-04-12,BR015,TLR-9838,C502074,cash withdrawal,533.43,CAD
CA00027838,2025-04-09,BR006,TLR-4198,C503069,cash withdrawal,533.62,CAD
CA00031395,2025-04-24,BR024,TLR-6386,C502146,cash withdrawal,565.46,CAD
CA00033059,2025-04-29,BR033,TLR-1280,C500224,cash deposit,1062.95,CAD
CA00030263,2025-04-14,BR019,TLR-1111,C502637,cash deposit,388.28,CAD
CA00027851,2025-04-25,BR006,TLR-6223,C503470,cash withdrawal,599.78,CAD
CA00028952,2025-04-28,BR012,TLR-6570,C500104,cash withdrawal,618.28,CAD
CA00033990,2025-04-13,BR037,TLR-1079,C502934,cash deposit,1182.55,CAD
CA00028392,2025-04-24,BR008,TLR-3552,C503050,cash withdrawal,2273.74,CAD
CA00030423,2025-04-07,BR019,TLR-8046,C501797,cash withdrawal,2664.25,CAD
CA00034599,2025-04-01,BR039,TLR-5990,C500119,cash withdrawal,1619.73,CAD
CA00030521,2025-04-13,BR019,TLR-8537,C501333,cash withdrawal,1525.56,CAD
CA00032262,2025-04-06,BR029,TLR-5137,C501187,cash withdrawal,2366.76,CAD
CA00033812,2025-04-01,BR036,TLR-1616,C503628,cash withdrawal,363.97,CAD
CA00027533,2025-04-05,BR004,TLR-1333,C503291,cash withdrawal,1487.86,CAD
CA00032502,2025-04-22,BR030,TLR-5308,C500836,cash deposit,2113.65,CAD
CA00028082,2025-04-26,BR007,TLR-8495,C500149,cash withdrawal,96.3,CAD
CA00028768,2025-04-29,BR010,TLR-9945,C503780,cash deposit,749.49,CAD
CA00028308,2025-04-02,BR008,TLR-9850,C501497,cash withdrawal,1573.57,CAD
CA00033648,2025-04-08,BR036,TLR-4497,C502949,cash deposit,1304.51,CAD
CA00028637,2025-04-15,BR010,TLR-2394,C502813,cash withdrawal,147.7,CAD
CA00027397,2025-04-14,BR004,TLR-2524,C500338,cash deposit,689.0,CAD
CA00031010,2025-04-23,BR022,TLR-2028,C502027,cash deposit,1557.8,CAD
CA00033710,2025-04-01,BR036,TLR-8553,C502713,cash deposit,719.79,CAD
CA00034158,2025-04-08,BR037,TLR-3049,C503345,cash withdrawal,916.94,CAD
CA00031549,2025-04-26,BR025,TLR-4289,C503341,cash deposit,579.24,CAD
CA00030549,2025-04-05,BR019,TLR-7952,C503549,cash deposit,788.72,CAD
CA00034100,2025-04-28,BR037,TLR-4870,C500395,cash withdrawal,409.39,CAD
CA00027548,2025-04-04,BR004,TLR-1571,C502583,cash withdrawal,2115.88,CAD
CA00030482,2025-04-08,BR019,TLR-2662,C503119,cash withdrawal,178.62,CAD
CA00033232,2025-04-10,BR034,TLR-7335,C503181,cash deposit,510.76,CAD
CA00032868,2025-04-09,BR032,TLR-3250,C502738,cash deposit,944.89,CAD
CA00029257,2025-04-21,BR014,TLR-9391,C500529,cash deposit,574.29,CAD
CA00030474,2025-04-16,BR019,TLR-8681,C501744,cash withdrawal,421.15,CAD
CA00032073,2025-04-17,BR028,TLR-3794,C501036,cash withdrawal,956.06,CAD
CA00028602,2025-04-12,BR010,TLR-1330,C503721,cash withdrawal,170.85,CAD
CA00029363,2025-04-30,BR014,TLR-3146,C502568,cash deposit,1835.79,CAD
CA00026724,2025-04-24,BR001,TLR-3565,C501708,cash deposit,1150.64,CAD
CA00029831,2025-04-25,BR016,TLR-4246,C502717,cash deposit,1562.12,CAD
CA00027920,2025-04-03,BR006,TLR-5712,C503885,cash deposit,2071.24,CAD
CA00032905,2025-04-30,BR032,TLR-7770,C502598,cash deposit,495.97,CAD
CA00031277,2025-04-27,BR024,TLR-2986,C503301,cash withdrawal,831.64,CAD
CA00027890,2025-04-06,BR006,TLR-1409,C503111,cash withdrawal,495.12,CAD
CA00032633,2025-04-15,BR031,TLR-7941,C500897,cash withdrawal,1077.44,CAD
CA00029657,2025-04-02,BR015,TLR-7402,C501099,cash deposit,416.84,CAD
CA00032509,2025-04-09,BR030,TLR-7686,C501510,cash withdrawal,1722.64,CAD
CA00033592,2025-04-12,BR036,TLR-5770,C501210,cash deposit,1049.4,CAD
CA00033612,2025-04-12,BR036,TLR-7980,C502871,cash withdrawal,932.08,CAD
CA00028118,2025-04-08,BR007,TLR-5916,C501883,cash deposit,1530.82,CAD
CA00027847,2025-04-01,BR006,TLR-8557,C503709,cash deposit,1298.44,CAD
CA00031193,2025-04-30,BR024,TLR-1538,C501837,cash deposit,243.19,CAD
CA00029888,2025-04-03,BR017,TLR-1681,C501070,cash withdrawal,581.79,CAD
CA00026998,2025-04-18,BR002,TLR-4039,C502009,cash deposit,629.42,CAD
CA00033688,2025-04-18,BR036,TLR-5750,C502837,cash withdrawal,805.25,CAD
CA00030762,2025-04-12,BR020,TLR-9208,C503648,cash deposit,1333.35,USD
CA00032087,2025-04-10,BR028,TLR-4289,C500545,cash withdrawal,1206.21,CAD
CA00028824,2025-04-29,BR011,TLR-4539,C503929,cash deposit,796.89,CAD
CA00033352,2025-04-05,BR035,TLR-7326,C502787,cash withdrawal,450.23,CAD
CA00034203,2025-04-01,BR038,TLR-4655,C502115,cash deposit,1404.29,CAD
CA00029977,2025-04-30,BR017,TLR-7859,C502413,cash withdrawal,2148.63,CAD
CA00034689,2025-04-12,BR040,TLR-1754,C501714,cash withdrawal,427.93,CAD
CA00034966,2025-04-22,BR040,TLR-3167,C500150,cash withdrawal,891.96,CAD
CA00028178,2025-04-21,BR007,TLR-6518,C500479,cash withdrawal,428.8,CAD
CA00029585,2025-04-24,BR015,TLR-1115,C500139,cash deposit,2062.69,CAD
CA00030711,2025-04-24,BR020,TLR-3330,C503653,cash withdrawal,834.47,USD
CA00029228,2025-04-24,BR014,TLR-6143,C503973,cash withdrawal,662.57,CAD
CA00030090,2025-04-22,BR017,TLR-5301,C502619,cash withdrawal,250.68,CAD
CA00028018,2025-04-08,BR007,TLR-6570,C501031,cash deposit,8348.0,CAD
CA00030016,2025-04-11,BR017,TLR-8163,C502182,cash withdrawal,704.75,CAD
CA00026936,2025-04-14,BR002,TLR-9927,C503151,cash deposit,1423.94,CAD
CA00029587,2025-04-27,BR015,TLR-7109,C503468,cash withdrawal,575.49,CAD
CA00029103,2025-04-18,BR013,TLR-5560,C501386,cash deposit,4279.76,CAD
CA00034018,2025-04-09,BR037,TLR-8750,C503301,cash deposit,1016.72,CAD
CA00027957,2025-04-13,BR006,TLR-2117,C501125,cash withdrawal,1408.26,CAD
CA00034887,2025-04-28,BR040,TLR-8111,C502888,cash deposit,585.71,CAD
CA00032176,2025-04-02,BR029,TLR-2685,C503615,cash deposit,1154.66,CAD
CA00027184,2025-04-15,BR003,TLR-5945,C501544,cash withdrawal,683.03,CAD
CA00033765,2025-04-09,BR036,TLR-6929,C503250,cash deposit,972.61,CAD
CA00032794,2025-04-07,BR031,TLR-8396,C501968,cash withdrawal,918.98,CAD
CA00030792,2025-04-08,BR021,TLR-3269,C500005,cash withdrawal,1415.89,CAD
CA00033317,2025-04-23,BR034,TLR-5899,C502549,cash deposit,820.74,CAD
CA00029020,2025-04-14,BR012,TLR-7125,C502940,cash withdrawal,1442.01,CAD
CA00032579,2025-04-20,BR030,TLR-1747,C503760,cash deposit,1949.54,CAD
CA00032925,2025-04-13,BR032,TLR-9467,C503319,cash deposit,394.95,CAD
CA00028816,2025-04-29,BR011,TLR-5688,C500987,cash deposit,1682.35,CAD
CA00026831,2025-04-22,BR001,TLR-2785,C503496,cash deposit,528.13,CAD
CA00031303,2025-04-07,BR024,TLR-1845,C502831,cash withdrawal,349.84,CAD
CA00030533,2025-04-29,BR019,TLR-2697,C500537,cash withdrawal,1874.09,CAD
CA00032441,2025-04-05,BR030,TLR-2045,C503692,cash withdrawal,763.92,CAD
CA00032604,2025-04-30,BR030,TLR-8093,C500800,cash withdrawal,1000.76,CAD
CA00027552,2025-04-23,BR004,TLR-1076,C503174,cash withdrawal,1456.77,CAD
CA00030674,2025-04-07,BR020,TLR-2497,C503229,cash withdrawal,1344.91,USD
CA00030991,2025-04-17,BR022,TLR-6384,C501009,cash withdrawal,1518.08,CAD
CA00034414,2025-04-16,BR039,TLR-8140,C500984,cash withdrawal,1039.27,CAD
CA00034759,2025-04-26,BR040,TLR-9280,C500230,cash deposit,1036.06,CAD
CA00030204,2025-04-15,BR018,TLR-4783,C500150,cash withdrawal,2352.23,CAD
CA00034422,2025-04-22,BR039,TLR-8653,C501626,cash withdrawal,753.84,CAD
CA00027139,2025-04-09,BR003,TLR-1756,C500614,cash withdrawal,720.04,CAD
CA00028463,2025-04-18,BR009,TLR-8759,C500595,cash deposit,606.2,CAD
CA00029899,2025-04-05,BR017,TLR-3368,C502758,cash deposit,691.87,CAD
CA00034071,2025-04-19,BR037,TLR-1650,C501480,cash withdrawal,491.49,CAD
CA00028250,2025-04-25,BR008,TLR-4745,C502751,cash deposit,959.55,CAD
CA00028410,2025-04-22,BR008,TLR-1905,C501331,cash deposit,710.08,CAD
CA00035326,2025-04-14,BR040,TLR-1976,C501179,cash withdrawal,1161.68,CAD
CA00031014,2025-04-30,BR022,TLR-5598,C502919,cash deposit,2392.97,CAD
CA00031957,2025-04-29,BR027,TLR-2005,C503607,cash deposit,591.66,CAD
CA00030432,2025-04-18,BR019,TLR-2129,C500296,cash deposit,2068.79,CAD
CA00026965,2025-04-01,BR002,TLR-5035,C502245,cash deposit,1393.54,CAD
CA00034951,2025-04-02,BR040,TLR-6880,C503119,cash withdrawal,3405.5,CAD
CA00027704,2025-04-28,BR006,TLR-8559,C500547,cash withdrawal,264.53,CAD
CA00027700,2025-04-09,BR006,TLR-1358,C502846,cash deposit,865.94,CAD
CA00029441,2025-04-07,BR015,TLR-4634,C501128,cash deposit,811.9,CAD
CA00031867,2025-04-15,BR027,TLR-9048,C502431,cash withdrawal,1027.0,CAD
CA00034564,2025-04-25,BR039,TLR-6831,C502326,cash withdrawal,505.38,CAD
CA00032228,2025-04-19,BR029,TLR-3975,C501696,cash withdrawal,765.91,CAD
CA00034746,2025-04-21,BR040,TLR-4715,C503877,cash withdrawal,769.27,CAD
CA00031831,2025-04-25,BR026,TLR-6741,C503395,cash withdrawal,-658.58,CAD
CA00034530,2025-04-22,BR039,TLR-4113,C503559,cash deposit,1325.99,CAD
CA00030140,2025-04-29,BR018,TLR-2021,C502023,cash withdrawal,339.36,CAD
CA00034979,2025-04-26,BR040,TLR-8934,C503884,cash withdrawal,625.89,CAD
CA00033161,2025-04-25,BR033,TLR-5841,C500409,cash withdrawal,1208.41,CAD
CA00033866,2025-04-26,BR036,TLR-5351,C503299,cash withdrawal,387.43,CAD
CA00030814,2025-04-02,BR021,TLR-3255,C502322,cash deposit,1445.07,CAD
CA00034134,2025-04-16,BR037,TLR-5682,C501388,cash deposit,1675.06,CAD
CA00031362,2025-04-19,BR024,TLR-5040,C503215,cash withdrawal,1334.44,CAD
CA00034246,2025-04-23,BR038,TLR-8006,C503520,cash withdrawal,3405.41,CAD
CA00026640,2025-04-08,BR001,TLR-2811,C500559,cash withdrawal,954.26,CAD
CA00027932,2025-04-26,BR006,TLR-5632,C502308,cash withdrawal,1183.12,CAD
CA00033527,2025-04-10,BR035,TLR-7418,C500028,cash withdrawal,1177.18,CAD
CA00030629,2025-04-29,BR020,TLR-9551,C503507,cash withdrawal,1192.61,USD
CA00028949,2025-04-28,BR012,TLR-5912,C502068,cash deposit,4329.17,CAD
CA00028387,2025-04-05,BR008,TLR-5011,C502309,cash deposit,260.75,CAD
CA00028867,2025-04-23,BR012,TLR-6868,C501822,cash deposit,1114.54,CAD
CA00031797,2025-04-17,BR026,TLR-8477,C503833,cash withdrawal,-194.44,CAD
CA00027949,2025-04-24,BR006,TLR-9481,C502076,cash deposit,1794.59,CAD
CA00033205,2025-04-03,BR034,TLR-7401,C500544,cash withdrawal,3340.72,CAD
CA00033986,2025-04-05,BR037,TLR-7747,C501488,cash deposit,679.16,CAD
CA00029351,2025-04-08,BR014,TLR-7186,C503546,cash withdrawal,1792.81,CAD
CA00032628,2025-04-03,BR031,TLR-9118,C501892,cash deposit,2210.27,CAD
CA00027693,2025-04-17,BR006,TLR-1068,C503112,cash deposit,516.12,CAD
CA00034829,2025-04-01,BR040,TLR-4154,C500229,cash withdrawal,708.67,CAD
CA00027319,2025-04-01,BR003,TLR-3452,C500668,cash deposit,2345.27,CAD
CA00028032,2025-04-06,BR007,TLR-9964,C500753,cash deposit,351.28,CAD
CA00030679,2025-04-23,BR020,TLR-9658,C502633,cash deposit,622.25,USD
CA00028053,2025-04-24,BR007,TLR-6690,C503793,cash withdrawal,592.79,CAD
CA00035229,2025-04-02,BR040,TLR-8061,C500950,cash withdrawal,2090.28,CAD
CA00031208,2025-04-15,BR024,TLR-2056,C503238,cash withdrawal,2006.65,CAD
CA00028936,2025-04-19,BR012,TLR-3047,C503222,cash withdrawal,727.44,CAD
CA00028216,2025-04-06,BR008,TLR-2192,C502499,cash deposit,466.53,CAD
CA00031871,2025-04-29,BR027,TLR-4345,C503045,cash deposit,2389.6,CAD
CA00034210,2025-04-17,BR038,TLR-9706,C502481,cash withdrawal,840.4,CAD
CA00030237,2025-04-15,BR019,TLR-7304,C502704,cash withdrawal,665.72,CAD
CA00030003,2025-04-05,BR017,TLR-2503,C503856,cash withdrawal,181.73,CAD
CA00028207,2025-04-02,BR007,TLR-1023,C501310,cash deposit,572.86,CAD
CA00026643,2025-04-07,BR001,TLR-2422,C503450,cash deposit,1586.49,CAD
CA00029784,2025-04-01,BR016,TLR-3765,C503767,cash withdrawal,1444.27,CAD
CA00032590,2025-04-20,BR030,TLR-4998,C500866,cash withdrawal,1892.49,CAD
CA00034815,2025-04-20,BR040,TLR-5982,C500091,cash withdrawal,904.59,CAD
CA00034396,2025-04-23,BR039,TLR-6914,C500277,cash deposit,488.44,CAD
CA00035298,2025-04-22,BR040,TLR-3210,C503448,cash withdrawal,1476.67,CAD
CA00027613,2025-04-19,BR004,TLR-6540,C500541,cash withdrawal,1562.51,CAD
CA00035067,2025-04-26,BR040,TLR-6765,C502754,cash withdrawal,3075.75,CAD
CA00030051,2025-04-05,BR017,TLR-3793,C503790,cash deposit,412.98,CAD
CA00035354,2025-04-21,BR040,TLR-8878,C501723,cash deposit,2955.5,CAD
CA00027708,2025-04-22,BR006,TLR-1992,C502478,cash withdrawal,293.26,CAD
CA00030541,2025-04-18,BR019,TLR-8994,C501774,cash deposit,492.26,CAD
CA00030984,2025-04-05,BR022,TLR-7277,C503015,cash withdrawal,2944.23,CAD
CA00031417,2025-04-22,BR025,TLR-5441,C502916,cash deposit,752.57,CAD
CA00027002,2025-04-18,BR002,TLR-3206,C501050,cash withdrawal,-478.44,CAD
CA00034163,2025-04-14,BR037,TLR-7539,C501798,cash withdrawal,608.0,CAD
CA00027885,2025-04-11,BR006,TLR-1385,C503649,cash deposit,1580.08,CAD
CA00028623,2025-04-23,BR010,TLR-3851,C500452,cash deposit,2205.8,CAD
CA00028681,2025-04-21,BR010,TLR-3588,C503192,cash withdrawal,600.44,CAD
CA00027050,2025-04-23,BR002,TLR-8159,C503656,cash withdrawal,-999.76,CAD
CA00030076,2025-04-10,BR017,TLR-4980,C502298,cash withdrawal,804.41,CAD
CA00030249,2025-04-28,BR019,TLR-2910,C503494,cash deposit,944.77,CAD
CA00032124,2025-04-28,BR028,TLR-3173,C502807,cash deposit,2021.43,CAD
CA00033315,2025-04-27,BR034,TLR-7327,C502575,cash deposit,685.63,CAD
CA00030992,2025-04-20,BR022,TLR-2536,C503488,cash deposit,849.9,CAD
CA00029493,2025-04-02,BR015,TLR-4416,C502463,cash deposit,877.15,CAD
CA00028518,2025-04-25,BR009,TLR-8985,C500305,cash withdrawal,642.82,CAD
CA00034943,2025-04-23,BR040,TLR-9951,C502717,cash withdrawal,1218.38,CAD
CA00030040,2025-04-17,BR017,TLR-5576,C500255,cash deposit,897.67,CAD
CA00028291,2025-04-21,BR008,TLR-6640,C500792,cash withdrawal,359.43,CAD
CA00031865,2025-04-03,BR027,TLR-1987,C502518,cash withdrawal,598.03,CAD
CA00034330,2025-04-06,BR038,TLR-4319,C502823,cash deposit,1715.62,CAD
CA00031632,2025-04-12,BR026,TLR-2709,C501425,cash deposit,495.39,CAD
CA00027001,2025-04-27,BR002,TLR-9372,C502829,cash withdrawal,-1421.79,CAD
CA00031655,2025-04-30,BR026,TLR-4174,C502095,cash withdrawal,-577.56,CAD
CA00029670,2025-04-27,BR016,TLR-2987,C500438,cash deposit,839.55,CAD
CA00033983,2025-04-01,BR037,TLR-8634,C502229,cash withdrawal,935.39,CAD
CA00031494,2025-04-27,BR025,TLR-2282,C503990,cash deposit,1875.29,CAD
CA00027667,2025-04-22,BR005,TLR-5608,C503253,cash deposit,494.64,CAD
CA00030996,2025-04-16,BR022,TLR-3192,C500155,cash deposit,558.28,CAD
CA00029699,2025-04-13,BR016,TLR-3467,C502309,cash deposit,427.76,CAD
CA00032188,2025-04-16,BR029,TLR-7473,C502221,cash deposit,327.05,CAD
CA00029759,2025-04-27,BR016,TLR-7370,C501740,cash deposit,1519.54,CAD
CA00028135,2025-04-06,BR007,TLR-5157,C503225,cash deposit,703.98,CAD
CA00030604,2025-04-15,BR020,TLR-6148,C501698,cash deposit,1739.01,USD
CA00034770,2025-04-21,BR040,TLR-8205,C500577,cash withdrawal,1395.26,CAD
CA00030074,2025-04-14,BR017,TLR-7018,C503426,cash withdrawal,501.76,CAD
CA00031682,2025-04-06,BR026,TLR-6126,C503999,cash deposit,550.14,CAD
CA00033772,2025-04-12,BR036,TLR-4616,C503142,cash withdrawal,679.42,CAD
CA00026737,2025-04-03,BR001,TLR-3774,C502812,cash withdrawal,967.94,CAD
CA00026996,2025-04-23,BR002,TLR-3573,C502998,cash withdrawal,-1049.24,CAD
CA00032443,2025-04-12,BR030,TLR-9340,C502011,cash deposit,2780.27,CAD
CA00034259,2025-04-15,BR038,TLR-2012,C501305,cash withdrawal,684.7,CAD
CA00034721,2025-04-30,BR040,TLR-7226,C500084,cash deposit,1389.69,CAD
CA00033236,2025-04-14,BR034,TLR-1796,C500188,cash deposit,287.17,CAD
CA00032752,2025-04-28,BR031,TLR-4331,C501003,cash deposit,752.51,CAD
CA00030958,2025-04-17,BR022,TLR-6457,C500105,cash deposit,1081.43,CAD
CA00029092,2025-04-12,BR013,TLR-1798,C503789,cash deposit,1521.27,CAD
CA00027790,2025-04-30,BR006,TLR-8825,C500063,cash withdrawal,327.31,CAD
CA00028706,2025-04-18,BR010,TLR-4707,C502253,cash deposit,578.07,CAD
CA00027018,2025-04-13,BR002,TLR-2131,C503363,cash deposit,907.89,CAD
CA00030680,2025-04-02,BR020,TLR-6953,C500393,cash withdrawal,1197.4,USD
CA00032613,2025-04-16,BR031,TLR-6113,C503499,cash withdrawal,493.48,CAD
CA00027770,2025-04-08,BR006,TLR-2155,C500051,cash deposit,978.98,CAD
CA00034812,2025-04-27,BR040,TLR-1674,C500442,cash withdrawal,923.51,CAD
CA00033457,2025-04-03,BR035,TLR-1236,C501153,cash withdrawal,1098.25,CAD
CA00033955,2025-04-18,BR037,TLR-7294,C502726,cash deposit,903.33,CAD
CA00034366,2025-04-29,BR039,TLR-2385,C501727,cash withdrawal,404.11,CAD
CA00032230,2025-04-12,BR029,TLR-1047,C503275,cash deposit,278.26,CAD
CA00032449,2025-04-23,BR030,TLR-2388,C502170,cash deposit,486.24,CAD
CA00029811,2025-04-28,BR016,TLR-7350,C502480,cash deposit,2329.84,CAD
CA00034419,2025-04-19,BR039,TLR-5701,C502812,cash withdrawal,431.61,CAD
CA00027904,2025-04-17,BR006,TLR-9908,C502156,cash deposit,440.93,CAD
CA00031292,2025-04-18,BR024,TLR-3480,C500845,cash deposit,704.87,CAD
CA00031233,2025-04-09,BR024,TLR-5702,C503142,cash withdrawal,296.81,CAD
CA00031298,2025-04-09,BR024,TLR-4188,C502172,cash withdrawal,528.21,CAD
CA00030470,2025-04-22,BR019,TLR-6885,C500363,cash withdrawal,1348.08,CAD
CA00029047,2025-04-08,BR012,TLR-9363,C502860,cash withdrawal,1334.79,CAD
CA00029855,2025-04-16,BR016,TLR-6287,C503588,cash deposit,2591.91,CAD
CA00034817,2025-04-13,BR040,TLR-9422,C503794,cash withdrawal,848.59,CAD
CA00031801,2025-04-21,BR026,TLR-9929,C501556,cash withdrawal,-658.28,CAD
CA00034392,2025-04-17,BR039,TLR-9013,C503981,cash withdrawal,834.38,CAD
CA00029566,2025-04-07,BR015,TLR-4351,C503297,cash deposit,1898.04,CAD
CA00028196,2025-04-11,BR007,TLR-6204,C502490,cash withdrawal,1109.69,CAD
CA00028243,2025-04-09,BR008,TLR-2655,C501275,cash deposit,680.33,CAD
CA00029592,2025-04-02,BR015,TLR-1206,C503753,cash withdrawal,5340.83,CAD
CA00028557,2025-04-27,BR009,TLR-2053,C501939,cash withdrawal,714.5,CAD
CA00026991,2025-04-08,BR002,TLR-3453,C502251,cash deposit,550.57,CAD
CA00029195,2025-04-06,BR014,TLR-4553,C502736,cash withdrawal,1582.42,CAD
CA00034808,2025-04-09,BR040,TLR-3765,C501716,cash withdrawal,604.73,CAD
CA00029814,2025-04-03,BR016,TLR-5460,C502796,cash withdrawal,2183.25,CAD
CA00028409,2025-04-13,BR008,TLR-2184,C502011,cash deposit,570.47,CAD
CA00033731,2025-04-14,BR036,TLR-8716,C502362,cash deposit,2732.3,CAD
CA00034031,2025-04-26,BR037,TLR-9854,C501478,cash withdrawal,363.74,CAD
CA00029011,2025-04-03,BR012,TLR-9427,C501045,cash withdrawal,707.1,CAD
CA00030253,2025-04-18,BR019,TLR-7917,C500107,cash withdrawal,331.35,CAD
CA00033850,2025-04-16,BR036,TLR-8961,C500222,cash deposit,1423.13,CAD
CA00033896,2025-04-06,BR036,TLR-5304,C503276,cash withdrawal,539.38,CAD
CA00034645,2025-04-22,BR040,TLR-6109,C501955,cash withdrawal,706.76,CAD
CA00030902,2025-04-05,BR021,TLR-4408,C503024,cash withdrawal,3381.82,CAD
CA00027566,2025-04-26,BR004,TLR-9409,C500551,cash withdrawal,1888.2,CAD
CA00035058,2025-04-15,BR040,TLR-4733,C501620,cash withdrawal,1732.69,CAD
CA00027534,2025-04-07,BR004,TLR-1834,C501735,cash deposit,936.09,CAD
CA00027695,2025-04-30,BR006,TLR-7139,C502827,cash deposit,1121.33,CAD
CA00033524,2025-04-03,BR035,TLR-7428,C502160,cash withdrawal,719.41,CAD
CA00031955,2025-04-09,BR027,TLR-9086,C500157,cash deposit,691.75,CAD
CA00027240,2025-04-15,BR003,TLR-4592,C500445,cash deposit,537.37,CAD
CA00030006,2025-04-02,BR017,TLR-6058,C501033,cash withdrawal,1409.92,CAD
CA00027093,2025-04-01,BR002,TLR-8467,C501841,cash deposit,1994.07,CAD
CA00035145,2025-04-11,BR040,TLR-7641,C501302,cash deposit,1317.8,CAD
CA00032323,2025-04-23,BR030,TLR-1223,C502034,cash deposit,1523.77,CAD
CA00031753,2025-04-29,BR026,TLR-4976,C502923,cash withdrawal,-2673.82,CAD
CA00034532,2025-04-13,BR039,TLR-4388,C503264,cash deposit,1741.89,CAD
CA00032635,2025-04-10,BR031,TLR-7406,C500418,cash deposit,543.94,CAD
CA00033026,2025-04-09,BR033,TLR-6028,C501145,cash withdrawal,5238.01,CAD
CA00029692,2025-04-15,BR016,TLR-4785,C503523,cash withdrawal,1054.97,CAD
CA00034763,2025-04-27,BR040,TLR-1018,C501464,cash deposit,478.18,CAD
CA00033432,2025-04-21,BR035,TLR-4322,C501425,cash withdrawal,511.26,CAD
CA00030821,2025-04-05,BR021,TLR-6346,C501574,cash deposit,1023.89,CAD
CA00029374,2025-04-11,BR014,TLR-2943,C503164,cash withdrawal,921.09,CAD
CA00029294,2025-04-22,BR014,TLR-4396,C502281,cash deposit,424.62,CAD
CA00035399,2025-04-22,BR040,TLR-3905,C502865,cash withdrawal,210.71,CAD
CA00027632,2025-04-30,BR005,TLR-8661,C503971,cash deposit,996.45,CAD
CA00029905,2025-04-20,BR017,TLR-3667,C500951,cash deposit,1113.52,CAD
CA00030716,2025-04-23,BR020,TLR-7510,C503908,cash withdrawal,352.12,USD
CA00031837,2025-04-24,BR026,TLR-9336,C502356,cash deposit,726.92,CAD
CA00030766,2025-04-18,BR020,TLR-1824,C503657,cash withdrawal,221.36,USD
CA00027755,2025-04-11,BR006,TLR-7872,C502542,cash deposit,2654.37,CAD
CA00027748,2025-04-29,BR006,TLR-2767,C502492,cash deposit,498.6,CAD
CA00028513,2025-04-13,BR009,TLR-9862,C503296,cash deposit,814.54,CAD
CA00027451,2025-04-06,BR004,TLR-7009,C503016,cash deposit,3070.81,CAD
CA00035281,2025-04-26,BR040,TLR-1454,C502463,cash withdrawal,2095.26,CAD
CA00031891,2025-04-10,BR027,TLR-4539,C502903,cash withdrawal,1553.13,CAD
CA00030879,2025-04-15,BR021,TLR-2605,C503484,cash deposit,1092.44,CAD
CA00026695,2025-04-24,BR001,TLR-4886,C503269,cash deposit,906.1,CAD
CA00030108,2025-04-02,BR017,TLR-1925,C500614,cash deposit,1086.96,CAD
CA00029176,2025-04-05,BR014,TLR-5058,C503372,cash withdrawal,842.43,CAD
CA00032290,2025-04-11,BR029,TLR-1549,C503037,cash withdrawal,1162.98,CAD
CA00026982,2025-04-03,BR002,TLR-1891,C502593,cash deposit,1254.99,CAD
CA00032798,2025-04-30,BR031,TLR-7966,C503206,cash deposit,2003.26,CAD
CA00033794,2025-04-12,BR036,TLR-4201,C500709,cash withdrawal,505.8,CAD
CA00030323,2025-04-05,BR019,TLR-9011,C502752,cash deposit,191.45,CAD
CA00034032,2025-04-18,BR037,TLR-7022,C503811,cash withdrawal,1455.17,CAD
CA00032138,2025-04-12,BR028,TLR-2850,C503437,cash withdrawal,574.21,CAD
CA00034826,2025-04-24,BR040,TLR-5225,C503714,cash withdrawal,578.28,CAD
CA00029073,2025-04-09,BR012,TLR-8441,C500440,cash deposit,595.69,CAD
CA00030569,2025-04-25,BR019,TLR-4388,C503938,cash deposit,1115.94,CAD
CA00034853,2025-04-07,BR040,TLR-7391,C501573,cash withdrawal,1676.0,CAD
CA00034540,2025-04-01,BR039,TLR-2560,C503722,cash deposit,2020.44,CAD
CA00026894,2025-04-01,BR002,TLR-6365,C500977,cash withdrawal,-908.68,CAD
CA00027085,2025-04-04,BR002,TLR-8018,C502453,cash deposit,2233.16,CAD
CA00031943,2025-04-14,BR027,TLR-9457,C501313,cash withdrawal,743.58,CAD
CA00030190,2025-04-19,BR018,TLR-5599,C500974,cash withdrawal,2335.09,CAD
CA00034403,2025-04-13,BR039,TLR-6172,C500595,cash withdrawal,1759.8,CAD
CA00027395,2025-04-04,BR004,TLR-1913,C501401,cash deposit,738.14,CAD
CA00027707,2025-04-09,BR006,TLR-4830,C500110,cash deposit,1377.87,CAD
CA00030816,2025-04-15,BR021,TLR-3921,C503817,cash withdrawal,1802.64,CAD
CA00026790,2025-04-24,BR001,TLR-8381,C502653,cash deposit,1046.28,CAD
CA00030751,2025-04-02,BR020,TLR-1609,C500209,cash withdrawal,1130.4,USD
CA00029080,2025-04-08,BR012,TLR-7302,C502567,cash withdrawal,1303.25,CAD
CA00026662,2025-04-10,BR001,TLR-3143,C500560,cash withdrawal,1192.9,CAD
CA00028910,2025-04-12,BR012,TLR-7897,C501517,cash withdrawal,1953.81,CAD
CA00030538,2025-04-15,BR019,TLR-9066,C501961,cash deposit,912.7,CAD
CA00032636,2025-04-05,BR031,TLR-4286,C503189,cash deposit,264.01,CAD
CA00031639,2025-04-27,BR026,TLR-9842,C501270,cash withdrawal,-1513.49,CAD
CA00034462,2025-04-23,BR039,TLR-8218,C503796,cash withdrawal,268.29,CAD
CA00033926,2025-04-23,BR037,TLR-8927,C503332,cash withdrawal,1657.84,CAD
CA00027649,2025-04-18,BR005,TLR-2317,C500234,cash deposit,564.6,CAD
CA00031410,2025-04-13,BR024,TLR-9232,C502481,cash deposit,1558.23,CAD
CA00029313,2025-04-01,BR014,TLR-7976,C502427,cash deposit,1312.98,CAD
CA00031436,2025-04-15,BR025,TLR-3132,C500329,cash deposit,1102.01,CAD
CA00030447,2025-04-18,BR019,TLR-8014,C502876,cash withdrawal,339.46,CAD
CA00031416,2025-04-02,BR025,TLR-4859,C502090,cash deposit,528.6,CAD
CA00034600,2025-04-10,BR039,TLR-7621,C503090,cash withdrawal,401.22,CAD
CA00030170,2025-04-30,BR018,TLR-8826,C502836,cash withdrawal,257.45,CAD
CA00034544,2025-04-09,BR039,TLR-7369,C500128,cash deposit,431.18,CAD
CA00030424,2025-04-11,BR019,TLR-1402,C500062,cash withdrawal,381.08,CAD
CA00033282,2025-04-28,BR034,TLR-2189,C500810,cash deposit,641.95,CAD
CA00035387,2025-04-11,BR040,TLR-2024,C501339,cash deposit,758.97,CAD
CA00033287,2025-04-22,BR034,TLR-3392,C503590,cash withdrawal,710.53,CAD
CA00027668,2025-04-06,BR005,TLR-2348,C501183,cash deposit,237.66,CAD
CA00027478,2025-04-14,BR004,TLR-3209,C501909,cash withdrawal,1735.62,CAD
CA00032136,2025-04-01,BR028,TLR-2144,C503717,cash withdrawal,366.62,CAD
CA00032692,2025-04-05,BR031,TLR-9982,C500379,cash withdrawal,813.8,CAD
CA00026762,2025-04-10,BR001,TLR-7687,C500267,cash deposit,1347.08,CAD
CA00031463,2025-04-21,BR025,TLR-9505,C502182,cash withdrawal,-2802.02,CAD
CA00032282,2025-04-20,BR029,TLR-5358,C502315,cash withdrawal,807.54,CAD
CA00029247,2025-04-10,BR014,TLR-8432,C503130,cash deposit,1495.19,CAD
CA00031721,2025-04-06,BR026,TLR-7956,C500108,cash withdrawal,-327.53,CAD
CA00033498,2025-04-04,BR035,TLR-5289,C503998,cash deposit,533.2,CAD
CA00032497,2025-04-18,BR030,TLR-2423,C502761,cash deposit,557.86,CAD
CA00034152,2025-04-05,BR037,TLR-6932,C501767,cash withdrawal,1188.58,CAD
CA00031428,2025-04-13,BR025,TLR-5496,C500176,cash deposit,368.74,CAD
CA00028485,2025-04-06,BR009,TLR-5382,C501684,cash withdrawal,426.75,CAD
CA00032977,2025-04-26,BR032,TLR-4115,C502425,cash deposit,2609.26,CAD
CA00030007,2025-04-12,BR017,TLR-3806,C503602,cash deposit,613.54,CAD
CA00033923,2025-04-09,BR037,TLR-2791,C501639,cash withdrawal,1498.59,CAD
CA00035302,2025-04-22,BR040,TLR-2065,C503561,cash withdrawal,237.77,CAD
CA00034402,2025-04-02,BR039,TLR-7159,C502235,cash withdrawal,3163.1,CAD
CA00032238,2025-04-24,BR029,TLR-6223,C502927,cash deposit,310.06,CAD
CA00034949,2025-04-13,BR040,TLR-8588,C501396,cash deposit,1522.93,CAD
CA00028283,2025-04-08,BR008,TLR-9291,C501683,cash deposit,348.78,CAD
CA00035225,2025-04-02,BR040,TLR-1195,C500528,cash withdrawal,5000.49,CAD
CA00028745,2025-04-18,BR010,TLR-6360,C503414,cash deposit,6079.06,CAD
CA00033083,2025-04-03,BR033,TLR-5028,C501917,cash withdrawal,1604.6,CAD
CA00029801,2025-04-25,BR016,TLR-9195,C503286,cash deposit,1381.07,CAD
CA00034208,2025-04-03,BR038,TLR-1768,C501730,cash deposit,310.69,CAD
CA00028418,2025-04-18,BR008,TLR-3009,C503766,cash deposit,1867.86,CAD
CA00035029,2025-04-20,BR040,TLR-7414,C503794,cash deposit,884.49,CAD
CA00035304,2025-04-02,BR040,TLR-1532,C503526,cash withdrawal,1348.88,CAD
CA00028086,2025-04-26,BR007,TLR-5435,C500913,cash withdrawal,862.35,CAD
CA00029643,2025-04-14,BR015,TLR-4755,C502165,cash deposit,4894.12,CAD
CA00034871,2025-04-27,BR040,TLR-2090,C503476,cash withdrawal,1066.82,CAD
CA00032123,2025-04-11,BR028,TLR-6907,C500752,cash deposit,1025.58,CAD
CA00027365,2025-04-21,BR004,TLR-6614,C502092,cash deposit,945.67,CAD
CA00028634,2025-04-20,BR010,TLR-5955,C502905,cash deposit,2190.87,CAD
CA00035218,2025-04-12,BR040,TLR-4082,C500898,cash deposit,1769.87,CAD
CA00034699,2025-04-26,BR040,TLR-3527,C501886,cash deposit,2399.59,CAD
CA00030172,2025-04-29,BR018,TLR-1685,C501485,cash deposit,3637.98,CAD
CA00034875,2025-04-29,BR040,TLR-3610,C502822,cash withdrawal,1650.42,CAD
CA00035150,2025-04-22,BR040,TLR-8214,C502699,cash withdrawal,319.68,CAD
CA00031517,2025-04-29,BR025,TLR-8746,C501392,cash withdrawal,-821.19,CAD
CA00029574,2025-04-26,BR015,TLR-4165,C503657,cash deposit,146.34,CAD
CA00030294,2025-04-07,BR019,TLR-6064,C502142,cash withdrawal,759.13,CAD
CA00027666,2025-04-26,BR005,TLR-1469,C502002,cash withdrawal,431.29,CAD
CA00033806,2025-04-20,BR036,TLR-1660,C500675,cash withdrawal,1889.22,CAD
CA00031670,2025-04-12,BR026,TLR-5776,C500668,cash withdrawal,-266.52,CAD
CA00031040,2025-04-05,BR023,TLR-8126,C503408,cash deposit,2023.27,CAD
CA00026637,2025-04-12,BR001,TLR-4687,C502241,cash withdrawal,1908.99,CAD
CA00033603,2025-04-18,BR036,TLR-5315,C500419,cash deposit,1134.46,CAD
CA00033409,2025-04-03,BR035,TLR-4746,C501898,cash deposit,814.99,CAD
CA00028200,2025-04-05,BR007,TLR-1765,C502815,cash deposit,832.42,CAD
CA00034618,2025-04-08,BR040,TLR-9703,C501824,cash withdrawal,2143.41,CAD
CA00030203,2025-04-16,BR018,TLR-5950,C500235,cash deposit,874.77,CAD
CA00026820,2025-04-13,BR001,TLR-5246,C503462,cash deposit,262.1,CAD
CA00034390,2025-04-15,BR039,TLR-7071,C502453,cash withdrawal,571.78,CAD
CA00030276,2025-04-02,BR019,TLR-1689,C500546,cash withdrawal,1773.91,CAD
CA00033563,2025-04-27,BR035,TLR-7782,C502029,cash withdrawal,674.97,CAD
CA00028071,2025-04-26,BR007,TLR-7352,C500596,cash deposit,2477.27,CAD
CA00029910,2025-04-17,BR017,TLR-9672,C501163,cash deposit,179.52,CAD
CA00028999,2025-04-19,BR012,TLR-2884,C503339,cash withdrawal,2245.29,CAD
CA00031819,2025-04-22,BR026,TLR-2134,C502526,cash deposit,1112.89,CAD
CA00030939,2025-04-23,BR021,TLR-8730,C500122,cash deposit,312.2,CAD
CA00028464,2025-04-23,BR009,TLR-7447,C502412,cash withdrawal,276.14,CAD
CA00032540,2025-04-14,BR030,TLR-2717,C503617,cash deposit,2137.8,CAD
CA00034142,2025-04-06,BR037,TLR-2287,C500493,cash withdrawal,602.07,CAD
CA00031643,2025-04-24,BR026,TLR-9329,C501273,cash deposit,1009.16,CAD
CA00030661,2025-04-27,BR020,TLR-3122,C502503,cash deposit,801.01,USD
CA00034426,2025-04-19,BR039,TLR-4912,C503486,cash deposit,969.8,CAD
CA00034845,2025-04-18,BR040,TLR-8111,C500847,cash withdrawal,819.93,CAD
CA00028360,2025-04-25,BR008,TLR-1048,C500658,cash withdrawal,728.86,CAD
CA00029152,2025-04-20,BR013,TLR-7212,C502781,cash withdrawal,1130.22,CAD
CA00032003,2025-04-19,BR027,TLR-6611,C502720,cash deposit,673.1,CAD
CA00028694,2025-04-01,BR010,TLR-2108,C502876,cash withdrawal,568.4,CAD
CA00031237,2025-04-07,BR024,TLR-4840,C503778,cash withdrawal,3748.39,CAD
CA00034898,2025-04-23,BR040,TLR-1096,C503011,cash withdrawal,930.55,CAD
CA00027323,2025-04-03,BR003,TLR-9788,C503195,cash deposit,1227.28,CAD
CA00031299,2025-04-07,BR024,TLR-2494,C502064,cash withdrawal,893.16,CAD
CA00033657,2025-04-01,BR036,TLR-3283,C502695,cash withdrawal,1201.31,CAD
CA00028089,2025-04-21,BR007,TLR-4734,C500334,cash deposit,348.34,CAD
CA00032850,2025-04-27,BR031,TLR-9131,C502641,cash withdrawal,386.38,CAD
CA00033609,2025-04-12,BR036,TLR-3032,C501271,cash withdrawal,696.31,CAD
CA00029126,2025-04-04,BR013,TLR-7178,C503580,cash withdrawal,987.72,CAD
CA00032348,2025-04-05,BR030,TLR-7037,C502847,cash withdrawal,684.25,CAD
CA00033687,2025-04-30,BR036,TLR-3653,C500613,cash deposit,1770.4,CAD
CA00026691,2025-04-04,BR001,TLR-1779,C502407,cash withdrawal,327.82,CAD
CA00026803,2025-04-22,BR001,TLR-9139,C502949,cash withdrawal,1221.93,CAD
CA00032736,2025-04-14,BR031,TLR-7567,C503831,cash deposit,1876.56,CAD
CA00033429,2025-04-29,BR035,TLR-8484,C501971,cash withdrawal,393.86,CAD
CA00035362,2025-04-25,BR040,TLR-9429,C500139,cash withdrawal,501.92,CAD
CA00028716,2025-04-01,BR010,TLR-9603,C502199,cash deposit,616.03,CAD
CA00027459,2025-04-15,BR004,TLR-7169,C501528,cash withdrawal,2907.37,CAD
CA00026595,2025-04-19,BR001,TLR-1257,C503872,cash withdrawal,3076.09,CAD
CA00029093,2025-04-13,BR013,TLR-6546,C502329,cash withdrawal,1195.22,CAD
CA00030502,2025-04-13,BR019,TLR-4142,C503159,cash deposit,159.16,CAD
CA00032159,2025-04-30,BR028,TLR-7663,C503521,cash deposit,235.56,CAD
CA00032626,2025-04-28,BR031,TLR-9179,C501277,cash deposit,2129.22,CAD
CA00029202,2025-04-09,BR014,TLR-8842,C500555,cash deposit,693.21,CAD
CA00032919,2025-04-03,BR032,TLR-4203,C500790,cash withdrawal,606.75,CAD
CA00032295,2025-04-26,BR029,TLR-3835,C503225,cash withdrawal,626.33,CAD
CA00029400,2025-04-14,BR015,TLR-6792,C503736,cash withdrawal,1491.67,CAD
CA00033560,2025-04-07,BR035,TLR-5007,C502123,cash withdrawal,633.58,CAD
CA00035324,2025-04-05,BR040,TLR-9157,C502687,cash deposit,1988.55,CAD
CA00035019,2025-04-22,BR040,TLR-8147,C501563,cash deposit,1456.38,CAD
CA00033695,2025-04-30,BR036,TLR-4674,C501899,cash withdrawal,841.07,CAD
CA00027997,2025-04-30,BR007,TLR-9115,C500059,cash withdrawal,1826.94,CAD
CA00031224,2025-04-06,BR024,TLR-7800,C502255,cash deposit,579.24,CAD
CA00031399,2025-04-13,BR024,TLR-3263,C500721,cash withdrawal,1431.61,CAD
CA00026686,2025-04-13,BR001,TLR-1913,C500626,cash deposit,711.46,CAD
CA00034306,2025-04-10,BR038,TLR-8919,C501056,cash withdrawal,677.11,CAD
CA00030349,2025-04-06,BR019,TLR-8346,C501016,cash withdrawal,1391.61,CAD
CA00029166,2025-04-19,BR013,TLR-1233,C502011,cash withdrawal,1003.34,CAD
CA00035140,2025-04-09,BR040,TLR-4663,C501106,cash deposit,8849.98,CAD
CA00033719,2025-04-14,BR036,TLR-9624,C501756,cash deposit,1751.85,CAD
CA00033342,2025-04-29,BR034,TLR-8779,C500399,cash deposit,878.69,CAD
CA00034052,2025-04-13,BR037,TLR-1583,C501155,cash deposit,2981.11,CAD
CA00053297,2025-04-16,BR015,TLR-4844,W950340,cash withdrawal,521.05,CAD
CA00028535,2025-04-12,BR009,TLR-5711,C503687,cash deposit,1351.88,CAD
CA00028729,2025-04-27,BR010,TLR-2622,C502402,cash deposit,2020.06,CAD
CA00030437,2025-04-04,BR019,TLR-8029,C501620,cash deposit,1305.43,CAD
CA00032861,2025-04-09,BR031,TLR-2909,C500657,cash withdrawal,2791.97,CAD
CA00026745,2025-04-08,BR001,TLR-3089,C502571,cash deposit,1055.11,CAD
CA00033445,2025-04-22,BR035,TLR-4275,C501259,cash deposit,441.4,CAD
CA00028276,2025-04-09,BR008,TLR-1597,C500444,cash withdrawal,497.24,CAD
CA00028476,2025-04-11,BR009,TLR-3119,C502453,cash deposit,494.85,CAD
CA00034999,2025-04-13,BR040,TLR-9924,C500718,cash withdrawal,329.6,CAD
CA00031079,2025-04-02,BR023,TLR-6995,C501397,cash withdrawal,859.31,CAD
CA00033861,2025-04-24,BR036,TLR-1182,C501145,cash deposit,326.89,CAD
CA00034566,2025-04-22,BR039,TLR-5930,C502205,cash withdrawal,169.94,CAD
CA00028498,2025-04-14,BR009,TLR-4511,C502389,cash withdrawal,1013.62,CAD
CA00026627,2025-04-04,BR001,TLR-5842,C501903,cash withdrawal,3698.31,CAD
CA00031024,2025-04-12,BR023,TLR-4497,C502029,cash withdrawal,2250.38,CAD
CA00026654,2025-04-19,BR001,TLR-9036,C502707,cash deposit,321.93,CAD
CA00032097,2025-04-08,BR028,TLR-6554,C501292,cash withdrawal,1418.76,CAD
CA00031457,2025-04-09,BR025,TLR-7993,C502407,cash withdrawal,-482.14,CAD
CA00026864,2025-04-13,BR001,TLR-9640,C503466,cash withdrawal,1966.7,CAD
CA00026644,2025-04-01,BR001,TLR-4085,C501081,cash withdrawal,795.6,CAD
CA00028550,2025-04-17,BR009,TLR-8820,C502635,cash deposit,1346.42,CAD
CA00033711,2025-04-13,BR036,TLR-5344,C501774,cash withdrawal,1576.71,CAD
CA00034107,2025-04-25,BR037,TLR-3821,C503125,cash withdrawal,742.89,CAD
CA00032321,2025-04-22,BR030,TLR-1687,C503701,cash withdrawal,803.49,CAD
CA00034712,2025-04-10,BR040,TLR-6476,C502412,cash deposit,556.44,CAD
CA00028720,2025-04-13,BR010,TLR-6011,C503699,cash deposit,520.41,CAD
CA00034970,2025-04-18,BR040,TLR-2498,C502598,cash deposit,1894.73,CAD
CA00033946,2025-04-23,BR037,TLR-6029,C500698,cash deposit,1580.24,CAD
CA00031868,2025-04-26,BR027,TLR-5202,C503355,cash deposit,381.83,CAD
CA00030414,2025-04-20,BR019,TLR-9903,C502008,cash deposit,2205.26,CAD
CA00031545,2025-04-02,BR025,TLR-7775,C501140,cash deposit,1093.45,CAD
CA00028525,2025-04-14,BR009,TLR-9421,C502284,cash deposit,1322.03,CAD
CA00027722,2025-04-16,BR006,TLR-1581,C500551,cash deposit,320.75,CAD
CA00033011,2025-04-16,BR032,TLR-7305,C500019,cash deposit,867.14,CAD
CA00034810,2025-04-14,BR040,TLR-1740,C502046,cash deposit,1416.08,CAD
CA00030779,2025-04-30,BR021,TLR-6704,C503954,cash withdrawal,2253.31,CAD
CA00028769,2025-04-13,BR010,TLR-8257,C503383,cash withdrawal,2092.63,CAD
CA00032094,2025-04-01,BR028,TLR-8709,C502970,cash deposit,1704.71,CAD
CA00035003,2025-04-28,BR040,TLR-4783,C500035,cash deposit,686.66,CAD
CA00030246,2025-04-02,BR019,TLR-8727,C500702,cash deposit,216.28,CAD
CA00030845,2025-04-12,BR021,TLR-2609,C503802,cash deposit,431.52,CAD
CA00027116,2025-04-30,BR003,TLR-7312,C501025,cash deposit,1380.66,CAD
CA00034704,2025-04-07,BR040,TLR-8922,C500939,cash deposit,1120.15,CAD
CA00028038,2025-04-26,BR007,TLR-3474,C502466,cash withdrawal,388.66,CAD
CA00027935,2025-04-25,BR006,TLR-4228,C502196,cash deposit,954.56,CAD
CA00029501,2025-04-20,BR015,TLR-7110,C501842,cash deposit,538.77,CAD
CA00032922,2025-04-05,BR032,TLR-4713,C500883,cash withdrawal,235.12,CAD
CA00034787,2025-04-13,BR040,TLR-6086,C500417,cash deposit,2724.42,CAD
CA00029510,2025-04-13,BR015,TLR-5483,C502787,cash withdrawal,1726.08,CAD
CA00033361,2025-04-13,BR035,TLR-9086,C502233,cash deposit,3254.1,CAD
CA00031694,2025-04-04,BR026,TLR-2448,C502413,cash withdrawal,-698.16,CAD
CA00032629,2025-04-11,BR031,TLR-8029,C503585,cash deposit,972.53,CAD
CA00031434,2025-04-19,BR025,TLR-2148,C503172,cash withdrawal,-2228.9,CAD
CA00027168,2025-04-12,BR003,TLR-7694,C501850,cash withdrawal,962.73,CAD
CA00029421,2025-04-18,BR015,TLR-2910,C501522,cash withdrawal,126.96,CAD
CA00032973,2025-04-19,BR032,TLR-1443,C500864,cash deposit,894.71,CAD
CA00028031,2025-04-05,BR007,TLR-9455,C500293,cash withdrawal,1356.39,CAD
CA00034873,2025-04-08,BR040,TLR-3545,C501953,cash deposit,469.52,CAD
CA00034652,2025-04-15,BR040,TLR-9349,C500419,cash withdrawal,1656.01,CAD
CA00033360,2025-04-23,BR035,TLR-7318,C501772,cash withdrawal,1119.62,CAD
CA00029740,2025-04-08,BR016,TLR-6793,C501585,cash deposit,815.08,CAD
CA00035381,2025-04-21,BR040,TLR-6226,C500230,cash deposit,397.28,CAD
CA00031532,2025-04-24,BR025,TLR-6857,C501032,cash deposit,918.53,CAD
CA00027495,2025-04-29,BR004,TLR-2042,C503024,cash withdrawal,1429.04,CAD
CA00026974,2025-04-19,BR002,TLR-6306,C503366,cash deposit,1747.45,CAD
CA00026983,2025-04-28,BR002,TLR-4180,C500234,cash withdrawal,-811.72,CAD
CA00030539,2025-04-27,BR019,TLR-4831,C502433,cash withdrawal,479.49,CAD
CA00028705,2025-04-25,BR010,TLR-6766,C502009,cash withdrawal,668.77,CAD
CA00033107,2025-04-14,BR033,TLR-9075,C501158,cash withdrawal,777.75,CAD
CA00029299,2025-04-14,BR014,TLR-2123,C501565,cash deposit,490.3,CAD
CA00033974,2025-04-21,BR037,TLR-8896,C501607,cash deposit,285.77,CAD
CA00028879,2025-04-17,BR012,TLR-6843,C501788,cash deposit,1860.72,CAD
CA00031223,2025-04-22,BR024,TLR-9666,C501049,cash withdrawal,219.05,CAD
CA00030332,2025-04-22,BR019,TLR-5525,C501632,cash deposit,668.37,CAD
CA00031562,2025-04-24,BR025,TLR-8892,C503915,cash withdrawal,-843.46,CAD
CA00028731,2025-04-05,BR010,TLR-4630,C503199,cash deposit,899.95,CAD
CA00032241,2025-04-02,BR029,TLR-2273,C500426,cash deposit,2137.86,CAD
CA00026798,2025-04-12,BR001,TLR-3654,C503165,cash withdrawal,2129.55,CAD
CA00034591,2025-04-19,BR039,TLR-6357,C503625,cash withdrawal,386.87,CAD
CA00032914,2025-04-13,BR032,TLR-8542,C503449,cash deposit,1324.46,CAD
CA00033568,2025-04-18,BR035,TLR-6717,C503426,cash withdrawal,647.62,CAD
CA00026910,2025-04-28,BR002,TLR-1318,C500712,cash deposit,336.54,CAD
CA00028892,2025-04-19,BR012,TLR-4854,C503657,cash deposit,1191.82,CAD
CA00027223,2025-04-13,BR003,TLR-4673,C500770,cash withdrawal,702.27,CAD
CA00032283,2025-04-12,BR029,TLR-2066,C500463,cash withdrawal,3978.51,CAD
CA00027437,2025-04-15,BR004,TLR-2807,C503640,cash withdrawal,683.83,CAD
CA00029102,2025-04-07,BR013,TLR-7733,C502378,cash deposit,3009.81,CAD
CA00028961,2025-04-17,BR012,TLR-9258,C503053,cash deposit,425.35,CAD
CA00034269,2025-04-26,BR038,TLR-5021,C501015,cash deposit,700.89,CAD
CA00030582,2025-04-19,BR019,TLR-6238,C503715,cash withdrawal,1286.37,CAD
CA00028576,2025-04-25,BR009,TLR-9582,C502087,cash withdrawal,1328.58,CAD
CA00035131,2025-04-24,BR040,TLR-4939,C500398,cash withdrawal,1316.41,CAD
CA00031092,2025-04-27,BR023,TLR-8414,C501821,cash withdrawal,975.93,CAD
CA00033178,2025-04-09,BR033,TLR-7224,C500502,cash deposit,1283.14,CAD
CA00031335,2025-04-24,BR024,TLR-5510,C500575,cash withdrawal,1150.36,CAD
CA00029667,2025-04-17,BR015,TLR-2142,C500632,cash deposit,434.78,CAD
CA00033830,2025-04-08,BR036,TLR-3291,C500674,cash withdrawal,725.72,CAD
CA00030960,2025-04-29,BR022,TLR-2810,C503934,cash withdrawal,2167.37,CAD
CA00029300,2025-04-15,BR014,TLR-5177,C500940,cash withdrawal,753.43,CAD
CA00032409,2025-04-26,BR030,TLR-4941,C501462,cash deposit,416.56,CAD
CA00029773,2025-04-24,BR016,TLR-2150,C503430,cash withdrawal,1194.11,CAD
CA00033365,2025-04-05,BR035,TLR-1987,C502378,cash deposit,1440.7,CAD
CA00032825,2025-04-19,BR031,TLR-4398,C500241,cash withdrawal,753.32,CAD
CA00030489,2025-04-16,BR019,TLR-4187,C502390,cash deposit,3153.69,CAD
CA00027984,2025-04-28,BR007,TLR-8196,C502073,cash deposit,757.88,CAD
CA00029765,2025-04-02,BR016,TLR-5549,C503638,cash deposit,518.18,CAD
CA00032265,2025-04-02,BR029,TLR-5397,C503019,cash withdrawal,1011.32,CAD
CA00028942,2025-04-27,BR012,TLR-4853,C502986,cash withdrawal,3568.48,CAD
CA00035364,2025-04-05,BR040,TLR-2863,C501549,cash withdrawal,1577.63,CAD
CA00033984,2025-04-12,BR037,TLR-9059,C500210,cash deposit,250.24,CAD
CA00028140,2025-04-08,BR007,TLR-5900,C502513,cash deposit,489.52,CAD
CA00027423,2025-04-09,BR004,TLR-7392,C503284,cash withdrawal,1200.6,CAD
CA00028897,2025-04-02,BR012,TLR-9409,C503551,cash withdrawal,1978.68,CAD
CA00027956,2025-04-26,BR006,TLR-3154,C500242,cash withdrawal,1687.58,CAD
CA00028288,2025-04-30,BR008,TLR-8517,C503383,cash withdrawal,1267.04,CAD
CA00029576,2025-04-02,BR015,TLR-7923,C502881,cash deposit,1181.64,CAD
CA00033314,2025-04-16,BR034,TLR-7765,C500544,cash deposit,477.37,CAD
CA00034098,2025-04-30,BR037,TLR-5861,C501709,cash withdrawal,2052.74,CAD
CA00028034,2025-04-12,BR007,TLR-1927,C503750,cash deposit,1882.73,CAD
CA00029942,2025-04-19,BR017,TLR-2006,C502242,cash withdrawal,1023.18,CAD
CA00028601,2025-04-02,BR010,TLR-5419,C501858,cash deposit,1630.24,CAD
CA00028457,2025-04-16,BR009,TLR-8357,C503141,cash deposit,5165.98,CAD
CA00033931,2025-04-16,BR037,TLR-2103,C502007,cash withdrawal,752.9,CAD
CA00033301,2025-04-27,BR034,TLR-5952,C500392,cash deposit,1171.4,CAD
CA00029211,2025-04-07,BR014,TLR-5586,C500954,cash deposit,622.16,CAD
CA00030343,2025-04-16,BR019,TLR-2684,C502944,cash withdrawal,4565.04,CAD
CA00033166,2025-04-15,BR033,TLR-6191,C503576,cash withdrawal,720.99,CAD
CA00031346,2025-04-17,BR024,TLR-8866,C500925,cash withdrawal,721.15,CAD
CA00030595,2025-04-17,BR019,TLR-2003,C502691,cash withdrawal,294.41,CAD
CA00028108,2025-04-18,BR007,TLR-3177,C500520,cash deposit,1510.37,CAD
CA00031376,2025-04-07,BR024,TLR-5117,C503749,cash deposit,603.26,CAD
CA00034237,2025-04-07,BR038,TLR-8942,C501873,cash deposit,889.15,CAD
CA00027004,2025-04-01,BR002,TLR-7767,C500948,cash withdrawal,-473.41,CAD
CA00029118,2025-04-13,BR013,TLR-2927,C503485,cash withdrawal,736.2,CAD
CA00033173,2025-04-17,BR033,TLR-5203,C500482,cash withdrawal,2205.85,CAD
CA00033531,2025-04-06,BR035,TLR-8315,C503872,cash deposit,579.43,CAD
CA00031455,2025-04-03,BR025,TLR-5469,C502196,cash deposit,1491.54,CAD
CA00033543,2025-04-21,BR035,TLR-3012,C500029,cash deposit,373.07,CAD
CA00031645,2025-04-16,BR026,TLR-2237,C503386,cash withdrawal,-351.87,CAD
CA00033004,2025-04-04,BR032,TLR-4949,C503096,cash deposit,4758.64,CAD
CA00034604,2025-04-18,BR039,TLR-5984,C503756,cash deposit,1610.57,CAD
CA00031108,2025-04-14,BR023,TLR-1983,C500379,cash withdrawal,595.45,CAD
CA00026715,2025-04-25,BR001,TLR-5510,C501994,cash deposit,692.05,CAD
CA00032152,2025-04-26,BR028,TLR-1636,C502165,cash deposit,202.36,CAD
CA00028225,2025-04-21,BR008,TLR-8709,C503855,cash deposit,565.71,CAD
CA00029838,2025-04-11,BR016,TLR-4490,C501360,cash deposit,1271.06,CAD
CA00029194,2025-04-20,BR014,TLR-6049,C501750,cash deposit,927.17,CAD
CA00035351,2025-04-04,BR040,TLR-2115,C501407,cash deposit,1342.99,CAD
CA00032976,2025-04-25,BR032,TLR-3831,C502498,cash deposit,1224.57,CAD
CA00034133,2025-04-29,BR037,TLR-7292,C503546,cash deposit,1226.11,CAD
CA00031100,2025-04-10,BR023,TLR-1267,C500160,cash deposit,606.57,CAD
CA00034715,2025-04-14,BR040,TLR-8481,C503771,cash withdrawal,997.6,CAD
CA00033515,2025-04-16,BR035,TLR-8834,C501110,cash deposit,1499.8,CAD
CA00032756,2025-04-02,BR031,TLR-4396,C503844,cash withdrawal,936.16,CAD
CA00029736,2025-04-13,BR016,TLR-3110,C502909,cash withdrawal,1498.44,CAD
CA00034077,2025-04-21,BR037,TLR-6255,C500276,cash deposit,1135.0,CAD
CA00026992,2025-04-03,BR002,TLR-1172,C503605,cash deposit,513.88,CAD
CA00033197,2025-04-22,BR034,TLR-5947,C503337,cash withdrawal,2163.37,CAD
CA00032244,2025-04-05,BR029,TLR-1116,C501613,cash deposit,1040.7,CAD
CA00032673,2025-04-25,BR031,TLR-1926,C500560,cash withdrawal,360.11,CAD
CA00031363,2025-04-25,BR024,TLR-1251,C500331,cash deposit,706.18,CAD
CA00033802,2025-04-10,BR036,TLR-3348,C501291,cash deposit,1449.0,CAD
CA00033874,2025-04-21,BR036,TLR-2641,C503760,cash withdrawal,566.86,CAD
CA00032267,2025-04-19,BR029,TLR-8016,C501158,cash withdrawal,1097.18,CAD
CA00030243,2025-04-19,BR019,TLR-7323,C502332,cash withdrawal,2193.51,CAD
CA00028670,2025-04-13,BR010,TLR-3977,C503430,cash deposit,965.98,CAD
CA00029671,2025-04-19,BR016,TLR-6107,C503886,cash deposit,1347.15,CAD
CA00031680,2025-04-11,BR026,TLR-9083,C501749,cash withdrawal,-3201.65,CAD
CA00028289,2025-04-23,BR008,TLR-3620,C503448,cash deposit,751.35,CAD
CA00030044,2025-04-18,BR017,TLR-1225,C500152,cash withdrawal,2160.93,CAD
CA00032768,2025-04-22,BR031,TLR-4994,C502062,cash deposit,1118.82,CAD
CA00028624,2025-04-11,BR010,TLR-6018,C502520,cash withdrawal,4682.82,CAD
CA00034774,2025-04-25,BR040,TLR-7153,C502801,cash deposit,767.14,CAD
CA00032066,2025-04-07,BR028,TLR-9337,C501641,cash withdrawal,1339.64,CAD
CA00027426,2025-04-07,BR004,TLR-4806,C502940,cash withdrawal,907.68,CAD
CA00030510,2025-04-06,BR019,TLR-1353,C503183,cash deposit,1236.91,CAD
CA00032212,2025-04-06,BR029,TLR-8772,C503626,cash deposit,582.05,CAD
CA00029993,2025-04-26,BR017,TLR-1067,C502046,cash deposit,3299.07,CAD
CA00033029,2025-04-17,BR033,TLR-5932,C502101,cash withdrawal,506.64,CAD
CA00033529,2025-04-22,BR035,TLR-6439,C500352,cash withdrawal,2318.81,CAD
CA00030413,2025-04-02,BR019,TLR-6505,C501767,cash withdrawal,277.79,CAD
CA00029408,2025-04-15,BR015,TLR-9889,C502264,cash withdrawal,869.94,CAD
CA00029304,2025-04-13,BR014,TLR-4480,C503808,cash withdrawal,1220.21,CAD
CA00027258,2025-04-09,BR003,TLR-2117,C503435,cash deposit,605.49,CAD
CA00029444,2025-04-01,BR015,TLR-3595,C502389,cash withdrawal,670.24,CAD
CA00034182,2025-04-13,BR038,TLR-2213,C503490,cash deposit,305.41,CAD
CA00028933,2025-04-10,BR012,TLR-4153,C503764,cash withdrawal,547.54,CAD
CA00032024,2025-04-26,BR027,TLR-6316,C500508,cash deposit,283.2,CAD
CA00027791,2025-04-12,BR006,TLR-1778,C503902,cash withdrawal,966.84,CAD
CA00033608,2025-04-07,BR036,TLR-8987,C502934,cash deposit,3135.33,CAD
CA00034352,2025-04-04,BR038,TLR-6508,C503784,cash deposit,1436.28,CAD
CA00032724,2025-04-17,BR031,TLR-5111,C502748,cash deposit,2146.26,CAD
CA00033044,2025-04-16,BR033,TLR-8703,C503694,cash deposit,1537.55,CAD
CA00035027,2025-04-21,BR040,TLR-4398,C502795,cash deposit,1643.68,CAD
CA00026906,2025-04-23,BR002,TLR-5611,C501077,cash deposit,408.71,CAD
CA00027547,2025-04-27,BR004,TLR-5978,C501935,cash deposit,1142.09,CAD
CA00033207,2025-04-06,BR034,TLR-6183,C501087,cash deposit,288.43,CAD
CA00027308,2025-04-01,BR003,TLR-1279,C502236,cash deposit,708.45,CAD
CA00032082,2025-04-01,BR028,TLR-6414,C501609,cash withdrawal,5531.65,CAD
CA00032936,2025-04-17,BR032,TLR-4287,C500237,cash withdrawal,728.81,CAD
CA00028013,2025-04-22,BR007,TLR-8056,C503021,cash deposit,414.38,CAD
CA00034781,2025-04-14,BR040,TLR-5290,C501934,cash deposit,2364.91,CAD
CA00031719,2025-04-18,BR026,TLR-5271,C502222,cash deposit,516.65,CAD
CA00029326,2025-04-22,BR014,TLR-5724,C501403,cash withdrawal,1053.34,CAD
CA00030981,2025-04-23,BR022,TLR-7508,C501981,cash withdrawal,1042.6,CAD
CA00031530,2025-04-02,BR025,TLR-6738,C502292,cash deposit,1237.27,CAD
CA00032460,2025-04-11,BR030,TLR-8582,C500017,cash withdrawal,14768.96,CAD
CA00027545,2025-04-19,BR004,TLR-8109,C500573,cash deposit,1176.0,CAD
CA00029851,2025-04-11,BR016,TLR-3864,C502380,cash deposit,693.29,CAD
CA00034724,2025-04-15,BR040,TLR-4887,C503666,cash withdrawal,964.96,CAD
CA00030185,2025-04-20,BR018,TLR-8772,C502484,cash withdrawal,1569.28,CAD
CA00032098,2025-04-16,BR028,TLR-4051,C501388,cash withdrawal,324.07,CAD
CA00034287,2025-04-23,BR038,TLR-4789,C502318,cash deposit,519.81,CAD
CA00029097,2025-04-12,BR013,TLR-6695,C502044,cash deposit,527.68,CAD
CA00027630,2025-04-24,BR005,TLR-2384,C500321,cash deposit,740.16,CAD
CA00033903,2025-04-12,BR036,TLR-7522,C503277,cash withdrawal,445.76,CAD
CA00032416,2025-04-17,BR030,TLR-4762,C503744,cash deposit,1529.86,CAD
CA00028741,2025-04-05,BR010,TLR-2839,C503166,cash withdrawal,1903.29,CAD
CA00035084,2025-04-18,BR040,TLR-6711,C503526,cash deposit,1760.67,CAD
CA00032435,2025-04-06,BR030,TLR-5561,C502803,cash withdrawal,1657.88,CAD
CA00031835,2025-04-07,BR026,TLR-5319,C503998,cash withdrawal,-1979.5,CAD
CA00028493,2025-04-24,BR009,TLR-8684,C503818,cash deposit,570.43,CAD
CA00031430,2025-04-06,BR025,TLR-6312,C501862,cash withdrawal,-1570.69,CAD
CA00032086,2025-04-05,BR028,TLR-7640,C501645,cash deposit,1429.05,CAD
CA00029438,2025-04-14,BR015,TLR-5207,C503842,cash deposit,1967.0,CAD
CA00029883,2025-04-15,BR017,TLR-5965,C500690,cash deposit,1027.78,CAD
CA00028529,2025-04-08,BR009,TLR-4496,C502164,cash withdrawal,987.68,CAD
CA00031722,2025-04-18,BR026,TLR-8120,C502803,cash withdrawal,-876.84,CAD
CA00027810,2025-04-29,BR006,TLR-2677,C501418,cash withdrawal,2194.56,CAD
CA00034274,2025-04-17,BR038,TLR-4499,C501603,cash deposit,1592.38,CAD
CA00028229,2025-04-23,BR008,TLR-8616,C502212,cash withdrawal,515.68,CAD
CA00029250,2025-04-09,BR014,TLR-4384,C502642,cash withdrawal,1532.04,CAD
CA00028203,2025-04-07,BR007,TLR-7220,C503431,cash withdrawal,1283.6,CAD
CA00034129,2025-04-29,BR037,TLR-4839,C501660,cash withdrawal,725.27,CAD
CA00035182,2025-04-24,BR040,TLR-7763,C502123,cash deposit,1335.4,CAD
CA00028066,2025-04-21,BR007,TLR-3404,C503662,cash withdrawal,1464.8,CAD
CA00033545,2025-04-10,BR035,TLR-7235,C503315,cash withdrawal,4433.23,CAD
CA00033423,2025-04-26,BR035,TLR-5536,C500119,cash deposit,1003.59,CAD
CA00031739,2025-04-23,BR026,TLR-6178,C501270,cash withdrawal,-964.49,CAD
CA00032958,2025-04-23,BR032,TLR-6131,C502849,cash deposit,1038.73,CAD
CA00028007,2025-04-06,BR007,TLR-3015,C500275,cash withdrawal,2096.54,CAD
CA00029306,2025-04-06,BR014,TLR-6209,C502012,cash withdrawal,948.7,CAD
CA00032594,2025-04-16,BR030,TLR-4757,C503013,cash withdrawal,616.13,CAD
CA00033027,2025-04-10,BR033,TLR-3707,C502067,cash withdrawal,1492.24,CAD
CA00033945,2025-04-10,BR037,TLR-3116,C501919,cash deposit,1130.93,CAD
CA00027696,2025-04-22,BR006,TLR-2699,C502184,cash withdrawal,727.67,CAD
CA00026660,2025-04-24,BR001,TLR-7444,C500281,cash deposit,450.13,CAD
CA00031648,2025-04-17,BR026,TLR-3994,C502260,cash withdrawal,-2682.74,CAD
CA00027729,2025-04-16,BR006,TLR-2799,C502091,cash withdrawal,652.44,CAD
CA00028422,2025-04-08,BR008,TLR-6840,C500549,cash deposit,174.77,CAD
CA00028679,2025-04-19,BR010,TLR-9441,C501350,cash withdrawal,805.47,CAD
CA00029360,2025-04-27,BR014,TLR-7797,C500709,cash withdrawal,3107.75,CAD
CA00029864,2025-04-29,BR016,TLR-6768,C502673,cash withdrawal,406.86,CAD
CA00027470,2025-04-18,BR004,TLR-6593,C502968,cash withdrawal,935.35,CAD
CA00027995,2025-04-07,BR007,TLR-5098,C500947,cash withdrawal,1067.72,CAD
CA00028542,2025-04-01,BR009,TLR-7559,C501237,cash deposit,1293.69,CAD
CA00034534,2025-04-17,BR039,TLR-3832,C501926,cash deposit,1079.36,CAD
CA00035179,2025-04-14,BR040,TLR-8341,C500236,cash withdrawal,1394.36,CAD
CA00033346,2025-04-07,BR034,TLR-2846,C503643,cash deposit,1258.67,CAD
CA00032111,2025-04-12,BR028,TLR-4381,C502110,cash withdrawal,3170.4,CAD
CA00031050,2025-04-18,BR023,TLR-5199,C501582,cash deposit,757.55,CAD
CA00032517,2025-04-12,BR030,TLR-6926,C501222,cash deposit,596.21,CAD
CA00032908,2025-04-20,BR032,TLR-8764,C503771,cash withdrawal,720.31,CAD
CA00034193,2025-04-01,BR038,TLR-2911,C500081,cash withdrawal,2609.19,CAD
CA00029862,2025-04-08,BR016,TLR-3929,C503232,cash deposit,413.57,CAD
CA00030325,2025-04-28,BR019,TLR-2868,C502114,cash withdrawal,715.75,CAD
CA00033943,2025-04-17,BR037,TLR-3210,C502237,cash deposit,475.45,CAD
CA00031899,2025-04-02,BR027,TLR-4817,C501572,cash deposit,1014.91,CAD
CA00027655,2025-04-18,BR005,TLR-3948,C500583,cash deposit,876.91,CAD
CA00031057,2025-04-01,BR023,TLR-9631,C501494,cash withdrawal,858.81,CAD
CA00034953,2025-04-17,BR040,TLR-9379,C502670,cash withdrawal,738.1,CAD
CA00030125,2025-04-19,BR018,TLR-5677,C502316,cash deposit,3810.51,CAD
CA00032117,2025-04-26,BR028,TLR-5666,C503146,cash deposit,506.74,CAD
CA00032972,2025-04-03,BR032,TLR-2869,C500081,cash withdrawal,510.5,CAD
CA00033160,2025-04-12,BR033,TLR-4324,C500434,cash withdrawal,316.25,CAD
CA00034030,2025-04-01,BR037,TLR-7611,C502557,cash withdrawal,1621.7,CAD
CA00030286,2025-04-14,BR019,TLR-9436,C503301,cash deposit,1076.75,CAD
CA00030369,2025-04-18,BR019,TLR-4524,C500674,cash deposit,1244.56,CAD
CA00028832,2025-04-15,BR011,TLR-6255,C503056,cash withdrawal,659.18,CAD
CA00030783,2025-04-14,BR021,TLR-8180,C503310,cash deposit,863.28,CAD
CA00035349,2025-04-19,BR040,TLR-9328,C503159,cash deposit,1156.23,CAD
CA00035216,2025-04-17,BR040,TLR-2784,C501842,cash deposit,212.38,CAD
CA00033995,2025-04-24,BR037,TLR-4730,C500458,cash withdrawal,1463.53,CAD
CA00029610,2025-04-27,BR015,TLR-4183,C501759,cash withdrawal,605.79,CAD
CA00035141,2025-04-16,BR040,TLR-5204,C503106,cash withdrawal,1135.23,CAD
CA00027421,2025-04-26,BR004,TLR-5191,C500314,cash withdrawal,1501.91,CAD
CA00027794,2025-04-25,BR006,TLR-5821,C500266,cash withdrawal,1953.53,CAD
CA00027628,2025-04-03,BR005,TLR-3705,C502172,cash withdrawal,627.98,CAD
CA00033222,2025-04-30,BR034,TLR-4907,C500554,cash deposit,1021.59,CAD
CA00034216,2025-04-06,BR038,TLR-2367,C500396,cash withdrawal,796.37,CAD
CA00029161,2025-04-24,BR013,TLR-8225,C500774,cash withdrawal,443.94,CAD
CA00032882,2025-04-30,BR032,TLR-8451,C502110,cash deposit,1054.05,CAD
CA00035377,2025-04-06,BR040,TLR-3322,C500708,cash deposit,2449.36,CAD
CA00027424,2025-04-16,BR004,TLR-5162,C501828,cash withdrawal,1934.94,CAD
CA00033338,2025-04-24,BR034,TLR-1503,C501727,cash deposit,1985.95,CAD
CA00035380,2025-04-22,BR040,TLR-7807,C500754,cash withdrawal,426.46,CAD
CA00034762,2025-04-24,BR040,TLR-8337,C502438,cash deposit,2331.33,CAD
CA00027146,2025-04-29,BR003,TLR-5371,C501513,cash deposit,2689.32,CAD
CA00030526,2025-04-15,BR019,TLR-2748,C500561,cash deposit,1405.04,CAD
CA00028502,2025-04-05,BR009,TLR-7308,C503752,cash withdrawal,919.87,CAD
CA00035117,2025-04-17,BR040,TLR-6686,C503988,cash withdrawal,1072.43,CAD
CA00032106,2025-04-19,BR028,TLR-1225,C500106,cash deposit,653.76,CAD
CA00032109,2025-04-27,BR028,TLR-6779,C501988,cash withdrawal,553.14,CAD
CA00033718,2025-04-19,BR036,TLR-7887,C500308,cash withdrawal,972.54,CAD
CA00033773,2025-04-01,BR036,TLR-2611,C503088,cash withdrawal,358.74,CAD
CA00031367,2025-04-11,BR024,TLR-7257,C500595,cash withdrawal,991.58,CAD
CA00028857,2025-04-20,BR012,TLR-9439,C502463,cash withdrawal,1408.01,CAD
CA00034602,2025-04-07,BR039,TLR-5419,C500568,cash withdrawal,853.33,CAD
CA00034371,2025-04-03,BR039,TLR-9390,C503173,cash deposit,1423.63,CAD
CA00027505,2025-04-20,BR004,TLR-7943,C501106,cash deposit,822.11,CAD
CA00027081,2025-04-07,BR002,TLR-4460,C503768,cash deposit,1012.86,CAD
CA00033318,2025-04-27,BR034,TLR-1196,C501839,cash deposit,2223.35,CAD
CA00028099,2025-04-08,BR007,TLR-6170,C500827,cash deposit,613.86,CAD
CA00031625,2025-04-13,BR026,TLR-4820,C503372,cash withdrawal,-946.06,CAD
CA00032646,2025-04-26,BR031,TLR-5498,C500085,cash deposit,1238.14,CAD
CA00032167,2025-04-17,BR028,TLR-4136,C501801,cash deposit,1061.88,CAD
CA00026600,2025-04-25,BR001,TLR-7529,C500155,cash deposit,801.22,CAD
CA00027765,2025-04-12,BR006,TLR-4664,C500765,cash withdrawal,1339.89,CAD
CA00028024,2025-04-29,BR007,TLR-7581,C503084,cash withdrawal,799.0,CAD
CA00030609,2025-04-12,BR020,TLR-9874,C503771,cash withdrawal,2254.15,USD
CA00030054,2025-04-01,BR017,TLR-7330,C503821,cash deposit,808.91,CAD
CA00030694,2025-04-06,BR020,TLR-2262,C500290,cash deposit,771.32,USD
CA00034059,2025-04-08,BR037,TLR-2298,C500207,cash deposit,573.03,CAD
CA00027834,2025-04-26,BR006,TLR-9903,C502150,cash deposit,1312.84,CAD
CA00033005,2025-04-25,BR032,TLR-4208,C502152,cash withdrawal,1504.27,CAD
CA00031133,2025-04-20,BR024,TLR-2950,C503140,cash deposit,1037.43,CAD
CA00034240,2025-04-28,BR038,TLR-4707,C500468,cash withdrawal,601.14,CAD
CA00033311,2025-04-27,BR034,TLR-5002,C500058,cash deposit,384.3,CAD
CA00033102,2025-04-30,BR033,TLR-6094,C500633,cash deposit,533.28,CAD
CA00035397,2025-04-14,BR040,TLR-5812,C502935,cash withdrawal,785.35,CAD
CA00028361,2025-04-01,BR008,TLR-9585,C500840,cash withdrawal,421.0,CAD
CA00028116,2025-04-07,BR007,TLR-8319,C502070,cash withdrawal,1115.09,CAD
CA00029156,2025-04-17,BR013,TLR-7617,C503404,cash deposit,429.09,CAD
CA00033122,2025-04-09,BR033,TLR-9226,C501134,cash deposit,1551.85,CAD
CA00033217,2025-04-07,BR034,TLR-1022,C503311,cash withdrawal,1731.81,CAD
CA00030238,2025-04-02,BR019,TLR-6064,C503267,cash withdrawal,1316.44,CAD
CA00027455,2025-04-13,BR004,TLR-2628,C502475,cash withdrawal,1361.87,CAD
CA00031256,2025-04-01,BR024,TLR-8986,C501634,cash withdrawal,963.65,CAD
CA00035120,2025-04-30,BR040,TLR-1928,C502214,cash withdrawal,2605.53,CAD
CA00035081,2025-04-13,BR040,TLR-1171,C503324,cash withdrawal,569.61,CAD
CA00034020,2025-04-17,BR037,TLR-4056,C501160,cash withdrawal,671.46,CAD
CA00034975,2025-04-04,BR040,TLR-9528,C500546,cash deposit,361.8,CAD
CA00028258,2025-04-30,BR008,TLR-2818,C500053,cash deposit,969.23,CAD
CA00030982,2025-04-27,BR022,TLR-5979,C503837,cash withdrawal,819.07,CAD
CA00028672,2025-04-22,BR010,TLR-4398,C502812,cash withdrawal,509.15,CAD
CA00028333,2025-04-01,BR008,TLR-3774,C502044,cash withdrawal,2385.96,CAD
CA00029764,2025-04-01,BR016,TLR-2323,C501429,cash withdrawal,1375.59,CAD
CA00029760,2025-04-08,BR016,TLR-4648,C502964,cash withdrawal,207.72,CAD
CA00031732,2025-04-15,BR026,TLR-9471,C501995,cash deposit,339.24,CAD
CA00033344,2025-04-25,BR034,TLR-8355,C503623,cash withdrawal,242.16,CAD
CA00031472,2025-04-06,BR025,TLR-2556,C502532,cash deposit,1149.77,CAD
CA00035161,2025-04-02,BR040,TLR-6770,C503980,cash withdrawal,1497.44,CAD
CA00030193,2025-04-16,BR018,TLR-4346,C500857,cash deposit,690.66,CAD
CA00029653,2025-04-30,BR015,TLR-1159,C501482,cash deposit,708.1,CAD
CA00032730,2025-04-27,BR031,TLR-5561,C503084,cash withdrawal,788.42,CAD
CA00027797,2025-04-25,BR006,TLR-3611,C503968,cash deposit,3198.99,CAD
CA00029830,2025-04-14,BR016,TLR-6393,C500971,cash deposit,602.09,CAD
CA00035147,2025-04-22,BR040,TLR-6341,C502987,cash deposit,307.31,CAD
CA00027514,2025-04-15,BR004,TLR-6943,C502016,cash withdrawal,1168.9,CAD
CA00028908,2025-04-09,BR012,TLR-6071,C501859,cash deposit,917.95,CAD
CA00034922,2025-04-18,BR040,TLR-3989,C501775,cash withdrawal,530.94,CAD
CA00031476,2025-04-04,BR025,TLR-2784,C500681,cash withdrawal,-1490.14,CAD
CA00033193,2025-04-12,BR034,TLR-5379,C502920,cash withdrawal,149.38,CAD
CA00028577,2025-04-24,BR010,TLR-9401,C503650,cash withdrawal,1334.9,CAD
CA00034593,2025-04-01,BR039,TLR-7721,C501070,cash withdrawal,1600.98,CAD
CA00034956,2025-04-23,BR040,TLR-7932,C503370,cash withdrawal,483.51,CAD
CA00028025,2025-04-23,BR007,TLR-6000,C502542,cash withdrawal,424.42,CAD
CA00033452,2025-04-26,BR035,TLR-4154,C503290,cash deposit,548.86,CAD
CA00027210,2025-04-08,BR003,TLR-6546,C501000,cash withdrawal,4615.68,CAD
CA00034525,2025-04-18,BR039,TLR-2189,C503677,cash withdrawal,810.48,CAD
CA00030848,2025-04-02,BR021,TLR-1074,C503906,cash deposit,2129.25,CAD
CA00027760,2025-04-15,BR006,TLR-9555,C503072,cash deposit,817.71,CAD
CA00030269,2025-04-04,BR019,TLR-2624,C500293,cash withdrawal,1993.39,CAD
CA00034233,2025-04-17,BR038,TLR-1957,C501733,cash withdrawal,506.09,CAD
CA00031348,2025-04-25,BR024,TLR-4803,C502328,cash deposit,1980.56,CAD
CA00032285,2025-04-14,BR029,TLR-1622,C500149,cash deposit,2065.23,CAD
CA00035036,2025-04-27,BR040,TLR-1832,C503872,cash deposit,1573.73,CAD
CA00029340,2025-04-25,BR014,TLR-1592,C500743,cash withdrawal,805.08,CAD
CA00031497,2025-04-11,BR025,TLR-8069,C502679,cash withdrawal,-1357.64,CAD
CA00028020,2025-04-07,BR007,TLR-9834,C500396,cash deposit,1313.97,CAD
CA00032772,2025-04-24,BR031,TLR-5296,C500572,cash deposit,447.92,CAD
CA00034082,2025-04-13,BR037,TLR-3417,C500786,cash withdrawal,1524.35,CAD
CA00027775,2025-04-02,BR006,TLR-3632,C502264,cash withdrawal,375.44,CAD
CA00029027,2025-04-07,BR012,TLR-1161,C502192,cash deposit,1434.93,CAD
CA00028338,2025-04-24,BR008,TLR-8151,C502552,cash deposit,706.55,CAD
CA00034607,2025-04-16,BR040,TLR-4220,C501398,cash withdrawal,309.81,CAD
CA00035322,2025-04-14,BR040,TLR-9230,C503028,cash deposit,600.4,CAD
CA00032067,2025-04-16,BR028,TLR-8916,C502414,cash deposit,2565.66,CAD
CA00033466,2025-04-01,BR035,TLR-3738,C503528,cash withdrawal,1128.47,CAD
CA00034438,2025-04-23,BR039,TLR-1549,C500431,cash deposit,356.74,CAD
CA00027114,2025-04-28,BR003,TLR-5443,C502133,cash deposit,299.04,CAD
CA00030299,2025-04-01,BR019,TLR-1593,C502634,cash deposit,950.91,CAD
CA00033448,2025-04-17,BR035,TLR-9045,C500066,cash withdrawal,518.23,CAD
CA00032397,2025-04-21,BR030,TLR-4872,C501949,cash withdrawal,529.64,CAD
CA00031046,2025-04-17,BR023,TLR-2690,C500881,cash withdrawal,1395.51,CAD
CA00029520,2025-04-19,BR015,TLR-4670,C503488,cash deposit,1964.13,CAD
CA00029530,2025-04-01,BR015,TLR-8637,C500428,cash withdrawal,1275.95,CAD
CA00031507,2025-04-19,BR025,TLR-6218,C501898,cash withdrawal,-646.99,CAD
CA00028532,2025-04-30,BR009,TLR-2505,C501445,cash deposit,1993.49,CAD
CA00027180,2025-04-22,BR003,TLR-6546,C500984,cash deposit,2610.09,CAD
CA00031402,2025-04-07,BR024,TLR-6487,C503309,cash deposit,284.46,CAD
CA00033561,2025-04-17,BR035,TLR-1037,C503038,cash withdrawal,1244.25,CAD
CA00027845,2025-04-19,BR006,TLR-8911,C502849,cash withdrawal,372.47,CAD
CA00031760,2025-04-22,BR026,TLR-8128,C500084,cash deposit,3007.97,CAD
CA00032221,2025-04-10,BR029,TLR-7183,C501431,cash deposit,1612.54,CAD
CA00033932,2025-04-07,BR037,TLR-6857,C500226,cash deposit,756.77,CAD
CA00029913,2025-04-05,BR017,TLR-8798,C500597,cash deposit,1275.89,CAD
CA00034125,2025-04-13,BR037,TLR-1403,C502522,cash withdrawal,657.31,CAD
CA00033023,2025-04-18,BR033,TLR-8953,C503921,cash deposit,1126.53,CAD
CA00032618,2025-04-18,BR031,TLR-9071,C501086,cash deposit,1222.45,CAD
CA00029041,2025-04-30,BR012,TLR-6178,C503303,cash withdrawal,1044.83,CAD
CA00030813,2025-04-19,BR021,TLR-3182,C501550,cash withdrawal,2092.28,CAD
CA00030822,2025-04-08,BR021,TLR-1761,C501721,cash deposit,3433.87,CAD
CA00029050,2025-04-08,BR012,TLR-2488,C500469,cash withdrawal,1815.27,CAD
CA00028337,2025-04-17,BR008,TLR-7305,C501562,cash deposit,4542.33,CAD
CA00034448,2025-04-05,BR039,TLR-9054,C502773,cash deposit,4259.35,CAD
CA00030045,2025-04-28,BR017,TLR-3560,C500176,cash withdrawal,824.96,CAD
CA00031559,2025-04-04,BR025,TLR-8038,C501082,cash withdrawal,-2105.97,CAD
CA00026929,2025-04-17,BR002,TLR-3947,C503777,cash deposit,949.23,CAD
CA00028403,2025-04-15,BR008,TLR-8429,C500044,cash deposit,2130.58,CAD
CA00030599,2025-04-09,BR019,TLR-3197,C502825,cash deposit,363.99,CAD
CA00035221,2025-04-17,BR040,TLR-7013,C500484,cash deposit,741.23,CAD
CA00029750,2025-04-27,BR016,TLR-6486,C501764,cash deposit,462.93,CAD
CA00030866,2025-04-15,BR021,TLR-1825,C501900,cash withdrawal,410.26,CAD
CA00031967,2025-04-21,BR027,TLR-3136,C501477,cash deposit,873.3,CAD
CA00028290,2025-04-05,BR008,TLR-7990,C501763,cash deposit,1130.45,CAD
CA00033752,2025-04-03,BR036,TLR-4272,C502487,cash withdrawal,437.6,CAD
CA00031815,2025-04-28,BR026,TLR-8754,C502803,cash withdrawal,-1667.92,CAD
CA00029987,2025-04-01,BR017,TLR-5129,C501060,cash deposit,787.07,CAD
CA00027111,2025-04-25,BR002,TLR-9395,C501028,cash deposit,1005.94,CAD
CA00033822,2025-04-15,BR036,TLR-8289,C500334,cash withdrawal,1247.78,CAD
CA00033725,2025-04-08,BR036,TLR-8140,C503741,cash deposit,625.24,CAD
CA00034183,2025-04-20,BR038,TLR-7569,C501176,cash withdrawal,792.05,CAD
CA00029822,2025-04-15,BR016,TLR-2298,C501400,cash deposit,3354.09,CAD
CA00033412,2025-04-03,BR035,TLR-2179,C503215,cash withdrawal,490.82,CAD
CA00026911,2025-04-12,BR002,TLR-7553,C500125,cash deposit,310.09,CAD
CA00028077,2025-04-14,BR007,TLR-3719,C501873,cash withdrawal,134.46,CAD
CA00031665,2025-04-30,BR026,TLR-8106,C502439,cash withdrawal,-1221.46,CAD
CA00033669,2025-04-27,BR036,TLR-8005,C502277,cash withdrawal,377.19,CAD
CA00032763,2025-04-14,BR031,TLR-3153,C503472,cash deposit,3355.94,CAD
CA00027125,2025-04-26,BR003,TLR-8049,C502444,cash withdrawal,1662.52,CAD
CA00053299,2025-04-11,BR019,TLR-8967,W983566,cash withdrawal,296.8,CAD
CA00035273,2025-04-18,BR040,TLR-2324,C502838,cash withdrawal,291.07,CAD
CA00027661,2025-04-26,BR005,TLR-5579,C500703,cash withdrawal,651.07,CAD
CA00030285,2025-04-22,BR019,TLR-5653,C500181,cash withdrawal,460.86,CAD
CA00027053,2025-04-25,BR002,TLR-3844,C501768,cash deposit,674.43,CAD
CA00031247,2025-04-14,BR024,TLR-5485,C500826,cash deposit,1403.8,CAD
CA00033598,2025-04-07,BR036,TLR-5119,C500635,cash deposit,1191.66,CAD
CA00031580,2025-04-09,BR025,TLR-2919,C503579,cash withdrawal,-381.98,CAD
CA00029577,2025-04-01,BR015,TLR-3495,C500190,cash withdrawal,445.21,CAD
CA00031300,2025-04-10,BR024,TLR-6383,C500907,cash deposit,534.12,CAD
CA00031257,2025-04-30,BR024,TLR-3493,C501018,cash withdrawal,1422.72,CAD
CA00031153,2025-04-14,BR024,TLR-5042,C500687,cash deposit,476.21,CAD
CA00027380,2025-04-13,BR004,TLR-4911,C503796,cash deposit,675.68,CAD
CA00030342,2025-04-19,BR019,TLR-3374,C503532,cash withdrawal,2048.96,CAD
CA00035255,2025-04-25,BR040,TLR-8031,C500398,cash withdrawal,1994.59,CAD
CA00031619,2025-04-22,BR026,TLR-8412,C503999,cash withdrawal,-831.3,CAD
CA00033944,2025-04-04,BR037,TLR-5248,C501336,cash withdrawal,1348.83,CAD
CA00034977,2025-04-09,BR040,TLR-2270,C501314,cash deposit,2379.27,CAD
CA00034260,2025-04-05,BR038,TLR-2911,C500573,cash deposit,502.02,CAD
CA00031214,2025-04-10,BR024,TLR-8063,C503419,cash deposit,335.17,CAD
CA00033259,2025-04-24,BR034,TLR-9050,C500304,cash withdrawal,875.72,CAD
CA00033807,2025-04-15,BR036,TLR-9831,C503308,cash deposit,562.12,CAD
CA00029479,2025-04-13,BR015,TLR-9834,C503072,cash deposit,531.35,CAD
CA00030156,2025-04-01,BR018,TLR-9269,C500596,cash withdrawal,821.32,CAD
CA00034376,2025-04-19,BR039,TLR-4941,C502346,cash deposit,756.8,CAD
CA00033279,2025-04-29,BR034,TLR-7168,C500445,cash withdrawal,654.97,CAD
CA00027183,2025-04-16,BR003,TLR-7302,C502990,cash withdrawal,445.49,CAD
CA00031288,2025-04-25,BR024,TLR-1396,C501708,cash withdrawal,1337.15,CAD
CA00027551,2025-04-11,BR004,TLR-1574,C501105,cash deposit,1186.24,CAD
CA00027102,2025-04-17,BR002,TLR-9159,C502147,cash deposit,218.82,CAD
CA00031196,2025-04-29,BR024,TLR-8230,C502534,cash withdrawal,1243.94,CAD
CA00029861,2025-04-03,BR016,TLR-6903,C502627,cash deposit,1297.67,CAD
CA00034021,2025-04-11,BR037,TLR-4623,C503811,cash deposit,773.55,CAD
CA00026628,2025-04-02,BR001,TLR-6402,C503856,cash withdrawal,91.36,CAD
CA00033664,2025-04-09,BR036,TLR-9439,C502757,cash deposit,2480.27,CAD
CA00030486,2025-04-22,BR019,TLR-6360,C503661,cash withdrawal,780.44,CAD
CA00029081,2025-04-04,BR012,TLR-9644,C500638,cash deposit,1057.85,CAD
CA00029876,2025-04-11,BR017,TLR-5684,C500123,cash deposit,437.82,CAD
CA00033790,2025-04-01,BR036,TLR-4692,C503670,cash deposit,1148.42,CAD
CA00035163,2025-04-28,BR040,TLR-7395,C502773,cash deposit,878.05,CAD
CA00033904,2025-04-22,BR036,TLR-7112,C500222,cash withdrawal,890.26,CAD
CA00031754,2025-04-22,BR026,TLR-8072,C500496,cash deposit,522.25,CAD
CA00030161,2025-04-30,BR018,TLR-9266,C500183,cash deposit,775.7,CAD
CA00031013,2025-04-28,BR022,TLR-1021,C502469,cash deposit,1295.48,CAD
CA00033930,2025-04-09,BR037,TLR-2717,C501233,cash deposit,652.31,CAD
CA00035373,2025-04-02,BR040,TLR-3497,C500761,cash withdrawal,4084.21,CAD
CA00031431,2025-04-18,BR025,TLR-5877,C502926,cash withdrawal,-3084.68,CAD
CA00031029,2025-04-02,BR023,TLR-6174,C501882,cash withdrawal,531.43,CAD
CA00035092,2025-04-28,BR040,TLR-2342,C502927,cash deposit,686.41,CAD
CA00027157,2025-04-20,BR003,TLR-6041,C501212,cash withdrawal,637.22,CAD
CA00034832,2025-04-29,BR040,TLR-7235,C503243,cash deposit,2935.09,CAD
CA00034197,2025-04-03,BR038,TLR-3492,C501519,cash deposit,386.58,CAD
CA00034751,2025-04-02,BR040,TLR-3117,C500342,cash withdrawal,1515.98,CAD
CA00032370,2025-04-28,BR030,TLR-2306,C502709,cash deposit,1564.5,CAD
CA00029098,2025-04-13,BR013,TLR-1277,C502947,cash withdrawal,596.17,CAD
CA00030295,2025-04-07,BR019,TLR-1399,C500972,cash deposit,1001.67,CAD
CA00029676,2025-04-28,BR016,TLR-1776,C501206,cash withdrawal,471.99,CAD
CA00030368,2025-04-12,BR019,TLR-7237,C501484,cash withdrawal,1351.22,CAD
CA00028847,2025-04-26,BR012,TLR-6744,C502424,cash withdrawal,3252.81,CAD
CA00031788,2025-04-11,BR026,TLR-6478,C500906,cash withdrawal,-2147.52,CAD
CA00028813,2025-04-20,BR011,TLR-2217,C503708,cash deposit,491.49,CAD
CA00027993,2025-04-29,BR007,TLR-8255,C500694,cash deposit,1228.27,CAD
CA00034697,2025-04-29,BR040,TLR-8213,C501005,cash deposit,1696.82,CAD
CA00027007,2025-04-29,BR002,TLR-4006,C500030,cash withdrawal,-575.35,CAD
CA00032511,2025-04-02,BR030,TLR-3129,C502626,cash withdrawal,3419.69,CAD
CA00029960,2025-04-04,BR017,TLR-8110,C502034,cash deposit,1362.65,CAD
CA00028413,2025-04-07,BR008,TLR-7003,C500566,cash deposit,1599.81,CAD
CA00034504,2025-04-25,BR039,TLR-2076,C500470,cash withdrawal,257.23,CAD
CA00034551,2025-04-23,BR039,TLR-5754,C503707,cash withdrawal,379.55,CAD
CA00030820,2025-04-03,BR021,TLR-2996,C503920,cash withdrawal,1082.59,CAD
CA00034522,2025-04-13,BR039,TLR-1203,C502583,cash withdrawal,532.86,CAD
CA00027331,2025-04-28,BR003,TLR-7092,C500012,cash deposit,1151.87,CAD
CA00034913,2025-04-10,BR040,TLR-8774,C501017,cash deposit,1438.78,CAD
CA00032378,2025-04-25,BR030,TLR-5201,C501811,cash withdrawal,2283.65,CAD
CA00027903,2025-04-10,BR006,TLR-3842,C502589,cash withdrawal,1688.68,CAD
CA00028539,2025-04-03,BR009,TLR-2239,C502961,cash withdrawal,1656.46,CAD
CA00028932,2025-04-30,BR012,TLR-2276,C501714,cash deposit,1613.77,CAD
CA00032158,2025-04-18,BR028,TLR-8856,C501320,cash deposit,786.87,CAD
CA00033269,2025-04-03,BR034,TLR-9189,C502156,cash withdrawal,579.86,CAD
CA00032428,2025-04-29,BR030,TLR-2081,C503815,cash deposit,458.1,CAD
CA00035264,2025-04-10,BR040,TLR-6443,C503559,cash withdrawal,172.29,CAD
CA00028714,2025-04-12,BR010,TLR-1515,C501361,cash deposit,621.96,CAD
CA00031336,2025-04-27,BR024,TLR-2970,C501661,cash deposit,981.61,CAD
CA00031952,2025-04-08,BR027,TLR-1409,C500305,cash deposit,810.39,CAD
CA00028610,2025-04-22,BR010,TLR-6524,C502698,cash deposit,470.62,CAD
CA00033535,2025-04-15,BR035,TLR-4820,C503095,cash deposit,471.09,CAD
CA00028512,2025-04-10,BR009,TLR-9304,C503765,cash deposit,4201.28,CAD
CA00032592,2025-04-20,BR030,TLR-7578,C500868,cash deposit,574.84,CAD
CA00028595,2025-04-07,BR010,TLR-6001,C503343,cash deposit,231.01,CAD
CA00034491,2025-04-16,BR039,TLR-8925,C500890,cash deposit,1143.22,CAD
CA00029865,2025-04-25,BR016,TLR-7292,C500961,cash deposit,304.14,CAD
CA00030545,2025-04-27,BR019,TLR-6980,C500908,cash withdrawal,881.48,CAD
CA00032223,2025-04-01,BR029,TLR-1611,C503339,cash withdrawal,954.69,CAD
CA00035124,2025-04-17,BR040,TLR-1422,C502304,cash deposit,1012.72,CAD
CA00034162,2025-04-16,BR037,TLR-5162,C500491,cash withdrawal,1215.75,CAD
CA00028859,2025-04-12,BR012,TLR-9151,C500070,cash withdrawal,778.71,CAD
CA00034863,2025-04-07,BR040,TLR-5099,C502577,cash deposit,828.4,CAD
CA00028301,2025-04-05,BR008,TLR-1356,C500294,cash withdrawal,2285.64,CAD
CA00034629,2025-04-04,BR040,TLR-4357,C500090,cash withdrawal,885.65,CAD
CA00034257,2025-04-23,BR038,TLR-7748,C501790,cash deposit,3502.45,CAD
CA00034035,2025-04-27,BR037,TLR-2307,C502536,cash withdrawal,796.8,CAD
CA00028536,2025-04-17,BR009,TLR-2613,C500535,cash withdrawal,335.09,CAD
CA00027263,2025-04-09,BR003,TLR-8997,C501969,cash deposit,2469.03,CAD
CA00033478,2025-04-29,BR035,TLR-8755,C502421,cash deposit,1413.59,CAD
CA00030557,2025-04-29,BR019,TLR-1122,C501022,cash deposit,286.96,CAD
CA00031697,2025-04-18,BR026,TLR-5182,C501526,cash deposit,262.37,CAD
CA00031187,2025-04-21,BR024,TLR-6573,C502266,cash withdrawal,1624.51,CAD
CA00026585,2025-04-19,BR001,TLR-5885,C503409,cash withdrawal,428.94,CAD
CA00029136,2025-04-06,BR013,TLR-4874,C500748,cash deposit,789.59,CAD
CA00031956,2025-04-09,BR027,TLR-3490,C500804,cash deposit,445.21,CAD
CA00034492,2025-04-22,BR039,TLR-6207,C501985,cash withdrawal,976.89,CAD
CA00028927,2025-04-04,BR012,TLR-4083,C500980,cash withdrawal,1702.22,CAD
CA00029243,2025-04-04,BR014,TLR-7347,C503945,cash deposit,507.64,CAD
CA00029986,2025-04-10,BR017,TLR-5152,C502991,cash withdrawal,666.26,CAD
CA00030336,2025-04-27,BR019,TLR-3805,C503936,cash deposit,1415.89,CAD
CA00031250,2025-04-01,BR024,TLR-8199,C503617,cash deposit,6108.73,CAD
CA00034700,2025-04-12,BR040,TLR-3943,C500511,cash deposit,1006.08,CAD
CA00031716,2025-04-21,BR026,TLR-2683,C501015,cash deposit,2120.8,CAD
CA00033826,2025-04-06,BR036,TLR-5249,C500757,cash deposit,3498.63,CAD
CA00032610,2025-04-25,BR030,TLR-7710,C502355,cash deposit,1534.5,CAD
CA00028732,2025-04-01,BR010,TLR-2474,C500320,cash withdrawal,2597.1,CAD
CA00027749,2025-04-05,BR006,TLR-5262,C501295,cash deposit,462.5,CAD
CA00032393,2025-04-30,BR030,TLR-6565,C500506,cash deposit,310.54,CAD
CA00027490,2025-04-27,BR004,TLR-9552,C503179,cash withdrawal,1151.42,CAD
CA00032207,2025-04-01,BR029,TLR-3859,C500631,cash withdrawal,474.39,CAD
CA00027467,2025-04-02,BR004,TLR-9528,C503291,cash withdrawal,487.92,CAD
CA00031357,2025-04-11,BR024,TLR-9374,C502911,cash deposit,933.32,CAD
CA00031816,2025-04-06,BR026,TLR-3570,C502729,cash deposit,1556.94,CAD
CA00027989,2025-04-04,BR007,TLR-6907,C502614,cash deposit,3657.53,CAD
CA00028956,2025-04-13,BR012,TLR-9716,C501066,cash deposit,879.13,CAD
CA00031810,2025-04-08,BR026,TLR-7251,C500370,cash deposit,772.79,CAD
CA00030463,2025-04-23,BR019,TLR-6246,C501617,cash withdrawal,624.79,CAD
CA00033650,2025-04-07,BR036,TLR-1540,C503307,cash withdrawal,872.9,CAD
CA00035191,2025-04-24,BR040,TLR-1252,C502503,cash deposit,689.14,CAD
CA00031175,2025-04-23,BR024,TLR-8317,C502306,cash deposit,468.37,CAD
CA00028131,2025-04-22,BR007,TLR-6142,C502221,cash withdrawal,1239.61,CAD
CA00033453,2025-04-23,BR035,TLR-4830,C501741,cash deposit,882.06,CAD
CA00029406,2025-04-29,BR015,TLR-1717,C502351,cash withdrawal,648.15,CAD
CA00034368,2025-04-26,BR039,TLR-7272,C501213,cash withdrawal,1073.1,CAD
CA00033385,2025-04-02,BR035,TLR-7237,C501326,cash deposit,4377.93,CAD
CA00033679,2025-04-18,BR036,TLR-1982,C503148,cash withdrawal,1415.86,CAD
CA00027501,2025-04-24,BR004,TLR-6874,C502183,cash deposit,607.06,CAD
CA00032726,2025-04-15,BR031,TLR-7784,C500980,cash withdrawal,1189.23,CAD
CA00033746,2025-04-02,BR036,TLR-9320,C502453,cash deposit,665.09,CAD
CA00027073,2025-04-06,BR002,TLR-7095,C501879,cash deposit,489.85,CAD
CA00030575,2025-04-03,BR019,TLR-8498,C501887,cash deposit,1717.95,CAD
CA00033564,2025-04-19,BR035,TLR-3691,C501851,cash withdrawal,1226.78,CAD
CA00031928,2025-04-03,BR027,TLR-2888,C502867,cash deposit,1277.43,CAD
CA00031542,2025-04-19,BR025,TLR-4004,C500522,cash withdrawal,-914.86,CAD
CA00032177,2025-04-24,BR029,TLR-1755,C500287,cash withdrawal,1265.21,CAD
CA00029894,2025-04-24,BR017,TLR-3200,C503833,cash deposit,786.55,CAD
CA00032688,2025-04-04,BR031,TLR-1008,C503496,cash withdrawal,518.3,CAD
CA00029346,2025-04-15,BR014,TLR-1206,C503469,cash deposit,1226.31,CAD
CA00030773,2025-04-06,BR020,TLR-8286,C500817,cash withdrawal,738.08,USD
CA00034904,2025-04-13,BR040,TLR-6064,C502865,cash deposit,344.06,CAD
CA00033530,2025-04-26,BR035,TLR-4117,C500424,cash withdrawal,2104.12,CAD
CA00032121,2025-04-29,BR028,TLR-3110,C500320,cash withdrawal,1264.67,CAD
CA00030179,2025-04-20,BR018,TLR-3956,C501499,cash withdrawal,415.87,CAD
CA00029581,2025-04-20,BR015,TLR-6305,C500744,cash withdrawal,902.83,CAD
CA00029761,2025-04-26,BR016,TLR-1780,C501224,cash withdrawal,2274.39,CAD
CA00027867,2025-04-05,BR006,TLR-3524,C500362,cash deposit,1610.54,CAD
CA00034139,2025-04-01,BR037,TLR-1573,C500024,cash withdrawal,631.83,CAD
CA00026837,2025-04-17,BR001,TLR-6219,C502846,cash deposit,3676.72,CAD
CA00030645,2025-04-16,BR020,TLR-2815,C502967,cash deposit,502.68,USD
CA00028937,2025-04-23,BR012,TLR-1719,C503640,cash withdrawal,184.96,CAD
CA00034640,2025-04-23,BR040,TLR-3839,C501764,cash withdrawal,2387.09,CAD
CA00026978,2025-04-02,BR002,TLR-2349,C501310,cash withdrawal,-1002.35,CAD
CA00033973,2025-04-14,BR037,TLR-9081,C503624,cash deposit,679.35,CAD
CA00026999,2025-04-09,BR002,TLR-3505,C501655,cash deposit,3479.38,CAD
CA00033449,2025-04-06,BR035,TLR-3822,C502188,cash deposit,2090.46,CAD
CA00029268,2025-04-26,BR014,TLR-2453,C501396,cash deposit,1596.94,CAD
CA00031278,2025-04-07,BR024,TLR-9888,C500935,cash withdrawal,1199.45,CAD
CA00033819,2025-04-19,BR036,TLR-8646,C503329,cash withdrawal,1172.95,CAD
CA00034399,2025-04-03,BR039,TLR-8569,C503877,cash withdrawal,2611.96,CAD
CA00034653,2025-04-30,BR040,TLR-9468,C500857,cash withdrawal,641.51,CAD
CA00032788,2025-04-26,BR031,TLR-8960,C502920,cash deposit,711.54,CAD
CA00032715,2025-04-11,BR031,TLR-4371,C500765,cash deposit,976.79,CAD
CA00034177,2025-04-17,BR038,TLR-5079,C503222,cash deposit,448.66,CAD
CA00030511,2025-04-11,BR019,TLR-6157,C500263,cash deposit,954.89,CAD
CA00035400,2025-04-28,BR040,TLR-7907,C501433,cash deposit,1906.57,CAD
CA00030907,2025-04-15,BR021,TLR-8896,C501833,cash deposit,183.15,CAD
CA00027991,2025-04-30,BR007,TLR-9084,C502661,cash deposit,407.91,CAD
CA00031311,2025-04-22,BR024,TLR-9401,C500400,cash deposit,1059.14,CAD
CA00029008,2025-04-19,BR012,TLR-3435,C501468,cash withdrawal,723.18,CAD
CA00034012,2025-04-27,BR037,TLR-4325,C502036,cash deposit,148.81,CAD
CA00031927,2025-04-01,BR027,TLR-9125,C503847,cash withdrawal,1022.63,CAD
CA00032555,2025-04-07,BR030,TLR-7013,C502492,cash withdrawal,1139.91,CAD
CA00027558,2025-04-19,BR004,TLR-3512,C501558,cash deposit,440.64,CAD
CA00033212,2025-04-12,BR034,TLR-9240,C503661,cash withdrawal,1427.47,CAD
CA00030509,2025-04-12,BR019,TLR-6741,C500071,cash withdrawal,601.55,CAD
CA00027034,2025-04-28,BR002,TLR-4560,C503251,cash withdrawal,-1424.98,CAD
CA00030310,2025-04-17,BR019,TLR-1550,C500149,cash deposit,2516.53,CAD
CA00034882,2025-04-13,BR040,TLR-9743,C503318,cash deposit,775.42,CAD
CA00032525,2025-04-06,BR030,TLR-8779,C500661,cash withdrawal,1696.68,CAD
CA00035028,2025-04-24,BR040,TLR-1143,C501907,cash deposit,817.75,CAD
CA00031465,2025-04-08,BR025,TLR-1883,C501560,cash withdrawal,-6367.21,CAD
CA00032269,2025-04-09,BR029,TLR-1365,C503850,cash deposit,1225.7,CAD
CA00031388,2025-04-23,BR024,TLR-6714,C503733,cash deposit,608.98,CAD
CA00033098,2025-04-05,BR033,TLR-6943,C503655,cash withdrawal,268.66,CAD
CA00031069,2025-04-19,BR023,TLR-8943,C501788,cash withdrawal,822.06,CAD
CA00033605,2025-04-08,BR036,TLR-2927,C502771,cash deposit,5025.11,CAD
CA00029545,2025-04-02,BR015,TLR-5152,C500134,cash withdrawal,1680.28,CAD
CA00031061,2025-04-19,BR023,TLR-1489,C503915,cash withdrawal,1421.45,CAD
CA00028607,2025-04-07,BR010,TLR-1339,C502875,cash deposit,502.68,CAD
CA00031634,2025-04-11,BR026,TLR-7189,C500403,cash deposit,354.12,CAD
CA00033014,2025-04-18,BR032,TLR-2296,C502259,cash deposit,1705.24,CAD
CA00032681,2025-04-10,BR031,TLR-8678,C501291,cash withdrawal,2767.05,CAD
CA00032375,2025-04-12,BR030,TLR-9704,C502043,cash withdrawal,952.76,CAD
CA00030207,2025-04-12,BR018,TLR-3581,C500814,cash deposit,2921.59,CAD
CA00027134,2025-04-19,BR003,TLR-9402,C501270,cash withdrawal,3308.03,CAD
CA00032975,2025-04-03,BR032,TLR-7387,C500937,cash withdrawal,726.41,CAD
CA00035101,2025-04-08,BR040,TLR-3060,C500250,cash withdrawal,2776.55,CAD
CA00029792,2025-04-13,BR016,TLR-2416,C503045,cash deposit,634.88,CAD
CA00028134,2025-04-14,BR007,TLR-9108,C500782,cash withdrawal,891.47,CAD
CA00033079,2025-04-18,BR033,TLR-6556,C500114,cash withdrawal,3030.61,CAD
CA00033604,2025-04-15,BR036,TLR-9819,C501467,cash withdrawal,1022.53,CAD
CA00030063,2025-04-29,BR017,TLR-9835,C501735,cash deposit,2219.32,CAD
CA00035238,2025-04-15,BR040,TLR-6444,C500383,cash deposit,1019.69,CAD
CA00032552,2025-04-25,BR030,TLR-2650,C500732,cash withdrawal,390.3,CAD
CA00034062,2025-04-24,BR037,TLR-9919,C502952,cash withdrawal,3355.89,CAD
CA00029089,2025-04-06,BR013,TLR-2121,C502712,cash withdrawal,803.91,CAD
CA00032937,2025-04-26,BR032,TLR-9716,C503902,cash deposit,1078.35,CAD
CA00034384,2025-04-27,BR039,TLR-3916,C503489,cash deposit,2970.7,CAD
CA00031729,2025-04-12,BR026,TLR-5494,C502836,cash withdrawal,-1373.95,CAD
CA00027600,2025-04-24,BR004,TLR-4233,C503904,cash withdrawal,758.46,CAD
CA00032083,2025-04-14,BR028,TLR-1496,C503868,cash deposit,1421.36,CAD
CA00033928,2025-04-04,BR037,TLR-7816,C500662,cash deposit,2508.98,CAD
CA00034457,2025-04-24,BR039,TLR-7513,C502973,cash deposit,1231.18,CAD
CA00030841,2025-04-11,BR021,TLR-9905,C500593,cash deposit,2094.8,CAD
CA00027167,2025-04-28,BR003,TLR-5199,C500642,cash deposit,1150.99,CAD
CA00031119,2025-04-15,BR023,TLR-5015,C501375,cash withdrawal,90.21,CAD
CA00028320,2025-04-04,BR008,TLR-8049,C501777,cash deposit,581.72,CAD
CA00031766,2025-04-27,BR026,TLR-2187,C501229,cash deposit,1430.54,CAD
CA00032227,2025-04-23,BR029,TLR-2041,C503039,cash withdrawal,525.88,CAD
CA00030065,2025-04-26,BR017,TLR-7815,C502349,cash withdrawal,785.58,CAD
CA00030394,2025-04-29,BR019,TLR-1737,C501612,cash deposit,1290.98,CAD
CA00026646,2025-04-23,BR001,TLR-9956,C503525,cash withdrawal,998.19,CAD
CA00029481,2025-04-14,BR015,TLR-9064,C500762,cash deposit,414.54,CAD
CA00026650,2025-04-10,BR001,TLR-7080,C502641,cash withdrawal,806.18,CAD
CA00028687,2025-04-01,BR010,TLR-1816,C501420,cash deposit,880.36,CAD
CA00030616,2025-04-17,BR020,TLR-5710,C501223,cash withdrawal,216.17,USD
CA00031406,2025-04-12,BR024,TLR-4040,C501137,cash deposit,1334.41,CAD
CA00027850,2025-04-24,BR006,TLR-6711,C500760,cash deposit,492.5,CAD
CA00031268,2025-04-01,BR024,TLR-8099,C501844,cash deposit,1485.28,CAD
CA00027966,2025-04-23,BR006,TLR-9857,C502930,cash deposit,1289.64,CAD
CA00033140,2025-04-16,BR033,TLR-2332,C500767,cash deposit,243.96,CAD
CA00029707,2025-04-20,BR016,TLR-6795,C501781,cash withdrawal,1409.28,CAD
CA00034572,2025-04-25,BR039,TLR-1213,C502624,cash deposit,1522.18,CAD
CA00028696,2025-04-01,BR010,TLR-7132,C503007,cash deposit,628.43,CAD
CA00034884,2025-04-09,BR040,TLR-5618,C500887,cash deposit,1529.38,CAD
CA00029608,2025-04-25,BR015,TLR-4100,C502694,cash withdrawal,790.16,CAD
CA00030914,2025-04-08,BR021,TLR-7405,C503809,cash deposit,682.57,CAD
CA00027303,2025-04-06,BR003,TLR-4248,C500836,cash deposit,366.99,CAD
CA00028103,2025-04-03,BR007,TLR-6815,C500798,cash deposit,1097.69,CAD
CA00030567,2025-04-13,BR019,TLR-7702,C502521,cash withdrawal,433.94,CAD
CA00034166,2025-04-06,BR037,TLR-1837,C502652,cash deposit,520.98,CAD
CA00030926,2025-04-05,BR021,TLR-1055,C501418,cash deposit,376.17,CAD
CA00026719,2025-04-13,BR001,TLR-9906,C503080,cash withdrawal,869.02,CAD
CA00027986,2025-04-23,BR007,TLR-8447,C503584,cash deposit,1736.43,CAD
CA00026626,2025-04-30,BR001,TLR-6665,C501809,cash withdrawal,424.42,CAD
CA00026874,2025-04-17,BR001,TLR-3652,C500350,cash deposit,1688.59,CAD
CA00034406,2025-04-05,BR039,TLR-7856,C502683,cash deposit,1906.63,CAD
CA00033501,2025-04-24,BR035,TLR-1663,C503209,cash deposit,883.62,CAD
CA00032218,2025-04-09,BR029,TLR-8733,C500577,cash withdrawal,833.45,CAD
CA00031152,2025-04-08,BR024,TLR-2064,C502694,cash deposit,349.36,CAD
CA00029046,2025-04-24,BR012,TLR-9776,C500782,cash withdrawal,6158.63,CAD
CA00033494,2025-04-23,BR035,TLR-7241,C503362,cash deposit,952.63,CAD
CA00030431,2025-04-14,BR019,TLR-4783,C503263,cash deposit,643.37,CAD
CA00028911,2025-04-11,BR012,TLR-1957,C503881,cash withdrawal,362.45,CAD
CA00032293,2025-04-14,BR029,TLR-9227,C501823,cash withdrawal,629.78,CAD
CA00030642,2025-04-05,BR020,TLR-6436,C500901,cash withdrawal,740.18,USD
CA00031887,2025-04-11,BR027,TLR-6691,C500499,cash withdrawal,558.93,CAD
CA00030314,2025-04-11,BR019,TLR-5251,C500220,cash deposit,991.21,CAD
CA00034601,2025-04-23,BR039,TLR-8768,C502978,cash deposit,430.28,CAD
CA00027008,2025-04-14,BR002,TLR-3638,C501016,cash deposit,566.25,CAD
CA00030970,2025-04-04,BR022,TLR-8052,C501950,cash withdrawal,513.44,CAD
CA00034703,2025-04-15,BR040,TLR-7451,C502015,cash withdrawal,1377.26,CAD
CA00030937,2025-04-11,BR021,TLR-9480,C500309,cash deposit,2184.68,CAD
CA00028010,2025-04-06,BR007,TLR-7522,C500568,cash deposit,1730.18,CAD
CA00032474,2025-04-23,BR030,TLR-7100,C502944,cash deposit,1405.25,CAD
CA00027812,2025-04-07,BR006,TLR-6927,C501806,cash withdrawal,278.61,CAD
CA00035174,2025-04-05,BR040,TLR-6090,C501728,cash withdrawal,822.33,CAD
CA00029854,2025-04-22,BR016,TLR-2688,C502656,cash withdrawal,3316.7,CAD
CA00031234,2025-04-21,BR024,TLR-3345,C502637,cash deposit,804.47,CAD
CA00029829,2025-04-27,BR016,TLR-4000,C502397,cash deposit,1129.18,CAD
CA00032422,2025-04-20,BR030,TLR-5056,C502510,cash withdrawal,1074.97,CAD
CA00026613,2025-04-24,BR001,TLR-9877,C503217,cash deposit,492.48,CAD
CA00035026,2025-04-20,BR040,TLR-6319,C501285,cash deposit,2435.02,CAD
CA00030404,2025-04-14,BR019,TLR-4594,C501299,cash deposit,762.08,CAD
CA00033507,2025-04-29,BR035,TLR-2215,C500443,cash deposit,1173.43,CAD
CA00030760,2025-04-14,BR020,TLR-4615,C500071,cash deposit,595.09,USD
CA00029480,2025-04-13,BR015,TLR-7535,C503350,cash deposit,1224.89,CAD
CA00026990,2025-04-22,BR002,TLR-3615,C501485,cash withdrawal,-1196.65,CAD
CA00028211,2025-04-24,BR007,TLR-2419,C502793,cash deposit,258.16,CAD
CA00031426,2025-04-25,BR025,TLR-6901,C500551,cash deposit,512.59,CAD
CA00031774,2025-04-28,BR026,TLR-4732,C503867,cash deposit,921.08,CAD
CA00032216,2025-04-01,BR029,TLR-8502,C502254,cash deposit,4869.43,CAD
CA00031509,2025-04-28,BR025,TLR-7704,C500651,cash deposit,805.37,CAD
CA00032187,2025-04-24,BR029,TLR-5510,C503659,cash withdrawal,1512.34,CAD
CA00035350,2025-04-27,BR040,TLR-2668,C502798,cash withdrawal,1177.88,CAD
CA00031445,2025-04-22,BR025,TLR-1788,C502530,cash withdrawal,-495.62,CAD
CA00029303,2025-04-22,BR014,TLR-4323,C500529,cash withdrawal,602.13,CAD
CA00033050,2025-04-08,BR033,TLR-5030,C502952,cash deposit,926.31,CAD
CA00028495,2025-04-18,BR009,TLR-2545,C502132,cash withdrawal,390.35,CAD
CA00032155,2025-04-18,BR028,TLR-1858,C501795,cash withdrawal,815.43,CAD
CA00030802,2025-04-23,BR021,TLR-1526,C500240,cash deposit,2817.26,CAD
CA00030744,2025-04-11,BR020,TLR-9807,C503440,cash withdrawal,418.6,USD
CA00031107,2025-04-22,BR023,TLR-2052,C500253,cash withdrawal,1634.59,CAD
CA00030278,2025-04-18,BR019,TLR-8234,C501552,cash withdrawal,612.17,CAD
CA00030791,2025-04-07,BR021,TLR-9835,C500485,cash deposit,774.8,CAD
CA00029096,2025-04-09,BR013,TLR-6239,C501377,cash deposit,846.89,CAD
CA00027208,2025-04-17,BR003,TLR-3688,C503200,cash withdrawal,553.48,CAD
CA00026623,2025-04-17,BR001,TLR-7212,C501743,cash withdrawal,668.39,CAD
CA00028317,2025-04-04,BR008,TLR-4087,C501558,cash deposit,1893.47,CAD
CA00029107,2025-04-06,BR013,TLR-7891,C503695,cash deposit,477.27,CAD
CA00026760,2025-04-13,BR001,TLR-8169,C503652,cash deposit,1274.28,CAD
CA00030026,2025-04-16,BR017,TLR-3017,C501535,cash deposit,1224.62,CAD
CA00034526,2025-04-30,BR039,TLR-9642,C503584,cash deposit,452.12,CAD
CA00027635,2025-04-29,BR005,TLR-5518,C500283,cash deposit,711.22,CAD
CA00029558,2025-04-19,BR015,TLR-9169,C500634,cash deposit,927.55,CAD
CA00032358,2025-04-08,BR030,TLR-8593,C501480,cash deposit,686.0,CAD
CA00030001,2025-04-08,BR017,TLR-7890,C503768,cash withdrawal,747.34,CAD
CA00033942,2025-04-02,BR037,TLR-9662,C501698,cash deposit,1072.93,CAD
CA00033312,2025-04-30,BR034,TLR-3591,C502569,cash withdrawal,1815.23,CAD
CA00032205,2025-04-25,BR029,TLR-2380,C502830,cash deposit,830.3,CAD
CA00033891,2025-04-02,BR036,TLR-6966,C500337,cash deposit,2630.17,CAD
CA00032959,2025-04-23,BR032,TLR-7287,C502832,cash deposit,2511.1,CAD
CA00026802,2025-04-28,BR001,TLR-1890,C502788,cash withdrawal,2208.56,CAD
CA00028043,2025-04-21,BR007,TLR-4873,C500149,cash deposit,1475.98,CAD
CA00031488,2025-04-15,BR025,TLR-9018,C503953,cash withdrawal,-407.24,CAD
CA00031279,2025-04-10,BR024,TLR-6561,C500488,cash withdrawal,622.75,CAD
CA00033581,2025-04-03,BR036,TLR-1614,C503262,cash withdrawal,896.16,CAD
CA00035359,2025-04-17,BR040,TLR-7216,C501359,cash withdrawal,919.8,CAD
CA00027802,2025-04-13,BR006,TLR-9076,C501807,cash withdrawal,1923.38,CAD
CA00028848,2025-04-17,BR012,TLR-7350,C502870,cash withdrawal,166.01,CAD
CA00030963,2025-04-01,BR022,TLR-3115,C503276,cash deposit,1602.96,CAD
CA00027039,2025-04-09,BR002,TLR-2358,C502122,cash withdrawal,-1213.49,CAD
CA00026810,2025-04-19,BR001,TLR-3310,C502890,cash deposit,1668.53,CAD
CA00029150,2025-04-23,BR013,TLR-3421,C502018,cash deposit,722.75,CAD
CA00030652,2025-04-15,BR020,TLR-8305,C501481,cash withdrawal,1540.53,USD
CA00033593,2025-04-17,BR036,TLR-4236,C502638,cash withdrawal,1527.07,CAD
CA00030091,2025-04-20,BR017,TLR-7076,C503212,cash withdrawal,222.15,CAD
CA00032376,2025-04-16,BR030,TLR-6182,C503971,cash deposit,909.26,CAD
CA00026751,2025-04-20,BR001,TLR-6395,C500256,cash deposit,1517.33,CAD
CA00029336,2025-04-12,BR014,TLR-5468,C501268,cash deposit,1824.51,CAD
CA00030809,2025-04-11,BR021,TLR-1902,C500079,cash deposit,424.13,CAD
CA00034624,2025-04-30,BR040,TLR-5832,C503928,cash deposit,796.4,CAD
CA00033476,2025-04-26,BR035,TLR-3209,C501951,cash withdrawal,587.17,CAD
CA00030818,2025-04-09,BR021,TLR-7157,C500934,cash deposit,1661.03,CAD
CA00027596,2025-04-19,BR004,TLR-8028,C500231,cash deposit,946.76,CAD
CA00033131,2025-04-18,BR033,TLR-3669,C502212,cash withdrawal,314.48,CAD
CA00029130,2025-04-05,BR013,TLR-7907,C502383,cash deposit,2009.07,CAD
CA00031312,2025-04-10,BR024,TLR-4505,C502704,cash withdrawal,813.86,CAD
CA00034661,2025-04-06,BR040,TLR-4676,C500180,cash deposit,2350.77,CAD
CA00030953,2025-04-01,BR022,TLR-7368,C500966,cash withdrawal,2011.85,CAD
CA00026583,2025-04-14,BR001,TLR-8876,C501879,cash withdrawal,1322.0,CAD
CA00030194,2025-04-19,BR018,TLR-4117,C502497,cash deposit,4357.05,CAD
CA00032307,2025-04-05,BR029,TLR-7442,C500211,cash withdrawal,696.21,CAD
CA00031997,2025-04-12,BR027,TLR-1668,C501169,cash deposit,2200.9,CAD
CA00031149,2025-04-27,BR024,TLR-5011,C502827,cash deposit,2055.49,CAD
CA00035267,2025-04-26,BR040,TLR-5372,C501755,cash deposit,1953.91,CAD
CA00032390,2025-04-21,BR030,TLR-3983,C502385,cash deposit,2058.69,CAD
CA00034219,2025-04-30,BR038,TLR-1288,C501710,cash withdrawal,754.67,CAD
CA00026717,2025-04-06,BR001,TLR-9901,C500462,cash deposit,1019.9,CAD
CA00033905,2025-04-23,BR037,TLR-6163,C500707,cash withdrawal,291.54,CAD
CA00028353,2025-04-30,BR008,TLR-5430,C501056,cash deposit,527.7,CAD
CA00028981,2025-04-16,BR012,TLR-1558,C501090,cash withdrawal,552.46,CAD
CA00031931,2025-04-23,BR027,TLR-3443,C501757,cash withdrawal,940.95,CAD
CA00033509,2025-04-17,BR035,TLR-6825,C502187,cash withdrawal,1258.71,CAD
CA00026915,2025-04-06,BR002,TLR-1774,C500423,cash deposit,509.8,CAD
CA00027902,2025-04-30,BR006,TLR-1311,C502984,cash deposit,559.99,CAD
CA00026817,2025-04-05,BR001,TLR-4020,C502134,cash deposit,882.86,CAD
CA00034568,2025-04-24,BR039,TLR-2195,C503402,cash deposit,1477.67,CAD
CA00033470,2025-04-18,BR035,TLR-1096,C502423,cash deposit,1312.38,CAD
CA00031658,2025-04-10,BR026,TLR-5416,C500743,cash withdrawal,-529.28,CAD
CA00034254,2025-04-25,BR038,TLR-2510,C503528,cash withdrawal,300.86,CAD
CA00028524,2025-04-28,BR009,TLR-6157,C502792,cash deposit,2920.3,CAD
CA00028415,2025-04-25,BR008,TLR-3141,C503835,cash withdrawal,592.58,CAD
CA00035001,2025-04-23,BR040,TLR-2767,C502540,cash deposit,716.91,CAD
CA00034285,2025-04-18,BR038,TLR-7802,C500723,cash withdrawal,1585.58,CAD
CA00032391,2025-04-10,BR030,TLR-4057,C500545,cash deposit,1466.31,CAD
CA00031276,2025-04-15,BR024,TLR-2215,C502576,cash withdrawal,425.98,CAD
CA00035203,2025-04-15,BR040,TLR-4538,C502350,cash withdrawal,796.6,CAD
CA00026824,2025-04-04,BR001,TLR-3017,C500137,cash withdrawal,720.72,CAD
CA00034103,2025-04-25,BR037,TLR-4918,C500704,cash withdrawal,299.21,CAD
CA00027610,2025-04-06,BR004,TLR-6189,C501407,cash withdrawal,420.72,CAD
CA00027477,2025-04-16,BR004,TLR-7911,C502281,cash deposit,1784.62,CAD
CA00032697,2025-04-15,BR031,TLR-3491,C502778,cash withdrawal,1740.93,CAD
CA00034585,2025-04-25,BR039,TLR-8864,C502059,cash withdrawal,1025.55,CAD
CA00026794,2025-04-26,BR001,TLR-1485,C503718,cash deposit,797.4,CAD
CA00034852,2025-04-18,BR040,TLR-8435,C503710,cash withdrawal,253.36,CAD
CA00030682,2025-04-04,BR020,TLR-2974,C500920,cash withdrawal,757.61,USD
CA00030015,2025-04-10,BR017,TLR-8367,C501992,cash withdrawal,638.95,CAD
CA00028773,2025-04-22,BR010,TLR-5180,C500258,cash deposit,2123.29,CAD
CA00028274,2025-04-29,BR008,TLR-8573,C501932,cash deposit,703.11,CAD
CA00028625,2025-04-24,BR010,TLR-4516,C500564,cash withdrawal,840.89,CAD
CA00028233,2025-04-24,BR008,TLR-7363,C500364,cash deposit,357.45,CAD
CA00029349,2025-04-17,BR014,TLR-4539,C503108,cash withdrawal,1116.04,CAD
CA00032040,2025-04-30,BR027,TLR-4856,C501977,cash deposit,9085.01,CAD
CA00027133,2025-04-27,BR003,TLR-8470,C502064,cash withdrawal,481.26,CAD
CA00027251,2025-04-11,BR003,TLR-6469,C500973,cash withdrawal,563.66,CAD
CA00028262,2025-04-07,BR008,TLR-2493,C503751,cash withdrawal,669.91,CAD
CA00031607,2025-04-06,BR025,TLR-5464,C501082,cash withdrawal,-417.75,CAD
CA00035189,2025-04-19,BR040,TLR-3514,C503206,cash deposit,1434.81,CAD
CA00030938,2025-04-06,BR021,TLR-7524,C502073,cash withdrawal,1640.67,CAD
CA00035165,2025-04-07,BR040,TLR-4955,C500446,cash deposit,498.28,CAD
CA00029729,2025-04-12,BR016,TLR-7595,C500617,cash deposit,1234.31,CAD
CA00033872,2025-04-13,BR036,TLR-8279,C502393,cash deposit,1622.98,CAD
CA00034738,2025-04-11,BR040,TLR-8719,C501140,cash deposit,3527.75,CAD
CA00032562,2025-04-29,BR030,TLR-8106,C503782,cash deposit,393.79,CAD
CA00031377,2025-04-03,BR024,TLR-4239,C502695,cash withdrawal,288.39,CAD
CA00028781,2025-04-07,BR011,TLR-3492,C502062,cash deposit,1109.46,CAD
CA00035105,2025-04-17,BR040,TLR-6260,C500631,cash withdrawal,859.7,CAD
CA00029226,2025-04-01,BR014,TLR-2490,C501493,cash withdrawal,866.34,CAD
CA00032620,2025-04-02,BR031,TLR-7554,C501007,cash withdrawal,157.76,CAD
CA00027197,2025-04-30,BR003,TLR-3298,C502229,cash deposit,646.75,CAD
CA00027044,2025-04-07,BR002,TLR-6663,C500350,cash deposit,1093.4,CAD
CA00032341,2025-04-10,BR030,TLR-9838,C501403,cash deposit,1702.37,CAD
CA00033440,2025-04-26,BR035,TLR-6532,C501910,cash withdrawal,926.36,CAD
CA00026916,2025-04-26,BR002,TLR-4617,C503297,cash deposit,2274.13,CAD
CA00030721,2025-04-30,BR020,TLR-4127,C503018,cash deposit,361.28,USD
CA00030475,2025-04-23,BR019,TLR-7710,C501122,cash deposit,1658.84,CAD
CA00032248,2025-04-22,BR029,TLR-9720,C502452,cash withdrawal,1318.33,CAD
CA00029517,2025-04-18,BR015,TLR-5433,C501339,cash withdrawal,2016.2,CAD
CA00033383,2025-04-13,BR035,TLR-1638,C500212,cash withdrawal,649.23,CAD
CA00034319,2025-04-02,BR038,TLR-1731,C501781,cash deposit,1329.74,CAD
CA00034131,2025-04-09,BR037,TLR-9479,C503359,cash deposit,6043.62,CAD
CA00034524,2025-04-28,BR039,TLR-4117,C501534,cash deposit,321.34,CAD
CA00026696,2025-04-22,BR001,TLR-5288,C500294,cash deposit,737.76,CAD
CA00031192,2025-04-16,BR024,TLR-6157,C501750,cash deposit,369.36,CAD
CA00034472,2025-04-20,BR039,TLR-8804,C503536,cash withdrawal,893.34,CAD
CA00029425,2025-04-08,BR015,TLR-1108,C503190,cash withdrawal,262.63,CAD
CA00032129,2025-04-12,BR028,TLR-9883,C502385,cash deposit,1485.42,CAD
CA00030266,2025-04-17,BR019,TLR-2660,C502708,cash withdrawal,447.78,CAD
CA00033278,2025-04-05,BR034,TLR-6679,C501030,cash withdrawal,1131.17,CAD
CA00027076,2025-04-29,BR002,TLR-8790,C501348,cash withdrawal,-3105.16,CAD
CA00035310,2025-04-18,BR040,TLR-2716,C503694,cash deposit,921.3,CAD
CA00031048,2025-04-04,BR023,TLR-5425,C501233,cash withdrawal,2121.87,CAD
CA00031656,2025-04-20,BR026,TLR-7766,C503818,cash deposit,287.42,CAD
CA00026819,2025-04-14,BR001,TLR-8212,C503950,cash deposit,1720.0,CAD
CA00026890,2025-04-28,BR001,TLR-9030,C501416,cash deposit,647.53,CAD
CA00030264,2025-04-09,BR019,TLR-5969,C500120,cash deposit,3466.65,CAD
CA00031373,2025-04-29,BR024,TLR-7184,C501022,cash withdrawal,1052.18,CAD
CA00034880,2025-04-24,BR040,TLR-3797,C503879,cash deposit,2509.28,CAD
CA00028185,2025-04-04,BR007,TLR-5902,C501048,cash deposit,1014.36,CAD
CA00029877,2025-04-11,BR017,TLR-1430,C500120,cash deposit,2173.27,CAD
CA00033185,2025-04-28,BR034,TLR-7904,C500163,cash deposit,1348.37,CAD
CA00032049,2025-04-21,BR028,TLR-4308,C503892,cash deposit,1355.9,CAD
CA00030456,2025-04-12,BR019,TLR-8733,C502628,cash deposit,1799.53,CAD
CA00029880,2025-04-07,BR017,TLR-8890,C500229,cash deposit,1605.64,CAD
CA00031717,2025-04-10,BR026,TLR-9988,C501328,cash deposit,1119.99,CAD
CA00035327,2025-04-07,BR040,TLR-6793,C502080,cash deposit,817.05,CAD
CA00030215,2025-04-25,BR018,TLR-1273,C501171,cash withdrawal,3996.17,CAD
CA00034670,2025-04-27,BR040,TLR-5844,C500853,cash deposit,1969.03,CAD
CA00031893,2025-04-03,BR027,TLR-1391,C501100,cash withdrawal,805.74,CAD
CA00029907,2025-04-18,BR017,TLR-4203,C500299,cash deposit,325.14,CAD
CA00031992,2025-04-03,BR027,TLR-3248,C500245,cash deposit,1260.75,CAD
CA00027603,2025-04-20,BR004,TLR-5123,C503474,cash withdrawal,690.89,CAD
CA00029476,2025-04-19,BR015,TLR-2659,C500605,cash withdrawal,1152.13,CAD
CA00034707,2025-04-27,BR040,TLR-3084,C503436,cash deposit,426.17,CAD
CA00028895,2025-04-29,BR012,TLR-5029,C502994,cash withdrawal,2251.67,CAD
CA00026785,2025-04-15,BR001,TLR-1940,C502869,cash deposit,558.49,CAD
CA00031576,2025-04-06,BR025,TLR-5967,C501978,cash withdrawal,-1709.91,CAD
CA00034674,2025-04-10,BR040,TLR-8425,C501322,cash withdrawal,305.36,CAD
CA00031474,2025-04-09,BR025,TLR-5354,C503925,cash withdrawal,-870.14,CAD
CA00031006,2025-04-04,BR022,TLR-9714,C500047,cash deposit,331.17,CAD
CA00027582,2025-04-08,BR004,TLR-4524,C500809,cash withdrawal,1330.21,CAD
CA00035138,2025-04-27,BR040,TLR-9147,C502617,cash withdrawal,656.49,CAD
CA00034112,2025-04-02,BR037,TLR-3671,C500282,cash withdrawal,790.34,CAD
CA00031371,2025-04-17,BR024,TLR-5998,C503713,cash deposit,630.98,CAD
CA00032551,2025-04-30,BR030,TLR-8959,C501099,cash withdrawal,2154.04,CAD
CA00028328,2025-04-02,BR008,TLR-4534,C503516,cash deposit,333.54,CAD
CA00026959,2025-04-16,BR002,TLR-9488,C503469,cash deposit,896.15,CAD
CA00031225,2025-04-23,BR024,TLR-3168,C501511,cash withdrawal,2660.01,CAD
CA00032359,2025-04-19,BR030,TLR-7638,C500705,cash withdrawal,4050.7,CAD
CA00026632,2025-04-17,BR001,TLR-2879,C502841,cash deposit,867.44,CAD
CA00033730,2025-04-15,BR036,TLR-7848,C502815,cash deposit,426.85,CAD
CA00031140,2025-04-02,BR024,TLR-1063,C502021,cash withdrawal,1756.56,CAD
CA00033121,2025-04-17,BR033,TLR-1179,C500420,cash deposit,970.72,CAD
CA00033764,2025-04-22,BR036,TLR-9421,C502595,cash withdrawal,553.3,CAD
CA00034147,2025-04-10,BR037,TLR-4171,C502002,cash withdrawal,645.03,CAD
CA00031471,2025-04-03,BR025,TLR-2481,C503760,cash deposit,490.27,CAD
CA00028255,2025-04-06,BR008,TLR-8463,C503454,cash withdrawal,1056.71,CAD
CA00035128,2025-04-23,BR040,TLR-4938,C502969,cash withdrawal,7331.56,CAD
CA00034252,2025-04-17,BR038,TLR-8963,C500112,cash withdrawal,425.09,CAD
CA00031568,2025-04-13,BR025,TLR-6662,C501610,cash withdrawal,-3444.32,CAD
CA00029963,2025-04-15,BR017,TLR-2083,C502917,cash withdrawal,954.03,CAD
CA00033316,2025-04-08,BR034,TLR-5427,C503012,cash deposit,342.72,CAD
CA00034722,2025-04-23,BR040,TLR-3279,C501672,cash withdrawal,682.78,CAD
CA00033921,2025-04-11,BR037,TLR-1280,C502788,cash deposit,942.58,CAD
CA00031088,2025-04-24,BR023,TLR-6684,C502052,cash withdrawal,1897.57,CAD
CA00029660,2025-04-30,BR015,TLR-8771,C503849,cash withdrawal,968.47,CAD
CA00035395,2025-04-26,BR040,TLR-1167,C501566,cash withdrawal,597.43,CAD
CA00033335,2025-04-20,BR034,TLR-9964,C500961,cash deposit,629.03,CAD
CA00030143,2025-04-19,BR018,TLR-1458,C501571,cash deposit,780.75,CAD
CA00026947,2025-04-07,BR002,TLR-4658,C502135,cash deposit,477.17,CAD
CA00034015,2025-04-02,BR037,TLR-9193,C503587,cash deposit,1334.61,CAD
CA00026953,2025-04-15,BR002,TLR-6411,C500949,cash deposit,2069.41,CAD
CA00029483,2025-04-16,BR015,TLR-2986,C501317,cash withdrawal,997.51,CAD
CA00029157,2025-04-16,BR013,TLR-2240,C501622,cash withdrawal,737.71,CAD
CA00026697,2025-04-15,BR001,TLR-3475,C502143,cash deposit,1663.37,CAD
CA00028740,2025-04-26,BR010,TLR-9799,C502130,cash deposit,1653.73,CAD
CA00033149,2025-04-05,BR033,TLR-9014,C502193,cash deposit,1669.12,CAD
CA00032047,2025-04-25,BR028,TLR-1021,C500448,cash withdrawal,1918.03,CAD
CA00027737,2025-04-08,BR006,TLR-3187,C501905,cash withdrawal,405.65,CAD
CA00034650,2025-04-06,BR040,TLR-8065,C503977,cash deposit,2507.16,CAD
CA00030878,2025-04-14,BR021,TLR-3111,C502177,cash deposit,1619.45,CAD
CA00030726,2025-04-25,BR020,TLR-8522,C500265,cash deposit,1313.83,USD
CA00029950,2025-04-08,BR017,TLR-7825,C500521,cash deposit,795.08,CAD
CA00027523,2025-04-05,BR004,TLR-7509,C502726,cash withdrawal,564.11,CAD
CA00027387,2025-04-02,BR004,TLR-4896,C503643,cash deposit,776.93,CAD
CA00030305,2025-04-14,BR019,TLR-5818,C501462,cash deposit,869.73,CAD
CA00035176,2025-04-29,BR040,TLR-4650,C502017,cash deposit,1251.64,CAD
CA00033020,2025-04-07,BR033,TLR-7790,C501531,cash withdrawal,3383.8,CAD
CA00033159,2025-04-11,BR033,TLR-3718,C501783,cash withdrawal,2300.18,CAD
CA00032427,2025-04-13,BR030,TLR-5921,C500521,cash withdrawal,239.68,CAD
CA00033505,2025-04-14,BR035,TLR-3572,C502873,cash deposit,793.09,CAD
CA00033596,2025-04-22,BR036,TLR-9840,C501460,cash withdrawal,808.17,CAD
CA00030915,2025-04-29,BR021,TLR-4605,C500955,cash deposit,3206.41,CAD
CA00027151,2025-04-03,BR003,TLR-7203,C501700,cash deposit,1932.76,CAD
CA00032678,2025-04-01,BR031,TLR-8107,C503635,cash withdrawal,1179.18,CAD
CA00031723,2025-04-13,BR026,TLR-3127,C503587,cash withdrawal,-3407.63,CAD
CA00032559,2025-04-23,BR030,TLR-4386,C502092,cash deposit,292.56,CAD
CA00029593,2025-04-04,BR015,TLR-2267,C502426,cash withdrawal,1218.36,CAD
CA00029572,2025-04-30,BR015,TLR-5005,C502081,cash withdrawal,445.24,CAD
CA00035069,2025-04-02,BR040,TLR-6703,C503614,cash deposit,804.46,CAD
CA00033646,2025-04-28,BR036,TLR-8058,C503150,cash withdrawal,598.23,CAD
CA00031527,2025-04-16,BR025,TLR-1403,C503364,cash withdrawal,-1669.99,CAD
CA00031933,2025-04-06,BR027,TLR-9252,C501898,cash withdrawal,973.01,CAD
CA00031618,2025-04-04,BR026,TLR-4140,C500592,cash deposit,558.52,CAD
CA00026860,2025-04-05,BR001,TLR-5570,C502160,cash deposit,1270.04,CAD
CA00028728,2025-04-24,BR010,TLR-6392,C502793,cash deposit,199.99,CAD
CA00027715,2025-04-20,BR006,TLR-6401,C502445,cash deposit,750.71,CAD
CA00027965,2025-04-26,BR006,TLR-5342,C501607,cash deposit,518.85,CAD
CA00026895,2025-04-10,BR002,TLR-7080,C502080,cash deposit,244.31,CAD
CA00033202,2025-04-08,BR034,TLR-3270,C500801,cash deposit,1075.08,CAD
CA00030221,2025-04-03,BR018,TLR-5208,C503275,cash withdrawal,874.95,CAD
CA00028491,2025-04-04,BR009,TLR-7216,C501425,cash deposit,1367.28,CAD
CA00033176,2025-04-19,BR033,TLR-8064,C501861,cash deposit,2082.18,CAD
CA00028647,2025-04-20,BR010,TLR-2993,C503048,cash withdrawal,835.3,CAD
CA00031838,2025-04-03,BR026,TLR-1671,C500932,cash deposit,680.3,CAD
CA00028581,2025-04-19,BR010,TLR-2320,C500226,cash withdrawal,1488.58,CAD
CA00031912,2025-04-01,BR027,TLR-1567,C501047,cash deposit,1040.66,CAD
CA00032431,2025-04-19,BR030,TLR-2936,C501621,cash deposit,1250.98,CAD
CA00030109,2025-04-25,BR017,TLR-8566,C502434,cash deposit,637.32,CAD
CA00033086,2025-04-23,BR033,TLR-7105,C501314,cash deposit,650.48,CAD
CA00032739,2025-04-06,BR031,TLR-8213,C500876,cash deposit,615.41,CAD
CA00031522,2025-04-16,BR025,TLR-7454,C502936,cash withdrawal,-2046.4,CAD
CA00027188,2025-04-28,BR003,TLR-6758,C500518,cash withdrawal,1518.2,CAD
CA00033242,2025-04-07,BR034,TLR-4146,C501458,cash deposit,824.64,CAD
CA00030306,2025-04-13,BR019,TLR-5069,C501850,cash withdrawal,460.97,CAD
CA00028454,2025-04-08,BR009,TLR-7162,C501241,cash deposit,2100.36,CAD
CA00026913,2025-04-10,BR002,TLR-5310,C502129,cash deposit,328.51,CAD
CA00034423,2025-04-21,BR039,TLR-1407,C503968,cash withdrawal,859.12,CAD
CA00027912,2025-04-09,BR006,TLR-9535,C500809,cash deposit,2727.72,CAD
CA00029447,2025-04-11,BR015,TLR-5664,C501534,cash deposit,1776.54,CAD
CA00028742,2025-04-01,BR010,TLR-6247,C503405,cash deposit,295.56,CAD
CA00035175,2025-04-16,BR040,TLR-7536,C502321,cash withdrawal,3496.2,CAD
CA00027277,2025-04-18,BR003,TLR-9548,C502797,cash deposit,1143.79,CAD
CA00033992,2025-04-11,BR037,TLR-6834,C503792,cash deposit,1434.37,CAD
CA00032792,2025-04-18,BR031,TLR-8045,C501686,cash deposit,928.15,CAD
CA00035059,2025-04-03,BR040,TLR-9139,C502167,cash deposit,420.14,CAD
CA00027636,2025-04-20,BR005,TLR-6951,C502021,cash deposit,440.56,CAD
CA00030273,2025-04-03,BR019,TLR-1943,C502939,cash withdrawal,1828.04,CAD
CA00034513,2025-04-03,BR039,TLR-8388,C502490,cash withdrawal,742.18,CAD
CA00034688,2025-04-22,BR040,TLR-7741,C500317,cash withdrawal,149.54,CAD
CA00027595,2025-04-29,BR004,TLR-6917,C500252,cash deposit,1122.75,CAD
CA00034116,2025-04-20,BR037,TLR-7801,C502246,cash withdrawal,1414.11,CAD
CA00030446,2025-04-13,BR019,TLR-1149,C501741,cash withdrawal,550.75,CAD
CA00029496,2025-04-02,BR015,TLR-1335,C501489,cash withdrawal,3920.56,CAD
CA00029439,2025-04-01,BR015,TLR-2884,C500287,cash withdrawal,1236.08,CAD
CA00027750,2025-04-03,BR006,TLR-4198,C500896,cash withdrawal,903.57,CAD
CA00031840,2025-04-13,BR026,TLR-1521,C502139,cash withdrawal,-1592.0,CAD
CA00031584,2025-04-01,BR025,TLR-9602,C500448,cash deposit,1660.69,CAD
CA00028008,2025-04-28,BR007,TLR-4074,C500891,cash deposit,1136.6,CAD
CA00031323,2025-04-02,BR024,TLR-7763,C502595,cash withdrawal,949.7,CAD
CA00030262,2025-04-23,BR019,TLR-6500,C501405,cash withdrawal,827.44,CAD
CA00031608,2025-04-16,BR025,TLR-6969,C502025,cash withdrawal,-498.34,CAD
CA00029738,2025-04-30,BR016,TLR-9674,C501799,cash deposit,1454.0,CAD
CA00028641,2025-04-03,BR010,TLR-5132,C502710,cash deposit,850.54,CAD
CA00032995,2025-04-06,BR032,TLR-5231,C500392,cash withdrawal,1202.28,CAD
CA00030706,2025-04-26,BR020,TLR-8921,C501558,cash withdrawal,641.3,USD
CA00027204,2025-04-05,BR003,TLR-6477,C502592,cash deposit,619.45,CAD
CA00030197,2025-04-09,BR018,TLR-4182,C501775,cash deposit,2768.98,CAD
CA00035192,2025-04-13,BR040,TLR-5055,C502952,cash deposit,926.09,CAD
CA00031325,2025-04-16,BR024,TLR-6791,C502981,cash deposit,2273.34,CAD
CA00032719,2025-04-17,BR031,TLR-9003,C501976,cash withdrawal,2080.66,CAD
CA00027699,2025-04-30,BR006,TLR-2851,C500554,cash deposit,1029.65,CAD
CA00029430,2025-04-08,BR015,TLR-1742,C502059,cash withdrawal,1179.69,CAD
CA00032864,2025-04-02,BR031,TLR-6685,C500026,cash deposit,1997.52,CAD
CA00035007,2025-04-14,BR040,TLR-7722,C502636,cash deposit,1049.87,CAD
CA00029916,2025-04-05,BR017,TLR-2833,C501470,cash deposit,403.55,CAD
CA00032469,2025-04-21,BR030,TLR-4425,C502787,cash withdrawal,2585.63,CAD
CA00033013,2025-04-20,BR032,TLR-3290,C502297,cash deposit,735.25,CAD
CA00031894,2025-04-10,BR027,TLR-9217,C500510,cash withdrawal,456.24,CAD
CA00035002,2025-04-26,BR040,TLR-2020,C501961,cash deposit,1348.9,CAD
CA00033030,2025-04-20,BR033,TLR-5889,C502548,cash deposit,1339.49,CAD
CA00033271,2025-04-25,BR034,TLR-4386,C500818,cash deposit,2235.75,CAD
CA00031183,2025-04-18,BR024,TLR-7951,C501276,cash withdrawal,2959.75,CAD
CA00033821,2025-04-01,BR036,TLR-9312,C503341,cash deposit,915.1,CAD
CA00030395,2025-04-08,BR019,TLR-8068,C501697,cash deposit,3624.94,CAD
CA00027194,2025-04-12,BR003,TLR-6015,C500870,cash deposit,610.05,CAD
CA00030049,2025-04-29,BR017,TLR-9940,C501399,cash withdrawal,4312.47,CAD
CA00029308,2025-04-03,BR014,TLR-1999,C501713,cash deposit,1625.34,CAD
CA00032738,2025-04-14,BR031,TLR-3237,C500526,cash deposit,1055.13,CAD
CA00032185,2025-04-24,BR029,TLR-3187,C500820,cash withdrawal,576.36,CAD
CA00029446,2025-04-24,BR015,TLR-4570,C501464,cash deposit,1158.29,CAD
CA00034680,2025-04-06,BR040,TLR-3824,C500314,cash withdrawal,422.22,CAD
CA00035279,2025-04-03,BR040,TLR-9520,C501083,cash withdrawal,446.36,CAD
CA00030994,2025-04-11,BR022,TLR-3833,C500671,cash deposit,606.06,CAD
CA00034792,2025-04-06,BR040,TLR-6123,C502131,cash withdrawal,910.03,CAD
CA00028988,2025-04-09,BR012,TLR-8137,C501658,cash withdrawal,257.59,CAD
CA00035200,2025-04-21,BR040,TLR-7110,C500191,cash withdrawal,811.79,CAD
CA00027940,2025-04-10,BR006,TLR-3090,C503604,cash deposit,562.49,CAD
CA00030681,2025-04-18,BR020,TLR-6480,C501905,cash deposit,1037.22,USD
CA00032077,2025-04-20,BR028,TLR-7482,C502533,cash withdrawal,2203.64,CAD
CA00034086,2025-04-23,BR037,TLR-1191,C500690,cash withdrawal,895.78,CAD
CA00032791,2025-04-14,BR031,TLR-5811,C501803,cash deposit,429.03,CAD
CA00031137,2025-04-18,BR024,TLR-1334,C503450,cash deposit,888.23,CAD
CA00026826,2025-04-25,BR001,TLR-8247,C502933,cash withdrawal,879.64,CAD
CA00031778,2025-04-01,BR026,TLR-6707,C501036,cash withdrawal,-1992.29,CAD
CA00032946,2025-04-16,BR032,TLR-9929,C500191,cash deposit,1043.98,CAD
CA00027518,2025-04-29,BR004,TLR-9534,C501737,cash withdrawal,1075.12,CAD
CA00033668,2025-04-01,BR036,TLR-4125,C502105,cash withdrawal,1081.65,CAD
CA00031706,2025-04-30,BR026,TLR-2034,C500343,cash deposit,657.68,CAD
CA00030085,2025-04-07,BR017,TLR-4121,C502175,cash withdrawal,791.68,CAD
CA00029975,2025-04-25,BR017,TLR-1627,C503599,cash deposit,2700.94,CAD
CA00028963,2025-04-05,BR012,TLR-4255,C503688,cash withdrawal,1005.09,CAD
CA00033800,2025-04-21,BR036,TLR-1553,C503067,cash withdrawal,1023.6,CAD
CA00027051,2025-04-19,BR002,TLR-7700,C500788,cash withdrawal,-1926.01,CAD
CA00031834,2025-04-19,BR026,TLR-2279,C500628,cash deposit,570.37,CAD
CA00031180,2025-04-30,BR024,TLR-7670,C500576,cash deposit,647.97,CAD
CA00028124,2025-04-04,BR007,TLR-6839,C502496,cash deposit,1136.05,CAD
CA00028514,2025-04-23,BR009,TLR-4496,C501274,cash withdrawal,451.51,CAD
CA00032149,2025-04-03,BR028,TLR-4557,C502163,cash deposit,1530.43,CAD
CA00033783,2025-04-23,BR036,TLR-4211,C503460,cash withdrawal,497.42,CAD
CA00027363,2025-04-12,BR004,TLR-2505,C501548,cash deposit,1102.32,CAD
CA00031638,2025-04-01,BR026,TLR-3050,C500012,cash withdrawal,-2132.4,CAD
CA00033536,2025-04-04,BR035,TLR-5074,C502948,cash deposit,1593.85,CAD
CA00030288,2025-04-03,BR019,TLR-3036,C503500,cash withdrawal,1071.56,CAD
CA00034323,2025-04-14,BR038,TLR-8236,C503414,cash deposit,3516.1,CAD
CA00030056,2025-04-15,BR017,TLR-9410,C502950,cash deposit,363.23,CAD
CA00033879,2025-04-19,BR036,TLR-4854,C500763,cash deposit,1616.28,CAD
CA00026805,2025-04-03,BR001,TLR-8470,C501275,cash deposit,820.21,CAD
CA00028113,2025-04-21,BR007,TLR-1218,C503914,cash withdrawal,392.24,CAD
CA00033743,2025-04-07,BR036,TLR-1699,C500367,cash deposit,1846.92,CAD
CA00032865,2025-04-29,BR031,TLR-4393,C502347,cash withdrawal,562.19,CAD
CA00034841,2025-04-06,BR040,TLR-2578,C503695,cash withdrawal,498.03,CAD
CA00030810,2025-04-11,BR021,TLR-2680,C502552,cash withdrawal,917.95,CAD
CA00031902,2025-04-19,BR027,TLR-2983,C502961,cash deposit,2091.24,CAD
CA00033330,2025-04-17,BR034,TLR-6477,C500878,cash deposit,1385.83,CAD
CA00032574,2025-04-09,BR030,TLR-2721,C500590,cash withdrawal,1815.19,CAD
CA00032426,2025-04-05,BR030,TLR-7755,C503819,cash deposit,719.12,CAD
CA00032943,2025-04-16,BR032,TLR-3162,C500711,cash deposit,969.96,CAD
CA00032619,2025-04-27,BR031,TLR-4703,C502642,cash deposit,1935.93,CAD
CA00031213,2025-04-04,BR024,TLR-1226,C502210,cash withdrawal,1855.53,CAD
CA00032084,2025-04-01,BR028,TLR-8370,C502659,cash deposit,2029.59,CAD
CA00029143,2025-04-24,BR013,TLR-4656,C502415,cash withdrawal,575.29,CAD
CA00029410,2025-04-13,BR015,TLR-3981,C502610,cash withdrawal,1331.23,CAD
CA00030546,2025-04-29,BR019,TLR-5519,C503126,cash deposit,1097.46,CAD
CA00028639,2025-04-26,BR010,TLR-5403,C502825,cash deposit,202.61,CAD
CA00033778,2025-04-09,BR036,TLR-5212,C500002,cash deposit,651.45,CAD
CA00034523,2025-04-27,BR039,TLR-1792,C500261,cash deposit,1159.93,CAD
CA00028571,2025-04-11,BR009,TLR-9621,C501240,cash withdrawal,1453.64,CAD
CA00028825,2025-04-14,BR011,TLR-6574,C503109,cash withdrawal,976.22,CAD
CA00026815,2025-04-25,BR001,TLR-3103,C503968,cash deposit,210.15,CAD
CA00026795,2025-04-30,BR001,TLR-6283,C502094,cash withdrawal,1566.97,CAD
CA00028486,2025-04-19,BR009,TLR-3758,C501655,cash deposit,1059.72,CAD
CA00034249,2025-04-07,BR038,TLR-9628,C503019,cash withdrawal,1333.52,CAD
CA00027012,2025-04-04,BR002,TLR-8491,C500699,cash withdrawal,-1333.02,CAD
CA00029743,2025-04-23,BR016,TLR-3963,C501646,cash deposit,1819.73,CAD
CA00030393,2025-04-18,BR019,TLR-2967,C501661,cash deposit,1368.75,CAD
CA00029122,2025-04-17,BR013,TLR-6808,C502845,cash withdrawal,1812.37,CAD
CA00032485,2025-04-08,BR030,TLR-4346,C503144,cash withdrawal,1232.72,CAD
CA00027620,2025-04-16,BR005,TLR-8515,C500265,cash deposit,751.85,CAD
CA00033590,2025-04-26,BR036,TLR-9413,C503306,cash deposit,503.18,CAD
CA00029659,2025-04-17,BR015,TLR-9438,C500503,cash withdrawal,340.89,CAD
CA00034089,2025-04-08,BR037,TLR-6522,C502276,cash deposit,291.15,CAD
CA00030195,2025-04-26,BR018,TLR-8410,C502543,cash deposit,1200.65,CAD
CA00032178,2025-04-05,BR029,TLR-7543,C503945,cash withdrawal,3788.99,CAD
CA00031853,2025-04-01,BR026,TLR-8184,C501591,cash deposit,356.13,CAD
CA00031627,2025-04-06,BR026,TLR-5362,C502579,cash deposit,1902.0,CAD
CA00029066,2025-04-19,BR012,TLR-2425,C502359,cash deposit,1224.28,CAD
CA00027754,2025-04-26,BR006,TLR-4684,C503346,cash deposit,970.14,CAD
CA00026924,2025-04-12,BR002,TLR-7176,C502853,cash withdrawal,-5112.68,CAD
CA00033009,2025-04-26,BR032,TLR-8454,C503854,cash deposit,1916.88,CAD
CA00031217,2025-04-21,BR024,TLR-7414,C503757,cash deposit,1290.44,CAD
CA00034261,2025-04-26,BR038,TLR-5387,C503542,cash deposit,363.94,CAD
CA00029516,2025-04-27,BR015,TLR-3884,C501446,cash deposit,1022.35,CAD
CA00032432,2025-04-09,BR030,TLR-9385,C501800,cash withdrawal,1015.21,CAD
CA00031111,2025-04-05,BR023,TLR-8161,C502030,cash withdrawal,3912.74,CAD
CA00029688,2025-04-12,BR016,TLR-1293,C501733,cash deposit,338.31,CAD
CA00028330,2025-04-27,BR008,TLR-9903,C500895,cash deposit,511.66,CAD
CA00029518,2025-04-17,BR015,TLR-8704,C503575,cash withdrawal,1896.44,CAD
CA00034844,2025-04-22,BR040,TLR-2303,C503179,cash withdrawal,613.35,CAD
CA00030518,2025-04-08,BR019,TLR-9781,C502502,cash deposit,1339.73,CAD
CA00029704,2025-04-12,BR016,TLR-6616,C503195,cash deposit,803.07,CAD
CA00027719,2025-04-21,BR006,TLR-1301,C503407,cash deposit,918.76,CAD
CA00030415,2025-04-27,BR019,TLR-5489,C502031,cash deposit,598.13,CAD
CA00030614,2025-04-28,BR020,TLR-8079,C501893,cash deposit,428.39,USD
CA00033196,2025-04-29,BR034,TLR-8046,C503995,cash deposit,435.43,CAD
CA00027191,2025-04-13,BR003,TLR-6819,C503302,cash withdrawal,462.68,CAD
CA00029937,2025-04-16,BR017,TLR-3412,C500034,cash withdrawal,922.77,CAD
CA00035277,2025-04-18,BR040,TLR-6359,C501168,cash withdrawal,1395.65,CAD
CA00027560,2025-04-06,BR004,TLR-6265,C503485,cash withdrawal,600.22,CAD
CA00029931,2025-04-07,BR017,TLR-7640,C500077,cash withdrawal,345.01,CAD
CA00034339,2025-04-11,BR038,TLR-6594,C500112,cash deposit,1089.37,CAD
CA00034836,2025-04-05,BR040,TLR-6503,C501724,cash deposit,2162.59,CAD
CA00029347,2025-04-30,BR014,TLR-7226,C500006,cash deposit,500.78,CAD
CA00026590,2025-04-27,BR001,TLR-2861,C502207,cash withdrawal,706.62,CAD
CA00031794,2025-04-02,BR026,TLR-7774,C503579,cash deposit,876.51,CAD
CA00034936,2025-04-05,BR040,TLR-1639,C501579,cash deposit,390.32,CAD
CA00032445,2025-04-19,BR030,TLR-2898,C501925,cash withdrawal,1767.26,CAD
CA00032616,2025-04-22,BR031,TLR-2112,C501894,cash deposit,2145.73,CAD
CA00033659,2025-04-15,BR036,TLR-1342,C500807,cash deposit,1028.38,CAD
CA00031392,2025-04-17,BR024,TLR-1559,C503392,cash withdrawal,1563.64,CAD
CA00027243,2025-04-06,BR003,TLR-9700,C501511,cash withdrawal,254.63,CAD
CA00032623,2025-04-15,BR031,TLR-1048,C500842,cash deposit,1793.8,CAD
CA00034952,2025-04-17,BR040,TLR-2174,C501053,cash deposit,1186.9,CAD
CA00028584,2025-04-03,BR010,TLR-2279,C501933,cash withdrawal,2021.62,CAD
CA00031900,2025-04-15,BR027,TLR-3191,C500536,cash withdrawal,470.7,CAD
CA00028795,2025-04-11,BR011,TLR-8981,C501243,cash withdrawal,1656.3,CAD
CA00029068,2025-04-13,BR012,TLR-2030,C502628,cash withdrawal,365.59,CAD
CA00027571,2025-04-20,BR004,TLR-9137,C502199,cash withdrawal,556.15,CAD
CA00033958,2025-04-13,BR037,TLR-8851,C502503,cash deposit,1253.43,CAD
CA00034771,2025-04-03,BR040,TLR-9463,C501121,cash deposit,1054.56,CAD
CA00033601,2025-04-21,BR036,TLR-1771,C501569,cash withdrawal,1287.9,CAD
CA00030501,2025-04-13,BR019,TLR-6114,C500345,cash withdrawal,1331.72,CAD
CA00033394,2025-04-02,BR035,TLR-5290,C502727,cash withdrawal,1315.95,CAD
CA00027264,2025-04-16,BR003,TLR-7403,C503763,cash deposit,1228.6,CAD
CA00034535,2025-04-15,BR039,TLR-3923,C500715,cash withdrawal,231.97,CAD
CA00033204,2025-04-24,BR034,TLR-7919,C500360,cash deposit,435.26,CAD
CA00028439,2025-04-21,BR008,TLR-6031,C503836,cash withdrawal,837.33,CAD
CA00028366,2025-04-02,BR008,TLR-8622,C501160,cash deposit,431.56,CAD
CA00034304,2025-04-05,BR038,TLR-1546,C500363,cash withdrawal,273.38,CAD
CA00031854,2025-04-06,BR026,TLR-3828,C502449,cash withdrawal,-1662.16,CAD
CA00029698,2025-04-18,BR016,TLR-5514,C502913,cash withdrawal,493.34,CAD
CA00029240,2025-04-08,BR014,TLR-1294,C503142,cash deposit,2901.32,CAD
CA00029630,2025-04-21,BR015,TLR-7041,C503025,cash withdrawal,1884.51,CAD
CA00032337,2025-04-21,BR030,TLR-6619,C502486,cash withdrawal,1352.66,CAD
CA00033570,2025-04-08,BR035,TLR-6881,C500911,cash withdrawal,574.3,CAD
CA00027359,2025-04-18,BR004,TLR-3231,C500690,cash deposit,530.91,CAD
CA00031385,2025-04-19,BR024,TLR-4481,C501093,cash withdrawal,259.69,CAD
CA00033971,2025-04-19,BR037,TLR-4438,C501337,cash withdrawal,1892.16,CAD
CA00032263,2025-04-02,BR029,TLR-3563,C500325,cash withdrawal,922.14,CAD
CA00030318,2025-04-12,BR019,TLR-6214,C502365,cash withdrawal,1032.31,CAD
CA00032461,2025-04-26,BR030,TLR-5207,C501888,cash deposit,591.64,CAD
CA00029693,2025-04-16,BR016,TLR-1304,C501344,cash deposit,397.96,CAD
CA00032962,2025-04-18,BR032,TLR-1617,C500026,cash withdrawal,1028.93,CAD
CA00029713,2025-04-11,BR016,TLR-9654,C501039,cash withdrawal,1374.0,CAD
CA00030651,2025-04-26,BR020,TLR-1545,C502396,cash deposit,398.26,USD
CA00030772,2025-04-26,BR020,TLR-6710,C501183,cash deposit,2188.41,USD
CA00035171,2025-04-02,BR040,TLR-3873,C503835,cash deposit,536.14,CAD
CA00027744,2025-04-28,BR006,TLR-6783,C502580,cash deposit,779.27,CAD
CA00033913,2025-04-15,BR037,TLR-6055,C502554,cash withdrawal,412.7,CAD
CA00029131,2025-04-29,BR013,TLR-5466,C500856,cash deposit,684.7,CAD
CA00030919,2025-04-20,BR021,TLR-7104,C503807,cash withdrawal,401.36,CAD
CA00027618,2025-04-28,BR005,TLR-8760,C503795,cash withdrawal,1592.92,CAD
CA00033716,2025-04-25,BR036,TLR-6766,C502010,cash withdrawal,150.1,CAD
CA00032535,2025-04-24,BR030,TLR-9686,C503556,cash deposit,956.33,CAD
CA00030258,2025-04-24,BR019,TLR-3443,C503866,cash deposit,416.18,CAD
CA00034482,2025-04-09,BR039,TLR-6608,C503596,cash deposit,928.83,CAD
CA00029062,2025-04-18,BR012,TLR-9657,C501176,cash deposit,2427.9,CAD
CA00031934,2025-04-14,BR027,TLR-9633,C501168,cash deposit,2224.27,CAD
CA00031948,2025-04-04,BR027,TLR-4881,C503823,cash deposit,593.96,CAD
CA00031917,2025-04-27,BR027,TLR-5295,C502906,cash withdrawal,595.24,CAD
CA00027024,2025-04-13,BR002,TLR-2003,C502790,cash deposit,2932.01,CAD
CA00034439,2025-04-04,BR039,TLR-7195,C503147,cash withdrawal,1345.1,CAD
CA00031055,2025-04-09,BR023,TLR-2676,C503140,cash withdrawal,691.21,CAD
CA00030476,2025-04-20,BR019,TLR-2549,C502831,cash withdrawal,538.16,CAD
CA00027145,2025-04-03,BR003,TLR-9493,C503493,cash withdrawal,1082.52,CAD
CA00030594,2025-04-14,BR019,TLR-1681,C500638,cash withdrawal,2092.9,CAD
CA00028923,2025-04-30,BR012,TLR-7225,C503267,cash withdrawal,624.61,CAD
CA00028314,2025-04-09,BR008,TLR-2858,C502236,cash withdrawal,502.35,CAD
CA00027728,2025-04-29,BR006,TLR-6991,C501831,cash deposit,213.34,CAD
CA00033610,2025-04-18,BR036,TLR-1874,C501813,cash deposit,257.7,CAD
CA00034662,2025-04-20,BR040,TLR-2218,C502335,cash withdrawal,1655.7,CAD
CA00031647,2025-04-09,BR026,TLR-5110,C500354,cash withdrawal,-2699.76,CAD
CA00031923,2025-04-30,BR027,TLR-6458,C503851,cash withdrawal,2113.67,CAD
CA00031124,2025-04-04,BR023,TLR-5138,C501370,cash deposit,1196.38,CAD
CA00030097,2025-04-10,BR017,TLR-5185,C503231,cash withdrawal,1776.71,CAD
CA00033306,2025-04-05,BR034,TLR-8389,C501576,cash withdrawal,720.7,CAD
CA00030787,2025-04-15,BR021,TLR-5407,C502000,cash withdrawal,1202.19,CAD
CA00031577,2025-04-21,BR025,TLR-6182,C500822,cash deposit,1565.69,CAD
CA00034440,2025-04-10,BR039,TLR-8822,C501855,cash withdrawal,1580.57,CAD
CA00029277,2025-04-17,BR014,TLR-4450,C501564,cash withdrawal,2001.89,CAD
CA00029117,2025-04-01,BR013,TLR-7126,C500274,cash deposit,924.4,CAD
CA00031442,2025-04-27,BR025,TLR-8252,C501772,cash deposit,219.39,CAD
CA00027172,2025-04-29,BR003,TLR-4947,C503804,cash deposit,1264.77,CAD
CA00034033,2025-04-08,BR037,TLR-1480,C500081,cash deposit,609.38,CAD
CA00035188,2025-04-01,BR040,TLR-9781,C502855,cash deposit,494.63,CAD
CA00034025,2025-04-09,BR037,TLR-6385,C500585,cash deposit,220.99,CAD
CA00033900,2025-04-18,BR036,TLR-7941,C503968,cash deposit,890.08,CAD
CA00029292,2025-04-30,BR014,TLR-6123,C502941,cash withdrawal,1297.44,CAD
CA00033073,2025-04-24,BR033,TLR-9215,C501307,cash deposit,1165.45,CAD
CA00030817,2025-04-03,BR021,TLR-8948,C502835,cash withdrawal,543.45,CAD
CA00035149,2025-04-25,BR040,TLR-9096,C502538,cash deposit,2138.24,CAD
CA00035222,2025-04-29,BR040,TLR-2332,C503341,cash withdrawal,803.97,CAD
CA00027154,2025-04-23,BR003,TLR-3211,C500679,cash withdrawal,856.88,CAD
CA00027329,2025-04-02,BR003,TLR-9685,C503148,cash withdrawal,1364.53,CAD
CA00032649,2025-04-26,BR031,TLR-5729,C502465,cash deposit,426.13,CAD
CA00035177,2025-04-07,BR040,TLR-7023,C503578,cash deposit,700.22,CAD
CA00035085,2025-04-28,BR040,TLR-8334,C503468,cash withdrawal,692.98,CAD
CA00032539,2025-04-10,BR030,TLR-2104,C501639,cash deposit,1202.08,CAD
CA00029776,2025-04-11,BR016,TLR-6584,C503266,cash withdrawal,475.77,CAD
CA00030584,2025-04-04,BR019,TLR-7956,C501711,cash deposit,2564.09,CAD
CA00031597,2025-04-08,BR025,TLR-1417,C503096,cash withdrawal,-2314.81,CAD
CA00034054,2025-04-16,BR037,TLR-6140,C502791,cash withdrawal,2780.85,CAD
CA00033092,2025-04-12,BR033,TLR-1631,C503287,cash deposit,427.08,CAD
CA00032782,2025-04-23,BR031,TLR-1081,C500601,cash deposit,1691.5,CAD
CA00034728,2025-04-25,BR040,TLR-1026,C501220,cash deposit,722.71,CAD
CA00028402,2025-04-06,BR008,TLR-2838,C500508,cash deposit,1538.22,CAD
CA00028087,2025-04-16,BR007,TLR-5364,C502852,cash deposit,550.65,CAD
CA00029502,2025-04-19,BR015,TLR-5718,C502264,cash withdrawal,2274.01,CAD
CA00034084,2025-04-24,BR037,TLR-9590,C500061,cash withdrawal,1616.16,CAD
CA00030635,2025-04-28,BR020,TLR-3454,C502883,cash deposit,221.99,USD
CA00033141,2025-04-13,BR033,TLR-9389,C502646,cash deposit,907.48,CAD
CA00031616,2025-04-03,BR026,TLR-9353,C503330,cash deposit,2484.35,CAD
CA00028583,2025-04-26,BR010,TLR-8974,C502090,cash withdrawal,1320.77,CAD
CA00030988,2025-04-30,BR022,TLR-9128,C503326,cash deposit,1783.07,CAD
CA00027980,2025-04-29,BR007,TLR-5027,C500210,cash deposit,1955.8,CAD
CA00029018,2025-04-25,BR012,TLR-7564,C500026,cash withdrawal,542.15,CAD
CA00032531,2025-04-02,BR030,TLR-9036,C501555,cash withdrawal,2159.26,CAD
CA00026770,2025-04-08,BR001,TLR-1560,C501907,cash withdrawal,1243.33,CAD
CA00031319,2025-04-24,BR024,TLR-2392,C503461,cash deposit,503.47,CAD
CA00033722,2025-04-08,BR036,TLR-3210,C501768,cash withdrawal,1421.97,CAD
CA00031849,2025-04-21,BR026,TLR-6493,C502895,cash deposit,1129.84,CAD
CA00027880,2025-04-02,BR006,TLR-5895,C501600,cash withdrawal,374.64,CAD
CA00028423,2025-04-27,BR008,TLR-8655,C500169,cash deposit,360.5,CAD
CA00032998,2025-04-02,BR032,TLR-5952,C503522,cash deposit,1276.98,CAD
CA00028005,2025-04-27,BR007,TLR-9004,C501154,cash deposit,826.92,CAD
CA00032363,2025-04-03,BR030,TLR-7211,C500004,cash deposit,3393.44,CAD
CA00034360,2025-04-14,BR039,TLR-8887,C501806,cash deposit,417.5,CAD
CA00029903,2025-04-08,BR017,TLR-4831,C503917,cash deposit,1760.38,CAD
CA00035181,2025-04-23,BR040,TLR-9948,C503085,cash deposit,624.45,CAD
CA00029932,2025-04-14,BR017,TLR-1172,C500943,cash withdrawal,511.08,CAD
CA00031628,2025-04-07,BR026,TLR-2913,C502417,cash withdrawal,-682.74,CAD
CA00033786,2025-04-18,BR036,TLR-2324,C501985,cash deposit,181.54,CAD
CA00035051,2025-04-07,BR040,TLR-1076,C502985,cash deposit,806.53,CAD
CA00031221,2025-04-09,BR024,TLR-4757,C503171,cash deposit,601.81,CAD
CA00027561,2025-04-26,BR004,TLR-1427,C503434,cash withdrawal,838.53,CAD
CA00026604,2025-04-14,BR001,TLR-7953,C502903,cash withdrawal,647.85,CAD
CA00033634,2025-04-24,BR036,TLR-5169,C502040,cash deposit,432.85,CAD
CA00031556,2025-04-29,BR025,TLR-4813,C502369,cash withdrawal,-350.8,CAD
CA00034168,2025-04-25,BR037,TLR-3535,C500296,cash deposit,725.65,CAD
CA00027072,2025-04-23,BR002,TLR-2965,C502543,cash deposit,1278.38,CAD
CA00035078,2025-04-08,BR040,TLR-5142,C503447,cash deposit,1176.19,CAD
CA00035193,2025-04-25,BR040,TLR-7005,C503981,cash deposit,1031.21,CAD
CA00026908,2025-04-17,BR002,TLR-5458,C500240,cash withdrawal,-341.68,CAD
CA00031403,2025-04-25,BR024,TLR-6673,C502896,cash withdrawal,529.7,CAD
CA00027383,2025-04-26,BR004,TLR-8136,C501958,cash withdrawal,848.36,CAD
CA00029685,2025-04-05,BR016,TLR-4468,C500019,cash deposit,1366.25,CAD
CA00027808,2025-04-23,BR006,TLR-1534,C502318,cash withdrawal,2017.45,CAD
CA00027653,2025-04-26,BR005,TLR-2650,C502995,cash deposit,824.75,CAD
CA00027585,2025-04-19,BR004,TLR-8354,C500730,cash deposit,1381.75,CAD
CA00033483,2025-04-22,BR035,TLR-5814,C500717,cash deposit,897.36,CAD
CA00035294,2025-04-29,BR040,TLR-2948,C501551,cash deposit,1362.07,CAD
CA00029235,2025-04-22,BR014,TLR-5994,C501140,cash withdrawal,925.02,CAD
CA00029785,2025-04-16,BR016,TLR-4366,C503905,cash withdrawal,1860.89,CAD
CA00031020,2025-04-17,BR023,TLR-1173,C503639,cash withdrawal,541.75,CAD
CA00027910,2025-04-05,BR006,TLR-9177,C501049,cash deposit,783.76,CAD
CA00029163,2025-04-16,BR013,TLR-4444,C501827,cash deposit,1341.56,CAD
CA00033698,2025-04-10,BR036,TLR-6697,C500086,cash deposit,1608.21,CAD
CA00029867,2025-04-21,BR016,TLR-2981,C503340,cash withdrawal,722.65,CAD
CA00029781,2025-04-28,BR016,TLR-4927,C502269,cash deposit,624.28,CAD
CA00026995,2025-04-23,BR002,TLR-3815,C500058,cash deposit,2371.5,CAD
CA00031198,2025-04-26,BR024,TLR-6121,C500117,cash withdrawal,504.88,CAD
CA00029806,2025-04-24,BR016,TLR-9006,C501453,cash deposit,718.57,CAD
CA00026699,2025-04-25,BR001,TLR-9838,C502430,cash withdrawal,980.7,CAD
CA00029319,2025-04-16,BR014,TLR-4539,C503713,cash deposit,385.96,CAD
CA00026807,2025-04-15,BR001,TLR-2828,C502274,cash deposit,426.24,CAD
CA00033506,2025-04-18,BR035,TLR-2645,C503928,cash deposit,2330.5,CAD
CA00034195,2025-04-05,BR038,TLR-8896,C500811,cash withdrawal,521.81,CAD
CA00028798,2025-04-11,BR011,TLR-8126,C500270,cash withdrawal,609.43,CAD
CA00032588,2025-04-18,BR030,TLR-1014,C502646,cash withdrawal,2202.58,CAD
CA00034354,2025-04-23,BR038,TLR-8853,C503792,cash withdrawal,918.69,CAD
CA00031212,2025-04-02,BR024,TLR-9575,C501617,cash deposit,679.82,CAD
CA00031913,2025-04-05,BR027,TLR-8154,C503718,cash withdrawal,552.17,CAD
CA00031878,2025-04-21,BR027,TLR-8108,C502986,cash withdrawal,6614.88,CAD
CA00033468,2025-04-21,BR035,TLR-8019,C502546,cash deposit,506.98,CAD
CA00029390,2025-04-28,BR014,TLR-7323,C503597,cash withdrawal,442.31,CAD
CA00034101,2025-04-25,BR037,TLR-2528,C501349,cash deposit,2178.58,CAD
CA00033771,2025-04-05,BR036,TLR-7141,C503136,cash deposit,1018.63,CAD
CA00033824,2025-04-02,BR036,TLR-8458,C500937,cash deposit,3501.42,CAD
CA00033229,2025-04-27,BR034,TLR-8888,C500113,cash deposit,1284.94,CAD
CA00034957,2025-04-13,BR040,TLR-1553,C503054,cash deposit,1592.7,CAD
CA00026597,2025-04-22,BR001,TLR-6318,C501652,cash deposit,550.7,CAD
CA00027908,2025-04-08,BR006,TLR-5379,C502726,cash deposit,1068.64,CAD
CA00034527,2025-04-03,BR039,TLR-3851,C503881,cash withdrawal,372.95,CAD
CA00028551,2025-04-13,BR009,TLR-9433,C503613,cash withdrawal,463.34,CAD
CA00029366,2025-04-26,BR014,TLR-5980,C501702,cash withdrawal,582.53,CAD
CA00031291,2025-04-14,BR024,TLR-1915,C503985,cash withdrawal,8220.32,CAD
CA00034965,2025-04-29,BR040,TLR-7174,C501622,cash deposit,572.56,CAD
CA00029777,2025-04-19,BR016,TLR-5391,C501249,cash deposit,573.05,CAD
CA00030428,2025-04-18,BR019,TLR-4113,C500708,cash withdrawal,444.26,CAD
CA00031462,2025-04-10,BR025,TLR-3440,C500679,cash withdrawal,-1582.58,CAD
CA00034117,2025-04-28,BR037,TLR-2174,C501177,cash deposit,1502.6,CAD
CA00026705,2025-04-15,BR001,TLR-7986,C500465,cash deposit,678.6,CAD
CA00032785,2025-04-07,BR031,TLR-3669,C503410,cash deposit,750.83,CAD
CA00034310,2025-04-29,BR038,TLR-8388,C500399,cash deposit,591.71,CAD
CA00030705,2025-04-17,BR020,TLR-2606,C500366,cash deposit,1796.45,USD
CA00029514,2025-04-25,BR015,TLR-3051,C501205,cash deposit,1025.08,CAD
CA00034776,2025-04-26,BR040,TLR-5462,C502024,cash withdrawal,334.2,CAD
CA00034188,2025-04-18,BR038,TLR-2230,C501037,cash deposit,931.82,CAD
CA00026823,2025-04-14,BR001,TLR-2054,C501106,cash withdrawal,976.11,CAD
CA00032797,2025-04-27,BR031,TLR-9308,C500209,cash deposit,2926.65,CAD
CA00029971,2025-04-23,BR017,TLR-5209,C502927,cash withdrawal,298.67,CAD
CA00034386,2025-04-07,BR039,TLR-3187,C500597,cash deposit,1419.07,CAD
CA00034383,2025-04-12,BR039,TLR-7088,C500888,cash withdrawal,1390.26,CAD
CA00034108,2025-04-14,BR037,TLR-9800,C503741,cash deposit,1533.18,CAD
CA00028279,2025-04-12,BR008,TLR-2320,C501322,cash deposit,2591.23,CAD
CA00032056,2025-04-10,BR028,TLR-9658,C500719,cash withdrawal,1097.48,CAD
CA00033526,2025-04-06,BR035,TLR-4136,C503640,cash deposit,331.87,CAD
CA00028156,2025-04-22,BR007,TLR-7874,C501049,cash withdrawal,354.84,CAD
CA00031560,2025-04-24,BR025,TLR-4093,C501466,cash deposit,1262.69,CAD
CA00028347,2025-04-09,BR008,TLR-8794,C501946,cash withdrawal,891.57,CAD
CA00028582,2025-04-15,BR010,TLR-1410,C502787,cash deposit,784.88,CAD
CA00035164,2025-04-28,BR040,TLR-6362,C502790,cash deposit,1072.49,CAD
CA00034404,2025-04-03,BR039,TLR-7939,C502954,cash deposit,448.36,CAD
CA00034370,2025-04-26,BR039,TLR-6040,C502307,cash deposit,1136.91,CAD
CA00028309,2025-04-16,BR008,TLR-6678,C500365,cash deposit,806.08,CAD
CA00031023,2025-04-02,BR023,TLR-4802,C502973,cash withdrawal,2214.26,CAD
CA00029961,2025-04-20,BR017,TLR-9629,C501395,cash withdrawal,1986.84,CAD
CA00035297,2025-04-16,BR040,TLR-4721,C501898,cash deposit,791.79,CAD
CA00030451,2025-04-29,BR019,TLR-1014,C500931,cash withdrawal,375.71,CAD
CA00035074,2025-04-24,BR040,TLR-3368,C500360,cash withdrawal,1557.62,CAD
CA00027281,2025-04-08,BR003,TLR-2580,C502147,cash deposit,788.22,CAD
CA00032464,2025-04-04,BR030,TLR-6151,C501098,cash deposit,1365.93,CAD
CA00028311,2025-04-04,BR008,TLR-7487,C500605,cash withdrawal,641.28,CAD
CA00033886,2025-04-21,BR036,TLR-1146,C501839,cash withdrawal,252.25,CAD
CA00032723,2025-04-10,BR031,TLR-1734,C503781,cash deposit,2084.97,CAD
CA00029054,2025-04-07,BR012,TLR-3648,C502617,cash deposit,1187.55,CAD
CA00030625,2025-04-27,BR020,TLR-9412,C501435,cash deposit,726.81,USD
CA00034092,2025-04-19,BR037,TLR-4582,C500679,cash deposit,1017.45,CAD
CA00030324,2025-04-20,BR019,TLR-2540,C502703,cash withdrawal,663.98,CAD
CA00034988,2025-04-10,BR040,TLR-8603,C500858,cash withdrawal,2168.55,CAD
CA00030547,2025-04-12,BR019,TLR-2456,C500350,cash withdrawal,759.19,CAD
CA00030583,2025-04-03,BR019,TLR-2410,C500751,cash deposit,551.41,CAD
CA00033126,2025-04-09,BR033,TLR-5306,C500748,cash deposit,415.9,CAD
CA00027165,2025-04-06,BR003,TLR-9225,C503148,cash withdrawal,934.99,CAD
CA00034324,2025-04-17,BR038,TLR-5819,C501521,cash deposit,1278.07,CAD
CA00034356,2025-04-26,BR038,TLR-5185,C503841,cash withdrawal,2151.98,CAD
CA00034198,2025-04-10,BR038,TLR-5895,C500681,cash deposit,600.67,CAD
CA00029070,2025-04-19,BR012,TLR-6136,C503378,cash deposit,745.74,CAD
CA00027718,2025-04-16,BR006,TLR-4642,C500931,cash withdrawal,1017.08,CAD
CA00033323,2025-04-30,BR034,TLR-7628,C501183,cash deposit,549.46,CAD
CA00027817,2025-04-16,BR006,TLR-5525,C502027,cash deposit,429.84,CAD
CA00028325,2025-04-15,BR008,TLR-4171,C502041,cash withdrawal,1196.31,CAD
CA00027789,2025-04-27,BR006,TLR-7522,C501409,cash withdrawal,216.87,CAD
CA00032585,2025-04-14,BR030,TLR-3571,C502187,cash withdrawal,1359.35,CAD
CA00032837,2025-04-15,BR031,TLR-8277,C501226,cash deposit,259.89,CAD
CA00034967,2025-04-12,BR040,TLR-5538,C500868,cash deposit,2209.42,CAD
CA00031437,2025-04-09,BR025,TLR-2564,C501853,cash deposit,2279.07,CAD
CA00033681,2025-04-20,BR036,TLR-4248,C503215,cash withdrawal,792.57,CAD
CA00034994,2025-04-11,BR040,TLR-4972,C503275,cash deposit,1023.84,CAD
CA00030061,2025-04-29,BR017,TLR-3566,C500424,cash withdrawal,383.21,CAD
CA00028896,2025-04-06,BR012,TLR-2709,C501225,cash deposit,1111.55,CAD
CA00033245,2025-04-13,BR034,TLR-8815,C502439,cash withdrawal,853.33,CAD
CA00033364,2025-04-02,BR035,TLR-1486,C500838,cash deposit,448.0,CAD
CA00032534,2025-04-28,BR030,TLR-9072,C501234,cash deposit,562.68,CAD
CA00030321,2025-04-09,BR019,TLR-1844,C502142,cash withdrawal,236.77,CAD
CA00026897,2025-04-22,BR002,TLR-4907,C502100,cash withdrawal,-484.59,CAD
CA00034580,2025-04-29,BR039,TLR-2266,C500940,cash deposit,211.79,CAD
CA00028560,2025-04-05,BR009,TLR-7363,C502719,cash deposit,729.17,CAD
CA00035262,2025-04-27,BR040,TLR-3512,C501802,cash deposit,1078.98,CAD
CA00031821,2025-04-23,BR026,TLR-4709,C501211,cash deposit,561.26,CAD
CA00033739,2025-04-13,BR036,TLR-6671,C502347,cash deposit,1894.04,CAD
CA00033386,2025-04-02,BR035,TLR-9876,C500851,cash deposit,994.91,CAD
CA00034538,2025-04-03,BR039,TLR-1595,C501399,cash deposit,721.15,CAD
CA00030948,2025-04-17,BR021,TLR-7066,C500240,cash withdrawal,967.66,CAD
CA00028922,2025-04-30,BR012,TLR-3986,C502206,cash deposit,728.99,CAD
CA00029241,2025-04-10,BR014,TLR-5026,C501302,cash withdrawal,711.61,CAD
CA00033998,2025-04-28,BR037,TLR-6547,C500569,cash deposit,897.4,CAD
CA00034463,2025-04-10,BR039,TLR-6106,C503038,cash withdrawal,762.17,CAD
CA00034175,2025-04-30,BR038,TLR-1382,C501113,cash withdrawal,555.25,CAD
CA00034002,2025-04-16,BR037,TLR-8001,C500583,cash withdrawal,1476.31,CAD
CA00027731,2025-04-26,BR006,TLR-7111,C501022,cash deposit,1619.24,CAD
CA00034608,2025-04-13,BR040,TLR-2501,C503797,cash deposit,686.5,CAD
CA00032451,2025-04-06,BR030,TLR-1035,C502663,cash withdrawal,686.29,CAD
CA00033976,2025-04-26,BR037,TLR-6587,C500617,cash withdrawal,448.85,CAD
CA00029897,2025-04-07,BR017,TLR-1863,C503327,cash deposit,200.61,CAD
CA00027892,2025-04-30,BR006,TLR-6676,C500778,cash deposit,457.69,CAD
CA00032653,2025-04-23,BR031,TLR-5921,C501894,cash deposit,1104.5,CAD
CA00028145,2025-04-03,BR007,TLR-1097,C501348,cash deposit,515.05,CAD
CA00028487,2025-04-17,BR009,TLR-5415,C500552,cash withdrawal,806.54,CAD
CA00032753,2025-04-27,BR031,TLR-3700,C501847,cash withdrawal,841.1,CAD
CA00031914,2025-04-28,BR027,TLR-3733,C500818,cash deposit,1717.11,CAD
CA00030586,2025-04-17,BR019,TLR-7858,C501130,cash withdrawal,971.7,CAD
CA00027265,2025-04-13,BR003,TLR-9930,C502728,cash withdrawal,1665.61,CAD
CA00028717,2025-04-07,BR010,TLR-5400,C501271,cash withdrawal,238.22,CAD
CA00031920,2025-04-23,BR027,TLR-5214,C500951,cash withdrawal,545.59,CAD
CA00031771,2025-04-18,BR026,TLR-4698,C503806,cash withdrawal,-1089.44,CAD
CA00034067,2025-04-16,BR037,TLR-2550,C501177,cash deposit,1590.9,CAD
CA00027403,2025-04-11,BR004,TLR-2714,C502232,cash withdrawal,3713.52,CAD
CA00027260,2025-04-08,BR003,TLR-7141,C500396,cash withdrawal,1264.3,CAD
CA00030082,2025-04-06,BR017,TLR-9153,C502304,cash withdrawal,2576.55,CAD
CA00031135,2025-04-21,BR024,TLR-9218,C503202,cash withdrawal,558.4,CAD
CA00028192,2025-04-25,BR007,TLR-1907,C503301,cash deposit,2327.45,CAD
CA00030702,2025-04-10,BR020,TLR-7898,C501459,cash deposit,1634.06,USD
CA00028590,2025-04-20,BR010,TLR-8633,C502932,cash deposit,1212.94,CAD
CA00031415,2025-04-09,BR025,TLR-5887,C501187,cash deposit,1554.54,CAD
CA00031441,2025-04-10,BR025,TLR-1168,C501113,cash withdrawal,-1736.18,CAD
CA00030459,2025-04-02,BR019,TLR-5275,C502602,cash withdrawal,1236.5,CAD
CA00027117,2025-04-21,BR003,TLR-5401,C501962,cash deposit,1003.99,CAD
CA00026976,2025-04-28,BR002,TLR-5709,C502162,cash deposit,2354.87,CAD
CA00034042,2025-04-15,BR037,TLR-9932,C501793,cash withdrawal,1455.61,CAD
CA00032475,2025-04-07,BR030,TLR-4756,C500210,cash deposit,810.48,CAD
CA00027614,2025-04-24,BR004,TLR-9235,C501330,cash withdrawal,2513.74,CAD
CA00033405,2025-04-22,BR035,TLR-2965,C503077,cash withdrawal,386.5,CAD
CA00027361,2025-04-04,BR004,TLR-2498,C500924,cash deposit,489.74,CAD
CA00029361,2025-04-13,BR014,TLR-9381,C501919,cash withdrawal,862.77,CAD
CA00031770,2025-04-04,BR026,TLR-5559,C502789,cash withdrawal,-262.15,CAD
CA00034625,2025-04-21,BR040,TLR-5593,C501661,cash withdrawal,1002.94,CAD
CA00031414,2025-04-14,BR025,TLR-8562,C502121,cash deposit,2002.79,CAD
CA00035243,2025-04-22,BR040,TLR-2926,C501347,cash deposit,720.56,CAD
CA00031283,2025-04-14,BR024,TLR-8332,C500755,cash deposit,1073.32,CAD
CA00031570,2025-04-29,BR025,TLR-2607,C500734,cash deposit,3620.75,CAD
CA00030346,2025-04-17,BR019,TLR-5116,C500910,cash withdrawal,424.89,CAD
CA00028894,2025-04-25,BR012,TLR-7616,C503315,cash deposit,422.06,CAD
CA00027530,2025-04-04,BR004,TLR-7657,C502403,cash withdrawal,1169.04,CAD
CA00029009,2025-04-29,BR012,TLR-2341,C501411,cash deposit,779.96,CAD
CA00030850,2025-04-30,BR021,TLR-2937,C502652,cash withdrawal,1749.34,CAD
CA00029505,2025-04-26,BR015,TLR-2237,C500113,cash withdrawal,877.56,CAD
CA00030331,2025-04-20,BR019,TLR-6428,C503409,cash withdrawal,709.13,CAD
CA00028151,2025-04-09,BR007,TLR-9975,C501208,cash withdrawal,535.38,CAD
CA00031615,2025-04-02,BR026,TLR-4918,C502888,cash withdrawal,-1054.83,CAD
CA00026594,2025-04-14,BR001,TLR-4480,C501989,cash withdrawal,495.37,CAD
CA00032119,2025-04-22,BR028,TLR-9953,C503279,cash withdrawal,895.45,CAD
CA00032224,2025-04-24,BR029,TLR-6299,C503777,cash deposit,634.68,CAD
CA00032220,2025-04-09,BR029,TLR-1031,C502174,cash withdrawal,1153.51,CAD
CA00032513,2025-04-06,BR030,TLR-9970,C501613,cash deposit,487.95,CAD
CA00027032,2025-04-27,BR002,TLR-1487,C500870,cash deposit,850.78,CAD
CA00031147,2025-04-29,BR024,TLR-3580,C503795,cash withdrawal,699.43,CAD
CA00030439,2025-04-29,BR019,TLR-1529,C501418,cash deposit,587.26,CAD
CA00028088,2025-04-02,BR007,TLR-5979,C502406,cash deposit,803.58,CAD
CA00032802,2025-04-16,BR031,TLR-3311,C500167,cash withdrawal,478.42,CAD
CA00027202,2025-04-09,BR003,TLR-9506,C500025,cash withdrawal,789.91,CAD
CA00028744,2025-04-11,BR010,TLR-9186,C503113,cash withdrawal,546.69,CAD
CA00032876,2025-04-26,BR032,TLR-4585,C500229,cash deposit,560.16,CAD
CA00030750,2025-04-21,BR020,TLR-7608,C501105,cash deposit,637.12,USD
CA00030046,2025-04-06,BR017,TLR-3738,C500364,cash deposit,1602.06,CAD
CA00034190,2025-04-05,BR038,TLR-7625,C501424,cash deposit,679.79,CAD
CA00030307,2025-04-02,BR019,TLR-2417,C500554,cash deposit,594.41,CAD
CA00033463,2025-04-08,BR035,TLR-7561,C501007,cash deposit,1313.51,CAD
CA00034681,2025-04-16,BR040,TLR-3225,C503371,cash withdrawal,753.56,CAD
CA00029958,2025-04-27,BR017,TLR-7882,C502513,cash withdrawal,1127.53,CAD
CA00030719,2025-04-19,BR020,TLR-7478,C500516,cash deposit,306.67,USD
CA00034969,2025-04-22,BR040,TLR-7721,C502051,cash withdrawal,766.83,CAD
CA00034909,2025-04-26,BR040,TLR-7193,C501956,cash withdrawal,546.35,CAD
CA00032764,2025-04-09,BR031,TLR-6507,C501906,cash withdrawal,974.82,CAD
CA00035269,2025-04-17,BR040,TLR-4363,C500836,cash withdrawal,626.91,CAD
CA00033745,2025-04-27,BR036,TLR-9821,C503337,cash withdrawal,2064.26,CAD
CA00030552,2025-04-27,BR019,TLR-4469,C503765,cash deposit,497.05,CAD
CA00033407,2025-04-19,BR035,TLR-5094,C502365,cash withdrawal,2171.29,CAD
CA00034211,2025-04-12,BR038,TLR-1408,C503348,cash withdrawal,1043.79,CAD
CA00034096,2025-04-12,BR037,TLR-5866,C503348,cash withdrawal,2317.59,CAD
CA00026663,2025-04-05,BR001,TLR-6941,C501217,cash withdrawal,187.29,CAD
CA00028689,2025-04-26,BR010,TLR-3939,C500427,cash deposit,952.03,CAD
CA00034976,2025-04-24,BR040,TLR-4746,C500618,cash withdrawal,930.29,CAD
CA00029742,2025-04-08,BR016,TLR-2977,C500079,cash deposit,1569.91,CAD
CA00029074,2025-04-01,BR012,TLR-2285,C500992,cash withdrawal,1335.7,CAD
CA00034740,2025-04-19,BR040,TLR-9055,C501183,cash withdrawal,783.36,CAD
CA00031281,2025-04-23,BR024,TLR-6919,C500420,cash deposit,1165.59,CAD
CA00028562,2025-04-01,BR009,TLR-9931,C502401,cash deposit,857.44,CAD
CA00028616,2025-04-07,BR010,TLR-2211,C502723,cash withdrawal,1100.85,CAD
CA00035015,2025-04-21,BR040,TLR-3439,C502473,cash deposit,4250.29,CAD
CA00027541,2025-04-07,BR004,TLR-7036,C500283,cash deposit,1539.18,CAD
CA00028181,2025-04-16,BR007,TLR-4357,C503988,cash withdrawal,933.81,CAD
CA00034750,2025-04-11,BR040,TLR-5522,C500464,cash deposit,1738.62,CAD
CA00033189,2025-04-20,BR034,TLR-2262,C501457,cash deposit,2359.84,CAD
CA00031695,2025-04-07,BR026,TLR-2140,C503174,cash withdrawal,-802.17,CAD
CA00027604,2025-04-21,BR004,TLR-3431,C500269,cash withdrawal,1368.03,CAD
CA00030029,2025-04-08,BR017,TLR-2847,C500479,cash deposit,1167.44,CAD
CA00028460,2025-04-08,BR009,TLR-6652,C500785,cash withdrawal,659.69,CAD
CA00027643,2025-04-18,BR005,TLR-4725,C502180,cash deposit,2061.82,CAD
CA00030037,2025-04-24,BR017,TLR-8148,C503394,cash withdrawal,369.74,CAD
CA00032147,2025-04-29,BR028,TLR-6631,C500708,cash withdrawal,1721.1,CAD
CA00027747,2025-04-08,BR006,TLR-5756,C503293,cash deposit,2219.58,CAD
CA00034694,2025-04-01,BR040,TLR-1134,C503203,cash deposit,824.88,CAD
CA00026989,2025-04-25,BR002,TLR-3891,C501062,cash withdrawal,-1672.63,CAD
CA00026680,2025-04-29,BR001,TLR-3807,C503006,cash deposit,525.86,CAD
CA00034159,2025-04-20,BR037,TLR-2140,C502117,cash deposit,893.15,CAD
CA00029860,2025-04-14,BR016,TLR-9128,C501640,cash deposit,527.12,CAD
CA00031883,2025-04-24,BR027,TLR-6271,C503434,cash withdrawal,429.11,CAD
CA00033270,2025-04-20,BR034,TLR-3883,C500420,cash deposit,3937.13,CAD
CA00030073,2025-04-27,BR017,TLR-7882,C502817,cash withdrawal,619.77,CAD
CA00033172,2025-04-14,BR033,TLR-5233,C502824,cash withdrawal,562.19,CAD
CA00028303,2025-04-09,BR008,TLR-8196,C501158,cash deposit,1521.05,CAD
CA00032061,2025-04-18,BR028,TLR-7664,C500788,cash deposit,1441.93,CAD
CA00033782,2025-04-19,BR036,TLR-3399,C501228,cash deposit,733.82,CAD
CA00030756,2025-04-26,BR020,TLR-7198,C502407,cash deposit,445.92,USD
CA00031859,2025-04-17,BR026,TLR-8649,C502698,cash deposit,897.67,CAD
CA00029128,2025-04-19,BR013,TLR-4194,C503596,cash deposit,281.29,CAD
CA00028861,2025-04-16,BR012,TLR-1683,C501311,cash withdrawal,507.47,CAD
CA00026757,2025-04-21,BR001,TLR-2554,C501676,cash withdrawal,1278.44,CAD
CA00033363,2025-04-02,BR035,TLR-6998,C500341,cash deposit,588.71,CAD
CA00031241,2025-04-03,BR024,TLR-9621,C503612,cash deposit,1097.0,CAD
CA00034939,2025-04-19,BR040,TLR-4014,C503956,cash withdrawal,1100.32,CAD
CA00034637,2025-04-25,BR040,TLR-5643,C503237,cash deposit,855.64,CAD
CA00034938,2025-04-13,BR040,TLR-7621,C503934,cash withdrawal,614.23,CAD
CA00028199,2025-04-18,BR007,TLR-2436,C502669,cash withdrawal,1463.42,CAD
CA00028368,2025-04-10,BR008,TLR-8535,C503520,cash deposit,794.31,CAD
CA00030133,2025-04-20,BR018,TLR-2748,C501518,cash withdrawal,344.86,CAD
CA00027441,2025-04-25,BR004,TLR-9066,C502764,cash deposit,3718.04,CAD
CA00034038,2025-04-05,BR037,TLR-7814,C500017,cash withdrawal,947.92,CAD
CA00028257,2025-04-20,BR008,TLR-6077,C501451,cash withdrawal,489.13,CAD
CA00034122,2025-04-27,BR037,TLR-2594,C501371,cash withdrawal,1892.96,CAD
CA00028201,2025-04-30,BR007,TLR-7174,C500592,cash withdrawal,1841.55,CAD
CA00028993,2025-04-16,BR012,TLR-6625,C501343,cash deposit,1036.05,CAD
CA00030075,2025-04-08,BR017,TLR-7163,C500995,cash deposit,478.81,CAD
CA00028835,2025-04-03,BR011,TLR-5511,C503503,cash withdrawal,737.73,CAD
CA00033635,2025-04-04,BR036,TLR-6489,C503437,cash deposit,320.14,CAD
CA00032776,2025-04-06,BR031,TLR-6114,C502937,cash withdrawal,795.43,CAD
CA00027315,2025-04-25,BR003,TLR-2228,C500430,cash withdrawal,2000.85,CAD
CA00034713,2025-04-17,BR040,TLR-6982,C503795,cash deposit,781.05,CAD
CA00033675,2025-04-14,BR036,TLR-5028,C503692,cash deposit,615.27,CAD
CA00034153,2025-04-01,BR037,TLR-2339,C500858,cash withdrawal,579.14,CAD
CA00031653,2025-04-26,BR026,TLR-2074,C501326,cash withdrawal,-2376.14,CAD
CA00028940,2025-04-09,BR012,TLR-2495,C500180,cash deposit,2215.49,CAD
CA00031596,2025-04-24,BR025,TLR-7839,C500336,cash withdrawal,-889.74,CAD
CA00028417,2025-04-01,BR008,TLR-8745,C502007,cash withdrawal,1251.56,CAD
CA00030771,2025-04-21,BR020,TLR-3398,C500913,cash deposit,1762.52,USD
CA00026652,2025-04-28,BR001,TLR-6335,C500149,cash deposit,948.56,CAD
CA00029004,2025-04-30,BR012,TLR-9502,C500072,cash withdrawal,4032.18,CAD
CA00035206,2025-04-03,BR040,TLR-9784,C501500,cash deposit,252.78,CAD
CA00030797,2025-04-23,BR021,TLR-5629,C500467,cash withdrawal,301.33,CAD
CA00027040,2025-04-07,BR002,TLR-4726,C501804,cash deposit,964.42,CAD
CA00027819,2025-04-13,BR006,TLR-5570,C502750,cash deposit,597.76,CAD
CA00031378,2025-04-03,BR024,TLR-7991,C502137,cash withdrawal,459.09,CAD
CA00034756,2025-04-03,BR040,TLR-8589,C503536,cash deposit,1346.28,CAD
CA00032523,2025-04-18,BR030,TLR-2987,C503372,cash withdrawal,654.11,CAD
CA00030573,2025-04-29,BR019,TLR-1720,C500662,cash withdrawal,1612.62,CAD
CA00031499,2025-04-13,BR025,TLR-4862,C502800,cash deposit,758.72,CAD
CA00031270,2025-04-27,BR024,TLR-1864,C500961,cash withdrawal,685.18,CAD
CA00033809,2025-04-11,BR036,TLR-4728,C501507,cash withdrawal,1143.73,CAD
CA00032203,2025-04-20,BR029,TLR-3074,C502195,cash deposit,336.34,CAD
CA00033572,2025-04-06,BR035,TLR-9433,C503176,cash withdrawal,557.22,CAD
CA00034433,2025-04-29,BR039,TLR-7266,C501412,cash withdrawal,2678.27,CAD
CA00026677,2025-04-26,BR001,TLR-5319,C503099,cash withdrawal,3475.74,CAD
CA00034583,2025-04-27,BR039,TLR-4686,C503018,cash withdrawal,3362.62,CAD
CA00028406,2025-04-04,BR008,TLR-1600,C501127,cash deposit,540.52,CAD
CA00028667,2025-04-07,BR010,TLR-2421,C501044,cash withdrawal,1183.18,CAD
CA00034085,2025-04-24,BR037,TLR-8921,C500555,cash deposit,327.54,CAD
CA00027358,2025-04-30,BR004,TLR-1582,C501907,cash deposit,1026.8,CAD
CA00027141,2025-04-21,BR003,TLR-8251,C501687,cash withdrawal,1898.49,CAD
CA00034388,2025-04-29,BR039,TLR-4976,C502481,cash deposit,3073.57,CAD
CA00030544,2025-04-29,BR019,TLR-9114,C500058,cash withdrawal,286.67,CAD
CA00028888,2025-04-23,BR012,TLR-4873,C503472,cash deposit,995.33,CAD
CA00030213,2025-04-29,BR018,TLR-3706,C503095,cash withdrawal,1739.12,CAD
CA00033472,2025-04-09,BR035,TLR-1769,C503068,cash withdrawal,2799.69,CAD
CA00030064,2025-04-09,BR017,TLR-2620,C502967,cash deposit,1201.37,CAD
CA00031990,2025-04-06,BR027,TLR-2928,C500783,cash deposit,891.4,CAD
CA00026921,2025-04-05,BR002,TLR-3952,C502217,cash withdrawal,-505.63,CAD
CA00030527,2025-04-12,BR019,TLR-3525,C500771,cash withdrawal,258.28,CAD
CA00029468,2025-04-08,BR015,TLR-2191,C500121,cash deposit,722.97,CAD
CA00026748,2025-04-01,BR001,TLR-4118,C502869,cash deposit,1619.35,CAD
CA00027513,2025-04-10,BR004,TLR-6235,C501880,cash deposit,1132.11,CAD
CA00034241,2025-04-14,BR038,TLR-1671,C500092,cash withdrawal,826.92,CAD
CA00033181,2025-04-25,BR033,TLR-8104,C501197,cash withdrawal,1021.65,CAD
CA00027590,2025-04-11,BR004,TLR-3950,C500920,cash withdrawal,1467.88,CAD
CA00028779,2025-04-30,BR010,TLR-7319,C500015,cash deposit,1458.84,CAD
CA00027375,2025-04-07,BR004,TLR-6399,C501399,cash withdrawal,976.64,CAD
CA00033734,2025-04-08,BR036,TLR-9101,C500252,cash deposit,936.84,CAD
CA00030884,2025-04-01,BR021,TLR-8086,C502967,cash deposit,1154.13,CAD
CA00029219,2025-04-25,BR014,TLR-1744,C501809,cash withdrawal,473.53,CAD
CA00031657,2025-04-19,BR026,TLR-9908,C502980,cash deposit,769.34,CAD
CA00034718,2025-04-07,BR040,TLR-3023,C503161,cash withdrawal,802.45,CAD
CA00029372,2025-04-09,BR014,TLR-8948,C502519,cash deposit,838.22,CAD
CA00028746,2025-04-02,BR010,TLR-3209,C503983,cash deposit,399.13,CAD
CA00029795,2025-04-03,BR016,TLR-4716,C501285,cash withdrawal,2918.93,CAD
CA00032020,2025-04-02,BR027,TLR-6808,C501496,cash withdrawal,1970.77,CAD
CA00034262,2025-04-12,BR038,TLR-3879,C500617,cash withdrawal,908.76,CAD
CA00032352,2025-04-02,BR030,TLR-8834,C501397,cash withdrawal,877.71,CAD
CA00029320,2025-04-19,BR014,TLR-1948,C501171,cash withdrawal,479.71,CAD
CA00029559,2025-04-09,BR015,TLR-5108,C500581,cash deposit,382.61,CAD
CA00027873,2025-04-28,BR006,TLR-1658,C503861,cash withdrawal,497.02,CAD
CA00028954,2025-04-19,BR012,TLR-8720,C503957,cash withdrawal,538.98,CAD
CA00032918,2025-04-29,BR032,TLR-1585,C503011,cash withdrawal,1394.64,CAD
CA00032866,2025-04-26,BR031,TLR-8668,C500553,cash deposit,583.16,CAD
CA00026963,2025-04-21,BR002,TLR-2127,C500232,cash deposit,999.7,CAD
CA00027724,2025-04-29,BR006,TLR-5821,C501828,cash withdrawal,985.01,CAD
CA00027010,2025-04-21,BR002,TLR-5554,C503591,cash deposit,1126.11,CAD
CA00034682,2025-04-20,BR040,TLR-9993,C502184,cash withdrawal,1230.28,CAD
CA00028763,2025-04-26,BR010,TLR-8187,C503260,cash deposit,743.22,CAD
CA00027399,2025-04-05,BR004,TLR-7386,C501035,cash deposit,226.58,CAD
CA00029624,2025-04-16,BR015,TLR-5137,C500053,cash withdrawal,510.08,CAD
CA00029602,2025-04-05,BR015,TLR-7405,C503982,cash withdrawal,589.14,CAD
CA00035065,2025-04-08,BR040,TLR-4778,C502799,cash withdrawal,1499.17,CAD
CA00033803,2025-04-10,BR036,TLR-9742,C500996,cash deposit,1092.68,CAD
CA00029413,2025-04-27,BR015,TLR-5175,C500329,cash withdrawal,1940.02,CAD
CA00031487,2025-04-06,BR025,TLR-2196,C503313,cash deposit,514.58,CAD
CA00031718,2025-04-09,BR026,TLR-2717,C501627,cash withdrawal,-1048.95,CAD
CA00030068,2025-04-12,BR017,TLR-9592,C502518,cash deposit,676.47,CAD
CA00027448,2025-04-14,BR004,TLR-2410,C503358,cash deposit,1146.01,CAD
CA00032593,2025-04-01,BR030,TLR-6727,C502204,cash deposit,571.89,CAD
CA00032693,2025-04-06,BR031,TLR-6174,C500478,cash withdrawal,989.01,CAD
CA00031398,2025-04-26,BR024,TLR-7817,C503877,cash withdrawal,1908.3,CAD
CA00027529,2025-04-22,BR004,TLR-2376,C503186,cash withdrawal,896.22,CAD
CA00033917,2025-04-27,BR037,TLR-1045,C500995,cash withdrawal,859.72,CAD
CA00032930,2025-04-14,BR032,TLR-8125,C500686,cash withdrawal,636.14,CAD
CA00029168,2025-04-27,BR014,TLR-9042,C503405,cash withdrawal,1736.2,CAD
CA00031969,2025-04-14,BR027,TLR-9830,C502121,cash deposit,2186.32,CAD
CA00030799,2025-04-02,BR021,TLR-9774,C501091,cash withdrawal,1004.65,CAD
CA00032015,2025-04-07,BR027,TLR-8772,C502102,cash deposit,587.93,CAD
CA00034902,2025-04-03,BR040,TLR-3568,C502117,cash deposit,2591.14,CAD
CA00032892,2025-04-07,BR032,TLR-7848,C503258,cash withdrawal,737.59,CAD
CA00029100,2025-04-04,BR013,TLR-2553,C501098,cash deposit,1274.67,CAD
CA00027909,2025-04-05,BR006,TLR-5504,C501685,cash deposit,1120.64,CAD
CA00028446,2025-04-29,BR008,TLR-1804,C502372,cash withdrawal,800.7,CAD
CA00032537,2025-04-17,BR030,TLR-7377,C502886,cash withdrawal,1580.63,CAD
CA00033660,2025-04-27,BR036,TLR-1441,C503023,cash withdrawal,1331.83,CAD
CA00029428,2025-04-29,BR015,TLR-8840,C502190,cash deposit,2621.89,CAD
CA00034885,2025-04-02,BR040,TLR-4246,C502732,cash deposit,304.98,CAD
CA00029230,2025-04-05,BR014,TLR-1000,C500795,cash withdrawal,420.96,CAD
CA00027427,2025-04-12,BR004,TLR-9900,C503268,cash deposit,1032.88,CAD
CA00032037,2025-04-06,BR027,TLR-1701,C501111,cash withdrawal,2438.38,CAD
CA00034268,2025-04-03,BR038,TLR-7810,C500028,cash withdrawal,1138.86,CAD
CA00032088,2025-04-14,BR028,TLR-4512,C500856,cash deposit,334.11,CAD
CA00031707,2025-04-20,BR026,TLR-3784,C500854,cash deposit,481.14,CAD
CA00029741,2025-04-13,BR016,TLR-9498,C500134,cash deposit,863.92,CAD
CA00031123,2025-04-17,BR023,TLR-9003,C503713,cash withdrawal,1175.82,CAD
CA00030620,2025-04-03,BR020,TLR-7857,C503521,cash withdrawal,287.78,USD
CA00032326,2025-04-19,BR030,TLR-1247,C501312,cash deposit,2388.26,CAD
CA00034454,2025-04-15,BR039,TLR-7695,C502601,cash withdrawal,883.42,CAD
CA00033513,2025-04-21,BR035,TLR-8063,C501469,cash deposit,1446.51,CAD
CA00027816,2025-04-21,BR006,TLR-2943,C503778,cash deposit,1122.24,CAD
CA00029154,2025-04-18,BR013,TLR-8525,C500195,cash withdrawal,2691.73,CAD
CA00027201,2025-04-10,BR003,TLR-3734,C503379,cash deposit,952.1,CAD
CA00031688,2025-04-24,BR026,TLR-5244,C500489,cash withdrawal,-1920.8,CAD
CA00028790,2025-04-19,BR011,TLR-4052,C503585,cash deposit,409.84,CAD
CA00029598,2025-04-24,BR015,TLR-2124,C503121,cash deposit,1612.71,CAD
CA00026863,2025-04-22,BR001,TLR-8656,C501028,cash withdrawal,872.13,CAD
CA00028323,2025-04-22,BR008,TLR-9681,C502065,cash deposit,323.89,CAD
CA00030673,2025-04-25,BR020,TLR-8794,C500585,cash deposit,1100.36,USD
CA00033689,2025-04-16,BR036,TLR-4794,C503905,cash deposit,1006.37,CAD
CA00033582,2025-04-03,BR036,TLR-8728,C503950,cash withdrawal,420.55,CAD
CA00034342,2025-04-10,BR038,TLR-7512,C501265,cash withdrawal,243.34,CAD
CA00031429,2025-04-28,BR025,TLR-5011,C501180,cash deposit,621.68,CAD
CA00034111,2025-04-28,BR037,TLR-8228,C501107,cash withdrawal,1238.22,CAD
CA00031120,2025-04-01,BR023,TLR-1415,C501610,cash withdrawal,1955.27,CAD
CA00031583,2025-04-15,BR025,TLR-6768,C500522,cash withdrawal,-1984.91,CAD
CA00030860,2025-04-27,BR021,TLR-3070,C502877,cash deposit,1096.23,CAD
CA00033665,2025-04-23,BR036,TLR-1618,C501271,cash withdrawal,1002.03,CAD
CA00029763,2025-04-01,BR016,TLR-1089,C503538,cash withdrawal,886.52,CAD
CA00028472,2025-04-02,BR009,TLR-8257,C503877,cash withdrawal,1698.47,CAD
CA00028800,2025-04-17,BR011,TLR-4980,C503073,cash deposit,1241.16,CAD
CA00032173,2025-04-04,BR029,TLR-7702,C503950,cash withdrawal,760.32,CAD
CA00027416,2025-04-06,BR004,TLR-7239,C502717,cash deposit,615.58,CAD
CA00030741,2025-04-10,BR020,TLR-7391,C502922,cash deposit,985.79,USD
CA00026615,2025-04-19,BR001,TLR-9678,C500645,cash withdrawal,941.99,CAD
CA00028629,2025-04-13,BR010,TLR-7555,C500915,cash deposit,1612.31,CAD
CA00031748,2025-04-02,BR026,TLR-8369,C500060,cash deposit,460.73,CAD
CA00031184,2025-04-16,BR024,TLR-9651,C500717,cash deposit,1396.87,CAD
CA00026981,2025-04-08,BR002,TLR-4118,C500364,cash withdrawal,-1268.19,CAD
CA00026722,2025-04-26,BR001,TLR-8312,C502836,cash deposit,1191.04,CAD
CA00035284,2025-04-12,BR040,TLR-9136,C500304,cash deposit,2825.67,CAD
CA00027472,2025-04-08,BR004,TLR-6143,C500592,cash withdrawal,1096.27,CAD
CA00032281,2025-04-30,BR029,TLR-9777,C503510,cash deposit,756.06,CAD
CA00029153,2025-04-18,BR013,TLR-1385,C503155,cash withdrawal,1508.86,CAD
CA00029416,2025-04-30,BR015,TLR-1648,C500789,cash deposit,1607.75,CAD
CA00032446,2025-04-14,BR030,TLR-1499,C501854,cash deposit,1082.62,CAD
CA00028310,2025-04-05,BR008,TLR-1678,C501431,cash deposit,902.05,CAD
CA00029619,2025-04-27,BR015,TLR-6757,C501338,cash deposit,1170.79,CAD
CA00029527,2025-04-03,BR015,TLR-4249,C500996,cash deposit,1771.52,CAD
CA00028246,2025-04-23,BR008,TLR-9202,C500752,cash deposit,1020.42,CAD
CA00027906,2025-04-03,BR006,TLR-4882,C502299,cash deposit,348.96,CAD
CA00030403,2025-04-07,BR019,TLR-4543,C501228,cash withdrawal,659.02,CAD
CA00030430,2025-04-25,BR019,TLR-7711,C502711,cash withdrawal,633.59,CAD
CA00034104,2025-04-15,BR037,TLR-6886,C501331,cash withdrawal,329.28,CAD
CA00031910,2025-04-07,BR027,TLR-9032,C503363,cash withdrawal,3456.55,CAD
CA00031869,2025-04-29,BR027,TLR-2448,C502574,cash deposit,517.98,CAD
CA00030355,2025-04-06,BR019,TLR-6768,C501867,cash withdrawal,455.52,CAD
CA00027418,2025-04-08,BR004,TLR-6766,C502958,cash deposit,2647.44,CAD
CA00028715,2025-04-24,BR010,TLR-6627,C502153,cash deposit,346.19,CAD
CA00031161,2025-04-14,BR024,TLR-1993,C500828,cash deposit,683.73,CAD
CA00029173,2025-04-25,BR014,TLR-6997,C502916,cash deposit,1086.91,CAD
CA00033447,2025-04-11,BR035,TLR-9837,C500146,cash deposit,413.41,CAD
CA00031326,2025-04-12,BR024,TLR-2238,C502410,cash deposit,1182.41,CAD
CA00034502,2025-04-15,BR039,TLR-2900,C501233,cash withdrawal,2044.48,CAD
CA00029591,2025-04-06,BR015,TLR-2692,C500260,cash deposit,2000.48,CAD
CA00026872,2025-04-07,BR001,TLR-7087,C503181,cash withdrawal,696.66,CAD
CA00035352,2025-04-13,BR040,TLR-5416,C503149,cash deposit,4212.77,CAD
CA00032438,2025-04-15,BR030,TLR-1691,C503981,cash withdrawal,566.52,CAD
CA00029848,2025-04-09,BR016,TLR-1585,C500714,cash withdrawal,1476.9,CAD
CA00032661,2025-04-17,BR031,TLR-2014,C503803,cash deposit,626.56,CAD
CA00033000,2025-04-03,BR032,TLR-9620,C502798,cash withdrawal,148.11,CAD
CA00033436,2025-04-07,BR035,TLR-3585,C501964,cash withdrawal,311.85,CAD
CA00035199,2025-04-21,BR040,TLR-8492,C503629,cash deposit,1423.46,CAD
CA00033744,2025-04-08,BR036,TLR-3435,C501689,cash deposit,885.56,CAD
CA00032933,2025-04-17,BR032,TLR-2700,C500822,cash withdrawal,3013.03,CAD
CA00032799,2025-04-08,BR031,TLR-2032,C502677,cash withdrawal,985.89,CAD
CA00027460,2025-04-01,BR004,TLR-1776,C503972,cash withdrawal,1164.73,CAD
CA00032354,2025-04-17,BR030,TLR-5697,C503636,cash deposit,1096.9,CAD
CA00028792,2025-04-18,BR011,TLR-4130,C503497,cash withdrawal,429.81,CAD
CA00034846,2025-04-12,BR040,TLR-3662,C502479,cash deposit,3080.26,CAD
CA00033345,2025-04-10,BR034,TLR-6060,C503529,cash withdrawal,376.31,CAD
CA00032564,2025-04-25,BR030,TLR-8778,C500895,cash withdrawal,1666.1,CAD
CA00034297,2025-04-26,BR038,TLR-2837,C501157,cash withdrawal,7447.33,CAD
CA00034899,2025-04-03,BR040,TLR-1598,C503100,cash withdrawal,1228.6,CAD
CA00033869,2025-04-23,BR036,TLR-1239,C503493,cash withdrawal,2765.99,CAD
CA00030505,2025-04-17,BR019,TLR-6103,C500485,cash withdrawal,474.1,CAD
CA00031356,2025-04-10,BR024,TLR-3314,C501909,cash withdrawal,1677.04,CAD
CA00027036,2025-04-16,BR002,TLR-7012,C500578,cash deposit,844.72,CAD
CA00026862,2025-04-25,BR001,TLR-6633,C500211,cash withdrawal,625.23,CAD
CA00032761,2025-04-02,BR031,TLR-7894,C500480,cash withdrawal,1281.01,CAD
CA00034060,2025-04-09,BR037,TLR-7114,C502042,cash deposit,2761.14,CAD
CA00030231,2025-04-07,BR019,TLR-6796,C501540,cash deposit,586.35,CAD
CA00027763,2025-04-10,BR006,TLR-8333,C501275,cash withdrawal,931.09,CAD
CA00035021,2025-04-11,BR040,TLR-2838,C501938,cash deposit,1203.57,CAD
CA00053300,2025-04-19,BR013,TLR-3100,W972429,cash withdrawal,314.47,CAD
CA00027573,2025-04-11,BR004,TLR-5242,C503696,cash withdrawal,1623.76,CAD
CA00029307,2025-04-24,BR014,TLR-8303,C500885,cash deposit,542.44,CAD
CA00030494,2025-04-24,BR019,TLR-6831,C501046,cash withdrawal,562.2,CAD
CA00034706,2025-04-17,BR040,TLR-8802,C502834,cash deposit,729.1,CAD
CA00034095,2025-04-14,BR037,TLR-8837,C500330,cash deposit,1586.77,CAD
CA00029455,2025-04-22,BR015,TLR-6679,C500355,cash withdrawal,406.06,CAD
CA00028109,2025-04-03,BR007,TLR-8109,C500195,cash withdrawal,498.39,CAD
CA00033985,2025-04-10,BR037,TLR-3551,C501995,cash deposit,1081.02,CAD
CA00034727,2025-04-07,BR040,TLR-2386,C500300,cash deposit,1869.29,CAD
CA00033067,2025-04-02,BR033,TLR-2572,C500852,cash deposit,149.8,CAD
CA00034822,2025-04-07,BR040,TLR-8298,C502443,cash deposit,1959.18,CAD
CA00033652,2025-04-27,BR036,TLR-3155,C502127,cash withdrawal,671.89,CAD
CA00030862,2025-04-18,BR021,TLR-3930,C502392,cash deposit,1575.78,CAD
CA00030916,2025-04-19,BR021,TLR-8242,C503952,cash withdrawal,1468.43,CAD
CA00032175,2025-04-22,BR029,TLR-9464,C503344,cash deposit,320.0,CAD
CA00027256,2025-04-29,BR003,TLR-4280,C503322,cash withdrawal,545.8,CAD
CA00030556,2025-04-14,BR019,TLR-8628,C500038,cash withdrawal,1357.21,CAD
CA00028907,2025-04-27,BR012,TLR-1938,C501721,cash withdrawal,939.67,CAD
CA00026688,2025-04-14,BR001,TLR-8523,C501609,cash deposit,1697.43,CAD
CA00035232,2025-04-01,BR040,TLR-2437,C502688,cash withdrawal,1226.67,CAD
CA00029186,2025-04-28,BR014,TLR-9215,C500958,cash deposit,1482.1,CAD
CA00033758,2025-04-30,BR036,TLR-2303,C500605,cash withdrawal,283.89,CAD
CA00029039,2025-04-25,BR012,TLR-3358,C500214,cash withdrawal,1367.84,CAD
CA00033683,2025-04-10,BR036,TLR-1549,C501422,cash withdrawal,615.71,CAD
CA00031915,2025-04-12,BR027,TLR-5857,C502767,cash withdrawal,1552.34,CAD
CA00033350,2025-04-16,BR034,TLR-2702,C502004,cash deposit,1118.14,CAD
CA00033887,2025-04-24,BR036,TLR-1991,C501445,cash deposit,2214.93,CAD
CA00033512,2025-04-06,BR035,TLR-4144,C501152,cash deposit,1010.62,CAD
CA00030168,2025-04-07,BR018,TLR-8001,C500476,cash deposit,2787.8,CAD
CA00031054,2025-04-05,BR023,TLR-4493,C503786,cash withdrawal,2570.16,CAD
CA00030514,2025-04-02,BR019,TLR-3463,C501768,cash withdrawal,320.24,CAD
CA00032890,2025-04-01,BR032,TLR-3527,C503904,cash withdrawal,3434.9,CAD
CA00033796,2025-04-28,BR036,TLR-7774,C503827,cash withdrawal,2097.77,CAD
CA00027305,2025-04-03,BR003,TLR-5630,C502121,cash deposit,1238.98,CAD
CA00033632,2025-04-22,BR036,TLR-2882,C500436,cash withdrawal,1083.47,CAD
CA00034074,2025-04-25,BR037,TLR-9384,C503250,cash deposit,316.86,CAD
CA00029310,2025-04-12,BR014,TLR-5011,C501099,cash withdrawal,1673.99,CAD
CA00028753,2025-04-06,BR010,TLR-5404,C503932,cash withdrawal,1850.87,CAD
CA00029203,2025-04-24,BR014,TLR-7939,C503296,cash withdrawal,648.28,CAD
CA00033264,2025-04-24,BR034,TLR-9487,C503684,cash deposit,1703.33,CAD
CA00028955,2025-04-17,BR012,TLR-6759,C500520,cash deposit,851.92,CAD
CA00031976,2025-04-22,BR027,TLR-5199,C503866,cash deposit,745.93,CAD
CA00032296,2025-04-24,BR029,TLR-9972,C500554,cash deposit,1640.18,CAD
CA00035156,2025-04-30,BR040,TLR-6890,C502040,cash deposit,670.28,CAD
CA00029231,2025-04-13,BR014,TLR-9090,C500504,cash withdrawal,837.71,CAD
CA00034184,2025-04-14,BR038,TLR-7270,C503449,cash deposit,1694.28,CAD
CA00031443,2025-04-28,BR025,TLR-4452,C501532,cash deposit,591.86,CAD
CA00033045,2025-04-04,BR033,TLR-8247,C500652,cash deposit,1527.24,CAD
CA00028094,2025-04-15,BR007,TLR-4483,C503029,cash withdrawal,1228.85,CAD
CA00029595,2025-04-06,BR015,TLR-8023,C503024,cash withdrawal,908.23,CAD
CA00027272,2025-04-18,BR003,TLR-4357,C503437,cash deposit,1755.27,CAD
CA00027962,2025-04-17,BR006,TLR-9456,C501454,cash withdrawal,591.8,CAD
CA00035288,2025-04-26,BR040,TLR-5949,C500467,cash withdrawal,400.79,CAD
CA00028599,2025-04-11,BR010,TLR-7293,C503169,cash withdrawal,580.51,CAD
CA00031604,2025-04-24,BR025,TLR-2917,C500620,cash withdrawal,-1425.32,CAD
CA00028470,2025-04-29,BR009,TLR-5533,C502688,cash deposit,637.48,CAD
CA00035403,2025-04-15,BR040,TLR-3189,C502224,cash withdrawal,1036.94,CAD
CA00033700,2025-04-02,BR036,TLR-1873,C501844,cash deposit,544.45,CAD
CA00033937,2025-04-07,BR037,TLR-9028,C501801,cash withdrawal,6094.08,CAD
CA00028354,2025-04-07,BR008,TLR-2233,C501959,cash deposit,2364.87,CAD
CA00030843,2025-04-13,BR021,TLR-9840,C503484,cash withdrawal,657.63,CAD
CA00033084,2025-04-25,BR033,TLR-7468,C501125,cash withdrawal,744.92,CAD
CA00031495,2025-04-11,BR025,TLR-8851,C502015,cash deposit,953.02,CAD
CA00029934,2025-04-11,BR017,TLR-4321,C500371,cash deposit,1855.25,CAD
CA00033735,2025-04-18,BR036,TLR-6695,C500558,cash withdrawal,466.11,CAD
CA00030631,2025-04-24,BR020,TLR-1619,C501478,cash deposit,1223.1,USD
CA00031809,2025-04-02,BR026,TLR-9531,C502342,cash deposit,2469.23,CAD
CA00032256,2025-04-15,BR029,TLR-7531,C502847,cash withdrawal,384.24,CAD
CA00030643,2025-04-24,BR020,TLR-9202,C501103,cash withdrawal,928.44,USD
CA00032078,2025-04-19,BR028,TLR-5365,C500480,cash withdrawal,811.46,CAD
CA00032439,2025-04-23,BR030,TLR-7674,C500617,cash deposit,749.41,CAD
CA00032371,2025-04-21,BR030,TLR-8798,C500082,cash withdrawal,1072.04,CAD
CA00029101,2025-04-18,BR013,TLR-7685,C502431,cash withdrawal,895.24,CAD
CA00028477,2025-04-18,BR009,TLR-3649,C502876,cash deposit,447.34,CAD
CA00034464,2025-04-13,BR039,TLR-8602,C501011,cash withdrawal,2360.89,CAD
CA00029596,2025-04-07,BR015,TLR-8632,C501884,cash deposit,2594.85,CAD
CA00029293,2025-04-28,BR014,TLR-4149,C503865,cash withdrawal,1018.71,CAD
CA00033336,2025-04-10,BR034,TLR-5973,C503511,cash deposit,2082.87,CAD
CA00034372,2025-04-06,BR039,TLR-9597,C500664,cash withdrawal,1265.41,CAD
CA00032815,2025-04-23,BR031,TLR-7500,C501212,cash withdrawal,2407.14,CAD
CA00031947,2025-04-18,BR027,TLR-9508,C502277,cash withdrawal,445.96,CAD
CA00031229,2025-04-11,BR024,TLR-8431,C501928,cash withdrawal,598.24,CAD
CA00033379,2025-04-07,BR035,TLR-1908,C500632,cash withdrawal,1601.58,CAD
CA00027389,2025-04-13,BR004,TLR-5850,C501960,cash withdrawal,1510.25,CAD
CA00030789,2025-04-24,BR021,TLR-8249,C501834,cash deposit,525.44,CAD
CA00026701,2025-04-11,BR001,TLR-2027,C502900,cash deposit,477.5,CAD
CA00032071,2025-04-25,BR028,TLR-8203,C501112,cash withdrawal,913.64,CAD
CA00032705,2025-04-19,BR031,TLR-6718,C500453,cash withdrawal,1048.2,CAD
CA00033097,2025-04-12,BR033,TLR-1494,C500767,cash deposit,782.09,CAD
CA00028752,2025-04-17,BR010,TLR-5940,C502482,cash deposit,429.8,CAD
CA00029629,2025-04-03,BR015,TLR-9152,C501853,cash deposit,683.91,CAD
CA00034501,2025-04-15,BR039,TLR-2653,C501684,cash deposit,403.94,CAD
CA00028003,2025-04-14,BR007,TLR-8749,C503116,cash deposit,2460.8,CAD
CA00030929,2025-04-08,BR021,TLR-8926,C503759,cash deposit,423.32,CAD
CA00027970,2025-04-13,BR006,TLR-7263,C502233,cash deposit,527.75,CAD
CA00031479,2025-04-21,BR025,TLR-2969,C501708,cash deposit,634.9,CAD
CA00030144,2025-04-18,BR018,TLR-2182,C501430,cash withdrawal,844.2,CAD
CA00027525,2025-04-27,BR004,TLR-1112,C501163,cash deposit,778.02,CAD
CA00034521,2025-04-25,BR039,TLR-5634,C502371,cash deposit,1080.82,CAD
CA00026841,2025-04-23,BR001,TLR-4172,C501752,cash withdrawal,405.47,CAD
CA00029650,2025-04-22,BR015,TLR-2960,C503136,cash withdrawal,543.54,CAD
CA00029524,2025-04-07,BR015,TLR-7435,C503735,cash withdrawal,1059.7,CAD
CA00033109,2025-04-13,BR033,TLR-2760,C503855,cash withdrawal,2515.62,CAD
CA00031586,2025-04-05,BR025,TLR-8243,C503168,cash withdrawal,-168.02,CAD
CA00033552,2025-04-20,BR035,TLR-6390,C502411,cash withdrawal,1196.87,CAD
CA00034934,2025-04-18,BR040,TLR-3655,C501513,cash withdrawal,473.69,CAD
CA00028060,2025-04-02,BR007,TLR-6691,C500803,cash withdrawal,1432.31,CAD
CA00029920,2025-04-03,BR017,TLR-1472,C501155,cash deposit,1625.94,CAD
CA00030627,2025-04-08,BR020,TLR-4256,C500802,cash deposit,2589.67,USD
CA00034533,2025-04-14,BR039,TLR-3991,C503369,cash deposit,553.99,CAD
CA00027634,2025-04-04,BR005,TLR-6969,C503113,cash deposit,3791.04,CAD
CA00026639,2025-04-08,BR001,TLR-6834,C502024,cash deposit,244.3,CAD
CA00031538,2025-04-05,BR025,TLR-4508,C500949,cash deposit,1576.2,CAD
CA00030330,2025-04-25,BR019,TLR-6828,C503850,cash withdrawal,625.49,CAD
CA00029212,2025-04-14,BR014,TLR-1338,C500899,cash deposit,876.9,CAD
CA00034420,2025-04-15,BR039,TLR-8563,C500981,cash withdrawal,1012.16,CAD
CA00028340,2025-04-26,BR008,TLR-9321,C502030,cash deposit,937.76,CAD
CA00034678,2025-04-22,BR040,TLR-5967,C503330,cash withdrawal,1243.74,CAD
CA00028669,2025-04-16,BR010,TLR-6789,C502473,cash withdrawal,344.07,CAD
CA00029370,2025-04-11,BR014,TLR-3843,C501541,cash deposit,1172.93,CAD
CA00026880,2025-04-30,BR001,TLR-9470,C500202,cash withdrawal,945.87,CAD
CA00033673,2025-04-06,BR036,TLR-6360,C501535,cash deposit,655.67,CAD
CA00029941,2025-04-05,BR017,TLR-8893,C500771,cash withdrawal,2247.83,CAD
CA00035365,2025-04-29,BR040,TLR-3614,C500003,cash withdrawal,2058.74,CAD
CA00032727,2025-04-21,BR031,TLR-7618,C500494,cash deposit,2322.95,CAD
CA00027615,2025-04-21,BR004,TLR-9125,C500518,cash deposit,537.43,CAD
CA00029233,2025-04-26,BR014,TLR-2521,C500186,cash withdrawal,347.97,CAD
CA00028335,2025-04-19,BR008,TLR-1006,C502904,cash deposit,933.29,CAD
CA00032076,2025-04-05,BR028,TLR-9572,C500646,cash deposit,863.77,CAD
CA00029007,2025-04-25,BR012,TLR-8776,C501386,cash deposit,2329.02,CAD
CA00028757,2025-04-26,BR010,TLR-3929,C501205,cash deposit,2021.54,CAD
CA00027999,2025-04-14,BR007,TLR-6591,C503370,cash withdrawal,4821.75,CAD
CA00034088,2025-04-11,BR037,TLR-2583,C503812,cash withdrawal,346.8,CAD
CA00027942,2025-04-07,BR006,TLR-6317,C503248,cash deposit,1675.97,CAD
CA00026723,2025-04-06,BR001,TLR-8273,C501420,cash deposit,1499.97,CAD
CA00030411,2025-04-02,BR019,TLR-8515,C501119,cash deposit,1244.49,CAD
CA00028805,2025-04-06,BR011,TLR-4490,C501524,cash withdrawal,1940.71,CAD
CA00027779,2025-04-14,BR006,TLR-5070,C502728,cash deposit,5112.43,CAD
CA00027746,2025-04-08,BR006,TLR-9463,C501006,cash deposit,413.78,CAD
CA00029348,2025-04-11,BR014,TLR-9173,C503781,cash withdrawal,313.15,CAD
CA00030449,2025-04-04,BR019,TLR-4122,C503167,cash withdrawal,709.13,CAD
CA00029461,2025-04-22,BR015,TLR-4482,C501879,cash deposit,1274.72,CAD
CA00026664,2025-04-02,BR001,TLR-6838,C503480,cash deposit,641.47,CAD
CA00028027,2025-04-21,BR007,TLR-6232,C500697,cash deposit,801.8,CAD
CA00029787,2025-04-01,BR016,TLR-6838,C503906,cash withdrawal,636.16,CAD
CA00029049,2025-04-19,BR012,TLR-9956,C501068,cash deposit,4109.09,CAD
CA00034055,2025-04-27,BR037,TLR-7260,C503794,cash deposit,1437.3,CAD
CA00028500,2025-04-09,BR009,TLR-2993,C502778,cash withdrawal,1260.46,CAD
CA00028877,2025-04-22,BR012,TLR-6711,C503358,cash deposit,964.51,CAD
CA00031569,2025-04-09,BR025,TLR-8704,C502333,cash withdrawal,-513.53,CAD
CA00031007,2025-04-17,BR022,TLR-1935,C502682,cash withdrawal,1421.42,CAD
CA00030864,2025-04-13,BR021,TLR-2694,C501342,cash deposit,1605.28,CAD
CA00032932,2025-04-12,BR032,TLR-4801,C503688,cash withdrawal,962.36,CAD
CA00030153,2025-04-12,BR018,TLR-4142,C502227,cash withdrawal,965.03,CAD
CA00031779,2025-04-10,BR026,TLR-4595,C503913,cash withdrawal,-1106.73,CAD
CA00028640,2025-04-17,BR010,TLR-9778,C501413,cash withdrawal,2510.53,CAD
CA00032762,2025-04-30,BR031,TLR-8565,C501254,cash withdrawal,1311.48,CAD
CA00029655,2025-04-08,BR015,TLR-3041,C502612,cash withdrawal,1622.02,CAD
CA00029114,2025-04-30,BR013,TLR-5380,C502437,cash deposit,1230.86,CAD
CA00029799,2025-04-29,BR016,TLR-4164,C500266,cash withdrawal,637.42,CAD
CA00028380,2025-04-26,BR008,TLR-5094,C501139,cash withdrawal,2760.68,CAD
CA00031453,2025-04-10,BR025,TLR-5919,C502210,cash deposit,1101.0,CAD
CA00028210,2025-04-09,BR007,TLR-3638,C503387,cash deposit,414.86,CAD
CA00026735,2025-04-02,BR001,TLR-9314,C502669,cash deposit,1280.66,CAD
CA00032953,2025-04-14,BR032,TLR-7220,C500872,cash withdrawal,1701.97,CAD
CA00028042,2025-04-14,BR007,TLR-6467,C502123,cash withdrawal,1072.33,CAD
CA00033653,2025-04-10,BR036,TLR-8382,C501860,cash deposit,482.78,CAD
CA00034785,2025-04-15,BR040,TLR-7722,C500548,cash deposit,623.08,CAD
CA00031750,2025-04-09,BR026,TLR-1031,C500784,cash withdrawal,-3065.78,CAD
CA00033171,2025-04-07,BR033,TLR-6238,C503913,cash withdrawal,662.17,CAD
CA00027742,2025-04-19,BR006,TLR-8104,C503171,cash deposit,181.38,CAD
CA00027588,2025-04-15,BR004,TLR-1174,C503709,cash deposit,624.14,CAD
CA00033748,2025-04-23,BR036,TLR-2256,C503570,cash withdrawal,3656.69,CAD
CA00028351,2025-04-11,BR008,TLR-9028,C502387,cash deposit,2811.49,CAD
CA00031504,2025-04-21,BR025,TLR-1137,C500249,cash deposit,661.35,CAD
CA00029846,2025-04-10,BR016,TLR-2539,C501858,cash deposit,459.34,CAD
CA00033792,2025-04-04,BR036,TLR-9031,C501595,cash withdrawal,901.51,CAD
CA00027046,2025-04-27,BR002,TLR-5745,C502397,cash deposit,286.5,CAD
CA00029757,2025-04-13,BR016,TLR-9614,C502439,cash withdrawal,605.3,CAD
CA00029119,2025-04-08,BR013,TLR-3352,C500340,cash deposit,1632.0,CAD
CA00028394,2025-04-17,BR008,TLR-1894,C501780,cash withdrawal,953.91,CAD
CA00035055,2025-04-20,BR040,TLR-9872,C503161,cash withdrawal,721.46,CAD
CA00032261,2025-04-21,BR029,TLR-1521,C502927,cash deposit,551.03,CAD
CA00027659,2025-04-01,BR005,TLR-9760,C501217,cash withdrawal,1277.55,CAD
CA00032433,2025-04-20,BR030,TLR-9530,C503961,cash withdrawal,1360.45,CAD
CA00033820,2025-04-16,BR036,TLR-7187,C503562,cash withdrawal,1161.61,CAD
CA00030382,2025-04-08,BR019,TLR-9653,C503570,cash deposit,786.34,CAD
CA00026605,2025-04-19,BR001,TLR-2832,C502829,cash withdrawal,480.83,CAD
CA00030158,2025-04-18,BR018,TLR-4206,C502897,cash deposit,883.65,CAD
CA00033434,2025-04-23,BR035,TLR-6297,C503681,cash withdrawal,1479.36,CAD
CA00032383,2025-04-23,BR030,TLR-3068,C502100,cash deposit,1545.94,CAD
CA00034554,2025-04-11,BR039,TLR-3884,C502565,cash deposit,525.37,CAD
CA00029614,2025-04-30,BR015,TLR-3634,C501936,cash deposit,518.37,CAD
CA00030024,2025-04-17,BR017,TLR-1804,C502584,cash deposit,2755.66,CAD
CA00028350,2025-04-09,BR008,TLR-7996,C500297,cash withdrawal,379.68,CAD
CA00030886,2025-04-25,BR021,TLR-1003,C503563,cash deposit,371.93,CAD
CA00027930,2025-04-13,BR006,TLR-7396,C500570,cash deposit,1725.49,CAD
CA00031995,2025-04-16,BR027,TLR-6098,C500106,cash deposit,1413.23,CAD
CA00028163,2025-04-12,BR007,TLR-4525,C500089,cash deposit,994.79,CAD
CA00031970,2025-04-18,BR027,TLR-7345,C502074,cash withdrawal,1138.38,CAD
CA00027015,2025-04-27,BR002,TLR-2752,C501805,cash withdrawal,-744.04,CAD
CA00035039,2025-04-21,BR040,TLR-1635,C502953,cash withdrawal,826.45,CAD
CA00030181,2025-04-28,BR018,TLR-7618,C503736,cash deposit,1342.3,CAD
CA00032104,2025-04-01,BR028,TLR-3781,C502156,cash deposit,520.45,CAD
CA00030067,2025-04-30,BR017,TLR-8252,C500916,cash deposit,304.69,CAD
CA00026752,2025-04-23,BR001,TLR-3095,C500779,cash withdrawal,557.13,CAD
CA00031350,2025-04-11,BR024,TLR-6426,C502084,cash deposit,609.31,CAD
CA00034452,2025-04-23,BR039,TLR-1815,C501751,cash withdrawal,1778.7,CAD
CA00028871,2025-04-05,BR012,TLR-2163,C501267,cash deposit,3038.29,CAD
CA00027314,2025-04-18,BR003,TLR-2982,C500862,cash withdrawal,2535.6,CAD
CA00034483,2025-04-12,BR039,TLR-8494,C500196,cash withdrawal,1126.35,CAD
CA00031996,2025-04-28,BR027,TLR-9365,C501185,cash deposit,4530.84,CAD
CA00026630,2025-04-10,BR001,TLR-4742,C501065,cash withdrawal,1666.78,CAD
CA00032988,2025-04-17,BR032,TLR-7528,C503578,cash withdrawal,525.92,CAD
CA00033424,2025-04-29,BR035,TLR-2789,C501781,cash withdrawal,1093.42,CAD
CA00028686,2025-04-25,BR010,TLR-1210,C500440,cash deposit,748.55,CAD
CA00033266,2025-04-17,BR034,TLR-9054,C501369,cash withdrawal,1298.29,CAD
CA00030758,2025-04-05,BR020,TLR-4097,C501626,cash deposit,1610.99,USD
CA00032243,2025-04-28,BR029,TLR-4213,C501905,cash deposit,519.66,CAD
CA00026624,2025-04-13,BR001,TLR-3385,C502103,cash withdrawal,3464.28,CAD
CA00028256,2025-04-08,BR008,TLR-9255,C502559,cash withdrawal,827.14,CAD
CA00034518,2025-04-14,BR039,TLR-6565,C501796,cash deposit,850.72,CAD
CA00032735,2025-04-16,BR031,TLR-9836,C503409,cash withdrawal,742.77,CAD
CA00033832,2025-04-21,BR036,TLR-6752,C501865,cash withdrawal,390.48,CAD
CA00034164,2025-04-08,BR037,TLR-2366,C501428,cash withdrawal,1534.77,CAD
CA00033308,2025-04-16,BR034,TLR-5116,C501188,cash deposit,1007.15,CAD
CA00034040,2025-04-13,BR037,TLR-9861,C503659,cash deposit,935.83,CAD
CA00028823,2025-04-20,BR011,TLR-5746,C502996,cash deposit,866.69,CAD
CA00034948,2025-04-20,BR040,TLR-8463,C500900,cash withdrawal,857.56,CAD
CA00027807,2025-04-21,BR006,TLR-8840,C502391,cash deposit,931.08,CAD
CA00029037,2025-04-06,BR012,TLR-7589,C502897,cash deposit,755.64,CAD
CA00032093,2025-04-22,BR028,TLR-3434,C500870,cash withdrawal,951.31,CAD
CA00030649,2025-04-24,BR020,TLR-3213,C501906,cash deposit,796.21,USD
CA00027292,2025-04-06,BR003,TLR-7208,C502378,cash withdrawal,1464.49,CAD
CA00035287,2025-04-14,BR040,TLR-5752,C501759,cash deposit,564.93,CAD
CA00027337,2025-04-03,BR003,TLR-9881,C501164,cash deposit,199.43,CAD
CA00033291,2025-04-29,BR034,TLR-9365,C502361,cash withdrawal,952.56,CAD
CA00031633,2025-04-02,BR026,TLR-5826,C502624,cash withdrawal,-249.26,CAD
CA00031666,2025-04-28,BR026,TLR-5480,C503564,cash withdrawal,-934.71,CAD
CA00030136,2025-04-09,BR018,TLR-6863,C503109,cash withdrawal,1311.25,CAD
CA00031829,2025-04-15,BR026,TLR-1208,C501506,cash withdrawal,-614.92,CAD
CA00028232,2025-04-27,BR008,TLR-3068,C503044,cash withdrawal,518.45,CAD
CA00027758,2025-04-04,BR006,TLR-8761,C500159,cash withdrawal,2333.08,CAD
CA00035115,2025-04-03,BR040,TLR-7235,C502038,cash withdrawal,542.37,CAD
CA00031673,2025-04-14,BR026,TLR-6756,C502547,cash deposit,8091.44,CAD
CA00028588,2025-04-14,BR010,TLR-2298,C502739,cash deposit,236.17,CAD
CA00031226,2025-04-28,BR024,TLR-7896,C503029,cash deposit,440.25,CAD
CA00027508,2025-04-17,BR004,TLR-6006,C503156,cash deposit,2270.23,CAD
CA00031968,2025-04-01,BR027,TLR-2231,C501117,cash deposit,2905.41,CAD
CA00027669,2025-04-18,BR005,TLR-8023,C501506,cash withdrawal,627.42,CAD
CA00032920,2025-04-25,BR032,TLR-6271,C502984,cash withdrawal,761.33,CAD
CA00032632,2025-04-05,BR031,TLR-3893,C500836,cash withdrawal,1774.8,CAD
CA00029890,2025-04-18,BR017,TLR-4677,C500059,cash deposit,623.52,CAD
CA00033292,2025-04-11,BR034,TLR-6017,C500937,cash deposit,1236.93,CAD
CA00029793,2025-04-29,BR016,TLR-1167,C500978,cash withdrawal,1498.2,CAD
CA00028193,2025-04-18,BR007,TLR-2892,C500341,cash deposit,426.0,CAD
CA00032686,2025-04-16,BR031,TLR-3934,C503530,cash withdrawal,853.98,CAD
CA00026621,2025-04-08,BR001,TLR-4778,C501174,cash withdrawal,482.49,CAD
CA00031552,2025-04-07,BR025,TLR-3985,C502228,cash deposit,1236.96,CAD
CA00032165,2025-04-01,BR028,TLR-9789,C502494,cash withdrawal,3305.15,CAD
CA00033351,2025-04-03,BR034,TLR-2601,C503255,cash deposit,1917.76,CAD
CA00031901,2025-04-08,BR027,TLR-6242,C502716,cash withdrawal,1773.59,CAD
CA00028173,2025-04-13,BR007,TLR-3519,C500532,cash deposit,1738.92,CAD
CA00032951,2025-04-17,BR032,TLR-9918,C503423,cash withdrawal,1058.75,CAD
CA00028920,2025-04-30,BR012,TLR-7424,C503102,cash deposit,983.08,CAD
CA00030830,2025-04-22,BR021,TLR-2361,C501712,cash withdrawal,1071.64,CAD
CA00034981,2025-04-16,BR040,TLR-1148,C502765,cash deposit,916.9,CAD
CA00030742,2025-04-22,BR020,TLR-3706,C501794,cash deposit,1891.59,USD
CA00031243,2025-04-28,BR024,TLR-5268,C500108,cash deposit,1171.65,CAD
CA00031086,2025-04-15,BR023,TLR-4619,C501571,cash deposit,580.22,CAD
CA00028636,2025-04-27,BR010,TLR-6222,C501619,cash deposit,1299.23,CAD
CA00029710,2025-04-09,BR016,TLR-3455,C500060,cash withdrawal,1690.14,CAD
CA00034691,2025-04-12,BR040,TLR-8919,C502725,cash withdrawal,474.24,CAD
CA00033740,2025-04-10,BR036,TLR-1952,C503824,cash withdrawal,1437.81,CAD
CA00028645,2025-04-22,BR010,TLR-2627,C503736,cash withdrawal,887.38,CAD
CA00031728,2025-04-02,BR026,TLR-4044,C503250,cash deposit,4942.53,CAD
CA00035158,2025-04-28,BR040,TLR-7607,C503029,cash withdrawal,1915.87,CAD
CA00035008,2025-04-06,BR040,TLR-1214,C501988,cash deposit,2104.34,CAD
CA00030010,2025-04-04,BR017,TLR-5245,C503004,cash deposit,1905.11,CAD
CA00028830,2025-04-29,BR011,TLR-9403,C500791,cash deposit,3227.13,CAD
CA00030846,2025-04-10,BR021,TLR-4723,C502393,cash withdrawal,466.03,CAD
CA00026750,2025-04-23,BR001,TLR-7399,C501400,cash withdrawal,3476.17,CAD
CA00026612,2025-04-19,BR001,TLR-6969,C501780,cash deposit,3196.21,CAD
CA00027219,2025-04-24,BR003,TLR-6683,C501484,cash deposit,481.01,CAD
CA00034630,2025-04-15,BR040,TLR-9053,C501755,cash deposit,754.38,CAD
CA00030687,2025-04-01,BR020,TLR-5775,C501322,cash deposit,390.12,USD
CA00029537,2025-04-22,BR015,TLR-4446,C502068,cash deposit,770.72,CAD
CA00034809,2025-04-10,BR040,TLR-3550,C502363,cash withdrawal,2640.66,CAD
CA00026617,2025-04-23,BR001,TLR-2770,C502495,cash withdrawal,1176.17,CAD
CA00033190,2025-04-16,BR034,TLR-6177,C503255,cash deposit,466.09,CAD
CA00027537,2025-04-24,BR004,TLR-7550,C501530,cash deposit,469.48,CAD
CA00035305,2025-04-23,BR040,TLR-7797,C502626,cash deposit,2034.44,CAD
CA00032255,2025-04-05,BR029,TLR-2769,C502074,cash deposit,261.5,CAD
CA00031075,2025-04-07,BR023,TLR-1679,C500697,cash deposit,483.34,CAD
CA00033180,2025-04-05,BR033,TLR-5184,C500101,cash withdrawal,738.23,CAD
CA00029725,2025-04-25,BR016,TLR-2526,C501786,cash withdrawal,523.91,CAD
CA00030337,2025-04-30,BR019,TLR-1246,C501613,cash deposit,2342.82,CAD
CA00031171,2025-04-09,BR024,TLR-6780,C500770,cash deposit,654.22,CAD
CA00031939,2025-04-02,BR027,TLR-5679,C500004,cash withdrawal,502.45,CAD
CA00033805,2025-04-26,BR036,TLR-1063,C503994,cash deposit,308.9,CAD
CA00034872,2025-04-28,BR040,TLR-4138,C500936,cash deposit,884.27,CAD
CA00035231,2025-04-08,BR040,TLR-2222,C501826,cash withdrawal,1233.08,CAD
CA00029086,2025-04-18,BR013,TLR-7659,C500250,cash deposit,558.83,CAD
CA00028504,2025-04-13,BR009,TLR-4257,C501232,cash deposit,4244.13,CAD
CA00028527,2025-04-05,BR009,TLR-1460,C502717,cash withdrawal,5379.52,CAD
CA00027377,2025-04-26,BR004,TLR-4992,C500033,cash deposit,1026.46,CAD
CA00027963,2025-04-15,BR006,TLR-7159,C503836,cash deposit,921.54,CAD
CA00035260,2025-04-08,BR040,TLR-8931,C500095,cash withdrawal,1001.82,CAD
CA00028541,2025-04-17,BR009,TLR-2251,C501025,cash withdrawal,2088.62,CAD
CA00030078,2025-04-02,BR017,TLR-7972,C503088,cash withdrawal,923.42,CAD
CA00031571,2025-04-07,BR025,TLR-3661,C502830,cash deposit,1633.79,CAD
CA00028153,2025-04-22,BR007,TLR-8500,C501262,cash deposit,522.43,CAD
CA00032871,2025-04-29,BR032,TLR-2371,C503160,cash withdrawal,1445.69,CAD
CA00027828,2025-04-21,BR006,TLR-8786,C500268,cash deposit,384.92,CAD
CA00033283,2025-04-25,BR034,TLR-9261,C500053,cash deposit,1091.29,CAD
CA00030340,2025-04-27,BR019,TLR-4514,C502891,cash deposit,466.81,CAD
CA00029508,2025-04-21,BR015,TLR-2280,C502308,cash deposit,1349.51,CAD
CA00027155,2025-04-07,BR003,TLR-3335,C500316,cash withdrawal,714.0,CAD
CA00027624,2025-04-21,BR005,TLR-8792,C502850,cash deposit,3214.92,CAD
CA00028766,2025-04-14,BR010,TLR-5422,C503040,cash withdrawal,472.91,CAD
CA00032327,2025-04-13,BR030,TLR-9786,C502061,cash withdrawal,318.77,CAD
CA00033504,2025-04-22,BR035,TLR-6354,C500053,cash deposit,802.33,CAD
CA00028383,2025-04-30,BR008,TLR-7452,C503128,cash deposit,3188.71,CAD
CA00029522,2025-04-24,BR015,TLR-2405,C501964,cash withdrawal,829.88,CAD
CA00028965,2025-04-12,BR012,TLR-4524,C501349,cash withdrawal,662.79,CAD
CA00027697,2025-04-01,BR006,TLR-3404,C503438,cash deposit,979.05,CAD
CA00029556,2025-04-25,BR015,TLR-5103,C501770,cash deposit,2530.6,CAD
CA00032514,2025-04-04,BR030,TLR-1359,C502934,cash deposit,673.77,CAD
CA00027043,2025-04-13,BR002,TLR-7768,C500438,cash withdrawal,-538.72,CAD
CA00031034,2025-04-06,BR023,TLR-9264,C502413,cash deposit,620.36,CAD
CA00032907,2025-04-20,BR032,TLR-4566,C503827,cash deposit,2194.07,CAD
CA00029139,2025-04-30,BR013,TLR-6273,C502467,cash deposit,1904.67,CAD
CA00031715,2025-04-14,BR026,TLR-7733,C501803,cash withdrawal,-517.16,CAD
CA00030873,2025-04-11,BR021,TLR-8870,C500158,cash withdrawal,577.16,CAD
CA00030279,2025-04-27,BR019,TLR-8237,C501391,cash withdrawal,1038.43,CAD
CA00030009,2025-04-07,BR017,TLR-5665,C500927,cash deposit,250.83,CAD
CA00033152,2025-04-04,BR033,TLR-9763,C502461,cash withdrawal,1573.91,CAD
CA00032742,2025-04-11,BR031,TLR-9679,C503578,cash deposit,488.57,CAD
CA00030676,2025-04-29,BR020,TLR-1656,C501730,cash deposit,299.27,USD
CA00026905,2025-04-18,BR002,TLR-5322,C502639,cash withdrawal,-565.75,CAD
CA00030103,2025-04-16,BR017,TLR-2053,C503018,cash withdrawal,1142.0,CAD
CA00034156,2025-04-02,BR037,TLR-2707,C502174,cash withdrawal,959.53,CAD
CA00032755,2025-04-07,BR031,TLR-4094,C503707,cash withdrawal,739.77,CAD
CA00033797,2025-04-18,BR036,TLR-3282,C502364,cash deposit,1145.34,CAD
CA00031004,2025-04-07,BR022,TLR-5011,C502528,cash deposit,1120.41,CAD
CA00031049,2025-04-03,BR023,TLR-3885,C502721,cash withdrawal,4028.91,CAD
CA00030450,2025-04-01,BR019,TLR-1846,C503475,cash deposit,1464.6,CAD
CA00033662,2025-04-20,BR036,TLR-6080,C500233,cash withdrawal,510.65,CAD
CA00033415,2025-04-04,BR035,TLR-8314,C503749,cash withdrawal,1081.85,CAD
CA00033717,2025-04-25,BR036,TLR-9737,C503684,cash deposit,2677.14,CAD
CA00031574,2025-04-20,BR025,TLR-6042,C503851,cash withdrawal,-819.3,CAD
CA00030111,2025-04-01,BR017,TLR-2141,C500581,cash deposit,1439.06,CAD
CA00031315,2025-04-28,BR024,TLR-7111,C500385,cash withdrawal,2133.53,CAD
CA00034474,2025-04-13,BR039,TLR-3661,C501923,cash deposit,1941.57,CAD
CA00027419,2025-04-04,BR004,TLR-4119,C503661,cash withdrawal,383.36,CAD
CA00028579,2025-04-22,BR010,TLR-3518,C503593,cash withdrawal,592.83,CAD
CA00034749,2025-04-06,BR040,TLR-7806,C501226,cash deposit,4758.24,CAD
CA00032031,2025-04-19,BR027,TLR-6412,C500987,cash deposit,558.16,CAD
CA00027401,2025-04-19,BR004,TLR-8447,C500891,cash withdrawal,1823.92,CAD
CA00032484,2025-04-19,BR030,TLR-4667,C502448,cash withdrawal,4489.61,CAD
CA00032614,2025-04-19,BR031,TLR-6397,C500052,cash withdrawal,1475.45,CAD
CA00034281,2025-04-05,BR038,TLR-9134,C503707,cash withdrawal,198.91,CAD
CA00034027,2025-04-09,BR037,TLR-4202,C501534,cash withdrawal,488.4,CAD
CA00027006,2025-04-12,BR002,TLR-7257,C503809,cash withdrawal,-306.5,CAD
CA00034615,2025-04-08,BR040,TLR-8709,C500295,cash deposit,401.65,CAD
CA00031066,2025-04-06,BR023,TLR-9792,C501924,cash withdrawal,1715.36,CAD
CA00031846,2025-04-26,BR026,TLR-3612,C502654,cash deposit,1194.3,CAD
CA00035146,2025-04-30,BR040,TLR-3778,C501873,cash withdrawal,410.54,CAD
CA00031795,2025-04-25,BR026,TLR-5986,C501040,cash withdrawal,-245.16,CAD
CA00033228,2025-04-21,BR034,TLR-4041,C500416,cash deposit,1291.17,CAD
CA00027767,2025-04-12,BR006,TLR-9763,C500139,cash deposit,533.39,CAD
CA00032309,2025-04-13,BR029,TLR-1125,C501524,cash deposit,1214.6,CAD
CA00034218,2025-04-12,BR038,TLR-4343,C500660,cash deposit,6132.97,CAD
CA00030517,2025-04-29,BR019,TLR-6982,C501893,cash deposit,827.56,CAD
CA00033674,2025-04-04,BR036,TLR-9930,C502008,cash deposit,546.6,CAD
CA00027048,2025-04-02,BR002,TLR-8411,C503169,cash withdrawal,-1507.65,CAD
CA00031525,2025-04-19,BR025,TLR-3227,C500149,cash withdrawal,-2232.03,CAD
CA00031863,2025-04-11,BR027,TLR-4806,C500832,cash withdrawal,655.76,CAD
CA00027921,2025-04-14,BR006,TLR-8692,C502587,cash withdrawal,920.71,CAD
CA00034714,2025-04-07,BR040,TLR-2936,C503916,cash withdrawal,432.67,CAD
CA00029337,2025-04-16,BR014,TLR-4397,C503800,cash deposit,401.84,CAD
CA00032923,2025-04-18,BR032,TLR-2457,C500808,cash withdrawal,824.06,CAD
CA00030260,2025-04-22,BR019,TLR-6841,C502028,cash deposit,1886.32,CAD
CA00028372,2025-04-07,BR008,TLR-2213,C500276,cash deposit,1068.96,CAD
CA00027140,2025-04-05,BR003,TLR-7410,C500351,cash deposit,720.27,CAD
CA00030985,2025-04-19,BR022,TLR-3709,C503527,cash withdrawal,878.54,CAD
CA00033488,2025-04-18,BR035,TLR-3250,C502060,cash withdrawal,1810.36,CAD
CA00026986,2025-04-13,BR002,TLR-5753,C501569,cash deposit,831.7,CAD
CA00030216,2025-04-07,BR018,TLR-1772,C501376,cash withdrawal,378.63,CAD
CA00029749,2025-04-13,BR016,TLR-3557,C502513,cash withdrawal,1825.35,CAD
CA00031940,2025-04-25,BR027,TLR-4592,C503638,cash deposit,1787.23,CAD
CA00029523,2025-04-16,BR015,TLR-1530,C503486,cash withdrawal,919.18,CAD
CA00029497,2025-04-07,BR015,TLR-3311,C500568,cash withdrawal,227.47,CAD
CA00029075,2025-04-05,BR012,TLR-7560,C503107,cash deposit,2217.12,CAD
CA00035053,2025-04-30,BR040,TLR-5734,C500216,cash deposit,697.83,CAD
CA00030292,2025-04-21,BR019,TLR-4911,C500341,cash deposit,259.92,CAD
CA00034034,2025-04-16,BR037,TLR-3986,C503253,cash withdrawal,1110.7,CAD
CA00028252,2025-04-25,BR008,TLR-9915,C503907,cash deposit,373.17,CAD
CA00030911,2025-04-30,BR021,TLR-3911,C502192,cash withdrawal,831.5,CAD
CA00030465,2025-04-22,BR019,TLR-2234,C500990,cash deposit,1267.8,CAD
CA00028987,2025-04-15,BR012,TLR-4962,C500382,cash deposit,300.16,CAD
CA00026754,2025-04-28,BR001,TLR-2966,C503790,cash deposit,899.6,CAD
CA00032407,2025-04-30,BR030,TLR-5272,C503525,cash withdrawal,542.98,CAD
CA00030316,2025-04-01,BR019,TLR-9273,C500575,cash deposit,426.14,CAD
CA00030257,2025-04-29,BR019,TLR-5240,C503201,cash deposit,668.69,CAD
CA00031727,2025-04-23,BR026,TLR-9705,C500667,cash withdrawal,-2928.45,CAD
CA00027633,2025-04-27,BR005,TLR-5656,C502056,cash deposit,1360.64,CAD
CA00026812,2025-04-15,BR001,TLR-4727,C503065,cash deposit,656.72,CAD
CA00035096,2025-04-14,BR040,TLR-6678,C500134,cash deposit,3759.25,CAD
CA00034605,2025-04-03,BR039,TLR-3011,C502769,cash withdrawal,423.11,CAD
CA00028772,2025-04-19,BR010,TLR-8907,C503621,cash withdrawal,788.0,CAD
CA00034505,2025-04-13,BR039,TLR-1613,C503838,cash withdrawal,1060.99,CAD
CA00033888,2025-04-18,BR036,TLR-2781,C502268,cash deposit,885.42,CAD
CA00034531,2025-04-16,BR039,TLR-4948,C500602,cash withdrawal,1477.71,CAD
CA00032231,2025-04-09,BR029,TLR-3668,C500689,cash withdrawal,665.22,CAD
CA00029896,2025-04-22,BR017,TLR-9349,C503887,cash deposit,1075.59,CAD
CA00028365,2025-04-15,BR008,TLR-1895,C500008,cash deposit,680.96,CAD
CA00031478,2025-04-09,BR025,TLR-8756,C501038,cash deposit,956.22,CAD
CA00031909,2025-04-13,BR027,TLR-4128,C501726,cash withdrawal,731.96,CAD
CA00030205,2025-04-28,BR018,TLR-3855,C500390,cash deposit,1114.58,CAD
CA00030883,2025-04-12,BR021,TLR-3646,C501372,cash withdrawal,2306.05,CAD
CA00028807,2025-04-26,BR011,TLR-5459,C501023,cash deposit,1142.58,CAD
CA00027454,2025-04-26,BR004,TLR-8901,C501337,cash deposit,2363.2,CAD
CA00032442,2025-04-09,BR030,TLR-5819,C502710,cash deposit,1411.06,CAD
CA00031690,2025-04-03,BR026,TLR-1403,C500329,cash withdrawal,-801.37,CAD
CA00027280,2025-04-14,BR003,TLR-2092,C502821,cash withdrawal,4800.49,CAD
CA00034823,2025-04-30,BR040,TLR-2974,C502748,cash withdrawal,2606.74,CAD
CA00032596,2025-04-12,BR030,TLR-6411,C500046,cash deposit,687.6,CAD
CA00027398,2025-04-12,BR004,TLR-8903,C500088,cash withdrawal,1066.84,CAD
CA00034043,2025-04-04,BR037,TLR-8454,C503165,cash deposit,830.66,CAD
CA00033370,2025-04-18,BR035,TLR-4403,C502965,cash withdrawal,827.66,CAD
CA00030235,2025-04-14,BR019,TLR-4575,C501130,cash withdrawal,1583.65,CAD
CA00033935,2025-04-22,BR037,TLR-4552,C500393,cash deposit,3007.45,CAD
CA00034321,2025-04-16,BR038,TLR-5361,C502594,cash withdrawal,1068.31,CAD
CA00030378,2025-04-05,BR019,TLR-3830,C502170,cash deposit,667.45,CAD
CA00028068,2025-04-18,BR007,TLR-5023,C502079,cash deposit,1193.81,CAD
CA00029057,2025-04-29,BR012,TLR-1885,C501923,cash deposit,181.16,CAD
CA00029656,2025-04-04,BR015,TLR-4480,C501469,cash withdrawal,494.39,CAD
CA00027088,2025-04-04,BR002,TLR-1826,C502027,cash deposit,1266.61,CAD
CA00027994,2025-04-20,BR007,TLR-1004,C502884,cash withdrawal,497.48,CAD
CA00027129,2025-04-03,BR003,TLR-9292,C501235,cash deposit,1913.65,CAD
CA00028589,2025-04-17,BR010,TLR-4869,C503380,cash deposit,3551.64,CAD
CA00026742,2025-04-08,BR001,TLR-4389,C503631,cash deposit,1133.69,CAD
CA00027690,2025-04-18,BR006,TLR-6307,C500971,cash withdrawal,871.51,CAD
CA00029807,2025-04-29,BR016,TLR-3808,C503864,cash withdrawal,1271.46,CAD
CA00030894,2025-04-18,BR021,TLR-1423,C502098,cash withdrawal,775.33,CAD
CA00030304,2025-04-18,BR019,TLR-5626,C503745,cash withdrawal,446.88,CAD
CA00027686,2025-04-08,BR006,TLR-2830,C500756,cash withdrawal,507.22,CAD
CA00030952,2025-04-27,BR022,TLR-8976,C501507,cash deposit,1000.64,CAD
CA00026642,2025-04-30,BR001,TLR-1283,C500733,cash withdrawal,5300.3,CAD
CA00032466,2025-04-09,BR030,TLR-2078,C503797,cash deposit,743.68,CAD
CA00034398,2025-04-04,BR039,TLR-2644,C503836,cash deposit,478.86,CAD
CA00034772,2025-04-15,BR040,TLR-7643,C501120,cash withdrawal,694.62,CAD
CA00034432,2025-04-30,BR039,TLR-9725,C501605,cash withdrawal,3545.3,CAD
CA00034586,2025-04-26,BR039,TLR-7790,C502484,cash deposit,277.61,CAD
CA00031988,2025-04-29,BR027,TLR-1213,C502033,cash deposit,317.11,CAD
CA00026713,2025-04-21,BR001,TLR-4287,C502856,cash deposit,177.75,CAD
CA00031679,2025-04-13,BR026,TLR-2094,C501432,cash deposit,1373.31,CAD
CA00026759,2025-04-22,BR001,TLR-2439,C502601,cash withdrawal,1355.27,CAD
CA00034408,2025-04-26,BR039,TLR-8500,C500089,cash deposit,1309.47,CAD
CA00028782,2025-04-11,BR011,TLR-2638,C503048,cash withdrawal,756.69,CAD
CA00030293,2025-04-14,BR019,TLR-2907,C501856,cash deposit,1197.76,CAD
CA00034477,2025-04-09,BR039,TLR-1760,C503686,cash withdrawal,1845.31,CAD
CA00033384,2025-04-14,BR035,TLR-9228,C503678,cash deposit,6279.82,CAD
CA00030139,2025-04-21,BR018,TLR-9047,C501292,cash deposit,1226.51,CAD
CA00033732,2025-04-10,BR036,TLR-3967,C501954,cash withdrawal,678.65,CAD
CA00034621,2025-04-24,BR040,TLR-2431,C501903,cash withdrawal,1583.57,CAD
CA00032065,2025-04-11,BR028,TLR-6899,C502018,cash withdrawal,753.6,CAD
CA00028633,2025-04-29,BR010,TLR-3862,C500038,cash deposit,612.08,CAD
CA00032981,2025-04-02,BR032,TLR-2470,C503159,cash deposit,394.73,CAD
CA00027405,2025-04-16,BR004,TLR-3272,C500554,cash withdrawal,588.99,CAD
CA00031515,2025-04-29,BR025,TLR-1712,C500185,cash withdrawal,-900.12,CAD
CA00028974,2025-04-10,BR012,TLR-9762,C503112,cash deposit,1620.75,CAD
CA00032415,2025-04-14,BR030,TLR-6976,C500407,cash deposit,1815.61,CAD
CA00035195,2025-04-27,BR040,TLR-2296,C502506,cash deposit,1296.87,CAD
CA00026740,2025-04-21,BR001,TLR-8142,C500988,cash withdrawal,853.64,CAD
CA00034251,2025-04-20,BR038,TLR-9454,C502294,cash withdrawal,1144.59,CAD
CA00028096,2025-04-17,BR007,TLR-7238,C503513,cash withdrawal,1011.84,CAD
CA00032016,2025-04-29,BR027,TLR-9547,C500405,cash deposit,829.68,CAD
CA00029205,2025-04-06,BR014,TLR-9693,C503184,cash withdrawal,1269.54,CAD
CA00035184,2025-04-16,BR040,TLR-8913,C500584,cash withdrawal,1156.46,CAD
CA00033939,2025-04-10,BR037,TLR-2388,C501768,cash withdrawal,3361.97,CAD
CA00029689,2025-04-22,BR016,TLR-7171,C502481,cash deposit,847.75,CAD
CA00027119,2025-04-30,BR003,TLR-2891,C500133,cash withdrawal,527.19,CAD
CA00034019,2025-04-03,BR037,TLR-9426,C502252,cash withdrawal,1008.74,CAD
CA00031102,2025-04-01,BR023,TLR-1284,C500072,cash deposit,2197.98,CAD
CA00028702,2025-04-06,BR010,TLR-2563,C500729,cash deposit,2032.02,CAD
CA00032941,2025-04-25,BR032,TLR-7218,C502487,cash deposit,1499.52,CAD
CA00030160,2025-04-22,BR018,TLR-1715,C500244,cash deposit,484.39,CAD
CA00032663,2025-04-21,BR031,TLR-6360,C502849,cash withdrawal,802.54,CAD
CA00031506,2025-04-25,BR025,TLR-9500,C501154,cash withdrawal,-429.56,CAD
CA00035384,2025-04-06,BR040,TLR-5799,C500147,cash deposit,769.75,CAD
CA00031238,2025-04-12,BR024,TLR-9712,C501490,cash withdrawal,942.59,CAD
CA00029841,2025-04-05,BR016,TLR-2614,C501933,cash deposit,419.19,CAD
CA00028001,2025-04-07,BR007,TLR-2185,C503072,cash withdrawal,942.02,CAD
CA00034709,2025-04-29,BR040,TLR-1004,C503054,cash withdrawal,1475.9,CAD
CA00033621,2025-04-30,BR036,TLR-4257,C500199,cash deposit,2181.64,CAD
CA00027884,2025-04-26,BR006,TLR-9539,C500180,cash deposit,1174.96,CAD
CA00034039,2025-04-07,BR037,TLR-5951,C501520,cash withdrawal,398.73,CAD
CA00033910,2025-04-05,BR037,TLR-4088,C502801,cash withdrawal,442.87,CAD
CA00028305,2025-04-03,BR008,TLR-1821,C501518,cash deposit,469.98,CAD
CA00034476,2025-04-10,BR039,TLR-3300,C500930,cash deposit,959.94,CAD
CA00031047,2025-04-29,BR023,TLR-5765,C502969,cash deposit,696.2,CAD
CA00031297,2025-04-10,BR024,TLR-5522,C500538,cash withdrawal,5449.44,CAD
CA00032487,2025-04-04,BR030,TLR-6958,C502458,cash deposit,383.7,CAD
CA00027273,2025-04-15,BR003,TLR-8498,C503873,cash withdrawal,1233.63,CAD
CA00033220,2025-04-02,BR034,TLR-8941,C503185,cash withdrawal,1612.65,CAD
CA00030035,2025-04-07,BR017,TLR-8676,C501515,cash deposit,1324.17,CAD
CA00028104,2025-04-08,BR007,TLR-4263,C503275,cash deposit,807.58,CAD
CA00026687,2025-04-06,BR001,TLR-8125,C502507,cash withdrawal,952.47,CAD
CA00033334,2025-04-18,BR034,TLR-9306,C500388,cash deposit,1472.81,CAD
CA00028106,2025-04-10,BR007,TLR-9812,C503066,cash withdrawal,415.12,CAD
CA00035346,2025-04-15,BR040,TLR-2800,C503435,cash deposit,1346.59,CAD
CA00034671,2025-04-10,BR040,TLR-2186,C502218,cash deposit,406.91,CAD
CA00030093,2025-04-15,BR017,TLR-4341,C502385,cash deposit,672.46,CAD
CA00033538,2025-04-22,BR035,TLR-2132,C503700,cash withdrawal,1109.93,CAD
CA00034690,2025-04-22,BR040,TLR-1316,C503783,cash deposit,1654.35,CAD
CA00027166,2025-04-08,BR003,TLR-6137,C503213,cash withdrawal,1117.56,CAD
CA00029435,2025-04-01,BR015,TLR-5298,C503362,cash deposit,1903.14,CAD
CA00028264,2025-04-06,BR008,TLR-6822,C503431,cash deposit,2708.3,CAD
CA00030092,2025-04-12,BR017,TLR-1588,C502939,cash deposit,3598.84,CAD
CA00026845,2025-04-14,BR001,TLR-2855,C501180,cash deposit,632.0,CAD
CA00029612,2025-04-18,BR015,TLR-6803,C502707,cash deposit,498.94,CAD
CA00034856,2025-04-11,BR040,TLR-7978,C500006,cash withdrawal,2270.81,CAD
CA00033134,2025-04-22,BR033,TLR-6087,C501294,cash withdrawal,1120.9,CAD
CA00031637,2025-04-30,BR026,TLR-3823,C502430,cash withdrawal,-382.15,CAD
CA00034723,2025-04-10,BR040,TLR-1323,C501917,cash deposit,911.71,CAD
CA00027764,2025-04-30,BR006,TLR-1896,C503910,cash withdrawal,415.8,CAD
CA00031467,2025-04-16,BR025,TLR-2721,C501501,cash withdrawal,-865.33,CAD
CA00032743,2025-04-08,BR031,TLR-5149,C502746,cash withdrawal,1698.0,CAD
CA00035168,2025-04-26,BR040,TLR-1816,C503349,cash withdrawal,1033.79,CAD
CA00028788,2025-04-13,BR011,TLR-2374,C500515,cash deposit,1957.79,CAD
CA00034628,2025-04-22,BR040,TLR-2464,C503923,cash withdrawal,1660.25,CAD
CA00028278,2025-04-21,BR008,TLR-3863,C503756,cash withdrawal,1061.62,CAD
CA00033017,2025-04-15,BR032,TLR-4220,C503651,cash deposit,1096.0,CAD
CA00030663,2025-04-15,BR020,TLR-2936,C503460,cash deposit,5006.29,USD
CA00027786,2025-04-05,BR006,TLR-1304,C503166,cash deposit,1318.33,CAD
CA00033852,2025-04-16,BR036,TLR-3224,C503402,cash withdrawal,919.29,CAD
CA00027094,2025-04-14,BR002,TLR-5212,C500157,cash withdrawal,-762.11,CAD
CA00030714,2025-04-25,BR020,TLR-4389,C500313,cash deposit,1155.74,USD
CA00028424,2025-04-19,BR008,TLR-4386,C502704,cash withdrawal,331.83,CAD
CA00029288,2025-04-20,BR014,TLR-3315,C502167,cash deposit,1129.25,CAD
CA00035079,2025-04-02,BR040,TLR-7703,C503713,cash deposit,1092.35,CAD
CA00028359,2025-04-19,BR008,TLR-2476,C501965,cash withdrawal,2048.85,CAD
CA00034340,2025-04-13,BR038,TLR-5981,C501403,cash deposit,698.35,CAD
CA00031110,2025-04-24,BR023,TLR-1952,C500470,cash deposit,2310.13,CAD
CA00032324,2025-04-20,BR030,TLR-4013,C503380,cash withdrawal,977.7,CAD
CA00034848,2025-04-17,BR040,TLR-4560,C503629,cash withdrawal,1143.24,CAD
CA00028468,2025-04-11,BR009,TLR-5123,C503234,cash withdrawal,1257.63,CAD
CA00034683,2025-04-26,BR040,TLR-8805,C500228,cash deposit,1124.16,CAD
CA00027682,2025-04-17,BR005,TLR-5883,C502196,cash deposit,727.7,CAD
CA00029922,2025-04-02,BR017,TLR-8773,C501263,cash withdrawal,1850.8,CAD
CA00026893,2025-04-24,BR002,TLR-5312,C501508,cash deposit,1190.02,CAD
CA00034227,2025-04-07,BR038,TLR-6753,C500550,cash deposit,1039.85,CAD
CA00032050,2025-04-18,BR028,TLR-8961,C500216,cash withdrawal,705.73,CAD
CA00030615,2025-04-16,BR020,TLR-5952,C501387,cash deposit,527.94,USD
CA00029674,2025-04-22,BR016,TLR-9262,C500790,cash withdrawal,1239.54,CAD
CA00034651,2025-04-09,BR040,TLR-5064,C503410,cash withdrawal,1398.91,CAD
CA00028431,2025-04-30,BR008,TLR-4731,C502243,cash withdrawal,1754.1,CAD
CA00035070,2025-04-07,BR040,TLR-4820,C503603,cash withdrawal,2031.35,CAD
CA00027124,2025-04-21,BR003,TLR-2425,C501960,cash withdrawal,3611.52,CAD
CA00032377,2025-04-15,BR030,TLR-6575,C503304,cash withdrawal,212.06,CAD
CA00034915,2025-04-01,BR040,TLR-5682,C501777,cash withdrawal,922.9,CAD
CA00027964,2025-04-05,BR006,TLR-3902,C501539,cash withdrawal,382.82,CAD
CA00029873,2025-04-13,BR017,TLR-5236,C502350,cash deposit,1010.46,CAD
CA00031146,2025-04-09,BR024,TLR-8191,C500025,cash withdrawal,753.92,CAD
CA00030778,2025-04-22,BR021,TLR-9591,C502092,cash deposit,469.96,CAD
CA00033500,2025-04-19,BR035,TLR-1152,C502104,cash deposit,1056.36,CAD
CA00032240,2025-04-23,BR029,TLR-2550,C503249,cash withdrawal,596.37,CAD
CA00028984,2025-04-24,BR012,TLR-9952,C500086,cash withdrawal,715.66,CAD
CA00029985,2025-04-15,BR017,TLR-5556,C501082,cash withdrawal,1173.36,CAD
CA00033723,2025-04-25,BR036,TLR-6042,C501847,cash deposit,2337.24,CAD
CA00027907,2025-04-03,BR006,TLR-6403,C500152,cash deposit,1563.23,CAD
CA00027176,2025-04-02,BR003,TLR-9218,C502109,cash withdrawal,500.6,CAD
CA00031449,2025-04-14,BR025,TLR-3963,C500320,cash withdrawal,-472.67,CAD
CA00030924,2025-04-01,BR021,TLR-8089,C500216,cash withdrawal,3648.23,CAD
CA00026775,2025-04-04,BR001,TLR-7975,C501365,cash withdrawal,3215.1,CAD
CA00031743,2025-04-05,BR026,TLR-4136,C503682,cash deposit,3773.96,CAD
CA00034545,2025-04-17,BR039,TLR-3379,C502127,cash withdrawal,1998.51,CAD
CA00033188,2025-04-24,BR034,TLR-3419,C501321,cash deposit,160.04,CAD
CA00031881,2025-04-12,BR027,TLR-6810,C503972,cash withdrawal,2037.62,CAD
CA00032885,2025-04-17,BR032,TLR-9109,C502237,cash withdrawal,547.59,CAD
CA00034456,2025-04-12,BR039,TLR-9569,C501200,cash deposit,710.83,CAD
CA00027924,2025-04-16,BR006,TLR-8405,C503800,cash deposit,1918.35,CAD
CA00031636,2025-04-19,BR026,TLR-9226,C500817,cash deposit,2034.85,CAD
CA00033371,2025-04-18,BR035,TLR-7128,C501347,cash deposit,301.82,CAD
CA00028035,2025-04-10,BR007,TLR-8014,C503716,cash deposit,292.62,CAD
CA00027543,2025-04-06,BR004,TLR-9078,C501760,cash withdrawal,3574.51,CAD
CA00029071,2025-04-03,BR012,TLR-4355,C502412,cash deposit,2649.01,CAD
CA00028676,2025-04-02,BR010,TLR-6615,C503454,cash withdrawal,1238.37,CAD
CA00027532,2025-04-04,BR004,TLR-5408,C502483,cash withdrawal,4072.04,CAD
CA00026888,2025-04-22,BR001,TLR-2584,C501152,cash withdrawal,1469.72,CAD
CA00026994,2025-04-30,BR002,TLR-5490,C501240,cash withdrawal,-1131.85,CAD
CA00027745,2025-04-03,BR006,TLR-5581,C503441,cash withdrawal,837.96,CAD
CA00026881,2025-04-28,BR001,TLR-2790,C500749,cash withdrawal,1826.88,CAD
CA00031513,2025-04-18,BR025,TLR-4644,C503712,cash deposit,722.14,CAD
CA00033392,2025-04-30,BR035,TLR-5490,C501712,cash deposit,1529.23,CAD
CA00029812,2025-04-16,BR016,TLR-6807,C501882,cash deposit,1171.02,CAD
CA00028054,2025-04-15,BR007,TLR-4807,C500951,cash deposit,1303.46,CAD
CA00032650,2025-04-25,BR031,TLR-6258,C502043,cash withdrawal,234.71,CAD
CA00032392,2025-04-24,BR030,TLR-6275,C500354,cash deposit,695.64,CAD
CA00027311,2025-04-24,BR003,TLR-8250,C503606,cash withdrawal,1210.88,CAD
CA00029397,2025-04-06,BR015,TLR-8691,C502849,cash deposit,480.24,CAD
CA00029646,2025-04-02,BR015,TLR-8183,C502121,cash deposit,1903.7,CAD
CA00027900,2025-04-12,BR006,TLR-6730,C501122,cash deposit,284.81,CAD
CA00028224,2025-04-24,BR008,TLR-1295,C502721,cash withdrawal,880.3,CAD
CA00031338,2025-04-30,BR024,TLR-4701,C501515,cash withdrawal,583.69,CAD
CA00035356,2025-04-25,BR040,TLR-4988,C503039,cash withdrawal,1037.52,CAD
CA00026777,2025-04-27,BR001,TLR-1927,C501115,cash withdrawal,399.78,CAD
CA00028939,2025-04-17,BR012,TLR-2542,C500963,cash withdrawal,1680.03,CAD
CA00034955,2025-04-06,BR040,TLR-2738,C502573,cash withdrawal,1827.85,CAD
CA00030059,2025-04-13,BR017,TLR-8014,C501360,cash deposit,1027.9,CAD
CA00031672,2025-04-26,BR026,TLR-2293,C500775,cash withdrawal,-756.98,CAD
CA00032314,2025-04-08,BR029,TLR-9143,C500510,cash deposit,2306.52,CAD
CA00028244,2025-04-20,BR008,TLR-4123,C503622,cash withdrawal,1143.36,CAD
CA00027846,2025-04-16,BR006,TLR-8407,C500242,cash deposit,548.47,CAD
CA00034011,2025-04-23,BR037,TLR-9237,C503014,cash deposit,629.64,CAD
CA00027215,2025-04-30,BR003,TLR-8804,C501564,cash withdrawal,538.28,CAD
CA00028558,2025-04-10,BR009,TLR-2012,C501853,cash withdrawal,690.7,CAD
CA00033697,2025-04-08,BR036,TLR-5348,C500180,cash withdrawal,1869.88,CAD
CA00030344,2025-04-17,BR019,TLR-4917,C503151,cash withdrawal,1301.97,CAD
CA00026941,2025-04-30,BR002,TLR-3160,C502642,cash withdrawal,-620.13,CAD
CA00027988,2025-04-15,BR007,TLR-8292,C503673,cash withdrawal,330.77,CAD
CA00028690,2025-04-15,BR010,TLR-5541,C503649,cash deposit,437.04,CAD
CA00033737,2025-04-23,BR036,TLR-4230,C502573,cash withdrawal,375.72,CAD
CA00028913,2025-04-14,BR012,TLR-7396,C502283,cash deposit,828.09,CAD
CA00028452,2025-04-13,BR009,TLR-3718,C501496,cash withdrawal,2340.03,CAD
CA00029376,2025-04-28,BR014,TLR-6604,C501509,cash deposit,301.04,CAD
CA00026944,2025-04-12,BR002,TLR-7375,C503831,cash deposit,300.08,CAD
CA00030551,2025-04-29,BR019,TLR-8797,C502888,cash deposit,365.13,CAD
CA00029478,2025-04-11,BR015,TLR-5246,C503821,cash withdrawal,766.31,CAD
CA00034192,2025-04-07,BR038,TLR-5481,C503907,cash withdrawal,6110.75,CAD
CA00033066,2025-04-24,BR033,TLR-2460,C501553,cash deposit,331.97,CAD
CA00027480,2025-04-01,BR004,TLR-8516,C503803,cash deposit,2369.38,CAD
CA00032529,2025-04-11,BR030,TLR-2826,C502714,cash withdrawal,390.72,CAD
CA00033754,2025-04-24,BR036,TLR-9968,C501279,cash deposit,5526.27,CAD
CA00029144,2025-04-21,BR013,TLR-1698,C501496,cash deposit,603.39,CAD
CA00032645,2025-04-01,BR031,TLR-7314,C501209,cash deposit,1206.95,CAD
CA00033158,2025-04-28,BR033,TLR-7121,C500751,cash withdrawal,941.86,CAD
CA00033963,2025-04-08,BR037,TLR-1065,C503429,cash deposit,279.99,CAD
CA00031591,2025-04-30,BR025,TLR-8777,C502611,cash withdrawal,-1002.74,CAD
CA00030274,2025-04-24,BR019,TLR-9911,C500328,cash deposit,476.43,CAD
CA00035223,2025-04-02,BR040,TLR-9140,C500155,cash withdrawal,2426.6,CAD
CA00032251,2025-04-23,BR029,TLR-5402,C503473,cash deposit,539.36,CAD
CA00028508,2025-04-07,BR009,TLR-9797,C500414,cash withdrawal,1284.27,CAD
CA00029059,2025-04-27,BR012,TLR-3486,C500347,cash deposit,1445.06,CAD
CA00033113,2025-04-05,BR033,TLR-2016,C501408,cash deposit,581.58,CAD
CA00028919,2025-04-19,BR012,TLR-8015,C500665,cash withdrawal,520.89,CAD
CA00029133,2025-04-15,BR013,TLR-4911,C503717,cash withdrawal,642.92,CAD
CA00031685,2025-04-18,BR026,TLR-3339,C500409,cash withdrawal,-1144.95,CAD
CA00026928,2025-04-16,BR002,TLR-6111,C503323,cash withdrawal,-1055.13,CAD
CA00027787,2025-04-16,BR006,TLR-2161,C500592,cash deposit,1519.7,CAD
CA00030371,2025-04-07,BR019,TLR-4609,C501157,cash deposit,616.26,CAD
CA00031684,2025-04-23,BR026,TLR-2545,C503908,cash deposit,424.05,CAD
CA00034659,2025-04-04,BR040,TLR-7225,C500252,cash withdrawal,2055.28,CAD
CA00034315,2025-04-03,BR038,TLR-9445,C502269,cash withdrawal,3359.3,CAD
CA00028597,2025-04-25,BR010,TLR-6270,C502024,cash deposit,650.45,CAD
CA00029939,2025-04-25,BR017,TLR-6680,C500409,cash deposit,556.59,CAD
CA00028165,2025-04-29,BR007,TLR-3046,C503245,cash withdrawal,933.13,CAD
CA00030280,2025-04-30,BR019,TLR-8241,C500984,cash deposit,1050.1,CAD
CA00034280,2025-04-16,BR038,TLR-5934,C500075,cash deposit,1333.87,CAD
CA00030648,2025-04-06,BR020,TLR-1007,C503487,cash withdrawal,454.84,USD
CA00027252,2025-04-29,BR003,TLR-2772,C501645,cash withdrawal,843.86,CAD
CA00027771,2025-04-03,BR006,TLR-6602,C503014,cash withdrawal,1453.42,CAD
CA00029450,2025-04-04,BR015,TLR-8795,C500714,cash withdrawal,1707.75,CAD
CA00031593,2025-04-14,BR025,TLR-9745,C503517,cash deposit,680.68,CAD
CA00032954,2025-04-03,BR032,TLR-7004,C502481,cash withdrawal,804.84,CAD
CA00031339,2025-04-23,BR024,TLR-1874,C500389,cash withdrawal,932.87,CAD
CA00030893,2025-04-06,BR021,TLR-9749,C500307,cash withdrawal,588.57,CAD
CA00033225,2025-04-16,BR034,TLR-1294,C501507,cash deposit,1583.02,CAD
CA00027301,2025-04-29,BR003,TLR-5108,C502285,cash deposit,223.49,CAD
CA00032115,2025-04-15,BR028,TLR-2384,C503269,cash deposit,654.45,CAD
CA00027619,2025-04-19,BR005,TLR-2672,C501787,cash withdrawal,653.93,CAD
CA00028105,2025-04-30,BR007,TLR-5909,C500228,cash withdrawal,1086.42,CAD
CA00027683,2025-04-02,BR005,TLR-1485,C501382,cash deposit,1830.43,CAD
CA00028621,2025-04-15,BR010,TLR-3361,C500130,cash deposit,1497.48,CAD
CA00030162,2025-04-26,BR018,TLR-4265,C503227,cash deposit,2564.34,CAD
CA00035104,2025-04-07,BR040,TLR-8092,C500212,cash withdrawal,683.46,CAD
CA00029936,2025-04-09,BR017,TLR-5453,C502995,cash deposit,669.61,CAD
CA00032701,2025-04-27,BR031,TLR-7876,C502396,cash deposit,680.22,CAD
CA00027874,2025-04-26,BR006,TLR-8007,C501953,cash withdrawal,907.35,CAD
CA00030941,2025-04-06,BR021,TLR-4750,C501401,cash deposit,568.49,CAD
CA00028817,2025-04-28,BR011,TLR-5816,C503870,cash withdrawal,3252.34,CAD
CA00034123,2025-04-17,BR037,TLR-7649,C500930,cash deposit,2750.62,CAD
CA00030315,2025-04-04,BR019,TLR-6273,C503839,cash deposit,1261.88,CAD
CA00034619,2025-04-19,BR040,TLR-9529,C503831,cash deposit,614.43,CAD
CA00033460,2025-04-24,BR035,TLR-9604,C500878,cash withdrawal,1644.29,CAD
CA00034110,2025-04-15,BR037,TLR-9204,C503372,cash deposit,215.61,CAD
CA00027282,2025-04-03,BR003,TLR-2858,C503163,cash deposit,956.93,CAD
CA00034115,2025-04-27,BR037,TLR-3074,C501617,cash withdrawal,886.06,CAD
CA00027895,2025-04-15,BR006,TLR-5546,C500108,cash deposit,1680.12,CAD
CA00029794,2025-04-22,BR016,TLR-7906,C503631,cash withdrawal,948.78,CAD
CA00032275,2025-04-30,BR029,TLR-5742,C501850,cash withdrawal,1073.23,CAD
CA00031724,2025-04-30,BR026,TLR-3577,C503037,cash deposit,493.35,CAD
CA00027826,2025-04-25,BR006,TLR-8978,C500431,cash withdrawal,5000.7,CAD
CA00029448,2025-04-28,BR015,TLR-5232,C503434,cash deposit,1674.59,CAD
CA00032845,2025-04-19,BR031,TLR-1293,C503989,cash withdrawal,314.54,CAD
CA00029758,2025-04-05,BR016,TLR-6028,C500183,cash withdrawal,559.26,CAD
CA00034329,2025-04-27,BR038,TLR-2624,C501793,cash deposit,1088.75,CAD
CA00028494,2025-04-12,BR009,TLR-9247,C502975,cash deposit,843.88,CAD
CA00034891,2025-04-19,BR040,TLR-4908,C501762,cash withdrawal,2002.43,CAD
CA00026698,2025-04-30,BR001,TLR-2290,C500580,cash deposit,1563.83,CAD
CA00029077,2025-04-16,BR012,TLR-2193,C503963,cash deposit,328.13,CAD
CA00028530,2025-04-16,BR009,TLR-1887,C503160,cash withdrawal,254.72,CAD
CA00035394,2025-04-27,BR040,TLR-7570,C501217,cash deposit,734.82,CAD
CA00028198,2025-04-18,BR007,TLR-6935,C500932,cash deposit,1158.38,CAD
CA00030187,2025-04-14,BR018,TLR-6781,C503881,cash withdrawal,1362.07,CAD
CA00028860,2025-04-29,BR012,TLR-1008,C502262,cash deposit,613.53,CAD
CA00033001,2025-04-05,BR032,TLR-2616,C501263,cash withdrawal,1251.03,CAD
CA00034006,2025-04-22,BR037,TLR-3424,C502118,cash deposit,899.89,CAD
CA00027294,2025-04-07,BR003,TLR-7132,C503531,cash deposit,376.08,CAD
CA00030840,2025-04-15,BR021,TLR-4571,C503825,cash deposit,509.89,CAD
CA00034908,2025-04-17,BR040,TLR-1235,C501908,cash withdrawal,709.25,CAD
CA00033755,2025-04-20,BR036,TLR-2369,C502472,cash deposit,615.39,CAD
CA00032751,2025-04-22,BR031,TLR-2134,C500271,cash deposit,504.35,CAD
CA00033831,2025-04-03,BR036,TLR-6433,C503005,cash deposit,450.46,CAD
CA00028794,2025-04-29,BR011,TLR-4325,C500986,cash deposit,2465.89,CAD
CA00031366,2025-04-05,BR024,TLR-3761,C503337,cash deposit,918.52,CAD
CA00027217,2025-04-21,BR003,TLR-7056,C503842,cash withdrawal,1469.89,CAD
CA00034900,2025-04-10,BR040,TLR-9247,C501176,cash deposit,1367.78,CAD
CA00035135,2025-04-21,BR040,TLR-6742,C502584,cash deposit,1722.91,CAD
CA00029424,2025-04-09,BR015,TLR-9246,C500159,cash deposit,677.03,CAD
CA00034888,2025-04-20,BR040,TLR-5497,C503947,cash deposit,1506.9,CAD
CA00035040,2025-04-07,BR040,TLR-4037,C503221,cash deposit,2715.09,CAD
CA00030717,2025-04-29,BR020,TLR-1707,C502085,cash withdrawal,730.69,USD
CA00027688,2025-04-14,BR006,TLR-5372,C501953,cash deposit,550.67,CAD
CA00031349,2025-04-05,BR024,TLR-4205,C500156,cash deposit,484.86,CAD
CA00034066,2025-04-06,BR037,TLR-9800,C500678,cash deposit,897.44,CAD
CA00029061,2025-04-16,BR012,TLR-5776,C500229,cash withdrawal,721.36,CAD
CA00031785,2025-04-17,BR026,TLR-9049,C503416,cash deposit,1091.52,CAD
CA00034828,2025-04-24,BR040,TLR-7765,C501588,cash withdrawal,1574.84,CAD
CA00027113,2025-04-30,BR003,TLR-6444,C501410,cash deposit,141.08,CAD
CA00032774,2025-04-10,BR031,TLR-4963,C503807,cash withdrawal,818.55,CAD
CA00029469,2025-04-26,BR015,TLR-1206,C503286,cash withdrawal,1451.05,CAD
CA00027086,2025-04-06,BR002,TLR-7206,C501817,cash withdrawal,-2844.92,CAD
CA00031043,2025-04-23,BR023,TLR-5024,C500256,cash withdrawal,570.68,CAD
CA00026610,2025-04-03,BR001,TLR-9423,C503873,cash deposit,2174.19,CAD
CA00034278,2025-04-05,BR038,TLR-7309,C501037,cash withdrawal,1652.45,CAD
CA00031889,2025-04-15,BR027,TLR-9126,C501012,cash deposit,2200.92,CAD
CA00029355,2025-04-28,BR014,TLR-9461,C502517,cash deposit,1119.39,CAD
CA00029956,2025-04-30,BR017,TLR-6942,C500040,cash withdrawal,952.95,CAD
CA00028668,2025-04-29,BR010,TLR-5030,C502561,cash deposit,3967.93,CAD
CA00031160,2025-04-22,BR024,TLR-6904,C500157,cash withdrawal,681.4,CAD
CA00029789,2025-04-25,BR016,TLR-2360,C502284,cash deposit,5588.74,CAD
CA00028307,2025-04-03,BR008,TLR-5111,C502186,cash withdrawal,628.54,CAD
CA00029754,2025-04-11,BR016,TLR-3120,C501209,cash deposit,989.04,CAD
CA00032130,2025-04-02,BR028,TLR-2181,C502573,cash deposit,530.22,CAD
CA00035357,2025-04-19,BR040,TLR-1333,C502798,cash deposit,1240.58,CAD
CA00034743,2025-04-02,BR040,TLR-2236,C503193,cash deposit,2161.91,CAD
CA00035155,2025-04-06,BR040,TLR-1704,C502231,cash withdrawal,1349.14,CAD
CA00035187,2025-04-02,BR040,TLR-4592,C501308,cash deposit,2512.41,CAD
CA00034135,2025-04-29,BR037,TLR-4791,C501118,cash withdrawal,1119.02,CAD
CA00028789,2025-04-03,BR011,TLR-5699,C502550,cash withdrawal,255.58,CAD
CA00032492,2025-04-01,BR030,TLR-7225,C501868,cash withdrawal,922.92,CAD
CA00028382,2025-04-20,BR008,TLR-4115,C502420,cash deposit,1121.78,CAD
CA00028466,2025-04-22,BR009,TLR-2277,C501389,cash deposit,495.8,CAD
CA00032952,2025-04-06,BR032,TLR-5509,C500864,cash withdrawal,488.43,CAD
CA00032349,2025-04-21,BR030,TLR-8074,C502249,cash deposit,1116.02,CAD
CA00030192,2025-04-26,BR018,TLR-1873,C503716,cash withdrawal,2180.62,CAD
CA00027355,2025-04-09,BR003,TLR-3489,C502231,cash withdrawal,3434.73,CAD
CA00029045,2025-04-06,BR012,TLR-5553,C500851,cash deposit,1146.1,CAD
CA00033416,2025-04-02,BR035,TLR-3850,C501141,cash withdrawal,697.37,CAD
CA00033019,2025-04-23,BR033,TLR-1632,C503360,cash deposit,429.24,CAD
CA00033127,2025-04-01,BR033,TLR-5462,C502906,cash withdrawal,1175.53,CAD
CA00032759,2025-04-17,BR031,TLR-6559,C503911,cash withdrawal,471.45,CAD
CA00032814,2025-04-17,BR031,TLR-7515,C500839,cash withdrawal,915.7,CAD
CA00033818,2025-04-08,BR036,TLR-7175,C500488,cash withdrawal,3501.64,CAD
CA00033061,2025-04-01,BR033,TLR-3498,C500238,cash deposit,361.42,CAD
CA00029525,2025-04-25,BR015,TLR-9126,C502216,cash withdrawal,324.41,CAD
CA00029377,2025-04-16,BR014,TLR-9684,C502686,cash deposit,929.95,CAD
CA00032606,2025-04-28,BR030,TLR-6232,C500991,cash withdrawal,2493.88,CAD
CA00031875,2025-04-24,BR027,TLR-4135,C502021,cash withdrawal,1054.47,CAD
CA00034698,2025-04-02,BR040,TLR-6279,C501060,cash deposit,474.42,CAD
CA00032963,2025-04-04,BR032,TLR-6332,C502688,cash deposit,1102.79,CAD
CA00030256,2025-04-05,BR019,TLR-7739,C503388,cash withdrawal,64.67,CAD
CA00030730,2025-04-16,BR020,TLR-5993,C501571,cash withdrawal,4567.82,USD
CA00028643,2025-04-17,BR010,TLR-1927,C500738,cash withdrawal,520.18,CAD
CA00027017,2025-04-23,BR002,TLR-2887,C502328,cash deposit,458.37,CAD
CA00027436,2025-04-25,BR004,TLR-6975,C503010,cash withdrawal,437.56,CAD
CA00032901,2025-04-22,BR032,TLR-9961,C502310,cash withdrawal,783.02,CAD
CA00029350,2025-04-25,BR014,TLR-9518,C501162,cash deposit,776.95,CAD
CA00034220,2025-04-15,BR038,TLR-1830,C502542,cash withdrawal,601.94,CAD
CA00029328,2025-04-20,BR014,TLR-9388,C501885,cash withdrawal,574.7,CAD
CA00033499,2025-04-24,BR035,TLR-6844,C501664,cash deposit,1067.02,CAD
CA00027299,2025-04-11,BR003,TLR-4410,C500313,cash withdrawal,1344.48,CAD
CA00028809,2025-04-09,BR011,TLR-6543,C503793,cash deposit,2084.54,CAD
CA00029052,2025-04-17,BR012,TLR-5513,C502018,cash withdrawal,696.77,CAD
CA00028970,2025-04-26,BR012,TLR-4161,C501298,cash deposit,4899.45,CAD
CA00031215,2025-04-25,BR024,TLR-5422,C500557,cash deposit,3325.27,CAD
CA00033125,2025-04-11,BR033,TLR-5590,C503772,cash withdrawal,2347.56,CAD
CA00030761,2025-04-04,BR020,TLR-6962,C501603,cash deposit,537.39,USD
CA00028820,2025-04-18,BR011,TLR-7241,C500892,cash withdrawal,571.87,CAD
CA00033924,2025-04-27,BR037,TLR-8503,C501447,cash deposit,1172.44,CAD
CA00035095,2025-04-24,BR040,TLR-2056,C502236,cash withdrawal,939.46,CAD
CA00028596,2025-04-18,BR010,TLR-6143,C500904,cash deposit,784.28,CAD
CA00031783,2025-04-17,BR026,TLR-1452,C503343,cash deposit,1473.04,CAD
CA00027471,2025-04-30,BR004,TLR-7466,C500504,cash deposit,706.54,CAD
CA00033970,2025-04-26,BR037,TLR-1472,C500942,cash withdrawal,368.7,CAD
CA00030500,2025-04-01,BR019,TLR-5017,C500224,cash withdrawal,2685.83,CAD
CA00029745,2025-04-12,BR016,TLR-6940,C502569,cash deposit,1722.06,CAD
CA00029696,2025-04-04,BR016,TLR-6039,C503498,cash withdrawal,941.87,CAD
CA00028982,2025-04-12,BR012,TLR-5932,C502404,cash deposit,1392.1,CAD
CA00033851,2025-04-22,BR036,TLR-7722,C502643,cash deposit,869.63,CAD
CA00029091,2025-04-17,BR013,TLR-5789,C502629,cash withdrawal,1323.03,CAD
CA00033889,2025-04-15,BR036,TLR-3575,C502731,cash deposit,3530.07,CAD
CA00034755,2025-04-08,BR040,TLR-6596,C502349,cash withdrawal,215.07,CAD
CA00030897,2025-04-29,BR021,TLR-5356,C503004,cash withdrawal,571.46,CAD
CA00030022,2025-04-18,BR017,TLR-9334,C501018,cash deposit,999.93,CAD
CA00034720,2025-04-21,BR040,TLR-9971,C502316,cash withdrawal,675.93,CAD
CA00032051,2025-04-02,BR028,TLR-7671,C502344,cash withdrawal,795.77,CAD
CA00026620,2025-04-06,BR001,TLR-6500,C503318,cash deposit,2700.84,CAD
CA00029747,2025-04-20,BR016,TLR-1954,C502687,cash withdrawal,1575.88,CAD
CA00027564,2025-04-01,BR004,TLR-9374,C503270,cash withdrawal,2255.02,CAD
CA00033844,2025-04-17,BR036,TLR-1719,C503533,cash withdrawal,1130.15,CAD
CA00032477,2025-04-20,BR030,TLR-6169,C502456,cash deposit,712.97,CAD
CA00030745,2025-04-19,BR020,TLR-7159,C500940,cash withdrawal,1060.89,USD
CA00029879,2025-04-18,BR017,TLR-6480,C502305,cash withdrawal,791.39,CAD
CA00031059,2025-04-19,BR023,TLR-2860,C500040,cash deposit,1540.69,CAD
CA00028630,2025-04-05,BR010,TLR-6078,C502935,cash deposit,179.16,CAD
CA00031486,2025-04-14,BR025,TLR-6698,C500426,cash withdrawal,-4678.25,CAD
CA00029452,2025-04-01,BR015,TLR-7802,C501226,cash deposit,1417.37,CAD
CA00034906,2025-04-12,BR040,TLR-9390,C501566,cash deposit,527.81,CAD
CA00029824,2025-04-15,BR016,TLR-7316,C503933,cash deposit,1690.99,CAD
CA00030669,2025-04-02,BR020,TLR-8169,C503583,cash deposit,803.73,USD
CA00029544,2025-04-18,BR015,TLR-7841,C502323,cash withdrawal,1030.89,CAD
CA00031456,2025-04-18,BR025,TLR-1100,C500363,cash withdrawal,-145.06,CAD
CA00032345,2025-04-28,BR030,TLR-6278,C503533,cash withdrawal,929.76,CAD
CA00030576,2025-04-24,BR019,TLR-8738,C502370,cash withdrawal,2389.02,CAD
CA00033542,2025-04-07,BR035,TLR-7114,C500435,cash deposit,882.95,CAD
CA00027574,2025-04-14,BR004,TLR-5172,C500752,cash deposit,332.3,CAD
CA00035017,2025-04-30,BR040,TLR-4805,C500631,cash withdrawal,346.21,CAD
CA00027109,2025-04-21,BR002,TLR-2528,C503201,cash deposit,373.03,CAD
CA00029631,2025-04-25,BR015,TLR-5851,C501024,cash withdrawal,2491.0,CAD
CA00029886,2025-04-04,BR017,TLR-6651,C503562,cash withdrawal,298.48,CAD
CA00035064,2025-04-20,BR040,TLR-1786,C503075,cash withdrawal,983.48,CAD
CA00030376,2025-04-29,BR019,TLR-9236,C500512,cash deposit,510.98,CAD
CA00028990,2025-04-11,BR012,TLR-3660,C500067,cash withdrawal,531.41,CAD
CA00031555,2025-04-18,BR025,TLR-1604,C502182,cash deposit,722.13,CAD
CA00030973,2025-04-22,BR022,TLR-1859,C503837,cash deposit,2925.92,CAD
CA00029113,2025-04-15,BR013,TLR-9488,C500300,cash deposit,2158.23,CAD
CA00029847,2025-04-06,BR016,TLR-5292,C500230,cash withdrawal,568.36,CAD
CA00027998,2025-04-10,BR007,TLR-4502,C500782,cash deposit,704.9,CAD
CA00027535,2025-04-16,BR004,TLR-4101,C503647,cash withdrawal,1092.24,CAD
CA00034918,2025-04-28,BR040,TLR-7584,C503559,cash deposit,1240.31,CAD
CA00027512,2025-04-09,BR004,TLR-6200,C503417,cash withdrawal,1178.49,CAD
CA00027047,2025-04-15,BR002,TLR-3130,C503842,cash deposit,1584.63,CAD
CA00030032,2025-04-28,BR017,TLR-2705,C502119,cash withdrawal,1962.13,CAD
CA00030640,2025-04-22,BR020,TLR-7587,C501203,cash deposit,1316.37,USD
CA00031919,2025-04-23,BR027,TLR-3255,C500967,cash withdrawal,1190.78,CAD
CA00028058,2025-04-12,BR007,TLR-6859,C503877,cash withdrawal,1255.83,CAD
CA00034584,2025-04-22,BR039,TLR-1467,C503555,cash withdrawal,2703.76,CAD
CA00032450,2025-04-01,BR030,TLR-5964,C500384,cash deposit,289.76,CAD
CA00033489,2025-04-19,BR035,TLR-6257,C503770,cash withdrawal,2999.18,CAD
CA00028208,2025-04-21,BR007,TLR-4341,C500051,cash deposit,576.33,CAD
CA00033836,2025-04-17,BR036,TLR-5002,C502778,cash withdrawal,1006.82,CAD
CA00033198,2025-04-30,BR034,TLR-9789,C502651,cash withdrawal,503.72,CAD
CA00029015,2025-04-22,BR012,TLR-2113,C500501,cash withdrawal,1342.16,CAD
CA00030020,2025-04-24,BR017,TLR-5919,C503355,cash withdrawal,516.08,CAD
CA00034924,2025-04-08,BR040,TLR-5381,C502770,cash deposit,1112.28,CAD
CA00030460,2025-04-09,BR019,TLR-8964,C503618,cash deposit,640.59,CAD
CA00030472,2025-04-23,BR019,TLR-2896,C502865,cash withdrawal,777.21,CAD
CA00028921,2025-04-29,BR012,TLR-2928,C502777,cash withdrawal,275.89,CAD
CA00034920,2025-04-10,BR040,TLR-9116,C500467,cash withdrawal,213.32,CAD
CA00030536,2025-04-13,BR019,TLR-4040,C500819,cash withdrawal,1833.81,CAD
CA00033766,2025-04-12,BR036,TLR-8400,C500695,cash deposit,1976.88,CAD
CA00034685,2025-04-18,BR040,TLR-8941,C501583,cash deposit,860.55,CAD
CA00034834,2025-04-30,BR040,TLR-7636,C502772,cash withdrawal,3114.36,CAD
CA00032506,2025-04-02,BR030,TLR-4504,C502608,cash deposit,352.03,CAD
CA00026939,2025-04-24,BR002,TLR-8839,C503931,cash withdrawal,-2473.68,CAD
CA00034794,2025-04-23,BR040,TLR-1208,C503666,cash deposit,1442.92,CAD
CA00031551,2025-04-27,BR025,TLR-9944,C501145,cash withdrawal,-321.92,CAD
CA00032317,2025-04-23,BR030,TLR-3476,C500644,cash deposit,1369.43,CAD
CA00034049,2025-04-16,BR037,TLR-9314,C501842,cash withdrawal,831.94,CAD
CA00031232,2025-04-17,BR024,TLR-1394,C501540,cash deposit,307.73,CAD
CA00035035,2025-04-03,BR040,TLR-5992,C501941,cash deposit,805.77,CAD
CA00026710,2025-04-10,BR001,TLR-5140,C500974,cash withdrawal,807.28,CAD
CA00032696,2025-04-28,BR031,TLR-9572,C501754,cash deposit,759.32,CAD
CA00032813,2025-04-20,BR031,TLR-2358,C502678,cash deposit,369.18,CAD
CA00027307,2025-04-10,BR003,TLR-2257,C501951,cash withdrawal,1311.17,CAD
CA00028978,2025-04-17,BR012,TLR-7196,C502754,cash deposit,900.9,CAD
CA00031231,2025-04-07,BR024,TLR-7403,C501166,cash withdrawal,746.37,CAD
CA00029538,2025-04-20,BR015,TLR-3278,C503034,cash deposit,307.02,CAD
CA00032268,2025-04-01,BR029,TLR-4420,C503190,cash deposit,1696.25,CAD
CA00030127,2025-04-29,BR018,TLR-8718,C501163,cash deposit,1491.4,CAD
CA00029723,2025-04-23,BR016,TLR-2156,C500202,cash withdrawal,420.08,CAD
CA00032731,2025-04-27,BR031,TLR-4673,C502293,cash withdrawal,658.87,CAD
CA00027522,2025-04-23,BR004,TLR-8474,C502723,cash withdrawal,3323.03,CAD
CA00026700,2025-04-27,BR001,TLR-2559,C501297,cash deposit,2248.96,CAD
CA00031305,2025-04-07,BR024,TLR-2984,C502224,cash deposit,866.39,CAD
CA00033064,2025-04-08,BR033,TLR-6023,C502425,cash deposit,6864.46,CAD
CA00032830,2025-04-10,BR031,TLR-2498,C503808,cash withdrawal,795.23,CAD
CA00026766,2025-04-22,BR001,TLR-9314,C503081,cash withdrawal,440.13,CAD
CA00030302,2025-04-12,BR019,TLR-5684,C500264,cash deposit,2400.95,CAD
CA00029043,2025-04-18,BR012,TLR-9980,C500603,cash deposit,236.3,CAD
CA00030946,2025-04-13,BR021,TLR-5474,C501585,cash deposit,321.61,CAD
CA00026674,2025-04-30,BR001,TLR-5409,C502796,cash deposit,1153.49,CAD
CA00035009,2025-04-01,BR040,TLR-9659,C503703,cash deposit,1262.39,CAD
CA00032683,2025-04-02,BR031,TLR-9945,C501313,cash withdrawal,425.21,CAD
CA00031051,2025-04-15,BR023,TLR-8732,C501341,cash withdrawal,1050.46,CAD
CA00029620,2025-04-02,BR015,TLR-2171,C503516,cash deposit,1526.1,CAD
CA00034455,2025-04-19,BR039,TLR-2869,C503828,cash withdrawal,2235.86,CAD
CA00032829,2025-04-21,BR031,TLR-5094,C503409,cash withdrawal,1288.1,CAD
CA00028580,2025-04-14,BR010,TLR-2699,C502035,cash deposit,1004.11,CAD
CA00028915,2025-04-20,BR012,TLR-6257,C501132,cash deposit,2304.17,CAD
CA00029892,2025-04-11,BR017,TLR-3158,C502958,cash withdrawal,475.4,CAD
CA00033584,2025-04-10,BR036,TLR-5924,C503406,cash withdrawal,677.56,CAD
CA00029216,2025-04-16,BR014,TLR-1135,C500578,cash deposit,383.55,CAD
CA00031546,2025-04-02,BR025,TLR-2161,C502597,cash withdrawal,-1277.55,CAD
CA00027556,2025-04-21,BR004,TLR-9836,C500807,cash deposit,1593.61,CAD
CA00034475,2025-04-23,BR039,TLR-4190,C502892,cash deposit,461.96,CAD
CA00032557,2025-04-01,BR030,TLR-1478,C502063,cash deposit,2459.3,CAD
CA00031669,2025-04-04,BR026,TLR-9251,C502032,cash deposit,1492.91,CAD
CA00034997,2025-04-13,BR040,TLR-8271,C502335,cash deposit,509.55,CAD
CA00033021,2025-04-24,BR033,TLR-5117,C502653,cash deposit,1905.74,CAD
CA00028612,2025-04-04,BR010,TLR-2473,C500792,cash withdrawal,1191.44,CAD
CA00034311,2025-04-08,BR038,TLR-2012,C501649,cash withdrawal,2803.78,CAD
CA00029641,2025-04-25,BR015,TLR-7040,C503645,cash withdrawal,687.42,CAD
CA00031862,2025-04-19,BR026,TLR-9111,C503914,cash withdrawal,-606.21,CAD
CA00028609,2025-04-09,BR010,TLR-1799,C501784,cash withdrawal,1134.75,CAD
CA00033528,2025-04-02,BR035,TLR-7231,C503879,cash withdrawal,968.41,CAD
CA00032199,2025-04-28,BR029,TLR-3053,C500671,cash withdrawal,1739.16,CAD
CA00030901,2025-04-04,BR021,TLR-2786,C503314,cash withdrawal,901.94,CAD
CA00028374,2025-04-17,BR008,TLR-2198,C501774,cash deposit,504.51,CAD
CA00033003,2025-04-27,BR032,TLR-9729,C503179,cash deposit,1263.41,CAD
CA00030200,2025-04-01,BR018,TLR-6181,C501686,cash withdrawal,1039.5,CAD
CA00028660,2025-04-23,BR010,TLR-9539,C502010,cash deposit,213.78,CAD
CA00032679,2025-04-20,BR031,TLR-3353,C503058,cash withdrawal,245.03,CAD
CA00031144,2025-04-30,BR024,TLR-6178,C502286,cash withdrawal,335.06,CAD
CA00029819,2025-04-05,BR016,TLR-3967,C502047,cash withdrawal,235.69,CAD
CA00029959,2025-04-14,BR017,TLR-1132,C503817,cash withdrawal,1317.84,CAD
CA00034497,2025-04-13,BR039,TLR-4952,C503857,cash deposit,279.41,CAD
CA00028261,2025-04-15,BR008,TLR-5855,C501575,cash deposit,552.94,CAD
CA00032878,2025-04-12,BR032,TLR-4058,C502721,cash withdrawal,576.56,CAD
CA00028084,2025-04-06,BR007,TLR-8194,C502197,cash deposit,2319.78,CAD
CA00034803,2025-04-13,BR040,TLR-4723,C503720,cash withdrawal,650.58,CAD
CA00030130,2025-04-08,BR018,TLR-9785,C500849,cash deposit,309.11,CAD
CA00034041,2025-04-13,BR037,TLR-3486,C502427,cash withdrawal,393.35,CAD
CA00026804,2025-04-01,BR001,TLR-5629,C502162,cash withdrawal,1900.5,CAD
CA00029774,2025-04-20,BR016,TLR-6088,C500045,cash withdrawal,1292.76,CAD
CA00031015,2025-04-03,BR022,TLR-4568,C501595,cash withdrawal,992.8,CAD
CA00026816,2025-04-26,BR001,TLR-3565,C500278,cash deposit,515.1,CAD
CA00032978,2025-04-24,BR032,TLR-3675,C502414,cash deposit,547.63,CAD
CA00027889,2025-04-05,BR006,TLR-2310,C500818,cash deposit,475.59,CAD
CA00034516,2025-04-10,BR039,TLR-8974,C502827,cash deposit,513.32,CAD
CA00032153,2025-04-26,BR028,TLR-1683,C501332,cash deposit,1406.27,CAD
CA00033769,2025-04-07,BR036,TLR-4075,C501303,cash withdrawal,2596.52,CAD
CA00030736,2025-04-29,BR020,TLR-8031,C501516,cash withdrawal,139.57,USD
CA00033310,2025-04-04,BR034,TLR-3202,C502397,cash withdrawal,779.9,CAD
CA00026883,2025-04-10,BR001,TLR-5688,C503777,cash withdrawal,789.57,CAD
CA00032858,2025-04-02,BR031,TLR-4799,C501533,cash deposit,1359.95,CAD
CA00034295,2025-04-20,BR038,TLR-6288,C501309,cash deposit,1237.01,CAD
CA00033864,2025-04-04,BR036,TLR-3700,C503050,cash deposit,4358.67,CAD
CA00033902,2025-04-01,BR036,TLR-4587,C503324,cash deposit,1446.56,CAD
CA00034657,2025-04-15,BR040,TLR-5295,C503157,cash withdrawal,800.56,CAD
CA00027658,2025-04-29,BR005,TLR-3890,C502760,cash withdrawal,719.88,CAD
CA00027354,2025-04-28,BR003,TLR-8181,C501238,cash withdrawal,855.92,CAD
CA00026951,2025-04-22,BR002,TLR-9646,C503246,cash deposit,2842.24,CAD
CA00032823,2025-04-23,BR031,TLR-2661,C500457,cash withdrawal,1954.04,CAD
CA00031360,2025-04-02,BR024,TLR-5889,C500977,cash withdrawal,561.02,CAD
CA00034541,2025-04-18,BR039,TLR-9516,C500144,cash withdrawal,1382.21,CAD
CA00031764,2025-04-07,BR026,TLR-6629,C501628,cash deposit,3617.1,CAD
CA00027407,2025-04-08,BR004,TLR-9217,C501623,cash withdrawal,1857.5,CAD
CA00029134,2025-04-13,BR013,TLR-8079,C500618,cash deposit,457.7,CAD
CA00029278,2025-04-13,BR014,TLR-2059,C502761,cash deposit,628.51,CAD
CA00029515,2025-04-29,BR015,TLR-4724,C503856,cash deposit,348.38,CAD
CA00032346,2025-04-19,BR030,TLR-7698,C502645,cash deposit,421.44,CAD
CA00031330,2025-04-01,BR024,TLR-8349,C502820,cash withdrawal,891.25,CAD
CA00030052,2025-04-25,BR017,TLR-4739,C502341,cash withdrawal,4943.12,CAD
CA00027626,2025-04-18,BR005,TLR-9651,C501982,cash deposit,709.75,CAD
CA00028843,2025-04-03,BR011,TLR-6211,C503064,cash withdrawal,868.17,CAD
CA00031963,2025-04-30,BR027,TLR-4106,C500694,cash withdrawal,354.31,CAD
CA00026980,2025-04-10,BR002,TLR-5422,C503262,cash deposit,608.66,CAD
CA00027555,2025-04-26,BR004,TLR-2006,C500982,cash deposit,784.67,CAD
CA00028453,2025-04-30,BR009,TLR-8664,C502583,cash deposit,1171.62,CAD
CA00030000,2025-04-16,BR017,TLR-6173,C500847,cash withdrawal,439.93,CAD
CA00027270,2025-04-17,BR003,TLR-1675,C500883,cash withdrawal,1364.86,CAD
CA00029797,2025-04-08,BR016,TLR-8413,C500008,cash deposit,688.59,CAD
CA00027687,2025-04-08,BR006,TLR-1918,C502772,cash withdrawal,348.33,CAD
CA00031780,2025-04-15,BR026,TLR-7674,C503458,cash withdrawal,-316.62,CAD
CA00033729,2025-04-25,BR036,TLR-4368,C502253,cash deposit,692.51,CAD
CA00031083,2025-04-15,BR023,TLR-4123,C503089,cash deposit,1395.71,CAD
CA00031113,2025-04-17,BR023,TLR-9364,C501787,cash withdrawal,2285.25,CAD
CA00031354,2025-04-23,BR024,TLR-6245,C502156,cash withdrawal,1305.39,CAD
CA00029436,2025-04-03,BR015,TLR-1954,C503903,cash withdrawal,1065.94,CAD
CA00028191,2025-04-09,BR007,TLR-8122,C503787,cash withdrawal,1129.18,CAD
CA00026769,2025-04-17,BR001,TLR-2478,C502889,cash deposit,369.99,CAD
CA00029321,2025-04-18,BR014,TLR-5279,C503485,cash withdrawal,3240.71,CAD
CA00033484,2025-04-04,BR035,TLR-1664,C502068,cash withdrawal,2408.96,CAD
CA00029998,2025-04-28,BR017,TLR-1601,C503164,cash deposit,2099.7,CAD
CA00027056,2025-04-21,BR002,TLR-9842,C502970,cash deposit,1775.12,CAD
CA00030094,2025-04-11,BR017,TLR-9513,C500135,cash deposit,1826.2,CAD
CA00033419,2025-04-26,BR035,TLR-9311,C502855,cash withdrawal,3177.83,CAD
CA00034425,2025-04-22,BR039,TLR-1422,C500478,cash deposit,810.93,CAD
CA00028838,2025-04-18,BR011,TLR-2699,C503839,cash withdrawal,904.86,CAD
CA00027268,2025-04-14,BR003,TLR-6272,C503876,cash withdrawal,700.16,CAD
CA00026665,2025-04-01,BR001,TLR-7101,C501105,cash deposit,2160.65,CAD
CA00028473,2025-04-21,BR009,TLR-6809,C502468,cash withdrawal,947.17,CAD
CA00032454,2025-04-22,BR030,TLR-6294,C502980,cash withdrawal,901.78,CAD
CA00032266,2025-04-17,BR029,TLR-4413,C502751,cash withdrawal,2296.52,CAD
CA00035004,2025-04-30,BR040,TLR-2528,C501029,cash withdrawal,3098.64,CAD
CA00027098,2025-04-13,BR002,TLR-4198,C503087,cash deposit,959.08,CAD
CA00035388,2025-04-28,BR040,TLR-9493,C501378,cash deposit,391.23,CAD
CA00030466,2025-04-18,BR019,TLR-6050,C502249,cash withdrawal,429.1,CAD
CA00030654,2025-04-18,BR020,TLR-1317,C502167,cash withdrawal,498.33,USD
CA00030334,2025-04-23,BR019,TLR-3856,C501901,cash withdrawal,915.82,CAD
CA00031327,2025-04-20,BR024,TLR-5472,C500039,cash deposit,1591.03,CAD
CA00028187,2025-04-08,BR007,TLR-5794,C503843,cash deposit,467.94,CAD
CA00032234,2025-04-06,BR029,TLR-7052,C502947,cash withdrawal,486.85,CAD
CA00028975,2025-04-30,BR012,TLR-5697,C502014,cash deposit,1322.31,CAD
CA00029547,2025-04-02,BR015,TLR-6070,C501597,cash deposit,1065.37,CAD
CA00031696,2025-04-17,BR026,TLR-2444,C503953,cash deposit,1564.06,CAD
CA00028865,2025-04-10,BR012,TLR-4671,C503670,cash deposit,2625.03,CAD
CA00030933,2025-04-14,BR021,TLR-3366,C501422,cash deposit,1026.3,CAD
CA00032695,2025-04-05,BR031,TLR-2311,C501971,cash withdrawal,2346.82,CAD
CA00026739,2025-04-16,BR001,TLR-2128,C503996,cash withdrawal,1111.57,CAD
CA00029449,2025-04-15,BR015,TLR-5043,C501647,cash withdrawal,892.48,CAD
CA00027206,2025-04-11,BR003,TLR-5003,C502652,cash withdrawal,1554.77,CAD
CA00026828,2025-04-25,BR001,TLR-2765,C500883,cash deposit,733.4,CAD
CA00034664,2025-04-05,BR040,TLR-2052,C501556,cash withdrawal,449.83,CAD
CA00034400,2025-04-14,BR039,TLR-4667,C500002,cash withdrawal,501.3,CAD
CA00031025,2025-04-11,BR023,TLR-3007,C502883,cash deposit,641.33,CAD
CA00027876,2025-04-19,BR006,TLR-3838,C502373,cash deposit,393.08,CAD
CA00027657,2025-04-20,BR005,TLR-8412,C500073,cash withdrawal,2922.82,CAD
CA00035258,2025-04-03,BR040,TLR-5941,C502454,cash withdrawal,505.91,CAD
CA00030701,2025-04-30,BR020,TLR-9190,C500946,cash withdrawal,799.91,USD
CA00034353,2025-04-20,BR038,TLR-8618,C500457,cash deposit,1084.03,CAD
CA00028547,2025-04-30,BR009,TLR-4446,C501009,cash withdrawal,932.55,CAD
CA00029783,2025-04-03,BR016,TLR-4338,C503951,cash withdrawal,133.52,CAD
CA00029111,2025-04-23,BR013,TLR-9509,C503832,cash deposit,2184.96,CAD
CA00033897,2025-04-14,BR036,TLR-4127,C501090,cash deposit,1363.59,CAD
CA00033285,2025-04-27,BR034,TLR-5381,C501964,cash withdrawal,643.24,CAD
CA00029063,2025-04-21,BR012,TLR-6039,C503547,cash deposit,1901.38,CAD
CA00031651,2025-04-13,BR026,TLR-1881,C501768,cash deposit,1104.34,CAD
CA00028998,2025-04-13,BR012,TLR-7730,C500109,cash withdrawal,777.46,CAD
CA00029639,2025-04-05,BR015,TLR-4684,C501258,cash withdrawal,1075.56,CAD
CA00032644,2025-04-13,BR031,TLR-6224,C502484,cash deposit,532.79,CAD
CA00032012,2025-04-26,BR027,TLR-7812,C503745,cash withdrawal,585.46,CAD
CA00031786,2025-04-15,BR026,TLR-2557,C500228,cash withdrawal,-1536.35,CAD
CA00029031,2025-04-10,BR012,TLR-3047,C500963,cash deposit,770.68,CAD
CA00028872,2025-04-26,BR012,TLR-2118,C502444,cash withdrawal,1653.04,CAD
CA00027021,2025-04-04,BR002,TLR-7117,C502050,cash deposit,1647.47,CAD
CA00027482,2025-04-01,BR004,TLR-1299,C503830,cash withdrawal,1494.21,CAD
CA00033982,2025-04-15,BR037,TLR-4581,C503045,cash deposit,919.49,CAD
CA00031784,2025-04-23,BR026,TLR-3465,C501521,cash deposit,1166.22,CAD
CA00030650,2025-04-15,BR020,TLR-5990,C501006,cash withdrawal,369.16,USD
CA00028067,2025-04-19,BR007,TLR-7343,C503799,cash withdrawal,1451.51,CAD
CA00028649,2025-04-22,BR010,TLR-7049,C500182,cash deposit,1049.27,CAD
CA00032690,2025-04-27,BR031,TLR-5476,C500694,cash deposit,1734.4,CAD
CA00034748,2025-04-17,BR040,TLR-9520,C501883,cash withdrawal,1513.52,CAD
CA00033789,2025-04-15,BR036,TLR-6008,C502392,cash withdrawal,1048.33,CAD
CA00035202,2025-04-18,BR040,TLR-3005,C503782,cash withdrawal,2273.72,CAD
CA00031537,2025-04-20,BR025,TLR-1326,C502267,cash deposit,2305.47,CAD
CA00029471,2025-04-21,BR015,TLR-4531,C501246,cash deposit,1577.79,CAD
CA00030895,2025-04-10,BR021,TLR-7852,C502440,cash withdrawal,816.53,CAD
CA00026858,2025-04-04,BR001,TLR-6628,C500473,cash deposit,3382.8,CAD
CA00029633,2025-04-06,BR015,TLR-4371,C503393,cash deposit,2741.87,CAD
CA00032448,2025-04-12,BR030,TLR-7764,C502740,cash withdrawal,995.32,CAD
CA00031018,2025-04-24,BR022,TLR-5571,C502699,cash deposit,653.49,CAD
CA00033427,2025-04-17,BR035,TLR-9704,C500545,cash deposit,1168.78,CAD
CA00029222,2025-04-17,BR014,TLR-5913,C503515,cash deposit,1274.55,CAD
CA00027278,2025-04-29,BR003,TLR-5884,C502797,cash deposit,346.23,CAD
CA00031252,2025-04-14,BR024,TLR-4074,C500884,cash deposit,572.45,CAD
CA00030282,2025-04-01,BR019,TLR-8504,C501684,cash withdrawal,1948.16,CAD
CA00028929,2025-04-04,BR012,TLR-2645,C503418,cash deposit,352.65,CAD
CA00030655,2025-04-15,BR020,TLR-2126,C500215,cash withdrawal,618.16,USD
CA00029668,2025-04-12,BR015,TLR-3386,C503586,cash deposit,643.68,CAD
CA00032699,2025-04-08,BR031,TLR-7181,C502596,cash deposit,1266.95,CAD
CA00026949,2025-04-28,BR002,TLR-4451,C503871,cash deposit,1208.5,CAD
CA00031847,2025-04-04,BR026,TLR-6381,C503374,cash deposit,1651.76,CAD
CA00031605,2025-04-26,BR025,TLR-9075,C503081,cash deposit,773.46,CAD
CA00027326,2025-04-29,BR003,TLR-6998,C500599,cash deposit,353.24,CAD
CA00026758,2025-04-18,BR001,TLR-6196,C500230,cash deposit,769.98,CAD
CA00031496,2025-04-14,BR025,TLR-4262,C500571,cash deposit,537.58,CAD
CA00035308,2025-04-16,BR040,TLR-7888,C502500,cash deposit,1986.04,CAD
CA00031781,2025-04-20,BR026,TLR-5121,C502570,cash withdrawal,-462.29,CAD
CA00028708,2025-04-02,BR010,TLR-4983,C500488,cash deposit,1124.34,CAD
CA00030289,2025-04-28,BR019,TLR-1524,C500210,cash deposit,2223.59,CAD
CA00029145,2025-04-03,BR013,TLR-4014,C503775,cash withdrawal,1246.05,CAD
CA00033211,2025-04-05,BR034,TLR-7867,C500580,cash deposit,395.66,CAD
CA00034250,2025-04-09,BR038,TLR-4847,C501235,cash deposit,2243.12,CAD
CA00029664,2025-04-04,BR015,TLR-8890,C501476,cash withdrawal,602.71,CAD
CA00027598,2025-04-16,BR004,TLR-6419,C503021,cash deposit,2916.13,CAD
CA00028143,2025-04-07,BR007,TLR-1246,C503964,cash withdrawal,1447.51,CAD
CA00027431,2025-04-19,BR004,TLR-7090,C502514,cash withdrawal,1800.24,CAD
CA00028828,2025-04-02,BR011,TLR-5362,C502500,cash deposit,1247.87,CAD
CA00028521,2025-04-17,BR009,TLR-5307,C501496,cash withdrawal,1451.65,CAD
CA00027520,2025-04-28,BR004,TLR-3254,C501414,cash deposit,1434.78,CAD
CA00033640,2025-04-23,BR036,TLR-5426,C500090,cash deposit,1007.32,CAD
CA00032229,2025-04-22,BR029,TLR-4724,C500700,cash deposit,908.62,CAD
CA00034113,2025-04-14,BR037,TLR-7363,C501092,cash withdrawal,732.31,CAD
CA00026706,2025-04-22,BR001,TLR-1202,C501974,cash withdrawal,1810.26,CAD
CA00031735,2025-04-16,BR026,TLR-2943,C501721,cash deposit,894.41,CAD
CA00035032,2025-04-20,BR040,TLR-7420,C502996,cash withdrawal,1749.35,CAD
CA00034963,2025-04-26,BR040,TLR-7655,C501383,cash deposit,2689.46,CAD
CA00033520,2025-04-08,BR035,TLR-5832,C501013,cash deposit,568.67,CAD
CA00030098,2025-04-03,BR017,TLR-1550,C500371,cash deposit,658.0,CAD
CA00028390,2025-04-28,BR008,TLR-3935,C501786,cash withdrawal,354.82,CAD
CA00034745,2025-04-22,BR040,TLR-9822,C501080,cash withdrawal,1306.25,CAD
CA00028076,2025-04-05,BR007,TLR-4721,C502747,cash withdrawal,803.86,CAD
CA00033960,2025-04-27,BR037,TLR-2941,C500666,cash withdrawal,6178.58,CAD
CA00030890,2025-04-07,BR021,TLR-3074,C501442,cash withdrawal,1567.94,CAD
CA00031544,2025-04-25,BR025,TLR-3674,C503861,cash withdrawal,-823.15,CAD
CA00032884,2025-04-16,BR032,TLR-3945,C500925,cash deposit,1671.02,CAD
CA00031424,2025-04-24,BR025,TLR-7703,C503190,cash withdrawal,-971.03,CAD
CA00032357,2025-04-15,BR030,TLR-9536,C502403,cash withdrawal,451.04,CAD
CA00027958,2025-04-11,BR006,TLR-2308,C503971,cash deposit,1413.46,CAD
CA00033410,2025-04-10,BR035,TLR-4892,C500170,cash withdrawal,614.86,CAD
CA00029548,2025-04-16,BR015,TLR-5436,C500653,cash deposit,1053.04,CAD
CA00034974,2025-04-04,BR040,TLR-8865,C503427,cash deposit,1177.65,CAD
CA00029604,2025-04-16,BR015,TLR-8735,C500297,cash withdrawal,436.91,CAD
CA00027621,2025-04-27,BR005,TLR-6618,C502327,cash withdrawal,412.29,CAD
CA00034312,2025-04-18,BR038,TLR-9318,C502311,cash deposit,774.18,CAD
CA00028121,2025-04-22,BR007,TLR-7635,C500949,cash deposit,1187.74,CAD
CA00032264,2025-04-28,BR029,TLR-3427,C500433,cash deposit,437.06,CAD
CA00026676,2025-04-30,BR001,TLR-1635,C503356,cash deposit,1337.31,CAD
CA00034881,2025-04-20,BR040,TLR-2043,C501284,cash withdrawal,602.69,CAD
CA00034669,2025-04-14,BR040,TLR-5256,C502093,cash deposit,547.47,CAD
CA00033521,2025-04-13,BR035,TLR-7746,C502058,cash deposit,3468.98,CAD
CA00027452,2025-04-15,BR004,TLR-3880,C503853,cash withdrawal,2653.64,CAD
CA00033142,2025-04-02,BR033,TLR-8782,C500538,cash deposit,379.61,CAD
CA00032107,2025-04-11,BR028,TLR-1756,C501031,cash deposit,1358.43,CAD
CA00029276,2025-04-24,BR014,TLR-1323,C503324,cash deposit,5437.56,CAD
CA00031189,2025-04-21,BR024,TLR-9385,C500670,cash withdrawal,3879.91,CAD
CA00033280,2025-04-28,BR034,TLR-4916,C503752,cash withdrawal,463.98,CAD
CA00030947,2025-04-29,BR021,TLR-9231,C500571,cash withdrawal,2001.67,CAD
CA00028149,2025-04-11,BR007,TLR-2339,C502144,cash deposit,1735.83,CAD
CA00027752,2025-04-28,BR006,TLR-9796,C500564,cash withdrawal,1155.66,CAD
CA00032356,2025-04-16,BR030,TLR-3313,C500480,cash deposit,2523.63,CAD
CA00027979,2025-04-27,BR007,TLR-1513,C502911,cash deposit,535.05,CAD
CA00029701,2025-04-05,BR016,TLR-3615,C502781,cash withdrawal,2035.08,CAD
CA00028737,2025-04-05,BR010,TLR-2051,C503317,cash withdrawal,1205.12,CAD
CA00027768,2025-04-20,BR006,TLR-3230,C502580,cash deposit,2317.31,CAD
CA00029925,2025-04-08,BR017,TLR-7730,C500366,cash withdrawal,829.02,CAD
CA00027578,2025-04-07,BR004,TLR-9475,C503863,cash withdrawal,749.25,CAD
CA00034890,2025-04-30,BR040,TLR-6137,C500396,cash withdrawal,478.87,CAD
CA00032028,2025-04-07,BR027,TLR-6194,C502248,cash withdrawal,313.57,CAD
CA00033747,2025-04-03,BR036,TLR-9782,C502401,cash withdrawal,641.33,CAD
CA00029531,2025-04-25,BR015,TLR-8734,C502094,cash withdrawal,911.21,CAD
CA00033387,2025-04-10,BR035,TLR-1616,C503032,cash withdrawal,869.63,CAD
CA00028951,2025-04-08,BR012,TLR-3734,C500200,cash withdrawal,814.45,CAD
CA00034201,2025-04-08,BR038,TLR-3836,C501688,cash withdrawal,1056.24,CAD
CA00032271,2025-04-01,BR029,TLR-9489,C501100,cash withdrawal,971.21,CAD
CA00033244,2025-04-16,BR034,TLR-8832,C500944,cash withdrawal,1679.24,CAD
CA00031483,2025-04-14,BR025,TLR-6343,C502109,cash deposit,3396.25,CAD
CA00033637,2025-04-24,BR036,TLR-2947,C501895,cash deposit,1775.24,CAD
CA00035212,2025-04-21,BR040,TLR-6526,C502704,cash withdrawal,236.7,CAD
CA00030385,2025-04-20,BR019,TLR-8338,C500143,cash withdrawal,837.27,CAD
CA00033215,2025-04-12,BR034,TLR-8007,C503947,cash deposit,1699.02,CAD
CA00034992,2025-04-13,BR040,TLR-9954,C501610,cash deposit,1384.18,CAD
CA00029381,2025-04-22,BR014,TLR-3241,C500461,cash withdrawal,4698.77,CAD
CA00028869,2025-04-18,BR012,TLR-1918,C501478,cash withdrawal,1029.69,CAD
CA00034547,2025-04-02,BR039,TLR-2694,C502350,cash withdrawal,823.84,CAD
CA00034710,2025-04-21,BR040,TLR-1881,C500200,cash withdrawal,578.85,CAD
CA00031306,2025-04-26,BR024,TLR-2229,C502300,cash deposit,2950.23,CAD
CA00030254,2025-04-21,BR019,TLR-8973,C500503,cash withdrawal,511.94,CAD
CA00028555,2025-04-27,BR009,TLR-6092,C500797,cash deposit,3344.86,CAD
CA00031003,2025-04-06,BR022,TLR-5702,C502563,cash deposit,1865.56,CAD
CA00032102,2025-04-12,BR028,TLR-3193,C503657,cash deposit,3324.3,CAD
CA00031032,2025-04-09,BR023,TLR-5515,C500763,cash deposit,319.85,CAD
CA00031287,2025-04-24,BR024,TLR-5447,C500189,cash withdrawal,1159.46,CAD
CA00032609,2025-04-09,BR030,TLR-8802,C500412,cash deposit,283.19,CAD
CA00032410,2025-04-19,BR030,TLR-3355,C501667,cash deposit,850.22,CAD
CA00032859,2025-04-18,BR031,TLR-6754,C502908,cash deposit,1448.86,CAD
CA00035022,2025-04-25,BR040,TLR-8183,C503954,cash withdrawal,858.85,CAD
CA00027196,2025-04-28,BR003,TLR-3090,C502123,cash deposit,669.84,CAD
CA00035031,2025-04-17,BR040,TLR-2831,C501977,cash deposit,921.4,CAD
CA00034609,2025-04-13,BR040,TLR-8859,C500496,cash withdrawal,2293.87,CAD
CA00028443,2025-04-02,BR008,TLR-5033,C500918,cash withdrawal,2560.6,CAD
CA00028129,2025-04-12,BR007,TLR-2645,C503791,cash withdrawal,706.55,CAD
CA00026955,2025-04-12,BR002,TLR-8594,C500169,cash deposit,2306.04,CAD
CA00034228,2025-04-23,BR038,TLR-7569,C501888,cash deposit,1868.79,CAD
CA00028456,2025-04-17,BR009,TLR-3373,C501452,cash withdrawal,5618.1,CAD
CA00026753,2025-04-28,BR001,TLR-2643,C503100,cash withdrawal,707.99,CAD
CA00032779,2025-04-21,BR031,TLR-2822,C501750,cash deposit,3305.28,CAD
CA00029332,2025-04-13,BR014,TLR-6252,C503488,cash withdrawal,344.72,CAD
CA00031882,2025-04-03,BR027,TLR-9942,C503255,cash deposit,903.13,CAD
CA00033553,2025-04-23,BR035,TLR-3753,C503219,cash deposit,640.03,CAD
CA00031036,2025-04-16,BR023,TLR-1318,C503543,cash deposit,738.3,CAD
CA00033569,2025-04-02,BR035,TLR-5560,C501760,cash deposit,2940.73,CAD
CA00032867,2025-04-26,BR031,TLR-9500,C501781,cash deposit,894.41,CAD
CA00031009,2025-04-24,BR022,TLR-4662,C501826,cash deposit,3673.48,CAD
CA00029129,2025-04-05,BR013,TLR-5529,C503294,cash deposit,1066.1,CAD
CA00027289,2025-04-20,BR003,TLR-8097,C500046,cash withdrawal,748.26,CAD
CA00031642,2025-04-27,BR026,TLR-9906,C500881,cash deposit,847.96,CAD
CA00027640,2025-04-08,BR005,TLR-1430,C502034,cash withdrawal,3130.66,CAD
CA00033179,2025-04-17,BR033,TLR-1499,C501709,cash deposit,216.28,CAD
CA00034598,2025-04-04,BR039,TLR-2918,C503530,cash deposit,1234.39,CAD
CA00032671,2025-04-03,BR031,TLR-6917,C502422,cash withdrawal,1008.13,CAD
CA00027343,2025-04-26,BR003,TLR-9523,C502280,cash deposit,952.43,CAD
CA00033846,2025-04-18,BR036,TLR-2319,C503902,cash withdrawal,666.03,CAD
CA00030697,2025-04-30,BR020,TLR-3283,C502560,cash deposit,885.26,USD
CA00029484,2025-04-10,BR015,TLR-4477,C502132,cash deposit,1226.57,CAD
CA00030608,2025-04-22,BR020,TLR-8254,C500650,cash withdrawal,873.54,USD
CA00030328,2025-04-27,BR019,TLR-4524,C502552,cash withdrawal,1119.11,CAD
CA00031686,2025-04-27,BR026,TLR-6254,C503859,cash withdrawal,-5034.54,CAD
CA00029327,2025-04-14,BR014,TLR-3368,C500378,cash withdrawal,2571.23,CAD
CA00027736,2025-04-12,BR006,TLR-4950,C500091,cash deposit,1205.97,CAD
CA00030993,2025-04-18,BR022,TLR-8738,C502706,cash withdrawal,605.47,CAD
CA00032553,2025-04-24,BR030,TLR-8372,C500045,cash withdrawal,182.31,CAD
CA00027239,2025-04-13,BR003,TLR-6346,C501185,cash deposit,964.89,CAD
CA00031588,2025-04-30,BR025,TLR-6462,C503864,cash deposit,562.6,CAD
CA00033810,2025-04-24,BR036,TLR-6301,C503580,cash withdrawal,2878.18,CAD
CA00034633,2025-04-13,BR040,TLR-4644,C502472,cash deposit,802.06,CAD
CA00033978,2025-04-22,BR037,TLR-3946,C501626,cash deposit,2142.5,CAD
CA00033714,2025-04-11,BR036,TLR-2468,C501630,cash deposit,1660.03,CAD
CA00029373,2025-04-20,BR014,TLR-3433,C501679,cash deposit,1843.29,CAD
CA00034641,2025-04-04,BR040,TLR-7228,C501433,cash deposit,508.71,CAD
CA00030641,2025-04-24,BR020,TLR-2471,C502954,cash deposit,373.71,USD
CA00033250,2025-04-25,BR034,TLR-4416,C502955,cash deposit,939.91,CAD
CA00028735,2025-04-25,BR010,TLR-6625,C500702,cash deposit,1752.07,CAD
CA00029580,2025-04-23,BR015,TLR-9029,C500690,cash withdrawal,780.73,CAD
CA00028964,2025-04-10,BR012,TLR-7755,C503006,cash withdrawal,851.52,CAD
CA00028150,2025-04-15,BR007,TLR-3496,C503440,cash deposit,578.24,CAD
CA00033201,2025-04-01,BR034,TLR-5950,C502824,cash withdrawal,502.0,CAD
CA00030865,2025-04-29,BR021,TLR-8501,C501492,cash deposit,785.21,CAD
CA00029334,2025-04-15,BR014,TLR-7724,C502377,cash deposit,1045.65,CAD
CA00032470,2025-04-26,BR030,TLR-8803,C503105,cash withdrawal,995.37,CAD
CA00029700,2025-04-27,BR016,TLR-7587,C502651,cash withdrawal,641.96,CAD
CA00033036,2025-04-30,BR033,TLR-7318,C502485,cash withdrawal,1568.21,CAD
CA00032655,2025-04-07,BR031,TLR-6971,C503738,cash withdrawal,472.62,CAD
CA00032194,2025-04-07,BR029,TLR-8316,C501732,cash deposit,717.1,CAD
CA00033834,2025-04-27,BR036,TLR-5465,C502979,cash deposit,858.86,CAD
CA00030384,2025-04-24,BR019,TLR-3463,C502428,cash withdrawal,281.59,CAD
CA00033676,2025-04-24,BR036,TLR-8715,C501783,cash deposit,425.62,CAD
CA00034264,2025-04-17,BR038,TLR-2973,C501635,cash deposit,648.7,CAD
CA00026789,2025-04-27,BR001,TLR-6015,C502959,cash withdrawal,722.92,CAD
CA00027837,2025-04-08,BR006,TLR-5233,C500666,cash withdrawal,678.76,CAD
CA00027234,2025-04-01,BR003,TLR-3465,C502802,cash deposit,1511.15,CAD
CA00029486,2025-04-11,BR015,TLR-4867,C500608,cash deposit,651.17,CAD
CA00032463,2025-04-21,BR030,TLR-1750,C500824,cash deposit,1332.28,CAD
CA00027717,2025-04-12,BR006,TLR-8280,C500876,cash deposit,1061.98,CAD
CA00029302,2025-04-23,BR014,TLR-4298,C500834,cash deposit,620.02,CAD
CA00033327,2025-04-03,BR034,TLR-1243,C503883,cash withdrawal,522.58,CAD
CA00031980,2025-04-01,BR027,TLR-3193,C502037,cash deposit,526.27,CAD
CA00027175,2025-04-30,BR003,TLR-8466,C501846,cash deposit,677.56,CAD
CA00029770,2025-04-28,BR016,TLR-4238,C500556,cash withdrawal,3347.89,CAD
CA00031744,2025-04-03,BR026,TLR-5544,C501299,cash deposit,580.27,CAD
CA00028821,2025-04-30,BR011,TLR-7596,C503565,cash deposit,249.97,CAD
CA00034552,2025-04-01,BR039,TLR-2286,C501367,cash deposit,801.83,CAD
CA00032009,2025-04-20,BR027,TLR-8089,C501149,cash deposit,496.49,CAD
CA00034272,2025-04-22,BR038,TLR-2362,C500751,cash withdrawal,1537.12,CAD
CA00030233,2025-04-22,BR019,TLR-6462,C502109,cash withdrawal,1492.27,CAD
CA00033167,2025-04-08,BR033,TLR-7475,C502347,cash deposit,705.21,CAD
CA00034816,2025-04-30,BR040,TLR-6672,C502614,cash withdrawal,1569.3,CAD
CA00033339,2025-04-22,BR034,TLR-8833,C500262,cash deposit,429.74,CAD
CA00030364,2025-04-24,BR019,TLR-3860,C501922,cash deposit,1988.92,CAD
CA00035037,2025-04-19,BR040,TLR-6490,C503885,cash deposit,283.57,CAD
CA00030550,2025-04-04,BR019,TLR-4222,C503813,cash withdrawal,1076.63,CAD
CA00027540,2025-04-20,BR004,TLR-9047,C503954,cash deposit,1223.67,CAD
CA00034795,2025-04-13,BR040,TLR-4929,C501398,cash withdrawal,866.54,CAD
CA00029181,2025-04-11,BR014,TLR-4873,C503553,cash deposit,1290.73,CAD
CA00033525,2025-04-04,BR035,TLR-8542,C500779,cash withdrawal,1411.18,CAD
CA00026683,2025-04-03,BR001,TLR-1933,C502667,cash deposit,1317.06,CAD
CA00032526,2025-04-27,BR030,TLR-8773,C501235,cash withdrawal,684.28,CAD
CA00032904,2025-04-07,BR032,TLR-5823,C503862,cash withdrawal,683.01,CAD
CA00027466,2025-04-15,BR004,TLR-9914,C502867,cash withdrawal,665.85,CAD
CA00032362,2025-04-20,BR030,TLR-6798,C502478,cash deposit,1151.51,CAD
CA00026622,2025-04-25,BR001,TLR-9653,C500776,cash deposit,1274.34,CAD
CA00030842,2025-04-13,BR021,TLR-9572,C501302,cash withdrawal,536.6,CAD
CA00033516,2025-04-14,BR035,TLR-9420,C502414,cash withdrawal,2025.92,CAD
CA00032877,2025-04-11,BR032,TLR-7400,C502935,cash withdrawal,2719.63,CAD
CA00034508,2025-04-11,BR039,TLR-7252,C500016,cash withdrawal,826.48,CAD
CA00033400,2025-04-17,BR035,TLR-4851,C500472,cash withdrawal,292.65,CAD
CA00030436,2025-04-02,BR019,TLR-6671,C501111,cash deposit,726.58,CAD
CA00034901,2025-04-30,BR040,TLR-2196,C503837,cash withdrawal,803.43,CAD
CA00028299,2025-04-15,BR008,TLR-9866,C503069,cash withdrawal,3782.3,CAD
CA00027706,2025-04-06,BR006,TLR-4026,C501473,cash deposit,1816.57,CAD
CA00029627,2025-04-04,BR015,TLR-4500,C501289,cash withdrawal,717.08,CAD
CA00030134,2025-04-10,BR018,TLR-5304,C502409,cash withdrawal,726.67,CAD
CA00028371,2025-04-19,BR008,TLR-9396,C503022,cash withdrawal,4348.78,CAD
CA00028315,2025-04-05,BR008,TLR-9883,C501464,cash withdrawal,533.06,CAD
CA00030086,2025-04-29,BR017,TLR-7211,C502050,cash withdrawal,1301.3,CAD
CA00027369,2025-04-24,BR004,TLR-2203,C503057,cash withdrawal,428.91,CAD
CA00032546,2025-04-10,BR030,TLR-4636,C501749,cash deposit,1563.45,CAD
CA00035249,2025-04-03,BR040,TLR-5974,C503747,cash deposit,1186.89,CAD
CA00031822,2025-04-23,BR026,TLR-2116,C501685,cash deposit,2200.59,CAD
CA00027868,2025-04-28,BR006,TLR-7461,C503503,cash withdrawal,1076.54,CAD
CA00030458,2025-04-18,BR019,TLR-6019,C500166,cash deposit,953.57,CAD
CA00028205,2025-04-03,BR007,TLR-7164,C500792,cash deposit,1238.02,CAD
CA00032002,2025-04-11,BR027,TLR-8077,C503358,cash withdrawal,1731.75,CAD
CA00033313,2025-04-21,BR034,TLR-3978,C502208,cash withdrawal,830.73,CAD
CA00031440,2025-04-28,BR025,TLR-9001,C502828,cash withdrawal,-2037.86,CAD
CA00033183,2025-04-07,BR033,TLR-2368,C503058,cash deposit,2163.68,CAD
CA00035050,2025-04-05,BR040,TLR-5974,C503573,cash deposit,948.79,CAD
CA00028881,2025-04-19,BR012,TLR-4756,C503556,cash deposit,2096.67,CAD
CA00034954,2025-04-03,BR040,TLR-1170,C503920,cash deposit,287.01,CAD
CA00034023,2025-04-24,BR037,TLR-5237,C503424,cash withdrawal,1078.82,CAD
CA00027060,2025-04-20,BR002,TLR-7940,C502297,cash withdrawal,-765.41,CAD
CA00033206,2025-04-27,BR034,TLR-2877,C502969,cash withdrawal,681.86,CAD
CA00032481,2025-04-15,BR030,TLR-8565,C502477,cash deposit,2314.89,CAD
CA00034458,2025-04-29,BR039,TLR-8163,C502215,cash deposit,1869.78,CAD
CA00031937,2025-04-16,BR027,TLR-4005,C500263,cash withdrawal,1348.48,CAD
CA00029980,2025-04-09,BR017,TLR-3701,C503060,cash deposit,892.39,CAD
CA00028834,2025-04-17,BR011,TLR-3403,C501316,cash deposit,749.55,CAD
CA00028941,2025-04-13,BR012,TLR-1800,C500746,cash withdrawal,1257.65,CAD
CA00028069,2025-04-28,BR007,TLR-1301,C500469,cash withdrawal,823.22,CAD
CA00027228,2025-04-25,BR003,TLR-8345,C503374,cash withdrawal,1020.83,CAD
CA00033672,2025-04-02,BR036,TLR-8900,C502544,cash withdrawal,1755.2,CAD
CA00031704,2025-04-14,BR026,TLR-3988,C500675,cash deposit,266.67,CAD
CA00032967,2025-04-07,BR032,TLR-8424,C500559,cash withdrawal,662.09,CAD
CA00028376,2025-04-06,BR008,TLR-9257,C502175,cash deposit,1470.08,CAD
CA00033801,2025-04-26,BR036,TLR-8255,C500931,cash deposit,1684.88,CAD
CA00031222,2025-04-05,BR024,TLR-8820,C503785,cash deposit,1182.82,CAD
CA00034206,2025-04-26,BR038,TLR-8127,C502275,cash deposit,521.88,CAD
CA00029003,2025-04-23,BR012,TLR-3859,C501387,cash deposit,1513.78,CAD
CA00032836,2025-04-04,BR031,TLR-3665,C501487,cash withdrawal,351.68,CAD
CA00034121,2025-04-11,BR037,TLR-2669,C502808,cash deposit,859.03,CAD
CA00026702,2025-04-18,BR001,TLR-1115,C500526,cash deposit,2223.45,CAD
CA00035278,2025-04-11,BR040,TLR-4434,C501886,cash withdrawal,728.03,CAD
CA00029189,2025-04-11,BR014,TLR-1418,C502552,cash deposit,1532.21,CAD
CA00028061,2025-04-09,BR007,TLR-3123,C503467,cash withdrawal,180.2,CAD
CA00034413,2025-04-11,BR039,TLR-6589,C500807,cash deposit,3350.0,CAD
CA00034196,2025-04-07,BR038,TLR-6668,C500040,cash deposit,235.72,CAD
CA00033210,2025-04-04,BR034,TLR-2542,C502854,cash deposit,293.87,CAD
CA00027502,2025-04-21,BR004,TLR-7112,C501288,cash withdrawal,671.66,CAD
CA00035228,2025-04-23,BR040,TLR-8399,C501230,cash deposit,1502.25,CAD
CA00028136,2025-04-26,BR007,TLR-5245,C501367,cash deposit,520.91,CAD
CA00027186,2025-04-18,BR003,TLR-8394,C500434,cash withdrawal,778.2,CAD
CA00026619,2025-04-02,BR001,TLR-9714,C500528,cash withdrawal,361.11,CAD
CA00033396,2025-04-12,BR035,TLR-7785,C501876,cash withdrawal,755.91,CAD
CA00033341,2025-04-17,BR034,TLR-5189,C502277,cash withdrawal,1945.21,CAD
CA00032060,2025-04-10,BR028,TLR-8698,C500080,cash deposit,1218.33,CAD
CA00032677,2025-04-01,BR031,TLR-3800,C500739,cash withdrawal,1538.1,CAD
CA00030128,2025-04-01,BR018,TLR-1483,C503441,cash deposit,233.07,CAD
CA00027929,2025-04-10,BR006,TLR-3537,C501277,cash withdrawal,339.08,CAD
CA00027656,2025-04-23,BR005,TLR-8208,C501160,cash withdrawal,3404.6,CAD
CA00034434,2025-04-04,BR039,TLR-2924,C502936,cash withdrawal,666.24,CAD
CA00029445,2025-04-23,BR015,TLR-7553,C503212,cash deposit,262.44,CAD
CA00034446,2025-04-30,BR039,TLR-8885,C501611,cash deposit,2038.47,CAD
CA00026732,2025-04-07,BR001,TLR-4914,C500608,cash deposit,930.54,CAD
CA00033395,2025-04-01,BR035,TLR-2575,C502850,cash deposit,863.56,CAD
CA00032682,2025-04-06,BR031,TLR-9589,C503742,cash withdrawal,1609.45,CAD
CA00035213,2025-04-10,BR040,TLR-7673,C500117,cash withdrawal,595.39,CAD
CA00031514,2025-04-16,BR025,TLR-9153,C503152,cash deposit,318.28,CAD
CA00034450,2025-04-23,BR039,TLR-6915,C503634,cash deposit,1227.03,CAD
CA00033089,2025-04-03,BR033,TLR-6470,C501337,cash withdrawal,1254.08,CAD
CA00027159,2025-04-24,BR003,TLR-3468,C502233,cash deposit,249.09,CAD
CA00028615,2025-04-29,BR010,TLR-7245,C503959,cash deposit,440.32,CAD
CA00032298,2025-04-27,BR029,TLR-8974,C501207,cash withdrawal,673.03,CAD
CA00035118,2025-04-03,BR040,TLR-9459,C503222,cash deposit,489.73,CAD
CA00033631,2025-04-16,BR036,TLR-3390,C500896,cash deposit,633.79,CAD
CA00034394,2025-04-09,BR039,TLR-7064,C501041,cash withdrawal,397.3,CAD
CA00029609,2025-04-28,BR015,TLR-8871,C500475,cash withdrawal,955.43,CAD
CA00029800,2025-04-12,BR016,TLR-3742,C502283,cash deposit,2356.63,CAD
CA00029853,2025-04-17,BR016,TLR-5466,C502528,cash withdrawal,938.27,CAD
CA00032721,2025-04-12,BR031,TLR-4421,C502593,cash deposit,667.25,CAD
CA00033625,2025-04-01,BR036,TLR-4637,C502751,cash withdrawal,410.31,CAD
CA00030688,2025-04-20,BR020,TLR-3340,C500919,cash withdrawal,1368.23,USD
CA00035230,2025-04-24,BR040,TLR-5458,C503459,cash withdrawal,1290.02,CAD
CA00028349,2025-04-19,BR008,TLR-9088,C500945,cash deposit,863.31,CAD
CA00034793,2025-04-08,BR040,TLR-7488,C500631,cash deposit,1355.49,CAD
CA00034083,2025-04-11,BR037,TLR-4232,C500800,cash withdrawal,508.65,CAD
CA00034827,2025-04-28,BR040,TLR-3359,C503768,cash withdrawal,1474.12,CAD
CA00032162,2025-04-13,BR028,TLR-5803,C501736,cash withdrawal,1234.7,CAD
CA00027757,2025-04-10,BR006,TLR-2556,C501113,cash withdrawal,385.16,CAD
CA00034838,2025-04-28,BR040,TLR-8794,C503742,cash deposit,401.42,CAD
CA00032064,2025-04-14,BR028,TLR-9502,C501548,cash withdrawal,746.32,CAD
CA00034868,2025-04-13,BR040,TLR-1031,C500177,cash withdrawal,1593.19,CAD
CA00027800,2025-04-17,BR006,TLR-1215,C500497,cash deposit,280.92,CAD
CA00033281,2025-04-16,BR034,TLR-7385,C503399,cash deposit,1101.33,CAD
CA00027298,2025-04-07,BR003,TLR-6024,C502149,cash withdrawal,2722.69,CAD
CA00031454,2025-04-20,BR025,TLR-4262,C501230,cash deposit,1345.02,CAD
CA00026611,2025-04-04,BR001,TLR-4055,C501087,cash deposit,1156.72,CAD
CA00032382,2025-04-29,BR030,TLR-8449,C503844,cash withdrawal,1711.74,CAD
CA00033962,2025-04-20,BR037,TLR-6268,C502720,cash deposit,2099.92,CAD
CA00031053,2025-04-20,BR023,TLR-5697,C502610,cash deposit,1116.59,CAD
CA00027739,2025-04-10,BR006,TLR-5655,C501851,cash withdrawal,1504.36,CAD
CA00031199,2025-04-18,BR024,TLR-8299,C503627,cash withdrawal,472.62,CAD
CA00034578,2025-04-17,BR039,TLR-6908,C503368,cash deposit,447.29,CAD
CA00031460,2025-04-25,BR025,TLR-6846,C503700,cash deposit,540.71,CAD
CA00033243,2025-04-25,BR034,TLR-6779,C502862,cash deposit,1042.24,CAD
CA00027484,2025-04-04,BR004,TLR-5106,C501402,cash withdrawal,744.12,CAD
CA00031076,2025-04-28,BR023,TLR-4450,C503368,cash deposit,1072.27,CAD
CA00029341,2025-04-29,BR014,TLR-7678,C502890,cash deposit,656.39,CAD
CA00032689,2025-04-04,BR031,TLR-8727,C503204,cash deposit,126.98,CAD
CA00030283,2025-04-09,BR019,TLR-4672,C502230,cash withdrawal,922.1,CAD
CA00027316,2025-04-27,BR003,TLR-7518,C500788,cash deposit,871.8,CAD
CA00031251,2025-04-05,BR024,TLR-8078,C502246,cash withdrawal,763.41,CAD
CA00027916,2025-04-08,BR006,TLR-5554,C503030,cash withdrawal,1074.5,CAD
CA00032641,2025-04-02,BR031,TLR-2153,C500261,cash withdrawal,1645.22,CAD
CA00031125,2025-04-25,BR023,TLR-7342,C503583,cash withdrawal,1209.23,CAD
CA00030770,2025-04-26,BR020,TLR-6055,C503960,cash withdrawal,661.34,USD
CA00030819,2025-04-20,BR021,TLR-8472,C502949,cash deposit,1200.17,CAD
CA00028107,2025-04-04,BR007,TLR-2231,C503094,cash withdrawal,874.73,CAD
CA00032236,2025-04-11,BR029,TLR-6333,C500677,cash deposit,2286.85,CAD
CA00033239,2025-04-29,BR034,TLR-3834,C502983,cash withdrawal,2168.9,CAD
CA00030658,2025-04-24,BR020,TLR-7839,C500515,cash deposit,350.29,USD
CA00028245,2025-04-14,BR008,TLR-9288,C501604,cash deposit,590.93,CAD
CA00028944,2025-04-05,BR012,TLR-6676,C503813,cash withdrawal,810.44,CAD
CA00026578,2025-04-23,BR001,TLR-9349,C503041,cash withdrawal,323.0,CAD
CA00035045,2025-04-11,BR040,TLR-8003,C501120,cash deposit,484.83,CAD
CA00034719,2025-04-25,BR040,TLR-9401,C501186,cash withdrawal,1314.34,CAD
CA00032198,2025-04-01,BR029,TLR-5789,C501222,cash deposit,476.33,CAD
CA00033246,2025-04-30,BR034,TLR-5152,C503030,cash withdrawal,328.12,CAD
CA00030989,2025-04-15,BR022,TLR-1258,C502391,cash withdrawal,1514.85,CAD
CA00033349,2025-04-20,BR034,TLR-2460,C500998,cash deposit,1955.93,CAD
CA00033016,2025-04-05,BR032,TLR-8168,C502323,cash withdrawal,1863.02,CAD
CA00033253,2025-04-01,BR034,TLR-6476,C501169,cash deposit,1579.0,CAD
CA00029929,2025-04-07,BR017,TLR-1583,C503764,cash deposit,319.79,CAD
CA00033433,2025-04-28,BR035,TLR-1340,C503415,cash deposit,1874.51,CAD
CA00028678,2025-04-27,BR010,TLR-3475,C500250,cash deposit,565.53,CAD
CA00033628,2025-04-12,BR036,TLR-3038,C502487,cash withdrawal,1539.61,CAD
CA00028722,2025-04-07,BR010,TLR-2608,C501494,cash deposit,3219.03,CAD
CA00033870,2025-04-08,BR036,TLR-4648,C503052,cash deposit,713.4,CAD
CA00029911,2025-04-13,BR017,TLR-3447,C500243,cash withdrawal,524.57,CAD
CA00033781,2025-04-26,BR036,TLR-4661,C503322,cash deposit,1144.0,CAD
CA00030630,2025-04-28,BR020,TLR-2137,C501839,cash withdrawal,451.87,USD
CA00031369,2025-04-26,BR024,TLR-8541,C503903,cash deposit,4345.64,CAD
CA00027516,2025-04-08,BR004,TLR-1062,C500774,cash withdrawal,536.06,CAD
CA00027205,2025-04-19,BR003,TLR-2857,C503277,cash withdrawal,483.29,CAD
CA00033378,2025-04-22,BR035,TLR-5991,C500878,cash deposit,426.03,CAD
CA00028391,2025-04-19,BR008,TLR-6728,C502419,cash deposit,1210.08,CAD
CA00029472,2025-04-05,BR015,TLR-9973,C501897,cash withdrawal,3104.25,CAD
CA00034263,2025-04-15,BR038,TLR-4743,C503732,cash withdrawal,1462.03,CAD
CA00027883,2025-04-24,BR006,TLR-3313,C501017,cash withdrawal,1284.86,CAD
CA00034916,2025-04-26,BR040,TLR-4838,C503992,cash deposit,2074.89,CAD
CA00035367,2025-04-11,BR040,TLR-1366,C501399,cash deposit,741.75,CAD
CA00030163,2025-04-18,BR018,TLR-6957,C500308,cash withdrawal,869.22,CAD
CA00029415,2025-04-23,BR015,TLR-8695,C501421,cash withdrawal,916.99,CAD
CA00032011,2025-04-06,BR027,TLR-1101,C501488,cash deposit,1661.93,CAD
CA00027492,2025-04-30,BR004,TLR-7660,C502908,cash deposit,382.57,CAD
CA00033848,2025-04-13,BR036,TLR-1251,C502166,cash deposit,395.91,CAD
CA00034048,2025-04-06,BR037,TLR-7851,C501906,cash deposit,1390.67,CAD
CA00030825,2025-04-08,BR021,TLR-8915,C502689,cash withdrawal,2149.47,CAD
CA00033914,2025-04-16,BR037,TLR-9099,C501365,cash deposit,1751.87,CAD
CA00027118,2025-04-24,BR003,TLR-7602,C502403,cash withdrawal,627.11,CAD
CA00032700,2025-04-10,BR031,TLR-8077,C503744,cash deposit,804.96,CAD
CA00028548,2025-04-12,BR009,TLR-7241,C500757,cash withdrawal,1653.03,CAD
CA00033128,2025-04-13,BR033,TLR-8402,C501575,cash withdrawal,446.76,CAD
CA00028516,2025-04-09,BR009,TLR-9549,C501493,cash deposit,127.5,CAD
CA00030574,2025-04-29,BR019,TLR-3368,C503180,cash deposit,117.43,CAD
CA00033355,2025-04-21,BR035,TLR-7805,C503583,cash deposit,6726.91,CAD
CA00032252,2025-04-25,BR029,TLR-6579,C500411,cash withdrawal,391.7,CAD
CA00034385,2025-04-12,BR039,TLR-9528,C501523,cash deposit,1168.08,CAD
CA00034393,2025-04-28,BR039,TLR-2507,C503686,cash withdrawal,826.69,CAD
CA00034126,2025-04-10,BR037,TLR-5790,C503592,cash deposit,697.46,CAD
CA00027198,2025-04-18,BR003,TLR-1779,C501406,cash withdrawal,386.92,CAD
CA00029132,2025-04-25,BR013,TLR-4133,C500272,cash deposit,496.16,CAD
CA00028306,2025-04-30,BR008,TLR-2158,C503201,cash deposit,1993.74,CAD
CA00034127,2025-04-28,BR037,TLR-1629,C500371,cash withdrawal,713.55,CAD
CA00029402,2025-04-09,BR015,TLR-1890,C501560,cash withdrawal,2474.49,CAD
CA00028144,2025-04-06,BR007,TLR-9987,C503756,cash withdrawal,1510.89,CAD
CA00028738,2025-04-28,BR010,TLR-4213,C500985,cash withdrawal,836.1,CAD
CA00030157,2025-04-28,BR018,TLR-7954,C501894,cash deposit,1060.02,CAD
CA00027814,2025-04-11,BR006,TLR-4350,C500600,cash deposit,1354.36,CAD
CA00034548,2025-04-03,BR039,TLR-3019,C502565,cash deposit,894.12,CAD
CA00027144,2025-04-22,BR003,TLR-4572,C503372,cash deposit,824.15,CAD
CA00027565,2025-04-30,BR004,TLR-7229,C501937,cash withdrawal,839.32,CAD
CA00026933,2025-04-05,BR002,TLR-3227,C500284,cash deposit,644.78,CAD
CA00027483,2025-04-02,BR004,TLR-8491,C501129,cash withdrawal,1859.36,CAD
CA00034395,2025-04-08,BR039,TLR-9003,C503462,cash withdrawal,1075.15,CAD
CA00031290,2025-04-21,BR024,TLR-5118,C503722,cash deposit,1019.53,CAD
CA00034777,2025-04-10,BR040,TLR-3336,C502228,cash withdrawal,418.5,CAD
CA00031675,2025-04-30,BR026,TLR-7386,C502600,cash deposit,1665.08,CAD
CA00030268,2025-04-20,BR019,TLR-1919,C502198,cash deposit,533.68,CAD
CA00027271,2025-04-01,BR003,TLR-4382,C500189,cash withdrawal,2222.96,CAD
CA00029564,2025-04-17,BR015,TLR-7576,C501066,cash withdrawal,2508.82,CAD
CA00029352,2025-04-11,BR014,TLR-2460,C503717,cash deposit,642.14,CAD
CA00027836,2025-04-24,BR006,TLR-2427,C501316,cash withdrawal,1593.71,CAD
CA00033925,2025-04-22,BR037,TLR-6890,C500159,cash deposit,1365.81,CAD
CA00030021,2025-04-30,BR017,TLR-6390,C503373,cash withdrawal,612.09,CAD
CA00029261,2025-04-02,BR014,TLR-5466,C500467,cash deposit,573.49,CAD
CA00034894,2025-04-13,BR040,TLR-8355,C501973,cash withdrawal,289.22,CAD
CA00030479,2025-04-10,BR019,TLR-9672,C502415,cash deposit,1491.36,CAD
CA00035244,2025-04-24,BR040,TLR-7300,C500604,cash withdrawal,854.78,CAD
CA00027112,2025-04-28,BR002,TLR-2385,C501151,cash withdrawal,-300.56,CAD
CA00029673,2025-04-14,BR016,TLR-6367,C502189,cash withdrawal,4482.3,CAD
CA00030927,2025-04-20,BR021,TLR-3343,C502469,cash withdrawal,510.38,CAD
CA00032459,2025-04-30,BR030,TLR-9974,C502861,cash deposit,1929.63,CAD
CA00034271,2025-04-02,BR038,TLR-8919,C501227,cash deposit,858.64,CAD
CA00034782,2025-04-18,BR040,TLR-9038,C500705,cash deposit,150.6,CAD
CA00028226,2025-04-15,BR008,TLR-6574,C503628,cash deposit,955.26,CAD
CA00035374,2025-04-09,BR040,TLR-2202,C502181,cash deposit,874.31,CAD
CA00029330,2025-04-02,BR014,TLR-5087,C501415,cash withdrawal,460.81,CAD
CA00029978,2025-04-15,BR017,TLR-2387,C502784,cash withdrawal,814.16,CAD
CA00033912,2025-04-07,BR037,TLR-9803,C503693,cash deposit,650.56,CAD
CA00031038,2025-04-10,BR023,TLR-7132,C503262,cash withdrawal,839.4,CAD
CA00031827,2025-04-19,BR026,TLR-7176,C502656,cash deposit,489.86,CAD
CA00032209,2025-04-13,BR029,TLR-9712,C502382,cash deposit,1463.98,CAD
CA00033838,2025-04-30,BR036,TLR-8404,C500459,cash deposit,870.81,CAD
CA00032495,2025-04-24,BR030,TLR-6347,C503140,cash withdrawal,317.9,CAD
CA00030548,2025-04-10,BR019,TLR-2938,C503687,cash deposit,632.4,CAD
CA00032760,2025-04-05,BR031,TLR-8964,C501444,cash deposit,1131.54,CAD
CA00032400,2025-04-30,BR030,TLR-2738,C500559,cash withdrawal,896.16,CAD
CA00026666,2025-04-25,BR001,TLR-3476,C501120,cash withdrawal,1152.67,CAD
CA00028628,2025-04-27,BR010,TLR-3829,C502187,cash deposit,1125.25,CAD
CA00028190,2025-04-15,BR007,TLR-3426,C502095,cash withdrawal,285.64,CAD
CA00030769,2025-04-12,BR020,TLR-5144,C502222,cash deposit,536.51,USD
CA00029120,2025-04-10,BR013,TLR-9245,C500115,cash deposit,538.74,CAD
CA00026780,2025-04-06,BR001,TLR-6309,C501667,cash deposit,1192.94,CAD
CA00027259,2025-04-04,BR003,TLR-6606,C501088,cash deposit,182.41,CAD
CA00028631,2025-04-13,BR010,TLR-5369,C502389,cash deposit,847.06,CAD
CA00031185,2025-04-01,BR024,TLR-3842,C500150,cash deposit,1534.53,CAD
CA00030322,2025-04-24,BR019,TLR-7367,C503363,cash withdrawal,628.0,CAD
CA00027821,2025-04-29,BR006,TLR-1260,C502004,cash deposit,767.44,CAD
CA00029148,2025-04-22,BR013,TLR-2110,C501565,cash deposit,2683.85,CAD
CA00030244,2025-04-02,BR019,TLR-1113,C501474,cash withdrawal,1048.73,CAD
CA00034387,2025-04-02,BR039,TLR-1054,C501606,cash deposit,1183.23,CAD
CA00035005,2025-04-17,BR040,TLR-5339,C501201,cash deposit,1589.63,CAD
CA00030019,2025-04-14,BR017,TLR-5287,C502684,cash deposit,616.12,CAD
CA00029683,2025-04-02,BR016,TLR-3430,C500337,cash withdrawal,708.37,CAD
CA00029116,2025-04-25,BR013,TLR-7960,C502353,cash deposit,392.33,CAD
CA00033041,2025-04-12,BR033,TLR-6555,C500024,cash withdrawal,1667.38,CAD
CA00031550,2025-04-25,BR025,TLR-7836,C503073,cash withdrawal,-1056.2,CAD
CA00026973,2025-04-19,BR002,TLR-5559,C503938,cash deposit,1196.55,CAD
CA00030504,2025-04-07,BR019,TLR-9903,C503168,cash withdrawal,556.1,CAD
CA00031286,2025-04-19,BR024,TLR-7511,C503208,cash withdrawal,3089.57,CAD
CA00028239,2025-04-13,BR008,TLR-6011,C501327,cash withdrawal,3789.66,CAD
CA00026808,2025-04-14,BR001,TLR-6915,C501076,cash deposit,717.3,CAD
CA00029105,2025-04-25,BR013,TLR-1877,C502890,cash deposit,501.11,CAD
CA00031702,2025-04-19,BR026,TLR-8879,C500159,cash deposit,918.61,CAD
CA00031177,2025-04-27,BR024,TLR-4724,C500779,cash withdrawal,488.24,CAD
CA00031139,2025-04-23,BR024,TLR-6267,C503990,cash withdrawal,1127.17,CAD
CA00029703,2025-04-30,BR016,TLR-2679,C503924,cash withdrawal,1513.91,CAD
CA00034705,2025-04-01,BR040,TLR-2244,C503404,cash deposit,501.36,CAD
CA00035157,2025-04-18,BR040,TLR-4465,C500819,cash deposit,349.11,CAD
CA00027054,2025-04-12,BR002,TLR-9629,C500303,cash deposit,262.98,CAD
CA00031836,2025-04-30,BR026,TLR-1699,C501826,cash withdrawal,-497.33,CAD
CA00030542,2025-04-30,BR019,TLR-1183,C502204,cash withdrawal,490.67,CAD
CA00030374,2025-04-13,BR019,TLR-3059,C501162,cash withdrawal,525.74,CAD
CA00032657,2025-04-12,BR031,TLR-4147,C500506,cash withdrawal,1268.65,CAD
CA00032691,2025-04-06,BR031,TLR-7147,C501998,cash deposit,700.79,CAD
CA00034496,2025-04-26,BR039,TLR-5502,C501695,cash deposit,590.09,CAD
CA00029935,2025-04-15,BR017,TLR-9049,C503296,cash withdrawal,502.28,CAD
CA00031916,2025-04-15,BR027,TLR-4314,C500756,cash deposit,1749.97,CAD
CA00034986,2025-04-18,BR040,TLR-9323,C502999,cash deposit,853.57,CAD
CA00033950,2025-04-30,BR037,TLR-7020,C500539,cash deposit,533.78,CAD
CA00028059,2025-04-19,BR007,TLR-6625,C500441,cash deposit,740.1,CAD
CA00028791,2025-04-01,BR011,TLR-6630,C503152,cash deposit,112.39,CAD
CA00031387,2025-04-04,BR024,TLR-9420,C502896,cash withdrawal,918.71,CAD
CA00027519,2025-04-23,BR004,TLR-1454,C503499,cash withdrawal,433.35,CAD
CA00031776,2025-04-30,BR026,TLR-5214,C502294,cash withdrawal,-624.23,CAD
CA00034679,2025-04-13,BR040,TLR-4042,C501797,cash withdrawal,1783.76,CAD
CA00026580,2025-04-03,BR001,TLR-2129,C500256,cash withdrawal,477.02,CAD
CA00031828,2025-04-19,BR026,TLR-8759,C500629,cash deposit,474.47,CAD
CA00031016,2025-04-02,BR022,TLR-5375,C501248,cash withdrawal,793.16,CAD
CA00028429,2025-04-02,BR008,TLR-4922,C502346,cash withdrawal,662.89,CAD
CA00028719,2025-04-13,BR010,TLR-2803,C500122,cash withdrawal,865.97,CAD
CA00033908,2025-04-29,BR037,TLR-9017,C501124,cash withdrawal,553.9,CAD
CA00033331,2025-04-15,BR034,TLR-4622,C502598,cash deposit,268.69,CAD
CA00026721,2025-04-10,BR001,TLR-4004,C500765,cash deposit,1470.05,CAD
CA00031561,2025-04-17,BR025,TLR-6624,C503960,cash withdrawal,-1071.12,CAD
CA00035185,2025-04-28,BR040,TLR-2397,C501897,cash withdrawal,785.43,CAD
CA00030038,2025-04-05,BR017,TLR-5835,C501691,cash withdrawal,1242.98,CAD
CA00034185,2025-04-30,BR038,TLR-8357,C503590,cash deposit,1671.52,CAD
CA00027068,2025-04-26,BR002,TLR-2644,C502752,cash withdrawal,-996.81,CAD
CA00029146,2025-04-03,BR013,TLR-2191,C502336,cash deposit,335.93,CAD
CA00028175,2025-04-10,BR007,TLR-5931,C501926,cash withdrawal,222.37,CAD
CA00029386,2025-04-23,BR014,TLR-7372,C501877,cash withdrawal,220.92,CAD
CA00033321,2025-04-01,BR034,TLR-2587,C501063,cash withdrawal,403.1,CAD
CA00033397,2025-04-02,BR035,TLR-4287,C501396,cash deposit,1991.55,CAD
CA00032507,2025-04-17,BR030,TLR-4538,C501234,cash withdrawal,1004.5,CAD
CA00031162,2025-04-01,BR024,TLR-1505,C500819,cash deposit,5035.95,CAD
CA00030543,2025-04-05,BR019,TLR-4896,C502566,cash deposit,1245.43,CAD
CA00032532,2025-04-02,BR030,TLR-9222,C500626,cash deposit,1747.56,CAD
CA00027792,2025-04-21,BR006,TLR-2926,C503278,cash withdrawal,934.29,CAD
CA00030572,2025-04-25,BR019,TLR-4740,C501096,cash deposit,1072.87,CAD
CA00030392,2025-04-13,BR019,TLR-1709,C500406,cash withdrawal,1161.21,CAD
CA00031164,2025-04-07,BR024,TLR-5393,C503286,cash withdrawal,8767.72,CAD
CA00035170,2025-04-16,BR040,TLR-5018,C503547,cash withdrawal,888.83,CAD
CA00027594,2025-04-10,BR004,TLR-2525,C501539,cash deposit,747.14,CAD
CA00032708,2025-04-24,BR031,TLR-9256,C503707,cash deposit,223.41,CAD
CA00034528,2025-04-12,BR039,TLR-8405,C502905,cash deposit,645.3,CAD
CA00028162,2025-04-12,BR007,TLR-9514,C501180,cash withdrawal,780.79,CAD
CA00031012,2025-04-03,BR022,TLR-7430,C501172,cash deposit,1091.54,CAD
CA00029489,2025-04-23,BR015,TLR-7735,C503269,cash withdrawal,806.82,CAD
CA00035119,2025-04-21,BR040,TLR-3174,C501168,cash withdrawal,1391.77,CAD
CA00028202,2025-04-01,BR007,TLR-7762,C502467,cash deposit,2152.61,CAD
CA00032640,2025-04-09,BR031,TLR-3800,C501201,cash withdrawal,1625.69,CAD
CA00031266,2025-04-18,BR024,TLR-5761,C500842,cash deposit,2063.59,CAD
CA00031169,2025-04-29,BR024,TLR-9293,C500618,cash withdrawal,2494.38,CAD
CA00030891,2025-04-14,BR021,TLR-8339,C502252,cash withdrawal,755.16,CAD
CA00028419,2025-04-10,BR008,TLR-6107,C503964,cash withdrawal,219.72,CAD
CA00028632,2025-04-17,BR010,TLR-5850,C503357,cash deposit,232.18,CAD
CA00029182,2025-04-28,BR014,TLR-5513,C500646,cash withdrawal,462.54,CAD
CA00031490,2025-04-12,BR025,TLR-2840,C500205,cash deposit,331.18,CAD
CA00033288,2025-04-22,BR034,TLR-5312,C502131,cash deposit,836.36,CAD
CA00029555,2025-04-15,BR015,TLR-9916,C500585,cash deposit,1892.62,CAD
CA00031381,2025-04-03,BR024,TLR-1851,C501416,cash withdrawal,1126.63,CAD
CA00027190,2025-04-05,BR003,TLR-4841,C500210,cash deposit,1150.47,CAD
CA00034550,2025-04-29,BR039,TLR-7638,C503640,cash withdrawal,806.05,CAD
CA00028126,2025-04-02,BR007,TLR-1771,C500604,cash deposit,738.78,CAD
CA00029088,2025-04-12,BR013,TLR-3040,C500094,cash deposit,677.82,CAD
CA00026689,2025-04-03,BR001,TLR-1011,C503400,cash withdrawal,565.5,CAD
CA00029137,2025-04-23,BR013,TLR-9035,C501796,cash withdrawal,584.59,CAD
CA00030591,2025-04-21,BR019,TLR-2737,C503485,cash withdrawal,1144.07,CAD
CA00027496,2025-04-16,BR004,TLR-3144,C501634,cash withdrawal,967.73,CAD
CA00027503,2025-04-14,BR004,TLR-1445,C502812,cash deposit,2403.19,CAD
CA00035335,2025-04-14,BR040,TLR-5660,C501297,cash deposit,434.08,CAD
CA00031260,2025-04-25,BR024,TLR-5793,C501767,cash withdrawal,711.7,CAD
CA00031033,2025-04-24,BR023,TLR-7370,C501133,cash withdrawal,1521.95,CAD
CA00033256,2025-04-08,BR034,TLR-4908,C502220,cash deposit,168.92,CAD
CA00033139,2025-04-11,BR033,TLR-7213,C502732,cash deposit,490.98,CAD
CA00034258,2025-04-20,BR038,TLR-7620,C502762,cash withdrawal,1087.91,CAD
CA00035338,2025-04-13,BR040,TLR-3777,C500350,cash deposit,1086.0,CAD
CA00032025,2025-04-17,BR027,TLR-5141,C501057,cash deposit,378.32,CAD
CA00034382,2025-04-30,BR039,TLR-8963,C502763,cash deposit,763.26,CAD
CA00031848,2025-04-19,BR026,TLR-2014,C501873,cash withdrawal,-1291.95,CAD
CA00027304,2025-04-17,BR003,TLR-7124,C502904,cash deposit,2258.02,CAD
CA00035160,2025-04-19,BR040,TLR-3153,C502186,cash deposit,1342.97,CAD
CA00035274,2025-04-03,BR040,TLR-5257,C503934,cash withdrawal,1655.15,CAD
CA00029755,2025-04-26,BR016,TLR-5618,C500291,cash withdrawal,1488.01,CAD
CA00033571,2025-04-11,BR035,TLR-9279,C503859,cash withdrawal,1172.79,CAD
CA00026950,2025-04-22,BR002,TLR-4197,C501698,cash withdrawal,-740.49,CAD
CA00032156,2025-04-14,BR028,TLR-2625,C501602,cash withdrawal,2398.31,CAD
CA00035369,2025-04-02,BR040,TLR-5347,C500291,cash withdrawal,1256.36,CAD
CA00034256,2025-04-06,BR038,TLR-6568,C501296,cash deposit,2814.62,CAD
CA00035325,2025-04-30,BR040,TLR-9727,C500401,cash withdrawal,860.67,CAD
CA00035291,2025-04-07,BR040,TLR-7993,C502370,cash deposit,1298.04,CAD
CA00030861,2025-04-07,BR021,TLR-6665,C502261,cash deposit,1630.36,CAD
CA00027370,2025-04-09,BR004,TLR-7016,C502535,cash withdrawal,2211.52,CAD
CA00027703,2025-04-11,BR006,TLR-9529,C502633,cash withdrawal,934.09,CAD
CA00033085,2025-04-20,BR033,TLR-2066,C502668,cash deposit,243.44,CAD
CA00030113,2025-04-09,BR017,TLR-5967,C503047,cash withdrawal,955.46,CAD
CA00032186,2025-04-19,BR029,TLR-4199,C500060,cash deposit,970.24,CAD
CA00027253,2025-04-13,BR003,TLR-3795,C501714,cash deposit,642.51,CAD
CA00028509,2025-04-19,BR009,TLR-4011,C501146,cash withdrawal,1937.18,CAD
CA00035066,2025-04-29,BR040,TLR-9271,C502196,cash deposit,1711.08,CAD
CA00031832,2025-04-03,BR026,TLR-6264,C503030,cash deposit,2246.43,CAD
CA00033961,2025-04-12,BR037,TLR-9231,C501515,cash withdrawal,770.06,CAD
CA00033006,2025-04-18,BR032,TLR-5681,C503604,cash deposit,320.45,CAD
CA00032419,2025-04-13,BR030,TLR-3771,C501034,cash withdrawal,711.38,CAD
CA00029160,2025-04-09,BR013,TLR-4911,C501600,cash deposit,1083.6,CAD
CA00028416,2025-04-23,BR008,TLR-6094,C503473,cash withdrawal,473.02,CAD
CA00034725,2025-04-02,BR040,TLR-5541,C502152,cash withdrawal,663.74,CAD
CA00034000,2025-04-09,BR037,TLR-6955,C502331,cash withdrawal,1263.46,CAD
CA00027947,2025-04-08,BR006,TLR-3427,C503851,cash withdrawal,2224.77,CAD
CA00032004,2025-04-17,BR027,TLR-2461,C501835,cash deposit,981.07,CAD
CA00026773,2025-04-10,BR001,TLR-8382,C503278,cash deposit,6377.9,CAD
CA00031994,2025-04-04,BR027,TLR-8781,C500979,cash deposit,495.0,CAD
CA00027059,2025-04-02,BR002,TLR-9516,C502420,cash deposit,1416.24,CAD
CA00029775,2025-04-06,BR016,TLR-3546,C501002,cash deposit,722.32,CAD
CA00028375,2025-04-22,BR008,TLR-1337,C501656,cash deposit,1099.31,CAD
CA00029460,2025-04-25,BR015,TLR-1832,C501927,cash deposit,1887.1,CAD
CA00032007,2025-04-29,BR027,TLR-7595,C503362,cash deposit,1183.98,CAD
CA00027224,2025-04-25,BR003,TLR-2244,C503942,cash deposit,987.29,CAD
CA00034851,2025-04-11,BR040,TLR-3816,C500070,cash deposit,391.36,CAD
CA00028179,2025-04-23,BR007,TLR-1213,C503598,cash withdrawal,295.88,CAD
CA00030361,2025-04-07,BR019,TLR-4405,C502780,cash withdrawal,700.52,CAD
CA00030892,2025-04-17,BR021,TLR-9256,C503491,cash deposit,1954.94,CAD
CA00031660,2025-04-19,BR026,TLR-8251,C503590,cash withdrawal,-533.87,CAD
CA00033788,2025-04-16,BR036,TLR-9949,C501534,cash deposit,438.2,CAD
CA00033096,2025-04-17,BR033,TLR-1693,C503777,cash deposit,296.24,CAD
CA00033357,2025-04-13,BR035,TLR-6085,C500218,cash withdrawal,188.78,CAD
CA00028471,2025-04-13,BR009,TLR-8813,C501722,cash deposit,2326.65,CAD
CA00034405,2025-04-02,BR039,TLR-2318,C502932,cash deposit,821.12,CAD
CA00027229,2025-04-18,BR003,TLR-5617,C503019,cash withdrawal,1622.99,CAD
CA00034149,2025-04-15,BR037,TLR-2724,C501780,cash deposit,475.54,CAD
CA00032543,2025-04-06,BR030,TLR-1961,C500361,cash deposit,1356.08,CAD
CA00029970,2025-04-22,BR017,TLR-3826,C503733,cash withdrawal,613.96,CAD
CA00034109,2025-04-30,BR037,TLR-2734,C501940,cash withdrawal,262.7,CAD
CA00029384,2025-04-24,BR014,TLR-2472,C503213,cash withdrawal,1293.5,CAD
CA00030239,2025-04-06,BR019,TLR-3783,C503905,cash deposit,247.81,CAD
CA00031951,2025-04-19,BR027,TLR-5930,C500359,cash withdrawal,1665.34,CAD
CA00033868,2025-04-02,BR036,TLR-9142,C501464,cash withdrawal,1662.42,CAD
CA00032767,2025-04-05,BR031,TLR-2551,C500184,cash withdrawal,5397.68,CAD
CA00030869,2025-04-11,BR021,TLR-4384,C500904,cash deposit,869.4,CAD
CA00033359,2025-04-15,BR035,TLR-5996,C500413,cash deposit,436.71,CAD
CA00028953,2025-04-19,BR012,TLR-3422,C500924,cash withdrawal,598.46,CAD
CA00032707,2025-04-21,BR031,TLR-9440,C500827,cash deposit,421.38,CAD
CA00033885,2025-04-29,BR036,TLR-3383,C502788,cash deposit,842.65,CAD
CA00035125,2025-04-19,BR040,TLR-4333,C501153,cash deposit,818.34,CAD
CA00031921,2025-04-11,BR027,TLR-4659,C500633,cash deposit,1180.47,CAD
CA00030734,2025-04-13,BR020,TLR-6013,C503172,cash withdrawal,509.95,USD
CA00028242,2025-04-12,BR008,TLR-1345,C500066,cash withdrawal,674.4,CAD
CA00027415,2025-04-15,BR004,TLR-5168,C500981,cash deposit,1198.98,CAD
CA00034833,2025-04-06,BR040,TLR-9886,C500154,cash withdrawal,672.34,CAD
CA00028241,2025-04-04,BR008,TLR-9825,C500740,cash deposit,367.5,CAD
CA00032710,2025-04-16,BR031,TLR-2639,C503354,cash deposit,676.08,CAD
CA00031101,2025-04-08,BR023,TLR-4983,C502329,cash withdrawal,4570.02,CAD
CA00031028,2025-04-13,BR023,TLR-3447,C500191,cash deposit,1241.35,CAD
CA00031427,2025-04-10,BR025,TLR-1046,C500244,cash withdrawal,-592.05,CAD
CA00034950,2025-04-16,BR040,TLR-4046,C502842,cash deposit,405.74,CAD
CA00029542,2025-04-29,BR015,TLR-4585,C503225,cash withdrawal,1163.69,CAD
CA00030980,2025-04-18,BR022,TLR-4551,C501914,cash deposit,2156.54,CAD
CA00031585,2025-04-28,BR025,TLR-9954,C500829,cash deposit,643.69,CAD
CA00029662,2025-04-03,BR015,TLR-1389,C502225,cash deposit,1306.72,CAD
CA00032817,2025-04-02,BR031,TLR-3761,C502782,cash withdrawal,2627.93,CAD
CA00028688,2025-04-20,BR010,TLR-1978,C501250,cash withdrawal,711.41,CAD
CA00031282,2025-04-20,BR024,TLR-6520,C501036,cash withdrawal,1654.53,CAD
CA00032612,2025-04-17,BR031,TLR-7873,C502986,cash deposit,349.5,CAD
CA00027283,2025-04-04,BR003,TLR-7689,C500498,cash deposit,1946.08,CAD
CA00031096,2025-04-06,BR023,TLR-3515,C501633,cash deposit,692.73,CAD
CA00032033,2025-04-21,BR027,TLR-7586,C500623,cash deposit,425.65,CAD
CA00031190,2025-04-29,BR024,TLR-3103,C501432,cash deposit,1957.55,CAD
CA00029709,2025-04-13,BR016,TLR-3814,C502407,cash withdrawal,3175.98,CAD
CA00035330,2025-04-27,BR040,TLR-4498,C503280,cash withdrawal,3695.92,CAD
CA00029509,2025-04-02,BR015,TLR-4251,C502038,cash deposit,1163.43,CAD
CA00035293,2025-04-17,BR040,TLR-8994,C501034,cash withdrawal,749.15,CAD
CA00032964,2025-04-05,BR032,TLR-5545,C503742,cash deposit,1787.32,CAD
CA00032380,2025-04-12,BR030,TLR-5391,C501095,cash withdrawal,2693.37,CAD
CA00033487,2025-04-09,BR035,TLR-1491,C502116,cash deposit,1366.56,CAD
CA00029032,2025-04-15,BR012,TLR-2164,C502968,cash withdrawal,960.67,CAD
CA00028898,2025-04-27,BR012,TLR-1635,C501624,cash deposit,150.26,CAD
CA00026761,2025-04-30,BR001,TLR-9530,C503346,cash withdrawal,1371.71,CAD
CA00030725,2025-04-30,BR020,TLR-7926,C500600,cash deposit,322.58,USD
CA00031397,2025-04-04,BR024,TLR-6367,C501669,cash withdrawal,3602.83,CAD
CA00029772,2025-04-08,BR016,TLR-6455,C502622,cash withdrawal,248.99,CAD
CA00032533,2025-04-26,BR030,TLR-4008,C503883,cash withdrawal,1049.21,CAD
CA00034701,2025-04-06,BR040,TLR-7436,C503489,cash deposit,664.99,CAD
CA00029013,2025-04-06,BR012,TLR-8155,C500625,cash withdrawal,502.12,CAD
CA00029767,2025-04-10,BR016,TLR-6563,C501052,cash deposit,260.2,CAD
CA00027248,2025-04-14,BR003,TLR-1134,C502823,cash deposit,255.2,CAD
CA00033401,2025-04-15,BR035,TLR-1580,C500162,cash deposit,518.83,CAD
CA00028298,2025-04-05,BR008,TLR-7653,C500131,cash deposit,461.43,CAD
CA00032429,2025-04-11,BR030,TLR-7105,C503564,cash withdrawal,250.58,CAD
CA00032501,2025-04-24,BR030,TLR-7825,C503057,cash withdrawal,644.23,CAD
CA00027287,2025-04-27,BR003,TLR-7851,C501009,cash deposit,3567.36,CAD
CA00028528,2025-04-04,BR009,TLR-6860,C502458,cash withdrawal,524.44,CAD
CA00028450,2025-04-25,BR009,TLR-5032,C500238,cash withdrawal,1367.95,CAD
CA00035086,2025-04-26,BR040,TLR-8774,C500745,cash withdrawal,1128.08,CAD
CA00031856,2025-04-02,BR026,TLR-6797,C500873,cash withdrawal,-522.89,CAD
CA00031263,2025-04-30,BR024,TLR-7847,C500593,cash withdrawal,809.3,CAD
CA00034347,2025-04-12,BR038,TLR-8039,C500092,cash deposit,1503.95,CAD
CA00031709,2025-04-15,BR026,TLR-3628,C501563,cash deposit,391.41,CAD
CA00035361,2025-04-08,BR040,TLR-4702,C502215,cash withdrawal,1146.16,CAD
CA00031922,2025-04-02,BR027,TLR-2439,C501290,cash withdrawal,1801.71,CAD
CA00031206,2025-04-29,BR024,TLR-6917,C504000,cash withdrawal,2618.19,CAD
CA00030610,2025-04-08,BR020,TLR-3219,C503432,cash withdrawal,843.92,USD
CA00026797,2025-04-25,BR001,TLR-7481,C501540,cash withdrawal,1801.47,CAD
CA00031439,2025-04-15,BR025,TLR-5366,C501866,cash withdrawal,-1066.31,CAD
CA00028040,2025-04-22,BR007,TLR-9860,C502241,cash withdrawal,841.63,CAD
CA00030644,2025-04-28,BR020,TLR-3078,C502532,cash withdrawal,1593.7,USD
CA00032146,2025-04-11,BR028,TLR-1208,C502197,cash withdrawal,2101.63,CAD
CA00026919,2025-04-11,BR002,TLR-5238,C502210,cash withdrawal,-346.5,CAD
CA00031796,2025-04-24,BR026,TLR-3829,C500189,cash withdrawal,-1183.56,CAD
CA00028750,2025-04-22,BR010,TLR-1858,C503573,cash deposit,1332.01,CAD
CA00029356,2025-04-06,BR014,TLR-8068,C502286,cash deposit,926.82,CAD
CA00030704,2025-04-09,BR020,TLR-1318,C500689,cash withdrawal,833.84,USD
CA00029087,2025-04-13,BR013,TLR-1415,C501372,cash withdrawal,584.97,CAD
CA00032643,2025-04-04,BR031,TLR-8412,C503105,cash withdrawal,720.45,CAD
CA00029193,2025-04-23,BR014,TLR-7837,C503092,cash deposit,813.92,CAD
CA00029224,2025-04-17,BR014,TLR-1377,C503966,cash deposit,996.51,CAD
CA00031825,2025-04-23,BR026,TLR-7243,C503795,cash withdrawal,-1022.23,CAD
CA00032000,2025-04-21,BR027,TLR-5372,C500040,cash withdrawal,475.31,CAD
CA00026631,2025-04-16,BR001,TLR-9523,C502837,cash withdrawal,2915.22,CAD
CA00030387,2025-04-13,BR019,TLR-5090,C501976,cash withdrawal,1704.49,CAD
CA00027785,2025-04-25,BR006,TLR-6477,C503094,cash deposit,927.31,CAD
CA00029286,2025-04-28,BR014,TLR-8938,C502205,cash withdrawal,1437.42,CAD
CA00032332,2025-04-30,BR030,TLR-7555,C503995,cash withdrawal,1977.84,CAD
CA00032302,2025-04-26,BR029,TLR-9794,C501205,cash deposit,1566.42,CAD
CA00031318,2025-04-08,BR024,TLR-8771,C500988,cash deposit,458.7,CAD
CA00030096,2025-04-09,BR017,TLR-2051,C501250,cash withdrawal,978.78,CAD
CA00030795,2025-04-08,BR021,TLR-4578,C501808,cash withdrawal,728.51,CAD
CA00031662,2025-04-11,BR026,TLR-5537,C501176,cash withdrawal,-971.97,CAD
CA00032965,2025-04-16,BR032,TLR-2815,C502513,cash withdrawal,317.3,CAD
CA00027345,2025-04-27,BR003,TLR-4059,C502594,cash withdrawal,3042.95,CAD
CA00027721,2025-04-26,BR006,TLR-8352,C502597,cash deposit,2969.96,CAD
CA00031659,2025-04-15,BR026,TLR-3036,C502007,cash withdrawal,-874.08,CAD
CA00033692,2025-04-24,BR036,TLR-7101,C500084,cash withdrawal,374.83,CAD
CA00029259,2025-04-17,BR014,TLR-6303,C502753,cash deposit,1981.21,CAD
CA00031749,2025-04-17,BR026,TLR-4123,C503786,cash deposit,3426.82,CAD
CA00033247,2025-04-08,BR034,TLR-3114,C503503,cash withdrawal,1804.39,CAD
CA00032601,2025-04-25,BR030,TLR-8555,C500144,cash withdrawal,1999.52,CAD
CA00026746,2025-04-14,BR001,TLR-2810,C502993,cash withdrawal,743.54,CAD
CA00028478,2025-04-22,BR009,TLR-2739,C502047,cash withdrawal,742.61,CAD
CA00027959,2025-04-24,BR006,TLR-9977,C500388,cash withdrawal,456.82,CAD
CA00030565,2025-04-28,BR019,TLR-2564,C502590,cash deposit,1865.68,CAD
CA00028976,2025-04-25,BR012,TLR-8979,C500866,cash withdrawal,590.68,CAD
CA00029552,2025-04-09,BR015,TLR-9248,C501727,cash withdrawal,1300.81,CAD
CA00032979,2025-04-04,BR032,TLR-8506,C502205,cash deposit,398.28,CAD
CA00030801,2025-04-21,BR021,TLR-9660,C501811,cash deposit,1332.75,CAD
CA00027446,2025-04-02,BR004,TLR-2941,C503392,cash withdrawal,3744.65,CAD
CA00028174,2025-04-10,BR007,TLR-9171,C501352,cash withdrawal,895.32,CAD
CA00030670,2025-04-29,BR020,TLR-4284,C500864,cash withdrawal,733.64,USD
CA00035358,2025-04-17,BR040,TLR-5146,C502785,cash deposit,822.73,CAD
CA00031064,2025-04-10,BR023,TLR-7026,C502883,cash deposit,2245.45,CAD
CA00028128,2025-04-15,BR007,TLR-3905,C501426,cash deposit,2413.9,CAD
CA00028356,2025-04-29,BR008,TLR-2935,C501060,cash withdrawal,1279.18,CAD
CA00027855,2025-04-03,BR006,TLR-4826,C503470,cash deposit,1412.19,CAD
CA00035404,2025-04-20,BR040,TLR-2354,C503287,cash deposit,561.85,CAD
CA00028635,2025-04-21,BR010,TLR-5626,C503386,cash withdrawal,7676.49,CAD
CA00029895,2025-04-11,BR017,TLR-3099,C503614,cash deposit,3356.92,CAD
CA00034780,2025-04-25,BR040,TLR-2764,C501110,cash withdrawal,893.52,CAD
CA00030471,2025-04-27,BR019,TLR-7591,C500481,cash deposit,1012.2,CAD
CA00031493,2025-04-17,BR025,TLR-1302,C503318,cash deposit,379.29,CAD
CA00035268,2025-04-29,BR040,TLR-6553,C500937,cash deposit,1757.73,CAD
CA00029511,2025-04-10,BR015,TLR-6228,C503734,cash deposit,763.23,CAD
CA00033373,2025-04-11,BR035,TLR-7725,C503249,cash deposit,1571.52,CAD
CA00032766,2025-04-23,BR031,TLR-2780,C502696,cash withdrawal,787.23,CAD
CA00029948,2025-04-16,BR017,TLR-5632,C503835,cash deposit,557.69,CAD
CA00029965,2025-04-13,BR017,TLR-5715,C502609,cash deposit,3037.18,CAD
CA00027330,2025-04-18,BR003,TLR-6004,C501893,cash withdrawal,688.41,CAD
CA00032750,2025-04-26,BR031,TLR-4080,C503660,cash withdrawal,2089.06,CAD
CA00035020,2025-04-15,BR040,TLR-1485,C500215,cash withdrawal,1363.64,CAD
CA00033763,2025-04-15,BR036,TLR-8852,C502720,cash withdrawal,1261.5,CAD
CA00035251,2025-04-27,BR040,TLR-3797,C501391,cash deposit,678.69,CAD
CA00034945,2025-04-13,BR040,TLR-1513,C501924,cash withdrawal,1752.88,CAD
CA00034933,2025-04-08,BR040,TLR-2818,C503141,cash withdrawal,702.18,CAD
CA00028023,2025-04-04,BR007,TLR-7204,C503593,cash deposit,1906.54,CAD
CA00033577,2025-04-27,BR036,TLR-9349,C500675,cash withdrawal,1758.39,CAD
CA00029820,2025-04-06,BR016,TLR-7514,C502767,cash deposit,1245.08,CAD
CA00032516,2025-04-07,BR030,TLR-8695,C502789,cash deposit,1536.6,CAD
CA00027366,2025-04-24,BR004,TLR-7336,C500653,cash deposit,1784.06,CAD
CA00033510,2025-04-23,BR035,TLR-6160,C501408,cash withdrawal,704.17,CAD
CA00027931,2025-04-22,BR006,TLR-8250,C503216,cash withdrawal,1763.2,CAD
CA00031087,2025-04-03,BR023,TLR-4182,C501849,cash deposit,916.5,CAD
CA00028139,2025-04-23,BR007,TLR-9297,C500814,cash deposit,1009.64,CAD
CA00034993,2025-04-21,BR040,TLR-8069,C503047,cash deposit,829.28,CAD
CA00030951,2025-04-25,BR021,TLR-4913,C500935,cash deposit,547.89,CAD
CA00034344,2025-04-04,BR038,TLR-7629,C503692,cash withdrawal,1438.22,CAD
CA00030184,2025-04-18,BR018,TLR-6247,C501762,cash withdrawal,1575.22,CAD
CA00032722,2025-04-05,BR031,TLR-7421,C500207,cash withdrawal,2700.69,CAD
CA00029648,2025-04-18,BR015,TLR-4324,C501905,cash withdrawal,361.56,CAD
CA00027462,2025-04-02,BR004,TLR-1432,C502725,cash deposit,950.9,CAD
CA00032259,2025-04-24,BR029,TLR-8291,C503064,cash withdrawal,448.08,CAD
CA00033883,2025-04-11,BR036,TLR-1930,C503080,cash deposit,466.24,CAD
CA00033988,2025-04-23,BR037,TLR-9860,C500606,cash withdrawal,584.66,CAD
CA00031253,2025-04-25,BR024,TLR-5348,C501944,cash withdrawal,1203.84,CAD
CA00030129,2025-04-30,BR018,TLR-6650,C503353,cash deposit,1340.95,CAD
CA00034460,2025-04-24,BR039,TLR-9841,C500814,cash deposit,858.04,CAD
CA00030072,2025-04-01,BR017,TLR-5393,C502164,cash deposit,866.46,CAD
CA00028253,2025-04-25,BR008,TLR-7509,C502598,cash deposit,593.67,CAD
CA00027107,2025-04-10,BR002,TLR-7146,C502095,cash withdrawal,-1211.4,CAD
CA00033455,2025-04-12,BR035,TLR-5014,C503765,cash deposit,971.56,CAD
CA00031331,2025-04-02,BR024,TLR-2282,C500630,cash deposit,1953.13,CAD
CA00035245,2025-04-16,BR040,TLR-1967,C500799,cash withdrawal,1058.72,CAD
CA00034209,2025-04-07,BR038,TLR-3398,C500777,cash deposit,984.26,CAD
CA00029482,2025-04-04,BR015,TLR-6340,C502931,cash deposit,1049.63,CAD
CA00030417,2025-04-18,BR019,TLR-3066,C500884,cash withdrawal,621.52,CAD
CA00027218,2025-04-26,BR003,TLR-7514,C501341,cash deposit,693.06,CAD
CA00028398,2025-04-27,BR008,TLR-9607,C501660,cash deposit,1135.99,CAD
CA00034231,2025-04-25,BR038,TLR-6549,C502561,cash withdrawal,1997.03,CAD
CA00027428,2025-04-07,BR004,TLR-3879,C503351,cash withdrawal,615.76,CAD
CA00029967,2025-04-18,BR017,TLR-3311,C503479,cash withdrawal,274.53,CAD
CA00028950,2025-04-17,BR012,TLR-8926,C503392,cash deposit,1171.22,CAD
CA00031714,2025-04-29,BR026,TLR-7967,C500605,cash withdrawal,-5860.17,CAD
CA00029858,2025-04-27,BR016,TLR-5624,C502554,cash deposit,4688.93,CAD
CA00030786,2025-04-09,BR021,TLR-4679,C501995,cash deposit,1068.3,CAD
CA00028675,2025-04-18,BR010,TLR-3735,C503986,cash deposit,1071.6,CAD
CA00029214,2025-04-10,BR014,TLR-4183,C503876,cash withdrawal,580.63,CAD
CA00032277,2025-04-24,BR029,TLR-9786,C502725,cash deposit,1328.99,CAD
CA00033587,2025-04-17,BR036,TLR-9701,C503447,cash deposit,975.16,CAD
CA00027809,2025-04-15,BR006,TLR-6320,C500076,cash withdrawal,639.06,CAD
CA00031249,2025-04-09,BR024,TLR-7019,C503171,cash deposit,514.39,CAD
CA00034234,2025-04-09,BR038,TLR-6215,C502628,cash deposit,514.33,CAD
CA00027617,2025-04-30,BR004,TLR-9394,C503619,cash withdrawal,874.42,CAD
CA00035252,2025-04-08,BR040,TLR-6800,C501412,cash deposit,318.25,CAD
CA00027341,2025-04-03,BR003,TLR-2700,C503193,cash deposit,1983.41,CAD
CA00028592,2025-04-22,BR010,TLR-4205,C500070,cash withdrawal,1198.59,CAD
CA00031393,2025-04-22,BR024,TLR-5761,C502528,cash deposit,1035.04,CAD
CA00032599,2025-04-02,BR030,TLR-3034,C502700,cash withdrawal,679.11,CAD
CA00033894,2025-04-29,BR036,TLR-4223,C502882,cash deposit,892.38,CAD
CA00033979,2025-04-26,BR037,TLR-8126,C501243,cash withdrawal,2068.05,CAD
CA00033024,2025-04-18,BR033,TLR-2669,C500475,cash withdrawal,443.06,CAD
CA00027488,2025-04-18,BR004,TLR-5128,C503032,cash withdrawal,487.95,CAD
CA00029180,2025-04-26,BR014,TLR-4716,C501973,cash withdrawal,1623.12,CAD
CA00027727,2025-04-23,BR006,TLR-5287,C500617,cash withdrawal,2793.79,CAD
CA00032196,2025-04-15,BR029,TLR-6943,C500830,cash withdrawal,408.86,CAD
CA00030077,2025-04-18,BR017,TLR-4478,C500708,cash withdrawal,635.57,CAD
CA00027213,2025-04-26,BR003,TLR-2592,C503662,cash deposit,303.94,CAD
CA00030853,2025-04-16,BR021,TLR-9844,C502857,cash deposit,1305.68,CAD
CA00029485,2025-04-28,BR015,TLR-3093,C502553,cash deposit,1441.35,CAD
CA00029254,2025-04-15,BR014,TLR-4694,C500844,cash deposit,1813.36,CAD
CA00033705,2025-04-23,BR036,TLR-4940,C503937,cash deposit,1391.68,CAD
CA00035224,2025-04-28,BR040,TLR-4770,C502899,cash withdrawal,1916.28,CAD
CA00033920,2025-04-22,BR037,TLR-6405,C502843,cash withdrawal,407.73,CAD
CA00027611,2025-04-20,BR004,TLR-6144,C502324,cash deposit,424.79,CAD
CA00034380,2025-04-26,BR039,TLR-9318,C502299,cash deposit,1458.99,CAD
CA00028674,2025-04-09,BR010,TLR-4790,C502034,cash deposit,2749.5,CAD
CA00031629,2025-04-19,BR026,TLR-6824,C500527,cash deposit,391.75,CAD
CA00029512,2025-04-14,BR015,TLR-2276,C503175,cash withdrawal,649.52,CAD
CA00033362,2025-04-13,BR035,TLR-5658,C502937,cash deposit,794.69,CAD
CA00035234,2025-04-29,BR040,TLR-6244,C501024,cash withdrawal,1227.47,CAD
CA00033544,2025-04-27,BR035,TLR-3173,C503887,cash deposit,268.78,CAD
CA00031386,2025-04-17,BR024,TLR-3376,C500396,cash withdrawal,587.57,CAD
CA00027524,2025-04-28,BR004,TLR-4635,C502355,cash withdrawal,2167.89,CAD
CA00031508,2025-04-27,BR025,TLR-3623,C501131,cash withdrawal,-2144.25,CAD
CA00029345,2025-04-04,BR014,TLR-2692,C501857,cash deposit,2102.36,CAD
CA00031271,2025-04-15,BR024,TLR-3511,C500029,cash withdrawal,1695.1,CAD
CA00035299,2025-04-06,BR040,TLR-3235,C502984,cash withdrawal,3097.16,CAD
CA00033938,2025-04-17,BR037,TLR-2505,C501630,cash deposit,625.06,CAD
CA00034057,2025-04-29,BR037,TLR-8343,C503194,cash deposit,1092.11,CAD
CA00026846,2025-04-20,BR001,TLR-7632,C502051,cash deposit,948.75,CAD
CA00031824,2025-04-04,BR026,TLR-4023,C503945,cash deposit,1616.07,CAD
CA00029809,2025-04-20,BR016,TLR-9698,C503938,cash deposit,849.56,CAD
CA00032956,2025-04-28,BR032,TLR-9589,C501878,cash withdrawal,514.38,CAD
CA00028385,2025-04-22,BR008,TLR-9207,C502592,cash withdrawal,2249.65,CAD
CA00027756,2025-04-26,BR006,TLR-1439,C502571,cash withdrawal,613.01,CAD
CA00033034,2025-04-29,BR033,TLR-5967,C501651,cash deposit,2663.3,CAD
CA00026784,2025-04-07,BR001,TLR-9576,C502912,cash deposit,743.33,CAD
CA00033426,2025-04-23,BR035,TLR-5858,C503770,cash deposit,490.1,CAD
CA00027612,2025-04-05,BR004,TLR-1101,C500273,cash withdrawal,1145.8,CAD
CA00035000,2025-04-05,BR040,TLR-7189,C501787,cash withdrawal,1491.06,CAD
CA00029859,2025-04-13,BR016,TLR-1034,C500112,cash deposit,727.94,CAD
CA00032075,2025-04-21,BR028,TLR-1383,C502806,cash deposit,795.41,CAD
CA00029521,2025-04-13,BR015,TLR-6575,C502856,cash deposit,490.52,CAD
CA00027823,2025-04-10,BR006,TLR-5939,C502731,cash withdrawal,492.63,CAD
CA00029560,2025-04-26,BR015,TLR-8379,C503186,cash deposit,460.25,CAD
CA00028447,2025-04-14,BR008,TLR-2585,C501707,cash deposit,4817.43,CAD
CA00033132,2025-04-15,BR033,TLR-1599,C503498,cash deposit,393.21,CAD
CA00029379,2025-04-27,BR014,TLR-1988,C500256,cash withdrawal,348.9,CAD
CA00030940,2025-04-28,BR021,TLR-5799,C500341,cash withdrawal,704.01,CAD
CA00029440,2025-04-04,BR015,TLR-6077,C503445,cash withdrawal,508.07,CAD
CA00030110,2025-04-04,BR017,TLR-9609,C503037,cash withdrawal,394.03,CAD
CA00035016,2025-04-15,BR040,TLR-8850,C503567,cash deposit,2343.61,CAD
CA00031314,2025-04-14,BR024,TLR-3596,C502471,cash withdrawal,5377.02,CAD
CA00027439,2025-04-12,BR004,TLR-2555,C501152,cash deposit,534.29,CAD
CA00029055,2025-04-24,BR012,TLR-7670,C502885,cash withdrawal,2503.37,CAD
CA00030132,2025-04-16,BR018,TLR-3709,C503545,cash deposit,606.78,CAD
CA00029442,2025-04-24,BR015,TLR-9705,C500092,cash withdrawal,247.03,CAD
CA00030995,2025-04-16,BR022,TLR-4639,C501944,cash withdrawal,1701.36,CAD
CA00034401,2025-04-23,BR039,TLR-5214,C503562,cash withdrawal,1788.0,CAD
CA00028389,2025-04-24,BR008,TLR-3528,C501953,cash deposit,264.27,CAD
CA00027351,2025-04-06,BR003,TLR-2524,C502799,cash deposit,1040.55,CAD
CA00030854,2025-04-02,BR021,TLR-3491,C500572,cash deposit,690.69,CAD
CA00029949,2025-04-06,BR017,TLR-3367,C502246,cash withdrawal,674.97,CAD
CA00033534,2025-04-24,BR035,TLR-1747,C501984,cash deposit,618.51,CAD
CA00034687,2025-04-26,BR040,TLR-8178,C500052,cash deposit,774.59,CAD
CA00027404,2025-04-25,BR004,TLR-3733,C501032,cash withdrawal,841.0,CAD
CA00028281,2025-04-16,BR008,TLR-5522,C503710,cash deposit,682.67,CAD
CA00030191,2025-04-02,BR018,TLR-8170,C503431,cash deposit,583.59,CAD
CA00027391,2025-04-23,BR004,TLR-7065,C502769,cash withdrawal,903.0,CAD
CA00030698,2025-04-22,BR020,TLR-3067,C502352,cash deposit,543.28,USD
CA00031063,2025-04-04,BR023,TLR-5436,C500319,cash withdrawal,1788.25,CAD
CA00033595,2025-04-12,BR036,TLR-9413,C501747,cash deposit,470.45,CAD
CA00032473,2025-04-25,BR030,TLR-5266,C500385,cash withdrawal,687.48,CAD
CA00034191,2025-04-18,BR038,TLR-3302,C503012,cash withdrawal,513.5,CAD
CA00027393,2025-04-25,BR004,TLR-3221,C501452,cash withdrawal,619.5,CAD
CA00034409,2025-04-05,BR039,TLR-4808,C503784,cash withdrawal,2184.01,CAD
CA00030986,2025-04-03,BR022,TLR-2246,C502137,cash deposit,1519.76,CAD
CA00027961,2025-04-18,BR006,TLR-8691,C501823,cash deposit,957.8,CAD
CA00029457,2025-04-02,BR015,TLR-1833,C501811,cash deposit,484.82,CAD
CA00032711,2025-04-03,BR031,TLR-6916,C502972,cash deposit,1608.61,CAD
CA00033441,2025-04-23,BR035,TLR-1604,C502646,cash deposit,503.86,CAD
CA00033649,2025-04-11,BR036,TLR-5208,C500900,cash deposit,1151.92,CAD
CA00030764,2025-04-26,BR020,TLR-4810,C502339,cash deposit,715.07,USD
CA00028644,2025-04-11,BR010,TLR-6134,C503732,cash deposit,1198.77,CAD
CA00035107,2025-04-16,BR040,TLR-1191,C503833,cash withdrawal,1911.65,CAD
CA00035137,2025-04-18,BR040,TLR-7014,C500478,cash deposit,216.72,CAD
CA00026855,2025-04-24,BR001,TLR-5445,C503429,cash deposit,2270.34,CAD
CA00034435,2025-04-19,BR039,TLR-6411,C503444,cash deposit,398.95,CAD
CA00032070,2025-04-27,BR028,TLR-8107,C502863,cash withdrawal,2775.5,CAD
CA00028754,2025-04-17,BR010,TLR-7539,C501083,cash withdrawal,1553.26,CAD
CA00031971,2025-04-06,BR027,TLR-3353,C501539,cash deposit,2343.97,CAD
CA00030852,2025-04-02,BR021,TLR-7813,C503319,cash withdrawal,631.98,CAD
CA00030272,2025-04-13,BR019,TLR-3695,C502162,cash deposit,836.42,CAD
CA00028980,2025-04-16,BR012,TLR-5592,C502563,cash withdrawal,1251.16,CAD
CA00030004,2025-04-08,BR017,TLR-3699,C503933,cash deposit,712.96,CAD
CA00034493,2025-04-07,BR039,TLR-4503,C501944,cash deposit,340.48,CAD
CA00030236,2025-04-04,BR019,TLR-7938,C501164,cash deposit,1881.07,CAD
CA00027733,2025-04-04,BR006,TLR-1276,C502074,cash deposit,1049.23,CAD
CA00030908,2025-04-27,BR021,TLR-6600,C500722,cash deposit,1599.66,CAD
CA00026707,2025-04-15,BR001,TLR-5928,C502775,cash withdrawal,660.43,CAD
CA00033454,2025-04-17,BR035,TLR-9703,C503205,cash withdrawal,574.88,CAD
CA00027591,2025-04-20,BR004,TLR-7155,C501745,cash withdrawal,410.76,CAD
CA00026712,2025-04-06,BR001,TLR-6136,C500186,cash withdrawal,1514.87,CAD
CA00031808,2025-04-17,BR026,TLR-9953,C503392,cash deposit,1068.2,CAD
CA00030118,2025-04-29,BR018,TLR-1415,C500952,cash deposit,469.93,CAD
CA00028598,2025-04-26,BR010,TLR-8725,C500312,cash deposit,2131.87,CAD
CA00030222,2025-04-05,BR018,TLR-3886,C503847,cash deposit,1061.1,CAD
CA00035072,2025-04-11,BR040,TLR-2885,C500581,cash withdrawal,440.21,CAD
CA00035038,2025-04-06,BR040,TLR-1059,C503804,cash deposit,942.52,CAD
CA00029874,2025-04-02,BR017,TLR-7410,C500520,cash withdrawal,1023.14,CAD
CA00033333,2025-04-06,BR034,TLR-7641,C503711,cash withdrawal,1294.63,CAD
CA00030219,2025-04-04,BR018,TLR-6809,C502958,cash deposit,993.36,CAD
CA00030877,2025-04-02,BR021,TLR-7227,C502841,cash withdrawal,850.2,CAD
CA00033843,2025-04-02,BR036,TLR-7953,C502425,cash withdrawal,385.16,CAD
CA00026593,2025-04-20,BR001,TLR-8709,C501981,cash withdrawal,1753.87,CAD
CA00033626,2025-04-03,BR036,TLR-8876,C503531,cash deposit,587.11,CAD
CA00027095,2025-04-10,BR002,TLR-9369,C502164,cash deposit,215.48,CAD
CA00033907,2025-04-22,BR037,TLR-3902,C502653,cash withdrawal,4605.66,CAD
CA00030909,2025-04-27,BR021,TLR-5493,C501930,cash withdrawal,1498.03,CAD
CA00029022,2025-04-07,BR012,TLR-9030,C501195,cash withdrawal,1530.16,CAD
CA00030214,2025-04-17,BR018,TLR-5419,C503795,cash withdrawal,461.1,CAD
CA00027236,2025-04-04,BR003,TLR-5559,C500192,cash deposit,1058.49,CAD
CA00034867,2025-04-15,BR040,TLR-4361,C500543,cash deposit,2908.1,CAD
CA00035301,2025-04-30,BR040,TLR-5395,C500391,cash withdrawal,961.46,CAD
CA00035334,2025-04-06,BR040,TLR-2966,C501328,cash deposit,305.53,CAD
CA00030397,2025-04-03,BR019,TLR-3780,C503419,cash withdrawal,850.15,CAD
CA00026772,2025-04-01,BR001,TLR-4637,C500596,cash withdrawal,2212.27,CAD
CA00032656,2025-04-30,BR031,TLR-1610,C503312,cash withdrawal,670.78,CAD
CA00027774,2025-04-18,BR006,TLR-4252,C503942,cash withdrawal,1708.24,CAD
CA00035167,2025-04-12,BR040,TLR-2854,C501309,cash withdrawal,816.02,CAD
CA00029419,2025-04-03,BR015,TLR-6840,C503358,cash deposit,1082.58,CAD
CA00029151,2025-04-24,BR013,TLR-1956,C502911,cash deposit,872.45,CAD
CA00032729,2025-04-11,BR031,TLR-4864,C500903,cash withdrawal,1125.78,CAD
CA00034821,2025-04-20,BR040,TLR-6415,C503965,cash deposit,441.11,CAD
CA00030114,2025-04-26,BR017,TLR-6278,C500756,cash withdrawal,630.05,CAD
CA00033117,2025-04-12,BR033,TLR-9267,C501926,cash withdrawal,546.4,CAD
CA00032457,2025-04-07,BR030,TLR-2371,C502626,cash deposit,991.18,CAD
CA00027804,2025-04-25,BR006,TLR-7834,C503713,cash deposit,917.88,CAD
CA00033252,2025-04-08,BR034,TLR-3467,C500389,cash withdrawal,2814.68,CAD
CA00032287,2025-04-17,BR029,TLR-5534,C501152,cash deposit,300.15,CAD
CA00030836,2025-04-17,BR021,TLR-5956,C503959,cash deposit,617.43,CAD
CA00030159,2025-04-24,BR018,TLR-1500,C500248,cash deposit,473.05,CAD
CA00029878,2025-04-18,BR017,TLR-1436,C500060,cash deposit,431.97,CAD
CA00029884,2025-04-18,BR017,TLR-7987,C501648,cash deposit,1124.33,CAD
CA00027267,2025-04-09,BR003,TLR-9015,C500178,cash deposit,1974.88,CAD
CA00028875,2025-04-06,BR012,TLR-8917,C502616,cash withdrawal,413.46,CAD
CA00034958,2025-04-01,BR040,TLR-2608,C501701,cash deposit,595.23,CAD
CA00032213,2025-04-06,BR029,TLR-1669,C501808,cash deposit,1266.13,CAD
CA00032573,2025-04-13,BR030,TLR-9909,C503141,cash withdrawal,259.93,CAD
CA00034519,2025-04-22,BR039,TLR-3274,C503923,cash withdrawal,1419.26,CAD
CA00028322,2025-04-08,BR008,TLR-8475,C502697,cash withdrawal,551.71,CAD
CA00028734,2025-04-12,BR010,TLR-1648,C503173,cash deposit,1448.26,CAD
CA00027429,2025-04-13,BR004,TLR-7549,C500649,cash deposit,488.33,CAD
CA00034805,2025-04-19,BR040,TLR-1462,C503853,cash deposit,2419.2,CAD
CA00029420,2025-04-11,BR015,TLR-8097,C502898,cash withdrawal,1512.4,CAD
CA00029172,2025-04-06,BR014,TLR-4592,C501588,cash withdrawal,681.56,CAD
CA00034318,2025-04-02,BR038,TLR-8411,C500165,cash withdrawal,2299.04,CAD
CA00028693,2025-04-10,BR010,TLR-5561,C500245,cash withdrawal,746.67,CAD
CA00028775,2025-04-13,BR010,TLR-5323,C500840,cash deposit,964.29,CAD
CA00034486,2025-04-11,BR039,TLR-5293,C503437,cash withdrawal,1265.51,CAD
CA00034537,2025-04-15,BR039,TLR-6074,C503504,cash withdrawal,421.08,CAD
CA00032054,2025-04-12,BR028,TLR-4064,C500818,cash deposit,1292.92,CAD
CA00034469,2025-04-27,BR039,TLR-3523,C501413,cash deposit,937.14,CAD
CA00027905,2025-04-01,BR006,TLR-2343,C503398,cash deposit,794.05,CAD
CA00034102,2025-04-09,BR037,TLR-8885,C501000,cash deposit,949.5,CAD
CA00028329,2025-04-07,BR008,TLR-8011,C500768,cash withdrawal,880.72,CAD
CA00032879,2025-04-02,BR032,TLR-6745,C500955,cash withdrawal,185.25,CAD
CA00034247,2025-04-30,BR038,TLR-7964,C501667,cash deposit,595.5,CAD
CA00026649,2025-04-08,BR001,TLR-1353,C501299,cash withdrawal,944.3,CAD
CA00035110,2025-04-04,BR040,TLR-2521,C500818,cash withdrawal,3107.59,CAD
CA00032898,2025-04-07,BR032,TLR-5270,C502019,cash deposit,437.98,CAD
CA00028748,2025-04-24,BR010,TLR-6319,C502202,cash withdrawal,738.62,CAD
CA00028334,2025-04-28,BR008,TLR-1629,C502948,cash withdrawal,673.8,CAD
CA00032704,2025-04-14,BR031,TLR-2204,C501467,cash withdrawal,4349.46,CAD
CA00032712,2025-04-16,BR031,TLR-9600,C503929,cash deposit,480.0,CAD
CA00032482,2025-04-29,BR030,TLR-2239,C501731,cash deposit,2785.04,CAD
CA00030284,2025-04-12,BR019,TLR-8731,C503939,cash deposit,535.79,CAD
CA00033182,2025-04-08,BR033,TLR-1621,C502300,cash deposit,297.59,CAD
CA00033297,2025-04-04,BR034,TLR-4295,C500194,cash withdrawal,1553.91,CAD
CA00032139,2025-04-23,BR028,TLR-1642,C500639,cash deposit,960.99,CAD
CA00027813,2025-04-07,BR006,TLR-9271,C502127,cash withdrawal,778.41,CAD
CA00029443,2025-04-30,BR015,TLR-2276,C500716,cash withdrawal,1778.43,CAD
CA00029158,2025-04-07,BR013,TLR-6416,C500277,cash withdrawal,2114.57,CAD
CA00032874,2025-04-21,BR032,TLR-3844,C501271,cash withdrawal,525.23,CAD
CA00034942,2025-04-24,BR040,TLR-9509,C503750,cash deposit,1245.57,CAD
CA00027110,2025-04-13,BR002,TLR-1598,C501881,cash withdrawal,-1362.82,CAD
CA00030881,2025-04-13,BR021,TLR-2373,C502064,cash deposit,2173.7,CAD
CA00033309,2025-04-20,BR034,TLR-6950,C501619,cash deposit,372.59,CAD
CA00032780,2025-04-12,BR031,TLR-6154,C503746,cash withdrawal,341.57,CAD
CA00033546,2025-04-27,BR035,TLR-8753,C503619,cash withdrawal,2988.59,CAD
CA00030950,2025-04-22,BR021,TLR-7181,C502546,cash withdrawal,952.3,CAD
CA00033464,2025-04-05,BR035,TLR-5333,C502084,cash deposit,839.4,CAD
CA00034001,2025-04-26,BR037,TLR-3786,C501243,cash withdrawal,387.43,CAD
CA00031526,2025-04-26,BR025,TLR-2413,C503356,cash withdrawal,-1348.77,CAD
CA00029647,2025-04-08,BR015,TLR-5759,C501739,cash deposit,2001.44,CAD
CA00027374,2025-04-13,BR004,TLR-4779,C502015,cash withdrawal,1641.6,CAD
CA00028614,2025-04-21,BR010,TLR-9599,C500219,cash withdrawal,1124.51,CAD
CA00033008,2025-04-17,BR032,TLR-7562,C501427,cash withdrawal,1550.28,CAD
CA00035389,2025-04-01,BR040,TLR-1046,C500154,cash deposit,399.51,CAD
CA00028902,2025-04-07,BR012,TLR-4594,C502294,cash deposit,1407.23,CAD
CA00031589,2025-04-11,BR025,TLR-5922,C502726,cash deposit,502.71,CAD
CA00030905,2025-04-24,BR021,TLR-7461,C501587,cash deposit,785.91,CAD
CA00034515,2025-04-13,BR039,TLR-1994,C500473,cash withdrawal,1907.03,CAD
CA00032048,2025-04-17,BR028,TLR-9893,C502021,cash withdrawal,581.05,CAD
CA00031065,2025-04-22,BR023,TLR-3617,C500139,cash deposit,1251.13,CAD
CA00027777,2025-04-18,BR006,TLR-1565,C502652,cash withdrawal,2312.85,CAD
CA00031068,2025-04-28,BR023,TLR-9280,C500940,cash deposit,1116.63,CAD
CA00027009,2025-04-27,BR002,TLR-2282,C501424,cash withdrawal,-520.55,CAD
CA00030677,2025-04-21,BR020,TLR-9167,C503855,cash deposit,921.87,USD
CA00027000,2025-04-19,BR002,TLR-5229,C500866,cash deposit,1155.94,CAD
CA00026603,2025-04-30,BR001,TLR-1330,C502261,cash deposit,786.73,CAD
CA00029409,2025-04-25,BR015,TLR-3930,C503000,cash deposit,866.71,CAD
CA00028048,2025-04-08,BR007,TLR-7233,C503270,cash deposit,1581.66,CAD
CA00031541,2025-04-29,BR025,TLR-3596,C503680,cash withdrawal,-1584.43,CAD
CA00031606,2025-04-26,BR025,TLR-3309,C503482,cash withdrawal,-465.0,CAD
CA00033275,2025-04-09,BR034,TLR-9014,C500866,cash withdrawal,783.98,CAD
CA00028840,2025-04-03,BR011,TLR-5642,C503338,cash withdrawal,3214.91,CAD
CA00035292,2025-04-18,BR040,TLR-3278,C502016,cash deposit,1482.42,CAD
CA00027269,2025-04-27,BR003,TLR-6087,C501735,cash withdrawal,1593.14,CAD
CA00030859,2025-04-07,BR021,TLR-4706,C500220,cash withdrawal,288.18,CAD
CA00031850,2025-04-11,BR026,TLR-7020,C500010,cash withdrawal,-916.53,CAD
CA00026822,2025-04-25,BR001,TLR-4561,C500247,cash deposit,1107.97,CAD
CA00030031,2025-04-20,BR017,TLR-4231,C500869,cash deposit,1368.12,CAD
CA00032132,2025-04-26,BR028,TLR-1706,C503567,cash deposit,568.79,CAD
CA00030662,2025-04-10,BR020,TLR-5153,C501697,cash withdrawal,707.53,USD
CA00029779,2025-04-08,BR016,TLR-8122,C502268,cash deposit,1381.45,CAD
CA00027631,2025-04-14,BR005,TLR-4716,C500565,cash deposit,473.44,CAD
CA00034730,2025-04-06,BR040,TLR-8266,C500007,cash deposit,594.24,CAD
CA00027458,2025-04-23,BR004,TLR-6949,C503048,cash withdrawal,1527.35,CAD
CA00035371,2025-04-07,BR040,TLR-5622,C502514,cash withdrawal,1512.41,CAD
CA00030174,2025-04-24,BR018,TLR-1798,C501735,cash deposit,1597.06,CAD
CA00027550,2025-04-19,BR004,TLR-4612,C500803,cash deposit,3414.75,CAD
CA00034357,2025-04-30,BR038,TLR-4204,C500854,cash withdrawal,1128.08,CAD
CA00031711,2025-04-08,BR026,TLR-7392,C503612,cash deposit,1260.31,CAD
CA00026940,2025-04-16,BR002,TLR-9885,C501535,cash withdrawal,-368.44,CAD
CA00028399,2025-04-10,BR008,TLR-9412,C503175,cash withdrawal,1400.72,CAD
CA00035331,2025-04-18,BR040,TLR-2819,C502120,cash deposit,252.49,CAD
CA00026882,2025-04-30,BR001,TLR-3713,C503357,cash deposit,738.13,CAD
CA00034331,2025-04-17,BR038,TLR-9155,C502936,cash deposit,1473.26,CAD
CA00033390,2025-04-19,BR035,TLR-2942,C500732,cash withdrawal,4119.3,CAD
CA00030469,2025-04-06,BR019,TLR-2980,C503502,cash withdrawal,225.08,CAD
CA00026938,2025-04-13,BR002,TLR-9119,C501189,cash deposit,1661.29,CAD
CA00027103,2025-04-30,BR002,TLR-7218,C502135,cash withdrawal,-154.86,CAD
CA00031121,2025-04-07,BR023,TLR-9735,C500206,cash deposit,1039.34,CAD
CA00031307,2025-04-08,BR024,TLR-8608,C501756,cash deposit,1951.14,CAD
CA00034668,2025-04-25,BR040,TLR-2023,C500853,cash deposit,1410.1,CAD
CA00031098,2025-04-25,BR023,TLR-4534,C503285,cash deposit,708.5,CAD
CA00032758,2025-04-24,BR031,TLR-4227,C502602,cash deposit,392.17,CAD
CA00028698,2025-04-18,BR010,TLR-6900,C500478,cash withdrawal,701.69,CAD
CA00030055,2025-04-24,BR017,TLR-3953,C500124,cash withdrawal,460.98,CAD
CA00028704,2025-04-24,BR010,TLR-4165,C503989,cash withdrawal,394.88,CAD
CA00031567,2025-04-28,BR025,TLR-6403,C503417,cash deposit,1088.21,CAD
CA00034453,2025-04-26,BR039,TLR-8498,C502678,cash deposit,823.95,CAD
CA00029791,2025-04-13,BR016,TLR-9570,C502648,cash withdrawal,1624.98,CAD
CA00032468,2025-04-17,BR030,TLR-9381,C502056,cash deposit,754.95,CAD
CA00035360,2025-04-12,BR040,TLR-9889,C503145,cash deposit,4475.65,CAD
CA00030690,2025-04-14,BR020,TLR-7913,C500947,cash withdrawal,668.65,USD
CA00029590,2025-04-01,BR015,TLR-3278,C502466,cash deposit,1074.08,CAD
CA00032611,2025-04-09,BR030,TLR-3641,C503631,cash withdrawal,1136.22,CAD
CA00030917,2025-04-24,BR021,TLR-7042,C501834,cash withdrawal,608.12,CAD
CA00026962,2025-04-01,BR002,TLR-4034,C501120,cash deposit,382.18,CAD
CA00030678,2025-04-05,BR020,TLR-3900,C503921,cash withdrawal,196.49,USD
CA00031394,2025-04-14,BR024,TLR-3020,C501756,cash deposit,302.43,CAD
CA00033977,2025-04-18,BR037,TLR-2809,C501237,cash deposit,907.11,CAD
CA00033967,2025-04-03,BR037,TLR-3322,C502920,cash deposit,1462.58,CAD
CA00033882,2025-04-12,BR036,TLR-7136,C501155,cash deposit,1050.89,CAD
CA00031855,2025-04-05,BR026,TLR-2611,C503733,cash deposit,2621.33,CAD
CA00032420,2025-04-22,BR030,TLR-6820,C501775,cash deposit,1495.93,CAD
CA00031254,2025-04-10,BR024,TLR-1489,C502692,cash withdrawal,2365.43,CAD
CA00034136,2025-04-22,BR037,TLR-8726,C502566,cash deposit,953.35,CAD
CA00027378,2025-04-11,BR004,TLR-8262,C500752,cash withdrawal,1462.37,CAD
CA00035363,2025-04-09,BR040,TLR-9242,C500456,cash withdrawal,612.68,CAD
CA00027818,2025-04-09,BR006,TLR-2853,C501261,cash deposit,840.24,CAD
CA00032374,2025-04-16,BR030,TLR-9577,C501736,cash deposit,688.19,CAD
CA00026975,2025-04-02,BR002,TLR-6350,C503422,cash deposit,1346.39,CAD
CA00028594,2025-04-17,BR010,TLR-2748,C503719,cash deposit,712.91,CAD
CA00027222,2025-04-18,BR003,TLR-6010,C501602,cash deposit,408.86,CAD
CA00029258,2025-04-24,BR014,TLR-3637,C503018,cash withdrawal,856.8,CAD
CA00034663,2025-04-25,BR040,TLR-5829,C502977,cash deposit,411.4,CAD
CA00030998,2025-04-18,BR022,TLR-7033,C502918,cash withdrawal,597.43,CAD
CA00032395,2025-04-05,BR030,TLR-8155,C502603,cash withdrawal,546.6,CAD
CA00033072,2025-04-29,BR033,TLR-5647,C501898,cash deposit,412.22,CAD
CA00029719,2025-04-30,BR016,TLR-7318,C500776,cash deposit,922.12,CAD
CA00030101,2025-04-01,BR017,TLR-5691,C500120,cash deposit,1183.25,CAD
CA00032547,2025-04-22,BR030,TLR-4515,C503461,cash withdrawal,1324.74,CAD
CA00035401,2025-04-08,BR040,TLR-9974,C500671,cash deposit,650.09,CAD
CA00034441,2025-04-04,BR039,TLR-6569,C500762,cash withdrawal,523.58,CAD
CA00032500,2025-04-13,BR030,TLR-6768,C502661,cash withdrawal,2750.05,CAD
CA00032732,2025-04-27,BR031,TLR-6604,C501083,cash withdrawal,866.33,CAD
CA00027143,2025-04-04,BR003,TLR-7420,C503692,cash withdrawal,2311.45,CAD
CA00026889,2025-04-22,BR001,TLR-3417,C500928,cash deposit,1931.03,CAD
CA00030954,2025-04-09,BR022,TLR-1445,C500556,cash withdrawal,284.18,CAD
CA00028342,2025-04-24,BR008,TLR-4039,C502598,cash deposit,620.53,CAD
CA00034343,2025-04-15,BR038,TLR-8090,C503690,cash deposit,1379.19,CAD
CA00028893,2025-04-18,BR012,TLR-7001,C500366,cash withdrawal,524.35,CAD
CA00029353,2025-04-11,BR014,TLR-3947,C503950,cash deposit,306.53,CAD
CA00033642,2025-04-22,BR036,TLR-8697,C502889,cash deposit,763.54,CAD
CA00031444,2025-04-26,BR025,TLR-4765,C502217,cash deposit,2496.02,CAD
CA00030242,2025-04-19,BR019,TLR-4375,C503862,cash deposit,626.68,CAD
CA00033162,2025-04-15,BR033,TLR-6294,C500300,cash deposit,2451.65,CAD
CA00029995,2025-04-19,BR017,TLR-7070,C500483,cash withdrawal,1936.52,CAD
CA00031987,2025-04-01,BR027,TLR-9179,C501397,cash deposit,756.26,CAD
CA00030707,2025-04-25,BR020,TLR-5252,C503233,cash deposit,485.43,USD
CA00031521,2025-04-17,BR025,TLR-1461,C500863,cash withdrawal,-1677.54,CAD
CA00032126,2025-04-17,BR028,TLR-9258,C503462,cash deposit,412.34,CAD
CA00031746,2025-04-14,BR026,TLR-4667,C502326,cash deposit,656.71,CAD
CA00026847,2025-04-11,BR001,TLR-9411,C500800,cash deposit,745.16,CAD
CA00029234,2025-04-03,BR014,TLR-3191,C501421,cash deposit,3147.12,CAD
CA00032467,2025-04-21,BR030,TLR-9252,C501676,cash deposit,323.81,CAD
CA00030749,2025-04-23,BR020,TLR-5127,C500128,cash withdrawal,295.82,USD
CA00034571,2025-04-19,BR039,TLR-5370,C503365,cash withdrawal,512.11,CAD
CA00032131,2025-04-23,BR028,TLR-9050,C500464,cash withdrawal,3314.84,CAD
CA00032479,2025-04-23,BR030,TLR-4802,C501135,cash deposit,2387.85,CAD
CA00027798,2025-04-13,BR006,TLR-8121,C500501,cash withdrawal,494.5,CAD
CA00032253,2025-04-15,BR029,TLR-9874,C501223,cash withdrawal,524.26,CAD
CA00033408,2025-04-21,BR035,TLR-6618,C503840,cash deposit,735.15,CAD
CA00034007,2025-04-01,BR037,TLR-1075,C503015,cash deposit,1190.7,CAD
CA00033750,2025-04-03,BR036,TLR-2354,C503933,cash withdrawal,479.93,CAD
CA00030317,2025-04-18,BR019,TLR-3015,C501976,cash deposit,266.36,CAD
CA00031374,2025-04-29,BR024,TLR-7016,C501581,cash deposit,4280.0,CAD
CA00026920,2025-04-16,BR002,TLR-9322,C502059,cash withdrawal,-545.64,CAD
CA00032026,2025-04-27,BR027,TLR-8614,C502770,cash deposit,946.1,CAD
CA00027720,2025-04-06,BR006,TLR-6310,C503822,cash deposit,1084.75,CAD
CA00030844,2025-04-04,BR021,TLR-9901,C502827,cash deposit,2503.25,CAD
CA00034905,2025-04-24,BR040,TLR-8579,C501876,cash deposit,519.49,CAD
CA00028726,2025-04-09,BR010,TLR-9617,C503004,cash deposit,2113.04,CAD
CA00034736,2025-04-12,BR040,TLR-2797,C501361,cash deposit,1141.88,CAD
CA00033099,2025-04-11,BR033,TLR-5569,C502680,cash withdrawal,2767.21,CAD
CA00031712,2025-04-27,BR026,TLR-8892,C500989,cash withdrawal,-548.72,CAD
CA00032284,2025-04-19,BR029,TLR-5055,C500995,cash deposit,792.96,CAD
CA00027207,2025-04-04,BR003,TLR-6188,C502021,cash withdrawal,540.07,CAD
CA00033033,2025-04-22,BR033,TLR-9434,C502785,cash deposit,682.86,CAD
CA00034613,2025-04-30,BR040,TLR-2219,C500951,cash withdrawal,1002.21,CAD
CA00028318,2025-04-03,BR008,TLR-9639,C502652,cash deposit,489.99,CAD
CA00029453,2025-04-13,BR015,TLR-9730,C500065,cash deposit,1405.81,CAD
CA00027853,2025-04-05,BR006,TLR-7092,C502552,cash withdrawal,2838.63,CAD
CA00033012,2025-04-29,BR032,TLR-6777,C502736,cash deposit,1132.58,CAD
CA00031353,2025-04-15,BR024,TLR-8914,C503463,cash deposit,1202.32,CAD
CA00035282,2025-04-03,BR040,TLR-4795,C503836,cash deposit,1723.55,CAD
CA00031833,2025-04-24,BR026,TLR-9821,C503587,cash withdrawal,-925.34,CAD
CA00029255,2025-04-04,BR014,TLR-3093,C501331,cash withdrawal,1467.44,CAD
CA00028573,2025-04-08,BR009,TLR-8563,C500121,cash withdrawal,4421.35,CAD
CA00033146,2025-04-29,BR033,TLR-7388,C501780,cash withdrawal,119.43,CAD
CA00028362,2025-04-17,BR008,TLR-3593,C501213,cash deposit,1023.64,CAD
CA00028331,2025-04-04,BR008,TLR-3372,C501697,cash withdrawal,2792.46,CAD
CA00032515,2025-04-20,BR030,TLR-1874,C502057,cash deposit,693.24,CAD
CA00027160,2025-04-06,BR003,TLR-7529,C502450,cash withdrawal,695.12,CAD
CA00035013,2025-04-03,BR040,TLR-7903,C503614,cash deposit,6418.57,CAD
CA00028388,2025-04-17,BR008,TLR-5267,C503725,cash withdrawal,422.07,CAD
CA00031950,2025-04-25,BR027,TLR-6367,C501882,cash withdrawal,2541.88,CAD
CA00032286,2025-04-05,BR029,TLR-2805,C501337,cash withdrawal,204.39,CAD
CA00029318,2025-04-15,BR014,TLR-9828,C500378,cash deposit,989.77,CAD
CA00028784,2025-04-28,BR011,TLR-6395,C500061,cash withdrawal,1932.99,CAD
CA00026834,2025-04-26,BR001,TLR-7981,C503357,cash deposit,2304.62,CAD
CA00034362,2025-04-04,BR039,TLR-9777,C502593,cash withdrawal,1000.53,CAD
CA00028249,2025-04-12,BR008,TLR-1750,C502939,cash withdrawal,1644.59,CAD
CA00033690,2025-04-08,BR036,TLR-5205,C501656,cash deposit,711.69,CAD
CA00033841,2025-04-10,BR036,TLR-6300,C503191,cash withdrawal,1551.52,CAD
CA00035099,2025-04-26,BR040,TLR-8813,C503939,cash deposit,1508.37,CAD
CA00027161,2025-04-02,BR003,TLR-3371,C503281,cash deposit,1369.11,CAD
CA00033941,2025-04-15,BR037,TLR-9614,C501431,cash deposit,320.88,CAD
CA00029640,2025-04-20,BR015,TLR-8486,C502779,cash withdrawal,430.67,CAD
CA00027245,2025-04-20,BR003,TLR-3591,C503986,cash withdrawal,1289.82,CAD
CA00033106,2025-04-28,BR033,TLR-1347,C503190,cash deposit,309.45,CAD
CA00029256,2025-04-20,BR014,TLR-6070,C500383,cash deposit,437.02,CAD
CA00034866,2025-04-20,BR040,TLR-9835,C500490,cash withdrawal,4615.67,CAD
CA00033404,2025-04-25,BR035,TLR-1213,C500277,cash deposit,744.12,CAD
CA00028209,2025-04-25,BR007,TLR-9126,C502605,cash deposit,577.96,CAD
CA00029567,2025-04-13,BR015,TLR-9978,C503534,cash deposit,854.39,CAD
CA00032182,2025-04-21,BR029,TLR-8639,C502892,cash deposit,1072.97,CAD
CA00033884,2025-04-15,BR036,TLR-4552,C502835,cash deposit,817.23,CAD
CA00027231,2025-04-27,BR003,TLR-7223,C502728,cash deposit,1439.09,CAD
CA00034982,2025-04-02,BR040,TLR-7850,C503981,cash deposit,1610.14,CAD
CA00033589,2025-04-28,BR036,TLR-1322,C501713,cash withdrawal,515.54,CAD
CA00030685,2025-04-03,BR020,TLR-5630,C502215,cash withdrawal,1066.56,USD
CA00029768,2025-04-05,BR016,TLR-7530,C500463,cash deposit,1020.32,CAD
CA00030683,2025-04-09,BR020,TLR-4408,C502667,cash withdrawal,368.55,USD
CA00032684,2025-04-19,BR031,TLR-6060,C500063,cash deposit,1302.32,CAD
CA00032387,2025-04-25,BR030,TLR-2758,C500990,cash deposit,685.01,CAD
CA00028458,2025-04-13,BR009,TLR-5684,C503042,cash deposit,877.37,CAD
CA00032765,2025-04-28,BR031,TLR-5627,C501234,cash deposit,1336.81,CAD
CA00029837,2025-04-21,BR016,TLR-1283,C503264,cash deposit,1398.6,CAD
CA00028611,2025-04-21,BR010,TLR-5260,C503045,cash withdrawal,689.36,CAD
CA00031072,2025-04-23,BR023,TLR-9794,C500519,cash withdrawal,2800.8,CAD
CA00033508,2025-04-25,BR035,TLR-7856,C501494,cash withdrawal,891.46,CAD
CA00026587,2025-04-11,BR001,TLR-8077,C503766,cash deposit,2323.56,CAD
CA00029191,2025-04-22,BR014,TLR-6915,C502076,cash withdrawal,4123.6,CAD
CA00026655,2025-04-23,BR001,TLR-8573,C503417,cash deposit,324.0,CAD
CA00034235,2025-04-25,BR038,TLR-6651,C501664,cash withdrawal,1479.18,CAD
CA00032669,2025-04-23,BR031,TLR-4751,C502170,cash deposit,823.05,CAD
CA00027070,2025-04-18,BR002,TLR-5411,C502704,cash withdrawal,-391.19,CAD
CA00030444,2025-04-08,BR019,TLR-1970,C501736,cash withdrawal,629.7,CAD
CA00033473,2025-04-13,BR035,TLR-2076,C501757,cash deposit,1887.63,CAD
CA00028520,2025-04-24,BR009,TLR-1389,C501951,cash deposit,3767.97,CAD
CA00026854,2025-04-03,BR001,TLR-2963,C500070,cash deposit,463.69,CAD
CA00027926,2025-04-14,BR006,TLR-7160,C503325,cash deposit,669.0,CAD
CA00031391,2025-04-13,BR024,TLR-8309,C501504,cash deposit,1645.06,CAD
CA00033594,2025-04-15,BR036,TLR-9994,C501824,cash deposit,616.68,CAD
CA00032570,2025-04-25,BR030,TLR-7157,C501655,cash withdrawal,3305.21,CAD
CA00027648,2025-04-29,BR005,TLR-2185,C503456,cash deposit,1696.61,CAD
CA00029563,2025-04-23,BR015,TLR-6517,C501578,cash deposit,743.52,CAD
CA00030660,2025-04-01,BR020,TLR-8053,C500464,cash withdrawal,260.8,USD
CA00033437,2025-04-08,BR035,TLR-2312,C502367,cash withdrawal,1009.45,CAD
CA00027528,2025-04-20,BR004,TLR-5380,C503287,cash deposit,393.14,CAD
CA00032344,2025-04-08,BR030,TLR-5760,C503994,cash withdrawal,747.16,CAD
CA00030763,2025-04-07,BR020,TLR-9771,C500982,cash withdrawal,705.8,USD
CA00032804,2025-04-16,BR031,TLR-8373,C500205,cash deposit,657.6,CAD
CA00029561,2025-04-05,BR015,TLR-6717,C501696,cash deposit,1595.03,CAD
CA00033263,2025-04-04,BR034,TLR-8445,C503418,cash withdrawal,282.56,CAD
CA00028014,2025-04-18,BR007,TLR-7411,C500315,cash withdrawal,1511.06,CAD
CA00030365,2025-04-13,BR019,TLR-1757,C502934,cash deposit,605.87,CAD
CA00026850,2025-04-22,BR001,TLR-4388,C502347,cash withdrawal,712.49,CAD
CA00033964,2025-04-23,BR037,TLR-7313,C503149,cash deposit,316.95,CAD
CA00030856,2025-04-03,BR021,TLR-7508,C500987,cash deposit,1056.34,CAD
CA00031973,2025-04-03,BR027,TLR-3330,C502658,cash withdrawal,1535.33,CAD
CA00030597,2025-04-19,BR019,TLR-2024,C503709,cash deposit,619.59,CAD
CA00032784,2025-04-24,BR031,TLR-7582,C503874,cash deposit,3435.71,CAD
CA00028736,2025-04-22,BR010,TLR-3564,C503397,cash withdrawal,782.57,CAD
CA00028223,2025-04-21,BR008,TLR-7779,C502645,cash deposit,2203.4,CAD
CA00034155,2025-04-25,BR037,TLR-8297,C500077,cash withdrawal,869.63,CAD
CA00028009,2025-04-05,BR007,TLR-2474,C502938,cash withdrawal,716.57,CAD
CA00032299,2025-04-08,BR029,TLR-2324,C502531,cash withdrawal,582.6,CAD
CA00034276,2025-04-06,BR038,TLR-7585,C502397,cash withdrawal,1250.31,CAD
CA00034445,2025-04-10,BR039,TLR-8060,C501867,cash deposit,784.0,CAD
CA00027100,2025-04-18,BR002,TLR-8280,C503735,cash withdrawal,-457.63,CAD
CA00029030,2025-04-26,BR012,TLR-5474,C500941,cash deposit,1097.8,CAD
CA00032706,2025-04-18,BR031,TLR-4076,C503273,cash withdrawal,971.21,CAD
CA00030175,2025-04-28,BR018,TLR-8565,C501997,cash withdrawal,2826.81,CAD
CA00027743,2025-04-09,BR006,TLR-9369,C501396,cash deposit,1526.39,CAD
CA00032840,2025-04-13,BR031,TLR-6510,C501828,cash deposit,1692.13,CAD
CA00031877,2025-04-06,BR027,TLR-3642,C500759,cash deposit,2801.89,CAD
CA00031262,2025-04-14,BR024,TLR-3498,C502153,cash withdrawal,267.18,CAD
CA00027302,2025-04-08,BR003,TLR-1379,C501805,cash withdrawal,1530.94,CAD
CA00033154,2025-04-29,BR033,TLR-7758,C501016,cash deposit,1270.45,CAD
CA00033090,2025-04-21,BR033,TLR-1824,C503471,cash withdrawal,592.93,CAD
CA00030462,2025-04-04,BR019,TLR-5514,C501283,cash deposit,881.14,CAD
CA00034865,2025-04-19,BR040,TLR-8463,C500344,cash deposit,1482.38,CAD
CA00027390,2025-04-25,BR004,TLR-6316,C500741,cash withdrawal,533.54,CAD
CA00028884,2025-04-30,BR012,TLR-4979,C501124,cash withdrawal,1506.88,CAD
CA00029208,2025-04-14,BR014,TLR-4746,C500767,cash withdrawal,1187.09,CAD
CA00033191,2025-04-30,BR034,TLR-4399,C502733,cash deposit,2165.1,CAD
CA00029411,2025-04-03,BR015,TLR-1224,C500726,cash withdrawal,1622.99,CAD
CA00029578,2025-04-19,BR015,TLR-1611,C501117,cash withdrawal,495.09,CAD
CA00029398,2025-04-07,BR015,TLR-6182,C503330,cash withdrawal,2734.31,CAD
CA00035372,2025-04-10,BR040,TLR-4331,C503933,cash deposit,1442.98,CAD
CA00029599,2025-04-07,BR015,TLR-8272,C502968,cash withdrawal,254.49,CAD
CA00027589,2025-04-27,BR004,TLR-7430,C502558,cash withdrawal,682.97,CAD
CA00028546,2025-04-01,BR009,TLR-8272,C501509,cash deposit,990.32,CAD
CA00028899,2025-04-24,BR012,TLR-4418,C500737,cash withdrawal,451.47,CAD
CA00030398,2025-04-10,BR019,TLR-1942,C502883,cash deposit,970.47,CAD
CA00033103,2025-04-20,BR033,TLR-1105,C500896,cash withdrawal,350.23,CAD
CA00031573,2025-04-24,BR025,TLR-4543,C502898,cash deposit,2475.72,CAD
CA00026997,2025-04-23,BR002,TLR-2532,C503464,cash withdrawal,-1686.9,CAD
CA00031182,2025-04-16,BR024,TLR-3069,C502852,cash withdrawal,601.36,CAD
CA00027324,2025-04-17,BR003,TLR-2887,C502514,cash deposit,2359.31,CAD
CA00027295,2025-04-28,BR003,TLR-2083,C501824,cash deposit,736.23,CAD
CA00029804,2025-04-10,BR016,TLR-7244,C503018,cash deposit,796.45,CAD
CA00028138,2025-04-13,BR007,TLR-2478,C501037,cash withdrawal,1353.23,CAD
CA00028195,2025-04-13,BR007,TLR-2384,C502119,cash withdrawal,323.84,CAD
CA00033425,2025-04-16,BR035,TLR-5627,C501869,cash deposit,938.19,CAD
CA00028651,2025-04-03,BR010,TLR-3730,C503886,cash deposit,391.39,CAD
CA00034429,2025-04-06,BR039,TLR-6354,C501055,cash withdrawal,578.73,CAD
CA00030240,2025-04-06,BR019,TLR-5892,C502716,cash deposit,1299.79,CAD
CA00028934,2025-04-03,BR012,TLR-9441,C501504,cash withdrawal,1102.45,CAD
CA00032396,2025-04-03,BR030,TLR-8465,C503937,cash withdrawal,290.45,CAD
CA00029529,2025-04-24,BR015,TLR-5081,C500275,cash deposit,372.8,CAD
CA00033623,2025-04-16,BR036,TLR-6359,C501490,cash deposit,679.5,CAD
CA00027456,2025-04-25,BR004,TLR-2664,C500074,cash withdrawal,636.25,CAD
CA00028326,2025-04-27,BR008,TLR-3371,C503610,cash deposit,1499.48,CAD
CA00030252,2025-04-18,BR019,TLR-1982,C501953,cash withdrawal,2408.72,CAD
CA00026853,2025-04-10,BR001,TLR-3357,C501293,cash deposit,2193.3,CAD
CA00032989,2025-04-24,BR032,TLR-3510,C502838,cash withdrawal,2066.46,CAD
CA00027097,2025-04-10,BR002,TLR-5415,C500083,cash withdrawal,-820.36,CAD
CA00030512,2025-04-29,BR019,TLR-9764,C502353,cash deposit,319.26,CAD
CA00031578,2025-04-28,BR025,TLR-4265,C502268,cash withdrawal,-1598.0,CAD
CA00034124,2025-04-15,BR037,TLR-4311,C502266,cash deposit,1424.86,CAD
CA00027685,2025-04-01,BR005,TLR-6096,C501157,cash deposit,2417.41,CAD
CA00029928,2025-04-14,BR017,TLR-9798,C501774,cash deposit,528.74,CAD
CA00027473,2025-04-07,BR004,TLR-1103,C501316,cash deposit,439.48,CAD
CA00030666,2025-04-29,BR020,TLR-4875,C503926,cash deposit,1024.53,USD
CA00031115,2025-04-10,BR023,TLR-5664,C501439,cash deposit,3354.46,CAD
CA00033537,2025-04-29,BR035,TLR-9501,C500146,cash withdrawal,388.77,CAD
CA00032052,2025-04-06,BR028,TLR-2611,C501502,cash withdrawal,1129.45,CAD
CA00029628,2025-04-27,BR015,TLR-7364,C503427,cash deposit,1292.74,CAD
CA00027147,2025-04-28,BR003,TLR-8321,C500040,cash deposit,703.34,CAD
CA00028685,2025-04-15,BR010,TLR-3501,C500747,cash deposit,763.51,CAD
CA00034137,2025-04-06,BR037,TLR-1217,C503165,cash withdrawal,655.96,CAD
CA00030804,2025-04-07,BR021,TLR-8860,C503206,cash deposit,977.09,CAD
CA00033701,2025-04-14,BR036,TLR-3719,C503281,cash withdrawal,1343.75,CAD
CA00035122,2025-04-27,BR040,TLR-1582,C501919,cash withdrawal,1348.13,CAD
CA00027061,2025-04-25,BR002,TLR-9528,C503618,cash withdrawal,-494.12,CAD
CA00028080,2025-04-16,BR007,TLR-4724,C503904,cash deposit,498.19,CAD
CA00033835,2025-04-17,BR036,TLR-7220,C500023,cash withdrawal,573.54,CAD
CA00029654,2025-04-11,BR015,TLR-8738,C501964,cash withdrawal,1975.85,CAD
CA00028802,2025-04-26,BR011,TLR-4396,C502242,cash withdrawal,1418.56,CAD
CA00031905,2025-04-03,BR027,TLR-8935,C500015,cash withdrawal,1253.53,CAD
CA00028619,2025-04-21,BR010,TLR-5678,C503149,cash deposit,1480.11,CAD
CA00030027,2025-04-25,BR017,TLR-4098,C503166,cash deposit,1316.48,CAD
CA00033042,2025-04-27,BR033,TLR-1427,C501376,cash deposit,800.55,CAD
CA00034594,2025-04-19,BR039,TLR-4848,C501347,cash deposit,1913.42,CAD
CA00032135,2025-04-26,BR028,TLR-4167,C503337,cash deposit,397.86,CAD
CA00029952,2025-04-12,BR017,TLR-8214,C500373,cash deposit,743.1,CAD
CA00026690,2025-04-04,BR001,TLR-7523,C500704,cash withdrawal,2882.36,CAD
CA00033381,2025-04-10,BR035,TLR-5279,C501545,cash deposit,784.23,CAD
CA00029380,2025-04-29,BR014,TLR-7055,C502820,cash deposit,629.34,CAD
CA00031626,2025-04-09,BR026,TLR-3089,C502085,cash deposit,536.42,CAD
CA00033108,2025-04-13,BR033,TLR-1075,C502964,cash withdrawal,849.6,CAD
CA00033111,2025-04-25,BR033,TLR-4241,C500304,cash withdrawal,430.74,CAD
CA00033274,2025-04-20,BR034,TLR-4013,C500660,cash withdrawal,1252.58,CAD
CA00032116,2025-04-16,BR028,TLR-2807,C500561,cash withdrawal,3227.55,CAD
CA00032366,2025-04-18,BR030,TLR-6046,C502823,cash deposit,784.41,CAD
CA00031218,2025-04-22,BR024,TLR-5216,C500353,cash deposit,461.98,CAD
CA00026843,2025-04-15,BR001,TLR-5492,C501903,cash withdrawal,564.74,CAD
CA00034379,2025-04-23,BR039,TLR-4504,C503065,cash deposit,943.87,CAD
CA00034647,2025-04-12,BR040,TLR-9044,C500668,cash withdrawal,565.47,CAD
CA00033624,2025-04-23,BR036,TLR-9829,C502933,cash deposit,899.68,CAD
CA00030815,2025-04-24,BR021,TLR-1732,C503041,cash deposit,1676.96,CAD
CA00030131,2025-04-09,BR018,TLR-6771,C502557,cash withdrawal,1903.9,CAD
CA00029535,2025-04-10,BR015,TLR-4870,C500607,cash withdrawal,813.44,CAD
CA00033495,2025-04-13,BR035,TLR-5690,C503610,cash deposit,573.43,CAD
CA00030515,2025-04-06,BR019,TLR-5133,C503787,cash withdrawal,722.33,CAD
CA00035126,2025-04-23,BR040,TLR-8573,C503739,cash deposit,640.77,CAD
CA00029823,2025-04-28,BR016,TLR-3028,C503603,cash deposit,1028.21,CAD
CA00028905,2025-04-18,BR012,TLR-8465,C500581,cash withdrawal,1145.01,CAD
CA00026926,2025-04-29,BR002,TLR-5300,C503133,cash deposit,351.71,CAD
CA00031413,2025-04-21,BR025,TLR-5544,C503327,cash withdrawal,-1093.16,CAD
CA00033724,2025-04-24,BR036,TLR-7120,C500013,cash deposit,1067.47,CAD
CA00034176,2025-04-05,BR038,TLR-5448,C502624,cash withdrawal,1409.78,CAD
CA00026629,2025-04-10,BR001,TLR-9372,C502726,cash deposit,351.22,CAD
CA00032987,2025-04-19,BR032,TLR-2601,C503265,cash withdrawal,541.3,CAD
CA00026968,2025-04-26,BR002,TLR-6537,C501255,cash deposit,473.35,CAD
CA00031622,2025-04-04,BR026,TLR-5283,C500390,cash withdrawal,-592.46,CAD
CA00034308,2025-04-13,BR038,TLR-7874,C501500,cash deposit,998.9,CAD
CA00030050,2025-04-07,BR017,TLR-7318,C503695,cash withdrawal,1213.94,CAD
CA00029369,2025-04-04,BR014,TLR-1219,C501712,cash withdrawal,3071.53,CAD
CA00028935,2025-04-17,BR012,TLR-7867,C503821,cash deposit,1862.31,CAD
CA00032200,2025-04-30,BR029,TLR-4768,C500509,cash withdrawal,2496.74,CAD
CA00031347,2025-04-20,BR024,TLR-4351,C503819,cash withdrawal,297.21,CAD
CA00027599,2025-04-04,BR004,TLR-4174,C503130,cash deposit,3083.99,CAD
CA00028168,2025-04-13,BR007,TLR-1811,C500564,cash deposit,3155.78,CAD
CA00030508,2025-04-30,BR019,TLR-5656,C500565,cash deposit,860.79,CAD
CA00027200,2025-04-07,BR003,TLR-4622,C503876,cash withdrawal,649.85,CAD
CA00033062,2025-04-28,BR033,TLR-3278,C503316,cash deposit,608.99,CAD
CA00030041,2025-04-14,BR017,TLR-1177,C503493,cash deposit,656.48,CAD
CA00029507,2025-04-25,BR015,TLR-9919,C503745,cash deposit,3035.67,CAD
CA00032201,2025-04-28,BR029,TLR-4810,C501584,cash withdrawal,2137.36,CAD
CA00029826,2025-04-24,BR016,TLR-8012,C503007,cash deposit,1085.28,CAD
CA00034444,2025-04-12,BR039,TLR-2645,C501866,cash withdrawal,803.7,CAD
CA00033862,2025-04-16,BR036,TLR-6503,C503631,cash withdrawal,423.34,CAD
CA00028275,2025-04-22,BR008,TLR-7383,C500363,cash deposit,2697.44,CAD
CA00032306,2025-04-16,BR029,TLR-1800,C500389,cash deposit,2576.88,CAD
CA00030534,2025-04-16,BR019,TLR-3298,C502524,cash deposit,1592.86,CAD
CA00027193,2025-04-17,BR003,TLR-9076,C501763,cash deposit,560.53,CAD
CA00030087,2025-04-15,BR017,TLR-5460,C500300,cash deposit,203.93,CAD
CA00029127,2025-04-24,BR013,TLR-2007,C500182,cash deposit,1309.63,CAD
CA00032143,2025-04-01,BR028,TLR-5274,C500542,cash withdrawal,1062.05,CAD
CA00030490,2025-04-10,BR019,TLR-1402,C500203,cash withdrawal,638.61,CAD
CA00030875,2025-04-24,BR021,TLR-6843,C503605,cash deposit,1014.37,CAD
CA00030169,2025-04-21,BR018,TLR-7921,C503443,cash deposit,1686.74,CAD
CA00031157,2025-04-22,BR024,TLR-7288,C503188,cash deposit,3613.17,CAD
CA00032245,2025-04-17,BR029,TLR-6224,C503517,cash deposit,313.35,CAD
CA00028081,2025-04-19,BR007,TLR-8299,C503080,cash deposit,830.38,CAD
CA00029834,2025-04-26,BR016,TLR-1047,C500542,cash deposit,1788.89,CAD
CA00028167,2025-04-23,BR007,TLR-2461,C502341,cash deposit,430.67,CAD
CA00035241,2025-04-26,BR040,TLR-6040,C502092,cash withdrawal,1630.79,CAD
CA00031792,2025-04-01,BR026,TLR-3860,C500158,cash withdrawal,-644.83,CAD
CA00030372,2025-04-29,BR019,TLR-8427,C501849,cash withdrawal,376.47,CAD
CA00030380,2025-04-23,BR019,TLR-9300,C501163,cash withdrawal,2017.67,CAD
CA00030794,2025-04-17,BR021,TLR-4801,C502477,cash deposit,897.48,CAD
CA00031731,2025-04-29,BR026,TLR-3086,C503451,cash withdrawal,-854.21,CAD
CA00033533,2025-04-18,BR035,TLR-7991,C502689,cash deposit,1017.04,CAD
CA00031701,2025-04-03,BR026,TLR-2871,C501611,cash deposit,1052.66,CAD
CA00032068,2025-04-02,BR028,TLR-1611,C503768,cash withdrawal,1526.76,CAD
CA00026779,2025-04-18,BR001,TLR-9796,C503694,cash withdrawal,299.73,CAD
CA00028537,2025-04-15,BR009,TLR-5506,C502121,cash deposit,1725.76,CAD
CA00029565,2025-04-15,BR015,TLR-1038,C503357,cash withdrawal,2814.83,CAD
CA00027082,2025-04-10,BR002,TLR-4827,C500917,cash withdrawal,-857.39,CAD
CA00032148,2025-04-16,BR028,TLR-9471,C502087,cash deposit,584.72,CAD
CA00032444,2025-04-14,BR030,TLR-2511,C502251,cash deposit,4410.81,CAD
CA00027945,2025-04-03,BR006,TLR-2544,C500349,cash deposit,851.32,CAD
CA00034576,2025-04-24,BR039,TLR-9583,C502900,cash withdrawal,140.42,CAD
CA00029684,2025-04-18,BR016,TLR-6768,C500509,cash deposit,640.3,CAD
CA00033174,2025-04-01,BR033,TLR-2977,C501066,cash withdrawal,1390.37,CAD
CA00035235,2025-04-10,BR040,TLR-1936,C502436,cash deposit,1290.46,CAD
CA00033226,2025-04-05,BR034,TLR-8080,C500589,cash deposit,326.71,CAD
CA00031518,2025-04-25,BR025,TLR-3880,C500935,cash withdrawal,-5101.35,CAD
CA00030520,2025-04-13,BR019,TLR-4461,C501324,cash deposit,1101.26,CAD
CA00032206,2025-04-29,BR029,TLR-4125,C503186,cash withdrawal,2696.72,CAD
CA00030401,2025-04-26,BR019,TLR-2931,C500314,cash deposit,1281.4,CAD
CA00034654,2025-04-18,BR040,TLR-7327,C502320,cash withdrawal,331.03,CAD
CA00034173,2025-04-20,BR037,TLR-4147,C502305,cash deposit,2399.69,CAD
CA00027677,2025-04-15,BR005,TLR-9623,C501012,cash deposit,6426.04,CAD
CA00029680,2025-04-15,BR016,TLR-8788,C501596,cash withdrawal,2473.01,CAD
CA00031991,2025-04-14,BR027,TLR-2966,C502430,cash withdrawal,1449.9,CAD
CA00035144,2025-04-09,BR040,TLR-4911,C501792,cash withdrawal,2223.42,CAD
CA00029354,2025-04-09,BR014,TLR-5294,C502611,cash deposit,936.67,CAD
CA00028967,2025-04-30,BR012,TLR-2757,C502428,cash withdrawal,795.4,CAD
CA00027840,2025-04-08,BR006,TLR-8608,C500304,cash withdrawal,726.85,CAD
CA00030882,2025-04-28,BR021,TLR-7258,C503725,cash deposit,2641.17,CAD
CA00031485,2025-04-29,BR025,TLR-9045,C501812,cash withdrawal,-590.35,CAD
CA00033406,2025-04-23,BR035,TLR-1114,C500736,cash withdrawal,1212.62,CAD
CA00031498,2025-04-29,BR025,TLR-1578,C501571,cash deposit,1515.74,CAD
CA00033251,2025-04-14,BR034,TLR-8803,C501269,cash deposit,1472.97,CAD
CA00026743,2025-04-15,BR001,TLR-7664,C501538,cash deposit,1321.02,CAD
CA00034941,2025-04-02,BR040,TLR-8763,C500660,cash deposit,778.65,CAD
CA00030724,2025-04-30,BR020,TLR-2025,C503228,cash deposit,357.83,USD
CA00032826,2025-04-01,BR031,TLR-7446,C501095,cash withdrawal,694.22,CAD
CA00031886,2025-04-05,BR027,TLR-4501,C500563,cash deposit,2421.27,CAD
CA00029769,2025-04-04,BR016,TLR-3597,C501587,cash withdrawal,431.34,CAD
CA00029711,2025-04-11,BR016,TLR-3066,C503463,cash deposit,420.14,CAD
CA00032074,2025-04-13,BR028,TLR-2392,C500623,cash deposit,2189.74,CAD
CA00034849,2025-04-14,BR040,TLR-8659,C503979,cash deposit,488.32,CAD
CA00031148,2025-04-11,BR024,TLR-6522,C503972,cash withdrawal,217.15,CAD
CA00034327,2025-04-08,BR038,TLR-1524,C500321,cash withdrawal,3757.16,CAD
CA00027858,2025-04-30,BR006,TLR-4483,C500667,cash deposit,340.23,CAD
CA00032141,2025-04-03,BR028,TLR-3421,C501142,cash deposit,1799.23,CAD
CA00029135,2025-04-22,BR013,TLR-9097,C500758,cash deposit,1099.93,CAD
CA00034243,2025-04-07,BR038,TLR-9561,C503873,cash withdrawal,3028.44,CAD
CA00027440,2025-04-18,BR004,TLR-2456,C503875,cash withdrawal,1554.82,CAD
CA00035383,2025-04-02,BR040,TLR-2372,C502257,cash withdrawal,461.0,CAD
CA00033347,2025-04-08,BR034,TLR-9221,C501502,cash deposit,972.36,CAD
CA00030753,2025-04-01,BR020,TLR-2026,C502918,cash deposit,264.17,USD
CA00029287,2025-04-21,BR014,TLR-6554,C500665,cash deposit,265.45,CAD
CA00032499,2025-04-24,BR030,TLR-4623,C502140,cash withdrawal,536.94,CAD
CA00035152,2025-04-21,BR040,TLR-4109,C502841,cash withdrawal,527.9,CAD
CA00028036,2025-04-19,BR007,TLR-9950,C503038,cash deposit,1239.3,CAD
CA00029966,2025-04-12,BR017,TLR-7095,C503180,cash deposit,506.02,CAD
CA00033328,2025-04-12,BR034,TLR-4495,C501826,cash withdrawal,3123.25,CAD
CA00032270,2025-04-21,BR029,TLR-7404,C500198,cash deposit,1187.54,CAD
CA00026675,2025-04-01,BR001,TLR-9072,C502114,cash deposit,3281.21,CAD
CA00030147,2025-04-03,BR018,TLR-8007,C503293,cash deposit,3012.73,CAD
CA00028833,2025-04-02,BR011,TLR-6462,C503711,cash withdrawal,2292.01,CAD
CA00032889,2025-04-18,BR032,TLR-3403,C503541,cash withdrawal,3130.71,CAD
CA00030225,2025-04-17,BR018,TLR-1793,C501120,cash deposit,238.9,CAD
CA00028141,2025-04-09,BR007,TLR-5109,C500818,cash withdrawal,655.52,CAD
CA00029197,2025-04-26,BR014,TLR-6844,C502430,cash withdrawal,255.42,CAD
CA00032582,2025-04-28,BR030,TLR-7044,C503107,cash withdrawal,1357.67,CAD
CA00028065,2025-04-20,BR007,TLR-5613,C500890,cash withdrawal,3995.13,CAD
CA00032471,2025-04-21,BR030,TLR-5388,C503297,cash deposit,1590.15,CAD
CA00028056,2025-04-10,BR007,TLR-8673,C500393,cash withdrawal,690.28,CAD
CA00028862,2025-04-27,BR012,TLR-6849,C501772,cash deposit,464.0,CAD
CA00030261,2025-04-14,BR019,TLR-9896,C503972,cash withdrawal,673.38,CAD
CA00029272,2025-04-06,BR014,TLR-6176,C502203,cash withdrawal,1027.48,CAD
CA00032740,2025-04-08,BR031,TLR-2359,C503420,cash withdrawal,296.27,CAD
CA00027475,2025-04-03,BR004,TLR-5934,C502405,cash deposit,708.79,CAD
CA00030555,2025-04-09,BR019,TLR-3841,C502952,cash deposit,596.23,CAD
CA00028749,2025-04-28,BR010,TLR-4860,C502082,cash withdrawal,6281.37,CAD
CA00032029,2025-04-20,BR027,TLR-8616,C500488,cash withdrawal,2915.11,CAD
CA00030554,2025-04-29,BR019,TLR-2101,C502017,cash deposit,349.35,CAD
CA00031611,2025-04-27,BR026,TLR-8379,C501799,cash deposit,511.04,CAD
CA00034874,2025-04-15,BR040,TLR-1423,C500251,cash deposit,990.71,CAD
CA00031045,2025-04-08,BR023,TLR-6632,C503609,cash withdrawal,1380.61,CAD
CA00028979,2025-04-26,BR012,TLR-6680,C501694,cash withdrawal,2191.73,CAD
CA00027740,2025-04-18,BR006,TLR-6353,C502834,cash deposit,3215.85,CAD
CA00033733,2025-04-23,BR036,TLR-4780,C500868,cash withdrawal,383.44,CAD
CA00031563,2025-04-02,BR025,TLR-8192,C501826,cash withdrawal,-887.81,CAD
CA00028011,2025-04-22,BR007,TLR-5888,C502500,cash deposit,509.33,CAD
CA00028796,2025-04-13,BR011,TLR-7163,C500913,cash withdrawal,612.19,CAD
CA00027861,2025-04-10,BR006,TLR-6828,C502578,cash withdrawal,1044.33,CAD
CA00028585,2025-04-16,BR010,TLR-1043,C503683,cash deposit,524.01,CAD
CA00033708,2025-04-13,BR036,TLR-3976,C502155,cash deposit,1677.06,CAD
CA00029058,2025-04-02,BR012,TLR-8902,C503446,cash deposit,929.98,CAD
CA00032008,2025-04-17,BR027,TLR-7564,C503346,cash deposit,957.45,CAD
CA00032538,2025-04-07,BR030,TLR-3272,C500183,cash deposit,2255.33,CAD
CA00033329,2025-04-02,BR034,TLR-6548,C503057,cash withdrawal,2598.85,CAD
CA00034317,2025-04-09,BR038,TLR-6432,C503613,cash deposit,317.98,CAD
CA00033918,2025-04-26,BR037,TLR-2379,C500907,cash withdrawal,1356.24,CAD
CA00031983,2025-04-18,BR027,TLR-1279,C500909,cash deposit,1469.74,CAD
CA00028855,2025-04-11,BR012,TLR-3541,C503714,cash deposit,701.41,CAD
CA00029002,2025-04-18,BR012,TLR-3654,C502245,cash withdrawal,603.68,CAD
CA00030165,2025-04-05,BR018,TLR-7971,C502383,cash deposit,1634.87,CAD
CA00029638,2025-04-12,BR015,TLR-1378,C501818,cash withdrawal,983.46,CAD
CA00032863,2025-04-09,BR031,TLR-6110,C502888,cash deposit,1306.33,CAD
CA00032561,2025-04-06,BR030,TLR-5281,C503988,cash deposit,3407.77,CAD
CA00029109,2025-04-23,BR013,TLR-6699,C503062,cash withdrawal,2095.48,CAD
CA00034478,2025-04-07,BR039,TLR-3653,C501999,cash withdrawal,1514.4,CAD
CA00027384,2025-04-25,BR004,TLR-1907,C500098,cash withdrawal,712.48,CAD
CA00033262,2025-04-08,BR034,TLR-8843,C502975,cash deposit,1542.0,CAD
CA00031959,2025-04-21,BR027,TLR-5006,C501584,cash withdrawal,1048.0,CAD
CA00031420,2025-04-11,BR025,TLR-1838,C503039,cash withdrawal,-2277.82,CAD
CA00031734,2025-04-03,BR026,TLR-6937,C500767,cash deposit,459.57,CAD
CA00028188,2025-04-10,BR007,TLR-1149,C500971,cash withdrawal,129.82,CAD
CA00028654,2025-04-20,BR010,TLR-3044,C503309,cash deposit,1053.61,CAD
CA00029338,2025-04-03,BR014,TLR-5306,C502881,cash withdrawal,1780.13,CAD
CA00028664,2025-04-27,BR010,TLR-8590,C501942,cash deposit,1880.8,CAD
CA00031412,2025-04-06,BR025,TLR-5213,C501522,cash deposit,614.16,CAD
CA00028000,2025-04-20,BR007,TLR-1422,C503700,cash deposit,782.24,CAD
CA00034778,2025-04-21,BR040,TLR-9071,C503553,cash withdrawal,435.44,CAD
CA00028873,2025-04-16,BR012,TLR-5884,C503498,cash withdrawal,918.39,CAD
CA00033738,2025-04-24,BR036,TLR-8096,C500037,cash withdrawal,976.77,CAD
CA00034842,2025-04-15,BR040,TLR-8491,C501042,cash withdrawal,643.49,CAD
CA00034148,2025-04-18,BR037,TLR-1450,C501252,cash deposit,722.6,CAD
CA00032793,2025-04-05,BR031,TLR-8836,C501051,cash withdrawal,1107.28,CAD
CA00028969,2025-04-25,BR012,TLR-5038,C502781,cash withdrawal,886.25,CAD
CA00028111,2025-04-12,BR007,TLR-7600,C503958,cash withdrawal,1642.74,CAD
CA00032108,2025-04-08,BR028,TLR-8647,C502157,cash deposit,556.05,CAD
CA00032960,2025-04-14,BR032,TLR-4400,C500193,cash withdrawal,806.74,CAD
CA00028481,2025-04-20,BR009,TLR-1953,C500568,cash withdrawal,1918.4,CAD
CA00034886,2025-04-16,BR040,TLR-2519,C501705,cash withdrawal,737.07,CAD
CA00028414,2025-04-12,BR008,TLR-4512,C503278,cash withdrawal,652.15,CAD
CA00032300,2025-04-08,BR029,TLR-1548,C503360,cash deposit,1330.53,CAD
CA00028218,2025-04-01,BR008,TLR-1516,C500246,cash withdrawal,643.32,CAD
CA00033565,2025-04-12,BR035,TLR-6567,C501553,cash withdrawal,840.92,CAD
CA00028759,2025-04-09,BR010,TLR-5469,C503063,cash withdrawal,1373.91,CAD
CA00033444,2025-04-17,BR035,TLR-6484,C501010,cash withdrawal,1802.46,CAD
CA00028931,2025-04-09,BR012,TLR-8853,C503397,cash withdrawal,3357.64,CAD
CA00032151,2025-04-10,BR028,TLR-4856,C502254,cash deposit,1145.28,CAD
CA00035227,2025-04-01,BR040,TLR-1196,C503597,cash withdrawal,2968.34,CAD
CA00033184,2025-04-06,BR034,TLR-9352,C503494,cash withdrawal,658.49,CAD
CA00029994,2025-04-04,BR017,TLR-4323,C502818,cash deposit,874.36,CAD
CA00028515,2025-04-03,BR009,TLR-2074,C503907,cash deposit,997.67,CAD
CA00034747,2025-04-10,BR040,TLR-3544,C501291,cash deposit,1272.6,CAD
CA00030634,2025-04-09,BR020,TLR-3937,C500286,cash withdrawal,950.31,USD
CA00033742,2025-04-07,BR036,TLR-8244,C503755,cash deposit,1223.98,CAD
CA00031317,2025-04-28,BR024,TLR-8621,C501612,cash deposit,466.06,CAD
CA00034214,2025-04-11,BR038,TLR-9756,C500814,cash deposit,588.6,CAD
CA00032822,2025-04-15,BR031,TLR-7556,C501335,cash deposit,2062.1,CAD
CA00030560,2025-04-01,BR019,TLR-9470,C500454,cash deposit,778.72,CAD
CA00027716,2025-04-15,BR006,TLR-7051,C500004,cash withdrawal,1531.01,CAD
CA00026909,2025-04-04,BR002,TLR-3108,C500176,cash deposit,683.51,CAD
CA00028197,2025-04-14,BR007,TLR-5631,C500106,cash deposit,554.48,CAD
CA00029396,2025-04-04,BR015,TLR-4857,C502456,cash deposit,1358.63,CAD
CA00033627,2025-04-23,BR036,TLR-8714,C503537,cash withdrawal,985.91,CAD
CA00026870,2025-04-12,BR001,TLR-1780,C502018,cash withdrawal,1061.84,CAD
CA00027491,2025-04-01,BR004,TLR-3566,C501932,cash deposit,675.64,CAD
CA00028826,2025-04-30,BR011,TLR-7813,C501592,cash deposit,1540.1,CAD
CA00033367,2025-04-21,BR035,TLR-6484,C501463,cash deposit,366.65,CAD
CA00033481,2025-04-28,BR035,TLR-7427,C501861,cash withdrawal,491.53,CAD
CA00028461,2025-04-13,BR009,TLR-6467,C500525,cash deposit,2862.89,CAD
CA00035253,2025-04-02,BR040,TLR-8865,C503630,cash deposit,700.82,CAD
CA00032235,2025-04-09,BR029,TLR-4764,C500773,cash deposit,1091.76,CAD
CA00026736,2025-04-11,BR001,TLR-5504,C501081,cash withdrawal,1272.76,CAD
CA00034473,2025-04-15,BR039,TLR-2403,C500216,cash deposit,1735.78,CAD
CA00031095,2025-04-11,BR023,TLR-4665,C500014,cash withdrawal,2300.17,CAD
CA00034612,2025-04-06,BR040,TLR-4234,C502306,cash deposit,903.54,CAD
CA00033065,2025-04-21,BR033,TLR-7743,C503383,cash withdrawal,1474.45,CAD
CA00030872,2025-04-09,BR021,TLR-1903,C503878,cash deposit,810.69,CAD
CA00027662,2025-04-18,BR005,TLR-9907,C503298,cash deposit,2307.15,CAD
CA00026793,2025-04-05,BR001,TLR-1211,C500454,cash deposit,1437.81,CAD
CA00028883,2025-04-25,BR012,TLR-2104,C501520,cash deposit,622.07,CAD
CA00027149,2025-04-02,BR003,TLR-6860,C502803,cash withdrawal,593.03,CAD
CA00030467,2025-04-21,BR019,TLR-6538,C500189,cash withdrawal,1034.47,CAD
CA00030776,2025-04-17,BR021,TLR-1285,C502855,cash withdrawal,697.13,CAD
CA00028724,2025-04-13,BR010,TLR-6824,C502932,cash withdrawal,604.79,CAD
CA00030528,2025-04-24,BR019,TLR-6956,C502623,cash deposit,682.24,CAD
CA00030339,2025-04-19,BR019,TLR-2775,C502737,cash deposit,509.8,CAD
CA00033699,2025-04-15,BR036,TLR-3012,C501393,cash deposit,1112.94,CAD
CA00030259,2025-04-04,BR019,TLR-9399,C502536,cash deposit,719.65,CAD
CA00029273,2025-04-08,BR014,TLR-4378,C500298,cash withdrawal,434.11,CAD
CA00027952,2025-04-03,BR006,TLR-5409,C502802,cash deposit,1461.92,CAD
CA00030311,2025-04-24,BR019,TLR-2062,C501536,cash withdrawal,832.38,CAD
CA00035090,2025-04-24,BR040,TLR-9576,C503060,cash deposit,427.33,CAD
CA00031310,2025-04-20,BR024,TLR-2901,C501000,cash deposit,2321.77,CAD
CA00029065,2025-04-04,BR012,TLR-2303,C503639,cash deposit,664.76,CAD
CA00028127,2025-04-14,BR007,TLR-3048,C503180,cash deposit,672.6,CAD
CA00034639,2025-04-22,BR040,TLR-3523,C500733,cash withdrawal,1118.01,CAD
CA00031421,2025-04-05,BR025,TLR-2031,C501994,cash withdrawal,-2725.64,CAD
CA00034010,2025-04-13,BR037,TLR-8584,C501454,cash deposit,1455.52,CAD
CA00033284,2025-04-29,BR034,TLR-6532,C502122,cash deposit,2460.45,CAD
CA00027976,2025-04-29,BR007,TLR-1960,C503901,cash withdrawal,662.08,CAD
CA00030141,2025-04-08,BR018,TLR-2651,C502259,cash withdrawal,818.44,CAD
CA00031534,2025-04-09,BR025,TLR-4651,C503644,cash withdrawal,-259.09,CAD
CA00029367,2025-04-28,BR014,TLR-1134,C503520,cash withdrawal,473.45,CAD
CA00026923,2025-04-26,BR002,TLR-3918,C501371,cash withdrawal,-1410.6,CAD
CA00033491,2025-04-17,BR035,TLR-4868,C500360,cash withdrawal,909.93,CAD
CA00033235,2025-04-13,BR034,TLR-6249,C501482,cash deposit,552.98,CAD
CA00034510,2025-04-06,BR039,TLR-2650,C500871,cash deposit,711.13,CAD
CA00032899,2025-04-01,BR032,TLR-1460,C500904,cash withdrawal,1721.89,CAD
CA00027714,2025-04-05,BR006,TLR-2379,C503543,cash deposit,1275.87,CAD
CA00030623,2025-04-17,BR020,TLR-4575,C500187,cash withdrawal,1577.38,USD
CA00028776,2025-04-12,BR010,TLR-8741,C502118,cash deposit,1892.63,CAD
CA00026918,2025-04-01,BR002,TLR-9269,C503745,cash deposit,4291.18,CAD
CA00026694,2025-04-16,BR001,TLR-2964,C500217,cash deposit,637.75,CAD
CA00033047,2025-04-08,BR033,TLR-3804,C502666,cash deposit,849.56,CAD
CA00029914,2025-04-21,BR017,TLR-4563,C500067,cash deposit,520.11,CAD
CA00032801,2025-04-04,BR031,TLR-1430,C500489,cash withdrawal,1028.52,CAD
CA00034003,2025-04-28,BR037,TLR-8613,C500664,cash deposit,823.81,CAD
CA00030089,2025-04-27,BR017,TLR-5761,C500012,cash deposit,2403.63,CAD
CA00030211,2025-04-15,BR018,TLR-8519,C500713,cash withdrawal,851.14,CAD
CA00027476,2025-04-20,BR004,TLR-3799,C503140,cash withdrawal,879.4,CAD
CA00032204,2025-04-19,BR029,TLR-3733,C502219,cash deposit,569.76,CAD
CA00032036,2025-04-18,BR027,TLR-3795,C500728,cash deposit,1387.55,CAD
CA00034883,2025-04-07,BR040,TLR-1442,C502817,cash deposit,1014.84,CAD
CA00030657,2025-04-17,BR020,TLR-1345,C503486,cash deposit,493.05,USD
CA00034791,2025-04-16,BR040,TLR-6665,C501348,cash withdrawal,743.73,CAD
CA00029083,2025-04-20,BR013,TLR-7508,C501247,cash withdrawal,461.11,CAD
CA00027362,2025-04-28,BR004,TLR-4036,C502680,cash withdrawal,1276.59,CAD
CA00028554,2025-04-07,BR009,TLR-3781,C502243,cash withdrawal,2442.05,CAD
CA00028587,2025-04-28,BR010,TLR-8474,C500969,cash deposit,787.2,CAD
CA00034835,2025-04-16,BR040,TLR-6067,C503330,cash deposit,1162.92,CAD
CA00031423,2025-04-02,BR025,TLR-6808,C501362,cash withdrawal,-343.46,CAD
CA00032118,2025-04-07,BR028,TLR-6274,C503475,cash withdrawal,474.63,CAD
CA00028341,2025-04-21,BR008,TLR-2469,C500136,cash withdrawal,1119.21,CAD
CA00028172,2025-04-24,BR007,TLR-6710,C500226,cash deposit,2273.1,CAD
CA00027627,2025-04-23,BR005,TLR-9208,C503118,cash deposit,729.65,CAD
CA00032894,2025-04-20,BR032,TLR-3882,C503598,cash deposit,749.08,CAD
CA00035033,2025-04-03,BR040,TLR-8156,C500589,cash withdrawal,956.44,CAD
CA00029893,2025-04-10,BR017,TLR-7152,C501918,cash deposit,3394.92,CAD
CA00032157,2025-04-27,BR028,TLR-1494,C500682,cash withdrawal,395.22,CAD
CA00028866,2025-04-27,BR012,TLR-4157,C500188,cash withdrawal,508.9,CAD
CA00031041,2025-04-23,BR023,TLR-4421,C503194,cash withdrawal,3463.6,CAD
CA00027412,2025-04-22,BR004,TLR-3529,C502658,cash withdrawal,2636.95,CAD
CA00028247,2025-04-02,BR008,TLR-5817,C500104,cash deposit,182.1,CAD
CA00030606,2025-04-22,BR020,TLR-8453,C500048,cash deposit,404.62,USD
CA00031676,2025-04-30,BR026,TLR-3495,C501942,cash withdrawal,-658.23,CAD
CA00029207,2025-04-26,BR014,TLR-4772,C500319,cash deposit,958.95,CAD
CA00033456,2025-04-17,BR035,TLR-2902,C502335,cash withdrawal,377.1,CAD
CA00033639,2025-04-14,BR036,TLR-1907,C502269,cash deposit,425.43,CAD
CA00034962,2025-04-11,BR040,TLR-6120,C502223,cash deposit,683.87,CAD
CA00035194,2025-04-04,BR040,TLR-4253,C503512,cash deposit,2812.92,CAD
CA00027342,2025-04-07,BR003,TLR-1172,C501100,cash deposit,530.43,CAD
CA00034004,2025-04-05,BR037,TLR-3566,C503982,cash deposit,386.41,CAD
CA00027227,2025-04-30,BR003,TLR-9323,C501695,cash withdrawal,1352.89,CAD
CA00027864,2025-04-27,BR006,TLR-1096,C500846,cash deposit,669.97,CAD
CA00027507,2025-04-29,BR004,TLR-1192,C503181,cash withdrawal,1432.37,CAD
CA00027417,2025-04-24,BR004,TLR-8168,C503807,cash deposit,684.35,CAD
CA00031581,2025-04-13,BR025,TLR-9017,C500617,cash withdrawal,-792.73,CAD
CA00034296,2025-04-27,BR038,TLR-9091,C500857,cash withdrawal,1230.87,CAD
CA00029025,2025-04-26,BR012,TLR-2668,C500201,cash withdrawal,419.25,CAD
CA00029731,2025-04-10,BR016,TLR-5437,C500510,cash deposit,585.69,CAD
CA00034008,2025-04-12,BR037,TLR-6212,C500669,cash deposit,841.36,CAD
CA00033795,2025-04-04,BR036,TLR-8787,C502033,cash withdrawal,702.08,CAD
CA00026901,2025-04-05,BR002,TLR-4618,C500383,cash withdrawal,-248.5,CAD
CA00030692,2025-04-30,BR020,TLR-1793,C503373,cash deposit,791.99,USD
CA00030930,2025-04-30,BR021,TLR-4420,C502669,cash deposit,3360.86,CAD
CA00034005,2025-04-05,BR037,TLR-3247,C502844,cash withdrawal,467.94,CAD
CA00032781,2025-04-03,BR031,TLR-8047,C501049,cash deposit,1436.81,CAD
CA00028227,2025-04-01,BR008,TLR-3656,C502794,cash deposit,431.17,CAD
CA00027793,2025-04-25,BR006,TLR-7559,C502799,cash withdrawal,1674.36,CAD
CA00026783,2025-04-02,BR001,TLR-2756,C503877,cash withdrawal,3417.29,CAD
CA00026618,2025-04-15,BR001,TLR-9808,C501861,cash deposit,2102.48,CAD
CA00034733,2025-04-02,BR040,TLR-4773,C501257,cash withdrawal,1382.27,CAD
CA00031962,2025-04-07,BR027,TLR-3988,C500484,cash withdrawal,2179.27,CAD
CA00034831,2025-04-02,BR040,TLR-1883,C500752,cash deposit,1323.35,CAD
CA00031630,2025-04-02,BR026,TLR-4369,C500130,cash withdrawal,-346.41,CAD
CA00032353,2025-04-19,BR030,TLR-8197,C503478,cash withdrawal,524.16,CAD
CA00031080,2025-04-22,BR023,TLR-8563,C502698,cash deposit,851.21,CAD
CA00030693,2025-04-20,BR020,TLR-2641,C500329,cash deposit,866.91,USD
CA00026768,2025-04-08,BR001,TLR-5373,C500220,cash deposit,975.66,CAD
CA00031473,2025-04-14,BR025,TLR-7295,C501321,cash withdrawal,-2781.33,CAD
CA00031907,2025-04-14,BR027,TLR-1430,C500126,cash withdrawal,2995.86,CAD
CA00030455,2025-04-17,BR019,TLR-2287,C503533,cash deposit,455.15,CAD
CA00029199,2025-04-13,BR014,TLR-7316,C502441,cash withdrawal,673.24,CAD
CA00030870,2025-04-10,BR021,TLR-6290,C500463,cash withdrawal,472.91,CAD
CA00033784,2025-04-06,BR036,TLR-6927,C502593,cash deposit,3381.69,CAD
CA00027274,2025-04-17,BR003,TLR-5354,C501783,cash deposit,677.15,CAD
CA00027293,2025-04-19,BR003,TLR-9156,C503508,cash withdrawal,1212.32,CAD
CA00030849,2025-04-08,BR021,TLR-2654,C500462,cash withdrawal,667.01,CAD
CA00032567,2025-04-02,BR030,TLR-7373,C501095,cash withdrawal,186.54,CAD
CA00032214,2025-04-18,BR029,TLR-3846,C500384,cash withdrawal,780.26,CAD
CA00033136,2025-04-22,BR033,TLR-6001,C501372,cash deposit,604.72,CAD
CA00034292,2025-04-03,BR038,TLR-1273,C500134,cash deposit,393.05,CAD
CA00035204,2025-04-10,BR040,TLR-9880,C502875,cash withdrawal,814.57,CAD
CA00028777,2025-04-14,BR010,TLR-8007,C500781,cash deposit,2849.86,CAD
CA00030972,2025-04-23,BR022,TLR-9012,C500155,cash deposit,1006.62,CAD
CA00032504,2025-04-10,BR030,TLR-1061,C502353,cash deposit,116.15,CAD
CA00029909,2025-04-21,BR017,TLR-3651,C502523,cash withdrawal,662.15,CAD
CA00029597,2025-04-15,BR015,TLR-3776,C500664,cash deposit,335.14,CAD
CA00033996,2025-04-05,BR037,TLR-7111,C503757,cash deposit,1486.57,CAD
CA00030320,2025-04-20,BR019,TLR-5432,C502364,cash withdrawal,701.85,CAD
CA00027891,2025-04-10,BR006,TLR-9361,C502166,cash deposit,642.18,CAD
CA00030638,2025-04-25,BR020,TLR-5578,C501817,cash deposit,1524.79,USD
CA00032568,2025-04-26,BR030,TLR-4336,C500530,cash deposit,2225.72,CAD
CA00031446,2025-04-01,BR025,TLR-5500,C502357,cash withdrawal,-949.36,CAD
CA00034028,2025-04-14,BR037,TLR-2612,C502762,cash deposit,747.66,CAD
CA00034634,2025-04-17,BR040,TLR-2579,C500667,cash deposit,2107.83,CAD
CA00026729,2025-04-06,BR001,TLR-3874,C500870,cash deposit,1034.22,CAD
CA00028786,2025-04-29,BR011,TLR-3935,C503019,cash withdrawal,3245.42,CAD
CA00033837,2025-04-28,BR036,TLR-3524,C502126,cash withdrawal,1716.25,CAD
CA00035166,2025-04-20,BR040,TLR-9227,C501593,cash deposit,550.44,CAD
CA00029385,2025-04-18,BR014,TLR-7716,C503217,cash deposit,301.07,CAD
CA00030281,2025-04-23,BR019,TLR-5639,C501805,cash deposit,1458.7,CAD
CA00033645,2025-04-28,BR036,TLR-2272,C503188,cash deposit,390.6,CAD
CA00033540,2025-04-02,BR035,TLR-7287,C501529,cash withdrawal,3914.22,CAD
CA00034024,2025-04-20,BR037,TLR-8877,C502840,cash withdrawal,903.7,CAD
CA00032303,2025-04-04,BR029,TLR-6244,C500673,cash deposit,1633.32,CAD
CA00033035,2025-04-24,BR033,TLR-3518,C501070,cash withdrawal,1698.46,CAD
CA00031652,2025-04-17,BR026,TLR-2738,C502922,cash deposit,1607.53,CAD
CA00032554,2025-04-07,BR030,TLR-1106,C501615,cash withdrawal,805.74,CAD
CA00034322,2025-04-24,BR038,TLR-8868,C500080,cash withdrawal,1176.71,CAD
CA00028332,2025-04-11,BR008,TLR-4219,C501037,cash withdrawal,426.45,CAD
CA00027709,2025-04-19,BR006,TLR-8971,C503138,cash withdrawal,395.97,CAD
CA00034154,2025-04-19,BR037,TLR-5578,C503714,cash deposit,6864.11,CAD
CA00027509,2025-04-12,BR004,TLR-1792,C502413,cash deposit,362.63,CAD
CA00027580,2025-04-29,BR004,TLR-6892,C500423,cash deposit,903.72,CAD
CA00027288,2025-04-06,BR003,TLR-4743,C502806,cash deposit,3324.18,CAD
CA00034921,2025-04-26,BR040,TLR-7430,C503246,cash withdrawal,1774.93,CAD
CA00032747,2025-04-16,BR031,TLR-3315,C501592,cash deposit,270.93,CAD
CA00028863,2025-04-20,BR012,TLR-7622,C500013,cash deposit,1123.63,CAD
CA00030245,2025-04-17,BR019,TLR-7070,C501958,cash deposit,559.03,CAD
CA00033518,2025-04-22,BR035,TLR-1865,C503669,cash deposit,1421.53,CAD
CA00034644,2025-04-26,BR040,TLR-3493,C502907,cash withdrawal,477.82,CAD
CA00030788,2025-04-18,BR021,TLR-2891,C500352,cash withdrawal,1130.31,CAD
CA00031141,2025-04-02,BR024,TLR-9349,C500871,cash deposit,1160.27,CAD
CA00032166,2025-04-17,BR028,TLR-7080,C500953,cash withdrawal,1335.25,CAD
CA00029492,2025-04-22,BR015,TLR-7428,C500692,cash deposit,723.38,CAD
CA00029802,2025-04-14,BR016,TLR-6251,C502854,cash deposit,3100.46,CAD
CA00027020,2025-04-27,BR002,TLR-6992,C500202,cash deposit,1261.13,CAD
CA00031737,2025-04-04,BR026,TLR-1655,C503803,cash deposit,3033.93,CAD
CA00030116,2025-04-11,BR018,TLR-6851,C503427,cash deposit,2781.5,CAD
CA00026616,2025-04-04,BR001,TLR-4908,C501225,cash withdrawal,445.76,CAD
CA00031117,2025-04-25,BR023,TLR-5774,C503687,cash withdrawal,715.58,CAD
CA00031897,2025-04-20,BR027,TLR-6984,C501890,cash withdrawal,1139.25,CAD
CA00028653,2025-04-12,BR010,TLR-4863,C501245,cash deposit,2105.12,CAD
CA00029311,2025-04-03,BR014,TLR-4098,C502172,cash withdrawal,1746.26,CAD
CA00031725,2025-04-15,BR026,TLR-4486,C502388,cash deposit,2521.33,CAD
CA00029997,2025-04-13,BR017,TLR-9747,C500768,cash deposit,2256.32,CAD
CA00034253,2025-04-01,BR038,TLR-2166,C501830,cash deposit,1000.9,CAD
CA00030928,2025-04-25,BR021,TLR-3004,C500920,cash withdrawal,2201.45,CAD
CA00031861,2025-04-23,BR026,TLR-5522,C502357,cash withdrawal,-3394.7,CAD
CA00033947,2025-04-11,BR037,TLR-7451,C501894,cash deposit,3412.28,CAD
CA00028117,2025-04-20,BR007,TLR-7870,C502909,cash withdrawal,1045.23,CAD
CA00028822,2025-04-19,BR011,TLR-9350,C502156,cash deposit,786.45,CAD
CA00030695,2025-04-06,BR020,TLR-1260,C502006,cash withdrawal,1913.21,USD
CA00029753,2025-04-29,BR016,TLR-2011,C503977,cash deposit,2303.71,CAD
CA00027597,2025-04-14,BR004,TLR-2012,C501298,cash withdrawal,454.28,CAD
CA00030571,2025-04-08,BR019,TLR-2450,C503185,cash deposit,499.12,CAD
CA00029223,2025-04-21,BR014,TLR-5576,C503866,cash deposit,546.98,CAD
CA00030621,2025-04-02,BR020,TLR-1281,C503447,cash withdrawal,606.57,USD
CA00030566,2025-04-03,BR019,TLR-6315,C503213,cash deposit,2627.69,CAD
CA00031789,2025-04-16,BR026,TLR-9257,C500461,cash withdrawal,-1065.37,CAD
CA00031000,2025-04-25,BR022,TLR-7527,C502169,cash deposit,2319.97,CAD
CA00029422,2025-04-05,BR015,TLR-3009,C501566,cash deposit,1515.87,CAD
CA00029554,2025-04-20,BR015,TLR-7865,C502695,cash withdrawal,657.85,CAD
CA00027498,2025-04-03,BR004,TLR-9453,C500431,cash deposit,1328.58,CAD
CA00033465,2025-04-23,BR035,TLR-7631,C501663,cash deposit,1795.1,CAD
CA00033348,2025-04-10,BR034,TLR-2078,C503177,cash withdrawal,2672.89,CAD
CA00029734,2025-04-26,BR016,TLR-2159,C500196,cash withdrawal,1029.76,CAD
CA00035398,2025-04-13,BR040,TLR-8944,C500012,cash deposit,180.74,CAD
CA00034367,2025-04-18,BR039,TLR-2557,C503880,cash deposit,319.03,CAD
CA00032565,2025-04-14,BR030,TLR-8290,C501613,cash deposit,1665.53,CAD
CA00029317,2025-04-11,BR014,TLR-2777,C503151,cash withdrawal,1880.95,CAD
CA00029285,2025-04-01,BR014,TLR-8410,C503890,cash withdrawal,1301.0,CAD
CA00027806,2025-04-28,BR006,TLR-4114,C500061,cash deposit,949.44,CAD
CA00029665,2025-04-02,BR015,TLR-8011,C503443,cash deposit,2768.45,CAD
CA00034632,2025-04-05,BR040,TLR-5253,C503168,cash deposit,1908.23,CAD
CA00030782,2025-04-25,BR021,TLR-3837,C503984,cash deposit,1475.19,CAD
CA00030727,2025-04-19,BR020,TLR-4498,C502935,cash withdrawal,671.1,USD
CA00029571,2025-04-05,BR015,TLR-1885,C501611,cash deposit,1155.83,CAD
CA00030691,2025-04-24,BR020,TLR-5978,C500280,cash deposit,459.81,USD
CA00029679,2025-04-15,BR016,TLR-2079,C501390,cash deposit,2852.02,CAD
CA00029616,2025-04-21,BR015,TLR-7088,C502297,cash withdrawal,500.69,CAD
CA00033557,2025-04-24,BR035,TLR-8389,C503418,cash deposit,683.86,CAD
CA00031280,2025-04-09,BR024,TLR-3448,C500860,cash withdrawal,1357.64,CAD
CA00030987,2025-04-27,BR022,TLR-3855,C503820,cash deposit,2501.96,CAD
CA00033254,2025-04-17,BR034,TLR-1046,C500659,cash deposit,543.72,CAD
CA00033164,2025-04-06,BR033,TLR-7298,C503062,cash deposit,210.35,CAD
CA00027481,2025-04-15,BR004,TLR-8953,C500511,cash withdrawal,848.45,CAD
CA00033438,2025-04-01,BR035,TLR-8009,C501827,cash withdrawal,203.34,CAD
CA00028400,2025-04-20,BR008,TLR-1323,C502604,cash deposit,1438.01,CAD
CA00032491,2025-04-19,BR030,TLR-5696,C503168,cash withdrawal,438.19,CAD
CA00034804,2025-04-22,BR040,TLR-4084,C501181,cash withdrawal,855.68,CAD
CA00027691,2025-04-15,BR006,TLR-4746,C501027,cash deposit,1476.88,CAD
CA00027064,2025-04-20,BR002,TLR-5037,C500054,cash deposit,989.86,CAD
CA00030888,2025-04-19,BR021,TLR-1719,C502531,cash withdrawal,1093.19,CAD
CA00033845,2025-04-11,BR036,TLR-4960,C503800,cash withdrawal,684.23,CAD
CA00031813,2025-04-10,BR026,TLR-2478,C501253,cash deposit,1748.33,CAD
CA00034983,2025-04-06,BR040,TLR-5393,C500061,cash withdrawal,698.83,CAD
CA00027761,2025-04-11,BR006,TLR-3342,C502851,cash withdrawal,1073.7,CAD
CA00031799,2025-04-30,BR026,TLR-2377,C501411,cash withdrawal,-1091.09,CAD
CA00032665,2025-04-06,BR031,TLR-3771,C500323,cash withdrawal,5978.48,CAD
CA00028344,2025-04-08,BR008,TLR-8136,C503502,cash withdrawal,440.52,CAD
CA00030945,2025-04-24,BR021,TLR-8312,C501271,cash withdrawal,1518.45,CAD
CA00031419,2025-04-19,BR025,TLR-5766,C501918,cash deposit,944.22,CAD
CA00034013,2025-04-10,BR037,TLR-7883,C502375,cash withdrawal,1951.95,CAD
CA00033775,2025-04-10,BR036,TLR-6315,C503815,cash deposit,370.85,CAD
CA00033853,2025-04-27,BR036,TLR-3021,C501902,cash deposit,774.37,CAD
CA00029016,2025-04-02,BR012,TLR-7090,C501445,cash deposit,993.84,CAD
CA00029737,2025-04-08,BR016,TLR-6352,C502217,cash withdrawal,1760.04,CAD
CA00029407,2025-04-25,BR015,TLR-3363,C501251,cash withdrawal,1560.31,CAD
CA00032058,2025-04-21,BR028,TLR-2497,C502605,cash deposit,1085.92,CAD
CA00029715,2025-04-28,BR016,TLR-4007,C500991,cash withdrawal,2601.29,CAD
CA00028490,2025-04-18,BR009,TLR-6195,C501663,cash deposit,1601.2,CAD
CA00032906,2025-04-21,BR032,TLR-5837,C503384,cash deposit,981.63,CAD
CA00030700,2025-04-05,BR020,TLR-5378,C503588,cash withdrawal,1757.73,USD
CA00033187,2025-04-27,BR034,TLR-1798,C503015,cash withdrawal,1232.96,CAD
CA00028770,2025-04-24,BR010,TLR-8929,C501680,cash deposit,2157.94,CAD
CA00034642,2025-04-16,BR040,TLR-2443,C500050,cash withdrawal,2475.59,CAD
CA00029185,2025-04-19,BR014,TLR-1006,C502001,cash withdrawal,1130.56,CAD
CA00027863,2025-04-24,BR006,TLR-4734,C501843,cash deposit,489.9,CAD
CA00032072,2025-04-17,BR028,TLR-3167,C503149,cash withdrawal,576.2,CAD
CA00033704,2025-04-10,BR036,TLR-8009,C502726,cash withdrawal,5054.48,CAD
CA00027230,2025-04-07,BR003,TLR-6565,C503660,cash deposit,1601.4,CAD
CA00032042,2025-04-28,BR027,TLR-3550,C503249,cash deposit,9098.3,CAD
CA00027080,2025-04-06,BR002,TLR-7271,C502772,cash deposit,625.9,CAD
CA00033307,2025-04-26,BR034,TLR-5330,C501581,cash withdrawal,1096.26,CAD
CA00030568,2025-04-09,BR019,TLR-2292,C500064,cash withdrawal,1029.41,CAD
CA00029983,2025-04-05,BR017,TLR-1144,C502640,cash deposit,1983.77,CAD
CA00029232,2025-04-25,BR014,TLR-6871,C503611,cash withdrawal,679.72,CAD
CA00029239,2025-04-22,BR014,TLR-9070,C503610,cash deposit,911.8,CAD
CA00029762,2025-04-17,BR016,TLR-7016,C500731,cash deposit,1044.87,CAD
CA00034811,2025-04-10,BR040,TLR-4974,C500267,cash deposit,3534.66,CAD
CA00033153,2025-04-08,BR033,TLR-3086,C501325,cash deposit,1424.16,CAD
CA00030529,2025-04-12,BR019,TLR-7288,C501857,cash withdrawal,911.52,CAD
CA00027096,2025-04-13,BR002,TLR-4672,C501240,cash withdrawal,-3759.33,CAD
CA00028497,2025-04-02,BR009,TLR-5222,C503320,cash withdrawal,1140.82,CAD
CA00028078,2025-04-15,BR007,TLR-8448,C503836,cash withdrawal,1554.17,CAD
CA00027835,2025-04-11,BR006,TLR-5038,C500427,cash deposit,470.81,CAD
CA00035303,2025-04-02,BR040,TLR-7620,C501427,cash withdrawal,1014.76,CAD
CA00028381,2025-04-23,BR008,TLR-7237,C502520,cash deposit,2173.17,CAD
CA00028100,2025-04-04,BR007,TLR-4251,C501712,cash withdrawal,703.48,CAD
CA00034961,2025-04-22,BR040,TLR-4834,C503269,cash withdrawal,992.99,CAD
CA00028300,2025-04-27,BR008,TLR-1812,C500299,cash withdrawal,1126.6,CAD
CA00032777,2025-04-29,BR031,TLR-1992,C502752,cash deposit,1279.75,CAD
CA00027860,2025-04-29,BR006,TLR-2999,C503992,cash deposit,531.43,CAD
CA00030442,2025-04-28,BR019,TLR-8624,C501956,cash withdrawal,2894.6,CAD
CA00029051,2025-04-03,BR012,TLR-3113,C500074,cash withdrawal,288.2,CAD
CA00027131,2025-04-18,BR003,TLR-3913,C501968,cash withdrawal,952.9,CAD
CA00033101,2025-04-05,BR033,TLR-6582,C503488,cash deposit,389.84,CAD
CA00034215,2025-04-29,BR038,TLR-9968,C503330,cash withdrawal,1033.66,CAD
CA00031640,2025-04-30,BR026,TLR-5616,C503803,cash withdrawal,-2705.74,CAD
CA00027738,2025-04-03,BR006,TLR-5185,C503852,cash deposit,480.43,CAD
CA00028526,2025-04-23,BR009,TLR-4736,C500253,cash deposit,520.33,CAD
CA00031219,2025-04-16,BR024,TLR-5452,C500702,cash deposit,424.21,CAD
CA00029339,2025-04-24,BR014,TLR-2446,C501954,cash withdrawal,897.56,CAD
CA00031475,2025-04-12,BR025,TLR-3063,C501837,cash withdrawal,-629.79,CAD
CA00032676,2025-04-05,BR031,TLR-5948,C500535,cash withdrawal,1060.95,CAD
CA00028849,2025-04-04,BR012,TLR-5632,C500535,cash deposit,591.85,CAD
CA00027434,2025-04-24,BR004,TLR-1014,C501397,cash deposit,323.08,CAD
CA00027254,2025-04-25,BR003,TLR-6449,C502608,cash withdrawal,839.88,CAD
CA00030768,2025-04-30,BR020,TLR-6079,C503170,cash withdrawal,385.88,USD
CA00032938,2025-04-16,BR032,TLR-2202,C500810,cash withdrawal,387.15,CAD
CA00026839,2025-04-07,BR001,TLR-7464,C500049,cash deposit,947.06,CAD
CA00033088,2025-04-13,BR033,TLR-9502,C502363,cash withdrawal,1529.45,CAD
CA00033219,2025-04-26,BR034,TLR-7276,C501902,cash withdrawal,699.43,CAD
CA00028146,2025-04-11,BR007,TLR-2893,C501667,cash deposit,755.7,CAD
CA00031533,2025-04-24,BR025,TLR-7852,C500789,cash deposit,2601.64,CAD
CA00034348,2025-04-01,BR038,TLR-2973,C500447,cash withdrawal,3229.81,CAD
CA00033727,2025-04-30,BR036,TLR-2647,C503876,cash withdrawal,1221.86,CAD
CA00030611,2025-04-13,BR020,TLR-4504,C501148,cash deposit,759.3,USD
CA00033156,2025-04-01,BR033,TLR-1650,C503393,cash withdrawal,1723.62,CAD
CA00029663,2025-04-13,BR015,TLR-6131,C500358,cash withdrawal,719.59,CAD
CA00031592,2025-04-11,BR025,TLR-8919,C502057,cash withdrawal,-2126.9,CAD
CA00032305,2025-04-14,BR029,TLR-3687,C502754,cash withdrawal,1243.97,CAD
CA00031116,2025-04-05,BR023,TLR-8866,C502971,cash withdrawal,2485.62,CAD
CA00030824,2025-04-07,BR021,TLR-2920,C500299,cash withdrawal,782.26,CAD
CA00030408,2025-04-11,BR019,TLR-7604,C500993,cash withdrawal,837.2,CAD
CA00031451,2025-04-12,BR025,TLR-8753,C503287,cash deposit,1208.91,CAD
CA00027606,2025-04-17,BR004,TLR-6292,C500581,cash deposit,2014.37,CAD
CA00035014,2025-04-27,BR040,TLR-4170,C500807,cash deposit,483.76,CAD
CA00027042,2025-04-25,BR002,TLR-5390,C500398,cash deposit,847.41,CAD
CA00035353,2025-04-10,BR040,TLR-2197,C502982,cash deposit,863.25,CAD
CA00026922,2025-04-12,BR002,TLR-9958,C500981,cash withdrawal,-552.27,CAD
CA00031646,2025-04-18,BR026,TLR-2040,C502697,cash withdrawal,-1041.72,CAD
CA00028095,2025-04-28,BR007,TLR-6254,C500794,cash deposit,2201.97,CAD
CA00034187,2025-04-09,BR038,TLR-3146,C503487,cash withdrawal,983.75,CAD
CA00032773,2025-04-21,BR031,TLR-1523,C502551,cash deposit,3929.31,CAD
CA00031791,2025-04-22,BR026,TLR-5842,C501766,cash deposit,996.18,CAD
CA00028079,2025-04-19,BR007,TLR-5400,C501788,cash deposit,1952.64,CAD
CA00034189,2025-04-15,BR038,TLR-9868,C500454,cash withdrawal,488.36,CAD
CA00031924,2025-04-07,BR027,TLR-2316,C503819,cash withdrawal,1356.11,CAD
CA00031677,2025-04-01,BR026,TLR-3567,C503095,cash deposit,1509.75,CAD
CA00028296,2025-04-17,BR008,TLR-1787,C500495,cash deposit,371.19,CAD
CA00033467,2025-04-04,BR035,TLR-1007,C500506,cash withdrawal,951.38,CAD
CA00034081,2025-04-05,BR037,TLR-1656,C500096,cash withdrawal,1467.19,CAD
CA00032968,2025-04-15,BR032,TLR-7751,C501576,cash deposit,2109.68,CAD
CA00030080,2025-04-23,BR017,TLR-2778,C501500,cash withdrawal,774.14,CAD
CA00031564,2025-04-10,BR025,TLR-9853,C500066,cash deposit,2722.75,CAD
CA00032600,2025-04-07,BR030,TLR-5134,C503153,cash withdrawal,1206.86,CAD
CA00032384,2025-04-29,BR030,TLR-7149,C501764,cash deposit,628.65,CAD
CA00033002,2025-04-12,BR032,TLR-1536,C503290,cash withdrawal,1616.58,CAD
CA00028544,2025-04-16,BR009,TLR-8976,C502690,cash deposit,1203.41,CAD
CA00027570,2025-04-03,BR004,TLR-3277,C500553,cash withdrawal,2917.85,CAD
CA00029553,2025-04-16,BR015,TLR-6295,C502117,cash withdrawal,1201.75,CAD
CA00027689,2025-04-01,BR006,TLR-1531,C500269,cash withdrawal,781.35,CAD
CA00031167,2025-04-15,BR024,TLR-9669,C500720,cash withdrawal,116.75,CAD
CA00030607,2025-04-09,BR020,TLR-4557,C502352,cash deposit,289.15,USD
CA00034911,2025-04-09,BR040,TLR-9198,C503343,cash deposit,1147.66,CAD
CA00029165,2025-04-18,BR013,TLR-5326,C502981,cash deposit,735.14,CAD
CA00026641,2025-04-15,BR001,TLR-6197,C501750,cash deposit,4419.59,CAD
CA00028093,2025-04-09,BR007,TLR-4461,C502682,cash deposit,1819.53,CAD
CA00032816,2025-04-20,BR031,TLR-5138,C501360,cash deposit,712.6,CAD
CA00027899,2025-04-08,BR006,TLR-8275,C503907,cash deposit,4282.23,CAD
CA00031408,2025-04-24,BR024,TLR-8790,C500078,cash deposit,1116.83,CAD
CA00028474,2025-04-01,BR009,TLR-6602,C500949,cash deposit,307.84,CAD
CA00030359,2025-04-25,BR019,TLR-2158,C503829,cash deposit,1078.05,CAD
CA00032289,2025-04-19,BR029,TLR-8463,C502821,cash withdrawal,1805.26,CAD
CA00033369,2025-04-12,BR035,TLR-5800,C503654,cash withdrawal,473.63,CAD
CA00026946,2025-04-20,BR002,TLR-3390,C500580,cash deposit,1257.9,CAD
CA00030265,2025-04-11,BR019,TLR-3914,C501059,cash deposit,690.95,CAD
CA00029844,2025-04-01,BR016,TLR-7479,C500581,cash deposit,1200.18,CAD
CA00031308,2025-04-13,BR024,TLR-9065,C502342,cash withdrawal,692.58,CAD
CA00030464,2025-04-24,BR019,TLR-6831,C500002,cash deposit,767.94,CAD
CA00027511,2025-04-18,BR004,TLR-4019,C501640,cash deposit,972.29,CAD
CA00029196,2025-04-06,BR014,TLR-3045,C502421,cash withdrawal,548.5,CAD
CA00034169,2025-04-26,BR037,TLR-4361,C503766,cash deposit,816.08,CAD
CA00031469,2025-04-21,BR025,TLR-4708,C503223,cash withdrawal,-398.04,CAD
CA00028455,2025-04-21,BR009,TLR-7693,C502936,cash withdrawal,3146.99,CAD
CA00031407,2025-04-12,BR024,TLR-9027,C502651,cash withdrawal,913.8,CAD
CA00030962,2025-04-11,BR022,TLR-8151,C503450,cash deposit,868.05,CAD
CA00029019,2025-04-08,BR012,TLR-2637,C502110,cash withdrawal,1351.83,CAD
CA00027833,2025-04-02,BR006,TLR-6264,C502775,cash withdrawal,1306.35,CAD
CA00030164,2025-04-13,BR018,TLR-5811,C502983,cash withdrawal,837.82,CAD
CA00035210,2025-04-22,BR040,TLR-5022,C500856,cash deposit,956.08,CAD
CA00034555,2025-04-21,BR039,TLR-5834,C501786,cash withdrawal,1293.53,CAD
CA00028184,2025-04-23,BR007,TLR-5807,C503078,cash withdrawal,789.98,CAD
CA00034314,2025-04-03,BR038,TLR-2933,C503945,cash withdrawal,623.19,CAD
CA00028559,2025-04-15,BR009,TLR-6239,C500245,cash withdrawal,1055.51,CAD
CA00026806,2025-04-11,BR001,TLR-1041,C501980,cash deposit,1316.01,CAD
CA00028761,2025-04-17,BR010,TLR-8527,C502518,cash withdrawal,426.09,CAD
CA00027019,2025-04-14,BR002,TLR-4981,C502520,cash deposit,540.51,CAD
CA00034407,2025-04-06,BR039,TLR-3873,C502977,cash deposit,487.42,CAD
CA00031155,2025-04-02,BR024,TLR-1578,C500828,cash deposit,346.9,CAD
CA00028697,2025-04-22,BR010,TLR-9781,C502903,cash deposit,642.53,CAD
CA00034563,2025-04-29,BR039,TLR-9010,C503181,cash withdrawal,699.61,CAD
CA00028213,2025-04-05,BR008,TLR-9803,C502216,cash withdrawal,893.89,CAD
CA00033496,2025-04-10,BR035,TLR-7077,C503285,cash deposit,1581.16,CAD
CA00031904,2025-04-20,BR027,TLR-6176,C502212,cash deposit,719.99,CAD
CA00034807,2025-04-04,BR040,TLR-4828,C500557,cash withdrawal,774.93,CAD
CA00030452,2025-04-13,BR019,TLR-5758,C503577,cash deposit,760.36,CAD
CA00030863,2025-04-05,BR021,TLR-4109,C500758,cash deposit,1842.56,CAD
CA00026985,2025-04-12,BR002,TLR-8809,C503900,cash withdrawal,-926.67,CAD
CA00031502,2025-04-01,BR025,TLR-3012,C502943,cash withdrawal,-729.02,CAD
CA00033953,2025-04-17,BR037,TLR-5753,C501129,cash withdrawal,699.79,CAD
CA00031572,2025-04-25,BR025,TLR-1718,C503716,cash deposit,1482.44,CAD
CA00030356,2025-04-03,BR019,TLR-9173,C500936,cash withdrawal,713.74,CAD
CA00030880,2025-04-21,BR021,TLR-8771,C501861,cash deposit,2930.12,CAD
CA00031343,2025-04-25,BR024,TLR-1648,C501167,cash deposit,799.83,CAD
CA00030603,2025-04-04,BR020,TLR-6105,C503029,cash deposit,2055.42,USD
CA00029675,2025-04-04,BR016,TLR-2180,C501527,cash withdrawal,932.88,CAD
CA00032577,2025-04-22,BR030,TLR-8463,C500633,cash deposit,590.77,CAD
CA00030366,2025-04-19,BR019,TLR-5925,C500690,cash withdrawal,1857.55,CAD
CA00029323,2025-04-02,BR014,TLR-8923,C502645,cash deposit,864.05,CAD
CA00035130,2025-04-14,BR040,TLR-4170,C501063,cash withdrawal,862.08,CAD
CA00033975,2025-04-12,BR037,TLR-3047,C503965,cash deposit,1762.68,CAD
CA00029284,2025-04-27,BR014,TLR-9104,C501720,cash withdrawal,547.12,CAD
CA00031097,2025-04-09,BR023,TLR-3657,C500727,cash withdrawal,289.04,CAD
CA00030871,2025-04-28,BR021,TLR-3953,C501703,cash withdrawal,560.6,CAD
CA00030977,2025-04-25,BR022,TLR-5994,C503922,cash deposit,2045.23,CAD
CA00030562,2025-04-09,BR019,TLR-1074,C500998,cash withdrawal,2254.29,CAD
CA00033573,2025-04-24,BR035,TLR-6684,C503323,cash withdrawal,1602.67,CAD
CA00028437,2025-04-12,BR008,TLR-9862,C500626,cash withdrawal,1447.16,CAD
CA00032195,2025-04-19,BR029,TLR-6365,C503727,cash deposit,1570.6,CAD
CA00033671,2025-04-01,BR036,TLR-7516,C503178,cash withdrawal,438.35,CAD
CA00029204,2025-04-10,BR014,TLR-3015,C501155,cash deposit,685.66,CAD
CA00035154,2025-04-23,BR040,TLR-6447,C503221,cash withdrawal,3363.8,CAD
CA00034928,2025-04-25,BR040,TLR-5636,C502969,cash deposit,462.58,CAD
CA00026749,2025-04-20,BR001,TLR-6317,C503125,cash deposit,1049.09,CAD
CA00028004,2025-04-17,BR007,TLR-2775,C503274,cash withdrawal,910.75,CAD
CA00033294,2025-04-27,BR034,TLR-1639,C502200,cash deposit,1130.25,CAD
CA00029540,2025-04-18,BR015,TLR-4886,C503366,cash withdrawal,2045.53,CAD
CA00035159,2025-04-29,BR040,TLR-2631,C501609,cash deposit,1770.56,CAD
CA00028448,2025-04-03,BR008,TLR-1820,C502863,cash deposit,382.21,CAD
CA00035248,2025-04-29,BR040,TLR-8398,C500177,cash withdrawal,1520.84,CAD
CA00033418,2025-04-20,BR035,TLR-8381,C503473,cash withdrawal,562.34,CAD
CA00032754,2025-04-07,BR031,TLR-1880,C502529,cash deposit,1618.75,CAD
CA00030968,2025-04-05,BR022,TLR-5682,C501979,cash deposit,1464.02,CAD
CA00032181,2025-04-19,BR029,TLR-6788,C500150,cash deposit,1673.12,CAD
CA00033811,2025-04-18,BR036,TLR-4581,C501491,cash withdrawal,1686.63,CAD
CA00033221,2025-04-11,BR034,TLR-2129,C502369,cash deposit,498.82,CAD
CA00033240,2025-04-18,BR034,TLR-3633,C502569,cash withdrawal,2641.13,CAD
CA00031590,2025-04-11,BR025,TLR-2698,C503906,cash withdrawal,-2475.68,CAD
CA00034157,2025-04-03,BR037,TLR-9369,C503785,cash deposit,727.28,CAD
CA00028618,2025-04-11,BR010,TLR-8817,C501057,cash withdrawal,364.46,CAD
CA00032142,2025-04-12,BR028,TLR-8700,C502097,cash withdrawal,1244.79,CAD
CA00031814,2025-04-01,BR026,TLR-9340,C500365,cash withdrawal,-576.17,CAD
CA00032171,2025-04-11,BR029,TLR-7616,C502169,cash withdrawal,1071.42,CAD
CA00027680,2025-04-15,BR005,TLR-4144,C500324,cash deposit,750.52,CAD
CA00031264,2025-04-19,BR024,TLR-7960,C501776,cash deposit,949.67,CAD
CA00026972,2025-04-10,BR002,TLR-1291,C503531,cash withdrawal,-1274.49,CAD
CA00031520,2025-04-17,BR025,TLR-2059,C503105,cash deposit,3035.46,CAD
CA00029263,2025-04-09,BR014,TLR-5720,C500908,cash withdrawal,525.86,CAD
CA00032848,2025-04-06,BR031,TLR-4151,C501410,cash deposit,953.14,CAD
CA00031240,2025-04-30,BR024,TLR-1602,C502523,cash deposit,855.26,CAD
CA00033555,2025-04-28,BR035,TLR-3320,C503379,cash withdrawal,477.74,CAD
CA00027506,2025-04-18,BR004,TLR-1690,C503982,cash withdrawal,1774.04,CAD
CA00027839,2025-04-26,BR006,TLR-1381,C502676,cash withdrawal,1748.62,CAD
CA00027003,2025-04-16,BR002,TLR-3709,C500490,cash withdrawal,-1689.51,CAD
CA00034416,2025-04-26,BR039,TLR-5454,C500747,cash deposit,503.5,CAD
CA00031511,2025-04-18,BR025,TLR-1195,C503331,cash deposit,649.25,CAD
CA00026608,2025-04-03,BR001,TLR-1388,C503874,cash withdrawal,684.83,CAD
CA00032133,2025-04-16,BR028,TLR-2728,C500031,cash deposit,1029.23,CAD
CA00032436,2025-04-21,BR030,TLR-7221,C503212,cash withdrawal,1395.32,CAD
CA00033299,2025-04-09,BR034,TLR-1878,C503604,cash withdrawal,1470.8,CAD
CA00032622,2025-04-24,BR031,TLR-5430,C502223,cash deposit,2387.03,CAD
CA00029575,2025-04-02,BR015,TLR-3634,C501121,cash withdrawal,710.95,CAD
CA00028397,2025-04-10,BR008,TLR-8646,C503449,cash deposit,925.37,CAD
CA00026589,2025-04-22,BR001,TLR-9935,C503987,cash deposit,2868.37,CAD
CA00028692,2025-04-19,BR010,TLR-5317,C500722,cash deposit,595.34,CAD
CA00030936,2025-04-21,BR021,TLR-8026,C503631,cash deposit,2813.18,CAD
CA00033741,2025-04-24,BR036,TLR-9865,C502675,cash deposit,345.81,CAD
CA00033611,2025-04-06,BR036,TLR-1815,C502418,cash deposit,691.05,CAD
CA00030896,2025-04-29,BR021,TLR-2874,C502473,cash withdrawal,1017.75,CAD
CA00029155,2025-04-20,BR013,TLR-1652,C503415,cash deposit,595.19,CAD
CA00033366,2025-04-22,BR035,TLR-3891,C500947,cash withdrawal,1357.75,CAD
CA00027235,2025-04-13,BR003,TLR-1722,C501231,cash deposit,1177.7,CAD
CA00034926,2025-04-07,BR040,TLR-3750,C502687,cash deposit,1072.41,CAD
CA00028882,2025-04-07,BR012,TLR-6381,C500403,cash withdrawal,718.82,CAD
CA00033155,2025-04-26,BR033,TLR-7156,C503003,cash deposit,2069.66,CAD
CA00031122,2025-04-20,BR023,TLR-8659,C502557,cash deposit,1646.95,CAD
CA00029979,2025-04-21,BR017,TLR-2460,C500834,cash deposit,4117.42,CAD
CA00028062,2025-04-08,BR007,TLR-6668,C502794,cash withdrawal,863.14,CAD
CA00027953,2025-04-12,BR006,TLR-2505,C501910,cash withdrawal,822.52,CAD
CA00026788,2025-04-10,BR001,TLR-2372,C501271,cash deposit,1443.83,CAD
CA00028904,2025-04-28,BR012,TLR-3428,C502980,cash withdrawal,1797.45,CAD
CA00028519,2025-04-02,BR009,TLR-7909,C502225,cash withdrawal,414.53,CAD
CA00031461,2025-04-02,BR025,TLR-3025,C501755,cash withdrawal,-1155.54,CAD
CA00031818,2025-04-13,BR026,TLR-5955,C500274,cash withdrawal,-317.24,CAD
CA00033597,2025-04-15,BR036,TLR-9467,C500826,cash deposit,183.03,CAD
CA00034070,2025-04-06,BR037,TLR-3461,C501873,cash deposit,522.51,CAD
CA00033234,2025-04-04,BR034,TLR-5797,C501572,cash deposit,672.32,CAD
CA00028019,2025-04-16,BR007,TLR-8316,C503262,cash deposit,887.71,CAD
CA00027887,2025-04-03,BR006,TLR-8651,C501605,cash deposit,796.18,CAD
CA00034273,2025-04-30,BR038,TLR-3955,C500530,cash deposit,368.1,CAD
CA00030900,2025-04-03,BR021,TLR-6209,C500997,cash deposit,445.52,CAD
CA00033209,2025-04-15,BR034,TLR-9059,C500717,cash deposit,887.18,CAD
CA00029265,2025-04-01,BR014,TLR-2314,C503478,cash deposit,1566.25,CAD
CA00028710,2025-04-23,BR010,TLR-6400,C501367,cash deposit,72.63,CAD
CA00033558,2025-04-13,BR035,TLR-3058,C502504,cash deposit,971.9,CAD
CA00035048,2025-04-26,BR040,TLR-7042,C501626,cash deposit,2237.71,CAD
CA00029108,2025-04-10,BR013,TLR-6465,C500565,cash deposit,2815.78,CAD
CA00028130,2025-04-08,BR007,TLR-4520,C503804,cash withdrawal,558.54,CAD
CA00032237,2025-04-05,BR029,TLR-1960,C503123,cash deposit,647.48,CAD
CA00032589,2025-04-05,BR030,TLR-7712,C501311,cash deposit,636.8,CAD
CA00028804,2025-04-07,BR011,TLR-2374,C503391,cash withdrawal,699.64,CAD
CA00034843,2025-04-20,BR040,TLR-8720,C501399,cash withdrawal,666.94,CAD
CA00033112,2025-04-08,BR033,TLR-7808,C502070,cash deposit,467.55,CAD
CA00030084,2025-04-22,BR017,TLR-6103,C502308,cash withdrawal,607.62,CAD
CA00029632,2025-04-10,BR015,TLR-1592,C501428,cash withdrawal,774.1,CAD
CA00031523,2025-04-22,BR025,TLR-6429,C503352,cash withdrawal,-793.17,CAD
CA00034919,2025-04-21,BR040,TLR-1635,C500781,cash deposit,1911.17,CAD
CA00028801,2025-04-07,BR011,TLR-6669,C500145,cash deposit,1154.38,CAD
CA00031181,2025-04-05,BR024,TLR-8573,C501054,cash withdrawal,1527.3,CAD
CA00027702,2025-04-13,BR006,TLR-8399,C502394,cash deposit,667.41,CAD
CA00030167,2025-04-04,BR018,TLR-4794,C503850,cash deposit,373.81,CAD
CA00027038,2025-04-27,BR002,TLR-2934,C501930,cash deposit,631.26,CAD
CA00030151,2025-04-18,BR018,TLR-3567,C500551,cash withdrawal,842.46,CAD
CA00030326,2025-04-22,BR019,TLR-5441,C501790,cash deposit,514.19,CAD
CA00035283,2025-04-07,BR040,TLR-9537,C502262,cash deposit,2102.64,CAD
CA00027356,2025-04-15,BR003,TLR-5937,C503407,cash deposit,1282.73,CAD
CA00034468,2025-04-29,BR039,TLR-3773,C503659,cash withdrawal,403.83,CAD
CA00029335,2025-04-30,BR014,TLR-2896,C503320,cash deposit,268.93,CAD
CA00033170,2025-04-26,BR033,TLR-8791,C500216,cash deposit,1319.59,CAD
CA00029494,2025-04-13,BR015,TLR-5094,C503473,cash withdrawal,1495.63,CAD
CA00031906,2025-04-22,BR027,TLR-4671,C501391,cash withdrawal,969.96,CAD
CA00028050,2025-04-10,BR007,TLR-7165,C500593,cash deposit,1076.09,CAD
CA00028343,2025-04-28,BR008,TLR-2709,C503389,cash deposit,443.06,CAD
CA00034796,2025-04-16,BR040,TLR-1122,C502621,cash deposit,498.68,CAD
CA00032812,2025-04-23,BR031,TLR-4239,C502442,cash withdrawal,753.79,CAD
CA00032746,2025-04-25,BR031,TLR-4971,C503510,cash withdrawal,5393.59,CAD
CA00030034,2025-04-30,BR017,TLR-3772,C502531,cash withdrawal,1760.47,CAD
CA00029391,2025-04-04,BR014,TLR-1610,C501877,cash deposit,610.59,CAD
CA00031368,2025-04-11,BR024,TLR-7093,C500284,cash deposit,1265.54,CAD
CA00028316,2025-04-01,BR008,TLR-6979,C501542,cash withdrawal,793.71,CAD
CA00027832,2025-04-02,BR006,TLR-3370,C500291,cash deposit,3463.37,CAD
CA00034248,2025-04-27,BR038,TLR-2775,C500475,cash deposit,1085.9,CAD
CA00030383,2025-04-27,BR019,TLR-9444,C501794,cash withdrawal,108.56,CAD
CA00034245,2025-04-13,BR038,TLR-4872,C500237,cash withdrawal,518.35,CAD
CA00034990,2025-04-20,BR040,TLR-5880,C502068,cash deposit,766.49,CAD
CA00027725,2025-04-29,BR006,TLR-3091,C503546,cash deposit,281.27,CAD
CA00030099,2025-04-09,BR017,TLR-7407,C502456,cash withdrawal,207.52,CAD
CA00027444,2025-04-24,BR004,TLR-4048,C501636,cash deposit,1975.38,CAD
CA00033053,2025-04-28,BR033,TLR-6143,C502211,cash deposit,913.84,CAD
CA00031790,2025-04-30,BR026,TLR-8370,C503289,cash withdrawal,-695.27,CAD
CA00035355,2025-04-17,BR040,TLR-1000,C503728,cash deposit,493.97,CAD
CA00027735,2025-04-24,BR006,TLR-8429,C503847,cash deposit,414.7,CAD
CA00033839,2025-04-09,BR036,TLR-7469,C503122,cash withdrawal,679.71,CAD
CA00030874,2025-04-20,BR021,TLR-8287,C501591,cash deposit,1478.21,CAD
CA00029513,2025-04-17,BR015,TLR-1200,C500762,cash withdrawal,1032.43,CAD
CA00032961,2025-04-17,BR032,TLR-9514,C502507,cash withdrawal,262.49,CAD
CA00032401,2025-04-03,BR030,TLR-6971,C501655,cash withdrawal,1355.06,CAD
CA00033428,2025-04-18,BR035,TLR-4388,C500007,cash deposit,856.69,CAD
CA00031370,2025-04-19,BR024,TLR-3187,C500789,cash deposit,1969.09,CAD
CA00029343,2025-04-02,BR014,TLR-9006,C500034,cash withdrawal,1957.5,CAD
CA00028765,2025-04-25,BR010,TLR-3977,C502813,cash deposit,1311.54,CAD
CA00032219,2025-04-12,BR029,TLR-6988,C501262,cash withdrawal,919.48,CAD
CA00035311,2025-04-20,BR040,TLR-9566,C500373,cash withdrawal,1584.42,CAD
CA00031052,2025-04-26,BR023,TLR-4046,C501234,cash deposit,260.58,CAD
CA00030589,2025-04-19,BR019,TLR-5003,C500888,cash withdrawal,710.93,CAD
CA00031624,2025-04-30,BR026,TLR-4312,C502438,cash withdrawal,-1084.7,CAD
CA00027368,2025-04-21,BR004,TLR-9432,C502279,cash deposit,903.9,CAD
CA00030559,2025-04-03,BR019,TLR-3219,C503435,cash withdrawal,1023.72,CAD
CA00029244,2025-04-23,BR014,TLR-6838,C503414,cash withdrawal,1438.79,CAD
CA00032541,2025-04-02,BR030,TLR-8730,C501575,cash deposit,356.09,CAD
CA00026708,2025-04-06,BR001,TLR-4968,C503814,cash deposit,529.44,CAD
CA00034114,2025-04-17,BR037,TLR-6785,C501681,cash withdrawal,1093.79,CAD
CA00033414,2025-04-22,BR035,TLR-4949,C501045,cash withdrawal,4835.28,CAD
CA00030228,2025-04-10,BR019,TLR-7514,C501079,cash deposit,672.32,CAD
CA00034824,2025-04-07,BR040,TLR-3805,C503214,cash withdrawal,739.41,CAD
CA00033576,2025-04-06,BR035,TLR-1646,C501619,cash withdrawal,1485.12,CAD
CA00031074,2025-04-28,BR023,TLR-9607,C502832,cash deposit,1275.76,CAD
CA00029044,2025-04-28,BR012,TLR-6586,C500807,cash deposit,276.44,CAD
CA00026957,2025-04-08,BR002,TLR-5911,C501604,cash deposit,720.31,CAD
CA00032608,2025-04-26,BR030,TLR-8633,C500159,cash deposit,3601.18,CAD
CA00030308,2025-04-14,BR019,TLR-4456,C500216,cash withdrawal,259.63,CAD
CA00029782,2025-04-13,BR016,TLR-1212,C501785,cash deposit,1697.53,CAD
CA00027567,2025-04-23,BR004,TLR-5944,C502512,cash withdrawal,3180.22,CAD
CA00029171,2025-04-17,BR014,TLR-7221,C503468,cash withdrawal,1485.08,CAD
CA00031683,2025-04-23,BR026,TLR-2632,C500577,cash deposit,694.74,CAD
CA00033643,2025-04-13,BR036,TLR-1086,C501864,cash deposit,502.53,CAD
CA00032114,2025-04-30,BR028,TLR-1614,C501206,cash deposit,634.78,CAD
CA00031601,2025-04-28,BR025,TLR-8444,C500960,cash withdrawal,-768.44,CAD
CA00028503,2025-04-04,BR009,TLR-9612,C501582,cash withdrawal,529.03,CAD
CA00026647,2025-04-10,BR001,TLR-5406,C503868,cash withdrawal,1020.03,CAD
CA00026878,2025-04-01,BR001,TLR-2933,C500118,cash withdrawal,1120.43,CAD
CA00031761,2025-04-30,BR026,TLR-8775,C502645,cash withdrawal,-1100.08,CAD
CA00028819,2025-04-18,BR011,TLR-9285,C502814,cash withdrawal,3727.17,CAD
CA00029951,2025-04-01,BR017,TLR-2477,C501479,cash deposit,439.86,CAD
CA00026859,2025-04-03,BR001,TLR-9456,C503437,cash deposit,1104.58,CAD
CA00032006,2025-04-20,BR027,TLR-7617,C501501,cash deposit,755.37,CAD
CA00032852,2025-04-21,BR031,TLR-5250,C500398,cash deposit,478.91,CAD
CA00026670,2025-04-05,BR001,TLR-2586,C500392,cash withdrawal,268.58,CAD
CA00027741,2025-04-17,BR006,TLR-8206,C501356,cash deposit,2085.43,CAD
CA00032125,2025-04-18,BR028,TLR-8190,C502073,cash withdrawal,1331.22,CAD
CA00028412,2025-04-29,BR008,TLR-9381,C500266,cash withdrawal,4130.33,CAD
CA00032581,2025-04-20,BR030,TLR-6661,C501907,cash deposit,798.91,CAD
CA00030353,2025-04-16,BR019,TLR-2547,C500468,cash deposit,944.46,CAD
CA00030636,2025-04-24,BR020,TLR-5848,C500397,cash withdrawal,107.91,USD
CA00029702,2025-04-24,BR016,TLR-4837,C500995,cash deposit,585.15,CAD
CA00032717,2025-04-12,BR031,TLR-6588,C500438,cash deposit,1050.18,CAD
CA00026887,2025-04-30,BR001,TLR-6092,C501089,cash withdrawal,839.51,CAD
CA00028480,2025-04-09,BR009,TLR-9957,C502948,cash deposit,462.13,CAD
CA00029147,2025-04-03,BR013,TLR-6803,C500474,cash withdrawal,301.33,CAD
CA00027353,2025-04-17,BR003,TLR-8681,C502408,cash withdrawal,2913.21,CAD
CA00035309,2025-04-15,BR040,TLR-8672,C502806,cash withdrawal,398.01,CAD
CA00031598,2025-04-04,BR025,TLR-1558,C502444,cash deposit,564.04,CAD
CA00030223,2025-04-24,BR018,TLR-1218,C500399,cash deposit,462.12,CAD
CA00033372,2025-04-17,BR035,TLR-6140,C500062,cash withdrawal,1422.38,CAD
CA00026907,2025-04-05,BR002,TLR-3523,C501591,cash withdrawal,-1995.57,CAD
CA00032242,2025-04-10,BR029,TLR-1949,C501606,cash deposit,509.52,CAD
CA00035215,2025-04-06,BR040,TLR-5149,C501881,cash deposit,728.63,CAD
CA00034972,2025-04-12,BR040,TLR-8659,C502589,cash withdrawal,3073.64,CAD
CA00034973,2025-04-17,BR040,TLR-4213,C502338,cash withdrawal,4602.74,CAD
CA00027660,2025-04-08,BR005,TLR-1468,C501226,cash withdrawal,536.0,CAD
CA00031044,2025-04-08,BR023,TLR-6366,C500951,cash withdrawal,665.58,CAD
CA00034806,2025-04-15,BR040,TLR-8043,C501095,cash deposit,946.93,CAD
CA00028265,2025-04-19,BR008,TLR-5303,C502342,cash deposit,257.34,CAD
CA00032494,2025-04-20,BR030,TLR-3624,C503776,cash withdrawal,2573.54,CAD
CA00029169,2025-04-11,BR014,TLR-5298,C500978,cash deposit,1154.26,CAD
CA00029290,2025-04-08,BR014,TLR-1287,C500271,cash withdrawal,495.67,CAD
CA00035151,2025-04-16,BR040,TLR-6008,C500778,cash withdrawal,2258.92,CAD
CA00030672,2025-04-03,BR020,TLR-4159,C501214,cash withdrawal,390.71,USD
CA00026942,2025-04-28,BR002,TLR-9543,C500407,cash deposit,587.22,CAD
CA00031595,2025-04-18,BR025,TLR-6784,C500255,cash withdrawal,-563.87,CAD
CA00031966,2025-04-30,BR027,TLR-1418,C500278,cash deposit,1266.56,CAD
CA00034686,2025-04-11,BR040,TLR-1297,C501535,cash deposit,529.95,CAD
CA00027121,2025-04-03,BR003,TLR-3091,C502919,cash withdrawal,1487.32,CAD
CA00034029,2025-04-27,BR037,TLR-6724,C502830,cash deposit,1597.04,CAD
CA00035186,2025-04-06,BR040,TLR-1338,C500150,cash deposit,1110.58,CAD
CA00033051,2025-04-26,BR033,TLR-7066,C503622,cash deposit,1398.81,CAD
CA00035094,2025-04-05,BR040,TLR-2650,C503290,cash deposit,1062.12,CAD
CA00027987,2025-04-04,BR007,TLR-5749,C500827,cash withdrawal,298.59,CAD
CA00033696,2025-04-16,BR036,TLR-9100,C503386,cash deposit,1030.48,CAD
CA00029771,2025-04-20,BR016,TLR-2258,C500672,cash deposit,873.36,CAD
CA00032944,2025-04-12,BR032,TLR-6334,C500472,cash deposit,723.2,CAD
CA00030712,2025-04-28,BR020,TLR-6269,C500607,cash withdrawal,399.92,USD
CA00034631,2025-04-17,BR040,TLR-1032,C501123,cash withdrawal,1074.54,CAD
CA00028137,2025-04-25,BR007,TLR-6809,C501991,cash deposit,2277.66,CAD
CA00030487,2025-04-12,BR019,TLR-9841,C500656,cash withdrawal,629.52,CAD
CA00030291,2025-04-29,BR019,TLR-2716,C502385,cash withdrawal,1426.17,CAD
CA00033192,2025-04-10,BR034,TLR-3728,C500296,cash deposit,1929.93,CAD
CA00031932,2025-04-19,BR027,TLR-3344,C503880,cash withdrawal,1381.19,CAD
CA00026979,2025-04-22,BR002,TLR-1375,C503220,cash deposit,1052.01,CAD
CA00034275,2025-04-02,BR038,TLR-3485,C500318,cash deposit,1581.77,CAD
CA00033517,2025-04-13,BR035,TLR-2335,C503871,cash deposit,517.61,CAD
CA00026778,2025-04-29,BR001,TLR-3517,C501054,cash deposit,519.92,CAD
CA00030709,2025-04-23,BR020,TLR-6838,C501672,cash deposit,2856.12,USD
CA00030784,2025-04-30,BR021,TLR-8150,C500072,cash deposit,836.94,CAD
CA00032980,2025-04-29,BR032,TLR-8620,C501141,cash withdrawal,702.33,CAD
CA00031635,2025-04-19,BR026,TLR-6574,C502563,cash deposit,1877.21,CAD
CA00033721,2025-04-28,BR036,TLR-6132,C502225,cash withdrawal,850.48,CAD
CA00029733,2025-04-18,BR016,TLR-9406,C503887,cash withdrawal,388.73,CAD
CA00032021,2025-04-20,BR027,TLR-4486,C501321,cash deposit,1319.55,CAD
CA00029617,2025-04-15,BR015,TLR-7593,C502247,cash deposit,2048.43,CAD
CA00033094,2025-04-12,BR033,TLR-9834,C503822,cash withdrawal,190.98,CAD
CA00033678,2025-04-17,BR036,TLR-4590,C503119,cash withdrawal,3281.9,CAD
CA00034014,2025-04-09,BR037,TLR-6527,C501642,cash deposit,1439.39,CAD
CA00026764,2025-04-03,BR001,TLR-3891,C501821,cash deposit,3127.55,CAD
CA00026725,2025-04-07,BR001,TLR-5670,C500906,cash withdrawal,857.64,CAD
CA00033298,2025-04-25,BR034,TLR-5007,C502236,cash deposit,1347.22,CAD
CA00035103,2025-04-06,BR040,TLR-9800,C500874,cash withdrawal,919.65,CAD
CA00029697,2025-04-30,BR016,TLR-5663,C500611,cash deposit,1123.39,CAD
CA00032787,2025-04-16,BR031,TLR-3459,C501698,cash withdrawal,2239.88,CAD
CA00027654,2025-04-07,BR005,TLR-4052,C503274,cash deposit,571.87,CAD
CA00031197,2025-04-15,BR024,TLR-2013,C500895,cash deposit,914.83,CAD
CA00032674,2025-04-16,BR031,TLR-4511,C500795,cash deposit,751.79,CAD
CA00030585,2025-04-02,BR019,TLR-4798,C501772,cash withdrawal,260.42,CAD
CA00033712,2025-04-17,BR036,TLR-6392,C500850,cash deposit,404.23,CAD
CA00026598,2025-04-06,BR001,TLR-5930,C500004,cash deposit,587.72,CAD
CA00034716,2025-04-14,BR040,TLR-6786,C502066,cash deposit,774.16,CAD
CA00032210,2025-04-22,BR029,TLR-4408,C501198,cash deposit,1835.68,CAD
CA00033380,2025-04-22,BR035,TLR-6296,C501591,cash withdrawal,2274.48,CAD
CA00026668,2025-04-06,BR001,TLR-5133,C503326,cash deposit,1469.23,CAD
CA00033459,2025-04-02,BR035,TLR-7338,C502933,cash deposit,5099.23,CAD
CA00031802,2025-04-07,BR026,TLR-6662,C500524,cash deposit,811.28,CAD
CA00033015,2025-04-18,BR032,TLR-8482,C500460,cash withdrawal,634.5,CAD
CA00034798,2025-04-29,BR040,TLR-7895,C503166,cash deposit,3225.13,CAD
CA00031244,2025-04-28,BR024,TLR-2109,C502031,cash withdrawal,759.79,CAD
CA00028266,2025-04-08,BR008,TLR-6744,C502109,cash withdrawal,1174.87,CAD
CA00028868,2025-04-27,BR012,TLR-7518,C502637,cash deposit,1337.45,CAD
CA00030934,2025-04-14,BR021,TLR-9320,C502370,cash deposit,445.5,CAD
CA00029362,2025-04-14,BR014,TLR-9483,C502359,cash withdrawal,377.41,CAD
CA00033071,2025-04-16,BR033,TLR-8823,C501587,cash deposit,488.65,CAD
CA00032873,2025-04-10,BR032,TLR-7596,C501203,cash withdrawal,815.64,CAD
CA00028102,2025-04-08,BR007,TLR-5449,C501778,cash deposit,1117.75,CAD
CA00032257,2025-04-24,BR029,TLR-3779,C503864,cash deposit,624.23,CAD
CA00032838,2025-04-12,BR031,TLR-6509,C502102,cash deposit,1096.7,CAD
CA00031179,2025-04-05,BR024,TLR-6198,C502868,cash deposit,315.22,CAD
CA00031612,2025-04-02,BR026,TLR-1130,C500635,cash deposit,207.04,CAD
CA00029919,2025-04-09,BR017,TLR-1231,C500798,cash deposit,1594.72,CAD
CA00035271,2025-04-22,BR040,TLR-9948,C501935,cash withdrawal,3870.69,CAD
CA00035162,2025-04-14,BR040,TLR-4196,C500538,cash deposit,1191.11,CAD
CA00032603,2025-04-21,BR030,TLR-7504,C503014,cash withdrawal,921.35,CAD
CA00027011,2025-04-12,BR002,TLR-6023,C500686,cash deposit,1762.91,CAD
CA00034282,2025-04-22,BR038,TLR-4241,C501504,cash withdrawal,911.53,CAD
CA00032832,2025-04-27,BR031,TLR-7659,C501269,cash deposit,645.3,CAD
CA00031432,2025-04-26,BR025,TLR-6409,C502859,cash deposit,780.72,CAD
CA00031890,2025-04-26,BR027,TLR-2229,C503288,cash withdrawal,207.03,CAD
CA00028427,2025-04-24,BR008,TLR-3856,C502297,cash withdrawal,471.51,CAD
CA00030943,2025-04-28,BR021,TLR-3062,C502267,cash deposit,3795.99,CAD
CA00032910,2025-04-07,BR032,TLR-3781,C501231,cash deposit,727.34,CAD
CA00029805,2025-04-02,BR016,TLR-4158,C500767,cash deposit,1409.38,CAD
CA00033116,2025-04-04,BR033,TLR-9736,C501390,cash deposit,1647.29,CAD
CA00033813,2025-04-17,BR036,TLR-8910,C501946,cash withdrawal,848.5,CAD
CA00027335,2025-04-17,BR003,TLR-5255,C503009,cash withdrawal,643.13,CAD
CA00029992,2025-04-10,BR017,TLR-4615,C502834,cash deposit,3436.33,CAD
CA00034289,2025-04-12,BR038,TLR-5982,C500662,cash withdrawal,1547.01,CAD
CA00028957,2025-04-01,BR012,TLR-4263,C501255,cash withdrawal,404.26,CAD
CA00034773,2025-04-18,BR040,TLR-2635,C503272,cash deposit,206.68,CAD
CA00030124,2025-04-03,BR018,TLR-3796,C502799,cash deposit,2723.09,CAD
CA00033151,2025-04-21,BR033,TLR-1786,C501650,cash deposit,1493.5,CAD
CA00034118,2025-04-12,BR037,TLR-5360,C500982,cash deposit,2788.67,CAD
CA00032154,2025-04-15,BR028,TLR-4131,C502031,cash deposit,1923.28,CAD
CA00029499,2025-04-12,BR015,TLR-7830,C502697,cash deposit,214.49,CAD
CA00031022,2025-04-01,BR023,TLR-3082,C503071,cash deposit,808.85,CAD
CA00033644,2025-04-26,BR036,TLR-3912,C501764,cash withdrawal,747.56,CAD
CA00028699,2025-04-30,BR010,TLR-7345,C500672,cash deposit,961.02,CAD
CA00032734,2025-04-22,BR031,TLR-4106,C500677,cash deposit,2712.93,CAD
CA00034361,2025-04-25,BR039,TLR-3940,C503500,cash withdrawal,970.67,CAD
CA00032605,2025-04-23,BR030,TLR-3259,C503720,cash withdrawal,1092.59,CAD
CA00032258,2025-04-10,BR029,TLR-2663,C500455,cash withdrawal,677.15,CAD
CA00033895,2025-04-08,BR036,TLR-4687,C503826,cash deposit,646.54,CAD
CA00030503,2025-04-07,BR019,TLR-1761,C501691,cash deposit,257.41,CAD
CA00034536,2025-04-06,BR039,TLR-2396,C503207,cash withdrawal,742.33,CAD
CA00030743,2025-04-08,BR020,TLR-5859,C501780,cash deposit,629.93,USD
CA00033909,2025-04-02,BR037,TLR-4729,C502221,cash withdrawal,503.36,CAD
CA00030206,2025-04-01,BR018,TLR-4005,C500463,cash deposit,2926.12,CAD
CA00033892,2025-04-06,BR036,TLR-3305,C500612,cash deposit,630.79,CAD
CA00035148,2025-04-26,BR040,TLR-8090,C500372,cash withdrawal,1024.06,CAD
CA00027651,2025-04-23,BR005,TLR-8085,C501436,cash deposit,3097.95,CAD
CA00029399,2025-04-15,BR015,TLR-8378,C502667,cash withdrawal,293.13,CAD
CA00029280,2025-04-09,BR014,TLR-4711,C503537,cash withdrawal,723.6,CAD
CA00034451,2025-04-30,BR039,TLR-2754,C503900,cash deposit,1328.96,CAD
CA00033319,2025-04-07,BR034,TLR-6985,C503142,cash deposit,2014.3,CAD
CA00028075,2025-04-27,BR007,TLR-2447,C500676,cash deposit,477.19,CAD
CA00027108,2025-04-23,BR002,TLR-7790,C501988,cash deposit,449.44,CAD
CA00028733,2025-04-20,BR010,TLR-6952,C502235,cash withdrawal,1296.39,CAD
CA00033258,2025-04-02,BR034,TLR-8982,C503401,cash withdrawal,536.02,CAD
CA00033768,2025-04-05,BR036,TLR-1340,C503851,cash deposit,916.54,CAD
CA00034758,2025-04-08,BR040,TLR-1396,C503025,cash withdrawal,829.74,CAD
CA00032718,2025-04-14,BR031,TLR-8636,C501151,cash deposit,649.17,CAD
CA00026932,2025-04-26,BR002,TLR-9910,C503980,cash deposit,2371.81,CAD
CA00026711,2025-04-03,BR001,TLR-9530,C503724,cash deposit,281.76,CAD
CA00027062,2025-04-23,BR002,TLR-5026,C501302,cash withdrawal,-603.89,CAD
CA00028183,2025-04-11,BR007,TLR-9930,C503274,cash deposit,1584.96,CAD
CA00032563,2025-04-24,BR030,TLR-8612,C501463,cash deposit,533.74,CAD
CA00026931,2025-04-01,BR002,TLR-8819,C501395,cash withdrawal,-803.85,CAD
CA00030659,2025-04-27,BR020,TLR-3998,C500023,cash deposit,220.52,USD
CA00032385,2025-04-14,BR030,TLR-1408,C503602,cash deposit,2163.92,CAD
CA00033785,2025-04-21,BR036,TLR-6410,C502315,cash withdrawal,3744.21,CAD
CA00032745,2025-04-01,BR031,TLR-5991,C501952,cash deposit,865.9,CAD
CA00027322,2025-04-22,BR003,TLR-3433,C500129,cash withdrawal,1594.47,CAD
CA00030360,2025-04-28,BR019,TLR-1821,C503774,cash deposit,832.06,CAD
CA00032880,2025-04-09,BR032,TLR-2521,C503421,cash deposit,348.96,CAD
CA00033574,2025-04-24,BR035,TLR-8567,C500063,cash deposit,1356.93,CAD
CA00029389,2025-04-12,BR014,TLR-5914,C502338,cash deposit,354.18,CAD
CA00027025,2025-04-05,BR002,TLR-5369,C500958,cash deposit,1176.54,CAD
CA00032549,2025-04-22,BR030,TLR-7886,C500886,cash deposit,795.59,CAD
CA00031938,2025-04-17,BR027,TLR-6535,C500328,cash deposit,1043.16,CAD
CA00026657,2025-04-26,BR001,TLR-9323,C501581,cash deposit,432.25,CAD
CA00027170,2025-04-03,BR003,TLR-5862,C502814,cash deposit,496.69,CAD
CA00032414,2025-04-04,BR030,TLR-1920,C500840,cash withdrawal,1814.02,CAD
CA00030107,2025-04-29,BR017,TLR-3848,C500967,cash withdrawal,526.6,CAD
CA00033163,2025-04-19,BR033,TLR-6836,C503256,cash withdrawal,2862.04,CAD
CA00031246,2025-04-05,BR024,TLR-1737,C501278,cash withdrawal,715.74,CAD
CA00028627,2025-04-04,BR010,TLR-5713,C500735,cash deposit,327.58,CAD
CA00033588,2025-04-01,BR036,TLR-1158,C502956,cash withdrawal,907.37,CAD
CA00030150,2025-04-11,BR018,TLR-8685,C503421,cash withdrawal,445.08,CAD
CA00028971,2025-04-25,BR012,TLR-4174,C500558,cash deposit,907.76,CAD
CA00033169,2025-04-25,BR033,TLR-7182,C503907,cash deposit,992.94,CAD
CA00027430,2025-04-27,BR004,TLR-3435,C503784,cash deposit,402.96,CAD
CA00034389,2025-04-07,BR039,TLR-7531,C503286,cash withdrawal,1301.41,CAD
CA00032423,2025-04-11,BR030,TLR-3137,C503977,cash deposit,1925.65,CAD
CA00031800,2025-04-14,BR026,TLR-8890,C502156,cash deposit,802.1,CAD
CA00028925,2025-04-14,BR012,TLR-7977,C503749,cash deposit,1557.83,CAD
CA00032222,2025-04-08,BR029,TLR-8740,C501164,cash deposit,6965.89,CAD
CA00028282,2025-04-19,BR008,TLR-4268,C501754,cash withdrawal,2697.59,CAD
CA00026917,2025-04-20,BR002,TLR-9036,C503498,cash deposit,1903.89,CAD
CA00032512,2025-04-05,BR030,TLR-2302,C502116,cash withdrawal,955.9,CAD
CA00034684,2025-04-22,BR040,TLR-1172,C502493,cash deposit,1236.92,CAD
CA00035382,2025-04-11,BR040,TLR-7345,C501866,cash deposit,375.98,CAD
CA00032249,2025-04-19,BR029,TLR-7866,C502629,cash withdrawal,1183.01,CAD
CA00029112,2025-04-26,BR013,TLR-6463,C503499,cash deposit,876.69,CAD
CA00034461,2025-04-16,BR039,TLR-3308,C500047,cash withdrawal,3904.63,CAD
CA00032413,2025-04-10,BR030,TLR-7437,C500126,cash withdrawal,801.01,CAD
CA00032308,2025-04-18,BR029,TLR-3953,C503502,cash deposit,2096.04,CAD
CA00032280,2025-04-10,BR029,TLR-4428,C500200,cash withdrawal,1016.7,CAD
CA00027852,2025-04-24,BR006,TLR-7725,C501413,cash withdrawal,575.93,CAD
CA00028538,2025-04-15,BR009,TLR-3487,C503128,cash withdrawal,482.88,CAD
CA00032807,2025-04-17,BR031,TLR-3496,C502021,cash withdrawal,2963.56,CAD
CA00032044,2025-04-02,BR027,TLR-1206,C503728,cash deposit,9837.2,CAD
CA00030519,2025-04-20,BR019,TLR-8716,C500645,cash deposit,772.74,CAD
CA00032184,2025-04-25,BR029,TLR-4629,C501878,cash deposit,284.57,CAD
CA00031011,2025-04-17,BR022,TLR-7581,C501377,cash deposit,2053.5,CAD
CA00029213,2025-04-29,BR014,TLR-8933,C503084,cash deposit,2759.23,CAD
CA00032080,2025-04-24,BR028,TLR-6072,C503022,cash withdrawal,1352.58,CAD
CA00033502,2025-04-26,BR035,TLR-6426,C502310,cash deposit,836.92,CAD
CA00026836,2025-04-20,BR001,TLR-8660,C503368,cash withdrawal,1189.4,CAD
CA00030226,2025-04-30,BR018,TLR-4769,C503100,cash deposit,3643.92,CAD
CA00029333,2025-04-27,BR014,TLR-4982,C501809,cash withdrawal,2015.84,CAD
CA00028917,2025-04-08,BR012,TLR-6446,C503523,cash deposit,471.18,CAD
CA00029368,2025-04-21,BR014,TLR-1389,C503836,cash deposit,378.58,CAD
CA00031151,2025-04-08,BR024,TLR-7904,C502086,cash withdrawal,650.25,CAD
CA00030876,2025-04-06,BR021,TLR-7151,C501108,cash withdrawal,1003.19,CAD
CA00026667,2025-04-10,BR001,TLR-9594,C502042,cash withdrawal,1735.43,CAD
CA00031929,2025-04-23,BR027,TLR-6048,C502631,cash deposit,154.85,CAD
CA00029475,2025-04-29,BR015,TLR-1737,C501050,cash deposit,963.09,CAD
CA00032566,2025-04-27,BR030,TLR-3267,C503576,cash deposit,708.59,CAD
CA00032803,2025-04-11,BR031,TLR-3262,C502863,cash deposit,215.14,CAD
CA00029623,2025-04-06,BR015,TLR-9816,C503683,cash deposit,2450.29,CAD
CA00029245,2025-04-09,BR014,TLR-1514,C503535,cash deposit,2395.24,CAD
CA00035314,2025-04-10,BR040,TLR-5351,C503914,cash deposit,777.38,CAD
CA00029225,2025-04-18,BR014,TLR-2365,C503388,cash deposit,473.94,CAD
CA00029405,2025-04-12,BR015,TLR-2496,C501705,cash deposit,3088.96,CAD
CA00034509,2025-04-01,BR039,TLR-5547,C502621,cash deposit,220.15,CAD
CA00027857,2025-04-13,BR006,TLR-8405,C502427,cash deposit,680.65,CAD
CA00032999,2025-04-03,BR032,TLR-9834,C503957,cash deposit,4676.22,CAD
CA00033620,2025-04-05,BR036,TLR-3946,C502523,cash deposit,1424.35,CAD
CA00034614,2025-04-21,BR040,TLR-4095,C503892,cash deposit,2845.33,CAD
CA00032810,2025-04-18,BR031,TLR-2979,C502713,cash deposit,1183.14,CAD
CA00028293,2025-04-22,BR008,TLR-8029,C503846,cash deposit,3121.81,CAD
CA00030375,2025-04-21,BR019,TLR-5484,C501403,cash withdrawal,2633.54,CAD
CA00028652,2025-04-24,BR010,TLR-6652,C500436,cash deposit,1124.51,CAD
CA00032254,2025-04-14,BR029,TLR-4067,C503104,cash deposit,402.96,CAD
CA00032311,2025-04-06,BR029,TLR-7146,C502138,cash deposit,1737.84,CAD
CA00034381,2025-04-11,BR039,TLR-1219,C503413,cash withdrawal,121.05,CAD
CA00031946,2025-04-10,BR027,TLR-6285,C502477,cash withdrawal,2003.65,CAD
CA00028553,2025-04-13,BR009,TLR-2599,C503117,cash deposit,309.2,CAD
CA00030137,2025-04-09,BR018,TLR-3749,C502009,cash withdrawal,628.4,CAD
CA00033503,2025-04-21,BR035,TLR-4189,C500404,cash deposit,1290.43,CAD
CA00032849,2025-04-10,BR031,TLR-5258,C501733,cash withdrawal,417.18,CAD
CA00034729,2025-04-28,BR040,TLR-9445,C502773,cash withdrawal,437.99,CAD
CA00031860,2025-04-27,BR026,TLR-6734,C501698,cash withdrawal,-731.24,CAD
CA00034232,2025-04-17,BR038,TLR-9797,C500944,cash withdrawal,1114.02,CAD
CA00029329,2025-04-07,BR014,TLR-9339,C503598,cash withdrawal,957.26,CAD
CA00028017,2025-04-16,BR007,TLR-4659,C503893,cash withdrawal,1769.39,CAD
CA00027328,2025-04-27,BR003,TLR-2086,C500046,cash deposit,1477.79,CAD
CA00029188,2025-04-06,BR014,TLR-7166,C501690,cash withdrawal,712.23,CAD
CA00034267,2025-04-28,BR038,TLR-5920,C502236,cash withdrawal,515.87,CAD
CA00031528,2025-04-28,BR025,TLR-7564,C503774,cash deposit,2578.62,CAD
CA00032841,2025-04-11,BR031,TLR-8213,C502956,cash withdrawal,895.78,CAD
CA00032524,2025-04-17,BR030,TLR-6629,C501513,cash deposit,223.74,CAD
CA00027678,2025-04-28,BR005,TLR-9299,C503034,cash withdrawal,306.28,CAD
CA00030042,2025-04-24,BR017,TLR-7532,C501639,cash withdrawal,1126.94,CAD
CA00033666,2025-04-20,BR036,TLR-6652,C502438,cash deposit,275.84,CAD
CA00030624,2025-04-08,BR020,TLR-8059,C501709,cash withdrawal,829.54,USD
CA00026814,2025-04-12,BR001,TLR-7902,C502031,cash deposit,814.62,CAD
CA00028604,2025-04-12,BR010,TLR-2798,C502601,cash withdrawal,1788.82,CAD
CA00027795,2025-04-27,BR006,TLR-5377,C500652,cash deposit,1058.69,CAD
CA00034587,2025-04-12,BR039,TLR-3947,C501409,cash withdrawal,270.48,CAD
CA00027646,2025-04-13,BR005,TLR-5200,C502515,cash deposit,1628.71,CAD
CA00027313,2025-04-17,BR003,TLR-1649,C503572,cash deposit,2119.57,CAD
CA00029933,2025-04-19,BR017,TLR-9678,C502132,cash deposit,2572.73,CAD
CA00029652,2025-04-29,BR015,TLR-9363,C502414,cash withdrawal,1054.9,CAD
CA00026832,2025-04-07,BR001,TLR-6346,C500074,cash deposit,1097.79,CAD
CA00027126,2025-04-21,BR003,TLR-3421,C503711,cash deposit,499.93,CAD
CA00034391,2025-04-11,BR039,TLR-2505,C502408,cash deposit,1295.05,CAD
CA00027776,2025-04-11,BR006,TLR-9804,C503322,cash deposit,3354.79,CAD
CA00032127,2025-04-21,BR028,TLR-3496,C501005,cash withdrawal,1223.01,CAD
CA00031058,2025-04-22,BR023,TLR-4915,C501273,cash deposit,1501.13,CAD
CA00030889,2025-04-19,BR021,TLR-4355,C502994,cash deposit,2081.58,CAD
CA00028810,2025-04-12,BR011,TLR-1736,C500817,cash withdrawal,1839.74,CAD
CA00034940,2025-04-21,BR040,TLR-8317,C501085,cash withdrawal,2203.22,CAD
CA00030386,2025-04-24,BR019,TLR-5940,C502347,cash deposit,1601.45,CAD
CA00030990,2025-04-12,BR022,TLR-9960,C501101,cash withdrawal,757.28,CAD
CA00032903,2025-04-15,BR032,TLR-4155,C503144,cash withdrawal,1063.31,CAD
CA00033956,2025-04-03,BR037,TLR-4774,C501279,cash withdrawal,1171.14,CAD
CA00033147,2025-04-09,BR033,TLR-5337,C501268,cash deposit,578.89,CAD
CA00032860,2025-04-20,BR031,TLR-5635,C503360,cash withdrawal,536.37,CAD
CA00033578,2025-04-02,BR036,TLR-8458,C502836,cash deposit,1906.98,CAD
CA00027830,2025-04-02,BR006,TLR-7254,C503082,cash deposit,406.11,CAD
CA00032055,2025-04-14,BR028,TLR-4131,C500826,cash deposit,1415.53,CAD
CA00026809,2025-04-08,BR001,TLR-7501,C502650,cash deposit,784.82,CAD
CA00026958,2025-04-04,BR002,TLR-6515,C503507,cash deposit,540.99,CAD
CA00033353,2025-04-20,BR035,TLR-8471,C500043,cash withdrawal,597.41,CAD
CA00032556,2025-04-01,BR030,TLR-6491,C501862,cash withdrawal,1317.85,CAD
CA00027805,2025-04-16,BR006,TLR-2610,C500771,cash deposit,249.32,CAD
CA00029427,2025-04-16,BR015,TLR-6113,C500665,cash withdrawal,2577.22,CAD
CA00028684,2025-04-02,BR010,TLR-8748,C500391,cash deposit,285.88,CAD
CA00030488,2025-04-30,BR019,TLR-5133,C500614,cash withdrawal,2277.6,CAD
CA00031284,2025-04-24,BR024,TLR-3557,C502974,cash deposit,986.95,CAD
CA00031805,2025-04-04,BR026,TLR-5359,C503670,cash deposit,1265.43,CAD
CA00031516,2025-04-02,BR025,TLR-4230,C503889,cash deposit,253.56,CAD
CA00027035,2025-04-14,BR002,TLR-2111,C500209,cash withdrawal,-259.92,CAD
CA00030602,2025-04-29,BR020,TLR-8095,C503196,cash deposit,1633.55,USD
CA00034610,2025-04-01,BR040,TLR-9127,C502676,cash withdrawal,4356.21,CAD
CA00029433,2025-04-21,BR015,TLR-2857,C500110,cash withdrawal,1090.94,CAD
CA00034053,2025-04-04,BR037,TLR-9414,C503987,cash withdrawal,2047.44,CAD
CA00033686,2025-04-20,BR036,TLR-1045,C503114,cash withdrawal,3207.59,CAD
CA00031134,2025-04-30,BR024,TLR-3014,C500165,cash withdrawal,4282.74,CAD
CA00029178,2025-04-24,BR014,TLR-9687,C503912,cash deposit,737.08,CAD
CA00033865,2025-04-27,BR036,TLR-1123,C501208,cash withdrawal,1114.13,CAD
CA00033847,2025-04-28,BR036,TLR-2575,C501150,cash withdrawal,1271.96,CAD
CA00035393,2025-04-16,BR040,TLR-9335,C502790,cash deposit,944.36,CAD
CA00028396,2025-04-18,BR008,TLR-7095,C501314,cash deposit,1363.48,CAD
CA00035242,2025-04-01,BR040,TLR-5017,C503525,cash withdrawal,981.64,CAD
CA00028115,2025-04-19,BR007,TLR-5779,C500457,cash deposit,1400.07,CAD
CA00034336,2025-04-08,BR038,TLR-4269,C503127,cash deposit,675.82,CAD
CA00030198,2025-04-27,BR018,TLR-9453,C501320,cash withdrawal,2608.37,CAD
CA00033951,2025-04-20,BR037,TLR-5009,C501104,cash withdrawal,367.58,CAD
CA00029053,2025-04-09,BR012,TLR-9622,C500196,cash withdrawal,2683.51,CAD
CA00029342,2025-04-08,BR014,TLR-7760,C503753,cash deposit,2712.69,CAD
CA00033267,2025-04-19,BR034,TLR-4885,C500056,cash deposit,1047.94,CAD
CA00032161,2025-04-04,BR028,TLR-1630,C503992,cash deposit,2544.68,CAD
CA00032638,2025-04-07,BR031,TLR-6546,C500573,cash deposit,434.65,CAD
CA00029973,2025-04-12,BR017,TLR-6324,C503671,cash deposit,328.57,CAD
CA00034487,2025-04-22,BR039,TLR-4064,C500435,cash deposit,989.28,CAD
CA00034239,2025-04-12,BR038,TLR-9078,C502320,cash deposit,2016.5,CAD
CA00029635,2025-04-20,BR015,TLR-4196,C501745,cash withdrawal,984.12,CAD
CA00033881,2025-04-11,BR036,TLR-8739,C500776,cash withdrawal,1607.58,CAD
CA00028914,2025-04-08,BR012,TLR-4146,C503749,cash withdrawal,416.69,CAD
CA00031131,2025-04-18,BR024,TLR-4113,C502287,cash withdrawal,197.28,CAD
CA00034879,2025-04-16,BR040,TLR-8314,C503701,cash withdrawal,658.97,CAD
CA00034079,2025-04-02,BR037,TLR-2078,C503565,cash deposit,924.72,CAD
CA00035142,2025-04-23,BR040,TLR-6001,C500215,cash withdrawal,1259.06,CAD
CA00028755,2025-04-09,BR010,TLR-1278,C503245,cash withdrawal,714.27,CAD
CA00027079,2025-04-29,BR002,TLR-4752,C502330,cash deposit,633.0,CAD
CA00030005,2025-04-06,BR017,TLR-7069,C503814,cash deposit,2590.75,CAD
CA00030148,2025-04-27,BR018,TLR-7582,C501124,cash withdrawal,1456.31,CAD
CA00028098,2025-04-15,BR007,TLR-7156,C502599,cash deposit,389.26,CAD
CA00030765,2025-04-02,BR020,TLR-1679,C501820,cash withdrawal,373.33,USD
CA00030904,2025-04-04,BR021,TLR-3437,C503964,cash withdrawal,1656.25,CAD
CA00029434,2025-04-19,BR015,TLR-5661,C502230,cash deposit,1288.25,CAD
CA00031733,2025-04-14,BR026,TLR-6571,C502431,cash withdrawal,-345.88,CAD
CA00034511,2025-04-08,BR039,TLR-9308,C500651,cash withdrawal,864.32,CAD
CA00033055,2025-04-26,BR033,TLR-4305,C500804,cash deposit,1123.69,CAD
CA00029500,2025-04-20,BR015,TLR-4441,C501306,cash deposit,1032.76,CAD
CA00027827,2025-04-02,BR006,TLR-5608,C501439,cash deposit,902.72,CAD
CA00029569,2025-04-15,BR015,TLR-8030,C503854,cash deposit,2025.62,CAD
CA00029423,2025-04-30,BR015,TLR-1935,C501117,cash withdrawal,3167.33,CAD
CA00029138,2025-04-09,BR013,TLR-2318,C501545,cash withdrawal,934.9,CAD
CA00032411,2025-04-15,BR030,TLR-2084,C502656,cash deposit,2679.3,CAD
CA00027318,2025-04-01,BR003,TLR-6353,C501853,cash withdrawal,715.94,CAD
CA00035211,2025-04-30,BR040,TLR-1941,C503109,cash deposit,1813.31,CAD
CA00027820,2025-04-19,BR006,TLR-7096,C501973,cash withdrawal,224.74,CAD
CA00027936,2025-04-23,BR006,TLR-1900,C502458,cash withdrawal,1643.55,CAD
CA00032369,2025-04-17,BR030,TLR-6810,C501450,cash withdrawal,1188.77,CAD
CA00028373,2025-04-29,BR008,TLR-6315,C500488,cash withdrawal,1614.21,CAD
CA00028661,2025-04-08,BR010,TLR-4796,C500227,cash deposit,568.61,CAD
CA00031661,2025-04-24,BR026,TLR-8518,C502361,cash withdrawal,-115.49,CAD
CA00030227,2025-04-18,BR018,TLR-2890,C501445,cash deposit,544.63,CAD
CA00029162,2025-04-14,BR013,TLR-3951,C501554,cash deposit,359.56,CAD
CA00029048,2025-04-29,BR012,TLR-7319,C500707,cash deposit,778.08,CAD
CA00031548,2025-04-17,BR025,TLR-5280,C503705,cash deposit,1009.85,CAD
CA00030188,2025-04-05,BR018,TLR-5184,C500147,cash withdrawal,1506.89,CAD
CA00034595,2025-04-23,BR039,TLR-2756,C501912,cash deposit,202.35,CAD
CA00027592,2025-04-27,BR004,TLR-4743,C500850,cash withdrawal,851.41,CAD
CA00031466,2025-04-07,BR025,TLR-6566,C502732,cash deposit,693.89,CAD
CA00031480,2025-04-08,BR025,TLR-8964,C501523,cash deposit,1932.5,CAD
CA00029803,2025-04-11,BR016,TLR-2949,C500238,cash withdrawal,919.64,CAD
CA00026669,2025-04-17,BR001,TLR-4313,C502905,cash deposit,509.42,CAD
CA00035345,2025-04-14,BR040,TLR-2672,C503901,cash withdrawal,3744.66,CAD
CA00033095,2025-04-22,BR033,TLR-7933,C503867,cash deposit,1581.32,CAD
CA00030605,2025-04-15,BR020,TLR-8686,C502571,cash withdrawal,558.27,USD
CA00029316,2025-04-29,BR014,TLR-9600,C501278,cash withdrawal,1103.6,CAD
CA00030834,2025-04-28,BR021,TLR-3143,C503575,cash deposit,1046.73,CAD
CA00029746,2025-04-17,BR016,TLR-3725,C503294,cash withdrawal,903.66,CAD
CA00032381,2025-04-21,BR030,TLR-2782,C502094,cash deposit,743.23,CAD
CA00033143,2025-04-13,BR033,TLR-2359,C503547,cash deposit,1777.61,CAD
CA00034859,2025-04-30,BR040,TLR-8836,C502518,cash withdrawal,1549.83,CAD
CA00030967,2025-04-06,BR022,TLR-3242,C501712,cash deposit,8100.93,CAD
CA00032896,2025-04-20,BR032,TLR-4836,C502006,cash deposit,556.89,CAD
CA00029615,2025-04-27,BR015,TLR-4682,C501506,cash deposit,718.55,CAD
CA00027276,2025-04-26,BR003,TLR-8562,C503240,cash deposit,2448.17,CAD
CA00028985,2025-04-19,BR012,TLR-2528,C500508,cash withdrawal,546.51,CAD
CA00031512,2025-04-08,BR025,TLR-7261,C502595,cash withdrawal,-785.21,CAD
CA00028234,2025-04-15,BR008,TLR-4340,C500406,cash withdrawal,1650.29,CAD
CA00033105,2025-04-28,BR033,TLR-9469,C502075,cash withdrawal,1798.75,CAD
CA00032928,2025-04-04,BR032,TLR-5791,C500354,cash withdrawal,345.05,CAD
CA00033389,2025-04-04,BR035,TLR-8575,C500056,cash deposit,485.96,CAD
CA00030838,2025-04-05,BR021,TLR-7828,C503724,cash withdrawal,1128.39,CAD
CA00029187,2025-04-01,BR014,TLR-8318,C500557,cash withdrawal,720.64,CAD
CA00033304,2025-04-23,BR034,TLR-4759,C501305,cash withdrawal,1095.92,CAD
CA00029972,2025-04-07,BR017,TLR-2063,C503175,cash withdrawal,432.67,CAD
CA00030298,2025-04-20,BR019,TLR-1480,C501230,cash withdrawal,411.82,CAD
CA00034180,2025-04-16,BR038,TLR-5657,C500592,cash deposit,3560.23,CAD
CA00033514,2025-04-08,BR035,TLR-7969,C501646,cash withdrawal,813.61,CAD
CA00032935,2025-04-29,BR032,TLR-3391,C500559,cash withdrawal,472.9,CAD
CA00029748,2025-04-19,BR016,TLR-7265,C502035,cash withdrawal,1334.87,CAD
CA00032982,2025-04-16,BR032,TLR-2165,C501279,cash withdrawal,2332.82,CAD
CA00031705,2025-04-20,BR026,TLR-6525,C501983,cash withdrawal,-1198.31,CAD
CA00032063,2025-04-25,BR028,TLR-4497,C501625,cash withdrawal,3380.95,CAD
CA00026586,2025-04-21,BR001,TLR-1849,C503242,cash withdrawal,1011.51,CAD
CA00029246,2025-04-27,BR014,TLR-1480,C501580,cash deposit,530.42,CAD
CA00033213,2025-04-01,BR034,TLR-9551,C503232,cash deposit,2838.09,CAD
CA00027937,2025-04-06,BR006,TLR-7679,C501195,cash deposit,1249.96,CAD
CA00028297,2025-04-01,BR008,TLR-1906,C503177,cash deposit,1543.63,CAD
CA00030189,2025-04-29,BR018,TLR-4246,C502889,cash deposit,1673.28,CAD
CA00032389,2025-04-21,BR030,TLR-9709,C502905,cash withdrawal,1696.2,CAD
CA00030199,2025-04-19,BR018,TLR-8967,C502132,cash withdrawal,1331.96,CAD
CA00034914,2025-04-22,BR040,TLR-2376,C502188,cash deposit,408.99,CAD
CA00029536,2025-04-20,BR015,TLR-8249,C501648,cash withdrawal,1503.07,CAD
CA00035339,2025-04-27,BR040,TLR-3446,C500599,cash withdrawal,485.38,CAD
CA00031156,2025-04-25,BR024,TLR-5055,C500434,cash deposit,525.58,CAD
CA00029000,2025-04-06,BR012,TLR-9547,C503424,cash withdrawal,815.88,CAD
CA00026969,2025-04-16,BR002,TLR-8852,C500272,cash withdrawal,-949.14,CAD
CA00033231,2025-04-19,BR034,TLR-8763,C502810,cash withdrawal,1472.86,CAD
CA00027468,2025-04-14,BR004,TLR-3969,C502423,cash withdrawal,468.31,CAD
CA00030296,2025-04-04,BR019,TLR-4549,C501317,cash deposit,1284.73,CAD
CA00026813,2025-04-21,BR001,TLR-2942,C501558,cash deposit,1355.65,CAD
CA00026782,2025-04-08,BR001,TLR-9490,C501126,cash deposit,125.88,CAD
CA00033322,2025-04-25,BR034,TLR-5898,C502213,cash withdrawal,654.22,CAD
CA00030806,2025-04-16,BR021,TLR-5361,C503596,cash withdrawal,6207.32,CAD
CA00035018,2025-04-12,BR040,TLR-1393,C500926,cash withdrawal,384.32,CAD
CA00030780,2025-04-03,BR021,TLR-2912,C502315,cash withdrawal,781.24,CAD
CA00029528,2025-04-08,BR015,TLR-8998,C502874,cash deposit,761.51,CAD
CA00034717,2025-04-13,BR040,TLR-5640,C501109,cash deposit,1143.32,CAD
CA00034893,2025-04-29,BR040,TLR-1871,C503239,cash deposit,361.97,CAD
CA00028648,2025-04-09,BR010,TLR-2773,C501821,cash withdrawal,241.29,CAD
CA00027156,2025-04-05,BR003,TLR-4442,C502095,cash withdrawal,1664.63,CAD
CA00035030,2025-04-21,BR040,TLR-6693,C503946,cash deposit,642.61,CAD
CA00032934,2025-04-10,BR032,TLR-1516,C503272,cash withdrawal,2352.92,CAD
CA00030713,2025-04-24,BR020,TLR-9809,C503359,cash deposit,1039.7,USD
CA00029488,2025-04-28,BR015,TLR-5558,C503025,cash deposit,427.19,CAD
CA00029183,2025-04-18,BR014,TLR-5451,C503317,cash deposit,4376.22,CAD
CA00034316,2025-04-02,BR038,TLR-1556,C503714,cash deposit,1405.18,CAD
CA00027171,2025-04-30,BR003,TLR-4855,C500248,cash deposit,1925.54,CAD
CA00032368,2025-04-03,BR030,TLR-2683,C503323,cash withdrawal,1120.18,CAD
CA00031817,2025-04-08,BR026,TLR-7097,C501133,cash deposit,815.05,CAD
CA00028404,2025-04-20,BR008,TLR-5832,C501114,cash withdrawal,2267.68,CAD
CA00031965,2025-04-17,BR027,TLR-2609,C502008,cash deposit,489.31,CAD
CA00033214,2025-04-28,BR034,TLR-4497,C502014,cash deposit,1171.63,CAD
CA00027607,2025-04-14,BR004,TLR-1475,C502235,cash deposit,1214.84,CAD
CA00033451,2025-04-07,BR035,TLR-5782,C500810,cash withdrawal,1069.18,CAD
CA00035061,2025-04-17,BR040,TLR-8839,C502532,cash withdrawal,1165.82,CAD
CA00034313,2025-04-28,BR038,TLR-1938,C500863,cash deposit,1309.37,CAD
CA00028378,2025-04-27,BR008,TLR-7013,C501224,cash withdrawal,3269.89,CAD
CA00034819,2025-04-05,BR040,TLR-3947,C500875,cash deposit,722.35,CAD
CA00035343,2025-04-27,BR040,TLR-4637,C502702,cash withdrawal,1585.3,CAD
CA00033859,2025-04-19,BR036,TLR-1659,C503422,cash withdrawal,625.85,CAD
CA00028727,2025-04-19,BR010,TLR-9375,C502286,cash withdrawal,301.86,CAD
CA00031553,2025-04-02,BR025,TLR-5594,C503706,cash deposit,2555.68,CAD
CA00034980,2025-04-28,BR040,TLR-1766,C501436,cash withdrawal,475.38,CAD
CA00030931,2025-04-11,BR021,TLR-2065,C501109,cash withdrawal,703.78,CAD
CA00030959,2025-04-20,BR022,TLR-9243,C500923,cash deposit,1463.33,CAD
CA00028259,2025-04-08,BR008,TLR-3520,C500835,cash deposit,663.61,CAD
CA00029331,2025-04-02,BR014,TLR-1130,C500390,cash deposit,895.61,CAD
CA00027778,2025-04-19,BR006,TLR-2293,C500354,cash deposit,318.9,CAD
CA00033474,2025-04-15,BR035,TLR-9171,C501906,cash deposit,1681.87,CAD
CA00027948,2025-04-19,BR006,TLR-8818,C500625,cash deposit,934.65,CAD
CA00027296,2025-04-28,BR003,TLR-5887,C503432,cash deposit,419.47,CAD
CA00029001,2025-04-05,BR012,TLR-7744,C500312,cash withdrawal,1950.6,CAD
CA00026902,2025-04-28,BR002,TLR-5797,C503322,cash withdrawal,-418.32,CAD
CA00027784,2025-04-23,BR006,TLR-4667,C502079,cash withdrawal,753.34,CAD
CA00034574,2025-04-12,BR039,TLR-2836,C503683,cash withdrawal,1402.82,CAD
CA00032667,2025-04-16,BR031,TLR-1782,C500267,cash deposit,1500.74,CAD
CA00027178,2025-04-09,BR003,TLR-8286,C501645,cash deposit,1104.35,CAD
CA00027128,2025-04-20,BR003,TLR-7450,C503365,cash withdrawal,597.92,CAD
CA00030347,2025-04-08,BR019,TLR-5129,C503390,cash withdrawal,1351.45,CAD
CA00031166,2025-04-25,BR024,TLR-5064,C503821,cash deposit,720.6,CAD
CA00031188,2025-04-02,BR024,TLR-2403,C500934,cash withdrawal,2167.47,CAD
CA00030828,2025-04-05,BR021,TLR-4856,C500142,cash deposit,1257.6,CAD
CA00030735,2025-04-08,BR020,TLR-1057,C500485,cash deposit,2129.66,USD
CA00032637,2025-04-22,BR031,TLR-5345,C501275,cash withdrawal,537.38,CAD
CA00027347,2025-04-17,BR003,TLR-9052,C502651,cash deposit,1825.24,CAD
CA00030703,2025-04-30,BR020,TLR-3370,C501981,cash deposit,951.29,USD
CA00031358,2025-04-30,BR024,TLR-3986,C501118,cash deposit,1881.95,CAD
CA00031293,2025-04-14,BR024,TLR-5464,C502458,cash deposit,1739.23,CAD
CA00032520,2025-04-21,BR030,TLR-4845,C503376,cash withdrawal,248.32,CAD
CA00032698,2025-04-24,BR031,TLR-8930,C502740,cash withdrawal,1052.94,CAD
CA00027517,2025-04-10,BR004,TLR-4683,C501405,cash deposit,435.83,CAD
CA00033325,2025-04-05,BR034,TLR-1282,C500040,cash withdrawal,863.29,CAD
CA00032624,2025-04-09,BR031,TLR-1568,C503868,cash deposit,651.06,CAD
CA00034421,2025-04-08,BR039,TLR-4579,C501096,cash deposit,568.43,CAD
CA00032703,2025-04-23,BR031,TLR-3882,C503193,cash deposit,886.72,CAD
CA00032164,2025-04-18,BR028,TLR-3210,C503791,cash deposit,886.32,CAD
CA00032330,2025-04-21,BR030,TLR-1904,C501803,cash deposit,350.0,CAD
CA00028568,2025-04-06,BR009,TLR-7754,C502417,cash withdrawal,2103.48,CAD
CA00033486,2025-04-07,BR035,TLR-2343,C500901,cash deposit,4271.5,CAD
CA00029201,2025-04-24,BR014,TLR-5105,C501898,cash withdrawal,1355.74,CAD
CA00034199,2025-04-16,BR038,TLR-3012,C503356,cash deposit,390.07,CAD
CA00031699,2025-04-26,BR026,TLR-4925,C503435,cash withdrawal,-1398.86,CAD
CA00030639,2025-04-21,BR020,TLR-5293,C501685,cash deposit,2796.0,USD
CA00034788,2025-04-05,BR040,TLR-8437,C502250,cash withdrawal,688.58,CAD
CA00027225,2025-04-07,BR003,TLR-1340,C502508,cash withdrawal,544.83,CAD
CA00033068,2025-04-02,BR033,TLR-3908,C502729,cash deposit,739.43,CAD
CA00027379,2025-04-05,BR004,TLR-2250,C501015,cash deposit,1377.75,CAD
CA00026731,2025-04-18,BR001,TLR-5498,C503410,cash deposit,1317.29,CAD
CA00029589,2025-04-07,BR015,TLR-6672,C503472,cash deposit,1093.17,CAD
CA00028169,2025-04-12,BR007,TLR-4837,C503146,cash deposit,345.43,CAD
CA00026584,2025-04-11,BR001,TLR-7670,C501357,cash deposit,446.16,CAD
CA00029651,2025-04-21,BR015,TLR-6762,C503199,cash deposit,1228.69,CAD
CA00031667,2025-04-10,BR026,TLR-7302,C500469,cash withdrawal,-640.49,CAD
CA00027712,2025-04-07,BR006,TLR-1948,C503793,cash deposit,2885.36,CAD
CA00031857,2025-04-14,BR026,TLR-8317,C503807,cash withdrawal,-1788.51,CAD
CA00030903,2025-04-17,BR021,TLR-5165,C501388,cash withdrawal,272.7,CAD
CA00029990,2025-04-27,BR017,TLR-5970,C500575,cash withdrawal,3952.71,CAD
CA00033991,2025-04-12,BR037,TLR-1026,C502725,cash deposit,1000.4,CAD
CA00027332,2025-04-04,BR003,TLR-7461,C501970,cash withdrawal,145.52,CAD
CA00028180,2025-04-13,BR007,TLR-6547,C503673,cash deposit,911.47,CAD
CA00027799,2025-04-07,BR006,TLR-5169,C503282,cash deposit,4580.81,CAD
CA00033633,2025-04-11,BR036,TLR-2941,C502547,cash withdrawal,491.17,CAD
CA00030177,2025-04-24,BR018,TLR-8729,C503894,cash deposit,928.65,CAD
CA00030105,2025-04-11,BR017,TLR-5865,C502237,cash withdrawal,375.1,CAD
CA00027996,2025-04-05,BR007,TLR-8487,C500214,cash deposit,3686.28,CAD
CA00031259,2025-04-07,BR024,TLR-8092,C500960,cash withdrawal,1272.97,CAD
CA00032991,2025-04-07,BR032,TLR-7152,C501152,cash deposit,697.64,CAD
CA00026791,2025-04-23,BR001,TLR-7270,C503563,cash deposit,1387.03,CAD
CA00032329,2025-04-14,BR030,TLR-3447,C500641,cash withdrawal,1543.98,CAD
CA00026672,2025-04-26,BR001,TLR-4008,C500554,cash deposit,1830.71,CAD
CA00027637,2025-04-11,BR005,TLR-1183,C502003,cash deposit,586.05,CAD
CA00027181,2025-04-15,BR003,TLR-1827,C503651,cash deposit,658.03,CAD
CA00032912,2025-04-02,BR032,TLR-5939,C503759,cash withdrawal,1058.41,CAD
CA00029383,2025-04-17,BR014,TLR-4460,C501593,cash deposit,1332.48,CAD
CA00034415,2025-04-19,BR039,TLR-2874,C501359,cash withdrawal,1090.36,CAD
CA00031554,2025-04-06,BR025,TLR-2555,C501926,cash deposit,691.64,CAD
CA00035173,2025-04-11,BR040,TLR-5818,C502854,cash deposit,1312.18,CAD
CA00028764,2025-04-29,BR010,TLR-6027,C502835,cash deposit,802.16,CAD
CA00026606,2025-04-06,BR001,TLR-6620,C503019,cash withdrawal,1218.28,CAD
CA00032811,2025-04-05,BR031,TLR-3578,C501787,cash deposit,379.23,CAD
CA00029788,2025-04-16,BR016,TLR-7838,C503967,cash withdrawal,666.34,CAD
CA00028842,2025-04-10,BR011,TLR-9228,C502439,cash withdrawal,1521.99,CAD
CA00029388,2025-04-01,BR014,TLR-8644,C500482,cash deposit,282.27,CAD
CA00033969,2025-04-11,BR037,TLR-2680,C503820,cash deposit,3187.69,CAD
CA00028465,2025-04-09,BR009,TLR-6210,C502088,cash deposit,1085.08,CAD
CA00034623,2025-04-27,BR040,TLR-2759,C500450,cash deposit,4566.49,CAD
CA00030396,2025-04-15,BR019,TLR-2701,C503597,cash deposit,697.31,CAD
CA00030737,2025-04-19,BR020,TLR-4682,C500915,cash deposit,1080.2,USD
CA00034044,2025-04-03,BR037,TLR-1075,C501680,cash deposit,679.98,CAD
CA00031337,2025-04-19,BR024,TLR-1543,C502157,cash withdrawal,568.82,CAD
CA00032193,2025-04-01,BR029,TLR-2849,C501915,cash withdrawal,2389.52,CAD
CA00030381,2025-04-30,BR019,TLR-5982,C502847,cash withdrawal,234.17,CAD
CA00034589,2025-04-24,BR039,TLR-2447,C502011,cash deposit,1748.49,CAD
CA00032709,2025-04-11,BR031,TLR-3206,C502403,cash withdrawal,373.09,CAD
CA00030710,2025-04-07,BR020,TLR-5791,C503983,cash deposit,1182.86,USD
CA00029661,2025-04-16,BR015,TLR-3831,C501271,cash withdrawal,1443.04,CAD
CA00032948,2025-04-28,BR032,TLR-6172,C501536,cash withdrawal,505.21,CAD
CA00031793,2025-04-01,BR026,TLR-2977,C502912,cash withdrawal,-845.77,CAD
CA00032018,2025-04-20,BR027,TLR-9785,C502905,cash deposit,1161.14,CAD
CA00028501,2025-04-09,BR009,TLR-6651,C502959,cash deposit,1633.81,CAD
CA00026851,2025-04-03,BR001,TLR-7876,C503408,cash withdrawal,1090.76,CAD
CA00028164,2025-04-05,BR007,TLR-2118,C502494,cash withdrawal,902.33,CAD
CA00030492,2025-04-27,BR019,TLR-1659,C502753,cash withdrawal,898.16,CAD
CA00029938,2025-04-14,BR017,TLR-6431,C500074,cash deposit,934.73,CAD
CA00028948,2025-04-21,BR012,TLR-5274,C503185,cash withdrawal,493.94,CAD
CA00032023,2025-04-28,BR027,TLR-1497,C502412,cash deposit,1169.38,CAD
CA00027382,2025-04-12,BR004,TLR-9939,C503647,cash deposit,2342.93,CAD
CA00033461,2025-04-11,BR035,TLR-7172,C503878,cash deposit,481.72,CAD
CA00030617,2025-04-30,BR020,TLR-9023,C503892,cash withdrawal,779.06,USD
CA00027449,2025-04-07,BR004,TLR-7264,C503584,cash withdrawal,906.92,CAD
CA00034672,2025-04-27,BR040,TLR-8549,C501058,cash deposit,888.22,CAD
CA00032388,2025-04-17,BR030,TLR-4693,C501833,cash deposit,1392.61,CAD
CA00029236,2025-04-27,BR014,TLR-8212,C501406,cash withdrawal,1667.22,CAD
CA00032996,2025-04-05,BR032,TLR-9618,C502018,cash withdrawal,334.9,CAD
CA00027463,2025-04-05,BR004,TLR-3104,C502201,cash withdrawal,552.94,CAD
CA00034520,2025-04-18,BR039,TLR-6413,C503355,cash deposit,1837.57,CAD
CA00031958,2025-04-15,BR027,TLR-9395,C502043,cash withdrawal,2208.83,CAD
CA00029778,2025-04-20,BR016,TLR-7718,C501179,cash deposit,1429.44,CAD
CA00031582,2025-04-08,BR025,TLR-3254,C501047,cash deposit,492.8,CAD
CA00033929,2025-04-17,BR037,TLR-6301,C500017,cash deposit,1123.94,CAD
CA00027162,2025-04-17,BR003,TLR-5559,C500609,cash deposit,269.62,CAD
CA00035318,2025-04-11,BR040,TLR-7753,C501460,cash deposit,1647.13,CAD
CA00034989,2025-04-24,BR040,TLR-4005,C503978,cash deposit,312.13,CAD
CA00030971,2025-04-11,BR022,TLR-1412,C503503,cash withdrawal,511.64,CAD
CA00028938,2025-04-26,BR012,TLR-3733,C500219,cash withdrawal,256.27,CAD
CA00028638,2025-04-18,BR010,TLR-6518,C502197,cash deposit,1587.65,CAD
CA00028510,2025-04-29,BR009,TLR-7088,C502921,cash deposit,4231.53,CAD
CA00029237,2025-04-18,BR014,TLR-9113,C503268,cash deposit,1668.66,CAD
CA00029296,2025-04-17,BR014,TLR-4126,C503062,cash deposit,1567.71,CAD
CA00031200,2025-04-21,BR024,TLR-2496,C500072,cash deposit,741.16,CAD
CA00032521,2025-04-16,BR030,TLR-8309,C503774,cash withdrawal,755.84,CAD
CA00028352,2025-04-27,BR008,TLR-1497,C500084,cash deposit,4155.32,CAD
CA00029270,2025-04-25,BR014,TLR-8053,C503224,cash withdrawal,546.6,CAD
CA00031364,2025-04-26,BR024,TLR-9278,C502700,cash withdrawal,2697.74,CAD
CA00030229,2025-04-23,BR019,TLR-4502,C502407,cash withdrawal,493.84,CAD
CA00030808,2025-04-07,BR021,TLR-7907,C502042,cash withdrawal,670.11,CAD
CA00032430,2025-04-02,BR030,TLR-9973,C502661,cash withdrawal,324.9,CAD
CA00032654,2025-04-17,BR031,TLR-2263,C500547,cash withdrawal,1501.55,CAD
CA00033272,2025-04-26,BR034,TLR-2993,C502351,cash withdrawal,1652.91,CAD
CA00034799,2025-04-12,BR040,TLR-4600,C503604,cash withdrawal,1377.24,CAD
CA00026733,2025-04-26,BR001,TLR-2326,C501986,cash deposit,499.58,CAD
CA00031587,2025-04-29,BR025,TLR-3069,C501328,cash withdrawal,-356.13,CAD
CA00030759,2025-04-23,BR020,TLR-8446,C503477,cash deposit,1842.49,USD
CA00028268,2025-04-28,BR008,TLR-6778,C503225,cash deposit,1733.8,CAD
CA00032833,2025-04-05,BR031,TLR-1769,C500733,cash withdrawal,273.86,CAD
CA00026682,2025-04-23,BR001,TLR-3554,C502425,cash withdrawal,745.31,CAD
CA00031145,2025-04-24,BR024,TLR-3380,C501431,cash withdrawal,1189.57,CAD
CA00035329,2025-04-02,BR040,TLR-8552,C503911,cash withdrawal,2354.14,CAD
CA00034696,2025-04-17,BR040,TLR-3714,C502217,cash withdrawal,800.37,CAD
CA00031777,2025-04-25,BR026,TLR-5540,C502560,cash deposit,650.16,CAD
CA00030483,2025-04-03,BR019,TLR-9735,C501566,cash withdrawal,585.41,CAD
CA00027266,2025-04-02,BR003,TLR-2150,C502990,cash withdrawal,1702.82,CAD
CA00032929,2025-04-03,BR032,TLR-8115,C502252,cash deposit,2247.33,CAD
CA00029690,2025-04-16,BR016,TLR-1047,C500620,cash withdrawal,626.84,CAD
CA00033368,2025-04-03,BR035,TLR-7782,C502018,cash withdrawal,1411.3,CAD
CA00026827,2025-04-17,BR001,TLR-3363,C502133,cash deposit,1110.21,CAD
CA00026653,2025-04-09,BR001,TLR-2100,C502648,cash deposit,1096.15,CAD
CA00033911,2025-04-30,BR037,TLR-4221,C501026,cash withdrawal,560.74,CAD
CA00027392,2025-04-28,BR004,TLR-9494,C501704,cash withdrawal,417.9,CAD
CA00031351,2025-04-16,BR024,TLR-9918,C501680,cash withdrawal,1765.35,CAD
CA00033354,2025-04-26,BR035,TLR-7042,C503396,cash deposit,2147.02,CAD
CA00031163,2025-04-05,BR024,TLR-2406,C501042,cash deposit,2003.85,CAD
CA00028083,2025-04-12,BR007,TLR-8861,C500780,cash withdrawal,841.77,CAD
CA00029904,2025-04-16,BR017,TLR-8285,C501702,cash deposit,533.63,CAD
CA00029982,2025-04-06,BR017,TLR-7708,C501664,cash deposit,1012.76,CAD
CA00027041,2025-04-01,BR002,TLR-3874,C503899,cash deposit,1987.21,CAD
CA00027844,2025-04-30,BR006,TLR-3899,C501868,cash withdrawal,515.66,CAD
CA00031804,2025-04-09,BR026,TLR-4071,C502042,cash deposit,255.57,CAD
CA00031195,2025-04-09,BR024,TLR-5758,C502612,cash withdrawal,2928.66,CAD
CA00032462,2025-04-11,BR030,TLR-5906,C503545,cash deposit,891.77,CAD
CA00032800,2025-04-09,BR031,TLR-7231,C502116,cash deposit,337.26,CAD
CA00031911,2025-04-02,BR027,TLR-4434,C500353,cash withdrawal,642.33,CAD
CA00028850,2025-04-28,BR012,TLR-7279,C502939,cash deposit,603.88,CAD
CA00032310,2025-04-30,BR029,TLR-4335,C503055,cash deposit,1695.42,CAD
CA00033600,2025-04-29,BR036,TLR-8031,C501371,cash withdrawal,1515.76,CAD
CA00034944,2025-04-20,BR040,TLR-4730,C501041,cash withdrawal,1820.46,CAD
CA00028891,2025-04-06,BR012,TLR-6394,C503309,cash withdrawal,1039.29,CAD
CA00034465,2025-04-19,BR039,TLR-5024,C501716,cash deposit,1158.47,CAD
CA00027670,2025-04-29,BR005,TLR-9639,C502714,cash deposit,684.13,CAD
CA00031332,2025-04-12,BR024,TLR-8713,C502879,cash withdrawal,1613.85,CAD
CA00033411,2025-04-24,BR035,TLR-8111,C502870,cash deposit,162.09,CAD
CA00027609,2025-04-23,BR004,TLR-7427,C502593,cash withdrawal,1074.91,CAD
CA00033606,2025-04-29,BR036,TLR-5792,C502530,cash withdrawal,1964.16,CAD
CA00026954,2025-04-04,BR002,TLR-8234,C502208,cash withdrawal,-489.22,CAD
CA00032615,2025-04-22,BR031,TLR-6409,C500909,cash withdrawal,1134.13,CAD
CA00030357,2025-04-02,BR019,TLR-2142,C502571,cash deposit,677.07,CAD
CA00031301,2025-04-08,BR024,TLR-6609,C501346,cash withdrawal,555.17,CAD
CA00031352,2025-04-26,BR024,TLR-9442,C503071,cash withdrawal,924.22,CAD
CA00028650,2025-04-18,BR010,TLR-4100,C504000,cash deposit,1735.51,CAD
CA00035219,2025-04-08,BR040,TLR-2296,C503304,cash withdrawal,1755.24,CAD
CA00031340,2025-04-02,BR024,TLR-8248,C500238,cash deposit,1282.64,CAD
CA00030738,2025-04-19,BR020,TLR-6293,C500218,cash deposit,1639.71,USD
CA00030255,2025-04-25,BR019,TLR-9006,C502173,cash withdrawal,1790.4,CAD
CA00033655,2025-04-08,BR036,TLR-9338,C500257,cash deposit,347.43,CAD
CA00028930,2025-04-20,BR012,TLR-3254,C500456,cash deposit,251.49,CAD
CA00033753,2025-04-03,BR036,TLR-2723,C503023,cash deposit,2683.64,CAD
CA00029344,2025-04-26,BR014,TLR-3092,C502833,cash withdrawal,382.12,CAD
CA00035376,2025-04-03,BR040,TLR-9957,C500660,cash withdrawal,3563.95,CAD
CA00030402,2025-04-01,BR019,TLR-1345,C503751,cash withdrawal,1305.41,CAD
CA00028240,2025-04-27,BR008,TLR-5471,C501895,cash deposit,511.22,CAD
CA00027694,2025-04-28,BR006,TLR-2922,C500398,cash withdrawal,1330.51,CAD
CA00031961,2025-04-28,BR027,TLR-8128,C503078,cash withdrawal,1204.92,CAD
CA00034802,2025-04-13,BR040,TLR-2349,C500134,cash deposit,268.36,CAD
CA00031654,2025-04-29,BR026,TLR-4754,C502696,cash withdrawal,-934.4,CAD
CA00035077,2025-04-19,BR040,TLR-8233,C503427,cash deposit,3440.57,CAD
CA00029833,2025-04-06,BR016,TLR-9231,C503960,cash withdrawal,1292.91,CAD
CA00035337,2025-04-14,BR040,TLR-4315,C502496,cash withdrawal,305.7,CAD
CA00031668,2025-04-29,BR026,TLR-1078,C503600,cash deposit,313.53,CAD
CA00030664,2025-04-04,BR020,TLR-4354,C502747,cash deposit,168.89,USD
CA00029926,2025-04-20,BR017,TLR-8018,C500546,cash withdrawal,604.35,CAD
CA00027376,2025-04-09,BR004,TLR-6323,C500013,cash deposit,987.74,CAD
CA00029069,2025-04-08,BR012,TLR-9983,C502415,cash withdrawal,1681.65,CAD
CA00029378,2025-04-05,BR014,TLR-2766,C501571,cash deposit,936.53,CAD
CA00035280,2025-04-30,BR040,TLR-4313,C502208,cash deposit,1062.92,CAD
CA00030478,2025-04-30,BR019,TLR-3163,C503214,cash deposit,705.68,CAD
CA00033248,2025-04-03,BR034,TLR-7515,C501332,cash withdrawal,2987.2,CAD
CA00035088,2025-04-27,BR040,TLR-2985,C500767,cash withdrawal,784.79,CAD
CA00026767,2025-04-08,BR001,TLR-3438,C500543,cash withdrawal,869.85,CAD
CA00030495,2025-04-01,BR019,TLR-8868,C503390,cash withdrawal,935.29,CAD
CA00033726,2025-04-09,BR036,TLR-1237,C503807,cash deposit,1134.91,CAD
CA00034167,2025-04-02,BR037,TLR-7771,C501703,cash withdrawal,1141.23,CAD
CA00035275,2025-04-19,BR040,TLR-7648,C501339,cash deposit,510.4,CAD
CA00033817,2025-04-13,BR036,TLR-6343,C500141,cash deposit,1087.91,CAD
CA00033703,2025-04-29,BR036,TLR-6013,C502179,cash deposit,290.68,CAD
CA00033224,2025-04-27,BR034,TLR-3311,C501879,cash deposit,466.23,CAD
CA00029885,2025-04-30,BR017,TLR-2005,C503156,cash withdrawal,3004.71,CAD
CA00032034,2025-04-15,BR027,TLR-9381,C500674,cash deposit,5035.21,CAD
CA00033324,2025-04-29,BR034,TLR-4053,C500009,cash deposit,576.37,CAD
CA00027623,2025-04-20,BR005,TLR-8672,C502306,cash withdrawal,642.88,CAD
CA00033815,2025-04-02,BR036,TLR-8704,C501929,cash deposit,2919.27,CAD
CA00029267,2025-04-22,BR014,TLR-1650,C502535,cash deposit,1291.65,CAD
CA00026781,2025-04-01,BR001,TLR-9030,C501832,cash deposit,1160.46,CAD
CA00031757,2025-04-18,BR026,TLR-5278,C502492,cash withdrawal,-1014.22,CAD
CA00026873,2025-04-14,BR001,TLR-4848,C500947,cash deposit,1838.48,CAD
CA00027069,2025-04-02,BR002,TLR-6146,C503780,cash withdrawal,-895.47,CAD
CA00027261,2025-04-03,BR003,TLR-7888,C503242,cash deposit,145.86,CAD
CA00026577,2025-04-26,BR001,TLR-2595,C500492,cash deposit,705.17,CAD
CA00034673,2025-04-15,BR040,TLR-1440,C500001,cash withdrawal,1636.68,CAD
CA00027058,2025-04-14,BR002,TLR-8217,C502705,cash deposit,1391.4,CAD
CA00035306,2025-04-30,BR040,TLR-4497,C501237,cash deposit,678.13,CAD
CA00027136,2025-04-10,BR003,TLR-1612,C501660,cash withdrawal,2120.56,CAD
CA00029026,2025-04-07,BR012,TLR-3529,C503067,cash withdrawal,2946.1,CAD
CA00029324,2025-04-03,BR014,TLR-5787,C502503,cash withdrawal,5263.81,CAD
CA00031409,2025-04-19,BR024,TLR-8706,C501065,cash withdrawal,491.69,CAD
CA00031272,2025-04-24,BR024,TLR-7415,C502488,cash withdrawal,768.0,CAD
CA00034998,2025-04-27,BR040,TLR-6721,C502272,cash deposit,1419.75,CAD
CA00031798,2025-04-04,BR026,TLR-3731,C502610,cash withdrawal,-1516.87,CAD
CA00035169,2025-04-29,BR040,TLR-3483,C501055,cash withdrawal,588.59,CAD
CA00034335,2025-04-23,BR038,TLR-9493,C501810,cash deposit,701.97,CAD
CA00030135,2025-04-04,BR018,TLR-6916,C500079,cash withdrawal,1541.61,CAD
CA00032716,2025-04-15,BR031,TLR-2310,C501111,cash withdrawal,500.61,CAD
CA00028312,2025-04-28,BR008,TLR-5026,C502674,cash withdrawal,375.07,CAD
CA00029526,2025-04-26,BR015,TLR-9673,C503403,cash withdrawal,674.27,CAD
CA00032670,2025-04-19,BR031,TLR-4550,C503105,cash withdrawal,464.36,CAD
CA00029857,2025-04-01,BR016,TLR-1995,C503391,cash withdrawal,1047.66,CAD
CA00030196,2025-04-05,BR018,TLR-8758,C501115,cash withdrawal,557.41,CAD
CA00027284,2025-04-20,BR003,TLR-7789,C501570,cash withdrawal,2075.05,CAD
CA00027414,2025-04-19,BR004,TLR-4958,C500268,cash deposit,676.69,CAD
CA00030119,2025-04-04,BR018,TLR-6626,C500582,cash deposit,1611.31,CAD
CA00032170,2025-04-11,BR029,TLR-5125,C502925,cash deposit,1358.75,CAD
CA00027249,2025-04-06,BR003,TLR-9264,C502898,cash withdrawal,953.87,CAD
CA00032591,2025-04-03,BR030,TLR-1664,C500578,cash deposit,2044.94,CAD
CA00031112,2025-04-30,BR023,TLR-5078,C503132,cash deposit,253.16,CAD
CA00032322,2025-04-30,BR030,TLR-1401,C500285,cash deposit,918.9,CAD
CA00031090,2025-04-10,BR023,TLR-1486,C500314,cash withdrawal,673.92,CAD
CA00031448,2025-04-25,BR025,TLR-4694,C500786,cash withdrawal,-806.59,CAD
CA00028123,2025-04-24,BR007,TLR-8487,C500046,cash withdrawal,1138.71,CAD
CA00031500,2025-04-21,BR025,TLR-1954,C500671,cash withdrawal,-1372.06,CAD
CA00030008,2025-04-23,BR017,TLR-1708,C503853,cash deposit,1185.77,CAD
CA00034064,2025-04-13,BR037,TLR-6324,C502937,cash deposit,1355.65,CAD
CA00030247,2025-04-30,BR019,TLR-1008,C501414,cash withdrawal,1767.4,CAD
CA00028760,2025-04-30,BR010,TLR-2319,C500861,cash deposit,3810.79,CAD
CA00027233,2025-04-26,BR003,TLR-7960,C500156,cash deposit,813.16,CAD
CA00030142,2025-04-02,BR018,TLR-3292,C500974,cash deposit,1020.32,CAD
CA00033458,2025-04-24,BR035,TLR-1267,C502405,cash withdrawal,1497.01,CAD
CA00026825,2025-04-11,BR001,TLR-2308,C503169,cash withdrawal,804.32,CAD
CA00033922,2025-04-15,BR037,TLR-4179,C502767,cash deposit,663.48,CAD
CA00027457,2025-04-19,BR004,TLR-2614,C503530,cash deposit,1820.52,CAD
CA00028436,2025-04-29,BR008,TLR-6200,C502065,cash withdrawal,543.85,CAD
CA00034878,2025-04-07,BR040,TLR-6631,C500112,cash deposit,2661.63,CAD
CA00027978,2025-04-23,BR007,TLR-8491,C501020,cash withdrawal,108.44,CAD
CA00035073,2025-04-07,BR040,TLR-4397,C503617,cash withdrawal,1269.51,CAD
CA00030481,2025-04-17,BR019,TLR-4060,C501165,cash withdrawal,588.47,CAD
CA00028442,2025-04-21,BR008,TLR-4521,C500253,cash deposit,3819.78,CAD
CA00031543,2025-04-03,BR025,TLR-8095,C502236,cash withdrawal,-1567.27,CAD
CA00031205,2025-04-19,BR024,TLR-8733,C501329,cash withdrawal,1224.45,CAD
CA00027927,2025-04-18,BR006,TLR-3125,C501445,cash deposit,392.38,CAD
CA00032893,2025-04-26,BR032,TLR-4457,C501234,cash withdrawal,901.42,CAD
CA00030241,2025-04-19,BR019,TLR-9108,C502331,cash deposit,1733.23,CAD
CA00029429,2025-04-19,BR015,TLR-9061,C503319,cash withdrawal,1830.34,CAD
CA00028683,2025-04-07,BR010,TLR-9177,C500307,cash withdrawal,298.29,CAD
CA00034087,2025-04-06,BR037,TLR-5089,C503168,cash deposit,1079.26,CAD
CA00029588,2025-04-08,BR015,TLR-1165,C503378,cash withdrawal,351.74,CAD
CA00027553,2025-04-26,BR004,TLR-4935,C503215,cash withdrawal,2296.85,CAD
CA00031129,2025-04-16,BR023,TLR-5548,C502774,cash deposit,1586.46,CAD
CA00030438,2025-04-09,BR019,TLR-8569,C502399,cash deposit,1026.77,CAD
CA00034675,2025-04-05,BR040,TLR-4291,C500259,cash withdrawal,734.02,CAD
CA00028966,2025-04-09,BR012,TLR-9906,C501321,cash withdrawal,254.43,CAD
CA00034161,2025-04-27,BR037,TLR-4964,C500852,cash withdrawal,251.19,CAD
CA00033641,2025-04-13,BR036,TLR-4909,C503193,cash deposit,327.32,CAD
CA00027486,2025-04-17,BR004,TLR-9173,C502443,cash withdrawal,555.87,CAD
CA00028572,2025-04-18,BR009,TLR-6603,C500718,cash deposit,633.76,CAD
CA00034226,2025-04-16,BR038,TLR-7715,C502623,cash deposit,1513.95,CAD
CA00026838,2025-04-20,BR001,TLR-8497,C502841,cash withdrawal,1149.67,CAD
CA00027074,2025-04-16,BR002,TLR-5899,C501160,cash deposit,1896.03,CAD
CA00034860,2025-04-13,BR040,TLR-2579,C500357,cash deposit,2391.29,CAD
CA00030441,2025-04-06,BR019,TLR-3002,C500391,cash withdrawal,309.75,CAD
CA00030017,2025-04-01,BR017,TLR-9358,C500777,cash deposit,1118.78,CAD
CA00026607,2025-04-14,BR001,TLR-5352,C502693,cash deposit,5953.37,CAD
CA00032160,2025-04-29,BR028,TLR-5176,C503189,cash deposit,515.04,CAD
CA00034494,2025-04-14,BR039,TLR-6386,C502837,cash deposit,2659.36,CAD
CA00028114,2025-04-06,BR007,TLR-3379,C503730,cash deposit,989.12,CAD
CA00034677,2025-04-03,BR040,TLR-8468,C501649,cash deposit,223.3,CAD
CA00029106,2025-04-16,BR013,TLR-2774,C503248,cash deposit,484.72,CAD
CA00034301,2025-04-23,BR038,TLR-6740,C502593,cash deposit,1528.4,CAD
CA00035123,2025-04-22,BR040,TLR-3088,C503884,cash withdrawal,1044.41,CAD
CA00029786,2025-04-18,BR016,TLR-2193,C503408,cash deposit,263.89,CAD
CA00028280,2025-04-25,BR008,TLR-4376,C501851,cash deposit,2750.98,CAD
CA00034298,2025-04-20,BR038,TLR-1302,C500846,cash deposit,2413.94,CAD
CA00028222,2025-04-09,BR008,TLR-2739,C500613,cash deposit,205.69,CAD
CA00033070,2025-04-28,BR033,TLR-4860,C500734,cash deposit,873.81,CAD
CA00027297,2025-04-05,BR003,TLR-1295,C501752,cash withdrawal,1140.97,CAD
CA00033150,2025-04-16,BR033,TLR-3102,C502457,cash withdrawal,1766.81,CAD
CA00032208,2025-04-30,BR029,TLR-7132,C500278,cash withdrawal,971.14,CAD
CA00034923,2025-04-14,BR040,TLR-1036,C500938,cash withdrawal,1202.35,CAD
CA00028186,2025-04-16,BR007,TLR-9194,C502751,cash withdrawal,1587.33,CAD
CA00030060,2025-04-16,BR017,TLR-4469,C500083,cash deposit,362.12,CAD
CA00031769,2025-04-09,BR026,TLR-9082,C502764,cash withdrawal,-246.03,CAD
CA00035378,2025-04-16,BR040,TLR-2539,C503476,cash withdrawal,502.91,CAD
CA00031558,2025-04-25,BR025,TLR-1284,C503220,cash withdrawal,-624.67,CAD
CA00034205,2025-04-28,BR038,TLR-5405,C503309,cash withdrawal,3080.38,CAD
CA00026765,2025-04-29,BR001,TLR-9018,C500339,cash deposit,641.45,CAD
CA00031540,2025-04-07,BR025,TLR-8233,C502646,cash withdrawal,-1675.06,CAD
CA00028844,2025-04-27,BR011,TLR-5622,C503757,cash withdrawal,1103.23,CAD
CA00027951,2025-04-01,BR006,TLR-8991,C501658,cash withdrawal,728.1,CAD
CA00034734,2025-04-02,BR040,TLR-9751,C503167,cash deposit,986.93,CAD
CA00029901,2025-04-04,BR017,TLR-6628,C500203,cash withdrawal,539.11,CAD
CA00033417,2025-04-03,BR035,TLR-8398,C501758,cash deposit,1944.92,CAD
CA00031775,2025-04-24,BR026,TLR-4972,C502063,cash deposit,1386.58,CAD
CA00031030,2025-04-15,BR023,TLR-9292,C501535,cash deposit,1078.21,CAD
CA00032455,2025-04-12,BR030,TLR-1350,C501413,cash deposit,2070.95,CAD
CA00028973,2025-04-19,BR012,TLR-1783,C502243,cash withdrawal,2892.99,CAD
CA00033799,2025-04-08,BR036,TLR-2363,C503899,cash withdrawal,535.34,CAD
CA00035347,2025-04-07,BR040,TLR-7686,C502636,cash withdrawal,334.46,CAD
CA00029981,2025-04-22,BR017,TLR-8511,C502190,cash deposit,1418.76,CAD
CA00035087,2025-04-22,BR040,TLR-2339,C501071,cash deposit,927.89,CAD
CA00034150,2025-04-18,BR037,TLR-6238,C503463,cash deposit,551.39,CAD
CA00032658,2025-04-07,BR031,TLR-3976,C503502,cash deposit,2251.78,CAD
CA00033493,2025-04-18,BR035,TLR-2463,C501506,cash withdrawal,349.01,CAD
CA00034346,2025-04-22,BR038,TLR-6816,C503321,cash deposit,922.35,CAD
CA00035024,2025-04-08,BR040,TLR-9310,C501491,cash deposit,1148.99,CAD
CA00034857,2025-04-21,BR040,TLR-7423,C503461,cash withdrawal,2412.73,CAD
CA00031984,2025-04-20,BR027,TLR-1382,C503363,cash deposit,292.82,CAD
CA00032737,2025-04-04,BR031,TLR-7482,C502108,cash withdrawal,383.18,CAD
CA00032828,2025-04-29,BR031,TLR-2223,C503840,cash deposit,1775.08,CAD
CA00027713,2025-04-28,BR006,TLR-4230,C503496,cash deposit,730.78,CAD
CA00026727,2025-04-05,BR001,TLR-4672,C500875,cash deposit,2188.54,CAD
CA00027554,2025-04-29,BR004,TLR-9554,C502597,cash withdrawal,1600.55,CAD
CA00034753,2025-04-16,BR040,TLR-8659,C500002,cash deposit,955.86,CAD
CA00032095,2025-04-23,BR028,TLR-9397,C500679,cash withdrawal,861.97,CAD
CA00030785,2025-04-06,BR021,TLR-5876,C502933,cash withdrawal,802.86,CAD
CA00029382,2025-04-23,BR014,TLR-9014,C502903,cash withdrawal,516.23,CAD
CA00030309,2025-04-06,BR019,TLR-3723,C503714,cash deposit,1030.42,CAD
CA00030416,2025-04-26,BR019,TLR-1899,C503318,cash withdrawal,668.97,CAD
CA00028943,2025-04-20,BR012,TLR-6616,C500822,cash deposit,2046.84,CAD
CA00027985,2025-04-23,BR007,TLR-5994,C503964,cash deposit,167.39,CAD
CA00030684,2025-04-14,BR020,TLR-8622,C500194,cash deposit,266.07,USD
CA00033060,2025-04-14,BR033,TLR-3716,C502441,cash deposit,335.43,CAD
CA00030250,2025-04-05,BR019,TLR-8316,C500908,cash deposit,1317.46,CAD
CA00029029,2025-04-21,BR012,TLR-9974,C500382,cash withdrawal,526.19,CAD
CA00027333,2025-04-26,BR003,TLR-5791,C501980,cash withdrawal,1328.26,CAD
CA00028691,2025-04-19,BR010,TLR-3941,C500480,cash deposit,615.72,CAD
CA00033138,2025-04-02,BR033,TLR-1126,C502638,cash withdrawal,447.96,CAD
CA00033656,2025-04-17,BR036,TLR-6027,C501030,cash deposit,472.94,CAD
CA00033286,2025-04-16,BR034,TLR-9307,C501533,cash withdrawal,820.19,CAD
CA00034581,2025-04-08,BR039,TLR-4632,C501008,cash withdrawal,779.82,CAD
CA00034037,2025-04-20,BR037,TLR-9583,C502677,cash deposit,1754.8,CAD
CA00032179,2025-04-14,BR029,TLR-8618,C502446,cash deposit,505.52,CAD
CA00033556,2025-04-22,BR035,TLR-5437,C503545,cash deposit,2046.2,CAD
CA00032897,2025-04-15,BR032,TLR-1336,C502582,cash withdrawal,1017.9,CAD
CA00032597,2025-04-01,BR030,TLR-1464,C503696,cash deposit,625.77,CAD
CA00034830,2025-04-22,BR040,TLR-2697,C500001,cash deposit,626.11,CAD
CA00030053,2025-04-09,BR017,TLR-5358,C503845,cash withdrawal,615.37,CAD
CA00033343,2025-04-03,BR034,TLR-9593,C503682,cash withdrawal,298.95,CAD
CA00028569,2025-04-30,BR009,TLR-6216,C502030,cash withdrawal,418.85,CAD
CA00029099,2025-04-03,BR013,TLR-6091,C503907,cash deposit,761.66,CAD
CA00028155,2025-04-13,BR007,TLR-9751,C500654,cash deposit,720.11,CAD
CA00029751,2025-04-23,BR016,TLR-3521,C502544,cash withdrawal,409.26,CAD
CA00031345,2025-04-28,BR024,TLR-8070,C500810,cash withdrawal,1732.52,CAD
CA00034236,2025-04-19,BR038,TLR-1035,C500296,cash withdrawal,639.49,CAD
CA00026799,2025-04-25,BR001,TLR-5343,C500895,cash deposit,1532.46,CAD
CA00027526,2025-04-29,BR004,TLR-6130,C503506,cash deposit,388.07,CAD
CA00027593,2025-04-27,BR004,TLR-3936,C500476,cash withdrawal,408.63,CAD
CA00028204,2025-04-28,BR007,TLR-6283,C502426,cash deposit,1339.86,CAD
CA00030013,2025-04-29,BR017,TLR-5448,C503019,cash deposit,468.61,CAD
CA00033093,2025-04-10,BR033,TLR-3142,C502719,cash withdrawal,268.4,CAD
CA00032027,2025-04-08,BR027,TLR-8107,C500236,cash withdrawal,467.34,CAD
CA00031926,2025-04-09,BR027,TLR-2702,C503365,cash deposit,640.41,CAD
CA00028885,2025-04-25,BR012,TLR-3113,C500537,cash withdrawal,450.89,CAD
CA00033614,2025-04-11,BR036,TLR-7188,C500921,cash withdrawal,1696.94,CAD
CA00029289,2025-04-23,BR014,TLR-9150,C501225,cash withdrawal,468.78,CAD
CA00027182,2025-04-11,BR003,TLR-8711,C501620,cash deposit,564.63,CAD
CA00033402,2025-04-04,BR035,TLR-2651,C501440,cash withdrawal,534.93,CAD
CA00030201,2025-04-12,BR018,TLR-5287,C501076,cash withdrawal,800.12,CAD
CA00030718,2025-04-14,BR020,TLR-2236,C502993,cash deposit,664.93,USD
CA00032498,2025-04-15,BR030,TLR-2611,C500614,cash withdrawal,925.75,CAD
CA00027106,2025-04-29,BR002,TLR-5214,C502923,cash withdrawal,-1343.35,CAD
CA00028991,2025-04-27,BR012,TLR-2580,C501307,cash deposit,574.91,CAD
CA00031002,2025-04-26,BR022,TLR-8962,C503148,cash withdrawal,1455.31,CAD
CA00032680,2025-04-01,BR031,TLR-8397,C500308,cash deposit,1216.83,CAD
CA00031693,2025-04-06,BR026,TLR-2300,C502738,cash deposit,804.85,CAD
CA00030532,2025-04-28,BR019,TLR-2360,C502749,cash deposit,455.37,CAD
CA00030421,2025-04-14,BR019,TLR-3931,C502998,cash deposit,802.23,CAD
CA00030723,2025-04-09,BR020,TLR-9857,C502362,cash deposit,598.69,USD
CA00028567,2025-04-03,BR009,TLR-8260,C501369,cash withdrawal,1746.9,CAD
CA00033757,2025-04-23,BR036,TLR-6272,C502724,cash deposit,893.91,CAD
CA00028531,2025-04-17,BR009,TLR-6573,C501028,cash deposit,745.04,CAD
CA00027164,2025-04-11,BR003,TLR-6442,C501474,cash deposit,613.96,CAD
CA00029828,2025-04-16,BR016,TLR-4840,C502999,cash withdrawal,355.49,CAD
CA00027432,2025-04-16,BR004,TLR-7189,C500437,cash deposit,1921.07,CAD
CA00033157,2025-04-08,BR033,TLR-4189,C500140,cash withdrawal,1366.91,CAD
CA00035100,2025-04-12,BR040,TLR-8387,C502397,cash withdrawal,497.49,CAD
CA00032720,2025-04-25,BR031,TLR-5101,C501743,cash deposit,726.42,CAD
CA00034912,2025-04-25,BR040,TLR-7341,C503535,cash withdrawal,2031.03,CAD
CA00029636,2025-04-10,BR015,TLR-6097,C501157,cash withdrawal,223.91,CAD
CA00029902,2025-04-16,BR017,TLR-5014,C500988,cash deposit,1117.74,CAD
CA00027671,2025-04-17,BR005,TLR-9295,C503298,cash deposit,774.27,CAD
CA00030234,2025-04-22,BR019,TLR-4726,C500513,cash deposit,1207.24,CAD
CA00030025,2025-04-11,BR017,TLR-4211,C503763,cash deposit,2750.6,CAD
CA00027815,2025-04-27,BR006,TLR-3592,C503165,cash withdrawal,1780.8,CAD
CA00027150,2025-04-19,BR003,TLR-8173,C502764,cash withdrawal,385.14,CAD
CA00028876,2025-04-18,BR012,TLR-1584,C501569,cash withdrawal,835.04,CAD
CA00032769,2025-04-09,BR031,TLR-3224,C503239,cash withdrawal,246.62,CAD
CA00030525,2025-04-09,BR019,TLR-6312,C501301,cash withdrawal,4399.63,CAD
CA00028751,2025-04-15,BR010,TLR-9665,C502898,cash deposit,554.4,CAD
CA00031422,2025-04-20,BR025,TLR-1427,C501395,cash deposit,576.65,CAD
CA00035392,2025-04-17,BR040,TLR-6406,C500139,cash deposit,356.45,CAD
CA00030367,2025-04-28,BR019,TLR-1728,C500414,cash deposit,619.5,CAD
CA00031236,2025-04-19,BR024,TLR-5040,C502257,cash deposit,1224.79,CAD
CA00034783,2025-04-05,BR040,TLR-4515,C502452,cash withdrawal,1001.78,CAD
CA00028231,2025-04-01,BR008,TLR-6696,C502470,cash deposit,1620.62,CAD
CA00032434,2025-04-12,BR030,TLR-8224,C503756,cash withdrawal,206.35,CAD
CA00030969,2025-04-23,BR022,TLR-7638,C503880,cash withdrawal,749.79,CAD
CA00033144,2025-04-06,BR033,TLR-3825,C503723,cash withdrawal,1288.1,CAD
CA00029403,2025-04-06,BR015,TLR-1428,C502846,cash deposit,1228.27,CAD
CA00028666,2025-04-28,BR010,TLR-3684,C502228,cash withdrawal,1000.86,CAD
CA00053301,2025-04-05,BR009,TLR-8709,W971163,cash withdrawal,216.45,CAD
CA00034358,2025-04-02,BR038,TLR-3757,C502783,cash withdrawal,1960.4,CAD
CA00034667,2025-04-17,BR040,TLR-9241,C502007,cash withdrawal,2445.72,CAD
CA00032824,2025-04-08,BR031,TLR-7147,C500952,cash deposit,665.01,CAD
CA00028235,2025-04-29,BR008,TLR-4882,C502243,cash withdrawal,1818.81,CAD
CA00029832,2025-04-09,BR016,TLR-4424,C503514,cash withdrawal,729.28,CAD
CA00026948,2025-04-13,BR002,TLR-9643,C502613,cash withdrawal,-1481.02,CAD
CA00028044,2025-04-12,BR007,TLR-3012,C502471,cash deposit,1094.92,CAD
CA00029594,2025-04-18,BR015,TLR-4274,C503088,cash deposit,507.67,CAD
CA00033636,2025-04-10,BR036,TLR-5176,C502614,cash withdrawal,1283.36,CAD
CA00031687,2025-04-11,BR026,TLR-4208,C503756,cash withdrawal,-1369.82,CAD
CA00028549,2025-04-27,BR009,TLR-9299,C503566,cash deposit,515.68,CAD
CA00030618,2025-04-01,BR020,TLR-7463,C501657,cash withdrawal,778.38,USD
CA00028655,2025-04-16,BR010,TLR-5171,C500081,cash deposit,678.61,CAD
CA00028499,2025-04-07,BR009,TLR-6785,C501803,cash deposit,4070.48,CAD
CA00030851,2025-04-07,BR021,TLR-9558,C500568,cash withdrawal,673.66,CAD
CA00033602,2025-04-20,BR036,TLR-3727,C502851,cash deposit,866.1,CAD
CA00033952,2025-04-01,BR037,TLR-8818,C502506,cash withdrawal,885.39,CAD
CA00033906,2025-04-21,BR037,TLR-2650,C500844,cash withdrawal,1473.32,CAD
CA00031452,2025-04-15,BR025,TLR-1223,C502284,cash deposit,2961.73,CAD
CA00032806,2025-04-29,BR031,TLR-6530,C501582,cash deposit,1097.17,CAD
CA00031344,2025-04-15,BR024,TLR-7850,C502267,cash deposit,859.86,CAD
CA00027913,2025-04-09,BR006,TLR-6636,C503421,cash withdrawal,1905.36,CAD
CA00029543,2025-04-11,BR015,TLR-5369,C503812,cash deposit,1664.66,CAD
CA00032045,2025-04-27,BR027,TLR-3513,C501559,cash withdrawal,9437.88,CAD
CA00027317,2025-04-21,BR003,TLR-5573,C502007,cash withdrawal,355.52,CAD
CA00031998,2025-04-19,BR027,TLR-4557,C500625,cash deposit,941.98,CAD
CA00033431,2025-04-30,BR035,TLR-2258,C501029,cash deposit,1758.35,CAD
CA00032456,2025-04-09,BR030,TLR-7783,C501786,cash deposit,1023.0,CAD
CA00029999,2025-04-30,BR017,TLR-6105,C503052,cash withdrawal,5268.5,CAD
CA00033028,2025-04-04,BR033,TLR-4142,C502421,cash withdrawal,447.24,CAD
CA00028015,2025-04-05,BR007,TLR-9206,C502089,cash withdrawal,464.34,CAD
CA00034560,2025-04-05,BR039,TLR-4888,C503829,cash deposit,873.28,CAD
CA00027822,2025-04-05,BR006,TLR-5174,C502300,cash withdrawal,1105.23,CAD
CA00028217,2025-04-11,BR008,TLR-3763,C502430,cash deposit,777.67,CAD
CA00031700,2025-04-06,BR026,TLR-3094,C501726,cash deposit,1940.81,CAD
CA00034050,2025-04-09,BR037,TLR-6617,C501511,cash deposit,1992.54,CAD
CA00031136,2025-04-12,BR024,TLR-6929,C501488,cash withdrawal,2624.39,CAD
CA00034424,2025-04-25,BR039,TLR-2600,C503578,cash withdrawal,1288.01,CAD
CA00031531,2025-04-10,BR025,TLR-2011,C501884,cash deposit,916.3,CAD
CA00034596,2025-04-17,BR039,TLR-5776,C501538,cash deposit,510.65,CAD
CA00033774,2025-04-24,BR036,TLR-7384,C502389,cash deposit,437.31,CAD
CA00030626,2025-04-02,BR020,TLR-7536,C502438,cash withdrawal,1822.74,USD
CA00035208,2025-04-05,BR040,TLR-1680,C501701,cash deposit,658.31,CAD
CA00031176,2025-04-05,BR024,TLR-6395,C502935,cash deposit,531.66,CAD
CA00034200,2025-04-28,BR038,TLR-9264,C501960,cash deposit,1999.84,CAD
CA00031681,2025-04-13,BR026,TLR-5824,C501172,cash withdrawal,-1904.44,CAD
CA00034930,2025-04-27,BR040,TLR-3383,C500991,cash deposit,442.18,CAD
CA00033194,2025-04-20,BR034,TLR-2290,C502336,cash withdrawal,1835.81,CAD
CA00033685,2025-04-20,BR036,TLR-5397,C500795,cash withdrawal,1499.85,CAD
CA00033607,2025-04-26,BR036,TLR-4839,C503286,cash withdrawal,874.89,CAD
CA00028808,2025-04-21,BR011,TLR-2569,C502288,cash withdrawal,908.43,CAD
CA00034507,2025-04-25,BR039,TLR-7953,C502268,cash withdrawal,1260.75,CAD
CA00029242,2025-04-03,BR014,TLR-6185,C503194,cash deposit,1863.13,CAD
CA00031874,2025-04-22,BR027,TLR-1337,C503474,cash withdrawal,365.89,CAD
CA00027226,2025-04-28,BR003,TLR-7735,C500453,cash withdrawal,1089.68,CAD
CA00032486,2025-04-24,BR030,TLR-5469,C501295,cash withdrawal,724.1,CAD
CA00027515,2025-04-20,BR004,TLR-1878,C502090,cash deposit,1782.46,CAD
CA00033702,2025-04-09,BR036,TLR-6684,C501807,cash deposit,274.57,CAD
CA00034649,2025-04-27,BR040,TLR-1508,C500413,cash deposit,215.21,CAD
CA00035098,2025-04-02,BR040,TLR-8542,C502594,cash withdrawal,659.84,CAD
CA00031609,2025-04-25,BR025,TLR-3493,C502626,cash deposit,848.82,CAD
CA00034512,2025-04-26,BR039,TLR-6727,C503013,cash withdrawal,900.78,CAD
CA00030708,2025-04-21,BR020,TLR-9182,C500730,cash deposit,481.06,USD
CA00032550,2025-04-09,BR030,TLR-2284,C503522,cash withdrawal,1180.65,CAD
CA00032292,2025-04-21,BR029,TLR-7105,C501229,cash withdrawal,381.33,CAD
CA00028057,2025-04-17,BR007,TLR-5034,C501531,cash deposit,1576.74,CAD
CA00027487,2025-04-03,BR004,TLR-2185,C501132,cash deposit,868.4,CAD
CA00031751,2025-04-09,BR026,TLR-1726,C501802,cash deposit,667.82,CAD
CA00033302,2025-04-08,BR034,TLR-2458,C503373,cash withdrawal,597.31,CAD
CA00035390,2025-04-12,BR040,TLR-9241,C503817,cash withdrawal,1949.95,CAD
CA00031383,2025-04-29,BR024,TLR-1412,C502197,cash deposit,785.75,CAD
CA00029681,2025-04-18,BR016,TLR-1646,C502624,cash deposit,1135.21,CAD
CA00034897,2025-04-04,BR040,TLR-3475,C500508,cash deposit,1374.03,CAD
CA00032969,2025-04-30,BR032,TLR-6164,C503950,cash deposit,381.03,CAD
CA00028812,2025-04-12,BR011,TLR-7190,C501131,cash deposit,610.22,CAD
CA00034061,2025-04-06,BR037,TLR-6504,C502253,cash deposit,943.97,CAD
CA00029079,2025-04-09,BR012,TLR-3893,C503113,cash withdrawal,1250.78,CAD
CA00028408,2025-04-10,BR008,TLR-9723,C503609,cash deposit,5298.56,CAD
CA00032888,2025-04-28,BR032,TLR-9509,C500983,cash deposit,4159.17,CAD
CA00030485,2025-04-05,BR019,TLR-2743,C502050,cash deposit,824.5,CAD
CA00034056,2025-04-01,BR037,TLR-1957,C503417,cash deposit,2209.12,CAD
CA00028606,2025-04-14,BR010,TLR-3161,C502752,cash deposit,783.9,CAD
CA00031944,2025-04-30,BR027,TLR-4909,C502026,cash withdrawal,1913.4,CAD
CA00030182,2025-04-03,BR018,TLR-6812,C501597,cash withdrawal,4168.51,CAD
CA00027557,2025-04-22,BR004,TLR-7231,C503746,cash deposit,1844.23,CAD
CA00029190,2025-04-01,BR014,TLR-7942,C501730,cash withdrawal,444.12,CAD
CA00027450,2025-04-13,BR004,TLR-1158,C501918,cash deposit,1879.74,CAD
CA00035012,2025-04-12,BR040,TLR-3956,C502741,cash deposit,261.65,CAD
CA00027968,2025-04-22,BR006,TLR-6120,C502614,cash deposit,1406.22,CAD
CA00034498,2025-04-23,BR039,TLR-2885,C503822,cash withdrawal,932.95,CAD
CA00031227,2025-04-11,BR024,TLR-4659,C502373,cash deposit,817.09,CAD
CA00033422,2025-04-11,BR035,TLR-6897,C500566,cash withdrawal,1176.81,CAD
CA00030588,2025-04-25,BR019,TLR-9156,C503617,cash deposit,952.33,CAD
CA00030220,2025-04-06,BR018,TLR-9158,C502471,cash deposit,1635.14,CAD
CA00035044,2025-04-23,BR040,TLR-6797,C501557,cash withdrawal,1273.63,CAD
CA00031782,2025-04-12,BR026,TLR-6492,C501883,cash deposit,1841.75,CAD
CA00035368,2025-04-19,BR040,TLR-4494,C503142,cash withdrawal,382.19,CAD
CA00034870,2025-04-11,BR040,TLR-3548,C502006,cash deposit,1890.22,CAD
CA00029295,2025-04-20,BR014,TLR-5016,C501023,cash withdrawal,519.63,CAD
CA00035233,2025-04-11,BR040,TLR-6190,C502236,cash deposit,1710.2,CAD
CA00027385,2025-04-20,BR004,TLR-2159,C500031,cash withdrawal,441.64,CAD
CA00028574,2025-04-25,BR009,TLR-8271,C503451,cash deposit,2418.04,CAD
CA00030018,2025-04-03,BR017,TLR-3621,C502577,cash deposit,432.81,CAD
CA00032843,2025-04-25,BR031,TLR-2326,C500688,cash deposit,726.93,CAD
CA00028047,2025-04-02,BR007,TLR-3941,C502696,cash withdrawal,1009.78,CAD
CA00028160,2025-04-22,BR007,TLR-4308,C501587,cash withdrawal,855.85,CAD
CA00027652,2025-04-15,BR005,TLR-4393,C501590,cash deposit,638.75,CAD
CA00030290,2025-04-09,BR019,TLR-5459,C501856,cash withdrawal,374.28,CAD
CA00029322,2025-04-23,BR014,TLR-7735,C500933,cash deposit,595.21,CAD
CA00027338,2025-04-21,BR003,TLR-6457,C500932,cash withdrawal,1023.77,CAD
CA00031138,2025-04-27,BR024,TLR-7244,C502834,cash withdrawal,1712.31,CAD
CA00028909,2025-04-30,BR012,TLR-3731,C503533,cash withdrawal,948.06,CAD
CA00030733,2025-04-19,BR020,TLR-4768,C502176,cash deposit,791.77,USD
CA00032085,2025-04-26,BR028,TLR-6373,C501562,cash deposit,2096.26,CAD
CA00026709,2025-04-10,BR001,TLR-7974,C502993,cash withdrawal,1862.97,CAD
CA00028370,2025-04-24,BR008,TLR-1193,C501710,cash withdrawal,1639.87,CAD
CA00030728,2025-04-20,BR020,TLR-3398,C502707,cash withdrawal,1633.3,USD
CA00027586,2025-04-02,BR004,TLR-5790,C503683,cash withdrawal,1025.7,CAD
CA00027063,2025-04-30,BR002,TLR-7517,C500431,cash withdrawal,-1219.93,CAD
CA00032014,2025-04-03,BR027,TLR-4216,C502929,cash withdrawal,1500.29,CAD
CA00033599,2025-04-24,BR036,TLR-6091,C503496,cash withdrawal,1392.14,CAD
CA00032583,2025-04-23,BR030,TLR-2136,C500084,cash withdrawal,1006.84,CAD
CA00027309,2025-04-06,BR003,TLR-8073,C502418,cash withdrawal,564.52,CAD
CA00029005,2025-04-07,BR012,TLR-4562,C502098,cash withdrawal,749.55,CAD
CA00029024,2025-04-25,BR012,TLR-7547,C503256,cash withdrawal,2158.98,CAD
CA00034648,2025-04-02,BR040,TLR-5564,C500262,cash withdrawal,2071.29,CAD
CA00035129,2025-04-18,BR040,TLR-4629,C503246,cash withdrawal,531.55,CAD
CA00027848,2025-04-07,BR006,TLR-3938,C501128,cash withdrawal,695.05,CAD
CA00028972,2025-04-11,BR012,TLR-7851,C503726,cash deposit,289.14,CAD
CA00032030,2025-04-07,BR027,TLR-3350,C502106,cash deposit,429.54,CAD
CA00029607,2025-04-23,BR015,TLR-8718,C502759,cash deposit,294.07,CAD
CA00033777,2025-04-28,BR036,TLR-6058,C501133,cash deposit,712.03,CAD
CA00032955,2025-04-13,BR032,TLR-4880,C502334,cash withdrawal,1611.35,CAD
CA00030832,2025-04-24,BR021,TLR-6964,C501429,cash withdrawal,584.03,CAD
CA00026914,2025-04-08,BR002,TLR-8943,C500990,cash withdrawal,-692.23,CAD
CA00033816,2025-04-02,BR036,TLR-5937,C501715,cash deposit,596.13,CAD
CA00035315,2025-04-10,BR040,TLR-3772,C502536,cash withdrawal,628.21,CAD
CA00033032,2025-04-18,BR033,TLR-2834,C501325,cash withdrawal,1309.38,CAD
CA00028912,2025-04-15,BR012,TLR-2845,C500673,cash deposit,1250.51,CAD
CA00028091,2025-04-24,BR007,TLR-5668,C502649,cash deposit,1557.35,CAD
CA00027872,2025-04-17,BR006,TLR-7679,C503656,cash deposit,1070.89,CAD
CA00031678,2025-04-23,BR026,TLR-7879,C503969,cash withdrawal,-1319.34,CAD
CA00033200,2025-04-19,BR034,TLR-2060,C500439,cash deposit,560.12,CAD
CA00028771,2025-04-18,BR010,TLR-2183,C501094,cash withdrawal,1119.05,CAD
CA00027381,2025-04-02,BR004,TLR-2772,C503656,cash deposit,909.17,CAD
CA00027831,2025-04-05,BR006,TLR-7874,C502544,cash withdrawal,1950.29,CAD
CA00027954,2025-04-08,BR006,TLR-7782,C501102,cash deposit,1341.63,CAD
CA00026830,2025-04-18,BR001,TLR-1551,C502874,cash deposit,835.54,CAD
CA00026693,2025-04-25,BR001,TLR-7104,C503449,cash withdrawal,1575.92,CAD
CA00027773,2025-04-23,BR006,TLR-9396,C502015,cash deposit,540.52,CAD
CA00031936,2025-04-19,BR027,TLR-7647,C501514,cash deposit,748.54,CAD
CA00027616,2025-04-08,BR004,TLR-2195,C501249,cash withdrawal,1526.74,CAD
CA00029252,2025-04-19,BR014,TLR-6721,C501345,cash deposit,984.34,CAD
CA00033175,2025-04-06,BR033,TLR-8818,C500075,cash withdrawal,2328.76,CAD
CA00034026,2025-04-03,BR037,TLR-1316,C503705,cash deposit,2602.05,CAD
CA00034907,2025-04-14,BR040,TLR-4407,C500826,cash deposit,896.28,CAD
CA00028386,2025-04-01,BR008,TLR-2558,C503573,cash deposit,1578.54,CAD
CA00027158,2025-04-18,BR003,TLR-6572,C502503,cash withdrawal,720.79,CAD
CA00030612,2025-04-24,BR020,TLR-9103,C501542,cash deposit,329.71,USD
CA00033374,2025-04-08,BR035,TLR-6251,C503559,cash deposit,547.57,CAD
CA00030590,2025-04-04,BR019,TLR-5968,C502172,cash deposit,1837.99,CAD
CA00031026,2025-04-03,BR023,TLR-9914,C502466,cash deposit,320.21,CAD
CA00031384,2025-04-06,BR024,TLR-4417,C503616,cash withdrawal,1816.6,CAD
CA00034557,2025-04-26,BR039,TLR-6237,C501567,cash deposit,520.11,CAD
CA00031109,2025-04-25,BR023,TLR-9494,C500614,cash withdrawal,1660.2,CAD
CA00033049,2025-04-28,BR033,TLR-6980,C501847,cash deposit,452.63,CAD
CA00027539,2025-04-11,BR004,TLR-5776,C503248,cash deposit,2342.22,CAD
CA00027185,2025-04-27,BR003,TLR-9014,C501630,cash deposit,1760.47,CAD
CA00029917,2025-04-10,BR017,TLR-1903,C503379,cash withdrawal,1686.57,CAD
CA00026875,2025-04-29,BR001,TLR-1839,C503652,cash withdrawal,997.06,CAD
CA00028272,2025-04-25,BR008,TLR-3429,C503827,cash withdrawal,2197.22,CAD
CA00034739,2025-04-30,BR040,TLR-3279,C501738,cash withdrawal,9132.72,CAD
CA00030389,2025-04-09,BR019,TLR-7243,C503537,cash withdrawal,260.2,CAD
CA00030461,2025-04-06,BR019,TLR-3986,C501868,cash deposit,843.09,CAD
CA00027138,2025-04-16,BR003,TLR-4703,C501687,cash withdrawal,53.63,CAD
CA00035261,2025-04-15,BR040,TLR-4687,C500284,cash withdrawal,1021.09,CAD
CA00026988,2025-04-30,BR002,TLR-1154,C500900,cash deposit,293.39,CAD
CA00026730,2025-04-02,BR001,TLR-8151,C501148,cash deposit,284.83,CAD
CA00032476,2025-04-10,BR030,TLR-8396,C500945,cash deposit,1040.47,CAD
CA00033981,2025-04-26,BR037,TLR-7125,C500796,cash withdrawal,929.36,CAD
CA00031382,2025-04-17,BR024,TLR-7605,C502892,cash deposit,3157.11,CAD
CA00027099,2025-04-11,BR002,TLR-7403,C502972,cash deposit,1224.11,CAD
CA00030523,2025-04-17,BR019,TLR-7334,C502181,cash withdrawal,1094.16,CAD
CA00028960,2025-04-20,BR012,TLR-9906,C501958,cash withdrawal,1655.47,CAD
CA00035256,2025-04-27,BR040,TLR-4108,C500856,cash deposit,740.24,CAD
CA00035317,2025-04-14,BR040,TLR-7476,C502882,cash withdrawal,836.28,CAD
CA00030270,2025-04-12,BR019,TLR-2097,C501337,cash deposit,2006.0,CAD
CA00033145,2025-04-25,BR033,TLR-7260,C503913,cash deposit,482.59,CAD
CA00032544,2025-04-12,BR030,TLR-8566,C500884,cash deposit,1378.98,CAD
CA00033337,2025-04-14,BR034,TLR-1717,C503333,cash deposit,1031.54,CAD
CA00026658,2025-04-06,BR001,TLR-9252,C503855,cash deposit,1025.3,CAD
CA00033767,2025-04-07,BR036,TLR-8989,C500165,cash withdrawal,435.83,CAD
CA00027629,2025-04-07,BR005,TLR-7320,C500237,cash deposit,1007.23,CAD
CA00027504,2025-04-13,BR004,TLR-6379,C500674,cash withdrawal,792.91,CAD
CA00033804,2025-04-02,BR036,TLR-9315,C503937,cash withdrawal,2912.16,CAD
CA00029821,2025-04-25,BR016,TLR-1451,C501876,cash deposit,242.48,CAD
CA00033987,2025-04-17,BR037,TLR-6632,C500011,cash deposit,141.58,CAD
CA00027091,2025-04-29,BR002,TLR-2569,C502966,cash deposit,759.22,CAD
CA00027411,2025-04-10,BR004,TLR-6820,C503457,cash deposit,1824.41,CAD
CA00029921,2025-04-28,BR017,TLR-3773,C502056,cash deposit,318.48,CAD
CA00035049,2025-04-12,BR040,TLR-6652,C503819,cash deposit,953.16,CAD
CA00030686,2025-04-22,BR020,TLR-7484,C502363,cash withdrawal,508.12,USD
CA00032096,2025-04-23,BR028,TLR-1651,C502208,cash deposit,771.17,CAD
CA00028658,2025-04-25,BR010,TLR-3979,C502854,cash deposit,888.4,CAD
CA00029209,2025-04-25,BR014,TLR-5603,C503312,cash deposit,970.46,CAD
CA00027946,2025-04-26,BR006,TLR-6112,C503484,cash withdrawal,933.76,CAD
CA00033025,2025-04-20,BR033,TLR-3767,C501780,cash withdrawal,4276.11,CAD
CA00029012,2025-04-03,BR012,TLR-6913,C501165,cash deposit,464.03,CAD
CA00029141,2025-04-10,BR013,TLR-2130,C502564,cash withdrawal,2674.81,CAD
CA00034558,2025-04-14,BR039,TLR-7125,C503606,cash deposit,622.16,CAD
CA00028132,2025-04-27,BR007,TLR-5676,C503465,cash withdrawal,1162.82,CAD
CA00031880,2025-04-08,BR027,TLR-6299,C502777,cash deposit,596.57,CAD
CA00029672,2025-04-13,BR016,TLR-5719,C502882,cash deposit,1720.61,CAD
CA00035011,2025-04-03,BR040,TLR-8556,C503445,cash withdrawal,990.48,CAD
CA00033615,2025-04-04,BR036,TLR-3707,C501533,cash withdrawal,1426.46,CAD
CA00034397,2025-04-20,BR039,TLR-5410,C500553,cash withdrawal,977.76,CAD
CA00030370,2025-04-28,BR019,TLR-7672,C502700,cash withdrawal,899.84,CAD
CA00034377,2025-04-03,BR039,TLR-3707,C503250,cash deposit,3290.52,CAD
CA00034374,2025-04-10,BR039,TLR-2517,C500768,cash withdrawal,529.26,CAD
CA00034375,2025-04-21,BR039,TLR-8635,C502279,cash withdrawal,1237.26,CAD
CA00028926,2025-04-29,BR012,TLR-6663,C503034,cash withdrawal,447.36,CAD
CA00032790,2025-04-01,BR031,TLR-7655,C502856,cash withdrawal,2116.36,CAD
CA00032702,2025-04-15,BR031,TLR-7961,C500824,cash withdrawal,750.51,CAD
CA00029394,2025-04-28,BR014,TLR-5773,C503725,cash deposit,1453.29,CAD
CA00035379,2025-04-15,BR040,TLR-2187,C501442,cash withdrawal,1728.81,CAD
CA00030407,2025-04-18,BR019,TLR-3151,C501033,cash deposit,747.91,CAD
CA00033663,2025-04-10,BR036,TLR-1626,C503045,cash deposit,1196.25,CAD
CA00031841,2025-04-29,BR026,TLR-2338,C501929,cash withdrawal,-1155.35,CAD
CA00034765,2025-04-11,BR040,TLR-5541,C503573,cash withdrawal,856.37,CAD
CA00033110,2025-04-16,BR033,TLR-1415,C502529,cash deposit,1746.19,CAD
CA00028739,2025-04-20,BR010,TLR-4361,C500209,cash deposit,356.1,CAD
CA00028425,2025-04-25,BR008,TLR-2278,C500155,cash withdrawal,765.42,CAD
CA00029123,2025-04-01,BR013,TLR-3168,C502811,cash deposit,961.09,CAD
CA00029869,2025-04-19,BR016,TLR-2305,C501591,cash deposit,289.72,CAD
CA00034364,2025-04-13,BR039,TLR-2207,C501168,cash deposit,624.92,CAD
CA00034051,2025-04-28,BR037,TLR-3454,C501523,cash deposit,927.96,CAD
CA00031128,2025-04-07,BR023,TLR-3925,C501205,cash deposit,1127.01,CAD
CA00034293,2025-04-08,BR038,TLR-6479,C503246,cash withdrawal,1067.47,CAD
CA00034984,2025-04-14,BR040,TLR-7765,C500976,cash withdrawal,448.63,CAD
CA00029200,2025-04-11,BR014,TLR-3729,C502984,cash withdrawal,2105.27,CAD
CA00027325,2025-04-10,BR003,TLR-5760,C503816,cash withdrawal,2359.17,CAD
CA00027647,2025-04-16,BR005,TLR-1272,C501419,cash deposit,584.05,CAD
CA00031216,2025-04-28,BR024,TLR-1239,C503598,cash withdrawal,495.42,CAD
CA00029568,2025-04-29,BR015,TLR-7689,C503661,cash withdrawal,1378.58,CAD
CA00030997,2025-04-02,BR022,TLR-6617,C501728,cash withdrawal,1035.19,CAD
CA00027479,2025-04-01,BR004,TLR-8311,C502847,cash deposit,1706.94,CAD
CA00026856,2025-04-07,BR001,TLR-3565,C502365,cash deposit,563.15,CAD
CA00029467,2025-04-28,BR015,TLR-1720,C503017,cash withdrawal,2351.12,CAD
CA00028886,2025-04-20,BR012,TLR-2369,C502043,cash deposit,3600.51,CAD
CA00027045,2025-04-10,BR002,TLR-7960,C500911,cash deposit,1097.55,CAD
CA00031425,2025-04-14,BR025,TLR-6891,C501460,cash withdrawal,-530.62,CAD
CA00033997,2025-04-18,BR037,TLR-9840,C503741,cash withdrawal,1849.07,CAD
CA00033547,2025-04-05,BR035,TLR-3780,C503670,cash deposit,705.55,CAD
CA00028959,2025-04-24,BR012,TLR-6570,C500192,cash deposit,848.93,CAD
CA00030002,2025-04-07,BR017,TLR-4286,C500816,cash withdrawal,324.21,CAD
CA00034917,2025-04-04,BR040,TLR-1660,C501276,cash deposit,1276.12,CAD
CA00032659,2025-04-15,BR031,TLR-4040,C501243,cash withdrawal,1227.24,CAD
CA00027135,2025-04-02,BR003,TLR-2247,C503392,cash deposit,701.74,CAD
CA00027679,2025-04-19,BR005,TLR-4469,C501575,cash deposit,1020.79,CAD
CA00035321,2025-04-30,BR040,TLR-7884,C501656,cash deposit,1450.33,CAD
CA00035342,2025-04-28,BR040,TLR-5799,C502442,cash withdrawal,892.59,CAD
CA00033693,2025-04-30,BR036,TLR-8090,C501485,cash withdrawal,828.98,CAD
CA00029072,2025-04-24,BR012,TLR-3114,C502099,cash withdrawal,370.05,CAD
CA00032775,2025-04-04,BR031,TLR-4921,C501582,cash deposit,965.4,CAD
CA00033680,2025-04-19,BR036,TLR-1448,C502128,cash deposit,106.1,CAD
CA00034099,2025-04-12,BR037,TLR-6090,C501573,cash withdrawal,402.63,CAD
CA00026943,2025-04-18,BR002,TLR-5228,C500807,cash deposit,963.64,CAD
CA00031892,2025-04-20,BR027,TLR-8274,C501353,cash deposit,409.37,CAD
CA00032510,2025-04-15,BR030,TLR-4659,C503823,cash withdrawal,487.86,CAD
CA00030885,2025-04-13,BR021,TLR-7946,C502576,cash deposit,716.13,CAD
CA00034708,2025-04-14,BR040,TLR-8518,C500573,cash deposit,554.53,CAD
CA00028657,2025-04-14,BR010,TLR-1817,C503157,cash withdrawal,1050.35,CAD
CA00033670,2025-04-16,BR036,TLR-5706,C503972,cash withdrawal,1010.28,CAD
CA00034223,2025-04-16,BR038,TLR-3153,C500309,cash deposit,867.96,CAD
CA00034467,2025-04-05,BR039,TLR-5262,C501691,cash withdrawal,1488.92,CAD
CA00031130,2025-04-12,BR024,TLR-8583,C502982,cash deposit,417.89,CAD
CA00032334,2025-04-07,BR030,TLR-8832,C500376,cash withdrawal,1233.1,CAD
CA00033137,2025-04-11,BR033,TLR-9998,C500231,cash deposit,1844.46,CAD
CA00034302,2025-04-25,BR038,TLR-2440,C500420,cash withdrawal,451.16,CAD
CA00028157,2025-04-02,BR007,TLR-3065,C503483,cash withdrawal,620.52,CAD
CA00033238,2025-04-03,BR034,TLR-4760,C503478,cash deposit,913.98,CAD
CA00031895,2025-04-28,BR027,TLR-1118,C500179,cash withdrawal,1075.25,CAD
CA00030553,2025-04-23,BR019,TLR-4322,C500666,cash deposit,3422.58,CAD
CA00031242,2025-04-08,BR024,TLR-6921,C502983,cash deposit,1199.21,CAD
CA00032360,2025-04-19,BR030,TLR-5783,C500363,cash deposit,1655.83,CAD
CA00034230,2025-04-09,BR038,TLR-9938,C502283,cash deposit,2394.32,CAD
CA00027090,2025-04-09,BR002,TLR-7529,C502175,cash deposit,1889.44,CAD
CA00031519,2025-04-24,BR025,TLR-4459,C501451,cash withdrawal,-2268.32,CAD
CA00031811,2025-04-23,BR026,TLR-2631,C502041,cash withdrawal,-1595.74,CAD
CA00032827,2025-04-08,BR031,TLR-5276,C502985,cash withdrawal,1373.08,CAD
CA00030166,2025-04-17,BR018,TLR-4279,C503421,cash withdrawal,675.42,CAD
CA00033077,2025-04-18,BR033,TLR-2963,C500197,cash withdrawal,1486.33,CAD
CA00034735,2025-04-06,BR040,TLR-6295,C500611,cash deposit,1649.84,CAD
CA00029358,2025-04-27,BR014,TLR-3113,C502832,cash deposit,1138.28,CAD
CA00030409,2025-04-12,BR019,TLR-7899,C500409,cash withdrawal,1827.63,CAD
CA00032770,2025-04-26,BR031,TLR-6687,C500584,cash withdrawal,3010.0,CAD
CA00032032,2025-04-15,BR027,TLR-5548,C501447,cash withdrawal,1407.07,CAD
CA00029033,2025-04-14,BR012,TLR-5047,C500673,cash deposit,732.0,CAD
CA00028215,2025-04-20,BR008,TLR-6376,C500425,cash withdrawal,5852.46,CAD
CA00029816,2025-04-06,BR016,TLR-9825,C501384,cash withdrawal,1675.47,CAD
CA00031143,2025-04-03,BR024,TLR-4293,C502206,cash withdrawal,646.4,CAD
CA00027083,2025-04-19,BR002,TLR-3789,C500850,cash withdrawal,-3343.7,CAD
CA00035207,2025-04-03,BR040,TLR-3554,C500252,cash deposit,1231.41,CAD
CA00031925,2025-04-15,BR027,TLR-1794,C501121,cash withdrawal,266.99,CAD
CA00031742,2025-04-27,BR026,TLR-6323,C501395,cash deposit,583.24,CAD
CA00033709,2025-04-25,BR036,TLR-2385,C500990,cash deposit,632.73,CAD
CA00034178,2025-04-24,BR038,TLR-7939,C503469,cash withdrawal,816.63,CAD
CA00031324,2025-04-15,BR024,TLR-6764,C502587,cash withdrawal,2990.87,CAD
CA00034299,2025-04-10,BR038,TLR-9991,C500921,cash deposit,468.91,CAD
CA00028428,2025-04-20,BR008,TLR-1348,C502978,cash deposit,391.17,CAD
CA00027705,2025-04-07,BR006,TLR-3343,C501733,cash withdrawal,1337.76,CAD
CA00031320,2025-04-15,BR024,TLR-4258,C502925,cash withdrawal,1102.92,CAD
CA00027782,2025-04-07,BR006,TLR-2511,C501821,cash deposit,172.28,CAD
CA00028483,2025-04-27,BR009,TLR-5117,C500041,cash deposit,889.61,CAD
CA00032447,2025-04-06,BR030,TLR-9304,C500246,cash withdrawal,1547.57,CAD
CA00029706,2025-04-10,BR016,TLR-8604,C502133,cash withdrawal,456.88,CAD
CA00032527,2025-04-29,BR030,TLR-3854,C501136,cash deposit,1744.23,CAD
CA00030976,2025-04-18,BR022,TLR-3971,C502324,cash deposit,2521.41,CAD
CA00030965,2025-04-04,BR022,TLR-1083,C500428,cash deposit,1851.26,CAD
CA00034238,2025-04-07,BR038,TLR-3384,C501011,cash withdrawal,1291.96,CAD
CA00030023,2025-04-17,BR017,TLR-8901,C503389,cash deposit,2342.95,CAD
CA00031903,2025-04-25,BR027,TLR-4640,C502544,cash deposit,385.89,CAD
CA00029818,2025-04-07,BR016,TLR-8307,C500038,cash withdrawal,360.38,CAD
CA00029503,2025-04-03,BR015,TLR-8420,C503211,cash withdrawal,1734.24,CAD
CA00030858,2025-04-04,BR021,TLR-2569,C502401,cash withdrawal,530.74,CAD
CA00033875,2025-04-29,BR036,TLR-4261,C501548,cash withdrawal,369.92,CAD
CA00031459,2025-04-04,BR025,TLR-2528,C503285,cash deposit,1275.76,CAD
CA00032191,2025-04-30,BR029,TLR-9085,C500752,cash withdrawal,2661.4,CAD
CA00028028,2025-04-18,BR007,TLR-1859,C501909,cash withdrawal,578.47,CAD
CA00029218,2025-04-14,BR014,TLR-2506,C501987,cash withdrawal,99.94,CAD
CA00031566,2025-04-18,BR025,TLR-6387,C500045,cash withdrawal,-744.05,CAD
CA00032320,2025-04-09,BR030,TLR-5780,C501198,cash deposit,2913.78,CAD
CA00028411,2025-04-08,BR008,TLR-2039,C500615,cash withdrawal,715.1,CAD
CA00033759,2025-04-25,BR036,TLR-5918,C500556,cash withdrawal,1186.47,CAD
CA00031021,2025-04-03,BR023,TLR-8199,C502227,cash deposit,3624.12,CAD
CA00034495,2025-04-27,BR039,TLR-1022,C502083,cash deposit,1594.83,CAD
CA00033118,2025-04-26,BR033,TLR-3704,C503640,cash deposit,3471.53,CAD
CA00029637,2025-04-17,BR015,TLR-6978,C502872,cash withdrawal,1408.48,CAD
CA00034575,2025-04-03,BR039,TLR-9114,C502771,cash deposit,182.58,CAD
CA00035263,2025-04-22,BR040,TLR-2467,C502751,cash withdrawal,1121.49,CAD
CA00034818,2025-04-10,BR040,TLR-1563,C500503,cash deposit,1532.14,CAD
CA00028041,2025-04-08,BR007,TLR-7951,C503828,cash deposit,1541.77,CAD
CA00032844,2025-04-13,BR031,TLR-3033,C503408,cash deposit,2437.81,CAD
CA00031178,2025-04-14,BR024,TLR-8275,C502756,cash withdrawal,686.68,CAD
CA00027386,2025-04-11,BR004,TLR-3770,C503825,cash withdrawal,1106.52,CAD
CA00032548,2025-04-05,BR030,TLR-5245,C501462,cash deposit,683.38,CAD
CA00034217,2025-04-16,BR038,TLR-2740,C502053,cash withdrawal,1664.71,CAD
CA00033575,2025-04-19,BR035,TLR-3108,C500680,cash deposit,718.39,CAD
CA00031389,2025-04-21,BR024,TLR-5923,C501821,cash withdrawal,1367.11,CAD
CA00028723,2025-04-28,BR010,TLR-2615,C503114,cash withdrawal,434.2,CAD
CA00034105,2025-04-13,BR037,TLR-9778,C503721,cash deposit,1713.61,CAD
CA00028767,2025-04-14,BR010,TLR-6266,C502545,cash deposit,2548.29,CAD
CA00026638,2025-04-03,BR001,TLR-3709,C503603,cash deposit,523.8,CAD
CA00032331,2025-04-14,BR030,TLR-7035,C503881,cash deposit,1210.41,CAD
CA00031248,2025-04-27,BR024,TLR-5756,C501174,cash withdrawal,3094.51,CAD
CA00026704,2025-04-12,BR001,TLR-2075,C501928,cash withdrawal,755.31,CAD
CA00026892,2025-04-29,BR002,TLR-5468,C501254,cash withdrawal,-2950.01,CAD
CA00029474,2025-04-04,BR015,TLR-9294,C502160,cash withdrawal,1880.36,CAD
CA00032043,2025-04-23,BR027,TLR-2580,C503897,cash deposit,9737.47,CAD
CA00028846,2025-04-20,BR012,TLR-6551,C503800,cash deposit,1442.21,CAD
CA00030699,2025-04-16,BR020,TLR-8529,C501951,cash deposit,638.28,USD
CA00031620,2025-04-17,BR026,TLR-4437,C500381,cash withdrawal,-602.15,CAD
CA00032931,2025-04-03,BR032,TLR-4553,C501040,cash deposit,853.17,CAD
CA00029021,2025-04-11,BR012,TLR-5832,C503878,cash deposit,1619.76,CAD
CA00030803,2025-04-14,BR021,TLR-4832,C501563,cash withdrawal,1080.67,CAD
CA00033413,2025-04-19,BR035,TLR-7934,C500678,cash withdrawal,632.3,CAD
CA00029506,2025-04-11,BR015,TLR-6457,C503080,cash withdrawal,1996.57,CAD
CA00031745,2025-04-01,BR026,TLR-7027,C501186,cash deposit,1002.69,CAD
CA00030944,2025-04-11,BR021,TLR-5683,C501318,cash deposit,819.86,CAD
CA00032887,2025-04-30,BR032,TLR-3537,C503900,cash deposit,1195.24,CAD
CA00029796,2025-04-28,BR016,TLR-6131,C502911,cash withdrawal,1000.31,CAD
CA00027394,2025-04-01,BR004,TLR-5227,C501340,cash withdrawal,627.73,CAD
CA00030120,2025-04-14,BR018,TLR-6763,C502411,cash withdrawal,286.95,CAD
CA00032189,2025-04-20,BR029,TLR-1344,C502148,cash withdrawal,1205.57,CAD
CA00033296,2025-04-02,BR034,TLR-4958,C500379,cash withdrawal,1096.11,CAD
CA00027279,2025-04-29,BR003,TLR-2755,C503454,cash withdrawal,355.69,CAD
CA00029084,2025-04-28,BR013,TLR-3548,C503776,cash withdrawal,743.19,CAD
CA00032372,2025-04-22,BR030,TLR-4792,C500915,cash deposit,509.23,CAD
CA00034820,2025-04-25,BR040,TLR-8699,C502816,cash withdrawal,746.2,CAD
CA00030922,2025-04-22,BR021,TLR-6661,C502387,cash withdrawal,374.99,CAD
CA00031985,2025-04-07,BR027,TLR-7990,C503640,cash deposit,1763.47,CAD
CA00034582,2025-04-05,BR039,TLR-8746,C503835,cash deposit,735.35,CAD
CA00027943,2025-04-23,BR006,TLR-8155,C502535,cash deposit,1170.92,CAD
CA00031941,2025-04-05,BR027,TLR-1356,C502465,cash withdrawal,908.42,CAD
CA00031380,2025-04-27,BR024,TLR-5644,C500743,cash withdrawal,812.22,CAD
CA00028814,2025-04-03,BR011,TLR-8909,C502183,cash withdrawal,2270.95,CAD
CA00031078,2025-04-17,BR023,TLR-2083,C502428,cash deposit,879.2,CAD
CA00035076,2025-04-27,BR040,TLR-3412,C502029,cash deposit,743.98,CAD
CA00034760,2025-04-29,BR040,TLR-8217,C500354,cash deposit,860.42,CAD
CA00033218,2025-04-05,BR034,TLR-8573,C500414,cash withdrawal,1643.82,CAD
CA00028327,2025-04-12,BR008,TLR-8892,C500213,cash deposit,1440.95,CAD
CA00029198,2025-04-11,BR014,TLR-9802,C503655,cash deposit,280.09,CAD
CA00029387,2025-04-07,BR014,TLR-6359,C501174,cash withdrawal,821.37,CAD
CA00027753,2025-04-10,BR006,TLR-8064,C501014,cash withdrawal,1767.75,CAD
CA00030422,2025-04-15,BR019,TLR-4866,C501848,cash deposit,455.48,CAD
CA00034359,2025-04-03,BR039,TLR-5851,C503396,cash withdrawal,1112.05,CAD
CA00030493,2025-04-04,BR019,TLR-1301,C502039,cash withdrawal,593.32,CAD
CA00034666,2025-04-18,BR040,TLR-3644,C502573,cash deposit,490.48,CAD
CA00027445,2025-04-06,BR004,TLR-2627,C500598,cash deposit,3220.48,CAD
CA00031851,2025-04-23,BR026,TLR-5037,C500751,cash deposit,446.33,CAD
CA00028845,2025-04-22,BR011,TLR-8409,C503549,cash deposit,715.65,CAD
CA00034854,2025-04-07,BR040,TLR-6503,C502968,cash deposit,504.11,CAD
CA00034481,2025-04-22,BR039,TLR-8597,C502596,cash withdrawal,578.33,CAD
CA00033833,2025-04-21,BR036,TLR-2219,C501001,cash withdrawal,571.01,CAD
CA00027608,2025-04-20,BR004,TLR-3322,C502794,cash deposit,1166.3,CAD
CA00034009,2025-04-07,BR037,TLR-1878,C500860,cash deposit,629.92,CAD
CA00030983,2025-04-18,BR022,TLR-4759,C500820,cash deposit,1487.62,CAD
CA00033966,2025-04-09,BR037,TLR-7386,C501686,cash deposit,1038.21,CAD
CA00034877,2025-04-18,BR040,TLR-9552,C500919,cash deposit,348.98,CAD
CA00032854,2025-04-09,BR031,TLR-1898,C502455,cash deposit,1602.25,CAD
CA00026741,2025-04-01,BR001,TLR-4545,C501329,cash deposit,859.8,CAD
CA00033133,2025-04-14,BR033,TLR-2334,C501768,cash deposit,1371.09,CAD
CA00031255,2025-04-02,BR024,TLR-4431,C501208,cash deposit,277.04,CAD
CA00026984,2025-04-12,BR002,TLR-7697,C500070,cash deposit,425.66,CAD
CA00031844,2025-04-29,BR026,TLR-5836,C500918,cash deposit,386.61,CAD
CA00031127,2025-04-04,BR023,TLR-3086,C501107,cash deposit,1103.13,CAD
CA00030329,2025-04-19,BR019,TLR-9499,C503214,cash withdrawal,1551.46,CAD
CA00029955,2025-04-08,BR017,TLR-2476,C502769,cash deposit,1606.61,CAD
CA00032122,2025-04-24,BR028,TLR-3134,C503448,cash withdrawal,253.52,CAD
CA00028489,2025-04-30,BR009,TLR-2172,C501555,cash withdrawal,674.75,CAD
CA00034757,2025-04-26,BR040,TLR-3678,C501784,cash deposit,398.12,CAD
CA00034186,2025-04-08,BR038,TLR-7995,C501485,cash withdrawal,1634.01,CAD
CA00032926,2025-04-21,BR032,TLR-5350,C503790,cash withdrawal,866.58,CAD
CA00030600,2025-04-06,BR019,TLR-6910,C500366,cash withdrawal,232.7,CAD
CA00027474,2025-04-11,BR004,TLR-6032,C500024,cash withdrawal,1565.85,CAD
CA00027027,2025-04-12,BR002,TLR-7681,C503304,cash deposit,830.37,CAD
CA00029282,2025-04-05,BR014,TLR-7513,C502290,cash withdrawal,2064.51,CAD
CA00032725,2025-04-23,BR031,TLR-5571,C501474,cash withdrawal,1108.4,CAD
CA00030956,2025-04-19,BR022,TLR-1057,C502995,cash withdrawal,312.46,CAD
CA00029875,2025-04-27,BR017,TLR-5289,C501709,cash withdrawal,621.94,CAD
CA00027320,2025-04-25,BR003,TLR-3796,C502325,cash withdrawal,1551.92,CAD
CA00027026,2025-04-03,BR002,TLR-3029,C502836,cash deposit,1166.5,CAD
CA00031401,2025-04-24,BR024,TLR-9268,C500606,cash withdrawal,1513.58,CAD
CA00032831,2025-04-05,BR031,TLR-2832,C501655,cash deposit,1287.54,CAD
CA00027781,2025-04-18,BR006,TLR-9307,C500344,cash withdrawal,504.82,CAD
CA00033949,2025-04-04,BR037,TLR-6625,C503996,cash deposit,764.93,CAD
CA00032986,2025-04-11,BR032,TLR-7817,C502297,cash deposit,817.68,CAD
CA00032406,2025-04-02,BR030,TLR-5880,C502111,cash deposit,658.76,CAD
CA00028313,2025-04-24,BR008,TLR-5644,C502681,cash withdrawal,960.86,CAD
CA00034570,2025-04-16,BR039,TLR-3562,C501292,cash deposit,3224.76,CAD
CA00027105,2025-04-02,BR002,TLR-5063,C503269,cash withdrawal,-732.24,CAD
CA00032584,2025-04-05,BR030,TLR-2782,C503254,cash deposit,685.52,CAD
CA00034784,2025-04-11,BR040,TLR-9330,C503917,cash deposit,505.48,CAD
CA00027843,2025-04-28,BR006,TLR-2749,C501833,cash deposit,494.74,CAD
CA00028051,2025-04-04,BR007,TLR-4849,C500639,cash deposit,772.46,CAD
CA00029210,2025-04-19,BR014,TLR-7485,C503111,cash withdrawal,3608.87,CAD
CA00027148,2025-04-04,BR003,TLR-9677,C502533,cash withdrawal,354.21,CAD
CA00033148,2025-04-23,BR033,TLR-5386,C500547,cash deposit,1070.65,CAD
CA00028220,2025-04-04,BR008,TLR-8625,C502614,cash deposit,2410.97,CAD
CA00028092,2025-04-18,BR007,TLR-8116,C500290,cash deposit,217.92,CAD
CA00033477,2025-04-10,BR035,TLR-9750,C503067,cash withdrawal,988.03,CAD
CA00029142,2025-04-30,BR013,TLR-5610,C500755,cash deposit,1351.97,CAD
CA00031304,2025-04-14,BR024,TLR-1649,C503004,cash deposit,4202.38,CAD
CA00032545,2025-04-03,BR030,TLR-2145,C502938,cash withdrawal,404.63,CAD
CA00028304,2025-04-15,BR008,TLR-2632,C500301,cash deposit,644.18,CAD
CA00027559,2025-04-23,BR004,TLR-4398,C500713,cash withdrawal,1966.19,CAD
CA00034742,2025-04-05,BR040,TLR-6296,C501321,cash withdrawal,1439.56,CAD
CA00030333,2025-04-11,BR019,TLR-7914,C502402,cash withdrawal,616.82,CAD
CA00034471,2025-04-27,BR039,TLR-7248,C501037,cash deposit,1003.8,CAD
CA00029357,2025-04-17,BR014,TLR-7424,C503175,cash withdrawal,1711.01,CAD
CA00032297,2025-04-04,BR029,TLR-2072,C503718,cash deposit,908.06,CAD
CA00026886,2025-04-11,BR001,TLR-4937,C501267,cash withdrawal,1912.66,CAD
CA00028148,2025-04-09,BR007,TLR-5795,C502974,cash withdrawal,1115.41,CAD
CA00031698,2025-04-06,BR026,TLR-6960,C502620,cash withdrawal,-802.79,CAD
CA00030418,2025-04-03,BR019,TLR-5761,C500063,cash withdrawal,727.04,CAD
CA00030855,2025-04-07,BR021,TLR-6699,C502864,cash deposit,2806.7,CAD
CA00034946,2025-04-20,BR040,TLR-4647,C503977,cash withdrawal,2484.72,CAD
CA00027179,2025-04-27,BR003,TLR-2656,C501067,cash deposit,2240.63,CAD
CA00028345,2025-04-01,BR008,TLR-2742,C501774,cash deposit,1070.6,CAD
CA00031159,2025-04-01,BR024,TLR-8852,C502860,cash deposit,2824.18,CAD
CA00029856,2025-04-25,BR016,TLR-7766,C502705,cash withdrawal,710.87,CAD
CA00034656,2025-04-26,BR040,TLR-6404,C503020,cash withdrawal,1337.04,CAD
CA00030498,2025-04-12,BR019,TLR-4108,C503198,cash deposit,1458.23,CAD
CA00034825,2025-04-24,BR040,TLR-7491,C503942,cash deposit,1636.8,CAD
CA00034702,2025-04-29,BR040,TLR-1287,C502266,cash deposit,1969.96,CAD
CA00031342,2025-04-29,BR024,TLR-4718,C500520,cash deposit,364.19,CAD
CA00030412,2025-04-23,BR019,TLR-1981,C500684,cash deposit,792.98,CAD
CA00030646,2025-04-18,BR020,TLR-2274,C503669,cash withdrawal,240.91,USD
CA00029940,2025-04-28,BR017,TLR-9888,C502898,cash deposit,1080.64,CAD
CA00029849,2025-04-16,BR016,TLR-5361,C503596,cash withdrawal,636.58,CAD
CA00029432,2025-04-27,BR015,TLR-7766,C500191,cash deposit,591.41,CAD
CA00032013,2025-04-25,BR027,TLR-4421,C500377,cash deposit,456.17,CAD
CA00027788,2025-04-17,BR006,TLR-1617,C503278,cash deposit,467.68,CAD
CA00028029,2025-04-12,BR007,TLR-2256,C501062,cash withdrawal,655.41,CAD
CA00034430,2025-04-14,BR039,TLR-9189,C503238,cash withdrawal,2917.4,CAD
CA00030540,2025-04-01,BR019,TLR-1050,C501661,cash deposit,678.23,CAD
CA00027022,2025-04-19,BR002,TLR-9792,C501152,cash withdrawal,-3906.73,CAD
CA00030186,2025-04-11,BR018,TLR-3241,C500232,cash withdrawal,1874.39,CAD
CA00031974,2025-04-22,BR027,TLR-1403,C503337,cash deposit,305.31,CAD
CA00027894,2025-04-20,BR006,TLR-4849,C500153,cash deposit,3134.26,CAD
CA00029600,2025-04-20,BR015,TLR-4947,C501644,cash withdrawal,1450.56,CAD
CA00029682,2025-04-21,BR016,TLR-1534,C503292,cash deposit,996.25,CAD
CA00028578,2025-04-08,BR010,TLR-1888,C501710,cash withdrawal,419.75,CAD
CA00034837,2025-04-21,BR040,TLR-8181,C503036,cash deposit,2685.55,CAD
CA00032875,2025-04-10,BR032,TLR-6002,C501472,cash withdrawal,266.78,CAD
CA00029718,2025-04-12,BR016,TLR-2865,C502477,cash deposit,1637.47,CAD
CA00033469,2025-04-07,BR035,TLR-4371,C500744,cash withdrawal,1905.36,CAD
CA00031173,2025-04-20,BR024,TLR-9851,C503427,cash deposit,2943.63,CAD
CA00035112,2025-04-21,BR040,TLR-9207,C500911,cash deposit,1594.83,CAD
CA00031767,2025-04-04,BR026,TLR-1065,C502166,cash deposit,799.59,CAD
CA00031174,2025-04-28,BR024,TLR-9186,C503321,cash withdrawal,1557.0,CAD
CA00030030,2025-04-25,BR017,TLR-1622,C502466,cash deposit,229.75,CAD
CA00032971,2025-04-25,BR032,TLR-2595,C503197,cash deposit,833.94,CAD
CA00029969,2025-04-30,BR017,TLR-3456,C502586,cash deposit,2460.08,CAD
CA00032472,2025-04-03,BR030,TLR-4222,C501177,cash deposit,338.57,CAD
CA00027944,2025-04-18,BR006,TLR-6514,C501267,cash withdrawal,497.88,CAD
CA00028295,2025-04-07,BR008,TLR-5242,C501818,cash withdrawal,1478.31,CAD
CA00033823,2025-04-07,BR036,TLR-8123,C503499,cash deposit,520.29,CAD
CA00029843,2025-04-09,BR016,TLR-7998,C500037,cash withdrawal,771.4,CAD
CA00029221,2025-04-14,BR014,TLR-8937,C501986,cash deposit,1639.71,CAD
CA00035106,2025-04-13,BR040,TLR-2459,C502740,cash deposit,1854.88,CAD
CA00032808,2025-04-29,BR031,TLR-4027,C503601,cash deposit,325.97,CAD
CA00031999,2025-04-02,BR027,TLR-8814,C503316,cash deposit,930.99,CAD
CA00032440,2025-04-06,BR030,TLR-2986,C502161,cash withdrawal,417.24,CAD
CA00031953,2025-04-13,BR027,TLR-1691,C501828,cash withdrawal,912.06,CAD
CA00028074,2025-04-13,BR007,TLR-9017,C502057,cash withdrawal,1029.51,CAD
CA00027187,2025-04-10,BR003,TLR-9256,C503631,cash deposit,342.36,CAD
CA00035406,2025-04-27,BR040,TLR-4399,C503410,cash withdrawal,661.85,CAD
CA00033057,2025-04-08,BR033,TLR-8070,C500073,cash withdrawal,783.33,CAD
CA00026609,2025-04-22,BR001,TLR-3769,C500482,cash withdrawal,596.49,CAD
CA00029305,2025-04-15,BR014,TLR-6342,C502342,cash withdrawal,1639.9,CAD
CA00029094,2025-04-30,BR013,TLR-6175,C503168,cash withdrawal,1598.98,CAD
CA00032818,2025-04-13,BR031,TLR-2436,C501984,cash deposit,489.66,CAD
CA00028085,2025-04-02,BR007,TLR-4441,C503901,cash withdrawal,3174.4,CAD
CA00027969,2025-04-01,BR006,TLR-7213,C500434,cash withdrawal,1956.92,CAD
CA00026659,2025-04-06,BR001,TLR-5642,C501506,cash deposit,1808.3,CAD
CA00027536,2025-04-11,BR004,TLR-7525,C500036,cash withdrawal,832.9,CAD
CA00035266,2025-04-03,BR040,TLR-6182,C501084,cash deposit,800.17,CAD
CA00033760,2025-04-22,BR036,TLR-4847,C501785,cash withdrawal,2703.64,CAD
CA00035289,2025-04-01,BR040,TLR-1307,C501645,cash deposit,303.48,CAD
CA00030115,2025-04-21,BR018,TLR-7638,C503573,cash deposit,1057.21,CAD
CA00027878,2025-04-12,BR006,TLR-2936,C500481,cash deposit,2423.87,CAD
CA00027005,2025-04-04,BR002,TLR-8036,C503560,cash deposit,1167.68,CAD
CA00030457,2025-04-23,BR019,TLR-7648,C502679,cash withdrawal,1346.74,CAD
CA00030445,2025-04-25,BR019,TLR-1652,C500463,cash deposit,2097.6,CAD
CA00029498,2025-04-22,BR015,TLR-5992,C500783,cash withdrawal,1451.25,CAD
CA00030123,2025-04-08,BR018,TLR-5334,C503772,cash deposit,837.91,CAD
CA00031165,2025-04-29,BR024,TLR-9696,C501908,cash deposit,1612.56,CAD
CA00033877,2025-04-13,BR036,TLR-1450,C502243,cash deposit,1629.73,CAD
CA00030732,2025-04-20,BR020,TLR-4548,C502496,cash deposit,3146.02,USD
CA00032279,2025-04-10,BR029,TLR-9365,C503070,cash withdrawal,395.46,CAD
CA00034726,2025-04-05,BR040,TLR-7368,C503301,cash deposit,870.85,CAD
CA00027153,2025-04-20,BR003,TLR-4522,C500319,cash withdrawal,646.22,CAD
CA00032386,2025-04-21,BR030,TLR-3808,C503472,cash deposit,1519.54,CAD
CA00034627,2025-04-17,BR040,TLR-7333,C501350,cash deposit,241.77,CAD
CA00034499,2025-04-08,BR039,TLR-5311,C501569,cash withdrawal,1331.91,CAD
CA00026726,2025-04-16,BR001,TLR-6153,C501965,cash deposit,1630.59,CAD
CA00033511,2025-04-06,BR035,TLR-8196,C500367,cash deposit,1661.36,CAD
CA00031228,2025-04-09,BR024,TLR-1809,C502442,cash deposit,533.65,CAD
CA00028591,2025-04-18,BR010,TLR-5694,C501869,cash withdrawal,697.45,CAD
CA00031482,2025-04-27,BR025,TLR-6647,C500100,cash withdrawal,-732.91,CAD
CA00030975,2025-04-28,BR022,TLR-5781,C501416,cash deposit,2267.52,CAD
CA00031067,2025-04-04,BR023,TLR-2500,C503374,cash withdrawal,1308.13,CAD
CA00032576,2025-04-24,BR030,TLR-9249,C500692,cash deposit,1208.71,CAD
CA00034065,2025-04-25,BR037,TLR-8863,C501984,cash deposit,792.82,CAD
CA00033855,2025-04-26,BR036,TLR-5961,C501519,cash deposit,2425.91,CAD
CA00028214,2025-04-11,BR008,TLR-1304,C503064,cash deposit,743.8,CAD
CA00028022,2025-04-04,BR007,TLR-2992,C501789,cash withdrawal,717.66,CAD
CA00029431,2025-04-21,BR015,TLR-4451,C501054,cash withdrawal,379.11,CAD
CA00029253,2025-04-05,BR014,TLR-5916,C502820,cash deposit,748.3,CAD
CA00028430,2025-04-15,BR008,TLR-3483,C500949,cash withdrawal,1021.07,CAD
CA00026800,2025-04-01,BR001,TLR-3143,C503532,cash deposit,773.01,CAD
CA00027388,2025-04-30,BR004,TLR-6759,C500434,cash withdrawal,1625.49,CAD
CA00034840,2025-04-07,BR040,TLR-8414,C502244,cash withdrawal,755.06,CAD
CA00033421,2025-04-01,BR035,TLR-8078,C502527,cash deposit,1198.22,CAD
CA00030601,2025-04-06,BR019,TLR-4219,C503245,cash deposit,1098.58,CAD
CA00032789,2025-04-20,BR031,TLR-1815,C501728,cash withdrawal,4388.95,CAD
CA00026868,2025-04-06,BR001,TLR-2994,C503672,cash deposit,652.61,CAD
CA00031503,2025-04-11,BR025,TLR-1149,C503377,cash deposit,1767.59,CAD
CA00028880,2025-04-04,BR012,TLR-2272,C501749,cash withdrawal,478.48,CAD
CA00032351,2025-04-10,BR030,TLR-8735,C502098,cash withdrawal,1091.37,CAD
CA00031986,2025-04-04,BR027,TLR-5995,C503590,cash withdrawal,1452.03,CAD
CA00031981,2025-04-13,BR027,TLR-3376,C502243,cash withdrawal,868.5,CAD
CA00029852,2025-04-12,BR016,TLR-2137,C501348,cash deposit,904.93,CAD
CA00030154,2025-04-10,BR018,TLR-3689,C503173,cash deposit,1766.73,CAD
CA00030898,2025-04-25,BR021,TLR-3406,C502615,cash withdrawal,1508.67,CAD
CA00027152,2025-04-09,BR003,TLR-9872,C503682,cash withdrawal,1643.72,CAD
CA00033989,2025-04-12,BR037,TLR-3646,C500195,cash deposit,2171.7,CAD
CA00027692,2025-04-11,BR006,TLR-8269,C502477,cash withdrawal,921.23,CAD
CA00027990,2025-04-03,BR007,TLR-3685,C501882,cash withdrawal,1015.81,CAD
CA00029954,2025-04-07,BR017,TLR-6997,C502855,cash withdrawal,290.52,CAD
CA00030345,2025-04-03,BR019,TLR-6491,C503127,cash deposit,545.89,CAD
CA00032496,2025-04-22,BR030,TLR-6929,C502686,cash withdrawal,1057.98,CAD
CA00033898,2025-04-20,BR036,TLR-9977,C500498,cash deposit,1115.78,CAD
CA00028393,2025-04-26,BR008,TLR-5475,C502602,cash withdrawal,1011.01,CAD
CA00034412,2025-04-19,BR039,TLR-8300,C502773,cash deposit,1169.15,CAD
CA00028829,2025-04-06,BR011,TLR-4757,C501346,cash withdrawal,1015.8,CAD
CA00028438,2025-04-14,BR008,TLR-8292,C501976,cash deposit,1863.4,CAD
CA00035068,2025-04-20,BR040,TLR-5411,C500280,cash withdrawal,1850.45,CAD
CA00030427,2025-04-26,BR019,TLR-3253,C500486,cash withdrawal,1074.85,CAD
CA00032900,2025-04-25,BR032,TLR-6061,C501109,cash deposit,411.71,CAD
CA00029827,2025-04-26,BR016,TLR-5086,C501393,cash deposit,869.19,CAD
CA00034047,2025-04-08,BR037,TLR-1805,C500895,cash deposit,1064.13,CAD
CA00034090,2025-04-18,BR037,TLR-9025,C502683,cash deposit,1185.38,CAD
CA00031150,2025-04-09,BR024,TLR-9929,C502652,cash withdrawal,652.91,CAD
CA00032741,2025-04-27,BR031,TLR-6096,C500492,cash withdrawal,1320.23,CAD
CA00028831,2025-04-06,BR011,TLR-2199,C503876,cash deposit,312.57,CAD
CA00027142,2025-04-17,BR003,TLR-6690,C503861,cash withdrawal,1234.25,CAD
CA00028462,2025-04-18,BR009,TLR-4612,C500336,cash withdrawal,385.2,CAD
CA00034350,2025-04-13,BR038,TLR-6499,C502558,cash withdrawal,2785.34,CAD
CA00026787,2025-04-03,BR001,TLR-5618,C500331,cash deposit,938.8,CAD
CA00031710,2025-04-05,BR026,TLR-6589,C502201,cash withdrawal,-1073.19,CAD
CA00033761,2025-04-06,BR036,TLR-8171,C503487,cash deposit,1365.22,CAD
CA00035246,2025-04-15,BR040,TLR-6633,C501041,cash deposit,781.41,CAD
CA00030748,2025-04-02,BR020,TLR-3693,C503358,cash withdrawal,1851.21,USD
CA00031105,2025-04-13,BR023,TLR-4676,C500185,cash deposit,434.16,CAD
CA00029887,2025-04-27,BR017,TLR-9510,C501222,cash withdrawal,1521.17,CAD
CA00030932,2025-04-03,BR021,TLR-5978,C503793,cash withdrawal,851.93,CAD
CA00032558,2025-04-28,BR030,TLR-7860,C501481,cash deposit,948.04,CAD
CA00033039,2025-04-13,BR033,TLR-5592,C503443,cash withdrawal,326.83,CAD
CA00032909,2025-04-23,BR032,TLR-3891,C502853,cash deposit,286.02,CAD
CA00029490,2025-04-28,BR015,TLR-3304,C503560,cash deposit,2176.89,CAD
CA00033199,2025-04-17,BR034,TLR-5775,C501536,cash withdrawal,3179.33,CAD
CA00032278,2025-04-28,BR029,TLR-6267,C503612,cash deposit,396.89,CAD
CA00028063,2025-04-27,BR007,TLR-1631,C501668,cash deposit,271.16,CAD
CA00029371,2025-04-17,BR014,TLR-2915,C502001,cash withdrawal,1403.79,CAD
CA00030232,2025-04-14,BR019,TLR-9051,C502168,cash withdrawal,660.13,CAD
CA00033585,2025-04-12,BR036,TLR-5352,C500341,cash withdrawal,982.59,CAD
CA00029364,2025-04-13,BR014,TLR-2857,C500871,cash deposit,1231.85,CAD
CA00028605,2025-04-23,BR010,TLR-1362,C501478,cash withdrawal,731.89,CAD
CA00031982,2025-04-22,BR027,TLR-5348,C500181,cash withdrawal,478.23,CAD
CA00027577,2025-04-04,BR004,TLR-9128,C500951,cash deposit,2044.73,CAD
CA00028695,2025-04-07,BR010,TLR-6180,C500795,cash withdrawal,419.97,CAD
CA00033849,2025-04-27,BR036,TLR-2398,C500326,cash withdrawal,2342.99,CAD
CA00033728,2025-04-19,BR036,TLR-7157,C503837,cash withdrawal,808.55,CAD
CA00027127,2025-04-15,BR003,TLR-8765,C503521,cash withdrawal,2404.39,CAD
CA00032274,2025-04-10,BR029,TLR-2043,C502909,cash deposit,2242.87,CAD
CA00027645,2025-04-01,BR005,TLR-6471,C502766,cash withdrawal,798.7,CAD
CA00027447,2025-04-26,BR004,TLR-6919,C501989,cash deposit,1659.4,CAD
CA00026869,2025-04-14,BR001,TLR-4028,C501469,cash withdrawal,316.3,CAD
CA00031772,2025-04-27,BR026,TLR-4024,C503426,cash deposit,1333.31,CAD
CA00030561,2025-04-04,BR019,TLR-2431,C501889,cash withdrawal,1146.17,CAD
CA00033007,2025-04-04,BR032,TLR-4071,C503695,cash withdrawal,1200.06,CAD
CA00029881,2025-04-05,BR017,TLR-2605,C503582,cash withdrawal,1285.1,CAD
CA00031261,2025-04-16,BR024,TLR-9452,C502433,cash deposit,803.18,CAD
CA00035290,2025-04-02,BR040,TLR-6193,C500110,cash deposit,1090.72,CAD
CA00026840,2025-04-19,BR001,TLR-3794,C501676,cash withdrawal,865.16,CAD
CA00032542,2025-04-04,BR030,TLR-7244,C502504,cash deposit,874.45,CAD
CA00028552,2025-04-14,BR009,TLR-6036,C500927,cash withdrawal,1071.29,CAD
CA00029060,2025-04-21,BR012,TLR-1591,C502766,cash withdrawal,2860.49,CAD
CA00026728,2025-04-18,BR001,TLR-5919,C503084,cash withdrawal,1042.55,CAD
CA00031209,2025-04-07,BR024,TLR-5936,C501167,cash withdrawal,293.53,CAD
CA00028426,2025-04-25,BR008,TLR-2963,C501245,cash deposit,536.29,CAD
CA00033300,2025-04-21,BR034,TLR-8967,C503074,cash withdrawal,443.41,CAD
CA00028369,2025-04-02,BR008,TLR-1077,C502541,cash withdrawal,1721.53,CAD
CA00030400,2025-04-13,BR019,TLR-3694,C502870,cash deposit,1074.21,CAD
CA00030102,2025-04-06,BR017,TLR-7331,C500616,cash deposit,2697.81,CAD
CA00026576,2025-04-04,BR001,TLR-1771,C503894,cash withdrawal,860.04,CAD
CA00031328,2025-04-13,BR024,TLR-8321,C501699,cash deposit,1028.8,CAD
CA00034655,2025-04-22,BR040,TLR-7826,C500470,cash withdrawal,1083.58,CAD
CA00032424,2025-04-04,BR030,TLR-5468,C502713,cash deposit,1463.13,CAD
CA00029110,2025-04-18,BR013,TLR-8042,C501821,cash deposit,1016.82,CAD
CA00028158,2025-04-03,BR007,TLR-7388,C501753,cash withdrawal,191.69,CAD
CA00028626,2025-04-03,BR010,TLR-8983,C502015,cash withdrawal,1270.75,CAD
CA00028677,2025-04-18,BR010,TLR-4856,C500215,cash deposit,2597.07,CAD
CA00035336,2025-04-10,BR040,TLR-3874,C503178,cash withdrawal,1186.19,CAD
CA00029042,2025-04-12,BR012,TLR-9739,C503232,cash deposit,844.32,CAD
CA00029006,2025-04-27,BR012,TLR-3894,C501848,cash deposit,1294.19,CAD
CA00035041,2025-04-30,BR040,TLR-3236,C502443,cash deposit,1453.82,CAD
CA00029570,2025-04-15,BR015,TLR-1865,C502825,cash withdrawal,700.75,CAD
CA00029184,2025-04-03,BR014,TLR-8397,C502772,cash withdrawal,2058.68,CAD
CA00027237,2025-04-19,BR003,TLR-1663,C501416,cash withdrawal,194.99,CAD
CA00033482,2025-04-14,BR035,TLR-3185,C500329,cash deposit,915.79,CAD
CA00032560,2025-04-24,BR030,TLR-5826,C503238,cash deposit,1174.45,CAD
CA00031898,2025-04-22,BR027,TLR-8471,C501985,cash deposit,1028.14,CAD
CA00030767,2025-04-03,BR020,TLR-8397,C502411,cash withdrawal,764.93,USD
CA00030837,2025-04-16,BR021,TLR-4161,C503597,cash withdrawal,230.04,CAD
CA00032872,2025-04-16,BR032,TLR-2162,C501013,cash deposit,678.72,CAD
CA00031001,2025-04-07,BR022,TLR-8775,C501576,cash withdrawal,1693.41,CAD
CA00030800,2025-04-08,BR021,TLR-7243,C502523,cash withdrawal,1979.26,CAD
CA00031594,2025-04-21,BR025,TLR-3736,C502191,cash withdrawal,-1185.68,CAD
CA00026579,2025-04-19,BR001,TLR-5228,C502491,cash deposit,3234.01,CAD
CA00030746,2025-04-01,BR020,TLR-4821,C500875,cash withdrawal,1043.01,USD
CA00034927,2025-04-17,BR040,TLR-4288,C502512,cash deposit,2387.92,CAD
CA00030598,2025-04-26,BR019,TLR-4269,C503579,cash withdrawal,742.06,CAD
CA00033968,2025-04-15,BR037,TLR-4760,C501090,cash deposit,1025.35,CAD
CA00026763,2025-04-30,BR001,TLR-1516,C501061,cash withdrawal,3562.53,CAD
CA00029215,2025-04-14,BR014,TLR-1262,C503594,cash withdrawal,1520.25,CAD
CA00033237,2025-04-09,BR034,TLR-9161,C502551,cash deposit,1047.65,CAD
CA00033551,2025-04-16,BR035,TLR-1556,C502576,cash withdrawal,1409.07,CAD
CA00035313,2025-04-17,BR040,TLR-4053,C503585,cash deposit,1461.4,CAD
CA00028836,2025-04-11,BR011,TLR-5079,C501218,cash withdrawal,1500.18,CAD
CA00034869,2025-04-13,BR040,TLR-8383,C501935,cash withdrawal,1088.02,CAD
CA00031230,2025-04-20,BR024,TLR-4805,C503666,cash deposit,1389.49,CAD
CA00033043,2025-04-27,BR033,TLR-1665,C501705,cash withdrawal,1196.05,CAD
CA00034022,2025-04-15,BR037,TLR-5642,C500019,cash deposit,880.65,CAD
CA00029078,2025-04-18,BR012,TLR-8376,C502009,cash withdrawal,1552.38,CAD
CA00034459,2025-04-09,BR039,TLR-9863,C503641,cash withdrawal,754.9,CAD
CA00028924,2025-04-10,BR012,TLR-6244,C503184,cash withdrawal,396.79,CAD
CA00028977,2025-04-23,BR012,TLR-4339,C502636,cash deposit,728.36,CAD
CA00031321,2025-04-25,BR024,TLR-1041,C503092,cash deposit,1650.33,CAD
CA00027854,2025-04-24,BR006,TLR-3298,C502119,cash withdrawal,446.56,CAD
CA00032488,2025-04-01,BR030,TLR-5834,C500311,cash withdrawal,448.6,CAD
CA00027014,2025-04-17,BR002,TLR-9398,C500883,cash deposit,535.87,CAD
CA00031322,2025-04-20,BR024,TLR-1034,C501292,cash withdrawal,359.18,CAD
CA00030117,2025-04-13,BR018,TLR-6031,C503221,cash deposit,1423.84,CAD
CA00027364,2025-04-25,BR004,TLR-4488,C503967,cash deposit,1728.71,CAD
CA00029669,2025-04-07,BR015,TLR-7496,C503827,cash deposit,1975.57,CAD
CA00029583,2025-04-14,BR015,TLR-2783,C501189,cash withdrawal,697.85,CAD
CA00031405,2025-04-13,BR024,TLR-5679,C503202,cash deposit,4212.15,CAD
CA00027275,2025-04-11,BR003,TLR-6125,C503381,cash withdrawal,3502.13,CAD
CA00035366,2025-04-05,BR040,TLR-8697,C503559,cash deposit,788.76,CAD
CA00033541,2025-04-29,BR035,TLR-7620,C501802,cash deposit,530.18,CAD
CA00034172,2025-04-21,BR037,TLR-1771,C503993,cash withdrawal,634.83,CAD
CA00035133,2025-04-20,BR040,TLR-8433,C500511,cash withdrawal,381.21,CAD
CA00026879,2025-04-24,BR001,TLR-1291,C501101,cash withdrawal,1076.47,CAD
CA00028072,2025-04-24,BR007,TLR-3550,C500218,cash deposit,680.54,CAD
CA00034561,2025-04-13,BR039,TLR-8846,C502349,cash withdrawal,334.59,CAD
CA00029964,2025-04-18,BR017,TLR-3459,C501129,cash deposit,571.56,CAD
CA00028321,2025-04-13,BR008,TLR-6862,C503715,cash deposit,250.23,CAD
CA00029539,2025-04-27,BR015,TLR-4007,C500763,cash withdrawal,667.91,CAD
CA00034862,2025-04-22,BR040,TLR-2936,C500228,cash withdrawal,808.19,CAD
CA00031773,2025-04-29,BR026,TLR-1468,C501921,cash withdrawal,-747.8,CAD
CA00033276,2025-04-14,BR034,TLR-6696,C503309,cash deposit,459.38,CAD
CA00034266,2025-04-18,BR038,TLR-5879,C503318,cash withdrawal,675.93,CAD
CA00035296,2025-04-24,BR040,TLR-2777,C503636,cash withdrawal,1305.15,CAD
CA00035043,2025-04-07,BR040,TLR-9654,C503393,cash deposit,917.03,CAD
CA00031106,2025-04-29,BR023,TLR-2684,C503854,cash deposit,420.03,CAD
CA00028147,2025-04-18,BR007,TLR-3683,C503154,cash deposit,1969.23,CAD
CA00035236,2025-04-04,BR040,TLR-3057,C501610,cash deposit,1147.89,CAD
CA00026714,2025-04-27,BR001,TLR-1486,C502866,cash withdrawal,1860.86,CAD
CA00035257,2025-04-05,BR040,TLR-7609,C501197,cash deposit,798.39,CAD
CA00029705,2025-04-22,BR016,TLR-1376,C501836,cash withdrawal,532.26,CAD
CA00030579,2025-04-01,BR019,TLR-8694,C501734,cash withdrawal,719.28,CAD
CA00028586,2025-04-07,BR010,TLR-3278,C503129,cash withdrawal,351.58,CAD
CA00032150,2025-04-11,BR028,TLR-6628,C501031,cash withdrawal,1849.4,CAD
CA00026848,2025-04-29,BR001,TLR-5306,C503998,cash withdrawal,951.44,CAD
CA00033450,2025-04-10,BR035,TLR-4145,C501618,cash deposit,4230.2,CAD
CA00029365,2025-04-21,BR014,TLR-1851,C501431,cash deposit,974.39,CAD
CA00031464,2025-04-13,BR025,TLR-5081,C502825,cash withdrawal,-1415.28,CAD
CA00032503,2025-04-23,BR030,TLR-6353,C502029,cash withdrawal,3903.34,CAD
CA00034046,2025-04-27,BR037,TLR-7389,C501761,cash withdrawal,213.38,CAD
CA00032839,2025-04-10,BR031,TLR-3090,C500592,cash withdrawal,1230.46,CAD
CA00030224,2025-04-05,BR018,TLR-4682,C501445,cash deposit,1224.64,CAD
CA00030656,2025-04-17,BR020,TLR-2072,C501896,cash withdrawal,3397.25,USD
CA00031575,2025-04-28,BR025,TLR-9536,C501620,cash withdrawal,-3671.16,CAD
CA00027783,2025-04-14,BR006,TLR-3926,C502162,cash deposit,442.09,CAD
CA00032891,2025-04-04,BR032,TLR-4261,C500329,cash withdrawal,881.38,CAD
CA00027402,2025-04-09,BR004,TLR-8691,C503338,cash withdrawal,2145.96,CAD
CA00031210,2025-04-18,BR024,TLR-4917,C501803,cash deposit,723.04,CAD
CA00035226,2025-04-25,BR040,TLR-8004,C501291,cash withdrawal,2692.2,CAD
CA00029451,2025-04-21,BR015,TLR-6524,C502720,cash withdrawal,3787.44,CAD
CA00027568,2025-04-30,BR004,TLR-4268,C501298,cash deposit,4626.2,CAD
CA00032053,2025-04-02,BR028,TLR-2863,C503325,cash withdrawal,1292.49,CAD
CA00031477,2025-04-29,BR025,TLR-4324,C500331,cash deposit,792.3,CAD
CA00031274,2025-04-09,BR024,TLR-6213,C503383,cash deposit,2205.47,CAD
CA00027859,2025-04-06,BR006,TLR-6053,C503378,cash deposit,322.53,CAD
CA00030619,2025-04-24,BR020,TLR-6210,C500603,cash withdrawal,594.13,USD
CA00027622,2025-04-19,BR005,TLR-7277,C501762,cash withdrawal,962.64,CAD
CA00026588,2025-04-14,BR001,TLR-9507,C501676,cash deposit,671.57,CAD
CA00028889,2025-04-13,BR012,TLR-4491,C502913,cash deposit,709.39,CAD
CA00028507,2025-04-11,BR009,TLR-4204,C502289,cash withdrawal,2188.26,CAD
CA00032939,2025-04-03,BR032,TLR-4246,C501843,cash deposit,378.35,CAD
CA00028451,2025-04-21,BR009,TLR-4059,C503471,cash deposit,541.15,CAD
CA00031671,2025-04-24,BR026,TLR-5729,C503568,cash withdrawal,-1676.19,CAD
CA00034351,2025-04-01,BR038,TLR-3494,C503328,cash deposit,1147.02,CAD
CA00033022,2025-04-25,BR033,TLR-3761,C500273,cash withdrawal,608.96,CAD
CA00029149,2025-04-26,BR013,TLR-4478,C500364,cash withdrawal,313.13,CAD
CA00029035,2025-04-08,BR012,TLR-5935,C502816,cash withdrawal,961.61,CAD
CA00031267,2025-04-15,BR024,TLR-8337,C503664,cash deposit,673.68,CAD
CA00027499,2025-04-17,BR004,TLR-9082,C502802,cash deposit,2302.58,CAD
CA00027438,2025-04-11,BR004,TLR-3506,C500747,cash withdrawal,389.29,CAD
CA00031361,2025-04-29,BR024,TLR-8890,C502733,cash deposit,200.63,CAD
CA00053298,2025-04-03,BR001,TLR-2653,W943921,cash withdrawal,212.73,CAD
CA00032983,2025-04-16,BR032,TLR-9765,C502915,cash deposit,919.07,CAD
CA00026987,2025-04-23,BR002,TLR-3221,C502546,cash withdrawal,-866.54,CAD
CA00032713,2025-04-10,BR031,TLR-4880,C502672,cash deposit,533.55,CAD
CA00034858,2025-04-25,BR040,TLR-8083,C502829,cash withdrawal,396.71,CAD
CA00029392,2025-04-07,BR014,TLR-2738,C503191,cash withdrawal,521.09,CAD
CA00031663,2025-04-06,BR026,TLR-1864,C500227,cash withdrawal,-1365.2,CAD
CA00028946,2025-04-20,BR012,TLR-3513,C501082,cash withdrawal,1651.35,CAD
CA00034411,2025-04-11,BR039,TLR-1338,C502759,cash deposit,1380.66,CAD
CA00030399,2025-04-11,BR019,TLR-3750,C503909,cash deposit,1581.92,CAD
CA00029808,2025-04-23,BR016,TLR-3986,C501143,cash withdrawal,394.96,CAD
CA00034144,2025-04-03,BR037,TLR-7306,C502776,cash deposit,228.37,CAD
CA00027013,2025-04-05,BR002,TLR-8269,C500598,cash deposit,653.95,CAD
CA00027641,2025-04-23,BR005,TLR-2208,C503815,cash deposit,265.77,CAD
CA00032403,2025-04-02,BR030,TLR-1290,C500519,cash deposit,564.27,CAD
CA00028152,2025-04-20,BR007,TLR-3221,C503620,cash withdrawal,517.98,CAD
CA00034410,2025-04-01,BR039,TLR-5220,C500480,cash deposit,338.18,CAD
CA00031823,2025-04-18,BR026,TLR-5336,C500273,cash withdrawal,-1322.9,CAD
CA00033273,2025-04-09,BR034,TLR-2094,C500590,cash withdrawal,1196.87,CAD
CA00033265,2025-04-07,BR034,TLR-8356,C501921,cash withdrawal,604.54,CAD
CA00026934,2025-04-12,BR002,TLR-5585,C500290,cash deposit,670.56,CAD
CA00028482,2025-04-02,BR009,TLR-3293,C501012,cash deposit,1695.67,CAD
CA00027238,2025-04-01,BR003,TLR-5797,C500438,cash deposit,465.03,CAD
CA00031126,2025-04-30,BR023,TLR-1047,C503658,cash deposit,981.22,CAD
CA00032480,2025-04-08,BR030,TLR-7983,C500442,cash withdrawal,486.81,CAD
CA00031056,2025-04-25,BR023,TLR-3051,C502884,cash deposit,766.06,CAD
CA00030696,2025-04-07,BR020,TLR-5298,C501953,cash deposit,1744.01,USD
CA00033123,2025-04-13,BR033,TLR-6642,C500785,cash withdrawal,1553.94,CAD
CA00033736,2025-04-15,BR036,TLR-7032,C502381,cash deposit,1922.05,CAD
CA00029177,2025-04-24,BR014,TLR-4892,C502805,cash withdrawal,299.04,CAD
CA00030277,2025-04-17,BR019,TLR-7513,C502584,cash withdrawal,1730.41,CAD
CA00034569,2025-04-10,BR039,TLR-8014,C501548,cash withdrawal,1790.53,CAD
CA00027877,2025-04-12,BR006,TLR-2034,C502134,cash withdrawal,202.12,CAD
CA00030028,2025-04-07,BR017,TLR-7086,C500152,cash withdrawal,418.88,CAD
CA00035025,2025-04-02,BR040,TLR-3335,C500181,cash deposit,530.65,CAD
CA00029179,2025-04-30,BR014,TLR-4939,C503871,cash deposit,391.62,CAD
CA00032038,2025-04-11,BR027,TLR-7406,C503999,cash withdrawal,9191.38,CAD
CA00027563,2025-04-06,BR004,TLR-7590,C502728,cash deposit,374.2,CAD
CA00028189,2025-04-12,BR007,TLR-9561,C501063,cash withdrawal,688.21,CAD
CA00031170,2025-04-12,BR024,TLR-3781,C501575,cash withdrawal,240.35,CAD
CA00030729,2025-04-10,BR020,TLR-7135,C503238,cash deposit,1063.53,USD
CA00034864,2025-04-05,BR040,TLR-3435,C503624,cash deposit,679.23,CAD
CA00030121,2025-04-07,BR018,TLR-4845,C503990,cash withdrawal,490.45,CAD
CA00033052,2025-04-17,BR033,TLR-1988,C500205,cash deposit,1136.04,CAD
CA00033249,2025-04-30,BR034,TLR-5904,C501488,cash deposit,481.77,CAD
CA00032452,2025-04-08,BR030,TLR-1032,C501539,cash deposit,440.18,CAD
CA00031372,2025-04-13,BR024,TLR-1419,C503960,cash withdrawal,1345.41,CAD
CA00032966,2025-04-28,BR032,TLR-5068,C503205,cash withdrawal,1869.53,CAD
CA00032748,2025-04-16,BR031,TLR-6574,C500743,cash deposit,1022.53,CAD
CA00028806,2025-04-11,BR011,TLR-7322,C503351,cash deposit,2316.72,CAD
CA00027974,2025-04-09,BR007,TLR-8711,C500925,cash deposit,877.58,CAD
CA00035052,2025-04-09,BR040,TLR-2785,C501698,cash withdrawal,3767.17,CAD
CA00030831,2025-04-07,BR021,TLR-8718,C501446,cash withdrawal,1305.65,CAD
CA00028346,2025-04-12,BR008,TLR-1086,C500568,cash withdrawal,727.76,CAD
CA00031613,2025-04-17,BR026,TLR-5740,C501059,cash withdrawal,-649.69,CAD
CA00033720,2025-04-25,BR036,TLR-5997,C501991,cash deposit,1717.85,CAD
CA00034225,2025-04-05,BR038,TLR-1101,C500421,cash deposit,786.05,CAD
CA00032483,2025-04-12,BR030,TLR-1092,C500510,cash withdrawal,1406.44,CAD
CA00031207,2025-04-18,BR024,TLR-2181,C500242,cash withdrawal,1514.65,CAD
CA00029918,2025-04-11,BR017,TLR-1986,C502975,cash withdrawal,1365.35,CAD
CA00033462,2025-04-12,BR035,TLR-5540,C502691,cash withdrawal,1113.89,CAD
CA00032361,2025-04-10,BR030,TLR-2194,C501527,cash deposit,189.69,CAD
CA00032505,2025-04-01,BR030,TLR-5956,C501086,cash withdrawal,302.39,CAD
CA00031692,2025-04-06,BR026,TLR-5143,C503234,cash deposit,641.91,CAD
CA00027052,2025-04-02,BR002,TLR-8458,C501927,cash withdrawal,-240.92,CAD
CA00032598,2025-04-06,BR030,TLR-5169,C500599,cash deposit,602.71,CAD
CA00035319,2025-04-03,BR040,TLR-3162,C501214,cash deposit,1244.12,CAD
CA00030391,2025-04-21,BR019,TLR-2564,C502171,cash deposit,1280.06,CAD
CA00030440,2025-04-20,BR019,TLR-7474,C503944,cash withdrawal,1306.03,CAD
CA00028277,2025-04-29,BR008,TLR-4763,C501992,cash deposit,594.72,CAD
CA00030176,2025-04-13,BR018,TLR-4095,C500170,cash withdrawal,1503.82,CAD
CA00027285,2025-04-13,BR003,TLR-2817,C500081,cash withdrawal,1534.88,CAD
CA00033277,2025-04-10,BR034,TLR-9053,C502632,cash withdrawal,447.18,CAD
CA00031294,2025-04-27,BR024,TLR-3880,C500420,cash withdrawal,1168.77,CAD
CA00033957,2025-04-06,BR037,TLR-6564,C502369,cash withdrawal,664.14,CAD
CA00034814,2025-04-22,BR040,TLR-7858,C502393,cash withdrawal,666.33,CAD
CA00031949,2025-04-15,BR027,TLR-9534,C500354,cash deposit,726.24,CAD
CA00034876,2025-04-16,BR040,TLR-5711,C503104,cash withdrawal,1466.12,CAD
CA00029034,2025-04-03,BR012,TLR-5138,C502043,cash withdrawal,580.49,CAD
CA00033479,2025-04-17,BR035,TLR-4958,C503313,cash deposit,426.53,CAD
CA00031258,2025-04-16,BR024,TLR-6370,C503996,cash deposit,1053.37,CAD
CA00033135,2025-04-13,BR033,TLR-6495,C500821,cash deposit,1230.25,CAD
CA00027923,2025-04-17,BR006,TLR-4756,C502472,cash deposit,1894.73,CAD
CA00035272,2025-04-02,BR040,TLR-6658,C500506,cash withdrawal,260.88,CAD
CA00026744,2025-04-09,BR001,TLR-8859,C501783,cash withdrawal,978.12,CAD
CA00031334,2025-04-10,BR024,TLR-5522,C502783,cash withdrawal,459.33,CAD
CA00031245,2025-04-16,BR024,TLR-4699,C503455,cash deposit,1815.72,CAD
CA00027796,2025-04-27,BR006,TLR-9750,C500537,cash withdrawal,268.05,CAD
CA00033994,2025-04-23,BR037,TLR-1963,C500791,cash withdrawal,3344.18,CAD
CA00031954,2025-04-28,BR027,TLR-4051,C502941,cash withdrawal,1353.23,CAD
CA00032990,2025-04-08,BR032,TLR-7952,C503665,cash withdrawal,2685.52,CAD
CA00028992,2025-04-27,BR012,TLR-5473,C500933,cash deposit,445.16,CAD
CA00034326,2025-04-26,BR038,TLR-6974,C501040,cash deposit,775.23,CAD
CA00033857,2025-04-19,BR036,TLR-1037,C501308,cash deposit,298.78,CAD
CA00034097,2025-04-04,BR037,TLR-9964,C501524,cash withdrawal,2018.77,CAD
CA00030335,2025-04-11,BR019,TLR-8324,C502259,cash deposit,1135.29,CAD
CA00031623,2025-04-27,BR026,TLR-1990,C503001,cash deposit,1907.36,CAD
CA00031839,2025-04-21,BR026,TLR-4853,C500920,cash deposit,2667.31,CAD
CA00030811,2025-04-25,BR021,TLR-7309,C501714,cash withdrawal,656.07,CAD
CA00028747,2025-04-07,BR010,TLR-9048,C501544,cash withdrawal,705.71,CAD
CA00035172,2025-04-26,BR040,TLR-5681,C500175,cash withdrawal,1036.93,CAD
CA00033707,2025-04-20,BR036,TLR-8616,C501609,cash deposit,1026.85,CAD
CA00033376,2025-04-08,BR035,TLR-2067,C502637,cash withdrawal,3030.02,CAD
CA00029766,2025-04-16,BR016,TLR-9869,C502848,cash withdrawal,744.05,CAD
CA00028355,2025-04-25,BR008,TLR-2613,C500620,cash withdrawal,2647.88,CAD
CA00030425,2025-04-07,BR019,TLR-8225,C503209,cash withdrawal,1071.71,CAD
CA00034427,2025-04-10,BR039,TLR-7968,C500491,cash withdrawal,3076.29,CAD
CA00032786,2025-04-01,BR031,TLR-1376,C501585,cash deposit,902.29,CAD
CA00034489,2025-04-10,BR039,TLR-8819,C503454,cash withdrawal,5060.84,CAD
CA00029708,2025-04-11,BR016,TLR-6394,C503726,cash deposit,717.48,CAD
CA00032163,2025-04-25,BR028,TLR-6267,C503972,cash deposit,1106.47,CAD
CA00026961,2025-04-05,BR002,TLR-9051,C500196,cash withdrawal,-219.51,CAD
CA00028070,2025-04-01,BR007,TLR-5027,C500299,cash withdrawal,941.83,CAD
CA00026602,2025-04-21,BR001,TLR-6403,C501244,cash withdrawal,356.06,CAD
CA00029815,2025-04-12,BR016,TLR-3598,C503687,cash deposit,2980.84,CAD
CA00034270,2025-04-13,BR038,TLR-3266,C500266,cash withdrawal,370.67,CAD
CA00034789,2025-04-17,BR040,TLR-4919,C501565,cash deposit,207.53,CAD
CA00031747,2025-04-11,BR026,TLR-7191,C503359,cash withdrawal,-1190.14,CAD
CA00026884,2025-04-17,BR001,TLR-3147,C502798,cash deposit,1636.96,CAD
