TransactionID,Date,BranchCode,TellerID,CustomerID,TransactionType,Amount,Currency
CA00038253,2025-05-04,BR015,TLR-8574,C500777,cash withdrawal,1792.14,CAD
CA00043727,2025-05-21,BR040,TLR-8111,C503290,cash withdrawal,710.43,CAD
CA00037909,2025-05-31,BR013,TLR-2353,C502772,cash deposit,814.13,CAD
CA00035561,2025-05-19,BR001,TLR-4465,C503792,cash withdrawal,517.72,CAD
CA00041868,2025-05-28,BR032,TLR-4477,C500680,cash deposit,492.88,CAD
CA00039839,2025-05-20,BR022,TLR-3075,C502745,cash withdrawal,1864.08,CAD
CA00039645,2025-05-09,BR021,TLR-3127,C500952,cash deposit,574.03,CAD
CA00040212,2025-05-28,BR024,TLR-6768,C503512,cash withdrawal,1206.56,CAD
CA00036894,2025-05-03,BR007,TLR-7712,C503816,cash withdrawal,2173.99,CAD
CA00040972,2025-05-02,BR028,TLR-8613,C500467,cash withdrawal,593.37,CAD
CA00040024,2025-05-20,BR024,TLR-2037,C503617,cash withdrawal,1904.2,CAD
CA00038805,2025-05-08,BR017,TLR-6126,C500596,cash withdrawal,704.55,CAD
CA00038780,2025-05-09,BR017,TLR-2829,C500164,cash deposit,421.63,CAD
CA00039459,2025-05-01,BR020,TLR-7111,C501547,cash deposit,570.44,USD
CA00042957,2025-05-23,BR037,TLR-5998,C501760,cash deposit,2607.47,CAD
CA00036133,2025-05-18,BR003,TLR-9895,C500267,cash deposit,1260.93,CAD
CA00037663,2025-05-12,BR011,TLR-6868,C502462,cash deposit,1567.59,CAD
CA00039110,2025-05-22,BR019,TLR-1454,C503257,cash withdrawal,329.07,CAD
CA00041622,2025-05-15,BR031,TLR-7793,C500197,cash deposit,573.86,CAD
CA00039383,2025-05-20,BR019,TLR-1074,C501934,cash withdrawal,912.79,CAD
CA00044156,2025-05-24,BR040,TLR-9866,C501416,cash deposit,1208.23,CAD
CA00041473,2025-05-07,BR030,TLR-8418,C503967,cash withdrawal,536.97,CAD
CA00040448,2025-05-26,BR025,TLR-8027,C500250,cash withdrawal,-1331.88,CAD
CA00040739,2025-05-30,BR027,TLR-4569,C501700,cash deposit,481.32,CAD
CA00040187,2025-05-08,BR024,TLR-4206,C502771,cash withdrawal,2018.18,CAD
CA00043650,2025-05-08,BR040,TLR-5983,C502022,cash withdrawal,2021.73,CAD
CA00039810,2025-05-12,BR021,TLR-3024,C500585,cash deposit,820.22,CAD
CA00042064,2025-05-25,BR034,TLR-8090,C503366,cash withdrawal,424.97,CAD
CA00039034,2025-05-22,BR018,TLR-7135,C500705,cash deposit,3163.94,CAD
CA00042683,2025-05-31,BR036,TLR-8376,C501488,cash deposit,926.84,CAD
CA00037955,2025-05-08,BR013,TLR-9887,C500216,cash withdrawal,219.38,CAD
CA00036856,2025-05-28,BR007,TLR-2510,C502969,cash deposit,2340.14,CAD
CA00041223,2025-05-27,BR030,TLR-8955,C502810,cash withdrawal,1305.05,CAD
CA00035617,2025-05-13,BR001,TLR-7282,C503026,cash deposit,2019.69,CAD
CA00038831,2025-05-12,BR017,TLR-5670,C503979,cash withdrawal,889.63,CAD
CA00035609,2025-05-31,BR001,TLR-9374,C502963,cash deposit,1197.98,CAD
CA00042056,2025-05-10,BR034,TLR-2060,C503798,cash deposit,381.35,CAD
CA00039520,2025-05-25,BR020,TLR-6088,C503055,cash deposit,504.01,USD
CA00042926,2025-05-26,BR037,TLR-1501,C500110,cash withdrawal,315.65,CAD
CA00042081,2025-05-31,BR034,TLR-5490,C501354,cash deposit,649.67,CAD
CA00043124,2025-05-03,BR038,TLR-2893,C503007,cash withdrawal,736.22,CAD
CA00044234,2025-05-13,BR040,TLR-4601,C501012,cash withdrawal,952.27,CAD
CA00041279,2025-05-23,BR030,TLR-5991,C501703,cash withdrawal,387.11,CAD
CA00041955,2025-05-01,BR033,TLR-5321,C502851,cash withdrawal,807.27,CAD
CA00044119,2025-05-05,BR040,TLR-4817,C503395,cash deposit,1620.27,CAD
CA00043308,2025-05-04,BR039,TLR-2601,C501048,cash deposit,384.9,CAD
CA00039503,2025-05-04,BR020,TLR-2895,C503928,cash withdrawal,724.55,USD
CA00041803,2025-05-26,BR032,TLR-3809,C500210,cash withdrawal,933.53,CAD
CA00035548,2025-05-23,BR001,TLR-6187,C501918,cash deposit,514.97,CAD
CA00040298,2025-05-23,BR025,TLR-6151,C500626,cash withdrawal,-2277.18,CAD
CA00040866,2025-05-17,BR027,TLR-4955,C503817,cash deposit,965.45,CAD
CA00036022,2025-05-07,BR003,TLR-7055,C502195,cash withdrawal,894.94,CAD
CA00036916,2025-05-31,BR007,TLR-5580,C501617,cash deposit,912.01,CAD
CA00038443,2025-05-10,BR015,TLR-1177,C501517,cash deposit,729.71,CAD
CA00040925,2025-05-06,BR028,TLR-9641,C500752,cash withdrawal,554.0,CAD
CA00039835,2025-05-03,BR022,TLR-9209,C503128,cash deposit,2298.66,CAD
CA00037690,2025-05-08,BR012,TLR-7726,C502873,cash deposit,1395.69,CAD
CA00043257,2025-05-14,BR039,TLR-1569,C503339,cash deposit,438.73,CAD
CA00042603,2025-05-15,BR036,TLR-1959,C502888,cash withdrawal,1437.35,CAD
CA00043475,2025-05-31,BR040,TLR-2490,C501323,cash deposit,1460.89,CAD
CA00036540,2025-05-24,BR005,TLR-6782,C501755,cash withdrawal,1308.99,CAD
CA00042861,2025-05-18,BR037,TLR-9269,C500827,cash withdrawal,947.33,CAD
CA00038215,2025-05-28,BR014,TLR-8656,C501198,cash withdrawal,1482.35,CAD
CA00036120,2025-05-15,BR003,TLR-5879,C503471,cash withdrawal,535.34,CAD
CA00041413,2025-05-14,BR030,TLR-5027,C503563,cash deposit,1300.35,CAD
CA00038681,2025-05-13,BR016,TLR-6926,C502930,cash deposit,1089.62,CAD
CA00039604,2025-05-13,BR020,TLR-7173,C501466,cash deposit,222.63,USD
CA00035640,2025-05-16,BR001,TLR-2769,C500336,cash withdrawal,1720.16,CAD
CA00043098,2025-05-18,BR038,TLR-2534,C500110,cash deposit,802.28,CAD
CA00039915,2025-05-01,BR023,TLR-9544,C502362,cash withdrawal,745.07,CAD
CA00035954,2025-05-24,BR002,TLR-4303,C501874,cash deposit,255.14,CAD
CA00040519,2025-05-23,BR026,TLR-9536,C503446,cash deposit,551.71,CAD
CA00038955,2025-05-23,BR018,TLR-1940,C501573,cash withdrawal,551.51,CAD
CA00039290,2025-05-11,BR019,TLR-6077,C502195,cash deposit,312.32,CAD
CA00041152,2025-05-04,BR029,TLR-7134,C501713,cash deposit,701.01,CAD
CA00039481,2025-05-04,BR020,TLR-2706,C502606,cash withdrawal,1037.1,USD
CA00036571,2025-05-24,BR006,TLR-3380,C503823,cash withdrawal,1438.94,CAD
CA00040217,2025-05-19,BR024,TLR-7677,C503785,cash deposit,1519.21,CAD
CA00041818,2025-05-06,BR032,TLR-3978,C502984,cash withdrawal,784.83,CAD
CA00041370,2025-05-07,BR030,TLR-6909,C501467,cash deposit,1422.17,CAD
CA00041456,2025-05-15,BR030,TLR-1073,C503265,cash deposit,491.3,CAD
CA00040251,2025-05-04,BR024,TLR-6477,C502219,cash deposit,736.08,CAD
CA00037594,2025-05-06,BR010,TLR-4745,C501491,cash withdrawal,1571.15,CAD
CA00041575,2025-05-19,BR031,TLR-4074,C503980,cash withdrawal,2805.22,CAD
CA00037918,2025-05-30,BR013,TLR-1738,C501919,cash deposit,487.63,CAD
CA00042039,2025-05-17,BR033,TLR-5358,C501786,cash deposit,156.14,CAD
CA00039850,2025-05-25,BR022,TLR-8436,C503391,cash deposit,1533.91,CAD
CA00040626,2025-05-02,BR026,TLR-1973,C500364,cash deposit,696.48,CAD
CA00038259,2025-05-03,BR015,TLR-8093,C500547,cash deposit,2508.66,CAD
CA00038516,2025-05-14,BR016,TLR-4039,C500004,cash deposit,284.23,CAD
CA00039750,2025-05-23,BR021,TLR-4627,C503816,cash withdrawal,1559.31,CAD
CA00043020,2025-05-01,BR038,TLR-4950,C501427,cash withdrawal,538.78,CAD
CA00042336,2025-05-30,BR035,TLR-3318,C502563,cash deposit,964.3,CAD
CA00038707,2025-05-22,BR017,TLR-5548,C502161,cash deposit,1290.28,CAD
CA00042415,2025-05-20,BR035,TLR-7691,C501016,cash withdrawal,463.98,CAD
CA00036930,2025-05-09,BR007,TLR-1458,C502935,cash withdrawal,1251.56,CAD
CA00042150,2025-05-26,BR034,TLR-4658,C502426,cash deposit,900.33,CAD
CA00043815,2025-05-13,BR040,TLR-3399,C501032,cash deposit,2980.83,CAD
CA00038035,2025-05-31,BR014,TLR-8541,C502592,cash withdrawal,889.36,CAD
CA00036376,2025-05-22,BR004,TLR-6634,C500487,cash withdrawal,1326.45,CAD
CA00036395,2025-05-09,BR004,TLR-8982,C503767,cash deposit,899.1,CAD
CA00036168,2025-05-10,BR003,TLR-8329,C500568,cash withdrawal,986.53,CAD
CA00043778,2025-05-09,BR040,TLR-3839,C500435,cash deposit,891.86,CAD
CA00044118,2025-05-23,BR040,TLR-9883,C500002,cash deposit,740.25,CAD
CA00041495,2025-05-27,BR031,TLR-3670,C503935,cash withdrawal,794.45,CAD
CA00038183,2025-05-02,BR014,TLR-6058,C501021,cash deposit,2052.33,CAD
CA00039402,2025-05-25,BR019,TLR-2575,C500471,cash deposit,1044.0,CAD
CA00035881,2025-05-27,BR002,TLR-2020,C503192,cash deposit,4200.72,CAD
CA00041953,2025-05-14,BR033,TLR-9906,C501269,cash withdrawal,4692.66,CAD
CA00036572,2025-05-19,BR006,TLR-9941,C501718,cash withdrawal,2792.26,CAD
CA00035519,2025-05-26,BR001,TLR-7924,C501964,cash deposit,775.68,CAD
CA00037342,2025-05-28,BR009,TLR-7360,C503766,cash withdrawal,1150.34,CAD
CA00041974,2025-05-05,BR033,TLR-9681,C500357,cash withdrawal,3513.38,CAD
CA00040026,2025-05-15,BR024,TLR-9170,C502367,cash deposit,1362.05,CAD
CA00040173,2025-05-25,BR024,TLR-6838,C503092,cash withdrawal,807.39,CAD
CA00041908,2025-05-04,BR033,TLR-7837,C500416,cash withdrawal,242.13,CAD
CA00037639,2025-05-10,BR011,TLR-1116,C501237,cash withdrawal,254.12,CAD
CA00041097,2025-05-16,BR029,TLR-7507,C501903,cash deposit,1099.61,CAD
CA00036407,2025-05-04,BR004,TLR-1130,C501182,cash deposit,804.76,CAD
CA00038517,2025-05-27,BR016,TLR-5914,C502008,cash deposit,3051.78,CAD
CA00038445,2025-05-21,BR015,TLR-3025,C501592,cash withdrawal,1823.1,CAD
CA00042564,2025-05-24,BR036,TLR-5324,C502281,cash deposit,1243.71,CAD
CA00040481,2025-05-23,BR025,TLR-2988,C500195,cash deposit,2044.5,CAD
CA00038841,2025-05-05,BR017,TLR-9185,C503101,cash withdrawal,1856.84,CAD
CA00036192,2025-05-15,BR003,TLR-6274,C501741,cash withdrawal,1279.59,CAD
CA00038887,2025-05-27,BR017,TLR-4519,C500067,cash deposit,707.88,CAD
CA00038776,2025-05-25,BR017,TLR-5934,C500380,cash withdrawal,354.78,CAD
CA00043911,2025-05-18,BR040,TLR-5231,C502801,cash deposit,380.4,CAD
CA00038576,2025-05-12,BR016,TLR-7482,C500478,cash withdrawal,957.83,CAD
CA00041439,2025-05-18,BR030,TLR-5038,C503730,cash withdrawal,364.6,CAD
CA00041779,2025-05-14,BR032,TLR-3954,C500173,cash withdrawal,429.54,CAD
CA00038960,2025-05-03,BR018,TLR-2719,C501889,cash withdrawal,893.12,CAD
CA00038181,2025-05-27,BR014,TLR-4845,C503109,cash deposit,1769.53,CAD
CA00039893,2025-05-28,BR023,TLR-6705,C502055,cash withdrawal,999.89,CAD
CA00039798,2025-05-09,BR021,TLR-8628,C502856,cash deposit,2168.02,CAD
CA00042262,2025-05-25,BR035,TLR-1518,C502045,cash deposit,1417.79,CAD
CA00041202,2025-05-07,BR029,TLR-6211,C502797,cash deposit,1315.74,CAD
CA00036984,2025-05-03,BR007,TLR-7762,C502944,cash withdrawal,1563.65,CAD
CA00040156,2025-05-28,BR024,TLR-7556,C503055,cash withdrawal,555.68,CAD
CA00043043,2025-05-09,BR038,TLR-5592,C503597,cash withdrawal,3133.64,CAD
CA00042219,2025-05-07,BR035,TLR-1533,C500529,cash withdrawal,326.18,CAD
CA00042252,2025-05-19,BR035,TLR-4992,C502223,cash withdrawal,687.56,CAD
CA00038170,2025-05-27,BR014,TLR-3033,C502805,cash deposit,381.13,CAD
CA00037575,2025-05-19,BR010,TLR-8189,C503903,cash deposit,702.1,CAD
CA00036924,2025-05-01,BR007,TLR-3160,C501997,cash deposit,1779.73,CAD
CA00037243,2025-05-14,BR008,TLR-1773,C500727,cash deposit,2094.85,CAD
CA00043237,2025-05-15,BR039,TLR-5090,C500306,cash deposit,2370.74,CAD
CA00038950,2025-05-06,BR018,TLR-8430,C503022,cash withdrawal,394.72,CAD
CA00042964,2025-05-17,BR037,TLR-2160,C502235,cash deposit,435.76,CAD
CA00043491,2025-05-25,BR040,TLR-3510,C502629,cash deposit,798.7,CAD
CA00036962,2025-05-26,BR007,TLR-4313,C501730,cash deposit,469.1,CAD
CA00036132,2025-05-31,BR003,TLR-1285,C501055,cash deposit,476.38,CAD
CA00041687,2025-05-04,BR031,TLR-6371,C500703,cash withdrawal,1651.69,CAD
CA00040005,2025-05-05,BR024,TLR-1557,C503585,cash withdrawal,981.07,CAD
CA00035490,2025-05-28,BR001,TLR-8005,C500857,cash withdrawal,2309.18,CAD
CA00043660,2025-05-01,BR040,TLR-4042,C503248,cash deposit,780.29,CAD
CA00042792,2025-05-17,BR037,TLR-4873,C501084,cash withdrawal,655.18,CAD
CA00040278,2025-05-12,BR025,TLR-5953,C500380,cash deposit,128.07,CAD
CA00040750,2025-05-13,BR027,TLR-7210,C501711,cash deposit,1713.66,CAD
CA00040689,2025-05-23,BR026,TLR-4568,C501239,cash withdrawal,-300.32,CAD
CA00041673,2025-05-11,BR031,TLR-9252,C500865,cash withdrawal,1513.19,CAD
CA00036906,2025-05-30,BR007,TLR-8739,C500935,cash withdrawal,1700.39,CAD
CA00041563,2025-05-19,BR031,TLR-3892,C501665,cash withdrawal,831.82,CAD
CA00042648,2025-05-20,BR036,TLR-6923,C501929,cash withdrawal,2198.81,CAD
CA00039291,2025-05-07,BR019,TLR-9812,C501913,cash deposit,1043.21,CAD
CA00044187,2025-05-14,BR040,TLR-2373,C502135,cash deposit,415.54,CAD
CA00044279,2025-05-17,BR040,TLR-7003,C501447,cash deposit,1945.1,CAD
CA00041965,2025-05-29,BR033,TLR-1098,C503217,cash deposit,1020.49,CAD
CA00039669,2025-05-05,BR021,TLR-6945,C501017,cash withdrawal,1518.71,CAD
CA00043933,2025-05-15,BR040,TLR-1978,C500026,cash deposit,3036.86,CAD
CA00037611,2025-05-17,BR011,TLR-9145,C501560,cash withdrawal,330.3,CAD
CA00042095,2025-05-13,BR034,TLR-8190,C500236,cash withdrawal,2022.46,CAD
CA00042164,2025-05-24,BR034,TLR-2968,C502808,cash deposit,525.5,CAD
CA00038055,2025-05-04,BR014,TLR-4400,C502721,cash withdrawal,2093.21,CAD
CA00037469,2025-05-01,BR010,TLR-9222,C503249,cash withdrawal,1258.96,CAD
CA00040880,2025-05-01,BR027,TLR-7483,C503752,cash deposit,1263.77,CAD
CA00039968,2025-05-27,BR023,TLR-5452,C502743,cash deposit,3736.17,CAD
CA00038342,2025-05-11,BR015,TLR-6541,C503624,cash withdrawal,1541.8,CAD
CA00040136,2025-05-25,BR024,TLR-8837,C502737,cash withdrawal,1945.55,CAD
CA00036047,2025-05-09,BR003,TLR-1261,C501194,cash withdrawal,711.29,CAD
CA00037484,2025-05-06,BR010,TLR-4262,C501675,cash withdrawal,267.81,CAD
CA00040337,2025-05-24,BR025,TLR-6874,C500832,cash deposit,1446.25,CAD
CA00039487,2025-05-06,BR020,TLR-3796,C501930,cash withdrawal,319.88,USD
CA00035950,2025-05-12,BR002,TLR-2296,C501374,cash deposit,2148.28,CAD
CA00035581,2025-05-05,BR001,TLR-3544,C501202,cash withdrawal,431.82,CAD
CA00039385,2025-05-18,BR019,TLR-9068,C502639,cash deposit,680.46,CAD
CA00036203,2025-05-02,BR004,TLR-8357,C501047,cash deposit,1244.89,CAD
CA00043200,2025-05-04,BR038,TLR-7905,C501886,cash deposit,1344.96,CAD
CA00036136,2025-05-15,BR003,TLR-4463,C503057,cash withdrawal,1914.02,CAD
CA00043442,2025-05-31,BR040,TLR-7377,C500796,cash withdrawal,2650.76,CAD
CA00039218,2025-05-17,BR019,TLR-4861,C501091,cash deposit,315.19,CAD
CA00036355,2025-05-16,BR004,TLR-3539,C502930,cash deposit,658.29,CAD
CA00037860,2025-05-21,BR012,TLR-6903,C500752,cash withdrawal,969.85,CAD
CA00037034,2025-05-19,BR008,TLR-8745,C500338,cash withdrawal,250.56,CAD
CA00043129,2025-05-06,BR038,TLR-5468,C501209,cash deposit,1433.27,CAD
CA00039321,2025-05-06,BR019,TLR-9952,C501623,cash deposit,1199.35,CAD
CA00044062,2025-05-04,BR040,TLR-3113,C503368,cash withdrawal,428.89,CAD
CA00041222,2025-05-12,BR030,TLR-5660,C502971,cash withdrawal,1010.37,CAD
CA00039636,2025-05-11,BR021,TLR-5029,C503323,cash deposit,829.25,CAD
CA00043579,2025-05-26,BR040,TLR-2746,C501599,cash deposit,414.59,CAD
CA00040451,2025-05-15,BR025,TLR-4238,C500767,cash deposit,311.65,CAD
CA00042883,2025-05-12,BR037,TLR-7834,C501493,cash withdrawal,1402.79,CAD
CA00043720,2025-05-06,BR040,TLR-4587,C500068,cash withdrawal,357.43,CAD
CA00040639,2025-05-09,BR026,TLR-3473,C501898,cash withdrawal,-928.13,CAD
CA00043013,2025-05-17,BR038,TLR-6728,C502754,cash withdrawal,484.36,CAD
CA00038186,2025-05-11,BR014,TLR-3093,C503348,cash deposit,317.77,CAD
CA00042272,2025-05-09,BR035,TLR-4896,C501763,cash deposit,433.93,CAD
CA00035432,2025-05-13,BR001,TLR-9832,C502752,cash withdrawal,1124.55,CAD
CA00038550,2025-05-26,BR016,TLR-2709,C503891,cash deposit,438.03,CAD
CA00041740,2025-05-28,BR031,TLR-3878,C503633,cash deposit,320.76,CAD
CA00040462,2025-05-04,BR025,TLR-7241,C500214,cash deposit,350.54,CAD
CA00035675,2025-05-17,BR001,TLR-3528,C503988,cash deposit,475.93,CAD
CA00035833,2025-05-26,BR002,TLR-2323,C501681,cash deposit,1917.69,CAD
CA00041149,2025-05-06,BR029,TLR-4842,C500698,cash withdrawal,420.38,CAD
CA00040550,2025-05-16,BR026,TLR-7636,C500125,cash withdrawal,-3313.94,CAD
CA00037204,2025-05-12,BR008,TLR-9297,C501117,cash withdrawal,205.49,CAD
CA00037227,2025-05-29,BR008,TLR-9549,C500107,cash withdrawal,806.61,CAD
CA00038730,2025-05-17,BR017,TLR-4644,C502981,cash withdrawal,917.44,CAD
CA00040674,2025-05-15,BR026,TLR-6283,C502485,cash deposit,3674.77,CAD
CA00035888,2025-05-24,BR002,TLR-1303,C501418,cash deposit,660.56,CAD
CA00040232,2025-05-15,BR024,TLR-4776,C503612,cash withdrawal,2213.45,CAD
CA00040167,2025-05-22,BR024,TLR-9152,C503639,cash withdrawal,1141.31,CAD
CA00040710,2025-05-06,BR026,TLR-9831,C501150,cash withdrawal,-616.84,CAD
CA00039195,2025-05-28,BR019,TLR-9220,C500747,cash deposit,892.55,CAD
CA00041474,2025-05-27,BR030,TLR-4218,C502824,cash withdrawal,1423.39,CAD
CA00043520,2025-05-02,BR040,TLR-9420,C500924,cash withdrawal,2314.75,CAD
CA00036950,2025-05-23,BR007,TLR-5265,C503174,cash deposit,2670.97,CAD
CA00039517,2025-05-07,BR020,TLR-7479,C503756,cash withdrawal,320.9,USD
CA00037182,2025-05-02,BR008,TLR-4700,C500948,cash withdrawal,1998.1,CAD
CA00040147,2025-05-07,BR024,TLR-9034,C503274,cash deposit,1122.01,CAD
CA00039497,2025-05-03,BR020,TLR-8214,C503387,cash withdrawal,1740.41,USD
CA00037223,2025-05-16,BR008,TLR-3102,C501263,cash deposit,393.93,CAD
CA00038231,2025-05-31,BR015,TLR-2022,C503124,cash withdrawal,319.9,CAD
CA00043258,2025-05-07,BR039,TLR-4909,C503017,cash withdrawal,754.95,CAD
CA00035820,2025-05-31,BR002,TLR-7983,C500800,cash withdrawal,-556.55,CAD
CA00037194,2025-05-19,BR008,TLR-9564,C502885,cash deposit,648.69,CAD
CA00040436,2025-05-19,BR025,TLR-2391,C500527,cash withdrawal,-452.71,CAD
CA00041717,2025-05-08,BR031,TLR-7946,C500057,cash withdrawal,733.11,CAD
CA00037316,2025-05-30,BR008,TLR-3649,C501309,cash deposit,1372.2,CAD
CA00041065,2025-05-12,BR029,TLR-8829,C500463,cash withdrawal,848.74,CAD
CA00037472,2025-05-13,BR010,TLR-5851,C502969,cash withdrawal,889.21,CAD
CA00036086,2025-05-17,BR003,TLR-9401,C502862,cash withdrawal,1463.6,CAD
CA00038276,2025-05-25,BR015,TLR-7192,C500386,cash deposit,799.96,CAD
CA00039252,2025-05-28,BR019,TLR-4887,C503565,cash withdrawal,657.18,CAD
CA00041286,2025-05-15,BR030,TLR-2085,C503192,cash withdrawal,754.91,CAD
CA00042928,2025-05-10,BR037,TLR-5825,C503250,cash deposit,800.09,CAD
CA00042903,2025-05-23,BR037,TLR-3290,C501736,cash deposit,628.11,CAD
CA00043479,2025-05-28,BR040,TLR-8803,C503523,cash deposit,1355.89,CAD
CA00037952,2025-05-13,BR013,TLR-9914,C500366,cash withdrawal,132.86,CAD
CA00041305,2025-05-16,BR030,TLR-5749,C503358,cash deposit,1106.07,CAD
CA00039926,2025-05-20,BR023,TLR-6391,C500381,cash withdrawal,1555.84,CAD
CA00043060,2025-05-31,BR038,TLR-4141,C501299,cash withdrawal,1705.94,CAD
CA00038822,2025-05-23,BR017,TLR-2700,C501946,cash withdrawal,839.57,CAD
CA00037390,2025-05-18,BR009,TLR-9803,C501728,cash deposit,1670.03,CAD
CA00038395,2025-05-01,BR015,TLR-5627,C503824,cash withdrawal,576.7,CAD
CA00042893,2025-05-04,BR037,TLR-9306,C502102,cash deposit,523.16,CAD
CA00039063,2025-05-02,BR018,TLR-9695,C502049,cash withdrawal,486.74,CAD
CA00040433,2025-05-19,BR025,TLR-3064,C502278,cash deposit,581.47,CAD
CA00040818,2025-05-18,BR027,TLR-4107,C501485,cash withdrawal,1527.43,CAD
CA00035824,2025-05-16,BR002,TLR-5940,C501845,cash deposit,659.25,CAD
CA00039098,2025-05-19,BR019,TLR-9987,C503407,cash withdrawal,1218.01,CAD
CA00040042,2025-05-16,BR024,TLR-3963,C503898,cash deposit,538.22,CAD
CA00035998,2025-05-16,BR003,TLR-7490,C501485,cash deposit,2040.47,CAD
CA00039206,2025-05-28,BR019,TLR-3079,C502016,cash deposit,882.85,CAD
CA00037931,2025-05-26,BR013,TLR-5920,C502726,cash deposit,213.02,CAD
CA00035419,2025-05-31,BR001,TLR-8521,C502752,cash deposit,1320.95,CAD
CA00038213,2025-05-29,BR014,TLR-8032,C502089,cash withdrawal,1737.19,CAD
CA00041139,2025-05-30,BR029,TLR-6204,C502405,cash deposit,1570.22,CAD
CA00042707,2025-05-16,BR036,TLR-2825,C500389,cash withdrawal,2139.29,CAD
CA00041458,2025-05-14,BR030,TLR-9781,C503034,cash withdrawal,1993.17,CAD
CA00040998,2025-05-22,BR028,TLR-1153,C501040,cash withdrawal,410.09,CAD
CA00038701,2025-05-27,BR017,TLR-8798,C502847,cash withdrawal,450.66,CAD
CA00040576,2025-05-25,BR026,TLR-6250,C503304,cash deposit,1718.3,CAD
CA00039680,2025-05-30,BR021,TLR-7202,C503879,cash withdrawal,738.67,CAD
CA00042985,2025-05-31,BR037,TLR-1331,C503688,cash withdrawal,1259.94,CAD
CA00038071,2025-05-05,BR014,TLR-7638,C503899,cash withdrawal,1646.82,CAD
CA00040369,2025-05-30,BR025,TLR-2719,C502735,cash deposit,450.81,CAD
CA00040308,2025-05-26,BR025,TLR-2906,C500923,cash withdrawal,-1081.36,CAD
CA00041204,2025-05-19,BR029,TLR-2801,C502892,cash withdrawal,753.05,CAD
CA00036579,2025-05-20,BR006,TLR-7642,C502298,cash deposit,881.32,CAD
CA00042462,2025-05-06,BR036,TLR-5094,C500206,cash deposit,832.43,CAD
CA00040468,2025-05-13,BR025,TLR-8705,C503696,cash deposit,1793.74,CAD
CA00044019,2025-05-22,BR040,TLR-9868,C502559,cash deposit,399.82,CAD
CA00035472,2025-05-04,BR001,TLR-2745,C501647,cash deposit,5033.16,CAD
CA00041541,2025-05-13,BR031,TLR-8112,C503412,cash withdrawal,1216.33,CAD
CA00038335,2025-05-11,BR015,TLR-5759,C501447,cash withdrawal,1011.57,CAD
CA00037828,2025-05-11,BR012,TLR-4434,C503044,cash deposit,1923.72,CAD
CA00036257,2025-05-24,BR004,TLR-2957,C502117,cash withdrawal,1246.43,CAD
CA00036025,2025-05-15,BR003,TLR-7351,C501334,cash deposit,257.14,CAD
CA00038940,2025-05-17,BR018,TLR-7719,C500417,cash deposit,1355.04,CAD
CA00039548,2025-05-14,BR020,TLR-5117,C500171,cash withdrawal,711.93,USD
CA00039405,2025-05-16,BR019,TLR-3235,C503695,cash deposit,421.84,CAD
CA00044113,2025-05-16,BR040,TLR-3345,C502739,cash deposit,282.51,CAD
CA00042140,2025-05-06,BR034,TLR-9111,C501360,cash deposit,663.01,CAD
CA00042354,2025-05-14,BR035,TLR-7679,C503130,cash deposit,1872.16,CAD
CA00040177,2025-05-19,BR024,TLR-7476,C500485,cash deposit,1252.58,CAD
CA00041500,2025-05-28,BR031,TLR-4353,C500180,cash deposit,1371.39,CAD
CA00041771,2025-05-01,BR032,TLR-8710,C503047,cash withdrawal,473.44,CAD
CA00041917,2025-05-21,BR033,TLR-2836,C501034,cash withdrawal,784.14,CAD
CA00039740,2025-05-17,BR021,TLR-6110,C500761,cash deposit,817.75,CAD
CA00042788,2025-05-06,BR037,TLR-2719,C500835,cash deposit,647.77,CAD
CA00037762,2025-05-28,BR012,TLR-7960,C503132,cash deposit,1551.47,CAD
CA00037299,2025-05-26,BR008,TLR-2785,C500389,cash withdrawal,3263.06,CAD
CA00038686,2025-05-26,BR016,TLR-2452,C502663,cash withdrawal,917.18,CAD
CA00041199,2025-05-22,BR029,TLR-3017,C500609,cash withdrawal,571.19,CAD
CA00035732,2025-05-05,BR001,TLR-8352,C500233,cash deposit,352.39,CAD
CA00038554,2025-05-17,BR016,TLR-8147,C503436,cash deposit,964.38,CAD
CA00043527,2025-05-18,BR040,TLR-8150,C501255,cash withdrawal,1069.97,CAD
CA00041604,2025-05-03,BR031,TLR-2388,C502474,cash deposit,1921.9,CAD
CA00038919,2025-05-31,BR017,TLR-4118,C503560,cash deposit,650.0,CAD
CA00041853,2025-05-12,BR032,TLR-2783,C503366,cash withdrawal,711.46,CAD
CA00041499,2025-05-02,BR031,TLR-6527,C501831,cash withdrawal,1705.99,CAD
CA00041724,2025-05-14,BR031,TLR-1904,C501868,cash deposit,440.91,CAD
CA00042831,2025-05-17,BR037,TLR-8707,C501781,cash deposit,521.73,CAD
CA00041452,2025-05-22,BR030,TLR-7865,C500374,cash withdrawal,1910.1,CAD
CA00036820,2025-05-06,BR006,TLR-8442,C501368,cash withdrawal,1145.06,CAD
CA00036270,2025-05-08,BR004,TLR-3442,C501447,cash withdrawal,2626.42,CAD
CA00038557,2025-05-26,BR016,TLR-1984,C502358,cash deposit,1560.16,CAD
CA00044111,2025-05-26,BR040,TLR-7080,C502445,cash withdrawal,2228.23,CAD
CA00037505,2025-05-25,BR010,TLR-5908,C502344,cash deposit,2152.79,CAD
CA00043361,2025-05-05,BR039,TLR-6968,C501475,cash withdrawal,420.72,CAD
CA00036821,2025-05-24,BR006,TLR-8840,C502111,cash withdrawal,149.12,CAD
CA00042026,2025-05-30,BR033,TLR-3542,C502923,cash deposit,1978.57,CAD
CA00042640,2025-05-18,BR036,TLR-6384,C503387,cash deposit,2458.01,CAD
CA00035455,2025-05-26,BR001,TLR-8838,C500215,cash withdrawal,334.0,CAD
CA00037230,2025-05-27,BR008,TLR-9600,C502017,cash withdrawal,1449.53,CAD
CA00039468,2025-05-16,BR020,TLR-8892,C500071,cash withdrawal,284.9,USD
CA00041247,2025-05-17,BR030,TLR-1477,C501231,cash withdrawal,1164.86,CAD
CA00037648,2025-05-12,BR011,TLR-5440,C501222,cash withdrawal,2838.94,CAD
CA00040921,2025-05-08,BR028,TLR-6711,C500895,cash deposit,622.13,CAD
CA00040203,2025-05-05,BR024,TLR-9950,C503639,cash withdrawal,1910.04,CAD
CA00041203,2025-05-13,BR029,TLR-9490,C503067,cash deposit,1659.0,CAD
CA00041509,2025-05-11,BR031,TLR-2709,C501719,cash deposit,1293.81,CAD
CA00039679,2025-05-01,BR021,TLR-6293,C502735,cash withdrawal,1267.08,CAD
CA00040567,2025-05-09,BR026,TLR-1332,C502752,cash withdrawal,-843.87,CAD
CA00036518,2025-05-02,BR005,TLR-3880,C502667,cash withdrawal,576.07,CAD
CA00041341,2025-05-26,BR030,TLR-8999,C500157,cash withdrawal,255.85,CAD
CA00043738,2025-05-24,BR040,TLR-3524,C502660,cash deposit,997.93,CAD
CA00038092,2025-05-16,BR014,TLR-2453,C502770,cash deposit,768.62,CAD
CA00043732,2025-05-25,BR040,TLR-5616,C503194,cash deposit,708.08,CAD
CA00041949,2025-05-22,BR033,TLR-2696,C502316,cash withdrawal,603.99,CAD
CA00043375,2025-05-25,BR039,TLR-8500,C503761,cash deposit,1033.27,CAD
CA00038015,2025-05-17,BR014,TLR-3386,C503227,cash withdrawal,3958.1,CAD
CA00036647,2025-05-25,BR006,TLR-3914,C500252,cash withdrawal,1516.3,CAD
CA00038790,2025-05-06,BR017,TLR-8608,C501573,cash deposit,522.0,CAD
CA00040380,2025-05-12,BR025,TLR-5512,C502342,cash withdrawal,-407.07,CAD
CA00041056,2025-05-03,BR029,TLR-7205,C501825,cash deposit,522.42,CAD
CA00037886,2025-05-09,BR012,TLR-6888,C500319,cash deposit,283.47,CAD
CA00040984,2025-05-06,BR028,TLR-8129,C501692,cash withdrawal,2700.53,CAD
CA00038243,2025-05-18,BR015,TLR-8888,C503488,cash deposit,2522.45,CAD
CA00035955,2025-05-14,BR002,TLR-8825,C502568,cash withdrawal,-346.05,CAD
CA00044079,2025-05-09,BR040,TLR-1884,C501413,cash deposit,766.81,CAD
CA00042271,2025-05-23,BR035,TLR-2180,C503977,cash deposit,1054.02,CAD
CA00044162,2025-05-28,BR040,TLR-4464,C502862,cash deposit,639.24,CAD
CA00041844,2025-05-15,BR032,TLR-6525,C500151,cash withdrawal,301.31,CAD
CA00041572,2025-05-05,BR031,TLR-6450,C501985,cash deposit,445.73,CAD
CA00039166,2025-05-13,BR019,TLR-7122,C500803,cash withdrawal,1547.98,CAD
CA00036099,2025-05-08,BR003,TLR-8522,C501781,cash deposit,3619.7,CAD
CA00044050,2025-05-25,BR040,TLR-7518,C502057,cash withdrawal,592.9,CAD
CA00040022,2025-05-29,BR024,TLR-2966,C501151,cash deposit,715.37,CAD
CA00041581,2025-05-23,BR031,TLR-6175,C500387,cash deposit,10042.05,CAD
CA00039237,2025-05-18,BR019,TLR-1808,C502199,cash withdrawal,404.8,CAD
CA00040059,2025-05-20,BR024,TLR-8383,C503487,cash withdrawal,540.31,CAD
CA00039786,2025-05-23,BR021,TLR-4441,C502643,cash withdrawal,581.29,CAD
CA00035564,2025-05-21,BR001,TLR-1136,C500782,cash withdrawal,579.73,CAD
CA00036433,2025-05-02,BR004,TLR-3350,C500088,cash withdrawal,4895.23,CAD
CA00041031,2025-05-16,BR028,TLR-5858,C503650,cash withdrawal,719.13,CAD
CA00037999,2025-05-20,BR013,TLR-3562,C500407,cash withdrawal,722.75,CAD
CA00038297,2025-05-17,BR015,TLR-6729,C502109,cash deposit,369.44,CAD
CA00041927,2025-05-07,BR033,TLR-2817,C500724,cash withdrawal,2617.28,CAD
CA00038364,2025-05-12,BR015,TLR-1801,C502823,cash deposit,2890.08,CAD
CA00044048,2025-05-08,BR040,TLR-9397,C502704,cash withdrawal,2807.18,CAD
CA00035985,2025-05-02,BR003,TLR-4179,C501364,cash withdrawal,1611.92,CAD
CA00041257,2025-05-16,BR030,TLR-3696,C502149,cash deposit,684.8,CAD
CA00038287,2025-05-26,BR015,TLR-7098,C503839,cash withdrawal,2998.35,CAD
CA00039508,2025-05-22,BR020,TLR-7527,C500701,cash withdrawal,1143.41,USD
CA00036710,2025-05-07,BR006,TLR-4232,C502997,cash deposit,1058.76,CAD
CA00035478,2025-05-06,BR001,TLR-1002,C502485,cash withdrawal,1412.82,CAD
CA00042531,2025-05-06,BR036,TLR-6021,C503812,cash withdrawal,2303.42,CAD
CA00040007,2025-05-31,BR024,TLR-9397,C501771,cash deposit,872.72,CAD
CA00036043,2025-05-26,BR003,TLR-9768,C501886,cash withdrawal,245.38,CAD
CA00036413,2025-05-26,BR004,TLR-9908,C502343,cash deposit,697.81,CAD
CA00041706,2025-05-12,BR031,TLR-9347,C502170,cash deposit,1432.01,CAD
CA00036881,2025-05-24,BR007,TLR-4587,C501565,cash deposit,705.8,CAD
CA00035586,2025-05-02,BR001,TLR-5540,C502720,cash deposit,2107.41,CAD
CA00038093,2025-05-08,BR014,TLR-3745,C500294,cash withdrawal,790.66,CAD
CA00041786,2025-05-02,BR032,TLR-5368,C502340,cash withdrawal,1571.2,CAD
CA00037032,2025-05-06,BR007,TLR-7416,C500212,cash withdrawal,330.09,CAD
CA00043115,2025-05-24,BR038,TLR-6244,C501806,cash withdrawal,517.39,CAD
CA00042543,2025-05-26,BR036,TLR-7253,C500373,cash withdrawal,1159.74,CAD
CA00041573,2025-05-26,BR031,TLR-1246,C501402,cash deposit,2461.67,CAD
CA00041516,2025-05-03,BR031,TLR-3506,C500734,cash withdrawal,789.19,CAD
CA00041643,2025-05-28,BR031,TLR-7056,C501678,cash withdrawal,1447.25,CAD
CA00039778,2025-05-29,BR021,TLR-2523,C500536,cash withdrawal,914.44,CAD
CA00042591,2025-05-20,BR036,TLR-1974,C503796,cash deposit,514.58,CAD
CA00036139,2025-05-25,BR003,TLR-9998,C502019,cash withdrawal,1520.37,CAD
CA00042110,2025-05-29,BR034,TLR-2936,C501654,cash withdrawal,581.71,CAD
CA00036357,2025-05-10,BR004,TLR-6435,C501246,cash withdrawal,1001.91,CAD
CA00042134,2025-05-10,BR034,TLR-5118,C500849,cash withdrawal,1219.0,CAD
CA00041999,2025-05-23,BR033,TLR-6258,C500845,cash deposit,534.18,CAD
CA00041514,2025-05-14,BR031,TLR-8522,C502270,cash deposit,2430.32,CAD
CA00039057,2025-05-18,BR018,TLR-5998,C500772,cash deposit,686.72,CAD
CA00041345,2025-05-14,BR030,TLR-9900,C500866,cash deposit,1006.3,CAD
CA00043584,2025-05-07,BR040,TLR-4299,C503238,cash deposit,527.38,CAD
CA00042991,2025-05-23,BR038,TLR-7968,C500069,cash withdrawal,835.45,CAD
CA00043332,2025-05-19,BR039,TLR-6912,C503000,cash withdrawal,1846.61,CAD
CA00035559,2025-05-23,BR001,TLR-6365,C502537,cash deposit,474.15,CAD
CA00040159,2025-05-07,BR024,TLR-5030,C501757,cash withdrawal,391.35,CAD
CA00040748,2025-05-25,BR027,TLR-6118,C500475,cash withdrawal,937.33,CAD
CA00043811,2025-05-07,BR040,TLR-8697,C500340,cash deposit,1458.63,CAD
CA00037129,2025-05-23,BR008,TLR-9028,C500619,cash withdrawal,291.38,CAD
CA00042215,2025-05-23,BR035,TLR-1457,C502037,cash deposit,2333.55,CAD
CA00040043,2025-05-11,BR024,TLR-7735,C500372,cash deposit,997.29,CAD
CA00036239,2025-05-21,BR004,TLR-5520,C500832,cash deposit,937.42,CAD
CA00041653,2025-05-26,BR031,TLR-7580,C502384,cash withdrawal,1424.59,CAD
CA00041338,2025-05-29,BR030,TLR-3953,C500218,cash withdrawal,531.3,CAD
CA00042833,2025-05-23,BR037,TLR-2369,C501827,cash deposit,483.78,CAD
CA00037708,2025-05-01,BR012,TLR-4992,C502959,cash deposit,562.89,CAD
CA00042022,2025-05-06,BR033,TLR-8558,C501987,cash deposit,1398.86,CAD
CA00038603,2025-05-28,BR016,TLR-9301,C503829,cash withdrawal,4322.09,CAD
CA00037827,2025-05-15,BR012,TLR-6961,C503578,cash withdrawal,1484.34,CAD
CA00039066,2025-05-21,BR018,TLR-9129,C500256,cash deposit,1806.74,CAD
CA00036944,2025-05-04,BR007,TLR-7652,C503785,cash deposit,669.73,CAD
CA00037118,2025-05-13,BR008,TLR-1378,C502671,cash withdrawal,845.23,CAD
CA00042834,2025-05-16,BR037,TLR-3325,C501552,cash deposit,1933.14,CAD
CA00037079,2025-05-24,BR008,TLR-6411,C503667,cash withdrawal,1046.9,CAD
CA00038372,2025-05-18,BR015,TLR-5366,C502257,cash deposit,906.25,CAD
CA00035706,2025-05-22,BR001,TLR-8902,C503169,cash withdrawal,968.24,CAD
CA00042131,2025-05-14,BR034,TLR-6077,C503045,cash deposit,622.59,CAD
CA00043651,2025-05-30,BR040,TLR-5103,C503843,cash withdrawal,144.34,CAD
CA00036734,2025-05-14,BR006,TLR-4587,C502206,cash withdrawal,2399.61,CAD
CA00040130,2025-05-08,BR024,TLR-9376,C503296,cash withdrawal,824.71,CAD
CA00037324,2025-05-13,BR009,TLR-9798,C501418,cash withdrawal,2094.68,CAD
CA00038991,2025-05-17,BR018,TLR-6958,C501342,cash withdrawal,1638.51,CAD
CA00040543,2025-05-19,BR026,TLR-4723,C502274,cash withdrawal,-516.09,CAD
CA00040463,2025-05-28,BR025,TLR-5100,C502558,cash withdrawal,-1665.78,CAD
CA00042691,2025-05-27,BR036,TLR-9854,C500859,cash deposit,391.16,CAD
CA00039485,2025-05-31,BR020,TLR-1455,C503368,cash deposit,892.61,USD
CA00035972,2025-05-02,BR003,TLR-7779,C503114,cash deposit,1340.5,CAD
CA00040784,2025-05-08,BR027,TLR-9556,C502355,cash deposit,1527.27,CAD
CA00043109,2025-05-12,BR038,TLR-4155,C502854,cash withdrawal,1155.5,CAD
CA00039806,2025-05-15,BR021,TLR-5704,C503949,cash withdrawal,585.05,CAD
CA00043974,2025-05-11,BR040,TLR-8551,C501991,cash withdrawal,434.07,CAD
CA00037069,2025-05-25,BR008,TLR-4937,C501703,cash withdrawal,695.71,CAD
CA00040621,2025-05-19,BR026,TLR-1082,C503999,cash withdrawal,-1869.87,CAD
CA00043203,2025-05-21,BR038,TLR-7248,C502856,cash withdrawal,398.69,CAD
CA00036690,2025-05-10,BR006,TLR-4072,C503088,cash deposit,2120.97,CAD
CA00036118,2025-05-20,BR003,TLR-6647,C501009,cash deposit,217.87,CAD
CA00043685,2025-05-15,BR040,TLR-9484,C501613,cash withdrawal,338.95,CAD
CA00038328,2025-05-03,BR015,TLR-3180,C503433,cash withdrawal,1623.58,CAD
CA00041780,2025-05-18,BR032,TLR-5656,C502350,cash withdrawal,737.72,CAD
CA00037170,2025-05-19,BR008,TLR-3800,C501327,cash deposit,447.76,CAD
CA00036318,2025-05-22,BR004,TLR-2742,C502245,cash withdrawal,923.07,CAD
CA00041747,2025-05-02,BR032,TLR-7409,C501282,cash deposit,939.57,CAD
CA00037939,2025-05-31,BR013,TLR-3217,C500581,cash deposit,641.27,CAD
CA00038855,2025-05-04,BR017,TLR-2673,C500940,cash withdrawal,2283.39,CAD
CA00040364,2025-05-24,BR025,TLR-7957,C503206,cash deposit,1878.14,CAD
CA00042670,2025-05-07,BR036,TLR-7660,C501573,cash withdrawal,558.45,CAD
CA00042946,2025-05-23,BR037,TLR-4726,C503724,cash withdrawal,1121.74,CAD
CA00035467,2025-05-13,BR001,TLR-9851,C502559,cash deposit,1381.75,CAD
CA00035851,2025-05-04,BR002,TLR-1335,C503900,cash deposit,1567.48,CAD
CA00040273,2025-05-08,BR025,TLR-9247,C503959,cash withdrawal,-1834.29,CAD
CA00044057,2025-05-05,BR040,TLR-2750,C501168,cash deposit,851.71,CAD
CA00037830,2025-05-02,BR012,TLR-2722,C500996,cash withdrawal,283.42,CAD
CA00041156,2025-05-05,BR029,TLR-5301,C503307,cash deposit,686.42,CAD
CA00036414,2025-05-09,BR004,TLR-8491,C502025,cash deposit,2451.08,CAD
CA00037612,2025-05-10,BR011,TLR-2669,C500578,cash withdrawal,1591.53,CAD
CA00044022,2025-05-16,BR040,TLR-4966,C500033,cash deposit,581.9,CAD
CA00039937,2025-05-09,BR023,TLR-1299,C501501,cash deposit,556.53,CAD
CA00043484,2025-05-12,BR040,TLR-3075,C503267,cash deposit,615.88,CAD
CA00043321,2025-05-20,BR039,TLR-6546,C502113,cash withdrawal,1265.51,CAD
CA00036709,2025-05-04,BR006,TLR-9930,C502388,cash deposit,517.04,CAD
CA00041049,2025-05-01,BR028,TLR-8213,C500927,cash deposit,884.71,CAD
CA00043669,2025-05-10,BR040,TLR-8520,C502672,cash withdrawal,1059.23,CAD
CA00039986,2025-05-14,BR023,TLR-3531,C502523,cash withdrawal,1085.12,CAD
CA00037602,2025-05-19,BR010,TLR-3306,C503242,cash deposit,410.06,CAD
CA00043855,2025-05-06,BR040,TLR-5520,C503098,cash withdrawal,1974.69,CAD
CA00043941,2025-05-10,BR040,TLR-3076,C503101,cash withdrawal,452.93,CAD
CA00041287,2025-05-22,BR030,TLR-8173,C501929,cash deposit,1879.79,CAD
CA00040832,2025-05-11,BR027,TLR-8380,C502812,cash deposit,482.7,CAD
CA00039870,2025-05-26,BR022,TLR-6499,C501998,cash withdrawal,778.92,CAD
CA00037224,2025-05-24,BR008,TLR-6477,C500863,cash deposit,376.97,CAD
CA00038115,2025-05-18,BR014,TLR-5243,C503563,cash withdrawal,1177.16,CAD
CA00039033,2025-05-14,BR018,TLR-3274,C502358,cash deposit,491.82,CAD
CA00043762,2025-05-02,BR040,TLR-9040,C503696,cash withdrawal,1283.16,CAD
CA00043036,2025-05-09,BR038,TLR-5116,C503124,cash deposit,766.78,CAD
CA00040322,2025-05-26,BR025,TLR-5120,C503000,cash deposit,1377.84,CAD
CA00037488,2025-05-08,BR010,TLR-5950,C500645,cash withdrawal,749.45,CAD
CA00042321,2025-05-25,BR035,TLR-3999,C500047,cash deposit,866.35,CAD
CA00043878,2025-05-01,BR040,TLR-6955,C502461,cash withdrawal,1280.6,CAD
CA00039134,2025-05-13,BR019,TLR-1821,C503381,cash withdrawal,1645.46,CAD
CA00040606,2025-05-10,BR026,TLR-6779,C501933,cash deposit,1190.02,CAD
CA00039853,2025-05-28,BR022,TLR-1143,C503138,cash withdrawal,593.17,CAD
CA00041179,2025-05-26,BR029,TLR-4642,C501692,cash deposit,553.05,CAD
CA00037249,2025-05-16,BR008,TLR-6662,C500628,cash deposit,6349.55,CAD
CA00041090,2025-05-04,BR029,TLR-1771,C500470,cash withdrawal,852.94,CAD
CA00042546,2025-05-18,BR036,TLR-7204,C501352,cash deposit,835.97,CAD
CA00037571,2025-05-27,BR010,TLR-3015,C501776,cash deposit,574.18,CAD
CA00036601,2025-05-18,BR006,TLR-1590,C502985,cash deposit,329.6,CAD
CA00041693,2025-05-02,BR031,TLR-7183,C503796,cash withdrawal,971.01,CAD
CA00036689,2025-05-04,BR006,TLR-8546,C500834,cash deposit,1812.69,CAD
CA00039611,2025-05-05,BR020,TLR-9476,C502903,cash withdrawal,627.68,USD
CA00035689,2025-05-29,BR001,TLR-4074,C500242,cash withdrawal,781.5,CAD
CA00039956,2025-05-19,BR023,TLR-4567,C501879,cash withdrawal,705.04,CAD
CA00037915,2025-05-13,BR013,TLR-1717,C500916,cash withdrawal,3020.11,CAD
CA00041734,2025-05-31,BR031,TLR-7159,C502002,cash deposit,1061.39,CAD
CA00036528,2025-05-11,BR005,TLR-5274,C501448,cash withdrawal,2905.73,CAD
CA00038438,2025-05-08,BR015,TLR-9257,C503480,cash deposit,1137.23,CAD
CA00037600,2025-05-17,BR010,TLR-1919,C501581,cash deposit,1356.92,CAD
CA00037248,2025-05-30,BR008,TLR-3599,C500964,cash deposit,3283.1,CAD
CA00041951,2025-05-05,BR033,TLR-3820,C501010,cash deposit,407.81,CAD
CA00038315,2025-05-02,BR015,TLR-9262,C501159,cash deposit,1079.33,CAD
CA00040304,2025-05-17,BR025,TLR-1533,C500900,cash deposit,584.9,CAD
CA00035670,2025-05-17,BR001,TLR-3508,C503691,cash withdrawal,1513.19,CAD
CA00042967,2025-05-30,BR037,TLR-4985,C503689,cash withdrawal,1220.56,CAD
CA00038985,2025-05-24,BR018,TLR-1591,C500606,cash deposit,527.14,CAD
CA00041916,2025-05-08,BR033,TLR-3433,C500445,cash withdrawal,2429.05,CAD
CA00044140,2025-05-02,BR040,TLR-4593,C503629,cash deposit,695.95,CAD
CA00039788,2025-05-01,BR021,TLR-8770,C501455,cash withdrawal,439.29,CAD
CA00038153,2025-05-01,BR014,TLR-7587,C501851,cash withdrawal,2703.35,CAD
CA00043850,2025-05-24,BR040,TLR-9804,C502386,cash deposit,645.94,CAD
CA00040104,2025-05-04,BR024,TLR-7591,C502187,cash deposit,522.64,CAD
CA00042632,2025-05-25,BR036,TLR-1245,C502848,cash withdrawal,1278.38,CAD
CA00041580,2025-05-11,BR031,TLR-3046,C501579,cash deposit,1850.11,CAD
CA00042794,2025-05-24,BR037,TLR-4386,C501567,cash deposit,1046.87,CAD
CA00039560,2025-05-04,BR020,TLR-1072,C501952,cash deposit,711.99,USD
CA00037419,2025-05-31,BR009,TLR-3032,C501437,cash deposit,1544.1,CAD
CA00043515,2025-05-22,BR040,TLR-6729,C500077,cash withdrawal,990.79,CAD
CA00039735,2025-05-13,BR021,TLR-8676,C500395,cash withdrawal,458.47,CAD
CA00043505,2025-05-12,BR040,TLR-5904,C501529,cash withdrawal,1105.26,CAD
CA00038863,2025-05-02,BR017,TLR-1851,C500703,cash withdrawal,869.56,CAD
CA00041586,2025-05-31,BR031,TLR-9392,C502319,cash deposit,683.64,CAD
CA00037912,2025-05-01,BR013,TLR-4897,C500311,cash deposit,545.77,CAD
CA00040094,2025-05-25,BR024,TLR-9830,C502583,cash withdrawal,1812.63,CAD
CA00036228,2025-05-20,BR004,TLR-2175,C500249,cash withdrawal,341.36,CAD
CA00040345,2025-05-09,BR025,TLR-2244,C501350,cash withdrawal,-286.77,CAD
CA00036812,2025-05-01,BR006,TLR-2773,C500764,cash deposit,3158.68,CAD
CA00043170,2025-05-14,BR038,TLR-6234,C500949,cash deposit,678.37,CAD
CA00040692,2025-05-02,BR026,TLR-6421,C501010,cash deposit,1140.62,CAD
CA00038646,2025-05-25,BR016,TLR-3938,C500558,cash withdrawal,403.23,CAD
CA00039101,2025-05-19,BR019,TLR-4196,C501384,cash withdrawal,356.13,CAD
CA00038636,2025-05-22,BR016,TLR-3752,C502934,cash withdrawal,1528.44,CAD
CA00038237,2025-05-07,BR015,TLR-5063,C500642,cash withdrawal,1575.56,CAD
CA00038709,2025-05-07,BR017,TLR-1505,C500683,cash withdrawal,655.73,CAD
CA00042247,2025-05-17,BR035,TLR-9518,C503562,cash withdrawal,662.49,CAD
CA00036271,2025-05-11,BR004,TLR-3087,C502749,cash withdrawal,341.23,CAD
CA00040038,2025-05-01,BR024,TLR-2345,C501791,cash deposit,2847.05,CAD
CA00038655,2025-05-14,BR016,TLR-2967,C501782,cash deposit,1319.23,CAD
CA00038189,2025-05-24,BR014,TLR-1720,C502258,cash deposit,339.52,CAD
CA00043978,2025-05-30,BR040,TLR-7275,C503300,cash deposit,1640.59,CAD
CA00038798,2025-05-12,BR017,TLR-9576,C501185,cash withdrawal,2749.39,CAD
CA00038044,2025-05-22,BR014,TLR-1198,C500111,cash deposit,1250.33,CAD
CA00036250,2025-05-11,BR004,TLR-1449,C502743,cash deposit,999.42,CAD
CA00041929,2025-05-05,BR033,TLR-6083,C502556,cash withdrawal,2028.0,CAD
CA00040353,2025-05-19,BR025,TLR-9458,C500385,cash deposit,758.63,CAD
CA00043090,2025-05-05,BR038,TLR-1356,C503319,cash withdrawal,2573.61,CAD
CA00044010,2025-05-10,BR040,TLR-2428,C500009,cash deposit,2894.74,CAD
CA00038946,2025-05-07,BR018,TLR-7183,C500379,cash withdrawal,359.37,CAD
CA00039564,2025-05-10,BR020,TLR-7247,C501052,cash deposit,203.19,USD
CA00038942,2025-05-18,BR018,TLR-5857,C500772,cash deposit,350.51,CAD
CA00042275,2025-05-10,BR035,TLR-7901,C503002,cash withdrawal,991.28,CAD
CA00040941,2025-05-02,BR028,TLR-3553,C500617,cash deposit,1171.47,CAD
CA00043845,2025-05-25,BR040,TLR-7309,C501955,cash deposit,1442.52,CAD
CA00035737,2025-05-19,BR001,TLR-6868,C501632,cash withdrawal,1766.99,CAD
CA00037150,2025-05-23,BR008,TLR-2632,C501025,cash withdrawal,1629.55,CAD
CA00037404,2025-05-16,BR009,TLR-4344,C502988,cash deposit,1094.39,CAD
CA00038740,2025-05-15,BR017,TLR-4724,C503744,cash deposit,324.36,CAD
CA00042764,2025-05-23,BR037,TLR-5057,C501024,cash withdrawal,1450.76,CAD
CA00043468,2025-05-31,BR040,TLR-1987,C502172,cash deposit,439.72,CAD
CA00040853,2025-05-18,BR027,TLR-2096,C502486,cash deposit,1657.39,CAD
CA00038591,2025-05-12,BR016,TLR-2614,C500558,cash withdrawal,1289.02,CAD
CA00036815,2025-05-26,BR006,TLR-6062,C501390,cash withdrawal,645.65,CAD
CA00040052,2025-05-27,BR024,TLR-2389,C503168,cash withdrawal,4088.38,CAD
CA00039785,2025-05-31,BR021,TLR-1293,C503335,cash deposit,1117.41,CAD
CA00039053,2025-05-24,BR018,TLR-8825,C500945,cash deposit,2913.62,CAD
CA00039699,2025-05-24,BR021,TLR-2690,C500752,cash withdrawal,764.7,CAD
CA00036539,2025-05-12,BR005,TLR-6569,C501869,cash deposit,3001.03,CAD
CA00038867,2025-05-20,BR017,TLR-4587,C502997,cash deposit,450.68,CAD
CA00041337,2025-05-24,BR030,TLR-8006,C502594,cash deposit,1852.29,CAD
CA00037966,2025-05-10,BR013,TLR-2244,C503477,cash deposit,1872.24,CAD
CA00035885,2025-05-05,BR002,TLR-9701,C501942,cash deposit,1053.58,CAD
CA00038145,2025-05-21,BR014,TLR-9736,C502452,cash deposit,2710.02,CAD
CA00041453,2025-05-17,BR030,TLR-9338,C503042,cash withdrawal,298.81,CAD
CA00043146,2025-05-08,BR038,TLR-7555,C503471,cash withdrawal,1574.87,CAD
CA00037212,2025-05-14,BR008,TLR-8433,C500086,cash deposit,1172.77,CAD
CA00043238,2025-05-06,BR039,TLR-3250,C503573,cash deposit,1573.12,CAD
CA00042373,2025-05-21,BR035,TLR-7760,C502403,cash deposit,3024.39,CAD
CA00036511,2025-05-23,BR005,TLR-8162,C503826,cash deposit,840.02,CAD
CA00043472,2025-05-23,BR040,TLR-6548,C500291,cash withdrawal,1939.94,CAD
CA00041262,2025-05-21,BR030,TLR-4303,C501845,cash withdrawal,1524.28,CAD
CA00041634,2025-05-20,BR031,TLR-2130,C502024,cash deposit,887.18,CAD
CA00037761,2025-05-09,BR012,TLR-4926,C503773,cash deposit,1546.62,CAD
CA00037115,2025-05-05,BR008,TLR-8609,C503530,cash withdrawal,945.1,CAD
CA00037403,2025-05-17,BR009,TLR-1727,C503079,cash withdrawal,459.11,CAD
CA00042487,2025-05-26,BR036,TLR-5567,C501472,cash deposit,1429.82,CAD
CA00036519,2025-05-22,BR005,TLR-3170,C502011,cash withdrawal,663.87,CAD
CA00042680,2025-05-19,BR036,TLR-4545,C500477,cash withdrawal,1180.48,CAD
CA00037133,2025-05-28,BR008,TLR-8182,C503375,cash withdrawal,845.64,CAD
CA00037159,2025-05-31,BR008,TLR-4133,C502914,cash withdrawal,875.27,CAD
CA00042450,2025-05-30,BR036,TLR-3173,C500482,cash withdrawal,1047.68,CAD
CA00037691,2025-05-12,BR012,TLR-5559,C501632,cash withdrawal,849.88,CAD
CA00038279,2025-05-30,BR015,TLR-7337,C501334,cash withdrawal,699.63,CAD
CA00040862,2025-05-03,BR027,TLR-6427,C503834,cash withdrawal,2499.67,CAD
CA00036308,2025-05-20,BR004,TLR-7061,C501342,cash withdrawal,1019.34,CAD
CA00042224,2025-05-08,BR035,TLR-8575,C502558,cash withdrawal,1309.57,CAD
CA00039895,2025-05-30,BR023,TLR-6076,C503797,cash withdrawal,2529.38,CAD
CA00038596,2025-05-18,BR016,TLR-8040,C501186,cash withdrawal,781.74,CAD
CA00037518,2025-05-24,BR010,TLR-6691,C501632,cash deposit,415.41,CAD
CA00043262,2025-05-24,BR039,TLR-9383,C503007,cash deposit,3130.13,CAD
CA00038651,2025-05-24,BR016,TLR-1159,C500375,cash withdrawal,357.77,CAD
CA00042694,2025-05-26,BR036,TLR-4570,C503021,cash withdrawal,1369.23,CAD
CA00040383,2025-05-23,BR025,TLR-6933,C502891,cash deposit,457.28,CAD
CA00043786,2025-05-27,BR040,TLR-7527,C501515,cash withdrawal,543.41,CAD
CA00041187,2025-05-22,BR029,TLR-2062,C502383,cash withdrawal,1186.79,CAD
CA00044002,2025-05-29,BR040,TLR-5911,C503192,cash withdrawal,946.97,CAD
CA00037667,2025-05-12,BR011,TLR-8210,C500496,cash deposit,1044.04,CAD
CA00042830,2025-05-08,BR037,TLR-3492,C502610,cash deposit,897.05,CAD
CA00040253,2025-05-31,BR024,TLR-2017,C500652,cash deposit,843.12,CAD
CA00041174,2025-05-10,BR029,TLR-2679,C503329,cash withdrawal,231.42,CAD
CA00037296,2025-05-12,BR008,TLR-6524,C503569,cash withdrawal,533.27,CAD
CA00043612,2025-05-09,BR040,TLR-8725,C500412,cash deposit,669.24,CAD
CA00043775,2025-05-05,BR040,TLR-2191,C500151,cash withdrawal,609.14,CAD
CA00035600,2025-05-29,BR001,TLR-1604,C500431,cash deposit,262.87,CAD
CA00040101,2025-05-03,BR024,TLR-7266,C500589,cash withdrawal,1081.77,CAD
CA00041137,2025-05-23,BR029,TLR-9942,C503919,cash withdrawal,855.22,CAD
CA00043078,2025-05-31,BR038,TLR-4838,C501214,cash deposit,969.87,CAD
CA00036284,2025-05-26,BR004,TLR-8909,C503561,cash withdrawal,646.65,CAD
CA00041628,2025-05-31,BR031,TLR-5449,C502557,cash withdrawal,569.12,CAD
CA00043544,2025-05-18,BR040,TLR-8773,C501804,cash deposit,1310.76,CAD
CA00040508,2025-05-13,BR026,TLR-7377,C503794,cash withdrawal,-1409.13,CAD
CA00038405,2025-05-13,BR015,TLR-7697,C503901,cash withdrawal,313.36,CAD
CA00036342,2025-05-16,BR004,TLR-6178,C501913,cash withdrawal,788.65,CAD
CA00035483,2025-05-16,BR001,TLR-5297,C501141,cash deposit,1775.74,CAD
CA00039922,2025-05-24,BR023,TLR-8572,C502079,cash withdrawal,537.44,CAD
CA00035540,2025-05-24,BR001,TLR-2973,C502526,cash withdrawal,1727.39,CAD
CA00036238,2025-05-15,BR004,TLR-5642,C502208,cash deposit,498.2,CAD
CA00037192,2025-05-12,BR008,TLR-9251,C500406,cash deposit,1347.4,CAD
CA00037750,2025-05-24,BR012,TLR-8664,C503589,cash withdrawal,338.0,CAD
CA00039717,2025-05-09,BR021,TLR-9887,C503874,cash withdrawal,292.53,CAD
CA00036093,2025-05-16,BR003,TLR-3554,C502461,cash deposit,414.72,CAD
CA00044286,2025-05-01,BR040,TLR-2282,C502753,cash deposit,1733.45,CAD
CA00036589,2025-05-02,BR006,TLR-8728,C500649,cash withdrawal,1716.25,CAD
CA00038444,2025-05-26,BR015,TLR-2579,C502795,cash withdrawal,681.07,CAD
CA00039356,2025-05-18,BR019,TLR-8149,C500140,cash withdrawal,238.57,CAD
CA00035415,2025-05-22,BR001,TLR-4159,C501724,cash withdrawal,2191.89,CAD
CA00035639,2025-05-24,BR001,TLR-6969,C502105,cash deposit,450.87,CAD
CA00042362,2025-05-29,BR035,TLR-1360,C503994,cash deposit,590.17,CAD
CA00041485,2025-05-07,BR030,TLR-9154,C501407,cash deposit,1115.33,CAD
CA00036394,2025-05-26,BR004,TLR-6334,C501096,cash deposit,1521.02,CAD
CA00038127,2025-05-20,BR014,TLR-2240,C501564,cash withdrawal,1396.09,CAD
CA00039553,2025-05-21,BR020,TLR-8676,C500491,cash deposit,441.81,USD
CA00043823,2025-05-23,BR040,TLR-6760,C501753,cash deposit,905.12,CAD
CA00036067,2025-05-21,BR003,TLR-9663,C503914,cash deposit,476.7,CAD
CA00042369,2025-05-01,BR035,TLR-6558,C500717,cash deposit,1409.83,CAD
CA00040860,2025-05-10,BR027,TLR-1166,C500672,cash deposit,472.73,CAD
CA00043554,2025-05-04,BR040,TLR-9230,C502995,cash deposit,454.33,CAD
CA00042892,2025-05-03,BR037,TLR-4168,C503038,cash withdrawal,484.88,CAD
CA00041601,2025-05-30,BR031,TLR-3286,C501221,cash withdrawal,611.54,CAD
CA00043789,2025-05-01,BR040,TLR-7879,C500021,cash deposit,1804.28,CAD
CA00041833,2025-05-10,BR032,TLR-2565,C500114,cash deposit,506.75,CAD
CA00041730,2025-05-01,BR031,TLR-6276,C502181,cash deposit,1166.87,CAD
CA00035929,2025-05-26,BR002,TLR-2199,C501337,cash deposit,2481.55,CAD
CA00042633,2025-05-10,BR036,TLR-9930,C500092,cash withdrawal,6474.32,CAD
CA00039589,2025-05-12,BR020,TLR-5779,C500122,cash deposit,654.51,USD
CA00038037,2025-05-16,BR014,TLR-8508,C503150,cash withdrawal,341.43,CAD
CA00041195,2025-05-04,BR029,TLR-4191,C501392,cash deposit,747.13,CAD
CA00038049,2025-05-23,BR014,TLR-7098,C500128,cash withdrawal,2335.99,CAD
CA00037694,2025-05-30,BR012,TLR-3603,C503283,cash deposit,741.26,CAD
CA00038474,2025-05-31,BR015,TLR-7022,C501181,cash deposit,317.84,CAD
CA00039888,2025-05-07,BR023,TLR-5154,C502505,cash deposit,420.27,CAD
CA00043607,2025-05-06,BR040,TLR-4655,C501642,cash deposit,1178.96,CAD
CA00036443,2025-05-03,BR004,TLR-6926,C500834,cash deposit,1107.75,CAD
CA00041134,2025-05-14,BR029,TLR-6528,C501508,cash deposit,1800.65,CAD
CA00037793,2025-05-25,BR012,TLR-3069,C503507,cash deposit,847.34,CAD
CA00041483,2025-05-16,BR030,TLR-3569,C502933,cash withdrawal,418.79,CAD
CA00043894,2025-05-21,BR040,TLR-6570,C500929,cash deposit,445.52,CAD
CA00037333,2025-05-03,BR009,TLR-3099,C500758,cash withdrawal,829.26,CAD
CA00036733,2025-05-19,BR006,TLR-6066,C503426,cash deposit,1992.95,CAD
CA00035873,2025-05-23,BR002,TLR-8781,C503213,cash deposit,1476.68,CAD
CA00037055,2025-05-12,BR008,TLR-8907,C500977,cash withdrawal,2143.11,CAD
CA00038167,2025-05-10,BR014,TLR-3044,C501850,cash deposit,1149.07,CAD
CA00041335,2025-05-01,BR030,TLR-3710,C501164,cash deposit,293.11,CAD
CA00039641,2025-05-09,BR021,TLR-8591,C500633,cash withdrawal,671.76,CAD
CA00038645,2025-05-10,BR016,TLR-7501,C503422,cash withdrawal,2231.97,CAD
CA00037905,2025-05-22,BR012,TLR-8412,C503686,cash withdrawal,1342.01,CAD
CA00040077,2025-05-09,BR024,TLR-9176,C500556,cash deposit,553.91,CAD
CA00036793,2025-05-14,BR006,TLR-2970,C502285,cash withdrawal,1000.36,CAD
CA00036441,2025-05-13,BR004,TLR-5860,C501663,cash withdrawal,5876.01,CAD
CA00038734,2025-05-23,BR017,TLR-2334,C502350,cash withdrawal,584.23,CAD
CA00038193,2025-05-15,BR014,TLR-9281,C503405,cash withdrawal,1198.48,CAD
CA00037989,2025-05-26,BR013,TLR-1576,C502221,cash withdrawal,5313.12,CAD
CA00043768,2025-05-23,BR040,TLR-4355,C503501,cash deposit,2263.39,CAD
CA00041098,2025-05-20,BR029,TLR-6010,C503697,cash deposit,691.84,CAD
CA00043277,2025-05-01,BR039,TLR-8374,C500986,cash withdrawal,364.58,CAD
CA00044184,2025-05-20,BR040,TLR-6708,C502667,cash deposit,688.57,CAD
CA00037220,2025-05-10,BR008,TLR-1044,C501236,cash deposit,859.88,CAD
CA00038900,2025-05-23,BR017,TLR-6721,C502566,cash deposit,800.88,CAD
CA00041454,2025-05-27,BR030,TLR-8709,C501219,cash withdrawal,1154.55,CAD
CA00041608,2025-05-14,BR031,TLR-1798,C501355,cash withdrawal,1666.52,CAD
CA00040793,2025-05-25,BR027,TLR-6217,C502090,cash deposit,618.96,CAD
CA00035962,2025-05-14,BR002,TLR-2500,C502792,cash deposit,348.35,CAD
CA00035485,2025-05-16,BR001,TLR-5132,C500731,cash withdrawal,3170.53,CAD
CA00037371,2025-05-17,BR009,TLR-1265,C503703,cash deposit,1649.26,CAD
CA00038749,2025-05-24,BR017,TLR-1989,C502259,cash withdrawal,689.35,CAD
CA00036322,2025-05-05,BR004,TLR-3592,C500146,cash deposit,478.46,CAD
CA00042296,2025-05-04,BR035,TLR-9633,C501623,cash deposit,1029.14,CAD
CA00043076,2025-05-19,BR038,TLR-9493,C501063,cash withdrawal,1636.84,CAD
CA00041072,2025-05-11,BR029,TLR-3839,C503794,cash deposit,817.61,CAD
CA00037852,2025-05-16,BR012,TLR-4362,C500853,cash deposit,903.35,CAD
CA00041890,2025-05-21,BR033,TLR-2618,C500267,cash withdrawal,1906.77,CAD
CA00038289,2025-05-29,BR015,TLR-7660,C501038,cash deposit,918.6,CAD
CA00035731,2025-05-25,BR001,TLR-6106,C500940,cash deposit,968.58,CAD
CA00038910,2025-05-02,BR017,TLR-2776,C501861,cash deposit,2866.83,CAD
CA00039906,2025-05-20,BR023,TLR-1470,C500022,cash deposit,440.58,CAD
CA00038864,2025-05-25,BR017,TLR-4118,C500528,cash withdrawal,1201.84,CAD
CA00042159,2025-05-29,BR034,TLR-1462,C502658,cash withdrawal,1607.84,CAD
CA00043557,2025-05-30,BR040,TLR-3436,C501220,cash deposit,1043.89,CAD
CA00042614,2025-05-04,BR036,TLR-9165,C501686,cash deposit,468.49,CAD
CA00036775,2025-05-30,BR006,TLR-9668,C502913,cash deposit,153.26,CAD
CA00041521,2025-05-13,BR031,TLR-4322,C502461,cash deposit,516.25,CAD
CA00043939,2025-05-14,BR040,TLR-9964,C500802,cash deposit,830.87,CAD
CA00040929,2025-05-15,BR028,TLR-6290,C502973,cash withdrawal,2318.15,CAD
CA00042685,2025-05-08,BR036,TLR-9571,C502848,cash deposit,1134.96,CAD
CA00039534,2025-05-22,BR020,TLR-7980,C501526,cash deposit,1000.12,USD
CA00035458,2025-05-24,BR001,TLR-5371,C501392,cash withdrawal,1123.24,CAD
CA00041905,2025-05-01,BR033,TLR-3052,C500537,cash withdrawal,891.81,CAD
CA00041325,2025-05-18,BR030,TLR-6774,C502017,cash withdrawal,1187.71,CAD
CA00038879,2025-05-09,BR017,TLR-5253,C501671,cash withdrawal,1086.06,CAD
CA00038040,2025-05-20,BR014,TLR-1563,C500299,cash withdrawal,459.83,CAD
CA00043305,2025-05-30,BR039,TLR-6916,C500181,cash deposit,790.47,CAD
CA00035927,2025-05-30,BR002,TLR-6691,C500894,cash deposit,1148.72,CAD
CA00040643,2025-05-04,BR026,TLR-6508,C501061,cash withdrawal,-765.86,CAD
CA00036030,2025-05-13,BR003,TLR-1344,C501581,cash withdrawal,1573.24,CAD
CA00040549,2025-05-08,BR026,TLR-6507,C501974,cash withdrawal,-901.48,CAD
CA00043204,2025-05-07,BR039,TLR-6268,C501352,cash deposit,1100.67,CAD
CA00036761,2025-05-15,BR006,TLR-2668,C502397,cash withdrawal,298.34,CAD
CA00040098,2025-05-01,BR024,TLR-1712,C501589,cash withdrawal,267.54,CAD
CA00042191,2025-05-25,BR034,TLR-4527,C503355,cash deposit,862.99,CAD
CA00042686,2025-05-16,BR036,TLR-6684,C501580,cash deposit,389.72,CAD
CA00043202,2025-05-08,BR038,TLR-2496,C503286,cash deposit,701.63,CAD
CA00038117,2025-05-17,BR014,TLR-2838,C500191,cash deposit,1035.33,CAD
CA00040319,2025-05-23,BR025,TLR-8930,C503527,cash withdrawal,-442.85,CAD
CA00036377,2025-05-17,BR004,TLR-1497,C500387,cash withdrawal,2456.87,CAD
CA00041414,2025-05-13,BR030,TLR-6194,C500609,cash deposit,1140.97,CAD
CA00038793,2025-05-15,BR017,TLR-2893,C502303,cash deposit,623.2,CAD
CA00044280,2025-05-12,BR040,TLR-2428,C503099,cash deposit,551.87,CAD
CA00043620,2025-05-17,BR040,TLR-9151,C502652,cash deposit,1664.47,CAD
CA00043426,2025-05-20,BR040,TLR-8389,C502288,cash withdrawal,647.98,CAD
CA00036741,2025-05-27,BR006,TLR-5968,C503853,cash withdrawal,1068.62,CAD
CA00042654,2025-05-13,BR036,TLR-2939,C500046,cash withdrawal,658.06,CAD
CA00040654,2025-05-02,BR026,TLR-8552,C502273,cash deposit,648.61,CAD
CA00040351,2025-05-23,BR025,TLR-8201,C503963,cash deposit,1239.98,CAD
CA00040371,2025-05-02,BR025,TLR-4723,C503670,cash withdrawal,-522.91,CAD
CA00039828,2025-05-15,BR022,TLR-2073,C503298,cash withdrawal,1652.81,CAD
CA00036659,2025-05-19,BR006,TLR-3784,C503865,cash withdrawal,640.32,CAD
CA00042908,2025-05-17,BR037,TLR-9575,C501650,cash withdrawal,435.66,CAD
CA00044030,2025-05-11,BR040,TLR-1314,C502384,cash deposit,565.63,CAD
CA00036678,2025-05-20,BR006,TLR-2009,C500452,cash withdrawal,373.27,CAD
CA00042684,2025-05-11,BR036,TLR-2160,C500862,cash withdrawal,494.36,CAD
CA00041445,2025-05-30,BR030,TLR-8368,C501264,cash deposit,1331.71,CAD
CA00039994,2025-05-10,BR023,TLR-4851,C502565,cash withdrawal,1060.06,CAD
CA00043275,2025-05-28,BR039,TLR-8471,C501375,cash withdrawal,410.31,CAD
CA00039144,2025-05-18,BR019,TLR-7476,C500377,cash deposit,760.33,CAD
CA00038720,2025-05-16,BR017,TLR-2559,C501678,cash deposit,1610.7,CAD
CA00036214,2025-05-02,BR004,TLR-4179,C500237,cash deposit,2471.48,CAD
CA00037281,2025-05-05,BR008,TLR-6888,C501390,cash withdrawal,1003.43,CAD
CA00041274,2025-05-24,BR030,TLR-4254,C503858,cash withdrawal,1428.96,CAD
CA00038578,2025-05-21,BR016,TLR-9082,C501645,cash deposit,1594.01,CAD
CA00041547,2025-05-07,BR031,TLR-6931,C503677,cash deposit,1629.49,CAD
CA00035461,2025-05-14,BR001,TLR-1938,C500653,cash deposit,5261.76,CAD
CA00039666,2025-05-02,BR021,TLR-5990,C500637,cash withdrawal,464.69,CAD
CA00042567,2025-05-19,BR036,TLR-5359,C500699,cash withdrawal,758.96,CAD
CA00043928,2025-05-11,BR040,TLR-6858,C502788,cash deposit,1287.82,CAD
CA00037705,2025-05-26,BR012,TLR-7289,C503244,cash deposit,602.56,CAD
CA00043103,2025-05-18,BR038,TLR-9885,C503492,cash deposit,917.04,CAD
CA00037892,2025-05-09,BR012,TLR-9735,C501739,cash deposit,1220.71,CAD
CA00038854,2025-05-05,BR017,TLR-3829,C502260,cash deposit,1458.2,CAD
CA00036933,2025-05-04,BR007,TLR-7449,C503287,cash withdrawal,2866.76,CAD
CA00041611,2025-05-19,BR031,TLR-1085,C501449,cash deposit,1767.98,CAD
CA00035436,2025-05-23,BR001,TLR-1903,C502732,cash deposit,1169.28,CAD
CA00039993,2025-05-30,BR023,TLR-3198,C502984,cash withdrawal,1884.76,CAD
CA00041025,2025-05-13,BR028,TLR-5184,C502806,cash deposit,901.3,CAD
CA00043552,2025-05-14,BR040,TLR-8902,C501791,cash withdrawal,677.73,CAD
CA00042344,2025-05-28,BR035,TLR-4976,C500294,cash deposit,2591.78,CAD
CA00038463,2025-05-27,BR015,TLR-1984,C503275,cash withdrawal,1154.84,CAD
CA00036092,2025-05-23,BR003,TLR-1311,C502779,cash deposit,1059.53,CAD
CA00037899,2025-05-10,BR012,TLR-2027,C501063,cash withdrawal,695.04,CAD
CA00035607,2025-05-25,BR001,TLR-8853,C501503,cash withdrawal,542.17,CAD
CA00043194,2025-05-23,BR038,TLR-9626,C501135,cash withdrawal,955.37,CAD
CA00044144,2025-05-03,BR040,TLR-4358,C502540,cash withdrawal,1283.71,CAD
CA00037511,2025-05-03,BR010,TLR-4028,C503595,cash deposit,1527.06,CAD
CA00042829,2025-05-28,BR037,TLR-1050,C500208,cash withdrawal,3277.53,CAD
CA00041051,2025-05-11,BR028,TLR-1073,C502326,cash withdrawal,636.48,CAD
CA00042947,2025-05-27,BR037,TLR-6373,C501936,cash withdrawal,2396.64,CAD
CA00043771,2025-05-04,BR040,TLR-4143,C501359,cash withdrawal,1848.88,CAD
CA00036333,2025-05-31,BR004,TLR-2855,C503933,cash withdrawal,937.71,CAD
CA00040246,2025-05-25,BR024,TLR-3933,C503016,cash deposit,631.92,CAD
CA00039505,2025-05-09,BR020,TLR-5770,C502322,cash withdrawal,2049.61,USD
CA00035630,2025-05-04,BR001,TLR-5310,C502425,cash deposit,2158.38,CAD
CA00039306,2025-05-03,BR019,TLR-2979,C500920,cash deposit,414.48,CAD
CA00035869,2025-05-11,BR002,TLR-6067,C500959,cash withdrawal,-850.17,CAD
CA00043178,2025-05-18,BR038,TLR-6641,C502093,cash withdrawal,1586.8,CAD
CA00041271,2025-05-13,BR030,TLR-6097,C501832,cash withdrawal,1667.19,CAD
CA00036079,2025-05-13,BR003,TLR-7844,C500408,cash deposit,1494.34,CAD
CA00044275,2025-05-05,BR040,TLR-5009,C501763,cash withdrawal,893.54,CAD
CA00041003,2025-05-07,BR028,TLR-9131,C500787,cash withdrawal,1155.83,CAD
CA00040076,2025-05-11,BR024,TLR-9522,C500639,cash withdrawal,675.5,CAD
CA00043227,2025-05-15,BR039,TLR-7674,C503311,cash withdrawal,1960.92,CAD
CA00043151,2025-05-02,BR038,TLR-8441,C500505,cash withdrawal,1341.91,CAD
CA00039761,2025-05-06,BR021,TLR-1567,C500871,cash deposit,2165.34,CAD
CA00041053,2025-05-10,BR029,TLR-5570,C502410,cash withdrawal,2843.81,CAD
CA00038486,2025-05-19,BR015,TLR-1539,C500381,cash deposit,556.59,CAD
CA00039298,2025-05-03,BR019,TLR-4149,C501866,cash withdrawal,729.12,CAD
CA00040252,2025-05-10,BR024,TLR-8373,C500706,cash deposit,2963.75,CAD
CA00042283,2025-05-14,BR035,TLR-2982,C503011,cash withdrawal,3489.86,CAD
CA00040633,2025-05-28,BR026,TLR-8701,C503783,cash withdrawal,-2023.25,CAD
CA00043513,2025-05-14,BR040,TLR-5375,C503668,cash deposit,615.94,CAD
CA00038895,2025-05-02,BR017,TLR-5283,C503855,cash withdrawal,424.38,CAD
CA00038961,2025-05-15,BR018,TLR-9549,C503118,cash deposit,991.78,CAD
CA00036909,2025-05-14,BR007,TLR-6128,C500200,cash deposit,681.88,CAD
CA00040896,2025-05-15,BR027,TLR-3534,C501618,cash withdrawal,955.17,CAD
CA00044017,2025-05-13,BR040,TLR-4202,C503146,cash deposit,239.09,CAD
CA00036227,2025-05-14,BR004,TLR-7675,C500856,cash deposit,1541.14,CAD
CA00037030,2025-05-19,BR007,TLR-9794,C501665,cash withdrawal,3853.92,CAD
CA00039216,2025-05-27,BR019,TLR-1055,C500157,cash withdrawal,1207.25,CAD
CA00039536,2025-05-09,BR020,TLR-2315,C500589,cash withdrawal,440.38,USD
CA00043328,2025-05-13,BR039,TLR-2392,C500271,cash deposit,3424.2,CAD
CA00035903,2025-05-26,BR002,TLR-3460,C502492,cash deposit,3493.32,CAD
CA00043934,2025-05-07,BR040,TLR-6282,C503327,cash withdrawal,1336.09,CAD
CA00042789,2025-05-15,BR037,TLR-8460,C502014,cash withdrawal,1607.13,CAD
CA00039469,2025-05-09,BR020,TLR-5589,C500157,cash deposit,56.77,USD
CA00037710,2025-05-18,BR012,TLR-9648,C500063,cash withdrawal,2308.42,CAD
CA00040502,2025-05-22,BR026,TLR-5661,C502389,cash deposit,571.63,CAD
CA00037393,2025-05-08,BR009,TLR-8367,C502483,cash withdrawal,4468.93,CAD
CA00036566,2025-05-06,BR006,TLR-5406,C500118,cash withdrawal,2511.93,CAD
CA00040971,2025-05-30,BR028,TLR-4274,C503955,cash deposit,928.74,CAD
CA00039670,2025-05-13,BR021,TLR-7849,C500921,cash withdrawal,1087.59,CAD
CA00035914,2025-05-06,BR002,TLR-4718,C502424,cash withdrawal,-1859.11,CAD
CA00041188,2025-05-14,BR029,TLR-1875,C503291,cash deposit,1651.93,CAD
CA00038034,2025-05-19,BR014,TLR-7251,C501514,cash withdrawal,2124.47,CAD
CA00040905,2025-05-27,BR027,TLR-8381,C500908,cash withdrawal,1672.44,CAD
CA00039120,2025-05-14,BR019,TLR-4387,C500509,cash withdrawal,608.75,CAD
CA00040900,2025-05-14,BR027,TLR-8508,C502095,cash withdrawal,2216.25,CAD
CA00037945,2025-05-03,BR013,TLR-4035,C502385,cash withdrawal,537.8,CAD
CA00039559,2025-05-20,BR020,TLR-6613,C500701,cash deposit,578.95,USD
CA00041120,2025-05-22,BR029,TLR-8571,C500333,cash deposit,880.66,CAD
CA00042651,2025-05-18,BR036,TLR-1188,C500626,cash deposit,638.13,CAD
CA00044194,2025-05-18,BR040,TLR-7417,C501441,cash withdrawal,608.25,CAD
CA00040119,2025-05-13,BR024,TLR-5369,C500968,cash deposit,1319.47,CAD
CA00039347,2025-05-25,BR019,TLR-8378,C501559,cash deposit,432.93,CAD
CA00038612,2025-05-18,BR016,TLR-7808,C501750,cash deposit,518.06,CAD
CA00039869,2025-05-17,BR022,TLR-8637,C500164,cash withdrawal,1359.88,CAD
CA00043640,2025-05-07,BR040,TLR-5205,C502609,cash deposit,1745.38,CAD
CA00036766,2025-05-25,BR006,TLR-1621,C502998,cash deposit,526.75,CAD
CA00035722,2025-05-03,BR001,TLR-1380,C503944,cash withdrawal,1154.22,CAD
CA00037397,2025-05-25,BR009,TLR-8227,C501122,cash withdrawal,367.24,CAD
CA00039760,2025-05-04,BR021,TLR-7261,C501573,cash deposit,427.75,CAD
CA00040379,2025-05-22,BR025,TLR-4154,C502826,cash withdrawal,-893.38,CAD
CA00042023,2025-05-01,BR033,TLR-3781,C502747,cash withdrawal,470.82,CAD
CA00041870,2025-05-26,BR032,TLR-4859,C501527,cash deposit,975.14,CAD
CA00040089,2025-05-25,BR024,TLR-7728,C500417,cash deposit,1127.6,CAD
CA00043383,2025-05-03,BR039,TLR-1307,C500548,cash deposit,1451.15,CAD
CA00036715,2025-05-19,BR006,TLR-2978,C501356,cash deposit,787.39,CAD
CA00042107,2025-05-02,BR034,TLR-7927,C503880,cash deposit,1470.67,CAD
CA00043623,2025-05-20,BR040,TLR-7211,C500421,cash deposit,1030.61,CAD
CA00037252,2025-05-18,BR008,TLR-2664,C502029,cash deposit,269.62,CAD
CA00036186,2025-05-25,BR003,TLR-6587,C500360,cash deposit,1275.03,CAD
CA00040895,2025-05-07,BR027,TLR-7271,C500928,cash deposit,364.89,CAD
CA00038968,2025-05-07,BR018,TLR-6176,C501926,cash deposit,1451.44,CAD
CA00037784,2025-05-16,BR012,TLR-7617,C503322,cash withdrawal,451.66,CAD
CA00039918,2025-05-15,BR023,TLR-7851,C501421,cash deposit,1756.39,CAD
CA00043664,2025-05-21,BR040,TLR-7950,C501129,cash deposit,374.82,CAD
CA00038677,2025-05-02,BR016,TLR-7392,C501434,cash withdrawal,623.25,CAD
CA00036100,2025-05-07,BR003,TLR-2029,C502939,cash withdrawal,1404.05,CAD
CA00042988,2025-05-12,BR037,TLR-4507,C500731,cash withdrawal,380.89,CAD
CA00040413,2025-05-15,BR025,TLR-8204,C503217,cash withdrawal,-1185.08,CAD
CA00039415,2025-05-13,BR019,TLR-6127,C501393,cash withdrawal,2655.5,CAD
CA00044197,2025-05-10,BR040,TLR-1064,C500372,cash deposit,449.16,CAD
CA00041600,2025-05-13,BR031,TLR-9530,C501487,cash withdrawal,1869.24,CAD
CA00044117,2025-05-11,BR040,TLR-1726,C500804,cash withdrawal,637.38,CAD
CA00040856,2025-05-14,BR027,TLR-5761,C502537,cash deposit,1475.1,CAD
CA00037208,2025-05-13,BR008,TLR-1880,C501381,cash deposit,539.88,CAD
CA00041822,2025-05-20,BR032,TLR-3783,C500501,cash withdrawal,3033.73,CAD
CA00041336,2025-05-14,BR030,TLR-4577,C502156,cash deposit,680.08,CAD
CA00044021,2025-05-31,BR040,TLR-6764,C501564,cash withdrawal,2248.21,CAD
CA00035644,2025-05-05,BR001,TLR-4452,C503669,cash deposit,3453.44,CAD
CA00038278,2025-05-16,BR015,TLR-1022,C500296,cash deposit,1106.22,CAD
CA00042779,2025-05-11,BR037,TLR-8906,C503572,cash withdrawal,288.67,CAD
CA00042635,2025-05-04,BR036,TLR-1711,C502033,cash withdrawal,2517.27,CAD
CA00042138,2025-05-15,BR034,TLR-5174,C503227,cash withdrawal,1921.13,CAD
CA00040084,2025-05-17,BR024,TLR-4977,C500645,cash withdrawal,1111.25,CAD
CA00036386,2025-05-18,BR004,TLR-5071,C503709,cash deposit,367.68,CAD
CA00038316,2025-05-29,BR015,TLR-8580,C503153,cash deposit,817.63,CAD
CA00036156,2025-05-22,BR003,TLR-4034,C500612,cash deposit,2257.44,CAD
CA00037455,2025-05-21,BR010,TLR-7851,C501078,cash deposit,1098.35,CAD
CA00043910,2025-05-07,BR040,TLR-6422,C502934,cash deposit,522.77,CAD
CA00038303,2025-05-09,BR015,TLR-6213,C503643,cash deposit,1972.1,CAD
CA00039966,2025-05-27,BR023,TLR-1368,C502153,cash withdrawal,1826.73,CAD
CA00042320,2025-05-28,BR035,TLR-2631,C501593,cash withdrawal,854.65,CAD
CA00040510,2025-05-15,BR026,TLR-7781,C502852,cash withdrawal,-1090.26,CAD
CA00042285,2025-05-13,BR035,TLR-3244,C502678,cash deposit,1163.73,CAD
CA00044178,2025-05-02,BR040,TLR-9890,C503342,cash withdrawal,1094.82,CAD
CA00039964,2025-05-03,BR023,TLR-7717,C503622,cash withdrawal,908.68,CAD
CA00044066,2025-05-10,BR040,TLR-3409,C500985,cash withdrawal,528.38,CAD
CA00037964,2025-05-05,BR013,TLR-3065,C501403,cash withdrawal,583.14,CAD
CA00038258,2025-05-05,BR015,TLR-7047,C501089,cash withdrawal,1210.52,CAD
CA00040137,2025-05-04,BR024,TLR-2004,C500343,cash deposit,1029.15,CAD
CA00042367,2025-05-14,BR035,TLR-4261,C503393,cash withdrawal,3733.01,CAD
CA00039448,2025-05-12,BR020,TLR-1715,C501205,cash deposit,1952.16,USD
CA00037764,2025-05-01,BR012,TLR-2098,C501963,cash deposit,783.6,CAD
CA00042019,2025-05-27,BR033,TLR-8726,C502148,cash deposit,2362.19,CAD
CA00035642,2025-05-29,BR001,TLR-5450,C500941,cash withdrawal,603.13,CAD
CA00042702,2025-05-24,BR036,TLR-9174,C501814,cash withdrawal,8973.56,CAD
CA00036717,2025-05-26,BR006,TLR-4473,C503625,cash withdrawal,440.76,CAD
CA00039167,2025-05-03,BR019,TLR-4354,C503132,cash withdrawal,740.4,CAD
CA00036213,2025-05-25,BR004,TLR-1432,C501687,cash withdrawal,648.05,CAD
CA00036207,2025-05-27,BR004,TLR-1438,C501590,cash deposit,1044.83,CAD
CA00036547,2025-05-07,BR005,TLR-3140,C500152,cash deposit,1521.47,CAD
CA00036993,2025-05-10,BR007,TLR-1166,C503002,cash deposit,1336.27,CAD
CA00036178,2025-05-10,BR003,TLR-5205,C501013,cash deposit,614.13,CAD
CA00039342,2025-05-24,BR019,TLR-3775,C501665,cash deposit,617.91,CAD
CA00043047,2025-05-07,BR038,TLR-8107,C502824,cash withdrawal,1311.57,CAD
CA00036153,2025-05-21,BR003,TLR-7040,C503792,cash deposit,1512.66,CAD
CA00038997,2025-05-05,BR018,TLR-3270,C502815,cash withdrawal,1066.48,CAD
CA00041980,2025-05-20,BR033,TLR-3727,C502481,cash withdrawal,890.3,CAD
CA00038290,2025-05-17,BR015,TLR-4305,C502354,cash deposit,641.11,CAD
CA00041638,2025-05-21,BR031,TLR-1080,C500482,cash deposit,426.44,CAD
CA00043592,2025-05-18,BR040,TLR-6640,C502527,cash withdrawal,658.67,CAD
CA00043987,2025-05-12,BR040,TLR-5953,C503836,cash deposit,1504.53,CAD
CA00040994,2025-05-11,BR028,TLR-7493,C503317,cash deposit,829.89,CAD
CA00037257,2025-05-22,BR008,TLR-1050,C500438,cash deposit,1833.68,CAD
CA00037722,2025-05-23,BR012,TLR-8104,C502765,cash withdrawal,928.58,CAD
CA00037260,2025-05-03,BR008,TLR-1475,C503306,cash deposit,1160.71,CAD
CA00042562,2025-05-27,BR036,TLR-3825,C503494,cash deposit,1292.21,CAD
CA00039512,2025-05-03,BR020,TLR-7487,C502353,cash withdrawal,274.92,USD
CA00043657,2025-05-26,BR040,TLR-5418,C500387,cash deposit,2592.71,CAD
CA00041592,2025-05-04,BR031,TLR-9833,C500189,cash withdrawal,816.5,CAD
CA00043927,2025-05-21,BR040,TLR-9419,C500951,cash deposit,1122.86,CAD
CA00037349,2025-05-13,BR009,TLR-2692,C501147,cash withdrawal,3369.49,CAD
CA00041667,2025-05-30,BR031,TLR-3782,C502012,cash withdrawal,449.79,CAD
CA00042634,2025-05-22,BR036,TLR-8197,C501098,cash withdrawal,1482.41,CAD
CA00039659,2025-05-11,BR021,TLR-1800,C503514,cash withdrawal,784.04,CAD
CA00042662,2025-05-17,BR036,TLR-1452,C501065,cash withdrawal,1471.94,CAD
CA00037465,2025-05-18,BR010,TLR-1374,C503488,cash withdrawal,653.1,CAD
CA00035923,2025-05-14,BR002,TLR-1902,C503401,cash withdrawal,-1011.54,CAD
CA00039999,2025-05-12,BR024,TLR-4404,C501793,cash deposit,1623.09,CAD
CA00039946,2025-05-25,BR023,TLR-8162,C502551,cash withdrawal,639.67,CAD
CA00042491,2025-05-08,BR036,TLR-9578,C501788,cash withdrawal,933.38,CAD
CA00037025,2025-05-15,BR007,TLR-7452,C500553,cash withdrawal,2998.62,CAD
CA00040635,2025-05-13,BR026,TLR-2647,C500085,cash withdrawal,-1044.68,CAD
CA00035645,2025-05-28,BR001,TLR-6254,C501323,cash withdrawal,976.12,CAD
CA00036874,2025-05-21,BR007,TLR-3322,C500965,cash deposit,481.56,CAD
CA00037473,2025-05-10,BR010,TLR-3002,C500647,cash deposit,788.48,CAD
CA00038366,2025-05-16,BR015,TLR-9791,C500144,cash deposit,373.94,CAD
CA00040815,2025-05-17,BR027,TLR-4604,C500452,cash withdrawal,775.47,CAD
CA00035807,2025-05-20,BR002,TLR-6780,C502651,cash withdrawal,-1116.82,CAD
CA00042770,2025-05-07,BR037,TLR-3074,C503603,cash deposit,617.47,CAD
CA00037726,2025-05-09,BR012,TLR-6346,C502661,cash deposit,1794.33,CAD
CA00043139,2025-05-21,BR038,TLR-2278,C502337,cash deposit,1153.82,CAD
CA00044038,2025-05-08,BR040,TLR-6584,C503611,cash deposit,564.88,CAD
CA00043343,2025-05-30,BR039,TLR-1597,C500550,cash deposit,11394.87,CAD
CA00036088,2025-05-14,BR003,TLR-7566,C503388,cash deposit,1852.83,CAD
CA00036697,2025-05-03,BR006,TLR-7307,C500616,cash withdrawal,1839.16,CAD
CA00043812,2025-05-25,BR040,TLR-4220,C501953,cash deposit,795.09,CAD
CA00040370,2025-05-11,BR025,TLR-4260,C502216,cash deposit,378.31,CAD
CA00042468,2025-05-22,BR036,TLR-9169,C502643,cash deposit,808.4,CAD
CA00042446,2025-05-16,BR036,TLR-6881,C503638,cash deposit,1668.68,CAD
CA00036714,2025-05-16,BR006,TLR-4120,C501826,cash deposit,1719.79,CAD
CA00044056,2025-05-12,BR040,TLR-2138,C500472,cash deposit,1316.18,CAD
CA00042513,2025-05-27,BR036,TLR-7987,C502675,cash deposit,811.21,CAD
CA00043097,2025-05-26,BR038,TLR-2148,C503785,cash withdrawal,1604.51,CAD
CA00043964,2025-05-13,BR040,TLR-1341,C500962,cash deposit,292.48,CAD
CA00037445,2025-05-23,BR010,TLR-8520,C501378,cash deposit,701.58,CAD
CA00041160,2025-05-29,BR029,TLR-3829,C502239,cash deposit,2469.08,CAD
CA00038080,2025-05-10,BR014,TLR-2641,C500833,cash withdrawal,921.61,CAD
CA00036841,2025-05-29,BR007,TLR-3965,C502871,cash deposit,799.57,CAD
CA00036730,2025-05-12,BR006,TLR-2553,C502956,cash deposit,2889.22,CAD
CA00041944,2025-05-22,BR033,TLR-5508,C501105,cash withdrawal,477.77,CAD
CA00041151,2025-05-04,BR029,TLR-3521,C503116,cash deposit,1906.95,CAD
CA00040800,2025-05-11,BR027,TLR-3598,C503169,cash withdrawal,199.86,CAD
CA00039891,2025-05-06,BR023,TLR-8019,C501363,cash deposit,497.98,CAD
CA00042015,2025-05-28,BR033,TLR-1012,C502493,cash withdrawal,665.92,CAD
CA00037744,2025-05-20,BR012,TLR-6501,C501107,cash withdrawal,1190.05,CAD
CA00039989,2025-05-02,BR023,TLR-9416,C502487,cash deposit,408.56,CAD
CA00043511,2025-05-17,BR040,TLR-8660,C503712,cash deposit,2068.17,CAD
CA00037674,2025-05-16,BR011,TLR-9581,C501348,cash deposit,1354.35,CAD
CA00041476,2025-05-18,BR030,TLR-4286,C502110,cash deposit,1046.87,CAD
CA00043039,2025-05-07,BR038,TLR-1092,C501974,cash deposit,2635.52,CAD
CA00036426,2025-05-24,BR004,TLR-4750,C503241,cash deposit,2029.99,CAD
CA00037772,2025-05-29,BR012,TLR-5794,C502008,cash deposit,1091.77,CAD
CA00042337,2025-05-11,BR035,TLR-4642,C503858,cash deposit,578.06,CAD
CA00039738,2025-05-11,BR021,TLR-7225,C500883,cash deposit,398.63,CAD
CA00040820,2025-05-29,BR027,TLR-1249,C501204,cash withdrawal,541.34,CAD
CA00042009,2025-05-15,BR033,TLR-7335,C500468,cash withdrawal,684.53,CAD
CA00040647,2025-05-15,BR026,TLR-7873,C500561,cash deposit,618.2,CAD
CA00037996,2025-05-28,BR013,TLR-6272,C502901,cash withdrawal,1054.85,CAD
CA00037510,2025-05-01,BR010,TLR-9087,C500162,cash deposit,1570.21,CAD
CA00036306,2025-05-15,BR004,TLR-7571,C502502,cash withdrawal,385.97,CAD
CA00037735,2025-05-25,BR012,TLR-7791,C501403,cash withdrawal,365.35,CAD
CA00037001,2025-05-22,BR007,TLR-1510,C500273,cash withdrawal,966.89,CAD
CA00036768,2025-05-15,BR006,TLR-3390,C502790,cash withdrawal,920.57,CAD
CA00043698,2025-05-29,BR040,TLR-5779,C503104,cash deposit,2351.64,CAD
CA00039816,2025-05-10,BR022,TLR-1569,C503492,cash withdrawal,1604.29,CAD
CA00035646,2025-05-16,BR001,TLR-3154,C500225,cash deposit,407.11,CAD
CA00039663,2025-05-11,BR021,TLR-8963,C503323,cash deposit,870.12,CAD
CA00036040,2025-05-14,BR003,TLR-1748,C502012,cash deposit,1521.66,CAD
CA00044128,2025-05-07,BR040,TLR-3471,C503533,cash withdrawal,255.89,CAD
CA00043837,2025-05-11,BR040,TLR-6230,C501893,cash deposit,729.61,CAD
CA00036362,2025-05-10,BR004,TLR-7397,C503702,cash deposit,182.06,CAD
CA00037934,2025-05-15,BR013,TLR-5750,C500682,cash withdrawal,1476.23,CAD
CA00043344,2025-05-13,BR039,TLR-9341,C500416,cash deposit,655.14,CAD
CA00043788,2025-05-31,BR040,TLR-4474,C502107,cash withdrawal,562.74,CAD
CA00036488,2025-05-25,BR005,TLR-6481,C502179,cash withdrawal,1023.0,CAD
CA00042406,2025-05-12,BR035,TLR-6019,C501636,cash deposit,554.3,CAD
CA00040982,2025-05-12,BR028,TLR-3231,C503426,cash withdrawal,447.91,CAD
CA00041196,2025-05-05,BR029,TLR-1413,C502308,cash deposit,823.9,CAD
CA00042806,2025-05-19,BR037,TLR-1843,C501096,cash deposit,1471.65,CAD
CA00040108,2025-05-16,BR024,TLR-4509,C500715,cash withdrawal,2127.0,CAD
CA00042143,2025-05-02,BR034,TLR-7094,C503548,cash deposit,1305.38,CAD
CA00037871,2025-05-11,BR012,TLR-5173,C500677,cash withdrawal,488.1,CAD
CA00040878,2025-05-06,BR027,TLR-7191,C503117,cash deposit,216.8,CAD
CA00039983,2025-05-24,BR023,TLR-6264,C501013,cash withdrawal,770.86,CAD
CA00036597,2025-05-09,BR006,TLR-5355,C502341,cash deposit,1552.98,CAD
CA00043335,2025-05-08,BR039,TLR-3420,C502766,cash withdrawal,812.06,CAD
CA00042268,2025-05-27,BR035,TLR-1242,C500146,cash deposit,1701.85,CAD
CA00037627,2025-05-16,BR011,TLR-1943,C502213,cash withdrawal,1047.19,CAD
CA00039059,2025-05-25,BR018,TLR-5839,C501396,cash deposit,1200.64,CAD
CA00036613,2025-05-29,BR006,TLR-6605,C503858,cash deposit,2253.24,CAD
CA00036361,2025-05-17,BR004,TLR-3582,C501165,cash deposit,310.24,CAD
CA00043626,2025-05-01,BR040,TLR-4557,C500162,cash withdrawal,2178.02,CAD
CA00037013,2025-05-30,BR007,TLR-1895,C502940,cash withdrawal,1800.09,CAD
CA00043147,2025-05-24,BR038,TLR-4184,C501109,cash withdrawal,209.33,CAD
CA00044277,2025-05-25,BR040,TLR-4391,C501290,cash withdrawal,673.25,CAD
CA00039451,2025-05-17,BR020,TLR-2928,C502216,cash deposit,602.53,USD
CA00040574,2025-05-18,BR026,TLR-1939,C501204,cash deposit,353.33,CAD
CA00040376,2025-05-16,BR025,TLR-7571,C503364,cash deposit,1360.57,CAD
CA00040947,2025-05-16,BR028,TLR-1034,C503931,cash withdrawal,507.0,CAD
CA00037632,2025-05-31,BR011,TLR-5194,C500703,cash deposit,994.01,CAD
CA00040738,2025-05-08,BR027,TLR-6296,C502555,cash deposit,1037.05,CAD
CA00037405,2025-05-19,BR009,TLR-6422,C502293,cash withdrawal,1113.41,CAD
CA00039165,2025-05-15,BR019,TLR-9473,C501853,cash deposit,470.78,CAD
CA00037732,2025-05-25,BR012,TLR-4701,C502910,cash deposit,459.31,CAD
CA00042139,2025-05-13,BR034,TLR-6530,C501609,cash withdrawal,808.18,CAD
CA00041994,2025-05-01,BR033,TLR-4165,C500705,cash deposit,1382.65,CAD
CA00044272,2025-05-31,BR040,TLR-9663,C501535,cash deposit,997.26,CAD
CA00040185,2025-05-30,BR024,TLR-2140,C501801,cash deposit,997.87,CAD
CA00040669,2025-05-06,BR026,TLR-5259,C501761,cash deposit,278.57,CAD
CA00041823,2025-05-25,BR032,TLR-3700,C502905,cash deposit,944.48,CAD
CA00042492,2025-05-25,BR036,TLR-7677,C502858,cash deposit,788.84,CAD
CA00043341,2025-05-12,BR039,TLR-5807,C503352,cash deposit,1004.73,CAD
CA00044127,2025-05-27,BR040,TLR-5548,C501112,cash withdrawal,945.11,CAD
CA00040890,2025-05-30,BR027,TLR-7374,C503568,cash withdrawal,1170.29,CAD
CA00044166,2025-05-28,BR040,TLR-9897,C500939,cash deposit,1136.33,CAD
CA00041119,2025-05-21,BR029,TLR-5021,C503046,cash withdrawal,747.36,CAD
CA00037875,2025-05-23,BR012,TLR-7701,C501710,cash withdrawal,1805.27,CAD
CA00038506,2025-05-12,BR015,TLR-8420,C500197,cash withdrawal,1170.1,CAD
CA00040465,2025-05-08,BR025,TLR-6063,C501975,cash deposit,448.46,CAD
CA00035685,2025-05-22,BR001,TLR-8135,C500483,cash deposit,690.52,CAD
CA00041328,2025-05-17,BR030,TLR-9987,C500672,cash deposit,5065.94,CAD
CA00037412,2025-05-19,BR009,TLR-6731,C500259,cash deposit,1598.61,CAD
CA00043677,2025-05-10,BR040,TLR-3572,C503227,cash withdrawal,3577.52,CAD
CA00042080,2025-05-14,BR034,TLR-6450,C502762,cash withdrawal,738.67,CAD
CA00039726,2025-05-03,BR021,TLR-7413,C500897,cash withdrawal,1151.53,CAD
CA00042389,2025-05-10,BR035,TLR-5049,C502393,cash withdrawal,480.53,CAD
CA00041494,2025-05-02,BR031,TLR-5250,C503095,cash deposit,1110.61,CAD
CA00038627,2025-05-21,BR016,TLR-1939,C501860,cash deposit,650.14,CAD
CA00041281,2025-05-01,BR030,TLR-4514,C500745,cash deposit,741.28,CAD
CA00037800,2025-05-29,BR012,TLR-9053,C502801,cash deposit,4581.87,CAD
CA00036974,2025-05-27,BR007,TLR-6118,C500306,cash deposit,2073.69,CAD
CA00043773,2025-05-28,BR040,TLR-6998,C502680,cash withdrawal,1606.5,CAD
CA00035762,2025-05-02,BR002,TLR-7736,C503925,cash deposit,1158.3,CAD
CA00038121,2025-05-21,BR014,TLR-5863,C503872,cash deposit,419.43,CAD
CA00036371,2025-05-13,BR004,TLR-2414,C503990,cash deposit,1053.43,CAD
CA00043127,2025-05-29,BR038,TLR-6247,C501271,cash deposit,1401.73,CAD
CA00042688,2025-05-07,BR036,TLR-8553,C501693,cash deposit,1781.83,CAD
CA00041805,2025-05-23,BR032,TLR-3540,C502734,cash withdrawal,593.51,CAD
CA00040585,2025-05-10,BR026,TLR-8206,C503916,cash deposit,740.08,CAD
CA00040787,2025-05-29,BR027,TLR-6426,C502454,cash withdrawal,3150.68,CAD
CA00039830,2025-05-18,BR022,TLR-1911,C501648,cash deposit,3405.67,CAD
CA00043452,2025-05-23,BR040,TLR-5388,C500631,cash deposit,461.61,CAD
CA00040733,2025-05-11,BR027,TLR-1746,C503305,cash deposit,1066.13,CAD
CA00041913,2025-05-26,BR033,TLR-7154,C500998,cash deposit,860.85,CAD
CA00043569,2025-05-09,BR040,TLR-7861,C503010,cash withdrawal,544.61,CAD
CA00035989,2025-05-08,BR003,TLR-6160,C501115,cash deposit,2438.5,CAD
CA00042189,2025-05-06,BR034,TLR-2066,C503408,cash withdrawal,1016.53,CAD
CA00043451,2025-05-22,BR040,TLR-6617,C500289,cash withdrawal,2151.29,CAD
CA00040472,2025-05-17,BR025,TLR-8829,C501285,cash deposit,1445.91,CAD
CA00038607,2025-05-11,BR016,TLR-4730,C500509,cash deposit,2297.06,CAD
CA00039881,2025-05-04,BR023,TLR-1088,C500012,cash deposit,345.77,CAD
CA00039247,2025-05-03,BR019,TLR-7698,C501724,cash withdrawal,581.15,CAD
CA00035538,2025-05-12,BR001,TLR-2144,C502247,cash deposit,757.83,CAD
CA00038739,2025-05-18,BR017,TLR-8123,C500922,cash withdrawal,1227.94,CAD
CA00039223,2025-05-25,BR019,TLR-8255,C503604,cash withdrawal,968.7,CAD
CA00036652,2025-05-11,BR006,TLR-5988,C501837,cash deposit,884.33,CAD
CA00039909,2025-05-05,BR023,TLR-7159,C500321,cash deposit,954.79,CAD
CA00043211,2025-05-13,BR039,TLR-5436,C500540,cash deposit,1290.05,CAD
CA00036869,2025-05-19,BR007,TLR-8784,C503685,cash deposit,1470.03,CAD
CA00041988,2025-05-05,BR033,TLR-4468,C500152,cash withdrawal,1037.09,CAD
CA00039781,2025-05-30,BR021,TLR-7977,C503421,cash deposit,259.29,CAD
CA00037414,2025-05-05,BR009,TLR-6678,C503262,cash withdrawal,758.47,CAD
CA00037534,2025-05-17,BR010,TLR-8866,C503240,cash deposit,2148.85,CAD
CA00043694,2025-05-18,BR040,TLR-2618,C500227,cash withdrawal,1889.59,CAD
CA00036830,2025-05-13,BR007,TLR-2379,C503026,cash deposit,2077.63,CAD
CA00041764,2025-05-27,BR032,TLR-5282,C503856,cash withdrawal,960.95,CAD
CA00037821,2025-05-06,BR012,TLR-7283,C503220,cash deposit,890.22,CAD
CA00038441,2025-05-22,BR015,TLR-5739,C500300,cash deposit,271.9,CAD
CA00036292,2025-05-19,BR004,TLR-9477,C502802,cash withdrawal,237.2,CAD
CA00037825,2025-05-18,BR012,TLR-7340,C500340,cash deposit,1204.29,CAD
CA00038156,2025-05-15,BR014,TLR-5664,C501289,cash withdrawal,515.15,CAD
CA00037495,2025-05-09,BR010,TLR-7944,C503958,cash deposit,768.11,CAD
CA00042433,2025-05-19,BR035,TLR-1765,C503329,cash deposit,1124.95,CAD
CA00042035,2025-05-18,BR033,TLR-5805,C503939,cash deposit,625.81,CAD
CA00038957,2025-05-29,BR018,TLR-9154,C502151,cash deposit,638.1,CAD
CA00037127,2025-05-01,BR008,TLR-6032,C502756,cash withdrawal,930.72,CAD
CA00043163,2025-05-05,BR038,TLR-2996,C501786,cash deposit,403.74,CAD
CA00038772,2025-05-22,BR017,TLR-5261,C501496,cash withdrawal,793.54,CAD
CA00041827,2025-05-09,BR032,TLR-2687,C503618,cash deposit,1617.61,CAD
CA00036829,2025-05-31,BR007,TLR-3959,C501952,cash deposit,4185.65,CAD
CA00036611,2025-05-21,BR006,TLR-4398,C503942,cash withdrawal,1603.66,CAD
CA00038826,2025-05-09,BR017,TLR-5773,C501573,cash deposit,3266.47,CAD
CA00036321,2025-05-29,BR004,TLR-4074,C503274,cash withdrawal,1220.82,CAD
CA00042343,2025-05-02,BR035,TLR-5637,C501185,cash deposit,1809.33,CAD
CA00043382,2025-05-27,BR039,TLR-5829,C502956,cash deposit,384.48,CAD
CA00037604,2025-05-03,BR010,TLR-8392,C502288,cash deposit,216.19,CAD
CA00043293,2025-05-04,BR039,TLR-8503,C500339,cash deposit,4589.91,CAD
CA00038423,2025-05-29,BR015,TLR-1162,C501344,cash deposit,1614.29,CAD
CA00035819,2025-05-02,BR002,TLR-7723,C501002,cash deposit,385.09,CAD
CA00037367,2025-05-31,BR009,TLR-4639,C503636,cash deposit,7682.33,CAD
CA00036460,2025-05-02,BR004,TLR-2249,C502012,cash deposit,593.07,CAD
CA00041347,2025-05-13,BR030,TLR-1285,C501606,cash deposit,1033.48,CAD
CA00035932,2025-05-19,BR002,TLR-1854,C503526,cash withdrawal,-288.82,CAD
CA00037143,2025-05-18,BR008,TLR-6998,C503954,cash deposit,396.79,CAD
CA00042778,2025-05-01,BR037,TLR-4766,C501587,cash withdrawal,655.29,CAD
CA00037437,2025-05-11,BR010,TLR-9149,C503185,cash deposit,331.81,CAD
CA00042526,2025-05-26,BR036,TLR-6564,C502100,cash deposit,1317.46,CAD
CA00043190,2025-05-22,BR038,TLR-9188,C501159,cash withdrawal,681.09,CAD
CA00041962,2025-05-27,BR033,TLR-9697,C503995,cash deposit,1008.78,CAD
CA00037480,2025-05-25,BR010,TLR-4600,C500976,cash withdrawal,2580.61,CAD
CA00041385,2025-05-31,BR030,TLR-4829,C503032,cash deposit,824.88,CAD
CA00043290,2025-05-16,BR039,TLR-1464,C500604,cash deposit,2008.28,CAD
CA00037482,2025-05-11,BR010,TLR-9164,C502995,cash withdrawal,625.82,CAD
CA00042168,2025-05-20,BR034,TLR-9443,C501910,cash deposit,199.19,CAD
CA00040631,2025-05-27,BR026,TLR-4479,C500162,cash withdrawal,-2998.68,CAD
CA00037861,2025-05-01,BR012,TLR-3326,C502047,cash withdrawal,1466.51,CAD
CA00039150,2025-05-09,BR019,TLR-4813,C501271,cash deposit,1167.15,CAD
CA00038703,2025-05-04,BR017,TLR-9119,C503946,cash withdrawal,667.29,CAD
CA00041041,2025-05-12,BR028,TLR-5059,C500707,cash withdrawal,758.62,CAD
CA00043171,2025-05-12,BR038,TLR-6990,C500262,cash withdrawal,742.61,CAD
CA00038770,2025-05-30,BR017,TLR-9312,C500718,cash withdrawal,707.02,CAD
CA00041832,2025-05-06,BR032,TLR-1436,C502502,cash withdrawal,1399.16,CAD
CA00039635,2025-05-28,BR021,TLR-5467,C502595,cash withdrawal,1049.85,CAD
CA00035500,2025-05-03,BR001,TLR-1704,C500704,cash deposit,980.05,CAD
CA00042253,2025-05-23,BR035,TLR-6396,C501498,cash deposit,635.43,CAD
CA00036127,2025-05-04,BR003,TLR-7570,C503764,cash deposit,925.56,CAD
CA00037486,2025-05-19,BR010,TLR-9588,C502053,cash withdrawal,1142.2,CAD
CA00037157,2025-05-28,BR008,TLR-1032,C500287,cash deposit,1367.92,CAD
CA00041947,2025-05-15,BR033,TLR-2657,C500036,cash withdrawal,767.88,CAD
CA00039963,2025-05-25,BR023,TLR-4617,C503836,cash deposit,326.59,CAD
CA00042558,2025-05-13,BR036,TLR-3289,C503087,cash withdrawal,1394.95,CAD
CA00036014,2025-05-16,BR003,TLR-4789,C503891,cash withdrawal,1655.57,CAD
CA00041230,2025-05-18,BR030,TLR-7641,C501895,cash deposit,2773.7,CAD
CA00044257,2025-05-06,BR040,TLR-1220,C503618,cash deposit,623.8,CAD
CA00035514,2025-05-31,BR001,TLR-2187,C502411,cash withdrawal,482.71,CAD
CA00035890,2025-05-28,BR002,TLR-1531,C500346,cash deposit,1043.06,CAD
CA00040358,2025-05-08,BR025,TLR-7400,C501045,cash withdrawal,-524.08,CAD
CA00041619,2025-05-10,BR031,TLR-5677,C503469,cash withdrawal,336.22,CAD
CA00042476,2025-05-31,BR036,TLR-6778,C502142,cash withdrawal,1580.96,CAD
CA00036048,2025-05-30,BR003,TLR-6436,C501731,cash deposit,528.99,CAD
CA00042497,2025-05-06,BR036,TLR-8654,C503785,cash withdrawal,1417.4,CAD
CA00040961,2025-05-30,BR028,TLR-2719,C500027,cash withdrawal,248.57,CAD
CA00043871,2025-05-31,BR040,TLR-3604,C500448,cash deposit,1298.79,CAD
CA00039244,2025-05-13,BR019,TLR-6290,C500664,cash withdrawal,532.01,CAD
CA00035857,2025-05-17,BR002,TLR-6182,C503233,cash withdrawal,-2312.48,CAD
CA00038210,2025-05-18,BR014,TLR-9074,C500236,cash deposit,2767.29,CAD
CA00037559,2025-05-03,BR010,TLR-2263,C501634,cash deposit,1512.72,CAD
CA00042148,2025-05-09,BR034,TLR-9526,C502526,cash withdrawal,3252.3,CAD
CA00037635,2025-05-18,BR011,TLR-3467,C500605,cash deposit,1724.41,CAD
CA00043246,2025-05-15,BR039,TLR-4681,C502643,cash withdrawal,2530.28,CAD
CA00043895,2025-05-12,BR040,TLR-5168,C500847,cash deposit,1568.87,CAD
CA00040134,2025-05-12,BR024,TLR-1529,C501709,cash deposit,2031.78,CAD
CA00042293,2025-05-01,BR035,TLR-4501,C502404,cash withdrawal,331.05,CAD
CA00043232,2025-05-25,BR039,TLR-4295,C502404,cash withdrawal,1798.43,CAD
CA00042501,2025-05-22,BR036,TLR-6897,C502216,cash withdrawal,1387.7,CAD
CA00039467,2025-05-05,BR020,TLR-7214,C501405,cash withdrawal,244.77,USD
CA00037399,2025-05-16,BR009,TLR-6156,C503462,cash deposit,1491.69,CAD
CA00039832,2025-05-28,BR022,TLR-5627,C503761,cash deposit,1502.98,CAD
CA00040846,2025-05-24,BR027,TLR-9908,C502941,cash withdrawal,1462.65,CAD
CA00036848,2025-05-15,BR007,TLR-1139,C503174,cash deposit,1640.09,CAD
CA00036101,2025-05-17,BR003,TLR-6633,C501184,cash deposit,1014.21,CAD
CA00037513,2025-05-10,BR010,TLR-7828,C503555,cash withdrawal,1050.41,CAD
CA00036558,2025-05-01,BR006,TLR-1496,C502197,cash deposit,1423.34,CAD
CA00043141,2025-05-03,BR038,TLR-9672,C502872,cash deposit,765.93,CAD
CA00043233,2025-05-14,BR039,TLR-7309,C502369,cash withdrawal,1129.02,CAD
CA00036646,2025-05-05,BR006,TLR-8058,C503769,cash withdrawal,629.66,CAD
CA00042256,2025-05-30,BR035,TLR-8300,C502145,cash deposit,1284.84,CAD
CA00039844,2025-05-22,BR022,TLR-9581,C503596,cash deposit,2662.5,CAD
CA00036095,2025-05-02,BR003,TLR-3002,C503513,cash deposit,617.29,CAD
CA00042263,2025-05-24,BR035,TLR-3713,C502964,cash withdrawal,1599.19,CAD
CA00037978,2025-05-22,BR013,TLR-1561,C502868,cash deposit,4184.21,CAD
CA00036938,2025-05-16,BR007,TLR-8539,C502972,cash withdrawal,1611.25,CAD
CA00037995,2025-05-14,BR013,TLR-4386,C500323,cash deposit,757.41,CAD
CA00042238,2025-05-28,BR035,TLR-4679,C501468,cash deposit,490.43,CAD
CA00036524,2025-05-13,BR005,TLR-4597,C502241,cash deposit,1135.82,CAD
CA00035635,2025-05-11,BR001,TLR-9513,C501431,cash deposit,3480.78,CAD
CA00042157,2025-05-25,BR034,TLR-4483,C503747,cash deposit,1908.49,CAD
CA00044247,2025-05-04,BR040,TLR-1780,C502647,cash deposit,534.68,CAD
CA00036858,2025-05-04,BR007,TLR-8589,C501094,cash withdrawal,972.44,CAD
CA00035714,2025-05-28,BR001,TLR-4646,C501953,cash deposit,1085.39,CAD
CA00043909,2025-05-22,BR040,TLR-4119,C502007,cash deposit,1723.81,CAD
CA00036706,2025-05-09,BR006,TLR-7905,C502363,cash deposit,1881.21,CAD
CA00041606,2025-05-11,BR031,TLR-8140,C502530,cash withdrawal,3860.51,CAD
CA00043953,2025-05-17,BR040,TLR-6404,C501084,cash deposit,2114.11,CAD
CA00036290,2025-05-31,BR004,TLR-3619,C500422,cash withdrawal,1163.03,CAD
CA00039630,2025-05-16,BR020,TLR-6398,C503830,cash withdrawal,3048.85,USD
CA00041367,2025-05-06,BR030,TLR-5204,C500456,cash withdrawal,3354.82,CAD
CA00040913,2025-05-09,BR027,TLR-2691,C502564,cash deposit,9160.12,CAD
CA00041847,2025-05-13,BR032,TLR-8574,C503209,cash withdrawal,2704.98,CAD
CA00037644,2025-05-13,BR011,TLR-8062,C501472,cash withdrawal,733.82,CAD
CA00038747,2025-05-24,BR017,TLR-3231,C501094,cash deposit,3836.73,CAD
CA00042318,2025-05-29,BR035,TLR-4131,C503077,cash deposit,3155.34,CAD
CA00041777,2025-05-17,BR032,TLR-5708,C502088,cash deposit,461.18,CAD
CA00038304,2025-05-24,BR015,TLR-3544,C501844,cash deposit,1865.02,CAD
CA00037490,2025-05-13,BR010,TLR-9807,C502437,cash deposit,1859.47,CAD
CA00042986,2025-05-10,BR037,TLR-6702,C501598,cash deposit,1876.09,CAD
CA00037266,2025-05-05,BR008,TLR-5559,C503049,cash deposit,209.1,CAD
CA00044131,2025-05-17,BR040,TLR-1859,C500258,cash deposit,634.29,CAD
CA00036594,2025-05-28,BR006,TLR-5143,C500173,cash deposit,785.83,CAD
CA00043826,2025-05-01,BR040,TLR-6837,C503379,cash deposit,2843.29,CAD
CA00038930,2025-05-15,BR017,TLR-2763,C500912,cash deposit,1302.0,CAD
CA00040773,2025-05-27,BR027,TLR-8277,C500299,cash deposit,1885.25,CAD
CA00044209,2025-05-08,BR040,TLR-6641,C502115,cash deposit,1151.73,CAD
CA00040699,2025-05-22,BR026,TLR-6047,C503765,cash withdrawal,-685.7,CAD
CA00035741,2025-05-20,BR001,TLR-7013,C503515,cash withdrawal,330.57,CAD
CA00038564,2025-05-05,BR016,TLR-2077,C501106,cash withdrawal,550.13,CAD
CA00040909,2025-05-08,BR027,TLR-8187,C500088,cash withdrawal,9923.18,CAD
CA00038927,2025-05-23,BR017,TLR-1515,C501650,cash deposit,707.65,CAD
CA00041660,2025-05-30,BR031,TLR-8211,C502924,cash deposit,445.81,CAD
CA00039054,2025-05-31,BR018,TLR-2561,C503068,cash deposit,297.13,CAD
CA00040591,2025-05-30,BR026,TLR-1812,C500794,cash withdrawal,-790.59,CAD
CA00038821,2025-05-23,BR017,TLR-2912,C501390,cash deposit,495.39,CAD
CA00040524,2025-05-05,BR026,TLR-6547,C502167,cash deposit,816.41,CAD
CA00036439,2025-05-14,BR004,TLR-2980,C502048,cash withdrawal,2056.76,CAD
CA00037938,2025-05-26,BR013,TLR-3605,C502868,cash withdrawal,2801.07,CAD
CA00039020,2025-05-27,BR018,TLR-9761,C502429,cash withdrawal,3053.67,CAD
CA00037638,2025-05-29,BR011,TLR-5004,C502298,cash withdrawal,846.8,CAD
CA00043593,2025-05-08,BR040,TLR-8648,C500824,cash withdrawal,457.42,CAD
CA00037272,2025-05-23,BR008,TLR-9286,C503691,cash withdrawal,965.93,CAD
CA00036293,2025-05-07,BR004,TLR-1972,C502559,cash withdrawal,494.79,CAD
CA00043575,2025-05-19,BR040,TLR-1764,C502584,cash withdrawal,577.13,CAD
CA00035417,2025-05-24,BR001,TLR-3843,C501578,cash withdrawal,450.29,CAD
CA00039479,2025-05-25,BR020,TLR-6206,C502443,cash deposit,212.53,USD
CA00039736,2025-05-19,BR021,TLR-5667,C500916,cash withdrawal,2510.33,CAD
CA00037274,2025-05-05,BR008,TLR-6392,C503431,cash withdrawal,972.49,CAD
CA00037379,2025-05-29,BR009,TLR-1183,C502732,cash withdrawal,3503.18,CAD
CA00041644,2025-05-03,BR031,TLR-8672,C500776,cash withdrawal,2027.17,CAD
CA00035565,2025-05-09,BR001,TLR-8708,C500171,cash deposit,2114.75,CAD
CA00036838,2025-05-30,BR007,TLR-2958,C502324,cash deposit,768.38,CAD
CA00039109,2025-05-21,BR019,TLR-9298,C500719,cash deposit,879.99,CAD
CA00039062,2025-05-04,BR018,TLR-3899,C501515,cash deposit,744.84,CAD
CA00037968,2025-05-04,BR013,TLR-3838,C502872,cash withdrawal,724.44,CAD
CA00044270,2025-05-14,BR040,TLR-1592,C502718,cash withdrawal,1082.31,CAD
CA00042199,2025-05-20,BR035,TLR-7913,C501894,cash deposit,1361.13,CAD
CA00037076,2025-05-12,BR008,TLR-2787,C502584,cash withdrawal,287.89,CAD
CA00042587,2025-05-12,BR036,TLR-1524,C500287,cash withdrawal,1959.96,CAD
CA00043686,2025-05-25,BR040,TLR-6941,C502915,cash deposit,1178.12,CAD
CA00038833,2025-05-28,BR017,TLR-7857,C501401,cash deposit,1532.28,CAD
CA00037321,2025-05-27,BR009,TLR-6901,C502765,cash withdrawal,1201.66,CAD
CA00040157,2025-05-06,BR024,TLR-8300,C501658,cash withdrawal,4861.07,CAD
CA00038459,2025-05-28,BR015,TLR-8984,C500250,cash deposit,440.42,CAD
CA00037271,2025-05-19,BR008,TLR-6884,C501435,cash withdrawal,377.48,CAD
CA00039522,2025-05-21,BR020,TLR-5323,C500395,cash withdrawal,530.54,USD
CA00038371,2025-05-17,BR015,TLR-1787,C501724,cash deposit,1215.62,CAD
CA00044046,2025-05-27,BR040,TLR-7058,C503567,cash deposit,2130.03,CAD
CA00038353,2025-05-15,BR015,TLR-7945,C500035,cash deposit,616.34,CAD
CA00039096,2025-05-22,BR019,TLR-7902,C503905,cash withdrawal,2221.29,CAD
CA00040596,2025-05-06,BR026,TLR-7362,C503057,cash deposit,433.8,CAD
CA00042445,2025-05-24,BR036,TLR-2330,C500362,cash withdrawal,509.87,CAD
CA00038381,2025-05-09,BR015,TLR-1586,C503152,cash withdrawal,559.74,CAD
CA00038413,2025-05-08,BR015,TLR-9710,C500979,cash deposit,886.61,CAD
CA00040019,2025-05-27,BR024,TLR-2482,C502804,cash deposit,1803.52,CAD
CA00037359,2025-05-06,BR009,TLR-7787,C503463,cash deposit,1299.61,CAD
CA00035815,2025-05-06,BR002,TLR-5452,C503932,cash deposit,546.8,CAD
CA00037183,2025-05-20,BR008,TLR-9580,C501356,cash deposit,418.61,CAD
CA00040751,2025-05-28,BR027,TLR-3336,C502242,cash withdrawal,973.41,CAD
CA00040590,2025-05-09,BR026,TLR-2857,C500709,cash withdrawal,-1438.53,CAD
CA00036555,2025-05-10,BR006,TLR-9986,C502593,cash withdrawal,847.8,CAD
CA00042711,2025-05-13,BR036,TLR-6433,C501604,cash withdrawal,1197.14,CAD
CA00038944,2025-05-26,BR018,TLR-6023,C500870,cash withdrawal,481.1,CAD
CA00035991,2025-05-14,BR003,TLR-2523,C501647,cash withdrawal,1548.07,CAD
CA00038182,2025-05-07,BR014,TLR-8829,C501031,cash deposit,2134.59,CAD
CA00043723,2025-05-05,BR040,TLR-9332,C503178,cash deposit,905.88,CAD
CA00037618,2025-05-03,BR011,TLR-9261,C501689,cash withdrawal,849.97,CAD
CA00038069,2025-05-13,BR014,TLR-3611,C502839,cash withdrawal,846.2,CAD
CA00035961,2025-05-03,BR002,TLR-5300,C501879,cash deposit,1455.38,CAD
CA00043699,2025-05-02,BR040,TLR-4086,C503720,cash withdrawal,1186.86,CAD
CA00038111,2025-05-03,BR014,TLR-5176,C503449,cash withdrawal,1341.87,CAD
CA00037988,2025-05-02,BR013,TLR-9581,C503260,cash withdrawal,1010.78,CAD
CA00043903,2025-05-21,BR040,TLR-2238,C503705,cash withdrawal,957.2,CAD
CA00035549,2025-05-20,BR001,TLR-7916,C502609,cash withdrawal,1222.4,CAD
CA00042528,2025-05-16,BR036,TLR-1754,C501969,cash deposit,439.69,CAD
CA00040526,2025-05-07,BR026,TLR-2713,C502233,cash withdrawal,-741.72,CAD
CA00040285,2025-05-22,BR025,TLR-2945,C503760,cash withdrawal,-651.33,CAD
CA00041299,2025-05-07,BR030,TLR-5718,C502012,cash withdrawal,429.75,CAD
CA00035413,2025-05-05,BR001,TLR-5352,C501963,cash deposit,226.32,CAD
CA00038021,2025-05-20,BR014,TLR-7673,C503858,cash deposit,337.11,CAD
CA00037757,2025-05-12,BR012,TLR-3800,C500189,cash withdrawal,657.27,CAD
CA00041043,2025-05-30,BR028,TLR-8646,C502233,cash deposit,701.78,CAD
CA00039276,2025-05-21,BR019,TLR-8609,C502927,cash withdrawal,4053.23,CAD
CA00042934,2025-05-23,BR037,TLR-7316,C501208,cash withdrawal,970.26,CAD
CA00037888,2025-05-17,BR012,TLR-5523,C503813,cash withdrawal,903.9,CAD
CA00036144,2025-05-17,BR003,TLR-4744,C501403,cash withdrawal,4895.85,CAD
CA00041278,2025-05-16,BR030,TLR-3389,C501818,cash deposit,694.74,CAD
CA00038631,2025-05-08,BR016,TLR-3336,C502033,cash withdrawal,415.72,CAD
CA00039228,2025-05-07,BR019,TLR-4740,C500896,cash deposit,3241.94,CAD
CA00038064,2025-05-25,BR014,TLR-9651,C503258,cash withdrawal,1003.26,CAD
CA00038812,2025-05-08,BR017,TLR-2283,C502574,cash deposit,929.18,CAD
CA00037769,2025-05-05,BR012,TLR-2225,C501595,cash withdrawal,742.48,CAD
CA00044206,2025-05-27,BR040,TLR-2318,C500143,cash deposit,358.57,CAD
CA00044037,2025-05-16,BR040,TLR-6714,C502324,cash withdrawal,1281.56,CAD
CA00036106,2025-05-21,BR003,TLR-6438,C502696,cash deposit,2311.7,CAD
CA00043116,2025-05-22,BR038,TLR-9998,C500157,cash deposit,1979.23,CAD
CA00044268,2025-05-03,BR040,TLR-1667,C501656,cash withdrawal,1150.45,CAD
CA00039331,2025-05-09,BR019,TLR-2967,C500388,cash withdrawal,346.0,CAD
CA00036825,2025-05-18,BR006,TLR-6230,C500789,cash deposit,1028.35,CAD
CA00038806,2025-05-02,BR017,TLR-2198,C502981,cash deposit,1012.23,CAD
CA00037615,2025-05-20,BR011,TLR-5045,C500344,cash withdrawal,198.36,CAD
CA00037317,2025-05-27,BR008,TLR-4066,C501694,cash withdrawal,1421.88,CAD
CA00043186,2025-05-22,BR038,TLR-3027,C501168,cash deposit,1661.62,CAD
CA00039375,2025-05-15,BR019,TLR-1348,C503362,cash withdrawal,2154.18,CAD
CA00043022,2025-05-04,BR038,TLR-2574,C500657,cash deposit,431.27,CAD
CA00043434,2025-05-12,BR040,TLR-4146,C500242,cash deposit,568.76,CAD
CA00037606,2025-05-23,BR010,TLR-5640,C501420,cash deposit,351.35,CAD
CA00040466,2025-05-15,BR025,TLR-5548,C500987,cash deposit,775.46,CAD
CA00038057,2025-05-27,BR014,TLR-2833,C502290,cash deposit,805.18,CAD
CA00043742,2025-05-28,BR040,TLR-3786,C500826,cash deposit,326.11,CAD
CA00037092,2025-05-12,BR008,TLR-2899,C501401,cash deposit,364.11,CAD
CA00038865,2025-05-07,BR017,TLR-6274,C502148,cash deposit,635.02,CAD
CA00043907,2025-05-08,BR040,TLR-9234,C503600,cash withdrawal,2415.84,CAD
CA00039939,2025-05-16,BR023,TLR-9355,C503237,cash deposit,473.19,CAD
CA00036868,2025-05-13,BR007,TLR-2482,C501029,cash withdrawal,1198.34,CAD
CA00039113,2025-05-24,BR019,TLR-3515,C501371,cash withdrawal,182.81,CAD
CA00038096,2025-05-24,BR014,TLR-6768,C503436,cash withdrawal,786.93,CAD
CA00036263,2025-05-24,BR004,TLR-4560,C500705,cash withdrawal,439.28,CAD
CA00036507,2025-05-13,BR005,TLR-4558,C503231,cash deposit,657.75,CAD
CA00040226,2025-05-04,BR024,TLR-4246,C501514,cash withdrawal,1567.64,CAD
CA00038837,2025-05-11,BR017,TLR-7100,C501866,cash deposit,1806.62,CAD
CA00042034,2025-05-30,BR033,TLR-2455,C500776,cash deposit,503.35,CAD
CA00036115,2025-05-21,BR003,TLR-4184,C503221,cash withdrawal,978.15,CAD
CA00039962,2025-05-14,BR023,TLR-3820,C501037,cash withdrawal,1165.16,CAD
CA00039619,2025-05-31,BR020,TLR-6099,C503048,cash withdrawal,1318.98,USD
CA00041854,2025-05-30,BR032,TLR-5910,C501603,cash deposit,413.97,CAD
CA00036650,2025-05-22,BR006,TLR-6472,C502528,cash deposit,721.21,CAD
CA00040327,2025-05-24,BR025,TLR-3065,C502169,cash deposit,1045.64,CAD
CA00040424,2025-05-21,BR025,TLR-3738,C502609,cash deposit,525.12,CAD
CA00041750,2025-05-13,BR032,TLR-1815,C500500,cash deposit,1387.92,CAD
CA00036779,2025-05-16,BR006,TLR-2182,C500753,cash withdrawal,1318.49,CAD
CA00036637,2025-05-12,BR006,TLR-3970,C501705,cash deposit,442.73,CAD
CA00043582,2025-05-12,BR040,TLR-9855,C500987,cash deposit,403.91,CAD
CA00039581,2025-05-20,BR020,TLR-1447,C501072,cash deposit,678.03,USD
CA00039361,2025-05-15,BR019,TLR-6032,C501797,cash deposit,1171.59,CAD
CA00042390,2025-05-28,BR035,TLR-2722,C503657,cash withdrawal,538.41,CAD
CA00038683,2025-05-21,BR016,TLR-2128,C503514,cash deposit,1539.7,CAD
CA00037872,2025-05-18,BR012,TLR-3058,C502702,cash withdrawal,378.6,CAD
CA00040065,2025-05-16,BR024,TLR-6647,C502832,cash withdrawal,548.94,CAD
CA00036817,2025-05-20,BR006,TLR-3933,C500461,cash deposit,938.68,CAD
CA00041019,2025-05-23,BR028,TLR-1065,C502323,cash withdrawal,2369.95,CAD
CA00041878,2025-05-09,BR032,TLR-1525,C500430,cash deposit,1848.25,CAD
CA00038365,2025-05-01,BR015,TLR-1286,C500447,cash deposit,780.63,CAD
CA00042383,2025-05-21,BR035,TLR-1146,C502155,cash withdrawal,923.2,CAD
CA00036711,2025-05-19,BR006,TLR-4910,C502916,cash deposit,442.53,CAD
CA00038346,2025-05-22,BR015,TLR-5039,C503289,cash deposit,1693.36,CAD
CA00040706,2025-05-03,BR026,TLR-4997,C501609,cash withdrawal,-575.59,CAD
CA00043453,2025-05-21,BR040,TLR-9165,C501516,cash deposit,451.91,CAD
CA00040262,2025-05-29,BR024,TLR-7696,C503266,cash deposit,486.63,CAD
CA00043428,2025-05-20,BR040,TLR-1572,C500844,cash deposit,473.48,CAD
CA00035471,2025-05-11,BR001,TLR-1770,C501126,cash deposit,957.36,CAD
CA00040391,2025-05-07,BR025,TLR-8929,C503639,cash withdrawal,-1998.06,CAD
CA00038746,2025-05-27,BR017,TLR-6512,C502937,cash deposit,671.58,CAD
CA00041731,2025-05-09,BR031,TLR-8554,C502436,cash withdrawal,1508.42,CAD
CA00040667,2025-05-08,BR026,TLR-6353,C503967,cash withdrawal,-848.34,CAD
CA00036982,2025-05-31,BR007,TLR-9949,C501974,cash withdrawal,432.38,CAD
CA00043852,2025-05-21,BR040,TLR-9525,C500473,cash deposit,249.6,CAD
CA00037881,2025-05-26,BR012,TLR-4804,C503435,cash withdrawal,682.15,CAD
CA00042955,2025-05-16,BR037,TLR-3154,C502271,cash deposit,2670.94,CAD
CA00036852,2025-05-09,BR007,TLR-4334,C501122,cash withdrawal,378.14,CAD
CA00039035,2025-05-31,BR018,TLR-2150,C502285,cash withdrawal,646.84,CAD
CA00037216,2025-05-26,BR008,TLR-7522,C500991,cash withdrawal,4081.31,CAD
CA00042754,2025-05-08,BR037,TLR-5271,C500417,cash deposit,951.05,CAD
CA00040938,2025-05-10,BR028,TLR-5758,C503383,cash withdrawal,3885.22,CAD
CA00035864,2025-05-04,BR002,TLR-7440,C503925,cash deposit,702.42,CAD
CA00039341,2025-05-17,BR019,TLR-5507,C503266,cash withdrawal,2855.83,CAD
CA00036688,2025-05-11,BR006,TLR-5493,C502336,cash withdrawal,573.59,CAD
CA00040399,2025-05-05,BR025,TLR-2484,C503622,cash deposit,866.3,CAD
CA00035592,2025-05-08,BR001,TLR-8200,C500974,cash withdrawal,1082.35,CAD
CA00042422,2025-05-12,BR035,TLR-2466,C500346,cash withdrawal,1128.56,CAD
CA00041063,2025-05-26,BR029,TLR-3729,C502369,cash withdrawal,2199.95,CAD
CA00038162,2025-05-25,BR014,TLR-4849,C503421,cash deposit,421.08,CAD
CA00036422,2025-05-02,BR004,TLR-4864,C502847,cash withdrawal,366.96,CAD
CA00037130,2025-05-18,BR008,TLR-6863,C500467,cash withdrawal,276.59,CAD
CA00036427,2025-05-07,BR004,TLR-3291,C501998,cash withdrawal,1033.54,CAD
CA00040083,2025-05-30,BR024,TLR-8580,C501810,cash deposit,4315.42,CAD
CA00042200,2025-05-23,BR035,TLR-8152,C502856,cash withdrawal,314.7,CAD
CA00040397,2025-05-22,BR025,TLR-4378,C503313,cash withdrawal,-1589.93,CAD
CA00037719,2025-05-21,BR012,TLR-5887,C501777,cash deposit,1354.61,CAD
CA00043393,2025-05-26,BR039,TLR-5321,C502515,cash deposit,2461.47,CAD
CA00038690,2025-05-31,BR016,TLR-8441,C503872,cash withdrawal,1716.98,CAD
CA00042196,2025-05-10,BR035,TLR-9307,C500040,cash withdrawal,1971.7,CAD
CA00037401,2025-05-11,BR009,TLR-5548,C501218,cash withdrawal,1460.24,CAD
CA00037190,2025-05-22,BR008,TLR-1367,C500264,cash deposit,1642.39,CAD
CA00039090,2025-05-17,BR019,TLR-4880,C501828,cash deposit,1094.69,CAD
CA00043437,2025-05-03,BR040,TLR-9401,C503819,cash withdrawal,1321.72,CAD
CA00040785,2025-05-07,BR027,TLR-3214,C501869,cash deposit,1335.99,CAD
CA00038599,2025-05-17,BR016,TLR-4402,C501473,cash withdrawal,1747.53,CAD
CA00044230,2025-05-21,BR040,TLR-3536,C503074,cash withdrawal,1139.21,CAD
CA00037580,2025-05-13,BR010,TLR-6535,C500181,cash deposit,1743.26,CAD
CA00041640,2025-05-20,BR031,TLR-2302,C501974,cash withdrawal,1096.25,CAD
CA00040951,2025-05-11,BR028,TLR-3599,C500407,cash withdrawal,405.65,CAD
CA00037811,2025-05-04,BR012,TLR-4169,C503491,cash withdrawal,1288.77,CAD
CA00042569,2025-05-24,BR036,TLR-3122,C501132,cash withdrawal,290.37,CAD
CA00041426,2025-05-16,BR030,TLR-6804,C503968,cash withdrawal,415.4,CAD
CA00039652,2025-05-28,BR021,TLR-8538,C501181,cash withdrawal,791.41,CAD
CA00041021,2025-05-02,BR028,TLR-5345,C500065,cash deposit,1214.76,CAD
CA00036497,2025-05-08,BR005,TLR-9456,C503826,cash withdrawal,4383.35,CAD
CA00044152,2025-05-24,BR040,TLR-6355,C501870,cash withdrawal,1372.74,CAD
CA00036440,2025-05-05,BR004,TLR-7850,C501122,cash withdrawal,917.47,CAD
CA00037240,2025-05-06,BR008,TLR-9303,C503453,cash deposit,643.39,CAD
CA00042607,2025-05-15,BR036,TLR-6251,C503860,cash withdrawal,1234.77,CAD
CA00041969,2025-05-09,BR033,TLR-8193,C502803,cash withdrawal,2295.94,CAD
CA00041372,2025-05-31,BR030,TLR-2462,C502300,cash deposit,3451.2,CAD
CA00041147,2025-05-02,BR029,TLR-6520,C501427,cash withdrawal,1226.35,CAD
CA00043012,2025-05-25,BR038,TLR-8887,C501420,cash deposit,253.36,CAD
CA00037657,2025-05-24,BR011,TLR-2398,C501700,cash withdrawal,795.39,CAD
CA00035876,2025-05-02,BR002,TLR-1759,C503303,cash withdrawal,-1082.04,CAD
CA00040135,2025-05-30,BR024,TLR-7848,C501507,cash withdrawal,940.57,CAD
CA00041874,2025-05-28,BR032,TLR-5784,C503103,cash withdrawal,438.67,CAD
CA00039358,2025-05-11,BR019,TLR-8891,C503566,cash deposit,847.47,CAD
CA00040525,2025-05-31,BR026,TLR-7932,C500067,cash withdrawal,-798.26,CAD
CA00041366,2025-05-15,BR030,TLR-2537,C500366,cash deposit,5393.02,CAD
CA00038978,2025-05-03,BR018,TLR-2912,C503127,cash deposit,1581.12,CAD
CA00042815,2025-05-08,BR037,TLR-8255,C502454,cash withdrawal,1719.39,CAD
CA00042409,2025-05-30,BR035,TLR-2910,C500411,cash deposit,786.63,CAD
CA00043049,2025-05-11,BR038,TLR-2150,C501339,cash withdrawal,329.87,CAD
CA00043627,2025-05-30,BR040,TLR-9007,C501371,cash deposit,1427.13,CAD
CA00038451,2025-05-14,BR015,TLR-5472,C502956,cash withdrawal,832.92,CAD
CA00039187,2025-05-21,BR019,TLR-7021,C500194,cash deposit,400.42,CAD
CA00043162,2025-05-26,BR038,TLR-3701,C500963,cash deposit,2320.49,CAD
CA00042547,2025-05-04,BR036,TLR-2320,C500148,cash withdrawal,914.25,CAD
CA00040953,2025-05-26,BR028,TLR-5594,C502529,cash deposit,1273.46,CAD
CA00035491,2025-05-19,BR001,TLR-4921,C500009,cash withdrawal,1846.17,CAD
CA00042777,2025-05-08,BR037,TLR-3009,C500996,cash withdrawal,1967.47,CAD
CA00042963,2025-05-07,BR037,TLR-6672,C500457,cash deposit,627.68,CAD
CA00042220,2025-05-14,BR035,TLR-7187,C500485,cash deposit,1408.34,CAD
CA00040713,2025-05-22,BR026,TLR-6470,C502270,cash withdrawal,-1423.52,CAD
CA00043846,2025-05-03,BR040,TLR-8075,C502221,cash deposit,468.71,CAD
CA00039873,2025-05-03,BR022,TLR-6791,C500931,cash withdrawal,1640.3,CAD
CA00042656,2025-05-21,BR036,TLR-8645,C502695,cash deposit,285.77,CAD
CA00042689,2025-05-13,BR036,TLR-4787,C503239,cash deposit,2042.42,CAD
CA00039540,2025-05-27,BR020,TLR-6903,C500488,cash withdrawal,1805.89,USD
CA00037307,2025-05-09,BR008,TLR-9165,C500523,cash deposit,536.27,CAD
CA00040882,2025-05-07,BR027,TLR-2397,C501479,cash withdrawal,603.39,CAD
CA00038478,2025-05-10,BR015,TLR-3290,C501252,cash withdrawal,1570.32,CAD
CA00038212,2025-05-19,BR014,TLR-4090,C500958,cash deposit,4115.7,CAD
CA00044226,2025-05-31,BR040,TLR-4879,C503322,cash deposit,548.98,CAD
CA00038138,2025-05-26,BR014,TLR-6196,C503998,cash withdrawal,522.12,CAD
CA00040490,2025-05-22,BR026,TLR-3211,C503758,cash withdrawal,-1638.73,CAD
CA00040190,2025-05-07,BR024,TLR-4923,C502550,cash withdrawal,1365.92,CAD
CA00036657,2025-05-07,BR006,TLR-6691,C502398,cash withdrawal,1545.5,CAD
CA00038107,2025-05-16,BR014,TLR-4289,C501947,cash deposit,1198.01,CAD
CA00035949,2025-05-18,BR002,TLR-8154,C502587,cash deposit,646.5,CAD
CA00039012,2025-05-16,BR018,TLR-5391,C500630,cash deposit,974.28,CAD
CA00041191,2025-05-20,BR029,TLR-5033,C503365,cash deposit,1614.52,CAD
CA00041957,2025-05-12,BR033,TLR-9667,C500643,cash withdrawal,546.35,CAD
CA00035925,2025-05-31,BR002,TLR-2650,C501257,cash deposit,925.58,CAD
CA00042046,2025-05-30,BR034,TLR-9217,C503101,cash withdrawal,1473.6,CAD
CA00039985,2025-05-19,BR023,TLR-5062,C503678,cash withdrawal,1419.06,CAD
CA00039526,2025-05-07,BR020,TLR-9460,C502330,cash deposit,221.48,USD
CA00042867,2025-05-20,BR037,TLR-5622,C501443,cash withdrawal,2718.34,CAD
CA00036029,2025-05-13,BR003,TLR-5232,C503916,cash deposit,508.04,CAD
CA00041148,2025-05-03,BR029,TLR-6908,C500047,cash deposit,2073.67,CAD
CA00040497,2025-05-30,BR026,TLR-5652,C502578,cash deposit,473.65,CAD
CA00041977,2025-05-04,BR033,TLR-5332,C503326,cash deposit,548.21,CAD
CA00043397,2025-05-21,BR039,TLR-7769,C500099,cash deposit,1294.13,CAD
CA00040908,2025-05-10,BR027,TLR-5588,C500391,cash deposit,354.81,CAD
CA00035984,2025-05-05,BR003,TLR-9417,C501120,cash deposit,380.79,CAD
CA00036971,2025-05-05,BR007,TLR-4263,C503490,cash withdrawal,1314.19,CAD
CA00043885,2025-05-02,BR040,TLR-8006,C502378,cash deposit,2039.99,CAD
CA00043352,2025-05-09,BR039,TLR-2202,C500471,cash withdrawal,2215.37,CAD
CA00036021,2025-05-03,BR003,TLR-9998,C500612,cash deposit,1075.55,CAD
CA00036331,2025-05-25,BR004,TLR-1103,C503152,cash withdrawal,2428.97,CAD
CA00053305,2025-05-29,BR033,TLR-9843,W913880,cash withdrawal,1450.88,CAD
CA00035758,2025-05-08,BR002,TLR-6752,C500912,cash deposit,1172.76,CAD
CA00043255,2025-05-20,BR039,TLR-3590,C502319,cash deposit,1028.82,CAD
CA00043177,2025-05-05,BR038,TLR-6777,C501777,cash deposit,503.55,CAD
CA00036551,2025-05-01,BR006,TLR-5698,C501429,cash deposit,707.33,CAD
CA00040434,2025-05-02,BR025,TLR-9609,C501572,cash withdrawal,-1637.14,CAD
CA00035715,2025-05-20,BR001,TLR-5159,C503103,cash withdrawal,337.79,CAD
CA00036560,2025-05-02,BR006,TLR-7800,C503633,cash deposit,2124.38,CAD
CA00037979,2025-05-15,BR013,TLR-3627,C500482,cash deposit,294.73,CAD
CA00042386,2025-05-23,BR035,TLR-2965,C500733,cash withdrawal,187.31,CAD
CA00042365,2025-05-28,BR035,TLR-4565,C500420,cash deposit,4300.15,CAD
CA00038496,2025-05-22,BR015,TLR-7349,C503709,cash withdrawal,1731.75,CAD
CA00040184,2025-05-19,BR024,TLR-8799,C500791,cash withdrawal,1470.77,CAD
CA00037373,2025-05-25,BR009,TLR-2801,C502443,cash withdrawal,936.6,CAD
CA00043705,2025-05-07,BR040,TLR-5417,C502282,cash withdrawal,669.04,CAD
CA00038847,2025-05-27,BR017,TLR-9116,C502812,cash withdrawal,456.57,CAD
CA00042941,2025-05-21,BR037,TLR-1240,C503644,cash deposit,1164.71,CAD
CA00040467,2025-05-02,BR025,TLR-8339,C501445,cash withdrawal,-742.46,CAD
CA00037850,2025-05-23,BR012,TLR-7908,C502220,cash withdrawal,773.26,CAD
CA00041484,2025-05-22,BR030,TLR-7713,C503354,cash deposit,1317.5,CAD
CA00041416,2025-05-09,BR030,TLR-9393,C500559,cash withdrawal,2801.12,CAD
CA00042381,2025-05-23,BR035,TLR-6125,C500931,cash withdrawal,312.33,CAD
CA00044015,2025-05-15,BR040,TLR-2743,C502221,cash withdrawal,1006.48,CAD
CA00037683,2025-05-17,BR012,TLR-6573,C500521,cash deposit,548.04,CAD
CA00038453,2025-05-12,BR015,TLR-5296,C500298,cash deposit,927.29,CAD
CA00037983,2025-05-13,BR013,TLR-2831,C500120,cash withdrawal,1601.14,CAD
CA00041243,2025-05-17,BR030,TLR-6657,C503767,cash deposit,1924.94,CAD
CA00038724,2025-05-19,BR017,TLR-2941,C502979,cash withdrawal,846.65,CAD
CA00038203,2025-05-07,BR014,TLR-2872,C501857,cash deposit,2596.78,CAD
CA00040805,2025-05-02,BR027,TLR-3185,C501305,cash deposit,1594.5,CAD
CA00036681,2025-05-16,BR006,TLR-6527,C502469,cash withdrawal,407.04,CAD
CA00041633,2025-05-12,BR031,TLR-2621,C500447,cash withdrawal,76.86,CAD
CA00043261,2025-05-20,BR039,TLR-6697,C501614,cash withdrawal,1167.02,CAD
CA00039975,2025-05-12,BR023,TLR-4823,C500918,cash deposit,948.47,CAD
CA00037047,2025-05-22,BR008,TLR-3317,C502447,cash deposit,863.8,CAD
CA00039254,2025-05-24,BR019,TLR-2651,C503818,cash deposit,2104.92,CAD
CA00041107,2025-05-08,BR029,TLR-2765,C503626,cash deposit,863.58,CAD
CA00040967,2025-05-23,BR028,TLR-4977,C502891,cash withdrawal,602.98,CAD
CA00040121,2025-05-25,BR024,TLR-1688,C502478,cash deposit,477.28,CAD
CA00043818,2025-05-02,BR040,TLR-4163,C503540,cash withdrawal,754.34,CAD
CA00043368,2025-05-19,BR039,TLR-3371,C500894,cash deposit,1080.64,CAD
CA00035422,2025-05-17,BR001,TLR-9718,C502078,cash withdrawal,708.41,CAD
CA00042802,2025-05-27,BR037,TLR-1624,C501085,cash withdrawal,914.81,CAD
CA00039177,2025-05-08,BR019,TLR-7613,C503911,cash deposit,1429.81,CAD
CA00042649,2025-05-07,BR036,TLR-1897,C500056,cash deposit,1821.9,CAD
CA00039288,2025-05-13,BR019,TLR-9245,C500807,cash deposit,1200.72,CAD
CA00040622,2025-05-03,BR026,TLR-4144,C500659,cash withdrawal,-2237.49,CAD
CA00037900,2025-05-13,BR012,TLR-8068,C502304,cash withdrawal,1612.25,CAD
CA00042466,2025-05-12,BR036,TLR-3103,C501413,cash deposit,2193.96,CAD
CA00035735,2025-05-08,BR001,TLR-3329,C502756,cash deposit,1572.24,CAD
CA00041676,2025-05-15,BR031,TLR-9467,C503251,cash deposit,933.42,CAD
CA00039267,2025-05-24,BR019,TLR-1020,C501512,cash deposit,615.98,CAD
CA00037927,2025-05-30,BR013,TLR-5396,C503776,cash deposit,299.17,CAD
CA00037062,2025-05-01,BR008,TLR-5138,C500064,cash withdrawal,2420.29,CAD
CA00042566,2025-05-29,BR036,TLR-8169,C502592,cash withdrawal,491.56,CAD
CA00036853,2025-05-20,BR007,TLR-5313,C502592,cash deposit,758.8,CAD
CA00042617,2025-05-16,BR036,TLR-4820,C500098,cash deposit,624.26,CAD
CA00042977,2025-05-28,BR037,TLR-3096,C503963,cash deposit,473.58,CAD
CA00036097,2025-05-27,BR003,TLR-6452,C500366,cash deposit,3905.6,CAD
CA00040960,2025-05-16,BR028,TLR-2070,C502942,cash deposit,1026.49,CAD
CA00037792,2025-05-28,BR012,TLR-6559,C503624,cash withdrawal,331.31,CAD
CA00038188,2025-05-22,BR014,TLR-4116,C500958,cash deposit,818.34,CAD
CA00043783,2025-05-04,BR040,TLR-5095,C500809,cash withdrawal,972.94,CAD
CA00037902,2025-05-01,BR012,TLR-4136,C502065,cash deposit,1475.33,CAD
CA00040411,2025-05-31,BR025,TLR-4362,C500846,cash withdrawal,-1549.06,CAD
CA00035990,2025-05-02,BR003,TLR-1585,C501228,cash deposit,693.36,CAD
CA00036839,2025-05-30,BR007,TLR-3249,C501477,cash withdrawal,322.49,CAD
CA00039114,2025-05-19,BR019,TLR-2557,C503244,cash deposit,762.37,CAD
CA00037661,2025-05-26,BR011,TLR-9583,C502774,cash withdrawal,1511.25,CAD
CA00042611,2025-05-10,BR036,TLR-1287,C500998,cash withdrawal,1442.0,CAD
CA00042672,2025-05-20,BR036,TLR-1459,C501510,cash withdrawal,392.4,CAD
CA00041186,2025-05-31,BR029,TLR-4147,C500883,cash deposit,521.3,CAD
CA00040360,2025-05-10,BR025,TLR-9213,C502456,cash deposit,605.7,CAD
CA00037558,2025-05-21,BR010,TLR-4066,C502741,cash withdrawal,802.31,CAD
CA00037729,2025-05-03,BR012,TLR-2466,C500327,cash withdrawal,687.15,CAD
CA00040343,2025-05-20,BR025,TLR-4765,C500529,cash deposit,492.16,CAD
CA00044150,2025-05-06,BR040,TLR-2098,C500582,cash deposit,519.52,CAD
CA00042044,2025-05-06,BR034,TLR-5097,C502685,cash withdrawal,747.8,CAD
CA00041888,2025-05-15,BR033,TLR-1397,C501785,cash withdrawal,1082.95,CAD
CA00037149,2025-05-03,BR008,TLR-1867,C500719,cash deposit,1198.01,CAD
CA00037430,2025-05-23,BR010,TLR-8828,C502128,cash withdrawal,517.52,CAD
CA00038814,2025-05-04,BR017,TLR-5690,C500609,cash withdrawal,503.38,CAD
CA00036936,2025-05-13,BR007,TLR-6627,C500942,cash withdrawal,2949.74,CAD
CA00043914,2025-05-14,BR040,TLR-2735,C503179,cash deposit,1152.06,CAD
CA00040066,2025-05-20,BR024,TLR-7247,C503027,cash withdrawal,2437.6,CAD
CA00038608,2025-05-19,BR016,TLR-8536,C503924,cash deposit,714.69,CAD
CA00040809,2025-05-02,BR027,TLR-1735,C504000,cash withdrawal,550.65,CAD
CA00036191,2025-05-12,BR003,TLR-1965,C502455,cash deposit,990.47,CAD
CA00037285,2025-05-14,BR008,TLR-9483,C502569,cash withdrawal,994.17,CAD
CA00042679,2025-05-27,BR036,TLR-4527,C501129,cash withdrawal,1328.47,CAD
CA00041146,2025-05-29,BR029,TLR-3665,C503967,cash withdrawal,946.86,CAD
CA00035463,2025-05-02,BR001,TLR-2427,C502346,cash deposit,3215.78,CAD
CA00042322,2025-05-23,BR035,TLR-2044,C500344,cash deposit,5629.21,CAD
CA00043407,2025-05-30,BR039,TLR-1278,C501662,cash withdrawal,1126.57,CAD
CA00036633,2025-05-04,BR006,TLR-4015,C503983,cash deposit,1679.05,CAD
CA00042142,2025-05-28,BR034,TLR-9046,C503925,cash withdrawal,1038.97,CAD
CA00036412,2025-05-14,BR004,TLR-8512,C503408,cash deposit,495.4,CAD
CA00037416,2025-05-22,BR009,TLR-4188,C503837,cash withdrawal,1404.24,CAD
CA00038172,2025-05-19,BR014,TLR-3913,C503648,cash withdrawal,2838.65,CAD
CA00042340,2025-05-08,BR035,TLR-5094,C503768,cash deposit,1745.52,CAD
CA00038609,2025-05-17,BR016,TLR-9815,C503362,cash deposit,371.34,CAD
CA00036343,2025-05-16,BR004,TLR-9883,C501954,cash deposit,2131.59,CAD
CA00039745,2025-05-12,BR021,TLR-5784,C502051,cash withdrawal,459.67,CAD
CA00043123,2025-05-25,BR038,TLR-2676,C502901,cash withdrawal,424.4,CAD
CA00041567,2025-05-23,BR031,TLR-1106,C503697,cash deposit,1012.31,CAD
CA00036905,2025-05-12,BR007,TLR-8895,C503500,cash deposit,1264.39,CAD
CA00040141,2025-05-17,BR024,TLR-8897,C501449,cash deposit,2761.32,CAD
CA00039721,2025-05-22,BR021,TLR-1534,C503150,cash withdrawal,1662.43,CAD
CA00036231,2025-05-05,BR004,TLR-9292,C503332,cash deposit,973.31,CAD
CA00037461,2025-05-22,BR010,TLR-4118,C502207,cash withdrawal,242.47,CAD
CA00035468,2025-05-17,BR001,TLR-6619,C501458,cash withdrawal,2267.22,CAD
CA00039746,2025-05-23,BR021,TLR-7010,C503393,cash deposit,2472.89,CAD
CA00038693,2025-05-20,BR016,TLR-8704,C501323,cash withdrawal,482.73,CAD
CA00040447,2025-05-24,BR025,TLR-4138,C503832,cash deposit,441.14,CAD
CA00037865,2025-05-20,BR012,TLR-5962,C503429,cash withdrawal,646.78,CAD
CA00035818,2025-05-15,BR002,TLR-3942,C501808,cash deposit,900.01,CAD
CA00038712,2025-05-21,BR017,TLR-3420,C500884,cash withdrawal,473.81,CAD
CA00037008,2025-05-24,BR007,TLR-2942,C503386,cash deposit,2957.66,CAD
CA00038529,2025-05-01,BR016,TLR-8416,C500559,cash withdrawal,667.44,CAD
CA00037546,2025-05-17,BR010,TLR-1624,C502003,cash deposit,565.85,CAD
CA00036923,2025-05-05,BR007,TLR-9710,C503093,cash withdrawal,2213.19,CAD
CA00035582,2025-05-06,BR001,TLR-1705,C500218,cash withdrawal,623.37,CAD
CA00040109,2025-05-15,BR024,TLR-8494,C501517,cash withdrawal,335.1,CAD
CA00035412,2025-05-11,BR001,TLR-6281,C500502,cash deposit,1442.18,CAD
CA00041322,2025-05-01,BR030,TLR-8054,C503546,cash deposit,547.43,CAD
CA00040088,2025-05-26,BR024,TLR-2559,C500126,cash deposit,800.13,CAD
CA00043836,2025-05-02,BR040,TLR-8686,C500566,cash withdrawal,828.0,CAD
CA00039976,2025-05-29,BR023,TLR-6358,C502604,cash deposit,1012.56,CAD
CA00043504,2025-05-13,BR040,TLR-2432,C500273,cash withdrawal,524.2,CAD
CA00036013,2025-05-08,BR003,TLR-3773,C502975,cash deposit,563.29,CAD
CA00040188,2025-05-09,BR024,TLR-2619,C503015,cash withdrawal,1535.06,CAD
CA00039060,2025-05-27,BR018,TLR-5952,C500384,cash deposit,1244.66,CAD
CA00042948,2025-05-14,BR037,TLR-6621,C503942,cash withdrawal,486.2,CAD
CA00041668,2025-05-20,BR031,TLR-6862,C501694,cash withdrawal,455.76,CAD
CA00043150,2025-05-01,BR038,TLR-1155,C502615,cash withdrawal,690.56,CAD
CA00043647,2025-05-10,BR040,TLR-5830,C503843,cash deposit,203.63,CAD
CA00037858,2025-05-01,BR012,TLR-9480,C503952,cash withdrawal,1931.25,CAD
CA00041714,2025-05-08,BR031,TLR-8486,C503534,cash deposit,1734.64,CAD
CA00042245,2025-05-05,BR035,TLR-8033,C502328,cash deposit,582.31,CAD
CA00041044,2025-05-05,BR028,TLR-6743,C503786,cash withdrawal,575.7,CAD
CA00038856,2025-05-11,BR017,TLR-4260,C502653,cash withdrawal,781.57,CAD
CA00038885,2025-05-18,BR017,TLR-3826,C501393,cash withdrawal,4615.71,CAD
CA00044020,2025-05-10,BR040,TLR-5216,C501094,cash withdrawal,1032.94,CAD
CA00038501,2025-05-21,BR015,TLR-1133,C501735,cash deposit,920.72,CAD
CA00038208,2025-05-16,BR014,TLR-1442,C500429,cash deposit,1253.18,CAD
CA00043173,2025-05-22,BR038,TLR-9017,C501528,cash deposit,976.36,CAD
CA00037418,2025-05-16,BR009,TLR-2219,C500385,cash withdrawal,1277.68,CAD
CA00037420,2025-05-22,BR009,TLR-9038,C501460,cash deposit,655.1,CAD
CA00037496,2025-05-29,BR010,TLR-5782,C502405,cash withdrawal,2870.75,CAD
CA00035804,2025-05-19,BR002,TLR-7548,C503642,cash deposit,731.62,CAD
CA00040202,2025-05-20,BR024,TLR-3354,C501672,cash withdrawal,838.05,CAD
CA00036603,2025-05-02,BR006,TLR-1536,C501924,cash deposit,1220.94,CAD
CA00038836,2025-05-12,BR017,TLR-7059,C502257,cash deposit,746.91,CAD
CA00039001,2025-05-22,BR018,TLR-4706,C501430,cash deposit,700.57,CAD
CA00043279,2025-05-30,BR039,TLR-2127,C502606,cash withdrawal,509.06,CAD
CA00040976,2025-05-20,BR028,TLR-4214,C500922,cash withdrawal,686.84,CAD
CA00041845,2025-05-24,BR032,TLR-7392,C501904,cash withdrawal,306.88,CAD
CA00043561,2025-05-20,BR040,TLR-9000,C503285,cash deposit,391.04,CAD
CA00040142,2025-05-11,BR024,TLR-4287,C503548,cash withdrawal,1702.45,CAD
CA00037279,2025-05-15,BR008,TLR-7096,C500546,cash withdrawal,1425.92,CAD
CA00041538,2025-05-08,BR031,TLR-4679,C501681,cash withdrawal,1361.01,CAD
CA00040906,2025-05-31,BR027,TLR-4305,C503762,cash withdrawal,390.03,CAD
CA00042328,2025-05-08,BR035,TLR-9176,C501221,cash deposit,1926.84,CAD
CA00043018,2025-05-01,BR038,TLR-5050,C503205,cash deposit,1384.47,CAD
CA00035674,2025-05-21,BR001,TLR-2531,C502728,cash deposit,883.17,CAD
CA00037641,2025-05-13,BR011,TLR-7056,C502899,cash deposit,497.73,CAD
CA00040493,2025-05-12,BR026,TLR-1124,C503922,cash withdrawal,-3822.29,CAD
CA00038077,2025-05-10,BR014,TLR-4611,C502922,cash withdrawal,1385.68,CAD
CA00042825,2025-05-19,BR037,TLR-5277,C501905,cash withdrawal,1517.73,CAD
CA00041679,2025-05-29,BR031,TLR-6414,C503426,cash withdrawal,741.78,CAD
CA00040419,2025-05-07,BR025,TLR-6335,C502718,cash deposit,2098.15,CAD
CA00043197,2025-05-29,BR038,TLR-4817,C502722,cash deposit,2670.51,CAD
CA00040529,2025-05-10,BR026,TLR-2211,C501989,cash deposit,620.63,CAD
CA00041308,2025-05-16,BR030,TLR-4360,C502390,cash withdrawal,1671.68,CAD
CA00040727,2025-05-11,BR027,TLR-9092,C502820,cash withdrawal,352.31,CAD
CA00037174,2025-05-27,BR008,TLR-6078,C503855,cash deposit,232.83,CAD
CA00038595,2025-05-11,BR016,TLR-1551,C502006,cash withdrawal,1142.25,CAD
CA00035775,2025-05-29,BR002,TLR-4213,C501753,cash withdrawal,-418.39,CAD
CA00040682,2025-05-02,BR026,TLR-7103,C500661,cash deposit,1915.8,CAD
CA00035980,2025-05-19,BR003,TLR-3907,C502681,cash withdrawal,1575.25,CAD
CA00038584,2025-05-27,BR016,TLR-3256,C503806,cash withdrawal,910.3,CAD
CA00039086,2025-05-19,BR018,TLR-2632,C500840,cash withdrawal,1073.94,CAD
CA00043000,2025-05-01,BR038,TLR-3368,C502865,cash withdrawal,654.72,CAD
CA00039338,2025-05-19,BR019,TLR-1426,C500224,cash deposit,738.49,CAD
CA00037874,2025-05-19,BR012,TLR-3559,C502584,cash withdrawal,1355.61,CAD
CA00042186,2025-05-20,BR034,TLR-4697,C503848,cash deposit,1064.71,CAD
CA00039261,2025-05-26,BR019,TLR-5410,C503705,cash deposit,665.85,CAD
CA00043985,2025-05-13,BR040,TLR-4439,C501561,cash withdrawal,695.68,CAD
CA00039327,2025-05-09,BR019,TLR-7214,C502861,cash deposit,1952.98,CAD
CA00036474,2025-05-03,BR004,TLR-3582,C501108,cash withdrawal,550.79,CAD
CA00042899,2025-05-21,BR037,TLR-6594,C503742,cash deposit,496.23,CAD
CA00037256,2025-05-07,BR008,TLR-4735,C503973,cash withdrawal,3908.32,CAD
CA00036464,2025-05-27,BR004,TLR-8633,C500306,cash deposit,2126.8,CAD
CA00042588,2025-05-17,BR036,TLR-4473,C502981,cash withdrawal,988.18,CAD
CA00036742,2025-05-25,BR006,TLR-5325,C501022,cash deposit,802.32,CAD
CA00043081,2025-05-14,BR038,TLR-4269,C503088,cash deposit,3024.52,CAD
CA00038439,2025-05-11,BR015,TLR-4047,C503621,cash deposit,813.93,CAD
CA00043919,2025-05-01,BR040,TLR-1974,C500730,cash withdrawal,1003.82,CAD
CA00043466,2025-05-27,BR040,TLR-3061,C501286,cash withdrawal,651.24,CAD
CA00041571,2025-05-29,BR031,TLR-6299,C500189,cash deposit,1509.89,CAD
CA00035767,2025-05-09,BR002,TLR-2316,C502110,cash withdrawal,-636.9,CAD
CA00038975,2025-05-29,BR018,TLR-6971,C500197,cash deposit,1283.37,CAD
CA00039140,2025-05-16,BR019,TLR-6942,C501945,cash withdrawal,221.19,CAD
CA00041684,2025-05-26,BR031,TLR-8577,C503748,cash deposit,254.19,CAD
CA00042797,2025-05-13,BR037,TLR-9264,C501400,cash withdrawal,1655.06,CAD
CA00037843,2025-05-12,BR012,TLR-6870,C502423,cash deposit,1620.99,CAD
CA00040160,2025-05-07,BR024,TLR-2738,C500382,cash deposit,3041.03,CAD
CA00041931,2025-05-04,BR033,TLR-7993,C501889,cash withdrawal,556.71,CAD
CA00038521,2025-05-14,BR016,TLR-6701,C501671,cash withdrawal,1187.54,CAD
CA00038543,2025-05-20,BR016,TLR-6152,C503370,cash deposit,4815.12,CAD
CA00036957,2025-05-30,BR007,TLR-5210,C503976,cash deposit,605.1,CAD
CA00041838,2025-05-17,BR032,TLR-6933,C501069,cash withdrawal,1317.15,CAD
CA00035522,2025-05-19,BR001,TLR-1200,C502154,cash withdrawal,1269.6,CAD
CA00039234,2025-05-21,BR019,TLR-1135,C502466,cash deposit,1326.57,CAD
CA00042028,2025-05-19,BR033,TLR-5861,C500825,cash withdrawal,1012.16,CAD
CA00042507,2025-05-09,BR036,TLR-7840,C500399,cash withdrawal,461.71,CAD
CA00036220,2025-05-24,BR004,TLR-8729,C500232,cash deposit,966.09,CAD
CA00036435,2025-05-11,BR004,TLR-6545,C502558,cash withdrawal,774.82,CAD
CA00042938,2025-05-14,BR037,TLR-4526,C501963,cash deposit,561.64,CAD
CA00044085,2025-05-25,BR040,TLR-6790,C501209,cash withdrawal,584.94,CAD
CA00042545,2025-05-06,BR036,TLR-5561,C503438,cash deposit,1436.82,CAD
CA00039412,2025-05-22,BR019,TLR-5699,C500877,cash withdrawal,232.37,CAD
CA00042379,2025-05-13,BR035,TLR-3572,C501879,cash deposit,647.71,CAD
CA00037095,2025-05-24,BR008,TLR-1031,C503809,cash withdrawal,1235.13,CAD
CA00043595,2025-05-22,BR040,TLR-8359,C500370,cash deposit,723.92,CAD
CA00036762,2025-05-25,BR006,TLR-5029,C500704,cash withdrawal,906.27,CAD
CA00039987,2025-05-15,BR023,TLR-6280,C500987,cash withdrawal,3317.6,CAD
CA00042585,2025-05-31,BR036,TLR-3134,C501900,cash deposit,340.63,CAD
CA00037862,2025-05-11,BR012,TLR-3181,C500925,cash deposit,794.18,CAD
CA00042629,2025-05-29,BR036,TLR-1501,C502675,cash deposit,1122.01,CAD
CA00040293,2025-05-24,BR025,TLR-1307,C502169,cash deposit,1199.68,CAD
CA00043046,2025-05-19,BR038,TLR-6308,C500071,cash withdrawal,1331.6,CAD
CA00041577,2025-05-19,BR031,TLR-9960,C501321,cash deposit,574.25,CAD
CA00037462,2025-05-07,BR010,TLR-1509,C501010,cash deposit,633.94,CAD
CA00035692,2025-05-17,BR001,TLR-4570,C501881,cash withdrawal,509.95,CAD
CA00037350,2025-05-08,BR009,TLR-3542,C503298,cash withdrawal,1376.55,CAD
CA00037687,2025-05-17,BR012,TLR-3057,C500410,cash deposit,665.15,CAD
CA00037774,2025-05-03,BR012,TLR-4706,C501903,cash withdrawal,449.38,CAD
CA00038725,2025-05-21,BR017,TLR-8149,C500738,cash withdrawal,1863.41,CAD
CA00036403,2025-05-15,BR004,TLR-7071,C502128,cash deposit,1389.61,CAD
CA00037835,2025-05-25,BR012,TLR-6397,C502235,cash withdrawal,2030.99,CAD
CA00035725,2025-05-25,BR001,TLR-7722,C500334,cash deposit,535.73,CAD
CA00038310,2025-05-08,BR015,TLR-2578,C500289,cash withdrawal,621.76,CAD
CA00037734,2025-05-11,BR012,TLR-1510,C503214,cash withdrawal,270.48,CAD
CA00040564,2025-05-10,BR026,TLR-2916,C500089,cash withdrawal,-307.79,CAD
CA00042753,2025-05-16,BR037,TLR-7775,C501316,cash deposit,1645.45,CAD
CA00037882,2025-05-21,BR012,TLR-3031,C503470,cash withdrawal,974.28,CAD
CA00043289,2025-05-17,BR039,TLR-1137,C502596,cash deposit,2291.94,CAD
CA00039493,2025-05-09,BR020,TLR-7464,C501281,cash withdrawal,213.7,USD
CA00036128,2025-05-12,BR003,TLR-2423,C502618,cash deposit,1958.5,CAD
CA00044158,2025-05-28,BR040,TLR-8932,C503981,cash withdrawal,667.36,CAD
CA00042503,2025-05-05,BR036,TLR-4594,C500016,cash withdrawal,877.95,CAD
CA00038639,2025-05-23,BR016,TLR-2480,C500763,cash deposit,1018.63,CAD
CA00036631,2025-05-26,BR006,TLR-7741,C503287,cash deposit,2610.9,CAD
CA00038084,2025-05-06,BR014,TLR-8352,C502765,cash withdrawal,1848.42,CAD
CA00043954,2025-05-02,BR040,TLR-2065,C501099,cash deposit,836.56,CAD
CA00043912,2025-05-01,BR040,TLR-8301,C503680,cash withdrawal,618.97,CAD
CA00042561,2025-05-01,BR036,TLR-6009,C503670,cash withdrawal,1747.99,CAD
CA00038726,2025-05-19,BR017,TLR-6278,C501475,cash withdrawal,436.64,CAD
CA00036094,2025-05-25,BR003,TLR-3044,C500777,cash deposit,4280.14,CAD
CA00043010,2025-05-29,BR038,TLR-2538,C501905,cash withdrawal,360.99,CAD
CA00039013,2025-05-11,BR018,TLR-1401,C503075,cash deposit,1426.42,CAD
CA00038222,2025-05-16,BR015,TLR-5023,C502443,cash deposit,827.18,CAD
CA00041469,2025-05-10,BR030,TLR-5066,C502560,cash deposit,251.54,CAD
CA00036015,2025-05-22,BR003,TLR-8662,C501847,cash withdrawal,471.69,CAD
CA00042847,2025-05-26,BR037,TLR-3525,C500353,cash withdrawal,433.3,CAD
CA00040557,2025-05-04,BR026,TLR-6073,C502768,cash deposit,4241.7,CAD
CA00053306,2025-05-06,BR002,TLR-1926,W985212,cash deposit,494.58,CAD
CA00038652,2025-05-22,BR016,TLR-6525,C503006,cash withdrawal,1540.38,CAD
CA00038440,2025-05-17,BR015,TLR-6414,C500663,cash withdrawal,3100.97,CAD
CA00038018,2025-05-10,BR014,TLR-7470,C503175,cash withdrawal,403.91,CAD
CA00036399,2025-05-22,BR004,TLR-1431,C503643,cash deposit,985.94,CAD
CA00044274,2025-05-05,BR040,TLR-6182,C502057,cash deposit,1143.89,CAD
CA00037646,2025-05-16,BR011,TLR-2768,C501354,cash withdrawal,1375.0,CAD
CA00041594,2025-05-27,BR031,TLR-3451,C501682,cash deposit,717.21,CAD
CA00039515,2025-05-19,BR020,TLR-2124,C503220,cash deposit,1983.25,USD
CA00042532,2025-05-03,BR036,TLR-6867,C503142,cash deposit,2649.6,CAD
CA00042269,2025-05-06,BR035,TLR-7592,C502515,cash deposit,1170.95,CAD
CA00035601,2025-05-16,BR001,TLR-7457,C503380,cash deposit,978.05,CAD
CA00044172,2025-05-25,BR040,TLR-6099,C500741,cash withdrawal,658.5,CAD
CA00043430,2025-05-07,BR040,TLR-4134,C503126,cash deposit,1389.03,CAD
CA00040801,2025-05-30,BR027,TLR-5572,C503663,cash deposit,1216.47,CAD
CA00035847,2025-05-27,BR002,TLR-3131,C501248,cash withdrawal,-594.78,CAD
CA00040521,2025-05-01,BR026,TLR-8407,C500286,cash deposit,3428.24,CAD
CA00044072,2025-05-11,BR040,TLR-9458,C503552,cash withdrawal,2181.15,CAD
CA00041886,2025-05-16,BR033,TLR-9881,C502922,cash withdrawal,1007.37,CAD
CA00040431,2025-05-19,BR025,TLR-1819,C500349,cash deposit,1913.81,CAD
CA00040183,2025-05-18,BR024,TLR-5096,C501295,cash deposit,1442.02,CAD
CA00037884,2025-05-12,BR012,TLR-7883,C501274,cash deposit,2129.85,CAD
CA00036335,2025-05-27,BR004,TLR-8968,C501396,cash withdrawal,503.01,CAD
CA00041283,2025-05-21,BR030,TLR-3643,C501723,cash withdrawal,1612.27,CAD
CA00039285,2025-05-13,BR019,TLR-1551,C500309,cash deposit,349.98,CAD
CA00043423,2025-05-08,BR040,TLR-2235,C502070,cash withdrawal,559.79,CAD
CA00035620,2025-05-30,BR001,TLR-3405,C503877,cash withdrawal,383.24,CAD
CA00040841,2025-05-27,BR027,TLR-2427,C503044,cash deposit,2814.33,CAD
CA00041924,2025-05-26,BR033,TLR-3876,C503968,cash withdrawal,656.18,CAD
CA00042403,2025-05-20,BR035,TLR-2966,C501397,cash deposit,384.79,CAD
CA00035812,2025-05-24,BR002,TLR-7037,C501656,cash deposit,836.04,CAD
CA00041406,2025-05-25,BR030,TLR-3317,C501775,cash withdrawal,997.29,CAD
CA00037795,2025-05-26,BR012,TLR-4346,C500287,cash withdrawal,1428.89,CAD
CA00036713,2025-05-17,BR006,TLR-6126,C502736,cash withdrawal,300.53,CAD
CA00043381,2025-05-31,BR039,TLR-9206,C501123,cash withdrawal,3043.93,CAD
CA00037458,2025-05-25,BR010,TLR-5205,C501676,cash deposit,2533.95,CAD
CA00038327,2025-05-23,BR015,TLR-1322,C501352,cash deposit,1805.02,CAD
CA00043486,2025-05-21,BR040,TLR-5055,C500940,cash withdrawal,822.93,CAD
CA00038076,2025-05-08,BR014,TLR-9012,C500147,cash withdrawal,1313.76,CAD
CA00041234,2025-05-10,BR030,TLR-6772,C500960,cash deposit,957.08,CAD
CA00041694,2025-05-22,BR031,TLR-5133,C502681,cash withdrawal,1349.51,CAD
CA00036819,2025-05-13,BR006,TLR-8088,C501245,cash withdrawal,3871.9,CAD
CA00036467,2025-05-24,BR004,TLR-4213,C503779,cash deposit,524.45,CAD
CA00041741,2025-05-30,BR031,TLR-4758,C500045,cash deposit,789.35,CAD
CA00044080,2025-05-11,BR040,TLR-5271,C500401,cash deposit,1756.32,CAD
CA00042739,2025-05-02,BR037,TLR-1312,C500923,cash deposit,1052.12,CAD
CA00036999,2025-05-09,BR007,TLR-5941,C501763,cash withdrawal,1612.25,CAD
CA00040653,2025-05-27,BR026,TLR-7414,C503203,cash deposit,2468.66,CAD
CA00041810,2025-05-27,BR032,TLR-7855,C503672,cash deposit,831.26,CAD
CA00037791,2025-05-18,BR012,TLR-8986,C501190,cash deposit,268.83,CAD
CA00037807,2025-05-05,BR012,TLR-2192,C503109,cash deposit,414.25,CAD
CA00039318,2025-05-29,BR019,TLR-8434,C502156,cash deposit,771.51,CAD
CA00041459,2025-05-02,BR030,TLR-3905,C500465,cash deposit,6621.45,CAD
CA00043438,2025-05-30,BR040,TLR-1374,C503879,cash withdrawal,5341.94,CAD
CA00039710,2025-05-24,BR021,TLR-3095,C501632,cash withdrawal,859.8,CAD
CA00039164,2025-05-24,BR019,TLR-2553,C500295,cash withdrawal,873.55,CAD
CA00042363,2025-05-24,BR035,TLR-1906,C500431,cash withdrawal,990.84,CAD
CA00043114,2025-05-26,BR038,TLR-3603,C501367,cash withdrawal,441.92,CAD
CA00038491,2025-05-28,BR015,TLR-8466,C500013,cash deposit,1260.99,CAD
CA00040761,2025-05-28,BR027,TLR-5463,C500520,cash withdrawal,751.9,CAD
CA00042356,2025-05-30,BR035,TLR-4958,C502561,cash withdrawal,939.62,CAD
CA00037407,2025-05-24,BR009,TLR-8816,C503836,cash deposit,3698.45,CAD
CA00043154,2025-05-12,BR038,TLR-5644,C501398,cash withdrawal,345.4,CAD
CA00041022,2025-05-23,BR028,TLR-9646,C503342,cash deposit,1206.38,CAD
CA00035742,2025-05-10,BR001,TLR-2662,C503557,cash deposit,1789.08,CAD
CA00038745,2025-05-23,BR017,TLR-9029,C503553,cash withdrawal,899.08,CAD
CA00038902,2025-05-27,BR017,TLR-3855,C502742,cash withdrawal,379.89,CAD
CA00043421,2025-05-01,BR040,TLR-1232,C501130,cash withdrawal,349.43,CAD
CA00037134,2025-05-31,BR008,TLR-5318,C501522,cash deposit,963.16,CAD
CA00043835,2025-05-18,BR040,TLR-7788,C500821,cash deposit,1333.67,CAD
CA00037746,2025-05-20,BR012,TLR-7318,C503699,cash withdrawal,592.51,CAD
CA00043086,2025-05-09,BR038,TLR-3528,C503218,cash withdrawal,2823.77,CAD
CA00038502,2025-05-25,BR015,TLR-8748,C500858,cash deposit,402.86,CAD
CA00039297,2025-05-05,BR019,TLR-1682,C500283,cash deposit,653.37,CAD
CA00042990,2025-05-14,BR038,TLR-2657,C502255,cash deposit,694.7,CAD
CA00041143,2025-05-11,BR029,TLR-1104,C503376,cash withdrawal,629.1,CAD
CA00039123,2025-05-29,BR019,TLR-7963,C503339,cash withdrawal,382.33,CAD
CA00038487,2025-05-08,BR015,TLR-6989,C503564,cash withdrawal,1228.29,CAD
CA00044242,2025-05-10,BR040,TLR-5334,C503783,cash withdrawal,4208.96,CAD
CA00041556,2025-05-05,BR031,TLR-9865,C500648,cash deposit,439.86,CAD
CA00043951,2025-05-10,BR040,TLR-6460,C502899,cash withdrawal,1860.37,CAD
CA00036784,2025-05-19,BR006,TLR-6120,C501266,cash withdrawal,1689.91,CAD
CA00040949,2025-05-27,BR028,TLR-4216,C501044,cash deposit,2091.68,CAD
CA00044244,2025-05-19,BR040,TLR-6846,C502428,cash deposit,300.63,CAD
CA00040381,2025-05-04,BR025,TLR-5846,C501982,cash deposit,335.0,CAD
CA00037752,2025-05-06,BR012,TLR-4108,C501509,cash withdrawal,576.41,CAD
CA00040683,2025-05-19,BR026,TLR-6670,C503563,cash deposit,1086.87,CAD
CA00040428,2025-05-20,BR025,TLR-9954,C501511,cash withdrawal,-848.19,CAD
CA00035447,2025-05-10,BR001,TLR-9971,C503280,cash withdrawal,126.55,CAD
CA00035752,2025-05-10,BR002,TLR-6708,C503127,cash deposit,807.02,CAD
CA00036663,2025-05-19,BR006,TLR-2480,C503386,cash withdrawal,521.32,CAD
CA00040924,2025-05-01,BR028,TLR-9731,C502192,cash withdrawal,2154.01,CAD
CA00043481,2025-05-30,BR040,TLR-8429,C502806,cash withdrawal,1397.83,CAD
CA00035589,2025-05-15,BR001,TLR-8503,C502815,cash deposit,972.31,CAD
CA00039250,2025-05-09,BR019,TLR-7948,C502615,cash deposit,1979.02,CAD
CA00041835,2025-05-17,BR032,TLR-1085,C503644,cash withdrawal,1900.23,CAD
CA00040000,2025-05-11,BR024,TLR-9474,C503861,cash deposit,2712.57,CAD
CA00039588,2025-05-23,BR020,TLR-1314,C502375,cash withdrawal,1257.26,USD
CA00037700,2025-05-08,BR012,TLR-2085,C500959,cash deposit,340.54,CAD
CA00036951,2025-05-20,BR007,TLR-1766,C503377,cash deposit,269.5,CAD
CA00043350,2025-05-21,BR039,TLR-5030,C501649,cash withdrawal,864.65,CAD
CA00040813,2025-05-19,BR027,TLR-3141,C503183,cash withdrawal,346.13,CAD
CA00043629,2025-05-24,BR040,TLR-9665,C502940,cash deposit,855.35,CAD
CA00043028,2025-05-19,BR038,TLR-4805,C502739,cash withdrawal,560.44,CAD
CA00035610,2025-05-10,BR001,TLR-5645,C503103,cash withdrawal,476.32,CAD
CA00037555,2025-05-05,BR010,TLR-5015,C501236,cash withdrawal,520.11,CAD
CA00035713,2025-05-11,BR001,TLR-5764,C501958,cash deposit,932.88,CAD
CA00039253,2025-05-10,BR019,TLR-9824,C503028,cash withdrawal,2618.96,CAD
CA00040753,2025-05-28,BR027,TLR-2360,C502179,cash withdrawal,527.96,CAD
CA00040261,2025-05-19,BR024,TLR-6462,C500552,cash deposit,3351.12,CAD
CA00040777,2025-05-04,BR027,TLR-5793,C500400,cash deposit,271.39,CAD
CA00036382,2025-05-19,BR004,TLR-2289,C502089,cash deposit,389.0,CAD
CA00043269,2025-05-29,BR039,TLR-7704,C500281,cash withdrawal,972.32,CAD
CA00041110,2025-05-03,BR029,TLR-2143,C500026,cash withdrawal,964.47,CAD
CA00037628,2025-05-23,BR011,TLR-3391,C501535,cash withdrawal,440.73,CAD
CA00041419,2025-05-04,BR030,TLR-7888,C500506,cash withdrawal,1304.99,CAD
CA00042949,2025-05-10,BR037,TLR-3493,C503790,cash deposit,4085.21,CAD
CA00035711,2025-05-27,BR001,TLR-6169,C503439,cash withdrawal,1389.58,CAD
CA00037077,2025-05-19,BR008,TLR-1531,C503521,cash deposit,2322.73,CAD
CA00041725,2025-05-01,BR031,TLR-7378,C503835,cash deposit,1439.41,CAD
CA00038956,2025-05-20,BR018,TLR-2396,C503314,cash withdrawal,889.87,CAD
CA00037567,2025-05-17,BR010,TLR-6038,C503423,cash deposit,217.93,CAD
CA00039320,2025-05-05,BR019,TLR-1651,C500323,cash withdrawal,1985.46,CAD
CA00040987,2025-05-20,BR028,TLR-6158,C502034,cash deposit,3637.02,CAD
CA00038641,2025-05-29,BR016,TLR-3978,C503188,cash withdrawal,401.45,CAD
CA00042416,2025-05-04,BR035,TLR-4592,C500534,cash deposit,600.2,CAD
CA00042079,2025-05-27,BR034,TLR-2999,C501438,cash deposit,863.51,CAD
CA00043957,2025-05-20,BR040,TLR-1801,C500437,cash deposit,2392.17,CAD
CA00041388,2025-05-15,BR030,TLR-9981,C500936,cash deposit,1241.25,CAD
CA00043137,2025-05-08,BR038,TLR-4222,C500195,cash withdrawal,1095.77,CAD
CA00043975,2025-05-16,BR040,TLR-2250,C501868,cash deposit,913.63,CAD
CA00041395,2025-05-31,BR030,TLR-7363,C502415,cash withdrawal,557.55,CAD
CA00043080,2025-05-30,BR038,TLR-6887,C503173,cash withdrawal,738.52,CAD
CA00036755,2025-05-27,BR006,TLR-6748,C503902,cash deposit,1966.09,CAD
CA00043110,2025-05-28,BR038,TLR-2714,C503444,cash withdrawal,1545.38,CAD
CA00036854,2025-05-30,BR007,TLR-4244,C501228,cash withdrawal,567.03,CAD
CA00043956,2025-05-17,BR040,TLR-6432,C501306,cash deposit,595.44,CAD
CA00042698,2025-05-21,BR036,TLR-5787,C500781,cash deposit,643.22,CAD
CA00038948,2025-05-08,BR018,TLR-5486,C502859,cash withdrawal,1339.4,CAD
CA00044278,2025-05-30,BR040,TLR-9474,C501650,cash withdrawal,1858.36,CAD
CA00035426,2025-05-22,BR001,TLR-2932,C502370,cash deposit,726.05,CAD
CA00042435,2025-05-22,BR035,TLR-5564,C503473,cash withdrawal,1244.27,CAD
CA00040047,2025-05-13,BR024,TLR-3312,C502147,cash deposit,1442.22,CAD
CA00043330,2025-05-17,BR039,TLR-4188,C503205,cash deposit,872.31,CAD
CA00037522,2025-05-02,BR010,TLR-9017,C501398,cash withdrawal,2074.42,CAD
CA00040151,2025-05-14,BR024,TLR-8739,C500263,cash deposit,288.49,CAD
CA00039804,2025-05-15,BR021,TLR-4628,C501991,cash deposit,388.76,CAD
CA00036073,2025-05-08,BR003,TLR-8643,C501623,cash withdrawal,257.23,CAD
CA00043474,2025-05-18,BR040,TLR-3633,C500375,cash withdrawal,947.95,CAD
CA00041508,2025-05-28,BR031,TLR-2538,C500631,cash deposit,1241.65,CAD
CA00042259,2025-05-14,BR035,TLR-7972,C502121,cash withdrawal,663.01,CAD
CA00039664,2025-05-03,BR021,TLR-7847,C503804,cash deposit,658.47,CAD
CA00037343,2025-05-26,BR009,TLR-7903,C502278,cash withdrawal,4553.71,CAD
CA00037059,2025-05-06,BR008,TLR-6869,C502586,cash deposit,384.19,CAD
CA00039754,2025-05-25,BR021,TLR-4967,C501825,cash withdrawal,1252.58,CAD
CA00041444,2025-05-24,BR030,TLR-7283,C503666,cash deposit,1483.09,CAD
CA00043596,2025-05-02,BR040,TLR-9249,C502498,cash withdrawal,459.19,CAD
CA00035602,2025-05-20,BR001,TLR-4119,C501475,cash deposit,656.64,CAD
CA00038884,2025-05-19,BR017,TLR-9436,C503200,cash withdrawal,1281.37,CAD
CA00040842,2025-05-02,BR027,TLR-9797,C503744,cash withdrawal,760.0,CAD
CA00039655,2025-05-17,BR021,TLR-5274,C501094,cash withdrawal,281.39,CAD
CA00039300,2025-05-18,BR019,TLR-2246,C502146,cash deposit,504.01,CAD
CA00037625,2025-05-02,BR011,TLR-1213,C502325,cash deposit,664.53,CAD
CA00038735,2025-05-17,BR017,TLR-1445,C501859,cash deposit,568.43,CAD
CA00038519,2025-05-18,BR016,TLR-8447,C502975,cash withdrawal,2541.86,CAD
CA00035759,2025-05-30,BR002,TLR-3370,C501305,cash deposit,962.36,CAD
CA00036988,2025-05-01,BR007,TLR-5579,C503823,cash withdrawal,350.59,CAD
CA00039618,2025-05-22,BR020,TLR-8782,C502034,cash deposit,432.43,USD
CA00039227,2025-05-24,BR019,TLR-6551,C501159,cash deposit,1210.22,CAD
CA00036818,2025-05-10,BR006,TLR-7999,C503953,cash deposit,684.33,CAD
CA00041828,2025-05-23,BR032,TLR-4784,C500210,cash deposit,306.36,CAD
CA00038226,2025-05-29,BR015,TLR-8873,C500917,cash withdrawal,200.22,CAD
CA00044249,2025-05-21,BR040,TLR-5449,C501052,cash withdrawal,2646.42,CAD
CA00041669,2025-05-15,BR031,TLR-6005,C502633,cash withdrawal,670.2,CAD
CA00042225,2025-05-13,BR035,TLR-5355,C500802,cash withdrawal,733.19,CAD
CA00043530,2025-05-08,BR040,TLR-7356,C501970,cash deposit,2310.16,CAD
CA00041461,2025-05-24,BR030,TLR-1489,C503231,cash withdrawal,887.93,CAD
CA00038939,2025-05-09,BR017,TLR-7134,C502580,cash withdrawal,448.3,CAD
CA00042579,2025-05-23,BR036,TLR-7117,C501460,cash deposit,565.28,CAD
CA00041402,2025-05-03,BR030,TLR-6645,C502053,cash deposit,3082.63,CAD
CA00042052,2025-05-27,BR034,TLR-3899,C503725,cash withdrawal,4340.76,CAD
CA00039777,2025-05-25,BR021,TLR-3433,C500369,cash deposit,662.35,CAD
CA00043514,2025-05-26,BR040,TLR-9391,C503447,cash withdrawal,724.75,CAD
CA00036379,2025-05-25,BR004,TLR-7115,C502962,cash withdrawal,511.07,CAD
CA00043096,2025-05-04,BR038,TLR-2769,C503366,cash withdrawal,1374.66,CAD
CA00037041,2025-05-25,BR008,TLR-9226,C502634,cash withdrawal,1623.65,CAD
CA00040535,2025-05-04,BR026,TLR-8409,C500479,cash deposit,452.41,CAD
CA00037064,2025-05-25,BR008,TLR-2606,C502555,cash deposit,1082.77,CAD
CA00037213,2025-05-03,BR008,TLR-9407,C501513,cash deposit,340.76,CAD
CA00040326,2025-05-10,BR025,TLR-4774,C503151,cash withdrawal,-765.88,CAD
CA00036448,2025-05-19,BR004,TLR-4791,C501979,cash withdrawal,2909.14,CAD
CA00038742,2025-05-28,BR017,TLR-3988,C501367,cash withdrawal,505.32,CAD
CA00036248,2025-05-18,BR004,TLR-3365,C502347,cash withdrawal,975.53,CAD
CA00038528,2025-05-04,BR016,TLR-2612,C503024,cash withdrawal,1330.33,CAD
CA00043231,2025-05-17,BR039,TLR-6729,C500551,cash deposit,2474.98,CAD
CA00044203,2025-05-09,BR040,TLR-1279,C500548,cash deposit,821.24,CAD
CA00037344,2025-05-12,BR009,TLR-3032,C502291,cash withdrawal,1023.98,CAD
CA00036893,2025-05-19,BR007,TLR-5265,C502583,cash withdrawal,440.83,CAD
CA00043764,2025-05-31,BR040,TLR-6728,C501217,cash deposit,1263.39,CAD
CA00041432,2025-05-21,BR030,TLR-9689,C500771,cash deposit,1854.59,CAD
CA00039617,2025-05-21,BR020,TLR-1146,C501602,cash withdrawal,730.95,USD
CA00043440,2025-05-13,BR040,TLR-9932,C502871,cash deposit,1726.91,CAD
CA00040782,2025-05-30,BR027,TLR-9548,C502229,cash deposit,256.74,CAD
CA00036069,2025-05-17,BR003,TLR-1364,C502264,cash withdrawal,1410.48,CAD
CA00043988,2025-05-23,BR040,TLR-5954,C500666,cash deposit,776.53,CAD
CA00037231,2025-05-12,BR008,TLR-9779,C501120,cash deposit,355.37,CAD
CA00039099,2025-05-25,BR019,TLR-4212,C503364,cash deposit,5070.62,CAD
CA00039421,2025-05-23,BR019,TLR-7642,C500582,cash deposit,545.3,CAD
CA00038442,2025-05-03,BR015,TLR-1806,C503435,cash deposit,992.7,CAD
CA00042872,2025-05-22,BR037,TLR-2417,C500459,cash withdrawal,1560.29,CAD
CA00037004,2025-05-20,BR007,TLR-3602,C500826,cash withdrawal,732.28,CAD
CA00038674,2025-05-10,BR016,TLR-3228,C500425,cash withdrawal,734.2,CAD
CA00037864,2025-05-21,BR012,TLR-5575,C503507,cash withdrawal,390.98,CAD
CA00038766,2025-05-25,BR017,TLR-2286,C502734,cash deposit,4125.63,CAD
CA00039930,2025-05-06,BR023,TLR-5739,C502362,cash deposit,688.66,CAD
CA00041201,2025-05-25,BR029,TLR-7363,C501351,cash deposit,1051.68,CAD
CA00041723,2025-05-10,BR031,TLR-5925,C501458,cash withdrawal,799.89,CAD
CA00035536,2025-05-05,BR001,TLR-5567,C500026,cash deposit,271.03,CAD
CA00040318,2025-05-06,BR025,TLR-3386,C500282,cash withdrawal,-684.06,CAD
CA00040082,2025-05-07,BR024,TLR-5964,C500490,cash deposit,323.2,CAD
CA00039186,2025-05-14,BR019,TLR-3390,C502348,cash deposit,746.96,CAD
CA00041356,2025-05-27,BR030,TLR-1154,C503153,cash withdrawal,1045.01,CAD
CA00043990,2025-05-21,BR040,TLR-8375,C503579,cash deposit,1017.76,CAD
CA00038417,2025-05-04,BR015,TLR-6859,C500088,cash deposit,420.77,CAD
CA00040058,2025-05-22,BR024,TLR-3352,C503501,cash deposit,1622.73,CAD
CA00039960,2025-05-18,BR023,TLR-2216,C501174,cash deposit,1286.9,CAD
CA00043868,2025-05-07,BR040,TLR-4848,C502679,cash withdrawal,434.49,CAD
CA00036348,2025-05-17,BR004,TLR-6520,C501241,cash withdrawal,1369.53,CAD
CA00042054,2025-05-27,BR034,TLR-6443,C502481,cash deposit,1301.54,CAD
CA00038403,2025-05-09,BR015,TLR-6058,C503429,cash withdrawal,373.33,CAD
CA00040206,2025-05-30,BR024,TLR-9988,C502462,cash deposit,784.5,CAD
CA00038180,2025-05-16,BR014,TLR-4942,C500866,cash deposit,852.64,CAD
CA00036437,2025-05-21,BR004,TLR-3826,C500224,cash deposit,567.25,CAD
CA00036161,2025-05-23,BR003,TLR-6472,C502191,cash withdrawal,337.5,CAD
CA00038643,2025-05-12,BR016,TLR-4172,C501070,cash deposit,864.98,CAD
CA00043329,2025-05-30,BR039,TLR-4412,C502533,cash withdrawal,4519.65,CAD
CA00036465,2025-05-21,BR004,TLR-3017,C503393,cash deposit,551.29,CAD
CA00043286,2025-05-11,BR039,TLR-5935,C500780,cash deposit,593.24,CAD
CA00043555,2025-05-15,BR040,TLR-8673,C501415,cash deposit,2294.76,CAD
CA00037239,2025-05-18,BR008,TLR-8750,C503992,cash withdrawal,440.32,CAD
CA00036634,2025-05-30,BR006,TLR-6302,C500412,cash withdrawal,3295.33,CAD
CA00039715,2025-05-12,BR021,TLR-4157,C500676,cash deposit,1226.05,CAD
CA00036859,2025-05-08,BR007,TLR-1583,C502770,cash withdrawal,4339.72,CAD
CA00035420,2025-05-11,BR001,TLR-3609,C501177,cash withdrawal,3584.68,CAD
CA00040964,2025-05-08,BR028,TLR-6134,C500662,cash withdrawal,808.36,CAD
CA00041795,2025-05-15,BR032,TLR-4657,C500103,cash deposit,250.59,CAD
CA00040256,2025-05-08,BR024,TLR-7621,C500156,cash deposit,1132.77,CAD
CA00037548,2025-05-23,BR010,TLR-8285,C500097,cash deposit,1041.65,CAD
CA00043728,2025-05-09,BR040,TLR-4898,C501901,cash withdrawal,371.95,CAD
CA00043320,2025-05-01,BR039,TLR-1330,C502262,cash withdrawal,377.89,CAD
CA00043131,2025-05-31,BR038,TLR-1013,C503285,cash withdrawal,1514.45,CAD
CA00040064,2025-05-29,BR024,TLR-2178,C502046,cash deposit,1610.28,CAD
CA00043471,2025-05-12,BR040,TLR-5263,C503833,cash withdrawal,713.87,CAD
CA00042051,2025-05-30,BR034,TLR-4867,C503475,cash withdrawal,512.21,CAD
CA00036345,2025-05-11,BR004,TLR-9072,C503547,cash withdrawal,1711.24,CAD
CA00042289,2025-05-02,BR035,TLR-6835,C500886,cash withdrawal,1337.99,CAD
CA00043188,2025-05-17,BR038,TLR-2952,C501378,cash deposit,645.98,CAD
CA00039992,2025-05-15,BR023,TLR-8935,C501532,cash deposit,810.83,CAD
CA00039879,2025-05-02,BR023,TLR-4021,C503004,cash withdrawal,663.9,CAD
CA00035895,2025-05-17,BR002,TLR-8540,C501301,cash withdrawal,-1245.19,CAD
CA00041252,2025-05-19,BR030,TLR-8056,C500191,cash withdrawal,885.32,CAD
CA00040668,2025-05-23,BR026,TLR-5902,C502139,cash deposit,450.08,CAD
CA00043052,2025-05-13,BR038,TLR-3664,C503133,cash withdrawal,1434.54,CAD
CA00036892,2025-05-10,BR007,TLR-6464,C500843,cash deposit,1315.09,CAD
CA00041109,2025-05-06,BR029,TLR-6912,C502290,cash withdrawal,262.04,CAD
CA00041595,2025-05-10,BR031,TLR-1753,C502114,cash withdrawal,441.2,CAD
CA00041501,2025-05-20,BR031,TLR-2567,C500391,cash deposit,1608.28,CAD
CA00039373,2025-05-18,BR019,TLR-2277,C501989,cash withdrawal,1648.42,CAD
CA00038548,2025-05-02,BR016,TLR-5848,C501864,cash deposit,1355.44,CAD
CA00036085,2025-05-06,BR003,TLR-6351,C500360,cash withdrawal,239.21,CAD
CA00039545,2025-05-25,BR020,TLR-3759,C501244,cash withdrawal,483.46,USD
CA00039720,2025-05-15,BR021,TLR-8043,C501212,cash withdrawal,844.14,CAD
CA00036351,2025-05-04,BR004,TLR-7239,C502587,cash deposit,1881.8,CAD
CA00043404,2025-05-19,BR039,TLR-3724,C502533,cash withdrawal,579.42,CAD
CA00041332,2025-05-25,BR030,TLR-5505,C501760,cash withdrawal,835.34,CAD
CA00040636,2025-05-03,BR026,TLR-8085,C503375,cash withdrawal,-1122.57,CAD
CA00043138,2025-05-20,BR038,TLR-5688,C500843,cash deposit,647.13,CAD
CA00037119,2025-05-27,BR008,TLR-1140,C502707,cash withdrawal,1566.88,CAD
CA00040382,2025-05-09,BR025,TLR-8660,C503156,cash deposit,762.27,CAD
CA00038928,2025-05-20,BR017,TLR-6234,C503370,cash deposit,849.19,CAD
CA00043913,2025-05-20,BR040,TLR-5999,C502490,cash deposit,1071.67,CAD
CA00041609,2025-05-13,BR031,TLR-9337,C501105,cash deposit,2475.96,CAD
CA00042108,2025-05-17,BR034,TLR-5121,C500868,cash deposit,1689.42,CAD
CA00043410,2025-05-22,BR039,TLR-3217,C500782,cash withdrawal,2465.57,CAD
CA00044065,2025-05-05,BR040,TLR-4243,C502999,cash deposit,2321.74,CAD
CA00037954,2025-05-06,BR013,TLR-1087,C502930,cash withdrawal,1245.94,CAD
CA00038483,2025-05-14,BR015,TLR-7688,C501105,cash deposit,1030.31,CAD
CA00041443,2025-05-17,BR030,TLR-9652,C500127,cash deposit,2073.09,CAD
CA00035434,2025-05-13,BR001,TLR-2139,C500701,cash deposit,815.78,CAD
CA00036490,2025-05-29,BR005,TLR-5202,C503025,cash withdrawal,787.15,CAD
CA00038767,2025-05-19,BR017,TLR-3935,C500447,cash deposit,164.6,CAD
CA00041082,2025-05-07,BR029,TLR-4106,C503614,cash withdrawal,424.75,CAD
CA00040469,2025-05-04,BR025,TLR-1763,C502951,cash deposit,496.12,CAD
CA00039393,2025-05-30,BR019,TLR-7632,C501819,cash withdrawal,455.05,CAD
CA00040288,2025-05-05,BR025,TLR-8581,C503198,cash withdrawal,-676.58,CAD
CA00043074,2025-05-11,BR038,TLR-4303,C503693,cash withdrawal,466.42,CAD
CA00042345,2025-05-13,BR035,TLR-1741,C503638,cash deposit,856.2,CAD
CA00039959,2025-05-05,BR023,TLR-7893,C500402,cash deposit,271.8,CAD
CA00035641,2025-05-26,BR001,TLR-4278,C500878,cash deposit,592.89,CAD
CA00036712,2025-05-28,BR006,TLR-8360,C503718,cash withdrawal,421.44,CAD
CA00042866,2025-05-28,BR037,TLR-1175,C500439,cash withdrawal,113.83,CAD
CA00038039,2025-05-03,BR014,TLR-7689,C500457,cash deposit,1286.89,CAD
CA00037724,2025-05-19,BR012,TLR-4169,C501176,cash deposit,585.25,CAD
CA00038799,2025-05-05,BR017,TLR-1731,C502795,cash withdrawal,2124.4,CAD
CA00037142,2025-05-25,BR008,TLR-2875,C500668,cash deposit,1321.34,CAD
CA00041510,2025-05-09,BR031,TLR-9076,C502024,cash deposit,596.24,CAD
CA00039357,2025-05-03,BR019,TLR-2901,C502823,cash deposit,1455.43,CAD
CA00037753,2025-05-09,BR012,TLR-6254,C500860,cash withdrawal,454.85,CAD
CA00039460,2025-05-15,BR020,TLR-1793,C502977,cash withdrawal,1317.36,USD
CA00038129,2025-05-20,BR014,TLR-6114,C502089,cash deposit,1999.23,CAD
CA00042565,2025-05-08,BR036,TLR-2953,C503561,cash withdrawal,274.44,CAD
CA00040316,2025-05-01,BR025,TLR-9951,C503503,cash withdrawal,-314.78,CAD
CA00042437,2025-05-29,BR036,TLR-9382,C502350,cash deposit,445.27,CAD
CA00041550,2025-05-23,BR031,TLR-2065,C503628,cash withdrawal,391.43,CAD
CA00043983,2025-05-11,BR040,TLR-2799,C502270,cash withdrawal,2010.44,CAD
CA00041093,2025-05-09,BR029,TLR-9278,C502143,cash withdrawal,573.88,CAD
CA00038431,2025-05-23,BR015,TLR-1598,C500999,cash withdrawal,688.02,CAD
CA00038319,2025-05-10,BR015,TLR-3351,C503744,cash withdrawal,2110.92,CAD
CA00037226,2025-05-22,BR008,TLR-3419,C502679,cash deposit,313.51,CAD
CA00042213,2025-05-27,BR035,TLR-9834,C500022,cash withdrawal,411.31,CAD
CA00039728,2025-05-22,BR021,TLR-3675,C500143,cash withdrawal,502.72,CAD
CA00043722,2025-05-17,BR040,TLR-5717,C500669,cash deposit,5289.49,CAD
CA00043068,2025-05-08,BR038,TLR-1577,C502345,cash deposit,1566.24,CAD
CA00039457,2025-05-01,BR020,TLR-4562,C503831,cash withdrawal,646.44,USD
CA00040473,2025-05-03,BR025,TLR-6737,C501651,cash withdrawal,-1619.61,CAD
CA00041421,2025-05-23,BR030,TLR-2948,C503809,cash deposit,1807.24,CAD
CA00040589,2025-05-14,BR026,TLR-7710,C500248,cash withdrawal,-1730.87,CAD
CA00038721,2025-05-13,BR017,TLR-9711,C503153,cash deposit,1018.39,CAD
CA00043271,2025-05-31,BR039,TLR-6740,C503054,cash withdrawal,920.14,CAD
CA00041004,2025-05-12,BR028,TLR-5570,C502541,cash deposit,1154.26,CAD
CA00035738,2025-05-26,BR001,TLR-5591,C503625,cash deposit,1986.68,CAD
CA00041403,2025-05-19,BR030,TLR-5006,C503411,cash withdrawal,1605.54,CAD
CA00038135,2025-05-31,BR014,TLR-1026,C500006,cash deposit,943.16,CAD
CA00038676,2025-05-03,BR016,TLR-1518,C502273,cash deposit,1514.69,CAD
CA00035547,2025-05-12,BR001,TLR-2914,C503431,cash withdrawal,966.3,CAD
CA00044214,2025-05-25,BR040,TLR-3187,C500730,cash deposit,1096.58,CAD
CA00041014,2025-05-07,BR028,TLR-2525,C503107,cash withdrawal,535.44,CAD
CA00042326,2025-05-05,BR035,TLR-5493,C500425,cash deposit,682.47,CAD
CA00041127,2025-05-10,BR029,TLR-2233,C501040,cash deposit,3474.62,CAD
CA00042880,2025-05-09,BR037,TLR-3278,C502098,cash deposit,478.46,CAD
CA00040118,2025-05-11,BR024,TLR-9224,C500197,cash withdrawal,525.84,CAD
CA00040848,2025-05-08,BR027,TLR-2147,C502567,cash withdrawal,791.64,CAD
CA00043033,2025-05-19,BR038,TLR-3436,C501339,cash deposit,3017.17,CAD
CA00043003,2025-05-01,BR038,TLR-4532,C501387,cash withdrawal,1259.81,CAD
CA00041737,2025-05-17,BR031,TLR-9275,C503107,cash withdrawal,2286.05,CAD
CA00040736,2025-05-03,BR027,TLR-4741,C500848,cash deposit,550.69,CAD
CA00038013,2025-05-14,BR014,TLR-2976,C503763,cash deposit,827.99,CAD
CA00040198,2025-05-05,BR024,TLR-7572,C503921,cash deposit,1208.41,CAD
CA00041867,2025-05-30,BR032,TLR-6970,C502132,cash deposit,547.85,CAD
CA00039242,2025-05-08,BR019,TLR-6183,C501424,cash deposit,899.25,CAD
CA00037703,2025-05-02,BR012,TLR-4924,C500053,cash deposit,556.26,CAD
CA00039312,2025-05-15,BR019,TLR-1962,C502473,cash withdrawal,497.22,CAD
CA00041039,2025-05-26,BR028,TLR-5755,C502332,cash deposit,1032.01,CAD
CA00036915,2025-05-27,BR007,TLR-4662,C502657,cash deposit,1569.32,CAD
CA00037161,2025-05-26,BR008,TLR-7020,C501447,cash deposit,414.37,CAD
CA00043133,2025-05-26,BR038,TLR-8267,C503044,cash deposit,1467.48,CAD
CA00043027,2025-05-01,BR038,TLR-8826,C503586,cash withdrawal,916.06,CAD
CA00038592,2025-05-07,BR016,TLR-5098,C500192,cash withdrawal,622.71,CAD
CA00043536,2025-05-11,BR040,TLR-1266,C503212,cash deposit,306.42,CAD
CA00042881,2025-05-08,BR037,TLR-5264,C500866,cash deposit,1127.55,CAD
CA00037780,2025-05-07,BR012,TLR-2751,C503454,cash deposit,1651.88,CAD
CA00036702,2025-05-24,BR006,TLR-9902,C500230,cash withdrawal,319.26,CAD
CA00036997,2025-05-04,BR007,TLR-3008,C503635,cash withdrawal,2440.26,CAD
CA00042494,2025-05-15,BR036,TLR-3809,C500096,cash withdrawal,1041.57,CAD
CA00035764,2025-05-25,BR002,TLR-4021,C502194,cash deposit,1020.78,CAD
CA00039811,2025-05-28,BR021,TLR-7822,C502381,cash deposit,337.44,CAD
CA00035969,2025-05-13,BR003,TLR-7198,C500492,cash deposit,590.51,CAD
CA00042796,2025-05-22,BR037,TLR-3957,C502910,cash withdrawal,810.68,CAD
CA00036180,2025-05-31,BR003,TLR-8763,C502765,cash withdrawal,2585.67,CAD
CA00039650,2025-05-04,BR021,TLR-4801,C500190,cash deposit,1761.17,CAD
CA00036738,2025-05-04,BR006,TLR-4604,C503405,cash withdrawal,432.41,CAD
CA00038654,2025-05-01,BR016,TLR-9506,C501570,cash withdrawal,737.38,CAD
CA00038977,2025-05-09,BR018,TLR-1296,C500854,cash deposit,1058.55,CAD
CA00035452,2025-05-10,BR001,TLR-6565,C502704,cash deposit,838.74,CAD
CA00039280,2025-05-11,BR019,TLR-7042,C503437,cash deposit,580.84,CAD
CA00037698,2025-05-25,BR012,TLR-4071,C503813,cash deposit,667.29,CAD
CA00043996,2025-05-06,BR040,TLR-1661,C502516,cash deposit,697.57,CAD
CA00038878,2025-05-12,BR017,TLR-1208,C502980,cash withdrawal,1542.62,CAD
CA00040754,2025-05-24,BR027,TLR-9817,C500827,cash deposit,751.51,CAD
CA00043824,2025-05-09,BR040,TLR-5753,C500161,cash withdrawal,661.31,CAD
CA00044238,2025-05-06,BR040,TLR-6182,C503581,cash withdrawal,659.58,CAD
CA00039947,2025-05-13,BR023,TLR-8886,C500208,cash deposit,877.59,CAD
CA00039682,2025-05-11,BR021,TLR-1507,C502222,cash deposit,1059.99,CAD
CA00041553,2025-05-06,BR031,TLR-3456,C502302,cash withdrawal,798.23,CAD
CA00040237,2025-05-08,BR024,TLR-3034,C501565,cash withdrawal,1503.24,CAD
CA00043556,2025-05-15,BR040,TLR-5332,C503552,cash deposit,2209.26,CAD
CA00043929,2025-05-02,BR040,TLR-3584,C500547,cash withdrawal,1098.38,CAD
CA00044098,2025-05-12,BR040,TLR-3727,C503451,cash withdrawal,334.5,CAD
CA00041158,2025-05-11,BR029,TLR-7217,C500661,cash withdrawal,1468.53,CAD
CA00040328,2025-05-31,BR025,TLR-5189,C500421,cash deposit,872.8,CAD
CA00038918,2025-05-15,BR017,TLR-8446,C501440,cash deposit,2514.32,CAD
CA00039763,2025-05-17,BR021,TLR-3305,C501166,cash withdrawal,802.52,CAD
CA00041303,2025-05-09,BR030,TLR-7527,C500983,cash withdrawal,1694.25,CAD
CA00041523,2025-05-26,BR031,TLR-4145,C503930,cash withdrawal,788.62,CAD
CA00038708,2025-05-13,BR017,TLR-3218,C501640,cash withdrawal,308.84,CAD
CA00039313,2025-05-17,BR019,TLR-9486,C502204,cash withdrawal,584.57,CAD
CA00037245,2025-05-10,BR008,TLR-9331,C501774,cash withdrawal,824.56,CAD
CA00042610,2025-05-26,BR036,TLR-3782,C503836,cash deposit,2473.01,CAD
CA00035484,2025-05-03,BR001,TLR-5443,C502824,cash withdrawal,882.79,CAD
CA00036320,2025-05-26,BR004,TLR-7223,C501871,cash withdrawal,916.22,CAD
CA00039696,2025-05-18,BR021,TLR-1507,C502440,cash withdrawal,2242.02,CAD
CA00041192,2025-05-29,BR029,TLR-7349,C501911,cash withdrawal,2814.7,CAD
CA00042504,2025-05-29,BR036,TLR-6881,C501760,cash deposit,2695.43,CAD
CA00037337,2025-05-15,BR009,TLR-2312,C500982,cash deposit,1433.74,CAD
CA00040772,2025-05-19,BR027,TLR-6265,C503371,cash deposit,1608.25,CAD
CA00041058,2025-05-26,BR029,TLR-2915,C502649,cash withdrawal,880.81,CAD
CA00037787,2025-05-09,BR012,TLR-1767,C503423,cash withdrawal,833.62,CAD
CA00037514,2025-05-26,BR010,TLR-5131,C500378,cash withdrawal,2186.57,CAD
CA00040227,2025-05-19,BR024,TLR-5687,C502314,cash withdrawal,1500.93,CAD
CA00042113,2025-05-23,BR034,TLR-6052,C503570,cash deposit,597.35,CAD
CA00035624,2025-05-12,BR001,TLR-9690,C503346,cash withdrawal,345.66,CAD
CA00040876,2025-05-26,BR027,TLR-9704,C501663,cash withdrawal,567.78,CAD
CA00035829,2025-05-05,BR002,TLR-9647,C503959,cash withdrawal,-868.51,CAD
CA00042586,2025-05-22,BR036,TLR-7625,C500955,cash withdrawal,1328.26,CAD
CA00035513,2025-05-23,BR001,TLR-3766,C501796,cash withdrawal,307.91,CAD
CA00039917,2025-05-25,BR023,TLR-9981,C500381,cash deposit,353.3,CAD
CA00041270,2025-05-28,BR030,TLR-3296,C500323,cash deposit,2111.87,CAD
CA00040492,2025-05-01,BR026,TLR-7216,C503259,cash deposit,3960.96,CAD
CA00037855,2025-05-02,BR012,TLR-7482,C502835,cash deposit,776.87,CAD
CA00037017,2025-05-27,BR007,TLR-7110,C501173,cash deposit,345.52,CAD
CA00039019,2025-05-30,BR018,TLR-7848,C502319,cash withdrawal,798.27,CAD
CA00039933,2025-05-12,BR023,TLR-3837,C503190,cash withdrawal,741.14,CAD
CA00038481,2025-05-05,BR015,TLR-3762,C502394,cash deposit,2534.7,CAD
CA00038062,2025-05-13,BR014,TLR-3078,C501409,cash deposit,1249.39,CAD
CA00042668,2025-05-16,BR036,TLR-7453,C502112,cash deposit,4002.25,CAD
CA00041069,2025-05-02,BR029,TLR-2406,C503670,cash withdrawal,602.24,CAD
CA00041091,2025-05-11,BR029,TLR-2342,C501869,cash deposit,1686.56,CAD
CA00039644,2025-05-07,BR021,TLR-9573,C500948,cash withdrawal,2883.5,CAD
CA00035470,2025-05-06,BR001,TLR-9683,C501381,cash deposit,127.32,CAD
CA00040324,2025-05-19,BR025,TLR-4258,C503250,cash deposit,489.34,CAD
CA00039693,2025-05-05,BR021,TLR-6192,C501018,cash deposit,1055.33,CAD
CA00039077,2025-05-19,BR018,TLR-4264,C502702,cash deposit,1757.0,CAD
CA00043979,2025-05-01,BR040,TLR-6633,C501468,cash deposit,1612.44,CAD
CA00043756,2025-05-19,BR040,TLR-9480,C501480,cash withdrawal,1489.96,CAD
CA00043661,2025-05-08,BR040,TLR-2344,C502566,cash withdrawal,619.34,CAD
CA00036036,2025-05-20,BR003,TLR-1663,C503945,cash deposit,1001.41,CAD
CA00040995,2025-05-08,BR028,TLR-6864,C502415,cash deposit,1116.61,CAD
CA00037442,2025-05-20,BR010,TLR-3648,C503158,cash withdrawal,668.81,CAD
CA00037280,2025-05-26,BR008,TLR-7267,C501764,cash deposit,502.73,CAD
CA00042839,2025-05-08,BR037,TLR-4529,C501019,cash withdrawal,678.42,CAD
CA00042123,2025-05-29,BR034,TLR-3461,C502824,cash deposit,1224.19,CAD
CA00035757,2025-05-06,BR002,TLR-4528,C500790,cash deposit,5434.71,CAD
CA00037310,2025-05-21,BR008,TLR-1886,C502106,cash deposit,3294.33,CAD
CA00039995,2025-05-02,BR024,TLR-1054,C502921,cash deposit,1759.55,CAD
CA00037380,2025-05-01,BR009,TLR-5679,C500259,cash deposit,1676.7,CAD
CA00042896,2025-05-09,BR037,TLR-9315,C502193,cash withdrawal,959.35,CAD
CA00040612,2025-05-30,BR026,TLR-1002,C503759,cash withdrawal,-1130.36,CAD
CA00036939,2025-05-11,BR007,TLR-8362,C503418,cash withdrawal,3245.33,CAD
CA00038126,2025-05-18,BR014,TLR-9240,C502418,cash deposit,588.57,CAD
CA00038656,2025-05-14,BR016,TLR-4497,C502989,cash deposit,1195.9,CAD
CA00039061,2025-05-20,BR018,TLR-5557,C500944,cash withdrawal,585.76,CAD
CA00037065,2025-05-21,BR008,TLR-5783,C501579,cash withdrawal,745.82,CAD
CA00038281,2025-05-07,BR015,TLR-2274,C503169,cash withdrawal,1963.06,CAD
CA00036068,2025-05-12,BR003,TLR-8438,C500602,cash deposit,815.65,CAD
CA00043946,2025-05-25,BR040,TLR-5526,C503765,cash deposit,1045.98,CAD
CA00038136,2025-05-18,BR014,TLR-8014,C502576,cash deposit,466.89,CAD
CA00038151,2025-05-28,BR014,TLR-2668,C501470,cash withdrawal,1060.14,CAD
CA00040257,2025-05-18,BR024,TLR-1790,C502847,cash withdrawal,1735.85,CAD
CA00039530,2025-05-09,BR020,TLR-1038,C501393,cash withdrawal,850.59,USD
CA00041925,2025-05-12,BR033,TLR-6865,C502160,cash deposit,1231.32,CAD
CA00042313,2025-05-03,BR035,TLR-7053,C501497,cash withdrawal,819.99,CAD
CA00043617,2025-05-24,BR040,TLR-5911,C503658,cash deposit,407.69,CAD
CA00035627,2025-05-14,BR001,TLR-1245,C503082,cash withdrawal,1116.81,CAD
CA00035511,2025-05-11,BR001,TLR-9537,C503389,cash withdrawal,464.55,CAD
CA00037982,2025-05-18,BR013,TLR-5802,C502276,cash deposit,407.31,CAD
CA00035682,2025-05-29,BR001,TLR-8840,C503421,cash deposit,256.24,CAD
CA00043608,2025-05-25,BR040,TLR-4745,C501142,cash withdrawal,546.8,CAD
CA00040504,2025-05-08,BR026,TLR-1069,C503891,cash deposit,519.39,CAD
CA00037709,2025-05-17,BR012,TLR-8950,C503230,cash deposit,929.31,CAD
CA00040887,2025-05-25,BR027,TLR-2427,C501201,cash deposit,1775.2,CAD
CA00036504,2025-05-26,BR005,TLR-5172,C501610,cash withdrawal,460.55,CAD
CA00036834,2025-05-25,BR007,TLR-6777,C503099,cash withdrawal,734.03,CAD
CA00038191,2025-05-22,BR014,TLR-6546,C502304,cash withdrawal,1408.79,CAD
CA00040146,2025-05-25,BR024,TLR-7355,C503518,cash deposit,2045.88,CAD
CA00040003,2025-05-14,BR024,TLR-5109,C500139,cash deposit,2263.46,CAD
CA00041787,2025-05-30,BR032,TLR-2697,C502043,cash deposit,921.16,CAD
CA00038509,2025-05-12,BR015,TLR-6802,C500653,cash deposit,1147.97,CAD
CA00037031,2025-05-11,BR007,TLR-1665,C502752,cash deposit,1097.92,CAD
CA00040359,2025-05-19,BR025,TLR-5880,C501864,cash withdrawal,-787.96,CAD
CA00037707,2025-05-04,BR012,TLR-7702,C502091,cash withdrawal,1043.56,CAD
CA00042312,2025-05-02,BR035,TLR-9492,C502508,cash withdrawal,348.6,CAD
CA00036301,2025-05-29,BR004,TLR-5331,C503182,cash deposit,1517.56,CAD
CA00044218,2025-05-18,BR040,TLR-1564,C503285,cash deposit,2067.8,CAD
CA00040939,2025-05-21,BR028,TLR-3981,C502300,cash deposit,1409.66,CAD
CA00037668,2025-05-14,BR011,TLR-4105,C503975,cash withdrawal,999.86,CAD
CA00043605,2025-05-12,BR040,TLR-2841,C500911,cash withdrawal,1278.78,CAD
CA00044122,2025-05-30,BR040,TLR-1958,C500266,cash withdrawal,429.62,CAD
CA00037916,2025-05-19,BR013,TLR-2977,C503614,cash withdrawal,690.98,CAD
CA00039854,2025-05-18,BR022,TLR-6473,C503207,cash deposit,215.19,CAD
CA00036989,2025-05-28,BR007,TLR-8242,C500085,cash withdrawal,489.53,CAD
CA00036791,2025-05-22,BR006,TLR-2530,C500088,cash deposit,919.4,CAD
CA00040268,2025-05-31,BR024,TLR-8670,C501003,cash deposit,2108.21,CAD
CA00041887,2025-05-16,BR033,TLR-9599,C502666,cash deposit,1438.34,CAD
CA00038179,2025-05-02,BR014,TLR-4942,C502826,cash deposit,1070.36,CAD
CA00039149,2025-05-19,BR019,TLR-7464,C502406,cash deposit,5555.53,CAD
CA00041794,2025-05-15,BR032,TLR-5554,C501798,cash deposit,1023.65,CAD
CA00035872,2025-05-04,BR002,TLR-7962,C502301,cash withdrawal,-1187.62,CAD
CA00042260,2025-05-13,BR035,TLR-2047,C503626,cash deposit,802.76,CAD
CA00035920,2025-05-23,BR002,TLR-4420,C501536,cash withdrawal,-853.31,CAD
CA00038601,2025-05-19,BR016,TLR-5046,C502256,cash deposit,815.11,CAD
CA00035576,2025-05-28,BR001,TLR-5554,C500807,cash withdrawal,902.77,CAD
CA00043023,2025-05-30,BR038,TLR-9739,C502910,cash deposit,1750.52,CAD
CA00039125,2025-05-06,BR019,TLR-3174,C502570,cash withdrawal,1815.65,CAD
CA00035709,2025-05-01,BR001,TLR-1634,C503471,cash withdrawal,380.5,CAD
CA00040270,2025-05-22,BR025,TLR-9460,C503796,cash withdrawal,-640.77,CAD
CA00039326,2025-05-15,BR019,TLR-7903,C500655,cash deposit,1183.67,CAD
CA00041816,2025-05-29,BR032,TLR-4999,C502441,cash withdrawal,469.91,CAD
CA00041124,2025-05-31,BR029,TLR-3709,C500918,cash deposit,543.41,CAD
CA00038025,2025-05-30,BR014,TLR-1216,C501940,cash withdrawal,860.25,CAD
CA00039159,2025-05-04,BR019,TLR-3929,C502364,cash withdrawal,1278.46,CAD
CA00041490,2025-05-12,BR030,TLR-6816,C500644,cash deposit,764.49,CAD
CA00039112,2025-05-08,BR019,TLR-5027,C503947,cash withdrawal,967.39,CAD
CA00039748,2025-05-25,BR021,TLR-5275,C503259,cash deposit,3866.74,CAD
CA00039260,2025-05-30,BR019,TLR-9697,C502262,cash withdrawal,555.4,CAD
CA00043327,2025-05-07,BR039,TLR-1948,C502967,cash deposit,408.38,CAD
CA00040871,2025-05-23,BR027,TLR-8791,C503955,cash withdrawal,561.79,CAD
CA00035808,2025-05-01,BR002,TLR-6951,C500234,cash withdrawal,-775.39,CAD
CA00038705,2025-05-24,BR017,TLR-9830,C502649,cash deposit,498.57,CAD
CA00043089,2025-05-07,BR038,TLR-1499,C501935,cash withdrawal,1541.58,CAD
CA00039541,2025-05-24,BR020,TLR-7012,C501452,cash deposit,436.97,USD
CA00039348,2025-05-12,BR019,TLR-3844,C502491,cash deposit,1187.87,CAD
CA00043706,2025-05-22,BR040,TLR-8078,C501156,cash withdrawal,2427.08,CAD
CA00037196,2025-05-07,BR008,TLR-4536,C500368,cash withdrawal,398.41,CAD
CA00037556,2025-05-10,BR010,TLR-9649,C502097,cash withdrawal,540.53,CAD
CA00036364,2025-05-24,BR004,TLR-3250,C502052,cash withdrawal,1619.25,CAD
CA00036003,2025-05-17,BR003,TLR-2247,C503149,cash deposit,1352.49,CAD
CA00040014,2025-05-04,BR024,TLR-9220,C500791,cash withdrawal,603.42,CAD
CA00041094,2025-05-09,BR029,TLR-7068,C502153,cash withdrawal,689.63,CAD
CA00038216,2025-05-06,BR015,TLR-5566,C501690,cash withdrawal,1311.86,CAD
CA00036500,2025-05-02,BR005,TLR-1857,C501504,cash deposit,505.46,CAD
CA00036846,2025-05-13,BR007,TLR-1948,C500444,cash withdrawal,758.59,CAD
CA00035893,2025-05-26,BR002,TLR-6249,C501525,cash deposit,1028.58,CAD
CA00039232,2025-05-22,BR019,TLR-1234,C500581,cash withdrawal,2454.65,CAD
CA00039919,2025-05-07,BR023,TLR-2949,C502315,cash withdrawal,535.86,CAD
CA00040032,2025-05-15,BR024,TLR-1422,C503881,cash withdrawal,745.1,CAD
CA00044016,2025-05-15,BR040,TLR-5692,C500304,cash withdrawal,1997.48,CAD
CA00035574,2025-05-18,BR001,TLR-6693,C501175,cash deposit,1914.09,CAD
CA00042951,2025-05-04,BR037,TLR-6775,C503610,cash deposit,456.0,CAD
CA00040040,2025-05-17,BR024,TLR-8737,C500897,cash deposit,1127.03,CAD
CA00038999,2025-05-22,BR018,TLR-9917,C503083,cash withdrawal,342.0,CAD
CA00043009,2025-05-08,BR038,TLR-7025,C500956,cash deposit,2310.29,CAD
CA00042091,2025-05-20,BR034,TLR-1599,C503357,cash deposit,583.75,CAD
CA00043666,2025-05-09,BR040,TLR-4750,C502026,cash withdrawal,1077.78,CAD
CA00037977,2025-05-27,BR013,TLR-5477,C500944,cash withdrawal,596.52,CAD
CA00036510,2025-05-10,BR005,TLR-7900,C500794,cash withdrawal,1651.12,CAD
CA00038155,2025-05-25,BR014,TLR-8061,C502661,cash withdrawal,484.49,CAD
CA00041464,2025-05-26,BR030,TLR-5356,C502173,cash withdrawal,1392.28,CAD
CA00035621,2025-05-23,BR001,TLR-6555,C503991,cash withdrawal,426.72,CAD
CA00041095,2025-05-27,BR029,TLR-3793,C502049,cash deposit,479.47,CAD
CA00043205,2025-05-04,BR039,TLR-8209,C501811,cash deposit,1190.64,CAD
CA00044269,2025-05-21,BR040,TLR-7861,C501701,cash withdrawal,1001.52,CAD
CA00038647,2025-05-08,BR016,TLR-8906,C500481,cash withdrawal,1493.72,CAD
CA00035638,2025-05-02,BR001,TLR-9585,C502657,cash withdrawal,248.81,CAD
CA00042332,2025-05-03,BR035,TLR-3447,C503764,cash deposit,2925.75,CAD
CA00044032,2025-05-28,BR040,TLR-4259,C503906,cash withdrawal,388.74,CAD
CA00040599,2025-05-29,BR026,TLR-6427,C501067,cash deposit,2391.78,CAD
CA00040152,2025-05-26,BR024,TLR-9765,C502533,cash deposit,1951.12,CAD
CA00039389,2025-05-19,BR019,TLR-7225,C503611,cash deposit,1831.94,CAD
CA00041623,2025-05-09,BR031,TLR-1692,C503303,cash withdrawal,574.84,CAD
CA00036278,2025-05-28,BR004,TLR-8742,C503416,cash deposit,1586.14,CAD
CA00040018,2025-05-19,BR024,TLR-8346,C502202,cash withdrawal,1893.55,CAD
CA00040709,2025-05-24,BR026,TLR-7162,C501804,cash deposit,1589.5,CAD
CA00040732,2025-05-04,BR027,TLR-9546,C502499,cash withdrawal,511.49,CAD
CA00040946,2025-05-26,BR028,TLR-1918,C501774,cash withdrawal,2996.0,CAD
CA00040074,2025-05-07,BR024,TLR-9580,C500203,cash withdrawal,335.54,CAD
CA00043542,2025-05-30,BR040,TLR-1309,C501404,cash deposit,1267.0,CAD
CA00044132,2025-05-31,BR040,TLR-2848,C501431,cash withdrawal,669.38,CAD
CA00036160,2025-05-05,BR003,TLR-7212,C502171,cash deposit,1759.39,CAD
CA00035476,2025-05-09,BR001,TLR-8985,C501802,cash deposit,2244.71,CAD
CA00042151,2025-05-15,BR034,TLR-9110,C502697,cash withdrawal,1364.77,CAD
CA00041956,2025-05-27,BR033,TLR-4418,C503192,cash withdrawal,1822.93,CAD
CA00036121,2025-05-23,BR003,TLR-2164,C502392,cash deposit,586.81,CAD
CA00037963,2025-05-30,BR013,TLR-4595,C500660,cash deposit,218.31,CAD
CA00039603,2025-05-18,BR020,TLR-6317,C503175,cash deposit,333.57,USD
CA00041984,2025-05-10,BR033,TLR-4223,C500089,cash withdrawal,1693.12,CAD
CA00035654,2025-05-06,BR001,TLR-8700,C501811,cash withdrawal,740.13,CAD
CA00039215,2025-05-04,BR019,TLR-5323,C500397,cash withdrawal,662.79,CAD
CA00035421,2025-05-31,BR001,TLR-6365,C503164,cash deposit,730.26,CAD
CA00041718,2025-05-17,BR031,TLR-5214,C501889,cash withdrawal,975.79,CAD
CA00035754,2025-05-05,BR002,TLR-1950,C502145,cash withdrawal,-514.1,CAD
CA00043937,2025-05-31,BR040,TLR-6708,C500370,cash withdrawal,831.82,CAD
CA00035796,2025-05-02,BR002,TLR-6581,C500309,cash withdrawal,-1901.47,CAD
CA00039488,2025-05-25,BR020,TLR-6909,C502616,cash withdrawal,319.72,USD
CA00041618,2025-05-17,BR031,TLR-5886,C500058,cash deposit,3558.51,CAD
CA00042810,2025-05-16,BR037,TLR-5968,C503179,cash deposit,378.81,CAD
CA00043288,2025-05-04,BR039,TLR-6940,C501409,cash deposit,730.41,CAD
CA00044182,2025-05-09,BR040,TLR-4034,C501818,cash withdrawal,322.6,CAD
CA00038903,2025-05-09,BR017,TLR-3386,C502055,cash deposit,5271.69,CAD
CA00043201,2025-05-01,BR038,TLR-8679,C500875,cash deposit,3306.44,CAD
CA00035578,2025-05-10,BR001,TLR-6758,C502298,cash withdrawal,1520.22,CAD
CA00036119,2025-05-21,BR003,TLR-1231,C501772,cash withdrawal,558.06,CAD
CA00035494,2025-05-22,BR001,TLR-9622,C502510,cash deposit,487.49,CAD
CA00038318,2025-05-12,BR015,TLR-3390,C503582,cash deposit,884.3,CAD
CA00042984,2025-05-16,BR037,TLR-9742,C501270,cash deposit,1475.67,CAD
CA00038067,2025-05-06,BR014,TLR-9977,C503425,cash deposit,1230.34,CAD
CA00036872,2025-05-26,BR007,TLR-7632,C502881,cash deposit,2835.9,CAD
CA00037866,2025-05-29,BR012,TLR-6681,C502952,cash deposit,1852.07,CAD
CA00042243,2025-05-04,BR035,TLR-8799,C500306,cash withdrawal,655.32,CAD
CA00036857,2025-05-23,BR007,TLR-3115,C502814,cash deposit,2480.28,CAD
CA00042127,2025-05-29,BR034,TLR-5528,C503163,cash deposit,428.41,CAD
CA00036170,2025-05-23,BR003,TLR-7025,C502871,cash withdrawal,529.83,CAD
CA00039884,2025-05-29,BR023,TLR-7632,C501478,cash withdrawal,2420.04,CAD
CA00035825,2025-05-16,BR002,TLR-5390,C500829,cash withdrawal,-726.26,CAD
CA00036708,2025-05-03,BR006,TLR-9047,C503846,cash deposit,2060.11,CAD
CA00038751,2025-05-29,BR017,TLR-8911,C501384,cash withdrawal,631.53,CAD
CA00043167,2025-05-12,BR038,TLR-3440,C501766,cash deposit,174.48,CAD
CA00042971,2025-05-22,BR037,TLR-3174,C502323,cash withdrawal,2836.31,CAD
CA00041579,2025-05-15,BR031,TLR-6849,C502023,cash deposit,287.62,CAD
CA00039834,2025-05-07,BR022,TLR-6890,C502390,cash withdrawal,1182.33,CAD
CA00039978,2025-05-14,BR023,TLR-5440,C503636,cash withdrawal,858.64,CAD
CA00037202,2025-05-10,BR008,TLR-3688,C501668,cash withdrawal,262.79,CAD
CA00040955,2025-05-30,BR028,TLR-7325,C500138,cash withdrawal,473.5,CAD
CA00041241,2025-05-08,BR030,TLR-6932,C503527,cash deposit,1083.56,CAD
CA00041425,2025-05-01,BR030,TLR-2876,C502969,cash withdrawal,542.69,CAD
CA00036725,2025-05-05,BR006,TLR-7083,C503170,cash withdrawal,524.99,CAD
CA00039883,2025-05-12,BR023,TLR-2438,C503908,cash withdrawal,726.16,CAD
CA00037682,2025-05-24,BR012,TLR-1664,C503979,cash deposit,1225.98,CAD
CA00037552,2025-05-25,BR010,TLR-1534,C502717,cash withdrawal,2974.21,CAD
CA00038026,2025-05-19,BR014,TLR-8577,C501263,cash withdrawal,1932.81,CAD
CA00043374,2025-05-16,BR039,TLR-1353,C501360,cash deposit,978.64,CAD
CA00037957,2025-05-16,BR013,TLR-5964,C502475,cash withdrawal,2282.81,CAD
CA00037108,2025-05-11,BR008,TLR-7867,C500078,cash deposit,1028.21,CAD
CA00035579,2025-05-25,BR001,TLR-3682,C503857,cash deposit,587.76,CAD
CA00038194,2025-05-24,BR014,TLR-9041,C501424,cash deposit,1670.0,CAD
CA00035493,2025-05-25,BR001,TLR-6418,C502032,cash withdrawal,173.12,CAD
CA00044125,2025-05-30,BR040,TLR-6499,C503532,cash withdrawal,177.09,CAD
CA00039323,2025-05-22,BR019,TLR-9290,C502664,cash withdrawal,783.39,CAD
CA00037415,2025-05-31,BR009,TLR-1088,C503784,cash deposit,1793.61,CAD
CA00041607,2025-05-26,BR031,TLR-7142,C503604,cash withdrawal,239.66,CAD
CA00042706,2025-05-08,BR036,TLR-2368,C502547,cash withdrawal,1104.64,CAD
CA00039633,2025-05-13,BR021,TLR-4796,C501915,cash deposit,691.69,CAD
CA00042965,2025-05-22,BR037,TLR-5830,C500117,cash withdrawal,1591.79,CAD
CA00042125,2025-05-11,BR034,TLR-6877,C500897,cash withdrawal,1062.42,CAD
CA00041872,2025-05-11,BR032,TLR-9176,C502240,cash deposit,1678.56,CAD
CA00043802,2025-05-07,BR040,TLR-6288,C502908,cash deposit,424.59,CAD
CA00041162,2025-05-06,BR029,TLR-3833,C502727,cash deposit,358.82,CAD
CA00035516,2025-05-28,BR001,TLR-6249,C503938,cash deposit,760.94,CAD
CA00043926,2025-05-03,BR040,TLR-2074,C502772,cash withdrawal,2712.25,CAD
CA00043073,2025-05-29,BR038,TLR-2931,C502366,cash withdrawal,397.11,CAD
CA00036696,2025-05-22,BR006,TLR-2408,C502743,cash deposit,562.3,CAD
CA00036751,2025-05-27,BR006,TLR-9741,C501139,cash withdrawal,379.61,CAD
CA00037222,2025-05-13,BR008,TLR-8824,C500981,cash deposit,619.41,CAD
CA00038124,2025-05-22,BR014,TLR-2598,C503801,cash withdrawal,1332.22,CAD
CA00042902,2025-05-01,BR037,TLR-2147,C500898,cash deposit,737.04,CAD
CA00042696,2025-05-16,BR036,TLR-2016,C502202,cash deposit,3257.62,CAD
CA00038300,2025-05-06,BR015,TLR-5882,C503893,cash deposit,902.97,CAD
CA00039550,2025-05-15,BR020,TLR-3099,C503055,cash withdrawal,1045.33,USD
CA00036919,2025-05-04,BR007,TLR-2230,C501461,cash withdrawal,2944.7,CAD
CA00037515,2025-05-05,BR010,TLR-1350,C502494,cash withdrawal,776.02,CAD
CA00041311,2025-05-11,BR030,TLR-4454,C500571,cash withdrawal,705.44,CAD
CA00035935,2025-05-16,BR002,TLR-4164,C500164,cash withdrawal,-314.0,CAD
CA00038573,2025-05-24,BR016,TLR-9977,C502947,cash deposit,1008.17,CAD
CA00038723,2025-05-04,BR017,TLR-1495,C502419,cash withdrawal,2234.69,CAD
CA00037179,2025-05-03,BR008,TLR-9153,C503047,cash deposit,528.51,CAD
CA00039767,2025-05-13,BR021,TLR-6930,C503379,cash deposit,1171.7,CAD
CA00040965,2025-05-01,BR028,TLR-7580,C502027,cash deposit,1229.49,CAD
CA00037586,2025-05-18,BR010,TLR-9109,C503852,cash withdrawal,1254.95,CAD
CA00042427,2025-05-05,BR035,TLR-6992,C501153,cash deposit,1321.02,CAD
CA00038722,2025-05-10,BR017,TLR-8524,C501821,cash deposit,1544.61,CAD
CA00044151,2025-05-31,BR040,TLR-5626,C501339,cash deposit,687.44,CAD
CA00040865,2025-05-27,BR027,TLR-3095,C503170,cash deposit,1215.44,CAD
CA00039050,2025-05-03,BR018,TLR-2254,C500107,cash deposit,757.47,CAD
CA00036080,2025-05-24,BR003,TLR-6846,C500228,cash deposit,2066.75,CAD
CA00039673,2025-05-05,BR021,TLR-6470,C501672,cash deposit,1750.05,CAD
CA00040242,2025-05-05,BR024,TLR-6517,C500500,cash withdrawal,1508.2,CAD
CA00039496,2025-05-14,BR020,TLR-2158,C503363,cash deposit,1351.34,USD
CA00042798,2025-05-25,BR037,TLR-7002,C502872,cash withdrawal,1586.88,CAD
CA00036487,2025-05-10,BR005,TLR-8173,C501858,cash deposit,530.83,CAD
CA00035816,2025-05-16,BR002,TLR-1366,C502788,cash withdrawal,-807.7,CAD
CA00042723,2025-05-22,BR036,TLR-7402,C501696,cash withdrawal,1835.89,CAD
CA00038235,2025-05-12,BR015,TLR-9416,C502973,cash withdrawal,582.21,CAD
CA00036972,2025-05-16,BR007,TLR-7399,C502901,cash deposit,443.8,CAD
CA00042574,2025-05-09,BR036,TLR-3917,C501020,cash withdrawal,1142.72,CAD
CA00039142,2025-05-23,BR019,TLR-3102,C501705,cash withdrawal,554.88,CAD
CA00038818,2025-05-22,BR017,TLR-8582,C503541,cash withdrawal,3562.49,CAD
CA00038574,2025-05-17,BR016,TLR-3010,C501898,cash deposit,1073.26,CAD
CA00038147,2025-05-08,BR014,TLR-5841,C502574,cash withdrawal,806.18,CAD
CA00042155,2025-05-20,BR034,TLR-5882,C502280,cash deposit,3417.51,CAD
CA00037596,2025-05-08,BR010,TLR-1459,C503089,cash withdrawal,672.64,CAD
CA00040884,2025-05-09,BR027,TLR-2647,C502249,cash withdrawal,951.26,CAD
CA00036198,2025-05-22,BR004,TLR-1465,C500703,cash deposit,537.78,CAD
CA00043614,2025-05-28,BR040,TLR-7949,C500005,cash withdrawal,940.04,CAD
CA00038369,2025-05-24,BR015,TLR-1116,C502149,cash deposit,1149.24,CAD
CA00038753,2025-05-03,BR017,TLR-1658,C501625,cash deposit,404.49,CAD
CA00043239,2025-05-21,BR039,TLR-3291,C501643,cash deposit,1747.57,CAD
CA00036876,2025-05-13,BR007,TLR-9787,C502602,cash deposit,1803.92,CAD
CA00041540,2025-05-06,BR031,TLR-6636,C502631,cash deposit,1758.1,CAD
CA00043264,2025-05-27,BR039,TLR-1777,C500885,cash deposit,373.57,CAD
CA00043624,2025-05-14,BR040,TLR-1387,C502855,cash deposit,1505.66,CAD
CA00042701,2025-05-19,BR036,TLR-9494,C503524,cash deposit,4850.24,CAD
CA00044185,2025-05-10,BR040,TLR-3903,C503690,cash withdrawal,1743.47,CAD
CA00042747,2025-05-02,BR037,TLR-5280,C502777,cash deposit,811.07,CAD
CA00040001,2025-05-13,BR024,TLR-3073,C500176,cash withdrawal,659.02,CAD
CA00037258,2025-05-12,BR008,TLR-5565,C501182,cash withdrawal,2093.95,CAD
CA00040825,2025-05-18,BR027,TLR-3379,C500520,cash withdrawal,1994.59,CAD
CA00040528,2025-05-05,BR026,TLR-9739,C501494,cash deposit,630.45,CAD
CA00039996,2025-05-21,BR024,TLR-2442,C503807,cash deposit,1270.34,CAD
CA00038965,2025-05-10,BR018,TLR-8075,C503765,cash deposit,452.84,CAD
CA00038678,2025-05-07,BR016,TLR-3473,C501325,cash deposit,1192.19,CAD
CA00041198,2025-05-31,BR029,TLR-1956,C501824,cash deposit,568.93,CAD
CA00035460,2025-05-25,BR001,TLR-8980,C503212,cash withdrawal,485.87,CAD
CA00035524,2025-05-25,BR001,TLR-7714,C502433,cash deposit,713.58,CAD
CA00036746,2025-05-21,BR006,TLR-9749,C502266,cash withdrawal,1562.12,CAD
CA00043216,2025-05-03,BR039,TLR-3330,C502803,cash deposit,568.51,CAD
CA00038322,2025-05-03,BR015,TLR-1944,C501194,cash deposit,684.38,CAD
CA00041297,2025-05-03,BR030,TLR-9921,C503082,cash deposit,3606.08,CAD
CA00037178,2025-05-13,BR008,TLR-1072,C500874,cash withdrawal,297.31,CAD
CA00040968,2025-05-19,BR028,TLR-7865,C503296,cash deposit,1200.37,CAD
CA00037920,2025-05-28,BR013,TLR-6812,C501407,cash withdrawal,147.73,CAD
CA00038272,2025-05-08,BR015,TLR-7681,C500266,cash deposit,949.46,CAD
CA00037362,2025-05-26,BR009,TLR-6372,C501707,cash withdrawal,1410.22,CAD
CA00037749,2025-05-06,BR012,TLR-7892,C500491,cash withdrawal,3295.62,CAD
CA00044092,2025-05-09,BR040,TLR-6416,C503168,cash deposit,968.51,CAD
CA00040697,2025-05-27,BR026,TLR-3179,C502535,cash withdrawal,-803.65,CAD
CA00035445,2025-05-19,BR001,TLR-8248,C500313,cash deposit,3978.12,CAD
CA00040429,2025-05-20,BR025,TLR-7320,C502007,cash withdrawal,-1571.0,CAD
CA00043838,2025-05-01,BR040,TLR-8800,C500591,cash deposit,364.84,CAD
CA00042608,2025-05-30,BR036,TLR-2196,C501706,cash withdrawal,1120.47,CAD
CA00041061,2025-05-19,BR029,TLR-2192,C500342,cash deposit,907.33,CAD
CA00043603,2025-05-09,BR040,TLR-5938,C500493,cash deposit,264.64,CAD
CA00041588,2025-05-16,BR031,TLR-6139,C503808,cash withdrawal,1325.48,CAD
CA00043217,2025-05-12,BR039,TLR-3045,C502829,cash deposit,1080.84,CAD
CA00040095,2025-05-17,BR024,TLR-2016,C500588,cash deposit,2608.89,CAD
CA00040802,2025-05-01,BR027,TLR-1692,C500304,cash withdrawal,558.33,CAD
CA00038030,2025-05-30,BR014,TLR-7496,C503257,cash withdrawal,687.07,CAD
CA00041135,2025-05-22,BR029,TLR-6273,C500920,cash deposit,1164.22,CAD
CA00038362,2025-05-27,BR015,TLR-4911,C502853,cash deposit,3246.46,CAD
CA00040477,2025-05-18,BR025,TLR-1689,C500976,cash withdrawal,-3183.24,CAD
CA00042935,2025-05-16,BR037,TLR-9196,C502756,cash withdrawal,1393.35,CAD
CA00038344,2025-05-16,BR015,TLR-6249,C502825,cash withdrawal,709.43,CAD
CA00039453,2025-05-27,BR020,TLR-1781,C502812,cash deposit,1590.0,USD
CA00035865,2025-05-07,BR002,TLR-8219,C502649,cash deposit,302.2,CAD
CA00039755,2025-05-05,BR021,TLR-5885,C503816,cash withdrawal,776.2,CAD
CA00042652,2025-05-04,BR036,TLR-8212,C503437,cash withdrawal,819.07,CAD
CA00040844,2025-05-11,BR027,TLR-2738,C503505,cash deposit,713.62,CAD
CA00038585,2025-05-01,BR016,TLR-4942,C501760,cash withdrawal,1418.65,CAD
CA00039519,2025-05-06,BR020,TLR-7556,C501765,cash deposit,690.69,USD
CA00039081,2025-05-22,BR018,TLR-4655,C503447,cash withdrawal,911.21,CAD
CA00038242,2025-05-21,BR015,TLR-6398,C502662,cash deposit,1131.16,CAD
CA00036961,2025-05-14,BR007,TLR-7729,C501380,cash withdrawal,1180.62,CAD
CA00040264,2025-05-31,BR024,TLR-1481,C501996,cash withdrawal,1741.0,CAD
CA00044222,2025-05-22,BR040,TLR-8927,C501270,cash withdrawal,608.87,CAD
CA00040831,2025-05-05,BR027,TLR-3341,C500433,cash withdrawal,1303.53,CAD
CA00039819,2025-05-14,BR022,TLR-1584,C501710,cash deposit,2159.65,CAD
CA00036206,2025-05-16,BR004,TLR-3850,C502707,cash deposit,631.06,CAD
CA00039833,2025-05-29,BR022,TLR-7772,C501313,cash withdrawal,1313.58,CAD
CA00037662,2025-05-11,BR011,TLR-4267,C503537,cash withdrawal,565.28,CAD
CA00043226,2025-05-02,BR039,TLR-5912,C501665,cash withdrawal,5799.59,CAD
CA00035687,2025-05-22,BR001,TLR-2106,C503548,cash deposit,338.94,CAD
CA00042517,2025-05-06,BR036,TLR-1325,C500640,cash deposit,408.97,CAD
CA00036286,2025-05-07,BR004,TLR-7678,C503402,cash withdrawal,227.76,CAD
CA00035810,2025-05-08,BR002,TLR-8817,C500712,cash withdrawal,-7757.53,CAD
CA00042851,2025-05-16,BR037,TLR-3543,C503677,cash withdrawal,1394.91,CAD
CA00037801,2025-05-15,BR012,TLR-8469,C500795,cash deposit,1663.77,CAD
CA00042418,2025-05-27,BR035,TLR-7556,C500542,cash withdrawal,741.51,CAD
CA00042233,2025-05-01,BR035,TLR-6071,C501770,cash deposit,5488.08,CAD
CA00037063,2025-05-22,BR008,TLR-6910,C502032,cash withdrawal,198.13,CAD
CA00037608,2025-05-30,BR011,TLR-9483,C500132,cash deposit,1223.42,CAD
CA00043387,2025-05-25,BR039,TLR-4706,C500694,cash deposit,644.17,CAD
CA00039197,2025-05-10,BR019,TLR-4512,C502944,cash deposit,2474.46,CAD
CA00043690,2025-05-17,BR040,TLR-3059,C502821,cash deposit,4365.65,CAD
CA00036649,2025-05-24,BR006,TLR-6318,C501732,cash deposit,496.5,CAD
CA00037454,2025-05-08,BR010,TLR-2047,C503900,cash deposit,582.74,CAD
CA00039808,2025-05-31,BR021,TLR-9377,C502757,cash withdrawal,11007.49,CAD
CA00036522,2025-05-15,BR005,TLR-3564,C502401,cash withdrawal,546.51,CAD
CA00036824,2025-05-22,BR006,TLR-3078,C502640,cash withdrawal,1654.3,CAD
CA00038934,2025-05-01,BR017,TLR-7862,C502461,cash deposit,748.57,CAD
CA00041492,2025-05-02,BR030,TLR-3517,C503494,cash withdrawal,421.39,CAD
CA00037431,2025-05-09,BR010,TLR-1112,C501413,cash withdrawal,1320.17,CAD
CA00039011,2025-05-22,BR018,TLR-2752,C500092,cash deposit,717.88,CAD
CA00042180,2025-05-16,BR034,TLR-1092,C502418,cash withdrawal,490.15,CAD
CA00035510,2025-05-11,BR001,TLR-9076,C500804,cash withdrawal,869.02,CAD
CA00044069,2025-05-04,BR040,TLR-6949,C500719,cash withdrawal,1063.9,CAD
CA00040155,2025-05-15,BR024,TLR-9510,C503658,cash deposit,1012.6,CAD
CA00037338,2025-05-13,BR009,TLR-3000,C500767,cash deposit,723.31,CAD
CA00040850,2025-05-17,BR027,TLR-2656,C501789,cash deposit,2630.02,CAD
CA00044164,2025-05-07,BR040,TLR-7316,C503760,cash deposit,302.76,CAD
CA00040556,2025-05-29,BR026,TLR-3698,C502128,cash withdrawal,-1500.31,CAD
CA00042463,2025-05-24,BR036,TLR-2571,C501658,cash deposit,2203.59,CAD
CA00041009,2025-05-09,BR028,TLR-6475,C502214,cash withdrawal,667.64,CAD
CA00036995,2025-05-02,BR007,TLR-7806,C503702,cash deposit,648.18,CAD
CA00041153,2025-05-12,BR029,TLR-2882,C502475,cash withdrawal,1227.1,CAD
CA00042519,2025-05-18,BR036,TLR-5616,C503711,cash withdrawal,894.77,CAD
CA00038223,2025-05-15,BR015,TLR-5139,C501497,cash withdrawal,1039.4,CAD
CA00041178,2025-05-06,BR029,TLR-3237,C502083,cash deposit,524.82,CAD
CA00037907,2025-05-19,BR013,TLR-3780,C502467,cash deposit,1216.28,CAD
CA00037593,2025-05-07,BR010,TLR-5602,C502329,cash deposit,498.02,CAD
CA00041561,2025-05-17,BR031,TLR-3637,C503738,cash deposit,1306.01,CAD
CA00043199,2025-05-15,BR038,TLR-4163,C502664,cash withdrawal,418.62,CAD
CA00044229,2025-05-10,BR040,TLR-3052,C502371,cash withdrawal,1961.7,CAD
CA00041136,2025-05-07,BR029,TLR-6729,C501627,cash deposit,664.83,CAD
CA00038022,2025-05-23,BR014,TLR-7322,C501316,cash withdrawal,521.96,CAD
CA00043229,2025-05-17,BR039,TLR-3340,C503698,cash deposit,1090.84,CAD
CA00036408,2025-05-14,BR004,TLR-3214,C500716,cash withdrawal,425.97,CAD
CA00038410,2025-05-20,BR015,TLR-8587,C501603,cash withdrawal,560.86,CAD
CA00038023,2025-05-25,BR014,TLR-1289,C500288,cash withdrawal,1277.6,CAD
CA00038624,2025-05-11,BR016,TLR-9248,C501277,cash withdrawal,524.34,CAD
CA00040053,2025-05-14,BR024,TLR-5033,C501039,cash deposit,1534.39,CAD
CA00037283,2025-05-04,BR008,TLR-5493,C502626,cash deposit,492.25,CAD
CA00040438,2025-05-22,BR025,TLR-9828,C502449,cash deposit,509.96,CAD
CA00041497,2025-05-22,BR031,TLR-3820,C502714,cash deposit,808.11,CAD
CA00036411,2025-05-01,BR004,TLR-7371,C503842,cash withdrawal,2477.51,CAD
CA00038503,2025-05-07,BR015,TLR-7897,C503237,cash deposit,279.17,CAD
CA00039549,2025-05-25,BR020,TLR-9433,C503405,cash withdrawal,1475.67,USD
CA00037410,2025-05-26,BR009,TLR-1976,C501783,cash withdrawal,603.31,CAD
CA00041645,2025-05-24,BR031,TLR-6106,C501471,cash deposit,1333.8,CAD
CA00040673,2025-05-28,BR026,TLR-3852,C501431,cash withdrawal,-1259.09,CAD
CA00039856,2025-05-05,BR022,TLR-5088,C500931,cash deposit,823.07,CAD
CA00038437,2025-05-11,BR015,TLR-3482,C500924,cash deposit,1514.32,CAD
CA00043529,2025-05-22,BR040,TLR-3473,C500994,cash deposit,1180.23,CAD
CA00038924,2025-05-16,BR017,TLR-1863,C501585,cash deposit,475.72,CAD
CA00037116,2025-05-07,BR008,TLR-8022,C500183,cash deposit,1229.19,CAD
CA00040663,2025-05-20,BR026,TLR-6481,C501799,cash deposit,642.79,CAD
CA00041545,2025-05-12,BR031,TLR-6351,C502063,cash withdrawal,376.15,CAD
CA00037374,2025-05-31,BR009,TLR-4706,C502802,cash deposit,2536.43,CAD
CA00036445,2025-05-04,BR004,TLR-8661,C502167,cash deposit,307.02,CAD
CA00038807,2025-05-08,BR017,TLR-8407,C500135,cash withdrawal,2703.25,CAD
CA00038152,2025-05-18,BR014,TLR-9225,C500985,cash deposit,732.26,CAD
CA00043055,2025-05-02,BR038,TLR-4689,C501819,cash withdrawal,761.0,CAD
CA00035909,2025-05-30,BR002,TLR-8189,C503936,cash deposit,1779.0,CAD
CA00043408,2025-05-08,BR039,TLR-6256,C503432,cash deposit,2841.15,CAD
CA00041520,2025-05-28,BR031,TLR-5705,C503855,cash deposit,951.4,CAD
CA00042120,2025-05-10,BR034,TLR-4952,C500339,cash deposit,576.22,CAD
CA00035994,2025-05-13,BR003,TLR-8153,C503511,cash deposit,1360.19,CAD
CA00038207,2025-05-28,BR014,TLR-2888,C502641,cash withdrawal,2030.93,CAD
CA00040926,2025-05-22,BR028,TLR-4457,C501094,cash withdrawal,1269.21,CAD
CA00042942,2025-05-11,BR037,TLR-4152,C501243,cash withdrawal,603.58,CAD
CA00043681,2025-05-31,BR040,TLR-8697,C502771,cash deposit,841.45,CAD
CA00041263,2025-05-15,BR030,TLR-3711,C500090,cash withdrawal,569.84,CAD
CA00042174,2025-05-06,BR034,TLR-6148,C500144,cash withdrawal,3212.0,CAD
CA00037531,2025-05-06,BR010,TLR-8735,C500667,cash deposit,2444.62,CAD
CA00037846,2025-05-16,BR012,TLR-9491,C502298,cash deposit,612.14,CAD
CA00035429,2025-05-29,BR001,TLR-1343,C500239,cash withdrawal,572.46,CAD
CA00044090,2025-05-06,BR040,TLR-8504,C503687,cash deposit,1134.04,CAD
CA00037621,2025-05-22,BR011,TLR-6188,C501659,cash withdrawal,1136.9,CAD
CA00043591,2025-05-31,BR040,TLR-3725,C503828,cash withdrawal,691.34,CAD
CA00043875,2025-05-18,BR040,TLR-6805,C501235,cash withdrawal,1297.34,CAD
CA00039694,2025-05-07,BR021,TLR-2279,C500671,cash withdrawal,328.97,CAD
CA00037767,2025-05-04,BR012,TLR-9064,C501985,cash withdrawal,787.33,CAD
CA00040665,2025-05-30,BR026,TLR-2809,C501226,cash withdrawal,-1100.41,CAD
CA00043652,2025-05-23,BR040,TLR-4697,C500669,cash deposit,531.63,CAD
CA00036506,2025-05-16,BR005,TLR-9374,C500875,cash withdrawal,1049.24,CAD
CA00041106,2025-05-03,BR029,TLR-7107,C502168,cash withdrawal,723.59,CAD
CA00043610,2025-05-01,BR040,TLR-3039,C503787,cash withdrawal,491.3,CAD
CA00040139,2025-05-08,BR024,TLR-4049,C500975,cash deposit,849.33,CAD
CA00036261,2025-05-05,BR004,TLR-8899,C503265,cash withdrawal,465.34,CAD
CA00037255,2025-05-17,BR008,TLR-6995,C501206,cash deposit,292.0,CAD
CA00039855,2025-05-23,BR022,TLR-1298,C501528,cash withdrawal,4318.17,CAD
CA00042232,2025-05-06,BR035,TLR-1892,C502090,cash withdrawal,438.68,CAD
CA00041629,2025-05-28,BR031,TLR-2295,C500250,cash deposit,927.68,CAD
CA00043348,2025-05-31,BR039,TLR-2443,C502541,cash deposit,611.48,CAD
CA00036007,2025-05-15,BR003,TLR-8061,C501262,cash deposit,1504.55,CAD
CA00037269,2025-05-02,BR008,TLR-1327,C500708,cash deposit,1137.7,CAD
CA00039049,2025-05-24,BR018,TLR-6006,C501507,cash withdrawal,633.95,CAD
CA00037158,2025-05-28,BR008,TLR-4040,C500667,cash deposit,1084.87,CAD
CA00040889,2025-05-17,BR027,TLR-6942,C501926,cash deposit,446.23,CAD
CA00042251,2025-05-14,BR035,TLR-4178,C502098,cash deposit,2576.76,CAD
CA00036913,2025-05-22,BR007,TLR-2880,C503506,cash deposit,2006.14,CAD
CA00035795,2025-05-22,BR002,TLR-4182,C502217,cash withdrawal,-645.8,CAD
CA00041472,2025-05-25,BR030,TLR-1885,C502535,cash deposit,1433.68,CAD
CA00040244,2025-05-27,BR024,TLR-9731,C503969,cash deposit,668.61,CAD
CA00044071,2025-05-07,BR040,TLR-4803,C502417,cash withdrawal,1104.31,CAD
CA00044228,2025-05-15,BR040,TLR-3591,C503274,cash deposit,2673.83,CAD
CA00036624,2025-05-13,BR006,TLR-6520,C502850,cash deposit,2692.38,CAD
CA00038095,2025-05-14,BR014,TLR-9923,C501313,cash deposit,537.92,CAD
CA00043931,2025-05-21,BR040,TLR-5199,C503104,cash withdrawal,859.03,CAD
CA00036401,2025-05-24,BR004,TLR-2223,C502166,cash deposit,1378.63,CAD
CA00039567,2025-05-02,BR020,TLR-9991,C502339,cash deposit,1268.33,USD
CA00043965,2025-05-27,BR040,TLR-4343,C500090,cash withdrawal,434.13,CAD
CA00038714,2025-05-18,BR017,TLR-1790,C500092,cash withdrawal,530.85,CAD
CA00041391,2025-05-10,BR030,TLR-2291,C503798,cash withdrawal,2868.76,CAD
CA00042700,2025-05-15,BR036,TLR-7323,C502758,cash withdrawal,1989.27,CAD
CA00038006,2025-05-24,BR013,TLR-9822,C500234,cash deposit,844.42,CAD
CA00036943,2025-05-13,BR007,TLR-8105,C500917,cash deposit,944.36,CAD
CA00039543,2025-05-03,BR020,TLR-2607,C500356,cash deposit,681.24,USD
CA00036185,2025-05-21,BR003,TLR-7695,C503212,cash deposit,501.86,CAD
CA00042813,2025-05-02,BR037,TLR-9745,C501024,cash deposit,2172.66,CAD
CA00041710,2025-05-28,BR031,TLR-2184,C500115,cash withdrawal,834.71,CAD
CA00035765,2025-05-23,BR002,TLR-1166,C502233,cash withdrawal,-883.67,CAD
CA00036809,2025-05-20,BR006,TLR-3103,C503150,cash withdrawal,422.22,CAD
CA00040690,2025-05-24,BR026,TLR-2985,C502205,cash withdrawal,-1139.8,CAD
CA00043331,2025-05-17,BR039,TLR-1017,C503682,cash withdrawal,490.61,CAD
CA00039211,2025-05-20,BR019,TLR-8994,C503098,cash deposit,985.77,CAD
CA00038264,2025-05-26,BR015,TLR-9054,C502571,cash deposit,1531.83,CAD
CA00042912,2025-05-22,BR037,TLR-8108,C500817,cash withdrawal,1893.57,CAD
CA00041919,2025-05-10,BR033,TLR-2310,C502207,cash withdrawal,1950.3,CAD
CA00036466,2025-05-11,BR004,TLR-8193,C501623,cash deposit,2069.77,CAD
CA00039257,2025-05-08,BR019,TLR-3157,C500769,cash deposit,1072.51,CAD
CA00042255,2025-05-16,BR035,TLR-2738,C500632,cash withdrawal,1597.76,CAD
CA00038819,2025-05-08,BR017,TLR-6602,C503385,cash deposit,1099.79,CAD
CA00035430,2025-05-18,BR001,TLR-9400,C501150,cash withdrawal,858.07,CAD
CA00043306,2025-05-18,BR039,TLR-2334,C502210,cash withdrawal,337.8,CAD
CA00038520,2025-05-15,BR016,TLR-1637,C500882,cash deposit,547.3,CAD
CA00039287,2025-05-30,BR019,TLR-1262,C502180,cash deposit,1465.13,CAD
CA00041365,2025-05-03,BR030,TLR-9397,C503415,cash deposit,1721.71,CAD
CA00044076,2025-05-10,BR040,TLR-1598,C502498,cash deposit,535.37,CAD
CA00035930,2025-05-11,BR002,TLR-9101,C501706,cash withdrawal,-1640.44,CAD
CA00041911,2025-05-05,BR033,TLR-4916,C500299,cash withdrawal,696.01,CAD
CA00042775,2025-05-22,BR037,TLR-1951,C502136,cash withdrawal,1875.71,CAD
CA00037012,2025-05-02,BR007,TLR-5200,C500822,cash withdrawal,285.95,CAD
CA00043568,2025-05-08,BR040,TLR-6829,C502766,cash withdrawal,382.47,CAD
CA00041875,2025-05-24,BR032,TLR-2827,C502289,cash deposit,840.53,CAD
CA00036517,2025-05-18,BR005,TLR-8949,C502177,cash deposit,1206.27,CAD
CA00039961,2025-05-18,BR023,TLR-7704,C501285,cash deposit,612.2,CAD
CA00036823,2025-05-29,BR006,TLR-9529,C501195,cash withdrawal,1614.7,CAD
CA00039074,2025-05-29,BR018,TLR-6975,C503237,cash withdrawal,1129.95,CAD
CA00043758,2025-05-27,BR040,TLR-2995,C501181,cash withdrawal,121.61,CAD
CA00042083,2025-05-02,BR034,TLR-1141,C502338,cash deposit,768.97,CAD
CA00042554,2025-05-31,BR036,TLR-8675,C501227,cash withdrawal,1510.57,CAD
CA00043538,2025-05-08,BR040,TLR-6950,C502255,cash deposit,928.09,CAD
CA00043750,2025-05-22,BR040,TLR-9032,C503983,cash deposit,1295.39,CAD
CA00035875,2025-05-24,BR002,TLR-2055,C500816,cash deposit,1091.99,CAD
CA00041384,2025-05-27,BR030,TLR-1466,C502905,cash withdrawal,1437.11,CAD
CA00039068,2025-05-03,BR018,TLR-2777,C502591,cash deposit,621.39,CAD
CA00039440,2025-05-15,BR020,TLR-6409,C501357,cash deposit,273.45,USD
CA00039352,2025-05-27,BR019,TLR-5551,C503772,cash withdrawal,4243.79,CAD
CA00042520,2025-05-06,BR036,TLR-3942,C500193,cash deposit,1061.54,CAD
CA00039971,2025-05-21,BR023,TLR-7985,C503969,cash deposit,1225.83,CAD
CA00037375,2025-05-08,BR009,TLR-2198,C503026,cash withdrawal,571.44,CAD
CA00038661,2025-05-10,BR016,TLR-9305,C503687,cash deposit,529.8,CAD
CA00037504,2025-05-01,BR010,TLR-6291,C502824,cash deposit,826.42,CAD
CA00035542,2025-05-25,BR001,TLR-8820,C500056,cash deposit,214.73,CAD
CA00041405,2025-05-15,BR030,TLR-8751,C502815,cash deposit,377.78,CAD
CA00041312,2025-05-03,BR030,TLR-2661,C500917,cash deposit,414.97,CAD
CA00040867,2025-05-27,BR027,TLR-5576,C501428,cash deposit,212.41,CAD
CA00043377,2025-05-04,BR039,TLR-3268,C503331,cash withdrawal,954.15,CAD
CA00039584,2025-05-24,BR020,TLR-4324,C502964,cash deposit,565.45,USD
CA00042795,2025-05-26,BR037,TLR-3149,C501792,cash withdrawal,380.27,CAD
CA00038685,2025-05-20,BR016,TLR-2258,C500735,cash withdrawal,1006.45,CAD
CA00035529,2025-05-18,BR001,TLR-3053,C502567,cash withdrawal,1089.71,CAD
CA00036493,2025-05-06,BR005,TLR-1051,C500444,cash withdrawal,419.76,CAD
CA00043386,2025-05-09,BR039,TLR-3409,C501450,cash deposit,767.41,CAD
CA00040945,2025-05-27,BR028,TLR-4132,C503725,cash deposit,1501.29,CAD
CA00042852,2025-05-22,BR037,TLR-2047,C500333,cash deposit,1652.96,CAD
CA00043370,2025-05-31,BR039,TLR-8367,C503176,cash withdrawal,1349.08,CAD
CA00040087,2025-05-21,BR024,TLR-5481,C501390,cash withdrawal,2532.82,CAD
CA00035557,2025-05-15,BR001,TLR-1562,C502757,cash withdrawal,862.06,CAD
CA00035489,2025-05-21,BR001,TLR-9537,C502738,cash withdrawal,1039.7,CAD
CA00043295,2025-05-03,BR039,TLR-5384,C501230,cash deposit,670.43,CAD
CA00042919,2025-05-18,BR037,TLR-8448,C500227,cash withdrawal,1865.78,CAD
CA00040422,2025-05-02,BR025,TLR-1037,C500159,cash deposit,562.42,CAD
CA00039092,2025-05-22,BR019,TLR-1753,C501955,cash deposit,581.74,CAD
CA00036104,2025-05-28,BR003,TLR-2651,C503307,cash withdrawal,685.9,CAD
CA00041394,2025-05-21,BR030,TLR-9078,C502069,cash deposit,1028.99,CAD
CA00037200,2025-05-16,BR008,TLR-7956,C501560,cash withdrawal,2931.05,CAD
CA00035534,2025-05-13,BR001,TLR-2590,C503442,cash withdrawal,362.72,CAD
CA00043658,2025-05-09,BR040,TLR-2468,C503009,cash deposit,1719.12,CAD
CA00038291,2025-05-10,BR015,TLR-3802,C502220,cash withdrawal,438.36,CAD
CA00043572,2025-05-29,BR040,TLR-7909,C502153,cash withdrawal,326.17,CAD
CA00036550,2025-05-18,BR005,TLR-3625,C503935,cash deposit,431.27,CAD
CA00039924,2025-05-03,BR023,TLR-7406,C500101,cash deposit,482.04,CAD
CA00038514,2025-05-11,BR015,TLR-9506,C502385,cash withdrawal,5309.9,CAD
CA00042605,2025-05-02,BR036,TLR-4362,C500478,cash deposit,1172.24,CAD
CA00037994,2025-05-12,BR013,TLR-1228,C503887,cash withdrawal,1610.99,CAD
CA00043069,2025-05-31,BR038,TLR-1027,C502439,cash withdrawal,655.53,CAD
CA00036107,2025-05-23,BR003,TLR-3153,C500087,cash deposit,802.02,CAD
CA00037574,2025-05-02,BR010,TLR-8523,C500927,cash deposit,2094.06,CAD
CA00039176,2025-05-15,BR019,TLR-2576,C500267,cash withdrawal,420.87,CAD
CA00043508,2025-05-20,BR040,TLR-9365,C501545,cash withdrawal,514.57,CAD
CA00041407,2025-05-29,BR030,TLR-6414,C503813,cash deposit,351.68,CAD
CA00038218,2025-05-10,BR015,TLR-2467,C503770,cash withdrawal,4417.53,CAD
CA00041824,2025-05-26,BR032,TLR-1327,C501398,cash deposit,1530.03,CAD
CA00039235,2025-05-03,BR019,TLR-7977,C503337,cash deposit,620.67,CAD
CA00036041,2025-05-11,BR003,TLR-5675,C500073,cash deposit,593.72,CAD
CA00040678,2025-05-29,BR026,TLR-7154,C503702,cash withdrawal,-733.6,CAD
CA00040551,2025-05-22,BR026,TLR-5086,C501999,cash withdrawal,-303.77,CAD
CA00042505,2025-05-25,BR036,TLR-2514,C501444,cash withdrawal,2210.01,CAD
CA00039925,2025-05-27,BR023,TLR-4719,C500147,cash deposit,2859.03,CAD
CA00042891,2025-05-18,BR037,TLR-9832,C500708,cash deposit,992.47,CAD
CA00035451,2025-05-23,BR001,TLR-4589,C501955,cash withdrawal,522.98,CAD
CA00037970,2025-05-31,BR013,TLR-7704,C501672,cash deposit,1183.86,CAD
CA00040243,2025-05-18,BR024,TLR-5537,C501951,cash deposit,2704.66,CAD
CA00043842,2025-05-12,BR040,TLR-7122,C500097,cash deposit,871.02,CAD
CA00040107,2025-05-18,BR024,TLR-3120,C501604,cash deposit,314.51,CAD
CA00043503,2025-05-16,BR040,TLR-4528,C502034,cash deposit,448.06,CAD
CA00040704,2025-05-20,BR026,TLR-4818,C500786,cash withdrawal,-1218.26,CAD
CA00042744,2025-05-18,BR037,TLR-1270,C501294,cash withdrawal,1257.03,CAD
CA00035626,2025-05-31,BR001,TLR-7959,C502831,cash deposit,398.52,CAD
CA00036299,2025-05-05,BR004,TLR-3163,C501910,cash withdrawal,523.31,CAD
CA00039743,2025-05-20,BR021,TLR-1825,C503245,cash withdrawal,2109.39,CAD
CA00041922,2025-05-06,BR033,TLR-8894,C500746,cash deposit,1032.21,CAD
CA00043405,2025-05-10,BR039,TLR-5487,C501087,cash withdrawal,1521.42,CAD
CA00037273,2025-05-11,BR008,TLR-8390,C501123,cash withdrawal,2288.67,CAD
CA00040898,2025-05-03,BR027,TLR-2252,C501941,cash withdrawal,1066.89,CAD
CA00040372,2025-05-25,BR025,TLR-2881,C502910,cash deposit,656.53,CAD
CA00042421,2025-05-16,BR035,TLR-1310,C503568,cash withdrawal,493.06,CAD
CA00042594,2025-05-15,BR036,TLR-4087,C500933,cash withdrawal,389.55,CAD
CA00040056,2025-05-04,BR024,TLR-3033,C500460,cash withdrawal,2423.6,CAD
CA00043636,2025-05-08,BR040,TLR-1128,C500699,cash deposit,334.49,CAD
CA00036338,2025-05-26,BR004,TLR-6905,C501547,cash deposit,699.46,CAD
CA00041128,2025-05-08,BR029,TLR-5988,C500157,cash withdrawal,3442.36,CAD
CA00040029,2025-05-21,BR024,TLR-2199,C502639,cash withdrawal,641.91,CAD
CA00043967,2025-05-31,BR040,TLR-5641,C503578,cash withdrawal,1945.16,CAD
CA00037189,2025-05-17,BR008,TLR-4713,C502966,cash withdrawal,740.48,CAD
CA00038860,2025-05-20,BR017,TLR-5391,C503115,cash deposit,2478.06,CAD
CA00036482,2025-05-11,BR004,TLR-3784,C502082,cash deposit,1174.39,CAD
CA00037714,2025-05-12,BR012,TLR-4378,C503971,cash deposit,1317.49,CAD
CA00040762,2025-05-19,BR027,TLR-5002,C500448,cash deposit,332.88,CAD
CA00038704,2025-05-04,BR017,TLR-5507,C502424,cash deposit,1091.27,CAD
CA00037883,2025-05-19,BR012,TLR-1554,C501594,cash deposit,408.89,CAD
CA00041809,2025-05-04,BR032,TLR-3745,C502870,cash deposit,565.63,CAD
CA00035952,2025-05-06,BR002,TLR-5282,C501303,cash withdrawal,-860.81,CAD
CA00042932,2025-05-03,BR037,TLR-4145,C500703,cash withdrawal,1535.18,CAD
CA00043429,2025-05-01,BR040,TLR-5593,C502832,cash withdrawal,1378.23,CAD
CA00043221,2025-05-22,BR039,TLR-3992,C503015,cash withdrawal,1678.82,CAD
CA00039707,2025-05-16,BR021,TLR-8230,C501323,cash deposit,443.64,CAD
CA00041361,2025-05-16,BR030,TLR-1475,C503264,cash deposit,1074.88,CAD
CA00041235,2025-05-13,BR030,TLR-8687,C500064,cash withdrawal,295.07,CAD
CA00039737,2025-05-17,BR021,TLR-8053,C503989,cash withdrawal,762.94,CAD
CA00036931,2025-05-02,BR007,TLR-8668,C501262,cash withdrawal,1172.18,CAD
CA00035728,2025-05-01,BR001,TLR-8739,C500123,cash withdrawal,836.77,CAD
CA00036072,2025-05-31,BR003,TLR-7811,C503080,cash deposit,462.36,CAD
CA00036165,2025-05-12,BR003,TLR-4888,C501490,cash withdrawal,1021.18,CAD
CA00036279,2025-05-27,BR004,TLR-3977,C502890,cash deposit,919.76,CAD
CA00040554,2025-05-28,BR026,TLR-8537,C502426,cash deposit,2080.92,CAD
CA00037293,2025-05-06,BR008,TLR-1733,C503312,cash withdrawal,710.24,CAD
CA00037529,2025-05-17,BR010,TLR-4384,C503476,cash withdrawal,1400.21,CAD
CA00040868,2025-05-21,BR027,TLR-3033,C502097,cash deposit,1470.9,CAD
CA00038392,2025-05-14,BR015,TLR-3439,C503964,cash deposit,1188.98,CAD
CA00038684,2025-05-13,BR016,TLR-4569,C500751,cash withdrawal,421.51,CAD
CA00036310,2025-05-06,BR004,TLR-9537,C502033,cash deposit,356.2,CAD
CA00041330,2025-05-12,BR030,TLR-9805,C501562,cash withdrawal,1161.7,CAD
CA00043576,2025-05-20,BR040,TLR-9356,C501124,cash withdrawal,671.31,CAD
CA00043371,2025-05-29,BR039,TLR-4805,C501085,cash withdrawal,794.67,CAD
CA00037951,2025-05-15,BR013,TLR-9148,C500303,cash deposit,750.28,CAD
CA00040819,2025-05-19,BR027,TLR-1808,C500403,cash deposit,2518.3,CAD
CA00037358,2025-05-27,BR009,TLR-7487,C503871,cash withdrawal,1840.95,CAD
CA00039892,2025-05-02,BR023,TLR-4564,C501287,cash withdrawal,690.94,CAD
CA00041381,2025-05-21,BR030,TLR-8671,C501760,cash withdrawal,305.53,CAD
CA00043044,2025-05-02,BR038,TLR-1588,C502989,cash deposit,1726.17,CAD
CA00036587,2025-05-07,BR006,TLR-6872,C500946,cash withdrawal,1379.5,CAD
CA00041048,2025-05-11,BR028,TLR-8592,C500419,cash deposit,2887.22,CAD
CA00037812,2025-05-19,BR012,TLR-9601,C500249,cash deposit,716.0,CAD
CA00036325,2025-05-19,BR004,TLR-3883,C500318,cash deposit,803.39,CAD
CA00035495,2025-05-13,BR001,TLR-3703,C501468,cash withdrawal,1011.53,CAD
CA00040373,2025-05-30,BR025,TLR-4953,C501731,cash deposit,1483.04,CAD
CA00035676,2025-05-27,BR001,TLR-2719,C500686,cash withdrawal,405.77,CAD
CA00040956,2025-05-16,BR028,TLR-7927,C502529,cash withdrawal,1263.88,CAD
CA00035822,2025-05-29,BR002,TLR-7300,C502952,cash deposit,2119.46,CAD
CA00043224,2025-05-21,BR039,TLR-3746,C503473,cash deposit,267.99,CAD
CA00036816,2025-05-04,BR006,TLR-4438,C502925,cash withdrawal,4334.01,CAD
CA00039649,2025-05-12,BR021,TLR-7548,C502434,cash deposit,284.42,CAD
CA00038355,2025-05-11,BR015,TLR-1207,C500658,cash deposit,219.55,CAD
CA00042982,2025-05-12,BR037,TLR-6122,C503861,cash deposit,610.59,CAD
CA00035677,2025-05-09,BR001,TLR-9119,C502457,cash withdrawal,863.96,CAD
CA00042419,2025-05-15,BR035,TLR-3449,C503083,cash deposit,608.95,CAD
CA00042820,2025-05-26,BR037,TLR-3076,C500601,cash withdrawal,1643.09,CAD
CA00041442,2025-05-11,BR030,TLR-8690,C500580,cash deposit,1389.84,CAD
CA00037154,2025-05-02,BR008,TLR-9346,C501211,cash deposit,973.68,CAD
CA00039818,2025-05-15,BR022,TLR-7739,C502057,cash deposit,2600.28,CAD
CA00038081,2025-05-10,BR014,TLR-5080,C501994,cash deposit,579.37,CAD
CA00037107,2025-05-09,BR008,TLR-3742,C501825,cash deposit,1812.45,CAD
CA00037011,2025-05-03,BR007,TLR-2453,C501641,cash withdrawal,528.85,CAD
CA00043460,2025-05-23,BR040,TLR-7410,C503170,cash withdrawal,956.82,CAD
CA00041748,2025-05-17,BR032,TLR-5856,C502121,cash withdrawal,1077.83,CAD
CA00040333,2025-05-15,BR025,TLR-5681,C503685,cash deposit,2528.1,CAD
CA00037145,2025-05-12,BR008,TLR-4485,C501298,cash withdrawal,2476.28,CAD
CA00039871,2025-05-04,BR022,TLR-5403,C500795,cash withdrawal,938.66,CAD
CA00041831,2025-05-20,BR032,TLR-7161,C503766,cash deposit,2498.06,CAD
CA00036767,2025-05-27,BR006,TLR-5800,C500918,cash deposit,1203.59,CAD
CA00043206,2025-05-18,BR039,TLR-1869,C500864,cash deposit,505.65,CAD
CA00042943,2025-05-18,BR037,TLR-8655,C500355,cash withdrawal,3377.58,CAD
CA00043896,2025-05-31,BR040,TLR-5340,C502186,cash deposit,1278.4,CAD
CA00037987,2025-05-23,BR013,TLR-9593,C500537,cash withdrawal,1695.72,CAD
CA00039017,2025-05-11,BR018,TLR-4709,C501258,cash deposit,958.77,CAD
CA00036744,2025-05-15,BR006,TLR-5785,C502793,cash deposit,1475.97,CAD
CA00035948,2025-05-04,BR002,TLR-1596,C500159,cash withdrawal,-776.79,CAD
CA00043001,2025-05-29,BR038,TLR-1984,C501429,cash deposit,842.19,CAD
CA00037313,2025-05-20,BR008,TLR-3656,C501397,cash withdrawal,801.25,CAD
CA00036619,2025-05-18,BR006,TLR-1594,C500188,cash deposit,1266.54,CAD
CA00040614,2025-05-04,BR026,TLR-9906,C502555,cash withdrawal,-440.32,CAD
CA00036787,2025-05-26,BR006,TLR-3961,C502404,cash deposit,618.69,CAD
CA00037697,2025-05-10,BR012,TLR-8426,C502451,cash withdrawal,606.96,CAD
CA00036324,2025-05-16,BR004,TLR-2031,C500527,cash deposit,714.68,CAD
CA00043993,2025-05-15,BR040,TLR-4579,C500581,cash withdrawal,2163.8,CAD
CA00035917,2025-05-19,BR002,TLR-8699,C501386,cash deposit,356.11,CAD
CA00043918,2025-05-19,BR040,TLR-3522,C500370,cash deposit,3213.81,CAD
CA00043631,2025-05-20,BR040,TLR-6853,C500918,cash withdrawal,1686.58,CAD
CA00037681,2025-05-05,BR012,TLR-7097,C500108,cash withdrawal,1205.81,CAD
CA00036548,2025-05-13,BR005,TLR-8503,C503353,cash deposit,1053.8,CAD
CA00042576,2025-05-13,BR036,TLR-9124,C500014,cash deposit,2161.38,CAD
CA00041806,2025-05-21,BR032,TLR-8167,C500351,cash deposit,378.26,CAD
CA00041489,2025-05-02,BR030,TLR-8630,C500616,cash deposit,1505.13,CAD
CA00037833,2025-05-15,BR012,TLR-6366,C503121,cash withdrawal,523.41,CAD
CA00043075,2025-05-15,BR038,TLR-4464,C501829,cash deposit,404.92,CAD
CA00039825,2025-05-17,BR022,TLR-6489,C503235,cash deposit,1496.39,CAD
CA00039614,2025-05-17,BR020,TLR-9212,C501047,cash withdrawal,912.52,USD
CA00035475,2025-05-03,BR001,TLR-5003,C502233,cash deposit,1937.78,CAD
CA00035770,2025-05-21,BR002,TLR-8127,C501958,cash deposit,887.01,CAD
CA00038765,2025-05-15,BR017,TLR-7957,C503537,cash deposit,362.39,CAD
CA00036757,2025-05-01,BR006,TLR-4008,C500029,cash deposit,291.49,CAD
CA00039997,2025-05-28,BR024,TLR-6147,C501400,cash deposit,1447.86,CAD
CA00039038,2025-05-03,BR018,TLR-5519,C500375,cash withdrawal,954.34,CAD
CA00042704,2025-05-28,BR036,TLR-4718,C500419,cash withdrawal,2664.11,CAD
CA00039008,2025-05-01,BR018,TLR-1297,C500392,cash deposit,683.93,CAD
CA00043639,2025-05-24,BR040,TLR-9501,C500119,cash withdrawal,617.76,CAD
CA00043431,2025-05-28,BR040,TLR-1945,C500724,cash deposit,402.52,CAD
CA00044227,2025-05-28,BR040,TLR-9005,C501852,cash deposit,4406.5,CAD
CA00039026,2025-05-16,BR018,TLR-5869,C502174,cash deposit,1018.63,CAD
CA00043945,2025-05-01,BR040,TLR-4034,C503059,cash withdrawal,1718.71,CAD
CA00040390,2025-05-24,BR025,TLR-8260,C500072,cash withdrawal,-2414.22,CAD
CA00036004,2025-05-14,BR003,TLR-3556,C500205,cash deposit,631.53,CAD
CA00036296,2025-05-19,BR004,TLR-5386,C503010,cash deposit,751.49,CAD
CA00036509,2025-05-04,BR005,TLR-6704,C500454,cash deposit,1285.41,CAD
CA00040409,2025-05-28,BR025,TLR-4777,C502300,cash withdrawal,-1053.59,CAD
CA00043635,2025-05-30,BR040,TLR-4638,C500858,cash withdrawal,2299.97,CAD
CA00043741,2025-05-06,BR040,TLR-6744,C501220,cash withdrawal,2003.5,CAD
CA00039764,2025-05-28,BR021,TLR-9415,C502352,cash withdrawal,489.58,CAD
CA00038017,2025-05-26,BR014,TLR-3791,C500530,cash deposit,1305.46,CAD
CA00037932,2025-05-30,BR013,TLR-8447,C500397,cash deposit,245.67,CAD
CA00043470,2025-05-15,BR040,TLR-7827,C503570,cash deposit,479.01,CAD
CA00042146,2025-05-31,BR034,TLR-5533,C502928,cash withdrawal,2016.32,CAD
CA00041937,2025-05-02,BR033,TLR-9566,C503081,cash withdrawal,575.1,CAD
CA00039744,2025-05-16,BR021,TLR-2941,C503886,cash deposit,639.99,CAD
CA00036503,2025-05-06,BR005,TLR-9333,C503588,cash deposit,1167.06,CAD
CA00039722,2025-05-04,BR021,TLR-2247,C501955,cash withdrawal,1391.66,CAD
CA00037058,2025-05-31,BR008,TLR-1787,C501154,cash deposit,771.89,CAD
CA00036529,2025-05-22,BR005,TLR-3324,C500564,cash deposit,1821.96,CAD
CA00043360,2025-05-16,BR039,TLR-3748,C502946,cash deposit,1118.33,CAD
CA00037402,2025-05-28,BR009,TLR-1860,C500022,cash withdrawal,812.65,CAD
CA00043270,2025-05-16,BR039,TLR-6929,C502843,cash withdrawal,1068.21,CAD
CA00042347,2025-05-18,BR035,TLR-4982,C501521,cash deposit,1077.08,CAD
CA00041808,2025-05-17,BR032,TLR-3238,C503372,cash deposit,1509.37,CAD
CA00039842,2025-05-17,BR022,TLR-3423,C502293,cash withdrawal,745.9,CAD
CA00038668,2025-05-30,BR016,TLR-9690,C501979,cash withdrawal,1505.65,CAD
CA00043494,2025-05-27,BR040,TLR-1698,C501677,cash withdrawal,1003.88,CAD
CA00043025,2025-05-12,BR038,TLR-9639,C500279,cash deposit,714.73,CAD
CA00040655,2025-05-28,BR026,TLR-6724,C501662,cash deposit,1318.98,CAD
CA00037573,2025-05-09,BR010,TLR-7393,C501479,cash deposit,2763.84,CAD
CA00038019,2025-05-22,BR014,TLR-1077,C503825,cash deposit,305.36,CAD
CA00037565,2025-05-08,BR010,TLR-4900,C503664,cash withdrawal,4302.65,CAD
CA00043724,2025-05-05,BR040,TLR-3540,C503923,cash deposit,492.95,CAD
CA00037562,2025-05-09,BR010,TLR-4549,C500979,cash deposit,1034.89,CAD
CA00039792,2025-05-06,BR021,TLR-7949,C501681,cash withdrawal,1389.74,CAD
CA00043739,2025-05-28,BR040,TLR-8188,C502353,cash deposit,236.68,CAD
CA00041320,2025-05-02,BR030,TLR-9849,C500219,cash deposit,3055.55,CAD
CA00041020,2025-05-27,BR028,TLR-2771,C501197,cash withdrawal,456.97,CAD
CA00041011,2025-05-02,BR028,TLR-8423,C502390,cash deposit,1086.59,CAD
CA00037631,2025-05-19,BR011,TLR-6342,C503445,cash withdrawal,1426.7,CAD
CA00035690,2025-05-24,BR001,TLR-9973,C503541,cash withdrawal,1129.67,CAD
CA00043618,2025-05-08,BR040,TLR-8139,C500078,cash withdrawal,1064.13,CAD
CA00037165,2025-05-18,BR008,TLR-5920,C501439,cash deposit,2702.89,CAD
CA00036626,2025-05-08,BR006,TLR-2988,C500961,cash deposit,1348.21,CAD
CA00040073,2025-05-05,BR024,TLR-6481,C503087,cash deposit,772.64,CAD
CA00038141,2025-05-16,BR014,TLR-5300,C503022,cash withdrawal,1674.77,CAD
CA00041259,2025-05-13,BR030,TLR-1667,C502941,cash withdrawal,2941.07,CAD
CA00040071,2025-05-01,BR024,TLR-5129,C503041,cash withdrawal,1087.15,CAD
CA00038105,2025-05-23,BR014,TLR-7337,C503755,cash deposit,593.67,CAD
CA00037645,2025-05-29,BR011,TLR-8634,C502329,cash deposit,4511.45,CAD
CA00044266,2025-05-14,BR040,TLR-5781,C502750,cash deposit,2352.87,CAD
CA00035866,2025-05-20,BR002,TLR-7705,C502784,cash withdrawal,-1385.84,CAD
CA00037560,2025-05-26,BR010,TLR-9617,C503727,cash deposit,933.02,CAD
CA00041959,2025-05-18,BR033,TLR-8364,C500352,cash deposit,596.78,CAD
CA00043285,2025-05-02,BR039,TLR-9129,C502493,cash withdrawal,1409.87,CAD
CA00041849,2025-05-08,BR032,TLR-3670,C502515,cash withdrawal,1503.17,CAD
CA00039547,2025-05-11,BR020,TLR-6205,C502678,cash deposit,364.07,USD
CA00037554,2025-05-13,BR010,TLR-4560,C503880,cash deposit,779.02,CAD
CA00043062,2025-05-03,BR038,TLR-2497,C500848,cash withdrawal,1947.95,CAD
CA00038005,2025-05-16,BR013,TLR-9774,C503799,cash deposit,515.32,CAD
CA00036146,2025-05-12,BR003,TLR-5595,C501361,cash deposit,2460.36,CAD
CA00035662,2025-05-06,BR001,TLR-7083,C503684,cash withdrawal,867.27,CAD
CA00037984,2025-05-11,BR013,TLR-3967,C500544,cash withdrawal,671.67,CAD
CA00035599,2025-05-31,BR001,TLR-5808,C500566,cash deposit,1255.12,CAD
CA00041695,2025-05-09,BR031,TLR-2023,C501586,cash withdrawal,1025.95,CAD
CA00037837,2025-05-02,BR012,TLR-5425,C502541,cash withdrawal,375.85,CAD
CA00036556,2025-05-15,BR006,TLR-3820,C501044,cash withdrawal,1793.51,CAD
CA00043367,2025-05-08,BR039,TLR-2327,C500894,cash withdrawal,1097.16,CAD
CA00037739,2025-05-15,BR012,TLR-3209,C500032,cash withdrawal,1279.49,CAD
CA00039981,2025-05-07,BR023,TLR-3540,C502805,cash withdrawal,517.28,CAD
CA00042066,2025-05-08,BR034,TLR-5825,C500406,cash deposit,612.75,CAD
CA00038922,2025-05-05,BR017,TLR-9533,C501123,cash withdrawal,974.21,CAD
CA00040238,2025-05-01,BR024,TLR-2982,C502719,cash withdrawal,585.25,CAD
CA00044107,2025-05-31,BR040,TLR-6824,C501467,cash withdrawal,2811.47,CAD
CA00039697,2025-05-26,BR021,TLR-5342,C500988,cash withdrawal,1168.14,CAD
CA00037972,2025-05-15,BR013,TLR-6187,C501648,cash withdrawal,629.03,CAD
CA00035983,2025-05-11,BR003,TLR-7238,C502959,cash deposit,299.27,CAD
CA00039637,2025-05-28,BR021,TLR-4646,C500621,cash deposit,1073.68,CAD
CA00042995,2025-05-11,BR038,TLR-1271,C502799,cash deposit,525.12,CAD
CA00035887,2025-05-19,BR002,TLR-8475,C501659,cash deposit,2344.07,CAD
CA00040725,2025-05-08,BR026,TLR-8205,C503455,cash deposit,823.36,CAD
CA00041998,2025-05-05,BR033,TLR-6809,C503417,cash withdrawal,675.83,CAD
CA00042032,2025-05-31,BR033,TLR-1275,C502296,cash deposit,490.29,CAD
CA00041930,2025-05-29,BR033,TLR-4319,C501816,cash withdrawal,1012.18,CAD
CA00041068,2025-05-24,BR029,TLR-8996,C501058,cash deposit,640.85,CAD
CA00040834,2025-05-31,BR027,TLR-8827,C501027,cash withdrawal,1185.06,CAD
CA00040630,2025-05-29,BR026,TLR-6997,C502409,cash withdrawal,-764.71,CAD
CA00038682,2025-05-30,BR016,TLR-9062,C503234,cash withdrawal,1613.0,CAD
CA00036565,2025-05-19,BR006,TLR-6174,C500557,cash deposit,2127.37,CAD
CA00036479,2025-05-27,BR004,TLR-6860,C503171,cash withdrawal,1207.98,CAD
CA00041778,2025-05-12,BR032,TLR-2362,C501073,cash deposit,395.13,CAD
CA00042776,2025-05-05,BR037,TLR-6112,C501683,cash deposit,419.38,CAD
CA00040910,2025-05-13,BR027,TLR-9354,C500171,cash deposit,9800.32,CAD
CA00041502,2025-05-11,BR031,TLR-3276,C502229,cash withdrawal,737.35,CAD
CA00041344,2025-05-31,BR030,TLR-1744,C503643,cash withdrawal,893.75,CAD
CA00043245,2025-05-18,BR039,TLR-7128,C500409,cash withdrawal,507.79,CAD
CA00036381,2025-05-15,BR004,TLR-9656,C500291,cash withdrawal,1150.85,CAD
CA00039535,2025-05-05,BR020,TLR-4190,C500882,cash deposit,397.65,USD
CA00036472,2025-05-08,BR004,TLR-6117,C503611,cash deposit,2092.17,CAD
CA00044043,2025-05-19,BR040,TLR-1893,C500345,cash deposit,1134.48,CAD
CA00042093,2025-05-26,BR034,TLR-9662,C501276,cash deposit,1153.77,CAD
CA00038849,2025-05-07,BR017,TLR-3478,C502178,cash deposit,825.31,CAD
CA00040531,2025-05-23,BR026,TLR-6667,C503821,cash withdrawal,-771.28,CAD
CA00041206,2025-05-27,BR029,TLR-1307,C503068,cash withdrawal,775.56,CAD
CA00042805,2025-05-04,BR037,TLR-8866,C502510,cash deposit,795.9,CAD
CA00044204,2025-05-13,BR040,TLR-3732,C502037,cash deposit,4578.51,CAD
CA00035615,2025-05-03,BR001,TLR-2299,C502554,cash withdrawal,1192.96,CAD
CA00043278,2025-05-09,BR039,TLR-7693,C503012,cash withdrawal,1275.78,CAD
CA00036147,2025-05-03,BR003,TLR-8002,C502043,cash withdrawal,968.05,CAD
CA00037561,2025-05-28,BR010,TLR-5692,C503305,cash deposit,315.02,CAD
CA00044190,2025-05-19,BR040,TLR-1051,C500690,cash deposit,798.6,CAD
CA00042575,2025-05-16,BR036,TLR-6012,C501900,cash deposit,1273.51,CAD
CA00039779,2025-05-10,BR021,TLR-7347,C501250,cash deposit,1121.31,CAD
CA00038866,2025-05-18,BR017,TLR-6973,C501169,cash deposit,414.14,CAD
CA00042339,2025-05-23,BR035,TLR-4982,C503145,cash deposit,643.19,CAD
CA00039156,2025-05-26,BR019,TLR-8823,C500522,cash deposit,3213.29,CAD
CA00042581,2025-05-22,BR036,TLR-8409,C503788,cash withdrawal,3888.68,CAD
CA00038673,2025-05-19,BR016,TLR-8478,C500386,cash deposit,976.12,CAD
CA00037197,2025-05-23,BR008,TLR-5076,C501628,cash deposit,920.0,CAD
CA00039454,2025-05-06,BR020,TLR-3030,C501643,cash deposit,1358.17,USD
CA00039657,2025-05-23,BR021,TLR-8673,C503316,cash deposit,1010.06,CAD
CA00044014,2025-05-17,BR040,TLR-2067,C500011,cash deposit,724.17,CAD
CA00040069,2025-05-25,BR024,TLR-8125,C501068,cash withdrawal,1371.67,CAD
CA00037477,2025-05-02,BR010,TLR-3758,C502840,cash deposit,3564.03,CAD
CA00042973,2025-05-17,BR037,TLR-9991,C501846,cash withdrawal,1663.21,CAD
CA00037776,2025-05-28,BR012,TLR-2064,C503175,cash withdrawal,2726.38,CAD
CA00042535,2025-05-03,BR036,TLR-5048,C500852,cash withdrawal,592.04,CAD
CA00035543,2025-05-27,BR001,TLR-3826,C503523,cash deposit,895.32,CAD
CA00038425,2025-05-25,BR015,TLR-8708,C502451,cash withdrawal,404.04,CAD
CA00037673,2025-05-01,BR011,TLR-4669,C500942,cash withdrawal,2411.19,CAD
CA00035936,2025-05-31,BR002,TLR-9425,C503341,cash deposit,2574.01,CAD
CA00043839,2025-05-31,BR040,TLR-5271,C502810,cash withdrawal,1309.69,CAD
CA00037332,2025-05-16,BR009,TLR-8754,C500089,cash deposit,1420.55,CAD
CA00041997,2025-05-19,BR033,TLR-3865,C501726,cash deposit,1614.9,CAD
CA00041411,2025-05-13,BR030,TLR-1248,C503469,cash deposit,2213.86,CAD
CA00040495,2025-05-09,BR026,TLR-3462,C501837,cash deposit,1460.3,CAD
CA00039863,2025-05-29,BR022,TLR-1019,C502532,cash withdrawal,1541.39,CAD
CA00036057,2025-05-02,BR003,TLR-6968,C503271,cash withdrawal,719.99,CAD
CA00041801,2025-05-10,BR032,TLR-4936,C503244,cash withdrawal,876.43,CAD
CA00041420,2025-05-12,BR030,TLR-5850,C500566,cash deposit,1781.6,CAD
CA00036148,2025-05-04,BR003,TLR-2716,C503082,cash withdrawal,1167.47,CAD
CA00035459,2025-05-01,BR001,TLR-5916,C503902,cash deposit,1598.94,CAD
CA00035666,2025-05-19,BR001,TLR-3418,C500502,cash deposit,1159.93,CAD
CA00036334,2025-05-07,BR004,TLR-8515,C502345,cash deposit,714.56,CAD
CA00042473,2025-05-29,BR036,TLR-1698,C500331,cash withdrawal,514.86,CAD
CA00042560,2025-05-07,BR036,TLR-9774,C502839,cash deposit,1056.43,CAD
CA00037583,2025-05-12,BR010,TLR-3119,C502780,cash deposit,1030.48,CAD
CA00042477,2025-05-24,BR036,TLR-4123,C501343,cash deposit,1605.33,CAD
CA00042552,2025-05-07,BR036,TLR-8249,C500432,cash deposit,1187.24,CAD
CA00039379,2025-05-20,BR019,TLR-4845,C501080,cash deposit,714.53,CAD
CA00042738,2025-05-15,BR037,TLR-1597,C503528,cash withdrawal,599.99,CAD
CA00040401,2025-05-25,BR025,TLR-5520,C500149,cash withdrawal,-2411.46,CAD
CA00042414,2025-05-27,BR035,TLR-3127,C501587,cash withdrawal,2163.41,CAD
CA00043088,2025-05-25,BR038,TLR-1240,C502536,cash withdrawal,776.26,CAD
CA00040730,2025-05-09,BR027,TLR-7412,C503211,cash deposit,910.48,CAD
CA00039105,2025-05-07,BR019,TLR-7349,C501437,cash withdrawal,696.13,CAD
CA00042742,2025-05-01,BR037,TLR-1639,C500554,cash withdrawal,542.29,CAD
CA00043704,2025-05-03,BR040,TLR-3589,C502019,cash withdrawal,1829.32,CAD
CA00037391,2025-05-22,BR009,TLR-7450,C501461,cash deposit,3620.46,CAD
CA00039202,2025-05-08,BR019,TLR-4042,C502873,cash deposit,1403.96,CAD
CA00038688,2025-05-14,BR016,TLR-3385,C503069,cash withdrawal,828.98,CAD
CA00038102,2025-05-09,BR014,TLR-2903,C501215,cash withdrawal,1992.56,CAD
CA00041057,2025-05-11,BR029,TLR-6507,C502707,cash deposit,643.55,CAD
CA00040537,2025-05-14,BR026,TLR-4809,C503941,cash deposit,1086.32,CAD
CA00037656,2025-05-15,BR011,TLR-9585,C501979,cash withdrawal,718.97,CAD
CA00036958,2025-05-11,BR007,TLR-4202,C501740,cash deposit,311.22,CAD
CA00041713,2025-05-13,BR031,TLR-3548,C503076,cash deposit,347.38,CAD
CA00043243,2025-05-23,BR039,TLR-2720,C502088,cash deposit,1332.41,CAD
CA00042962,2025-05-05,BR037,TLR-1245,C502310,cash withdrawal,1638.28,CAD
CA00037579,2025-05-16,BR010,TLR-1633,C502306,cash deposit,1778.39,CAD
CA00044260,2025-05-07,BR040,TLR-1917,C502107,cash deposit,1055.24,CAD
CA00042058,2025-05-29,BR034,TLR-3771,C501310,cash withdrawal,812.88,CAD
CA00035747,2025-05-24,BR001,TLR-9048,C500611,cash deposit,358.99,CAD
CA00041185,2025-05-23,BR029,TLR-1181,C501640,cash withdrawal,789.56,CAD
CA00040581,2025-05-17,BR026,TLR-7666,C500975,cash withdrawal,-1033.89,CAD
CA00041689,2025-05-26,BR031,TLR-2863,C503380,cash deposit,686.06,CAD
CA00035480,2025-05-01,BR001,TLR-8710,C501104,cash deposit,947.92,CAD
CA00035773,2025-05-27,BR002,TLR-3485,C502077,cash deposit,349.67,CAD
CA00044155,2025-05-11,BR040,TLR-8487,C503765,cash withdrawal,979.53,CAD
CA00043282,2025-05-28,BR039,TLR-6095,C500951,cash withdrawal,1506.7,CAD
CA00039599,2025-05-14,BR020,TLR-7115,C500309,cash deposit,1869.49,USD
CA00041967,2025-05-24,BR033,TLR-7422,C501225,cash withdrawal,628.98,CAD
CA00042641,2025-05-17,BR036,TLR-1742,C501192,cash withdrawal,1198.16,CAD
CA00043713,2025-05-09,BR040,TLR-3570,C502024,cash deposit,853.37,CAD
CA00038056,2025-05-07,BR014,TLR-9289,C501277,cash withdrawal,1506.65,CAD
CA00040755,2025-05-19,BR027,TLR-2885,C501015,cash deposit,155.82,CAD
CA00040934,2025-05-01,BR028,TLR-7512,C501046,cash deposit,2339.69,CAD
CA00041013,2025-05-26,BR028,TLR-9907,C503255,cash withdrawal,1645.78,CAD
CA00040241,2025-05-22,BR024,TLR-6750,C500906,cash withdrawal,966.78,CAD
CA00041126,2025-05-24,BR029,TLR-1279,C501620,cash deposit,612.41,CAD
CA00040274,2025-05-06,BR025,TLR-9067,C502842,cash deposit,870.27,CAD
CA00040676,2025-05-05,BR026,TLR-1746,C501612,cash withdrawal,-735.98,CAD
CA00039944,2025-05-11,BR023,TLR-1724,C501888,cash withdrawal,2120.14,CAD
CA00043462,2025-05-24,BR040,TLR-3829,C500154,cash deposit,1024.86,CAD
CA00041735,2025-05-31,BR031,TLR-8594,C500279,cash deposit,1550.7,CAD
CA00036352,2025-05-08,BR004,TLR-1466,C502260,cash withdrawal,359.28,CAD
CA00037547,2025-05-17,BR010,TLR-1500,C501089,cash withdrawal,491.9,CAD
CA00041364,2025-05-28,BR030,TLR-2958,C502252,cash withdrawal,520.6,CAD
CA00043136,2025-05-22,BR038,TLR-5578,C500743,cash withdrawal,2525.8,CAD
CA00036753,2025-05-25,BR006,TLR-6382,C501675,cash deposit,4392.37,CAD
CA00036249,2025-05-09,BR004,TLR-2189,C503978,cash withdrawal,913.61,CAD
CA00037716,2025-05-29,BR012,TLR-7732,C503956,cash deposit,843.39,CAD
CA00042206,2025-05-05,BR035,TLR-7227,C500865,cash withdrawal,420.41,CAD
CA00042671,2025-05-24,BR036,TLR-9986,C503747,cash deposit,367.34,CAD
CA00035657,2025-05-20,BR001,TLR-8982,C502287,cash deposit,457.54,CAD
CA00037913,2025-05-25,BR013,TLR-1083,C501814,cash deposit,514.9,CAD
CA00042175,2025-05-29,BR034,TLR-6898,C503452,cash deposit,1258.02,CAD
CA00038333,2025-05-12,BR015,TLR-6765,C502125,cash deposit,988.08,CAD
CA00042315,2025-05-05,BR035,TLR-9098,C502397,cash deposit,2312.74,CAD
CA00040389,2025-05-05,BR025,TLR-9685,C503212,cash deposit,1831.11,CAD
CA00042449,2025-05-29,BR036,TLR-5591,C500796,cash deposit,1095.37,CAD
CA00043628,2025-05-29,BR040,TLR-3555,C500889,cash deposit,2803.15,CAD
CA00038060,2025-05-28,BR014,TLR-1112,C500261,cash deposit,1439.37,CAD
CA00037456,2025-05-29,BR010,TLR-1834,C501605,cash deposit,632.23,CAD
CA00037072,2025-05-13,BR008,TLR-7424,C501093,cash deposit,2323.62,CAD
CA00038890,2025-05-20,BR017,TLR-3203,C501065,cash deposit,786.45,CAD
CA00036494,2025-05-17,BR005,TLR-2383,C502673,cash deposit,196.37,CAD
CA00042647,2025-05-16,BR036,TLR-3796,C501516,cash withdrawal,1423.25,CAD
CA00042804,2025-05-30,BR037,TLR-4944,C501320,cash withdrawal,443.5,CAD
CA00039270,2025-05-31,BR019,TLR-7298,C500738,cash deposit,1281.6,CAD
CA00038667,2025-05-18,BR016,TLR-2277,C503533,cash deposit,1536.73,CAD
CA00041576,2025-05-10,BR031,TLR-4492,C501056,cash deposit,265.95,CAD
CA00036337,2025-05-28,BR004,TLR-2591,C503916,cash deposit,646.48,CAD
CA00037822,2025-05-29,BR012,TLR-5594,C503281,cash withdrawal,1844.56,CAD
CA00037406,2025-05-25,BR009,TLR-9330,C500006,cash deposit,861.78,CAD
CA00043793,2025-05-27,BR040,TLR-7566,C503171,cash withdrawal,1376.43,CAD
CA00043966,2025-05-11,BR040,TLR-2337,C502731,cash deposit,2687.79,CAD
CA00040795,2025-05-07,BR027,TLR-9050,C502544,cash deposit,935.87,CAD
CA00042676,2025-05-06,BR036,TLR-9921,C500140,cash deposit,1402.42,CAD
CA00042687,2025-05-30,BR036,TLR-5720,C502437,cash deposit,539.96,CAD
CA00043924,2025-05-04,BR040,TLR-8734,C502145,cash deposit,452.9,CAD
CA00038452,2025-05-26,BR015,TLR-1009,C500944,cash withdrawal,1220.07,CAD
CA00039239,2025-05-31,BR019,TLR-5093,C502771,cash withdrawal,1323.05,CAD
CA00039977,2025-05-31,BR023,TLR-7827,C500570,cash deposit,1514.62,CAD
CA00042393,2025-05-06,BR035,TLR-7637,C500633,cash deposit,1075.33,CAD
CA00039274,2025-05-23,BR019,TLR-7314,C500842,cash deposit,577.04,CAD
CA00037372,2025-05-24,BR009,TLR-8258,C502372,cash deposit,5827.23,CAD
CA00041437,2025-05-21,BR030,TLR-7212,C501425,cash deposit,652.27,CAD
CA00042279,2025-05-02,BR035,TLR-9717,C501342,cash withdrawal,1325.17,CAD
CA00037986,2025-05-13,BR013,TLR-5830,C503911,cash withdrawal,808.59,CAD
CA00039217,2025-05-04,BR019,TLR-6087,C501268,cash withdrawal,695.29,CAD
CA00040522,2025-05-30,BR026,TLR-6085,C501552,cash withdrawal,-15269.72,CAD
CA00042814,2025-05-25,BR037,TLR-7631,C500035,cash withdrawal,863.59,CAD
CA00040090,2025-05-26,BR024,TLR-6853,C500728,cash deposit,435.0,CAD
CA00039991,2025-05-08,BR023,TLR-7101,C502169,cash deposit,1464.02,CAD
CA00040247,2025-05-26,BR024,TLR-7839,C501950,cash withdrawal,687.38,CAD
CA00035946,2025-05-03,BR002,TLR-7786,C500994,cash withdrawal,-1568.3,CAD
CA00042840,2025-05-14,BR037,TLR-5990,C503106,cash deposit,469.67,CAD
CA00044126,2025-05-09,BR040,TLR-3516,C503959,cash deposit,152.75,CAD
CA00038715,2025-05-18,BR017,TLR-3298,C502318,cash deposit,581.18,CAD
CA00037120,2025-05-23,BR008,TLR-7300,C503957,cash withdrawal,3256.34,CAD
CA00039824,2025-05-28,BR022,TLR-2513,C501327,cash withdrawal,833.1,CAD
CA00043415,2025-05-08,BR040,TLR-6694,C501434,cash withdrawal,1316.93,CAD
CA00037876,2025-05-30,BR012,TLR-6157,C500808,cash deposit,775.37,CAD
CA00035518,2025-05-24,BR001,TLR-4964,C502313,cash withdrawal,3777.44,CAD
CA00037879,2025-05-11,BR012,TLR-1653,C502559,cash deposit,2080.76,CAD
CA00042136,2025-05-17,BR034,TLR-4745,C501031,cash withdrawal,2644.58,CAD
CA00035705,2025-05-10,BR001,TLR-3001,C502125,cash deposit,2304.91,CAD
CA00038284,2025-05-06,BR015,TLR-6148,C502112,cash deposit,1948.84,CAD
CA00039739,2025-05-20,BR021,TLR-6339,C500372,cash deposit,1266.52,CAD
CA00042063,2025-05-15,BR034,TLR-7183,C502726,cash deposit,386.97,CAD
CA00036266,2025-05-18,BR004,TLR-5476,C501128,cash withdrawal,3455.86,CAD
CA00036451,2025-05-01,BR004,TLR-3472,C502491,cash withdrawal,1544.09,CAD
CA00040164,2025-05-29,BR024,TLR-5399,C502507,cash withdrawal,426.62,CAD
CA00038498,2025-05-03,BR015,TLR-8866,C500363,cash deposit,718.65,CAD
CA00035907,2025-05-09,BR002,TLR-2182,C502972,cash deposit,985.29,CAD
CA00041465,2025-05-13,BR030,TLR-2523,C503289,cash withdrawal,1144.69,CAD
CA00037778,2025-05-18,BR012,TLR-7055,C502971,cash deposit,529.55,CAD
CA00037394,2025-05-28,BR009,TLR-6689,C503434,cash withdrawal,481.06,CAD
CA00043540,2025-05-21,BR040,TLR-7819,C501185,cash withdrawal,1713.01,CAD
CA00042401,2025-05-03,BR035,TLR-1532,C501260,cash withdrawal,459.61,CAD
CA00040189,2025-05-04,BR024,TLR-5145,C502829,cash deposit,2219.94,CAD
CA00036704,2025-05-04,BR006,TLR-4201,C500053,cash withdrawal,786.1,CAD
CA00041357,2025-05-27,BR030,TLR-8833,C501287,cash deposit,2246.55,CAD
CA00037276,2025-05-24,BR008,TLR-1941,C501276,cash withdrawal,571.24,CAD
CA00039574,2025-05-21,BR020,TLR-6428,C501582,cash deposit,456.28,USD
CA00043083,2025-05-20,BR038,TLR-3000,C502425,cash deposit,1008.42,CAD
CA00037944,2025-05-24,BR013,TLR-1358,C501125,cash withdrawal,836.77,CAD
CA00039309,2025-05-16,BR019,TLR-1801,C500477,cash deposit,308.97,CAD
CA00036676,2025-05-14,BR006,TLR-3502,C503856,cash deposit,887.24,CAD
CA00039984,2025-05-27,BR023,TLR-9064,C502601,cash deposit,1680.54,CAD
CA00041697,2025-05-10,BR031,TLR-3178,C502021,cash withdrawal,1777.37,CAD
CA00038295,2025-05-14,BR015,TLR-3207,C502064,cash deposit,263.24,CAD
CA00035975,2025-05-26,BR003,TLR-4073,C500990,cash deposit,595.03,CAD
CA00041015,2025-05-06,BR028,TLR-4859,C501640,cash deposit,1220.88,CAD
CA00043902,2025-05-07,BR040,TLR-8408,C502101,cash withdrawal,856.04,CAD
CA00039647,2025-05-23,BR021,TLR-9790,C500275,cash withdrawal,1295.71,CAD
CA00038091,2025-05-16,BR014,TLR-1367,C500703,cash deposit,342.29,CAD
CA00035492,2025-05-02,BR001,TLR-4349,C503179,cash withdrawal,404.42,CAD
CA00041123,2025-05-29,BR029,TLR-1754,C502421,cash deposit,690.06,CAD
CA00040154,2025-05-05,BR024,TLR-4478,C500373,cash withdrawal,1979.95,CAD
CA00036202,2025-05-19,BR004,TLR-9852,C502444,cash withdrawal,3049.78,CAD
CA00043272,2025-05-11,BR039,TLR-3482,C500630,cash deposit,912.43,CAD
CA00036082,2025-05-09,BR003,TLR-6765,C501115,cash withdrawal,931.25,CAD
CA00037099,2025-05-03,BR008,TLR-7995,C501496,cash withdrawal,698.37,CAD
CA00036298,2025-05-09,BR004,TLR-8508,C500914,cash withdrawal,1416.26,CAD
CA00043446,2025-05-23,BR040,TLR-5488,C501264,cash deposit,502.27,CAD
CA00039265,2025-05-27,BR019,TLR-5779,C501804,cash deposit,605.55,CAD
CA00035995,2025-05-19,BR003,TLR-4078,C503234,cash deposit,1422.51,CAD
CA00035778,2025-05-20,BR002,TLR-2313,C503358,cash withdrawal,-577.08,CAD
CA00042901,2025-05-04,BR037,TLR-4938,C500199,cash withdrawal,945.61,CAD
CA00039601,2025-05-17,BR020,TLR-3929,C503389,cash withdrawal,529.1,USD
CA00042853,2025-05-07,BR037,TLR-4709,C502164,cash deposit,2685.68,CAD
CA00038009,2025-05-06,BR014,TLR-5091,C500270,cash withdrawal,1049.01,CAD
CA00043980,2025-05-11,BR040,TLR-6867,C501282,cash withdrawal,979.69,CAD
CA00039084,2025-05-06,BR018,TLR-2858,C502877,cash withdrawal,774.1,CAD
CA00038230,2025-05-17,BR015,TLR-2583,C503490,cash deposit,1549.22,CAD
CA00039727,2025-05-20,BR021,TLR-8714,C502624,cash deposit,372.43,CAD
CA00038169,2025-05-11,BR014,TLR-4368,C503741,cash withdrawal,1252.0,CAD
CA00038467,2025-05-01,BR015,TLR-8860,C502891,cash withdrawal,211.46,CAD
CA00038994,2025-05-19,BR018,TLR-1640,C500419,cash deposit,2054.05,CAD
CA00035450,2025-05-30,BR001,TLR-8699,C502989,cash withdrawal,741.58,CAD
CA00038144,2025-05-17,BR014,TLR-1427,C502029,cash deposit,971.97,CAD
CA00038011,2025-05-25,BR014,TLR-4696,C502216,cash withdrawal,853.93,CAD
CA00037264,2025-05-28,BR008,TLR-4877,C500679,cash withdrawal,146.68,CAD
CA00036969,2025-05-17,BR007,TLR-1942,C500013,cash withdrawal,1444.19,CAD
CA00042068,2025-05-07,BR034,TLR-6454,C502821,cash deposit,1727.57,CAD
CA00035945,2025-05-05,BR002,TLR-9303,C501079,cash withdrawal,-1647.0,CAD
CA00041284,2025-05-07,BR030,TLR-2160,C503437,cash withdrawal,535.17,CAD
CA00038119,2025-05-24,BR014,TLR-2525,C500862,cash withdrawal,419.1,CAD
CA00040837,2025-05-05,BR027,TLR-3615,C503812,cash deposit,2120.59,CAD
CA00044202,2025-05-07,BR040,TLR-3164,C503166,cash withdrawal,531.78,CAD
CA00044004,2025-05-12,BR040,TLR-8699,C500798,cash withdrawal,1004.49,CAD
CA00043672,2025-05-13,BR040,TLR-6200,C502591,cash withdrawal,991.64,CAD
CA00039952,2025-05-07,BR023,TLR-1076,C502007,cash deposit,1325.98,CAD
CA00042464,2025-05-13,BR036,TLR-3313,C500686,cash withdrawal,1053.34,CAD
CA00039339,2025-05-04,BR019,TLR-1282,C500503,cash deposit,1102.07,CAD
CA00043220,2025-05-09,BR039,TLR-8645,C500048,cash withdrawal,774.74,CAD
CA00036861,2025-05-17,BR007,TLR-7407,C502216,cash withdrawal,536.19,CAD
CA00043696,2025-05-25,BR040,TLR-4966,C503586,cash deposit,2458.15,CAD
CA00038762,2025-05-16,BR017,TLR-1493,C500647,cash withdrawal,1415.21,CAD
CA00042258,2025-05-29,BR035,TLR-3656,C502280,cash withdrawal,1232.99,CAD
CA00042197,2025-05-06,BR035,TLR-2127,C500346,cash deposit,2671.55,CAD
CA00044252,2025-05-25,BR040,TLR-6028,C500977,cash withdrawal,1843.78,CAD
CA00039009,2025-05-29,BR018,TLR-5473,C503386,cash deposit,672.61,CAD
CA00042413,2025-05-24,BR035,TLR-2386,C501881,cash deposit,451.35,CAD
CA00041189,2025-05-09,BR029,TLR-3852,C502864,cash deposit,1143.64,CAD
CA00043183,2025-05-28,BR038,TLR-2347,C502787,cash deposit,320.16,CAD
CA00043774,2025-05-11,BR040,TLR-6117,C503257,cash deposit,2149.66,CAD
CA00042319,2025-05-06,BR035,TLR-8975,C503966,cash deposit,1206.58,CAD
CA00037251,2025-05-04,BR008,TLR-3962,C500600,cash deposit,751.86,CAD
CA00038696,2025-05-17,BR017,TLR-3877,C503339,cash withdrawal,885.18,CAD
CA00038354,2025-05-27,BR015,TLR-2957,C500641,cash withdrawal,1039.45,CAD
CA00042192,2025-05-27,BR035,TLR-2882,C502651,cash deposit,1298.3,CAD
CA00042568,2025-05-12,BR036,TLR-1533,C503246,cash deposit,1682.02,CAD
CA00036294,2025-05-06,BR004,TLR-2107,C501592,cash withdrawal,803.5,CAD
CA00040341,2025-05-12,BR025,TLR-8348,C501823,cash withdrawal,-1011.95,CAD
CA00036162,2025-05-20,BR003,TLR-3684,C500468,cash withdrawal,582.55,CAD
CA00037737,2025-05-22,BR012,TLR-4563,C500730,cash deposit,2316.07,CAD
CA00036980,2025-05-04,BR007,TLR-1030,C502996,cash deposit,420.93,CAD
CA00042921,2025-05-09,BR037,TLR-6564,C501816,cash withdrawal,2958.74,CAD
CA00042291,2025-05-01,BR035,TLR-4372,C500136,cash withdrawal,657.7,CAD
CA00041625,2025-05-25,BR031,TLR-2218,C502230,cash deposit,2712.13,CAD
CA00043972,2025-05-28,BR040,TLR-6121,C502219,cash deposit,884.75,CAD
CA00039340,2025-05-26,BR019,TLR-1599,C500153,cash withdrawal,2821.17,CAD
CA00038544,2025-05-21,BR016,TLR-1508,C501050,cash deposit,515.2,CAD
CA00042428,2025-05-29,BR035,TLR-5460,C501332,cash withdrawal,591.58,CAD
CA00044006,2025-05-14,BR040,TLR-3405,C502028,cash withdrawal,2311.39,CAD
CA00041811,2025-05-18,BR032,TLR-5892,C500206,cash withdrawal,1400.1,CAD
CA00040105,2025-05-25,BR024,TLR-4255,C502407,cash withdrawal,1146.46,CAD
CA00035427,2025-05-07,BR001,TLR-9710,C501769,cash withdrawal,772.54,CAD
CA00041774,2025-05-31,BR032,TLR-9533,C503226,cash deposit,375.96,CAD
CA00035604,2025-05-19,BR001,TLR-4550,C502229,cash deposit,1151.08,CAD
CA00040545,2025-05-12,BR026,TLR-7572,C502122,cash withdrawal,-268.98,CAD
CA00037071,2025-05-02,BR008,TLR-8519,C502085,cash deposit,420.7,CAD
CA00044121,2025-05-31,BR040,TLR-8301,C500657,cash deposit,579.69,CAD
CA00040701,2025-05-12,BR026,TLR-9108,C501764,cash withdrawal,-2611.6,CAD
CA00042470,2025-05-10,BR036,TLR-2618,C503102,cash withdrawal,651.38,CAD
CA00036513,2025-05-14,BR005,TLR-4761,C502333,cash deposit,673.63,CAD
CA00035533,2025-05-13,BR001,TLR-5935,C503627,cash deposit,903.08,CAD
CA00039353,2025-05-12,BR019,TLR-8498,C502133,cash deposit,1022.39,CAD
CA00041016,2025-05-28,BR028,TLR-5871,C502992,cash deposit,1450.31,CAD
CA00042408,2025-05-27,BR035,TLR-3219,C503489,cash withdrawal,1699.96,CAD
CA00038823,2025-05-24,BR017,TLR-1526,C503264,cash withdrawal,1408.59,CAD
CA00043752,2025-05-05,BR040,TLR-9648,C500645,cash withdrawal,357.18,CAD
CA00042288,2025-05-21,BR035,TLR-8330,C501980,cash withdrawal,342.82,CAD
CA00037193,2025-05-14,BR008,TLR-8887,C502474,cash deposit,1140.47,CAD
CA00040260,2025-05-14,BR024,TLR-2806,C501779,cash withdrawal,1095.06,CAD
CA00038082,2025-05-11,BR014,TLR-9104,C500395,cash withdrawal,805.58,CAD
CA00043026,2025-05-25,BR038,TLR-6217,C502279,cash withdrawal,1206.15,CAD
CA00037382,2025-05-29,BR009,TLR-9177,C500700,cash deposit,2099.09,CAD
CA00038510,2025-05-13,BR015,TLR-6471,C501629,cash deposit,502.51,CAD
CA00043594,2025-05-28,BR040,TLR-4608,C502303,cash withdrawal,2662.67,CAD
CA00035897,2025-05-14,BR002,TLR-9931,C502784,cash withdrawal,-725.61,CAD
CA00037144,2025-05-19,BR008,TLR-2501,C502919,cash deposit,715.53,CAD
CA00035787,2025-05-23,BR002,TLR-1000,C501492,cash withdrawal,-787.61,CAD
CA00037592,2025-05-07,BR010,TLR-2298,C501064,cash deposit,568.7,CAD
CA00043533,2025-05-08,BR040,TLR-9859,C501662,cash deposit,415.81,CAD
CA00041306,2025-05-08,BR030,TLR-2504,C502738,cash deposit,843.04,CAD
CA00040843,2025-05-01,BR027,TLR-8068,C501857,cash withdrawal,2757.56,CAD
CA00037895,2025-05-14,BR012,TLR-8633,C500388,cash deposit,1357.21,CAD
CA00037112,2025-05-19,BR008,TLR-6628,C500575,cash deposit,602.92,CAD
CA00038504,2025-05-04,BR015,TLR-5909,C503098,cash deposit,627.27,CAD
CA00037448,2025-05-11,BR010,TLR-8461,C503773,cash deposit,454.28,CAD
CA00042423,2025-05-26,BR035,TLR-2132,C500823,cash deposit,946.06,CAD
CA00038100,2025-05-04,BR014,TLR-8048,C502251,cash deposit,1900.0,CAD
CA00041542,2025-05-10,BR031,TLR-2570,C501784,cash withdrawal,3068.07,CAD
CA00037444,2025-05-19,BR010,TLR-2619,C503717,cash withdrawal,522.44,CAD
CA00038692,2025-05-21,BR016,TLR-3896,C501884,cash withdrawal,4584.74,CAD
CA00035953,2025-05-20,BR002,TLR-8635,C502178,cash deposit,1452.36,CAD
CA00039418,2025-05-23,BR019,TLR-4933,C503104,cash withdrawal,1611.77,CAD
CA00042863,2025-05-09,BR037,TLR-2263,C503702,cash withdrawal,984.02,CAD
CA00042981,2025-05-31,BR037,TLR-3048,C500440,cash deposit,497.39,CAD
CA00038848,2025-05-16,BR017,TLR-7972,C501373,cash withdrawal,621.39,CAD
CA00038277,2025-05-10,BR015,TLR-4818,C502841,cash withdrawal,2074.89,CAD
CA00036182,2025-05-25,BR003,TLR-3616,C501386,cash deposit,841.72,CAD
CA00036814,2025-05-09,BR006,TLR-4142,C503879,cash withdrawal,417.59,CAD
CA00037433,2025-05-16,BR010,TLR-2509,C502274,cash deposit,253.39,CAD
CA00037517,2025-05-04,BR010,TLR-9488,C503843,cash deposit,659.2,CAD
CA00043604,2025-05-11,BR040,TLR-2863,C503420,cash deposit,2100.27,CAD
CA00038428,2025-05-15,BR015,TLR-7841,C502420,cash withdrawal,383.88,CAD
CA00040648,2025-05-09,BR026,TLR-7250,C502643,cash deposit,536.29,CAD
CA00042979,2025-05-31,BR037,TLR-1894,C501631,cash withdrawal,485.81,CAD
CA00039296,2025-05-01,BR019,TLR-1335,C501898,cash withdrawal,138.02,CAD
CA00044049,2025-05-21,BR040,TLR-3965,C502163,cash deposit,1443.73,CAD
CA00043152,2025-05-04,BR038,TLR-7484,C503923,cash withdrawal,414.87,CAD
CA00041055,2025-05-09,BR029,TLR-5372,C503768,cash deposit,479.48,CAD
CA00041923,2025-05-01,BR033,TLR-3751,C501510,cash withdrawal,745.49,CAD
CA00039500,2025-05-09,BR020,TLR-6365,C503627,cash withdrawal,1010.46,USD
CA00037802,2025-05-13,BR012,TLR-1506,C500589,cash deposit,1171.22,CAD
CA00036525,2025-05-06,BR005,TLR-7741,C500373,cash deposit,1895.22,CAD
CA00041468,2025-05-08,BR030,TLR-2344,C503450,cash withdrawal,1560.04,CAD
CA00036996,2025-05-12,BR007,TLR-5382,C500201,cash deposit,1087.97,CAD
CA00042844,2025-05-22,BR037,TLR-5989,C502487,cash withdrawal,2944.7,CAD
CA00040658,2025-05-14,BR026,TLR-1633,C503532,cash deposit,1278.72,CAD
CA00039796,2025-05-20,BR021,TLR-2534,C500918,cash deposit,986.06,CAD
CA00038418,2025-05-15,BR015,TLR-6378,C501898,cash withdrawal,701.87,CAD
CA00040859,2025-05-07,BR027,TLR-4130,C503842,cash withdrawal,701.84,CAD
CA00036661,2025-05-18,BR006,TLR-6087,C503706,cash deposit,906.96,CAD
CA00043537,2025-05-30,BR040,TLR-6082,C501530,cash withdrawal,956.39,CAD
CA00038628,2025-05-09,BR016,TLR-4609,C503079,cash deposit,1139.35,CAD
CA00043691,2025-05-28,BR040,TLR-1644,C501000,cash withdrawal,357.3,CAD
CA00040145,2025-05-24,BR024,TLR-2953,C500553,cash deposit,880.99,CAD
CA00037067,2025-05-24,BR008,TLR-6075,C501420,cash deposit,341.01,CAD
CA00040804,2025-05-20,BR027,TLR-4680,C500961,cash deposit,2328.39,CAD
CA00037254,2025-05-12,BR008,TLR-1276,C503293,cash withdrawal,2627.54,CAD
CA00037209,2025-05-25,BR008,TLR-7496,C503359,cash deposit,829.93,CAD
CA00039969,2025-05-07,BR023,TLR-2902,C501416,cash deposit,1000.6,CAD
CA00042017,2025-05-24,BR033,TLR-3684,C502789,cash deposit,1155.87,CAD
CA00037921,2025-05-20,BR013,TLR-2554,C500509,cash deposit,519.76,CAD
CA00040922,2025-05-02,BR028,TLR-8599,C501758,cash deposit,952.25,CAD
CA00042398,2025-05-19,BR035,TLR-9110,C500585,cash withdrawal,1129.33,CAD
CA00043638,2025-05-02,BR040,TLR-6514,C502119,cash withdrawal,1040.95,CAD
CA00036655,2025-05-10,BR006,TLR-8918,C502064,cash deposit,376.56,CAD
CA00038743,2025-05-23,BR017,TLR-6273,C501451,cash deposit,493.91,CAD
CA00043822,2025-05-03,BR040,TLR-6907,C500138,cash deposit,1341.85,CAD
CA00035912,2025-05-31,BR002,TLR-7899,C501411,cash withdrawal,-664.39,CAD
CA00036237,2025-05-16,BR004,TLR-2429,C502452,cash deposit,844.92,CAD
CA00043560,2025-05-20,BR040,TLR-8679,C501152,cash deposit,1999.81,CAD
CA00037440,2025-05-13,BR010,TLR-8528,C500262,cash withdrawal,211.78,CAD
CA00041353,2025-05-22,BR030,TLR-5155,C503036,cash withdrawal,1092.42,CAD
CA00036763,2025-05-05,BR006,TLR-2792,C502916,cash deposit,384.14,CAD
CA00039872,2025-05-07,BR022,TLR-1445,C501038,cash deposit,3381.94,CAD
CA00036392,2025-05-20,BR004,TLR-3905,C501817,cash withdrawal,526.13,CAD
CA00042717,2025-05-10,BR036,TLR-9538,C500631,cash withdrawal,511.0,CAD
CA00039346,2025-05-25,BR019,TLR-9758,C502826,cash withdrawal,740.7,CAD
CA00037788,2025-05-21,BR012,TLR-2237,C500475,cash withdrawal,1447.71,CAD
CA00041943,2025-05-20,BR033,TLR-2653,C502727,cash withdrawal,462.14,CAD
CA00036782,2025-05-11,BR006,TLR-9061,C502277,cash deposit,142.69,CAD
CA00040858,2025-05-30,BR027,TLR-8351,C502471,cash deposit,536.52,CAD
CA00038894,2025-05-16,BR017,TLR-8777,C503088,cash deposit,1021.15,CAD
CA00042976,2025-05-04,BR037,TLR-6218,C500708,cash deposit,327.31,CAD
CA00036481,2025-05-29,BR004,TLR-7027,C501422,cash deposit,843.79,CAD
CA00035928,2025-05-15,BR002,TLR-4587,C503553,cash deposit,2168.4,CAD
CA00043548,2025-05-03,BR040,TLR-2048,C502910,cash deposit,1567.31,CAD
CA00035860,2025-05-27,BR002,TLR-9432,C501694,cash deposit,85.32,CAD
CA00038535,2025-05-09,BR016,TLR-9681,C500993,cash deposit,1354.53,CAD
CA00040827,2025-05-01,BR027,TLR-9442,C500376,cash deposit,370.27,CAD
CA00039889,2025-05-28,BR023,TLR-3385,C502821,cash withdrawal,1806.21,CAD
CA00037590,2025-05-06,BR010,TLR-4560,C503552,cash deposit,4262.45,CAD
CA00044061,2025-05-23,BR040,TLR-7897,C500736,cash deposit,586.1,CAD
CA00040347,2025-05-07,BR025,TLR-2033,C502454,cash deposit,573.74,CAD
CA00036739,2025-05-05,BR006,TLR-3406,C501025,cash withdrawal,674.8,CAD
CA00040577,2025-05-09,BR026,TLR-6329,C501616,cash withdrawal,-670.49,CAD
CA00041899,2025-05-23,BR033,TLR-3409,C502692,cash deposit,476.53,CAD
CA00041942,2025-05-29,BR033,TLR-7385,C501413,cash deposit,4189.39,CAD
CA00039857,2025-05-05,BR022,TLR-9242,C502725,cash deposit,819.57,CAD
CA00037152,2025-05-12,BR008,TLR-6386,C501315,cash withdrawal,702.16,CAD
CA00038953,2025-05-12,BR018,TLR-1621,C503310,cash deposit,466.26,CAD
CA00038640,2025-05-28,BR016,TLR-8596,C503580,cash withdrawal,2286.17,CAD
CA00041024,2025-05-04,BR028,TLR-2502,C502774,cash deposit,1350.91,CAD
CA00041655,2025-05-08,BR031,TLR-1846,C502971,cash deposit,596.22,CAD
CA00039640,2025-05-07,BR021,TLR-4012,C503251,cash deposit,385.62,CAD
CA00036898,2025-05-02,BR007,TLR-9058,C501921,cash deposit,1033.03,CAD
CA00041446,2025-05-20,BR030,TLR-2036,C502753,cash withdrawal,1021.81,CAD
CA00042819,2025-05-14,BR037,TLR-9863,C503940,cash withdrawal,2170.26,CAD
CA00040864,2025-05-29,BR027,TLR-5592,C501730,cash deposit,576.8,CAD
CA00039823,2025-05-15,BR022,TLR-8201,C500157,cash deposit,955.3,CAD
CA00043655,2025-05-25,BR040,TLR-8719,C500372,cash withdrawal,882.88,CAD
CA00036332,2025-05-17,BR004,TLR-7366,C503300,cash deposit,203.47,CAD
CA00043296,2025-05-19,BR039,TLR-6618,C503240,cash withdrawal,1126.72,CAD
CA00044018,2025-05-23,BR040,TLR-6000,C500680,cash withdrawal,1117.59,CAD
CA00037526,2025-05-21,BR010,TLR-3668,C500553,cash withdrawal,808.93,CAD
CA00038490,2025-05-09,BR015,TLR-2239,C503556,cash withdrawal,294.04,CAD
CA00035901,2025-05-27,BR002,TLR-1318,C502184,cash withdrawal,-1894.32,CAD
CA00044025,2025-05-17,BR040,TLR-7291,C500957,cash withdrawal,1230.52,CAD
CA00041215,2025-05-08,BR030,TLR-6774,C500604,cash withdrawal,4029.48,CAD
CA00035416,2025-05-18,BR001,TLR-3451,C502023,cash withdrawal,929.62,CAD
CA00038411,2025-05-17,BR015,TLR-3657,C502222,cash withdrawal,309.42,CAD
CA00036585,2025-05-01,BR006,TLR-4421,C501596,cash withdrawal,377.11,CAD
CA00040323,2025-05-29,BR025,TLR-6276,C503002,cash deposit,1123.89,CAD
CA00041342,2025-05-20,BR030,TLR-9078,C502443,cash deposit,548.34,CAD
CA00039085,2025-05-28,BR018,TLR-2304,C500720,cash deposit,428.36,CAD
CA00043326,2025-05-22,BR039,TLR-3081,C501738,cash deposit,528.34,CAD
CA00037914,2025-05-28,BR013,TLR-3030,C502526,cash deposit,943.07,CAD
CA00040240,2025-05-16,BR024,TLR-7981,C500457,cash deposit,1357.53,CAD
CA00036081,2025-05-30,BR003,TLR-5172,C503609,cash withdrawal,519.0,CAD
CA00041045,2025-05-21,BR028,TLR-1570,C503504,cash deposit,3251.55,CAD
CA00043833,2025-05-05,BR040,TLR-8387,C502615,cash withdrawal,1876.4,CAD
CA00040425,2025-05-29,BR025,TLR-9374,C503870,cash withdrawal,-775.25,CAD
CA00040592,2025-05-08,BR026,TLR-5324,C500385,cash deposit,504.06,CAD
CA00035423,2025-05-25,BR001,TLR-7840,C502648,cash deposit,192.45,CAD
CA00039302,2025-05-29,BR019,TLR-2457,C502677,cash withdrawal,762.19,CAD
CA00038090,2025-05-15,BR014,TLR-8382,C500486,cash withdrawal,1504.09,CAD
CA00044193,2025-05-19,BR040,TLR-9712,C503246,cash deposit,551.08,CAD
CA00038915,2025-05-28,BR017,TLR-2859,C500454,cash withdrawal,1928.26,CAD
CA00036731,2025-05-10,BR006,TLR-1842,C502101,cash withdrawal,1901.98,CAD
CA00043952,2025-05-02,BR040,TLR-8538,C502691,cash withdrawal,1489.57,CAD
CA00038988,2025-05-17,BR018,TLR-4030,C503393,cash withdrawal,1372.66,CAD
CA00035628,2025-05-06,BR001,TLR-3933,C503896,cash withdrawal,1359.98,CAD
CA00043634,2025-05-01,BR040,TLR-3688,C501134,cash deposit,1920.72,CAD
CA00035673,2025-05-18,BR001,TLR-2983,C502778,cash deposit,1623.67,CAD
CA00036491,2025-05-15,BR005,TLR-1704,C501081,cash withdrawal,776.54,CAD
CA00036116,2025-05-26,BR003,TLR-1069,C501096,cash withdrawal,673.91,CAD
CA00040933,2025-05-23,BR028,TLR-1680,C501748,cash deposit,1605.49,CAD
CA00041848,2025-05-29,BR032,TLR-7646,C501101,cash withdrawal,453.25,CAD
CA00043507,2025-05-06,BR040,TLR-1757,C503816,cash withdrawal,480.71,CAD
CA00037356,2025-05-20,BR009,TLR-7662,C501464,cash withdrawal,1429.88,CAD
CA00043082,2025-05-13,BR038,TLR-1601,C501584,cash deposit,861.14,CAD
CA00044086,2025-05-04,BR040,TLR-2156,C500715,cash withdrawal,664.74,CAD
CA00040235,2025-05-14,BR024,TLR-2877,C500582,cash deposit,1307.38,CAD
CA00037936,2025-05-18,BR013,TLR-1882,C500389,cash deposit,908.02,CAD
CA00036384,2025-05-09,BR004,TLR-4873,C500439,cash deposit,1013.14,CAD
CA00035623,2025-05-27,BR001,TLR-7077,C501709,cash withdrawal,2009.52,CAD
CA00043454,2025-05-02,BR040,TLR-3973,C502031,cash withdrawal,405.29,CAD
CA00039774,2025-05-24,BR021,TLR-3795,C500570,cash withdrawal,1897.0,CAD
CA00040161,2025-05-31,BR024,TLR-1532,C500524,cash deposit,1025.27,CAD
CA00042425,2025-05-06,BR035,TLR-4178,C500794,cash withdrawal,1369.49,CAD
CA00042845,2025-05-24,BR037,TLR-2376,C500924,cash withdrawal,2489.4,CAD
CA00044075,2025-05-01,BR040,TLR-4650,C503631,cash withdrawal,746.6,CAD
CA00037057,2025-05-20,BR008,TLR-1738,C502806,cash deposit,1004.3,CAD
CA00041183,2025-05-06,BR029,TLR-8822,C503634,cash deposit,522.16,CAD
CA00042523,2025-05-25,BR036,TLR-8601,C501189,cash deposit,461.46,CAD
CA00040377,2025-05-23,BR025,TLR-6731,C502511,cash deposit,720.39,CAD
CA00041171,2025-05-23,BR029,TLR-2033,C501657,cash withdrawal,305.7,CAD
CA00036117,2025-05-13,BR003,TLR-4863,C503860,cash deposit,325.76,CAD
CA00043840,2025-05-16,BR040,TLR-8466,C502102,cash deposit,312.17,CAD
CA00038386,2025-05-30,BR015,TLR-4846,C502016,cash deposit,1101.85,CAD
CA00037961,2025-05-13,BR013,TLR-5588,C503553,cash withdrawal,513.28,CAD
CA00036756,2025-05-28,BR006,TLR-1627,C500194,cash deposit,161.93,CAD
CA00039100,2025-05-17,BR019,TLR-5919,C501099,cash withdrawal,3317.47,CAD
CA00039078,2025-05-08,BR018,TLR-2414,C500858,cash withdrawal,577.06,CAD
CA00038835,2025-05-05,BR017,TLR-5804,C501496,cash deposit,804.74,CAD
CA00037651,2025-05-24,BR011,TLR-2195,C502730,cash withdrawal,410.96,CAD
CA00041131,2025-05-03,BR029,TLR-8670,C500492,cash deposit,581.98,CAD
CA00042156,2025-05-01,BR034,TLR-3258,C501431,cash deposit,4898.94,CAD
CA00036605,2025-05-03,BR006,TLR-9914,C500533,cash withdrawal,1472.71,CAD
CA00035828,2025-05-16,BR002,TLR-2017,C500050,cash withdrawal,-2783.32,CAD
CA00036512,2025-05-09,BR005,TLR-7010,C500790,cash deposit,1396.92,CAD
CA00035658,2025-05-20,BR001,TLR-2401,C503568,cash withdrawal,635.4,CAD
CA00035551,2025-05-26,BR001,TLR-2840,C502754,cash deposit,564.39,CAD
CA00035499,2025-05-12,BR001,TLR-9033,C502277,cash withdrawal,804.33,CAD
CA00041054,2025-05-05,BR029,TLR-2280,C501512,cash deposit,191.77,CAD
CA00036778,2025-05-01,BR006,TLR-6600,C502758,cash deposit,350.12,CAD
CA00041266,2025-05-21,BR030,TLR-9870,C501372,cash withdrawal,1463.62,CAD
CA00042595,2025-05-16,BR036,TLR-1766,C502070,cash withdrawal,1406.83,CAD
CA00042510,2025-05-13,BR036,TLR-3913,C500796,cash withdrawal,829.08,CAD
CA00037466,2025-05-17,BR010,TLR-2703,C501364,cash deposit,1278.88,CAD
CA00041560,2025-05-13,BR031,TLR-2908,C502005,cash deposit,671.64,CAD
CA00041363,2025-05-27,BR030,TLR-1688,C501845,cash deposit,921.36,CAD
CA00044176,2025-05-10,BR040,TLR-8460,C502823,cash withdrawal,424.26,CAD
CA00042980,2025-05-14,BR037,TLR-3775,C501541,cash withdrawal,445.61,CAD
CA00039477,2025-05-05,BR020,TLR-2722,C501078,cash withdrawal,389.0,USD
CA00043678,2025-05-03,BR040,TLR-2234,C503753,cash deposit,1456.53,CAD
CA00036312,2025-05-20,BR004,TLR-5652,C502968,cash withdrawal,874.0,CAD
CA00038813,2025-05-13,BR017,TLR-3609,C501691,cash withdrawal,3350.05,CAD
CA00041785,2025-05-28,BR032,TLR-9983,C502759,cash withdrawal,400.89,CAD
CA00035550,2025-05-12,BR001,TLR-8756,C501740,cash withdrawal,1681.17,CAD
CA00041012,2025-05-23,BR028,TLR-6092,C500769,cash deposit,606.31,CAD
CA00037980,2025-05-27,BR013,TLR-3056,C502882,cash deposit,313.96,CAD
CA00037489,2025-05-25,BR010,TLR-4133,C503661,cash withdrawal,192.71,CAD
CA00041268,2025-05-13,BR030,TLR-4564,C503945,cash withdrawal,2840.12,CAD
CA00037288,2025-05-06,BR008,TLR-8959,C501223,cash deposit,1134.83,CAD
CA00038958,2025-05-19,BR018,TLR-9967,C500377,cash withdrawal,1191.53,CAD
CA00038085,2025-05-20,BR014,TLR-5606,C500103,cash withdrawal,1087.83,CAD
CA00035591,2025-05-23,BR001,TLR-5609,C503943,cash withdrawal,1438.1,CAD
CA00039387,2025-05-14,BR019,TLR-9645,C500652,cash withdrawal,499.89,CAD
CA00039686,2025-05-08,BR021,TLR-1811,C500905,cash deposit,1476.46,CAD
CA00036836,2025-05-08,BR007,TLR-2865,C501700,cash withdrawal,1073.1,CAD
CA00038846,2025-05-17,BR017,TLR-7772,C502014,cash withdrawal,698.42,CAD
CA00035892,2025-05-01,BR002,TLR-9692,C503557,cash withdrawal,-702.87,CAD
CA00039446,2025-05-07,BR020,TLR-5704,C501885,cash deposit,863.85,USD
CA00040081,2025-05-10,BR024,TLR-6873,C503732,cash withdrawal,1233.49,CAD
CA00038402,2025-05-23,BR015,TLR-3531,C502264,cash deposit,605.44,CAD
CA00042212,2025-05-12,BR035,TLR-1143,C500220,cash deposit,1709.34,CAD
CA00037953,2025-05-11,BR013,TLR-4126,C503300,cash deposit,582.51,CAD
CA00042748,2025-05-03,BR037,TLR-5290,C500448,cash withdrawal,311.96,CAD
CA00040623,2025-05-16,BR026,TLR-2598,C500341,cash withdrawal,-2169.56,CAD
CA00042050,2025-05-27,BR034,TLR-4080,C502678,cash withdrawal,2136.69,CAD
CA00035768,2025-05-15,BR002,TLR-4635,C502401,cash deposit,1053.03,CAD
CA00040239,2025-05-15,BR024,TLR-5666,C503290,cash withdrawal,1620.09,CAD
CA00040178,2025-05-23,BR024,TLR-9873,C503377,cash deposit,898.18,CAD
CA00038830,2025-05-14,BR017,TLR-3420,C500514,cash deposit,339.18,CAD
CA00037754,2025-05-30,BR012,TLR-9707,C500341,cash withdrawal,1909.99,CAD
CA00041264,2025-05-02,BR030,TLR-6743,C500160,cash withdrawal,5597.85,CAD
CA00038642,2025-05-24,BR016,TLR-4295,C500599,cash withdrawal,1831.52,CAD
CA00039531,2025-05-23,BR020,TLR-9560,C501500,cash withdrawal,321.72,USD
CA00042944,2025-05-17,BR037,TLR-8534,C500179,cash deposit,2046.97,CAD
CA00035614,2025-05-10,BR001,TLR-6615,C503352,cash withdrawal,341.89,CAD
CA00041739,2025-05-14,BR031,TLR-4684,C503854,cash withdrawal,1604.47,CAD
CA00038209,2025-05-03,BR014,TLR-8983,C503631,cash withdrawal,1342.31,CAD
CA00035817,2025-05-08,BR002,TLR-3197,C500304,cash withdrawal,-656.11,CAD
CA00038238,2025-05-29,BR015,TLR-4568,C503917,cash deposit,706.35,CAD
CA00036604,2025-05-09,BR006,TLR-8215,C500039,cash withdrawal,501.2,CAD
CA00037665,2025-05-15,BR011,TLR-3441,C502528,cash deposit,1767.5,CAD
CA00040958,2025-05-04,BR028,TLR-3785,C501634,cash deposit,1198.74,CAD
CA00041753,2025-05-08,BR032,TLR-3993,C501829,cash deposit,411.33,CAD
CA00039424,2025-05-28,BR019,TLR-7362,C503182,cash withdrawal,957.83,CAD
CA00035839,2025-05-13,BR002,TLR-6609,C501268,cash deposit,991.24,CAD
CA00037453,2025-05-27,BR010,TLR-2845,C501833,cash deposit,3450.01,CAD
CA00040441,2025-05-23,BR025,TLR-6006,C501065,cash withdrawal,-2701.07,CAD
CA00043876,2025-05-21,BR040,TLR-5758,C500017,cash withdrawal,1192.17,CAD
CA00042763,2025-05-28,BR037,TLR-4618,C503652,cash deposit,147.52,CAD
CA00036648,2025-05-23,BR006,TLR-3974,C503541,cash withdrawal,393.94,CAD
CA00041460,2025-05-14,BR030,TLR-2167,C501939,cash deposit,518.17,CAD
CA00039712,2025-05-26,BR021,TLR-8986,C501746,cash withdrawal,483.8,CAD
CA00037863,2025-05-12,BR012,TLR-4302,C503751,cash deposit,2276.6,CAD
CA00039131,2025-05-24,BR019,TLR-4148,C503389,cash deposit,914.43,CAD
CA00039927,2025-05-24,BR023,TLR-6041,C502329,cash deposit,727.64,CAD
CA00038473,2025-05-21,BR015,TLR-4056,C503762,cash withdrawal,1254.61,CAD
CA00040356,2025-05-23,BR025,TLR-4046,C502077,cash deposit,229.92,CAD
CA00041503,2025-05-19,BR031,TLR-6760,C503913,cash withdrawal,1333.87,CAD
CA00040415,2025-05-02,BR025,TLR-7560,C502698,cash deposit,1955.54,CAD
CA00043032,2025-05-24,BR038,TLR-9397,C501698,cash withdrawal,601.26,CAD
CA00043834,2025-05-07,BR040,TLR-4277,C503982,cash deposit,1196.6,CAD
CA00042968,2025-05-11,BR037,TLR-3454,C503575,cash withdrawal,818.28,CAD
CA00038718,2025-05-08,BR017,TLR-3844,C503281,cash withdrawal,1095.89,CAD
CA00038851,2025-05-09,BR017,TLR-7410,C502611,cash deposit,417.29,CAD
CA00042331,2025-05-14,BR035,TLR-1638,C501194,cash withdrawal,1374.53,CAD
CA00040798,2025-05-20,BR027,TLR-5552,C500044,cash withdrawal,460.76,CAD
CA00040030,2025-05-13,BR024,TLR-9641,C500585,cash withdrawal,863.09,CAD
CA00041820,2025-05-05,BR032,TLR-1560,C502614,cash withdrawal,933.56,CAD
CA00035838,2025-05-05,BR002,TLR-8683,C503587,cash deposit,625.49,CAD
CA00038201,2025-05-12,BR014,TLR-9578,C500234,cash withdrawal,795.14,CAD
CA00040179,2025-05-23,BR024,TLR-1816,C500010,cash withdrawal,1458.33,CAD
CA00039501,2025-05-03,BR020,TLR-4107,C502100,cash deposit,290.33,USD
CA00039088,2025-05-23,BR018,TLR-7824,C503807,cash withdrawal,910.4,CAD
CA00038962,2025-05-09,BR018,TLR-4795,C500972,cash deposit,711.72,CAD
CA00043050,2025-05-02,BR038,TLR-6561,C503115,cash withdrawal,1575.6,CAD
CA00037378,2025-05-19,BR009,TLR-7450,C500465,cash deposit,624.25,CAD
CA00041397,2025-05-16,BR030,TLR-8881,C501756,cash withdrawal,1417.66,CAD
CA00043349,2025-05-29,BR039,TLR-2371,C501363,cash deposit,730.66,CAD
CA00036979,2025-05-02,BR007,TLR-1388,C503989,cash withdrawal,2325.29,CAD
CA00035805,2025-05-20,BR002,TLR-4294,C502971,cash withdrawal,-3008.6,CAD
CA00035613,2025-05-20,BR001,TLR-5202,C501988,cash deposit,334.03,CAD
CA00041450,2025-05-26,BR030,TLR-7980,C501171,cash deposit,501.01,CAD
CA00036531,2025-05-16,BR005,TLR-3078,C502757,cash withdrawal,2014.27,CAD
CA00039942,2025-05-31,BR023,TLR-2916,C500412,cash withdrawal,405.4,CAD
CA00040901,2025-05-01,BR027,TLR-7456,C500838,cash deposit,187.88,CAD
CA00040571,2025-05-27,BR026,TLR-7546,C500379,cash deposit,887.29,CAD
CA00042178,2025-05-10,BR034,TLR-6712,C502148,cash deposit,520.65,CAD
CA00035861,2025-05-27,BR002,TLR-7717,C500388,cash deposit,1623.95,CAD
CA00043029,2025-05-20,BR038,TLR-5526,C501526,cash deposit,935.73,CAD
CA00043670,2025-05-18,BR040,TLR-9351,C502734,cash withdrawal,984.38,CAD
CA00044188,2025-05-15,BR040,TLR-5004,C502361,cash deposit,901.33,CAD
CA00043899,2025-05-02,BR040,TLR-5108,C502038,cash withdrawal,860.37,CAD
CA00035886,2025-05-27,BR002,TLR-2748,C503829,cash withdrawal,-531.83,CAD
CA00037829,2025-05-22,BR012,TLR-3280,C500219,cash deposit,2359.87,CAD
CA00040849,2025-05-27,BR027,TLR-3444,C503337,cash withdrawal,1034.32,CAD
CA00042956,2025-05-14,BR037,TLR-2852,C501643,cash deposit,1079.84,CAD
CA00040209,2025-05-15,BR024,TLR-1317,C502299,cash withdrawal,460.77,CAD
CA00039847,2025-05-27,BR022,TLR-7707,C503572,cash deposit,3719.32,CAD
CA00038252,2025-05-07,BR015,TLR-7364,C502618,cash withdrawal,745.98,CAD
CA00037609,2025-05-01,BR011,TLR-9689,C503480,cash deposit,1673.8,CAD
CA00039052,2025-05-30,BR018,TLR-9544,C502024,cash deposit,428.2,CAD
CA00040518,2025-05-11,BR026,TLR-4691,C502665,cash deposit,2216.34,CAD
CA00038374,2025-05-11,BR015,TLR-7936,C500183,cash withdrawal,346.83,CAD
CA00036031,2025-05-09,BR003,TLR-2298,C500556,cash deposit,1195.23,CAD
CA00038540,2025-05-06,BR016,TLR-4977,C500805,cash withdrawal,1365.48,CAD
CA00038597,2025-05-29,BR016,TLR-3719,C503589,cash deposit,475.49,CAD
CA00038541,2025-05-13,BR016,TLR-8238,C503736,cash withdrawal,667.36,CAD
CA00042257,2025-05-03,BR035,TLR-8937,C500887,cash withdrawal,1703.76,CAD
CA00035563,2025-05-16,BR001,TLR-9595,C502833,cash withdrawal,445.07,CAD
CA00036520,2025-05-23,BR005,TLR-7913,C500920,cash deposit,3023.04,CAD
CA00039590,2025-05-20,BR020,TLR-9009,C501352,cash deposit,1463.2,USD
CA00039119,2025-05-15,BR019,TLR-6112,C503276,cash withdrawal,561.78,CAD
CA00038828,2025-05-24,BR017,TLR-1942,C503442,cash deposit,304.94,CAD
CA00042240,2025-05-10,BR035,TLR-7994,C502482,cash withdrawal,862.36,CAD
CA00044024,2025-05-14,BR040,TLR-4727,C500514,cash deposit,6033.49,CAD
CA00040940,2025-05-24,BR028,TLR-4894,C500380,cash deposit,312.03,CAD
CA00037679,2025-05-24,BR012,TLR-8440,C502337,cash deposit,6366.37,CAD
CA00035567,2025-05-30,BR001,TLR-8001,C501419,cash deposit,1132.11,CAD
CA00041491,2025-05-24,BR030,TLR-6751,C500166,cash withdrawal,1261.5,CAD
CA00040899,2025-05-30,BR027,TLR-9729,C500271,cash withdrawal,765.79,CAD
CA00037851,2025-05-28,BR012,TLR-2920,C503780,cash withdrawal,9688.86,CAD
CA00040063,2025-05-20,BR024,TLR-6266,C501491,cash withdrawal,761.56,CAD
CA00038558,2025-05-07,BR016,TLR-2526,C501896,cash withdrawal,1514.14,CAD
CA00040544,2025-05-17,BR026,TLR-6181,C502449,cash withdrawal,-2341.67,CAD
CA00041242,2025-05-26,BR030,TLR-7301,C501029,cash deposit,549.45,CAD
CA00040312,2025-05-19,BR025,TLR-6904,C502378,cash withdrawal,-2587.73,CAD
CA00043450,2025-05-02,BR040,TLR-4710,C501451,cash withdrawal,486.34,CAD
CA00040885,2025-05-15,BR027,TLR-2024,C503231,cash deposit,337.85,CAD
CA00044139,2025-05-04,BR040,TLR-6976,C501797,cash withdrawal,815.19,CAD
CA00036986,2025-05-03,BR007,TLR-5004,C500079,cash deposit,920.23,CAD
CA00038630,2025-05-08,BR016,TLR-1321,C503493,cash deposit,365.16,CAD
CA00042907,2025-05-15,BR037,TLR-8128,C500967,cash deposit,459.46,CAD
CA00038325,2025-05-20,BR015,TLR-5966,C503617,cash withdrawal,1068.84,CAD
CA00039471,2025-05-02,BR020,TLR-2616,C501046,cash deposit,1429.45,USD
CA00038594,2025-05-21,BR016,TLR-9780,C502248,cash withdrawal,1772.91,CAD
CA00043087,2025-05-25,BR038,TLR-4324,C503548,cash withdrawal,2271.99,CAD
CA00037658,2025-05-08,BR011,TLR-1573,C501693,cash deposit,580.26,CAD
CA00041130,2025-05-13,BR029,TLR-1544,C501168,cash deposit,849.67,CAD
CA00036071,2025-05-03,BR003,TLR-5839,C500240,cash withdrawal,6032.49,CAD
CA00042865,2025-05-13,BR037,TLR-7459,C503134,cash deposit,1515.63,CAD
CA00039904,2025-05-24,BR023,TLR-2291,C500796,cash withdrawal,1756.15,CAD
CA00043969,2025-05-16,BR040,TLR-7585,C501396,cash withdrawal,1407.9,CAD
CA00036546,2025-05-14,BR005,TLR-7402,C502273,cash deposit,779.04,CAD
CA00041423,2025-05-01,BR030,TLR-7912,C503695,cash withdrawal,1501.29,CAD
CA00043984,2025-05-27,BR040,TLR-1643,C502820,cash withdrawal,591.78,CAD
CA00042769,2025-05-23,BR037,TLR-9615,C501563,cash withdrawal,411.52,CAD
CA00038174,2025-05-15,BR014,TLR-9200,C501838,cash withdrawal,2260.21,CAD
CA00037804,2025-05-23,BR012,TLR-2245,C501616,cash withdrawal,657.72,CAD
CA00041991,2025-05-20,BR033,TLR-1778,C500195,cash withdrawal,885.0,CAD
CA00043184,2025-05-04,BR038,TLR-2799,C503136,cash deposit,1449.82,CAD
CA00042334,2025-05-08,BR035,TLR-2359,C503607,cash deposit,806.01,CAD
CA00040703,2025-05-28,BR026,TLR-5752,C502319,cash deposit,670.99,CAD
CA00039880,2025-05-07,BR023,TLR-3921,C501291,cash withdrawal,439.82,CAD
CA00037949,2025-05-16,BR013,TLR-6162,C501658,cash deposit,682.68,CAD
CA00039651,2025-05-19,BR021,TLR-2318,C500296,cash deposit,222.93,CAD
CA00042005,2025-05-08,BR033,TLR-8656,C503054,cash withdrawal,2533.01,CAD
CA00036788,2025-05-07,BR006,TLR-2163,C502297,cash withdrawal,1396.24,CAD
CA00038626,2025-05-24,BR016,TLR-6581,C501810,cash deposit,1210.43,CAD
CA00039029,2025-05-05,BR018,TLR-3399,C501816,cash deposit,1073.6,CAD
CA00041964,2025-05-17,BR033,TLR-7762,C501789,cash deposit,174.04,CAD
CA00040991,2025-05-31,BR028,TLR-4542,C503865,cash withdrawal,498.69,CAD
CA00037398,2025-05-02,BR009,TLR-7750,C502892,cash deposit,1580.96,CAD
CA00041217,2025-05-16,BR030,TLR-7568,C500958,cash withdrawal,1153.96,CAD
CA00043502,2025-05-08,BR040,TLR-9685,C503344,cash withdrawal,459.07,CAD
CA00036264,2025-05-20,BR004,TLR-9185,C500089,cash deposit,811.36,CAD
CA00037493,2025-05-22,BR010,TLR-7871,C501009,cash withdrawal,2721.44,CAD
CA00037286,2025-05-02,BR008,TLR-4260,C501524,cash deposit,2499.9,CAD
CA00044093,2025-05-19,BR040,TLR-6545,C500965,cash deposit,1093.14,CAD
CA00037330,2025-05-17,BR009,TLR-4736,C503518,cash withdrawal,552.37,CAD
CA00036900,2025-05-06,BR007,TLR-2975,C500814,cash withdrawal,399.67,CAD
CA00037294,2025-05-28,BR008,TLR-5103,C500247,cash deposit,1769.73,CAD
CA00035979,2025-05-28,BR003,TLR-2768,C502736,cash withdrawal,1166.99,CAD
CA00040610,2025-05-12,BR026,TLR-2673,C501424,cash withdrawal,-1826.79,CAD
CA00039480,2025-05-16,BR020,TLR-7834,C501432,cash deposit,279.16,USD
CA00037100,2025-05-05,BR008,TLR-4532,C500892,cash deposit,706.73,CAD
CA00040854,2025-05-25,BR027,TLR-6619,C503504,cash withdrawal,1014.04,CAD
CA00036245,2025-05-28,BR004,TLR-1084,C502647,cash deposit,754.25,CAD
CA00039716,2025-05-11,BR021,TLR-2686,C502906,cash deposit,1039.15,CAD
CA00042699,2025-05-30,BR036,TLR-9090,C501136,cash deposit,317.65,CAD
CA00038396,2025-05-03,BR015,TLR-8607,C502744,cash withdrawal,303.25,CAD
CA00037577,2025-05-31,BR010,TLR-7498,C500264,cash deposit,794.5,CAD
CA00037478,2025-05-15,BR010,TLR-9453,C501057,cash withdrawal,237.35,CAD
CA00038787,2025-05-25,BR017,TLR-4873,C503883,cash deposit,409.25,CAD
CA00040027,2025-05-16,BR024,TLR-9519,C503782,cash deposit,1960.38,CAD
CA00035448,2025-05-15,BR001,TLR-7076,C500441,cash deposit,345.76,CAD
CA00040763,2025-05-17,BR027,TLR-1315,C503042,cash deposit,1475.63,CAD
CA00036424,2025-05-20,BR004,TLR-8209,C501467,cash deposit,1215.14,CAD
CA00042489,2025-05-05,BR036,TLR-5991,C503332,cash deposit,2090.23,CAD
CA00038094,2025-05-21,BR014,TLR-1740,C503818,cash withdrawal,1402.66,CAD
CA00036184,2025-05-31,BR003,TLR-1458,C503613,cash deposit,175.87,CAD
CA00042455,2025-05-31,BR036,TLR-4189,C500903,cash deposit,973.94,CAD
CA00042349,2025-05-27,BR035,TLR-6650,C501646,cash deposit,438.88,CAD
CA00039882,2025-05-01,BR023,TLR-4029,C503392,cash withdrawal,1024.09,CAD
CA00035748,2025-05-25,BR002,TLR-5110,C500005,cash withdrawal,-797.13,CAD
CA00043108,2025-05-09,BR038,TLR-7925,C501328,cash deposit,1433.78,CAD
CA00043223,2025-05-28,BR039,TLR-5250,C500586,cash withdrawal,747.91,CAD
CA00039490,2025-05-12,BR020,TLR-7175,C501669,cash deposit,369.57,USD
CA00042771,2025-05-25,BR037,TLR-7565,C502467,cash deposit,193.31,CAD
CA00035648,2025-05-09,BR001,TLR-3456,C500781,cash deposit,1785.55,CAD
CA00043435,2025-05-24,BR040,TLR-1241,C503387,cash deposit,535.62,CAD
CA00042374,2025-05-01,BR035,TLR-6134,C503428,cash withdrawal,1469.74,CAD
CA00040396,2025-05-05,BR025,TLR-7875,C502465,cash withdrawal,-307.6,CAD
CA00041118,2025-05-30,BR029,TLR-5362,C502418,cash deposit,2257.05,CAD
CA00039000,2025-05-14,BR018,TLR-6501,C500261,cash withdrawal,1155.86,CAD
CA00040888,2025-05-01,BR027,TLR-6642,C502602,cash withdrawal,206.56,CAD
CA00038414,2025-05-01,BR015,TLR-7492,C502944,cash deposit,347.27,CAD
CA00043866,2025-05-09,BR040,TLR-4599,C502957,cash withdrawal,1261.28,CAD
CA00044027,2025-05-09,BR040,TLR-3039,C501809,cash deposit,875.51,CAD
CA00039416,2025-05-21,BR019,TLR-3266,C502583,cash withdrawal,637.25,CAD
CA00040002,2025-05-13,BR024,TLR-2816,C500635,cash deposit,2936.51,CAD
CA00040079,2025-05-02,BR024,TLR-4433,C503697,cash deposit,3573.21,CAD
CA00038061,2025-05-10,BR014,TLR-7747,C500239,cash withdrawal,1636.92,CAD
CA00041716,2025-05-17,BR031,TLR-2088,C501997,cash deposit,1318.2,CAD
CA00043721,2025-05-25,BR040,TLR-3424,C502733,cash deposit,863.58,CAD
CA00043357,2025-05-14,BR039,TLR-8994,C503323,cash deposit,1368.79,CAD
CA00039154,2025-05-31,BR019,TLR-7467,C502954,cash deposit,1724.54,CAD
CA00038448,2025-05-17,BR015,TLR-2139,C501415,cash deposit,1507.88,CAD
CA00036627,2025-05-22,BR006,TLR-5478,C503249,cash deposit,823.98,CAD
CA00039576,2025-05-23,BR020,TLR-3462,C500795,cash withdrawal,1505.69,USD
CA00037838,2025-05-31,BR012,TLR-2215,C500740,cash deposit,515.41,CAD
CA00036602,2025-05-01,BR006,TLR-1584,C500097,cash deposit,157.27,CAD
CA00035727,2025-05-16,BR001,TLR-6378,C502348,cash deposit,1192.41,CAD
CA00040215,2025-05-26,BR024,TLR-3730,C500908,cash withdrawal,1269.7,CAD
CA00037320,2025-05-11,BR009,TLR-1366,C503576,cash withdrawal,3224.95,CAD
CA00039172,2025-05-22,BR019,TLR-2620,C500534,cash deposit,591.63,CAD
CA00041797,2025-05-25,BR032,TLR-8768,C503757,cash withdrawal,1013.44,CAD
CA00036592,2025-05-19,BR006,TLR-4305,C501043,cash withdrawal,557.67,CAD
CA00037003,2025-05-10,BR007,TLR-1788,C501275,cash withdrawal,954.69,CAD
CA00043053,2025-05-22,BR038,TLR-4768,C501832,cash deposit,603.86,CAD
CA00037422,2025-05-11,BR009,TLR-5044,C502812,cash deposit,779.15,CAD
CA00040289,2025-05-22,BR025,TLR-6901,C503416,cash withdrawal,-1279.01,CAD
CA00040297,2025-05-16,BR025,TLR-1752,C503720,cash withdrawal,-548.08,CAD
CA00041498,2025-05-16,BR031,TLR-8022,C502931,cash withdrawal,1160.72,CAD
CA00035544,2025-05-16,BR001,TLR-5683,C503351,cash withdrawal,503.04,CAD
CA00035871,2025-05-30,BR002,TLR-9947,C500733,cash deposit,948.66,CAD
CA00039476,2025-05-09,BR020,TLR-5271,C502679,cash deposit,1785.01,USD
CA00039593,2025-05-05,BR020,TLR-3047,C503822,cash deposit,682.87,USD
CA00036870,2025-05-07,BR007,TLR-5864,C502521,cash deposit,1115.15,CAD
CA00038219,2025-05-09,BR015,TLR-8200,C500978,cash deposit,408.83,CAD
CA00042438,2025-05-30,BR036,TLR-1099,C502240,cash deposit,403.24,CAD
CA00040310,2025-05-22,BR025,TLR-8814,C501540,cash deposit,1305.21,CAD
CA00036534,2025-05-29,BR005,TLR-8654,C503211,cash deposit,815.2,CAD
CA00044160,2025-05-31,BR040,TLR-7049,C501137,cash deposit,808.54,CAD
CA00042791,2025-05-20,BR037,TLR-6360,C501025,cash deposit,624.15,CAD
CA00036005,2025-05-27,BR003,TLR-7551,C500060,cash withdrawal,1610.5,CAD
CA00038101,2025-05-12,BR014,TLR-5518,C503427,cash withdrawal,1882.76,CAD
CA00036315,2025-05-25,BR004,TLR-2734,C502169,cash withdrawal,681.5,CAD
CA00043215,2025-05-15,BR039,TLR-7295,C500365,cash withdrawal,645.89,CAD
CA00042118,2025-05-30,BR034,TLR-9267,C502550,cash deposit,869.38,CAD
CA00044192,2025-05-29,BR040,TLR-4542,C501451,cash deposit,471.93,CAD
CA00042444,2025-05-11,BR036,TLR-9201,C502037,cash deposit,377.19,CAD
CA00039444,2025-05-28,BR020,TLR-5660,C500448,cash deposit,283.58,USD
CA00037928,2025-05-02,BR013,TLR-2556,C501504,cash deposit,1839.33,CAD
CA00043351,2025-05-10,BR039,TLR-3761,C501237,cash deposit,800.05,CAD
CA00039972,2025-05-17,BR023,TLR-9982,C503814,cash deposit,689.77,CAD
CA00038326,2025-05-11,BR015,TLR-9530,C502127,cash deposit,456.47,CAD
CA00037361,2025-05-15,BR009,TLR-7527,C502252,cash deposit,632.92,CAD
CA00040722,2025-05-21,BR026,TLR-8642,C502906,cash withdrawal,-1098.53,CAD
CA00042482,2025-05-09,BR036,TLR-5526,C503470,cash withdrawal,1477.47,CAD
CA00041170,2025-05-12,BR029,TLR-6576,C501036,cash deposit,831.72,CAD
CA00042749,2025-05-22,BR037,TLR-4596,C503826,cash deposit,261.32,CAD
CA00040004,2025-05-22,BR024,TLR-9348,C502922,cash deposit,963.89,CAD
CA00044123,2025-05-18,BR040,TLR-6413,C502425,cash deposit,3083.32,CAD
CA00036208,2025-05-16,BR004,TLR-4910,C502284,cash withdrawal,774.83,CAD
CA00043958,2025-05-17,BR040,TLR-1237,C500202,cash withdrawal,847.41,CAD
CA00044217,2025-05-07,BR040,TLR-9373,C503202,cash deposit,5387.96,CAD
CA00042515,2025-05-23,BR036,TLR-8234,C503451,cash deposit,612.76,CAD
CA00036591,2025-05-07,BR006,TLR-8952,C502160,cash withdrawal,958.65,CAD
CA00044054,2025-05-08,BR040,TLR-7010,C500256,cash withdrawal,2982.3,CAD
CA00044029,2025-05-17,BR040,TLR-7043,C503636,cash withdrawal,1980.66,CAD
CA00040263,2025-05-29,BR024,TLR-3331,C502291,cash withdrawal,1024.51,CAD
CA00043906,2025-05-11,BR040,TLR-3859,C502131,cash deposit,1707.39,CAD
CA00036000,2025-05-06,BR003,TLR-7118,C500290,cash deposit,1572.2,CAD
CA00039277,2025-05-22,BR019,TLR-4529,C502431,cash deposit,1197.93,CAD
CA00040267,2025-05-22,BR024,TLR-8977,C501927,cash deposit,772.18,CAD
CA00035477,2025-05-08,BR001,TLR-3907,C502743,cash withdrawal,970.85,CAD
CA00043253,2025-05-08,BR039,TLR-9061,C501430,cash deposit,1319.39,CAD
CA00038165,2025-05-27,BR014,TLR-9522,C501500,cash withdrawal,663.46,CAD
CA00042478,2025-05-07,BR036,TLR-9843,C502488,cash withdrawal,2155.21,CAD
CA00035845,2025-05-15,BR002,TLR-8770,C501495,cash deposit,749.36,CAD
CA00039199,2025-05-16,BR019,TLR-8512,C502114,cash deposit,829.81,CAD
CA00037242,2025-05-12,BR008,TLR-6454,C501291,cash withdrawal,741.66,CAD
CA00038311,2025-05-31,BR015,TLR-4582,C501593,cash deposit,492.04,CAD
CA00040542,2025-05-24,BR026,TLR-9043,C502870,cash deposit,1553.46,CAD
CA00043753,2025-05-15,BR040,TLR-7445,C502487,cash withdrawal,985.09,CAD
CA00038376,2025-05-12,BR015,TLR-4404,C503268,cash withdrawal,985.48,CAD
CA00035469,2025-05-30,BR001,TLR-7877,C502057,cash deposit,1044.68,CAD
CA00042387,2025-05-11,BR035,TLR-1984,C503330,cash deposit,726.08,CAD
CA00038321,2025-05-16,BR015,TLR-3018,C502964,cash withdrawal,769.61,CAD
CA00039374,2025-05-09,BR019,TLR-9793,C501897,cash withdrawal,1386.37,CAD
CA00035457,2025-05-28,BR001,TLR-3518,C500245,cash withdrawal,1119.66,CAD
CA00042273,2025-05-09,BR035,TLR-4405,C503491,cash withdrawal,1027.5,CAD
CA00036639,2025-05-08,BR006,TLR-5189,C503351,cash deposit,129.84,CAD
CA00035999,2025-05-22,BR003,TLR-8698,C500209,cash deposit,683.86,CAD
CA00037452,2025-05-30,BR010,TLR-8553,C500550,cash deposit,900.41,CAD
CA00036267,2025-05-11,BR004,TLR-2712,C502799,cash deposit,791.78,CAD
CA00042037,2025-05-12,BR033,TLR-1433,C500678,cash deposit,3606.53,CAD
CA00040677,2025-05-03,BR026,TLR-6303,C501329,cash withdrawal,-2504.03,CAD
CA00042100,2025-05-10,BR034,TLR-7640,C500972,cash withdrawal,842.53,CAD
CA00039990,2025-05-10,BR023,TLR-8285,C500429,cash withdrawal,364.08,CAD
CA00037891,2025-05-23,BR012,TLR-4615,C502668,cash withdrawal,618.04,CAD
CA00038247,2025-05-04,BR015,TLR-5791,C500508,cash deposit,787.0,CAD
CA00038168,2025-05-18,BR014,TLR-6817,C500949,cash withdrawal,438.3,CAD
CA00039875,2025-05-26,BR022,TLR-3922,C502937,cash withdrawal,979.88,CAD
CA00037331,2025-05-14,BR009,TLR-8232,C502551,cash withdrawal,3844.19,CAD
CA00041079,2025-05-16,BR029,TLR-3197,C503442,cash withdrawal,1592.21,CAD
CA00037339,2025-05-30,BR009,TLR-5611,C503137,cash withdrawal,767.12,CAD
CA00043702,2025-05-26,BR040,TLR-4594,C502245,cash deposit,8467.79,CAD
CA00041613,2025-05-14,BR031,TLR-8289,C502576,cash deposit,4025.83,CAD
CA00035462,2025-05-12,BR001,TLR-6023,C500871,cash deposit,993.33,CAD
CA00040983,2025-05-28,BR028,TLR-8289,C500062,cash deposit,387.16,CAD
CA00037848,2025-05-24,BR012,TLR-3668,C500060,cash deposit,2152.41,CAD
CA00035836,2025-05-30,BR002,TLR-7173,C500515,cash deposit,572.57,CAD
CA00038513,2025-05-28,BR015,TLR-4357,C502051,cash withdrawal,956.56,CAD
CA00039525,2025-05-19,BR020,TLR-4173,C503701,cash deposit,355.14,USD
CA00039661,2025-05-25,BR021,TLR-5045,C501256,cash deposit,856.69,CAD
CA00038010,2025-05-05,BR014,TLR-7439,C502925,cash withdrawal,2348.72,CAD
CA00035651,2025-05-05,BR001,TLR-3087,C502516,cash deposit,992.31,CAD
CA00041077,2025-05-19,BR029,TLR-2562,C501325,cash withdrawal,1107.34,CAD
CA00038461,2025-05-04,BR015,TLR-5566,C500425,cash deposit,296.38,CAD
CA00041213,2025-05-29,BR030,TLR-7385,C502507,cash deposit,368.39,CAD
CA00035694,2025-05-23,BR001,TLR-3142,C502095,cash withdrawal,2138.6,CAD
CA00037485,2025-05-10,BR010,TLR-9723,C500772,cash withdrawal,694.82,CAD
CA00041842,2025-05-17,BR032,TLR-8688,C503486,cash withdrawal,696.27,CAD
CA00040618,2025-05-18,BR026,TLR-9418,C501937,cash deposit,2190.57,CAD
CA00038109,2025-05-30,BR014,TLR-4508,C500042,cash deposit,816.1,CAD
CA00035973,2025-05-11,BR003,TLR-3534,C501072,cash withdrawal,469.84,CAD
CA00040561,2025-05-18,BR026,TLR-3362,C501326,cash deposit,800.06,CAD
CA00036323,2025-05-03,BR004,TLR-1139,C500622,cash withdrawal,510.95,CAD
CA00038398,2025-05-21,BR015,TLR-9216,C502874,cash withdrawal,556.77,CAD
CA00043455,2025-05-26,BR040,TLR-8063,C503801,cash withdrawal,676.24,CAD
CA00041728,2025-05-24,BR031,TLR-9505,C500926,cash deposit,2338.04,CAD
CA00041963,2025-05-02,BR033,TLR-9728,C502752,cash withdrawal,1725.07,CAD
CA00042119,2025-05-11,BR034,TLR-5329,C500543,cash withdrawal,1144.18,CAD
CA00035719,2025-05-02,BR001,TLR-7751,C503650,cash deposit,1306.52,CAD
CA00042879,2025-05-10,BR037,TLR-9890,C503656,cash deposit,1044.86,CAD
CA00038980,2025-05-08,BR018,TLR-2836,C500725,cash deposit,300.86,CAD
CA00036588,2025-05-29,BR006,TLR-3722,C501894,cash deposit,1081.97,CAD
CA00041743,2025-05-28,BR032,TLR-9512,C503066,cash deposit,893.54,CAD
CA00042380,2025-05-01,BR035,TLR-9019,C500035,cash withdrawal,838.97,CAD
CA00041515,2025-05-05,BR031,TLR-4607,C503695,cash withdrawal,236.32,CAD
CA00041858,2025-05-15,BR032,TLR-2882,C503576,cash deposit,1836.34,CAD
CA00041321,2025-05-23,BR030,TLR-9669,C500102,cash withdrawal,355.7,CAD
CA00041598,2025-05-26,BR031,TLR-4548,C503537,cash deposit,1166.02,CAD
CA00037844,2025-05-08,BR012,TLR-7739,C502137,cash deposit,1042.52,CAD
CA00041570,2025-05-18,BR031,TLR-7868,C503211,cash deposit,1177.32,CAD
CA00041826,2025-05-14,BR032,TLR-8537,C502687,cash withdrawal,174.79,CAD
CA00036416,2025-05-30,BR004,TLR-9354,C503363,cash withdrawal,1925.11,CAD
CA00036851,2025-05-30,BR007,TLR-7584,C500882,cash deposit,876.82,CAD
CA00041863,2025-05-20,BR032,TLR-4343,C501751,cash deposit,2061.92,CAD
CA00038083,2025-05-16,BR014,TLR-2647,C500024,cash deposit,2195.23,CAD
CA00035730,2025-05-04,BR001,TLR-1393,C502281,cash withdrawal,651.23,CAD
CA00043831,2025-05-02,BR040,TLR-7470,C500093,cash withdrawal,3321.82,CAD
CA00038861,2025-05-23,BR017,TLR-7111,C500655,cash deposit,1154.67,CAD
CA00036985,2025-05-07,BR007,TLR-8394,C501866,cash withdrawal,1511.39,CAD
CA00039714,2025-05-10,BR021,TLR-3793,C503159,cash deposit,360.31,CAD
CA00036006,2025-05-22,BR003,TLR-1445,C502427,cash deposit,2573.42,CAD
CA00041304,2025-05-09,BR030,TLR-1039,C500554,cash withdrawal,931.32,CAD
CA00038660,2025-05-11,BR016,TLR-8827,C502819,cash withdrawal,1427.39,CAD
CA00042436,2025-05-13,BR036,TLR-7107,C501342,cash withdrawal,1265.79,CAD
CA00039773,2025-05-05,BR021,TLR-4670,C503660,cash deposit,346.82,CAD
CA00041073,2025-05-16,BR029,TLR-6890,C503126,cash deposit,1684.92,CAD
CA00035830,2025-05-04,BR002,TLR-4408,C501573,cash withdrawal,-1429.64,CAD
CA00040759,2025-05-29,BR027,TLR-4454,C502993,cash withdrawal,824.3,CAD
CA00042193,2025-05-08,BR035,TLR-2220,C501764,cash deposit,1538.06,CAD
CA00037731,2025-05-21,BR012,TLR-3657,C501768,cash deposit,542.6,CAD
CA00040272,2025-05-19,BR025,TLR-7730,C503303,cash deposit,527.04,CAD
CA00042898,2025-05-12,BR037,TLR-3554,C500676,cash withdrawal,939.51,CAD
CA00038771,2025-05-01,BR017,TLR-8030,C500653,cash withdrawal,647.93,CAD
CA00042002,2025-05-19,BR033,TLR-4896,C503582,cash withdrawal,248.08,CAD
CA00038943,2025-05-21,BR018,TLR-8414,C500919,cash deposit,1119.05,CAD
CA00042571,2025-05-23,BR036,TLR-5520,C501557,cash deposit,732.24,CAD
CA00035769,2025-05-27,BR002,TLR-2438,C502972,cash withdrawal,-1105.44,CAD
CA00041712,2025-05-09,BR031,TLR-2395,C502621,cash deposit,875.19,CAD
CA00039161,2025-05-24,BR019,TLR-8038,C503505,cash deposit,1363.37,CAD
CA00040102,2025-05-23,BR024,TLR-3729,C501023,cash withdrawal,458.86,CAD
CA00039248,2025-05-03,BR019,TLR-4649,C501436,cash deposit,255.62,CAD
CA00035896,2025-05-18,BR002,TLR-3973,C500887,cash withdrawal,-1018.12,CAD
CA00041352,2025-05-27,BR030,TLR-6237,C500260,cash deposit,1524.52,CAD
CA00042875,2025-05-25,BR037,TLR-9194,C502733,cash deposit,1430.25,CAD
CA00043708,2025-05-04,BR040,TLR-1721,C501517,cash withdrawal,864.51,CAD
CA00044276,2025-05-11,BR040,TLR-6914,C500794,cash deposit,1119.07,CAD
CA00036033,2025-05-13,BR003,TLR-5397,C503491,cash deposit,961.76,CAD
CA00036453,2025-05-16,BR004,TLR-7685,C500525,cash deposit,824.22,CAD
CA00042307,2025-05-20,BR035,TLR-3073,C502146,cash withdrawal,696.27,CAD
CA00043458,2025-05-15,BR040,TLR-3188,C502347,cash deposit,1444.46,CAD
CA00036017,2025-05-07,BR003,TLR-3363,C500859,cash deposit,572.08,CAD
CA00038390,2025-05-10,BR015,TLR-2151,C500815,cash deposit,1277.99,CAD
CA00035868,2025-05-07,BR002,TLR-4423,C501327,cash withdrawal,-3737.28,CAD
CA00036843,2025-05-13,BR007,TLR-4879,C500268,cash deposit,1764.76,CAD
CA00036037,2025-05-02,BR003,TLR-7939,C502207,cash withdrawal,612.08,CAD
CA00042167,2025-05-08,BR034,TLR-9229,C502928,cash deposit,651.95,CAD
CA00044082,2025-05-06,BR040,TLR-6048,C500702,cash deposit,1716.38,CAD
CA00043949,2025-05-19,BR040,TLR-5794,C500881,cash withdrawal,1137.31,CAD
CA00039532,2025-05-07,BR020,TLR-3658,C502449,cash deposit,623.48,USD
CA00036583,2025-05-11,BR006,TLR-1109,C501929,cash deposit,1753.89,CAD
CA00040449,2025-05-05,BR025,TLR-5509,C503693,cash withdrawal,-1208.47,CAD
CA00042757,2025-05-16,BR037,TLR-6802,C503341,cash withdrawal,1536.56,CAD
CA00038024,2025-05-20,BR014,TLR-2558,C501057,cash withdrawal,704.33,CAD
CA00040420,2025-05-12,BR025,TLR-5223,C500007,cash withdrawal,-472.23,CAD
CA00035905,2025-05-16,BR002,TLR-9151,C501471,cash withdrawal,-216.76,CAD
CA00039397,2025-05-07,BR019,TLR-9425,C502173,cash withdrawal,2073.39,CAD
CA00035771,2025-05-03,BR002,TLR-1053,C502670,cash withdrawal,-415.28,CAD
CA00037103,2025-05-03,BR008,TLR-6768,C501903,cash withdrawal,264.38,CAD
CA00042411,2025-05-31,BR035,TLR-1971,C502487,cash deposit,1915.66,CAD
CA00040816,2025-05-26,BR027,TLR-4000,C502266,cash deposit,1708.72,CAD
CA00035702,2025-05-19,BR001,TLR-2188,C501204,cash deposit,2690.05,CAD
CA00039002,2025-05-18,BR018,TLR-8374,C501774,cash withdrawal,2076.21,CAD
CA00037616,2025-05-09,BR011,TLR-7204,C500452,cash withdrawal,2075.37,CAD
CA00042745,2025-05-02,BR037,TLR-2926,C503559,cash deposit,995.59,CAD
CA00035633,2025-05-27,BR001,TLR-2772,C503337,cash deposit,996.76,CAD
CA00041368,2025-05-25,BR030,TLR-8396,C500843,cash deposit,1063.03,CAD
CA00040016,2025-05-19,BR024,TLR-5798,C503838,cash withdrawal,1776.22,CAD
CA00040560,2025-05-07,BR026,TLR-3209,C503685,cash deposit,2520.77,CAD
CA00039222,2025-05-09,BR019,TLR-9937,C503276,cash deposit,390.57,CAD
CA00043832,2025-05-29,BR040,TLR-8199,C502475,cash withdrawal,2297.26,CAD
CA00043880,2025-05-03,BR040,TLR-5375,C501755,cash deposit,589.75,CAD
CA00036937,2025-05-12,BR007,TLR-1231,C500772,cash withdrawal,833.02,CAD
CA00037958,2025-05-09,BR013,TLR-6260,C500730,cash deposit,1085.27,CAD
CA00041505,2025-05-06,BR031,TLR-9898,C501265,cash withdrawal,968.65,CAD
CA00042407,2025-05-29,BR035,TLR-2362,C501749,cash withdrawal,1120.5,CAD
CA00037660,2025-05-04,BR011,TLR-3437,C503543,cash withdrawal,579.92,CAD
CA00036926,2025-05-03,BR007,TLR-8580,C500988,cash withdrawal,1645.23,CAD
CA00038357,2025-05-21,BR015,TLR-5425,C503787,cash deposit,1545.05,CAD
CA00042483,2025-05-24,BR036,TLR-2844,C500258,cash withdrawal,1467.43,CAD
CA00040640,2025-05-05,BR026,TLR-5779,C500643,cash deposit,114.06,CAD
CA00044136,2025-05-14,BR040,TLR-8203,C503015,cash withdrawal,315.39,CAD
CA00041300,2025-05-23,BR030,TLR-7117,C501721,cash deposit,543.84,CAD
CA00036732,2025-05-14,BR006,TLR-9641,C503780,cash withdrawal,1030.84,CAD
CA00040720,2025-05-28,BR026,TLR-6986,C502397,cash deposit,2544.73,CAD
CA00037706,2025-05-26,BR012,TLR-8399,C501130,cash withdrawal,1265.48,CAD
CA00042734,2025-05-02,BR037,TLR-6927,C503229,cash deposit,1195.1,CAD
CA00035894,2025-05-11,BR002,TLR-5516,C500337,cash deposit,1034.51,CAD
CA00039431,2025-05-14,BR020,TLR-2405,C501532,cash deposit,960.89,USD
CA00035440,2025-05-25,BR001,TLR-8305,C500966,cash withdrawal,564.2,CAD
CA00035785,2025-05-09,BR002,TLR-8243,C500132,cash deposit,1343.69,CAD
CA00040515,2025-05-09,BR026,TLR-8116,C502431,cash deposit,735.5,CAD
CA00035750,2025-05-06,BR002,TLR-4909,C502019,cash withdrawal,-390.95,CAD
CA00037595,2025-05-01,BR010,TLR-5878,C503292,cash deposit,336.04,CAD
CA00043482,2025-05-14,BR040,TLR-4125,C502226,cash deposit,1691.67,CAD
CA00041466,2025-05-21,BR030,TLR-8713,C502629,cash withdrawal,2102.81,CAD
CA00037253,2025-05-19,BR008,TLR-5035,C500863,cash deposit,560.38,CAD
CA00043130,2025-05-17,BR038,TLR-8398,C500241,cash deposit,1620.62,CAD
CA00040276,2025-05-16,BR025,TLR-5436,C501333,cash deposit,2337.24,CAD
CA00040997,2025-05-04,BR028,TLR-1515,C503963,cash withdrawal,930.57,CAD
CA00040485,2025-05-02,BR026,TLR-4005,C500360,cash withdrawal,-1856.88,CAD
CA00038161,2025-05-27,BR014,TLR-9163,C503071,cash deposit,864.89,CAD
CA00038566,2025-05-04,BR016,TLR-9502,C500307,cash deposit,1506.19,CAD
CA00038157,2025-05-29,BR014,TLR-3946,C502808,cash deposit,1617.69,CAD
CA00040234,2025-05-14,BR024,TLR-6948,C501693,cash withdrawal,999.47,CAD
CA00041182,2025-05-15,BR029,TLR-5338,C502940,cash deposit,421.02,CAD
CA00042114,2025-05-23,BR034,TLR-1577,C501613,cash deposit,1393.99,CAD
CA00035854,2025-05-30,BR002,TLR-8011,C500263,cash deposit,465.57,CAD
CA00042036,2025-05-24,BR033,TLR-5151,C501676,cash deposit,497.13,CAD
CA00043353,2025-05-04,BR039,TLR-4623,C500520,cash withdrawal,1043.72,CAD
CA00043101,2025-05-06,BR038,TLR-2800,C503170,cash deposit,944.61,CAD
CA00036285,2025-05-03,BR004,TLR-6188,C502901,cash withdrawal,1272.46,CAD
CA00041386,2025-05-01,BR030,TLR-6295,C502137,cash deposit,436.45,CAD
CA00037926,2025-05-06,BR013,TLR-2621,C501809,cash withdrawal,426.07,CAD
CA00040620,2025-05-20,BR026,TLR-6933,C503934,cash withdrawal,-804.88,CAD
CA00043551,2025-05-27,BR040,TLR-5606,C502422,cash withdrawal,911.35,CAD
CA00042884,2025-05-17,BR037,TLR-3855,C503078,cash deposit,2008.04,CAD
CA00036973,2025-05-05,BR007,TLR-2392,C500025,cash deposit,2333.75,CAD
CA00043716,2025-05-20,BR040,TLR-4501,C503337,cash deposit,513.61,CAD
CA00036259,2025-05-31,BR004,TLR-9484,C502939,cash withdrawal,585.13,CAD
CA00043760,2025-05-22,BR040,TLR-6194,C500380,cash withdrawal,6839.67,CAD
CA00036574,2025-05-10,BR006,TLR-7075,C502205,cash deposit,219.67,CAD
CA00037010,2025-05-24,BR007,TLR-6470,C501311,cash withdrawal,558.74,CAD
CA00043904,2025-05-01,BR040,TLR-9257,C503017,cash deposit,1171.11,CAD
CA00041035,2025-05-28,BR028,TLR-5436,C500062,cash deposit,1275.03,CAD
CA00041566,2025-05-25,BR031,TLR-9503,C502259,cash deposit,741.86,CAD
CA00036463,2025-05-21,BR004,TLR-6610,C502359,cash deposit,499.88,CAD
CA00040414,2025-05-10,BR025,TLR-4632,C501108,cash deposit,1944.58,CAD
CA00041654,2025-05-21,BR031,TLR-2721,C503814,cash deposit,342.87,CAD
CA00042128,2025-05-24,BR034,TLR-4606,C500390,cash deposit,2259.12,CAD
CA00044109,2025-05-22,BR040,TLR-1439,C503759,cash deposit,1497.32,CAD
CA00035437,2025-05-21,BR001,TLR-8433,C503323,cash deposit,568.23,CAD
CA00042925,2025-05-09,BR037,TLR-9886,C502269,cash withdrawal,608.52,CAD
CA00041294,2025-05-21,BR030,TLR-2976,C500057,cash withdrawal,756.26,CAD
CA00044147,2025-05-24,BR040,TLR-7452,C503979,cash deposit,1411.24,CAD
CA00042599,2025-05-30,BR036,TLR-4784,C503735,cash deposit,1685.81,CAD
CA00038843,2025-05-31,BR017,TLR-3271,C501894,cash deposit,1585.91,CAD
CA00039021,2025-05-31,BR018,TLR-1575,C502936,cash deposit,564.69,CAD
CA00039951,2025-05-05,BR023,TLR-3032,C501612,cash withdrawal,405.31,CAD
CA00037756,2025-05-29,BR012,TLR-4351,C501753,cash withdrawal,1056.8,CAD
CA00036052,2025-05-09,BR003,TLR-4761,C501835,cash withdrawal,995.45,CAD
CA00038130,2025-05-30,BR014,TLR-5448,C503433,cash withdrawal,2720.25,CAD
CA00042714,2025-05-05,BR036,TLR-7344,C501822,cash deposit,574.47,CAD
CA00039403,2025-05-26,BR019,TLR-9131,C501469,cash deposit,2920.29,CAD
CA00036675,2025-05-04,BR006,TLR-9212,C500945,cash withdrawal,449.08,CAD
CA00037036,2025-05-07,BR008,TLR-5894,C502296,cash withdrawal,470.26,CAD
CA00035966,2025-05-02,BR003,TLR-2267,C503648,cash deposit,3660.1,CAD
CA00043991,2025-05-26,BR040,TLR-3282,C501232,cash deposit,738.42,CAD
CA00041408,2025-05-22,BR030,TLR-2180,C500150,cash deposit,622.96,CAD
CA00037598,2025-05-07,BR010,TLR-6012,C500588,cash withdrawal,835.84,CAD
CA00038234,2025-05-09,BR015,TLR-6980,C500609,cash deposit,833.6,CAD
CA00035466,2025-05-02,BR001,TLR-8026,C502711,cash withdrawal,349.56,CAD
CA00036190,2025-05-31,BR003,TLR-6173,C501462,cash deposit,752.47,CAD
CA00040517,2025-05-04,BR026,TLR-7448,C503701,cash deposit,785.94,CAD
CA00037369,2025-05-08,BR009,TLR-6764,C501481,cash deposit,1971.87,CAD
CA00038840,2025-05-09,BR017,TLR-7990,C502507,cash withdrawal,431.19,CAD
CA00043400,2025-05-10,BR039,TLR-3104,C502524,cash withdrawal,1303.43,CAD
CA00038530,2025-05-18,BR016,TLR-9297,C502622,cash withdrawal,1451.45,CAD
CA00036020,2025-05-01,BR003,TLR-1886,C501744,cash deposit,382.44,CAD
CA00044148,2025-05-21,BR040,TLR-2204,C502327,cash deposit,439.42,CAD
CA00042355,2025-05-03,BR035,TLR-7967,C502105,cash withdrawal,786.18,CAD
CA00037148,2025-05-12,BR008,TLR-1497,C502689,cash deposit,1238.3,CAD
CA00036615,2025-05-19,BR006,TLR-1400,C501984,cash deposit,899.52,CAD
CA00040292,2025-05-13,BR025,TLR-7070,C503313,cash deposit,1057.12,CAD
CA00043014,2025-05-14,BR038,TLR-6049,C501174,cash withdrawal,791.44,CAD
CA00039770,2025-05-30,BR021,TLR-9299,C500147,cash deposit,4363.71,CAD
CA00039194,2025-05-28,BR019,TLR-2210,C503038,cash deposit,587.39,CAD
CA00036152,2025-05-05,BR003,TLR-4445,C501781,cash deposit,1623.05,CAD
CA00039268,2025-05-31,BR019,TLR-4713,C503132,cash deposit,663.0,CAD
CA00041276,2025-05-23,BR030,TLR-7771,C502249,cash deposit,370.48,CAD
CA00040037,2025-05-14,BR024,TLR-9233,C501279,cash deposit,1016.78,CAD
CA00043613,2025-05-08,BR040,TLR-6408,C503993,cash deposit,654.67,CAD
CA00041715,2025-05-31,BR031,TLR-4375,C501138,cash withdrawal,954.42,CAD
CA00035665,2025-05-23,BR001,TLR-2274,C500703,cash withdrawal,613.15,CAD
CA00039886,2025-05-12,BR023,TLR-9633,C501934,cash withdrawal,919.02,CAD
CA00042368,2025-05-24,BR035,TLR-2459,C500703,cash deposit,2042.6,CAD
CA00040352,2025-05-15,BR025,TLR-5458,C503321,cash withdrawal,-367.86,CAD
CA00038457,2025-05-23,BR015,TLR-4004,C501326,cash deposit,838.14,CAD
CA00037523,2025-05-20,BR010,TLR-2828,C501994,cash withdrawal,780.48,CAD
CA00037568,2025-05-14,BR010,TLR-4846,C500192,cash withdrawal,371.15,CAD
CA00040792,2025-05-07,BR027,TLR-6251,C500331,cash deposit,634.52,CAD
CA00041616,2025-05-26,BR031,TLR-3098,C501163,cash withdrawal,637.25,CAD
CA00038536,2025-05-04,BR016,TLR-6300,C502982,cash deposit,2720.03,CAD
CA00036716,2025-05-17,BR006,TLR-9954,C501459,cash deposit,672.51,CAD
CA00043565,2025-05-01,BR040,TLR-3734,C500428,cash deposit,823.38,CAD
CA00041610,2025-05-08,BR031,TLR-7721,C502234,cash deposit,2958.4,CAD
CA00038330,2025-05-29,BR015,TLR-1582,C501442,cash withdrawal,928.88,CAD
CA00039116,2025-05-30,BR019,TLR-8481,C500858,cash deposit,745.78,CAD
CA00044177,2025-05-24,BR040,TLR-3898,C500474,cash deposit,730.5,CAD
CA00040210,2025-05-13,BR024,TLR-3390,C503368,cash withdrawal,839.65,CAD
CA00040250,2025-05-19,BR024,TLR-8157,C501714,cash deposit,623.59,CAD
CA00040566,2025-05-13,BR026,TLR-6805,C503255,cash deposit,1329.15,CAD
CA00040974,2025-05-18,BR028,TLR-9050,C502189,cash deposit,782.86,CAD
CA00044282,2025-05-06,BR040,TLR-2396,C500733,cash deposit,597.04,CAD
CA00044170,2025-05-18,BR040,TLR-1211,C500988,cash deposit,795.48,CAD
CA00036609,2025-05-26,BR006,TLR-5768,C500972,cash deposit,1497.69,CAD
CA00041525,2025-05-13,BR031,TLR-6390,C502455,cash withdrawal,1051.74,CAD
CA00037102,2025-05-01,BR008,TLR-3101,C502115,cash withdrawal,177.25,CAD
CA00040488,2025-05-12,BR026,TLR-8329,C500775,cash withdrawal,-3336.4,CAD
CA00036934,2025-05-11,BR007,TLR-8646,C503918,cash withdrawal,832.5,CAD
CA00038468,2025-05-19,BR015,TLR-8780,C501773,cash withdrawal,1410.79,CAD
CA00040174,2025-05-16,BR024,TLR-2456,C500559,cash withdrawal,3295.21,CAD
CA00039489,2025-05-10,BR020,TLR-8389,C500370,cash deposit,145.15,USD
CA00038783,2025-05-18,BR017,TLR-5896,C500490,cash deposit,766.33,CAD
CA00042316,2025-05-24,BR035,TLR-1516,C502518,cash withdrawal,271.76,CAD
CA00041059,2025-05-23,BR029,TLR-2217,C501903,cash withdrawal,1008.54,CAD
CA00038465,2025-05-14,BR015,TLR-9605,C500678,cash deposit,1830.36,CAD
CA00041914,2025-05-15,BR033,TLR-6208,C500424,cash deposit,5055.88,CAD
CA00040523,2025-05-05,BR026,TLR-7996,C501314,cash withdrawal,-1268.26,CAD
CA00043813,2025-05-25,BR040,TLR-7486,C500366,cash deposit,969.07,CAD
CA00039251,2025-05-01,BR019,TLR-6408,C503035,cash deposit,221.7,CAD
CA00042728,2025-05-16,BR036,TLR-4535,C503713,cash withdrawal,3119.77,CAD
CA00036032,2025-05-14,BR003,TLR-5107,C501724,cash deposit,1328.9,CAD
CA00043828,2025-05-23,BR040,TLR-5313,C503222,cash withdrawal,1874.61,CAD
CA00036125,2025-05-29,BR003,TLR-6087,C503119,cash deposit,179.85,CAD
CA00043545,2025-05-29,BR040,TLR-4151,C500102,cash withdrawal,1002.5,CAD
CA00038087,2025-05-18,BR014,TLR-1756,C500362,cash withdrawal,7794.09,CAD
CA00041524,2025-05-01,BR031,TLR-9748,C501525,cash deposit,862.5,CAD
CA00038433,2025-05-22,BR015,TLR-2100,C501085,cash deposit,985.39,CAD
CA00036205,2025-05-09,BR004,TLR-1453,C503678,cash withdrawal,1260.94,CAD
CA00041488,2025-05-16,BR030,TLR-1605,C501086,cash deposit,316.93,CAD
CA00036552,2025-05-13,BR006,TLR-6425,C501160,cash deposit,645.67,CAD
CA00043252,2025-05-27,BR039,TLR-8373,C500900,cash deposit,173.17,CAD
CA00043017,2025-05-11,BR038,TLR-3549,C503346,cash withdrawal,1998.6,CAD
CA00036537,2025-05-13,BR005,TLR-3730,C501946,cash withdrawal,367.77,CAD
CA00039394,2025-05-08,BR019,TLR-1479,C501856,cash withdrawal,202.96,CAD
CA00043700,2025-05-18,BR040,TLR-2906,C500033,cash deposit,2569.25,CAD
CA00040015,2025-05-30,BR024,TLR-9468,C500196,cash deposit,750.54,CAD
CA00035965,2025-05-23,BR003,TLR-5770,C503483,cash withdrawal,931.93,CAD
CA00038261,2025-05-09,BR015,TLR-4794,C502880,cash deposit,1722.05,CAD
CA00041296,2025-05-14,BR030,TLR-1437,C500742,cash deposit,369.54,CAD
CA00043997,2025-05-10,BR040,TLR-5911,C500691,cash deposit,1010.41,CAD
CA00036981,2025-05-03,BR007,TLR-7765,C503128,cash withdrawal,347.86,CAD
CA00041033,2025-05-25,BR028,TLR-4719,C502914,cash deposit,966.38,CAD
CA00036283,2025-05-06,BR004,TLR-6252,C500072,cash deposit,1757.46,CAD
CA00038874,2025-05-24,BR017,TLR-8217,C503671,cash deposit,381.13,CAD
CA00039030,2025-05-19,BR018,TLR-6122,C501187,cash withdrawal,2113.35,CAD
CA00044028,2025-05-28,BR040,TLR-1741,C501748,cash deposit,360.76,CAD
CA00039583,2025-05-19,BR020,TLR-3547,C502374,cash deposit,652.52,USD
CA00039587,2025-05-15,BR020,TLR-5083,C500924,cash deposit,423.32,USD
CA00043920,2025-05-12,BR040,TLR-1321,C500299,cash withdrawal,258.09,CAD
CA00040214,2025-05-12,BR024,TLR-2858,C502170,cash withdrawal,806.82,CAD
CA00036586,2025-05-26,BR006,TLR-2524,C501561,cash withdrawal,353.52,CAD
CA00043765,2025-05-19,BR040,TLR-4248,C500880,cash deposit,2361.39,CAD
CA00038891,2025-05-23,BR017,TLR-4210,C501168,cash deposit,1115.83,CAD
CA00036365,2025-05-24,BR004,TLR-1573,C501667,cash deposit,593.19,CAD
CA00042201,2025-05-27,BR035,TLR-7902,C502758,cash deposit,1281.07,CAD
CA00042533,2025-05-04,BR036,TLR-7032,C501725,cash withdrawal,1156.55,CAD
CA00040418,2025-05-27,BR025,TLR-1067,C500141,cash deposit,1112.57,CAD
CA00036807,2025-05-14,BR006,TLR-4586,C500328,cash deposit,843.07,CAD
CA00043506,2025-05-19,BR040,TLR-2163,C501615,cash deposit,791.28,CAD
CA00039207,2025-05-11,BR019,TLR-3209,C503608,cash deposit,1163.26,CAD
CA00036194,2025-05-19,BR004,TLR-5897,C501782,cash deposit,1076.29,CAD
CA00037930,2025-05-08,BR013,TLR-8014,C502494,cash deposit,793.09,CAD
CA00043266,2025-05-26,BR039,TLR-3107,C501122,cash deposit,1878.66,CAD
CA00042786,2025-05-26,BR037,TLR-8069,C502358,cash deposit,2111.48,CAD
CA00036747,2025-05-30,BR006,TLR-9552,C500669,cash deposit,2082.67,CAD
CA00043923,2025-05-30,BR040,TLR-9811,C501817,cash deposit,1811.67,CAD
CA00043380,2025-05-27,BR039,TLR-6092,C503056,cash withdrawal,1417.08,CAD
CA00039128,2025-05-29,BR019,TLR-1092,C501672,cash withdrawal,1172.51,CAD
CA00041763,2025-05-22,BR032,TLR-6462,C501869,cash deposit,3413.13,CAD
CA00039464,2025-05-07,BR020,TLR-6230,C503647,cash withdrawal,2096.73,USD
CA00036671,2025-05-21,BR006,TLR-2579,C503789,cash withdrawal,1106.3,CAD
CA00041574,2025-05-22,BR031,TLR-7793,C503333,cash deposit,256.93,CAD
CA00041692,2025-05-31,BR031,TLR-8760,C501384,cash deposit,1201.31,CAD
CA00040124,2025-05-03,BR024,TLR-5995,C502981,cash withdrawal,2168.5,CAD
CA00042502,2025-05-13,BR036,TLR-1796,C503578,cash deposit,451.86,CAD
CA00038532,2025-05-03,BR016,TLR-9875,C501918,cash withdrawal,1306.56,CAD
CA00044044,2025-05-26,BR040,TLR-1677,C502916,cash withdrawal,2899.14,CAD
CA00043189,2025-05-17,BR038,TLR-7033,C501868,cash withdrawal,3620.01,CAD
CA00037329,2025-05-13,BR009,TLR-3701,C501416,cash deposit,2954.19,CAD
CA00037840,2025-05-25,BR012,TLR-9700,C501044,cash deposit,778.54,CAD
CA00037538,2025-05-01,BR010,TLR-7623,C500185,cash deposit,1565.04,CAD
CA00043122,2025-05-29,BR038,TLR-6566,C500828,cash withdrawal,271.75,CAD
CA00040158,2025-05-31,BR024,TLR-7590,C503312,cash deposit,565.47,CAD
CA00037613,2025-05-14,BR011,TLR-9993,C502199,cash deposit,1519.22,CAD
CA00042619,2025-05-05,BR036,TLR-4381,C501992,cash deposit,1543.32,CAD
CA00042983,2025-05-08,BR037,TLR-9711,C501367,cash deposit,1134.05,CAD
CA00037328,2025-05-10,BR009,TLR-5363,C500341,cash deposit,942.96,CAD
CA00040688,2025-05-22,BR026,TLR-6851,C503723,cash deposit,1300.41,CAD
CA00039752,2025-05-13,BR021,TLR-8702,C500201,cash withdrawal,2162.4,CAD
CA00036329,2025-05-09,BR004,TLR-6539,C500983,cash deposit,629.57,CAD
CA00038206,2025-05-25,BR014,TLR-5442,C500383,cash deposit,2821.36,CAD
CA00036242,2025-05-02,BR004,TLR-2995,C500682,cash deposit,1042.27,CAD
CA00043798,2025-05-20,BR040,TLR-8337,C501800,cash withdrawal,565.58,CAD
CA00043395,2025-05-17,BR039,TLR-5086,C500647,cash deposit,832.23,CAD
CA00038469,2025-05-21,BR015,TLR-1188,C502506,cash withdrawal,906.13,CAD
CA00038416,2025-05-30,BR015,TLR-4764,C503253,cash deposit,507.59,CAD
CA00036707,2025-05-07,BR006,TLR-6205,C502507,cash withdrawal,1351.31,CAD
CA00036705,2025-05-24,BR006,TLR-7501,C502372,cash withdrawal,480.67,CAD
CA00039571,2025-05-20,BR020,TLR-4387,C502262,cash withdrawal,576.46,USD
CA00041369,2025-05-21,BR030,TLR-9045,C500406,cash deposit,368.68,CAD
CA00035900,2025-05-02,BR002,TLR-5796,C503235,cash deposit,318.56,CAD
CA00037295,2025-05-30,BR008,TLR-5008,C501700,cash deposit,1137.37,CAD
CA00040275,2025-05-02,BR025,TLR-4975,C501034,cash deposit,1925.42,CAD
CA00038553,2025-05-29,BR016,TLR-2402,C502040,cash withdrawal,2906.93,CAD
CA00036978,2025-05-11,BR007,TLR-8984,C501241,cash deposit,670.7,CAD
CA00036882,2025-05-17,BR007,TLR-4175,C500251,cash withdrawal,450.32,CAD
CA00036776,2025-05-07,BR006,TLR-4031,C500877,cash deposit,981.52,CAD
CA00035977,2025-05-04,BR003,TLR-6662,C501881,cash deposit,807.8,CAD
CA00042661,2025-05-29,BR036,TLR-2727,C503071,cash deposit,1295.28,CAD
CA00038313,2025-05-24,BR015,TLR-7238,C501573,cash withdrawal,2133.51,CAD
CA00039852,2025-05-11,BR022,TLR-6752,C501833,cash withdrawal,620.2,CAD
CA00042638,2025-05-01,BR036,TLR-6324,C502074,cash deposit,299.24,CAD
CA00042582,2025-05-17,BR036,TLR-4518,C502086,cash deposit,3639.69,CAD
CA00039031,2025-05-14,BR018,TLR-6926,C503867,cash deposit,547.52,CAD
CA00037545,2025-05-21,BR010,TLR-6440,C501961,cash deposit,538.49,CAD
CA00044267,2025-05-30,BR040,TLR-8846,C501394,cash deposit,985.69,CAD
CA00041504,2025-05-31,BR031,TLR-4889,C502292,cash withdrawal,1654.1,CAD
CA00040182,2025-05-25,BR024,TLR-3228,C500600,cash deposit,866.35,CAD
CA00040453,2025-05-17,BR025,TLR-9174,C500288,cash withdrawal,-1634.38,CAD
CA00039965,2025-05-14,BR023,TLR-7227,C502249,cash deposit,1044.95,CAD
CA00042042,2025-05-31,BR034,TLR-4360,C503437,cash withdrawal,915.25,CAD
CA00043156,2025-05-09,BR038,TLR-7729,C500579,cash withdrawal,1517.9,CAD
CA00038801,2025-05-21,BR017,TLR-8464,C503443,cash deposit,1273.31,CAD
CA00039766,2025-05-10,BR021,TLR-2278,C502862,cash deposit,2573.82,CAD
CA00043675,2025-05-08,BR040,TLR-1962,C502207,cash withdrawal,474.97,CAD
CA00037937,2025-05-17,BR013,TLR-4957,C502229,cash deposit,670.96,CAD
CA00035958,2025-05-13,BR002,TLR-2034,C500965,cash deposit,1269.19,CAD
CA00040412,2025-05-30,BR025,TLR-2900,C503168,cash deposit,316.01,CAD
CA00035882,2025-05-14,BR002,TLR-1564,C500936,cash withdrawal,-928.93,CAD
CA00041023,2025-05-10,BR028,TLR-9912,C501246,cash withdrawal,723.05,CAD
CA00042602,2025-05-29,BR036,TLR-7595,C503162,cash deposit,1686.1,CAD
CA00036130,2025-05-09,BR003,TLR-4861,C500327,cash withdrawal,955.24,CAD
CA00037438,2025-05-06,BR010,TLR-2224,C503408,cash deposit,1371.42,CAD
CA00040300,2025-05-11,BR025,TLR-7802,C500148,cash withdrawal,-2107.42,CAD
CA00036621,2025-05-10,BR006,TLR-6821,C501676,cash deposit,1651.85,CAD
CA00035823,2025-05-19,BR002,TLR-5086,C501572,cash withdrawal,-2889.74,CAD
CA00038862,2025-05-21,BR017,TLR-4483,C502796,cash withdrawal,3558.14,CAD
CA00036729,2025-05-27,BR006,TLR-3081,C500357,cash deposit,536.66,CAD
CA00038941,2025-05-20,BR018,TLR-2435,C500552,cash withdrawal,421.62,CAD
CA00043247,2025-05-01,BR039,TLR-7155,C503277,cash deposit,422.01,CAD
CA00041374,2025-05-16,BR030,TLR-7924,C500357,cash deposit,2459.71,CAD
CA00042439,2025-05-14,BR036,TLR-6413,C500937,cash deposit,1228.83,CAD
CA00036084,2025-05-17,BR003,TLR-4454,C501320,cash deposit,259.05,CAD
CA00043689,2025-05-14,BR040,TLR-3353,C503432,cash deposit,1468.49,CAD
CA00036968,2025-05-13,BR007,TLR-1494,C502753,cash withdrawal,1841.61,CAD
CA00040734,2025-05-29,BR027,TLR-8342,C503898,cash withdrawal,1471.14,CAD
CA00039328,2025-05-24,BR019,TLR-2634,C501146,cash withdrawal,466.72,CAD
CA00042993,2025-05-22,BR038,TLR-8880,C501840,cash deposit,382.41,CAD
CA00044124,2025-05-03,BR040,TLR-1894,C502766,cash withdrawal,360.7,CAD
CA00035539,2025-05-11,BR001,TLR-4116,C503763,cash withdrawal,342.56,CAD
CA00041401,2025-05-16,BR030,TLR-3323,C500088,cash deposit,1312.51,CAD
CA00043535,2025-05-11,BR040,TLR-6095,C500491,cash withdrawal,1078.94,CAD
CA00036393,2025-05-07,BR004,TLR-3512,C503737,cash deposit,855.0,CAD
CA00035987,2025-05-05,BR003,TLR-9783,C502104,cash deposit,1056.28,CAD
CA00043457,2025-05-09,BR040,TLR-3889,C502356,cash deposit,494.25,CAD
CA00038078,2025-05-29,BR014,TLR-4787,C503522,cash deposit,417.6,CAD
CA00042622,2025-05-24,BR036,TLR-4377,C500325,cash deposit,2119.38,CAD
CA00044059,2025-05-08,BR040,TLR-6254,C502582,cash deposit,188.32,CAD
CA00043159,2025-05-02,BR038,TLR-8324,C502351,cash deposit,1014.04,CAD
CA00036001,2025-05-24,BR003,TLR-3456,C500417,cash deposit,515.75,CAD
CA00036124,2025-05-30,BR003,TLR-9889,C500709,cash withdrawal,665.43,CAD
CA00040012,2025-05-13,BR024,TLR-9570,C500856,cash deposit,418.56,CAD
CA00036694,2025-05-14,BR006,TLR-7532,C503714,cash deposit,879.8,CAD
CA00042862,2025-05-31,BR037,TLR-6333,C503177,cash withdrawal,1112.44,CAD
CA00043759,2025-05-04,BR040,TLR-7407,C502662,cash deposit,856.41,CAD
CA00043079,2025-05-26,BR038,TLR-1216,C503457,cash withdrawal,485.54,CAD
CA00042782,2025-05-09,BR037,TLR-7587,C501579,cash deposit,428.66,CAD
CA00042729,2025-05-04,BR037,TLR-7990,C500430,cash deposit,592.69,CAD
CA00041678,2025-05-10,BR031,TLR-7772,C502520,cash deposit,1166.96,CAD
CA00037686,2025-05-23,BR012,TLR-1544,C500850,cash deposit,2169.26,CAD
CA00035902,2025-05-21,BR002,TLR-1286,C503009,cash deposit,212.12,CAD
CA00035924,2025-05-18,BR002,TLR-6262,C500588,cash withdrawal,-470.64,CAD
CA00038269,2025-05-10,BR015,TLR-7815,C500251,cash deposit,423.26,CAD
CA00041829,2025-05-24,BR032,TLR-6234,C502591,cash withdrawal,1479.21,CAD
CA00042793,2025-05-10,BR037,TLR-7720,C501082,cash withdrawal,1342.56,CAD
CA00038963,2025-05-18,BR018,TLR-7040,C503590,cash deposit,397.94,CAD
CA00036670,2025-05-31,BR006,TLR-2903,C501340,cash deposit,1251.21,CAD
CA00038251,2025-05-19,BR015,TLR-4541,C502011,cash withdrawal,1799.64,CAD
CA00036921,2025-05-15,BR007,TLR-6109,C501912,cash deposit,684.15,CAD
CA00039851,2025-05-27,BR022,TLR-2023,C500892,cash deposit,4576.59,CAD
CA00035723,2025-05-05,BR001,TLR-1046,C503119,cash withdrawal,1986.61,CAD
CA00044008,2025-05-19,BR040,TLR-3669,C502580,cash withdrawal,786.7,CAD
CA00041548,2025-05-31,BR031,TLR-2417,C500109,cash deposit,478.76,CAD
CA00040034,2025-05-07,BR024,TLR-4314,C503323,cash deposit,894.12,CAD
CA00041115,2025-05-21,BR029,TLR-7769,C503195,cash deposit,5475.62,CAD
CA00039189,2025-05-11,BR019,TLR-1529,C503074,cash deposit,1298.63,CAD
CA00039190,2025-05-20,BR019,TLR-9796,C500408,cash deposit,185.4,CAD
CA00036505,2025-05-17,BR005,TLR-9459,C500673,cash deposit,459.06,CAD
CA00043688,2025-05-08,BR040,TLR-1323,C502607,cash withdrawal,632.53,CAD
CA00043179,2025-05-18,BR038,TLR-6608,C502514,cash withdrawal,656.24,CAD
CA00037287,2025-05-06,BR008,TLR-4017,C500092,cash withdrawal,1459.81,CAD
CA00038876,2025-05-21,BR017,TLR-4632,C503173,cash withdrawal,965.12,CAD
CA00036478,2025-05-23,BR004,TLR-2531,C500630,cash withdrawal,1571.61,CAD
CA00041212,2025-05-13,BR030,TLR-5607,C502997,cash deposit,2686.59,CAD
CA00037082,2025-05-11,BR008,TLR-1176,C501208,cash deposit,423.45,CAD
CA00041455,2025-05-28,BR030,TLR-3776,C500992,cash deposit,1266.28,CAD
CA00035528,2025-05-19,BR001,TLR-6014,C501773,cash withdrawal,1690.95,CAD
CA00040776,2025-05-13,BR027,TLR-8869,C501822,cash deposit,1049.65,CAD
CA00040829,2025-05-16,BR027,TLR-9283,C502132,cash deposit,482.33,CAD
CA00038512,2025-05-14,BR015,TLR-7986,C500498,cash withdrawal,846.7,CAD
CA00038125,2025-05-04,BR014,TLR-4035,C503170,cash deposit,2484.66,CAD
CA00041132,2025-05-31,BR029,TLR-3072,C500048,cash withdrawal,707.48,CAD
CA00043881,2025-05-22,BR040,TLR-3774,C501019,cash withdrawal,3589.73,CAD
CA00044261,2025-05-13,BR040,TLR-6700,C500023,cash deposit,745.64,CAD
CA00040421,2025-05-13,BR025,TLR-1589,C501064,cash withdrawal,-228.12,CAD
CA00043260,2025-05-22,BR039,TLR-4331,C502158,cash withdrawal,594.96,CAD
CA00036737,2025-05-18,BR006,TLR-1775,C500085,cash deposit,3734.73,CAD
CA00040527,2025-05-04,BR026,TLR-2915,C500311,cash deposit,983.32,CAD
CA00040163,2025-05-21,BR024,TLR-4811,C501827,cash deposit,2342.23,CAD
CA00035631,2025-05-08,BR001,TLR-1372,C501918,cash deposit,1088.96,CAD
CA00040625,2025-05-18,BR026,TLR-7017,C500987,cash withdrawal,-943.28,CAD
CA00041389,2025-05-28,BR030,TLR-8044,C500563,cash deposit,813.98,CAD
CA00036470,2025-05-21,BR004,TLR-3816,C503538,cash deposit,1396.71,CAD
CA00037085,2025-05-31,BR008,TLR-7220,C503340,cash withdrawal,1480.95,CAD
CA00040601,2025-05-25,BR026,TLR-6908,C500062,cash deposit,968.17,CAD
CA00035508,2025-05-03,BR001,TLR-8701,C502105,cash withdrawal,2245.53,CAD
CA00040196,2025-05-17,BR024,TLR-6343,C503425,cash deposit,735.23,CAD
CA00042472,2025-05-14,BR036,TLR-7527,C501692,cash withdrawal,1271.75,CAD
CA00043480,2025-05-06,BR040,TLR-3296,C500177,cash withdrawal,1375.68,CAD
CA00041626,2025-05-16,BR031,TLR-3839,C503984,cash deposit,3550.05,CAD
CA00037760,2025-05-15,BR012,TLR-3533,C500115,cash deposit,989.2,CAD
CA00042309,2025-05-20,BR035,TLR-9648,C503761,cash withdrawal,237.14,CAD
CA00037045,2025-05-21,BR008,TLR-2137,C503646,cash withdrawal,344.45,CAD
CA00038132,2025-05-05,BR014,TLR-9925,C502409,cash withdrawal,631.01,CAD
CA00041351,2025-05-22,BR030,TLR-9039,C500539,cash withdrawal,412.6,CAD
CA00035703,2025-05-16,BR001,TLR-5454,C503001,cash deposit,2059.29,CAD
CA00042025,2025-05-19,BR033,TLR-2354,C500788,cash deposit,3224.35,CAD
CA00041587,2025-05-10,BR031,TLR-7886,C501798,cash withdrawal,2131.08,CAD
CA00041855,2025-05-20,BR032,TLR-1467,C503874,cash withdrawal,367.21,CAD
CA00042485,2025-05-04,BR036,TLR-9779,C502815,cash withdrawal,3556.75,CAD
CA00035763,2025-05-14,BR002,TLR-1136,C501838,cash withdrawal,-347.0,CAD
CA00036538,2025-05-04,BR005,TLR-1594,C502906,cash deposit,1037.13,CAD
CA00042695,2025-05-14,BR036,TLR-3084,C501845,cash deposit,417.74,CAD
CA00039363,2025-05-10,BR019,TLR-9252,C501287,cash deposit,1722.6,CAD
CA00040357,2025-05-14,BR025,TLR-7638,C502636,cash deposit,1899.51,CAD
CA00038042,2025-05-30,BR014,TLR-1715,C501407,cash withdrawal,1431.93,CAD
CA00036122,2025-05-09,BR003,TLR-4196,C503249,cash withdrawal,164.13,CAD
CA00039533,2025-05-12,BR020,TLR-8528,C502943,cash withdrawal,403.1,USD
CA00040645,2025-05-29,BR026,TLR-8007,C503424,cash withdrawal,-307.58,CAD
CA00042534,2025-05-10,BR036,TLR-7896,C503912,cash deposit,1182.0,CAD
CA00042511,2025-05-27,BR036,TLR-7410,C500129,cash withdrawal,506.79,CAD
CA00043401,2025-05-13,BR039,TLR-2854,C502697,cash deposit,2372.26,CAD
CA00041624,2025-05-10,BR031,TLR-7222,C500223,cash withdrawal,583.49,CAD
CA00037569,2025-05-16,BR010,TLR-3137,C501207,cash deposit,1197.8,CAD
CA00043228,2025-05-23,BR039,TLR-9446,C501137,cash deposit,2544.42,CAD
CA00043780,2025-05-15,BR040,TLR-9388,C503461,cash deposit,583.48,CAD
CA00039499,2025-05-11,BR020,TLR-9651,C500094,cash deposit,691.34,USD
CA00042509,2025-05-13,BR036,TLR-4402,C502715,cash deposit,496.11,CAD
CA00036096,2025-05-23,BR003,TLR-3597,C501120,cash deposit,2345.31,CAD
CA00037551,2025-05-18,BR010,TLR-1545,C500696,cash withdrawal,705.17,CAD
CA00037659,2025-05-13,BR011,TLR-4262,C502309,cash deposit,2973.26,CAD
CA00038052,2025-05-29,BR014,TLR-8404,C503247,cash deposit,756.38,CAD
CA00042741,2025-05-27,BR037,TLR-4041,C500912,cash withdrawal,508.4,CAD
CA00039929,2025-05-29,BR023,TLR-6841,C501523,cash withdrawal,2728.65,CAD
CA00039329,2025-05-24,BR019,TLR-5027,C503255,cash withdrawal,482.01,CAD
CA00035853,2025-05-28,BR002,TLR-5654,C503307,cash deposit,1169.86,CAD
CA00040112,2025-05-25,BR024,TLR-6053,C500788,cash deposit,1993.61,CAD
CA00036477,2025-05-21,BR004,TLR-1463,C503194,cash deposit,960.39,CAD
CA00035453,2025-05-26,BR001,TLR-6267,C502584,cash withdrawal,404.57,CAD
CA00040461,2025-05-17,BR025,TLR-8457,C501214,cash deposit,278.79,CAD
CA00038239,2025-05-23,BR015,TLR-4963,C503972,cash withdrawal,965.16,CAD
CA00040204,2025-05-16,BR024,TLR-6158,C502371,cash withdrawal,1540.55,CAD
CA00040402,2025-05-07,BR025,TLR-9559,C503956,cash withdrawal,-452.02,CAD
CA00037377,2025-05-09,BR009,TLR-2685,C500430,cash withdrawal,463.67,CAD
CA00040536,2025-05-23,BR026,TLR-2741,C501105,cash withdrawal,-1280.27,CAD
CA00039139,2025-05-13,BR019,TLR-8084,C502746,cash deposit,1775.86,CAD
CA00039022,2025-05-26,BR018,TLR-2024,C503676,cash withdrawal,1836.85,CAD
CA00037096,2025-05-16,BR008,TLR-9480,C503683,cash withdrawal,450.41,CAD
CA00043038,2025-05-13,BR038,TLR-8810,C500786,cash withdrawal,2383.63,CAD
CA00041642,2025-05-14,BR031,TLR-3659,C502194,cash deposit,479.6,CAD
CA00038979,2025-05-28,BR018,TLR-1120,C502695,cash deposit,634.74,CAD
CA00039208,2025-05-18,BR019,TLR-1966,C500637,cash deposit,1606.22,CAD
CA00043719,2025-05-04,BR040,TLR-9950,C503611,cash withdrawal,4591.36,CAD
CA00035707,2025-05-12,BR001,TLR-4915,C501502,cash deposit,430.56,CAD
CA00036877,2025-05-06,BR007,TLR-8111,C503145,cash withdrawal,607.86,CAD
CA00038563,2025-05-07,BR016,TLR-2035,C502250,cash withdrawal,1287.09,CAD
CA00043418,2025-05-28,BR040,TLR-1320,C501324,cash deposit,2592.62,CAD
CA00038614,2025-05-27,BR016,TLR-4270,C502824,cash withdrawal,1111.22,CAD
CA00042598,2025-05-20,BR036,TLR-8264,C501142,cash deposit,1540.57,CAD
CA00043743,2025-05-15,BR040,TLR-1768,C500764,cash withdrawal,963.7,CAD
CA00040927,2025-05-24,BR028,TLR-6839,C500802,cash deposit,838.42,CAD
CA00036366,2025-05-25,BR004,TLR-8844,C500389,cash deposit,1582.42,CAD
CA00035981,2025-05-27,BR003,TLR-2123,C501693,cash deposit,8677.52,CAD
CA00037468,2025-05-01,BR010,TLR-4883,C502524,cash deposit,1140.14,CAD
CA00036111,2025-05-18,BR003,TLR-1398,C502485,cash withdrawal,2469.88,CAD
CA00040078,2025-05-13,BR024,TLR-6863,C503600,cash withdrawal,1369.85,CAD
CA00043444,2025-05-28,BR040,TLR-6558,C500113,cash withdrawal,556.72,CAD
CA00040131,2025-05-18,BR024,TLR-1741,C503909,cash withdrawal,767.95,CAD
CA00038524,2025-05-22,BR016,TLR-6593,C501033,cash deposit,620.52,CAD
CA00036070,2025-05-07,BR003,TLR-7796,C502137,cash deposit,494.79,CAD
CA00043922,2025-05-30,BR040,TLR-7310,C501024,cash deposit,3481.13,CAD
CA00039700,2025-05-03,BR021,TLR-7991,C500360,cash withdrawal,3684.62,CAD
CA00039179,2025-05-06,BR019,TLR-8137,C502302,cash deposit,1657.08,CAD
CA00038648,2025-05-05,BR016,TLR-2778,C503179,cash withdrawal,496.21,CAD
CA00042242,2025-05-05,BR035,TLR-8963,C503503,cash withdrawal,1392.71,CAD
CA00036129,2025-05-18,BR003,TLR-8510,C502298,cash deposit,905.69,CAD
CA00037553,2025-05-24,BR010,TLR-5626,C503906,cash deposit,2263.32,CAD
CA00035507,2025-05-29,BR001,TLR-4643,C501657,cash withdrawal,905.97,CAD
CA00039409,2025-05-31,BR019,TLR-1704,C500312,cash deposit,721.5,CAD
CA00036635,2025-05-21,BR006,TLR-7447,C502648,cash withdrawal,804.61,CAD
CA00040162,2025-05-01,BR024,TLR-9099,C503061,cash deposit,570.0,CAD
CA00036569,2025-05-28,BR006,TLR-5527,C501870,cash deposit,1061.43,CAD
CA00040539,2025-05-11,BR026,TLR-2413,C503915,cash deposit,931.23,CAD
CA00043522,2025-05-11,BR040,TLR-2224,C500557,cash deposit,786.23,CAD
CA00041360,2025-05-31,BR030,TLR-8794,C500420,cash deposit,1211.94,CAD
CA00036087,2025-05-21,BR003,TLR-5859,C501800,cash deposit,2411.47,CAD
CA00043307,2025-05-24,BR039,TLR-6690,C502867,cash withdrawal,850.7,CAD
CA00039310,2025-05-21,BR019,TLR-6179,C501761,cash withdrawal,1161.82,CAD
CA00037664,2025-05-12,BR011,TLR-4758,C501784,cash deposit,542.54,CAD
CA00042341,2025-05-31,BR035,TLR-9558,C503755,cash deposit,3017.95,CAD
CA00038669,2025-05-04,BR016,TLR-8284,C501096,cash deposit,715.12,CAD
CA00038605,2025-05-30,BR016,TLR-8939,C501359,cash deposit,2140.85,CAD
CA00038493,2025-05-11,BR015,TLR-4332,C502219,cash deposit,1362.62,CAD
CA00035647,2025-05-04,BR001,TLR-4881,C502530,cash withdrawal,432.2,CAD
CA00043181,2025-05-07,BR038,TLR-2829,C502386,cash deposit,549.92,CAD
CA00042448,2025-05-17,BR036,TLR-5018,C503398,cash withdrawal,270.04,CAD
CA00044149,2025-05-13,BR040,TLR-8182,C503180,cash deposit,910.3,CAD
CA00035464,2025-05-12,BR001,TLR-7584,C501440,cash deposit,953.9,CAD
CA00041672,2025-05-18,BR031,TLR-3102,C501499,cash deposit,1318.21,CAD
CA00039185,2025-05-04,BR019,TLR-6467,C503893,cash withdrawal,705.25,CAD
CA00036151,2025-05-15,BR003,TLR-5308,C501693,cash deposit,1521.63,CAD
CA00039439,2025-05-06,BR020,TLR-6163,C503129,cash withdrawal,1216.83,USD
CA00038888,2025-05-07,BR017,TLR-8818,C500130,cash deposit,566.17,CAD
CA00040192,2025-05-29,BR024,TLR-6830,C502891,cash deposit,685.18,CAD
CA00042931,2025-05-15,BR037,TLR-5602,C502837,cash deposit,4142.36,CAD
CA00035779,2025-05-07,BR002,TLR-8359,C503786,cash deposit,508.89,CAD
CA00040443,2025-05-31,BR025,TLR-5171,C503636,cash deposit,995.43,CAD
CA00041961,2025-05-29,BR033,TLR-7140,C500667,cash deposit,2353.53,CAD
CA00044110,2025-05-18,BR040,TLR-9075,C503145,cash deposit,1743.44,CAD
CA00039556,2025-05-14,BR020,TLR-2604,C502485,cash deposit,955.47,USD
CA00041034,2025-05-03,BR028,TLR-5772,C502978,cash deposit,1144.3,CAD
CA00040408,2025-05-01,BR025,TLR-8523,C500210,cash withdrawal,-1206.37,CAD
CA00038719,2025-05-26,BR017,TLR-7843,C501886,cash deposit,2074.29,CAD
CA00036726,2025-05-11,BR006,TLR-7052,C503695,cash deposit,1210.69,CAD
CA00043864,2025-05-21,BR040,TLR-4153,C502917,cash withdrawal,1852.2,CAD
CA00043427,2025-05-19,BR040,TLR-4236,C500768,cash deposit,1949.82,CAD
CA00040125,2025-05-20,BR024,TLR-7639,C502749,cash deposit,799.75,CAD
CA00040439,2025-05-09,BR025,TLR-4661,C500010,cash withdrawal,-1165.78,CAD
CA00036428,2025-05-17,BR004,TLR-3095,C501463,cash deposit,1243.73,CAD
CA00043761,2025-05-25,BR040,TLR-6164,C503732,cash deposit,1246.8,CAD
CA00041181,2025-05-29,BR029,TLR-4176,C503966,cash withdrawal,3695.92,CAD
CA00038488,2025-05-22,BR015,TLR-1021,C503783,cash deposit,830.85,CAD
CA00039602,2025-05-24,BR020,TLR-5921,C500656,cash withdrawal,168.96,USD
CA00040509,2025-05-25,BR026,TLR-7543,C501866,cash withdrawal,-633.58,CAD
CA00042246,2025-05-08,BR035,TLR-7633,C500968,cash deposit,517.33,CAD
CA00039210,2025-05-01,BR019,TLR-9227,C500947,cash deposit,573.79,CAD
CA00040471,2025-05-18,BR025,TLR-5832,C503254,cash withdrawal,-1897.66,CAD
CA00042642,2025-05-06,BR036,TLR-4473,C501663,cash withdrawal,548.59,CAD
CA00036255,2025-05-21,BR004,TLR-4409,C501542,cash deposit,452.89,CAD
CA00036169,2025-05-28,BR003,TLR-4935,C500670,cash deposit,1675.5,CAD
CA00039028,2025-05-23,BR018,TLR-5461,C502109,cash withdrawal,1551.49,CAD
CA00043161,2025-05-02,BR038,TLR-6738,C500431,cash deposit,666.56,CAD
CA00039898,2025-05-04,BR023,TLR-8933,C502635,cash deposit,2792.84,CAD
CA00035913,2025-05-16,BR002,TLR-3879,C501393,cash deposit,1556.74,CAD
CA00042917,2025-05-11,BR037,TLR-9256,C502155,cash withdrawal,2483.87,CAD
CA00038341,2025-05-15,BR015,TLR-8999,C502404,cash deposit,2644.38,CAD
CA00041948,2025-05-17,BR033,TLR-9104,C501564,cash deposit,554.24,CAD
CA00041354,2025-05-24,BR030,TLR-3955,C500016,cash withdrawal,2690.56,CAD
CA00037805,2025-05-06,BR012,TLR-7699,C501386,cash deposit,2289.44,CAD
CA00039698,2025-05-27,BR021,TLR-2531,C503961,cash withdrawal,259.9,CAD
CA00036221,2025-05-09,BR004,TLR-1215,C503969,cash withdrawal,1283.53,CAD
CA00043369,2025-05-06,BR039,TLR-2321,C500849,cash deposit,2793.99,CAD
CA00037810,2025-05-07,BR012,TLR-6664,C500466,cash deposit,1242.62,CAD
CA00042375,2025-05-16,BR035,TLR-5248,C502672,cash deposit,586.19,CAD
CA00041157,2025-05-30,BR029,TLR-3676,C503893,cash withdrawal,2145.74,CAD
CA00038225,2025-05-24,BR015,TLR-5613,C503849,cash deposit,846.15,CAD
CA00035546,2025-05-19,BR001,TLR-6928,C502291,cash withdrawal,1228.94,CAD
CA00038016,2025-05-14,BR014,TLR-2456,C503500,cash withdrawal,485.66,CAD
CA00043301,2025-05-04,BR039,TLR-8372,C501450,cash deposit,1715.6,CAD
CA00036302,2025-05-21,BR004,TLR-5803,C500522,cash deposit,806.92,CAD
CA00035811,2025-05-17,BR002,TLR-8133,C502688,cash withdrawal,-1620.2,CAD
CA00041705,2025-05-30,BR031,TLR-1608,C502395,cash withdrawal,846.98,CAD
CA00037566,2025-05-28,BR010,TLR-9947,C503901,cash deposit,402.89,CAD
CA00041636,2025-05-16,BR031,TLR-6627,C503845,cash deposit,1233.73,CAD
CA00043550,2025-05-14,BR040,TLR-1329,C500102,cash deposit,1207.07,CAD
CA00039787,2025-05-03,BR021,TLR-8356,C502557,cash withdrawal,1258.62,CAD
CA00040368,2025-05-18,BR025,TLR-7191,C501102,cash withdrawal,-1034.72,CAD
CA00040930,2025-05-25,BR028,TLR-1491,C501458,cash deposit,574.16,CAD
CA00038508,2025-05-30,BR015,TLR-4226,C502756,cash withdrawal,578.43,CAD
CA00037619,2025-05-01,BR011,TLR-5974,C503001,cash withdrawal,550.32,CAD
CA00037111,2025-05-11,BR008,TLR-4045,C500381,cash withdrawal,1730.18,CAD
CA00044039,2025-05-07,BR040,TLR-5477,C502502,cash deposit,871.76,CAD
CA00036608,2025-05-07,BR006,TLR-7505,C501809,cash deposit,1030.44,CAD
CA00036053,2025-05-25,BR003,TLR-1695,C502094,cash deposit,1371.46,CAD
CA00040980,2025-05-30,BR028,TLR-1738,C503057,cash withdrawal,493.99,CAD
CA00041632,2025-05-06,BR031,TLR-5566,C500752,cash withdrawal,1519.7,CAD
CA00037614,2025-05-25,BR011,TLR-9992,C501355,cash deposit,990.87,CAD
CA00041275,2025-05-21,BR030,TLR-3403,C501080,cash deposit,2950.55,CAD
CA00036691,2025-05-28,BR006,TLR-6031,C503979,cash withdrawal,1586.31,CAD
CA00040334,2025-05-26,BR025,TLR-2969,C500730,cash withdrawal,-618.06,CAD
CA00043808,2025-05-25,BR040,TLR-3718,C502675,cash withdrawal,222.3,CAD
CA00036026,2025-05-02,BR003,TLR-2452,C501791,cash deposit,1306.39,CAD
CA00042144,2025-05-30,BR034,TLR-4679,C503047,cash deposit,1986.07,CAD
CA00036860,2025-05-20,BR007,TLR-5714,C502437,cash withdrawal,656.18,CAD
CA00040872,2025-05-12,BR027,TLR-5415,C502708,cash deposit,934.81,CAD
CA00036628,2025-05-01,BR006,TLR-5681,C502389,cash deposit,1137.92,CAD
CA00042106,2025-05-13,BR034,TLR-8066,C501463,cash deposit,1848.05,CAD
CA00039921,2025-05-23,BR023,TLR-9248,C502601,cash withdrawal,667.82,CAD
CA00043212,2025-05-13,BR039,TLR-1019,C501884,cash deposit,1818.14,CAD
CA00039136,2025-05-07,BR019,TLR-4294,C502182,cash withdrawal,984.84,CAD
CA00039413,2025-05-20,BR019,TLR-9548,C502332,cash withdrawal,1299.7,CAD
CA00036945,2025-05-01,BR007,TLR-6462,C502284,cash withdrawal,1480.16,CAD
CA00039007,2025-05-06,BR018,TLR-5735,C503068,cash deposit,719.36,CAD
CA00037797,2025-05-30,BR012,TLR-4780,C501256,cash deposit,457.31,CAD
CA00036533,2025-05-08,BR005,TLR-1513,C503248,cash withdrawal,915.08,CAD
CA00038905,2025-05-16,BR017,TLR-3436,C502111,cash deposit,1585.91,CAD
CA00042832,2025-05-01,BR037,TLR-8172,C503142,cash withdrawal,1333.05,CAD
CA00036612,2025-05-26,BR006,TLR-6024,C501159,cash deposit,413.41,CAD
CA00040700,2025-05-09,BR026,TLR-3564,C502081,cash deposit,1120.68,CAD
CA00038298,2025-05-14,BR015,TLR-2394,C503205,cash deposit,545.39,CAD
CA00042780,2025-05-29,BR037,TLR-1612,C502108,cash deposit,911.88,CAD
CA00038969,2025-05-21,BR018,TLR-7395,C502787,cash withdrawal,1772.15,CAD
CA00038406,2025-05-05,BR015,TLR-6485,C503268,cash withdrawal,1537.6,CAD
CA00041897,2025-05-16,BR033,TLR-5614,C500647,cash withdrawal,2325.29,CAD
CA00042609,2025-05-24,BR036,TLR-7088,C502468,cash deposit,4684.53,CAD
CA00041519,2025-05-28,BR031,TLR-5710,C500313,cash withdrawal,688.16,CAD
CA00039350,2025-05-11,BR019,TLR-7188,C500236,cash withdrawal,2355.4,CAD
CA00037798,2025-05-13,BR012,TLR-2905,C502420,cash withdrawal,809.38,CAD
CA00036535,2025-05-17,BR005,TLR-7691,C502382,cash deposit,1040.05,CAD
CA00038434,2025-05-09,BR015,TLR-5857,C501998,cash withdrawal,1092.39,CAD
CA00043487,2025-05-09,BR040,TLR-2912,C500107,cash withdrawal,2111.86,CAD
CA00035863,2025-05-09,BR002,TLR-7158,C500263,cash withdrawal,-348.27,CAD
CA00043943,2025-05-23,BR040,TLR-7980,C502738,cash deposit,2384.94,CAD
CA00041326,2025-05-05,BR030,TLR-4904,C500106,cash withdrawal,509.17,CAD
CA00038302,2025-05-23,BR015,TLR-3842,C501630,cash withdrawal,1317.55,CAD
CA00035660,2025-05-03,BR001,TLR-9334,C500302,cash deposit,1753.4,CAD
CA00037893,2025-05-18,BR012,TLR-9524,C500354,cash deposit,1399.91,CAD
CA00043488,2025-05-13,BR040,TLR-3913,C501568,cash withdrawal,1947.69,CAD
CA00043459,2025-05-26,BR040,TLR-7279,C500811,cash deposit,843.11,CAD
CA00037730,2025-05-24,BR012,TLR-2929,C502957,cash deposit,1713.58,CAD
CA00038800,2025-05-11,BR017,TLR-9047,C502535,cash deposit,597.68,CAD
CA00041180,2025-05-12,BR029,TLR-7662,C501001,cash withdrawal,1184.0,CAD
CA00043792,2025-05-24,BR040,TLR-4388,C502112,cash withdrawal,2504.11,CAD
CA00040936,2025-05-13,BR028,TLR-6177,C503022,cash deposit,472.01,CAD
CA00036150,2025-05-04,BR003,TLR-9044,C503460,cash deposit,567.75,CAD
CA00035904,2025-05-24,BR002,TLR-6522,C500709,cash withdrawal,-317.93,CAD
CA00037642,2025-05-15,BR011,TLR-5312,C500310,cash withdrawal,2118.43,CAD
CA00038571,2025-05-15,BR016,TLR-4689,C502265,cash withdrawal,770.35,CAD
CA00040505,2025-05-11,BR026,TLR-2091,C503435,cash deposit,385.81,CAD
CA00041857,2025-05-04,BR032,TLR-3472,C501214,cash withdrawal,1410.39,CAD
CA00036062,2025-05-14,BR003,TLR-2672,C503658,cash deposit,482.12,CAD
CA00036794,2025-05-23,BR006,TLR-2683,C503398,cash deposit,266.35,CAD
CA00039473,2025-05-07,BR020,TLR-9504,C502043,cash deposit,619.87,USD
CA00035479,2025-05-05,BR001,TLR-9114,C503244,cash withdrawal,1104.94,CAD
CA00041840,2025-05-11,BR032,TLR-7751,C502662,cash deposit,1068.32,CAD
CA00037219,2025-05-04,BR008,TLR-6706,C501127,cash deposit,408.66,CAD
CA00035512,2025-05-07,BR001,TLR-4612,C501976,cash deposit,1028.46,CAD
CA00044161,2025-05-18,BR040,TLR-8742,C502378,cash deposit,818.12,CAD
CA00037018,2025-05-25,BR007,TLR-3795,C502760,cash deposit,2367.8,CAD
CA00041666,2025-05-05,BR031,TLR-7068,C501550,cash withdrawal,1308.96,CAD
CA00042076,2025-05-23,BR034,TLR-1734,C503295,cash deposit,736.66,CAD
CA00037238,2025-05-23,BR008,TLR-7344,C501576,cash deposit,536.81,CAD
CA00035584,2025-05-14,BR001,TLR-4550,C500845,cash withdrawal,1935.33,CAD
CA00035739,2025-05-30,BR001,TLR-5409,C501683,cash withdrawal,1035.0,CAD
CA00036254,2025-05-03,BR004,TLR-7943,C503915,cash deposit,1343.09,CAD
CA00041239,2025-05-18,BR030,TLR-4941,C501296,cash withdrawal,527.19,CAD
CA00037195,2025-05-29,BR008,TLR-2072,C503566,cash withdrawal,393.42,CAD
CA00037481,2025-05-03,BR010,TLR-3039,C500609,cash deposit,1002.07,CAD
CA00039579,2025-05-02,BR020,TLR-8386,C500798,cash withdrawal,379.35,USD
CA00038029,2025-05-11,BR014,TLR-8864,C502851,cash withdrawal,455.97,CAD
CA00042940,2025-05-02,BR037,TLR-8830,C501058,cash withdrawal,618.27,CAD
CA00042630,2025-05-02,BR036,TLR-2712,C502495,cash withdrawal,427.07,CAD
CA00043683,2025-05-24,BR040,TLR-4957,C500933,cash withdrawal,816.36,CAD
CA00037400,2025-05-23,BR009,TLR-9645,C500197,cash withdrawal,1979.49,CAD
CA00038358,2025-05-19,BR015,TLR-1908,C503609,cash deposit,2387.69,CAD
CA00039988,2025-05-24,BR023,TLR-1646,C502716,cash deposit,2577.25,CAD
CA00039305,2025-05-02,BR019,TLR-6300,C500475,cash deposit,1088.42,CAD
CA00039354,2025-05-13,BR019,TLR-9131,C503101,cash withdrawal,4872.05,CAD
CA00041001,2025-05-19,BR028,TLR-2875,C502614,cash deposit,2059.31,CAD
CA00038750,2025-05-27,BR017,TLR-4076,C500863,cash deposit,526.83,CAD
CA00036735,2025-05-28,BR006,TLR-8823,C502206,cash deposit,2715.91,CAD
CA00038014,2025-05-30,BR014,TLR-7629,C503301,cash withdrawal,970.09,CAD
CA00037582,2025-05-20,BR010,TLR-3443,C500142,cash withdrawal,927.78,CAD
CA00039072,2025-05-18,BR018,TLR-1895,C503123,cash deposit,956.49,CAD
CA00040988,2025-05-09,BR028,TLR-7171,C503225,cash deposit,970.78,CAD
CA00040129,2025-05-22,BR024,TLR-1393,C501499,cash withdrawal,526.11,CAD
CA00042597,2025-05-18,BR036,TLR-8992,C502713,cash withdrawal,1381.71,CAD
CA00044041,2025-05-25,BR040,TLR-3328,C502931,cash withdrawal,226.8,CAD
CA00039391,2025-05-12,BR019,TLR-2221,C503889,cash deposit,833.89,CAD
CA00039749,2025-05-13,BR021,TLR-8676,C500084,cash deposit,666.83,CAD
CA00040999,2025-05-03,BR028,TLR-8537,C503760,cash withdrawal,2141.26,CAD
CA00038527,2025-05-08,BR016,TLR-5967,C503122,cash withdrawal,824.11,CAD
CA00039201,2025-05-28,BR019,TLR-8125,C503135,cash withdrawal,341.15,CAD
CA00041254,2025-05-14,BR030,TLR-9841,C502825,cash deposit,2375.49,CAD
CA00038190,2025-05-02,BR014,TLR-7435,C502790,cash deposit,428.81,CAD
CA00044235,2025-05-01,BR040,TLR-3955,C500809,cash withdrawal,244.57,CAD
CA00042330,2025-05-22,BR035,TLR-7847,C501070,cash withdrawal,641.26,CAD
CA00041752,2025-05-02,BR032,TLR-1945,C501106,cash deposit,949.48,CAD
CA00041164,2025-05-08,BR029,TLR-8105,C500621,cash withdrawal,706.87,CAD
CA00037421,2025-05-21,BR009,TLR-6650,C500431,cash deposit,659.22,CAD
CA00035926,2025-05-26,BR002,TLR-8120,C502437,cash withdrawal,-1187.76,CAD
CA00036046,2025-05-03,BR003,TLR-3399,C501986,cash deposit,756.52,CAD
CA00038588,2025-05-12,BR016,TLR-5668,C501293,cash deposit,706.6,CAD
CA00042297,2025-05-26,BR035,TLR-8886,C500400,cash deposit,1079.43,CAD
CA00036833,2025-05-14,BR007,TLR-9581,C501261,cash withdrawal,822.73,CAD
CA00036683,2025-05-26,BR006,TLR-6574,C503122,cash deposit,850.45,CAD
CA00041340,2025-05-18,BR030,TLR-3938,C502263,cash withdrawal,1990.56,CAD
CA00036668,2025-05-29,BR006,TLR-2862,C503297,cash deposit,1398.57,CAD
CA00039400,2025-05-15,BR019,TLR-7404,C501837,cash deposit,1087.12,CAD
CA00040280,2025-05-24,BR025,TLR-1657,C500732,cash withdrawal,-694.05,CAD
CA00038791,2025-05-24,BR017,TLR-5789,C501862,cash withdrawal,480.09,CAD
CA00036276,2025-05-06,BR004,TLR-7835,C503467,cash deposit,4680.83,CAD
CA00041554,2025-05-10,BR031,TLR-2886,C501916,cash deposit,1035.51,CAD
CA00042456,2025-05-10,BR036,TLR-4163,C501626,cash withdrawal,817.79,CAD
CA00044001,2025-05-02,BR040,TLR-4236,C501074,cash withdrawal,242.45,CAD
CA00040582,2025-05-18,BR026,TLR-8363,C501516,cash withdrawal,-863.05,CAD
CA00042479,2025-05-21,BR036,TLR-5910,C501522,cash deposit,697.12,CAD
CA00042628,2025-05-15,BR036,TLR-4377,C501742,cash withdrawal,1106.36,CAD
CA00043697,2025-05-12,BR040,TLR-3437,C503044,cash deposit,2849.03,CAD
CA00037322,2025-05-26,BR009,TLR-3583,C500091,cash deposit,1969.34,CAD
CA00040687,2025-05-14,BR026,TLR-2458,C500405,cash deposit,1996.46,CAD
CA00039192,2025-05-17,BR019,TLR-1618,C502334,cash deposit,2774.02,CAD
CA00037186,2025-05-29,BR008,TLR-5610,C503996,cash deposit,682.35,CAD
CA00041973,2025-05-31,BR033,TLR-9592,C503270,cash withdrawal,1034.53,CAD
CA00035595,2025-05-30,BR001,TLR-4749,C501471,cash deposit,399.8,CAD
CA00042234,2025-05-19,BR035,TLR-6866,C501800,cash deposit,1465.37,CAD
CA00039616,2025-05-23,BR020,TLR-1487,C500636,cash deposit,322.33,USD
CA00042759,2025-05-31,BR037,TLR-9719,C502260,cash withdrawal,1713.38,CAD
CA00041070,2025-05-05,BR029,TLR-2503,C500438,cash deposit,2120.35,CAD
CA00042664,2025-05-31,BR036,TLR-8005,C500122,cash deposit,1931.13,CAD
CA00036344,2025-05-03,BR004,TLR-7066,C500650,cash deposit,791.34,CAD
CA00037435,2025-05-11,BR010,TLR-5378,C500605,cash deposit,1520.6,CAD
CA00043897,2025-05-31,BR040,TLR-6282,C503888,cash deposit,2387.65,CAD
CA00044157,2025-05-18,BR040,TLR-1343,C500547,cash deposit,518.98,CAD
CA00042709,2025-05-15,BR036,TLR-7245,C502341,cash withdrawal,386.43,CAD
CA00042549,2025-05-30,BR036,TLR-7637,C500768,cash withdrawal,354.23,CAD
CA00037303,2025-05-10,BR008,TLR-8985,C503239,cash withdrawal,1483.01,CAD
CA00035608,2025-05-02,BR001,TLR-7386,C501885,cash deposit,425.84,CAD
CA00040741,2025-05-30,BR027,TLR-9527,C502486,cash deposit,1775.12,CAD
CA00035622,2025-05-12,BR001,TLR-5273,C501735,cash deposit,838.04,CAD
CA00035699,2025-05-08,BR001,TLR-5722,C501724,cash deposit,1222.3,CAD
CA00043157,2025-05-26,BR038,TLR-8975,C501839,cash deposit,1335.37,CAD
CA00037712,2025-05-05,BR012,TLR-8430,C503844,cash withdrawal,2084.22,CAD
CA00037671,2025-05-08,BR011,TLR-3469,C502573,cash deposit,173.86,CAD
CA00041568,2025-05-15,BR031,TLR-4732,C503929,cash withdrawal,1307.1,CAD
CA00036229,2025-05-06,BR004,TLR-9166,C503911,cash withdrawal,421.5,CAD
CA00041680,2025-05-20,BR031,TLR-2286,C503731,cash deposit,3776.48,CAD
CA00043291,2025-05-07,BR039,TLR-9650,C503295,cash withdrawal,562.9,CAD
CA00038476,2025-05-22,BR015,TLR-9973,C502671,cash withdrawal,990.94,CAD
CA00038385,2025-05-28,BR015,TLR-1675,C503552,cash deposit,3244.33,CAD
CA00038694,2025-05-20,BR017,TLR-5839,C502257,cash withdrawal,2471.07,CAD
CA00039840,2025-05-15,BR022,TLR-3417,C500727,cash deposit,527.11,CAD
CA00036842,2025-05-03,BR007,TLR-6372,C501873,cash withdrawal,1572.42,CAD
CA00040331,2025-05-08,BR025,TLR-1388,C501765,cash deposit,1374.61,CAD
CA00040852,2025-05-08,BR027,TLR-8086,C502325,cash withdrawal,828.35,CAD
CA00035843,2025-05-08,BR002,TLR-9357,C502099,cash withdrawal,-979.83,CAD
CA00043862,2025-05-12,BR040,TLR-6351,C500588,cash withdrawal,2409.8,CAD
CA00037889,2025-05-08,BR012,TLR-5143,C500136,cash withdrawal,3093.76,CAD
CA00041078,2025-05-26,BR029,TLR-7790,C503668,cash deposit,1741.31,CAD
CA00040826,2025-05-31,BR027,TLR-3199,C503239,cash deposit,2905.28,CAD
CA00044212,2025-05-23,BR040,TLR-6832,C502697,cash withdrawal,770.25,CAD
CA00043061,2025-05-31,BR038,TLR-1909,C500038,cash deposit,677.39,CAD
CA00039841,2025-05-20,BR022,TLR-3062,C501134,cash withdrawal,1572.81,CAD
CA00040259,2025-05-10,BR024,TLR-4316,C501265,cash withdrawal,688.53,CAD
CA00037106,2025-05-08,BR008,TLR-8200,C500895,cash withdrawal,1716.49,CAD
CA00043731,2025-05-05,BR040,TLR-9335,C502248,cash withdrawal,3785.42,CAD
CA00041028,2025-05-01,BR028,TLR-3432,C503952,cash deposit,2462.71,CAD
CA00038415,2025-05-20,BR015,TLR-2488,C501314,cash withdrawal,1518.34,CAD
CA00037728,2025-05-28,BR012,TLR-3958,C503046,cash deposit,1804.88,CAD
CA00042823,2025-05-18,BR037,TLR-4272,C503051,cash withdrawal,3854.13,CAD
CA00038832,2025-05-08,BR017,TLR-7043,C503285,cash withdrawal,2129.59,CAD
CA00035921,2025-05-11,BR002,TLR-1104,C502867,cash deposit,500.65,CAD
CA00041533,2025-05-05,BR031,TLR-7294,C501647,cash withdrawal,524.16,CAD
CA00044104,2025-05-10,BR040,TLR-4346,C500717,cash withdrawal,1116.99,CAD
CA00043333,2025-05-06,BR039,TLR-1127,C503237,cash withdrawal,903.72,CAD
CA00042004,2025-05-25,BR033,TLR-6556,C500282,cash withdrawal,335.22,CAD
CA00037817,2025-05-12,BR012,TLR-9447,C503975,cash deposit,386.68,CAD
CA00040724,2025-05-27,BR026,TLR-3651,C502214,cash withdrawal,-4335.22,CAD
CA00042207,2025-05-29,BR035,TLR-6772,C503255,cash deposit,1013.54,CAD
CA00040565,2025-05-23,BR026,TLR-8418,C502209,cash withdrawal,-564.71,CAD
CA00039758,2025-05-25,BR021,TLR-6005,C500549,cash deposit,2453.95,CAD
CA00042718,2025-05-13,BR036,TLR-8255,C501154,cash deposit,1037.2,CAD
CA00042910,2025-05-06,BR037,TLR-5165,C500659,cash withdrawal,3610.05,CAD
CA00038938,2025-05-22,BR017,TLR-3355,C503166,cash deposit,906.4,CAD
CA00041392,2025-05-08,BR030,TLR-6147,C503541,cash withdrawal,1551.06,CAD
CA00041273,2025-05-31,BR030,TLR-7858,C502743,cash deposit,797.02,CAD
CA00035710,2025-05-29,BR001,TLR-5664,C500934,cash withdrawal,1339.99,CAD
CA00044225,2025-05-15,BR040,TLR-3806,C500234,cash deposit,2054.95,CAD
CA00040617,2025-05-01,BR026,TLR-3166,C501972,cash withdrawal,-1457.26,CAD
CA00043456,2025-05-24,BR040,TLR-5339,C500768,cash deposit,976.73,CAD
CA00040309,2025-05-06,BR025,TLR-6954,C502067,cash withdrawal,-1013.1,CAD
CA00041096,2025-05-22,BR029,TLR-2887,C503280,cash deposit,443.48,CAD
CA00041527,2025-05-04,BR031,TLR-5492,C501311,cash withdrawal,599.84,CAD
CA00043316,2025-05-17,BR039,TLR-5672,C502868,cash deposit,434.86,CAD
CA00043176,2025-05-05,BR038,TLR-7468,C502284,cash deposit,489.6,CAD
CA00035922,2025-05-17,BR002,TLR-7956,C503462,cash deposit,1063.94,CAD
CA00044207,2025-05-01,BR040,TLR-1478,C501918,cash deposit,1190.08,CAD
CA00036126,2025-05-25,BR003,TLR-6433,C500337,cash withdrawal,5223.87,CAD
CA00043168,2025-05-05,BR038,TLR-5493,C501342,cash withdrawal,695.19,CAD
CA00042606,2025-05-20,BR036,TLR-4576,C501188,cash deposit,1087.59,CAD
CA00035603,2025-05-17,BR001,TLR-5345,C501922,cash deposit,3311.06,CAD
CA00038670,2025-05-17,BR016,TLR-6188,C501963,cash withdrawal,2886.26,CAD
CA00037796,2025-05-30,BR012,TLR-5312,C502618,cash deposit,2343.45,CAD
CA00043821,2025-05-07,BR040,TLR-6931,C503881,cash withdrawal,950.05,CAD
CA00042681,2025-05-24,BR036,TLR-1073,C502275,cash deposit,2219.83,CAD
CA00044181,2025-05-10,BR040,TLR-7366,C503665,cash deposit,266.69,CAD
CA00041087,2025-05-07,BR029,TLR-9380,C503128,cash withdrawal,971.38,CAD
CA00041240,2025-05-25,BR030,TLR-6889,C502327,cash deposit,4239.92,CAD
CA00039314,2025-05-18,BR019,TLR-6938,C500814,cash deposit,701.94,CAD
CA00040201,2025-05-14,BR024,TLR-7473,C503723,cash deposit,180.52,CAD
CA00035942,2025-05-17,BR002,TLR-1730,C502000,cash withdrawal,-844.81,CAD
CA00038551,2025-05-13,BR016,TLR-7989,C502769,cash deposit,1912.61,CAD
CA00037519,2025-05-07,BR010,TLR-6287,C500189,cash deposit,3342.67,CAD
CA00043134,2025-05-12,BR038,TLR-6786,C503988,cash deposit,762.97,CAD
CA00039529,2025-05-26,BR020,TLR-1202,C501494,cash deposit,333.12,USD
CA00037607,2025-05-24,BR011,TLR-1523,C500765,cash withdrawal,1448.44,CAD
CA00041122,2025-05-28,BR029,TLR-6499,C501062,cash withdrawal,5130.09,CAD
CA00036154,2025-05-30,BR003,TLR-9389,C502807,cash withdrawal,2208.87,CAD
CA00038427,2025-05-21,BR015,TLR-1334,C501370,cash deposit,890.98,CAD
CA00042580,2025-05-08,BR036,TLR-8049,C501457,cash withdrawal,1454.82,CAD
CA00038802,2025-05-08,BR017,TLR-3877,C502159,cash withdrawal,283.48,CAD
CA00039901,2025-05-29,BR023,TLR-3570,C501720,cash withdrawal,642.53,CAD
CA00035596,2025-05-21,BR001,TLR-9565,C502764,cash deposit,1154.01,CAD
CA00039570,2025-05-12,BR020,TLR-2340,C501496,cash withdrawal,338.5,USD
CA00039103,2025-05-21,BR019,TLR-1727,C502561,cash deposit,808.43,CAD
CA00039005,2025-05-02,BR018,TLR-9300,C501322,cash deposit,750.85,CAD
CA00041530,2025-05-19,BR031,TLR-7892,C503889,cash withdrawal,804.95,CAD
CA00041373,2025-05-28,BR030,TLR-2880,C503946,cash withdrawal,610.73,CAD
CA00037993,2025-05-24,BR013,TLR-6023,C503494,cash withdrawal,748.53,CAD
CA00037474,2025-05-19,BR010,TLR-5961,C501814,cash deposit,1500.27,CAD
CA00043095,2025-05-09,BR038,TLR-5116,C501781,cash withdrawal,653.34,CAD
CA00042760,2025-05-30,BR037,TLR-2287,C501788,cash deposit,1305.92,CAD
CA00038436,2025-05-29,BR015,TLR-5481,C503749,cash withdrawal,2144.41,CAD
CA00042637,2025-05-08,BR036,TLR-5032,C502909,cash withdrawal,449.0,CAD
CA00039064,2025-05-25,BR018,TLR-2349,C500953,cash deposit,1829.09,CAD
CA00041256,2025-05-05,BR030,TLR-9005,C502903,cash withdrawal,866.53,CAD
CA00038756,2025-05-06,BR017,TLR-4127,C501277,cash withdrawal,1266.05,CAD
CA00042556,2025-05-30,BR036,TLR-3941,C501195,cash deposit,4160.56,CAD
CA00039155,2025-05-07,BR019,TLR-6508,C503409,cash deposit,550.74,CAD
CA00038400,2025-05-26,BR015,TLR-1022,C502314,cash deposit,663.67,CAD
CA00036991,2025-05-04,BR007,TLR-6784,C501105,cash withdrawal,868.93,CAD
CA00042451,2025-05-27,BR036,TLR-5524,C502451,cash deposit,1181.74,CAD
CA00035663,2025-05-25,BR001,TLR-9269,C503205,cash withdrawal,1406.52,CAD
CA00040062,2025-05-28,BR024,TLR-3318,C500630,cash deposit,1445.02,CAD
CA00037265,2025-05-17,BR008,TLR-3474,C501579,cash deposit,470.88,CAD
CA00041429,2025-05-04,BR030,TLR-1210,C503122,cash withdrawal,1019.43,CAD
CA00040223,2025-05-26,BR024,TLR-1718,C500968,cash deposit,960.62,CAD
CA00041194,2025-05-02,BR029,TLR-7709,C500710,cash deposit,715.63,CAD
CA00036400,2025-05-07,BR004,TLR-2433,C501923,cash withdrawal,893.8,CAD
CA00041319,2025-05-02,BR030,TLR-7395,C502834,cash deposit,3103.15,CAD
CA00043777,2025-05-31,BR040,TLR-6256,C501705,cash withdrawal,240.74,CAD
CA00041167,2025-05-27,BR029,TLR-7869,C503610,cash withdrawal,230.33,CAD
CA00039205,2025-05-04,BR019,TLR-8807,C501826,cash withdrawal,1782.93,CAD
CA00035502,2025-05-25,BR001,TLR-9700,C503732,cash deposit,483.42,CAD
CA00041409,2025-05-16,BR030,TLR-2079,C502067,cash deposit,1285.62,CAD
CA00040660,2025-05-10,BR026,TLR-6506,C500559,cash withdrawal,-1027.01,CAD
CA00042165,2025-05-27,BR034,TLR-5240,C502230,cash withdrawal,592.95,CAD
CA00039955,2025-05-07,BR023,TLR-5489,C501393,cash withdrawal,1969.19,CAD
CA00039006,2025-05-28,BR018,TLR-1483,C503618,cash deposit,850.45,CAD
CA00043420,2025-05-05,BR040,TLR-8132,C501587,cash withdrawal,784.68,CAD
CA00040320,2025-05-26,BR025,TLR-2792,C503674,cash withdrawal,-486.91,CAD
CA00035580,2025-05-16,BR001,TLR-6555,C502656,cash withdrawal,1524.82,CAD
CA00039598,2025-05-15,BR020,TLR-8149,C502656,cash withdrawal,701.73,USD
CA00041985,2025-05-02,BR033,TLR-8840,C503458,cash withdrawal,1956.41,CAD
CA00036664,2025-05-07,BR006,TLR-4955,C500310,cash withdrawal,761.12,CAD
CA00036216,2025-05-30,BR004,TLR-5315,C501557,cash withdrawal,1083.09,CAD
CA00036410,2025-05-26,BR004,TLR-2963,C500314,cash deposit,352.12,CAD
CA00038909,2025-05-15,BR017,TLR-6449,C500337,cash deposit,2631.43,CAD
CA00043135,2025-05-23,BR038,TLR-8653,C500256,cash withdrawal,264.09,CAD
CA00038312,2025-05-26,BR015,TLR-3830,C502781,cash deposit,867.15,CAD
CA00038996,2025-05-18,BR018,TLR-4709,C501049,cash withdrawal,1071.75,CAD
CA00042089,2025-05-24,BR034,TLR-8027,C500075,cash deposit,2102.92,CAD
CA00040916,2025-05-20,BR027,TLR-5096,C501523,cash deposit,9672.5,CAD
CA00036983,2025-05-16,BR007,TLR-5958,C501758,cash withdrawal,838.13,CAD
CA00043085,2025-05-01,BR038,TLR-2415,C503129,cash deposit,455.31,CAD
CA00036614,2025-05-09,BR006,TLR-9843,C500557,cash withdrawal,1132.66,CAD
CA00039231,2025-05-03,BR019,TLR-9468,C502809,cash deposit,1140.47,CAD
CA00037446,2025-05-17,BR010,TLR-3817,C503256,cash withdrawal,681.71,CAD
CA00043861,2025-05-31,BR040,TLR-3732,C501550,cash withdrawal,162.87,CAD
CA00037605,2025-05-09,BR010,TLR-8449,C501853,cash withdrawal,2022.33,CAD
CA00037922,2025-05-19,BR013,TLR-1254,C503177,cash deposit,1342.39,CAD
CA00035774,2025-05-30,BR002,TLR-3654,C500401,cash withdrawal,-192.85,CAD
CA00041650,2025-05-18,BR031,TLR-8130,C503504,cash withdrawal,624.66,CAD
CA00040355,2025-05-18,BR025,TLR-8627,C502080,cash withdrawal,-2049.03,CAD
CA00041539,2025-05-12,BR031,TLR-4674,C501993,cash deposit,452.38,CAD
CA00035997,2025-05-29,BR003,TLR-8526,C501904,cash deposit,1016.25,CAD
CA00036912,2025-05-28,BR007,TLR-9643,C500121,cash withdrawal,2769.27,CAD
CA00037236,2025-05-04,BR008,TLR-4157,C501680,cash withdrawal,402.53,CAD
CA00042615,2025-05-30,BR036,TLR-6632,C501348,cash deposit,341.52,CAD
CA00040883,2025-05-17,BR027,TLR-4283,C503436,cash withdrawal,440.75,CAD
CA00038613,2025-05-13,BR016,TLR-5131,C503789,cash withdrawal,274.9,CAD
CA00036866,2025-05-19,BR007,TLR-6807,C503503,cash withdrawal,1110.51,CAD
CA00041907,2025-05-09,BR033,TLR-1302,C502331,cash deposit,242.47,CAD
CA00037655,2025-05-29,BR011,TLR-5573,C500765,cash deposit,901.97,CAD
CA00041796,2025-05-25,BR032,TLR-1600,C501177,cash withdrawal,5964.83,CAD
CA00036618,2025-05-15,BR006,TLR-3455,C503862,cash deposit,3686.68,CAD
CA00043890,2025-05-21,BR040,TLR-9200,C503250,cash withdrawal,138.61,CAD
CA00039121,2025-05-24,BR019,TLR-9066,C500012,cash deposit,538.13,CAD
CA00039437,2025-05-07,BR020,TLR-3534,C502672,cash deposit,1050.13,USD
CA00038732,2025-05-09,BR017,TLR-2982,C503297,cash deposit,868.77,CAD
CA00043901,2025-05-31,BR040,TLR-4245,C503827,cash withdrawal,2780.07,CAD
CA00039846,2025-05-18,BR022,TLR-4012,C500797,cash deposit,2881.42,CAD
CA00035797,2025-05-02,BR002,TLR-3585,C500185,cash withdrawal,-766.45,CAD
CA00039639,2025-05-05,BR021,TLR-9034,C501067,cash deposit,2034.64,CAD
CA00038175,2025-05-09,BR014,TLR-2830,C500328,cash withdrawal,958.43,CAD
CA00043733,2025-05-18,BR040,TLR-1718,C501289,cash withdrawal,623.39,CAD
CA00040875,2025-05-31,BR027,TLR-7397,C501679,cash deposit,2273.52,CAD
CA00039435,2025-05-04,BR020,TLR-1862,C500030,cash withdrawal,2694.61,USD
CA00044231,2025-05-30,BR040,TLR-4999,C503761,cash deposit,1248.75,CAD
CA00037291,2025-05-22,BR008,TLR-4149,C502831,cash withdrawal,252.54,CAD
CA00043543,2025-05-07,BR040,TLR-9448,C503134,cash withdrawal,1543.55,CAD
CA00036596,2025-05-15,BR006,TLR-3681,C503207,cash deposit,1731.03,CAD
CA00042736,2025-05-15,BR037,TLR-5688,C502016,cash withdrawal,758.55,CAD
CA00040311,2025-05-18,BR025,TLR-4940,C501488,cash deposit,742.49,CAD
CA00041218,2025-05-17,BR030,TLR-4818,C502471,cash withdrawal,800.65,CAD
CA00040498,2025-05-06,BR026,TLR-6131,C501741,cash deposit,836.35,CAD
CA00041903,2025-05-23,BR033,TLR-6168,C502533,cash deposit,213.75,CAD
CA00042859,2025-05-08,BR037,TLR-7118,C503121,cash withdrawal,1078.18,CAD
CA00039566,2025-05-02,BR020,TLR-1744,C503484,cash deposit,920.53,USD
CA00041726,2025-05-29,BR031,TLR-6694,C503104,cash deposit,836.76,CAD
CA00036677,2025-05-17,BR006,TLR-2977,C503559,cash withdrawal,410.5,CAD
CA00039829,2025-05-01,BR022,TLR-1130,C501924,cash deposit,357.65,CAD
CA00035842,2025-05-01,BR002,TLR-6133,C501931,cash withdrawal,-653.48,CAD
CA00041227,2025-05-26,BR030,TLR-2666,C500823,cash deposit,2208.31,CAD
CA00040354,2025-05-28,BR025,TLR-5271,C502084,cash deposit,546.5,CAD
CA00042690,2025-05-26,BR036,TLR-2739,C503086,cash withdrawal,1083.88,CAD
CA00043372,2025-05-07,BR039,TLR-7166,C503703,cash deposit,1044.3,CAD
CA00037782,2025-05-25,BR012,TLR-9708,C503828,cash withdrawal,1965.37,CAD
CA00037229,2025-05-03,BR008,TLR-1691,C503338,cash deposit,1030.3,CAD
CA00043254,2025-05-20,BR039,TLR-9882,C500044,cash withdrawal,537.81,CAD
CA00042359,2025-05-19,BR035,TLR-8280,C502592,cash deposit,873.65,CAD
CA00043580,2025-05-19,BR040,TLR-3442,C501981,cash withdrawal,1970.62,CAD
CA00040394,2025-05-07,BR025,TLR-9062,C502603,cash withdrawal,-1115.11,CAD
CA00040533,2025-05-10,BR026,TLR-2061,C501748,cash withdrawal,-1035.65,CAD
CA00043769,2025-05-31,BR040,TLR-2974,C502122,cash withdrawal,871.57,CAD
CA00035996,2025-05-19,BR003,TLR-2919,C503646,cash withdrawal,1786.77,CAD
CA00035898,2025-05-12,BR002,TLR-5648,C503219,cash deposit,321.78,CAD
CA00038285,2025-05-22,BR015,TLR-9602,C502355,cash withdrawal,363.21,CAD
CA00035755,2025-05-29,BR002,TLR-7987,C503152,cash withdrawal,-355.38,CAD
CA00038149,2025-05-13,BR014,TLR-8418,C503359,cash deposit,636.33,CAD
CA00043630,2025-05-04,BR040,TLR-8919,C502743,cash deposit,1118.94,CAD
CA00036078,2025-05-23,BR003,TLR-5722,C502506,cash withdrawal,1015.86,CAD
CA00038485,2025-05-18,BR015,TLR-2564,C501677,cash deposit,367.25,CAD
CA00042163,2025-05-16,BR034,TLR-4111,C502647,cash deposit,812.34,CAD
CA00042298,2025-05-07,BR035,TLR-7374,C501637,cash withdrawal,569.23,CAD
CA00036826,2025-05-16,BR006,TLR-2185,C503103,cash deposit,1328.75,CAD
CA00036143,2025-05-24,BR003,TLR-9682,C500616,cash withdrawal,1415.53,CAD
CA00043877,2025-05-10,BR040,TLR-4402,C500367,cash deposit,1440.09,CAD
CA00042306,2025-05-22,BR035,TLR-8198,C500465,cash withdrawal,1509.34,CAD
CA00038241,2025-05-01,BR015,TLR-9888,C501336,cash withdrawal,1738.27,CAD
CA00037122,2025-05-29,BR008,TLR-3467,C502332,cash deposit,274.99,CAD
CA00038633,2025-05-14,BR016,TLR-2147,C501261,cash deposit,1050.93,CAD
CA00036970,2025-05-03,BR007,TLR-5849,C502248,cash withdrawal,293.74,CAD
CA00043616,2025-05-02,BR040,TLR-8244,C503952,cash withdrawal,1658.64,CAD
CA00036454,2025-05-16,BR004,TLR-7803,C502656,cash deposit,747.88,CAD
CA00040480,2025-05-24,BR025,TLR-4961,C503797,cash deposit,1240.1,CAD
CA00043016,2025-05-31,BR038,TLR-5832,C501680,cash deposit,239.67,CAD
CA00038986,2025-05-03,BR018,TLR-3677,C500578,cash withdrawal,848.45,CAD
CA00041960,2025-05-13,BR033,TLR-9736,C503065,cash withdrawal,744.24,CAD
CA00041762,2025-05-09,BR032,TLR-3837,C502444,cash deposit,1433.37,CAD
CA00036564,2025-05-08,BR006,TLR-2007,C503554,cash deposit,1152.12,CAD
CA00043801,2025-05-11,BR040,TLR-2513,C501890,cash withdrawal,1158.79,CAD
CA00040981,2025-05-22,BR028,TLR-5976,C502884,cash withdrawal,1613.08,CAD
CA00043263,2025-05-09,BR039,TLR-4533,C503393,cash deposit,1712.85,CAD
CA00036327,2025-05-13,BR004,TLR-7804,C501948,cash withdrawal,325.64,CAD
CA00037319,2025-05-14,BR009,TLR-3732,C503655,cash withdrawal,1922.46,CAD
CA00042188,2025-05-13,BR034,TLR-1659,C501975,cash deposit,2605.98,CAD
CA00036438,2025-05-12,BR004,TLR-7066,C503156,cash deposit,2481.29,CAD
CA00038825,2025-05-25,BR017,TLR-8353,C502295,cash deposit,822.02,CAD
CA00041733,2025-05-24,BR031,TLR-9049,C503553,cash withdrawal,1217.84,CAD
CA00038116,2025-05-27,BR014,TLR-1492,C502297,cash withdrawal,613.46,CAD
CA00044224,2025-05-21,BR040,TLR-4397,C501811,cash withdrawal,1230.45,CAD
CA00040863,2025-05-15,BR027,TLR-8168,C501835,cash deposit,894.23,CAD
CA00037199,2025-05-09,BR008,TLR-9107,C503962,cash withdrawal,1596.01,CAD
CA00040400,2025-05-07,BR025,TLR-1982,C502635,cash withdrawal,-340.64,CAD
CA00037672,2025-05-08,BR011,TLR-9949,C502545,cash deposit,763.94,CAD
CA00042426,2025-05-27,BR035,TLR-5718,C500252,cash deposit,518.41,CAD
CA00037235,2025-05-23,BR008,TLR-1186,C503237,cash withdrawal,1444.53,CAD
CA00041602,2025-05-27,BR031,TLR-9116,C502935,cash deposit,463.29,CAD
CA00037654,2025-05-11,BR011,TLR-1654,C501884,cash withdrawal,1683.59,CAD
CA00043187,2025-05-17,BR038,TLR-8337,C500192,cash deposit,1046.42,CAD
CA00039336,2025-05-05,BR019,TLR-3211,C501157,cash deposit,331.85,CAD
CA00042996,2025-05-29,BR038,TLR-9764,C503232,cash deposit,775.27,CAD
CA00038559,2025-05-31,BR016,TLR-4048,C503780,cash deposit,576.4,CAD
CA00037806,2025-05-23,BR012,TLR-5303,C501398,cash withdrawal,1815.82,CAD
CA00041379,2025-05-11,BR030,TLR-3058,C503301,cash deposit,1179.15,CAD
CA00037816,2025-05-14,BR012,TLR-3920,C501423,cash deposit,1372.35,CAD
CA00042773,2025-05-20,BR037,TLR-2480,C503654,cash withdrawal,781.4,CAD
CA00043782,2025-05-02,BR040,TLR-9280,C503474,cash deposit,1389.26,CAD
CA00036801,2025-05-08,BR006,TLR-1037,C502683,cash withdrawal,1074.36,CAD
CA00037206,2025-05-07,BR008,TLR-5743,C500372,cash deposit,282.16,CAD
CA00037507,2025-05-07,BR010,TLR-1511,C501676,cash withdrawal,623.4,CAD
CA00040036,2025-05-05,BR024,TLR-5412,C501854,cash deposit,578.51,CAD
CA00041981,2025-05-28,BR033,TLR-9354,C503535,cash deposit,713.6,CAD
CA00038202,2025-05-18,BR014,TLR-6846,C502989,cash deposit,329.46,CAD
CA00039970,2025-05-22,BR023,TLR-5726,C502183,cash withdrawal,1600.47,CAD
CA00041316,2025-05-21,BR030,TLR-7668,C502865,cash withdrawal,334.45,CAD
CA00041253,2025-05-21,BR030,TLR-1052,C503869,cash deposit,1866.78,CAD
CA00039462,2025-05-02,BR020,TLR-6730,C502388,cash withdrawal,778.1,USD
CA00038816,2025-05-10,BR017,TLR-2577,C500389,cash withdrawal,1343.11,CAD
CA00038446,2025-05-29,BR015,TLR-8668,C503618,cash deposit,1370.04,CAD
CA00038716,2025-05-18,BR017,TLR-5966,C501590,cash withdrawal,835.8,CAD
CA00038020,2025-05-24,BR014,TLR-8201,C502363,cash withdrawal,752.31,CAD
CA00037814,2025-05-30,BR012,TLR-7764,C501210,cash withdrawal,333.49,CAD
CA00036103,2025-05-15,BR003,TLR-6435,C500050,cash withdrawal,743.62,CAD
CA00039097,2025-05-14,BR019,TLR-4175,C501347,cash deposit,751.47,CAD
CA00043193,2025-05-27,BR038,TLR-9169,C500993,cash deposit,799.61,CAD
CA00043302,2025-05-09,BR039,TLR-5511,C502192,cash deposit,1443.32,CAD
CA00041909,2025-05-14,BR033,TLR-5501,C502796,cash withdrawal,810.14,CAD
CA00036888,2025-05-30,BR007,TLR-4547,C502303,cash deposit,1132.93,CAD
CA00042088,2025-05-26,BR034,TLR-8387,C503693,cash withdrawal,819.08,CAD
CA00044134,2025-05-29,BR040,TLR-7636,C500859,cash deposit,416.13,CAD
CA00037167,2025-05-24,BR008,TLR-9812,C501508,cash deposit,1828.53,CAD
CA00042827,2025-05-24,BR037,TLR-3756,C503440,cash withdrawal,814.21,CAD
CA00038394,2025-05-14,BR015,TLR-7762,C500548,cash deposit,2825.09,CAD
CA00039023,2025-05-15,BR018,TLR-8872,C501479,cash deposit,410.56,CAD
CA00038460,2025-05-06,BR015,TLR-2346,C503237,cash deposit,590.48,CAD
CA00035486,2025-05-20,BR001,TLR-1295,C501219,cash withdrawal,1180.38,CAD
CA00038622,2025-05-04,BR016,TLR-3598,C501381,cash deposit,1524.22,CAD
CA00037188,2025-05-26,BR008,TLR-8576,C500153,cash withdrawal,1218.27,CAD
CA00043606,2025-05-06,BR040,TLR-7808,C503172,cash withdrawal,1496.59,CAD
CA00040638,2025-05-20,BR026,TLR-7894,C500409,cash deposit,1504.2,CAD
CA00037701,2025-05-26,BR012,TLR-1432,C500807,cash deposit,1914.04,CAD
CA00041113,2025-05-22,BR029,TLR-3961,C501792,cash deposit,1698.04,CAD
CA00042974,2025-05-13,BR037,TLR-4052,C500296,cash deposit,676.93,CAD
CA00035634,2025-05-25,BR001,TLR-8337,C500654,cash deposit,2409.12,CAD
CA00036212,2025-05-12,BR004,TLR-9514,C502294,cash deposit,988.74,CAD
CA00037688,2025-05-05,BR012,TLR-8201,C502801,cash deposit,1418.92,CAD
CA00039284,2025-05-06,BR019,TLR-8468,C502378,cash withdrawal,1966.85,CAD
CA00042208,2025-05-25,BR035,TLR-8369,C500477,cash deposit,1248.17,CAD
CA00038089,2025-05-01,BR014,TLR-9776,C501120,cash withdrawal,714.93,CAD
CA00040931,2025-05-28,BR028,TLR-3062,C502771,cash withdrawal,683.76,CAD
CA00039849,2025-05-12,BR022,TLR-5582,C503835,cash deposit,1373.73,CAD
CA00035862,2025-05-08,BR002,TLR-3917,C501957,cash withdrawal,-1801.9,CAD
CA00039407,2025-05-06,BR019,TLR-2078,C502439,cash withdrawal,545.67,CAD
CA00036864,2025-05-21,BR007,TLR-7509,C501498,cash withdrawal,783.67,CAD
CA00036878,2025-05-27,BR007,TLR-2205,C501483,cash withdrawal,580.87,CAD
CA00043394,2025-05-30,BR039,TLR-5148,C503090,cash deposit,717.44,CAD
CA00044223,2025-05-08,BR040,TLR-1224,C503465,cash withdrawal,2546.74,CAD
CA00044173,2025-05-22,BR040,TLR-9702,C501885,cash deposit,817.23,CAD
CA00043314,2025-05-06,BR039,TLR-5060,C500938,cash withdrawal,713.26,CAD
CA00042013,2025-05-30,BR033,TLR-6552,C502652,cash withdrawal,1395.38,CAD
CA00036863,2025-05-13,BR007,TLR-3244,C503223,cash deposit,1101.43,CAD
CA00041812,2025-05-26,BR032,TLR-7185,C501706,cash deposit,848.89,CAD
CA00037870,2025-05-25,BR012,TLR-5578,C503392,cash deposit,551.37,CAD
CA00037434,2025-05-08,BR010,TLR-4860,C502455,cash withdrawal,339.24,CAD
CA00040992,2025-05-28,BR028,TLR-2484,C502873,cash deposit,142.33,CAD
CA00037263,2025-05-04,BR008,TLR-4254,C502728,cash withdrawal,1165.15,CAD
CA00040806,2025-05-10,BR027,TLR-1062,C500629,cash deposit,412.99,CAD
CA00036372,2025-05-11,BR004,TLR-9755,C501064,cash withdrawal,1197.02,CAD
CA00041720,2025-05-23,BR031,TLR-6995,C503896,cash withdrawal,1110.86,CAD
CA00037901,2025-05-06,BR012,TLR-3475,C502760,cash withdrawal,679.84,CAD
CA00038665,2025-05-29,BR016,TLR-7511,C500237,cash deposit,2984.13,CAD
CA00038158,2025-05-06,BR014,TLR-5568,C502243,cash withdrawal,886.52,CAD
CA00041512,2025-05-28,BR031,TLR-7895,C502411,cash deposit,540.73,CAD
CA00042950,2025-05-30,BR037,TLR-4282,C500603,cash withdrawal,473.97,CAD
CA00038283,2025-05-01,BR015,TLR-1506,C503646,cash deposit,781.98,CAD
CA00039858,2025-05-22,BR022,TLR-1888,C503879,cash deposit,866.64,CAD
CA00043517,2025-05-19,BR040,TLR-4740,C502078,cash withdrawal,767.93,CAD
CA00039126,2025-05-30,BR019,TLR-1962,C503148,cash deposit,1617.67,CAD
CA00041742,2025-05-23,BR032,TLR-7649,C500890,cash withdrawal,766.69,CAD
CA00039381,2025-05-01,BR019,TLR-2128,C503936,cash withdrawal,1904.39,CAD
CA00038059,2025-05-08,BR014,TLR-7629,C501852,cash deposit,384.08,CAD
CA00043065,2025-05-03,BR038,TLR-5035,C502153,cash deposit,610.12,CAD
CA00039238,2025-05-26,BR019,TLR-5062,C503692,cash withdrawal,1118.4,CAD
CA00038338,2025-05-19,BR015,TLR-5026,C501874,cash deposit,984.98,CAD
CA00039731,2025-05-22,BR021,TLR-4432,C501024,cash deposit,1643.57,CAD
CA00040348,2025-05-07,BR025,TLR-4443,C501862,cash deposit,1420.25,CAD
CA00041424,2025-05-31,BR030,TLR-6147,C501866,cash deposit,636.22,CAD
CA00039678,2025-05-29,BR021,TLR-5395,C502128,cash deposit,2201.37,CAD
CA00043366,2025-05-12,BR039,TLR-1042,C503074,cash deposit,1430.7,CAD
CA00038134,2025-05-30,BR014,TLR-4786,C500265,cash withdrawal,808.94,CAD
CA00037543,2025-05-10,BR010,TLR-7559,C501793,cash deposit,355.37,CAD
CA00037244,2025-05-26,BR008,TLR-6025,C503590,cash deposit,273.91,CAD
CA00040491,2025-05-14,BR026,TLR-6049,C500486,cash withdrawal,-298.23,CAD
CA00037184,2025-05-21,BR008,TLR-7681,C502147,cash deposit,1300.77,CAD
CA00036305,2025-05-08,BR004,TLR-5094,C501169,cash deposit,2091.61,CAD
CA00041200,2025-05-05,BR029,TLR-2417,C503481,cash deposit,1365.73,CAD
CA00038236,2025-05-09,BR015,TLR-7277,C503201,cash withdrawal,305.24,CAD
CA00039597,2025-05-31,BR020,TLR-3301,C501582,cash withdrawal,1093.23,USD
CA00042040,2025-05-31,BR033,TLR-4996,C500979,cash withdrawal,1030.06,CAD
CA00043473,2025-05-19,BR040,TLR-2339,C500916,cash deposit,1108.62,CAD
CA00038672,2025-05-31,BR016,TLR-5710,C500265,cash withdrawal,337.31,CAD
CA00042366,2025-05-23,BR035,TLR-8304,C502718,cash withdrawal,927.75,CAD
CA00044011,2025-05-26,BR040,TLR-3324,C501455,cash withdrawal,3500.55,CAD
CA00037981,2025-05-13,BR013,TLR-8569,C501001,cash withdrawal,625.54,CAD
CA00042329,2025-05-16,BR035,TLR-9833,C503866,cash deposit,987.91,CAD
CA00043191,2025-05-04,BR038,TLR-7878,C502810,cash deposit,899.46,CAD
CA00038245,2025-05-22,BR015,TLR-9991,C501925,cash withdrawal,1018.37,CAD
CA00039386,2025-05-07,BR019,TLR-5460,C503661,cash deposit,956.83,CAD
CA00041144,2025-05-05,BR029,TLR-5916,C501120,cash deposit,578.16,CAD
CA00043477,2025-05-07,BR040,TLR-1966,C500726,cash withdrawal,1294.5,CAD
CA00041982,2025-05-08,BR033,TLR-4170,C502824,cash withdrawal,841.76,CAD
CA00035684,2025-05-29,BR001,TLR-8496,C501051,cash withdrawal,1612.47,CAD
CA00042553,2025-05-02,BR036,TLR-8805,C500947,cash deposit,1042.76,CAD
CA00040573,2025-05-23,BR026,TLR-6301,C501660,cash withdrawal,-1720.78,CAD
CA00038458,2025-05-27,BR015,TLR-2962,C502812,cash deposit,1768.12,CAD
CA00041792,2025-05-06,BR032,TLR-3749,C501901,cash deposit,965.12,CAD
CA00037745,2025-05-26,BR012,TLR-8521,C500870,cash deposit,897.43,CAD
CA00041920,2025-05-08,BR033,TLR-7012,C502183,cash deposit,1260.34,CAD
CA00037766,2025-05-31,BR012,TLR-5867,C502070,cash deposit,584.07,CAD
CA00040993,2025-05-04,BR028,TLR-1354,C503163,cash withdrawal,4391.83,CAD
CA00042327,2025-05-14,BR035,TLR-8542,C502078,cash deposit,1413.74,CAD
CA00035456,2025-05-14,BR001,TLR-2201,C502966,cash deposit,214.27,CAD
CA00039003,2025-05-24,BR018,TLR-1264,C501253,cash deposit,313.83,CAD
CA00037647,2025-05-31,BR011,TLR-8926,C501397,cash withdrawal,977.16,CAD
CA00037479,2025-05-08,BR010,TLR-3257,C500615,cash withdrawal,1175.44,CAD
CA00043319,2025-05-21,BR039,TLR-3295,C503867,cash deposit,3055.06,CAD
CA00037300,2025-05-27,BR008,TLR-2931,C500028,cash deposit,3115.75,CAD
CA00043977,2025-05-28,BR040,TLR-4638,C502720,cash deposit,1324.16,CAD
CA00035667,2025-05-02,BR001,TLR-3945,C503001,cash deposit,2914.9,CAD
CA00040680,2025-05-28,BR026,TLR-2533,C503106,cash deposit,820.8,CAD
CA00035454,2025-05-14,BR001,TLR-1211,C502977,cash withdrawal,1279.3,CAD
CA00037225,2025-05-25,BR008,TLR-5629,C501413,cash withdrawal,1144.22,CAD
CA00038053,2025-05-16,BR014,TLR-5685,C501239,cash deposit,1174.4,CAD
CA00040584,2025-05-17,BR026,TLR-3054,C503046,cash withdrawal,-1443.62,CAD
CA00041214,2025-05-13,BR030,TLR-7227,C500740,cash deposit,1401.96,CAD
CA00043995,2025-05-26,BR040,TLR-8976,C501951,cash deposit,385.38,CAD
CA00038572,2025-05-11,BR016,TLR-7115,C503126,cash withdrawal,1181.26,CAD
CA00035850,2025-05-11,BR002,TLR-7251,C501296,cash withdrawal,-1578.5,CAD
CA00043754,2025-05-21,BR040,TLR-8696,C501386,cash withdrawal,3496.9,CAD
CA00036159,2025-05-13,BR003,TLR-7346,C502694,cash withdrawal,1808.92,CAD
CA00038323,2025-05-19,BR015,TLR-2418,C503629,cash withdrawal,1164.59,CAD
CA00042624,2025-05-20,BR036,TLR-7315,C501809,cash withdrawal,495.23,CAD
CA00042514,2025-05-29,BR036,TLR-5955,C502889,cash withdrawal,1970.86,CAD
CA00043816,2025-05-09,BR040,TLR-4121,C500493,cash deposit,615.45,CAD
CA00036219,2025-05-12,BR004,TLR-1764,C501532,cash withdrawal,372.89,CAD
CA00040116,2025-05-28,BR024,TLR-8558,C503952,cash withdrawal,995.73,CAD
CA00039466,2025-05-27,BR020,TLR-6744,C501078,cash withdrawal,755.64,USD
CA00039809,2025-05-04,BR021,TLR-9571,C502658,cash withdrawal,343.9,CAD
CA00039067,2025-05-04,BR018,TLR-1587,C500172,cash deposit,1230.99,CAD
CA00035562,2025-05-20,BR001,TLR-2984,C500028,cash deposit,1362.37,CAD
CA00041873,2025-05-11,BR032,TLR-4673,C503891,cash withdrawal,1854.5,CAD
CA00035918,2025-05-01,BR002,TLR-3216,C500376,cash withdrawal,-542.78,CAD
CA00040410,2025-05-10,BR025,TLR-6725,C500571,cash deposit,649.92,CAD
CA00041775,2025-05-04,BR032,TLR-6747,C500671,cash withdrawal,1760.39,CAD
CA00035940,2025-05-23,BR002,TLR-3072,C501050,cash deposit,2072.95,CAD
CA00035772,2025-05-29,BR002,TLR-8428,C502365,cash withdrawal,-765.67,CAD
CA00037392,2025-05-09,BR009,TLR-5393,C503723,cash deposit,4460.1,CAD
CA00044232,2025-05-15,BR040,TLR-8964,C500460,cash withdrawal,889.2,CAD
CA00043649,2025-05-10,BR040,TLR-5382,C500726,cash deposit,444.34,CAD
CA00043804,2025-05-09,BR040,TLR-3078,C501768,cash withdrawal,446.87,CAD
CA00044129,2025-05-11,BR040,TLR-5262,C503233,cash deposit,3284.86,CAD
CA00041172,2025-05-20,BR029,TLR-9262,C501389,cash deposit,921.92,CAD
CA00042933,2025-05-02,BR037,TLR-7525,C501918,cash deposit,3438.29,CAD
CA00038340,2025-05-17,BR015,TLR-5120,C500659,cash withdrawal,1248.75,CAD
CA00040684,2025-05-04,BR026,TLR-8097,C501800,cash withdrawal,-833.92,CAD
CA00036240,2025-05-30,BR004,TLR-6334,C500025,cash withdrawal,621.34,CAD
CA00036929,2025-05-14,BR007,TLR-4366,C501743,cash withdrawal,1219.33,CAD
CA00036210,2025-05-11,BR004,TLR-2499,C503332,cash withdrawal,1303.65,CAD
CA00042400,2025-05-24,BR035,TLR-7672,C503940,cash deposit,959.03,CAD
CA00044007,2025-05-12,BR040,TLR-4814,C502710,cash withdrawal,351.23,CAD
CA00042783,2025-05-17,BR037,TLR-4619,C502020,cash deposit,2203.06,CAD
CA00040743,2025-05-29,BR027,TLR-1615,C500046,cash deposit,398.96,CAD
CA00042882,2025-05-25,BR037,TLR-8986,C500104,cash withdrawal,1608.4,CAD
CA00036514,2025-05-24,BR005,TLR-3675,C501185,cash deposit,1061.09,CAD
CA00037839,2025-05-21,BR012,TLR-5335,C503712,cash withdrawal,1171.3,CAD
CA00040374,2025-05-05,BR025,TLR-1528,C502758,cash withdrawal,-1217.76,CAD
CA00041821,2025-05-02,BR032,TLR-7630,C502291,cash deposit,446.0,CAD
CA00044250,2025-05-31,BR040,TLR-5179,C503360,cash deposit,453.14,CAD
CA00035726,2025-05-15,BR001,TLR-1695,C500245,cash deposit,2752.98,CAD
CA00042011,2025-05-10,BR033,TLR-9011,C503050,cash withdrawal,533.79,CAD
CA00038664,2025-05-12,BR016,TLR-1340,C503058,cash deposit,3297.03,CAD
CA00035746,2025-05-17,BR001,TLR-1195,C501590,cash withdrawal,404.3,CAD
CA00042653,2025-05-11,BR036,TLR-9796,C503840,cash deposit,1347.11,CAD
CA00037061,2025-05-11,BR008,TLR-5238,C503090,cash withdrawal,726.5,CAD
CA00043342,2025-05-19,BR039,TLR-3090,C502059,cash withdrawal,753.68,CAD
CA00042308,2025-05-11,BR035,TLR-5659,C501585,cash withdrawal,929.43,CAD
CA00035740,2025-05-19,BR001,TLR-1441,C503492,cash withdrawal,456.48,CAD
CA00038897,2025-05-14,BR017,TLR-9559,C501153,cash deposit,579.99,CAD
CA00042007,2025-05-15,BR033,TLR-8962,C503049,cash deposit,1565.68,CAD
CA00040540,2025-05-10,BR026,TLR-7755,C503667,cash withdrawal,-1008.44,CAD
CA00041249,2025-05-01,BR030,TLR-6323,C500738,cash withdrawal,2224.83,CAD
CA00042190,2025-05-12,BR034,TLR-8738,C502941,cash withdrawal,750.6,CAD
CA00041614,2025-05-11,BR031,TLR-1012,C501158,cash deposit,1336.06,CAD
CA00039507,2025-05-18,BR020,TLR-7192,C502306,cash deposit,5263.58,USD
CA00041544,2025-05-22,BR031,TLR-3442,C501765,cash withdrawal,2163.14,CAD
CA00035974,2025-05-18,BR003,TLR-5490,C503852,cash deposit,2655.57,CAD
CA00042521,2025-05-13,BR036,TLR-5724,C501728,cash deposit,2239.49,CAD
CA00036875,2025-05-26,BR007,TLR-7540,C503375,cash deposit,1956.37,CAD
CA00041313,2025-05-20,BR030,TLR-5206,C503976,cash withdrawal,713.66,CAD
CA00037623,2025-05-29,BR011,TLR-4522,C500880,cash withdrawal,1714.21,CAD
CA00038728,2025-05-19,BR017,TLR-1570,C500158,cash deposit,521.72,CAD
CA00041410,2025-05-05,BR030,TLR-1318,C502978,cash withdrawal,472.97,CAD
CA00038691,2025-05-28,BR016,TLR-4025,C502913,cash withdrawal,1302.98,CAD
CA00042198,2025-05-28,BR035,TLR-7524,C503334,cash deposit,877.56,CAD
CA00038047,2025-05-05,BR014,TLR-2952,C502764,cash withdrawal,925.23,CAD
CA00036625,2025-05-19,BR006,TLR-6758,C502664,cash withdrawal,614.06,CAD
CA00039221,2025-05-22,BR019,TLR-6055,C502487,cash deposit,1752.14,CAD
CA00037476,2025-05-02,BR010,TLR-7216,C500201,cash deposit,298.52,CAD
CA00041047,2025-05-10,BR028,TLR-7977,C500790,cash deposit,818.42,CAD
CA00038990,2025-05-14,BR018,TLR-1488,C502746,cash deposit,2410.54,CAD
CA00036630,2025-05-10,BR006,TLR-5807,C501633,cash deposit,682.55,CAD
CA00035597,2025-05-04,BR001,TLR-7940,C503771,cash deposit,937.08,CAD
CA00042147,2025-05-24,BR034,TLR-4903,C502934,cash withdrawal,1450.24,CAD
CA00036780,2025-05-09,BR006,TLR-2265,C502256,cash deposit,616.12,CAD
CA00043982,2025-05-28,BR040,TLR-8251,C500013,cash deposit,1443.86,CAD
CA00038760,2025-05-12,BR017,TLR-3059,C502783,cash deposit,785.54,CAD
CA00039040,2025-05-10,BR018,TLR-1558,C502042,cash deposit,561.23,CAD
CA00037717,2025-05-19,BR012,TLR-3651,C503954,cash withdrawal,992.09,CAD
CA00040200,2025-05-26,BR024,TLR-1108,C501884,cash deposit,1176.28,CAD
CA00035488,2025-05-04,BR001,TLR-5052,C502641,cash withdrawal,2478.67,CAD
CA00039209,2025-05-24,BR019,TLR-7463,C503855,cash deposit,660.26,CAD
CA00038649,2025-05-07,BR016,TLR-9530,C503931,cash deposit,581.3,CAD
CA00040558,2025-05-11,BR026,TLR-9083,C501834,cash deposit,648.2,CAD
CA00040580,2025-05-13,BR026,TLR-6919,C503707,cash deposit,832.7,CAD
CA00042021,2025-05-23,BR033,TLR-1268,C503666,cash deposit,1307.0,CAD
CA00041877,2025-05-02,BR032,TLR-5145,C503035,cash deposit,2566.61,CAD
CA00043273,2025-05-17,BR039,TLR-6555,C502761,cash deposit,369.43,CAD
CA00044264,2025-05-30,BR040,TLR-9137,C501647,cash withdrawal,985.26,CAD
CA00040740,2025-05-08,BR027,TLR-8873,C500105,cash withdrawal,1982.35,CAD
CA00039759,2025-05-16,BR021,TLR-3643,C500686,cash withdrawal,293.74,CAD
CA00036140,2025-05-15,BR003,TLR-3472,C503305,cash withdrawal,999.85,CAD
CA00041129,2025-05-10,BR029,TLR-7822,C503445,cash withdrawal,768.73,CAD
CA00040513,2025-05-22,BR026,TLR-1729,C500246,cash deposit,700.99,CAD
CA00044103,2025-05-30,BR040,TLR-4869,C502211,cash deposit,585.02,CAD
CA00038401,2025-05-06,BR015,TLR-3416,C502712,cash withdrawal,1177.09,CAD
CA00036222,2025-05-14,BR004,TLR-5306,C501942,cash deposit,779.6,CAD
CA00043841,2025-05-06,BR040,TLR-8454,C503184,cash deposit,1132.73,CAD
CA00041477,2025-05-25,BR030,TLR-3985,C500648,cash deposit,949.9,CAD
CA00041658,2025-05-22,BR031,TLR-4742,C502424,cash withdrawal,730.28,CAD
CA00039160,2025-05-22,BR019,TLR-4898,C502501,cash deposit,696.83,CAD
CA00037232,2025-05-27,BR008,TLR-9291,C500517,cash withdrawal,930.85,CAD
CA00043676,2025-05-31,BR040,TLR-9613,C500592,cash deposit,550.44,CAD
CA00043539,2025-05-16,BR040,TLR-9822,C503025,cash deposit,687.49,CAD
CA00036011,2025-05-25,BR003,TLR-2788,C501371,cash withdrawal,823.77,CAD
CA00037491,2025-05-26,BR010,TLR-8018,C500921,cash deposit,1757.04,CAD
CA00036942,2025-05-14,BR007,TLR-2821,C501020,cash withdrawal,840.07,CAD
CA00039822,2025-05-07,BR022,TLR-2172,C502112,cash withdrawal,1565.84,CAD
CA00035498,2025-05-22,BR001,TLR-5405,C501040,cash deposit,685.5,CAD
CA00036484,2025-05-05,BR005,TLR-2838,C501244,cash deposit,6566.87,CAD
CA00042924,2025-05-26,BR037,TLR-7274,C502935,cash withdrawal,1088.32,CAD
CA00042856,2025-05-10,BR037,TLR-2874,C500828,cash withdrawal,2306.87,CAD
CA00036745,2025-05-21,BR006,TLR-1940,C500098,cash withdrawal,2502.94,CAD
CA00038966,2025-05-04,BR018,TLR-7629,C501971,cash deposit,694.77,CAD
CA00039273,2025-05-25,BR019,TLR-7678,C500712,cash withdrawal,2008.03,CAD
CA00036884,2025-05-29,BR007,TLR-6393,C500248,cash deposit,676.01,CAD
CA00039334,2025-05-29,BR019,TLR-6405,C501416,cash withdrawal,1405.28,CAD
CA00042756,2025-05-07,BR037,TLR-9620,C501172,cash deposit,611.15,CAD
CA00036883,2025-05-13,BR007,TLR-3358,C500089,cash withdrawal,955.05,CAD
CA00040609,2025-05-26,BR026,TLR-3030,C503615,cash withdrawal,-557.9,CAD
CA00040117,2025-05-04,BR024,TLR-9974,C502033,cash deposit,1946.44,CAD
CA00038748,2025-05-28,BR017,TLR-1653,C500568,cash withdrawal,2417.51,CAD
CA00042930,2025-05-09,BR037,TLR-3545,C503010,cash withdrawal,2808.18,CAD
CA00039225,2025-05-18,BR019,TLR-6182,C503612,cash deposit,552.52,CAD
CA00038244,2025-05-02,BR015,TLR-2540,C503215,cash withdrawal,1269.32,CAD
CA00043379,2025-05-20,BR039,TLR-2797,C502721,cash withdrawal,825.35,CAD
CA00035915,2025-05-15,BR002,TLR-1244,C503090,cash deposit,2138.85,CAD
CA00043153,2025-05-09,BR038,TLR-1419,C503283,cash withdrawal,1045.37,CAD
CA00041375,2025-05-22,BR030,TLR-4902,C500295,cash deposit,1771.34,CAD
CA00038758,2025-05-13,BR017,TLR-4970,C503111,cash withdrawal,559.74,CAD
CA00036536,2025-05-31,BR005,TLR-9258,C503728,cash withdrawal,152.58,CAD
CA00042551,2025-05-20,BR036,TLR-5010,C501606,cash deposit,500.46,CAD
CA00036724,2025-05-03,BR006,TLR-4963,C501218,cash withdrawal,807.13,CAD
CA00041804,2025-05-29,BR032,TLR-5834,C500732,cash deposit,1713.52,CAD
CA00038399,2025-05-21,BR015,TLR-6855,C503083,cash withdrawal,1952.68,CAD
CA00042563,2025-05-15,BR036,TLR-4081,C503108,cash withdrawal,1892.69,CAD
CA00037090,2025-05-12,BR008,TLR-5273,C500464,cash withdrawal,915.05,CAD
CA00040990,2025-05-25,BR028,TLR-6644,C501809,cash withdrawal,1316.43,CAD
CA00039826,2025-05-30,BR022,TLR-4595,C500251,cash deposit,3693.13,CAD
CA00043249,2025-05-09,BR039,TLR-5317,C501592,cash deposit,542.48,CAD
CA00041507,2025-05-23,BR031,TLR-6045,C501802,cash withdrawal,760.16,CAD
CA00043207,2025-05-18,BR039,TLR-3543,C500461,cash deposit,711.71,CAD
CA00039143,2025-05-14,BR019,TLR-9604,C503143,cash deposit,1125.5,CAD
CA00041197,2025-05-02,BR029,TLR-3865,C503708,cash deposit,471.21,CAD
CA00041233,2025-05-25,BR030,TLR-6681,C502523,cash withdrawal,1556.12,CAD
CA00035616,2025-05-17,BR001,TLR-2660,C502765,cash withdrawal,585.4,CAD
CA00040969,2025-05-31,BR028,TLR-9388,C502008,cash withdrawal,268.89,CAD
CA00039200,2025-05-11,BR019,TLR-9091,C502099,cash deposit,1898.24,CAD
CA00037306,2025-05-20,BR008,TLR-7056,C502750,cash withdrawal,1721.16,CAD
CA00042103,2025-05-29,BR034,TLR-6983,C502853,cash deposit,1169.81,CAD
CA00036211,2025-05-20,BR004,TLR-6292,C503005,cash deposit,439.1,CAD
CA00042154,2025-05-16,BR034,TLR-4862,C503849,cash withdrawal,2261.56,CAD
CA00041758,2025-05-09,BR032,TLR-9624,C500895,cash withdrawal,673.65,CAD
CA00036009,2025-05-31,BR003,TLR-3214,C501933,cash withdrawal,713.96,CAD
CA00043619,2025-05-20,BR040,TLR-5637,C503355,cash withdrawal,1497.81,CAD
CA00035410,2025-05-27,BR001,TLR-2689,C503434,cash withdrawal,4051.73,CAD
CA00038598,2025-05-19,BR016,TLR-8737,C500300,cash withdrawal,1803.71,CAD
CA00039607,2025-05-24,BR020,TLR-8427,C502949,cash withdrawal,727.98,USD
CA00037636,2025-05-31,BR011,TLR-6082,C502941,cash withdrawal,2958.25,CAD
CA00037564,2025-05-21,BR010,TLR-2867,C503314,cash withdrawal,1112.85,CAD
CA00039434,2025-05-29,BR020,TLR-5428,C502278,cash deposit,414.59,USD
CA00041896,2025-05-24,BR033,TLR-7935,C501938,cash deposit,960.49,CAD
CA00039807,2025-05-02,BR021,TLR-9091,C500677,cash withdrawal,1111.12,CAD
CA00040775,2025-05-09,BR027,TLR-9004,C500101,cash deposit,1140.36,CAD
CA00042480,2025-05-01,BR036,TLR-3183,C502999,cash withdrawal,399.38,CAD
CA00041169,2025-05-30,BR029,TLR-8283,C501156,cash deposit,2150.24,CAD
CA00039037,2025-05-21,BR018,TLR-6403,C503096,cash deposit,823.67,CAD
CA00041428,2025-05-13,BR030,TLR-5670,C501649,cash deposit,718.9,CAD
CA00043495,2025-05-06,BR040,TLR-7849,C503307,cash withdrawal,2704.95,CAD
CA00037066,2025-05-18,BR008,TLR-8086,C501320,cash withdrawal,482.9,CAD
CA00040512,2025-05-17,BR026,TLR-6862,C502539,cash withdrawal,-1865.33,CAD
CA00043735,2025-05-27,BR040,TLR-5747,C503724,cash deposit,776.19,CAD
CA00040321,2025-05-26,BR025,TLR-9911,C500512,cash withdrawal,-659.5,CAD
CA00041237,2025-05-09,BR030,TLR-2793,C502203,cash withdrawal,1202.44,CAD
CA00038008,2025-05-03,BR014,TLR-7262,C500561,cash withdrawal,1444.68,CAD
CA00040044,2025-05-26,BR024,TLR-9602,C500089,cash deposit,1302.51,CAD
CA00038482,2025-05-24,BR015,TLR-7930,C502352,cash deposit,523.3,CAD
CA00040403,2025-05-28,BR025,TLR-2612,C503378,cash deposit,1328.68,CAD
CA00041662,2025-05-23,BR031,TLR-4498,C501576,cash withdrawal,1897.03,CAD
CA00038545,2025-05-29,BR016,TLR-1731,C503867,cash deposit,1763.84,CAD
CA00038065,2025-05-14,BR014,TLR-9752,C500946,cash deposit,1094.03,CAD
CA00038388,2025-05-20,BR015,TLR-3045,C501478,cash deposit,844.66,CAD
CA00036060,2025-05-26,BR003,TLR-3226,C501828,cash deposit,1397.46,CAD
CA00044167,2025-05-16,BR040,TLR-7067,C501389,cash withdrawal,749.97,CAD
CA00043562,2025-05-08,BR040,TLR-6657,C500027,cash deposit,309.8,CAD
CA00042894,2025-05-29,BR037,TLR-4770,C501311,cash withdrawal,391.81,CAD
CA00043566,2025-05-11,BR040,TLR-4050,C503922,cash deposit,543.17,CAD
CA00038296,2025-05-25,BR015,TLR-7579,C502395,cash deposit,1197.04,CAD
CA00044112,2025-05-25,BR040,TLR-4146,C502929,cash deposit,629.94,CAD
CA00036806,2025-05-17,BR006,TLR-2884,C501798,cash withdrawal,405.91,CAD
CA00040794,2025-05-26,BR027,TLR-7069,C503248,cash deposit,1416.9,CAD
CA00040385,2025-05-12,BR025,TLR-6975,C502958,cash deposit,1032.88,CAD
CA00036723,2025-05-26,BR006,TLR-1209,C501094,cash deposit,1314.05,CAD
CA00040452,2025-05-24,BR025,TLR-5365,C501789,cash deposit,543.47,CAD
CA00036091,2025-05-31,BR003,TLR-7579,C503592,cash withdrawal,226.98,CAD
CA00042287,2025-05-19,BR035,TLR-8914,C500513,cash withdrawal,1607.41,CAD
CA00038038,2025-05-25,BR014,TLR-5055,C501582,cash withdrawal,1273.48,CAD
CA00035717,2025-05-01,BR001,TLR-8095,C503215,cash withdrawal,604.48,CAD
CA00036034,2025-05-13,BR003,TLR-8565,C500898,cash deposit,810.28,CAD
CA00039046,2025-05-03,BR018,TLR-8762,C500552,cash withdrawal,414.92,CAD
CA00041318,2025-05-16,BR030,TLR-7797,C500918,cash deposit,1218.25,CAD
CA00039180,2025-05-17,BR019,TLR-6144,C502409,cash withdrawal,472.02,CAD
CA00041933,2025-05-28,BR033,TLR-2981,C501144,cash deposit,1576.97,CAD
CA00036685,2025-05-13,BR006,TLR-2006,C503040,cash withdrawal,5647.59,CAD
CA00039087,2025-05-21,BR018,TLR-8989,C501160,cash deposit,1645.75,CAD
CA00041865,2025-05-09,BR032,TLR-4636,C502994,cash deposit,564.92,CAD
CA00039452,2025-05-09,BR020,TLR-3534,C501891,cash withdrawal,182.76,USD
CA00041216,2025-05-04,BR030,TLR-9957,C501897,cash withdrawal,331.61,CAD
CA00036289,2025-05-24,BR004,TLR-8283,C500909,cash deposit,419.42,CAD
CA00036682,2025-05-27,BR006,TLR-8058,C503148,cash withdrawal,737.22,CAD
CA00037823,2025-05-22,BR012,TLR-8936,C502769,cash deposit,901.16,CAD
CA00036758,2025-05-27,BR006,TLR-8577,C502796,cash deposit,1532.11,CAD
CA00035438,2025-05-03,BR001,TLR-1586,C503496,cash deposit,1221.55,CAD
CA00039027,2025-05-19,BR018,TLR-6044,C503546,cash withdrawal,1563.61,CAD
CA00041535,2025-05-01,BR031,TLR-4142,C500658,cash withdrawal,1516.09,CAD
CA00040894,2025-05-18,BR027,TLR-3168,C502076,cash withdrawal,1061.9,CAD
CA00039249,2025-05-31,BR019,TLR-9311,C502333,cash deposit,2041.68,CAD
CA00039335,2025-05-01,BR019,TLR-2274,C502568,cash deposit,653.55,CAD
CA00043518,2025-05-19,BR040,TLR-2626,C503327,cash deposit,1419.43,CAD
CA00037601,2025-05-09,BR010,TLR-8146,C502213,cash withdrawal,2295.13,CAD
CA00036314,2025-05-07,BR004,TLR-4179,C500955,cash deposit,1171.4,CAD
CA00035939,2025-05-30,BR002,TLR-5979,C500550,cash withdrawal,-3995.2,CAD
CA00036792,2025-05-19,BR006,TLR-1222,C501373,cash withdrawal,858.77,CAD
CA00043692,2025-05-20,BR040,TLR-7946,C501365,cash withdrawal,1015.19,CAD
CA00043730,2025-05-31,BR040,TLR-6806,C502325,cash withdrawal,1165.93,CAD
CA00041670,2025-05-03,BR031,TLR-9116,C502169,cash deposit,1271.19,CAD
CA00044145,2025-05-18,BR040,TLR-1040,C502219,cash deposit,188.34,CAD
CA00040979,2025-05-11,BR028,TLR-6094,C500093,cash deposit,203.21,CAD
CA00043390,2025-05-14,BR039,TLR-4813,C501674,cash withdrawal,1820.88,CAD
CA00041038,2025-05-14,BR028,TLR-4129,C500816,cash withdrawal,698.18,CAD
CA00037297,2025-05-21,BR008,TLR-9136,C501846,cash withdrawal,381.0,CAD
CA00037923,2025-05-13,BR013,TLR-2536,C503227,cash withdrawal,10371.63,CAD
CA00040299,2025-05-30,BR025,TLR-3229,C501996,cash deposit,1050.64,CAD
CA00042559,2025-05-30,BR036,TLR-7099,C503489,cash deposit,1626.95,CAD
CA00036638,2025-05-20,BR006,TLR-2032,C500438,cash withdrawal,931.32,CAD
CA00040923,2025-05-08,BR028,TLR-4315,C503656,cash deposit,1048.19,CAD
CA00041085,2025-05-10,BR029,TLR-7343,C502442,cash deposit,988.23,CAD
CA00043208,2025-05-12,BR039,TLR-4537,C502391,cash withdrawal,2509.35,CAD
CA00040719,2025-05-22,BR026,TLR-3974,C502728,cash withdrawal,-818.18,CAD
CA00037985,2025-05-05,BR013,TLR-6508,C500469,cash withdrawal,357.76,CAD
CA00037180,2025-05-28,BR008,TLR-4443,C500179,cash deposit,1410.01,CAD
CA00043299,2025-05-05,BR039,TLR-2620,C500670,cash withdrawal,1473.04,CAD
CA00039813,2025-05-29,BR022,TLR-7248,C503950,cash withdrawal,1125.12,CAD
CA00042639,2025-05-26,BR036,TLR-1441,C502912,cash withdrawal,869.76,CAD
CA00042382,2025-05-13,BR035,TLR-5958,C500103,cash withdrawal,702.32,CAD
CA00043703,2025-05-25,BR040,TLR-4348,C503304,cash withdrawal,648.32,CAD
CA00042818,2025-05-30,BR037,TLR-9644,C503551,cash withdrawal,696.58,CAD
CA00036432,2025-05-14,BR004,TLR-2575,C503666,cash withdrawal,5111.58,CAD
CA00041161,2025-05-01,BR029,TLR-9833,C501326,cash withdrawal,1448.87,CAD
CA00041154,2025-05-29,BR029,TLR-1671,C501636,cash deposit,409.61,CAD
CA00036008,2025-05-20,BR003,TLR-7907,C500930,cash deposit,1182.45,CAD
CA00038610,2025-05-10,BR016,TLR-9769,C502914,cash withdrawal,1471.78,CAD
CA00040583,2025-05-27,BR026,TLR-7134,C502829,cash deposit,511.69,CAD
CA00037777,2025-05-19,BR012,TLR-2206,C503031,cash deposit,992.5,CAD
CA00042486,2025-05-04,BR036,TLR-2090,C500373,cash withdrawal,2899.38,CAD
CA00043707,2025-05-26,BR040,TLR-2758,C502113,cash deposit,1395.46,CAD
CA00038589,2025-05-16,BR016,TLR-6129,C502178,cash deposit,737.18,CAD
CA00035943,2025-05-23,BR002,TLR-3077,C500044,cash deposit,2294.09,CAD
CA00037357,2025-05-13,BR009,TLR-6805,C503367,cash deposit,1364.6,CAD
CA00038113,2025-05-04,BR014,TLR-3934,C501903,cash withdrawal,1305.36,CAD
CA00040249,2025-05-23,BR024,TLR-4281,C502454,cash withdrawal,166.81,CAD
CA00042812,2025-05-12,BR037,TLR-6788,C502294,cash withdrawal,579.33,CAD
CA00043541,2025-05-13,BR040,TLR-6999,C502011,cash withdrawal,2136.68,CAD
CA00043164,2025-05-25,BR038,TLR-5568,C500393,cash deposit,2883.03,CAD
CA00042440,2025-05-15,BR036,TLR-7239,C500046,cash deposit,284.93,CAD
CA00042218,2025-05-04,BR035,TLR-8533,C501412,cash deposit,2140.94,CAD
CA00043687,2025-05-18,BR040,TLR-8049,C500276,cash withdrawal,679.32,CAD
CA00036311,2025-05-03,BR004,TLR-7291,C502294,cash deposit,713.7,CAD
CA00041166,2025-05-15,BR029,TLR-5876,C500219,cash deposit,912.6,CAD
CA00041802,2025-05-27,BR032,TLR-7673,C500213,cash withdrawal,1223.38,CAD
CA00040769,2025-05-21,BR027,TLR-8104,C503356,cash withdrawal,3950.9,CAD
CA00038808,2025-05-30,BR017,TLR-8745,C500564,cash deposit,2213.99,CAD
CA00039865,2025-05-05,BR022,TLR-1909,C503958,cash withdrawal,352.31,CAD
CA00040723,2025-05-16,BR026,TLR-7646,C501632,cash deposit,380.25,CAD
CA00042675,2025-05-14,BR036,TLR-4917,C501673,cash deposit,648.51,CAD
CA00037704,2025-05-19,BR012,TLR-1761,C500413,cash withdrawal,2053.73,CAD
CA00041083,2025-05-16,BR029,TLR-2125,C502635,cash deposit,351.9,CAD
CA00038699,2025-05-22,BR017,TLR-1831,C501896,cash deposit,948.09,CAD
CA00038329,2025-05-12,BR015,TLR-7703,C502018,cash withdrawal,355.82,CAD
CA00038420,2025-05-19,BR015,TLR-2657,C502734,cash deposit,171.06,CAD
CA00038526,2025-05-19,BR016,TLR-5450,C500262,cash withdrawal,1554.02,CAD
CA00041220,2025-05-06,BR030,TLR-3217,C501898,cash withdrawal,1057.2,CAD
CA00042660,2025-05-20,BR036,TLR-4799,C503535,cash withdrawal,1031.98,CAD
CA00041052,2025-05-15,BR029,TLR-9399,C503702,cash withdrawal,2026.46,CAD
CA00040487,2025-05-05,BR026,TLR-1549,C502558,cash withdrawal,-915.26,CAD
CA00040020,2025-05-07,BR024,TLR-2916,C503088,cash withdrawal,1307.67,CAD
CA00036075,2025-05-20,BR003,TLR-1198,C501995,cash deposit,1184.66,CAD
CA00037967,2025-05-30,BR013,TLR-9698,C503337,cash deposit,698.59,CAD
CA00037576,2025-05-14,BR010,TLR-3227,C503400,cash withdrawal,2053.26,CAD
CA00040470,2025-05-26,BR025,TLR-5480,C500210,cash deposit,2989.21,CAD
CA00043807,2025-05-16,BR040,TLR-6305,C502336,cash withdrawal,231.95,CAD
CA00044108,2025-05-26,BR040,TLR-6232,C500286,cash deposit,406.13,CAD
CA00043531,2025-05-11,BR040,TLR-1374,C503002,cash deposit,1085.91,CAD
CA00036954,2025-05-04,BR007,TLR-1847,C501800,cash withdrawal,1798.46,CAD
CA00038347,2025-05-25,BR015,TLR-8109,C502009,cash withdrawal,707.24,CAD
CA00041089,2025-05-03,BR029,TLR-1722,C502711,cash deposit,670.96,CAD
CA00037172,2025-05-18,BR008,TLR-7219,C502152,cash deposit,936.56,CAD
CA00041781,2025-05-17,BR032,TLR-4163,C502991,cash deposit,1243.1,CAD
CA00035840,2025-05-04,BR002,TLR-3861,C500834,cash deposit,1256.3,CAD
CA00038858,2025-05-02,BR017,TLR-4181,C503299,cash withdrawal,539.65,CAD
CA00038992,2025-05-13,BR018,TLR-1576,C502061,cash withdrawal,651.53,CAD
CA00037809,2025-05-05,BR012,TLR-3401,C502785,cash deposit,1089.27,CAD
CA00036998,2025-05-30,BR007,TLR-3186,C500040,cash withdrawal,604.37,CAD
CA00043795,2025-05-02,BR040,TLR-7841,C502147,cash deposit,618.71,CAD
CA00037677,2025-05-08,BR012,TLR-7663,C503213,cash deposit,557.21,CAD
CA00040166,2025-05-08,BR024,TLR-4467,C503744,cash withdrawal,1523.9,CAD
CA00036039,2025-05-07,BR003,TLR-8262,C501031,cash withdrawal,1651.7,CAD
CA00036699,2025-05-13,BR006,TLR-1380,C500078,cash withdrawal,339.17,CAD
CA00042305,2025-05-12,BR035,TLR-3976,C500926,cash withdrawal,1193.67,CAD
CA00038397,2025-05-01,BR015,TLR-1638,C501856,cash deposit,1070.4,CAD
CA00040344,2025-05-06,BR025,TLR-7304,C503175,cash withdrawal,-554.68,CAD
CA00044087,2025-05-31,BR040,TLR-8106,C500808,cash deposit,1363.44,CAD
CA00040009,2025-05-16,BR024,TLR-8722,C500680,cash withdrawal,429.72,CAD
CA00043334,2025-05-26,BR039,TLR-3414,C501660,cash withdrawal,614.26,CAD
CA00037783,2025-05-30,BR012,TLR-5636,C503575,cash deposit,847.02,CAD
CA00042474,2025-05-23,BR036,TLR-2054,C501110,cash deposit,714.94,CAD
CA00036752,2025-05-19,BR006,TLR-8894,C503302,cash deposit,2217.31,CAD
CA00036720,2025-05-23,BR006,TLR-5295,C502027,cash withdrawal,774.97,CAD
CA00037942,2025-05-18,BR013,TLR-8921,C502454,cash deposit,831.5,CAD
CA00039668,2025-05-30,BR021,TLR-7591,C503669,cash deposit,2532.52,CAD
CA00036797,2025-05-29,BR006,TLR-7533,C500147,cash deposit,2123.68,CAD
CA00042989,2025-05-04,BR038,TLR-3218,C503005,cash withdrawal,1929.7,CAD
CA00039687,2025-05-31,BR021,TLR-5269,C501466,cash deposit,1225.5,CAD
CA00042604,2025-05-27,BR036,TLR-3022,C500105,cash deposit,783.89,CAD
CA00035704,2025-05-31,BR001,TLR-1556,C501306,cash withdrawal,487.61,CAD
CA00040199,2025-05-26,BR024,TLR-9874,C500891,cash deposit,975.38,CAD
CA00037028,2025-05-31,BR007,TLR-2810,C502425,cash deposit,814.79,CAD
CA00039432,2025-05-08,BR020,TLR-4983,C500008,cash withdrawal,237.34,USD
CA00040627,2025-05-05,BR026,TLR-8456,C502446,cash deposit,376.51,CAD
CA00039226,2025-05-16,BR019,TLR-4681,C500891,cash withdrawal,483.03,CAD
CA00036941,2025-05-14,BR007,TLR-5349,C502540,cash withdrawal,589.62,CAD
CA00043847,2025-05-10,BR040,TLR-9939,C502804,cash withdrawal,1267.07,CAD
CA00043324,2025-05-17,BR039,TLR-2590,C503325,cash withdrawal,3647.31,CAD
CA00043865,2025-05-20,BR040,TLR-5342,C502880,cash withdrawal,609.65,CAD
CA00041721,2025-05-17,BR031,TLR-4438,C503499,cash withdrawal,1539.62,CAD
CA00037259,2025-05-13,BR008,TLR-5513,C501577,cash deposit,2144.24,CAD
CA00038051,2025-05-17,BR014,TLR-5450,C500088,cash withdrawal,1567.94,CAD
CA00041105,2025-05-07,BR029,TLR-3720,C502389,cash withdrawal,237.7,CAD
CA00043825,2025-05-12,BR040,TLR-5068,C501056,cash deposit,1085.34,CAD
CA00036549,2025-05-19,BR005,TLR-9860,C501776,cash withdrawal,2236.9,CAD
CA00037906,2025-05-07,BR013,TLR-3575,C501215,cash withdrawal,705.4,CAD
CA00043942,2025-05-02,BR040,TLR-5550,C502238,cash deposit,1152.3,CAD
CA00036300,2025-05-17,BR004,TLR-4247,C503605,cash withdrawal,887.92,CAD
CA00037768,2025-05-13,BR012,TLR-5242,C503130,cash deposit,1192.03,CAD
CA00040153,2025-05-07,BR024,TLR-7723,C502808,cash withdrawal,394.55,CAD
CA00042889,2025-05-28,BR037,TLR-9383,C502560,cash withdrawal,1494.96,CAD
CA00038314,2025-05-25,BR015,TLR-1239,C502819,cash deposit,1122.24,CAD
CA00037153,2025-05-07,BR008,TLR-1274,C501018,cash withdrawal,1328.7,CAD
CA00040957,2025-05-13,BR028,TLR-4526,C501225,cash deposit,469.62,CAD
CA00038088,2025-05-28,BR014,TLR-2308,C501463,cash withdrawal,2194.08,CAD
CA00038637,2025-05-19,BR016,TLR-9658,C503050,cash withdrawal,387.91,CAD
CA00043281,2025-05-06,BR039,TLR-7714,C503738,cash deposit,2250.43,CAD
CA00036680,2025-05-02,BR006,TLR-7259,C500041,cash deposit,1145.16,CAD
CA00041343,2025-05-12,BR030,TLR-9234,C501260,cash withdrawal,1093.8,CAD
CA00041894,2025-05-25,BR033,TLR-8240,C503861,cash deposit,2246.67,CAD
CA00040506,2025-05-02,BR026,TLR-6457,C503735,cash deposit,598.95,CAD
CA00041621,2025-05-26,BR031,TLR-3805,C501085,cash withdrawal,1241.6,CAD
CA00041746,2025-05-22,BR032,TLR-6848,C501878,cash withdrawal,943.35,CAD
CA00038309,2025-05-31,BR015,TLR-3309,C503313,cash deposit,2080.39,CAD
CA00038625,2025-05-11,BR016,TLR-3452,C501976,cash withdrawal,431.65,CAD
CA00038033,2025-05-02,BR014,TLR-1975,C501067,cash withdrawal,1030.95,CAD
CA00043476,2025-05-08,BR040,TLR-6615,C502977,cash deposit,1276.86,CAD
CA00036822,2025-05-17,BR006,TLR-4571,C501764,cash deposit,2172.75,CAD
CA00042117,2025-05-25,BR034,TLR-7251,C503166,cash withdrawal,456.67,CAD
CA00042645,2025-05-18,BR036,TLR-7199,C503695,cash deposit,3235.52,CAD
CA00043478,2025-05-03,BR040,TLR-8754,C501891,cash deposit,289.57,CAD
CA00037109,2025-05-23,BR008,TLR-5665,C501449,cash deposit,1498.88,CAD
CA00039203,2025-05-22,BR019,TLR-9868,C502019,cash withdrawal,235.64,CAD
CA00041399,2025-05-25,BR030,TLR-5222,C501223,cash withdrawal,544.47,CAD
CA00041665,2025-05-30,BR031,TLR-6409,C500098,cash deposit,590.76,CAD
CA00043905,2025-05-15,BR040,TLR-3087,C503051,cash withdrawal,2230.16,CAD
CA00038036,2025-05-07,BR014,TLR-4506,C501925,cash deposit,1331.7,CAD
CA00038931,2025-05-04,BR017,TLR-3366,C501233,cash withdrawal,462.52,CAD
CA00039428,2025-05-27,BR020,TLR-2217,C503424,cash deposit,339.7,USD
CA00037948,2025-05-16,BR013,TLR-8940,C503634,cash withdrawal,305.48,CAD
CA00040715,2025-05-09,BR026,TLR-2283,C503417,cash withdrawal,-514.45,CAD
CA00038351,2025-05-09,BR015,TLR-5258,C501903,cash deposit,900.92,CAD
CA00038511,2025-05-13,BR015,TLR-6772,C502904,cash withdrawal,1286.61,CAD
CA00037368,2025-05-30,BR009,TLR-7891,C502493,cash withdrawal,3174.86,CAD
CA00040572,2025-05-12,BR026,TLR-1609,C502681,cash deposit,438.0,CAD
CA00035959,2025-05-20,BR002,TLR-9380,C501768,cash deposit,489.27,CAD
CA00040494,2025-05-07,BR026,TLR-8387,C501962,cash withdrawal,-3375.87,CAD
CA00039056,2025-05-24,BR018,TLR-2501,C501123,cash deposit,659.91,CAD
CA00037499,2025-05-16,BR010,TLR-9312,C503784,cash deposit,736.28,CAD
CA00040861,2025-05-12,BR027,TLR-5364,C501986,cash withdrawal,1202.29,CAD
CA00043737,2025-05-26,BR040,TLR-4252,C500629,cash withdrawal,2006.33,CAD
CA00043336,2025-05-26,BR039,TLR-3363,C502235,cash deposit,1872.42,CAD
CA00037736,2025-05-29,BR012,TLR-9523,C500969,cash withdrawal,438.94,CAD
CA00038112,2025-05-23,BR014,TLR-8989,C502097,cash withdrawal,2538.06,CAD
CA00038925,2025-05-10,BR017,TLR-2592,C502366,cash deposit,1829.35,CAD
CA00042158,2025-05-06,BR034,TLR-8802,C500255,cash deposit,505.61,CAD
CA00035753,2025-05-21,BR002,TLR-7314,C501523,cash withdrawal,-1586.19,CAD
CA00036297,2025-05-26,BR004,TLR-9249,C500452,cash deposit,3385.09,CAD
CA00037136,2025-05-18,BR008,TLR-5493,C501557,cash withdrawal,281.97,CAD
CA00039141,2025-05-11,BR019,TLR-5543,C503438,cash deposit,625.88,CAD
CA00042204,2025-05-10,BR035,TLR-1627,C501301,cash withdrawal,1207.54,CAD
CA00036051,2025-05-04,BR003,TLR-6232,C500879,cash withdrawal,2334.81,CAD
CA00037441,2025-05-16,BR010,TLR-1968,C502411,cash withdrawal,683.29,CAD
CA00037702,2025-05-26,BR012,TLR-2646,C501307,cash withdrawal,519.83,CAD
CA00042705,2025-05-27,BR036,TLR-1167,C503254,cash withdrawal,956.68,CAD
CA00037135,2025-05-20,BR008,TLR-2864,C500620,cash deposit,1179.24,CAD
CA00035712,2025-05-18,BR001,TLR-2581,C500156,cash deposit,1315.7,CAD
CA00038850,2025-05-23,BR017,TLR-5698,C502280,cash withdrawal,938.83,CAD
CA00042230,2025-05-08,BR035,TLR-8417,C503404,cash deposit,1196.85,CAD
CA00035944,2025-05-13,BR002,TLR-6162,C503502,cash withdrawal,-691.06,CAD
CA00042876,2025-05-10,BR037,TLR-7846,C500063,cash deposit,906.66,CAD
CA00044196,2025-05-23,BR040,TLR-7549,C503934,cash deposit,1145.14,CAD
CA00035934,2025-05-15,BR002,TLR-1779,C501593,cash deposit,364.71,CAD
CA00036175,2025-05-18,BR003,TLR-6092,C501216,cash withdrawal,1135.55,CAD
CA00038560,2025-05-29,BR016,TLR-4325,C500769,cash deposit,2751.47,CAD
CA00039940,2025-05-08,BR023,TLR-2586,C501186,cash withdrawal,3228.22,CAD
CA00040735,2025-05-09,BR027,TLR-9828,C502839,cash deposit,1214.23,CAD
CA00042721,2025-05-07,BR036,TLR-1393,C503045,cash deposit,3213.19,CAD
CA00037640,2025-05-18,BR011,TLR-2896,C502854,cash deposit,1440.42,CAD
CA00036336,2025-05-06,BR004,TLR-7219,C500290,cash withdrawal,2812.63,CAD
CA00037910,2025-05-25,BR013,TLR-2578,C500391,cash withdrawal,416.27,CAD
CA00041355,2025-05-04,BR030,TLR-9698,C503507,cash withdrawal,436.68,CAD
CA00042781,2025-05-04,BR037,TLR-5546,C500871,cash deposit,705.28,CAD
CA00036769,2025-05-14,BR006,TLR-6999,C502797,cash deposit,283.81,CAD
CA00041060,2025-05-25,BR029,TLR-3699,C501034,cash deposit,1359.06,CAD
CA00036252,2025-05-30,BR004,TLR-2170,C502364,cash deposit,474.68,CAD
CA00043893,2025-05-29,BR040,TLR-5980,C500354,cash withdrawal,194.01,CAD
CA00040812,2025-05-15,BR027,TLR-9227,C500152,cash deposit,941.06,CAD
CA00037585,2025-05-14,BR010,TLR-9662,C501213,cash deposit,4153.33,CAD
CA00041954,2025-05-16,BR033,TLR-5531,C503672,cash deposit,76.76,CAD
CA00039425,2025-05-29,BR019,TLR-7422,C500904,cash deposit,10930.57,CAD
CA00040619,2025-05-24,BR026,TLR-4311,C502959,cash deposit,1886.97,CAD
CA00038618,2025-05-09,BR016,TLR-4915,C501595,cash deposit,1321.14,CAD
CA00040962,2025-05-27,BR028,TLR-5449,C500168,cash withdrawal,1252.72,CAD
CA00042228,2025-05-09,BR035,TLR-1368,C501780,cash deposit,1153.63,CAD
CA00043040,2025-05-04,BR038,TLR-8773,C501583,cash deposit,1019.43,CAD
CA00043425,2025-05-07,BR040,TLR-7086,C501119,cash withdrawal,1077.71,CAD
CA00040838,2025-05-10,BR027,TLR-9370,C501384,cash withdrawal,948.42,CAD
CA00042643,2025-05-10,BR036,TLR-6306,C502754,cash deposit,1012.88,CAD
CA00035910,2025-05-23,BR002,TLR-1504,C500732,cash deposit,339.72,CAD
CA00043145,2025-05-02,BR038,TLR-1739,C500718,cash deposit,1813.74,CAD
CA00038755,2025-05-20,BR017,TLR-4484,C500673,cash withdrawal,551.77,CAD
CA00036134,2025-05-24,BR003,TLR-5596,C502671,cash deposit,1140.12,CAD
CA00038000,2025-05-13,BR013,TLR-8394,C501465,cash deposit,918.39,CAD
CA00039820,2025-05-20,BR022,TLR-8025,C503595,cash deposit,2726.36,CAD
CA00040954,2025-05-24,BR028,TLR-5292,C500105,cash deposit,1818.88,CAD
CA00041639,2025-05-30,BR031,TLR-6104,C501581,cash withdrawal,767.28,CAD
CA00043814,2025-05-06,BR040,TLR-2512,C503698,cash withdrawal,828.11,CAD
CA00040496,2025-05-27,BR026,TLR-2861,C502414,cash deposit,674.27,CAD
CA00043158,2025-05-01,BR038,TLR-1969,C500633,cash deposit,1368.26,CAD
CA00042376,2025-05-30,BR035,TLR-6411,C502713,cash deposit,578.97,CAD
CA00039732,2025-05-04,BR021,TLR-7333,C500817,cash withdrawal,852.44,CAD
CA00041546,2025-05-02,BR031,TLR-4087,C501575,cash deposit,1073.02,CAD
CA00036354,2025-05-28,BR004,TLR-3914,C501325,cash deposit,1942.11,CAD
CA00037201,2025-05-14,BR008,TLR-5586,C501155,cash deposit,375.97,CAD
CA00039586,2025-05-31,BR020,TLR-6795,C502922,cash withdrawal,533.22,USD
CA00043725,2025-05-17,BR040,TLR-8239,C501857,cash deposit,340.12,CAD
CA00041289,2025-05-29,BR030,TLR-9301,C503822,cash withdrawal,2027.72,CAD
CA00041358,2025-05-23,BR030,TLR-4919,C502688,cash deposit,2626.89,CAD
CA00041926,2025-05-24,BR033,TLR-7536,C501800,cash withdrawal,3300.23,CAD
CA00037826,2025-05-25,BR012,TLR-7311,C500738,cash deposit,1635.36,CAD
CA00042057,2025-05-05,BR034,TLR-6654,C503915,cash deposit,2888.99,CAD
CA00038873,2025-05-29,BR017,TLR-8560,C500482,cash withdrawal,133.23,CAD
CA00043854,2025-05-26,BR040,TLR-7792,C502140,cash deposit,1346.81,CAD
CA00040881,2025-05-01,BR027,TLR-7102,C500564,cash withdrawal,1190.63,CAD
CA00044031,2025-05-01,BR040,TLR-6381,C501289,cash deposit,513.44,CAD
CA00042424,2025-05-30,BR035,TLR-2935,C500009,cash withdrawal,918.87,CAD
CA00037160,2025-05-09,BR008,TLR-1004,C502540,cash deposit,673.86,CAD
CA00039585,2025-05-08,BR020,TLR-6521,C501114,cash withdrawal,1420.14,USD
CA00042102,2025-05-10,BR034,TLR-7830,C503668,cash withdrawal,688.87,CAD
CA00040670,2025-05-13,BR026,TLR-4620,C502162,cash withdrawal,-425.21,CAD
CA00038255,2025-05-21,BR015,TLR-3589,C500933,cash withdrawal,2283.43,CAD
CA00040041,2025-05-11,BR024,TLR-3745,C500101,cash withdrawal,1106.79,CAD
CA00041859,2025-05-27,BR032,TLR-2349,C501845,cash deposit,591.11,CAD
CA00039557,2025-05-16,BR020,TLR-1722,C502567,cash deposit,546.72,USD
CA00036177,2025-05-13,BR003,TLR-1167,C503697,cash deposit,1107.59,CAD
CA00037207,2025-05-10,BR008,TLR-5229,C502052,cash withdrawal,457.79,CAD
CA00040313,2025-05-27,BR025,TLR-7138,C500906,cash deposit,1960.04,CAD
CA00036515,2025-05-28,BR005,TLR-7560,C501613,cash deposit,200.81,CAD
CA00037924,2025-05-11,BR013,TLR-9420,C501255,cash withdrawal,684.46,CAD
CA00037171,2025-05-10,BR008,TLR-3501,C500249,cash withdrawal,350.92,CAD
CA00041104,2025-05-02,BR029,TLR-2777,C503090,cash deposit,1220.06,CAD
CA00040641,2025-05-04,BR026,TLR-3338,C501247,cash deposit,1604.3,CAD
CA00040714,2025-05-14,BR026,TLR-5999,C502541,cash deposit,1958.69,CAD
CA00036183,2025-05-16,BR003,TLR-8608,C501692,cash withdrawal,1214.27,CAD
CA00035496,2025-05-29,BR001,TLR-5981,C502817,cash withdrawal,803.2,CAD
CA00040049,2025-05-01,BR024,TLR-1961,C503953,cash withdrawal,602.67,CAD
CA00038387,2025-05-28,BR015,TLR-2539,C502410,cash deposit,260.8,CAD
CA00040833,2025-05-29,BR027,TLR-4146,C501508,cash deposit,622.73,CAD
CA00042858,2025-05-23,BR037,TLR-9013,C501746,cash withdrawal,1092.89,CAD
CA00041674,2025-05-28,BR031,TLR-7788,C501210,cash withdrawal,1862.56,CAD
CA00036684,2025-05-22,BR006,TLR-1302,C502823,cash deposit,1852.65,CAD
CA00042132,2025-05-07,BR034,TLR-2817,C500974,cash deposit,484.62,CAD
CA00042952,2025-05-01,BR037,TLR-5685,C500909,cash withdrawal,1295.49,CAD
CA00040559,2025-05-15,BR026,TLR-4975,C503361,cash deposit,3075.01,CAD
CA00040799,2025-05-07,BR027,TLR-8074,C500859,cash deposit,730.54,CAD
CA00035530,2025-05-18,BR001,TLR-8459,C502502,cash withdrawal,1124.71,CAD
CA00041027,2025-05-15,BR028,TLR-6909,C503578,cash deposit,817.96,CAD
CA00043499,2025-05-09,BR040,TLR-6968,C501065,cash withdrawal,1800.27,CAD
CA00038320,2025-05-26,BR015,TLR-9409,C502557,cash deposit,866.33,CAD
CA00039524,2025-05-27,BR020,TLR-5611,C502714,cash withdrawal,461.59,USD
CA00039360,2025-05-25,BR019,TLR-6708,C502740,cash deposit,823.33,CAD
CA00043883,2025-05-25,BR040,TLR-9599,C501199,cash deposit,1117.02,CAD
CA00037975,2025-05-10,BR013,TLR-9730,C501634,cash deposit,771.39,CAD
CA00042475,2025-05-11,BR036,TLR-7002,C503440,cash withdrawal,2446.92,CAD
CA00036666,2025-05-01,BR006,TLR-4715,C501345,cash withdrawal,1352.1,CAD
CA00036719,2025-05-18,BR006,TLR-9399,C503675,cash withdrawal,356.26,CAD
CA00039932,2025-05-09,BR023,TLR-4126,C501620,cash withdrawal,1879.19,CAD
CA00042397,2025-05-11,BR035,TLR-3890,C501983,cash deposit,747.51,CAD
CA00037205,2025-05-08,BR008,TLR-7751,C503513,cash deposit,3460.91,CAD
CA00043485,2025-05-13,BR040,TLR-5662,C500976,cash deposit,1053.74,CAD
CA00035691,2025-05-29,BR001,TLR-3127,C502224,cash deposit,827.33,CAD
CA00043132,2025-05-28,BR038,TLR-2609,C500137,cash withdrawal,645.81,CAD
CA00039450,2025-05-03,BR020,TLR-3250,C502262,cash deposit,1614.07,USD
CA00042657,2025-05-28,BR036,TLR-6212,C500657,cash deposit,1203.52,CAD
CA00040100,2025-05-09,BR024,TLR-6834,C502321,cash deposit,1109.81,CAD
CA00042237,2025-05-16,BR035,TLR-7380,C501405,cash withdrawal,243.74,CAD
CA00042033,2025-05-21,BR033,TLR-5540,C503364,cash withdrawal,1649.13,CAD
CA00042277,2025-05-02,BR035,TLR-6138,C501126,cash withdrawal,287.88,CAD
CA00039878,2025-05-26,BR023,TLR-4999,C500215,cash withdrawal,935.83,CAD
CA00039801,2025-05-19,BR021,TLR-3176,C501275,cash withdrawal,1860.15,CAD
CA00036946,2025-05-13,BR007,TLR-7109,C503642,cash deposit,2561.62,CAD
CA00039258,2025-05-04,BR019,TLR-7531,C502292,cash withdrawal,475.33,CAD
CA00036885,2025-05-22,BR007,TLR-4976,C502688,cash deposit,879.75,CAD
CA00039572,2025-05-04,BR020,TLR-2058,C503359,cash deposit,1577.63,USD
CA00039243,2025-05-02,BR019,TLR-1266,C502218,cash withdrawal,560.31,CAD
CA00041989,2025-05-14,BR033,TLR-6038,C501843,cash withdrawal,337.75,CAD
CA00036288,2025-05-07,BR004,TLR-6485,C501726,cash deposit,2276.87,CAD
CA00043888,2025-05-28,BR040,TLR-8431,C503740,cash deposit,160.16,CAD
CA00041582,2025-05-13,BR031,TLR-6142,C500865,cash withdrawal,248.04,CAD
CA00040904,2025-05-16,BR027,TLR-5978,C503548,cash withdrawal,1542.03,CAD
CA00041463,2025-05-16,BR030,TLR-4982,C500029,cash withdrawal,488.59,CAD
CA00039643,2025-05-18,BR021,TLR-3151,C501611,cash deposit,539.96,CAD
CA00035878,2025-05-13,BR002,TLR-7641,C503822,cash deposit,599.99,CAD
CA00037302,2025-05-13,BR008,TLR-4527,C501755,cash deposit,663.91,CAD
CA00039705,2025-05-25,BR021,TLR-3567,C503507,cash withdrawal,1060.77,CAD
CA00043992,2025-05-30,BR040,TLR-1754,C502452,cash withdrawal,542.06,CAD
CA00038220,2025-05-19,BR015,TLR-6510,C500919,cash deposit,2096.18,CAD
CA00039392,2025-05-06,BR019,TLR-4470,C500167,cash withdrawal,1280.21,CAD
CA00036544,2025-05-09,BR005,TLR-3962,C502837,cash withdrawal,1283.42,CAD
CA00040475,2025-05-03,BR025,TLR-2759,C501295,cash deposit,4974.58,CAD
CA00038430,2025-05-20,BR015,TLR-2828,C502175,cash deposit,954.98,CAD
CA00036599,2025-05-14,BR006,TLR-3576,C503212,cash deposit,678.44,CAD
CA00036803,2025-05-15,BR006,TLR-6618,C500757,cash deposit,288.5,CAD
CA00040175,2025-05-10,BR024,TLR-5752,C500292,cash withdrawal,229.0,CAD
CA00038273,2025-05-01,BR015,TLR-7505,C502795,cash deposit,573.2,CAD
CA00036018,2025-05-03,BR003,TLR-5293,C500127,cash deposit,373.81,CAD
CA00036530,2025-05-03,BR005,TLR-1337,C500019,cash withdrawal,535.94,CAD
CA00038184,2025-05-19,BR014,TLR-2004,C503969,cash deposit,416.76,CAD
CA00039936,2025-05-08,BR023,TLR-2078,C503509,cash deposit,1201.71,CAD
CA00038066,2025-05-24,BR014,TLR-7959,C503076,cash deposit,784.91,CAD
CA00038265,2025-05-15,BR015,TLR-3853,C503605,cash withdrawal,636.25,CAD
CA00040747,2025-05-29,BR027,TLR-5851,C501799,cash withdrawal,1220.55,CAD
CA00043235,2025-05-02,BR039,TLR-6162,C501201,cash deposit,1372.45,CAD
CA00043588,2025-05-15,BR040,TLR-3918,C500773,cash deposit,434.85,CAD
CA00040361,2025-05-28,BR025,TLR-4353,C503685,cash withdrawal,-1327.82,CAD
CA00041558,2025-05-31,BR031,TLR-2917,C500822,cash deposit,5036.81,CAD
CA00041205,2025-05-12,BR029,TLR-5529,C500323,cash withdrawal,1015.93,CAD
CA00038103,2025-05-15,BR014,TLR-8754,C501193,cash deposit,596.77,CAD
CA00037110,2025-05-01,BR008,TLR-3574,C502717,cash deposit,432.1,CAD
CA00039622,2025-05-02,BR020,TLR-8368,C500107,cash deposit,1152.1,USD
CA00039910,2025-05-13,BR023,TLR-9530,C500208,cash deposit,208.02,CAD
CA00041722,2025-05-20,BR031,TLR-1421,C501835,cash withdrawal,1883.57,CAD
CA00035433,2025-05-24,BR001,TLR-2604,C501282,cash withdrawal,531.37,CAD
CA00036773,2025-05-01,BR006,TLR-4841,C502048,cash deposit,1209.16,CAD
CA00040072,2025-05-24,BR024,TLR-3126,C501087,cash withdrawal,735.45,CAD
CA00042371,2025-05-22,BR035,TLR-4683,C503885,cash deposit,831.99,CAD
CA00043976,2025-05-19,BR040,TLR-4746,C503974,cash deposit,868.24,CAD
CA00038367,2025-05-03,BR015,TLR-3201,C502093,cash deposit,402.98,CAD
CA00039263,2025-05-15,BR019,TLR-8646,C500903,cash withdrawal,474.21,CAD
CA00037617,2025-05-12,BR011,TLR-1528,C503345,cash withdrawal,1097.15,CAD
CA00036700,2025-05-02,BR006,TLR-2671,C502706,cash withdrawal,767.75,CAD
CA00038412,2025-05-15,BR015,TLR-3713,C500071,cash deposit,642.01,CAD
CA00039609,2025-05-20,BR020,TLR-9266,C502493,cash withdrawal,3530.26,USD
CA00039282,2025-05-13,BR019,TLR-5462,C502548,cash deposit,924.09,CAD
CA00042286,2025-05-18,BR035,TLR-4277,C500777,cash deposit,995.29,CAD
CA00042886,2025-05-11,BR037,TLR-7526,C501063,cash deposit,2182.26,CAD
CA00043892,2025-05-12,BR040,TLR-3638,C502503,cash deposit,426.7,CAD
CA00041210,2025-05-16,BR029,TLR-8181,C502280,cash deposit,366.72,CAD
CA00042457,2025-05-07,BR036,TLR-3822,C503551,cash deposit,745.41,CAD
CA00037684,2025-05-05,BR012,TLR-2853,C502922,cash withdrawal,2819.63,CAD
CA00044091,2025-05-11,BR040,TLR-5378,C503105,cash withdrawal,345.57,CAD
CA00037409,2025-05-14,BR009,TLR-6482,C503965,cash withdrawal,418.43,CAD
CA00037038,2025-05-14,BR008,TLR-5576,C501956,cash deposit,427.74,CAD
CA00042799,2025-05-08,BR037,TLR-8872,C503661,cash withdrawal,780.36,CAD
CA00043787,2025-05-29,BR040,TLR-7648,C503952,cash deposit,1081.66,CAD
CA00037097,2025-05-03,BR008,TLR-8153,C501899,cash deposit,328.66,CAD
CA00040637,2025-05-09,BR026,TLR-3711,C500306,cash deposit,2528.8,CAD
CA00040563,2025-05-25,BR026,TLR-1353,C501224,cash deposit,673.49,CAD
CA00039945,2025-05-21,BR023,TLR-2280,C500521,cash deposit,831.48,CAD
CA00040963,2025-05-06,BR028,TLR-1766,C502989,cash deposit,1155.22,CAD
CA00041701,2025-05-05,BR031,TLR-2730,C500451,cash withdrawal,877.42,CAD
CA00037298,2025-05-27,BR008,TLR-6502,C503244,cash deposit,1045.97,CAD
CA00042290,2025-05-17,BR035,TLR-8292,C501452,cash deposit,307.17,CAD
CA00044099,2025-05-16,BR040,TLR-2928,C501119,cash withdrawal,1355.93,CAD
CA00039653,2025-05-18,BR021,TLR-5513,C503075,cash deposit,1612.95,CAD
CA00036703,2025-05-14,BR006,TLR-1543,C502442,cash withdrawal,787.92,CAD
CA00042346,2025-05-03,BR035,TLR-4495,C500923,cash deposit,694.24,CAD
CA00036157,2025-05-24,BR003,TLR-6715,C503755,cash withdrawal,289.14,CAD
CA00043950,2025-05-14,BR040,TLR-5506,C500230,cash withdrawal,166.84,CAD
CA00039294,2025-05-12,BR019,TLR-5808,C503686,cash withdrawal,584.8,CAD
CA00040691,2025-05-09,BR026,TLR-4557,C500925,cash deposit,573.68,CAD
CA00040233,2025-05-03,BR024,TLR-3284,C502215,cash withdrawal,725.12,CAD
CA00035554,2025-05-16,BR001,TLR-8324,C502174,cash withdrawal,1932.38,CAD
CA00042572,2025-05-05,BR036,TLR-4241,C502460,cash withdrawal,4910.44,CAD
CA00041696,2025-05-01,BR031,TLR-9116,C501930,cash withdrawal,4398.9,CAD
CA00043399,2025-05-04,BR039,TLR-6303,C503698,cash withdrawal,478.21,CAD
CA00043867,2025-05-17,BR040,TLR-6101,C503132,cash deposit,406.74,CAD
CA00041819,2025-05-15,BR032,TLR-4302,C502941,cash deposit,804.54,CAD
CA00042766,2025-05-16,BR037,TLR-7375,C501552,cash withdrawal,642.98,CAD
CA00041837,2025-05-04,BR032,TLR-8405,C500177,cash withdrawal,227.68,CAD
CA00041784,2025-05-10,BR032,TLR-9003,C501974,cash withdrawal,3627.57,CAD
CA00043810,2025-05-02,BR040,TLR-1859,C501607,cash deposit,1619.57,CAD
CA00037713,2025-05-10,BR012,TLR-7607,C503996,cash deposit,529.64,CAD
CA00043757,2025-05-28,BR040,TLR-2058,C501482,cash withdrawal,421.72,CAD
CA00036922,2025-05-20,BR007,TLR-7949,C502686,cash deposit,2350.53,CAD
CA00041732,2025-05-30,BR031,TLR-3489,C503628,cash deposit,3268.79,CAD
CA00036563,2025-05-19,BR006,TLR-7245,C502366,cash deposit,1217.11,CAD
CA00042874,2025-05-03,BR037,TLR-8535,C502855,cash withdrawal,1408.15,CAD
CA00038555,2025-05-21,BR016,TLR-1864,C502556,cash withdrawal,601.1,CAD
CA00038952,2025-05-01,BR018,TLR-9327,C501889,cash deposit,1193.28,CAD
CA00043274,2025-05-01,BR039,TLR-4320,C501351,cash deposit,844.04,CAD
CA00040284,2025-05-02,BR025,TLR-3715,C503388,cash deposit,2487.15,CAD
CA00037693,2025-05-21,BR012,TLR-4335,C503857,cash deposit,1148.69,CAD
CA00040646,2025-05-07,BR026,TLR-7161,C500645,cash withdrawal,-2788.01,CAD
CA00038886,2025-05-17,BR017,TLR-9307,C502670,cash deposit,642.67,CAD
CA00039784,2025-05-14,BR021,TLR-5498,C500662,cash deposit,851.11,CAD
CA00039494,2025-05-24,BR020,TLR-4376,C502540,cash deposit,992.58,USD
CA00038893,2025-05-25,BR017,TLR-7144,C502069,cash deposit,484.04,CAD
CA00035721,2025-05-17,BR001,TLR-5244,C503825,cash deposit,875.52,CAD
CA00043525,2025-05-14,BR040,TLR-9552,C502406,cash withdrawal,283.12,CAD
CA00038923,2025-05-28,BR017,TLR-6565,C503635,cash withdrawal,636.87,CAD
CA00036330,2025-05-01,BR004,TLR-3461,C503379,cash withdrawal,621.48,CAD
CA00039380,2025-05-02,BR019,TLR-5120,C501752,cash deposit,1258.28,CAD
CA00041972,2025-05-11,BR033,TLR-5533,C501335,cash deposit,1022.37,CAD
CA00042522,2025-05-05,BR036,TLR-9863,C501006,cash deposit,394.38,CAD
CA00042030,2025-05-15,BR033,TLR-1487,C500829,cash deposit,1339.43,CAD
CA00043944,2025-05-08,BR040,TLR-7147,C500325,cash withdrawal,629.62,CAD
CA00037620,2025-05-24,BR011,TLR-1160,C501725,cash deposit,4616.26,CAD
CA00040650,2025-05-23,BR026,TLR-4340,C500559,cash deposit,1466.29,CAD
CA00038852,2025-05-03,BR017,TLR-1140,C502923,cash deposit,2049.94,CAD
CA00036620,2025-05-03,BR006,TLR-4034,C501669,cash deposit,1221.08,CAD
CA00043806,2025-05-19,BR040,TLR-4764,C501960,cash withdrawal,1383.06,CAD
CA00042055,2025-05-16,BR034,TLR-4788,C501284,cash deposit,352.73,CAD
CA00041116,2025-05-22,BR029,TLR-9974,C503899,cash deposit,1872.69,CAD
CA00038593,2025-05-10,BR016,TLR-8235,C503305,cash withdrawal,1817.92,CAD
CA00041377,2025-05-09,BR030,TLR-1052,C500919,cash deposit,755.18,CAD
CA00038764,2025-05-14,BR017,TLR-9742,C502320,cash withdrawal,654.12,CAD
CA00036353,2025-05-19,BR004,TLR-9599,C500295,cash deposit,966.61,CAD
CA00043219,2025-05-24,BR039,TLR-6714,C502554,cash deposit,1002.31,CAD
CA00041635,2025-05-13,BR031,TLR-9230,C501550,cash withdrawal,3113.33,CAD
CA00043048,2025-05-01,BR038,TLR-2242,C500748,cash deposit,884.02,CAD
CA00037348,2025-05-22,BR009,TLR-7089,C500239,cash deposit,732.74,CAD
CA00041315,2025-05-28,BR030,TLR-2144,C502341,cash deposit,720.76,CAD
CA00039592,2025-05-01,BR020,TLR-7152,C500226,cash deposit,727.42,USD
CA00038567,2025-05-29,BR016,TLR-4800,C500181,cash deposit,1106.3,CAD
CA00041869,2025-05-29,BR032,TLR-2862,C502559,cash withdrawal,692.3,CAD
CA00042636,2025-05-29,BR036,TLR-7455,C503245,cash deposit,536.8,CAD
CA00043534,2025-05-16,BR040,TLR-5693,C501797,cash deposit,1861.57,CAD
CA00038731,2025-05-25,BR017,TLR-1194,C502953,cash withdrawal,536.07,CAD
CA00037699,2025-05-29,BR012,TLR-6247,C502814,cash deposit,1719.45,CAD
CA00038200,2025-05-03,BR014,TLR-8043,C500781,cash withdrawal,1156.61,CAD
CA00038380,2025-05-08,BR015,TLR-3307,C502979,cash withdrawal,1365.71,CAD
CA00042099,2025-05-29,BR034,TLR-2640,C503356,cash deposit,2795.75,CAD
CA00042018,2025-05-16,BR033,TLR-7318,C500666,cash deposit,640.42,CAD
CA00042434,2025-05-24,BR035,TLR-8099,C503492,cash withdrawal,2356.74,CAD
CA00038583,2025-05-22,BR016,TLR-9686,C502134,cash deposit,4960.56,CAD
CA00043710,2025-05-19,BR040,TLR-6252,C500914,cash deposit,1693.01,CAD
CA00039118,2025-05-27,BR019,TLR-9076,C500389,cash withdrawal,841.92,CAD
CA00040672,2025-05-29,BR026,TLR-3137,C503463,cash deposit,551.59,CAD
CA00035652,2025-05-12,BR001,TLR-4903,C502016,cash withdrawal,661.49,CAD
CA00044159,2025-05-09,BR040,TLR-4927,C500511,cash withdrawal,794.77,CAD
CA00038663,2025-05-08,BR016,TLR-2773,C502530,cash withdrawal,1112.95,CAD
CA00035802,2025-05-08,BR002,TLR-8597,C500721,cash deposit,315.46,CAD
CA00037624,2025-05-23,BR011,TLR-4942,C501614,cash withdrawal,475.08,CAD
CA00036643,2025-05-21,BR006,TLR-8450,C501919,cash deposit,1071.9,CAD
CA00043870,2025-05-31,BR040,TLR-8722,C502551,cash withdrawal,1666.9,CAD
CA00036802,2025-05-13,BR006,TLR-4819,C502613,cash withdrawal,1819.11,CAD
CA00036142,2025-05-06,BR003,TLR-5707,C501017,cash withdrawal,1539.79,CAD
CA00035407,2025-05-05,BR001,TLR-6613,C502848,cash withdrawal,1231.14,CAD
CA00039723,2025-05-18,BR021,TLR-8630,C503746,cash deposit,975.02,CAD
CA00036810,2025-05-27,BR006,TLR-4072,C502221,cash withdrawal,1357.22,CAD
CA00036110,2025-05-08,BR003,TLR-1163,C500531,cash deposit,550.97,CAD
CA00036774,2025-05-20,BR006,TLR-6678,C500720,cash withdrawal,686.18,CAD
CA00043008,2025-05-27,BR038,TLR-5951,C500946,cash withdrawal,917.06,CAD
CA00039568,2025-05-21,BR020,TLR-6226,C500027,cash withdrawal,1234.19,USD
CA00038913,2025-05-26,BR017,TLR-3689,C500812,cash deposit,531.35,CAD
CA00039429,2025-05-18,BR020,TLR-5558,C500637,cash deposit,840.62,USD
CA00040943,2025-05-02,BR028,TLR-7519,C503188,cash withdrawal,673.57,CAD
CA00042784,2025-05-18,BR037,TLR-7772,C500720,cash deposit,545.22,CAD
CA00039563,2025-05-30,BR020,TLR-5445,C502563,cash withdrawal,687.63,USD
CA00043347,2025-05-05,BR039,TLR-3477,C502824,cash deposit,1153.24,CAD
CA00039803,2025-05-12,BR021,TLR-8306,C503982,cash withdrawal,654.19,CAD
CA00041323,2025-05-18,BR030,TLR-3658,C502965,cash withdrawal,799.13,CAD
CA00035637,2025-05-04,BR001,TLR-6064,C503659,cash deposit,1978.5,CAD
CA00040254,2025-05-15,BR024,TLR-2672,C502605,cash deposit,1756.25,CAD
CA00039753,2025-05-27,BR021,TLR-2267,C503456,cash withdrawal,524.26,CAD
CA00037959,2025-05-15,BR013,TLR-2663,C503505,cash deposit,4380.76,CAD
CA00036963,2025-05-08,BR007,TLR-7874,C503664,cash deposit,1597.66,CAD
CA00042249,2025-05-25,BR035,TLR-5581,C500691,cash deposit,744.61,CAD
CA00043436,2025-05-29,BR040,TLR-4292,C501422,cash deposit,1198.16,CAD
CA00037054,2025-05-18,BR008,TLR-8845,C503552,cash withdrawal,777.29,CAD
CA00042811,2025-05-27,BR037,TLR-4319,C501015,cash deposit,435.21,CAD
CA00040225,2025-05-17,BR024,TLR-2642,C501961,cash withdrawal,2244.2,CAD
CA00042086,2025-05-30,BR034,TLR-5848,C503039,cash deposit,269.51,CAD
CA00037818,2025-05-03,BR012,TLR-7387,C503200,cash withdrawal,289.53,CAD
CA00037094,2025-05-22,BR008,TLR-6448,C502495,cash withdrawal,1368.05,CAD
CA00042006,2025-05-25,BR033,TLR-4834,C500527,cash deposit,480.82,CAD
CA00038561,2025-05-31,BR016,TLR-8359,C500729,cash deposit,3167.38,CAD
CA00043680,2025-05-26,BR040,TLR-6354,C501578,cash deposit,2910.99,CAD
CA00042261,2025-05-08,BR035,TLR-3379,C503058,cash deposit,1094.49,CAD
CA00036501,2025-05-27,BR005,TLR-3159,C503605,cash withdrawal,524.18,CAD
CA00036837,2025-05-13,BR007,TLR-4565,C502732,cash deposit,522.84,CAD
CA00041681,2025-05-17,BR031,TLR-4105,C501390,cash withdrawal,1087.1,CAD
CA00042043,2025-05-15,BR034,TLR-1568,C500215,cash deposit,715.25,CAD
CA00035780,2025-05-02,BR002,TLR-1385,C501701,cash withdrawal,-1250.89,CAD
CA00039704,2025-05-03,BR021,TLR-5989,C500214,cash withdrawal,834.75,CAD
CA00043300,2025-05-03,BR039,TLR-1959,C503707,cash deposit,3899.14,CAD
CA00035848,2025-05-26,BR002,TLR-2463,C502542,cash deposit,3786.48,CAD
CA00040171,2025-05-03,BR024,TLR-6115,C502106,cash withdrawal,651.46,CAD
CA00036890,2025-05-26,BR007,TLR-1655,C503012,cash withdrawal,749.84,CAD
CA00040642,2025-05-04,BR026,TLR-2422,C500241,cash withdrawal,-1063.77,CAD
CA00036452,2025-05-21,BR004,TLR-6912,C502896,cash deposit,885.62,CAD
CA00043800,2025-05-03,BR040,TLR-7501,C502662,cash withdrawal,1033.17,CAD
CA00042394,2025-05-25,BR035,TLR-2060,C501460,cash withdrawal,1053.9,CAD
CA00039741,2025-05-11,BR021,TLR-7999,C500202,cash withdrawal,1822.31,CAD
CA00040291,2025-05-22,BR025,TLR-4797,C501165,cash withdrawal,-1215.4,CAD
CA00040286,2025-05-24,BR025,TLR-3719,C503481,cash deposit,330.93,CAD
CA00037336,2025-05-31,BR009,TLR-7109,C502020,cash withdrawal,1045.42,CAD
CA00035643,2025-05-30,BR001,TLR-7080,C501450,cash deposit,446.59,CAD
CA00043589,2025-05-31,BR040,TLR-4425,C500768,cash withdrawal,1464.48,CAD
CA00038695,2025-05-22,BR017,TLR-4870,C503844,cash withdrawal,480.78,CAD
CA00039900,2025-05-20,BR023,TLR-7392,C500723,cash deposit,3031.57,CAD
CA00042010,2025-05-14,BR033,TLR-8957,C500105,cash deposit,704.31,CAD
CA00038294,2025-05-02,BR015,TLR-8665,C502950,cash deposit,1541.85,CAD
CA00035552,2025-05-22,BR001,TLR-9575,C501359,cash deposit,1815.59,CAD
CA00036405,2025-05-13,BR004,TLR-6355,C503054,cash deposit,1994.0,CAD
CA00041631,2025-05-13,BR031,TLR-3513,C501836,cash withdrawal,806.87,CAD
CA00039482,2025-05-31,BR020,TLR-3354,C500700,cash deposit,852.71,USD
CA00041007,2025-05-04,BR028,TLR-6744,C500667,cash deposit,1570.33,CAD
CA00043439,2025-05-09,BR040,TLR-1941,C500719,cash withdrawal,744.16,CAD
CA00038257,2025-05-17,BR015,TLR-6804,C503293,cash withdrawal,2222.23,CAD
CA00036965,2025-05-07,BR007,TLR-7221,C500040,cash deposit,1063.1,CAD
CA00035756,2025-05-05,BR002,TLR-3864,C502477,cash withdrawal,-1422.6,CAD
CA00040349,2025-05-08,BR025,TLR-7725,C503092,cash deposit,1276.35,CAD
CA00039615,2025-05-12,BR020,TLR-9373,C500493,cash deposit,1061.55,USD
CA00037187,2025-05-24,BR008,TLR-5999,C503154,cash deposit,4913.04,CAD
CA00042202,2025-05-25,BR035,TLR-2261,C500034,cash deposit,806.06,CAD
CA00036543,2025-05-14,BR005,TLR-1692,C500606,cash withdrawal,1385.21,CAD
CA00036450,2025-05-09,BR004,TLR-6288,C500423,cash withdrawal,698.19,CAD
CA00042488,2025-05-16,BR036,TLR-8527,C502469,cash withdrawal,796.84,CAD
CA00039765,2025-05-09,BR021,TLR-4943,C500924,cash withdrawal,2854.27,CAD
CA00035629,2025-05-10,BR001,TLR-6558,C502770,cash withdrawal,1629.86,CAD
CA00041387,2025-05-10,BR030,TLR-4563,C500220,cash deposit,478.85,CAD
CA00036233,2025-05-08,BR004,TLR-1710,C503603,cash deposit,1845.85,CAD
CA00039163,2025-05-24,BR019,TLR-9663,C500705,cash deposit,783.13,CAD
CA00042750,2025-05-15,BR037,TLR-4778,C500461,cash deposit,763.11,CAD
CA00041163,2025-05-22,BR029,TLR-9918,C501917,cash withdrawal,1156.14,CAD
CA00037386,2025-05-01,BR009,TLR-5942,C500681,cash withdrawal,4178.03,CAD
CA00042317,2025-05-21,BR035,TLR-3111,C501603,cash deposit,657.45,CAD
CA00041457,2025-05-28,BR030,TLR-2635,C501312,cash deposit,458.19,CAD
CA00043653,2025-05-29,BR040,TLR-6715,C501006,cash deposit,1331.25,CAD
CA00036616,2025-05-28,BR006,TLR-6153,C502565,cash deposit,2659.56,CAD
CA00041898,2025-05-06,BR033,TLR-6240,C502125,cash deposit,1685.98,CAD
CA00043059,2025-05-18,BR038,TLR-9481,C502767,cash deposit,628.44,CAD
CA00042860,2025-05-14,BR037,TLR-1144,C502899,cash withdrawal,2028.13,CAD
CA00039182,2025-05-11,BR019,TLR-2640,C501715,cash withdrawal,547.65,CAD
CA00039605,2025-05-21,BR020,TLR-2374,C503209,cash deposit,1131.26,USD
CA00037794,2025-05-06,BR012,TLR-5584,C503636,cash withdrawal,586.61,CAD
CA00037653,2025-05-29,BR011,TLR-8521,C500928,cash deposit,479.59,CAD
CA00038343,2025-05-12,BR015,TLR-2590,C500403,cash withdrawal,1934.74,CAD
CA00041744,2025-05-17,BR032,TLR-5419,C502940,cash withdrawal,1333.97,CAD
CA00042720,2025-05-24,BR036,TLR-3258,C501116,cash withdrawal,668.84,CAD
CA00035827,2025-05-12,BR002,TLR-4202,C503030,cash deposit,568.38,CAD
CA00043142,2025-05-17,BR038,TLR-9609,C502185,cash withdrawal,656.2,CAD
CA00040602,2025-05-04,BR026,TLR-1021,C502161,cash withdrawal,-1214.58,CAD
CA00037868,2025-05-24,BR012,TLR-4041,C500333,cash withdrawal,865.04,CAD
CA00042324,2025-05-12,BR035,TLR-6139,C503970,cash withdrawal,1362.56,CAD
CA00039625,2025-05-06,BR020,TLR-2137,C502758,cash deposit,333.93,USD
CA00035558,2025-05-03,BR001,TLR-2129,C503298,cash withdrawal,1335.69,CAD
CA00042923,2025-05-09,BR037,TLR-5654,C500133,cash withdrawal,1709.41,CAD
CA00036577,2025-05-28,BR006,TLR-7525,C500220,cash withdrawal,1342.13,CAD
CA00039018,2025-05-06,BR018,TLR-1049,C503164,cash withdrawal,1160.83,CAD
CA00043355,2025-05-23,BR039,TLR-3855,C501750,cash deposit,1210.03,CAD
CA00038729,2025-05-30,BR017,TLR-3531,C502912,cash deposit,664.75,CAD
CA00039399,2025-05-21,BR019,TLR-7981,C500188,cash deposit,298.64,CAD
CA00039316,2025-05-15,BR019,TLR-2928,C500417,cash deposit,139.06,CAD
CA00038533,2025-05-17,BR016,TLR-4389,C501820,cash withdrawal,3778.66,CAD
CA00037366,2025-05-21,BR009,TLR-3585,C500112,cash withdrawal,422.25,CAD
CA00039127,2025-05-06,BR019,TLR-4530,C501199,cash withdrawal,1050.27,CAD
CA00035532,2025-05-27,BR001,TLR-7763,C503553,cash withdrawal,310.72,CAD
CA00041481,2025-05-12,BR030,TLR-2309,C501058,cash withdrawal,466.64,CAD
CA00035908,2025-05-29,BR002,TLR-6979,C502706,cash withdrawal,-821.33,CAD
CA00040570,2025-05-07,BR026,TLR-3931,C500107,cash deposit,1152.12,CAD
CA00036727,2025-05-18,BR006,TLR-8400,C501902,cash deposit,481.4,CAD
CA00040662,2025-05-04,BR026,TLR-9055,C502552,cash deposit,270.79,CAD
CA00041285,2025-05-31,BR030,TLR-4457,C500333,cash withdrawal,809.28,CAD
CA00042596,2025-05-15,BR036,TLR-3479,C501123,cash deposit,2008.09,CAD
CA00040920,2025-05-12,BR028,TLR-5495,C500252,cash withdrawal,1918.54,CAD
CA00042001,2025-05-31,BR033,TLR-8218,C502485,cash deposit,619.8,CAD
CA00038350,2025-05-28,BR015,TLR-4157,C501395,cash deposit,340.67,CAD
CA00038761,2025-05-29,BR017,TLR-5908,C503508,cash withdrawal,237.56,CAD
CA00039065,2025-05-09,BR018,TLR-4893,C502590,cash deposit,157.06,CAD
CA00035880,2025-05-17,BR002,TLR-3756,C503622,cash deposit,253.14,CAD
CA00040248,2025-05-10,BR024,TLR-2205,C503818,cash withdrawal,1599.45,CAD
CA00040148,2025-05-18,BR024,TLR-8269,C501957,cash withdrawal,851.19,CAD
CA00035521,2025-05-19,BR001,TLR-7364,C501742,cash withdrawal,1098.19,CAD
CA00036174,2025-05-25,BR003,TLR-4759,C502331,cash withdrawal,664.35,CAD
CA00036799,2025-05-14,BR006,TLR-1861,C502282,cash withdrawal,646.35,CAD
CA00037278,2025-05-13,BR008,TLR-9102,C502257,cash withdrawal,850.14,CAD
CA00038917,2025-05-27,BR017,TLR-2679,C502593,cash withdrawal,1338.98,CAD
CA00042548,2025-05-08,BR036,TLR-9904,C501598,cash withdrawal,1642.54,CAD
CA00038937,2025-05-16,BR017,TLR-5951,C502502,cash withdrawal,1248.27,CAD
CA00039569,2025-05-30,BR020,TLR-8040,C500137,cash deposit,776.2,USD
CA00038187,2025-05-04,BR014,TLR-9709,C500910,cash deposit,2867.9,CAD
CA00036955,2025-05-09,BR007,TLR-9411,C503216,cash deposit,600.81,CAD
CA00043214,2025-05-08,BR039,TLR-4979,C503157,cash deposit,1481.67,CAD
CA00040306,2025-05-15,BR025,TLR-5271,C501126,cash withdrawal,-442.78,CAD
CA00041431,2025-05-20,BR030,TLR-6083,C503620,cash withdrawal,1279.68,CAD
CA00038921,2025-05-28,BR017,TLR-9355,C503647,cash deposit,140.15,CAD
CA00036317,2025-05-20,BR004,TLR-9520,C500085,cash withdrawal,719.55,CAD
CA00040579,2025-05-11,BR026,TLR-8588,C502388,cash withdrawal,-538.03,CAD
CA00041839,2025-05-31,BR032,TLR-8024,C500190,cash withdrawal,939.15,CAD
CA00042939,2025-05-06,BR037,TLR-2233,C500720,cash deposit,741.08,CAD
CA00036268,2025-05-16,BR004,TLR-6972,C500674,cash deposit,554.69,CAD
CA00035569,2025-05-29,BR001,TLR-2393,C503114,cash deposit,1011.38,CAD
CA00038058,2025-05-15,BR014,TLR-8706,C503817,cash withdrawal,92.13,CAD
CA00037755,2025-05-21,BR012,TLR-4535,C501357,cash deposit,874.26,CAD
CA00035733,2025-05-22,BR001,TLR-7580,C503300,cash withdrawal,1479.09,CAD
CA00044237,2025-05-23,BR040,TLR-7734,C502444,cash withdrawal,735.08,CAD
CA00038432,2025-05-17,BR015,TLR-2577,C502771,cash deposit,853.35,CAD
CA00041396,2025-05-03,BR030,TLR-7312,C500301,cash withdrawal,352.8,CAD
CA00039024,2025-05-19,BR018,TLR-1119,C502132,cash withdrawal,1753.96,CAD
CA00042162,2025-05-23,BR034,TLR-8115,C503189,cash deposit,353.83,CAD
CA00041585,2025-05-22,BR031,TLR-5587,C502693,cash withdrawal,647.75,CAD
CA00039151,2025-05-30,BR019,TLR-7903,C501325,cash deposit,1141.62,CAD
CA00039719,2025-05-22,BR021,TLR-8143,C503946,cash withdrawal,394.39,CAD
CA00041893,2025-05-18,BR033,TLR-7317,C502243,cash withdrawal,957.32,CAD
CA00035794,2025-05-28,BR002,TLR-4724,C503520,cash deposit,394.52,CAD
CA00038122,2025-05-22,BR014,TLR-8324,C500053,cash withdrawal,1871.37,CAD
CA00037591,2025-05-11,BR010,TLR-9105,C503302,cash deposit,1632.78,CAD
CA00041791,2025-05-19,BR032,TLR-6673,C500631,cash deposit,883.42,CAD
CA00041010,2025-05-30,BR028,TLR-4082,C502734,cash deposit,982.09,CAD
CA00041142,2025-05-18,BR029,TLR-4641,C501833,cash deposit,1588.65,CAD
CA00038196,2025-05-28,BR014,TLR-9039,C502761,cash deposit,997.04,CAD
CA00038908,2025-05-18,BR017,TLR-5593,C502658,cash withdrawal,169.87,CAD
CA00037581,2025-05-05,BR010,TLR-3514,C502439,cash withdrawal,1231.74,CAD
CA00035444,2025-05-04,BR001,TLR-2611,C500280,cash deposit,984.41,CAD
CA00037037,2025-05-08,BR008,TLR-4003,C501242,cash deposit,1279.97,CAD
CA00037068,2025-05-21,BR008,TLR-2222,C501068,cash withdrawal,327.73,CAD
CA00042911,2025-05-30,BR037,TLR-3627,C500117,cash withdrawal,1420.86,CAD
CA00042429,2025-05-16,BR035,TLR-3380,C501256,cash withdrawal,319.26,CAD
CA00040608,2025-05-13,BR026,TLR-3384,C501550,cash deposit,601.62,CAD
CA00042133,2025-05-30,BR034,TLR-6711,C502283,cash withdrawal,972.09,CAD
CA00036287,2025-05-30,BR004,TLR-6229,C500959,cash deposit,951.28,CAD
CA00035976,2025-05-07,BR003,TLR-2430,C503914,cash deposit,706.45,CAD
CA00036027,2025-05-26,BR003,TLR-9906,C500854,cash deposit,777.95,CAD
CA00037470,2025-05-24,BR010,TLR-2504,C502556,cash deposit,902.34,CAD
CA00035441,2025-05-03,BR001,TLR-5484,C503295,cash withdrawal,712.43,CAD
CA00039845,2025-05-12,BR022,TLR-1644,C502202,cash deposit,737.8,CAD
CA00038815,2025-05-30,BR017,TLR-5447,C502911,cash deposit,651.5,CAD
CA00043587,2025-05-04,BR040,TLR-3275,C501798,cash withdrawal,535.06,CAD
CA00038214,2025-05-01,BR014,TLR-4811,C502036,cash withdrawal,269.98,CAD
CA00035877,2025-05-01,BR002,TLR-3341,C502714,cash withdrawal,-933.44,CAD
CA00035856,2025-05-22,BR002,TLR-9113,C501112,cash withdrawal,-1055.64,CAD
CA00039122,2025-05-20,BR019,TLR-4283,C502936,cash deposit,2499.82,CAD
CA00039838,2025-05-05,BR022,TLR-6416,C501363,cash withdrawal,1026.86,CAD
CA00036622,2025-05-21,BR006,TLR-5520,C502986,cash withdrawal,2204.97,CAD
CA00042998,2025-05-19,BR038,TLR-6103,C500980,cash deposit,820.71,CAD
CA00043785,2025-05-28,BR040,TLR-6786,C502867,cash deposit,1777.26,CAD
CA00036197,2025-05-01,BR004,TLR-6546,C503452,cash deposit,737.04,CAD
CA00036845,2025-05-26,BR007,TLR-2891,C500107,cash withdrawal,654.02,CAD
CA00038713,2025-05-18,BR017,TLR-7906,C502005,cash deposit,621.68,CAD
CA00041228,2025-05-11,BR030,TLR-3208,C500840,cash deposit,1529.37,CAD
CA00035655,2025-05-05,BR001,TLR-7162,C502855,cash withdrawal,634.85,CAD
CA00040790,2025-05-25,BR027,TLR-4838,C502667,cash deposit,823.59,CAD
CA00042392,2025-05-25,BR035,TLR-5581,C501434,cash deposit,1131.36,CAD
CA00036389,2025-05-17,BR004,TLR-3041,C502858,cash deposit,1415.93,CAD
CA00043621,2025-05-21,BR040,TLR-4388,C503037,cash deposit,983.91,CAD
CA00041876,2025-05-27,BR032,TLR-9231,C503608,cash deposit,3502.05,CAD
CA00035744,2025-05-30,BR001,TLR-4174,C502211,cash deposit,234.13,CAD
CA00037351,2025-05-29,BR009,TLR-1064,C503589,cash withdrawal,5197.36,CAD
CA00043256,2025-05-01,BR039,TLR-7860,C500993,cash deposit,1519.68,CAD
CA00043268,2025-05-13,BR039,TLR-1627,C500583,cash deposit,1002.75,CAD
CA00037169,2025-05-19,BR008,TLR-1238,C501953,cash deposit,1294.92,CAD
CA00035683,2025-05-30,BR001,TLR-8822,C501425,cash deposit,1338.4,CAD
CA00038920,2025-05-20,BR017,TLR-4567,C502042,cash deposit,701.23,CAD
CA00035788,2025-05-19,BR002,TLR-2231,C500288,cash deposit,819.43,CAD
CA00035575,2025-05-02,BR001,TLR-8075,C502558,cash withdrawal,255.91,CAD
CA00039275,2025-05-19,BR019,TLR-6133,C503798,cash withdrawal,457.51,CAD
CA00037268,2025-05-15,BR008,TLR-7675,C501831,cash deposit,762.59,CAD
CA00037029,2025-05-11,BR007,TLR-7794,C502199,cash deposit,867.14,CAD
CA00041211,2025-05-30,BR030,TLR-5722,C501740,cash withdrawal,734.93,CAD
CA00037689,2025-05-13,BR012,TLR-3564,C500464,cash withdrawal,1340.79,CAD
CA00042221,2025-05-25,BR035,TLR-1547,C503907,cash deposit,546.19,CAD
CA00040514,2025-05-01,BR026,TLR-7047,C500610,cash withdrawal,-3867.04,CAD
CA00043409,2025-05-19,BR039,TLR-6622,C501474,cash withdrawal,3509.44,CAD
CA00043712,2025-05-30,BR040,TLR-7059,C503166,cash deposit,472.54,CAD
CA00036138,2025-05-22,BR003,TLR-2748,C501740,cash withdrawal,1471.89,CAD
CA00038839,2025-05-03,BR017,TLR-6894,C500384,cash deposit,2590.53,CAD
CA00042300,2025-05-17,BR035,TLR-9657,C500195,cash deposit,2135.2,CAD
CA00042846,2025-05-02,BR037,TLR-9003,C502504,cash withdrawal,1650.72,CAD
CA00039470,2025-05-27,BR020,TLR-8330,C500346,cash withdrawal,1712.38,USD
CA00040796,2025-05-05,BR027,TLR-1323,C501496,cash withdrawal,1261.43,CAD
CA00041440,2025-05-22,BR030,TLR-3870,C500248,cash deposit,776.86,CAD
CA00042442,2025-05-29,BR036,TLR-6887,C503385,cash withdrawal,3012.4,CAD
CA00043586,2025-05-19,BR040,TLR-7285,C503816,cash withdrawal,943.42,CAD
CA00036423,2025-05-17,BR004,TLR-1346,C502407,cash withdrawal,4381.32,CAD
CA00038224,2025-05-26,BR015,TLR-7464,C503029,cash withdrawal,888.87,CAD
CA00038471,2025-05-21,BR015,TLR-6385,C502252,cash deposit,237.48,CAD
CA00036651,2025-05-29,BR006,TLR-4719,C502954,cash withdrawal,315.89,CAD
CA00039815,2025-05-18,BR022,TLR-3361,C500493,cash deposit,1701.65,CAD
CA00042601,2025-05-06,BR036,TLR-4601,C501512,cash deposit,396.73,CAD
CA00041738,2025-05-16,BR031,TLR-9770,C503856,cash withdrawal,901.03,CAD
CA00042537,2025-05-17,BR036,TLR-7844,C503930,cash withdrawal,406.52,CAD
CA00036674,2025-05-15,BR006,TLR-4357,C502984,cash deposit,1145.06,CAD
CA00038777,2025-05-09,BR017,TLR-9797,C501672,cash withdrawal,1055.76,CAD
CA00036077,2025-05-18,BR003,TLR-6443,C500531,cash deposit,2321.78,CAD
CA00039279,2025-05-16,BR019,TLR-8269,C501004,cash withdrawal,304.65,CAD
CA00038926,2025-05-18,BR017,TLR-9931,C503841,cash deposit,141.63,CAD
CA00044051,2025-05-08,BR040,TLR-4582,C503302,cash withdrawal,569.49,CAD
CA00037859,2025-05-07,BR012,TLR-3921,C502743,cash withdrawal,663.56,CAD
CA00044186,2025-05-14,BR040,TLR-2203,C502705,cash withdrawal,2181.91,CAD
CA00039935,2025-05-24,BR023,TLR-5979,C501218,cash deposit,691.09,CAD
CA00043633,2025-05-03,BR040,TLR-7786,C501606,cash withdrawal,1789.48,CAD
CA00040978,2025-05-14,BR028,TLR-5568,C500613,cash deposit,1500.88,CAD
CA00037162,2025-05-17,BR008,TLR-8626,C500390,cash withdrawal,723.09,CAD
CA00042590,2025-05-10,BR036,TLR-1798,C503915,cash withdrawal,1295.48,CAD
CA00042737,2025-05-14,BR037,TLR-8840,C501429,cash deposit,6661.94,CAD
CA00037191,2025-05-13,BR008,TLR-2763,C501545,cash withdrawal,1093.55,CAD
CA00039315,2025-05-13,BR019,TLR-3111,C502976,cash deposit,822.6,CAD
CA00042743,2025-05-24,BR037,TLR-7839,C503908,cash deposit,1061.61,CAD
CA00042194,2025-05-27,BR035,TLR-2092,C501996,cash deposit,553.5,CAD
CA00042391,2025-05-08,BR035,TLR-2344,C501824,cash deposit,1414.83,CAD
CA00035743,2025-05-05,BR001,TLR-2254,C501732,cash withdrawal,314.39,CAD
CA00038429,2025-05-07,BR015,TLR-1375,C501621,cash withdrawal,894.24,CAD
CA00036760,2025-05-08,BR006,TLR-6139,C502232,cash withdrawal,3639.43,CAD
CA00042785,2025-05-04,BR037,TLR-1399,C502114,cash deposit,448.46,CAD
CA00039289,2025-05-04,BR019,TLR-5940,C502194,cash deposit,566.16,CAD
CA00039082,2025-05-10,BR018,TLR-6630,C503078,cash deposit,456.8,CAD
CA00039129,2025-05-19,BR019,TLR-8904,C503534,cash deposit,1002.24,CAD
CA00044096,2025-05-29,BR040,TLR-6913,C503924,cash deposit,716.36,CAD
CA00039677,2025-05-04,BR021,TLR-4147,C501304,cash withdrawal,3309.28,CAD
CA00043521,2025-05-18,BR040,TLR-9759,C501382,cash withdrawal,5839.65,CAD
CA00043598,2025-05-19,BR040,TLR-4942,C500907,cash deposit,615.18,CAD
CA00042304,2025-05-22,BR035,TLR-6920,C500607,cash deposit,2024.98,CAD
CA00037588,2025-05-15,BR010,TLR-1846,C500905,cash withdrawal,1989.1,CAD
CA00036112,2025-05-30,BR003,TLR-5722,C502283,cash withdrawal,1722.53,CAD
CA00036415,2025-05-03,BR004,TLR-5957,C502672,cash withdrawal,881.27,CAD
CA00035849,2025-05-21,BR002,TLR-6695,C500348,cash deposit,884.88,CAD
CA00040099,2025-05-27,BR024,TLR-9671,C500925,cash deposit,685.16,CAD
CA00035964,2025-05-19,BR002,TLR-4158,C503876,cash withdrawal,-709.18,CAD
CA00040765,2025-05-09,BR027,TLR-3703,C502741,cash withdrawal,1295.53,CAD
CA00037428,2025-05-02,BR010,TLR-6378,C500405,cash withdrawal,1086.12,CAD
CA00040207,2025-05-11,BR024,TLR-1803,C500470,cash withdrawal,1018.87,CAD
CA00042236,2025-05-15,BR035,TLR-2588,C503333,cash deposit,383.19,CAD
CA00041782,2025-05-12,BR032,TLR-3674,C500314,cash deposit,446.94,CAD
CA00040767,2025-05-05,BR027,TLR-9202,C501004,cash withdrawal,986.58,CAD
CA00039642,2025-05-11,BR021,TLR-6825,C502284,cash deposit,1326.47,CAD
CA00037426,2025-05-03,BR010,TLR-3170,C500427,cash deposit,417.46,CAD
CA00035411,2025-05-03,BR001,TLR-8053,C500709,cash withdrawal,328.57,CAD
CA00040746,2025-05-01,BR027,TLR-4277,C503029,cash withdrawal,1256.71,CAD
CA00043715,2025-05-03,BR040,TLR-7563,C502869,cash deposit,2619.42,CAD
CA00040586,2025-05-13,BR026,TLR-1096,C501147,cash withdrawal,-1069.02,CAD
CA00039262,2025-05-05,BR019,TLR-5462,C500841,cash withdrawal,2115.2,CAD
CA00037083,2025-05-21,BR008,TLR-3918,C500563,cash withdrawal,1776.36,CAD
CA00036743,2025-05-29,BR006,TLR-7792,C500928,cash deposit,886.07,CAD
CA00044273,2025-05-03,BR040,TLR-6465,C503429,cash deposit,1192.18,CAD
CA00041165,2025-05-21,BR029,TLR-2462,C502524,cash withdrawal,577.51,CAD
CA00043961,2025-05-16,BR040,TLR-6852,C503719,cash deposit,1732.59,CAD
CA00036947,2025-05-26,BR007,TLR-1601,C502522,cash withdrawal,737.04,CAD
CA00037919,2025-05-24,BR013,TLR-9792,C503977,cash withdrawal,1164.52,CAD
CA00038495,2025-05-22,BR015,TLR-2829,C502976,cash deposit,357.13,CAD
CA00042512,2025-05-20,BR036,TLR-5271,C502733,cash deposit,1274.15,CAD
CA00043322,2025-05-13,BR039,TLR-9716,C502780,cash deposit,1429.6,CAD
CA00036545,2025-05-11,BR005,TLR-5489,C500030,cash deposit,1771.51,CAD
CA00041755,2025-05-25,BR032,TLR-3457,C502122,cash deposit,1220.75,CAD
CA00040346,2025-05-08,BR025,TLR-2104,C502210,cash deposit,559.56,CAD
CA00043149,2025-05-03,BR038,TLR-6169,C500250,cash deposit,460.06,CAD
CA00039359,2025-05-14,BR019,TLR-9900,C501911,cash deposit,1175.82,CAD
CA00036798,2025-05-06,BR006,TLR-8244,C500261,cash withdrawal,2229.51,CAD
CA00040028,2025-05-03,BR024,TLR-2074,C501240,cash deposit,2039.33,CAD
CA00040822,2025-05-30,BR027,TLR-3276,C503129,cash withdrawal,579.06,CAD
CA00040454,2025-05-11,BR025,TLR-2495,C503570,cash deposit,1055.81,CAD
CA00037146,2025-05-06,BR008,TLR-9094,C503938,cash deposit,715.15,CAD
CA00041103,2025-05-11,BR029,TLR-8223,C501323,cash withdrawal,692.65,CAD
CA00037156,2025-05-29,BR008,TLR-4637,C501197,cash withdrawal,854.79,CAD
CA00038892,2025-05-27,BR017,TLR-2951,C501147,cash deposit,468.29,CAD
CA00037563,2025-05-17,BR010,TLR-7732,C501333,cash deposit,654.94,CAD
CA00041915,2025-05-28,BR033,TLR-9301,C500366,cash deposit,417.04,CAD
CA00043015,2025-05-17,BR038,TLR-9114,C501361,cash withdrawal,1623.68,CAD
CA00035933,2025-05-12,BR002,TLR-5407,C502533,cash withdrawal,-591.37,CAD
CA00043057,2025-05-04,BR038,TLR-1084,C501767,cash deposit,286.62,CAD
CA00039692,2025-05-15,BR021,TLR-1032,C502887,cash withdrawal,732.29,CAD
CA00037847,2025-05-26,BR012,TLR-7325,C502277,cash deposit,1051.43,CAD
CA00037475,2025-05-08,BR010,TLR-9690,C500721,cash deposit,2069.93,CAD
CA00042048,2025-05-11,BR034,TLR-3232,C501346,cash deposit,1245.25,CAD
CA00038932,2025-05-06,BR017,TLR-9348,C503092,cash deposit,460.44,CAD
CA00037991,2025-05-10,BR013,TLR-4786,C502549,cash deposit,316.9,CAD
CA00042453,2025-05-14,BR036,TLR-3470,C500742,cash withdrawal,1227.63,CAD
CA00040532,2025-05-29,BR026,TLR-8275,C500043,cash withdrawal,-554.68,CAD
CA00040039,2025-05-24,BR024,TLR-7305,C500014,cash withdrawal,1099.2,CAD
CA00037411,2025-05-18,BR009,TLR-4178,C501004,cash deposit,1500.2,CAD
CA00037325,2025-05-08,BR009,TLR-4417,C501566,cash deposit,2446.55,CAD
CA00040091,2025-05-02,BR024,TLR-7845,C500150,cash withdrawal,695.76,CAD
CA00043376,2025-05-24,BR039,TLR-5346,C500165,cash deposit,714.93,CAD
CA00036728,2025-05-11,BR006,TLR-5898,C503420,cash withdrawal,525.32,CAD
CA00036149,2025-05-25,BR003,TLR-9163,C500222,cash withdrawal,874.49,CAD
CA00038334,2025-05-31,BR015,TLR-3823,C500184,cash withdrawal,1004.35,CAD
CA00043160,2025-05-28,BR038,TLR-3487,C501027,cash deposit,2539.76,CAD
CA00040025,2025-05-11,BR024,TLR-5359,C500819,cash withdrawal,2154.1,CAD
CA00044241,2025-05-21,BR040,TLR-6543,C503784,cash withdrawal,1133.47,CAD
CA00042790,2025-05-29,BR037,TLR-1780,C501572,cash deposit,739.09,CAD
CA00038075,2025-05-27,BR014,TLR-5326,C502846,cash withdrawal,1442.9,CAD
CA00041691,2025-05-08,BR031,TLR-9955,C501104,cash deposit,2509.96,CAD
CA00036789,2025-05-13,BR006,TLR-9997,C503776,cash withdrawal,882.19,CAD
CA00038274,2025-05-17,BR015,TLR-6364,C502381,cash withdrawal,1479.29,CAD
CA00038602,2025-05-04,BR016,TLR-5013,C502735,cash deposit,931.19,CAD
CA00038733,2025-05-07,BR017,TLR-9905,C503310,cash withdrawal,357.06,CAD
CA00044191,2025-05-15,BR040,TLR-8818,C503272,cash withdrawal,1101.46,CAD
CA00039899,2025-05-06,BR023,TLR-9904,C503603,cash deposit,978.88,CAD
CA00039278,2025-05-03,BR019,TLR-5414,C503945,cash withdrawal,1860.97,CAD
CA00040045,2025-05-14,BR024,TLR-5223,C501726,cash withdrawal,2838.91,CAD
CA00037770,2025-05-07,BR012,TLR-6960,C502141,cash withdrawal,1933.65,CAD
CA00038600,2025-05-29,BR016,TLR-8061,C502062,cash deposit,963.23,CAD
CA00036105,2025-05-28,BR003,TLR-8666,C501689,cash deposit,499.51,CAD
CA00039292,2025-05-31,BR019,TLR-1475,C503461,cash deposit,199.48,CAD
CA00037050,2025-05-16,BR008,TLR-3387,C500858,cash deposit,773.44,CAD
CA00040440,2025-05-28,BR025,TLR-6311,C501978,cash withdrawal,-2313.71,CAD
CA00037933,2025-05-07,BR013,TLR-6451,C503172,cash withdrawal,924.93,CAD
CA00041075,2025-05-09,BR029,TLR-2853,C500834,cash withdrawal,903.48,CAD
CA00036645,2025-05-24,BR006,TLR-5392,C500577,cash deposit,312.19,CAD
CA00036660,2025-05-18,BR006,TLR-7045,C500620,cash withdrawal,509.02,CAD
CA00040149,2025-05-06,BR024,TLR-3270,C503112,cash deposit,647.17,CAD
CA00038768,2025-05-31,BR017,TLR-5343,C501087,cash withdrawal,570.33,CAD
CA00036899,2025-05-20,BR007,TLR-9514,C500137,cash withdrawal,1343.21,CAD
CA00043915,2025-05-07,BR040,TLR-4078,C500031,cash withdrawal,1195.52,CAD
CA00037506,2025-05-25,BR010,TLR-4668,C501000,cash deposit,543.26,CAD
CA00038140,2025-05-31,BR014,TLR-8489,C502432,cash withdrawal,4427.38,CAD
CA00039355,2025-05-14,BR019,TLR-9570,C503400,cash withdrawal,999.62,CAD
CA00037832,2025-05-27,BR012,TLR-3668,C502199,cash deposit,3419.62,CAD
CA00036002,2025-05-20,BR003,TLR-2468,C502966,cash withdrawal,1447.13,CAD
CA00039979,2025-05-08,BR023,TLR-1786,C502604,cash deposit,648.07,CAD
CA00038976,2025-05-03,BR018,TLR-2985,C501577,cash deposit,2456.33,CAD
CA00041941,2025-05-27,BR033,TLR-2702,C503327,cash deposit,4865.23,CAD
CA00040716,2025-05-02,BR026,TLR-1594,C502112,cash deposit,619.1,CAD
CA00040287,2025-05-25,BR025,TLR-9159,C500888,cash deposit,267.93,CAD
CA00040774,2025-05-31,BR027,TLR-3567,C503837,cash withdrawal,1405.44,CAD
CA00040115,2025-05-21,BR024,TLR-8954,C500763,cash deposit,2850.11,CAD
CA00038635,2025-05-16,BR016,TLR-9733,C501370,cash withdrawal,1987.74,CAD
CA00038782,2025-05-29,BR017,TLR-2051,C502766,cash withdrawal,3201.05,CAD
CA00038881,2025-05-03,BR017,TLR-3858,C500908,cash withdrawal,920.43,CAD
CA00035957,2025-05-19,BR002,TLR-4901,C502162,cash deposit,490.85,CAD
CA00041359,2025-05-21,BR030,TLR-4265,C503784,cash withdrawal,921.3,CAD
CA00043091,2025-05-05,BR038,TLR-2737,C503182,cash deposit,254.83,CAD
CA00041317,2025-05-03,BR030,TLR-2843,C502397,cash withdrawal,606.59,CAD
CA00040970,2025-05-20,BR028,TLR-3464,C500545,cash withdrawal,290.57,CAD
CA00039523,2025-05-27,BR020,TLR-2924,C502515,cash withdrawal,647.43,USD
CA00036575,2025-05-01,BR006,TLR-1890,C501762,cash withdrawal,382.39,CAD
CA00044042,2025-05-02,BR040,TLR-6003,C503537,cash deposit,1420.62,CAD
CA00035791,2025-05-17,BR002,TLR-7860,C501137,cash withdrawal,-5249.77,CAD
CA00039344,2025-05-25,BR019,TLR-2627,C503882,cash withdrawal,261.98,CAD
CA00037073,2025-05-10,BR008,TLR-3603,C500476,cash withdrawal,1407.94,CAD
CA00041975,2025-05-26,BR033,TLR-9831,C502450,cash withdrawal,530.23,CAD
CA00042003,2025-05-04,BR033,TLR-9358,C503627,cash withdrawal,1419.84,CAD
CA00038345,2025-05-31,BR015,TLR-6855,C503431,cash withdrawal,493.77,CAD
CA00042627,2025-05-20,BR036,TLR-2116,C501570,cash deposit,1081.64,CAD
CA00041229,2025-05-30,BR030,TLR-5114,C502253,cash withdrawal,1827.86,CAD
CA00036275,2025-05-02,BR004,TLR-4293,C501042,cash withdrawal,1300.68,CAD
CA00037211,2025-05-18,BR008,TLR-3898,C502259,cash withdrawal,877.64,CAD
CA00039175,2025-05-18,BR019,TLR-8279,C502741,cash deposit,1358.88,CAD
CA00041081,2025-05-25,BR029,TLR-1404,C500606,cash withdrawal,8827.49,CAD
CA00037541,2025-05-03,BR010,TLR-8907,C500120,cash deposit,1460.83,CAD
CA00040181,2025-05-12,BR024,TLR-8015,C503007,cash deposit,3952.17,CAD
CA00037214,2025-05-01,BR008,TLR-1602,C501528,cash deposit,845.37,CAD
CA00036309,2025-05-04,BR004,TLR-5832,C500495,cash withdrawal,3477.73,CAD
CA00037026,2025-05-04,BR007,TLR-5132,C500811,cash withdrawal,1202.59,CAD
CA00042181,2025-05-18,BR034,TLR-1164,C502380,cash withdrawal,1565.81,CAD
CA00036813,2025-05-18,BR006,TLR-2315,C501250,cash deposit,956.74,CAD
CA00036656,2025-05-27,BR006,TLR-4465,C501890,cash deposit,456.72,CAD
CA00040339,2025-05-07,BR025,TLR-3034,C503262,cash deposit,800.66,CAD
CA00039410,2025-05-02,BR019,TLR-4989,C501156,cash withdrawal,1640.75,CAD
CA00041686,2025-05-29,BR031,TLR-1566,C500279,cash withdrawal,882.76,CAD
CA00036765,2025-05-25,BR006,TLR-4900,C500522,cash deposit,1025.53,CAD
CA00037044,2025-05-09,BR008,TLR-3656,C501610,cash withdrawal,642.48,CAD
CA00035431,2025-05-13,BR001,TLR-4035,C500873,cash withdrawal,796.15,CAD
CA00040541,2025-05-14,BR026,TLR-4480,C502635,cash withdrawal,-1514.81,CAD
CA00042855,2025-05-04,BR037,TLR-5220,C503406,cash withdrawal,2892.33,CAD
CA00038268,2025-05-08,BR015,TLR-8237,C502287,cash deposit,667.61,CAD
CA00038542,2025-05-25,BR016,TLR-5300,C501693,cash deposit,892.16,CAD
CA00042677,2025-05-15,BR036,TLR-4709,C502426,cash deposit,1293.56,CAD
CA00037549,2025-05-03,BR010,TLR-7096,C501301,cash deposit,1009.26,CAD
CA00037535,2025-05-28,BR010,TLR-2735,C500006,cash deposit,1260.73,CAD
CA00040194,2025-05-20,BR024,TLR-7585,C500101,cash withdrawal,775.71,CAD
CA00038717,2025-05-05,BR017,TLR-6194,C500566,cash withdrawal,931.23,CAD
CA00036516,2025-05-20,BR005,TLR-9939,C502972,cash deposit,570.63,CAD
CA00042530,2025-05-22,BR036,TLR-7398,C501907,cash withdrawal,866.37,CAD
CA00038809,2025-05-09,BR017,TLR-1123,C503037,cash withdrawal,3876.16,CAD
CA00040144,2025-05-30,BR024,TLR-5554,C503812,cash withdrawal,832.43,CAD
CA00036265,2025-05-28,BR004,TLR-2345,C501556,cash withdrawal,1821.95,CAD
CA00036114,2025-05-02,BR003,TLR-5749,C503475,cash withdrawal,1121.64,CAD
CA00039138,2025-05-10,BR019,TLR-4573,C503038,cash withdrawal,1146.79,CAD
CA00039957,2025-05-09,BR023,TLR-8525,C502987,cash withdrawal,372.04,CAD
CA00040055,2025-05-04,BR024,TLR-5552,C501282,cash withdrawal,1790.1,CAD
CA00042254,2025-05-21,BR035,TLR-7367,C501374,cash withdrawal,408.39,CAD
CA00042417,2025-05-01,BR035,TLR-1404,C502493,cash deposit,2445.41,CAD
CA00043799,2025-05-24,BR040,TLR-7818,C502739,cash withdrawal,766.97,CAD
CA00044102,2025-05-05,BR040,TLR-7596,C503386,cash deposit,3101.53,CAD
CA00042101,2025-05-19,BR034,TLR-3294,C500120,cash deposit,1217.93,CAD
CA00038086,2025-05-08,BR014,TLR-1935,C501909,cash deposit,903.45,CAD
CA00042877,2025-05-10,BR037,TLR-6761,C501536,cash deposit,966.14,CAD
CA00037221,2025-05-06,BR008,TLR-4080,C503946,cash withdrawal,2355.14,CAD
CA00039905,2025-05-10,BR023,TLR-6788,C501879,cash deposit,686.17,CAD
CA00040788,2025-05-19,BR027,TLR-5592,C503107,cash deposit,1402.05,CAD
CA00035716,2025-05-24,BR001,TLR-5344,C503845,cash deposit,1145.12,CAD
CA00037509,2025-05-15,BR010,TLR-6284,C502140,cash deposit,738.74,CAD
CA00037126,2025-05-18,BR008,TLR-7206,C503678,cash deposit,1265.66,CAD
CA00043398,2025-05-03,BR039,TLR-6793,C500005,cash deposit,565.08,CAD
CA00036567,2025-05-27,BR006,TLR-1987,C501308,cash withdrawal,1582.02,CAD
CA00038786,2025-05-01,BR017,TLR-9455,C500906,cash deposit,1943.29,CAD
CA00041486,2025-05-09,BR030,TLR-2805,C500160,cash withdrawal,700.45,CAD
CA00041589,2025-05-17,BR031,TLR-9697,C500862,cash deposit,1293.66,CAD
CA00036436,2025-05-26,BR004,TLR-9464,C501973,cash deposit,1295.93,CAD
CA00044219,2025-05-30,BR040,TLR-4733,C501687,cash deposit,90.97,CAD
CA00040294,2025-05-26,BR025,TLR-6244,C500646,cash deposit,1423.92,CAD
CA00040548,2025-05-27,BR026,TLR-8854,C502607,cash deposit,980.38,CAD
CA00042085,2025-05-08,BR034,TLR-2271,C502608,cash deposit,5361.87,CAD
CA00040266,2025-05-02,BR024,TLR-4078,C501759,cash deposit,1025.43,CAD
CA00041277,2025-05-05,BR030,TLR-3046,C503823,cash deposit,1921.89,CAD
CA00042182,2025-05-25,BR034,TLR-3939,C503703,cash withdrawal,1089.86,CAD
CA00037315,2025-05-20,BR008,TLR-2195,C500387,cash withdrawal,1000.05,CAD
CA00039974,2025-05-22,BR023,TLR-5550,C502839,cash withdrawal,2517.87,CAD
CA00037335,2025-05-22,BR009,TLR-1685,C500176,cash withdrawal,695.46,CAD
CA00039558,2025-05-15,BR020,TLR-9965,C500990,cash deposit,624.16,USD
CA00041470,2025-05-15,BR030,TLR-1031,C500583,cash withdrawal,4137.79,CAD
CA00042122,2025-05-03,BR034,TLR-5971,C502241,cash deposit,647.23,CAD
CA00044143,2025-05-19,BR040,TLR-3727,C502292,cash withdrawal,1972.66,CAD
CA00041036,2025-05-16,BR028,TLR-7062,C500732,cash withdrawal,1185.36,CAD
CA00039111,2025-05-31,BR019,TLR-5406,C502135,cash withdrawal,1117.16,CAD
CA00038054,2025-05-25,BR014,TLR-8937,C501633,cash deposit,910.72,CAD
CA00035852,2025-05-09,BR002,TLR-3322,C501188,cash deposit,1264.13,CAD
CA00042836,2025-05-26,BR037,TLR-5573,C502894,cash withdrawal,1955.32,CAD
CA00037497,2025-05-20,BR010,TLR-6049,C503358,cash deposit,1312.74,CAD
CA00043668,2025-05-18,BR040,TLR-3925,C500980,cash deposit,1209.59,CAD
CA00039224,2025-05-28,BR019,TLR-8186,C502048,cash withdrawal,505.71,CAD
CA00039240,2025-05-25,BR019,TLR-6171,C500721,cash withdrawal,1311.77,CAD
CA00040731,2025-05-12,BR027,TLR-1741,C501341,cash deposit,1399.37,CAD
CA00036262,2025-05-07,BR004,TLR-4423,C500690,cash withdrawal,1169.78,CAD
CA00038332,2025-05-08,BR015,TLR-4376,C501869,cash withdrawal,3501.96,CAD
CA00038657,2025-05-16,BR016,TLR-8844,C503440,cash deposit,1188.61,CAD
CA00040779,2025-05-29,BR027,TLR-8985,C500768,cash withdrawal,732.82,CAD
CA00040587,2025-05-20,BR026,TLR-5544,C503372,cash deposit,751.11,CAD
CA00042703,2025-05-21,BR036,TLR-7357,C501908,cash deposit,534.1,CAD
CA00043663,2025-05-26,BR040,TLR-5696,C503312,cash deposit,531.53,CAD
CA00043225,2025-05-18,BR039,TLR-8443,C503957,cash deposit,789.75,CAD
CA00044094,2025-05-23,BR040,TLR-8070,C500057,cash withdrawal,2790.26,CAD
CA00035649,2025-05-19,BR001,TLR-5033,C502662,cash deposit,4787.62,CAD
CA00039420,2025-05-06,BR019,TLR-2444,C500141,cash deposit,649.27,CAD
CA00040165,2025-05-05,BR024,TLR-9556,C501979,cash deposit,2335.7,CAD
CA00041590,2025-05-13,BR031,TLR-7392,C501383,cash withdrawal,1551.68,CAD
CA00039860,2025-05-11,BR022,TLR-4454,C501000,cash withdrawal,796.38,CAD
CA00041002,2025-05-26,BR028,TLR-2864,C502372,cash deposit,864.58,CAD
CA00037261,2025-05-17,BR008,TLR-1549,C500021,cash deposit,981.66,CAD
CA00037365,2025-05-16,BR009,TLR-9939,C503673,cash withdrawal,1977.96,CAD
CA00035837,2025-05-01,BR002,TLR-2286,C501278,cash deposit,832.65,CAD
CA00038348,2025-05-12,BR015,TLR-6387,C503633,cash withdrawal,764.62,CAD
CA00038046,2025-05-09,BR014,TLR-5979,C500763,cash withdrawal,3399.38,CAD
CA00039015,2025-05-05,BR018,TLR-2777,C500695,cash deposit,1453.32,CAD
CA00041448,2025-05-17,BR030,TLR-2552,C503451,cash deposit,538.32,CAD
CA00040070,2025-05-16,BR024,TLR-6382,C503254,cash deposit,625.53,CAD
CA00039769,2025-05-09,BR021,TLR-7643,C502033,cash withdrawal,956.73,CAD
CA00038803,2025-05-23,BR017,TLR-2813,C503856,cash deposit,408.89,CAD
CA00037084,2025-05-23,BR008,TLR-4753,C503034,cash deposit,930.99,CAD
CA00038114,2025-05-04,BR014,TLR-1831,C503731,cash deposit,725.61,CAD
CA00040721,2025-05-12,BR026,TLR-7445,C501050,cash deposit,1544.17,CAD
CA00038002,2025-05-24,BR013,TLR-2503,C501099,cash withdrawal,615.33,CAD
CA00037043,2025-05-12,BR008,TLR-2326,C500184,cash withdrawal,3437.14,CAD
CA00042097,2025-05-03,BR034,TLR-6045,C503510,cash deposit,772.91,CAD
CA00040656,2025-05-09,BR026,TLR-4228,C503855,cash deposit,1418.35,CAD
CA00041966,2025-05-22,BR033,TLR-8861,C502322,cash deposit,1451.31,CAD
CA00037742,2025-05-11,BR012,TLR-3581,C500930,cash deposit,855.55,CAD
CA00043034,2025-05-26,BR038,TLR-6629,C503712,cash deposit,1157.81,CAD
CA00036253,2025-05-26,BR004,TLR-8559,C500033,cash deposit,763.06,CAD
CA00039191,2025-05-31,BR019,TLR-3456,C500407,cash deposit,706.99,CAD
CA00041433,2025-05-11,BR030,TLR-6014,C503083,cash withdrawal,1195.15,CAD
CA00042570,2025-05-10,BR036,TLR-4558,C502970,cash withdrawal,278.36,CAD
CA00035594,2025-05-06,BR001,TLR-2351,C503896,cash withdrawal,1960.89,CAD
CA00036295,2025-05-08,BR004,TLR-3631,C500960,cash deposit,1990.03,CAD
CA00042166,2025-05-17,BR034,TLR-8743,C500676,cash deposit,1704.47,CAD
CA00039912,2025-05-28,BR023,TLR-8453,C501914,cash deposit,798.32,CAD
CA00036687,2025-05-09,BR006,TLR-3640,C500393,cash withdrawal,1152.69,CAD
CA00038619,2025-05-24,BR016,TLR-5987,C503242,cash deposit,1612.15,CAD
CA00040219,2025-05-22,BR024,TLR-1154,C503588,cash deposit,1054.32,CAD
CA00035681,2025-05-20,BR001,TLR-5368,C503432,cash withdrawal,1369.17,CAD
CA00036582,2025-05-09,BR006,TLR-2478,C503123,cash deposit,827.98,CAD
CA00041767,2025-05-09,BR032,TLR-2696,C500216,cash withdrawal,3336.06,CAD
CA00042171,2025-05-15,BR034,TLR-6305,C503100,cash deposit,2343.37,CAD
CA00037773,2025-05-31,BR012,TLR-8322,C502034,cash withdrawal,496.87,CAD
CA00042311,2025-05-07,BR035,TLR-1507,C503480,cash deposit,482.09,CAD
CA00043077,2025-05-23,BR038,TLR-6255,C500115,cash deposit,715.41,CAD
CA00039047,2025-05-12,BR018,TLR-5493,C502653,cash withdrawal,1770.24,CAD
CA00043483,2025-05-06,BR040,TLR-9061,C502833,cash deposit,514.96,CAD
CA00041682,2025-05-09,BR031,TLR-6170,C500138,cash withdrawal,569.4,CAD
CA00038570,2025-05-30,BR016,TLR-6029,C501287,cash withdrawal,823.22,CAD
CA00040814,2025-05-18,BR027,TLR-7665,C500095,cash withdrawal,721.66,CAD
CA00040903,2025-05-08,BR027,TLR-1284,C501850,cash withdrawal,599.6,CAD
CA00041140,2025-05-29,BR029,TLR-3851,C501721,cash withdrawal,1231.28,CAD
CA00043002,2025-05-18,BR038,TLR-3460,C502201,cash withdrawal,624.09,CAD
CA00042396,2025-05-19,BR035,TLR-2124,C503959,cash withdrawal,1042.11,CAD
CA00038871,2025-05-19,BR017,TLR-7913,C501202,cash withdrawal,845.97,CAD
CA00039542,2025-05-03,BR020,TLR-3964,C502582,cash withdrawal,293.75,USD
CA00043309,2025-05-04,BR039,TLR-4207,C500940,cash withdrawal,431.71,CAD
CA00040033,2025-05-28,BR024,TLR-5577,C502196,cash withdrawal,456.91,CAD
CA00039478,2025-05-22,BR020,TLR-6804,C502918,cash withdrawal,800.24,USD
CA00042752,2025-05-02,BR037,TLR-4674,C503316,cash withdrawal,355.43,CAD
CA00041861,2025-05-06,BR032,TLR-6208,C501648,cash withdrawal,621.44,CAD
CA00040935,2025-05-14,BR028,TLR-8875,C503119,cash deposit,647.2,CAD
CA00040384,2025-05-17,BR025,TLR-4469,C503875,cash deposit,3293.95,CAD
CA00040111,2025-05-17,BR024,TLR-2732,C500845,cash deposit,460.93,CAD
CA00043745,2025-05-16,BR040,TLR-8311,C502470,cash deposit,2149.35,CAD
CA00043615,2025-05-08,BR040,TLR-4849,C500086,cash deposit,1984.76,CAD
CA00043413,2025-05-18,BR040,TLR-7211,C502617,cash deposit,1614.72,CAD
CA00043960,2025-05-29,BR040,TLR-1958,C503296,cash deposit,3359.48,CAD
CA00039747,2025-05-28,BR021,TLR-2052,C500170,cash withdrawal,2648.53,CAD
CA00038741,2025-05-28,BR017,TLR-6729,C501113,cash deposit,3070.24,CAD
CA00038579,2025-05-08,BR016,TLR-6651,C501281,cash deposit,858.42,CAD
CA00038466,2025-05-08,BR015,TLR-1152,C500722,cash deposit,1028.56,CAD
CA00041224,2025-05-16,BR030,TLR-5848,C503192,cash deposit,550.54,CAD
CA00043940,2025-05-19,BR040,TLR-2738,C502190,cash withdrawal,478.84,CAD
CA00038426,2025-05-03,BR015,TLR-6099,C503891,cash withdrawal,377.47,CAD
CA00043611,2025-05-29,BR040,TLR-8579,C503688,cash deposit,3519.67,CAD
CA00041005,2025-05-03,BR028,TLR-1405,C502339,cash withdrawal,2567.12,CAD
CA00039554,2025-05-06,BR020,TLR-2549,C500790,cash deposit,199.67,USD
CA00040075,2025-05-26,BR024,TLR-2197,C503920,cash deposit,3208.13,CAD
CA00035465,2025-05-14,BR001,TLR-3201,C502488,cash deposit,1816.96,CAD
CA00038192,2025-05-23,BR014,TLR-1276,C503719,cash deposit,861.54,CAD
CA00042282,2025-05-14,BR035,TLR-3435,C503123,cash deposit,563.57,CAD
CA00036584,2025-05-23,BR006,TLR-7567,C500188,cash deposit,330.86,CAD
CA00038363,2025-05-14,BR015,TLR-9162,C500333,cash withdrawal,2598.53,CAD
CA00042730,2025-05-23,BR037,TLR-7571,C502764,cash withdrawal,844.59,CAD
CA00039690,2025-05-26,BR021,TLR-5215,C501340,cash withdrawal,1698.66,CAD
CA00041647,2025-05-27,BR031,TLR-8679,C501451,cash deposit,1108.47,CAD
CA00038531,2025-05-11,BR016,TLR-9642,C503379,cash withdrawal,2718.99,CAD
CA00038228,2025-05-14,BR015,TLR-8601,C501245,cash withdrawal,1378.22,CAD
CA00037015,2025-05-07,BR007,TLR-9757,C500985,cash deposit,3184.02,CAD
CA00041883,2025-05-06,BR033,TLR-7145,C502761,cash deposit,983.72,CAD
CA00044074,2025-05-09,BR040,TLR-6985,C501459,cash deposit,446.06,CAD
CA00041950,2025-05-15,BR033,TLR-7008,C500617,cash withdrawal,1255.65,CAD
CA00040516,2025-05-18,BR026,TLR-8830,C502615,cash withdrawal,-805.33,CAD
CA00041889,2025-05-08,BR033,TLR-5562,C500293,cash withdrawal,911.75,CAD
CA00042650,2025-05-18,BR036,TLR-7422,C503818,cash withdrawal,847.96,CAD
CA00044052,2025-05-03,BR040,TLR-5470,C502436,cash withdrawal,537.42,CAD
CA00037198,2025-05-23,BR008,TLR-2133,C500679,cash deposit,2626.06,CAD
CA00039836,2025-05-03,BR022,TLR-9941,C503675,cash deposit,733.46,CAD
CA00041062,2025-05-17,BR029,TLR-2689,C502227,cash deposit,1189.63,CAD
CA00038763,2025-05-15,BR017,TLR-4263,C503225,cash withdrawal,652.79,CAD
CA00043240,2025-05-28,BR039,TLR-3355,C501224,cash withdrawal,633.53,CAD
CA00042481,2025-05-15,BR036,TLR-4033,C502337,cash withdrawal,287.61,CAD
CA00044033,2025-05-01,BR040,TLR-7013,C501163,cash deposit,1404.62,CAD
CA00044142,2025-05-20,BR040,TLR-2037,C503794,cash withdrawal,967.07,CAD
CA00038971,2025-05-30,BR018,TLR-5533,C502064,cash deposit,1453.31,CAD
CA00036721,2025-05-13,BR006,TLR-5632,C503095,cash deposit,671.54,CAD
CA00040594,2025-05-15,BR026,TLR-4593,C501603,cash deposit,176.85,CAD
CA00044221,2025-05-01,BR040,TLR-7059,C502638,cash withdrawal,1415.17,CAD
CA00040879,2025-05-23,BR027,TLR-2981,C503571,cash withdrawal,1215.3,CAD
CA00043112,2025-05-07,BR038,TLR-6988,C502818,cash deposit,814.22,CAD
CA00043751,2025-05-22,BR040,TLR-5238,C501376,cash deposit,1646.58,CAD
CA00042540,2025-05-11,BR036,TLR-1966,C502685,cash deposit,433.14,CAD
CA00038538,2025-05-03,BR016,TLR-7264,C503391,cash deposit,226.23,CAD
CA00039041,2025-05-09,BR018,TLR-6384,C502407,cash deposit,636.62,CAD
CA00043280,2025-05-08,BR039,TLR-5046,C503494,cash deposit,3158.08,CAD
CA00035963,2025-05-10,BR002,TLR-8865,C501446,cash withdrawal,-611.32,CAD
CA00043251,2025-05-31,BR039,TLR-8979,C501073,cash withdrawal,502.98,CAD
CA00037309,2025-05-01,BR008,TLR-3222,C500330,cash withdrawal,447.25,CAD
CA00040989,2025-05-23,BR028,TLR-3895,C501957,cash deposit,1010.41,CAD
CA00042828,2025-05-01,BR037,TLR-9141,C503895,cash withdrawal,1101.55,CAD
CA00036135,2025-05-06,BR003,TLR-5007,C501689,cash deposit,550.66,CAD
CA00037177,2025-05-31,BR008,TLR-4516,C500777,cash withdrawal,846.17,CAD
CA00036166,2025-05-28,BR003,TLR-7616,C502853,cash deposit,555.7,CAD
CA00041040,2025-05-03,BR028,TLR-8083,C500153,cash withdrawal,1895.17,CAD
CA00037305,2025-05-03,BR008,TLR-3120,C503910,cash deposit,3848.81,CAD
CA00041934,2025-05-15,BR033,TLR-1451,C501440,cash deposit,4660.89,CAD
CA00039537,2025-05-18,BR020,TLR-8583,C500442,cash deposit,520.05,USD
CA00036887,2025-05-25,BR007,TLR-5150,C503870,cash deposit,825.7,CAD
CA00036867,2025-05-25,BR007,TLR-3817,C503460,cash withdrawal,3898.19,CAD
CA00037267,2025-05-10,BR008,TLR-6476,C502283,cash deposit,410.58,CAD
CA00040919,2025-05-03,BR027,TLR-9572,C503285,cash withdrawal,9108.32,CAD
CA00040430,2025-05-24,BR025,TLR-1211,C500146,cash deposit,900.84,CAD
CA00040367,2025-05-22,BR025,TLR-2278,C503393,cash withdrawal,-737.0,CAD
CA00039430,2025-05-28,BR020,TLR-2519,C502146,cash withdrawal,937.16,USD
CA00042822,2025-05-26,BR037,TLR-7450,C503137,cash deposit,2618.61,CAD
CA00035625,2025-05-27,BR001,TLR-8136,C500306,cash withdrawal,664.15,CAD
CA00043493,2025-05-21,BR040,TLR-5691,C502378,cash deposit,3231.24,CAD
CA00043196,2025-05-25,BR038,TLR-8492,C501352,cash withdrawal,516.39,CAD
CA00037512,2025-05-23,BR010,TLR-4105,C503870,cash withdrawal,723.16,CAD
CA00035729,2025-05-06,BR001,TLR-7152,C500142,cash withdrawal,1387.62,CAD
CA00036935,2025-05-19,BR007,TLR-2393,C501337,cash withdrawal,561.22,CAD
CA00040340,2025-05-10,BR025,TLR-6478,C501990,cash withdrawal,-1492.67,CAD
CA00039032,2025-05-07,BR018,TLR-6351,C500579,cash deposit,1264.26,CAD
CA00040807,2025-05-02,BR027,TLR-3838,C500198,cash deposit,1798.42,CAD
CA00042447,2025-05-24,BR036,TLR-3671,C500638,cash withdrawal,776.25,CAD
CA00041092,2025-05-22,BR029,TLR-2678,C502894,cash withdrawal,451.2,CAD
CA00039349,2025-05-08,BR019,TLR-6816,C502351,cash withdrawal,1822.45,CAD
CA00041557,2025-05-13,BR031,TLR-2140,C503902,cash deposit,226.37,CAD
CA00036447,2025-05-12,BR004,TLR-3323,C502624,cash withdrawal,686.19,CAD
CA00036967,2025-05-14,BR007,TLR-6312,C502634,cash deposit,460.56,CAD
CA00042314,2025-05-01,BR035,TLR-2049,C501014,cash deposit,945.82,CAD
CA00042506,2025-05-26,BR036,TLR-5976,C502570,cash deposit,619.53,CAD
CA00035446,2025-05-20,BR001,TLR-6677,C502351,cash deposit,397.78,CAD
CA00039702,2025-05-25,BR021,TLR-4700,C503469,cash deposit,1008.47,CAD
CA00040986,2025-05-31,BR028,TLR-5312,C503238,cash deposit,1192.33,CAD
CA00040031,2025-05-08,BR024,TLR-9774,C501884,cash withdrawal,642.84,CAD
CA00041265,2025-05-23,BR030,TLR-7050,C502698,cash withdrawal,1707.59,CAD
CA00043092,2025-05-06,BR038,TLR-7145,C502070,cash deposit,629.69,CAD
CA00042069,2025-05-06,BR034,TLR-8261,C501016,cash withdrawal,835.18,CAD
CA00039943,2025-05-08,BR023,TLR-4403,C502328,cash withdrawal,2052.66,CAD
CA00039506,2025-05-11,BR020,TLR-2419,C500333,cash withdrawal,1131.73,USD
CA00039483,2025-05-23,BR020,TLR-9304,C503636,cash deposit,333.83,USD
CA00042431,2025-05-31,BR035,TLR-1597,C503236,cash withdrawal,1097.33,CAD
CA00036204,2025-05-22,BR004,TLR-5740,C500759,cash deposit,1150.14,CAD
CA00036908,2025-05-03,BR007,TLR-5007,C502331,cash deposit,1091.24,CAD
CA00043469,2025-05-08,BR040,TLR-3061,C501234,cash deposit,285.31,CAD
CA00043024,2025-05-08,BR038,TLR-6192,C503216,cash withdrawal,505.57,CAD
CA00036023,2025-05-28,BR003,TLR-5418,C503494,cash withdrawal,1046.67,CAD
CA00040803,2025-05-31,BR027,TLR-4372,C502405,cash deposit,1167.35,CAD
CA00041987,2025-05-14,BR033,TLR-2513,C502198,cash deposit,2378.57,CAD
CA00039665,2025-05-01,BR021,TLR-4904,C501662,cash withdrawal,851.66,CAD
CA00039014,2025-05-30,BR018,TLR-8408,C502529,cash withdrawal,1088.41,CAD
CA00039089,2025-05-03,BR018,TLR-7299,C503692,cash withdrawal,973.38,CAD
CA00039800,2025-05-30,BR021,TLR-4014,C500940,cash withdrawal,601.81,CAD
CA00042385,2025-05-11,BR035,TLR-9246,C501480,cash deposit,1504.7,CAD
CA00044259,2025-05-10,BR040,TLR-9779,C502386,cash withdrawal,916.14,CAD
CA00036173,2025-05-10,BR003,TLR-5690,C502797,cash withdrawal,265.53,CAD
CA00037093,2025-05-25,BR008,TLR-6730,C502274,cash deposit,216.9,CAD
CA00040705,2025-05-22,BR026,TLR-1137,C501178,cash withdrawal,-851.87,CAD
CA00035686,2025-05-24,BR001,TLR-8047,C500930,cash deposit,1153.27,CAD
CA00037464,2025-05-16,BR010,TLR-3562,C503215,cash withdrawal,1004.36,CAD
CA00039390,2025-05-13,BR019,TLR-8846,C502600,cash deposit,2062.48,CAD
CA00040686,2025-05-02,BR026,TLR-5118,C503749,cash withdrawal,-741.47,CAD
CA00036420,2025-05-28,BR004,TLR-7033,C500678,cash deposit,305.6,CAD
CA00038361,2025-05-14,BR015,TLR-9695,C503312,cash withdrawal,499.51,CAD
CA00042821,2025-05-21,BR037,TLR-3929,C503496,cash deposit,475.48,CAD
CA00038738,2025-05-07,BR017,TLR-1632,C501279,cash deposit,2059.65,CAD
CA00037021,2025-05-22,BR007,TLR-8964,C503250,cash deposit,1847.92,CAD
CA00039941,2025-05-26,BR023,TLR-7138,C500652,cash withdrawal,432.98,CAD
CA00040010,2025-05-03,BR024,TLR-5898,C500757,cash withdrawal,1002.29,CAD
CA00041112,2025-05-22,BR029,TLR-4245,C502855,cash deposit,839.59,CAD
CA00041637,2025-05-06,BR031,TLR-9578,C501807,cash withdrawal,589.14,CAD
CA00040302,2025-05-17,BR025,TLR-2429,C501075,cash withdrawal,-272.81,CAD
CA00037123,2025-05-06,BR008,TLR-3518,C502953,cash withdrawal,1072.82,CAD
CA00040395,2025-05-19,BR025,TLR-8611,C503368,cash deposit,1117.33,CAD
CA00035821,2025-05-04,BR002,TLR-3262,C503493,cash deposit,776.42,CAD
CA00040231,2025-05-28,BR024,TLR-2302,C503174,cash withdrawal,1460.44,CAD
CA00043311,2025-05-03,BR039,TLR-7855,C502356,cash withdrawal,1720.98,CAD
CA00041246,2025-05-01,BR030,TLR-2232,C503458,cash withdrawal,471.1,CAD
CA00039246,2025-05-10,BR019,TLR-1651,C501762,cash withdrawal,434.74,CAD
CA00038104,2025-05-30,BR014,TLR-2615,C500924,cash withdrawal,332.26,CAD
CA00035874,2025-05-26,BR002,TLR-2098,C500975,cash deposit,1442.12,CAD
CA00038007,2025-05-25,BR013,TLR-2797,C500689,cash withdrawal,720.73,CAD
CA00040342,2025-05-23,BR025,TLR-5980,C501981,cash withdrawal,-345.61,CAD
CA00038043,2025-05-18,BR014,TLR-4498,C502898,cash withdrawal,1023.01,CAD
CA00041175,2025-05-20,BR029,TLR-1786,C501752,cash deposit,530.74,CAD
CA00039212,2025-05-03,BR019,TLR-5688,C500749,cash deposit,1597.49,CAD
CA00039681,2025-05-19,BR021,TLR-9384,C500956,cash deposit,575.66,CAD
CA00040061,2025-05-08,BR024,TLR-1943,C503207,cash deposit,1712.73,CAD
CA00036502,2025-05-31,BR005,TLR-6657,C503968,cash deposit,825.34,CAD
CA00039751,2025-05-08,BR021,TLR-8408,C501602,cash deposit,363.26,CAD
CA00043665,2025-05-03,BR040,TLR-3291,C500830,cash withdrawal,917.87,CAD
CA00042124,2025-05-26,BR034,TLR-8011,C500797,cash deposit,1707.31,CAD
CA00037262,2025-05-07,BR008,TLR-9157,C500132,cash withdrawal,371.58,CAD
CA00043445,2025-05-27,BR040,TLR-2193,C501991,cash deposit,1392.22,CAD
CA00053304,2025-05-16,BR005,TLR-5765,W936191,cash withdrawal,384.36,CAD
CA00039422,2025-05-30,BR019,TLR-7797,C503789,cash withdrawal,817.96,CAD
CA00037856,2025-05-14,BR012,TLR-9063,C500797,cash withdrawal,1576.67,CAD
CA00041517,2025-05-16,BR031,TLR-6172,C500302,cash deposit,306.26,CAD
CA00042732,2025-05-12,BR037,TLR-9188,C501305,cash deposit,1539.22,CAD
CA00044000,2025-05-20,BR040,TLR-6874,C501844,cash deposit,646.76,CAD
CA00039982,2025-05-23,BR023,TLR-8221,C502916,cash deposit,3067.06,CAD
CA00038872,2025-05-20,BR017,TLR-5579,C503926,cash withdrawal,1526.15,CAD
CA00038568,2025-05-08,BR016,TLR-9434,C500181,cash deposit,2972.47,CAD
CA00043519,2025-05-08,BR040,TLR-5200,C501865,cash deposit,337.53,CAD
CA00036358,2025-05-21,BR004,TLR-8953,C501836,cash withdrawal,622.22,CAD
CA00040869,2025-05-26,BR027,TLR-3773,C502645,cash deposit,841.06,CAD
CA00040652,2025-05-01,BR026,TLR-8969,C501555,cash deposit,582.45,CAD
CA00042740,2025-05-27,BR037,TLR-7414,C501512,cash deposit,1262.65,CAD
CA00038981,2025-05-06,BR018,TLR-9203,C502465,cash withdrawal,243.09,CAD
CA00042495,2025-05-05,BR036,TLR-2875,C503244,cash withdrawal,762.22,CAD
CA00039624,2025-05-10,BR020,TLR-4634,C501120,cash withdrawal,716.04,USD
CA00043004,2025-05-01,BR038,TLR-2499,C501008,cash withdrawal,937.81,CAD
CA00043827,2025-05-22,BR040,TLR-4258,C503889,cash withdrawal,246.12,CAD
CA00042412,2025-05-03,BR035,TLR-5400,C500173,cash deposit,538.84,CAD
CA00040718,2025-05-17,BR026,TLR-6118,C503660,cash withdrawal,-599.06,CAD
CA00042278,2025-05-20,BR035,TLR-4410,C501801,cash withdrawal,1427.88,CAD
CA00044248,2025-05-12,BR040,TLR-7707,C500606,cash deposit,1498.67,CAD
CA00041221,2025-05-02,BR030,TLR-4269,C501081,cash deposit,1131.66,CAD
CA00043140,2025-05-27,BR038,TLR-9484,C501965,cash withdrawal,946.86,CAD
CA00042937,2025-05-04,BR037,TLR-3006,C500543,cash deposit,644.7,CAD
CA00037185,2025-05-26,BR008,TLR-8225,C500740,cash deposit,559.66,CAD
CA00044045,2025-05-27,BR040,TLR-4562,C501078,cash deposit,1398.65,CAD
CA00037727,2025-05-21,BR012,TLR-1991,C502927,cash deposit,435.39,CAD
CA00037483,2025-05-06,BR010,TLR-2967,C500728,cash withdrawal,2749.75,CAD
CA00044198,2025-05-07,BR040,TLR-3731,C500378,cash deposit,1420.74,CAD
CA00042338,2025-05-16,BR035,TLR-1243,C502300,cash deposit,2607.26,CAD
CA00042303,2025-05-22,BR035,TLR-7103,C501085,cash withdrawal,1788.92,CAD
CA00038606,2025-05-02,BR016,TLR-1772,C502985,cash withdrawal,1095.12,CAD
CA00043070,2025-05-20,BR038,TLR-3403,C501061,cash withdrawal,2205.76,CAD
CA00044245,2025-05-22,BR040,TLR-2951,C503573,cash deposit,576.53,CAD
CA00040575,2025-05-05,BR026,TLR-7402,C500863,cash withdrawal,-404.55,CAD
CA00043198,2025-05-07,BR038,TLR-5843,C501148,cash withdrawal,943.07,CAD
CA00040917,2025-05-18,BR027,TLR-7016,C500199,cash withdrawal,9537.27,CAD
CA00042210,2025-05-21,BR035,TLR-3838,C502967,cash deposit,1321.63,CAD
CA00041841,2025-05-26,BR032,TLR-3904,C500459,cash deposit,1783.99,CAD
CA00043843,2025-05-28,BR040,TLR-8647,C502640,cash withdrawal,752.77,CAD
CA00039133,2025-05-24,BR019,TLR-1420,C502779,cash deposit,501.74,CAD
CA00040459,2025-05-18,BR025,TLR-7818,C501452,cash withdrawal,-473.27,CAD
CA00039304,2025-05-07,BR019,TLR-4478,C502868,cash deposit,573.78,CAD
CA00035889,2025-05-04,BR002,TLR-4098,C503711,cash withdrawal,-1264.86,CAD
CA00042105,2025-05-09,BR034,TLR-6258,C501466,cash withdrawal,1034.65,CAD
CA00043042,2025-05-19,BR038,TLR-8011,C501845,cash withdrawal,503.9,CAD
CA00042295,2025-05-03,BR035,TLR-3677,C500670,cash withdrawal,280.08,CAD
CA00039831,2025-05-28,BR022,TLR-9268,C500800,cash deposit,1481.77,CAD
CA00039695,2025-05-12,BR021,TLR-9564,C500956,cash deposit,3080.92,CAD
CA00037070,2025-05-28,BR008,TLR-6120,C502028,cash withdrawal,244.44,CAD
CA00037389,2025-05-10,BR009,TLR-9307,C502985,cash deposit,1185.89,CAD
CA00043354,2025-05-03,BR039,TLR-8188,C502984,cash withdrawal,581.17,CAD
CA00040661,2025-05-27,BR026,TLR-9906,C501073,cash withdrawal,-2824.34,CAD
CA00037312,2025-05-02,BR008,TLR-3717,C500917,cash deposit,388.69,CAD
CA00041099,2025-05-26,BR029,TLR-3127,C503891,cash withdrawal,605.52,CAD
CA00041757,2025-05-03,BR032,TLR-2492,C501266,cash withdrawal,567.52,CAD
CA00038710,2025-05-06,BR017,TLR-2235,C503529,cash deposit,1741.53,CAD
CA00041765,2025-05-28,BR032,TLR-7417,C503607,cash deposit,677.11,CAD
CA00035835,2025-05-14,BR002,TLR-7605,C503037,cash deposit,516.48,CAD
CA00043449,2025-05-25,BR040,TLR-4832,C500566,cash deposit,397.6,CAD
CA00040035,2025-05-01,BR024,TLR-4098,C500232,cash deposit,693.88,CAD
CA00038582,2025-05-13,BR016,TLR-6843,C502738,cash withdrawal,1178.96,CAD
CA00040464,2025-05-25,BR025,TLR-4971,C500022,cash withdrawal,-740.96,CAD
CA00042909,2025-05-09,BR037,TLR-1949,C500033,cash withdrawal,798.71,CAD
CA00039442,2025-05-17,BR020,TLR-5509,C503089,cash deposit,470.15,USD
CA00042116,2025-05-17,BR034,TLR-7865,C502498,cash withdrawal,1599.97,CAD
CA00041881,2025-05-19,BR033,TLR-9492,C502850,cash deposit,668.93,CAD
CA00036274,2025-05-10,BR004,TLR-6648,C500958,cash deposit,755.03,CAD
CA00038378,2025-05-01,BR015,TLR-4068,C503812,cash deposit,1335.64,CAD
CA00044026,2025-05-18,BR040,TLR-2090,C501032,cash deposit,901.82,CAD
CA00043583,2025-05-22,BR040,TLR-3344,C502594,cash deposit,2004.1,CAD
CA00037869,2025-05-11,BR012,TLR-6251,C503104,cash withdrawal,794.72,CAD
CA00039733,2025-05-14,BR021,TLR-4942,C501358,cash withdrawal,584.06,CAD
CA00042550,2025-05-18,BR036,TLR-8091,C501360,cash deposit,1016.4,CAD
CA00040711,2025-05-22,BR026,TLR-8658,C500873,cash withdrawal,-715.21,CAD
CA00043250,2025-05-30,BR039,TLR-7280,C500771,cash deposit,2232.04,CAD
CA00042887,2025-05-31,BR037,TLR-7392,C503305,cash deposit,241.75,CAD
CA00037670,2025-05-02,BR011,TLR-7095,C500324,cash deposit,529.37,CAD
CA00037584,2025-05-19,BR010,TLR-5854,C503105,cash withdrawal,714.55,CAD
CA00038384,2025-05-16,BR015,TLR-7038,C501456,cash withdrawal,1083.93,CAD
CA00041008,2025-05-24,BR028,TLR-2270,C502023,cash deposit,1201.55,CAD
CA00040752,2025-05-06,BR027,TLR-4354,C500687,cash deposit,1084.39,CAD
CA00043125,2025-05-01,BR038,TLR-6468,C500538,cash withdrawal,1488.17,CAD
CA00039070,2025-05-10,BR018,TLR-2021,C501950,cash withdrawal,2617.48,CAD
CA00041698,2025-05-08,BR031,TLR-8537,C503901,cash withdrawal,1336.55,CAD
CA00042130,2025-05-15,BR034,TLR-5173,C503948,cash withdrawal,1133.16,CAD
CA00038675,2025-05-09,BR016,TLR-8971,C501293,cash withdrawal,576.08,CAD
CA00037308,2025-05-09,BR008,TLR-8702,C501270,cash deposit,818.09,CAD
CA00042536,2025-05-20,BR036,TLR-6667,C500082,cash withdrawal,2374.82,CAD
CA00038811,2025-05-29,BR017,TLR-9718,C503009,cash withdrawal,662.52,CAD
CA00039264,2025-05-19,BR019,TLR-6237,C501796,cash withdrawal,424.89,CAD
CA00042062,2025-05-30,BR034,TLR-6825,C500330,cash withdrawal,2937.93,CAD
CA00042267,2025-05-16,BR035,TLR-2198,C501354,cash withdrawal,949.28,CAD
CA00037364,2025-05-11,BR009,TLR-9018,C501301,cash withdrawal,3629.62,CAD
CA00039789,2025-05-14,BR021,TLR-4085,C503550,cash withdrawal,1096.21,CAD
CA00040628,2025-05-12,BR026,TLR-9523,C500018,cash withdrawal,-568.53,CAD
CA00040303,2025-05-16,BR025,TLR-8373,C500365,cash withdrawal,-1541.38,CAD
CA00036527,2025-05-27,BR005,TLR-1016,C502400,cash withdrawal,3561.42,CAD
CA00041534,2025-05-02,BR031,TLR-2677,C501319,cash deposit,380.3,CAD
CA00043673,2025-05-02,BR040,TLR-9716,C502109,cash deposit,888.58,CAD
CA00042195,2025-05-03,BR035,TLR-4871,C503389,cash withdrawal,940.31,CAD
CA00037234,2025-05-07,BR008,TLR-2213,C502730,cash deposit,174.5,CAD
CA00037740,2025-05-05,BR012,TLR-8095,C502308,cash withdrawal,995.41,CAD
CA00038537,2025-05-11,BR016,TLR-6954,C501791,cash deposit,3079.19,CAD
CA00036669,2025-05-10,BR006,TLR-3579,C500845,cash withdrawal,1120.93,CAD
CA00037494,2025-05-24,BR010,TLR-1956,C500758,cash withdrawal,542.98,CAD
CA00039837,2025-05-10,BR022,TLR-6073,C503628,cash withdrawal,1975.92,CAD
CA00040530,2025-05-27,BR026,TLR-4758,C502413,cash deposit,1210.21,CAD
CA00039148,2025-05-25,BR019,TLR-1137,C503138,cash withdrawal,967.78,CAD
CA00041661,2025-05-24,BR031,TLR-9292,C502380,cash deposit,419.9,CAD
CA00039093,2025-05-20,BR019,TLR-4450,C500453,cash deposit,727.57,CAD
CA00042871,2025-05-12,BR037,TLR-4465,C501626,cash deposit,400.81,CAD
CA00038375,2025-05-15,BR015,TLR-6268,C500079,cash deposit,466.43,CAD
CA00040068,2025-05-15,BR024,TLR-8021,C500169,cash withdrawal,3529.25,CAD
CA00043772,2025-05-23,BR040,TLR-8841,C500870,cash deposit,1834.48,CAD
CA00040362,2025-05-31,BR025,TLR-5959,C501294,cash withdrawal,-1453.22,CAD
CA00039295,2025-05-23,BR019,TLR-2086,C500880,cash deposit,1102.67,CAD
CA00041793,2025-05-24,BR032,TLR-3049,C502759,cash deposit,1311.29,CAD
CA00041159,2025-05-08,BR029,TLR-5701,C500714,cash deposit,1686.31,CAD
CA00041910,2025-05-13,BR033,TLR-6477,C503617,cash withdrawal,1400.44,CAD
CA00039814,2025-05-22,BR022,TLR-3276,C503850,cash withdrawal,1347.11,CAD
CA00039790,2025-05-16,BR021,TLR-5198,C501845,cash withdrawal,1809.43,CAD
CA00042029,2025-05-24,BR033,TLR-8406,C501077,cash withdrawal,1721.6,CAD
CA00042169,2025-05-13,BR034,TLR-2513,C503404,cash deposit,234.28,CAD
CA00041518,2025-05-13,BR031,TLR-7250,C503045,cash withdrawal,2981.95,CAD
CA00043388,2025-05-16,BR039,TLR-5145,C501409,cash withdrawal,437.03,CAD
CA00035568,2025-05-19,BR001,TLR-6272,C502184,cash withdrawal,903.53,CAD
CA00036850,2025-05-13,BR007,TLR-7341,C503793,cash withdrawal,2057.33,CAD
CA00041745,2025-05-29,BR032,TLR-2132,C500070,cash withdrawal,3901.95,CAD
CA00039928,2025-05-22,BR023,TLR-5338,C500626,cash withdrawal,553.33,CAD
CA00039931,2025-05-17,BR023,TLR-2295,C500730,cash deposit,469.11,CAD
CA00037533,2025-05-03,BR010,TLR-7209,C500423,cash withdrawal,2818.38,CAD
CA00042111,2025-05-08,BR034,TLR-4671,C503952,cash deposit,1869.68,CAD
CA00039775,2025-05-21,BR021,TLR-1246,C500835,cash deposit,942.71,CAD
CA00036444,2025-05-19,BR004,TLR-8631,C502683,cash deposit,655.75,CAD
CA00035783,2025-05-02,BR002,TLR-7373,C500010,cash deposit,537.99,CAD
CA00040811,2025-05-15,BR027,TLR-3788,C502293,cash deposit,749.02,CAD
CA00042176,2025-05-05,BR034,TLR-1217,C502285,cash withdrawal,794.14,CAD
CA00035749,2025-05-10,BR002,TLR-4228,C500795,cash deposit,813.16,CAD
CA00040478,2025-05-05,BR025,TLR-7270,C500433,cash deposit,5073.73,CAD
CA00044255,2025-05-26,BR040,TLR-8101,C503130,cash deposit,510.15,CAD
CA00038263,2025-05-22,BR015,TLR-5187,C502464,cash withdrawal,1452.21,CAD
CA00040169,2025-05-14,BR024,TLR-6695,C503247,cash deposit,2037.41,CAD
CA00041901,2025-05-30,BR033,TLR-5970,C503744,cash withdrawal,728.17,CAD
CA00041435,2025-05-25,BR030,TLR-1489,C502015,cash deposit,457.37,CAD
CA00038505,2025-05-21,BR015,TLR-5390,C501059,cash withdrawal,1531.13,CAD
CA00040230,2025-05-12,BR024,TLR-3566,C500628,cash withdrawal,538.45,CAD
CA00041471,2025-05-13,BR030,TLR-6551,C503422,cash deposit,1132.26,CAD
CA00037763,2025-05-06,BR012,TLR-9612,C501584,cash withdrawal,2432.26,CAD
CA00037834,2025-05-19,BR012,TLR-3330,C502942,cash withdrawal,2505.25,CAD
CA00038484,2025-05-12,BR015,TLR-9340,C503313,cash withdrawal,237.81,CAD
CA00038870,2025-05-10,BR017,TLR-8640,C502170,cash deposit,1826.07,CAD
CA00044265,2025-05-09,BR040,TLR-4062,C502556,cash withdrawal,3160.47,CAD
CA00044040,2025-05-08,BR040,TLR-9408,C501477,cash deposit,858.14,CAD
CA00042078,2025-05-15,BR034,TLR-6612,C501554,cash deposit,423.59,CAD
CA00041564,2025-05-24,BR031,TLR-6616,C501253,cash withdrawal,473.66,CAD
CA00039797,2025-05-15,BR021,TLR-8607,C503148,cash deposit,1078.69,CAD
CA00036163,2025-05-30,BR003,TLR-6756,C503570,cash withdrawal,3062.65,CAD
CA00038447,2025-05-08,BR015,TLR-8517,C502719,cash withdrawal,421.14,CAD
CA00040048,2025-05-29,BR024,TLR-3916,C502786,cash deposit,2169.76,CAD
CA00037101,2025-05-21,BR008,TLR-9173,C503291,cash deposit,1229.98,CAD
CA00039780,2025-05-09,BR021,TLR-1893,C501758,cash withdrawal,3234.34,CAD
CA00039555,2025-05-25,BR020,TLR-3922,C500671,cash withdrawal,360.63,USD
CA00037765,2025-05-10,BR012,TLR-6718,C503893,cash deposit,520.5,CAD
CA00040501,2025-05-23,BR026,TLR-8689,C501097,cash deposit,609.23,CAD
CA00035504,2025-05-09,BR001,TLR-9740,C502597,cash deposit,597.59,CAD
CA00040050,2025-05-19,BR024,TLR-2623,C503984,cash deposit,592.34,CAD
CA00040393,2025-05-12,BR025,TLR-3939,C503431,cash deposit,1056.04,CAD
CA00041117,2025-05-27,BR029,TLR-9101,C501250,cash deposit,195.82,CAD
CA00043182,2025-05-04,BR038,TLR-3753,C503687,cash deposit,797.27,CAD
CA00040096,2025-05-22,BR024,TLR-2696,C500154,cash deposit,3262.57,CAD
CA00043797,2025-05-18,BR040,TLR-9830,C502397,cash withdrawal,992.06,CAD
CA00043573,2025-05-17,BR040,TLR-9164,C503167,cash deposit,974.44,CAD
CA00037537,2025-05-12,BR010,TLR-4436,C501821,cash withdrawal,1451.56,CAD
CA00037878,2025-05-05,BR012,TLR-1999,C501117,cash deposit,1874.61,CAD
CA00041125,2025-05-30,BR029,TLR-4880,C501574,cash deposit,658.97,CAD
CA00038995,2025-05-12,BR018,TLR-6335,C503112,cash deposit,613.78,CAD
CA00042767,2025-05-23,BR037,TLR-2116,C502653,cash withdrawal,987.12,CAD
CA00041418,2025-05-28,BR030,TLR-1753,C501214,cash withdrawal,1817.9,CAD
CA00038142,2025-05-27,BR014,TLR-9678,C502633,cash withdrawal,921.93,CAD
CA00035443,2025-05-31,BR001,TLR-7320,C503738,cash deposit,1086.83,CAD
CA00041080,2025-05-28,BR029,TLR-3215,C502947,cash deposit,480.83,CAD
CA00038711,2025-05-08,BR017,TLR-7722,C500406,cash deposit,945.13,CAD
CA00037759,2025-05-25,BR012,TLR-5433,C503530,cash deposit,838.89,CAD
CA00041708,2025-05-07,BR031,TLR-8659,C501955,cash withdrawal,1593.57,CAD
CA00037849,2025-05-29,BR012,TLR-8869,C500160,cash deposit,1411.43,CAD
CA00042087,2025-05-22,BR034,TLR-5362,C503708,cash deposit,2240.52,CAD
CA00044240,2025-05-09,BR040,TLR-9130,C503317,cash deposit,1437.71,CAD
CA00038383,2025-05-09,BR015,TLR-2081,C503766,cash deposit,1075.55,CAD
CA00044005,2025-05-31,BR040,TLR-9133,C502435,cash deposit,709.49,CAD
CA00044106,2025-05-21,BR040,TLR-7493,C503501,cash withdrawal,1050.77,CAD
CA00038987,2025-05-23,BR018,TLR-4478,C500768,cash withdrawal,282.28,CAD
CA00040168,2025-05-23,BR024,TLR-4356,C503781,cash deposit,864.22,CAD
CA00040977,2025-05-06,BR028,TLR-6510,C501407,cash withdrawal,2949.99,CAD
CA00042292,2025-05-13,BR035,TLR-8083,C503460,cash withdrawal,709.2,CAD
CA00038658,2025-05-22,BR016,TLR-3148,C503769,cash withdrawal,703.1,CAD
CA00053303,2025-05-02,BR031,TLR-1430,W977623,cash withdrawal,554.52,CAD
CA00043378,2025-05-25,BR039,TLR-4387,C503730,cash deposit,1225.09,CAD
CA00043175,2025-05-30,BR038,TLR-2954,C503633,cash deposit,548.88,CAD
CA00042920,2025-05-19,BR037,TLR-9461,C503985,cash withdrawal,1145.46,CAD
CA00036074,2025-05-09,BR003,TLR-3880,C500629,cash deposit,1121.1,CAD
CA00037819,2025-05-19,BR012,TLR-5319,C501177,cash deposit,1286.48,CAD
CA00035583,2025-05-23,BR001,TLR-5385,C500001,cash withdrawal,671.54,CAD
CA00044220,2025-05-06,BR040,TLR-5485,C501638,cash withdrawal,2573.57,CAD
CA00043860,2025-05-09,BR040,TLR-6986,C501885,cash deposit,330.0,CAD
CA00042678,2025-05-22,BR036,TLR-5854,C501850,cash withdrawal,484.44,CAD
CA00038166,2025-05-31,BR014,TLR-4292,C502738,cash deposit,313.37,CAD
CA00037885,2025-05-09,BR012,TLR-4786,C500011,cash deposit,1695.64,CAD
CA00037845,2025-05-30,BR012,TLR-7778,C501400,cash withdrawal,648.16,CAD
CA00039949,2025-05-11,BR023,TLR-9909,C501257,cash withdrawal,3715.38,CAD
CA00039324,2025-05-02,BR019,TLR-1160,C501952,cash deposit,4408.01,CAD
CA00040874,2025-05-31,BR027,TLR-1889,C501242,cash withdrawal,367.49,CAD
CA00043111,2025-05-18,BR038,TLR-4928,C503190,cash deposit,966.62,CAD
CA00042284,2025-05-10,BR035,TLR-8880,C503622,cash withdrawal,2183.1,CAD
CA00041892,2025-05-09,BR033,TLR-3685,C503876,cash deposit,671.06,CAD
CA00038339,2025-05-04,BR015,TLR-9062,C502455,cash withdrawal,566.04,CAD
CA00044153,2025-05-02,BR040,TLR-5621,C501890,cash withdrawal,2343.14,CAD
CA00043417,2025-05-25,BR040,TLR-6250,C502161,cash deposit,812.79,CAD
CA00038171,2025-05-01,BR014,TLR-8917,C503053,cash deposit,1005.65,CAD
CA00040766,2025-05-06,BR027,TLR-1722,C502633,cash deposit,625.09,CAD
CA00043213,2025-05-29,BR039,TLR-8741,C503496,cash withdrawal,683.49,CAD
CA00040271,2025-05-24,BR025,TLR-7215,C501510,cash withdrawal,-2174.76,CAD
CA00037022,2025-05-15,BR007,TLR-2256,C500446,cash withdrawal,1875.07,CAD
CA00043432,2025-05-25,BR040,TLR-8143,C503516,cash withdrawal,2724.89,CAD
CA00040123,2025-05-23,BR024,TLR-6125,C502713,cash deposit,444.44,CAD
CA00042527,2025-05-11,BR036,TLR-6043,C503503,cash withdrawal,1169.22,CAD
CA00040780,2025-05-18,BR027,TLR-2249,C503183,cash withdrawal,450.09,CAD
CA00037973,2025-05-04,BR013,TLR-3339,C500424,cash deposit,785.91,CAD
CA00042843,2025-05-09,BR037,TLR-3849,C501952,cash withdrawal,442.88,CAD
CA00036316,2025-05-06,BR004,TLR-4776,C500503,cash withdrawal,321.15,CAD
CA00039245,2025-05-19,BR019,TLR-9070,C502754,cash deposit,1409.54,CAD
CA00038842,2025-05-15,BR017,TLR-4432,C501093,cash withdrawal,4293.32,CAD
CA00039055,2025-05-16,BR018,TLR-3311,C500435,cash deposit,1621.06,CAD
CA00043701,2025-05-19,BR040,TLR-7740,C502222,cash withdrawal,236.33,CAD
CA00043489,2025-05-13,BR040,TLR-5687,C501933,cash withdrawal,1233.35,CAD
CA00041864,2025-05-08,BR032,TLR-1709,C501317,cash withdrawal,3073.07,CAD
CA00043908,2025-05-31,BR040,TLR-7455,C502549,cash withdrawal,1490.36,CAD
CA00042529,2025-05-24,BR036,TLR-9330,C503234,cash deposit,424.47,CAD
CA00043297,2025-05-02,BR039,TLR-6768,C502985,cash deposit,1325.75,CAD
CA00044205,2025-05-11,BR040,TLR-7857,C501769,cash withdrawal,663.97,CAD
CA00035899,2025-05-17,BR002,TLR-3365,C501601,cash withdrawal,-1029.04,CAD
CA00037741,2025-05-03,BR012,TLR-5949,C500833,cash withdrawal,1405.89,CAD
CA00039025,2025-05-22,BR018,TLR-3760,C503501,cash deposit,5332.2,CAD
CA00041436,2025-05-21,BR030,TLR-2770,C502054,cash deposit,737.07,CAD
CA00039595,2025-05-21,BR020,TLR-5343,C503268,cash deposit,362.38,USD
CA00039269,2025-05-04,BR019,TLR-8457,C502867,cash deposit,1231.64,CAD
CA00035968,2025-05-31,BR003,TLR-7114,C503953,cash deposit,591.46,CAD
CA00041952,2025-05-04,BR033,TLR-9544,C500666,cash withdrawal,721.98,CAD
CA00040948,2025-05-03,BR028,TLR-3922,C503788,cash deposit,728.43,CAD
CA00036832,2025-05-23,BR007,TLR-6296,C502170,cash deposit,887.95,CAD
CA00036976,2025-05-05,BR007,TLR-3015,C500421,cash deposit,853.0,CAD
CA00038552,2025-05-19,BR016,TLR-5729,C501358,cash withdrawal,807.5,CAD
CA00035951,2025-05-09,BR002,TLR-1541,C503888,cash withdrawal,-3064.62,CAD
CA00044256,2025-05-13,BR040,TLR-9982,C502696,cash withdrawal,1735.07,CAD
CA00038217,2025-05-24,BR015,TLR-5977,C501945,cash withdrawal,618.49,CAD
CA00044097,2025-05-05,BR040,TLR-2434,C503743,cash withdrawal,3618.4,CAD
CA00038775,2025-05-04,BR017,TLR-1227,C501439,cash deposit,2147.0,CAD
CA00042250,2025-05-31,BR035,TLR-8956,C501844,cash deposit,1910.05,CAD
CA00036953,2025-05-10,BR007,TLR-8423,C501674,cash withdrawal,825.45,CAD
CA00036016,2025-05-10,BR003,TLR-3223,C503410,cash deposit,1016.18,CAD
CA00036542,2025-05-09,BR005,TLR-1241,C502804,cash withdrawal,2885.15,CAD
CA00039874,2025-05-28,BR022,TLR-4809,C503483,cash deposit,985.7,CAD
CA00043863,2025-05-01,BR040,TLR-9767,C502209,cash withdrawal,4415.56,CAD
CA00043419,2025-05-12,BR040,TLR-4688,C501602,cash deposit,619.7,CAD
CA00039045,2025-05-25,BR018,TLR-4962,C503104,cash withdrawal,662.56,CAD
CA00040460,2025-05-27,BR025,TLR-5605,C500506,cash withdrawal,-390.6,CAD
CA00043019,2025-05-25,BR038,TLR-1033,C502466,cash withdrawal,710.01,CAD
CA00040783,2025-05-02,BR027,TLR-7294,C501111,cash deposit,409.05,CAD
CA00037311,2025-05-07,BR008,TLR-4503,C500976,cash deposit,175.65,CAD
CA00037597,2025-05-13,BR010,TLR-9963,C502565,cash deposit,551.28,CAD
CA00042443,2025-05-18,BR036,TLR-6326,C500118,cash withdrawal,1643.67,CAD
CA00041238,2025-05-08,BR030,TLR-3808,C502647,cash deposit,346.92,CAD
CA00036269,2025-05-30,BR004,TLR-6304,C503210,cash deposit,934.0,CAD
CA00035588,2025-05-18,BR001,TLR-8820,C503489,cash withdrawal,2537.38,CAD
CA00041155,2025-05-23,BR029,TLR-2330,C501583,cash deposit,348.93,CAD
CA00038547,2025-05-22,BR016,TLR-8304,C503347,cash deposit,919.73,CAD
CA00043104,2025-05-08,BR038,TLR-6274,C501850,cash deposit,1285.46,CAD
CA00043463,2025-05-20,BR040,TLR-3790,C502100,cash withdrawal,1169.73,CAD
CA00039368,2025-05-22,BR019,TLR-3840,C503891,cash withdrawal,604.59,CAD
CA00039685,2025-05-11,BR021,TLR-6691,C503247,cash withdrawal,601.14,CAD
CA00038393,2025-05-08,BR015,TLR-5487,C503713,cash withdrawal,523.98,CAD
CA00043185,2025-05-21,BR038,TLR-3153,C500595,cash deposit,1462.84,CAD
CA00035967,2025-05-09,BR003,TLR-5448,C503590,cash deposit,675.58,CAD
CA00042544,2025-05-06,BR036,TLR-2319,C503804,cash deposit,1132.67,CAD
CA00039504,2025-05-06,BR020,TLR-4951,C500051,cash deposit,223.24,USD
CA00042992,2025-05-13,BR038,TLR-7131,C501221,cash withdrawal,494.61,CAD
CA00036089,2025-05-07,BR003,TLR-4112,C500411,cash deposit,361.45,CAD
CA00037447,2025-05-07,BR010,TLR-6618,C500914,cash withdrawal,812.8,CAD
CA00035867,2025-05-23,BR002,TLR-9566,C501561,cash withdrawal,-1601.64,CAD
CA00039620,2025-05-04,BR020,TLR-3834,C501184,cash deposit,482.16,USD
CA00036796,2025-05-02,BR006,TLR-6186,C503177,cash withdrawal,846.43,CAD
CA00041866,2025-05-02,BR032,TLR-4466,C501976,cash withdrawal,394.84,CAD
CA00040760,2025-05-01,BR027,TLR-6751,C502085,cash deposit,2336.51,CAD
CA00037969,2025-05-14,BR013,TLR-5706,C503285,cash withdrawal,410.05,CAD
CA00035560,2025-05-07,BR001,TLR-2255,C502604,cash withdrawal,1406.44,CAD
CA00041378,2025-05-24,BR030,TLR-8815,C501962,cash withdrawal,826.66,CAD
CA00035947,2025-05-08,BR002,TLR-1267,C502301,cash deposit,464.19,CAD
CA00036920,2025-05-10,BR007,TLR-7039,C501033,cash withdrawal,821.35,CAD
CA00041177,2025-05-22,BR029,TLR-5292,C503579,cash deposit,1136.08,CAD
CA00036241,2025-05-19,BR004,TLR-2261,C501742,cash deposit,790.05,CAD
CA00042726,2025-05-17,BR036,TLR-7456,C501025,cash withdrawal,3687.2,CAD
CA00037785,2025-05-20,BR012,TLR-3798,C503521,cash withdrawal,1553.98,CAD
CA00040046,2025-05-31,BR024,TLR-6842,C502122,cash deposit,721.83,CAD
CA00041302,2025-05-17,BR030,TLR-5737,C501684,cash withdrawal,3168.23,CAD
CA00039382,2025-05-24,BR019,TLR-2012,C503757,cash withdrawal,950.92,CAD
CA00036785,2025-05-12,BR006,TLR-2508,C501878,cash deposit,1252.5,CAD
CA00036050,2025-05-30,BR003,TLR-9633,C502540,cash withdrawal,344.5,CAD
CA00037941,2025-05-02,BR013,TLR-1949,C501147,cash withdrawal,799.97,CAD
CA00036398,2025-05-22,BR004,TLR-3654,C501613,cash deposit,875.27,CAD
CA00043590,2025-05-07,BR040,TLR-8928,C501085,cash deposit,813.5,CAD
CA00037387,2025-05-05,BR009,TLR-5524,C501480,cash withdrawal,2063.4,CAD
CA00043283,2025-05-04,BR039,TLR-4193,C500340,cash deposit,793.2,CAD
CA00035553,2025-05-08,BR001,TLR-1774,C502239,cash withdrawal,317.95,CAD
CA00035605,2025-05-25,BR001,TLR-3247,C501757,cash withdrawal,414.36,CAD
CA00039862,2025-05-05,BR022,TLR-6984,C501175,cash deposit,190.71,CAD
CA00039372,2025-05-26,BR019,TLR-6097,C501101,cash withdrawal,972.09,CAD
CA00038250,2025-05-09,BR015,TLR-8953,C501504,cash deposit,1505.15,CAD
CA00041749,2025-05-03,BR032,TLR-6918,C500691,cash deposit,883.24,CAD
CA00040679,2025-05-01,BR026,TLR-2089,C500995,cash deposit,486.51,CAD
CA00041683,2025-05-20,BR031,TLR-9333,C501126,cash withdrawal,1964.51,CAD
CA00044070,2025-05-09,BR040,TLR-7466,C503556,cash withdrawal,856.94,CAD
CA00038829,2025-05-08,BR017,TLR-1879,C501824,cash deposit,676.95,CAD
CA00043058,2025-05-20,BR038,TLR-8857,C503270,cash deposit,1611.03,CAD
CA00041663,2025-05-02,BR031,TLR-8423,C501215,cash withdrawal,2175.25,CAD
CA00038671,2025-05-10,BR016,TLR-3557,C502390,cash deposit,1958.08,CAD
CA00039229,2025-05-08,BR019,TLR-2745,C500016,cash deposit,1045.05,CAD
CA00040729,2025-05-07,BR027,TLR-1188,C500210,cash withdrawal,953.22,CAD
CA00043304,2025-05-09,BR039,TLR-2282,C502748,cash deposit,437.01,CAD
CA00039367,2025-05-12,BR019,TLR-1278,C500962,cash deposit,1544.73,CAD
CA00036256,2025-05-26,BR004,TLR-8359,C500547,cash withdrawal,2069.31,CAD
CA00039256,2025-05-16,BR019,TLR-2621,C503530,cash deposit,3167.8,CAD
CA00044285,2025-05-04,BR040,TLR-4784,C500743,cash deposit,472.56,CAD
CA00039370,2025-05-03,BR019,TLR-9265,C503666,cash withdrawal,351.68,CAD
CA00044195,2025-05-16,BR040,TLR-3672,C500136,cash withdrawal,763.03,CAD
CA00040503,2025-05-30,BR026,TLR-1435,C500286,cash deposit,1356.34,CAD
CA00038079,2025-05-24,BR014,TLR-2123,C501078,cash deposit,780.27,CAD
CA00035618,2025-05-01,BR001,TLR-9224,C501494,cash deposit,1916.35,CAD
CA00039528,2025-05-27,BR020,TLR-9081,C502704,cash deposit,289.84,USD
CA00039783,2025-05-04,BR021,TLR-9538,C503691,cash withdrawal,1301.19,CAD
CA00041928,2025-05-05,BR033,TLR-1024,C500373,cash deposit,805.41,CAD
CA00042870,2025-05-17,BR037,TLR-7401,C503662,cash withdrawal,2164.51,CAD
CA00042954,2025-05-23,BR037,TLR-5609,C502449,cash withdrawal,568.82,CAD
CA00042868,2025-05-24,BR037,TLR-4484,C502857,cash withdrawal,1316.13,CAD
CA00038221,2025-05-08,BR015,TLR-5278,C503540,cash withdrawal,512.49,CAD
CA00039612,2025-05-23,BR020,TLR-2079,C502076,cash withdrawal,537.38,USD
CA00037747,2025-05-25,BR012,TLR-8248,C501627,cash withdrawal,1267.5,CAD
CA00036827,2025-05-17,BR006,TLR-8773,C500412,cash withdrawal,2039.4,CAD
CA00039293,2025-05-23,BR019,TLR-4918,C503552,cash withdrawal,278.31,CAD
CA00041649,2025-05-07,BR031,TLR-6721,C503540,cash withdrawal,470.5,CAD
CA00037650,2025-05-25,BR011,TLR-9745,C502369,cash withdrawal,608.72,CAD
CA00040597,2025-05-22,BR026,TLR-5248,C501030,cash deposit,799.1,CAD
CA00037599,2025-05-24,BR010,TLR-3637,C501981,cash deposit,974.02,CAD
CA00041430,2025-05-14,BR030,TLR-1492,C501355,cash withdrawal,316.56,CAD
CA00036795,2025-05-24,BR006,TLR-7894,C500215,cash withdrawal,920.9,CAD
CA00038562,2025-05-06,BR016,TLR-5439,C500650,cash deposit,401.95,CAD
CA00041176,2025-05-28,BR029,TLR-8629,C502309,cash deposit,396.15,CAD
CA00043403,2025-05-07,BR039,TLR-7824,C500558,cash withdrawal,577.03,CAD
CA00035664,2025-05-05,BR001,TLR-5121,C501521,cash withdrawal,484.68,CAD
CA00040427,2025-05-13,BR025,TLR-6317,C503071,cash withdrawal,-4921.54,CAD
CA00040624,2025-05-30,BR026,TLR-9769,C503295,cash deposit,2461.91,CAD
CA00043886,2025-05-26,BR040,TLR-9656,C501592,cash withdrawal,1060.23,CAD
CA00043509,2025-05-16,BR040,TLR-1287,C503408,cash withdrawal,631.54,CAD
CA00042129,2025-05-09,BR034,TLR-4475,C500062,cash deposit,992.35,CAD
CA00044084,2025-05-07,BR040,TLR-1702,C500489,cash withdrawal,1069.1,CAD
CA00038844,2025-05-03,BR017,TLR-2523,C503961,cash deposit,206.78,CAD
CA00041006,2025-05-07,BR028,TLR-1370,C500468,cash deposit,488.54,CAD
CA00036273,2025-05-28,BR004,TLR-6035,C500973,cash withdrawal,6054.66,CAD
CA00041100,2025-05-04,BR029,TLR-5983,C501591,cash withdrawal,575.25,CAD
CA00042014,2025-05-10,BR033,TLR-1980,C502690,cash withdrawal,415.81,CAD
CA00037460,2025-05-27,BR010,TLR-7717,C500619,cash withdrawal,3475.72,CAD
CA00040450,2025-05-02,BR025,TLR-2095,C502860,cash deposit,280.8,CAD
CA00041248,2025-05-22,BR030,TLR-2293,C501849,cash withdrawal,593.92,CAD
CA00038974,2025-05-16,BR018,TLR-9636,C500812,cash withdrawal,1381.82,CAD
CA00038068,2025-05-05,BR014,TLR-3074,C500779,cash withdrawal,1730.83,CAD
CA00037542,2025-05-27,BR010,TLR-2702,C500125,cash withdrawal,782.44,CAD
CA00040758,2025-05-03,BR027,TLR-4589,C500252,cash deposit,399.29,CAD
CA00036891,2025-05-09,BR007,TLR-1561,C500397,cash withdrawal,1823.64,CAD
CA00037352,2025-05-21,BR009,TLR-9560,C502105,cash deposit,1392.89,CAD
CA00041817,2025-05-13,BR032,TLR-6710,C501259,cash deposit,262.46,CAD
CA00035855,2025-05-21,BR002,TLR-6455,C502501,cash deposit,218.44,CAD
CA00043625,2025-05-21,BR040,TLR-2027,C500895,cash deposit,916.75,CAD
CA00038993,2025-05-06,BR018,TLR-1704,C500209,cash withdrawal,410.33,CAD
CA00041900,2025-05-04,BR033,TLR-6020,C502046,cash deposit,2140.52,CAD
CA00035606,2025-05-29,BR001,TLR-5158,C503433,cash withdrawal,642.95,CAD
CA00044068,2025-05-13,BR040,TLR-4737,C502778,cash deposit,1678.34,CAD
CA00042053,2025-05-21,BR034,TLR-9229,C502855,cash deposit,3622.32,CAD
CA00036218,2025-05-18,BR004,TLR-9484,C500373,cash deposit,385.15,CAD
CA00044201,2025-05-14,BR040,TLR-7514,C500841,cash deposit,1571.8,CAD
CA00036805,2025-05-06,BR006,TLR-4335,C502601,cash deposit,429.57,CAD
CA00037897,2025-05-21,BR012,TLR-3440,C502955,cash deposit,1084.6,CAD
CA00042854,2025-05-20,BR037,TLR-5626,C500388,cash deposit,1121.62,CAD
CA00038317,2025-05-31,BR015,TLR-8119,C502084,cash deposit,3216.4,CAD
CA00043654,2025-05-28,BR040,TLR-8614,C501085,cash withdrawal,3521.8,CAD
CA00038307,2025-05-09,BR015,TLR-5801,C500049,cash withdrawal,1507.51,CAD
CA00042878,2025-05-30,BR037,TLR-4873,C500606,cash withdrawal,1666.2,CAD
CA00037075,2025-05-07,BR008,TLR-8336,C500298,cash withdrawal,1466.11,CAD
CA00035736,2025-05-29,BR001,TLR-7400,C500155,cash withdrawal,783.86,CAD
CA00035577,2025-05-26,BR001,TLR-7741,C500176,cash withdrawal,649.58,CAD
CA00038164,2025-05-05,BR014,TLR-8596,C503281,cash deposit,3107.62,CAD
CA00043222,2025-05-02,BR039,TLR-8266,C503987,cash deposit,652.86,CAD
CA00037896,2025-05-19,BR012,TLR-2805,C502365,cash withdrawal,1349.5,CAD
CA00044281,2025-05-18,BR040,TLR-2431,C500534,cash withdrawal,1947.81,CAD
CA00039591,2025-05-09,BR020,TLR-4092,C501981,cash withdrawal,322.2,USD
CA00043938,2025-05-01,BR040,TLR-9768,C501611,cash deposit,1698.31,CAD
CA00038899,2025-05-14,BR017,TLR-2689,C500791,cash deposit,1054.33,CAD
CA00042000,2025-05-19,BR033,TLR-7962,C502161,cash withdrawal,775.96,CAD
CA00035585,2025-05-27,BR001,TLR-6472,C500280,cash deposit,596.31,CAD
CA00042631,2025-05-20,BR036,TLR-4852,C500522,cash deposit,662.1,CAD
CA00040708,2025-05-28,BR026,TLR-7842,C503449,cash withdrawal,-975.43,CAD
CA00038907,2025-05-21,BR017,TLR-9549,C501535,cash withdrawal,1988.39,CAD
CA00039259,2025-05-08,BR019,TLR-5427,C500392,cash deposit,697.64,CAD
CA00042914,2025-05-22,BR037,TLR-4514,C501646,cash deposit,1527.84,CAD
CA00036749,2025-05-22,BR006,TLR-1208,C502418,cash deposit,801.98,CAD
CA00044189,2025-05-05,BR040,TLR-4510,C500805,cash withdrawal,475.34,CAD
CA00040445,2025-05-08,BR025,TLR-3248,C503325,cash deposit,1376.12,CAD
CA00036187,2025-05-01,BR003,TLR-5178,C503448,cash withdrawal,1292.61,CAD
CA00043947,2025-05-28,BR040,TLR-5179,C503392,cash withdrawal,1195.04,CAD
CA00037277,2025-05-14,BR008,TLR-5506,C503791,cash withdrawal,420.24,CAD
CA00044055,2025-05-10,BR040,TLR-9911,C500441,cash withdrawal,1351.21,CAD
CA00035424,2025-05-31,BR001,TLR-2395,C501868,cash withdrawal,3235.61,CAD
CA00036430,2025-05-11,BR004,TLR-7008,C500764,cash withdrawal,506.26,CAD
CA00039465,2025-05-23,BR020,TLR-4910,C502858,cash deposit,1658.86,USD
CA00037089,2025-05-08,BR008,TLR-7928,C501877,cash deposit,342.33,CAD
CA00037210,2025-05-04,BR008,TLR-1228,C500776,cash deposit,802.17,CAD
CA00042541,2025-05-05,BR036,TLR-6103,C501989,cash withdrawal,3645.13,CAD
CA00044253,2025-05-19,BR040,TLR-8755,C502843,cash deposit,216.88,CAD
CA00035766,2025-05-01,BR002,TLR-9145,C503733,cash withdrawal,-654.69,CAD
CA00035879,2025-05-25,BR002,TLR-3479,C503578,cash withdrawal,-970.55,CAD
CA00038106,2025-05-10,BR014,TLR-6225,C502324,cash deposit,1276.85,CAD
CA00039369,2025-05-18,BR019,TLR-7247,C500605,cash withdrawal,367.92,CAD
CA00037424,2025-05-06,BR009,TLR-3256,C503539,cash deposit,744.4,CAD
CA00043303,2025-05-14,BR039,TLR-6962,C502231,cash deposit,429.18,CAD
CA00040897,2025-05-10,BR027,TLR-8859,C502716,cash deposit,1267.5,CAD
CA00039514,2025-05-26,BR020,TLR-5261,C503284,cash withdrawal,1073.92,USD
CA00036489,2025-05-22,BR005,TLR-3114,C500496,cash withdrawal,398.43,CAD
CA00040458,2025-05-03,BR025,TLR-7587,C501992,cash deposit,1037.05,CAD
CA00040021,2025-05-28,BR024,TLR-3735,C501148,cash withdrawal,3564.28,CAD
CA00039628,2025-05-16,BR020,TLR-2210,C502466,cash deposit,155.04,USD
CA00039365,2025-05-04,BR019,TLR-1784,C503793,cash deposit,575.8,CAD
CA00039377,2025-05-10,BR019,TLR-2375,C501675,cash deposit,894.31,CAD
CA00042084,2025-05-05,BR034,TLR-3704,C500699,cash deposit,2139.16,CAD
CA00039317,2025-05-14,BR019,TLR-8458,C501892,cash deposit,952.64,CAD
CA00038989,2025-05-22,BR018,TLR-7527,C501820,cash deposit,981.76,CAD
CA00036230,2025-05-11,BR004,TLR-1180,C500458,cash withdrawal,767.36,CAD
CA00036102,2025-05-23,BR003,TLR-2544,C502970,cash withdrawal,2181.79,CAD
CA00038240,2025-05-23,BR015,TLR-4803,C501634,cash deposit,2713.28,CAD
CA00036642,2025-05-08,BR006,TLR-5843,C502089,cash withdrawal,3286.39,CAD
CA00042049,2025-05-17,BR034,TLR-8435,C502491,cash withdrawal,1153.0,CAD
CA00042693,2025-05-27,BR036,TLR-8925,C501178,cash withdrawal,599.48,CAD
CA00039561,2025-05-04,BR020,TLR-9774,C503628,cash deposit,1079.03,USD
CA00038959,2025-05-06,BR018,TLR-6982,C500305,cash deposit,933.95,CAD
CA00039887,2025-05-28,BR023,TLR-7770,C500288,cash deposit,726.81,CAD
CA00042674,2025-05-31,BR036,TLR-9957,C500197,cash withdrawal,1640.89,CAD
CA00043718,2025-05-27,BR040,TLR-8403,C502351,cash withdrawal,1870.48,CAD
CA00035526,2025-05-17,BR001,TLR-2392,C503155,cash deposit,183.97,CAD
CA00036526,2025-05-23,BR005,TLR-6878,C503063,cash deposit,1490.56,CAD
CA00038916,2025-05-04,BR017,TLR-5541,C501053,cash withdrawal,523.27,CAD
CA00043714,2025-05-16,BR040,TLR-7702,C503611,cash deposit,1412.55,CAD
CA00039911,2025-05-15,BR023,TLR-2416,C501449,cash deposit,1990.83,CAD
CA00040086,2025-05-11,BR024,TLR-9871,C503640,cash withdrawal,1330.85,CAD
CA00036350,2025-05-27,BR004,TLR-9368,C500013,cash withdrawal,966.14,CAD
CA00039582,2025-05-14,BR020,TLR-9889,C501630,cash withdrawal,260.39,USD
CA00039578,2025-05-22,BR020,TLR-3984,C503982,cash deposit,844.32,USD
CA00038827,2025-05-06,BR017,TLR-9758,C500460,cash deposit,626.6,CAD
CA00041807,2025-05-05,BR032,TLR-8628,C500659,cash deposit,3772.15,CAD
CA00039913,2025-05-02,BR023,TLR-8885,C501409,cash deposit,1402.98,CAD
CA00036054,2025-05-23,BR003,TLR-1400,C503427,cash withdrawal,2072.03,CAD
CA00037622,2025-05-27,BR011,TLR-5276,C500896,cash deposit,460.33,CAD
CA00037960,2025-05-04,BR013,TLR-1841,C501483,cash withdrawal,2541.65,CAD
CA00035473,2025-05-11,BR001,TLR-1931,C500529,cash withdrawal,9803.29,CAD
CA00044101,2025-05-03,BR040,TLR-4690,C503900,cash deposit,401.46,CAD
CA00038565,2025-05-05,BR016,TLR-8313,C500327,cash deposit,695.62,CAD
CA00044179,2025-05-05,BR040,TLR-6783,C502788,cash deposit,1449.24,CAD
CA00036035,2025-05-09,BR003,TLR-5323,C503546,cash withdrawal,1933.22,CAD
CA00037443,2025-05-22,BR010,TLR-9837,C502529,cash deposit,921.08,CAD
CA00037572,2025-05-03,BR010,TLR-2130,C500459,cash deposit,1589.29,CAD
CA00039573,2025-05-31,BR020,TLR-4342,C503508,cash deposit,493.06,USD
CA00037643,2025-05-17,BR011,TLR-5138,C501626,cash deposit,593.56,CAD
CA00036952,2025-05-23,BR007,TLR-2150,C501601,cash deposit,2169.93,CAD
CA00043313,2025-05-08,BR039,TLR-8786,C500355,cash deposit,1909.67,CAD
CA00038480,2025-05-29,BR015,TLR-5908,C501047,cash withdrawal,498.59,CAD
CA00035598,2025-05-18,BR001,TLR-4927,C503496,cash deposit,623.44,CAD
CA00037138,2025-05-26,BR008,TLR-6428,C502663,cash deposit,843.76,CAD
CA00043063,2025-05-28,BR038,TLR-9078,C502011,cash withdrawal,227.16,CAD
CA00043340,2025-05-07,BR039,TLR-8267,C502799,cash withdrawal,834.07,CAD
CA00043512,2025-05-22,BR040,TLR-5325,C503962,cash deposit,810.98,CAD
CA00036927,2025-05-21,BR007,TLR-4309,C500927,cash deposit,845.53,CAD
CA00036896,2025-05-14,BR007,TLR-1557,C501326,cash withdrawal,1282.43,CAD
CA00043791,2025-05-26,BR040,TLR-2429,C503465,cash deposit,1403.52,CAD
CA00044073,2025-05-26,BR040,TLR-9031,C500422,cash deposit,1517.31,CAD
CA00036561,2025-05-25,BR006,TLR-4087,C500231,cash deposit,492.27,CAD
CA00038331,2025-05-05,BR015,TLR-9555,C503838,cash withdrawal,1090.96,CAD
CA00039071,2025-05-22,BR018,TLR-2639,C503273,cash deposit,1009.59,CAD
CA00041066,2025-05-08,BR029,TLR-6802,C502267,cash deposit,1002.18,CAD
CA00043287,2025-05-18,BR039,TLR-8119,C502355,cash withdrawal,468.79,CAD
CA00036987,2025-05-15,BR007,TLR-6034,C503836,cash withdrawal,383.13,CAD
CA00038549,2025-05-11,BR016,TLR-5462,C500203,cash withdrawal,3438.15,CAD
CA00041529,2025-05-20,BR031,TLR-7752,C503905,cash withdrawal,571.95,CAD
CA00039954,2025-05-18,BR023,TLR-2275,C500950,cash withdrawal,721.99,CAD
CA00036449,2025-05-26,BR004,TLR-1426,C500731,cash deposit,511.69,CAD
CA00042153,2025-05-13,BR034,TLR-1915,C503247,cash deposit,561.43,CAD
CA00036390,2025-05-25,BR004,TLR-2937,C502455,cash deposit,566.11,CAD
CA00040092,2025-05-12,BR024,TLR-6275,C500592,cash deposit,1828.46,CAD
CA00035844,2025-05-22,BR002,TLR-3555,C501886,cash withdrawal,-3073.05,CAD
CA00039896,2025-05-22,BR023,TLR-1904,C502652,cash withdrawal,321.73,CAD
CA00039184,2025-05-07,BR019,TLR-3458,C500698,cash withdrawal,1666.6,CAD
CA00044174,2025-05-21,BR040,TLR-4616,C502261,cash withdrawal,1246.63,CAD
CA00039950,2025-05-30,BR023,TLR-1969,C502887,cash deposit,827.82,CAD
CA00039458,2025-05-20,BR020,TLR-3427,C503880,cash deposit,483.36,USD
CA00039147,2025-05-07,BR019,TLR-1650,C500636,cash deposit,1311.84,CAD
CA00036600,2025-05-31,BR006,TLR-8569,C500139,cash withdrawal,1214.52,CAD
CA00041620,2025-05-18,BR031,TLR-1421,C503551,cash deposit,457.04,CAD
CA00041496,2025-05-28,BR031,TLR-7334,C502714,cash withdrawal,1435.76,CAD
CA00038650,2025-05-11,BR016,TLR-6694,C502405,cash withdrawal,836.54,CAD
CA00037841,2025-05-14,BR012,TLR-6002,C500797,cash withdrawal,3258.84,CAD
CA00042378,2025-05-09,BR035,TLR-5791,C500379,cash deposit,471.49,CAD
CA00042274,2025-05-20,BR035,TLR-5820,C501621,cash withdrawal,662.16,CAD
CA00037610,2025-05-12,BR011,TLR-3013,C501117,cash withdrawal,487.33,CAD
CA00041349,2025-05-11,BR030,TLR-7178,C503859,cash deposit,1886.24,CAD
CA00038706,2025-05-05,BR017,TLR-8608,C503861,cash deposit,557.83,CAD
CA00037894,2025-05-04,BR012,TLR-7490,C503650,cash deposit,2470.1,CAD
CA00036064,2025-05-30,BR003,TLR-7143,C500149,cash deposit,555.15,CAD
CA00041770,2025-05-14,BR032,TLR-8438,C501406,cash deposit,853.2,CAD
CA00040611,2025-05-11,BR026,TLR-4250,C501789,cash deposit,2033.52,CAD
CA00042997,2025-05-31,BR038,TLR-7489,C500088,cash deposit,552.05,CAD
CA00036131,2025-05-18,BR003,TLR-9574,C500266,cash withdrawal,2083.06,CAD
CA00041605,2025-05-10,BR031,TLR-1221,C501358,cash withdrawal,528.49,CAD
CA00042020,2025-05-17,BR033,TLR-7348,C500313,cash withdrawal,1953.56,CAD
CA00041882,2025-05-30,BR033,TLR-4262,C503371,cash deposit,900.87,CAD
CA00039518,2025-05-16,BR020,TLR-9758,C502351,cash deposit,401.73,USD
CA00041825,2025-05-04,BR032,TLR-6442,C503626,cash deposit,1493.3,CAD
CA00039948,2025-05-19,BR023,TLR-2612,C501377,cash deposit,1167.18,CAD
CA00042235,2025-05-07,BR035,TLR-2223,C502538,cash deposit,1335.84,CAD
CA00035793,2025-05-19,BR002,TLR-7553,C503437,cash deposit,733.42,CAD
CA00037246,2025-05-14,BR008,TLR-8172,C501751,cash withdrawal,1294.85,CAD
CA00043849,2025-05-27,BR040,TLR-2152,C503708,cash withdrawal,406.75,CAD
CA00038232,2025-05-31,BR015,TLR-5298,C503388,cash deposit,397.17,CAD
CA00041986,2025-05-06,BR033,TLR-7498,C502425,cash withdrawal,3504.71,CAD
CA00039627,2025-05-26,BR020,TLR-4447,C501684,cash deposit,1469.84,USD
CA00042524,2025-05-25,BR036,TLR-9799,C503456,cash deposit,1188.46,CAD
CA00037078,2025-05-25,BR008,TLR-2969,C501480,cash withdrawal,775.59,CAD
CA00039214,2025-05-30,BR019,TLR-1467,C500513,cash deposit,411.46,CAD
CA00039436,2025-05-14,BR020,TLR-9374,C502907,cash withdrawal,721.13,USD
CA00035501,2025-05-01,BR001,TLR-3343,C503786,cash withdrawal,745.65,CAD
CA00040127,2025-05-28,BR024,TLR-2425,C501113,cash withdrawal,3227.28,CAD
CA00037363,2025-05-09,BR009,TLR-7087,C500434,cash withdrawal,2176.62,CAD
CA00036641,2025-05-29,BR006,TLR-3153,C501497,cash withdrawal,1549.82,CAD
CA00037501,2025-05-21,BR010,TLR-3131,C501964,cash withdrawal,228.81,CAD
CA00036665,2025-05-03,BR006,TLR-2510,C503419,cash deposit,2829.99,CAD
CA00037842,2025-05-17,BR012,TLR-9310,C500693,cash withdrawal,1485.63,CAD
CA00043970,2025-05-26,BR040,TLR-3607,C500044,cash withdrawal,947.4,CAD
CA00038752,2025-05-11,BR017,TLR-8538,C501295,cash withdrawal,792.6,CAD
CA00035611,2025-05-14,BR001,TLR-6693,C502328,cash withdrawal,758.85,CAD
CA00039658,2025-05-30,BR021,TLR-5719,C501544,cash deposit,1114.14,CAD
CA00038027,2025-05-19,BR014,TLR-2132,C502228,cash deposit,6889.2,CAD
CA00041711,2025-05-04,BR031,TLR-9281,C500234,cash withdrawal,534.13,CAD
CA00037956,2025-05-17,BR013,TLR-3794,C501172,cash deposit,407.94,CAD
CA00043166,2025-05-20,BR038,TLR-9477,C501577,cash deposit,612.08,CAD
CA00039408,2025-05-13,BR019,TLR-8814,C502501,cash withdrawal,290.58,CAD
CA00042276,2025-05-03,BR035,TLR-7283,C502610,cash deposit,1184.5,CAD
CA00040295,2025-05-09,BR025,TLR-3913,C503055,cash deposit,2358.71,CAD
CA00039169,2025-05-18,BR019,TLR-7257,C503897,cash deposit,575.65,CAD
CA00039414,2025-05-12,BR019,TLR-4717,C500310,cash deposit,407.0,CAD
CA00039998,2025-05-29,BR024,TLR-4011,C502520,cash deposit,3711.13,CAD
CA00040067,2025-05-05,BR024,TLR-8665,C500139,cash deposit,867.8,CAD
CA00042239,2025-05-27,BR035,TLR-1824,C501664,cash withdrawal,1857.11,CAD
CA00039004,2025-05-08,BR018,TLR-1354,C502416,cash withdrawal,574.97,CAD
CA00039817,2025-05-03,BR022,TLR-2649,C501140,cash withdrawal,3414.45,CAD
CA00042209,2025-05-02,BR035,TLR-9187,C502025,cash withdrawal,1405.74,CAD
CA00038644,2025-05-04,BR016,TLR-1122,C500583,cash deposit,1741.95,CAD
CA00040959,2025-05-19,BR028,TLR-8541,C502024,cash deposit,586.7,CAD
CA00040942,2025-05-24,BR028,TLR-9397,C502653,cash deposit,1389.88,CAD
CA00041462,2025-05-31,BR030,TLR-6584,C502589,cash deposit,1224.84,CAD
CA00035734,2025-05-22,BR001,TLR-3646,C502322,cash withdrawal,789.41,CAD
CA00036045,2025-05-30,BR003,TLR-9817,C500408,cash deposit,544.69,CAD
CA00036928,2025-05-23,BR007,TLR-6958,C500997,cash deposit,1521.99,CAD
CA00036083,2025-05-15,BR003,TLR-6285,C500780,cash deposit,907.47,CAD
CA00038306,2025-05-16,BR015,TLR-1951,C500196,cash deposit,971.28,CAD
CA00039713,2025-05-31,BR021,TLR-4864,C502220,cash withdrawal,217.94,CAD
CA00041921,2025-05-25,BR033,TLR-7753,C503754,cash deposit,1163.03,CAD
CA00040213,2025-05-14,BR024,TLR-1641,C502861,cash deposit,1010.15,CAD
CA00043994,2025-05-26,BR040,TLR-5713,C501085,cash deposit,317.58,CAD
CA00035761,2025-05-30,BR002,TLR-9776,C503840,cash deposit,2881.04,CAD
CA00036215,2025-05-10,BR004,TLR-8218,C501408,cash withdrawal,536.48,CAD
CA00043105,2025-05-09,BR038,TLR-8087,C503973,cash withdrawal,1061.23,CAD
CA00036835,2025-05-06,BR007,TLR-1326,C502642,cash withdrawal,954.71,CAD
CA00036409,2025-05-09,BR004,TLR-9672,C502592,cash deposit,2030.07,CAD
CA00036313,2025-05-06,BR004,TLR-1985,C503594,cash withdrawal,888.92,CAD
CA00036251,2025-05-31,BR004,TLR-9968,C502070,cash withdrawal,1823.07,CAD
CA00037282,2025-05-25,BR008,TLR-6087,C501953,cash withdrawal,760.54,CAD
CA00042351,2025-05-27,BR035,TLR-7754,C503774,cash withdrawal,1075.7,CAD
CA00040499,2025-05-24,BR026,TLR-3949,C500776,cash deposit,2032.83,CAD
CA00035572,2025-05-19,BR001,TLR-8952,C501997,cash withdrawal,1132.85,CAD
CA00036559,2025-05-16,BR006,TLR-7426,C500360,cash deposit,1586.71,CAD
CA00041659,2025-05-22,BR031,TLR-4444,C501928,cash deposit,2308.26,CAD
CA00035414,2025-05-11,BR001,TLR-1900,C502558,cash deposit,492.9,CAD
CA00041101,2025-05-11,BR029,TLR-4264,C502391,cash deposit,2204.28,CAD
CA00038349,2025-05-15,BR015,TLR-5422,C501986,cash deposit,7159.68,CAD
CA00043126,2025-05-27,BR038,TLR-9472,C502953,cash withdrawal,1171.72,CAD
CA00039073,2025-05-18,BR018,TLR-8385,C500216,cash withdrawal,1279.89,CAD
CA00040547,2025-05-15,BR026,TLR-7702,C503044,cash withdrawal,-1569.92,CAD
CA00038914,2025-05-31,BR017,TLR-7260,C500804,cash withdrawal,2346.9,CAD
CA00037005,2025-05-13,BR007,TLR-7993,C502429,cash withdrawal,477.46,CAD
CA00038781,2025-05-08,BR017,TLR-5468,C503866,cash withdrawal,846.55,CAD
CA00038859,2025-05-18,BR017,TLR-8739,C500475,cash withdrawal,1866.69,CAD
CA00043963,2025-05-20,BR040,TLR-7039,C500295,cash deposit,1834.81,CAD
CA00041282,2025-05-25,BR030,TLR-7643,C501531,cash deposit,563.57,CAD
CA00037155,2025-05-10,BR008,TLR-7214,C502740,cash deposit,529.16,CAD
CA00043749,2025-05-05,BR040,TLR-1421,C502861,cash withdrawal,1246.34,CAD
CA00039938,2025-05-23,BR023,TLR-2909,C501473,cash deposit,1537.92,CAD
CA00037527,2025-05-05,BR010,TLR-6547,C503241,cash deposit,1452.52,CAD
CA00036304,2025-05-08,BR004,TLR-8631,C501524,cash deposit,527.68,CAD
CA00040892,2025-05-06,BR027,TLR-3899,C501845,cash withdrawal,766.43,CAD
CA00038450,2025-05-21,BR015,TLR-8642,C502582,cash withdrawal,1470.21,CAD
CA00036277,2025-05-07,BR004,TLR-8091,C500721,cash withdrawal,298.02,CAD
CA00042958,2025-05-23,BR037,TLR-1762,C502848,cash withdrawal,573.76,CAD
CA00036123,2025-05-31,BR003,TLR-9686,C503652,cash deposit,1289.61,CAD
CA00040114,2025-05-29,BR024,TLR-1629,C503059,cash withdrawal,231.69,CAD
CA00042152,2025-05-02,BR034,TLR-5655,C501570,cash withdrawal,647.34,CAD
CA00039332,2025-05-13,BR019,TLR-3362,C502385,cash withdrawal,336.29,CAD
CA00040446,2025-05-04,BR025,TLR-8008,C502705,cash deposit,1180.43,CAD
CA00043259,2025-05-22,BR039,TLR-8482,C502052,cash withdrawal,1321.26,CAD
CA00043292,2025-05-18,BR039,TLR-6510,C502205,cash deposit,1926.61,CAD
CA00038757,2025-05-21,BR017,TLR-1375,C500680,cash withdrawal,653.72,CAD
CA00037181,2025-05-26,BR008,TLR-8667,C502820,cash deposit,1193.01,CAD
CA00038475,2025-05-13,BR015,TLR-7874,C503817,cash withdrawal,795.3,CAD
CA00040329,2025-05-31,BR025,TLR-2549,C500351,cash deposit,604.42,CAD
CA00044135,2025-05-23,BR040,TLR-2027,C500746,cash deposit,542.72,CAD
CA00041599,2025-05-11,BR031,TLR-3076,C502814,cash deposit,562.58,CAD
CA00035988,2025-05-11,BR003,TLR-3704,C503652,cash deposit,395.13,CAD
CA00041393,2025-05-27,BR030,TLR-4621,C500185,cash deposit,1160.05,CAD
CA00037439,2025-05-14,BR010,TLR-5114,C502731,cash withdrawal,1959.7,CAD
CA00040388,2025-05-14,BR025,TLR-7047,C503793,cash deposit,1718.81,CAD
CA00044163,2025-05-13,BR040,TLR-4457,C501043,cash withdrawal,189.82,CAD
CA00037449,2025-05-10,BR010,TLR-3446,C503640,cash deposit,1233.64,CAD
CA00035938,2025-05-20,BR002,TLR-2492,C500345,cash withdrawal,-1599.81,CAD
CA00043298,2025-05-08,BR039,TLR-4194,C500136,cash deposit,1258.06,CAD
CA00038546,2025-05-17,BR016,TLR-1584,C500932,cash withdrawal,2467.6,CAD
CA00036176,2025-05-15,BR003,TLR-5287,C500018,cash deposit,395.6,CAD
CA00043011,2025-05-03,BR038,TLR-5497,C503065,cash withdrawal,1303.33,CAD
CA00038146,2025-05-29,BR014,TLR-3981,C502096,cash withdrawal,1827.14,CAD
CA00043874,2025-05-07,BR040,TLR-6210,C501695,cash withdrawal,264.85,CAD
CA00041295,2025-05-18,BR030,TLR-7012,C501099,cash deposit,1889.05,CAD
CA00043682,2025-05-15,BR040,TLR-4544,C503070,cash withdrawal,2076.62,CAD
CA00037733,2025-05-24,BR012,TLR-2128,C501897,cash withdrawal,1128.08,CAD
CA00038949,2025-05-14,BR018,TLR-4319,C500543,cash deposit,1025.89,CAD
CA00039337,2025-05-19,BR019,TLR-5684,C502302,cash deposit,1526.85,CAD
CA00036469,2025-05-05,BR004,TLR-8464,C502924,cash withdrawal,2096.01,CAD
CA00039648,2025-05-18,BR021,TLR-6669,C502613,cash withdrawal,3610.26,CAD
CA00040006,2025-05-03,BR024,TLR-8009,C503281,cash deposit,626.47,CAD
CA00040423,2025-05-24,BR025,TLR-5537,C501141,cash deposit,171.73,CAD
CA00040681,2025-05-05,BR026,TLR-9531,C500976,cash withdrawal,-639.7,CAD
CA00036164,2025-05-31,BR003,TLR-3904,C501996,cash deposit,3444.8,CAD
CA00039132,2025-05-15,BR019,TLR-6897,C500385,cash deposit,357.43,CAD
CA00042719,2025-05-14,BR036,TLR-3563,C502519,cash deposit,1223.55,CAD
CA00036496,2025-05-01,BR005,TLR-7201,C501006,cash deposit,910.65,CAD
CA00036576,2025-05-29,BR006,TLR-2671,C501432,cash deposit,556.8,CAD
CA00041699,2025-05-25,BR031,TLR-5936,C503863,cash withdrawal,977.41,CAD
CA00041690,2025-05-29,BR031,TLR-2894,C501080,cash deposit,573.99,CAD
CA00037314,2025-05-24,BR008,TLR-3760,C502471,cash withdrawal,1726.24,CAD
CA00042031,2025-05-07,BR033,TLR-2738,C502295,cash deposit,1549.7,CAD
CA00039343,2025-05-12,BR019,TLR-3523,C502744,cash withdrawal,422.36,CAD
CA00039689,2025-05-27,BR021,TLR-6550,C500238,cash deposit,724.27,CAD
CA00037743,2025-05-25,BR012,TLR-1252,C502443,cash deposit,1075.91,CAD
CA00037824,2025-05-18,BR012,TLR-4086,C501920,cash withdrawal,600.94,CAD
CA00038697,2025-05-20,BR017,TLR-9730,C502607,cash withdrawal,1221.75,CAD
CA00041290,2025-05-26,BR030,TLR-4198,C501998,cash withdrawal,1232.58,CAD
CA00044251,2025-05-16,BR040,TLR-4108,C503460,cash withdrawal,2077.31,CAD
CA00043172,2025-05-07,BR038,TLR-7449,C501738,cash deposit,868.04,CAD
CA00038455,2025-05-16,BR015,TLR-7721,C501061,cash withdrawal,348.79,CAD
CA00036580,2025-05-29,BR006,TLR-7719,C503923,cash deposit,3954.23,CAD
CA00036871,2025-05-11,BR007,TLR-6780,C502144,cash deposit,1245.76,CAD
CA00036066,2025-05-05,BR003,TLR-2528,C501130,cash withdrawal,1872.28,CAD
CA00036590,2025-05-05,BR006,TLR-5739,C501083,cash deposit,1012.19,CAD
CA00038586,2025-05-28,BR016,TLR-9589,C500364,cash withdrawal,2046.95,CAD
CA00036828,2025-05-12,BR006,TLR-1919,C500944,cash deposit,1089.66,CAD
CA00042141,2025-05-09,BR034,TLR-1005,C503364,cash withdrawal,894.19,CAD
CA00043601,2025-05-16,BR040,TLR-3317,C503063,cash withdrawal,511.02,CAD
CA00042402,2025-05-12,BR035,TLR-2039,C501412,cash deposit,664.97,CAD
CA00042659,2025-05-13,BR036,TLR-2787,C501597,cash withdrawal,319.47,CAD
CA00041815,2025-05-16,BR032,TLR-3793,C503441,cash deposit,754.12,CAD
CA00035993,2025-05-29,BR003,TLR-7194,C502678,cash withdrawal,558.95,CAD
CA00044138,2025-05-10,BR040,TLR-6680,C501967,cash deposit,440.21,CAD
CA00040211,2025-05-02,BR024,TLR-4189,C501402,cash deposit,357.75,CAD
CA00039366,2025-05-29,BR019,TLR-3004,C503545,cash deposit,1780.72,CAD
CA00038435,2025-05-02,BR015,TLR-5906,C502131,cash deposit,289.15,CAD
CA00039308,2025-05-26,BR019,TLR-8682,C502000,cash deposit,591.1,CAD
CA00039445,2025-05-07,BR020,TLR-1689,C500165,cash deposit,1818.72,USD
CA00043848,2025-05-14,BR040,TLR-3704,C501239,cash withdrawal,876.2,CAD
CA00041184,2025-05-14,BR029,TLR-9149,C501026,cash withdrawal,687.07,CAD
CA00035931,2025-05-15,BR002,TLR-2340,C502370,cash deposit,1838.87,CAD
CA00037803,2025-05-12,BR012,TLR-5298,C501423,cash deposit,1377.5,CAD
CA00040122,2025-05-20,BR024,TLR-2442,C502566,cash deposit,1500.29,CAD
CA00041076,2025-05-11,BR029,TLR-2848,C502484,cash withdrawal,896.19,CAD
CA00044095,2025-05-26,BR040,TLR-1061,C503082,cash deposit,258.56,CAD
CA00041084,2025-05-03,BR029,TLR-3976,C501659,cash deposit,816.98,CAD
CA00039521,2025-05-10,BR020,TLR-5895,C500573,cash deposit,749.68,USD
CA00038494,2025-05-16,BR015,TLR-5757,C503503,cash deposit,738.64,CAD
CA00041671,2025-05-25,BR031,TLR-7991,C502352,cash deposit,500.37,CAD
CA00035509,2025-05-10,BR001,TLR-7650,C502385,cash deposit,898.16,CAD
CA00040486,2025-05-12,BR026,TLR-1113,C500982,cash deposit,780.62,CAD
CA00044120,2025-05-13,BR040,TLR-2064,C500868,cash withdrawal,5117.59,CAD
CA00041261,2025-05-27,BR030,TLR-2942,C502298,cash deposit,1384.71,CAD
CA00042735,2025-05-14,BR037,TLR-7226,C502081,cash deposit,3081.31,CAD
CA00041852,2025-05-30,BR032,TLR-3991,C502142,cash withdrawal,1050.62,CAD
CA00035916,2025-05-18,BR002,TLR-7264,C501964,cash deposit,419.86,CAD
CA00044100,2025-05-13,BR040,TLR-2177,C500825,cash withdrawal,233.91,CAD
CA00037035,2025-05-19,BR008,TLR-3885,C503224,cash withdrawal,447.76,CAD
CA00036790,2025-05-09,BR006,TLR-3206,C502718,cash deposit,2223.96,CAD
CA00042098,2025-05-27,BR034,TLR-8200,C502987,cash withdrawal,423.98,CAD
CA00039051,2025-05-31,BR018,TLR-2529,C502384,cash deposit,1381.65,CAD
CA00042395,2025-05-16,BR035,TLR-9888,C502139,cash deposit,1371.09,CAD
CA00043498,2025-05-04,BR040,TLR-9952,C502715,cash deposit,1222.88,CAD
CA00041565,2025-05-19,BR031,TLR-6113,C500347,cash deposit,241.32,CAD
CA00038301,2025-05-16,BR015,TLR-1685,C500631,cash withdrawal,2585.85,CAD
CA00041788,2025-05-17,BR032,TLR-4185,C500890,cash deposit,1067.36,CAD
CA00043102,2025-05-03,BR038,TLR-8732,C502133,cash withdrawal,821.09,CAD
CA00040605,2025-05-12,BR026,TLR-3816,C500050,cash deposit,872.34,CAD
CA00039631,2025-05-18,BR020,TLR-4497,C501848,cash withdrawal,329.96,USD
CA00042900,2025-05-05,BR037,TLR-3372,C503854,cash withdrawal,1243.77,CAD
CA00039799,2025-05-13,BR021,TLR-9112,C501685,cash deposit,998.2,CAD
CA00039486,2025-05-17,BR020,TLR-8069,C500270,cash withdrawal,920.49,USD
CA00041597,2025-05-07,BR031,TLR-7510,C500427,cash deposit,298.74,CAD
CA00037971,2025-05-10,BR013,TLR-4842,C501785,cash deposit,1010.77,CAD
CA00041862,2025-05-15,BR032,TLR-1283,C500725,cash withdrawal,454.39,CAD
CA00037536,2025-05-31,BR010,TLR-1154,C501062,cash withdrawal,1199.46,CAD
CA00039286,2025-05-06,BR019,TLR-1566,C502255,cash deposit,218.93,CAD
CA00042350,2025-05-19,BR035,TLR-8772,C501264,cash withdrawal,1196.38,CAD
CA00040698,2025-05-05,BR026,TLR-8701,C502852,cash deposit,1801.32,CAD
CA00039843,2025-05-03,BR022,TLR-9733,C503365,cash deposit,1306.4,CAD
CA00041026,2025-05-11,BR028,TLR-7714,C501995,cash withdrawal,1436.12,CAD
CA00036058,2025-05-29,BR003,TLR-6410,C501507,cash withdrawal,614.96,CAD
CA00040649,2025-05-01,BR026,TLR-6059,C501210,cash deposit,521.52,CAD
CA00035531,2025-05-16,BR001,TLR-3532,C501532,cash withdrawal,1144.57,CAD
CA00036568,2025-05-24,BR006,TLR-6858,C501043,cash deposit,3173.97,CAD
CA00039626,2025-05-03,BR020,TLR-3980,C500473,cash deposit,449.58,USD
CA00043998,2025-05-25,BR040,TLR-6037,C503902,cash withdrawal,881.32,CAD
CA00041688,2025-05-13,BR031,TLR-5112,C501415,cash withdrawal,768.19,CAD
CA00035566,2025-05-05,BR001,TLR-2054,C501261,cash deposit,563.64,CAD
CA00042372,2025-05-08,BR035,TLR-9408,C500374,cash withdrawal,5930.59,CAD
CA00036532,2025-05-31,BR005,TLR-6230,C500038,cash withdrawal,2020.11,CAD
CA00039333,2025-05-14,BR019,TLR-2548,C502342,cash withdrawal,295.13,CAD
CA00035678,2025-05-07,BR001,TLR-6417,C502295,cash deposit,1228.94,CAD
CA00041141,2025-05-02,BR029,TLR-4498,C500817,cash deposit,517.86,CAD
CA00038778,2025-05-02,BR017,TLR-3755,C501639,cash withdrawal,552.31,CAD
CA00042281,2025-05-26,BR035,TLR-4847,C501995,cash withdrawal,378.54,CAD
CA00038984,2025-05-27,BR018,TLR-1224,C500741,cash withdrawal,774.95,CAD
CA00041327,2025-05-08,BR030,TLR-5376,C500285,cash deposit,1035.31,CAD
CA00040569,2025-05-18,BR026,TLR-9152,C503958,cash withdrawal,-340.82,CAD
CA00042231,2025-05-21,BR035,TLR-7701,C501122,cash withdrawal,1439.87,CAD
CA00040387,2025-05-25,BR025,TLR-2719,C503942,cash deposit,605.87,CAD
CA00037451,2025-05-04,BR010,TLR-6831,C503525,cash deposit,1640.5,CAD
CA00039219,2025-05-15,BR019,TLR-7933,C500017,cash withdrawal,2272.11,CAD
CA00043900,2025-05-29,BR040,TLR-9021,C502818,cash deposit,3912.75,CAD
CA00035870,2025-05-25,BR002,TLR-2007,C500118,cash deposit,820.82,CAD
CA00043414,2025-05-16,BR040,TLR-1692,C501475,cash deposit,709.7,CAD
CA00039791,2025-05-15,BR021,TLR-2105,C503407,cash withdrawal,793.73,CAD
CA00041798,2025-05-06,BR032,TLR-3480,C500595,cash deposit,744.22,CAD
CA00035789,2025-05-13,BR002,TLR-5549,C503495,cash withdrawal,-1772.33,CAD
CA00037081,2025-05-19,BR008,TLR-1082,C503615,cash deposit,991.69,CAD
CA00038032,2025-05-18,BR014,TLR-8877,C503788,cash withdrawal,461.23,CAD
CA00042294,2025-05-21,BR035,TLR-9555,C500769,cash withdrawal,593.56,CAD
CA00041209,2025-05-03,BR029,TLR-9150,C503783,cash deposit,106.1,CAD
CA00042589,2025-05-28,BR036,TLR-8142,C501873,cash deposit,1087.66,CAD
CA00039772,2025-05-25,BR021,TLR-4301,C503253,cash deposit,1286.61,CAD
CA00038898,2025-05-12,BR017,TLR-6800,C500636,cash deposit,1224.78,CAD
CA00040405,2025-05-26,BR025,TLR-5963,C503671,cash deposit,757.49,CAD
CA00043118,2025-05-06,BR038,TLR-3719,C503791,cash withdrawal,642.27,CAD
CA00036777,2025-05-31,BR006,TLR-9471,C502095,cash deposit,980.84,CAD
CA00035782,2025-05-27,BR002,TLR-1604,C501310,cash deposit,764.44,CAD
CA00036038,2025-05-06,BR003,TLR-9329,C502901,cash deposit,921.63,CAD
CA00035570,2025-05-30,BR001,TLR-1051,C502910,cash deposit,1224.96,CAD
CA00042800,2025-05-22,BR037,TLR-1184,C503628,cash deposit,1371.21,CAD
CA00039762,2025-05-09,BR021,TLR-1045,C502686,cash deposit,820.92,CAD
CA00038880,2025-05-04,BR017,TLR-9824,C501616,cash withdrawal,897.94,CAD
CA00042461,2025-05-03,BR036,TLR-7667,C501821,cash withdrawal,902.09,CAD
CA00035696,2025-05-27,BR001,TLR-6988,C502122,cash deposit,1236.9,CAD
CA00038097,2025-05-18,BR014,TLR-5646,C503925,cash withdrawal,2266.87,CAD
CA00043071,2025-05-09,BR038,TLR-2764,C500670,cash deposit,4918.31,CAD
CA00043622,2025-05-29,BR040,TLR-9420,C503909,cash deposit,354.57,CAD
CA00039455,2025-05-09,BR020,TLR-3225,C503734,cash withdrawal,3401.29,USD
CA00042826,2025-05-20,BR037,TLR-7265,C501058,cash withdrawal,1083.08,CAD
CA00036925,2025-05-27,BR007,TLR-7184,C500565,cash deposit,1966.76,CAD
CA00041030,2025-05-26,BR028,TLR-1784,C502257,cash deposit,2734.74,CAD
CA00040350,2025-05-11,BR025,TLR-5211,C500451,cash deposit,1646.52,CAD
CA00036764,2025-05-04,BR006,TLR-3931,C500942,cash withdrawal,3210.85,CAD
CA00042885,2025-05-09,BR037,TLR-5987,C503804,cash deposit,707.57,CAD
CA00039539,2025-05-29,BR020,TLR-9718,C500397,cash withdrawal,451.12,USD
CA00037020,2025-05-09,BR007,TLR-4415,C503949,cash deposit,1069.39,CAD
CA00039398,2025-05-03,BR019,TLR-3683,C500644,cash deposit,1986.26,CAD
CA00042075,2025-05-19,BR034,TLR-8677,C502067,cash withdrawal,752.85,CAD
CA00043585,2025-05-29,BR040,TLR-5124,C502373,cash deposit,1106.93,CAD
CA00037904,2025-05-15,BR012,TLR-1471,C500048,cash withdrawal,1941.37,CAD
CA00039069,2025-05-12,BR018,TLR-5228,C502016,cash deposit,684.02,CAD
CA00042808,2025-05-30,BR037,TLR-7677,C502484,cash withdrawal,1069.85,CAD
CA00036673,2025-05-16,BR006,TLR-4909,C503369,cash deposit,284.27,CAD
CA00038556,2025-05-21,BR016,TLR-2682,C500199,cash deposit,2240.42,CAD
CA00036698,2025-05-31,BR006,TLR-7731,C501768,cash withdrawal,566.05,CAD
CA00043819,2025-05-28,BR040,TLR-1008,C502995,cash deposit,214.37,CAD
CA00040392,2025-05-31,BR025,TLR-7548,C501184,cash withdrawal,-2050.35,CAD
CA00035937,2025-05-27,BR002,TLR-7274,C503538,cash withdrawal,-823.12,CAD
CA00036196,2025-05-14,BR004,TLR-8789,C501271,cash deposit,452.27,CAD
CA00037346,2025-05-31,BR009,TLR-8084,C500093,cash deposit,1156.27,CAD
CA00038497,2025-05-13,BR015,TLR-3127,C500599,cash withdrawal,896.69,CAD
CA00040283,2025-05-22,BR025,TLR-2245,C503839,cash deposit,1560.76,CAD
CA00037789,2025-05-25,BR012,TLR-4394,C503665,cash withdrawal,2100.35,CAD
CA00037503,2025-05-06,BR010,TLR-8273,C502399,cash deposit,2845.16,CAD
CA00040437,2025-05-31,BR025,TLR-2350,C501290,cash deposit,841.98,CAD
CA00039396,2025-05-21,BR019,TLR-5164,C501596,cash deposit,1220.99,CAD
CA00041236,2025-05-22,BR030,TLR-5239,C501229,cash deposit,588.04,CAD
CA00039241,2025-05-28,BR019,TLR-2041,C503381,cash withdrawal,4957.08,CAD
CA00036209,2025-05-26,BR004,TLR-9992,C500019,cash deposit,1109.33,CAD
CA00037033,2025-05-15,BR007,TLR-5497,C502568,cash deposit,524.4,CAD
CA00041995,2025-05-06,BR033,TLR-7643,C501830,cash deposit,873.41,CAD
CA00043120,2025-05-09,BR038,TLR-8339,C503106,cash withdrawal,627.86,CAD
CA00037000,2025-05-08,BR007,TLR-9300,C500115,cash withdrawal,1353.32,CAD
CA00038299,2025-05-15,BR015,TLR-3856,C501575,cash deposit,2840.85,CAD
CA00035760,2025-05-26,BR002,TLR-3223,C501201,cash deposit,963.88,CAD
CA00043932,2025-05-04,BR040,TLR-3092,C500419,cash deposit,738.47,CAD
CA00037347,2025-05-10,BR009,TLR-8885,C500944,cash withdrawal,2539.32,CAD
CA00043695,2025-05-07,BR040,TLR-9925,C503782,cash withdrawal,718.71,CAD
CA00038233,2025-05-06,BR015,TLR-2567,C500347,cash withdrawal,563.84,CAD
CA00036918,2025-05-07,BR007,TLR-4866,C502324,cash withdrawal,108.33,CAD
CA00036429,2025-05-23,BR004,TLR-9200,C503250,cash deposit,3228.34,CAD
CA00041617,2025-05-09,BR031,TLR-9607,C500673,cash withdrawal,1425.96,CAD
CA00039565,2025-05-27,BR020,TLR-9713,C501457,cash withdrawal,1533.2,USD
CA00036459,2025-05-28,BR004,TLR-2697,C502351,cash withdrawal,822.48,CAD
CA00036368,2025-05-01,BR004,TLR-9937,C502828,cash deposit,551.81,CAD
CA00043448,2025-05-23,BR040,TLR-2267,C503329,cash withdrawal,511.05,CAD
CA00037720,2025-05-25,BR012,TLR-7823,C502558,cash deposit,826.32,CAD
CA00041615,2025-05-07,BR031,TLR-1983,C502916,cash deposit,1107.35,CAD
CA00040186,2025-05-25,BR024,TLR-7407,C500521,cash deposit,1406.75,CAD
CA00040110,2025-05-06,BR024,TLR-1255,C502226,cash withdrawal,866.17,CAD
CA00037498,2025-05-18,BR010,TLR-6904,C502269,cash deposit,1273.2,CAD
CA00036990,2025-05-28,BR007,TLR-9671,C502445,cash deposit,324.15,CAD
CA00039083,2025-05-20,BR018,TLR-8407,C500120,cash deposit,1347.21,CAD
CA00041339,2025-05-17,BR030,TLR-9452,C501228,cash deposit,2833.29,CAD
CA00036658,2025-05-13,BR006,TLR-1484,C503967,cash deposit,536.69,CAD
CA00040912,2025-05-24,BR027,TLR-7602,C503505,cash withdrawal,9916.74,CAD
CA00036369,2025-05-15,BR004,TLR-1719,C503114,cash withdrawal,215.93,CAD
CA00042669,2025-05-19,BR036,TLR-3689,C503179,cash deposit,1087.79,CAD
CA00041451,2025-05-10,BR030,TLR-8894,C503792,cash deposit,1497.88,CAD
CA00036421,2025-05-01,BR004,TLR-1050,C502481,cash deposit,1260.54,CAD
CA00036061,2025-05-18,BR003,TLR-7068,C501275,cash deposit,971.24,CAD
CA00036234,2025-05-08,BR004,TLR-3898,C503199,cash deposit,616.66,CAD
CA00041190,2025-05-17,BR029,TLR-6806,C501250,cash withdrawal,1643.17,CAD
CA00039654,2025-05-15,BR021,TLR-1188,C500191,cash withdrawal,7476.76,CAD
CA00044115,2025-05-31,BR040,TLR-5565,C501195,cash withdrawal,942.35,CAD
CA00036012,2025-05-31,BR003,TLR-3034,C500408,cash deposit,793.84,CAD
CA00041990,2025-05-04,BR033,TLR-6148,C502922,cash deposit,996.53,CAD
CA00041064,2025-05-28,BR029,TLR-8820,C502997,cash deposit,870.6,CAD
CA00042484,2025-05-05,BR036,TLR-1990,C500989,cash deposit,1807.27,CAD
CA00042333,2025-05-30,BR035,TLR-1563,C501393,cash withdrawal,1794.79,CAD
CA00039672,2025-05-30,BR021,TLR-6725,C502734,cash deposit,566.04,CAD
CA00043051,2025-05-07,BR038,TLR-5779,C503386,cash deposit,3555.0,CAD
CA00040789,2025-05-05,BR027,TLR-7017,C502280,cash deposit,3483.39,CAD
CA00040255,2025-05-21,BR024,TLR-1067,C503237,cash deposit,1040.91,CAD
CA00041759,2025-05-11,BR032,TLR-4547,C500398,cash withdrawal,2049.59,CAD
CA00037544,2025-05-03,BR010,TLR-1690,C500078,cash withdrawal,911.31,CAD
CA00036772,2025-05-22,BR006,TLR-5864,C501236,cash deposit,452.24,CAD
CA00042966,2025-05-07,BR037,TLR-9896,C500580,cash withdrawal,3560.12,CAD
CA00043709,2025-05-25,BR040,TLR-2679,C501620,cash deposit,818.37,CAD
CA00035971,2025-05-31,BR003,TLR-5958,C501953,cash withdrawal,393.93,CAD
CA00039656,2025-05-12,BR021,TLR-1135,C503032,cash deposit,419.53,CAD
CA00042978,2025-05-22,BR037,TLR-6307,C501651,cash deposit,2533.14,CAD
CA00039613,2025-05-29,BR020,TLR-7954,C501924,cash deposit,914.06,USD
CA00035541,2025-05-10,BR001,TLR-3306,C500888,cash withdrawal,595.85,CAD
CA00043373,2025-05-19,BR039,TLR-6892,C500272,cash deposit,860.34,CAD
CA00037141,2025-05-28,BR008,TLR-1462,C503132,cash withdrawal,1115.98,CAD
CA00036090,2025-05-25,BR003,TLR-5668,C500789,cash deposit,527.95,CAD
CA00036902,2025-05-30,BR007,TLR-5006,C503567,cash withdrawal,857.05,CAD
CA00042841,2025-05-13,BR037,TLR-4378,C503846,cash deposit,612.19,CAD
CA00037163,2025-05-23,BR008,TLR-2102,C500754,cash deposit,796.13,CAD
CA00043007,2025-05-10,BR038,TLR-7584,C502510,cash withdrawal,900.46,CAD
CA00041772,2025-05-21,BR032,TLR-6056,C500042,cash deposit,898.16,CAD
CA00035799,2025-05-27,BR002,TLR-4180,C502610,cash deposit,437.32,CAD
CA00035428,2025-05-15,BR001,TLR-2237,C500412,cash deposit,1240.05,CAD
CA00042493,2025-05-10,BR036,TLR-4631,C500284,cash deposit,1144.7,CAD
CA00039671,2025-05-29,BR021,TLR-3444,C500606,cash deposit,724.42,CAD
CA00040664,2025-05-27,BR026,TLR-6080,C500375,cash withdrawal,-588.13,CAD
CA00041768,2025-05-22,BR032,TLR-5862,C502728,cash withdrawal,484.0,CAD
CA00044013,2025-05-03,BR040,TLR-7514,C502988,cash deposit,898.88,CAD
CA00042454,2025-05-10,BR036,TLR-9147,C500004,cash withdrawal,4389.69,CAD
CA00044169,2025-05-29,BR040,TLR-1443,C502377,cash deposit,1084.44,CAD
CA00037052,2025-05-28,BR008,TLR-8286,C502419,cash deposit,1297.38,CAD
CA00036397,2025-05-28,BR004,TLR-4059,C503241,cash deposit,1355.47,CAD
CA00043067,2025-05-12,BR038,TLR-5429,C503252,cash deposit,733.38,CAD
CA00037652,2025-05-17,BR011,TLR-4907,C500088,cash withdrawal,854.85,CAD
CA00036940,2025-05-02,BR007,TLR-2747,C500724,cash withdrawal,1375.92,CAD
CA00042299,2025-05-05,BR035,TLR-7353,C501177,cash deposit,1517.29,CAD
CA00043766,2025-05-14,BR040,TLR-9530,C503483,cash withdrawal,619.57,CAD
CA00041675,2025-05-18,BR031,TLR-7077,C501566,cash deposit,507.77,CAD
CA00039283,2025-05-10,BR019,TLR-4421,C503020,cash withdrawal,482.73,CAD
CA00041800,2025-05-30,BR032,TLR-7087,C502319,cash deposit,689.09,CAD
CA00042384,2025-05-06,BR035,TLR-9484,C500331,cash withdrawal,1662.44,CAD
CA00035941,2025-05-02,BR002,TLR-6667,C500400,cash deposit,1702.33,CAD
CA00036581,2025-05-14,BR006,TLR-1737,C500423,cash withdrawal,425.87,CAD
CA00043339,2025-05-01,BR039,TLR-4545,C502488,cash withdrawal,673.85,CAD
CA00039371,2025-05-25,BR019,TLR-4316,C503974,cash withdrawal,5703.61,CAD
CA00040315,2025-05-01,BR025,TLR-7764,C503387,cash deposit,1953.82,CAD
CA00040224,2025-05-17,BR024,TLR-3237,C500929,cash withdrawal,4627.16,CAD
CA00037675,2025-05-12,BR012,TLR-5630,C502218,cash withdrawal,2516.34,CAD
CA00035523,2025-05-29,BR001,TLR-5521,C502059,cash deposit,1189.36,CAD
CA00043829,2025-05-28,BR040,TLR-8180,C501866,cash withdrawal,1795.11,CAD
CA00040176,2025-05-14,BR024,TLR-5115,C501897,cash withdrawal,894.76,CAD
CA00041138,2025-05-04,BR029,TLR-9146,C503366,cash deposit,1736.27,CAD
CA00041789,2025-05-14,BR032,TLR-9159,C501980,cash deposit,578.03,CAD
CA00035573,2025-05-13,BR001,TLR-2372,C501717,cash deposit,928.24,CAD
CA00041895,2025-05-24,BR033,TLR-9609,C500639,cash deposit,1718.27,CAD
CA00043674,2025-05-06,BR040,TLR-1287,C503527,cash deposit,576.19,CAD
CA00044258,2025-05-21,BR040,TLR-3380,C501729,cash deposit,843.5,CAD
CA00044053,2025-05-27,BR040,TLR-8080,C501114,cash deposit,1317.54,CAD
CA00042027,2025-05-09,BR033,TLR-7243,C500995,cash withdrawal,1341.61,CAD
CA00039079,2025-05-26,BR018,TLR-6797,C502633,cash deposit,932.36,CAD
CA00043729,2025-05-17,BR040,TLR-6491,C501493,cash withdrawal,1121.82,CAD
CA00035700,2025-05-13,BR001,TLR-6025,C500972,cash withdrawal,409.06,CAD
CA00039388,2025-05-31,BR019,TLR-5539,C500191,cash deposit,426.07,CAD
CA00043597,2025-05-28,BR040,TLR-7619,C503434,cash deposit,1667.76,CAD
CA00043148,2025-05-26,BR038,TLR-3049,C500073,cash deposit,171.9,CAD
CA00036610,2025-05-03,BR006,TLR-5372,C503484,cash withdrawal,1764.1,CAD
CA00036485,2025-05-08,BR005,TLR-2682,C502112,cash withdrawal,195.59,CAD
CA00044236,2025-05-03,BR040,TLR-8059,C502048,cash deposit,1171.18,CAD
CA00036770,2025-05-22,BR006,TLR-5044,C500183,cash deposit,2392.68,CAD
CA00043820,2025-05-03,BR040,TLR-8894,C502112,cash withdrawal,445.09,CAD
CA00044003,2025-05-10,BR040,TLR-2630,C502546,cash withdrawal,1182.81,CAD
CA00035425,2025-05-13,BR001,TLR-3852,C501605,cash deposit,888.12,CAD
CA00038736,2025-05-18,BR017,TLR-3881,C501980,cash deposit,1490.73,CAD
CA00036629,2025-05-20,BR006,TLR-3596,C500902,cash deposit,622.04,CAD
CA00040764,2025-05-13,BR027,TLR-5601,C500040,cash deposit,584.78,CAD
CA00043117,2025-05-22,BR038,TLR-9264,C502935,cash deposit,2962.66,CAD
CA00038789,2025-05-12,BR017,TLR-6831,C503273,cash withdrawal,904.71,CAD
CA00036098,2025-05-03,BR003,TLR-9505,C502423,cash deposit,1245.33,CAD
CA00042895,2025-05-25,BR037,TLR-8545,C503391,cash withdrawal,835.27,CAD
CA00036340,2025-05-13,BR004,TLR-3769,C500391,cash deposit,1170.08,CAD
CA00043100,2025-05-16,BR038,TLR-7181,C500439,cash withdrawal,438.62,CAD
CA00037925,2025-05-11,BR013,TLR-6465,C500906,cash deposit,927.84,CAD
CA00036158,2025-05-05,BR003,TLR-8166,C500243,cash withdrawal,1598.93,CAD
CA00037836,2025-05-14,BR012,TLR-2917,C500738,cash deposit,666.45,CAD
CA00044284,2025-05-09,BR040,TLR-9581,C503685,cash withdrawal,413.66,CAD
CA00039646,2025-05-23,BR021,TLR-3140,C501099,cash withdrawal,538.01,CAD
CA00040593,2025-05-22,BR026,TLR-7854,C500690,cash withdrawal,-857.89,CAD
CA00038266,2025-05-01,BR015,TLR-6647,C502785,cash withdrawal,1711.48,CAD
CA00042801,2025-05-06,BR037,TLR-4455,C501797,cash withdrawal,227.76,CAD
CA00036644,2025-05-01,BR006,TLR-5787,C501390,cash withdrawal,829.21,CAD
CA00039299,2025-05-19,BR019,TLR-3470,C502901,cash withdrawal,3461.83,CAD
CA00040489,2025-05-07,BR026,TLR-6929,C500984,cash withdrawal,-978.1,CAD
CA00042716,2025-05-05,BR036,TLR-7714,C501044,cash withdrawal,341.69,CAD
CA00039107,2025-05-09,BR019,TLR-1733,C501357,cash withdrawal,1778.98,CAD
CA00035515,2025-05-20,BR001,TLR-7233,C502426,cash deposit,1640.65,CAD
CA00042184,2025-05-31,BR034,TLR-4376,C500811,cash withdrawal,1377.83,CAD
CA00038249,2025-05-19,BR015,TLR-2947,C502840,cash deposit,763.6,CAD
CA00037965,2025-05-21,BR013,TLR-4670,C500240,cash deposit,399.73,CAD
CA00043441,2025-05-31,BR040,TLR-8971,C501407,cash withdrawal,581.58,CAD
CA00036349,2025-05-15,BR004,TLR-7407,C501424,cash withdrawal,2226.12,CAD
CA00035481,2025-05-08,BR001,TLR-3568,C500743,cash deposit,457.23,CAD
CA00039552,2025-05-25,BR020,TLR-2384,C501507,cash deposit,320.3,USD
CA00041046,2025-05-31,BR028,TLR-6174,C501416,cash withdrawal,2305.54,CAD
CA00037898,2025-05-22,BR012,TLR-2767,C500171,cash deposit,1557.28,CAD
CA00042758,2025-05-10,BR037,TLR-6421,C500199,cash withdrawal,1073.53,CAD
CA00036246,2025-05-24,BR004,TLR-5187,C502723,cash deposit,545.09,CAD
CA00038150,2025-05-04,BR014,TLR-4838,C500648,cash deposit,1276.51,CAD
CA00039233,2025-05-06,BR019,TLR-4946,C501268,cash deposit,726.12,CAD
CA00036232,2025-05-31,BR004,TLR-3732,C503963,cash withdrawal,2315.99,CAD
CA00041830,2025-05-03,BR032,TLR-1718,C503840,cash withdrawal,1245.01,CAD
CA00037355,2025-05-26,BR009,TLR-3504,C500024,cash deposit,1369.06,CAD
CA00038817,2025-05-17,BR017,TLR-3494,C502099,cash withdrawal,822.77,CAD
CA00040634,2025-05-19,BR026,TLR-2663,C501803,cash withdrawal,-1090.09,CAD
CA00036226,2025-05-05,BR004,TLR-9032,C503846,cash deposit,705.12,CAD
CA00040245,2025-05-18,BR024,TLR-6122,C501632,cash withdrawal,964.2,CAD
CA00043930,2025-05-08,BR040,TLR-1155,C502793,cash withdrawal,3942.93,CAD
CA00040060,2025-05-21,BR024,TLR-7215,C500084,cash deposit,580.63,CAD
CA00041383,2025-05-14,BR030,TLR-2021,C501629,cash withdrawal,903.68,CAD
CA00037500,2025-05-22,BR010,TLR-3005,C502329,cash withdrawal,1799.52,CAD
CA00037334,2025-05-27,BR009,TLR-9417,C503404,cash deposit,598.05,CAD
CA00042115,2025-05-19,BR034,TLR-4142,C500580,cash withdrawal,7240.97,CAD
CA00038185,2025-05-18,BR014,TLR-5675,C500235,cash withdrawal,654.46,CAD
CA00040336,2025-05-29,BR025,TLR-5967,C501443,cash withdrawal,-3424.64,CAD
CA00035697,2025-05-10,BR001,TLR-1923,C502223,cash deposit,375.12,CAD
CA00040208,2025-05-15,BR024,TLR-1493,C501359,cash deposit,766.43,CAD
CA00039183,2025-05-08,BR019,TLR-3735,C503803,cash withdrawal,349.73,CAD
CA00044180,2025-05-09,BR040,TLR-2237,C500981,cash withdrawal,1106.58,CAD
CA00038617,2025-05-03,BR016,TLR-2932,C500666,cash withdrawal,307.38,CAD
CA00042016,2025-05-31,BR033,TLR-1809,C500374,cash withdrawal,764.57,CAD
CA00043006,2025-05-13,BR038,TLR-3688,C500569,cash withdrawal,670.11,CAD
CA00037086,2025-05-25,BR008,TLR-1649,C501454,cash withdrawal,2624.38,CAD
CA00035537,2025-05-03,BR001,TLR-7327,C502434,cash withdrawal,2479.19,CAD
CA00040604,2025-05-14,BR026,TLR-2767,C501959,cash deposit,1382.64,CAD
CA00043770,2025-05-21,BR040,TLR-9567,C503739,cash withdrawal,955.44,CAD
CA00038462,2025-05-16,BR015,TLR-1595,C501082,cash withdrawal,926.99,CAD
CA00038048,2025-05-04,BR014,TLR-1614,C501828,cash deposit,980.44,CAD
CA00036593,2025-05-01,BR006,TLR-5026,C501990,cash withdrawal,1417.06,CAD
CA00040097,2025-05-18,BR024,TLR-7653,C500732,cash withdrawal,821.6,CAD
CA00036750,2025-05-12,BR006,TLR-4372,C502164,cash deposit,566.08,CAD
CA00037630,2025-05-10,BR011,TLR-5717,C500024,cash withdrawal,490.54,CAD
CA00043242,2025-05-28,BR039,TLR-2775,C501291,cash deposit,427.91,CAD
CA00042065,2025-05-26,BR034,TLR-2198,C503364,cash deposit,1871.64,CAD
CA00038305,2025-05-16,BR015,TLR-8909,C502440,cash withdrawal,1467.76,CAD
CA00040966,2025-05-16,BR028,TLR-3988,C502988,cash withdrawal,289.66,CAD
CA00038197,2025-05-07,BR014,TLR-4664,C501972,cash deposit,589.34,CAD
CA00040335,2025-05-02,BR025,TLR-8022,C501033,cash deposit,2517.0,CAD
CA00038352,2025-05-15,BR015,TLR-2186,C500745,cash deposit,2092.8,CAD
CA00039146,2025-05-19,BR019,TLR-9438,C503074,cash deposit,2829.89,CAD
CA00037113,2025-05-22,BR008,TLR-4136,C500363,cash withdrawal,715.56,CAD
CA00036570,2025-05-19,BR006,TLR-4659,C500515,cash withdrawal,1225.67,CAD
CA00043267,2025-05-04,BR039,TLR-7764,C501592,cash deposit,1045.9,CAD
CA00036759,2025-05-16,BR006,TLR-8507,C503919,cash deposit,357.03,CAD
CA00042913,2025-05-20,BR037,TLR-5606,C502935,cash withdrawal,1156.42,CAD
CA00041946,2025-05-08,BR033,TLR-2295,C500630,cash withdrawal,501.56,CAD
CA00040671,2025-05-25,BR026,TLR-9293,C501925,cash deposit,355.22,CAD
CA00039362,2025-05-17,BR019,TLR-9666,C502693,cash withdrawal,1069.37,CAD
CA00042248,2025-05-22,BR035,TLR-7736,C500160,cash withdrawal,945.66,CAD
CA00040821,2025-05-09,BR027,TLR-9115,C500020,cash withdrawal,877.74,CAD
CA00039610,2025-05-02,BR020,TLR-5751,C503760,cash withdrawal,407.1,USD
CA00035587,2025-05-02,BR001,TLR-6575,C500319,cash deposit,873.86,CAD
CA00036458,2025-05-26,BR004,TLR-3468,C500392,cash withdrawal,348.21,CAD
CA00037492,2025-05-05,BR010,TLR-8323,C500211,cash withdrawal,953.34,CAD
CA00036243,2025-05-12,BR004,TLR-1996,C503499,cash deposit,727.74,CAD
CA00040830,2025-05-02,BR027,TLR-4561,C503830,cash withdrawal,391.93,CAD
CA00040330,2025-05-22,BR025,TLR-4476,C500871,cash deposit,806.46,CAD
CA00039401,2025-05-20,BR019,TLR-3577,C502099,cash withdrawal,791.04,CAD
CA00037104,2025-05-04,BR008,TLR-1801,C501893,cash deposit,1772.45,CAD
CA00039580,2025-05-04,BR020,TLR-1842,C502804,cash withdrawal,248.81,USD
CA00039920,2025-05-24,BR023,TLR-4722,C502425,cash withdrawal,224.5,CAD
CA00036201,2025-05-03,BR004,TLR-9594,C501306,cash deposit,280.96,CAD
CA00040325,2025-05-16,BR025,TLR-3174,C501566,cash deposit,1151.33,CAD
CA00036808,2025-05-06,BR006,TLR-1436,C500895,cash deposit,218.1,CAD
CA00037384,2025-05-18,BR009,TLR-5229,C503400,cash deposit,907.43,CAD
CA00040911,2025-05-15,BR027,TLR-8058,C502583,cash withdrawal,9524.52,CAD
CA00037997,2025-05-21,BR013,TLR-7401,C503643,cash withdrawal,986.7,CAD
CA00036804,2025-05-07,BR006,TLR-9822,C503912,cash withdrawal,2389.14,CAD
CA00041348,2025-05-19,BR030,TLR-1787,C501409,cash withdrawal,1546.47,CAD
CA00044210,2025-05-09,BR040,TLR-6662,C500005,cash deposit,400.48,CAD
CA00036840,2025-05-14,BR007,TLR-8674,C501251,cash withdrawal,2358.44,CAD
CA00037128,2025-05-27,BR008,TLR-2056,C500513,cash withdrawal,477.77,CAD
CA00037487,2025-05-27,BR010,TLR-5928,C503151,cash deposit,608.98,CAD
CA00040702,2025-05-29,BR026,TLR-2352,C501403,cash withdrawal,-1052.49,CAD
CA00042500,2025-05-06,BR036,TLR-5788,C500058,cash withdrawal,731.87,CAD
CA00035956,2025-05-20,BR002,TLR-3025,C503183,cash deposit,1169.61,CAD
CA00037360,2025-05-24,BR009,TLR-1479,C501427,cash deposit,2207.59,CAD
CA00038368,2025-05-10,BR015,TLR-7022,C500026,cash deposit,352.58,CAD
CA00037880,2025-05-04,BR012,TLR-3960,C503042,cash deposit,1377.85,CAD
CA00043564,2025-05-26,BR040,TLR-5917,C503844,cash withdrawal,1757.21,CAD
CA00036303,2025-05-07,BR004,TLR-8964,C503225,cash deposit,1206.35,CAD
CA00036640,2025-05-25,BR006,TLR-1609,C500309,cash withdrawal,1136.66,CAD
CA00037725,2025-05-24,BR012,TLR-3433,C501619,cash withdrawal,1191.88,CAD
CA00039384,2025-05-04,BR019,TLR-7536,C502338,cash withdrawal,391.03,CAD
CA00040386,2025-05-03,BR025,TLR-5197,C503404,cash withdrawal,-1179.34,CAD
CA00040886,2025-05-25,BR027,TLR-9261,C501393,cash withdrawal,2043.6,CAD
CA00037692,2025-05-19,BR012,TLR-3975,C501478,cash deposit,926.66,CAD
CA00042185,2025-05-26,BR034,TLR-7196,C502555,cash withdrawal,1279.66,CAD
CA00036406,2025-05-07,BR004,TLR-9044,C501473,cash withdrawal,635.16,CAD
CA00043577,2025-05-02,BR040,TLR-5507,C502774,cash deposit,330.75,CAD
CA00036282,2025-05-05,BR004,TLR-9287,C502734,cash deposit,809.13,CAD
CA00043241,2025-05-04,BR039,TLR-3159,C503469,cash deposit,1128.6,CAD
CA00035505,2025-05-11,BR001,TLR-5161,C501362,cash deposit,1549.15,CAD
CA00036956,2025-05-15,BR007,TLR-9844,C501850,cash deposit,864.97,CAD
CA00043955,2025-05-29,BR040,TLR-9622,C500929,cash deposit,422.76,CAD
CA00040507,2025-05-14,BR026,TLR-1938,C502752,cash deposit,1425.31,CAD
CA00044216,2025-05-04,BR040,TLR-7867,C501538,cash deposit,3562.96,CAD
CA00038074,2025-05-02,BR014,TLR-4421,C501973,cash deposit,343.07,CAD
CA00042593,2025-05-01,BR036,TLR-9113,C502758,cash withdrawal,1611.12,CAD
CA00039861,2025-05-02,BR022,TLR-9426,C501784,cash deposit,1444.75,CAD
CA00036141,2025-05-24,BR003,TLR-5665,C503926,cash withdrawal,390.57,CAD
CA00038882,2025-05-10,BR017,TLR-2096,C500277,cash deposit,571.96,CAD
CA00039301,2025-05-25,BR019,TLR-2380,C503130,cash deposit,309.0,CAD
CA00043671,2025-05-06,BR040,TLR-2151,C501976,cash withdrawal,245.89,CAD
CA00038868,2025-05-20,BR017,TLR-5582,C500495,cash withdrawal,2359.79,CAD
CA00040928,2025-05-27,BR028,TLR-6422,C500366,cash withdrawal,424.69,CAD
CA00035814,2025-05-14,BR002,TLR-4942,C502272,cash deposit,644.78,CAD
CA00043796,2025-05-29,BR040,TLR-9537,C500680,cash deposit,1104.93,CAD
CA00042460,2025-05-02,BR036,TLR-1585,C503051,cash deposit,3335.42,CAD
CA00043973,2025-05-18,BR040,TLR-3639,C500916,cash withdrawal,1315.69,CAD
CA00043609,2025-05-10,BR040,TLR-6252,C500410,cash withdrawal,1155.81,CAD
CA00043338,2025-05-23,BR039,TLR-1016,C500881,cash deposit,577.19,CAD
CA00042008,2025-05-27,BR033,TLR-2023,C500187,cash withdrawal,1916.71,CAD
CA00037228,2025-05-26,BR008,TLR-2988,C501218,cash withdrawal,780.63,CAD
CA00036065,2025-05-13,BR003,TLR-9160,C500518,cash withdrawal,1195.31,CAD
CA00036019,2025-05-24,BR003,TLR-4909,C501576,cash deposit,519.96,CAD
CA00044154,2025-05-26,BR040,TLR-3745,C500608,cash deposit,1105.28,CAD
CA00042388,2025-05-01,BR035,TLR-4877,C503740,cash deposit,884.05,CAD
CA00037917,2025-05-07,BR013,TLR-6928,C501558,cash withdrawal,1519.16,CAD
CA00039443,2025-05-16,BR020,TLR-9894,C501827,cash withdrawal,327.63,USD
CA00037680,2025-05-03,BR012,TLR-9393,C503843,cash withdrawal,1370.48,CAD
CA00043744,2025-05-26,BR040,TLR-9005,C501336,cash deposit,1808.9,CAD
CA00043174,2025-05-25,BR038,TLR-9714,C500506,cash withdrawal,2283.83,CAD
CA00040975,2025-05-11,BR028,TLR-7061,C501563,cash deposit,270.77,CAD
CA00039272,2025-05-05,BR019,TLR-9507,C502399,cash deposit,3384.2,CAD
CA00040017,2025-05-21,BR024,TLR-3710,C502562,cash withdrawal,1073.19,CAD
CA00038737,2025-05-08,BR017,TLR-6607,C501249,cash withdrawal,944.99,CAD
CA00038794,2025-05-11,BR017,TLR-4097,C501369,cash withdrawal,849.44,CAD
CA00037887,2025-05-25,BR012,TLR-4933,C501495,cash deposit,526.64,CAD
CA00036771,2025-05-02,BR006,TLR-9650,C502839,cash deposit,1033.04,CAD
CA00036247,2025-05-27,BR004,TLR-2391,C501918,cash withdrawal,259.96,CAD
CA00037578,2025-05-19,BR010,TLR-6688,C502549,cash withdrawal,1297.53,CAD
CA00042869,2025-05-15,BR037,TLR-6500,C503207,cash withdrawal,1936.83,CAD
CA00040106,2025-05-04,BR024,TLR-1097,C502038,cash withdrawal,821.76,CAD
CA00036686,2025-05-16,BR006,TLR-8804,C503180,cash deposit,799.38,CAD
CA00042399,2025-05-10,BR035,TLR-7818,C503367,cash deposit,1178.45,CAD
CA00041121,2025-05-03,BR029,TLR-5032,C501037,cash withdrawal,425.22,CAD
CA00039594,2025-05-08,BR020,TLR-2465,C501916,cash deposit,1243.87,USD
CA00036623,2025-05-03,BR006,TLR-2287,C503343,cash withdrawal,632.74,CAD
CA00042713,2025-05-21,BR036,TLR-5834,C502309,cash deposit,615.43,CAD
CA00041651,2025-05-21,BR031,TLR-4813,C503305,cash deposit,1771.59,CAD
CA00039173,2025-05-18,BR019,TLR-4930,C502330,cash deposit,1659.12,CAD
CA00037540,2025-05-21,BR010,TLR-1685,C501632,cash deposit,548.26,CAD
CA00038629,2025-05-15,BR016,TLR-4084,C502202,cash deposit,3503.1,CAD
CA00043363,2025-05-11,BR039,TLR-6578,C501358,cash deposit,3641.77,CAD
CA00038148,2025-05-09,BR014,TLR-6543,C502587,cash deposit,1247.8,CAD
CA00037521,2025-05-04,BR010,TLR-7084,C501366,cash withdrawal,2385.19,CAD
CA00043516,2025-05-10,BR040,TLR-3579,C501930,cash deposit,1312.58,CAD
CA00044114,2025-05-18,BR040,TLR-3910,C500193,cash withdrawal,1443.82,CAD
CA00041719,2025-05-17,BR031,TLR-9805,C501366,cash withdrawal,1601.98,CAD
CA00043784,2025-05-05,BR040,TLR-9877,C502113,cash withdrawal,688.17,CAD
CA00043859,2025-05-08,BR040,TLR-6774,C500103,cash withdrawal,1592.38,CAD
CA00040726,2025-05-14,BR027,TLR-7727,C500120,cash withdrawal,894.18,CAD
CA00042999,2025-05-24,BR038,TLR-1714,C503273,cash deposit,485.3,CAD
CA00036223,2025-05-15,BR004,TLR-3079,C503208,cash withdrawal,781.08,CAD
CA00041017,2025-05-10,BR028,TLR-4052,C500309,cash withdrawal,1170.88,CAD
CA00039094,2025-05-03,BR019,TLR-2606,C500987,cash withdrawal,1453.1,CAD
CA00041646,2025-05-30,BR031,TLR-1571,C503399,cash deposit,1146.79,CAD
CA00041301,2025-05-13,BR030,TLR-4183,C501820,cash deposit,454.07,CAD
CA00036692,2025-05-05,BR006,TLR-2002,C500386,cash withdrawal,901.56,CAD
CA00038260,2025-05-17,BR015,TLR-5571,C503563,cash deposit,4803.58,CAD
CA00038356,2025-05-02,BR015,TLR-6379,C502648,cash withdrawal,645.43,CAD
CA00038774,2025-05-30,BR017,TLR-3216,C502599,cash withdrawal,304.4,CAD
CA00036607,2025-05-15,BR006,TLR-6537,C500882,cash deposit,680.73,CAD
CA00042270,2025-05-31,BR035,TLR-3853,C502596,cash withdrawal,230.55,CAD
CA00037853,2025-05-23,BR012,TLR-4581,C503695,cash deposit,759.1,CAD
CA00041298,2025-05-26,BR030,TLR-8212,C503613,cash deposit,2212.79,CAD
CA00043144,2025-05-27,BR038,TLR-3424,C501052,cash withdrawal,1286.91,CAD
CA00037091,2025-05-18,BR008,TLR-3308,C503545,cash withdrawal,1589.89,CAD
CA00035672,2025-05-17,BR001,TLR-4735,C502614,cash deposit,1075.12,CAD
CA00035535,2025-05-22,BR001,TLR-4575,C503270,cash withdrawal,310.75,CAD
CA00040404,2025-05-28,BR025,TLR-3893,C500365,cash withdrawal,-772.55,CAD
CA00042727,2025-05-26,BR036,TLR-4088,C502905,cash withdrawal,496.59,CAD
CA00040568,2025-05-11,BR026,TLR-1583,C500197,cash deposit,1295.84,CAD
CA00040786,2025-05-27,BR027,TLR-1876,C503734,cash deposit,739.66,CAD
CA00039730,2025-05-14,BR021,TLR-4533,C502282,cash withdrawal,1858.77,CAD
CA00043346,2025-05-16,BR039,TLR-7288,C500907,cash deposit,1654.2,CAD
CA00037080,2025-05-23,BR008,TLR-8240,C502583,cash withdrawal,1013.33,CAD
CA00041479,2025-05-09,BR030,TLR-3974,C500628,cash withdrawal,1368.2,CAD
CA00043643,2025-05-25,BR040,TLR-9378,C503658,cash withdrawal,593.1,CAD
CA00036076,2025-05-23,BR003,TLR-4686,C502484,cash deposit,579.81,CAD
CA00043045,2025-05-24,BR038,TLR-8107,C501448,cash deposit,855.19,CAD
CA00042751,2025-05-16,BR037,TLR-3681,C503452,cash withdrawal,478.15,CAD
CA00041834,2025-05-06,BR032,TLR-5617,C501581,cash withdrawal,2098.21,CAD
CA00036455,2025-05-01,BR004,TLR-3590,C502759,cash withdrawal,1836.7,CAD
CA00042573,2025-05-13,BR036,TLR-9064,C501190,cash deposit,809.86,CAD
CA00042149,2025-05-03,BR034,TLR-5265,C503734,cash deposit,3793.4,CAD
CA00041783,2025-05-08,BR032,TLR-9249,C503806,cash deposit,2887.8,CAD
CA00035776,2025-05-15,BR002,TLR-9785,C500046,cash deposit,372.48,CAD
CA00039683,2025-05-10,BR021,TLR-8582,C500074,cash deposit,606.16,CAD
CA00038177,2025-05-03,BR014,TLR-1816,C500934,cash withdrawal,920.2,CAD
CA00040817,2025-05-08,BR027,TLR-4268,C500070,cash withdrawal,653.35,CAD
CA00037463,2025-05-30,BR010,TLR-7710,C502569,cash deposit,998.96,CAD
CA00043510,2025-05-19,BR040,TLR-2860,C501316,cash deposit,1306.26,CAD
CA00040054,2025-05-19,BR024,TLR-9846,C503873,cash deposit,1398.9,CAD
CA00042905,2025-05-13,BR037,TLR-6446,C501089,cash withdrawal,1423.99,CAD
CA00039196,2025-05-25,BR019,TLR-8358,C500833,cash deposit,1425.4,CAD
CA00041382,2025-05-13,BR030,TLR-1901,C503354,cash withdrawal,771.3,CAD
CA00040828,2025-05-23,BR027,TLR-2361,C503900,cash deposit,673.51,CAD
CA00038964,2025-05-17,BR018,TLR-3883,C501800,cash deposit,873.62,CAD
CA00036360,2025-05-16,BR004,TLR-4318,C501196,cash deposit,499.61,CAD
CA00036385,2025-05-15,BR004,TLR-9902,C500932,cash deposit,1191.94,CAD
CA00039551,2025-05-11,BR020,TLR-3489,C501336,cash withdrawal,1124.1,USD
CA00041390,2025-05-16,BR030,TLR-1729,C502795,cash withdrawal,4260.9,CAD
CA00039010,2025-05-18,BR018,TLR-1687,C501283,cash deposit,853.2,CAD
CA00036236,2025-05-19,BR004,TLR-2064,C503335,cash withdrawal,450.14,CAD
CA00043656,2025-05-11,BR040,TLR-9287,C502364,cash withdrawal,517.56,CAD
CA00042012,2025-05-25,BR033,TLR-4725,C503146,cash deposit,1731.96,CAD
CA00041293,2025-05-28,BR030,TLR-8257,C502094,cash deposit,2402.68,CAD
CA00043391,2025-05-04,BR039,TLR-2470,C500328,cash withdrawal,1394.91,CAD
CA00039903,2025-05-14,BR023,TLR-6463,C501715,cash withdrawal,1505.07,CAD
CA00036917,2025-05-29,BR007,TLR-2430,C503134,cash deposit,1276.83,CAD
CA00039475,2025-05-30,BR020,TLR-6392,C502029,cash deposit,608.45,USD
CA00039135,2025-05-16,BR019,TLR-5131,C502220,cash withdrawal,761.37,CAD
CA00043549,2025-05-13,BR040,TLR-1953,C502996,cash withdrawal,834.87,CAD
CA00039204,2025-05-12,BR019,TLR-1006,C503918,cash deposit,1295.95,CAD
CA00041269,2025-05-15,BR030,TLR-7296,C500852,cash withdrawal,626.12,CAD
CA00042092,2025-05-13,BR034,TLR-3858,C503448,cash deposit,757.4,CAD
CA00035593,2025-05-15,BR001,TLR-7927,C503121,cash withdrawal,3886.51,CAD
CA00043031,2025-05-27,BR038,TLR-6747,C503174,cash deposit,254.29,CAD
CA00035982,2025-05-17,BR003,TLR-1690,C503874,cash deposit,592.02,CAD
CA00042061,2025-05-01,BR034,TLR-9487,C502274,cash deposit,1167.9,CAD
CA00039544,2025-05-22,BR020,TLR-6423,C500698,cash withdrawal,772.37,USD
CA00036356,2025-05-22,BR004,TLR-6802,C502451,cash withdrawal,586.73,CAD
CA00036992,2025-05-20,BR007,TLR-5696,C503856,cash deposit,1576.94,CAD
CA00039711,2025-05-03,BR021,TLR-9995,C502383,cash withdrawal,1014.1,CAD
CA00042655,2025-05-01,BR036,TLR-4637,C501289,cash withdrawal,516.3,CAD
CA00035841,2025-05-02,BR002,TLR-6811,C502245,cash withdrawal,-1505.14,CAD
CA00040085,2025-05-10,BR024,TLR-4491,C501958,cash deposit,1295.11,CAD
CA00039890,2025-05-11,BR023,TLR-6431,C503254,cash deposit,665.07,CAD
CA00036010,2025-05-30,BR003,TLR-8401,C502013,cash deposit,948.95,CAD
CA00040140,2025-05-04,BR024,TLR-2164,C502693,cash withdrawal,1835.07,CAD
CA00037935,2025-05-22,BR013,TLR-6444,C502868,cash withdrawal,2395.83,CAD
CA00038211,2025-05-31,BR014,TLR-2903,C501280,cash deposit,295.93,CAD
CA00037270,2025-05-20,BR008,TLR-7477,C503998,cash deposit,268.68,CAD
CA00037471,2025-05-11,BR010,TLR-4852,C501635,cash withdrawal,762.33,CAD
CA00038702,2025-05-04,BR017,TLR-8989,C503553,cash deposit,420.6,CAD
CA00042625,2025-05-30,BR036,TLR-3781,C503017,cash deposit,899.58,CAD
CA00035418,2025-05-12,BR001,TLR-9814,C500763,cash withdrawal,949.18,CAD
CA00036471,2025-05-10,BR004,TLR-7060,C503945,cash withdrawal,1626.02,CAD
CA00042360,2025-05-20,BR035,TLR-2810,C502388,cash withdrawal,928.29,CAD
CA00037877,2025-05-09,BR012,TLR-8743,C503263,cash deposit,227.66,CAD
CA00042975,2025-05-04,BR037,TLR-9831,C501114,cash deposit,1440.26,CAD
CA00044077,2025-05-12,BR040,TLR-8367,C503005,cash deposit,1436.38,CAD
CA00042612,2025-05-06,BR036,TLR-3195,C500811,cash deposit,2830.1,CAD
CA00036446,2025-05-18,BR004,TLR-9928,C500954,cash deposit,646.23,CAD
CA00038110,2025-05-26,BR014,TLR-4214,C503591,cash deposit,767.46,CAD
CA00038575,2025-05-25,BR016,TLR-4535,C501356,cash deposit,3485.69,CAD
CA00041415,2025-05-27,BR030,TLR-6552,C500191,cash deposit,2058.24,CAD
CA00041037,2025-05-15,BR028,TLR-9644,C500155,cash deposit,445.13,CAD
CA00043889,2025-05-04,BR040,TLR-8757,C500863,cash withdrawal,3249.73,CAD
CA00036339,2025-05-01,BR004,TLR-7537,C500059,cash deposit,1258.84,CAD
CA00038456,2025-05-01,BR015,TLR-5714,C502736,cash withdrawal,586.03,CAD
CA00043094,2025-05-03,BR038,TLR-5248,C501824,cash withdrawal,538.42,CAD
CA00042945,2025-05-03,BR037,TLR-1927,C503696,cash withdrawal,1906.76,CAD
CA00041526,2025-05-28,BR031,TLR-1793,C500225,cash withdrawal,827.16,CAD
CA00040008,2025-05-13,BR024,TLR-3737,C503280,cash withdrawal,1720.5,CAD
CA00040808,2025-05-19,BR027,TLR-7603,C500772,cash withdrawal,1865.15,CAD
CA00042073,2025-05-12,BR034,TLR-3366,C503012,cash deposit,638.22,CAD
CA00042538,2025-05-08,BR036,TLR-5649,C501461,cash deposit,890.42,CAD
CA00038744,2025-05-09,BR017,TLR-4098,C501584,cash withdrawal,2055.45,CAD
CA00040221,2025-05-09,BR024,TLR-2807,C500409,cash deposit,1503.45,CAD
CA00036994,2025-05-04,BR007,TLR-6097,C503268,cash withdrawal,1174.75,CAD
CA00037589,2025-05-26,BR010,TLR-4924,C502793,cash withdrawal,803.85,CAD
CA00043776,2025-05-14,BR040,TLR-1745,C500932,cash withdrawal,899.53,CAD
CA00043546,2025-05-23,BR040,TLR-2313,C502845,cash withdrawal,1472.45,CAD
CA00037974,2025-05-03,BR013,TLR-8639,C501010,cash withdrawal,1719.64,CAD
CA00040666,2025-05-12,BR026,TLR-2771,C500335,cash withdrawal,-1518.62,CAD
CA00038972,2025-05-23,BR018,TLR-7722,C500897,cash withdrawal,2130.18,CAD
CA00043767,2025-05-07,BR040,TLR-3083,C500796,cash deposit,1342.93,CAD
CA00041329,2025-05-17,BR030,TLR-8457,C501781,cash deposit,1723.43,CAD
CA00038653,2025-05-14,BR016,TLR-2986,C501178,cash withdrawal,2350.5,CAD
CA00041593,2025-05-11,BR031,TLR-6364,C503520,cash withdrawal,793.08,CAD
CA00039036,2025-05-25,BR018,TLR-7126,C503919,cash withdrawal,430.45,CAD
CA00041761,2025-05-17,BR032,TLR-1623,C500544,cash withdrawal,1274.3,CAD
CA00043648,2025-05-30,BR040,TLR-5567,C502116,cash withdrawal,1288.82,CAD
CA00036189,2025-05-23,BR003,TLR-4298,C503239,cash withdrawal,1044.08,CAD
CA00040644,2025-05-01,BR026,TLR-6761,C501963,cash deposit,876.07,CAD
CA00044239,2025-05-03,BR040,TLR-7546,C503821,cash deposit,702.41,CAD
CA00042441,2025-05-22,BR036,TLR-8248,C503378,cash deposit,964.41,CAD
CA00038970,2025-05-24,BR018,TLR-2582,C500011,cash deposit,280.03,CAD
CA00038099,2025-05-10,BR014,TLR-8679,C502250,cash deposit,847.95,CAD
CA00041751,2025-05-16,BR032,TLR-6515,C500108,cash withdrawal,616.37,CAD
CA00043637,2025-05-30,BR040,TLR-5519,C500755,cash deposit,1062.42,CAD
CA00039395,2025-05-22,BR019,TLR-2419,C503585,cash withdrawal,510.66,CAD
CA00041438,2025-05-15,BR030,TLR-6844,C501359,cash deposit,1271.34,CAD
CA00040757,2025-05-09,BR027,TLR-9319,C503029,cash withdrawal,1511.89,CAD
CA00040170,2025-05-25,BR024,TLR-1672,C502221,cash withdrawal,1645.13,CAD
CA00043747,2025-05-16,BR040,TLR-3318,C500673,cash deposit,3144.83,CAD
CA00037087,2025-05-21,BR008,TLR-5880,C500657,cash withdrawal,653.28,CAD
CA00038810,2025-05-12,BR017,TLR-2458,C501067,cash deposit,1400.97,CAD
CA00044243,2025-05-06,BR040,TLR-5754,C503776,cash withdrawal,415.12,CAD
CA00040193,2025-05-02,BR024,TLR-4882,C501600,cash deposit,2546.16,CAD
CA00039877,2025-05-15,BR023,TLR-9600,C500999,cash deposit,2859.09,CAD
CA00040138,2025-05-11,BR024,TLR-3592,C502572,cash deposit,805.37,CAD
CA00043465,2025-05-23,BR040,TLR-6327,C501273,cash deposit,1407.72,CAD
CA00038951,2025-05-25,BR018,TLR-3321,C501327,cash deposit,2566.76,CAD
CA00035826,2025-05-12,BR002,TLR-7120,C501811,cash deposit,4289.94,CAD
CA00038580,2025-05-30,BR016,TLR-1001,C501686,cash withdrawal,732.76,CAD
CA00038204,2025-05-29,BR014,TLR-2995,C501950,cash deposit,1380.52,CAD
CA00042888,2025-05-05,BR037,TLR-5018,C501848,cash deposit,1008.7,CAD
CA00038680,2025-05-31,BR016,TLR-8699,C500242,cash deposit,1180.37,CAD
CA00041111,2025-05-13,BR029,TLR-2391,C500938,cash withdrawal,860.86,CAD
CA00035858,2025-05-06,BR002,TLR-8317,C501181,cash withdrawal,-336.28,CAD
CA00038754,2025-05-20,BR017,TLR-3008,C500903,cash withdrawal,1599.58,CAD
CA00038935,2025-05-12,BR017,TLR-2467,C500095,cash withdrawal,660.91,CAD
CA00038634,2025-05-18,BR016,TLR-8477,C502958,cash deposit,803.2,CAD
CA00038590,2025-05-05,BR016,TLR-8789,C502977,cash deposit,2039.08,CAD
CA00036508,2025-05-14,BR005,TLR-8946,C501483,cash withdrawal,305.26,CAD
CA00038889,2025-05-30,BR017,TLR-4588,C502858,cash withdrawal,813.12,CAD
CA00042364,2025-05-01,BR035,TLR-3159,C501118,cash deposit,2251.05,CAD
CA00042458,2025-05-05,BR036,TLR-3145,C501557,cash deposit,637.09,CAD
CA00039220,2025-05-22,BR019,TLR-2715,C503524,cash withdrawal,658.9,CAD
CA00042936,2025-05-17,BR037,TLR-8068,C503860,cash deposit,1384.56,CAD
CA00042600,2025-05-08,BR036,TLR-1183,C503778,cash withdrawal,392.07,CAD
CA00040877,2025-05-09,BR027,TLR-5327,C502694,cash withdrawal,474.66,CAD
CA00041846,2025-05-14,BR032,TLR-1110,C500813,cash deposit,529.43,CAD
CA00035503,2025-05-17,BR001,TLR-3095,C500031,cash deposit,631.74,CAD
CA00038906,2025-05-05,BR017,TLR-4615,C502028,cash withdrawal,1154.18,CAD
CA00041559,2025-05-18,BR031,TLR-9104,C503713,cash deposit,6786.33,CAD
CA00038518,2025-05-21,BR016,TLR-3360,C503760,cash withdrawal,4051.88,CAD
CA00041071,2025-05-25,BR029,TLR-3254,C502651,cash withdrawal,572.71,CAD
CA00041193,2025-05-23,BR029,TLR-9448,C502495,cash deposit,724.83,CAD
CA00042244,2025-05-19,BR035,TLR-3887,C500778,cash withdrawal,1749.68,CAD
CA00039953,2025-05-13,BR023,TLR-9870,C500387,cash withdrawal,2277.6,CAD
CA00037678,2025-05-26,BR012,TLR-8119,C503489,cash withdrawal,1850.59,CAD
CA00042644,2025-05-30,BR036,TLR-5206,C500155,cash deposit,4689.15,CAD
CA00038662,2025-05-09,BR016,TLR-5362,C501829,cash deposit,304.92,CAD
CA00035831,2025-05-23,BR002,TLR-2892,C501332,cash withdrawal,-1015.31,CAD
CA00042666,2025-05-02,BR036,TLR-3235,C502979,cash deposit,418.03,CAD
CA00036167,2025-05-28,BR003,TLR-6477,C500550,cash deposit,624.79,CAD
CA00041664,2025-05-20,BR031,TLR-8243,C501998,cash deposit,1374.29,CAD
CA00036456,2025-05-09,BR004,TLR-1108,C503086,cash deposit,398.87,CAD
CA00042663,2025-05-25,BR036,TLR-4029,C500587,cash withdrawal,1178.03,CAD
CA00036326,2025-05-02,BR004,TLR-6818,C503899,cash deposit,213.73,CAD
CA00038118,2025-05-15,BR014,TLR-2496,C501693,cash deposit,3926.04,CAD
CA00038912,2025-05-03,BR017,TLR-3422,C503003,cash withdrawal,335.18,CAD
CA00042583,2025-05-11,BR036,TLR-5732,C500797,cash deposit,353.24,CAD
CA00038198,2025-05-18,BR014,TLR-1459,C503460,cash withdrawal,966.9,CAD
CA00040810,2025-05-16,BR027,TLR-2548,C500097,cash deposit,992.08,CAD
CA00037247,2025-05-25,BR008,TLR-3900,C502125,cash withdrawal,946.93,CAD
CA00038292,2025-05-28,BR015,TLR-3016,C502378,cash deposit,2183.76,CAD
CA00043526,2025-05-28,BR040,TLR-9453,C502694,cash deposit,1066.04,CAD
CA00038587,2025-05-26,BR016,TLR-5301,C500761,cash deposit,964.31,CAD
CA00043667,2025-05-24,BR040,TLR-3129,C503987,cash deposit,638.75,CAD
CA00043492,2025-05-31,BR040,TLR-3368,C503836,cash withdrawal,717.43,CAD
CA00038472,2025-05-08,BR015,TLR-9769,C501575,cash withdrawal,418.23,CAD
CA00036701,2025-05-23,BR006,TLR-3106,C502404,cash deposit,1890.58,CAD
CA00043054,2025-05-15,BR038,TLR-7195,C501125,cash deposit,184.44,CAD
CA00036554,2025-05-31,BR006,TLR-5350,C502140,cash deposit,221.31,CAD
CA00041251,2025-05-02,BR030,TLR-1187,C501017,cash deposit,396.11,CAD
CA00043155,2025-05-05,BR038,TLR-1933,C500076,cash deposit,1158.39,CAD
CA00038796,2025-05-17,BR017,TLR-6588,C502551,cash withdrawal,998.98,CAD
CA00041884,2025-05-29,BR033,TLR-9998,C503165,cash withdrawal,358.13,CAD
CA00041231,2025-05-22,BR030,TLR-7647,C502821,cash withdrawal,976.44,CAD
CA00039516,2025-05-24,BR020,TLR-3417,C501766,cash deposit,455.8,USD
CA00043359,2025-05-21,BR039,TLR-1917,C501509,cash withdrawal,900.69,CAD
CA00035671,2025-05-29,BR001,TLR-2164,C501728,cash deposit,754.72,CAD
CA00041936,2025-05-10,BR033,TLR-4168,C502964,cash deposit,694.7,CAD
CA00035806,2025-05-29,BR002,TLR-9840,C503829,cash deposit,2172.7,CAD
CA00041434,2025-05-16,BR030,TLR-4845,C503431,cash withdrawal,353.55,CAD
CA00038275,2025-05-27,BR015,TLR-7122,C503853,cash deposit,503.41,CAD
CA00041207,2025-05-07,BR029,TLR-7225,C500772,cash deposit,2355.54,CAD
CA00038001,2025-05-09,BR013,TLR-5115,C500279,cash withdrawal,305.5,CAD
CA00035720,2025-05-08,BR001,TLR-4647,C503653,cash deposit,936.77,CAD
CA00044233,2025-05-24,BR040,TLR-2829,C500039,cash withdrawal,1125.01,CAD
CA00037432,2025-05-31,BR010,TLR-9225,C503838,cash withdrawal,1434.06,CAD
CA00041648,2025-05-11,BR031,TLR-5033,C501681,cash withdrawal,681.1,CAD
CA00037771,2025-05-31,BR012,TLR-9432,C502490,cash withdrawal,5704.89,CAD
CA00044036,2025-05-24,BR040,TLR-3873,C502022,cash deposit,1585.21,CAD
CA00037132,2025-05-11,BR008,TLR-6467,C502194,cash withdrawal,170.16,CAD
CA00037203,2025-05-25,BR008,TLR-5041,C501556,cash deposit,2232.07,CAD
CA00039198,2025-05-17,BR019,TLR-9318,C502023,cash withdrawal,396.27,CAD
CA00037140,2025-05-20,BR008,TLR-2966,C503924,cash deposit,966.29,CAD
CA00041219,2025-05-13,BR030,TLR-5041,C500892,cash withdrawal,4889.74,CAD
CA00040484,2025-05-23,BR025,TLR-1982,C500252,cash withdrawal,-1982.94,CAD
CA00039908,2025-05-22,BR023,TLR-5243,C502694,cash withdrawal,825.83,CAD
CA00038621,2025-05-05,BR016,TLR-1077,C501641,cash deposit,817.59,CAD
CA00039676,2025-05-24,BR021,TLR-3867,C503901,cash withdrawal,1119.24,CAD
CA00036341,2025-05-17,BR004,TLR-6938,C501921,cash deposit,1250.61,CAD
CA00041902,2025-05-04,BR033,TLR-7177,C502189,cash withdrawal,2208.34,CAD
CA00039130,2025-05-27,BR019,TLR-8152,C500799,cash deposit,1080.16,CAD
CA00042469,2025-05-02,BR036,TLR-3693,C500034,cash withdrawal,679.49,CAD
CA00038195,2025-05-25,BR014,TLR-7154,C502615,cash withdrawal,1115.84,CAD
CA00041404,2025-05-28,BR030,TLR-7332,C501132,cash withdrawal,4910.96,CAD
CA00037326,2025-05-20,BR009,TLR-5043,C502510,cash withdrawal,931.5,CAD
CA00039236,2025-05-04,BR019,TLR-8224,C502078,cash deposit,1037.54,CAD
CA00040398,2025-05-04,BR025,TLR-3712,C500484,cash withdrawal,-1448.9,CAD
CA00041912,2025-05-08,BR033,TLR-2379,C500267,cash withdrawal,232.19,CAD
CA00035701,2025-05-25,BR001,TLR-5859,C503208,cash deposit,1293.68,CAD
CA00043248,2025-05-24,BR039,TLR-4916,C500994,cash withdrawal,216.94,CAD
CA00042715,2025-05-07,BR036,TLR-6167,C503125,cash deposit,559.84,CAD
CA00040317,2025-05-11,BR025,TLR-6636,C502713,cash withdrawal,-2086.64,CAD
CA00038679,2025-05-04,BR016,TLR-9102,C503591,cash withdrawal,1183.87,CAD
CA00036225,2025-05-18,BR004,TLR-1857,C500002,cash withdrawal,647.1,CAD
CA00039934,2025-05-11,BR023,TLR-9967,C502339,cash withdrawal,1523.14,CAD
CA00041513,2025-05-24,BR031,TLR-3719,C501642,cash withdrawal,679.22,CAD
CA00037425,2025-05-21,BR009,TLR-1609,C500908,cash deposit,1214.71,CAD
CA00040873,2025-05-28,BR027,TLR-3410,C502895,cash deposit,1798.71,CAD
CA00037854,2025-05-12,BR012,TLR-1833,C501783,cash deposit,379.58,CAD
CA00037292,2025-05-10,BR008,TLR-4143,C502997,cash deposit,732.58,CAD
CA00037695,2025-05-13,BR012,TLR-4581,C501558,cash deposit,570.42,CAD
CA00042301,2025-05-28,BR035,TLR-9940,C500215,cash withdrawal,1702.21,CAD
CA00040132,2025-05-16,BR024,TLR-3203,C501127,cash withdrawal,1013.83,CAD
CA00039162,2025-05-27,BR019,TLR-7776,C501787,cash deposit,1543.08,CAD
CA00035911,2025-05-02,BR002,TLR-3406,C500994,cash withdrawal,-180.13,CAD
CA00042145,2025-05-10,BR034,TLR-1190,C503636,cash withdrawal,721.73,CAD
CA00042077,2025-05-29,BR034,TLR-5893,C500433,cash withdrawal,488.07,CAD
CA00036483,2025-05-11,BR004,TLR-8090,C503622,cash deposit,217.25,CAD
CA00041836,2025-05-07,BR032,TLR-9622,C502113,cash deposit,3745.91,CAD
CA00036388,2025-05-20,BR004,TLR-1431,C500703,cash deposit,546.88,CAD
CA00036844,2025-05-01,BR007,TLR-7619,C502259,cash withdrawal,357.55,CAD
CA00040220,2025-05-14,BR024,TLR-6441,C500566,cash withdrawal,3209.83,CAD
CA00044263,2025-05-10,BR040,TLR-6039,C502711,cash deposit,1334.21,CAD
CA00038929,2025-05-01,BR017,TLR-5136,C502484,cash withdrawal,3046.73,CAD
CA00041569,2025-05-12,BR031,TLR-9681,C501568,cash deposit,4273.4,CAD
CA00038492,2025-05-03,BR015,TLR-3298,C500314,cash deposit,976.45,CAD
CA00037395,2025-05-29,BR009,TLR-3817,C501508,cash withdrawal,1223.99,CAD
CA00041641,2025-05-29,BR031,TLR-8888,C503240,cash withdrawal,2343.49,CAD
CA00044116,2025-05-14,BR040,TLR-3735,C502950,cash withdrawal,1508.17,CAD
CA00040258,2025-05-14,BR024,TLR-3243,C502313,cash deposit,831.75,CAD
CA00040891,2025-05-26,BR027,TLR-3566,C503119,cash deposit,2784.67,CAD
CA00037304,2025-05-15,BR008,TLR-3494,C502174,cash withdrawal,1845.76,CAD
CA00037215,2025-05-14,BR008,TLR-9936,C502196,cash withdrawal,419.25,CAD
CA00040685,2025-05-20,BR026,TLR-6893,C502941,cash withdrawal,-736.79,CAD
CA00040973,2025-05-27,BR028,TLR-6933,C502723,cash withdrawal,849.94,CAD
CA00044064,2025-05-13,BR040,TLR-7197,C501396,cash withdrawal,1914.75,CAD
CA00043817,2025-05-06,BR040,TLR-6607,C502180,cash deposit,841.62,CAD
CA00036346,2025-05-05,BR004,TLR-1240,C502957,cash deposit,566.95,CAD
CA00042618,2025-05-24,BR036,TLR-3931,C501917,cash deposit,2863.5,CAD
CA00042658,2025-05-10,BR036,TLR-8026,C500176,cash withdrawal,1421.82,CAD
CA00040823,2025-05-21,BR027,TLR-7759,C501064,cash withdrawal,1443.46,CAD
CA00043882,2025-05-08,BR040,TLR-8667,C502202,cash withdrawal,388.4,CAD
CA00037121,2025-05-18,BR008,TLR-7419,C500163,cash deposit,2208.71,CAD
CA00043234,2025-05-15,BR039,TLR-8165,C503931,cash deposit,1497.79,CAD
CA00041067,2025-05-28,BR029,TLR-1009,C501436,cash deposit,742.58,CAD
CA00043891,2025-05-26,BR040,TLR-5144,C502110,cash withdrawal,1189.84,CAD
CA00037459,2025-05-23,BR010,TLR-4393,C501634,cash deposit,4014.13,CAD
CA00038246,2025-05-01,BR015,TLR-9835,C502482,cash withdrawal,406.15,CAD
CA00040236,2025-05-22,BR024,TLR-5598,C500308,cash withdrawal,1053.53,CAD
CA00043679,2025-05-14,BR040,TLR-7498,C503579,cash deposit,1132.95,CAD
CA00041891,2025-05-04,BR033,TLR-3540,C502623,cash withdrawal,719.44,CAD
CA00038063,2025-05-29,BR014,TLR-5319,C501805,cash deposit,671.48,CAD
CA00041531,2025-05-02,BR031,TLR-9622,C503338,cash deposit,342.19,CAD
CA00044183,2025-05-01,BR040,TLR-2570,C501626,cash withdrawal,446.05,CAD
CA00044165,2025-05-10,BR040,TLR-4123,C503425,cash deposit,547.72,CAD
CA00039281,2025-05-20,BR019,TLR-9817,C502117,cash withdrawal,1207.37,CAD
CA00044089,2025-05-06,BR040,TLR-2801,C503628,cash deposit,795.29,CAD
CA00043659,2025-05-10,BR040,TLR-1324,C501246,cash withdrawal,1976.21,CAD
CA00042807,2025-05-28,BR037,TLR-5008,C500769,cash withdrawal,1789.77,CAD
CA00040520,2025-05-30,BR026,TLR-8084,C501591,cash deposit,1746.01,CAD
CA00042216,2025-05-01,BR035,TLR-6274,C500151,cash withdrawal,1096.12,CAD
CA00036847,2025-05-13,BR007,TLR-4964,C503227,cash deposit,2662.77,CAD
CA00043128,2025-05-05,BR038,TLR-3410,C500858,cash withdrawal,718.9,CAD
CA00043107,2025-05-10,BR038,TLR-1452,C501459,cash deposit,1841.68,CAD
CA00037051,2025-05-05,BR008,TLR-3590,C500238,cash withdrawal,867.31,CAD
CA00041108,2025-05-03,BR029,TLR-9763,C500886,cash withdrawal,591.27,CAD
CA00039106,2025-05-26,BR019,TLR-3155,C501159,cash withdrawal,668.59,CAD
CA00039048,2025-05-01,BR018,TLR-3989,C503668,cash deposit,490.2,CAD
CA00042803,2025-05-23,BR037,TLR-1556,C500977,cash withdrawal,803.94,CAD
CA00041250,2025-05-29,BR030,TLR-8960,C501560,cash withdrawal,481.95,CAD
CA00041309,2025-05-16,BR030,TLR-8411,C500403,cash deposit,691.04,CAD
CA00035798,2025-05-22,BR002,TLR-5542,C502723,cash deposit,1296.91,CAD
CA00041904,2025-05-06,BR033,TLR-1556,C500672,cash deposit,310.54,CAD
CA00038611,2025-05-02,BR016,TLR-2358,C501058,cash deposit,404.95,CAD
CA00036800,2025-05-15,BR006,TLR-4594,C503278,cash deposit,3324.64,CAD
CA00039691,2025-05-11,BR021,TLR-3680,C501486,cash deposit,593.73,CAD
CA00037779,2025-05-04,BR012,TLR-8196,C502673,cash deposit,693.41,CAD
CA00037388,2025-05-06,BR009,TLR-8978,C501624,cash withdrawal,1854.88,CAD
CA00037943,2025-05-03,BR013,TLR-2786,C503883,cash deposit,291.25,CAD
CA00040282,2025-05-23,BR025,TLR-3899,C503955,cash deposit,1237.32,CAD
CA00043180,2025-05-14,BR038,TLR-4390,C503747,cash deposit,2911.14,CAD
CA00038262,2025-05-19,BR015,TLR-8879,C502713,cash deposit,453.27,CAD
CA00037532,2025-05-28,BR010,TLR-3583,C501016,cash deposit,757.41,CAD
CA00041773,2025-05-29,BR032,TLR-9985,C502893,cash withdrawal,748.48,CAD
CA00044254,2025-05-20,BR040,TLR-3705,C501510,cash deposit,1793.09,CAD
CA00035859,2025-05-13,BR002,TLR-7178,C501028,cash withdrawal,-1875.32,CAD
CA00037813,2025-05-12,BR012,TLR-9362,C502538,cash deposit,2967.66,CAD
CA00036492,2025-05-13,BR005,TLR-1778,C502161,cash withdrawal,519.35,CAD
CA00043693,2025-05-03,BR040,TLR-4083,C500270,cash deposit,1420.56,CAD
CA00040378,2025-05-23,BR025,TLR-2108,C502409,cash deposit,929.6,CAD
CA00040228,2025-05-16,BR024,TLR-1744,C502752,cash withdrawal,545.89,CAD
CA00037557,2025-05-04,BR010,TLR-1288,C503515,cash withdrawal,1158.78,CAD
CA00038072,2025-05-17,BR014,TLR-5068,C503814,cash deposit,1101.85,CAD
CA00038470,2025-05-17,BR015,TLR-7797,C501436,cash deposit,1050.42,CAD
CA00041709,2025-05-25,BR031,TLR-8303,C501751,cash withdrawal,299.25,CAD
CA00043884,2025-05-29,BR040,TLR-1628,C500735,cash withdrawal,634.55,CAD
CA00043035,2025-05-06,BR038,TLR-2645,C500874,cash withdrawal,619.79,CAD
CA00037666,2025-05-03,BR011,TLR-4497,C502611,cash withdrawal,1230.3,CAD
CA00042787,2025-05-18,BR037,TLR-8096,C501265,cash deposit,1938.86,CAD
CA00043853,2025-05-10,BR040,TLR-3743,C502769,cash deposit,2497.32,CAD
CA00038877,2025-05-04,BR017,TLR-1635,C502087,cash deposit,2048.0,CAD
CA00036363,2025-05-30,BR004,TLR-4723,C502806,cash deposit,909.94,CAD
CA00036521,2025-05-09,BR005,TLR-8153,C502864,cash deposit,2248.69,CAD
CA00040742,2025-05-04,BR027,TLR-4332,C500589,cash deposit,2293.16,CAD
CA00039596,2025-05-19,BR020,TLR-1238,C501240,cash deposit,214.43,USD
CA00041291,2025-05-17,BR030,TLR-6808,C500241,cash withdrawal,965.52,CAD
CA00038254,2025-05-24,BR015,TLR-6326,C501036,cash withdrawal,1009.62,CAD
CA00038133,2025-05-18,BR014,TLR-7181,C501773,cash deposit,452.46,CAD
CA00042578,2025-05-29,BR036,TLR-9326,C500660,cash withdrawal,263.6,CAD
CA00043523,2025-05-11,BR040,TLR-3055,C503142,cash withdrawal,1049.1,CAD
CA00037124,2025-05-30,BR008,TLR-1010,C500742,cash deposit,275.51,CAD
CA00037427,2025-05-30,BR010,TLR-8682,C503603,cash withdrawal,780.96,CAD
CA00044175,2025-05-29,BR040,TLR-8197,C502584,cash deposit,1778.71,CAD
CA00036260,2025-05-26,BR004,TLR-8902,C503582,cash withdrawal,982.41,CAD
CA00041549,2025-05-16,BR031,TLR-2308,C503643,cash withdrawal,846.56,CAD
CA00042126,2025-05-27,BR034,TLR-7194,C500362,cash withdrawal,844.29,CAD
CA00037626,2025-05-12,BR011,TLR-8198,C502478,cash deposit,2692.84,CAD
CA00040744,2025-05-20,BR027,TLR-1782,C502747,cash deposit,4496.37,CAD
CA00044058,2025-05-22,BR040,TLR-2946,C503582,cash withdrawal,1178.37,CAD
CA00036578,2025-05-02,BR006,TLR-8355,C500904,cash deposit,1358.37,CAD
CA00036179,2025-05-09,BR003,TLR-2843,C500165,cash withdrawal,1349.0,CAD
CA00036977,2025-05-24,BR007,TLR-8497,C501393,cash withdrawal,2169.16,CAD
CA00038359,2025-05-31,BR015,TLR-2795,C502857,cash deposit,663.91,CAD
CA00043406,2025-05-19,BR039,TLR-1632,C501777,cash deposit,985.56,CAD
CA00038623,2025-05-27,BR016,TLR-6644,C502069,cash withdrawal,801.41,CAD
CA00043169,2025-05-04,BR038,TLR-9157,C502270,cash withdrawal,2189.78,CAD
CA00043392,2025-05-01,BR039,TLR-6635,C503955,cash deposit,660.75,CAD
CA00043402,2025-05-26,BR039,TLR-3110,C501248,cash deposit,580.99,CAD
CA00043962,2025-05-26,BR040,TLR-2665,C503450,cash deposit,2368.33,CAD
CA00040771,2025-05-26,BR027,TLR-2826,C500890,cash withdrawal,221.79,CAD
CA00037946,2025-05-31,BR013,TLR-6433,C501702,cash withdrawal,753.95,CAD
CA00042848,2025-05-02,BR037,TLR-7058,C503454,cash withdrawal,574.47,CAD
CA00039447,2025-05-15,BR020,TLR-1722,C501796,cash withdrawal,1163.45,USD
CA00038824,2025-05-03,BR017,TLR-6885,C502640,cash withdrawal,579.42,CAD
CA00043467,2025-05-09,BR040,TLR-2682,C501379,cash withdrawal,1470.79,CAD
CA00038154,2025-05-24,BR014,TLR-3344,C501404,cash withdrawal,931.73,CAD
CA00043736,2025-05-20,BR040,TLR-2695,C502815,cash withdrawal,539.49,CAD
CA00038205,2025-05-22,BR014,TLR-4952,C502501,cash deposit,1000.98,CAD
CA00037857,2025-05-09,BR012,TLR-4698,C503884,cash withdrawal,1274.74,CAD
CA00039472,2025-05-17,BR020,TLR-8062,C502190,cash withdrawal,451.02,USD
CA00043959,2025-05-21,BR040,TLR-9992,C501961,cash deposit,499.21,CAD
CA00042496,2025-05-24,BR036,TLR-4089,C501652,cash deposit,2888.03,CAD
CA00042060,2025-05-19,BR034,TLR-2829,C503728,cash withdrawal,1886.14,CAD
CA00039438,2025-05-30,BR020,TLR-4553,C500133,cash deposit,677.42,USD
CA00040406,2025-05-30,BR025,TLR-7346,C501953,cash withdrawal,-1542.49,CAD
CA00044137,2025-05-30,BR040,TLR-2175,C501078,cash withdrawal,1512.14,CAD
CA00036904,2025-05-30,BR007,TLR-2070,C502281,cash withdrawal,594.06,CAD
CA00042850,2025-05-07,BR037,TLR-3014,C503355,cash deposit,3280.22,CAD
CA00038615,2025-05-13,BR016,TLR-8129,C501551,cash deposit,702.83,CAD
CA00041656,2025-05-13,BR031,TLR-8004,C502291,cash withdrawal,514.33,CAD
CA00039608,2025-05-22,BR020,TLR-3748,C503122,cash withdrawal,691.94,USD
CA00039632,2025-05-07,BR020,TLR-9313,C501119,cash deposit,1249.39,USD
CA00042904,2025-05-19,BR037,TLR-3272,C501035,cash deposit,891.49,CAD
CA00037318,2025-05-16,BR009,TLR-1254,C502397,cash withdrawal,2086.14,CAD
CA00037370,2025-05-23,BR009,TLR-5860,C503528,cash deposit,1357.12,CAD
CA00036475,2025-05-03,BR004,TLR-5882,C502248,cash withdrawal,473.35,CAD
CA00041707,2025-05-07,BR031,TLR-5092,C501806,cash deposit,619.16,CAD
CA00043790,2025-05-25,BR040,TLR-4883,C503459,cash withdrawal,416.0,CAD
CA00043570,2025-05-12,BR040,TLR-2046,C500796,cash withdrawal,374.9,CAD
CA00042161,2025-05-22,BR034,TLR-5965,C501316,cash deposit,1613.31,CAD
CA00035803,2025-05-12,BR002,TLR-1399,C501564,cash deposit,356.46,CAD
CA00042768,2025-05-29,BR037,TLR-2935,C501204,cash withdrawal,1083.25,CAD
CA00037634,2025-05-18,BR011,TLR-2685,C502019,cash deposit,2142.88,CAD
CA00035650,2025-05-11,BR001,TLR-6588,C503523,cash withdrawal,3630.25,CAD
CA00042969,2025-05-28,BR037,TLR-1146,C501249,cash deposit,1765.3,CAD
CA00038785,2025-05-06,BR017,TLR-4591,C502572,cash withdrawal,563.04,CAD
CA00038070,2025-05-02,BR014,TLR-2885,C502946,cash deposit,1539.21,CAD
CA00041042,2025-05-07,BR028,TLR-6269,C501184,cash deposit,1777.76,CAD
CA00042459,2025-05-29,BR036,TLR-1954,C500567,cash withdrawal,734.58,CAD
CA00038477,2025-05-26,BR015,TLR-3593,C503739,cash withdrawal,1277.38,CAD
CA00042357,2025-05-21,BR035,TLR-8871,C500919,cash withdrawal,1168.36,CAD
CA00035517,2025-05-01,BR001,TLR-9985,C501643,cash withdrawal,470.72,CAD
CA00041996,2025-05-12,BR033,TLR-5246,C500498,cash withdrawal,1637.13,CAD
CA00039980,2025-05-17,BR023,TLR-2451,C502634,cash deposit,401.19,CAD
CA00039793,2025-05-26,BR021,TLR-2615,C501869,cash deposit,2261.66,CAD
CA00036468,2025-05-06,BR004,TLR-5676,C502513,cash withdrawal,363.56,CAD
CA00039701,2025-05-11,BR021,TLR-1246,C503931,cash deposit,858.15,CAD
CA00040615,2025-05-02,BR026,TLR-2039,C503367,cash withdrawal,-1386.31,CAD
CA00043916,2025-05-16,BR040,TLR-3619,C503121,cash withdrawal,917.9,CAD
CA00041596,2025-05-09,BR031,TLR-1001,C503290,cash deposit,2193.7,CAD
CA00038012,2025-05-20,BR014,TLR-8982,C503549,cash withdrawal,1915.0,CAD
CA00039706,2025-05-10,BR021,TLR-1237,C502435,cash deposit,1762.35,CAD
CA00036695,2025-05-12,BR006,TLR-5223,C501262,cash deposit,730.96,CAD
CA00042160,2025-05-17,BR034,TLR-8362,C503206,cash deposit,775.4,CAD
CA00038901,2025-05-24,BR017,TLR-7794,C502320,cash deposit,605.13,CAD
CA00043740,2025-05-07,BR040,TLR-5052,C502895,cash withdrawal,3051.21,CAD
CA00043412,2025-05-04,BR040,TLR-2119,C501501,cash deposit,2305.24,CAD
CA00039742,2025-05-27,BR021,TLR-8584,C503737,cash withdrawal,1004.75,CAD
CA00036718,2025-05-10,BR006,TLR-8487,C501984,cash deposit,289.22,CAD
CA00042710,2025-05-28,BR036,TLR-9650,C503705,cash withdrawal,703.5,CAD
CA00036055,2025-05-01,BR003,TLR-7514,C501694,cash withdrawal,1696.37,CAD
CA00043887,2025-05-22,BR040,TLR-8398,C501187,cash withdrawal,829.83,CAD
CA00043210,2025-05-30,BR039,TLR-7950,C500553,cash withdrawal,979.19,CAD
CA00037345,2025-05-22,BR009,TLR-1403,C502397,cash deposit,963.2,CAD
CA00040616,2025-05-20,BR026,TLR-3412,C502669,cash deposit,4716.07,CAD
CA00037290,2025-05-22,BR008,TLR-1472,C500713,cash withdrawal,1142.15,CAD
CA00036200,2025-05-24,BR004,TLR-2275,C502296,cash deposit,1452.54,CAD
CA00036557,2025-05-31,BR006,TLR-2501,C503447,cash deposit,406.48,CAD
CA00043323,2025-05-26,BR039,TLR-6414,C501420,cash withdrawal,109.59,CAD
CA00041918,2025-05-31,BR033,TLR-3830,C502982,cash withdrawal,4587.88,CAD
CA00043856,2025-05-20,BR040,TLR-2825,C501802,cash deposit,1749.44,CAD
CA00043898,2025-05-13,BR040,TLR-5044,C501391,cash withdrawal,467.35,CAD
CA00042471,2025-05-04,BR036,TLR-9100,C500682,cash deposit,1585.36,CAD
CA00038853,2025-05-13,BR017,TLR-1695,C501866,cash deposit,2206.03,CAD
CA00035619,2025-05-11,BR001,TLR-7355,C503987,cash withdrawal,787.19,CAD
CA00041226,2025-05-28,BR030,TLR-5032,C503937,cash withdrawal,913.26,CAD
CA00038337,2025-05-25,BR015,TLR-4690,C502265,cash deposit,263.43,CAD
CA00042217,2025-05-01,BR035,TLR-8060,C503152,cash deposit,713.53,CAD
CA00041333,2025-05-24,BR030,TLR-7169,C500294,cash deposit,1026.0,CAD
CA00036786,2025-05-06,BR006,TLR-2547,C500604,cash withdrawal,369.99,CAD
CA00035668,2025-05-27,BR001,TLR-7976,C503968,cash deposit,718.71,CAD
CA00039456,2025-05-16,BR020,TLR-4205,C501371,cash deposit,3819.66,USD
CA00043312,2025-05-24,BR039,TLR-9533,C501260,cash deposit,536.02,CAD
CA00035883,2025-05-28,BR002,TLR-4082,C502114,cash deposit,2153.06,CAD
CA00041528,2025-05-08,BR031,TLR-4590,C502639,cash withdrawal,1556.99,CAD
CA00043642,2025-05-03,BR040,TLR-6457,C501034,cash deposit,950.83,CAD
CA00041114,2025-05-20,BR029,TLR-2258,C500106,cash deposit,573.62,CAD
CA00038759,2025-05-12,BR017,TLR-1062,C502272,cash deposit,390.98,CAD
CA00037676,2025-05-13,BR012,TLR-8095,C501097,cash deposit,2683.06,CAD
CA00040205,2025-05-18,BR024,TLR-3806,C501586,cash withdrawal,2550.18,CAD
CA00036402,2025-05-28,BR004,TLR-7310,C500381,cash deposit,245.59,CAD
CA00039378,2025-05-19,BR019,TLR-4159,C501796,cash withdrawal,1491.89,CAD
CA00039345,2025-05-09,BR019,TLR-5204,C501665,cash deposit,725.74,CAD
CA00042047,2025-05-26,BR034,TLR-8371,C501618,cash deposit,1549.23,CAD
CA00043644,2025-05-14,BR040,TLR-7781,C501866,cash withdrawal,1065.91,CAD
CA00036434,2025-05-14,BR004,TLR-7448,C502215,cash withdrawal,2806.04,CAD
CA00042849,2025-05-30,BR037,TLR-1613,C501494,cash withdrawal,724.06,CAD
CA00038073,2025-05-04,BR014,TLR-4461,C502884,cash deposit,1333.13,CAD
CA00042045,2025-05-05,BR034,TLR-1127,C502665,cash withdrawal,484.59,CAD
CA00043337,2025-05-13,BR039,TLR-6984,C502849,cash withdrawal,1356.11,CAD
CA00040914,2025-05-30,BR027,TLR-2295,C501754,cash deposit,9351.45,CAD
CA00043781,2025-05-20,BR040,TLR-1470,C502776,cash withdrawal,888.08,CAD
CA00038336,2025-05-10,BR015,TLR-3713,C501567,cash deposit,1242.01,CAD
CA00044088,2025-05-02,BR040,TLR-6044,C501508,cash deposit,1941.06,CAD
CA00043999,2025-05-07,BR040,TLR-2637,C500665,cash withdrawal,840.92,CAD
CA00036911,2025-05-11,BR007,TLR-6535,C503354,cash deposit,1103.81,CAD
CA00041700,2025-05-22,BR031,TLR-7466,C502843,cash withdrawal,814.1,CAD
CA00044141,2025-05-08,BR040,TLR-1335,C502096,cash withdrawal,434.32,CAD
CA00039782,2025-05-26,BR021,TLR-8943,C503049,cash deposit,3338.72,CAD
CA00041968,2025-05-25,BR033,TLR-6854,C500227,cash withdrawal,1649.19,CAD
CA00035632,2025-05-10,BR001,TLR-5702,C502774,cash deposit,520.9,CAD
CA00040770,2025-05-03,BR027,TLR-6620,C500915,cash deposit,376.39,CAD
CA00042673,2025-05-04,BR036,TLR-9940,C502463,cash withdrawal,973.04,CAD
CA00035688,2025-05-15,BR001,TLR-7179,C502425,cash deposit,944.76,CAD
CA00042082,2025-05-20,BR034,TLR-4398,C501935,cash withdrawal,946.35,CAD
CA00038525,2025-05-08,BR016,TLR-8571,C502762,cash deposit,432.61,CAD
CA00040737,2025-05-12,BR027,TLR-9946,C501773,cash withdrawal,475.79,CAD
CA00035745,2025-05-29,BR001,TLR-1429,C500564,cash withdrawal,228.21,CAD
CA00041971,2025-05-20,BR033,TLR-8645,C501847,cash withdrawal,1108.76,CAD
CA00042774,2025-05-26,BR037,TLR-3009,C502025,cash withdrawal,1071.81,CAD
CA00036667,2025-05-06,BR006,TLR-3784,C500047,cash withdrawal,958.84,CAD
CA00037014,2025-05-20,BR007,TLR-3109,C501294,cash deposit,2772.65,CAD
CA00040314,2025-05-27,BR025,TLR-9774,C500021,cash deposit,1653.03,CAD
CA00037873,2025-05-29,BR012,TLR-9940,C502387,cash deposit,3252.36,CAD
CA00041088,2025-05-19,BR029,TLR-1091,C502196,cash deposit,234.45,CAD
CA00040553,2025-05-29,BR026,TLR-5233,C502737,cash withdrawal,-1158.49,CAD
CA00038286,2025-05-10,BR015,TLR-5124,C501240,cash deposit,966.75,CAD
CA00037715,2025-05-09,BR012,TLR-1514,C501841,cash deposit,1781.79,CAD
CA00036636,2025-05-23,BR006,TLR-4209,C503734,cash withdrawal,577.72,CAD
CA00038479,2025-05-17,BR015,TLR-9570,C500527,cash withdrawal,1043.66,CAD
CA00042072,2025-05-27,BR034,TLR-7125,C502307,cash withdrawal,1103.99,CAD
CA00038408,2025-05-13,BR015,TLR-8638,C502852,cash deposit,564.77,CAD
CA00035986,2025-05-17,BR003,TLR-9137,C500278,cash deposit,599.24,CAD
CA00038500,2025-05-13,BR015,TLR-1737,C501188,cash deposit,2124.6,CAD
CA00035520,2025-05-12,BR001,TLR-5718,C502328,cash deposit,2597.84,CAD
CA00039441,2025-05-13,BR020,TLR-6560,C500127,cash withdrawal,776.27,USD
CA00043496,2025-05-07,BR040,TLR-8671,C500886,cash deposit,1011.99,CAD
CA00035698,2025-05-31,BR001,TLR-4268,C500343,cash deposit,492.06,CAD
CA00037781,2025-05-25,BR012,TLR-8322,C501820,cash deposit,809.02,CAD
CA00043056,2025-05-03,BR038,TLR-4487,C500405,cash withdrawal,523.53,CAD
CA00041244,2025-05-12,BR030,TLR-1174,C500454,cash deposit,574.7,CAD
CA00038449,2025-05-16,BR015,TLR-5661,C500288,cash deposit,1856.54,CAD
CA00039902,2025-05-17,BR023,TLR-9857,C502512,cash withdrawal,1252.37,CAD
CA00043218,2025-05-01,BR039,TLR-8039,C501276,cash withdrawal,881.76,CAD
CA00037799,2025-05-09,BR012,TLR-6687,C501889,cash withdrawal,3255.32,CAD
CA00041860,2025-05-08,BR032,TLR-1662,C500595,cash deposit,2276.53,CAD
CA00035834,2025-05-23,BR002,TLR-9445,C500543,cash deposit,1739.12,CAD
CA00044133,2025-05-22,BR040,TLR-4186,C502285,cash deposit,614.2,CAD
CA00035777,2025-05-19,BR002,TLR-8631,C501778,cash deposit,310.09,CAD
CA00042929,2025-05-30,BR037,TLR-2830,C500634,cash deposit,821.26,CAD
CA00042467,2025-05-22,BR036,TLR-4809,C502893,cash withdrawal,834.94,CAD
CA00040851,2025-05-18,BR027,TLR-7934,C502903,cash deposit,690.84,CAD
CA00040629,2025-05-03,BR026,TLR-4996,C500682,cash withdrawal,-385.07,CAD
CA00038248,2025-05-04,BR015,TLR-6113,C503199,cash withdrawal,533.77,CAD
CA00041324,2025-05-11,BR030,TLR-3360,C502435,cash deposit,475.62,CAD
CA00044199,2025-05-18,BR040,TLR-7171,C503109,cash withdrawal,2023.62,CAD
CA00041790,2025-05-01,BR032,TLR-2676,C503120,cash deposit,1223.51,CAD
CA00035906,2025-05-18,BR002,TLR-4245,C503573,cash withdrawal,-494.58,CAD
CA00036375,2025-05-21,BR004,TLR-9118,C501034,cash deposit,471.02,CAD
CA00043358,2025-05-09,BR039,TLR-7734,C502644,cash withdrawal,294.85,CAD
CA00040113,2025-05-09,BR024,TLR-8433,C500818,cash withdrawal,1535.96,CAD
CA00036044,2025-05-10,BR003,TLR-1318,C500279,cash deposit,1481.86,CAD
CA00040538,2025-05-20,BR026,TLR-7854,C501625,cash withdrawal,-1180.38,CAD
CA00042835,2025-05-10,BR037,TLR-7563,C502637,cash withdrawal,2104.93,CAD
CA00037502,2025-05-28,BR010,TLR-5643,C503415,cash withdrawal,1424.59,CAD
CA00040847,2025-05-12,BR027,TLR-2518,C502862,cash withdrawal,7537.9,CAD
CA00036949,2025-05-17,BR007,TLR-8307,C501538,cash deposit,621.43,CAD
CA00042994,2025-05-20,BR038,TLR-5747,C500806,cash withdrawal,1677.33,CAD
CA00036193,2025-05-29,BR004,TLR-2349,C503556,cash withdrawal,247.79,CAD
CA00043581,2025-05-15,BR040,TLR-1704,C502060,cash deposit,1455.87,CAD
CA00036155,2025-05-12,BR003,TLR-6854,C502808,cash deposit,406.22,CAD
CA00037117,2025-05-02,BR008,TLR-9449,C501993,cash withdrawal,668.66,CAD
CA00038795,2025-05-27,BR017,TLR-2456,C502214,cash deposit,1825.55,CAD
CA00043981,2025-05-25,BR040,TLR-5740,C500959,cash withdrawal,911.19,CAD
CA00044271,2025-05-11,BR040,TLR-4596,C501906,cash withdrawal,1686.17,CAD
CA00043645,2025-05-06,BR040,TLR-6703,C501794,cash withdrawal,783.66,CAD
CA00037723,2025-05-25,BR012,TLR-5887,C503086,cash withdrawal,583.24,CAD
CA00038947,2025-05-08,BR018,TLR-9326,C502025,cash deposit,1223.13,CAD
CA00040613,2025-05-03,BR026,TLR-8655,C502832,cash deposit,565.39,CAD
CA00038896,2025-05-24,BR017,TLR-5370,C503494,cash withdrawal,1857.5,CAD
CA00040051,2025-05-05,BR024,TLR-5890,C502211,cash deposit,1483.77,CAD
CA00042342,2025-05-25,BR035,TLR-1928,C501875,cash deposit,336.04,CAD
CA00044078,2025-05-10,BR040,TLR-7580,C501154,cash deposit,2266.66,CAD
CA00035636,2025-05-10,BR001,TLR-8452,C503886,cash deposit,2977.3,CAD
CA00041258,2025-05-18,BR030,TLR-2289,C502988,cash deposit,490.61,CAD
CA00038689,2025-05-28,BR016,TLR-7939,C500144,cash withdrawal,875.22,CAD
CA00041362,2025-05-29,BR030,TLR-3652,C500117,cash deposit,3117.11,CAD
CA00036781,2025-05-23,BR006,TLR-2024,C503814,cash withdrawal,482.61,CAD
CA00039805,2025-05-23,BR021,TLR-2255,C500071,cash deposit,605.01,CAD
CA00040907,2025-05-24,BR027,TLR-3613,C501689,cash deposit,74.09,CAD
CA00036901,2025-05-04,BR007,TLR-9163,C503309,cash withdrawal,2862.32,CAD
CA00042922,2025-05-20,BR037,TLR-7805,C503511,cash deposit,1757.85,CAD
CA00042358,2025-05-31,BR035,TLR-7063,C500666,cash deposit,1920.29,CAD
CA00043345,2025-05-28,BR039,TLR-3630,C503054,cash withdrawal,1094.34,CAD
CA00036374,2025-05-14,BR004,TLR-5403,C503467,cash deposit,350.47,CAD
CA00040840,2025-05-13,BR027,TLR-2099,C502816,cash withdrawal,1072.1,CAD
CA00041536,2025-05-12,BR031,TLR-1529,C502342,cash withdrawal,711.17,CAD
CA00041232,2025-05-22,BR030,TLR-8486,C500003,cash withdrawal,3738.97,CAD
CA00042970,2025-05-12,BR037,TLR-8806,C502939,cash deposit,1807.4,CAD
CA00042067,2025-05-20,BR034,TLR-4449,C503916,cash deposit,1632.45,CAD
CA00039043,2025-05-09,BR018,TLR-1110,C500787,cash withdrawal,1766.09,CAD
CA00043119,2025-05-08,BR038,TLR-1901,C500887,cash deposit,464.47,CAD
CA00039821,2025-05-13,BR022,TLR-6173,C501550,cash withdrawal,918.66,CAD
CA00039095,2025-05-26,BR019,TLR-7359,C503233,cash withdrawal,1007.63,CAD
CA00042420,2025-05-02,BR035,TLR-5982,C502046,cash deposit,1825.31,CAD
CA00043809,2025-05-26,BR040,TLR-9058,C502784,cash deposit,1674.29,CAD
CA00040482,2025-05-27,BR025,TLR-3684,C503246,cash deposit,1024.46,CAD
CA00035482,2025-05-09,BR001,TLR-9062,C503471,cash deposit,788.33,CAD
CA00043873,2025-05-18,BR040,TLR-6850,C500160,cash deposit,524.26,CAD
CA00043497,2025-05-31,BR040,TLR-8293,C503987,cash deposit,2572.6,CAD
CA00040432,2025-05-02,BR025,TLR-6509,C501223,cash deposit,298.67,CAD
CA00043858,2025-05-07,BR040,TLR-5204,C501153,cash deposit,769.46,CAD
CA00040950,2025-05-05,BR028,TLR-6183,C501104,cash withdrawal,894.7,CAD
CA00042187,2025-05-24,BR034,TLR-1310,C502531,cash deposit,362.72,CAD
CA00038409,2025-05-03,BR015,TLR-6258,C502800,cash deposit,242.59,CAD
CA00040985,2025-05-23,BR028,TLR-7945,C501550,cash withdrawal,1756.02,CAD
CA00043925,2025-05-02,BR040,TLR-6144,C502593,cash withdrawal,1783.86,CAD
CA00043803,2025-05-24,BR040,TLR-5479,C500766,cash withdrawal,673.01,CAD
CA00043501,2025-05-22,BR040,TLR-2954,C501810,cash deposit,2919.58,CAD
CA00037250,2025-05-09,BR008,TLR-2293,C503151,cash deposit,578.35,CAD
CA00037137,2025-05-24,BR008,TLR-1481,C502903,cash withdrawal,240.53,CAD
CA00039492,2025-05-26,BR020,TLR-5529,C503193,cash withdrawal,1033.57,USD
CA00035506,2025-05-16,BR001,TLR-8286,C500477,cash deposit,153.76,CAD
CA00035525,2025-05-16,BR001,TLR-6758,C503712,cash withdrawal,309.22,CAD
CA00035497,2025-05-13,BR001,TLR-5116,C500076,cash deposit,333.65,CAD
CA00036654,2025-05-13,BR006,TLR-6809,C502688,cash deposit,1218.38,CAD
CA00043005,2025-05-19,BR038,TLR-4836,C502570,cash withdrawal,479.71,CAD
CA00044047,2025-05-21,BR040,TLR-2821,C500292,cash withdrawal,855.27,CAD
CA00040712,2025-05-21,BR026,TLR-1478,C500362,cash deposit,884.83,CAD
CA00040902,2025-05-15,BR027,TLR-4804,C502776,cash deposit,906.96,CAD
CA00038424,2025-05-23,BR015,TLR-6007,C500292,cash withdrawal,1224.77,CAD
CA00043021,2025-05-11,BR038,TLR-5399,C503084,cash deposit,2552.85,CAD
CA00040363,2025-05-11,BR025,TLR-2740,C500207,cash deposit,3379.13,CAD
CA00043066,2025-05-12,BR038,TLR-1048,C502924,cash withdrawal,1092.79,CAD
CA00037385,2025-05-30,BR009,TLR-4633,C503734,cash deposit,964.09,CAD
CA00042864,2025-05-25,BR037,TLR-2471,C500183,cash withdrawal,523.52,CAD
CA00042725,2025-05-29,BR036,TLR-5547,C500746,cash withdrawal,611.47,CAD
CA00037520,2025-05-27,BR010,TLR-7609,C500690,cash deposit,352.64,CAD
CA00042041,2025-05-10,BR034,TLR-2786,C502944,cash withdrawal,372.4,CAD
CA00042335,2025-05-21,BR035,TLR-7285,C503559,cash withdrawal,320.9,CAD
CA00039634,2025-05-26,BR021,TLR-7522,C502128,cash deposit,1121.66,CAD
CA00039491,2025-05-01,BR020,TLR-2993,C501200,cash withdrawal,585.85,USD
CA00038820,2025-05-21,BR017,TLR-7264,C501147,cash withdrawal,1013.21,CAD
CA00038834,2025-05-09,BR017,TLR-4730,C503198,cash withdrawal,901.65,CAD
CA00040778,2025-05-05,BR027,TLR-3861,C501484,cash withdrawal,3272.66,CAD
CA00035556,2025-05-04,BR001,TLR-8150,C501700,cash deposit,373.62,CAD
CA00041993,2025-05-23,BR033,TLR-3532,C503687,cash deposit,644.2,CAD
CA00035487,2025-05-20,BR001,TLR-7388,C503785,cash withdrawal,1265.48,CAD
CA00037637,2025-05-20,BR011,TLR-9164,C500334,cash deposit,2777.77,CAD
CA00035724,2025-05-24,BR001,TLR-5163,C501622,cash withdrawal,971.4,CAD
CA00039178,2025-05-22,BR019,TLR-5709,C502856,cash deposit,1533.23,CAD
CA00042241,2025-05-21,BR035,TLR-3520,C501090,cash deposit,1436.04,CAD
CA00041225,2025-05-26,BR030,TLR-5343,C500801,cash deposit,697.57,CAD
CA00038031,2025-05-28,BR014,TLR-8842,C502505,cash deposit,580.5,CAD
CA00037990,2025-05-29,BR013,TLR-9207,C502449,cash withdrawal,611.26,CAD
CA00043662,2025-05-07,BR040,TLR-4820,C502385,cash withdrawal,4612.93,CAD
CA00038792,2025-05-24,BR017,TLR-8647,C502156,cash withdrawal,624.36,CAD
CA00042539,2025-05-11,BR036,TLR-6544,C501845,cash withdrawal,4654.27,CAD
CA00041537,2025-05-02,BR031,TLR-5104,C503261,cash withdrawal,698.04,CAD
CA00035809,2025-05-17,BR002,TLR-4848,C501361,cash deposit,257.73,CAD
CA00043917,2025-05-10,BR040,TLR-4676,C500546,cash withdrawal,674.11,CAD
CA00044012,2025-05-03,BR040,TLR-3870,C500132,cash withdrawal,365.1,CAD
CA00040172,2025-05-26,BR024,TLR-2669,C500533,cash deposit,536.7,CAD
CA00039606,2025-05-31,BR020,TLR-5484,C503117,cash withdrawal,582.99,USD
CA00041578,2025-05-15,BR031,TLR-3075,C503149,cash deposit,145.07,CAD
CA00043684,2025-05-30,BR040,TLR-4251,C501878,cash deposit,670.55,CAD
CA00037002,2025-05-31,BR007,TLR-9435,C501598,cash withdrawal,1586.87,CAD
CA00036573,2025-05-26,BR006,TLR-1119,C501957,cash deposit,1233.13,CAD
CA00041932,2025-05-05,BR033,TLR-1777,C500513,cash deposit,1003.42,CAD
CA00042927,2025-05-07,BR037,TLR-2514,C502570,cash deposit,228.42,CAD
CA00040476,2025-05-14,BR025,TLR-1668,C503018,cash withdrawal,-4598.24,CAD
CA00041029,2025-05-04,BR028,TLR-8687,C501169,cash withdrawal,514.0,CAD
CA00043574,2025-05-10,BR040,TLR-2392,C501714,cash deposit,819.65,CAD
CA00036907,2025-05-09,BR007,TLR-9273,C501266,cash withdrawal,460.84,CAD
CA00038379,2025-05-20,BR015,TLR-1380,C503909,cash deposit,1165.58,CAD
CA00037289,2025-05-10,BR008,TLR-9083,C502168,cash deposit,1532.73,CAD
CA00037396,2025-05-20,BR009,TLR-3051,C501266,cash deposit,964.12,CAD
CA00041685,2025-05-04,BR031,TLR-9454,C503762,cash withdrawal,2435.67,CAD
CA00039885,2025-05-22,BR023,TLR-9201,C502291,cash deposit,1496.54,CAD
CA00039848,2025-05-27,BR022,TLR-1984,C501835,cash deposit,915.41,CAD
CA00041310,2025-05-24,BR030,TLR-7140,C500172,cash withdrawal,747.39,CAD
CA00042177,2025-05-21,BR034,TLR-6744,C503639,cash withdrawal,2032.63,CAD
CA00043209,2025-05-14,BR039,TLR-3263,C502892,cash withdrawal,388.03,CAD
CA00039376,2025-05-05,BR019,TLR-5550,C502930,cash deposit,3210.71,CAD
CA00039419,2025-05-17,BR019,TLR-6275,C502953,cash deposit,492.97,CAD
CA00043872,2025-05-20,BR040,TLR-1624,C502773,cash deposit,899.51,CAD
CA00043106,2025-05-05,BR038,TLR-4498,C502009,cash deposit,2104.77,CAD
CA00042960,2025-05-02,BR037,TLR-4612,C500021,cash withdrawal,586.77,CAD
CA00037301,2025-05-12,BR008,TLR-7045,C500448,cash deposit,749.88,CAD
CA00035718,2025-05-22,BR001,TLR-1239,C501180,cash withdrawal,4323.1,CAD
CA00038998,2025-05-31,BR018,TLR-3917,C502859,cash withdrawal,525.56,CAD
CA00042203,2025-05-11,BR035,TLR-5852,C501318,cash withdrawal,949.35,CAD
CA00041702,2025-05-09,BR031,TLR-9575,C500387,cash deposit,3123.39,CAD
CA00044060,2025-05-21,BR040,TLR-6720,C500530,cash deposit,1443.39,CAD
CA00038539,2025-05-04,BR016,TLR-1185,C500768,cash deposit,1630.18,CAD
CA00038389,2025-05-20,BR015,TLR-8835,C501491,cash withdrawal,270.18,CAD
CA00043869,2025-05-31,BR040,TLR-1726,C503836,cash deposit,673.6,CAD
CA00039827,2025-05-02,BR022,TLR-8548,C503006,cash withdrawal,747.18,CAD
CA00039756,2025-05-27,BR021,TLR-7310,C502323,cash deposit,427.1,CAD
CA00040600,2025-05-25,BR026,TLR-5192,C503045,cash deposit,866.38,CAD
CA00039152,2025-05-03,BR019,TLR-3457,C502023,cash deposit,2816.73,CAD
CA00036188,2025-05-30,BR003,TLR-5480,C501354,cash withdrawal,1078.9,CAD
CA00043464,2025-05-05,BR040,TLR-3472,C500867,cash deposit,867.03,CAD
CA00043567,2025-05-03,BR040,TLR-7057,C501407,cash deposit,278.76,CAD
CA00042090,2025-05-20,BR034,TLR-1973,C502408,cash deposit,962.95,CAD
CA00037890,2025-05-09,BR012,TLR-3216,C500162,cash withdrawal,1672.91,CAD
CA00039916,2025-05-22,BR023,TLR-3591,C500831,cash withdrawal,2450.8,CAD
CA00041945,2025-05-29,BR033,TLR-9721,C501784,cash withdrawal,237.76,CAD
CA00038845,2025-05-20,BR017,TLR-6113,C502315,cash withdrawal,2114.04,CAD
CA00040456,2025-05-24,BR025,TLR-1682,C500810,cash deposit,1381.55,CAD
CA00041769,2025-05-04,BR032,TLR-3914,C500988,cash deposit,813.29,CAD
CA00041493,2025-05-12,BR031,TLR-5865,C501275,cash deposit,367.94,CAD
CA00038638,2025-05-14,BR016,TLR-3503,C500653,cash withdrawal,2290.51,CAD
CA00042592,2025-05-28,BR036,TLR-9867,C500688,cash deposit,449.94,CAD
CA00038779,2025-05-30,BR017,TLR-2216,C502024,cash deposit,643.77,CAD
CA00040562,2025-05-16,BR026,TLR-3244,C502785,cash withdrawal,-1872.17,CAD
CA00039629,2025-05-21,BR020,TLR-2099,C500443,cash withdrawal,409.92,USD
CA00039307,2025-05-07,BR019,TLR-4869,C501324,cash deposit,641.27,CAD
CA00040338,2025-05-10,BR025,TLR-4949,C500025,cash withdrawal,-1965.04,CAD
CA00041813,2025-05-09,BR032,TLR-7509,C500249,cash withdrawal,1766.7,CAD
CA00042410,2025-05-15,BR035,TLR-5160,C500606,cash deposit,3908.54,CAD
CA00040281,2025-05-08,BR025,TLR-1230,C501842,cash withdrawal,-667.25,CAD
CA00035992,2025-05-15,BR003,TLR-3620,C501878,cash withdrawal,1886.78,CAD
CA00040893,2025-05-11,BR027,TLR-6531,C500376,cash deposit,2556.27,CAD
CA00042972,2025-05-02,BR037,TLR-9990,C501801,cash deposit,4445.7,CAD
CA00037323,2025-05-15,BR009,TLR-9097,C502516,cash withdrawal,834.36,CAD
CA00035435,2025-05-05,BR001,TLR-3593,C500799,cash deposit,1096.55,CAD
CA00040632,2025-05-25,BR026,TLR-1200,C501630,cash withdrawal,-679.75,CAD
CA00036172,2025-05-09,BR003,TLR-4620,C502497,cash deposit,569.47,CAD
CA00041314,2025-05-05,BR030,TLR-1666,C503677,cash withdrawal,432.59,CAD
CA00037962,2025-05-19,BR013,TLR-7046,C502952,cash deposit,458.01,CAD
CA00035813,2025-05-11,BR002,TLR-3400,C500896,cash withdrawal,-2979.19,CAD
CA00043553,2025-05-08,BR040,TLR-4958,C503058,cash deposit,729.5,CAD
CA00039171,2025-05-11,BR019,TLR-8097,C502941,cash withdrawal,3392.63,CAD
CA00040607,2025-05-17,BR026,TLR-6642,C502539,cash deposit,270.97,CAD
CA00038700,2025-05-02,BR017,TLR-3242,C503499,cash withdrawal,1884.06,CAD
CA00036195,2025-05-20,BR004,TLR-6864,C500196,cash withdrawal,446.25,CAD
CA00036486,2025-05-12,BR005,TLR-8872,C502020,cash withdrawal,5353.54,CAD
CA00036171,2025-05-31,BR003,TLR-2540,C503661,cash withdrawal,1787.56,CAD
CA00037998,2025-05-03,BR013,TLR-9015,C503909,cash deposit,784.06,CAD
CA00037024,2025-05-03,BR007,TLR-2323,C500454,cash deposit,624.39,CAD
CA00040013,2025-05-12,BR024,TLR-7779,C503573,cash deposit,1292.59,CAD
CA00042682,2025-05-28,BR036,TLR-1067,C502873,cash withdrawal,1825.06,CAD
CA00037218,2025-05-19,BR008,TLR-8319,C503378,cash deposit,1037.77,CAD
CA00043748,2025-05-22,BR040,TLR-9710,C503484,cash deposit,1261.06,CAD
CA00043734,2025-05-10,BR040,TLR-9489,C500620,cash deposit,590.27,CAD
CA00041603,2025-05-03,BR031,TLR-9242,C502208,cash withdrawal,347.82,CAD
CA00040696,2025-05-28,BR026,TLR-3208,C502226,cash deposit,131.2,CAD
CA00038499,2025-05-19,BR015,TLR-9050,C500924,cash withdrawal,1002.74,CAD
CA00035555,2025-05-04,BR001,TLR-9269,C500553,cash withdrawal,668.73,CAD
CA00037327,2025-05-15,BR009,TLR-5417,C501523,cash withdrawal,669.15,CAD
CA00042838,2025-05-25,BR037,TLR-6336,C500094,cash deposit,4572.2,CAD
CA00037467,2025-05-23,BR010,TLR-7648,C502457,cash deposit,613.36,CAD
CA00037539,2025-05-01,BR010,TLR-6855,C500264,cash withdrawal,1526.15,CAD
CA00042621,2025-05-17,BR036,TLR-3084,C501749,cash deposit,1089.01,CAD
CA00036109,2025-05-17,BR003,TLR-1173,C501181,cash deposit,1457.29,CAD
CA00044262,2025-05-17,BR040,TLR-7318,C502754,cash withdrawal,761.78,CAD
CA00037046,2025-05-18,BR008,TLR-5209,C501400,cash withdrawal,681.68,CAD
CA00043364,2025-05-24,BR039,TLR-5048,C501466,cash deposit,1766.01,CAD
CA00039157,2025-05-06,BR019,TLR-3660,C501732,cash deposit,439.74,CAD
CA00038159,2025-05-02,BR014,TLR-7411,C503473,cash deposit,415.6,CAD
CA00043037,2025-05-12,BR038,TLR-5171,C500608,cash deposit,434.68,CAD
CA00043396,2025-05-11,BR039,TLR-3883,C502008,cash withdrawal,1451.78,CAD
CA00038003,2025-05-28,BR013,TLR-6791,C502575,cash withdrawal,231.6,CAD
CA00040366,2025-05-07,BR025,TLR-7618,C501700,cash deposit,1766.0,CAD
CA00037383,2025-05-26,BR009,TLR-5567,C502904,cash deposit,2316.48,CAD
CA00042722,2025-05-10,BR036,TLR-3384,C501543,cash deposit,375.89,CAD
CA00043433,2025-05-30,BR040,TLR-8339,C501875,cash withdrawal,3648.14,CAD
CA00042229,2025-05-29,BR035,TLR-4500,C503620,cash withdrawal,771.3,CAD
CA00043879,2025-05-11,BR040,TLR-6938,C500978,cash deposit,928.71,CAD
CA00042179,2025-05-10,BR034,TLR-4004,C501653,cash withdrawal,348.53,CAD
CA00039255,2025-05-08,BR019,TLR-1274,C500587,cash withdrawal,1067.75,CAD
CA00042613,2025-05-28,BR036,TLR-1748,C501026,cash withdrawal,1571.37,CAD
CA00042692,2025-05-16,BR036,TLR-2755,C500402,cash withdrawal,1321.92,CAD
CA00040277,2025-05-22,BR025,TLR-8411,C500563,cash withdrawal,-642.52,CAD
CA00040229,2025-05-26,BR024,TLR-9534,C503379,cash withdrawal,754.92,CAD
CA00035680,2025-05-03,BR001,TLR-4926,C503566,cash withdrawal,969.95,CAD
CA00036462,2025-05-17,BR004,TLR-7758,C500992,cash deposit,692.11,CAD
CA00040479,2025-05-09,BR025,TLR-1076,C502162,cash deposit,1378.0,CAD
CA00039498,2025-05-10,BR020,TLR-9445,C503917,cash withdrawal,243.58,USD
CA00039230,2025-05-27,BR019,TLR-4323,C500018,cash withdrawal,1155.3,CAD
CA00040857,2025-05-30,BR027,TLR-4025,C500521,cash deposit,1433.09,CAD
CA00041380,2025-05-29,BR030,TLR-8571,C502797,cash withdrawal,253.94,CAD
CA00039319,2025-05-17,BR019,TLR-6208,C502703,cash withdrawal,2015.82,CAD
CA00043851,2025-05-28,BR040,TLR-4645,C501548,cash withdrawal,1044.92,CAD
CA00037908,2025-05-04,BR013,TLR-8505,C503297,cash deposit,195.0,CAD
CA00040500,2025-05-14,BR026,TLR-2800,C501407,cash deposit,1910.58,CAD
CA00043195,2025-05-05,BR038,TLR-5479,C501769,cash deposit,3301.46,CAD
CA00044023,2025-05-14,BR040,TLR-4758,C500467,cash withdrawal,1834.79,CAD
CA00044067,2025-05-25,BR040,TLR-3833,C503558,cash withdrawal,1618.45,CAD
CA00038421,2025-05-15,BR015,TLR-6866,C500939,cash deposit,2100.0,CAD
CA00043365,2025-05-02,BR039,TLR-9626,C500563,cash withdrawal,768.78,CAD
CA00039718,2025-05-23,BR021,TLR-1662,C501680,cash withdrawal,357.95,CAD
CA00039463,2025-05-04,BR020,TLR-1135,C501040,cash deposit,731.61,USD
CA00036975,2025-05-25,BR007,TLR-6715,C500321,cash deposit,1717.34,CAD
CA00042430,2025-05-18,BR035,TLR-7586,C503112,cash deposit,603.59,CAD
CA00044035,2025-05-06,BR040,TLR-7468,C502483,cash withdrawal,896.36,CAD
CA00041799,2025-05-05,BR032,TLR-1643,C503889,cash withdrawal,1399.52,CAD
CA00038666,2025-05-02,BR016,TLR-9170,C500967,cash withdrawal,1323.25,CAD
CA00035571,2025-05-09,BR001,TLR-4296,C503657,cash deposit,1236.17,CAD
CA00037049,2025-05-31,BR008,TLR-6772,C500509,cash withdrawal,1133.6,CAD
CA00042667,2025-05-25,BR036,TLR-4827,C501642,cash withdrawal,1755.66,CAD
CA00036849,2025-05-03,BR007,TLR-5063,C500529,cash withdrawal,1256.42,CAD
CA00039794,2025-05-25,BR021,TLR-6532,C501018,cash deposit,2118.92,CAD
CA00038954,2025-05-01,BR018,TLR-1512,C501618,cash withdrawal,1919.78,CAD
CA00035656,2025-05-04,BR001,TLR-8935,C501343,cash deposit,373.59,CAD
CA00042897,2025-05-09,BR037,TLR-6819,C502693,cash withdrawal,1729.52,CAD
CA00035792,2025-05-15,BR002,TLR-1591,C503553,cash deposit,636.17,CAD
CA00042205,2025-05-28,BR035,TLR-4788,C502263,cash deposit,627.84,CAD
CA00038620,2025-05-16,BR016,TLR-9476,C503240,cash withdrawal,2371.49,CAD
CA00041978,2025-05-05,BR033,TLR-4390,C502392,cash deposit,1150.31,CAD
CA00042959,2025-05-06,BR037,TLR-2135,C501090,cash deposit,1068.45,CAD
CA00038659,2025-05-14,BR016,TLR-8067,C501800,cash deposit,1186.05,CAD
CA00044246,2025-05-07,BR040,TLR-3401,C503675,cash withdrawal,1246.73,CAD
CA00043356,2025-05-01,BR039,TLR-1365,C500237,cash deposit,765.13,CAD
CA00039724,2025-05-05,BR021,TLR-7310,C502570,cash deposit,2996.73,CAD
CA00043559,2025-05-05,BR040,TLR-7095,C502315,cash withdrawal,1582.13,CAD
CA00039117,2025-05-24,BR019,TLR-3646,C501915,cash deposit,1010.78,CAD
CA00042516,2025-05-12,BR036,TLR-1920,C500791,cash withdrawal,1045.73,CAD
CA00041756,2025-05-14,BR032,TLR-8600,C503908,cash withdrawal,355.54,CAD
CA00043411,2025-05-13,BR039,TLR-1423,C500837,cash deposit,4164.82,CAD
CA00038869,2025-05-18,BR017,TLR-9531,C503957,cash withdrawal,1464.23,CAD
CA00041398,2025-05-14,BR030,TLR-2798,C502601,cash deposit,699.12,CAD
CA00040474,2025-05-28,BR025,TLR-1169,C503827,cash withdrawal,-1077.16,CAD
CA00038883,2025-05-06,BR017,TLR-3774,C502906,cash withdrawal,924.36,CAD
CA00038308,2025-05-13,BR015,TLR-3414,C502485,cash deposit,594.53,CAD
CA00039675,2025-05-21,BR021,TLR-7478,C503753,cash withdrawal,745.25,CAD
CA00036740,2025-05-14,BR006,TLR-4164,C501162,cash withdrawal,587.72,CAD
CA00039091,2025-05-16,BR019,TLR-3284,C502776,cash deposit,1936.98,CAD
CA00040728,2025-05-11,BR027,TLR-7671,C502102,cash withdrawal,580.19,CAD
CA00041280,2025-05-05,BR030,TLR-8810,C502469,cash deposit,885.8,CAD
CA00037023,2025-05-04,BR007,TLR-1081,C500708,cash deposit,2294.4,CAD
CA00043230,2025-05-16,BR039,TLR-8449,C500488,cash deposit,550.8,CAD
CA00036244,2025-05-17,BR004,TLR-2336,C500322,cash withdrawal,352.02,CAD
CA00035978,2025-05-14,BR003,TLR-1726,C503519,cash withdrawal,6000.23,CAD
CA00041267,2025-05-12,BR030,TLR-9883,C500017,cash withdrawal,437.07,CAD
CA00036457,2025-05-21,BR004,TLR-6367,C501311,cash deposit,1149.53,CAD
CA00039104,2025-05-04,BR019,TLR-7699,C500732,cash withdrawal,1896.65,CAD
CA00038973,2025-05-30,BR018,TLR-1915,C500163,cash deposit,1168.37,CAD
CA00039461,2025-05-13,BR020,TLR-1283,C500052,cash deposit,447.41,USD
CA00039897,2025-05-27,BR023,TLR-2839,C500641,cash deposit,996.99,CAD
CA00040290,2025-05-17,BR025,TLR-6350,C503916,cash deposit,481.61,CAD
CA00039771,2025-05-15,BR021,TLR-8361,C501971,cash deposit,1156.92,CAD
CA00040057,2025-05-16,BR024,TLR-3901,C503121,cash deposit,626.6,CAD
CA00035786,2025-05-17,BR002,TLR-2193,C501798,cash withdrawal,-678.69,CAD
CA00036235,2025-05-17,BR004,TLR-8943,C503825,cash withdrawal,217.94,CAD
CA00042024,2025-05-11,BR033,TLR-8260,C502530,cash deposit,434.0,CAD
CA00036693,2025-05-28,BR006,TLR-7551,C503247,cash withdrawal,1360.9,CAD
CA00042712,2025-05-09,BR036,TLR-1031,C502396,cash deposit,910.31,CAD
CA00042280,2025-05-16,BR035,TLR-1709,C503907,cash deposit,2984.58,CAD
CA00038687,2025-05-16,BR016,TLR-6508,C501005,cash deposit,419.74,CAD
CA00042987,2025-05-24,BR037,TLR-7968,C502392,cash deposit,742.18,CAD
CA00038489,2025-05-28,BR015,TLR-7052,C502254,cash deposit,549.74,CAD
CA00038370,2025-05-29,BR015,TLR-2753,C501319,cash deposit,763.39,CAD
CA00041976,2025-05-06,BR033,TLR-5867,C501878,cash withdrawal,1243.31,CAD
CA00042724,2025-05-14,BR036,TLR-6006,C501938,cash withdrawal,956.44,CAD
CA00044146,2025-05-10,BR040,TLR-1117,C501437,cash withdrawal,583.2,CAD
CA00042616,2025-05-08,BR036,TLR-7153,C503436,cash deposit,756.32,CAD
CA00037098,2025-05-12,BR008,TLR-3063,C503855,cash withdrawal,184.89,CAD
CA00040651,2025-05-26,BR026,TLR-4151,C503679,cash deposit,1859.71,CAD
CA00040197,2025-05-12,BR024,TLR-5800,C502095,cash deposit,297.35,CAD
CA00039859,2025-05-04,BR022,TLR-1935,C503717,cash deposit,747.63,CAD
CA00037060,2025-05-10,BR008,TLR-8886,C500917,cash withdrawal,932.98,CAD
CA00036328,2025-05-28,BR004,TLR-9331,C500649,cash deposit,750.68,CAD
CA00042708,2025-05-09,BR036,TLR-8155,C501902,cash withdrawal,700.92,CAD
CA00039364,2025-05-26,BR019,TLR-8381,C502085,cash deposit,391.0,CAD
CA00039973,2025-05-08,BR023,TLR-4559,C502374,cash withdrawal,829.25,CAD
CA00039404,2025-05-31,BR019,TLR-3749,C503447,cash withdrawal,1298.9,CAD
CA00042906,2025-05-27,BR037,TLR-4601,C500040,cash withdrawal,1631.36,CAD
CA00043763,2025-05-19,BR040,TLR-2044,C502632,cash deposit,1824.25,CAD
CA00038288,2025-05-29,BR015,TLR-8620,C500068,cash deposit,1142.43,CAD
CA00040218,2025-05-20,BR024,TLR-7330,C502000,cash deposit,2503.84,CAD
CA00040855,2025-05-29,BR027,TLR-7513,C502822,cash deposit,715.12,CAD
CA00038377,2025-05-26,BR015,TLR-3686,C503660,cash withdrawal,633.17,CAD
CA00037721,2025-05-03,BR012,TLR-8660,C503522,cash withdrawal,622.94,CAD
CA00038604,2025-05-31,BR016,TLR-1634,C500656,cash withdrawal,1120.73,CAD
CA00041736,2025-05-31,BR031,TLR-5379,C502798,cash withdrawal,555.4,CAD
CA00039330,2025-05-28,BR019,TLR-4880,C501587,cash withdrawal,2013.91,CAD
CA00041754,2025-05-23,BR032,TLR-1819,C500611,cash withdrawal,1113.64,CAD
CA00044168,2025-05-30,BR040,TLR-1493,C503318,cash withdrawal,1801.59,CAD
CA00037275,2025-05-27,BR008,TLR-8688,C503813,cash withdrawal,1912.49,CAD
CA00040603,2025-05-02,BR026,TLR-7844,C503766,cash deposit,869.65,CAD
CA00035661,2025-05-31,BR001,TLR-7613,C501984,cash deposit,1564.58,CAD
CA00042518,2025-05-01,BR036,TLR-6749,C500345,cash withdrawal,490.16,CAD
CA00038404,2025-05-04,BR015,TLR-5739,C501422,cash withdrawal,352.92,CAD
CA00040781,2025-05-11,BR027,TLR-3146,C503115,cash deposit,611.02,CAD
CA00036049,2025-05-13,BR003,TLR-6891,C502248,cash withdrawal,707.94,CAD
CA00041727,2025-05-27,BR031,TLR-4731,C502085,cash withdrawal,1988.5,CAD
CA00037354,2025-05-23,BR009,TLR-7806,C502641,cash deposit,993.52,CAD
CA00038098,2025-05-29,BR014,TLR-6152,C502035,cash deposit,3083.44,CAD
CA00036679,2025-05-04,BR006,TLR-6838,C500624,cash withdrawal,416.18,CAD
CA00043755,2025-05-17,BR040,TLR-7959,C503335,cash deposit,926.69,CAD
CA00036662,2025-05-13,BR006,TLR-3518,C501190,cash deposit,1011.13,CAD
CA00037007,2025-05-21,BR007,TLR-2376,C500762,cash deposit,2680.05,CAD
CA00039709,2025-05-31,BR021,TLR-9639,C500706,cash deposit,1471.23,CAD
CA00035693,2025-05-23,BR001,TLR-9316,C501853,cash deposit,198.24,CAD
CA00040797,2025-05-28,BR027,TLR-9182,C501137,cash withdrawal,1876.63,CAD
CA00036473,2025-05-16,BR004,TLR-6904,C502613,cash deposit,397.36,CAD
CA00040839,2025-05-10,BR027,TLR-8502,C501009,cash withdrawal,665.74,CAD
CA00041627,2025-05-01,BR031,TLR-8443,C503294,cash withdrawal,1690.49,CAD
CA00040305,2025-05-04,BR025,TLR-5753,C501473,cash deposit,555.65,CAD
CA00040269,2025-05-10,BR025,TLR-9510,C501813,cash deposit,148.31,CAD
CA00035679,2025-05-20,BR001,TLR-5683,C502136,cash withdrawal,3370.6,CAD
CA00043830,2025-05-29,BR040,TLR-1041,C500353,cash withdrawal,1026.68,CAD
CA00037992,2025-05-28,BR013,TLR-1585,C503171,cash deposit,784.22,CAD
CA00043310,2025-05-20,BR039,TLR-3005,C502133,cash withdrawal,2195.49,CAD
CA00036367,2025-05-07,BR004,TLR-5525,C501879,cash withdrawal,148.79,CAD
CA00036632,2025-05-11,BR006,TLR-5595,C501573,cash withdrawal,1511.39,CAD
CA00037027,2025-05-21,BR007,TLR-9117,C502594,cash withdrawal,1186.18,CAD
CA00037570,2025-05-07,BR010,TLR-7737,C500525,cash deposit,672.86,CAD
CA00037048,2025-05-26,BR008,TLR-7468,C501813,cash withdrawal,1366.75,CAD
CA00040483,2025-05-21,BR025,TLR-8354,C503224,cash deposit,385.72,CAD
CA00040093,2025-05-08,BR024,TLR-3125,C502243,cash withdrawal,4355.33,CAD
CA00037284,2025-05-05,BR008,TLR-5915,C501583,cash withdrawal,1779.39,CAD
CA00036056,2025-05-08,BR003,TLR-7001,C500275,cash withdrawal,344.57,CAD
CA00042809,2025-05-26,BR037,TLR-3757,C501357,cash withdrawal,909.38,CAD
CA00038577,2025-05-15,BR016,TLR-4476,C500370,cash deposit,2427.56,CAD
CA00038163,2025-05-04,BR014,TLR-9765,C501175,cash deposit,2413.43,CAD
CA00035659,2025-05-22,BR001,TLR-2388,C502182,cash withdrawal,648.12,CAD
CA00036404,2025-05-20,BR004,TLR-2495,C502161,cash deposit,633.82,CAD
CA00038324,2025-05-18,BR015,TLR-7551,C503540,cash withdrawal,643.02,CAD
CA00039427,2025-05-22,BR020,TLR-3338,C502458,cash deposit,373.45,USD
CA00040195,2025-05-08,BR024,TLR-2316,C501325,cash withdrawal,574.93,CAD
CA00036748,2025-05-09,BR006,TLR-2456,C501152,cash deposit,555.58,CAD
CA00042733,2025-05-26,BR037,TLR-6947,C502403,cash withdrawal,1594.96,CAD
CA00037450,2025-05-31,BR010,TLR-5043,C502647,cash deposit,2048.96,CAD
CA00037166,2025-05-18,BR008,TLR-8945,C500066,cash withdrawal,334.98,CAD
CA00040845,2025-05-12,BR027,TLR-8115,C500778,cash deposit,2724.28,CAD
CA00036431,2025-05-09,BR004,TLR-2942,C503064,cash withdrawal,606.95,CAD
CA00041704,2025-05-26,BR031,TLR-2164,C503619,cash withdrawal,703.19,CAD
CA00042370,2025-05-24,BR035,TLR-4313,C501862,cash withdrawal,929.33,CAD
CA00042266,2025-05-30,BR035,TLR-8739,C502584,cash deposit,162.69,CAD
CA00042508,2025-05-18,BR036,TLR-4816,C503424,cash withdrawal,1235.72,CAD
CA00043726,2025-05-03,BR040,TLR-2519,C501909,cash deposit,214.04,CAD
CA00041970,2025-05-19,BR033,TLR-5091,C502455,cash withdrawal,1025.28,CAD
CA00042222,2025-05-29,BR035,TLR-1651,C500443,cash withdrawal,1219.44,CAD
CA00037947,2025-05-10,BR013,TLR-9224,C501959,cash deposit,520.66,CAD
CA00036754,2025-05-12,BR006,TLR-1673,C500595,cash deposit,1066.29,CAD
CA00043315,2025-05-02,BR039,TLR-7805,C501653,cash withdrawal,1078.94,CAD
CA00043500,2025-05-13,BR040,TLR-2332,C503496,cash withdrawal,1227.09,CAD
CA00043276,2025-05-22,BR039,TLR-6580,C502094,cash withdrawal,2068.54,CAD
CA00035784,2025-05-27,BR002,TLR-8202,C501259,cash deposit,1268.1,CAD
CA00037950,2025-05-20,BR013,TLR-8858,C501180,cash deposit,356.69,CAD
CA00038534,2025-05-11,BR016,TLR-7100,C502863,cash deposit,522.39,CAD
CA00039124,2025-05-16,BR019,TLR-6234,C503416,cash deposit,420.06,CAD
CA00035781,2025-05-04,BR002,TLR-1127,C500395,cash deposit,706.58,CAD
CA00041086,2025-05-24,BR029,TLR-4089,C503836,cash withdrawal,820.97,CAD
CA00042377,2025-05-22,BR035,TLR-3020,C500785,cash withdrawal,1878.55,CAD
CA00040707,2025-05-18,BR026,TLR-1873,C503898,cash deposit,296.79,CAD
CA00040694,2025-05-14,BR026,TLR-8203,C501343,cash deposit,611.22,CAD
CA00035800,2025-05-05,BR002,TLR-2480,C503661,cash deposit,889.66,CAD
CA00043986,2025-05-08,BR040,TLR-3477,C503561,cash withdrawal,703.56,CAD
CA00041000,2025-05-25,BR028,TLR-1236,C503158,cash deposit,1375.09,CAD
CA00041400,2025-05-20,BR030,TLR-2016,C502771,cash withdrawal,464.01,CAD
CA00036862,2025-05-03,BR007,TLR-2590,C501073,cash deposit,664.53,CAD
CA00040555,2025-05-15,BR026,TLR-1997,C500021,cash withdrawal,-1363.13,CAD
CA00039864,2025-05-15,BR022,TLR-2537,C501766,cash deposit,1002.0,CAD
CA00037711,2025-05-11,BR012,TLR-1394,C501165,cash withdrawal,579.39,CAD
CA00037175,2025-05-21,BR008,TLR-5338,C503246,cash withdrawal,388.58,CAD
CA00036886,2025-05-17,BR007,TLR-1416,C503566,cash deposit,2064.48,CAD
CA00038857,2025-05-02,BR017,TLR-6680,C500109,cash deposit,6987.1,CAD
CA00038382,2025-05-14,BR015,TLR-2710,C503480,cash deposit,2273.47,CAD
CA00038256,2025-05-11,BR015,TLR-2086,C503701,cash withdrawal,647.28,CAD
CA00041958,2025-05-19,BR033,TLR-7146,C500141,cash deposit,1851.78,CAD
CA00041906,2025-05-15,BR033,TLR-1776,C501819,cash deposit,2264.57,CAD
CA00037820,2025-05-01,BR012,TLR-6053,C501196,cash withdrawal,1123.48,CAD
CA00043936,2025-05-14,BR040,TLR-8875,C503648,cash deposit,331.06,CAD
CA00038422,2025-05-10,BR015,TLR-5117,C501072,cash withdrawal,1728.46,CAD
CA00039734,2025-05-01,BR021,TLR-4504,C500781,cash deposit,2374.51,CAD
CA00035590,2025-05-28,BR001,TLR-2278,C501118,cash withdrawal,2208.89,CAD
CA00037417,2025-05-31,BR009,TLR-2532,C503557,cash deposit,6010.46,CAD
CA00037831,2025-05-29,BR012,TLR-6463,C500349,cash deposit,287.62,CAD
CA00042214,2025-05-15,BR035,TLR-8136,C502118,cash deposit,643.9,CAD
CA00042918,2025-05-08,BR037,TLR-3592,C500725,cash deposit,853.81,CAD
CA00036480,2025-05-20,BR004,TLR-7991,C502226,cash withdrawal,5108.57,CAD
CA00040120,2025-05-21,BR024,TLR-5824,C500981,cash withdrawal,515.5,CAD
CA00041447,2025-05-14,BR030,TLR-7440,C502116,cash withdrawal,2107.76,CAD
CA00035409,2025-05-25,BR001,TLR-5879,C501093,cash withdrawal,1760.84,CAD
CA00039181,2025-05-19,BR019,TLR-3053,C501695,cash deposit,1674.3,CAD
CA00039513,2025-05-02,BR020,TLR-8786,C503169,cash deposit,1281.86,USD
CA00035439,2025-05-05,BR001,TLR-4389,C502739,cash deposit,1279.81,CAD
CA00036873,2025-05-22,BR007,TLR-7552,C500164,cash withdrawal,444.33,CAD
CA00041467,2025-05-07,BR030,TLR-2512,C503855,cash withdrawal,2227.52,CAD
CA00041677,2025-05-03,BR031,TLR-8342,C502780,cash deposit,751.69,CAD
CA00035751,2025-05-14,BR002,TLR-3767,C502261,cash deposit,4962.43,CAD
CA00041506,2025-05-07,BR031,TLR-9867,C501822,cash deposit,1421.34,CAD
CA00039725,2025-05-17,BR021,TLR-3229,C500305,cash deposit,1871.39,CAD
CA00041480,2025-05-12,BR030,TLR-6565,C502523,cash deposit,632.69,CAD
CA00036419,2025-05-10,BR004,TLR-8777,C500063,cash deposit,781.93,CAD
CA00036914,2025-05-19,BR007,TLR-1789,C501668,cash deposit,1594.29,CAD
CA00041245,2025-05-05,BR030,TLR-3185,C500762,cash deposit,2477.14,CAD
CA00042490,2025-05-23,BR036,TLR-5580,C501285,cash deposit,365.73,CAD
CA00037039,2025-05-22,BR008,TLR-2429,C501805,cash withdrawal,2883.2,CAD
CA00040595,2025-05-26,BR026,TLR-7881,C501103,cash deposit,676.85,CAD
CA00040143,2025-05-25,BR024,TLR-3684,C501604,cash withdrawal,557.23,CAD
CA00041983,2025-05-14,BR033,TLR-7428,C501631,cash withdrawal,832.98,CAD
CA00038797,2025-05-29,BR017,TLR-6987,C501497,cash deposit,676.13,CAD
CA00040546,2025-05-17,BR026,TLR-5956,C501569,cash deposit,543.64,CAD
CA00036347,2025-05-23,BR004,TLR-1543,C503238,cash deposit,734.36,CAD
CA00040435,2025-05-23,BR025,TLR-1114,C501833,cash deposit,1304.69,CAD
CA00043084,2025-05-03,BR038,TLR-4367,C502506,cash withdrawal,3753.72,CAD
CA00037056,2025-05-02,BR008,TLR-5605,C501696,cash withdrawal,1388.31,CAD
CA00039449,2025-05-05,BR020,TLR-6819,C500937,cash deposit,944.43,USD
CA00044215,2025-05-03,BR040,TLR-5617,C501895,cash withdrawal,1745.53,CAD
CA00037649,2025-05-21,BR011,TLR-6002,C501442,cash withdrawal,268.73,CAD
CA00037009,2025-05-01,BR007,TLR-3764,C502279,cash withdrawal,3675.65,CAD
CA00042353,2025-05-26,BR035,TLR-9679,C503780,cash withdrawal,1903.9,CAD
CA00036181,2025-05-08,BR003,TLR-3578,C503341,cash withdrawal,2260.78,CAD
CA00037176,2025-05-10,BR008,TLR-1595,C502074,cash deposit,541.41,CAD
CA00036966,2025-05-02,BR007,TLR-8982,C503605,cash withdrawal,1894.17,CAD
CA00042264,2025-05-21,BR035,TLR-3924,C502996,cash deposit,1972.05,CAD
CA00036476,2025-05-28,BR004,TLR-2165,C502102,cash withdrawal,2061.34,CAD
CA00041612,2025-05-27,BR031,TLR-1176,C501600,cash deposit,2053.94,CAD
CA00044083,2025-05-22,BR040,TLR-5017,C502933,cash withdrawal,552.48,CAD
CA00041475,2025-05-21,BR030,TLR-8878,C501731,cash deposit,472.08,CAD
CA00043746,2025-05-08,BR040,TLR-4611,C501822,cash deposit,908.97,CAD
CA00036217,2025-05-28,BR004,TLR-5563,C500855,cash withdrawal,1943.29,CAD
CA00036811,2025-05-30,BR006,TLR-5185,C501059,cash deposit,1521.52,CAD
CA00036113,2025-05-14,BR003,TLR-9514,C502393,cash deposit,627.88,CAD
CA00043121,2025-05-09,BR038,TLR-5876,C501676,cash withdrawal,501.7,CAD
CA00041260,2025-05-08,BR030,TLR-6913,C503063,cash deposit,861.51,CAD
CA00041376,2025-05-23,BR030,TLR-7072,C503596,cash deposit,1480.4,CAD
CA00039509,2025-05-03,BR020,TLR-6511,C503514,cash deposit,418.12,USD
CA00038139,2025-05-11,BR014,TLR-1244,C501307,cash deposit,1392.42,CAD
CA00037751,2025-05-24,BR012,TLR-2224,C503484,cash deposit,942.59,CAD
CA00043948,2025-05-09,BR040,TLR-3819,C501364,cash withdrawal,1128.29,CAD
CA00042121,2025-05-09,BR034,TLR-5481,C502346,cash deposit,2806.6,CAD
CA00035790,2025-05-08,BR002,TLR-7580,C500963,cash withdrawal,-522.25,CAD
CA00037233,2025-05-08,BR008,TLR-9476,C501183,cash withdrawal,1111.01,CAD
CA00037528,2025-05-01,BR010,TLR-8929,C503597,cash deposit,2155.32,CAD
CA00038936,2025-05-18,BR017,TLR-2686,C501979,cash withdrawal,722.49,CAD
CA00042817,2025-05-01,BR037,TLR-6146,C502168,cash deposit,1057.3,CAD
CA00036024,2025-05-16,BR003,TLR-7836,C503512,cash deposit,1144.02,CAD
CA00041032,2025-05-21,BR028,TLR-7205,C501301,cash deposit,2757.93,CAD
CA00036391,2025-05-19,BR004,TLR-8663,C503279,cash deposit,757.54,CAD
CA00042265,2025-05-20,BR035,TLR-6166,C502774,cash deposit,2344.48,CAD
CA00040375,2025-05-18,BR025,TLR-1640,C501851,cash withdrawal,-895.46,CAD
CA00041511,2025-05-16,BR031,TLR-7908,C501723,cash withdrawal,974.73,CAD
CA00043416,2025-05-28,BR040,TLR-2560,C501123,cash withdrawal,982.95,CAD
CA00041350,2025-05-07,BR030,TLR-5526,C502386,cash withdrawal,1711.64,CAD
CA00035832,2025-05-20,BR002,TLR-8373,C500954,cash withdrawal,-641.35,CAD
CA00043968,2025-05-20,BR040,TLR-1716,C503702,cash deposit,9536.73,CAD
CA00043422,2025-05-17,BR040,TLR-1209,C502819,cash withdrawal,346.47,CAD
CA00038373,2025-05-05,BR015,TLR-6451,C501171,cash deposit,347.5,CAD
CA00036653,2025-05-23,BR006,TLR-3966,C503304,cash deposit,683.58,CAD
CA00035653,2025-05-26,BR001,TLR-6443,C502829,cash withdrawal,2446.33,CAD
CA00037436,2025-05-26,BR010,TLR-1278,C502474,cash withdrawal,489.3,CAD
CA00042070,2025-05-09,BR034,TLR-8608,C500281,cash withdrawal,855.23,CAD
CA00040442,2025-05-30,BR025,TLR-5525,C500072,cash deposit,1735.72,CAD
CA00043641,2025-05-09,BR040,TLR-8861,C501045,cash withdrawal,995.15,CAD
CA00042223,2025-05-12,BR035,TLR-1716,C501800,cash deposit,246.11,CAD
CA00041879,2025-05-14,BR032,TLR-5715,C501177,cash withdrawal,3107.2,CAD
CA00041591,2025-05-13,BR031,TLR-8438,C502974,cash withdrawal,808.54,CAD
CA00038391,2025-05-20,BR015,TLR-5370,C502706,cash withdrawal,1992.73,CAD
CA00042074,2025-05-28,BR034,TLR-6925,C503572,cash deposit,681.11,CAD
CA00039662,2025-05-26,BR021,TLR-7141,C501168,cash withdrawal,790.42,CAD
CA00044009,2025-05-18,BR040,TLR-5154,C502965,cash withdrawal,1198.33,CAD
CA00039433,2025-05-04,BR020,TLR-7469,C502401,cash withdrawal,523.91,USD
CA00042096,2025-05-29,BR034,TLR-3302,C500028,cash deposit,2679.65,CAD
CA00044034,2025-05-15,BR040,TLR-6988,C503798,cash withdrawal,574.99,CAD
CA00036272,2025-05-21,BR004,TLR-5845,C503128,cash withdrawal,670.21,CAD
CA00043384,2025-05-10,BR039,TLR-2356,C501232,cash deposit,1264.18,CAD
CA00039411,2025-05-16,BR019,TLR-5411,C502681,cash withdrawal,640.73,CAD
CA00044213,2025-05-16,BR040,TLR-4988,C500789,cash withdrawal,1950.72,CAD
CA00035474,2025-05-23,BR001,TLR-9927,C500265,cash deposit,475.39,CAD
CA00037911,2025-05-31,BR013,TLR-3962,C502434,cash withdrawal,1329.35,CAD
CA00042824,2025-05-31,BR037,TLR-8210,C500431,cash withdrawal,520.84,CAD
CA00043385,2025-05-31,BR039,TLR-8446,C501905,cash deposit,428.04,CAD
CA00038004,2025-05-21,BR013,TLR-4093,C502018,cash withdrawal,1842.07,CAD
CA00038229,2025-05-14,BR015,TLR-9263,C503677,cash deposit,1455.14,CAD
CA00044130,2025-05-27,BR040,TLR-2661,C501980,cash deposit,789.33,CAD
CA00041543,2025-05-08,BR031,TLR-2776,C500277,cash deposit,1551.83,CAD
CA00036672,2025-05-19,BR006,TLR-1134,C501529,cash deposit,1296.5,CAD
CA00038176,2025-05-30,BR014,TLR-1545,C503488,cash deposit,772.12,CAD
CA00039266,2025-05-23,BR019,TLR-6232,C500666,cash deposit,2323.36,CAD
CA00040836,2025-05-17,BR027,TLR-8642,C501574,cash deposit,193.94,CAD
CA00041346,2025-05-07,BR030,TLR-9254,C500801,cash deposit,1401.05,CAD
CA00037775,2025-05-30,BR012,TLR-8103,C503202,cash deposit,818.02,CAD
CA00040301,2025-05-05,BR025,TLR-4616,C503986,cash withdrawal,-1149.03,CAD
CA00043030,2025-05-30,BR038,TLR-2847,C500055,cash deposit,922.82,CAD
CA00041478,2025-05-24,BR030,TLR-9606,C503372,cash withdrawal,851.49,CAD
CA00037457,2025-05-06,BR010,TLR-9574,C503213,cash deposit,636.44,CAD
CA00036359,2025-05-13,BR004,TLR-2231,C501703,cash withdrawal,1961.9,CAD
CA00043532,2025-05-02,BR040,TLR-2289,C502771,cash withdrawal,660.31,CAD
CA00040552,2025-05-03,BR026,TLR-4966,C500835,cash withdrawal,-494.48,CAD
CA00037633,2025-05-22,BR011,TLR-8137,C501096,cash withdrawal,1038.8,CAD
CA00036199,2025-05-29,BR004,TLR-8952,C501464,cash withdrawal,649.22,CAD
CA00042310,2025-05-19,BR035,TLR-7904,C501269,cash deposit,1499.74,CAD
CA00040768,2025-05-06,BR027,TLR-7998,C500825,cash deposit,1879.74,CAD
CA00043794,2025-05-19,BR040,TLR-9967,C501316,cash withdrawal,2062.22,CAD
CA00040944,2025-05-28,BR028,TLR-7531,C500672,cash withdrawal,403.13,CAD
CA00039406,2025-05-07,BR019,TLR-6484,C501556,cash withdrawal,1149.62,CAD
CA00043325,2025-05-18,BR039,TLR-4326,C503266,cash withdrawal,387.66,CAD
CA00037164,2025-05-16,BR008,TLR-6164,C502684,cash deposit,359.97,CAD
CA00037516,2025-05-25,BR010,TLR-9784,C502755,cash deposit,2072.32,CAD
CA00042915,2025-05-13,BR037,TLR-1529,C503876,cash deposit,466.1,CAD
CA00042816,2025-05-17,BR037,TLR-9645,C500819,cash withdrawal,764.69,CAD
CA00035612,2025-05-29,BR001,TLR-4431,C502280,cash withdrawal,862.79,CAD
CA00041133,2025-05-01,BR029,TLR-6584,C503228,cash withdrawal,643.52,CAD
CA00037040,2025-05-15,BR008,TLR-6223,C501401,cash deposit,1129.62,CAD
CA00039145,2025-05-12,BR019,TLR-4000,C502312,cash withdrawal,891.84,CAD
CA00040918,2025-05-08,BR027,TLR-5767,C503710,cash withdrawal,9504.91,CAD
CA00040307,2025-05-09,BR025,TLR-2057,C503962,cash deposit,927.38,CAD
CA00043424,2025-05-07,BR040,TLR-5604,C502954,cash deposit,1485.1,CAD
CA00042746,2025-05-13,BR037,TLR-2898,C502500,cash withdrawal,1074.97,CAD
CA00043317,2025-05-20,BR039,TLR-7143,C503334,cash deposit,5935.66,CAD
CA00039812,2025-05-09,BR022,TLR-5024,C503039,cash deposit,1708.62,CAD
CA00041583,2025-05-10,BR031,TLR-8044,C501520,cash deposit,1033.09,CAD
CA00043779,2025-05-31,BR040,TLR-3286,C500926,cash deposit,1732.88,CAD
CA00039168,2025-05-12,BR019,TLR-7037,C500324,cash withdrawal,1500.62,CAD
CA00039638,2025-05-09,BR021,TLR-3360,C503501,cash deposit,861.59,CAD
CA00041729,2025-05-31,BR031,TLR-6887,C502557,cash deposit,1108.01,CAD
CA00037508,2025-05-05,BR010,TLR-5072,C500973,cash withdrawal,613.54,CAD
CA00042584,2025-05-02,BR036,TLR-6121,C502148,cash withdrawal,988.05,CAD
CA00042731,2025-05-13,BR037,TLR-9679,C502010,cash deposit,526.62,CAD
CA00041856,2025-05-10,BR032,TLR-1404,C503303,cash deposit,778.64,CAD
CA00039080,2025-05-27,BR018,TLR-1045,C500973,cash withdrawal,1248.79,CAD
CA00039802,2025-05-05,BR021,TLR-6904,C500016,cash withdrawal,3422.18,CAD
CA00040695,2025-05-20,BR026,TLR-4463,C500610,cash deposit,1353.12,CAD
CA00043461,2025-05-20,BR040,TLR-9984,C500106,cash deposit,9314.68,CAD
CA00036562,2025-05-17,BR006,TLR-2387,C502216,cash deposit,994.12,CAD
CA00036370,2025-05-28,BR004,TLR-5918,C501558,cash withdrawal,706.17,CAD
CA00036865,2025-05-17,BR007,TLR-3958,C503605,cash withdrawal,2509.89,CAD
CA00042772,2025-05-10,BR037,TLR-8654,C503340,cash deposit,1478.64,CAD
CA00037341,2025-05-29,BR009,TLR-5015,C502956,cash deposit,1337.5,CAD
CA00041307,2025-05-26,BR030,TLR-5141,C501750,cash deposit,2510.4,CAD
CA00039102,2025-05-04,BR019,TLR-2320,C501138,cash deposit,1959.56,CAD
CA00043805,2025-05-25,BR040,TLR-5244,C500381,cash withdrawal,374.85,CAD
CA00040128,2025-05-19,BR024,TLR-9091,C501483,cash withdrawal,494.52,CAD
CA00039311,2025-05-17,BR019,TLR-6583,C501880,cash deposit,2811.38,CAD
CA00040457,2025-05-17,BR025,TLR-1494,C502885,cash withdrawal,-1023.83,CAD
CA00043447,2025-05-05,BR040,TLR-3464,C503504,cash deposit,1899.15,CAD
CA00036387,2025-05-19,BR004,TLR-7579,C501616,cash withdrawal,915.49,CAD
CA00043558,2025-05-11,BR040,TLR-5570,C500418,cash deposit,1726.02,CAD
CA00039423,2025-05-02,BR019,TLR-4921,C500579,cash deposit,1094.87,CAD
CA00040416,2025-05-09,BR025,TLR-1933,C502705,cash deposit,1179.62,CAD
CA00036895,2025-05-27,BR007,TLR-5295,C501680,cash deposit,1868.37,CAD
CA00035545,2025-05-27,BR001,TLR-5107,C502391,cash withdrawal,1186.88,CAD
CA00036606,2025-05-18,BR006,TLR-5289,C502674,cash deposit,1434.28,CAD
CA00041288,2025-05-24,BR030,TLR-7439,C502090,cash withdrawal,1252.92,CAD
CA00039667,2025-05-30,BR021,TLR-2012,C502836,cash withdrawal,419.34,CAD
CA00036145,2025-05-25,BR003,TLR-2167,C503580,cash withdrawal,611.01,CAD
CA00040588,2025-05-19,BR026,TLR-5277,C502579,cash withdrawal,-1645.29,CAD
CA00039174,2025-05-21,BR019,TLR-3545,C503954,cash withdrawal,361.15,CAD
CA00044283,2025-05-07,BR040,TLR-4399,C501667,cash deposit,430.73,CAD
CA00040150,2025-05-09,BR024,TLR-2214,C502867,cash deposit,1221.06,CAD
CA00039776,2025-05-05,BR021,TLR-1629,C500849,cash withdrawal,246.2,CAD
CA00037603,2025-05-02,BR010,TLR-9629,C501270,cash deposit,832.0,CAD
CA00037748,2025-05-09,BR012,TLR-6307,C502250,cash deposit,415.08,CAD
CA00038178,2025-05-07,BR014,TLR-4702,C503596,cash deposit,5540.64,CAD
CA00039600,2025-05-11,BR020,TLR-5508,C501987,cash withdrawal,871.37,USD
CA00041292,2025-05-16,BR030,TLR-5598,C501751,cash withdrawal,1375.88,CAD
CA00041532,2025-05-01,BR031,TLR-4869,C500347,cash deposit,1211.14,CAD
CA00040126,2025-05-31,BR024,TLR-8315,C503086,cash deposit,1181.71,CAD
CA00043971,2025-05-10,BR040,TLR-4423,C500420,cash deposit,1034.44,CAD
CA00042405,2025-05-26,BR035,TLR-8255,C501973,cash deposit,804.48,CAD
CA00041652,2025-05-26,BR031,TLR-8201,C503034,cash deposit,865.5,CAD
CA00036137,2025-05-05,BR003,TLR-8261,C501768,cash deposit,1171.13,CAD
CA00042323,2025-05-14,BR035,TLR-6301,C503319,cash deposit,1038.87,CAD
CA00043857,2025-05-09,BR040,TLR-1109,C501662,cash deposit,330.47,CAD
CA00041703,2025-05-05,BR031,TLR-6430,C502943,cash withdrawal,1376.36,CAD
CA00039322,2025-05-22,BR019,TLR-3844,C501795,cash withdrawal,380.59,CAD
CA00036396,2025-05-02,BR004,TLR-2030,C501085,cash deposit,989.39,CAD
CA00043192,2025-05-09,BR038,TLR-6568,C500977,cash withdrawal,277.35,CAD
CA00042498,2025-05-30,BR036,TLR-8003,C500679,cash withdrawal,1223.47,CAD
CA00037718,2025-05-27,BR012,TLR-5313,C501316,cash withdrawal,2129.18,CAD
CA00037696,2025-05-23,BR012,TLR-2170,C501697,cash withdrawal,634.67,CAD
CA00042404,2025-05-11,BR035,TLR-6187,C500595,cash deposit,1433.69,CAD
CA00041487,2025-05-15,BR030,TLR-5570,C503186,cash withdrawal,1312.03,CAD
CA00038120,2025-05-26,BR014,TLR-2890,C501142,cash deposit,1806.89,CAD
CA00040216,2025-05-23,BR024,TLR-2930,C500159,cash withdrawal,3301.29,CAD
CA00040332,2025-05-07,BR025,TLR-5655,C503590,cash deposit,317.95,CAD
CA00038454,2025-05-13,BR015,TLR-4310,C502409,cash deposit,2323.81,CAD
CA00039044,2025-05-18,BR018,TLR-1689,C500208,cash withdrawal,1518.14,CAD
CA00036224,2025-05-24,BR004,TLR-1172,C501046,cash deposit,789.99,CAD
CA00043717,2025-05-03,BR040,TLR-6305,C502939,cash withdrawal,912.25,CAD
CA00036960,2025-05-02,BR007,TLR-8099,C500400,cash withdrawal,4609.76,CAD
CA00036063,2025-05-19,BR003,TLR-4854,C500158,cash withdrawal,1428.22,CAD
CA00043524,2025-05-08,BR040,TLR-9576,C501725,cash withdrawal,699.15,CAD
CA00035449,2025-05-01,BR001,TLR-8796,C500200,cash deposit,2524.33,CAD
CA00042857,2025-05-08,BR037,TLR-3893,C502528,cash deposit,427.93,CAD
CA00039688,2025-05-18,BR021,TLR-3705,C500139,cash withdrawal,2113.11,CAD
CA00043602,2025-05-12,BR040,TLR-4378,C500801,cash deposit,2995.21,CAD
CA00037114,2025-05-30,BR008,TLR-5987,C501824,cash withdrawal,1690.68,CAD
CA00037088,2025-05-20,BR008,TLR-1003,C501783,cash deposit,1093.63,CAD
CA00036831,2025-05-24,BR007,TLR-2057,C500679,cash withdrawal,1134.33,CAD
CA00040011,2025-05-07,BR024,TLR-4540,C502220,cash deposit,2517.32,CAD
CA00040180,2025-05-16,BR024,TLR-2892,C501404,cash withdrawal,569.94,CAD
CA00038143,2025-05-10,BR014,TLR-8323,C501599,cash deposit,258.56,CAD
CA00040932,2025-05-14,BR028,TLR-8428,C500490,cash deposit,859.64,CAD
CA00036948,2025-05-16,BR007,TLR-2896,C503290,cash withdrawal,481.87,CAD
CA00038050,2025-05-08,BR014,TLR-9420,C501662,cash deposit,690.32,CAD
CA00041880,2025-05-16,BR032,TLR-7574,C503986,cash deposit,1667.31,CAD
CA00043646,2025-05-23,BR040,TLR-4778,C501327,cash deposit,1735.1,CAD
CA00040534,2025-05-12,BR026,TLR-3870,C501603,cash withdrawal,-1194.86,CAD
CA00042620,2025-05-05,BR036,TLR-8461,C503964,cash withdrawal,1037.13,CAD
CA00035408,2025-05-17,BR001,TLR-8506,C503343,cash deposit,1629.5,CAD
CA00039527,2025-05-28,BR020,TLR-9642,C501171,cash deposit,433.72,USD
CA00042172,2025-05-19,BR034,TLR-1556,C501180,cash deposit,1960.83,CAD
CA00042325,2025-05-12,BR035,TLR-5809,C500171,cash deposit,1189.12,CAD
CA00037217,2025-05-19,BR008,TLR-1880,C500801,cash deposit,1172.43,CAD
CA00036418,2025-05-04,BR004,TLR-2149,C502966,cash withdrawal,1503.26,CAD
CA00039271,2025-05-29,BR019,TLR-7658,C503166,cash deposit,639.54,CAD
CA00039894,2025-05-04,BR023,TLR-2209,C501309,cash deposit,844.54,CAD
CA00037423,2025-05-01,BR009,TLR-5814,C500410,cash deposit,1135.29,CAD
CA00037376,2025-05-08,BR009,TLR-4197,C501453,cash withdrawal,5640.9,CAD
CA00043143,2025-05-04,BR038,TLR-7574,C501660,cash deposit,995.75,CAD
CA00039907,2025-05-10,BR023,TLR-1229,C502989,cash withdrawal,3999.75,CAD
CA00040426,2025-05-12,BR025,TLR-9470,C502359,cash withdrawal,-310.08,CAD
CA00037006,2025-05-19,BR007,TLR-5462,C502167,cash deposit,202.83,CAD
CA00037131,2025-05-15,BR008,TLR-3338,C500154,cash deposit,883.85,CAD
CA00036903,2025-05-28,BR007,TLR-1153,C503004,cash withdrawal,857.35,CAD
CA00039623,2025-05-02,BR020,TLR-3459,C501763,cash withdrawal,962.2,USD
CA00038041,2025-05-24,BR014,TLR-1428,C503517,cash withdrawal,1043.0,CAD
CA00042071,2025-05-14,BR034,TLR-7633,C500006,cash withdrawal,1181.77,CAD
CA00036425,2025-05-28,BR004,TLR-6199,C501399,cash deposit,506.97,CAD
CA00036281,2025-05-07,BR004,TLR-1604,C501803,cash deposit,1073.65,CAD
CA00043844,2025-05-14,BR040,TLR-5247,C502323,cash deposit,425.75,CAD
CA00043490,2025-05-28,BR040,TLR-1094,C502554,cash withdrawal,700.69,CAD
CA00039042,2025-05-07,BR018,TLR-5277,C500726,cash deposit,1691.99,CAD
CA00042623,2025-05-12,BR036,TLR-2905,C502677,cash deposit,1536.59,CAD
CA00039474,2025-05-18,BR020,TLR-6949,C501842,cash deposit,432.92,USD
CA00037587,2025-05-04,BR010,TLR-3335,C503784,cash withdrawal,2812.23,CAD
CA00036889,2025-05-09,BR007,TLR-9242,C502453,cash withdrawal,1503.83,CAD
CA00036736,2025-05-11,BR006,TLR-3429,C501075,cash deposit,2220.83,CAD
CA00038945,2025-05-25,BR018,TLR-8516,C501611,cash deposit,784.54,CAD
CA00036108,2025-05-24,BR003,TLR-3208,C500794,cash deposit,3906.47,CAD
CA00039510,2025-05-10,BR020,TLR-9826,C501445,cash withdrawal,1257.96,USD
CA00036380,2025-05-24,BR004,TLR-8031,C501169,cash withdrawal,561.56,CAD
CA00041935,2025-05-15,BR033,TLR-9526,C500049,cash withdrawal,517.3,CAD
CA00039546,2025-05-24,BR020,TLR-2550,C500684,cash deposit,1265.23,USD
CA00038727,2025-05-03,BR017,TLR-6589,C503358,cash deposit,274.76,CAD
CA00039170,2025-05-13,BR019,TLR-2458,C501794,cash withdrawal,758.26,CAD
CA00037758,2025-05-21,BR012,TLR-9687,C500942,cash withdrawal,377.62,CAD
CA00043528,2025-05-22,BR040,TLR-8164,C500769,cash withdrawal,1240.6,CAD
CA00038773,2025-05-18,BR017,TLR-2122,C502095,cash deposit,533.66,CAD
CA00039058,2025-05-17,BR018,TLR-6957,C502071,cash withdrawal,428.98,CAD
CA00037629,2025-05-18,BR011,TLR-8184,C503165,cash deposit,2311.22,CAD
CA00042762,2025-05-28,BR037,TLR-8676,C501358,cash withdrawal,572.63,CAD
CA00041334,2025-05-01,BR030,TLR-9207,C503325,cash withdrawal,1466.6,CAD
CA00040717,2025-05-06,BR026,TLR-8875,C502731,cash deposit,738.41,CAD
CA00036461,2025-05-04,BR004,TLR-4414,C503665,cash deposit,186.28,CAD
CA00042352,2025-05-15,BR035,TLR-8600,C503556,cash deposit,300.79,CAD
CA00041150,2025-05-11,BR029,TLR-3125,C500808,cash deposit,1224.46,CAD
CA00036373,2025-05-16,BR004,TLR-2848,C500219,cash deposit,1677.14,CAD
CA00040578,2025-05-05,BR026,TLR-9193,C500407,cash deposit,470.2,CAD
CA00042104,2025-05-20,BR034,TLR-2453,C502807,cash withdrawal,878.52,CAD
CA00039575,2025-05-20,BR020,TLR-4333,C501923,cash withdrawal,887.69,USD
CA00043921,2025-05-30,BR040,TLR-5808,C503563,cash deposit,1557.82,CAD
CA00038131,2025-05-05,BR014,TLR-1776,C500722,cash deposit,676.75,CAD
CA00038522,2025-05-06,BR016,TLR-7925,C500401,cash withdrawal,510.69,CAD
CA00038199,2025-05-30,BR014,TLR-4665,C500434,cash deposit,2170.4,CAD
CA00041522,2025-05-23,BR031,TLR-5617,C500301,cash withdrawal,1596.59,CAD
CA00039325,2025-05-05,BR019,TLR-5816,C501716,cash deposit,647.55,CAD
CA00044200,2025-05-09,BR040,TLR-4414,C500652,cash withdrawal,578.08,CAD
CA00043236,2025-05-28,BR039,TLR-7493,C501636,cash deposit,1599.8,CAD
CA00039108,2025-05-31,BR019,TLR-2512,C501647,cash withdrawal,857.82,CAD
CA00043599,2025-05-26,BR040,TLR-8633,C503745,cash withdrawal,2352.72,CAD
CA00036495,2025-05-19,BR005,TLR-9706,C501458,cash deposit,905.46,CAD
CA00039417,2025-05-18,BR019,TLR-1984,C503964,cash deposit,2105.1,CAD
CA00040133,2025-05-18,BR024,TLR-9250,C500445,cash deposit,1249.57,CAD
CA00038267,2025-05-22,BR015,TLR-2967,C503432,cash deposit,1095.19,CAD
CA00041173,2025-05-22,BR029,TLR-7060,C500292,cash withdrawal,461.36,CAD
CA00040870,2025-05-26,BR027,TLR-7914,C502825,cash deposit,529.16,CAD
CA00038911,2025-05-25,BR017,TLR-4119,C501346,cash withdrawal,774.02,CAD
CA00037408,2025-05-29,BR009,TLR-7633,C503248,cash withdrawal,935.69,CAD
CA00041208,2025-05-10,BR029,TLR-3475,C502535,cash deposit,829.03,CAD
CA00041018,2025-05-06,BR028,TLR-9418,C501854,cash withdrawal,1897.91,CAD
CA00044208,2025-05-12,BR040,TLR-4980,C503479,cash withdrawal,1675.98,CAD
CA00038028,2025-05-10,BR014,TLR-4176,C500404,cash deposit,742.62,CAD
CA00040996,2025-05-06,BR028,TLR-4740,C503122,cash withdrawal,2784.21,CAD
CA00042697,2025-05-12,BR036,TLR-6704,C500282,cash withdrawal,1159.11,CAD
CA00036499,2025-05-17,BR005,TLR-6504,C500131,cash deposit,700.15,CAD
CA00039914,2025-05-27,BR023,TLR-8422,C500222,cash withdrawal,644.32,CAD
CA00040444,2025-05-13,BR025,TLR-3550,C500072,cash withdrawal,-1621.1,CAD
CA00036258,2025-05-02,BR004,TLR-8969,C503498,cash deposit,181.28,CAD
CA00043064,2025-05-29,BR038,TLR-7736,C501769,cash deposit,869.98,CAD
CA00036897,2025-05-19,BR007,TLR-6111,C503720,cash deposit,347.14,CAD
CA00038045,2025-05-22,BR014,TLR-6662,C500926,cash deposit,1925.15,CAD
CA00043093,2025-05-28,BR038,TLR-6454,C503882,cash deposit,1217.83,CAD
CA00038982,2025-05-07,BR018,TLR-4976,C503898,cash deposit,857.0,CAD
CA00036523,2025-05-14,BR005,TLR-4209,C500413,cash deposit,204.6,CAD
CA00040915,2025-05-25,BR027,TLR-8321,C503948,cash deposit,9135.81,CAD
CA00039495,2025-05-11,BR020,TLR-3782,C502348,cash withdrawal,1057.22,USD
CA00042135,2025-05-14,BR034,TLR-3906,C502208,cash deposit,854.14,CAD
CA00038875,2025-05-26,BR017,TLR-7684,C501000,cash deposit,1328.25,CAD
CA00042765,2025-05-12,BR037,TLR-8388,C503780,cash withdrawal,1310.83,CAD
CA00038407,2025-05-14,BR015,TLR-8131,C500756,cash withdrawal,1027.94,CAD
CA00043072,2025-05-16,BR038,TLR-4270,C502043,cash deposit,1064.33,CAD
CA00037530,2025-05-05,BR010,TLR-6882,C501475,cash deposit,1071.67,CAD
CA00037976,2025-05-10,BR013,TLR-1420,C500191,cash deposit,344.58,CAD
CA00041814,2025-05-17,BR032,TLR-9902,C501982,cash deposit,856.14,CAD
CA00043571,2025-05-06,BR040,TLR-6274,C500942,cash withdrawal,831.9,CAD
CA00039426,2025-05-29,BR020,TLR-2935,C500659,cash withdrawal,1391.49,USD
CA00036783,2025-05-24,BR006,TLR-7954,C502774,cash withdrawal,827.53,CAD
CA00036879,2025-05-30,BR007,TLR-5300,C501003,cash withdrawal,422.28,CAD
CA00041766,2025-05-01,BR032,TLR-8029,C500949,cash deposit,2814.23,CAD
CA00040222,2025-05-18,BR024,TLR-9171,C500772,cash deposit,891.65,CAD
CA00035527,2025-05-24,BR001,TLR-9267,C502834,cash withdrawal,1284.09,CAD
CA00043113,2025-05-25,BR038,TLR-6376,C502708,cash withdrawal,918.16,CAD
CA00038173,2025-05-08,BR014,TLR-9374,C503253,cash deposit,2066.69,CAD
CA00041441,2025-05-03,BR030,TLR-6129,C502838,cash withdrawal,1292.15,CAD
CA00037429,2025-05-10,BR010,TLR-4484,C502499,cash withdrawal,721.64,CAD
CA00041145,2025-05-26,BR029,TLR-8024,C502859,cash deposit,734.7,CAD
CA00042665,2025-05-01,BR036,TLR-8496,C503719,cash withdrawal,636.14,CAD
CA00041850,2025-05-22,BR032,TLR-3071,C503560,cash withdrawal,584.86,CAD
CA00038804,2025-05-09,BR017,TLR-4802,C500703,cash withdrawal,855.97,CAD
CA00043041,2025-05-12,BR038,TLR-7180,C501416,cash deposit,1247.73,CAD
CA00038983,2025-05-30,BR018,TLR-9958,C503955,cash deposit,1106.86,CAD
CA00039075,2025-05-23,BR018,TLR-9715,C503172,cash deposit,403.35,CAD
CA00037524,2025-05-30,BR010,TLR-9663,C502113,cash deposit,4661.52,CAD
CA00038227,2025-05-21,BR015,TLR-9859,C502988,cash withdrawal,1222.64,CAD
CA00037940,2025-05-22,BR013,TLR-7879,C503855,cash withdrawal,1045.48,CAD
CA00039703,2025-05-22,BR021,TLR-6435,C500186,cash deposit,1966.12,CAD
CA00036541,2025-05-30,BR005,TLR-9812,C501036,cash deposit,1278.96,CAD
CA00042555,2025-05-18,BR036,TLR-6866,C503987,cash withdrawal,1311.69,CAD
CA00037241,2025-05-08,BR008,TLR-1382,C500762,cash deposit,1870.42,CAD
CA00036280,2025-05-07,BR004,TLR-2465,C500918,cash withdrawal,1873.33,CAD
CA00036417,2025-05-12,BR004,TLR-1480,C502230,cash withdrawal,2457.53,CAD
CA00039193,2025-05-18,BR019,TLR-4944,C502818,cash withdrawal,2642.12,CAD
CA00039958,2025-05-11,BR023,TLR-6634,C501412,cash withdrawal,775.2,CAD
CA00043165,2025-05-06,BR038,TLR-5620,C502879,cash deposit,299.51,CAD
CA00035442,2025-05-23,BR001,TLR-1851,C502409,cash deposit,249.94,CAD
CA00038123,2025-05-24,BR014,TLR-3158,C502607,cash withdrawal,377.25,CAD
CA00041422,2025-05-05,BR030,TLR-6546,C503702,cash withdrawal,1530.97,CAD
CA00037074,2025-05-19,BR008,TLR-2460,C500564,cash deposit,461.43,CAD
CA00042361,2025-05-06,BR035,TLR-9022,C500097,cash withdrawal,412.51,CAD
CA00042211,2025-05-13,BR035,TLR-4317,C502621,cash deposit,916.23,CAD
CA00041939,2025-05-23,BR033,TLR-3711,C503000,cash withdrawal,213.86,CAD
CA00035846,2025-05-15,BR002,TLR-4092,C501809,cash deposit,2571.09,CAD
CA00040937,2025-05-09,BR028,TLR-1263,C500770,cash withdrawal,1386.65,CAD
CA00039153,2025-05-15,BR019,TLR-1019,C501854,cash withdrawal,921.64,CAD
CA00038128,2025-05-29,BR014,TLR-6151,C503304,cash withdrawal,1630.0,CAD
CA00038160,2025-05-18,BR014,TLR-9799,C503978,cash deposit,1001.92,CAD
CA00038464,2025-05-31,BR015,TLR-7498,C503697,cash withdrawal,2154.67,CAD
CA00040952,2025-05-28,BR028,TLR-3815,C500515,cash deposit,246.98,CAD
CA00042873,2025-05-09,BR037,TLR-4486,C500484,cash withdrawal,146.1,CAD
CA00037867,2025-05-19,BR012,TLR-9859,C501596,cash withdrawal,784.76,CAD
CA00043443,2025-05-28,BR040,TLR-8492,C502682,cash deposit,456.02,CAD
CA00041940,2025-05-03,BR033,TLR-5205,C501082,cash withdrawal,354.52,CAD
CA00035801,2025-05-22,BR002,TLR-4405,C500949,cash withdrawal,-666.67,CAD
CA00038769,2025-05-05,BR017,TLR-6700,C500886,cash withdrawal,1649.42,CAD
CA00037903,2025-05-12,BR012,TLR-2766,C503316,cash withdrawal,400.03,CAD
CA00038108,2025-05-15,BR014,TLR-4697,C503959,cash withdrawal,783.56,CAD
CA00042059,2025-05-01,BR034,TLR-1542,C503643,cash withdrawal,882.53,CAD
CA00039538,2025-05-21,BR020,TLR-8530,C503434,cash deposit,657.87,USD
CA00037168,2025-05-13,BR008,TLR-7214,C500913,cash withdrawal,453.79,CAD
CA00038507,2025-05-30,BR015,TLR-4817,C502422,cash withdrawal,780.7,CAD
CA00039660,2025-05-14,BR021,TLR-7793,C502298,cash withdrawal,987.65,CAD
CA00042183,2025-05-21,BR034,TLR-9674,C500160,cash withdrawal,2730.32,CAD
CA00039115,2025-05-02,BR019,TLR-6279,C503171,cash withdrawal,1402.84,CAD
CA00036598,2025-05-31,BR006,TLR-4300,C500010,cash withdrawal,1362.0,CAD
CA00037125,2025-05-23,BR008,TLR-6371,C503910,cash withdrawal,1157.63,CAD
CA00036932,2025-05-17,BR007,TLR-4098,C501532,cash withdrawal,772.68,CAD
CA00037016,2025-05-14,BR007,TLR-5559,C500015,cash deposit,991.76,CAD
CA00039158,2025-05-24,BR019,TLR-2804,C500410,cash withdrawal,1123.59,CAD
CA00038282,2025-05-20,BR015,TLR-6188,C500302,cash withdrawal,635.8,CAD
CA00042542,2025-05-24,BR036,TLR-7506,C500730,cash deposit,1663.24,CAD
CA00037815,2025-05-27,BR012,TLR-8377,C501159,cash withdrawal,783.65,CAD
CA00036383,2025-05-05,BR004,TLR-6343,C500031,cash deposit,1289.33,CAD
CA00041449,2025-05-09,BR030,TLR-1235,C500070,cash withdrawal,427.32,CAD
CA00041938,2025-05-18,BR033,TLR-9196,C500596,cash deposit,941.37,CAD
CA00039562,2025-05-26,BR020,TLR-5544,C500121,cash deposit,456.23,USD
CA00040279,2025-05-20,BR025,TLR-4762,C501249,cash deposit,874.82,CAD
CA00041050,2025-05-20,BR028,TLR-1745,C501840,cash deposit,362.25,CAD
CA00042837,2025-05-12,BR037,TLR-3847,C500696,cash withdrawal,728.65,CAD
CA00041871,2025-05-01,BR032,TLR-8609,C503467,cash deposit,944.71,CAD
CA00036880,2025-05-01,BR007,TLR-6169,C501115,cash deposit,486.52,CAD
CA00041371,2025-05-02,BR030,TLR-2615,C502123,cash deposit,606.05,CAD
CA00040835,2025-05-30,BR027,TLR-4164,C503040,cash deposit,392.19,CAD
CA00039016,2025-05-03,BR018,TLR-3334,C501845,cash deposit,430.74,CAD
CA00037669,2025-05-16,BR011,TLR-4862,C503091,cash deposit,495.88,CAD
CA00039768,2025-05-19,BR021,TLR-8143,C503977,cash deposit,358.91,CAD
CA00042170,2025-05-24,BR034,TLR-8694,C501284,cash withdrawal,1545.01,CAD
CA00039577,2025-05-29,BR020,TLR-4092,C502192,cash withdrawal,389.67,USD
CA00039351,2025-05-06,BR019,TLR-4875,C502040,cash withdrawal,2711.4,CAD
CA00040511,2025-05-10,BR026,TLR-2647,C503462,cash deposit,809.6,CAD
CA00035669,2025-05-05,BR001,TLR-5435,C503868,cash deposit,2705.79,CAD
CA00042432,2025-05-15,BR035,TLR-2907,C503025,cash withdrawal,1023.53,CAD
CA00041885,2025-05-30,BR033,TLR-8140,C501862,cash deposit,610.3,CAD
CA00040365,2025-05-30,BR025,TLR-1112,C501774,cash withdrawal,-535.43,CAD
CA00044063,2025-05-13,BR040,TLR-4635,C500438,cash withdrawal,811.16,CAD
CA00036855,2025-05-04,BR007,TLR-3291,C503692,cash deposit,817.74,CAD
CA00036291,2025-05-15,BR004,TLR-7525,C500095,cash withdrawal,628.55,CAD
CA00043294,2025-05-09,BR039,TLR-5892,C503388,cash deposit,345.49,CAD
CA00035884,2025-05-26,BR002,TLR-1700,C500378,cash withdrawal,-3532.64,CAD
CA00035960,2025-05-26,BR002,TLR-4416,C502220,cash deposit,2122.92,CAD
CA00038271,2025-05-07,BR015,TLR-4912,C503596,cash deposit,975.56,CAD
CA00043632,2025-05-12,BR040,TLR-4343,C500071,cash deposit,2092.87,CAD
CA00036617,2025-05-06,BR006,TLR-8032,C503174,cash deposit,283.37,CAD
CA00040265,2025-05-12,BR024,TLR-4364,C500845,cash withdrawal,883.31,CAD
CA00036722,2025-05-15,BR006,TLR-2761,C503905,cash withdrawal,390.9,CAD
CA00036028,2025-05-08,BR003,TLR-6264,C501651,cash deposit,2680.56,CAD
CA00042109,2025-05-04,BR034,TLR-4973,C502667,cash deposit,313.13,CAD
CA00043265,2025-05-28,BR039,TLR-3667,C500831,cash withdrawal,243.42,CAD
CA00038784,2025-05-15,BR017,TLR-9613,C501927,cash withdrawal,655.62,CAD
CA00042916,2025-05-29,BR037,TLR-3171,C500121,cash withdrawal,359.92,CAD
CA00043563,2025-05-03,BR040,TLR-3099,C500919,cash withdrawal,564.37,CAD
CA00041255,2025-05-02,BR030,TLR-7006,C502795,cash deposit,1516.28,CAD
CA00044211,2025-05-21,BR040,TLR-3574,C503631,cash withdrawal,4697.64,CAD
CA00038270,2025-05-23,BR015,TLR-9471,C503987,cash deposit,992.45,CAD
CA00038788,2025-05-25,BR017,TLR-6990,C502125,cash withdrawal,1905.94,CAD
CA00038293,2025-05-19,BR015,TLR-4434,C502572,cash deposit,779.16,CAD
CA00037237,2025-05-08,BR008,TLR-4173,C503600,cash deposit,655.89,CAD
CA00040659,2025-05-28,BR026,TLR-6315,C501710,cash deposit,5043.13,CAD
CA00038569,2025-05-18,BR016,TLR-7804,C501986,cash withdrawal,2598.8,CAD
CA00044081,2025-05-27,BR040,TLR-5449,C503406,cash withdrawal,695.26,CAD
CA00039795,2025-05-11,BR021,TLR-9346,C500768,cash withdrawal,148.06,CAD
CA00041851,2025-05-22,BR032,TLR-9009,C503855,cash deposit,624.78,CAD
CA00039708,2025-05-10,BR021,TLR-5117,C501668,cash withdrawal,1377.26,CAD
CA00041417,2025-05-08,BR030,TLR-6818,C502724,cash withdrawal,1444.26,CAD
CA00042953,2025-05-02,BR037,TLR-1143,C502762,cash deposit,1879.95,CAD
CA00042761,2025-05-23,BR037,TLR-6510,C502427,cash deposit,716.03,CAD
CA00039967,2025-05-25,BR023,TLR-8618,C501062,cash withdrawal,1190.49,CAD
CA00041168,2025-05-17,BR029,TLR-8874,C502389,cash withdrawal,2424.37,CAD
CA00038933,2025-05-03,BR017,TLR-6976,C503678,cash deposit,861.76,CAD
CA00041630,2025-05-16,BR031,TLR-6201,C502423,cash withdrawal,400.53,CAD
CA00042227,2025-05-04,BR035,TLR-9886,C500271,cash withdrawal,1385.95,CAD
CA00042038,2025-05-14,BR033,TLR-8973,C501440,cash deposit,470.36,CAD
CA00040191,2025-05-15,BR024,TLR-5113,C500060,cash withdrawal,717.72,CAD
CA00037413,2025-05-04,BR009,TLR-8775,C501845,cash deposit,2092.39,CAD
CA00038581,2025-05-11,BR016,TLR-9420,C500479,cash deposit,278.21,CAD
CA00042525,2025-05-15,BR036,TLR-8426,C503291,cash withdrawal,829.74,CAD
CA00038632,2025-05-20,BR016,TLR-8646,C500614,cash deposit,908.81,CAD
CA00042557,2025-05-31,BR036,TLR-6089,C503593,cash deposit,1350.3,CAD
CA00041760,2025-05-12,BR032,TLR-9599,C500931,cash withdrawal,455.02,CAD
CA00035919,2025-05-15,BR002,TLR-3994,C503954,cash withdrawal,-293.27,CAD
CA00039867,2025-05-04,BR022,TLR-5530,C500274,cash withdrawal,4694.78,CAD
CA00038616,2025-05-06,BR016,TLR-9590,C500172,cash deposit,1065.47,CAD
CA00037019,2025-05-24,BR007,TLR-7379,C503067,cash withdrawal,2176.86,CAD
CA00036595,2025-05-30,BR006,TLR-3136,C500677,cash deposit,626.34,CAD
CA00035695,2025-05-22,BR001,TLR-7052,C501887,cash withdrawal,1404.39,CAD
CA00043318,2025-05-19,BR039,TLR-6662,C500740,cash deposit,1550.7,CAD
CA00037340,2025-05-18,BR009,TLR-8426,C500840,cash deposit,736.62,CAD
CA00039137,2025-05-22,BR019,TLR-9659,C503159,cash deposit,628.58,CAD
CA00039923,2025-05-16,BR023,TLR-5516,C502513,cash withdrawal,697.43,CAD
CA00039729,2025-05-23,BR021,TLR-5182,C501742,cash withdrawal,375.77,CAD
CA00036964,2025-05-08,BR007,TLR-7411,C503558,cash deposit,1045.51,CAD
CA00042226,2025-05-05,BR035,TLR-5866,C503240,cash withdrawal,659.26,CAD
CA00035708,2025-05-26,BR001,TLR-8978,C501691,cash deposit,1420.2,CAD
CA00042112,2025-05-28,BR034,TLR-1147,C503667,cash withdrawal,2787.66,CAD
CA00042452,2025-05-01,BR036,TLR-8232,C500590,cash deposit,1755.26,CAD
CA00043244,2025-05-12,BR039,TLR-8086,C500792,cash withdrawal,989.17,CAD
CA00039511,2025-05-20,BR020,TLR-6933,C503907,cash deposit,2526.09,USD
CA00036498,2025-05-16,BR005,TLR-8255,C501285,cash withdrawal,158.63,CAD
CA00041562,2025-05-27,BR031,TLR-8921,C503977,cash withdrawal,726.21,CAD
CA00037042,2025-05-05,BR008,TLR-8250,C503245,cash withdrawal,528.13,CAD
CA00037381,2025-05-10,BR009,TLR-9931,C502719,cash deposit,2266.25,CAD
CA00042348,2025-05-06,BR035,TLR-3511,C501000,cash withdrawal,695.44,CAD
CA00036959,2025-05-25,BR007,TLR-1946,C503185,cash withdrawal,413.9,CAD
CA00041331,2025-05-10,BR030,TLR-9813,C502213,cash deposit,7709.81,CAD
CA00037790,2025-05-31,BR012,TLR-4988,C500388,cash deposit,714.18,CAD
CA00041657,2025-05-30,BR031,TLR-4993,C503987,cash withdrawal,686.72,CAD
CA00040417,2025-05-31,BR025,TLR-2796,C501429,cash deposit,1543.38,CAD
CA00036059,2025-05-23,BR003,TLR-5300,C502135,cash withdrawal,1875.85,CAD
CA00041272,2025-05-27,BR030,TLR-2227,C503711,cash deposit,927.78,CAD
CA00039076,2025-05-21,BR018,TLR-4080,C503290,cash deposit,681.31,CAD
CA00041555,2025-05-19,BR031,TLR-1065,C502496,cash deposit,926.05,CAD
CA00037105,2025-05-29,BR008,TLR-6587,C503549,cash deposit,922.89,CAD
CA00039868,2025-05-20,BR022,TLR-7667,C500642,cash deposit,1009.7,CAD
CA00037053,2025-05-23,BR008,TLR-4727,C502129,cash deposit,615.97,CAD
CA00036553,2025-05-27,BR006,TLR-7873,C503057,cash withdrawal,3289.71,CAD
CA00042961,2025-05-17,BR037,TLR-3857,C501605,cash withdrawal,1405.88,CAD
CA00039866,2025-05-20,BR022,TLR-4179,C503999,cash deposit,553.97,CAD
CA00040749,2025-05-14,BR027,TLR-9696,C503593,cash deposit,2512.06,CAD
CA00040080,2025-05-14,BR024,TLR-9251,C501917,cash deposit,732.97,CAD
CA00041412,2025-05-29,BR030,TLR-4980,C503598,cash withdrawal,360.0,CAD
CA00037929,2025-05-05,BR013,TLR-7212,C500994,cash deposit,1634.04,CAD
CA00041074,2025-05-27,BR029,TLR-2560,C501966,cash withdrawal,628.94,CAD
CA00040675,2025-05-01,BR026,TLR-2348,C503061,cash withdrawal,-3218.58,CAD
CA00035891,2025-05-24,BR002,TLR-8547,C503617,cash withdrawal,-372.38,CAD
CA00041482,2025-05-08,BR030,TLR-6693,C500036,cash deposit,564.2,CAD
CA00041843,2025-05-11,BR032,TLR-1609,C503689,cash withdrawal,1066.45,CAD
CA00038967,2025-05-24,BR018,TLR-6764,C501741,cash withdrawal,435.81,CAD
CA00040693,2025-05-26,BR026,TLR-9864,C503620,cash deposit,2030.41,CAD
CA00042842,2025-05-15,BR037,TLR-4238,C502698,cash deposit,408.03,CAD
CA00039502,2025-05-12,BR020,TLR-8300,C500718,cash withdrawal,561.09,USD
CA00037808,2025-05-15,BR012,TLR-8701,C500507,cash deposit,241.33,CAD
CA00039039,2025-05-16,BR018,TLR-8095,C501696,cash deposit,2669.07,CAD
CA00037151,2025-05-23,BR008,TLR-5852,C502241,cash deposit,771.03,CAD
CA00038698,2025-05-15,BR017,TLR-1035,C501523,cash deposit,1433.53,CAD
CA00038419,2025-05-23,BR015,TLR-8810,C501689,cash deposit,1283.81,CAD
CA00038280,2025-05-18,BR015,TLR-7083,C503034,cash deposit,1383.68,CAD
CA00039484,2025-05-27,BR020,TLR-2133,C502819,cash withdrawal,835.18,USD
CA00042094,2025-05-24,BR034,TLR-4067,C502169,cash deposit,1841.18,CAD
CA00039303,2025-05-10,BR019,TLR-9515,C500166,cash deposit,636.23,CAD
CA00042137,2025-05-21,BR034,TLR-5695,C501106,cash deposit,2206.57,CAD
CA00044171,2025-05-31,BR040,TLR-8558,C500406,cash deposit,872.7,CAD
CA00039684,2025-05-30,BR021,TLR-5269,C500722,cash withdrawal,964.65,CAD
CA00043284,2025-05-20,BR039,TLR-8482,C501247,cash withdrawal,1155.41,CAD
CA00036910,2025-05-26,BR007,TLR-4264,C502337,cash withdrawal,1076.98,CAD
CA00037685,2025-05-24,BR012,TLR-5716,C501143,cash withdrawal,913.36,CAD
CA00043099,2025-05-08,BR038,TLR-4638,C501793,cash deposit,1730.46,CAD
CA00053302,2025-05-06,BR005,TLR-6649,W918124,cash withdrawal,361.94,CAD
CA00042890,2025-05-12,BR037,TLR-6311,C502808,cash deposit,1339.2,CAD
CA00036319,2025-05-17,BR004,TLR-3047,C502200,cash deposit,884.79,CAD
CA00042465,2025-05-22,BR036,TLR-3363,C503875,cash withdrawal,1040.79,CAD
CA00037173,2025-05-06,BR008,TLR-6033,C502236,cash withdrawal,630.88,CAD
CA00043600,2025-05-22,BR040,TLR-8181,C501961,cash withdrawal,807.97,CAD
CA00041584,2025-05-14,BR031,TLR-1342,C503663,cash deposit,261.89,CAD
CA00040103,2025-05-07,BR024,TLR-4771,C503422,cash deposit,801.96,CAD
CA00040745,2025-05-14,BR027,TLR-4966,C500112,cash deposit,562.48,CAD
CA00042577,2025-05-29,BR036,TLR-1522,C501782,cash deposit,541.44,CAD
CA00044105,2025-05-29,BR040,TLR-8789,C503559,cash deposit,1067.63,CAD
CA00039674,2025-05-17,BR021,TLR-9441,C501278,cash deposit,967.84,CAD
CA00041551,2025-05-25,BR031,TLR-6036,C501855,cash deposit,1514.0,CAD
CA00037147,2025-05-18,BR008,TLR-4947,C503038,cash deposit,455.11,CAD
CA00040657,2025-05-20,BR026,TLR-2166,C501495,cash withdrawal,-2732.97,CAD
CA00040791,2025-05-21,BR027,TLR-9213,C501413,cash withdrawal,1971.58,CAD
CA00037550,2025-05-19,BR010,TLR-2550,C501810,cash deposit,1872.6,CAD
CA00039876,2025-05-24,BR023,TLR-1240,C502063,cash withdrawal,601.1,CAD
CA00043547,2025-05-14,BR040,TLR-6101,C503951,cash deposit,1783.18,CAD
CA00041776,2025-05-08,BR032,TLR-5249,C502411,cash deposit,1546.4,CAD
CA00042646,2025-05-18,BR036,TLR-6126,C500562,cash withdrawal,1509.57,CAD
CA00043578,2025-05-26,BR040,TLR-2960,C503456,cash withdrawal,1545.96,CAD
CA00040756,2025-05-15,BR027,TLR-9196,C503830,cash deposit,622.45,CAD
CA00036307,2025-05-28,BR004,TLR-3097,C500429,cash deposit,2260.72,CAD
CA00041102,2025-05-23,BR029,TLR-4470,C500755,cash deposit,470.3,CAD
CA00043389,2025-05-12,BR039,TLR-6897,C501781,cash withdrawal,638.24,CAD
CA00036042,2025-05-20,BR003,TLR-6282,C500985,cash deposit,1581.43,CAD
CA00037525,2025-05-02,BR010,TLR-5880,C502542,cash deposit,1044.18,CAD
CA00043989,2025-05-23,BR040,TLR-7006,C501085,cash deposit,722.07,CAD
CA00036442,2025-05-09,BR004,TLR-2804,C503727,cash withdrawal,1173.27,CAD
CA00037139,2025-05-29,BR008,TLR-4468,C502939,cash withdrawal,1708.97,CAD
CA00040824,2025-05-26,BR027,TLR-8560,C501447,cash withdrawal,211.02,CAD
CA00040407,2025-05-19,BR025,TLR-6658,C501851,cash withdrawal,-1258.89,CAD
CA00042626,2025-05-25,BR036,TLR-7709,C501319,cash deposit,1031.24,CAD
CA00041992,2025-05-26,BR033,TLR-3451,C501098,cash deposit,868.28,CAD
CA00043935,2025-05-02,BR040,TLR-7254,C500696,cash withdrawal,343.31,CAD
CA00038360,2025-05-04,BR015,TLR-6237,C502897,cash withdrawal,2408.91,CAD
CA00038137,2025-05-23,BR014,TLR-2733,C501717,cash withdrawal,2460.51,CAD
CA00035970,2025-05-02,BR003,TLR-2748,C500423,cash withdrawal,329.39,CAD
CA00038515,2025-05-05,BR016,TLR-2182,C503107,cash withdrawal,992.29,CAD
CA00042173,2025-05-20,BR034,TLR-7505,C503521,cash deposit,1536.4,CAD
CA00039188,2025-05-15,BR019,TLR-1495,C500786,cash deposit,1289.62,CAD
CA00037353,2025-05-22,BR009,TLR-7561,C503768,cash deposit,1338.69,CAD
CA00042755,2025-05-28,BR037,TLR-9447,C501885,cash deposit,1864.18,CAD
CA00040023,2025-05-14,BR024,TLR-9595,C500823,cash withdrawal,494.67,CAD
CA00041552,2025-05-11,BR031,TLR-6367,C501021,cash deposit,532.72,CAD
CA00038904,2025-05-03,BR017,TLR-6644,C503367,cash deposit,472.95,CAD
CA00041979,2025-05-08,BR033,TLR-5070,C503134,cash deposit,1243.47,CAD
CA00042302,2025-05-11,BR035,TLR-8427,C501508,cash withdrawal,1013.04,CAD
CA00039621,2025-05-11,BR020,TLR-5265,C503032,cash deposit,1193.53,USD
CA00042499,2025-05-04,BR036,TLR-1223,C502711,cash withdrawal,867.15,CAD
CA00039213,2025-05-22,BR019,TLR-1868,C503054,cash deposit,2702.61,CAD
CA00040598,2025-05-25,BR026,TLR-9051,C500697,cash withdrawal,-1483.74,CAD
CA00037738,2025-05-17,BR012,TLR-3853,C501522,cash withdrawal,1829.04,CAD
CA00043711,2025-05-24,BR040,TLR-1239,C503755,cash withdrawal,3242.56,CAD
CA00038838,2025-05-11,BR017,TLR-3545,C501383,cash deposit,1368.5,CAD
CA00041427,2025-05-20,BR030,TLR-2549,C502458,cash deposit,1442.6,CAD
CA00043362,2025-05-17,BR039,TLR-8334,C501592,cash withdrawal,1538.32,CAD
CA00036378,2025-05-09,BR004,TLR-9008,C503418,cash deposit,940.73,CAD
CA00040455,2025-05-01,BR025,TLR-4153,C501388,cash deposit,300.77,CAD
CA00037786,2025-05-04,BR012,TLR-1388,C501882,cash withdrawal,247.26,CAD
CA00038523,2025-05-26,BR016,TLR-9874,C500376,cash withdrawal,464.34,CAD
CA00040296,2025-05-21,BR025,TLR-3315,C503668,cash withdrawal,-2351.06,CAD
CA00039757,2025-05-31,BR021,TLR-2418,C502493,cash withdrawal,1345.16,CAD
