TransactionID,Date,BranchCode,TellerID,CustomerID,TransactionType,Amount,Currency
CA00044881,2025-06-08,BR003,TLR-7445,C503288,cash deposit,149888,CAD
CA00052693,2025-06-19,BR040,TLR-2911,C503893,cash withdrawal,810.74,CAD
CA00045639,2025-06-26,BR007,TLR-5380,C501830,cash withdrawal,509.79,CAD
CA00046216,2025-06-12,BR009,TLR-3846,C502777,cash withdrawal,133592,CAD
CA00045457,2025-06-01,BR006,TLR-6945,C502425,cash deposit,581.2,CAD
CA00052751,2025-06-03,BR040,TLR-8619,C503564,cash withdrawal,1047.49,CAD
CA00049098,2025-06-25,BR025,TLR-5573,C502057,cash withdrawal,-344.65,CAD
CA00051965,2025-06-21,BR038,TLR-9962,C503522,cash withdrawal,1555.36,CAD
CA00047631,2025-06-01,BR017,TLR-2430,C502829,cash deposit,1665.04,CAD
CA00047720,2025-06-08,BR017,TLR-2710,C500063,cash withdrawal,809.73,CAD
CA00050915,2025-06-22,BR034,TLR-1703,C503004,cash deposit,1346.12,CAD
CA00044983,2025-06-16,BR003,TLR-1346,C503426,cash deposit,443.02,CAD
CA00045500,2025-06-01,BR006,TLR-8070,C503195,cash deposit,952.95,CAD
CA00044902,2025-06-04,BR003,TLR-7778,C501504,cash deposit,1218.35,CAD
CA00051644,2025-06-24,BR037,TLR-3697,C503116,cash deposit,303.07,CAD
CA00048118,2025-06-20,BR019,TLR-4800,C501548,cash withdrawal,847.13,CAD
CA00051996,2025-06-26,BR038,TLR-8997,C501903,cash withdrawal,1736.47,CAD
CA00051500,2025-06-23,BR036,TLR-3561,C502515,cash withdrawal,783.05,CAD
CA00052692,2025-06-29,BR040,TLR-1659,C500413,cash withdrawal,641.81,CAD
CA00048493,2025-06-11,BR021,TLR-7465,C502230,cash withdrawal,749.78,CAD
CA00052734,2025-06-09,BR040,TLR-9528,C502357,cash deposit,869.88,CAD
CA00049107,2025-06-21,BR025,TLR-3319,C503018,cash withdrawal,-1043.45,CAD
CA00048760,2025-06-22,BR023,TLR-1096,C503148,cash withdrawal,57735,CAD
CA00046327,2025-06-20,BR010,TLR-9765,C503252,cash withdrawal,2399.58,CAD
CA00046854,2025-06-03,BR013,TLR-8718,C500371,cash deposit,2126.23,CAD
CA00048660,2025-06-21,BR022,TLR-7241,C503011,cash withdrawal,1296.67,CAD
CA00044512,2025-06-15,BR001,TLR-3975,C502678,cash withdrawal,398.14,CAD
CA00048976,2025-06-20,BR024,TLR-9668,C500889,cash withdrawal,643.49,CAD
CA00047813,2025-06-14,BR017,TLR-4901,C501135,cash withdrawal,1928.61,CAD
CA00046714,2025-06-02,BR012,TLR-5254,C500630,cash withdrawal,231242,CAD
CA00051378,2025-06-01,BR036,TLR-5554,C503611,cash withdrawal,227.18,CAD
CA00048518,2025-06-16,BR021,TLR-1224,C502583,cash withdrawal,697.74,CAD
CA00049481,2025-06-16,BR026,TLR-4742,C500246,cash deposit,38332,CAD
CA00050401,2025-06-21,BR031,TLR-4582,C500878,cash deposit,2942.96,CAD
CA00045462,2025-06-11,BR006,TLR-2172,C502216,cash deposit,265.54,CAD
CA00050081,2025-06-13,BR030,TLR-3219,C501467,cash withdrawal,137415,CAD
CA00047650,2025-06-02,BR017,TLR-3507,C500739,cash deposit,2157.77,CAD
CA00051492,2025-06-15,BR036,TLR-6022,C503370,cash deposit,565.38,CAD
CA00045501,2025-06-23,BR006,TLR-7951,C502883,cash withdrawal,590.42,CAD
CA00048668,2025-06-13,BR022,TLR-8388,C500573,cash deposit,1698.02,CAD
CA00053130,2025-06-28,BR040,TLR-9473,C500179,cash deposit,227484,CAD
CA00048750,2025-06-06,BR023,TLR-9109,C500959,cash deposit,801.99,CAD
CA00045513,2025-06-10,BR006,TLR-5475,C502842,cash deposit,758.27,CAD
CA00052432,2025-06-02,BR040,TLR-7017,C503319,cash deposit,25435,CAD
CA00052647,2025-06-24,BR040,TLR-7924,C501070,cash withdrawal,2400.64,CAD
CA00048730,2025-06-30,BR023,TLR-9955,C503446,cash withdrawal,1306.31,CAD
CA00045807,2025-06-15,BR007,TLR-8162,C500873,cash deposit,1883.07,CAD
CA00048942,2025-06-04,BR024,TLR-2275,C502708,cash withdrawal,367.21,CAD
CA00051813,2025-06-07,BR037,TLR-6709,C502225,cash withdrawal,2427.8,CAD
CA00046915,2025-06-06,BR014,TLR-3354,C503230,cash withdrawal,391.96,CAD
CA00044803,2025-06-09,BR003,TLR-5900,C503069,cash withdrawal,1722.99,CAD
CA00050363,2025-06-07,BR031,TLR-5024,C502637,cash withdrawal,103755,CAD
CA00047365,2025-06-16,BR015,TLR-2637,C502744,cash deposit,559.35,CAD
CA00052341,2025-06-01,BR040,TLR-4347,C501303,cash withdrawal,1154.82,CAD
CA00046189,2025-06-03,BR009,TLR-4028,C503917,cash deposit,613.51,CAD
CA00052201,2025-06-13,BR039,TLR-2725,C502661,cash withdrawal,1108.58,CAD
CA00051534,2025-06-23,BR036,TLR-9713,C501376,cash withdrawal,1491.26,CAD
CA00048560,2025-06-19,BR021,TLR-7369,C500482,cash withdrawal,1040.29,CAD
CA00048388,2025-06-18,BR020,TLR-8858,C503233,cash deposit,251.9,USD
CA00050741,2025-06-15,BR033,TLR-8576,C502516,cash deposit,1163.57,CAD
CA00044908,2025-06-28,BR003,TLR-1196,C503671,cash withdrawal,179407,CAD
CA00053158,2025-06-25,BR040,TLR-2195,C500117,cash deposit,997.71,CAD
CA00046350,2025-06-20,BR010,TLR-3085,C500684,cash deposit,137810,CAD
CA00048875,2025-06-29,BR024,TLR-6152,C500242,cash withdrawal,385.37,CAD
CA00050035,2025-06-18,BR030,TLR-6816,C503614,cash deposit,974.1,CAD
CA00049761,2025-06-21,BR027,TLR-1687,C500281,cash deposit,9398.49,CAD
CA00050249,2025-06-04,BR030,TLR-9605,C502944,cash deposit,953.41,CAD
CA00050018,2025-06-04,BR030,TLR-8442,C502833,cash deposit,1174.4,CAD
CA00051321,2025-06-07,BR036,TLR-8456,C503305,cash deposit,47305,CAD
CA00053309,2025-06-22,BR006,TLR-7437,W966102,cash deposit,322.74,CAD
CA00046728,2025-06-03,BR012,TLR-2785,C500232,cash withdrawal,873.93,CAD
CA00049166,2025-06-26,BR025,TLR-1963,C502979,cash deposit,118635,CAD
CA00044668,2025-06-29,BR002,TLR-6533,C500704,cash withdrawal,-221.08,CAD
CA00051806,2025-06-27,BR037,TLR-3780,C501970,cash deposit,1075.09,CAD
CA00052744,2025-06-09,BR040,TLR-8567,C500684,cash withdrawal,1316.3,CAD
CA00046799,2025-06-14,BR012,TLR-7426,C502337,cash withdrawal,603.22,CAD
CA00047608,2025-06-14,BR016,TLR-1825,C501755,cash withdrawal,1079.95,CAD
CA00048078,2025-06-26,BR019,TLR-9587,C501021,cash deposit,455.89,CAD
CA00047233,2025-06-07,BR015,TLR-6842,C502225,cash deposit,1045.29,CAD
CA00049875,2025-06-10,BR028,TLR-4117,C502203,cash deposit,3240.09,CAD
CA00047053,2025-06-21,BR014,TLR-1655,C502906,cash deposit,592.61,CAD
CA00047478,2025-06-16,BR016,TLR-3898,C500445,cash deposit,1516.12,CAD
CA00052820,2025-06-15,BR040,TLR-6784,C503012,cash withdrawal,199472,CAD
CA00049535,2025-06-09,BR026,TLR-1062,C500491,cash deposit,1612.91,CAD
CA00053078,2025-06-30,BR040,TLR-9028,C500203,cash withdrawal,544.74,CAD
CA00051434,2025-06-08,BR036,TLR-7840,C503226,cash withdrawal,2054.74,CAD
CA00050343,2025-06-20,BR031,TLR-6864,C502196,cash deposit,678.29,CAD
CA00044968,2025-06-26,BR003,TLR-2061,C502073,cash withdrawal,1833.08,CAD
CA00044762,2025-06-12,BR002,TLR-9628,C503535,cash withdrawal,-595.41,CAD
CA00051485,2025-06-08,BR036,TLR-6243,C501467,cash withdrawal,868.95,CAD
CA00051478,2025-06-08,BR036,TLR-1637,C502493,cash deposit,563.3,CAD
CA00046928,2025-06-30,BR014,TLR-8940,C503996,cash withdrawal,813.35,CAD
CA00048813,2025-06-28,BR024,TLR-7258,C503661,cash withdrawal,2029.64,CAD
CA00045593,2025-06-14,BR006,TLR-1650,C502540,cash deposit,29349,CAD
CA00051287,2025-06-24,BR036,TLR-4579,C503571,cash deposit,117981,CAD
CA00049038,2025-06-16,BR024,TLR-7926,C502546,cash deposit,150474,CAD
CA00049996,2025-06-16,BR029,TLR-8456,C500932,cash deposit,3092.45,CAD
CA00044833,2025-06-20,BR003,TLR-9797,C501405,cash withdrawal,2451.21,CAD
CA00046449,2025-06-30,BR010,TLR-5672,C501171,cash withdrawal,1187.15,CAD
CA00052714,2025-06-07,BR040,TLR-3136,C501438,cash deposit,1103.7,CAD
CA00045525,2025-06-06,BR006,TLR-5580,C502713,cash deposit,301.89,CAD
CA00047208,2025-06-25,BR015,TLR-1924,C500810,cash deposit,161885,CAD
CA00045830,2025-06-10,BR007,TLR-2584,C502675,cash deposit,1066.34,CAD
CA00050570,2025-06-18,BR032,TLR-3737,C502588,cash deposit,1375.27,CAD
CA00047271,2025-06-18,BR015,TLR-7192,C501998,cash withdrawal,2230.47,CAD
CA00049280,2025-06-04,BR025,TLR-5476,C502217,cash deposit,1215.71,CAD
CA00044796,2025-06-13,BR003,TLR-1259,C502494,cash withdrawal,1344.06,CAD
CA00046819,2025-06-14,BR013,TLR-8032,C502059,cash deposit,1137.81,CAD
CA00051030,2025-06-21,BR035,TLR-6358,C503751,cash deposit,1086.01,CAD
CA00046049,2025-06-16,BR008,TLR-6397,C502514,cash deposit,1356.3,CAD
CA00045455,2025-06-05,BR006,TLR-6824,C501496,cash deposit,697.72,CAD
CA00047032,2025-06-15,BR014,TLR-7024,C500219,cash deposit,1280.73,CAD
CA00051506,2025-06-18,BR036,TLR-6942,C502725,cash deposit,322.17,CAD
CA00052961,2025-06-03,BR040,TLR-9100,C502423,cash withdrawal,30672,CAD
CA00052912,2025-06-25,BR040,TLR-2574,C503375,cash deposit,329.84,CAD
CA00044358,2025-06-06,BR001,TLR-9147,C502761,cash deposit,590.17,CAD
CA00044448,2025-06-16,BR001,TLR-7495,C503623,cash deposit,1899.8,CAD
CA00048850,2025-06-14,BR024,TLR-6751,C502378,cash deposit,1988.64,CAD
CA00047134,2025-06-29,BR015,TLR-3579,C501547,cash withdrawal,209.29,CAD
CA00051002,2025-06-22,BR034,TLR-9538,C500958,cash withdrawal,944.91,CAD
CA00050553,2025-06-06,BR032,TLR-3795,C503682,cash deposit,1214.86,CAD
CA00053092,2025-06-23,BR040,TLR-3905,C501868,cash withdrawal,607.46,CAD
CA00052194,2025-06-15,BR039,TLR-6964,C503147,cash withdrawal,1142.96,CAD
CA00050256,2025-06-03,BR030,TLR-6198,C500209,cash deposit,2460.94,CAD
CA00050526,2025-06-17,BR031,TLR-4770,C503363,cash deposit,1498.47,CAD
CA00047627,2025-06-26,BR017,TLR-9327,C500216,cash withdrawal,1906.18,CAD
CA00051962,2025-06-06,BR038,TLR-6846,C503669,cash deposit,646.45,CAD
CA00049670,2025-06-24,BR027,TLR-2041,C501390,cash deposit,454.1,CAD
CA00044785,2025-06-01,BR002,TLR-5498,C500463,cash deposit,244.86,CAD
CA00052248,2025-06-23,BR039,TLR-7952,C502161,cash withdrawal,636.55,CAD
CA00052520,2025-06-02,BR040,TLR-4769,C502925,cash withdrawal,834.53,CAD
CA00045467,2025-06-05,BR006,TLR-8596,C503841,cash deposit,645.17,CAD
CA00047928,2025-06-02,BR018,TLR-8706,C500121,cash deposit,965.72,CAD
CA00044863,2025-06-20,BR003,TLR-5311,C500966,cash withdrawal,740.72,CAD
CA00047603,2025-06-23,BR016,TLR-6495,C501237,cash deposit,799.2,CAD
CA00052437,2025-06-08,BR040,TLR-2724,C500283,cash deposit,410.36,CAD
CA00049927,2025-06-05,BR029,TLR-9933,C500239,cash withdrawal,965.31,CAD
CA00049268,2025-06-18,BR025,TLR-4883,C501156,cash deposit,667.26,CAD
CA00045042,2025-06-11,BR004,TLR-3598,C503663,cash withdrawal,1121.61,CAD
CA00048492,2025-06-07,BR021,TLR-8576,C501513,cash deposit,289.1,CAD
CA00049450,2025-06-19,BR026,TLR-4129,C503946,cash withdrawal,-755.31,CAD
CA00052772,2025-06-03,BR040,TLR-1678,C501342,cash withdrawal,133679,CAD
CA00047605,2025-06-25,BR016,TLR-7251,C500019,cash deposit,1624.97,CAD
CA00049421,2025-06-13,BR026,TLR-2332,C500759,cash withdrawal,-819.4,CAD
CA00044532,2025-06-13,BR001,TLR-2125,C502213,cash deposit,806.25,CAD
CA00048926,2025-06-10,BR024,TLR-8716,C501621,cash deposit,394.6,CAD
CA00045612,2025-06-22,BR006,TLR-5304,C501526,cash deposit,353438,CAD
CA00044334,2025-06-24,BR001,TLR-8421,C503292,cash withdrawal,127355,CAD
CA00048941,2025-06-11,BR024,TLR-4635,C502721,cash deposit,442.01,CAD
CA00044455,2025-06-27,BR001,TLR-4068,C500991,cash withdrawal,912.36,CAD
CA00046292,2025-06-29,BR009,TLR-7012,C500277,cash withdrawal,2322.84,CAD
CA00045227,2025-06-03,BR004,TLR-4331,C502253,cash deposit,893.37,CAD
CA00046086,2025-06-15,BR008,TLR-2369,C502127,cash deposit,86820,CAD
CA00050302,2025-06-15,BR030,TLR-9924,C502995,cash deposit,1468.27,CAD
CA00049563,2025-06-30,BR026,TLR-5305,C500750,cash withdrawal,-525.05,CAD
CA00049568,2025-06-06,BR026,TLR-4558,C502961,cash deposit,419.38,CAD
CA00044528,2025-06-26,BR001,TLR-2815,C502106,cash withdrawal,815.96,CAD
CA00045152,2025-06-14,BR004,TLR-6166,C500636,cash withdrawal,5215.32,CAD
CA00044543,2025-06-01,BR001,TLR-7081,C501572,cash deposit,1253.64,CAD
CA00053170,2025-06-27,BR040,TLR-9691,C503341,cash deposit,4569.05,CAD
CA00050864,2025-06-20,BR034,TLR-5316,C500280,cash withdrawal,1534.66,CAD
CA00050873,2025-06-07,BR034,TLR-3039,C502267,cash withdrawal,835.45,CAD
CA00046824,2025-06-01,BR013,TLR-6228,C503209,cash withdrawal,752.82,CAD
CA00045672,2025-06-29,BR007,TLR-3948,C503349,cash deposit,571.7,CAD
CA00049419,2025-06-23,BR026,TLR-4228,C500501,cash withdrawal,-1684.43,CAD
CA00046367,2025-06-16,BR010,TLR-4654,C500161,cash deposit,896.97,CAD
CA00050393,2025-06-14,BR031,TLR-9589,C502517,cash deposit,1248.07,CAD
CA00050009,2025-06-01,BR029,TLR-2648,C500683,cash withdrawal,596.29,CAD
CA00049910,2025-06-02,BR029,TLR-1023,C501531,cash deposit,557.55,CAD
CA00046637,2025-06-03,BR012,TLR-5529,C502501,cash deposit,517.8,CAD
CA00045198,2025-06-06,BR004,TLR-2160,C500470,cash deposit,432.43,CAD
CA00044489,2025-06-26,BR001,TLR-8794,C501157,cash withdrawal,686.53,CAD
CA00045566,2025-06-16,BR006,TLR-3597,C503745,cash deposit,1564.41,CAD
CA00045684,2025-06-24,BR007,TLR-1933,C502668,cash deposit,597.4,CAD
CA00044651,2025-06-29,BR002,TLR-4309,C502427,cash withdrawal,-851.57,CAD
CA00047106,2025-06-12,BR014,TLR-1943,C503630,cash withdrawal,22257,CAD
CA00044363,2025-06-17,BR001,TLR-6306,C500278,cash withdrawal,967.63,CAD
CA00046370,2025-06-08,BR010,TLR-8989,C503104,cash deposit,360.26,CAD
CA00047181,2025-06-08,BR015,TLR-5070,C503853,cash withdrawal,661.36,CAD
CA00045239,2025-06-02,BR004,TLR-6810,C500868,cash withdrawal,1011.48,CAD
CA00051867,2025-06-02,BR037,TLR-8424,C500239,cash deposit,1207.77,CAD
CA00053224,2025-06-20,BR040,TLR-2053,C503717,cash deposit,1081.51,CAD
CA00051386,2025-06-27,BR036,TLR-3377,C501048,cash withdrawal,667.94,CAD
CA00047021,2025-06-23,BR014,TLR-9783,C502271,cash withdrawal,61441,CAD
CA00045726,2025-06-09,BR007,TLR-1426,C502352,cash withdrawal,705.96,CAD
CA00047002,2025-06-14,BR014,TLR-9211,C500083,cash withdrawal,160.16,CAD
CA00046796,2025-06-20,BR012,TLR-4251,C501688,cash deposit,44487,CAD
CA00052641,2025-06-04,BR040,TLR-1647,C503212,cash deposit,2578.44,CAD
CA00044588,2025-06-01,BR002,TLR-9742,C502479,cash withdrawal,-82256,CAD
CA00048759,2025-06-15,BR023,TLR-5190,C503487,cash deposit,409.99,CAD
CA00046875,2025-06-06,BR013,TLR-9666,C500713,cash withdrawal,1521.71,CAD
CA00045125,2025-06-30,BR004,TLR-1845,C503578,cash deposit,1528.46,CAD
CA00047380,2025-06-08,BR015,TLR-7425,C501590,cash deposit,1129.08,CAD
CA00052052,2025-06-30,BR038,TLR-1072,C500789,cash deposit,453.57,CAD
CA00047931,2025-06-19,BR018,TLR-3174,C500938,cash withdrawal,1873.2,CAD
CA00050478,2025-06-08,BR031,TLR-1445,C502813,cash withdrawal,419.05,CAD
CA00051636,2025-06-21,BR037,TLR-4186,C502338,cash withdrawal,824.36,CAD
CA00053132,2025-06-29,BR040,TLR-7404,C503276,cash withdrawal,869.43,CAD
CA00045621,2025-06-12,BR006,TLR-7844,C503400,cash withdrawal,1375.56,CAD
CA00051553,2025-06-15,BR036,TLR-1050,C503412,cash withdrawal,44332,CAD
CA00052085,2025-06-05,BR038,TLR-8736,C501680,cash deposit,4342.72,CAD
CA00045085,2025-06-16,BR004,TLR-8563,C503304,cash withdrawal,1409.7,CAD
CA00051953,2025-06-21,BR038,TLR-8680,C501252,cash deposit,2295.94,CAD
CA00050116,2025-06-08,BR030,TLR-2831,C502122,cash withdrawal,614.68,CAD
CA00046954,2025-06-18,BR014,TLR-5054,C500909,cash deposit,861.32,CAD
CA00052282,2025-06-12,BR039,TLR-5124,C503405,cash deposit,170003,CAD
CA00047482,2025-06-17,BR016,TLR-3012,C500815,cash deposit,1080.67,CAD
CA00046148,2025-06-16,BR009,TLR-7807,C503574,cash withdrawal,440.62,CAD
CA00048923,2025-06-16,BR024,TLR-7229,C502735,cash deposit,3259.99,CAD
CA00051954,2025-06-22,BR038,TLR-8909,C501305,cash deposit,2944.64,CAD
CA00048009,2025-06-28,BR019,TLR-5603,C503880,cash withdrawal,917.55,CAD
CA00050629,2025-06-27,BR032,TLR-9500,C502679,cash withdrawal,785.06,CAD
CA00047062,2025-06-23,BR014,TLR-5226,C503912,cash deposit,1996.64,CAD
CA00044392,2025-06-29,BR001,TLR-9613,C501464,cash withdrawal,1769.08,CAD
CA00051274,2025-06-13,BR035,TLR-5574,C500983,cash deposit,883.95,CAD
CA00046495,2025-06-05,BR010,TLR-7129,C501294,cash deposit,1452.29,CAD
CA00052637,2025-06-03,BR040,TLR-9272,C503364,cash withdrawal,408.94,CAD
CA00045439,2025-06-11,BR006,TLR-9180,C501544,cash withdrawal,3187.41,CAD
CA00045703,2025-06-18,BR007,TLR-5559,C501071,cash deposit,221.08,CAD
CA00046053,2025-06-25,BR008,TLR-4629,C500495,cash withdrawal,2091.6,CAD
CA00046223,2025-06-24,BR009,TLR-5731,C503605,cash withdrawal,633.81,CAD
CA00046939,2025-06-26,BR014,TLR-5741,C501368,cash withdrawal,605.61,CAD
CA00052679,2025-06-23,BR040,TLR-5260,C500935,cash deposit,1118.08,CAD
CA00050289,2025-06-02,BR030,TLR-1993,C503133,cash withdrawal,978.3,CAD
CA00052781,2025-06-28,BR040,TLR-8292,C500102,cash deposit,22002,CAD
CA00044942,2025-06-12,BR003,TLR-2998,C503543,cash deposit,1507.11,CAD
CA00047145,2025-06-14,BR015,TLR-9582,C503923,cash deposit,193.74,CAD
CA00048195,2025-06-02,BR019,TLR-6773,C503139,cash withdrawal,1204.57,CAD
CA00051437,2025-06-29,BR036,TLR-7598,C501130,cash deposit,1192.91,CAD
CA00051680,2025-06-17,BR037,TLR-9963,C500080,cash withdrawal,592.71,CAD
CA00053227,2025-06-21,BR040,TLR-2825,C500696,cash deposit,1640.83,CAD
CA00051754,2025-06-04,BR037,TLR-4884,C500250,cash withdrawal,1137.67,CAD
CA00046071,2025-06-26,BR008,TLR-7610,C503598,cash withdrawal,1435.38,CAD
CA00045237,2025-06-06,BR004,TLR-8531,C500350,cash withdrawal,591.27,CAD
CA00047753,2025-06-24,BR017,TLR-7304,C500868,cash withdrawal,54223,CAD
CA00051893,2025-06-13,BR038,TLR-5803,C501142,cash withdrawal,1111.59,CAD
CA00049198,2025-06-01,BR025,TLR-6313,C503029,cash withdrawal,-341.49,CAD
CA00050190,2025-06-24,BR030,TLR-4386,C503269,cash deposit,16446,CAD
CA00047327,2025-06-20,BR015,TLR-7172,C500883,cash deposit,345.53,CAD
CA00046741,2025-06-27,BR012,TLR-8175,C500612,cash deposit,640.66,CAD
CA00046126,2025-06-21,BR009,TLR-8362,C501161,cash withdrawal,2045.7,CAD
CA00051191,2025-06-14,BR035,TLR-9730,C503005,cash withdrawal,821.63,CAD
CA00044408,2025-06-19,BR001,TLR-5506,C502555,cash deposit,594.79,CAD
CA00050594,2025-06-01,BR032,TLR-7907,C503973,cash deposit,3078.45,CAD
CA00047844,2025-06-17,BR018,TLR-9124,C503745,cash withdrawal,1306.71,CAD
CA00052240,2025-06-27,BR039,TLR-6114,C502786,cash deposit,1536.55,CAD
CA00053004,2025-06-16,BR040,TLR-3854,C503057,cash withdrawal,803.98,CAD
CA00048542,2025-06-02,BR021,TLR-8362,C500927,cash withdrawal,5182.64,CAD
CA00052803,2025-06-01,BR040,TLR-5807,C500349,cash deposit,1687.87,CAD
CA00049575,2025-06-29,BR027,TLR-3749,C503797,cash withdrawal,527.13,CAD
CA00049036,2025-06-15,BR024,TLR-9265,C503784,cash deposit,2173.31,CAD
CA00051048,2025-06-10,BR035,TLR-2818,C502952,cash deposit,1625.49,CAD
CA00044553,2025-06-14,BR001,TLR-2183,C501203,cash withdrawal,1602.83,CAD
CA00048393,2025-06-05,BR020,TLR-4671,C502011,cash deposit,596.38,USD
CA00051111,2025-06-12,BR035,TLR-2392,C500708,cash deposit,835.4,CAD
CA00046895,2025-06-28,BR013,TLR-2973,C501737,cash withdrawal,2301.47,CAD
CA00048047,2025-06-27,BR019,TLR-4810,C501694,cash withdrawal,303.63,CAD
CA00050776,2025-06-19,BR033,TLR-8392,C503378,cash deposit,548.85,CAD
CA00050391,2025-06-26,BR031,TLR-8782,C501834,cash withdrawal,2807.13,CAD
CA00045463,2025-06-18,BR006,TLR-5120,C501197,cash deposit,53769,CAD
CA00049041,2025-06-12,BR024,TLR-9769,C503449,cash deposit,85841,CAD
CA00048366,2025-06-12,BR020,TLR-8224,C500148,cash deposit,307.73,USD
CA00052684,2025-06-26,BR040,TLR-4738,C500348,cash withdrawal,3226.59,CAD
CA00048891,2025-06-17,BR024,TLR-7554,C502840,cash deposit,3116.47,CAD
CA00045751,2025-06-16,BR007,TLR-4678,C500971,cash deposit,1013.03,CAD
CA00049664,2025-06-05,BR027,TLR-5644,C501263,cash withdrawal,1657.32,CAD
CA00052405,2025-06-07,BR040,TLR-1585,C502233,cash deposit,621.94,CAD
CA00048919,2025-06-06,BR024,TLR-5797,C503602,cash deposit,686.17,CAD
CA00049049,2025-06-03,BR024,TLR-3673,C502500,cash withdrawal,526.25,CAD
CA00047017,2025-06-14,BR014,TLR-9319,C502392,cash deposit,1365.28,CAD
CA00048786,2025-06-28,BR024,TLR-8569,C500457,cash withdrawal,333823,CAD
CA00053230,2025-06-05,BR040,TLR-9471,C501986,cash deposit,1675.12,CAD
CA00045406,2025-06-29,BR006,TLR-7332,C502462,cash deposit,210.39,CAD
CA00044466,2025-06-12,BR001,TLR-1914,C503520,cash deposit,114762,CAD
CA00045033,2025-06-03,BR004,TLR-8067,C502822,cash deposit,1280.36,CAD
CA00048720,2025-06-01,BR023,TLR-7208,C500077,cash withdrawal,807.83,CAD
CA00049919,2025-06-28,BR029,TLR-1797,C502130,cash withdrawal,594.32,CAD
CA00044976,2025-06-15,BR003,TLR-3964,C502480,cash deposit,1204.71,CAD
CA00049043,2025-06-26,BR024,TLR-4338,C503310,cash withdrawal,2518.21,CAD
CA00048387,2025-06-22,BR020,TLR-2720,C502334,cash withdrawal,440.12,USD
CA00046480,2025-06-12,BR010,TLR-9767,C502104,cash withdrawal,1250.21,CAD
CA00049126,2025-06-25,BR025,TLR-1343,C503101,cash deposit,1180.27,CAD
CA00048080,2025-06-17,BR019,TLR-5788,C502527,cash deposit,2199.86,CAD
CA00047197,2025-06-09,BR015,TLR-8622,C500904,cash deposit,117626,CAD
CA00050877,2025-06-15,BR034,TLR-5460,C502881,cash withdrawal,2674.2,CAD
CA00044969,2025-06-03,BR003,TLR-8247,C500928,cash withdrawal,1798.46,CAD
CA00052208,2025-06-19,BR039,TLR-3942,C503342,cash withdrawal,1038.98,CAD
CA00047354,2025-06-21,BR015,TLR-4811,C501820,cash withdrawal,1105.87,CAD
CA00048299,2025-06-24,BR020,TLR-3376,C503988,cash withdrawal,229189,USD
CA00050507,2025-06-06,BR031,TLR-6331,C500031,cash deposit,2653.54,CAD
CA00045657,2025-06-19,BR007,TLR-1040,C500989,cash withdrawal,73786,CAD
CA00051415,2025-06-07,BR036,TLR-6837,C503342,cash deposit,1106.65,CAD
CA00052541,2025-06-09,BR040,TLR-5454,C500088,cash deposit,56785,CAD
CA00051366,2025-06-24,BR036,TLR-1777,C503970,cash withdrawal,656.01,CAD
CA00047916,2025-06-19,BR018,TLR-4036,C500782,cash deposit,426.94,CAD
CA00053278,2025-06-08,BR040,TLR-3636,C503988,cash withdrawal,1308.08,CAD
CA00050863,2025-06-14,BR034,TLR-1110,C503716,cash withdrawal,924.04,CAD
CA00045418,2025-06-19,BR006,TLR-6716,C503576,cash withdrawal,2195.51,CAD
CA00049411,2025-06-11,BR026,TLR-8326,C501805,cash withdrawal,-78197,CAD
CA00050502,2025-06-09,BR031,TLR-2488,C502102,cash withdrawal,2564.61,CAD
CA00044471,2025-06-03,BR001,TLR-4037,C502914,cash deposit,5360.07,CAD
CA00053131,2025-06-11,BR040,TLR-4280,C502098,cash deposit,1095.29,CAD
CA00051970,2025-06-13,BR038,TLR-5212,C502201,cash deposit,706.48,CAD
CA00048014,2025-06-05,BR019,TLR-4854,C500141,cash withdrawal,1239.45,CAD
CA00048093,2025-06-03,BR019,TLR-5942,C503701,cash deposit,3402.61,CAD
CA00048137,2025-06-29,BR019,TLR-6620,C503815,cash withdrawal,47407,CAD
CA00045950,2025-06-16,BR008,TLR-5935,C502144,cash deposit,146814,CAD
CA00052410,2025-06-27,BR040,TLR-7775,C501782,cash withdrawal,3264.03,CAD
CA00048769,2025-06-20,BR023,TLR-6684,C500082,cash withdrawal,4609.13,CAD
CA00046524,2025-06-22,BR011,TLR-5598,C502691,cash withdrawal,1934.5,CAD
CA00050335,2025-06-17,BR031,TLR-7532,C501259,cash withdrawal,430.69,CAD
CA00052148,2025-06-25,BR039,TLR-7433,C503255,cash deposit,1040.79,CAD
CA00051756,2025-06-28,BR037,TLR-7104,C503609,cash deposit,403.14,CAD
CA00047413,2025-06-25,BR016,TLR-9238,C501363,cash deposit,534.12,CAD
CA00045649,2025-06-27,BR007,TLR-2345,C503852,cash deposit,28932,CAD
CA00051519,2025-06-04,BR036,TLR-6214,C503317,cash withdrawal,180836,CAD
CA00046301,2025-06-11,BR009,TLR-9518,C500846,cash deposit,1947.74,CAD
CA00052687,2025-06-25,BR040,TLR-4901,C503284,cash deposit,1018.1,CAD
CA00049899,2025-06-07,BR029,TLR-6618,C502282,cash deposit,2594.37,CAD
CA00048148,2025-06-14,BR019,TLR-8195,C502933,cash withdrawal,2021.64,CAD
CA00045082,2025-06-18,BR004,TLR-2860,C502671,cash withdrawal,179582,CAD
CA00048171,2025-06-05,BR019,TLR-4435,C503054,cash deposit,2352.6,CAD
CA00049659,2025-06-30,BR027,TLR-9416,C503415,cash withdrawal,2709.57,CAD
CA00051273,2025-06-19,BR035,TLR-7641,C501638,cash deposit,785.89,CAD
CA00045046,2025-06-29,BR004,TLR-2701,C502336,cash withdrawal,145952,CAD
CA00050511,2025-06-08,BR031,TLR-4821,C500609,cash withdrawal,702.67,CAD
CA00047620,2025-06-20,BR017,TLR-8149,C503005,cash withdrawal,88102,CAD
CA00048378,2025-06-15,BR020,TLR-2390,C501613,cash deposit,30181,USD
CA00051705,2025-06-06,BR037,TLR-8008,C502972,cash deposit,185.06,CAD
CA00053088,2025-06-07,BR040,TLR-5526,C500645,cash deposit,597.71,CAD
CA00045475,2025-06-26,BR006,TLR-2093,C503877,cash withdrawal,843.14,CAD
CA00046168,2025-06-19,BR009,TLR-9227,C500397,cash withdrawal,815.58,CAD
CA00052230,2025-06-29,BR039,TLR-9919,C503895,cash withdrawal,1651.59,CAD
CA00047825,2025-06-18,BR017,TLR-3217,C501803,cash deposit,57175,CAD
CA00044406,2025-06-28,BR001,TLR-2353,C500211,cash deposit,422.8,CAD
CA00046764,2025-06-25,BR012,TLR-9335,C503236,cash withdrawal,1145.67,CAD
CA00046181,2025-06-07,BR009,TLR-7797,C500303,cash deposit,1172.51,CAD
CA00053166,2025-06-21,BR040,TLR-7072,C501465,cash deposit,62088,CAD
CA00047022,2025-06-06,BR014,TLR-7740,C502184,cash withdrawal,1001.45,CAD
CA00052917,2025-06-11,BR040,TLR-7795,C500004,cash withdrawal,273.31,CAD
CA00045235,2025-06-27,BR004,TLR-1274,C503591,cash withdrawal,1162.17,CAD
CA00050413,2025-06-17,BR031,TLR-9540,C502123,cash deposit,2022.87,CAD
CA00049645,2025-06-09,BR027,TLR-4640,C502906,cash withdrawal,88754,CAD
CA00051143,2025-06-28,BR035,TLR-4380,C500563,cash deposit,252.56,CAD
CA00052093,2025-06-07,BR038,TLR-3090,C502321,cash deposit,1502.2,CAD
CA00053124,2025-06-30,BR040,TLR-3528,C502232,cash withdrawal,1571.56,CAD
CA00051556,2025-06-16,BR036,TLR-1940,C500753,cash deposit,1011.96,CAD
CA00048756,2025-06-21,BR023,TLR-1193,C501789,cash deposit,584.33,CAD
CA00051664,2025-06-28,BR037,TLR-7553,C502244,cash deposit,1153.91,CAD
CA00052828,2025-06-01,BR040,TLR-8492,C502122,cash deposit,1689.63,CAD
CA00044400,2025-06-10,BR001,TLR-3747,C503859,cash deposit,709.46,CAD
CA00048525,2025-06-03,BR021,TLR-6979,C503285,cash withdrawal,1545.78,CAD
CA00044862,2025-06-22,BR003,TLR-1826,C500669,cash withdrawal,1414.47,CAD
CA00044436,2025-06-21,BR001,TLR-4624,C502447,cash withdrawal,3676.0,CAD
CA00047439,2025-06-26,BR016,TLR-3549,C500889,cash deposit,597.76,CAD
CA00045218,2025-06-24,BR004,TLR-3961,C500449,cash deposit,264.69,CAD
CA00044861,2025-06-28,BR003,TLR-9435,C502356,cash withdrawal,924.48,CAD
CA00049601,2025-06-30,BR027,TLR-8913,C501559,cash withdrawal,405.99,CAD
CA00050163,2025-06-10,BR030,TLR-4344,C503760,cash withdrawal,244.36,CAD
CA00052146,2025-06-27,BR039,TLR-7158,C502779,cash withdrawal,1540.36,CAD
CA00049499,2025-06-19,BR026,TLR-9712,C502496,cash deposit,2049.21,CAD
CA00050396,2025-06-17,BR031,TLR-1660,C500274,cash deposit,1008459,CAD
CA00047330,2025-06-10,BR015,TLR-3285,C501510,cash deposit,1053.99,CAD
CA00053031,2025-06-13,BR040,TLR-6416,C501045,cash deposit,1500.87,CAD
CA00049861,2025-06-12,BR028,TLR-5737,C500233,cash deposit,949.52,CAD
CA00045638,2025-06-26,BR007,TLR-9563,C502025,cash deposit,685.25,CAD
CA00044681,2025-06-30,BR002,TLR-7196,C500724,cash deposit,808.6,CAD
CA00050958,2025-06-16,BR034,TLR-6612,C501143,cash deposit,4452.58,CAD
CA00052472,2025-06-02,BR040,TLR-4891,C501513,cash withdrawal,1594.96,CAD
CA00047593,2025-06-21,BR016,TLR-2043,C502444,cash deposit,1114.33,CAD
CA00051433,2025-06-01,BR036,TLR-4735,C503655,cash withdrawal,496.4,CAD
CA00052118,2025-06-27,BR039,TLR-6870,C500238,cash deposit,1113.35,CAD
CA00044652,2025-06-07,BR002,TLR-7493,C501568,cash withdrawal,-100822,CAD
CA00052300,2025-06-03,BR039,TLR-5977,C501247,cash deposit,77805,CAD
CA00048033,2025-06-25,BR019,TLR-7289,C503394,cash withdrawal,1105.01,CAD
CA00048868,2025-06-05,BR024,TLR-9258,C503188,cash withdrawal,687.48,CAD
CA00052878,2025-06-21,BR040,TLR-1006,C502169,cash withdrawal,1044.26,CAD
CA00050630,2025-06-10,BR032,TLR-6006,C501168,cash deposit,461.81,CAD
CA00046737,2025-06-24,BR012,TLR-5512,C502826,cash deposit,667.31,CAD
CA00052046,2025-06-11,BR038,TLR-2480,C501141,cash withdrawal,351.43,CAD
CA00050213,2025-06-01,BR030,TLR-8197,C503179,cash deposit,178860,CAD
CA00045936,2025-06-26,BR008,TLR-3421,C502324,cash withdrawal,1704.63,CAD
CA00049255,2025-06-14,BR025,TLR-1734,C501114,cash deposit,699.4,CAD
CA00049180,2025-06-30,BR025,TLR-5862,C501888,cash deposit,69516,CAD
CA00052940,2025-06-30,BR040,TLR-9918,C501785,cash withdrawal,69349,CAD
CA00049751,2025-06-09,BR027,TLR-4840,C500368,cash deposit,719.95,CAD
CA00049253,2025-06-30,BR025,TLR-6587,C500546,cash deposit,174752,CAD
CA00052369,2025-06-04,BR040,TLR-2397,C501793,cash deposit,1639.71,CAD
CA00051369,2025-06-18,BR036,TLR-8056,C500291,cash withdrawal,1086.02,CAD
CA00048703,2025-06-14,BR023,TLR-9339,C501246,cash withdrawal,1302.42,CAD
CA00046543,2025-06-05,BR011,TLR-8044,C501134,cash withdrawal,208063,CAD
CA00044725,2025-06-11,BR002,TLR-6319,C500118,cash deposit,992.67,CAD
CA00044747,2025-06-28,BR002,TLR-7965,C502201,cash withdrawal,-65114,CAD
CA00047617,2025-06-29,BR017,TLR-3770,C501009,cash withdrawal,4520.3,CAD
CA00050293,2025-06-26,BR030,TLR-6910,C502402,cash deposit,3802.37,CAD
CA00050921,2025-06-10,BR034,TLR-4590,C500352,cash deposit,1417.97,CAD
CA00045527,2025-06-21,BR006,TLR-5133,C500005,cash deposit,390.73,CAD
CA00046031,2025-06-23,BR008,TLR-4238,C501619,cash deposit,1334.27,CAD
CA00049296,2025-06-15,BR025,TLR-6668,C503436,cash withdrawal,-513.77,CAD
CA00046316,2025-06-01,BR009,TLR-2651,C502080,cash deposit,647.96,CAD
CA00052780,2025-06-06,BR040,TLR-5917,C502067,cash deposit,837.85,CAD
CA00048969,2025-06-23,BR024,TLR-7672,C503197,cash deposit,414.48,CAD
CA00045946,2025-06-12,BR008,TLR-8885,C503980,cash withdrawal,177349,CAD
CA00051260,2025-06-08,BR035,TLR-6452,C502053,cash withdrawal,835.24,CAD
CA00052645,2025-06-29,BR040,TLR-1261,C500255,cash withdrawal,162197,CAD
CA00051740,2025-06-04,BR037,TLR-5840,C502021,cash withdrawal,31416,CAD
CA00045940,2025-06-23,BR008,TLR-3141,C500556,cash withdrawal,488.85,CAD
CA00050984,2025-06-18,BR034,TLR-2813,C502092,cash deposit,406.79,CAD
CA00053103,2025-06-14,BR040,TLR-3406,C501071,cash withdrawal,813.27,CAD
CA00045888,2025-06-27,BR008,TLR-1664,C501507,cash withdrawal,1294.44,CAD
CA00045594,2025-06-06,BR006,TLR-6854,C501858,cash deposit,3144.99,CAD
CA00047669,2025-06-10,BR017,TLR-8325,C500296,cash deposit,832.29,CAD
CA00052597,2025-06-19,BR040,TLR-8008,C500041,cash deposit,4102.88,CAD
CA00045296,2025-06-26,BR005,TLR-5568,C500569,cash withdrawal,367.59,CAD
CA00050911,2025-06-12,BR034,TLR-6948,C503219,cash deposit,4604.52,CAD
CA00048295,2025-06-19,BR020,TLR-8299,C502217,cash deposit,552.7,USD
CA00048916,2025-06-19,BR024,TLR-8648,C503506,cash deposit,40174,CAD
CA00053066,2025-06-11,BR040,TLR-1239,C502142,cash deposit,1124.18,CAD
CA00051424,2025-06-13,BR036,TLR-2955,C501407,cash withdrawal,1235.09,CAD
CA00050661,2025-06-09,BR032,TLR-1023,C503584,cash deposit,353.29,CAD
CA00050822,2025-06-13,BR033,TLR-7028,C502934,cash deposit,520.52,CAD
CA00047419,2025-06-02,BR016,TLR-9799,C503207,cash deposit,138089,CAD
CA00051604,2025-06-08,BR036,TLR-6748,C503911,cash withdrawal,1087.0,CAD
CA00049648,2025-06-09,BR027,TLR-4058,C503214,cash withdrawal,539.69,CAD
CA00044352,2025-06-19,BR001,TLR-1100,C503344,cash withdrawal,2103.75,CAD
CA00050300,2025-06-05,BR030,TLR-3753,C503560,cash withdrawal,294.28,CAD
CA00051070,2025-06-21,BR035,TLR-7714,C503905,cash withdrawal,529.74,CAD
CA00044567,2025-06-26,BR002,TLR-8095,C502680,cash deposit,690.35,CAD
CA00049959,2025-06-01,BR029,TLR-1659,C501043,cash withdrawal,93432,CAD
CA00045827,2025-06-16,BR007,TLR-1097,C503688,cash deposit,282.18,CAD
CA00048338,2025-06-17,BR020,TLR-3196,C502711,cash deposit,19087,USD
CA00050177,2025-06-04,BR030,TLR-6482,C501353,cash deposit,273.1,CAD
CA00049076,2025-06-06,BR024,TLR-8237,C502112,cash withdrawal,1391.01,CAD
CA00046618,2025-06-13,BR012,TLR-1166,C503637,cash withdrawal,3143.12,CAD
CA00048913,2025-06-07,BR024,TLR-3477,C503245,cash deposit,584.8,CAD
CA00051918,2025-06-11,BR038,TLR-2485,C503970,cash withdrawal,465.2,CAD
CA00044741,2025-06-04,BR002,TLR-6036,C503974,cash deposit,887.13,CAD
CA00046188,2025-06-25,BR009,TLR-9848,C502108,cash withdrawal,1336.31,CAD
CA00052546,2025-06-02,BR040,TLR-5661,C500103,cash deposit,166721,CAD
CA00048820,2025-06-15,BR024,TLR-4202,C500257,cash withdrawal,714.0,CAD
CA00045278,2025-06-07,BR005,TLR-7676,C502298,cash withdrawal,1112.92,CAD
CA00052216,2025-06-05,BR039,TLR-9616,C502520,cash withdrawal,1382.89,CAD
CA00044993,2025-06-13,BR003,TLR-5132,C503632,cash withdrawal,620.86,CAD
CA00050443,2025-06-03,BR031,TLR-1925,C501856,cash withdrawal,129564,CAD
CA00048659,2025-06-20,BR022,TLR-2382,C503802,cash deposit,151219,CAD
CA00046048,2025-06-11,BR008,TLR-7506,C500055,cash deposit,611.5,CAD
CA00047913,2025-06-26,BR018,TLR-8806,C500990,cash withdrawal,1258.33,CAD
CA00048764,2025-06-24,BR023,TLR-3066,C501290,cash withdrawal,1148.48,CAD
CA00052355,2025-06-16,BR040,TLR-3623,C501944,cash deposit,1170.34,CAD
CA00046143,2025-06-21,BR009,TLR-5385,C503896,cash withdrawal,421.05,CAD
CA00047324,2025-06-27,BR015,TLR-1559,C502039,cash deposit,4677.14,CAD
CA00046601,2025-06-02,BR012,TLR-7717,C502708,cash withdrawal,967.58,CAD
CA00052245,2025-06-13,BR039,TLR-7982,C503952,cash withdrawal,445.39,CAD
CA00045009,2025-06-21,BR003,TLR-8261,C501606,cash withdrawal,1175.57,CAD
CA00050096,2025-06-27,BR030,TLR-3735,C501829,cash deposit,1225.63,CAD
CA00052656,2025-06-23,BR040,TLR-6460,C500377,cash deposit,2975.34,CAD
CA00045658,2025-06-22,BR007,TLR-7617,C503270,cash deposit,1022.49,CAD
CA00051649,2025-06-01,BR037,TLR-4812,C500076,cash withdrawal,54415,CAD
CA00052348,2025-06-15,BR040,TLR-2900,C501397,cash deposit,429.01,CAD
CA00052168,2025-06-13,BR039,TLR-5836,C500109,cash withdrawal,893.32,CAD
CA00044634,2025-06-13,BR002,TLR-3931,C501002,cash deposit,437.02,CAD
CA00053005,2025-06-24,BR040,TLR-1679,C503321,cash withdrawal,617.55,CAD
CA00051844,2025-06-03,BR037,TLR-6582,C503347,cash deposit,251389,CAD
CA00048957,2025-06-22,BR024,TLR-7555,C502312,cash withdrawal,482.71,CAD
CA00045756,2025-06-25,BR007,TLR-6547,C503670,cash deposit,540.73,CAD
CA00045224,2025-06-27,BR004,TLR-5574,C502917,cash deposit,2998.59,CAD
CA00052617,2025-06-11,BR040,TLR-3151,C500142,cash deposit,623.95,CAD
CA00045509,2025-06-25,BR006,TLR-5444,C500026,cash deposit,173.78,CAD
CA00046781,2025-06-14,BR012,TLR-5784,C502926,cash deposit,767.23,CAD
CA00053075,2025-06-14,BR040,TLR-6287,C503553,cash deposit,1275.48,CAD
CA00047428,2025-06-27,BR016,TLR-5480,C502259,cash withdrawal,76648,CAD
CA00046439,2025-06-13,BR010,TLR-2165,C500215,cash deposit,61087,CAD
CA00052644,2025-06-07,BR040,TLR-1915,C501969,cash deposit,2838.72,CAD
CA00044751,2025-06-30,BR002,TLR-3518,C501566,cash withdrawal,-445.27,CAD
CA00050781,2025-06-09,BR033,TLR-8514,C502512,cash withdrawal,1325.92,CAD
CA00053125,2025-06-26,BR040,TLR-6520,C503673,cash deposit,634.55,CAD
CA00052801,2025-06-30,BR040,TLR-4036,C500392,cash deposit,1064.61,CAD
CA00053229,2025-06-07,BR040,TLR-5158,C502982,cash deposit,1973.43,CAD
CA00050530,2025-06-25,BR031,TLR-1067,C501639,cash deposit,129972,CAD
CA00051298,2025-06-08,BR036,TLR-7504,C503275,cash deposit,24807,CAD
CA00045847,2025-06-16,BR008,TLR-8640,C501373,cash deposit,1458.45,CAD
CA00051625,2025-06-23,BR037,TLR-2152,C502059,cash withdrawal,1563.41,CAD
CA00052087,2025-06-12,BR038,TLR-3469,C502487,cash deposit,43763,CAD
CA00044674,2025-06-22,BR002,TLR-8988,C500785,cash deposit,638.91,CAD
CA00048700,2025-06-07,BR023,TLR-9624,C502152,cash withdrawal,1425.54,CAD
CA00051903,2025-06-30,BR038,TLR-1287,C500530,cash withdrawal,1597.39,CAD
CA00045497,2025-06-14,BR006,TLR-3957,C501954,cash withdrawal,383.39,CAD
CA00050860,2025-06-04,BR034,TLR-1062,C503085,cash deposit,2699.39,CAD
CA00045328,2025-06-10,BR005,TLR-4119,C501614,cash withdrawal,1464.14,CAD
CA00049331,2025-06-25,BR026,TLR-5076,C502556,cash deposit,1354.85,CAD
CA00046388,2025-06-09,BR010,TLR-9341,C503846,cash withdrawal,694.76,CAD
CA00048398,2025-06-13,BR020,TLR-1094,C502503,cash deposit,857.28,USD
CA00046756,2025-06-13,BR012,TLR-4235,C503738,cash withdrawal,1560.61,CAD
CA00047988,2025-06-15,BR019,TLR-9031,C501104,cash withdrawal,2386.76,CAD
CA00047857,2025-06-10,BR018,TLR-6007,C503284,cash withdrawal,1432.25,CAD
CA00051452,2025-06-23,BR036,TLR-9818,C501609,cash withdrawal,2123.65,CAD
CA00052558,2025-06-14,BR040,TLR-8690,C501720,cash deposit,2477.13,CAD
CA00045305,2025-06-17,BR005,TLR-3238,C500518,cash deposit,595.82,CAD
CA00045149,2025-06-29,BR004,TLR-1249,C501612,cash withdrawal,520.04,CAD
CA00044537,2025-06-21,BR001,TLR-3353,C500625,cash deposit,761.69,CAD
CA00050708,2025-06-04,BR033,TLR-9109,C503795,cash withdrawal,127561,CAD
CA00050898,2025-06-21,BR034,TLR-3628,C503846,cash withdrawal,78154,CAD
CA00045666,2025-06-17,BR007,TLR-5584,C502991,cash deposit,548.66,CAD
CA00050367,2025-06-25,BR031,TLR-6962,C503847,cash withdrawal,1394.53,CAD
CA00046816,2025-06-05,BR013,TLR-2097,C500944,cash deposit,617.16,CAD
CA00047318,2025-06-29,BR015,TLR-9972,C503057,cash deposit,1969.65,CAD
CA00051820,2025-06-02,BR037,TLR-7267,C503429,cash withdrawal,367.61,CAD
CA00049739,2025-06-13,BR027,TLR-6581,C502779,cash withdrawal,2197.52,CAD
CA00052243,2025-06-01,BR039,TLR-1260,C502341,cash withdrawal,1724.42,CAD
CA00049679,2025-06-10,BR027,TLR-8560,C502975,cash deposit,606.03,CAD
CA00052144,2025-06-17,BR039,TLR-8249,C502594,cash deposit,140779,CAD
CA00044697,2025-06-02,BR002,TLR-7266,C502192,cash deposit,958.29,CAD
CA00047779,2025-06-24,BR017,TLR-5412,C503780,cash withdrawal,925.73,CAD
CA00051515,2025-06-23,BR036,TLR-5523,C500789,cash deposit,496.61,CAD
CA00052578,2025-06-19,BR040,TLR-8534,C502109,cash withdrawal,618.92,CAD
CA00049110,2025-06-30,BR025,TLR-1734,C500785,cash deposit,3444.3,CAD
CA00044832,2025-06-19,BR003,TLR-4060,C502111,cash deposit,1419.79,CAD
CA00046365,2025-06-26,BR010,TLR-5774,C500292,cash deposit,1765.56,CAD
CA00046391,2025-06-09,BR010,TLR-3005,C503012,cash withdrawal,528.58,CAD
CA00049160,2025-06-03,BR025,TLR-5304,C502779,cash withdrawal,-495.75,CAD
CA00049100,2025-06-25,BR025,TLR-3859,C502782,cash deposit,241.97,CAD
CA00049274,2025-06-29,BR025,TLR-2324,C503871,cash withdrawal,-1114.75,CAD
CA00050488,2025-06-14,BR031,TLR-4059,C502752,cash withdrawal,418.73,CAD
CA00051590,2025-06-19,BR036,TLR-7584,C503543,cash deposit,1388.59,CAD
CA00052897,2025-06-21,BR040,TLR-4031,C502077,cash deposit,896.16,CAD
CA00049414,2025-06-04,BR026,TLR-1874,C502660,cash deposit,853.53,CAD
CA00044640,2025-06-12,BR002,TLR-5383,C500254,cash deposit,487.58,CAD
CA00049498,2025-06-25,BR026,TLR-5651,C502744,cash withdrawal,-1067.75,CAD
CA00049288,2025-06-28,BR025,TLR-9973,C503994,cash withdrawal,-1399.82,CAD
CA00044522,2025-06-02,BR001,TLR-9086,C502566,cash deposit,890.4,CAD
CA00046185,2025-06-13,BR009,TLR-3532,C501574,cash withdrawal,1017.15,CAD
CA00050512,2025-06-20,BR031,TLR-1534,C502452,cash deposit,417.72,CAD
CA00051215,2025-06-21,BR035,TLR-1121,C503082,cash withdrawal,715.83,CAD
CA00048240,2025-06-22,BR020,TLR-5207,C501904,cash deposit,704.12,USD
CA00046611,2025-06-28,BR012,TLR-3114,C503546,cash deposit,1399.93,CAD
CA00050093,2025-06-25,BR030,TLR-8371,C503065,cash withdrawal,700.95,CAD
CA00049908,2025-06-17,BR029,TLR-5464,C503418,cash withdrawal,656.56,CAD
CA00050005,2025-06-06,BR029,TLR-2667,C502823,cash withdrawal,968.01,CAD
CA00046010,2025-06-06,BR008,TLR-1656,C503455,cash deposit,1546.13,CAD
CA00044407,2025-06-15,BR001,TLR-8859,C500353,cash withdrawal,1265.68,CAD
CA00047151,2025-06-04,BR015,TLR-2917,C502119,cash withdrawal,134604,CAD
CA00044533,2025-06-15,BR001,TLR-3429,C502774,cash deposit,2854.5,CAD
CA00050756,2025-06-30,BR033,TLR-5968,C500600,cash withdrawal,1028.63,CAD
CA00050644,2025-06-02,BR032,TLR-5482,C503027,cash withdrawal,4471.99,CAD
CA00050053,2025-06-22,BR030,TLR-1419,C503132,cash withdrawal,576.84,CAD
CA00047080,2025-06-22,BR014,TLR-9350,C503341,cash deposit,589.08,CAD
CA00046433,2025-06-18,BR010,TLR-2715,C501958,cash withdrawal,296.54,CAD
CA00049646,2025-06-08,BR027,TLR-8545,C501289,cash withdrawal,1944.06,CAD
CA00044821,2025-06-09,BR003,TLR-9281,C502082,cash withdrawal,1516.04,CAD
CA00051051,2025-06-19,BR035,TLR-1515,C502899,cash withdrawal,1025.57,CAD
CA00046927,2025-06-22,BR014,TLR-9906,C503360,cash deposit,1175.36,CAD
CA00048651,2025-06-25,BR022,TLR-7815,C503928,cash withdrawal,876.72,CAD
CA00051925,2025-06-17,BR038,TLR-8171,C503448,cash withdrawal,1136.12,CAD
CA00045811,2025-06-17,BR007,TLR-2181,C503987,cash withdrawal,88180,CAD
CA00044860,2025-06-17,BR003,TLR-8461,C500162,cash withdrawal,534.32,CAD
CA00050876,2025-06-22,BR034,TLR-5674,C503823,cash withdrawal,166.8,CAD
CA00052025,2025-06-26,BR038,TLR-4992,C501704,cash deposit,49298,CAD
CA00052885,2025-06-25,BR040,TLR-4546,C502466,cash deposit,371.76,CAD
CA00045512,2025-06-20,BR006,TLR-8194,C501771,cash withdrawal,1291.23,CAD
CA00052180,2025-06-22,BR039,TLR-9146,C500259,cash deposit,2467.99,CAD
CA00051135,2025-06-18,BR035,TLR-5397,C503388,cash deposit,777.85,CAD
CA00049327,2025-06-22,BR026,TLR-2872,C501197,cash withdrawal,-1121.49,CAD
CA00046434,2025-06-24,BR010,TLR-5210,C503106,cash deposit,4345.16,CAD
CA00045872,2025-06-24,BR008,TLR-4123,C502045,cash withdrawal,1139.76,CAD
CA00044951,2025-06-17,BR003,TLR-8722,C500580,cash deposit,985.73,CAD
CA00048527,2025-06-02,BR021,TLR-9748,C500087,cash withdrawal,713.79,CAD
CA00047974,2025-06-11,BR019,TLR-5864,C502501,cash withdrawal,774.49,CAD
CA00044898,2025-06-10,BR003,TLR-1318,C502550,cash deposit,993.05,CAD
CA00049162,2025-06-18,BR025,TLR-3922,C501079,cash deposit,1469.56,CAD
CA00048145,2025-06-04,BR019,TLR-8869,C500747,cash withdrawal,137310,CAD
CA00052081,2025-06-10,BR038,TLR-4221,C502282,cash withdrawal,1387.89,CAD
CA00046888,2025-06-21,BR013,TLR-8222,C500311,cash deposit,941.84,CAD
CA00052795,2025-06-09,BR040,TLR-3109,C503972,cash deposit,421921,CAD
CA00046666,2025-06-04,BR012,TLR-4699,C502866,cash withdrawal,1039.11,CAD
CA00051201,2025-06-07,BR035,TLR-6954,C503121,cash withdrawal,42117,CAD
CA00049114,2025-06-15,BR025,TLR-8171,C501219,cash deposit,771.26,CAD
CA00045388,2025-06-24,BR006,TLR-1195,C502836,cash deposit,688.19,CAD
CA00052717,2025-06-01,BR040,TLR-6954,C501861,cash withdrawal,5233.89,CAD
CA00048862,2025-06-08,BR024,TLR-9406,C501433,cash deposit,398.0,CAD
CA00051170,2025-06-26,BR035,TLR-2094,C500131,cash deposit,380717,CAD
CA00050004,2025-06-21,BR029,TLR-5065,C502472,cash deposit,1442.45,CAD
CA00049978,2025-06-12,BR029,TLR-2185,C501077,cash withdrawal,1212.52,CAD
CA00047569,2025-06-20,BR016,TLR-6871,C501098,cash withdrawal,1277.37,CAD
CA00052710,2025-06-29,BR040,TLR-7299,C502004,cash deposit,2251.38,CAD
CA00049972,2025-06-18,BR029,TLR-5539,C502758,cash deposit,1169.65,CAD
CA00048373,2025-06-13,BR020,TLR-1583,C502535,cash deposit,572.4,USD
CA00044415,2025-06-27,BR001,TLR-3502,C503393,cash deposit,1380.87,CAD
CA00050562,2025-06-07,BR032,TLR-5916,C500901,cash withdrawal,41045,CAD
CA00052791,2025-06-07,BR040,TLR-8764,C503463,cash withdrawal,2032.7,CAD
CA00052796,2025-06-13,BR040,TLR-2225,C502541,cash withdrawal,1133.98,CAD
CA00051110,2025-06-23,BR035,TLR-8842,C501104,cash withdrawal,1387.29,CAD
CA00046597,2025-06-19,BR012,TLR-6656,C501030,cash deposit,41371,CAD
CA00051006,2025-06-23,BR034,TLR-7437,C502979,cash withdrawal,292.89,CAD
CA00051610,2025-06-01,BR036,TLR-4531,C503360,cash deposit,1428.24,CAD
CA00044549,2025-06-06,BR001,TLR-1940,C503595,cash withdrawal,740.98,CAD
CA00045860,2025-06-24,BR008,TLR-8960,C503439,cash deposit,77722,CAD
CA00050277,2025-06-30,BR030,TLR-8689,C500987,cash deposit,7496.08,CAD
CA00050458,2025-06-01,BR031,TLR-2625,C501083,cash deposit,1271.54,CAD
CA00051392,2025-06-25,BR036,TLR-2906,C500729,cash deposit,1207.12,CAD
CA00046025,2025-06-06,BR008,TLR-7778,C501431,cash withdrawal,209.78,CAD
CA00049334,2025-06-28,BR026,TLR-5777,C500657,cash withdrawal,-1177.89,CAD
CA00048738,2025-06-28,BR023,TLR-3134,C500288,cash deposit,1532.66,CAD
CA00052797,2025-06-18,BR040,TLR-8089,C500155,cash deposit,929.46,CAD
CA00051802,2025-06-16,BR037,TLR-8889,C502359,cash deposit,935.92,CAD
CA00047977,2025-06-19,BR019,TLR-5399,C502570,cash deposit,51546,CAD
CA00051136,2025-06-24,BR035,TLR-5548,C501767,cash deposit,444.18,CAD
CA00050065,2025-06-25,BR030,TLR-2027,C501667,cash withdrawal,45440,CAD
CA00045164,2025-06-16,BR004,TLR-7203,C500418,cash withdrawal,502.75,CAD
CA00046159,2025-06-17,BR009,TLR-6054,C501843,cash deposit,60823,CAD
CA00044420,2025-06-15,BR001,TLR-7249,C501567,cash deposit,1951.03,CAD
CA00048683,2025-06-13,BR023,TLR-8033,C500766,cash withdrawal,53664,CAD
CA00045604,2025-06-19,BR006,TLR-7113,C502088,cash deposit,1301.51,CAD
CA00044577,2025-06-12,BR002,TLR-2054,C500564,cash deposit,810.17,CAD
CA00049639,2025-06-04,BR027,TLR-4017,C502383,cash withdrawal,71473,CAD
CA00050850,2025-06-25,BR034,TLR-5042,C501432,cash withdrawal,2337.27,CAD
CA00048024,2025-06-26,BR019,TLR-4444,C501546,cash deposit,826.43,CAD
CA00046236,2025-06-26,BR009,TLR-2413,C501451,cash withdrawal,2093.75,CAD
CA00047897,2025-06-15,BR018,TLR-3507,C501577,cash withdrawal,585.84,CAD
CA00050104,2025-06-10,BR030,TLR-5961,C503764,cash withdrawal,312.34,CAD
CA00051183,2025-06-02,BR035,TLR-9145,C501034,cash withdrawal,1123.06,CAD
CA00047929,2025-06-13,BR018,TLR-2760,C502886,cash deposit,317.36,CAD
CA00051247,2025-06-06,BR035,TLR-1274,C500395,cash deposit,662.18,CAD
CA00047618,2025-06-22,BR017,TLR-1841,C502968,cash deposit,1023.52,CAD
CA00052397,2025-06-30,BR040,TLR-4096,C500887,cash withdrawal,910.66,CAD
CA00047938,2025-06-08,BR018,TLR-6000,C503109,cash deposit,2469.36,CAD
CA00049571,2025-06-17,BR027,TLR-8702,C500349,cash withdrawal,671.53,CAD
CA00047507,2025-06-14,BR016,TLR-9854,C500182,cash withdrawal,1608.76,CAD
CA00048832,2025-06-02,BR024,TLR-4164,C502438,cash withdrawal,1218.96,CAD
CA00049155,2025-06-30,BR025,TLR-6679,C502642,cash deposit,131774,CAD
CA00046909,2025-06-25,BR014,TLR-9399,C501843,cash withdrawal,825.58,CAD
CA00045167,2025-06-04,BR004,TLR-9810,C501592,cash deposit,47398,CAD
CA00052671,2025-06-13,BR040,TLR-4755,C502819,cash deposit,621.55,CAD
CA00044312,2025-06-01,BR001,TLR-4631,C502019,cash deposit,1193.41,CAD
CA00048133,2025-06-17,BR019,TLR-8988,C501729,cash withdrawal,878.57,CAD
CA00050170,2025-06-19,BR030,TLR-5020,C501871,cash deposit,774.14,CAD
CA00050802,2025-06-01,BR033,TLR-4087,C501624,cash withdrawal,1379.99,CAD
CA00047870,2025-06-20,BR018,TLR-6354,C500868,cash deposit,2200.47,CAD
CA00049832,2025-06-18,BR028,TLR-8428,C502255,cash withdrawal,1583.8,CAD
CA00045395,2025-06-17,BR006,TLR-7915,C500480,cash deposit,310.33,CAD
CA00051152,2025-06-19,BR035,TLR-8140,C501880,cash withdrawal,907.51,CAD
CA00047268,2025-06-17,BR015,TLR-4424,C502814,cash deposit,2023.26,CAD
CA00049452,2025-06-08,BR026,TLR-5001,C503034,cash deposit,2235.58,CAD
CA00050973,2025-06-18,BR034,TLR-4554,C502578,cash withdrawal,527.7,CAD
CA00046529,2025-06-13,BR011,TLR-9327,C500576,cash deposit,1032.45,CAD
CA00050778,2025-06-04,BR033,TLR-6826,C502194,cash withdrawal,95106,CAD
CA00045421,2025-06-21,BR006,TLR-4795,C503702,cash withdrawal,954.16,CAD
CA00052788,2025-06-05,BR040,TLR-8056,C503646,cash withdrawal,1165.28,CAD
CA00049252,2025-06-28,BR025,TLR-4642,C501713,cash deposit,810.86,CAD
CA00051557,2025-06-01,BR036,TLR-2802,C502813,cash withdrawal,1531.27,CAD
CA00048273,2025-06-21,BR020,TLR-4116,C502927,cash withdrawal,1513.14,USD
CA00050494,2025-06-28,BR031,TLR-3974,C503038,cash withdrawal,280.04,CAD
CA00046640,2025-06-09,BR012,TLR-6424,C500455,cash deposit,39738,CAD
CA00047437,2025-06-01,BR016,TLR-3100,C501358,cash withdrawal,884.23,CAD
CA00051343,2025-06-09,BR036,TLR-3180,C501769,cash deposit,893.72,CAD
CA00048208,2025-06-28,BR019,TLR-7529,C502950,cash deposit,1255.64,CAD
CA00044876,2025-06-04,BR003,TLR-1767,C501518,cash withdrawal,1067.5,CAD
CA00047560,2025-06-26,BR016,TLR-2178,C503324,cash withdrawal,2396.53,CAD
CA00046777,2025-06-08,BR012,TLR-1178,C503239,cash withdrawal,1251.74,CAD
CA00052167,2025-06-24,BR039,TLR-3616,C503037,cash withdrawal,49563,CAD
CA00048231,2025-06-30,BR020,TLR-5815,C503828,cash withdrawal,193.01,USD
CA00047211,2025-06-02,BR015,TLR-4980,C500697,cash deposit,28200,CAD
CA00051546,2025-06-28,BR036,TLR-9661,C500907,cash deposit,3775.18,CAD
CA00048988,2025-06-05,BR024,TLR-9128,C502527,cash withdrawal,464.38,CAD
CA00045212,2025-06-06,BR004,TLR-1216,C503463,cash deposit,435.05,CAD
CA00050415,2025-06-29,BR031,TLR-7152,C503985,cash withdrawal,116302,CAD
CA00047712,2025-06-30,BR017,TLR-8504,C501527,cash deposit,1690.22,CAD
CA00051036,2025-06-14,BR035,TLR-1944,C500515,cash withdrawal,483.35,CAD
CA00047461,2025-06-11,BR016,TLR-3253,C503800,cash withdrawal,1016.07,CAD
CA00044753,2025-06-21,BR002,TLR-1255,C500658,cash deposit,100671,CAD
CA00050768,2025-06-25,BR033,TLR-6844,C502950,cash deposit,4960.84,CAD
CA00050606,2025-06-26,BR032,TLR-3634,C502574,cash withdrawal,2502.98,CAD
CA00046683,2025-06-10,BR012,TLR-8403,C502979,cash deposit,2160.82,CAD
CA00051142,2025-06-04,BR035,TLR-8062,C500700,cash deposit,1059.87,CAD
CA00048587,2025-06-15,BR021,TLR-8291,C502967,cash withdrawal,101433,CAD
CA00050454,2025-06-09,BR031,TLR-3614,C500068,cash withdrawal,4203.0,CAD
CA00049606,2025-06-18,BR027,TLR-4958,C502036,cash deposit,152953,CAD
CA00052802,2025-06-13,BR040,TLR-5170,C503624,cash deposit,1015.23,CAD
CA00051959,2025-06-07,BR038,TLR-8477,C503851,cash withdrawal,1144.3,CAD
CA00052345,2025-06-11,BR040,TLR-5492,C500001,cash withdrawal,67437,CAD
CA00049496,2025-06-01,BR026,TLR-6321,C502867,cash withdrawal,-1208.36,CAD
CA00052270,2025-06-09,BR039,TLR-7088,C501252,cash deposit,921.24,CAD
CA00046093,2025-06-23,BR008,TLR-2016,C501805,cash withdrawal,355.81,CAD
CA00050222,2025-06-09,BR030,TLR-8939,C500889,cash withdrawal,651.08,CAD
CA00050637,2025-06-18,BR032,TLR-6694,C501141,cash deposit,3122.33,CAD
CA00052303,2025-06-23,BR040,TLR-8072,C501855,cash deposit,1161.36,CAD
CA00051511,2025-06-07,BR036,TLR-5591,C503452,cash deposit,66413,CAD
CA00045078,2025-06-26,BR004,TLR-7713,C502636,cash withdrawal,940.5,CAD
CA00045764,2025-06-22,BR007,TLR-3583,C501332,cash deposit,2001.22,CAD
CA00048186,2025-06-14,BR019,TLR-2852,C500498,cash deposit,2123.44,CAD
CA00049961,2025-06-05,BR029,TLR-6565,C500359,cash deposit,1450.11,CAD
CA00050040,2025-06-28,BR030,TLR-6167,C503817,cash deposit,512.63,CAD
CA00047407,2025-06-27,BR015,TLR-8995,C501883,cash withdrawal,92835,CAD
CA00051052,2025-06-28,BR035,TLR-3635,C503315,cash withdrawal,409.41,CAD
CA00049118,2025-06-28,BR025,TLR-9447,C500191,cash deposit,854.51,CAD
CA00047201,2025-06-30,BR015,TLR-9069,C503613,cash withdrawal,852.1,CAD
CA00045299,2025-06-04,BR005,TLR-6417,C501152,cash withdrawal,1959.37,CAD
CA00048029,2025-06-13,BR019,TLR-2946,C500569,cash withdrawal,848.59,CAD
CA00052311,2025-06-26,BR040,TLR-7431,C501176,cash deposit,2108.31,CAD
CA00050722,2025-06-21,BR033,TLR-7301,C501993,cash deposit,331.75,CAD
CA00046645,2025-06-05,BR012,TLR-6035,C500497,cash withdrawal,1194.31,CAD
CA00046412,2025-06-25,BR010,TLR-7625,C500402,cash withdrawal,55647,CAD
CA00048124,2025-06-21,BR019,TLR-3656,C503346,cash withdrawal,654.63,CAD
CA00048071,2025-06-02,BR019,TLR-5183,C502594,cash deposit,208.9,CAD
CA00053106,2025-06-28,BR040,TLR-7152,C503604,cash deposit,1145.78,CAD
CA00047746,2025-06-19,BR017,TLR-5829,C500831,cash withdrawal,775.78,CAD
CA00051426,2025-06-10,BR036,TLR-9053,C500737,cash withdrawal,802.97,CAD
CA00050036,2025-06-26,BR030,TLR-2853,C503884,cash deposit,1742.16,CAD
CA00051533,2025-06-23,BR036,TLR-2647,C500339,cash withdrawal,1318.67,CAD
CA00045040,2025-06-09,BR004,TLR-1778,C503003,cash deposit,716.23,CAD
CA00051764,2025-06-18,BR037,TLR-4034,C502336,cash withdrawal,543.75,CAD
CA00052663,2025-06-26,BR040,TLR-4142,C501950,cash withdrawal,2043.17,CAD
CA00051839,2025-06-09,BR037,TLR-8170,C500724,cash withdrawal,397.03,CAD
CA00049684,2025-06-12,BR027,TLR-2165,C503166,cash withdrawal,1858.08,CAD
CA00049293,2025-06-05,BR025,TLR-8368,C500008,cash deposit,274.58,CAD
CA00045516,2025-06-17,BR006,TLR-2573,C503905,cash deposit,1086.32,CAD
CA00049937,2025-06-20,BR029,TLR-6216,C502835,cash withdrawal,826.14,CAD
CA00052883,2025-06-20,BR040,TLR-9741,C502849,cash deposit,3740.38,CAD
CA00045884,2025-06-25,BR008,TLR-7223,C503478,cash withdrawal,432.57,CAD
CA00048624,2025-06-06,BR022,TLR-7394,C500137,cash deposit,1094.07,CAD
CA00045309,2025-06-18,BR005,TLR-6736,C503585,cash withdrawal,853.59,CAD
CA00052011,2025-06-13,BR038,TLR-1172,C501206,cash withdrawal,61244,CAD
CA00049764,2025-06-19,BR028,TLR-4213,C502611,cash withdrawal,1204.02,CAD
CA00044600,2025-06-10,BR002,TLR-5087,C502185,cash withdrawal,-1042.45,CAD
CA00044931,2025-06-16,BR003,TLR-5083,C502213,cash deposit,1701.15,CAD
CA00052191,2025-06-05,BR039,TLR-8326,C502942,cash deposit,1224.05,CAD
CA00051693,2025-06-20,BR037,TLR-2690,C503493,cash deposit,712.03,CAD
CA00052589,2025-06-05,BR040,TLR-6841,C501825,cash deposit,2273.76,CAD
CA00052202,2025-06-06,BR039,TLR-9684,C503336,cash deposit,876.66,CAD
CA00048179,2025-06-09,BR019,TLR-2996,C502126,cash withdrawal,965.17,CAD
CA00047166,2025-06-08,BR015,TLR-9710,C500025,cash deposit,516072,CAD
CA00047446,2025-06-28,BR016,TLR-9572,C501470,cash deposit,1419.89,CAD
CA00053249,2025-06-06,BR040,TLR-3227,C501162,cash withdrawal,755.82,CAD
CA00051928,2025-06-10,BR038,TLR-5020,C501409,cash withdrawal,4369.78,CAD
CA00045625,2025-06-07,BR006,TLR-6425,C501367,cash deposit,618.03,CAD
CA00044506,2025-06-28,BR001,TLR-6004,C501524,cash deposit,1004.52,CAD
CA00044734,2025-06-24,BR002,TLR-9986,C502039,cash withdrawal,-280.49,CAD
CA00045407,2025-06-06,BR006,TLR-6593,C502420,cash withdrawal,610.2,CAD
CA00048522,2025-06-07,BR021,TLR-1753,C502940,cash withdrawal,1324.08,CAD
CA00049318,2025-06-11,BR026,TLR-9771,C502400,cash withdrawal,-220.13,CAD
CA00047448,2025-06-06,BR016,TLR-1783,C502448,cash deposit,2074.21,CAD
CA00052522,2025-06-29,BR040,TLR-1289,C500726,cash deposit,96308,CAD
CA00052830,2025-06-27,BR040,TLR-4092,C503665,cash deposit,161474,CAD
CA00048807,2025-06-28,BR024,TLR-5339,C502606,cash deposit,2541.51,CAD
CA00044945,2025-06-24,BR003,TLR-7569,C501215,cash deposit,2780.49,CAD
CA00046603,2025-06-26,BR012,TLR-2557,C502252,cash withdrawal,3028.7,CAD
CA00051507,2025-06-17,BR036,TLR-8801,C502522,cash deposit,414.51,CAD
CA00051782,2025-06-11,BR037,TLR-3001,C501553,cash withdrawal,594.84,CAD
CA00044622,2025-06-07,BR002,TLR-5065,C503052,cash withdrawal,-199907,CAD
CA00052567,2025-06-28,BR040,TLR-2905,C503936,cash deposit,398.12,CAD
CA00045999,2025-06-23,BR008,TLR-6245,C500723,cash deposit,1176.98,CAD
CA00050687,2025-06-13,BR033,TLR-3739,C500916,cash deposit,2515.81,CAD
CA00044330,2025-06-11,BR001,TLR-3975,C501840,cash withdrawal,4620.79,CAD
CA00052837,2025-06-21,BR040,TLR-4316,C503185,cash deposit,545.31,CAD
CA00051377,2025-06-05,BR036,TLR-3669,C503564,cash withdrawal,1175.27,CAD
CA00044476,2025-06-07,BR001,TLR-8011,C502197,cash withdrawal,1336.32,CAD
CA00047255,2025-06-08,BR015,TLR-8641,C502762,cash withdrawal,1200.72,CAD
CA00044480,2025-06-02,BR001,TLR-2211,C500298,cash withdrawal,819.78,CAD
CA00045661,2025-06-10,BR007,TLR-8311,C502238,cash withdrawal,2933.22,CAD
CA00048531,2025-06-28,BR021,TLR-5821,C503792,cash withdrawal,682.13,CAD
CA00049868,2025-06-08,BR028,TLR-2631,C501928,cash deposit,96118,CAD
CA00049362,2025-06-16,BR026,TLR-9912,C503648,cash deposit,574.21,CAD
CA00049363,2025-06-19,BR026,TLR-9457,C503461,cash deposit,4001.11,CAD
CA00049171,2025-06-07,BR025,TLR-2061,C500014,cash withdrawal,-745.36,CAD
CA00051133,2025-06-25,BR035,TLR-9044,C500052,cash withdrawal,129685,CAD
CA00048963,2025-06-26,BR024,TLR-1313,C502851,cash withdrawal,1144.26,CAD
CA00046172,2025-06-27,BR009,TLR-7690,C500551,cash deposit,317.98,CAD
CA00049338,2025-06-17,BR026,TLR-3435,C503588,cash deposit,462.3,CAD
CA00044658,2025-06-10,BR002,TLR-7255,C501233,cash deposit,1533.87,CAD
CA00044920,2025-06-16,BR003,TLR-6173,C503348,cash withdrawal,2373.55,CAD
CA00049127,2025-06-23,BR025,TLR-1461,C501382,cash deposit,1152.97,CAD
CA00052704,2025-06-19,BR040,TLR-1554,C502622,cash withdrawal,5958.41,CAD
CA00051131,2025-06-21,BR035,TLR-3038,C500563,cash deposit,2700.13,CAD
CA00045561,2025-06-12,BR006,TLR-4927,C500185,cash withdrawal,5045.36,CAD
CA00044627,2025-06-08,BR002,TLR-9261,C503228,cash deposit,82890,CAD
CA00049374,2025-06-17,BR026,TLR-9008,C500988,cash withdrawal,-1120.11,CAD
CA00051284,2025-06-22,BR035,TLR-3529,C500903,cash deposit,1461.31,CAD
CA00044374,2025-06-21,BR001,TLR-6098,C501026,cash deposit,405.25,CAD
CA00044591,2025-06-25,BR002,TLR-5877,C502551,cash deposit,1219.49,CAD
CA00050899,2025-06-07,BR034,TLR-3626,C500034,cash withdrawal,143244,CAD
CA00047126,2025-06-30,BR015,TLR-6143,C503670,cash deposit,1547.04,CAD
CA00051116,2025-06-22,BR035,TLR-6972,C503636,cash withdrawal,1059.56,CAD
CA00053081,2025-06-12,BR040,TLR-3880,C502401,cash withdrawal,1147.85,CAD
CA00049610,2025-06-18,BR027,TLR-5663,C500451,cash deposit,1662.79,CAD
CA00049823,2025-06-10,BR028,TLR-6014,C501914,cash deposit,2382.58,CAD
CA00046770,2025-06-22,BR012,TLR-2653,C500049,cash deposit,4251.87,CAD
CA00046532,2025-06-22,BR011,TLR-7233,C501496,cash withdrawal,480.38,CAD
CA00044518,2025-06-27,BR001,TLR-9362,C500303,cash deposit,890.85,CAD
CA00053210,2025-06-26,BR040,TLR-7325,C503079,cash withdrawal,3513.58,CAD
CA00046685,2025-06-02,BR012,TLR-7484,C503761,cash deposit,1373.39,CAD
CA00051420,2025-06-12,BR036,TLR-1038,C500339,cash withdrawal,1342.29,CAD
CA00049732,2025-06-12,BR027,TLR-4540,C502996,cash deposit,1075.36,CAD
CA00051931,2025-06-05,BR038,TLR-9641,C500061,cash deposit,222.39,CAD
CA00052601,2025-06-24,BR040,TLR-9956,C500261,cash withdrawal,1182.72,CAD
CA00052729,2025-06-04,BR040,TLR-7103,C500733,cash withdrawal,1540.45,CAD
CA00046986,2025-06-06,BR014,TLR-8016,C503598,cash deposit,1109.53,CAD
CA00048016,2025-06-27,BR019,TLR-5295,C502272,cash deposit,3597.05,CAD
CA00052999,2025-06-09,BR040,TLR-1883,C503499,cash deposit,2600.72,CAD
CA00053156,2025-06-08,BR040,TLR-8109,C501780,cash deposit,622.64,CAD
CA00049368,2025-06-18,BR026,TLR-5580,C501823,cash deposit,286.11,CAD
CA00045255,2025-06-29,BR004,TLR-3701,C500743,cash deposit,1447.52,CAD
CA00046272,2025-06-08,BR009,TLR-6812,C502555,cash deposit,652.56,CAD
CA00052098,2025-06-09,BR038,TLR-1487,C501921,cash deposit,843.22,CAD
CA00053002,2025-06-16,BR040,TLR-4551,C503795,cash deposit,417.5,CAD
CA00050296,2025-06-20,BR030,TLR-7421,C503108,cash withdrawal,2056.16,CAD
CA00048191,2025-06-27,BR019,TLR-8628,C500837,cash withdrawal,2995.06,CAD
CA00053152,2025-06-21,BR040,TLR-9648,C500662,cash withdrawal,2054.95,CAD
CA00045437,2025-06-30,BR006,TLR-8613,C502885,cash withdrawal,470.68,CAD
CA00052434,2025-06-02,BR040,TLR-6927,C503454,cash deposit,1165.17,CAD
CA00052931,2025-06-16,BR040,TLR-5363,C503138,cash withdrawal,825.26,CAD
CA00053026,2025-06-29,BR040,TLR-4352,C501218,cash deposit,881.37,CAD
CA00046560,2025-06-20,BR011,TLR-7780,C502168,cash deposit,246544,CAD
CA00050941,2025-06-27,BR034,TLR-8271,C503715,cash deposit,62486,CAD
CA00044509,2025-06-18,BR001,TLR-3649,C503894,cash withdrawal,4583.89,CAD
CA00044310,2025-06-28,BR001,TLR-8438,C500219,cash withdrawal,1098.39,CAD
CA00052242,2025-06-18,BR039,TLR-1179,C501639,cash withdrawal,1257.65,CAD
CA00045131,2025-06-15,BR004,TLR-8582,C501309,cash withdrawal,2442.49,CAD
CA00052174,2025-06-29,BR039,TLR-6091,C503007,cash deposit,1767.12,CAD
CA00047776,2025-06-14,BR017,TLR-5408,C501724,cash withdrawal,1117.7,CAD
CA00048866,2025-06-25,BR024,TLR-6091,C502427,cash withdrawal,678.96,CAD
CA00047760,2025-06-20,BR017,TLR-4031,C503776,cash deposit,51285,CAD
CA00044427,2025-06-09,BR001,TLR-5318,C502553,cash deposit,91871,CAD
CA00046211,2025-06-04,BR009,TLR-7281,C501209,cash deposit,1441.19,CAD
CA00053183,2025-06-12,BR040,TLR-2994,C502129,cash deposit,888.57,CAD
CA00050050,2025-06-12,BR030,TLR-4122,C502177,cash deposit,1270.83,CAD
CA00044685,2025-06-25,BR002,TLR-3216,C500996,cash withdrawal,-41290,CAD
CA00051356,2025-06-28,BR036,TLR-3509,C501165,cash withdrawal,1844.81,CAD
CA00049924,2025-06-26,BR029,TLR-9641,C503463,cash withdrawal,361.32,CAD
CA00050321,2025-06-30,BR030,TLR-8510,C501581,cash withdrawal,3866.07,CAD
CA00048243,2025-06-28,BR020,TLR-7663,C502882,cash deposit,266.9,USD
CA00046376,2025-06-30,BR010,TLR-4209,C502945,cash withdrawal,968.64,CAD
CA00048791,2025-06-22,BR024,TLR-2033,C502598,cash deposit,1227.22,CAD
CA00050349,2025-06-05,BR031,TLR-4140,C500047,cash deposit,1219.53,CAD
CA00048819,2025-06-01,BR024,TLR-6207,C500799,cash deposit,1426.09,CAD
CA00044589,2025-06-25,BR002,TLR-2280,C503071,cash withdrawal,-830.21,CAD
CA00046410,2025-06-19,BR010,TLR-2124,C503205,cash deposit,310.86,CAD
CA00048385,2025-06-09,BR020,TLR-6462,C500637,cash deposit,758.08,USD
CA00047919,2025-06-24,BR018,TLR-5745,C501834,cash withdrawal,1096.03,CAD
CA00052815,2025-06-19,BR040,TLR-7584,C502789,cash deposit,68752,CAD
CA00045706,2025-06-29,BR007,TLR-2112,C502928,cash withdrawal,913.71,CAD
CA00047220,2025-06-13,BR015,TLR-7551,C501042,cash withdrawal,2559.91,CAD
CA00047141,2025-06-21,BR015,TLR-7942,C503426,cash withdrawal,71017,CAD
CA00053176,2025-06-26,BR040,TLR-9060,C502975,cash deposit,349.9,CAD
CA00047766,2025-06-16,BR017,TLR-5413,C502773,cash deposit,715.14,CAD
CA00052593,2025-06-28,BR040,TLR-2492,C502615,cash deposit,154444,CAD
CA00046496,2025-06-16,BR010,TLR-4721,C502297,cash withdrawal,757.91,CAD
CA00048704,2025-06-21,BR023,TLR-8440,C503850,cash deposit,177846,CAD
CA00052720,2025-06-21,BR040,TLR-4912,C503492,cash withdrawal,664.55,CAD
CA00046836,2025-06-07,BR013,TLR-5534,C501115,cash withdrawal,755.91,CAD
CA00051512,2025-06-14,BR036,TLR-6595,C503251,cash withdrawal,581.6,CAD
CA00052204,2025-06-30,BR039,TLR-8910,C501392,cash withdrawal,3326.28,CAD
CA00045948,2025-06-02,BR008,TLR-9293,C500605,cash deposit,1683.04,CAD
CA00051537,2025-06-07,BR036,TLR-8215,C502609,cash withdrawal,1486.59,CAD
CA00052859,2025-06-24,BR040,TLR-5423,C502333,cash deposit,695.76,CAD
CA00048674,2025-06-22,BR022,TLR-9430,C502690,cash withdrawal,790.24,CAD
CA00048261,2025-06-22,BR020,TLR-8904,C503306,cash deposit,237.7,USD
CA00046832,2025-06-21,BR013,TLR-7176,C502942,cash deposit,1194.47,CAD
CA00051007,2025-06-11,BR034,TLR-5467,C503573,cash deposit,934.71,CAD
CA00047177,2025-06-22,BR015,TLR-8442,C502420,cash withdrawal,1309.25,CAD
CA00050505,2025-06-27,BR031,TLR-4231,C503668,cash withdrawal,2154.28,CAD
CA00045914,2025-06-21,BR008,TLR-3705,C503377,cash deposit,672.11,CAD
CA00046843,2025-06-25,BR013,TLR-7463,C500106,cash withdrawal,783.36,CAD
CA00044963,2025-06-18,BR003,TLR-9618,C501872,cash deposit,1277.98,CAD
CA00049808,2025-06-17,BR028,TLR-6192,C502438,cash withdrawal,1799.94,CAD
CA00047960,2025-06-21,BR018,TLR-5205,C501812,cash withdrawal,363165,CAD
CA00047376,2025-06-07,BR015,TLR-6467,C502838,cash deposit,1845.45,CAD
CA00046413,2025-06-19,BR010,TLR-9785,C500798,cash withdrawal,252245,CAD
CA00048663,2025-06-19,BR022,TLR-1904,C500664,cash deposit,955.43,CAD
CA00050681,2025-06-13,BR032,TLR-5046,C502371,cash deposit,914.95,CAD
CA00045302,2025-06-03,BR005,TLR-4361,C502656,cash deposit,247.36,CAD
CA00048591,2025-06-16,BR021,TLR-1773,C500972,cash deposit,561.22,CAD
CA00051510,2025-06-27,BR036,TLR-2229,C500134,cash withdrawal,466.49,CAD
CA00053017,2025-06-20,BR040,TLR-3106,C503598,cash deposit,760.51,CAD
CA00051034,2025-06-22,BR035,TLR-1519,C502361,cash withdrawal,830.45,CAD
CA00049425,2025-06-17,BR026,TLR-1149,C500769,cash deposit,1064.34,CAD
CA00045819,2025-06-04,BR007,TLR-2667,C500263,cash withdrawal,616.86,CAD
CA00047509,2025-06-25,BR016,TLR-2485,C503505,cash deposit,980.02,CAD
CA00045823,2025-06-12,BR007,TLR-2802,C500206,cash withdrawal,2202.4,CAD
CA00053034,2025-06-13,BR040,TLR-1237,C500832,cash withdrawal,2169.69,CAD
CA00044904,2025-06-26,BR003,TLR-5294,C501186,cash deposit,1628.86,CAD
CA00044306,2025-06-30,BR001,TLR-4962,C501099,cash withdrawal,1996.35,CAD
CA00052765,2025-06-15,BR040,TLR-4818,C500521,cash withdrawal,483.87,CAD
CA00045842,2025-06-20,BR007,TLR-7971,C503355,cash deposit,1527.28,CAD
CA00051524,2025-06-16,BR036,TLR-2087,C502523,cash deposit,838.95,CAD
CA00050749,2025-06-10,BR033,TLR-7338,C503718,cash withdrawal,64711,CAD
CA00048594,2025-06-14,BR021,TLR-8139,C500515,cash withdrawal,1897.63,CAD
CA00047502,2025-06-23,BR016,TLR-7014,C500776,cash withdrawal,405.58,CAD
CA00050229,2025-06-11,BR030,TLR-5896,C503973,cash withdrawal,1511.82,CAD
CA00047639,2025-06-04,BR017,TLR-4043,C502554,cash deposit,320.25,CAD
CA00051013,2025-06-13,BR035,TLR-7001,C500436,cash deposit,432.02,CAD
CA00047725,2025-06-17,BR017,TLR-4501,C502314,cash deposit,1932.96,CAD
CA00048041,2025-06-19,BR019,TLR-4813,C500972,cash deposit,110122,CAD
CA00047763,2025-06-01,BR017,TLR-1076,C502075,cash withdrawal,1012.39,CAD
CA00045290,2025-06-25,BR005,TLR-5619,C503263,cash deposit,149425,CAD
CA00044676,2025-06-25,BR002,TLR-5690,C500276,cash deposit,2898.97,CAD
CA00045971,2025-06-23,BR008,TLR-6966,C501485,cash withdrawal,1049.75,CAD
CA00048780,2025-06-17,BR024,TLR-1698,C500952,cash withdrawal,221.8,CAD
CA00050232,2025-06-06,BR030,TLR-2246,C500232,cash deposit,1609.6,CAD
CA00049544,2025-06-16,BR026,TLR-9701,C503409,cash withdrawal,-767.19,CAD
CA00051140,2025-06-14,BR035,TLR-6217,C503811,cash deposit,422.96,CAD
CA00053185,2025-06-29,BR040,TLR-6850,C502216,cash withdrawal,492.05,CAD
CA00046669,2025-06-19,BR012,TLR-1388,C502172,cash withdrawal,420.23,CAD
CA00049623,2025-06-16,BR027,TLR-5383,C503663,cash deposit,2068.74,CAD
CA00047894,2025-06-04,BR018,TLR-8522,C500886,cash withdrawal,654.93,CAD
CA00046821,2025-06-19,BR013,TLR-9018,C501036,cash withdrawal,685.23,CAD
CA00048628,2025-06-26,BR022,TLR-6017,C502163,cash withdrawal,1308.95,CAD
CA00051840,2025-06-06,BR037,TLR-8203,C501370,cash withdrawal,550.51,CAD
CA00049858,2025-06-17,BR028,TLR-1586,C500516,cash withdrawal,938.47,CAD
CA00049159,2025-06-24,BR025,TLR-2396,C503179,cash deposit,1438.06,CAD
CA00053122,2025-06-27,BR040,TLR-1539,C500488,cash withdrawal,2970.2,CAD
CA00053143,2025-06-12,BR040,TLR-9752,C501973,cash deposit,2331.27,CAD
CA00046436,2025-06-28,BR010,TLR-5217,C502401,cash withdrawal,76025,CAD
CA00051217,2025-06-15,BR035,TLR-5865,C502908,cash deposit,622.55,CAD
CA00051588,2025-06-24,BR036,TLR-7779,C500586,cash withdrawal,1205.86,CAD
CA00045555,2025-06-19,BR006,TLR-5404,C503393,cash deposit,632.05,CAD
CA00051044,2025-06-02,BR035,TLR-4784,C503350,cash deposit,688.96,CAD
CA00046584,2025-06-20,BR012,TLR-3560,C501751,cash withdrawal,1185.16,CAD
CA00052481,2025-06-15,BR040,TLR-4218,C503846,cash withdrawal,1196.73,CAD
CA00046835,2025-06-19,BR013,TLR-6564,C503466,cash withdrawal,964.01,CAD
CA00048566,2025-06-12,BR021,TLR-4451,C500200,cash withdrawal,1722.95,CAD
CA00051470,2025-06-03,BR036,TLR-4127,C502552,cash deposit,1328.13,CAD
CA00051444,2025-06-22,BR036,TLR-3209,C501549,cash withdrawal,27181,CAD
CA00052375,2025-06-08,BR040,TLR-2616,C503103,cash withdrawal,143707,CAD
CA00049735,2025-06-02,BR027,TLR-4554,C502397,cash withdrawal,1165.43,CAD
CA00049262,2025-06-05,BR025,TLR-6695,C500738,cash deposit,287.2,CAD
CA00048748,2025-06-28,BR023,TLR-3987,C503850,cash withdrawal,865.66,CAD
CA00050080,2025-06-05,BR030,TLR-4996,C502640,cash withdrawal,720.27,CAD
CA00047743,2025-06-11,BR017,TLR-8740,C503212,cash deposit,1154.98,CAD
CA00049063,2025-06-02,BR024,TLR-5559,C503852,cash withdrawal,428.75,CAD
CA00048450,2025-06-20,BR021,TLR-1623,C500436,cash deposit,768.03,CAD
CA00046571,2025-06-10,BR011,TLR-9904,C500852,cash withdrawal,727.62,CAD
CA00052446,2025-06-02,BR040,TLR-3504,C502128,cash withdrawal,279.19,CAD
CA00045342,2025-06-03,BR005,TLR-9644,C502213,cash withdrawal,6331.09,CAD
CA00047827,2025-06-27,BR017,TLR-6010,C503164,cash deposit,1923.16,CAD
CA00050803,2025-06-14,BR033,TLR-5436,C502867,cash withdrawal,1333.06,CAD
CA00048911,2025-06-12,BR024,TLR-7776,C502289,cash deposit,707.94,CAD
CA00051465,2025-06-13,BR036,TLR-8045,C501189,cash deposit,3021.32,CAD
CA00045024,2025-06-17,BR004,TLR-3619,C502108,cash deposit,196.81,CAD
CA00046481,2025-06-02,BR010,TLR-3410,C503433,cash deposit,1620.89,CAD
CA00050593,2025-06-23,BR032,TLR-7810,C501467,cash deposit,772.67,CAD
CA00047562,2025-06-16,BR016,TLR-6468,C502892,cash withdrawal,132442,CAD
CA00049911,2025-06-09,BR029,TLR-8129,C501652,cash deposit,794.37,CAD
CA00051117,2025-06-26,BR035,TLR-7912,C503340,cash deposit,2958.2,CAD
CA00047024,2025-06-09,BR014,TLR-7317,C503214,cash deposit,1186.06,CAD
CA00052756,2025-06-12,BR040,TLR-1635,C501818,cash withdrawal,924.53,CAD
CA00049750,2025-06-16,BR027,TLR-1830,C500166,cash withdrawal,588.38,CAD
CA00047533,2025-06-16,BR016,TLR-4863,C501417,cash deposit,1445.29,CAD
CA00051600,2025-06-05,BR036,TLR-6071,C502112,cash withdrawal,1786.58,CAD
CA00052798,2025-06-15,BR040,TLR-5430,C500855,cash deposit,864.62,CAD
CA00045097,2025-06-10,BR004,TLR-5199,C503800,cash withdrawal,450.79,CAD
CA00048498,2025-06-07,BR021,TLR-2198,C502037,cash withdrawal,557.23,CAD
CA00046401,2025-06-20,BR010,TLR-1904,C500670,cash deposit,859.93,CAD
CA00045394,2025-06-23,BR006,TLR-7623,C500793,cash withdrawal,264.64,CAD
CA00048897,2025-06-23,BR024,TLR-5213,C500751,cash withdrawal,602.3,CAD
CA00051998,2025-06-20,BR038,TLR-2108,C500169,cash withdrawal,3007.55,CAD
CA00053160,2025-06-24,BR040,TLR-7745,C502868,cash deposit,113426,CAD
CA00045803,2025-06-30,BR007,TLR-2980,C501499,cash deposit,1486.75,CAD
CA00052246,2025-06-22,BR039,TLR-4744,C503014,cash withdrawal,687.41,CAD
CA00046203,2025-06-24,BR009,TLR-1519,C501318,cash withdrawal,873.21,CAD
CA00051846,2025-06-19,BR037,TLR-1584,C500747,cash deposit,408.23,CAD
CA00049059,2025-06-13,BR024,TLR-2160,C500860,cash withdrawal,733.54,CAD
CA00052981,2025-06-08,BR040,TLR-4740,C500342,cash deposit,1592.24,CAD
CA00047225,2025-06-04,BR015,TLR-1132,C502301,cash withdrawal,1342.26,CAD
CA00046276,2025-06-18,BR009,TLR-9616,C501161,cash deposit,453.16,CAD
CA00053059,2025-06-24,BR040,TLR-5233,C503690,cash deposit,1484.88,CAD
CA00047401,2025-06-30,BR015,TLR-1229,C500582,cash withdrawal,1246.01,CAD
CA00051499,2025-06-29,BR036,TLR-2813,C500845,cash deposit,672.55,CAD
CA00052173,2025-06-06,BR039,TLR-7992,C503563,cash deposit,2042.49,CAD
CA00046585,2025-06-01,BR012,TLR-4238,C502414,cash deposit,2014.45,CAD
CA00046389,2025-06-14,BR010,TLR-4789,C500444,cash deposit,829.12,CAD
CA00048259,2025-06-05,BR020,TLR-4975,C503960,cash withdrawal,817.96,USD
CA00046636,2025-06-15,BR012,TLR-9425,C500444,cash withdrawal,2103.75,CAD
CA00046384,2025-06-24,BR010,TLR-3482,C500845,cash deposit,1069.35,CAD
CA00045142,2025-06-01,BR004,TLR-9117,C501454,cash withdrawal,458.86,CAD
CA00045379,2025-06-26,BR006,TLR-5069,C500849,cash withdrawal,509.6,CAD
CA00045567,2025-06-17,BR006,TLR-7011,C500876,cash withdrawal,998.02,CAD
CA00050760,2025-06-08,BR033,TLR-1611,C503454,cash deposit,56488,CAD
CA00044524,2025-06-21,BR001,TLR-2753,C500102,cash deposit,2849.21,CAD
CA00052147,2025-06-03,BR039,TLR-1302,C501197,cash deposit,1763.8,CAD
CA00048330,2025-06-11,BR020,TLR-8340,C501232,cash deposit,487.69,USD
CA00050324,2025-06-21,BR031,TLR-4806,C503006,cash withdrawal,1215.21,CAD
CA00047345,2025-06-08,BR015,TLR-5003,C502046,cash withdrawal,617.65,CAD
CA00048079,2025-06-02,BR019,TLR-8513,C500548,cash deposit,76286,CAD
CA00046215,2025-06-21,BR009,TLR-5182,C502135,cash deposit,893.16,CAD
CA00052946,2025-06-29,BR040,TLR-1575,C501777,cash deposit,434.82,CAD
CA00049728,2025-06-06,BR027,TLR-8198,C503990,cash withdrawal,922.85,CAD
CA00049860,2025-06-20,BR028,TLR-7303,C503470,cash deposit,445.54,CAD
CA00047315,2025-06-02,BR015,TLR-3511,C500680,cash withdrawal,890.31,CAD
CA00052150,2025-06-28,BR039,TLR-5274,C502555,cash withdrawal,329.12,CAD
CA00050978,2025-06-19,BR034,TLR-8205,C500817,cash withdrawal,1354.61,CAD
CA00052273,2025-06-19,BR039,TLR-8902,C500949,cash deposit,594.66,CAD
CA00047898,2025-06-08,BR018,TLR-6125,C502973,cash deposit,480.77,CAD
CA00047316,2025-06-06,BR015,TLR-3440,C503123,cash withdrawal,389.03,CAD
CA00050362,2025-06-30,BR031,TLR-5625,C501165,cash withdrawal,1016.58,CAD
CA00050599,2025-06-04,BR032,TLR-9513,C503447,cash deposit,930.13,CAD
CA00046834,2025-06-27,BR013,TLR-5990,C503816,cash deposit,114348,CAD
CA00051207,2025-06-06,BR035,TLR-6281,C503127,cash deposit,14906,CAD
CA00052659,2025-06-05,BR040,TLR-5404,C503616,cash deposit,737.3,CAD
CA00052172,2025-06-18,BR039,TLR-4867,C502055,cash deposit,837.5,CAD
CA00048121,2025-06-16,BR019,TLR-8210,C500467,cash withdrawal,2887.52,CAD
CA00053202,2025-06-26,BR040,TLR-9807,C503471,cash withdrawal,603.37,CAD
CA00045839,2025-06-26,BR007,TLR-5944,C502961,cash withdrawal,2286.79,CAD
CA00049581,2025-06-16,BR027,TLR-4979,C502257,cash withdrawal,1925.31,CAD
CA00044385,2025-06-26,BR001,TLR-1346,C501325,cash deposit,2119.12,CAD
CA00051320,2025-06-14,BR036,TLR-6986,C503622,cash deposit,668.81,CAD
CA00052676,2025-06-11,BR040,TLR-8269,C501555,cash withdrawal,1174.4,CAD
CA00048076,2025-06-17,BR019,TLR-8990,C500052,cash deposit,1239.06,CAD
CA00045650,2025-06-12,BR007,TLR-9643,C500352,cash withdrawal,810.76,CAD
CA00052526,2025-06-10,BR040,TLR-6122,C502365,cash deposit,540.03,CAD
CA00046375,2025-06-04,BR010,TLR-8379,C500781,cash withdrawal,1249.93,CAD
CA00051397,2025-06-04,BR036,TLR-6799,C502186,cash withdrawal,1499.12,CAD
CA00048960,2025-06-28,BR024,TLR-2122,C500674,cash withdrawal,2365.34,CAD
CA00050361,2025-06-24,BR031,TLR-9180,C501737,cash deposit,887.87,CAD
CA00047331,2025-06-05,BR015,TLR-6186,C503470,cash withdrawal,1096.48,CAD
CA00050268,2025-06-10,BR030,TLR-3736,C502512,cash withdrawal,2491.17,CAD
CA00052335,2025-06-23,BR040,TLR-3449,C501711,cash withdrawal,1260.1,CAD
CA00053109,2025-06-11,BR040,TLR-8602,C500401,cash deposit,3198.34,CAD
CA00049332,2025-06-18,BR026,TLR-7711,C503287,cash withdrawal,-1523.92,CAD
CA00052189,2025-06-15,BR039,TLR-4769,C503501,cash withdrawal,71919,CAD
CA00048773,2025-06-18,BR023,TLR-7367,C500786,cash deposit,228580,CAD
CA00053219,2025-06-11,BR040,TLR-7821,C502192,cash deposit,1711.83,CAD
CA00050451,2025-06-19,BR031,TLR-3891,C503446,cash deposit,1513.11,CAD
CA00048206,2025-06-18,BR019,TLR-4003,C501782,cash withdrawal,2215.71,CAD
CA00045314,2025-06-01,BR005,TLR-3596,C500937,cash withdrawal,219877,CAD
CA00048441,2025-06-25,BR021,TLR-1361,C501193,cash deposit,401.8,CAD
CA00048643,2025-06-12,BR022,TLR-6445,C500047,cash deposit,891.46,CAD
CA00053273,2025-06-01,BR040,TLR-8392,C503960,cash deposit,452.79,CAD
CA00049463,2025-06-07,BR026,TLR-8878,C500510,cash withdrawal,-290.66,CAD
CA00046884,2025-06-11,BR013,TLR-3448,C503871,cash deposit,1326.5,CAD
CA00052586,2025-06-01,BR040,TLR-2732,C501641,cash withdrawal,678.46,CAD
CA00044894,2025-06-06,BR003,TLR-6801,C500089,cash withdrawal,1256.89,CAD
CA00045041,2025-06-28,BR004,TLR-5666,C500235,cash withdrawal,715.56,CAD
CA00044391,2025-06-13,BR001,TLR-3463,C502977,cash deposit,547.93,CAD
CA00051295,2025-06-17,BR036,TLR-7453,C501634,cash withdrawal,461.61,CAD
CA00053277,2025-06-17,BR040,TLR-3739,C503157,cash deposit,54970,CAD
CA00045313,2025-06-20,BR005,TLR-6697,C503818,cash withdrawal,1575.71,CAD
CA00049553,2025-06-13,BR026,TLR-8827,C503544,cash deposit,59269,CAD
CA00046894,2025-06-07,BR013,TLR-5665,C503086,cash deposit,926.2,CAD
CA00053211,2025-06-12,BR040,TLR-7200,C503331,cash withdrawal,328.17,CAD
CA00048275,2025-06-27,BR020,TLR-6553,C502503,cash withdrawal,317.4,USD
CA00046992,2025-06-20,BR014,TLR-9319,C503679,cash withdrawal,642.53,CAD
CA00046409,2025-06-05,BR010,TLR-9910,C500758,cash withdrawal,1153.99,CAD
CA00052826,2025-06-14,BR040,TLR-1731,C503313,cash deposit,3515.37,CAD
CA00052723,2025-06-24,BR040,TLR-6677,C502338,cash deposit,1143.28,CAD
CA00047215,2025-06-04,BR015,TLR-7358,C502018,cash withdrawal,2654.21,CAD
CA00044353,2025-06-01,BR001,TLR-5130,C500804,cash withdrawal,1384.4,CAD
CA00047486,2025-06-22,BR016,TLR-6044,C501967,cash deposit,1126.12,CAD
CA00046186,2025-06-19,BR009,TLR-9427,C500598,cash withdrawal,1100.11,CAD
CA00046964,2025-06-05,BR014,TLR-2381,C501190,cash deposit,1602.46,CAD
CA00046984,2025-06-26,BR014,TLR-7807,C501844,cash deposit,1613.32,CAD
CA00045536,2025-06-12,BR006,TLR-9965,C503059,cash deposit,1666.46,CAD
CA00049630,2025-06-21,BR027,TLR-8081,C503622,cash deposit,452.65,CAD
CA00051357,2025-06-04,BR036,TLR-2801,C500648,cash withdrawal,715.68,CAD
CA00045583,2025-06-13,BR006,TLR-8078,C503409,cash withdrawal,103644,CAD
CA00048365,2025-06-01,BR020,TLR-3364,C501611,cash deposit,258.46,USD
CA00047040,2025-06-17,BR014,TLR-6544,C500283,cash withdrawal,1195.45,CAD
CA00047875,2025-06-24,BR018,TLR-7016,C500404,cash deposit,1655.39,CAD
CA00049856,2025-06-07,BR028,TLR-8219,C502204,cash deposit,87462,CAD
CA00044450,2025-06-01,BR001,TLR-9294,C503023,cash withdrawal,1593.63,CAD
CA00048468,2025-06-05,BR021,TLR-4426,C502569,cash withdrawal,901.62,CAD
CA00052866,2025-06-01,BR040,TLR-7627,C502842,cash withdrawal,1389.55,CAD
CA00050348,2025-06-27,BR031,TLR-8240,C500840,cash withdrawal,788.33,CAD
CA00050479,2025-06-16,BR031,TLR-9260,C502357,cash withdrawal,290.52,CAD
CA00050404,2025-06-19,BR031,TLR-4776,C502633,cash deposit,712.05,CAD
CA00047678,2025-06-05,BR017,TLR-1604,C502765,cash withdrawal,867.86,CAD
CA00046738,2025-06-09,BR012,TLR-3135,C502737,cash deposit,565.5,CAD
CA00049677,2025-06-20,BR027,TLR-3846,C503351,cash deposit,5430.25,CAD
CA00051071,2025-06-24,BR035,TLR-6911,C501850,cash withdrawal,993.75,CAD
CA00049511,2025-06-04,BR026,TLR-2942,C500658,cash deposit,62943,CAD
CA00047381,2025-06-26,BR015,TLR-3034,C503921,cash deposit,483.2,CAD
CA00044554,2025-06-09,BR001,TLR-9128,C502960,cash deposit,1021.05,CAD
CA00046936,2025-06-29,BR014,TLR-8839,C501110,cash withdrawal,1617.15,CAD
CA00048570,2025-06-27,BR021,TLR-7857,C501547,cash deposit,1209.83,CAD
CA00048937,2025-06-27,BR024,TLR-6385,C503978,cash deposit,1178.44,CAD
CA00052200,2025-06-19,BR039,TLR-3846,C501644,cash deposit,814.34,CAD
CA00051438,2025-06-29,BR036,TLR-5910,C500303,cash withdrawal,418.04,CAD
CA00045879,2025-06-03,BR008,TLR-9969,C503355,cash withdrawal,892.09,CAD
CA00049809,2025-06-25,BR028,TLR-7712,C503263,cash deposit,725.78,CAD
CA00050804,2025-06-05,BR033,TLR-1143,C502093,cash deposit,1004.44,CAD
CA00044692,2025-06-07,BR002,TLR-4244,C503407,cash deposit,637.11,CAD
CA00046743,2025-06-27,BR012,TLR-3602,C503945,cash withdrawal,407.7,CAD
CA00048837,2025-06-14,BR024,TLR-6743,C501167,cash deposit,20078,CAD
CA00045336,2025-06-14,BR005,TLR-5727,C502155,cash withdrawal,1325.28,CAD
CA00046516,2025-06-11,BR011,TLR-9657,C502934,cash deposit,516.24,CAD
CA00047918,2025-06-19,BR018,TLR-9626,C503294,cash withdrawal,921.41,CAD
CA00048201,2025-06-14,BR019,TLR-1289,C501813,cash deposit,46788,CAD
CA00046120,2025-06-02,BR009,TLR-5478,C501653,cash withdrawal,302.0,CAD
CA00051300,2025-06-08,BR036,TLR-7390,C503758,cash withdrawal,580.73,CAD
CA00049261,2025-06-12,BR025,TLR-4910,C501639,cash withdrawal,-1313.72,CAD
CA00050670,2025-06-04,BR032,TLR-5373,C502933,cash withdrawal,840.53,CAD
CA00050905,2025-06-30,BR034,TLR-9009,C502315,cash withdrawal,1874.63,CAD
CA00044645,2025-06-08,BR002,TLR-1476,C502978,cash withdrawal,-420.95,CAD
CA00049976,2025-06-18,BR029,TLR-5512,C501802,cash deposit,1819.32,CAD
CA00046252,2025-06-18,BR009,TLR-4430,C503285,cash deposit,710.09,CAD
CA00044641,2025-06-05,BR002,TLR-3606,C502770,cash withdrawal,-95932,CAD
CA00044700,2025-06-14,BR002,TLR-3946,C503886,cash deposit,88979,CAD
CA00050272,2025-06-13,BR030,TLR-4246,C501527,cash deposit,417.11,CAD
CA00045603,2025-06-26,BR006,TLR-4216,C502432,cash deposit,1561.06,CAD
CA00049322,2025-06-06,BR026,TLR-3853,C502150,cash withdrawal,-51617,CAD
CA00050208,2025-06-12,BR030,TLR-8711,C500338,cash deposit,859.64,CAD
CA00048812,2025-06-07,BR024,TLR-5237,C502246,cash deposit,3784.91,CAD
CA00045136,2025-06-02,BR004,TLR-4496,C503154,cash deposit,64544,CAD
CA00049165,2025-06-26,BR025,TLR-3435,C501122,cash deposit,403.69,CAD
CA00050339,2025-06-11,BR031,TLR-6998,C500313,cash withdrawal,38060,CAD
CA00051753,2025-06-10,BR037,TLR-9877,C503738,cash deposit,1166.69,CAD
CA00050449,2025-06-13,BR031,TLR-7794,C503535,cash deposit,404.9,CAD
CA00045858,2025-06-04,BR008,TLR-9711,C500972,cash withdrawal,951.63,CAD
CA00051139,2025-06-01,BR035,TLR-8616,C503916,cash withdrawal,379.2,CAD
CA00049468,2025-06-04,BR026,TLR-1962,C500730,cash withdrawal,-431.08,CAD
CA00048082,2025-06-17,BR019,TLR-7353,C500802,cash withdrawal,969.6,CAD
CA00047206,2025-06-06,BR015,TLR-4073,C503077,cash withdrawal,121383,CAD
CA00045422,2025-06-12,BR006,TLR-8124,C501015,cash withdrawal,278.82,CAD
CA00045629,2025-06-30,BR007,TLR-8629,C500241,cash withdrawal,649.37,CAD
CA00045949,2025-06-15,BR008,TLR-9545,C502677,cash deposit,77797,CAD
CA00053007,2025-06-21,BR040,TLR-1248,C503398,cash deposit,582.01,CAD
CA00046158,2025-06-10,BR009,TLR-7155,C501529,cash deposit,1484.75,CAD
CA00047526,2025-06-09,BR016,TLR-4252,C503297,cash withdrawal,192791,CAD
CA00045010,2025-06-24,BR003,TLR-7322,C503756,cash withdrawal,80289,CAD
CA00046328,2025-06-18,BR010,TLR-1550,C501572,cash withdrawal,317.15,CAD
CA00049157,2025-06-03,BR025,TLR-3637,C502013,cash withdrawal,-899.65,CAD
CA00052838,2025-06-30,BR040,TLR-4758,C500928,cash deposit,807.76,CAD
CA00044460,2025-06-10,BR001,TLR-6386,C502047,cash deposit,1960.96,CAD
CA00049016,2025-06-30,BR024,TLR-5106,C500713,cash deposit,2239.11,CAD
CA00051798,2025-06-20,BR037,TLR-9376,C503703,cash deposit,1112.28,CAD
CA00046008,2025-06-02,BR008,TLR-1612,C500542,cash deposit,191.11,CAD
CA00044907,2025-06-25,BR003,TLR-6407,C501416,cash withdrawal,1088.94,CAD
CA00049444,2025-06-06,BR026,TLR-8504,C501626,cash deposit,393.38,CAD
CA00045116,2025-06-23,BR004,TLR-6422,C502090,cash withdrawal,423.43,CAD
CA00048138,2025-06-30,BR019,TLR-6738,C503474,cash withdrawal,909.94,CAD
CA00045729,2025-06-03,BR007,TLR-4007,C500945,cash deposit,2506.45,CAD
CA00045440,2025-06-05,BR006,TLR-6469,C500003,cash deposit,28942,CAD
CA00051910,2025-06-11,BR038,TLR-1880,C503067,cash deposit,60136,CAD
CA00045420,2025-06-07,BR006,TLR-7832,C500539,cash deposit,529.14,CAD
CA00051536,2025-06-06,BR036,TLR-7505,C500101,cash withdrawal,2183.92,CAD
CA00045026,2025-06-29,BR004,TLR-3481,C500031,cash withdrawal,685.13,CAD
CA00045800,2025-06-20,BR007,TLR-5387,C502292,cash deposit,872.09,CAD
CA00052404,2025-06-14,BR040,TLR-6349,C502115,cash deposit,1124.69,CAD
CA00048520,2025-06-20,BR021,TLR-8531,C503500,cash deposit,1808.37,CAD
CA00049258,2025-06-20,BR025,TLR-8404,C503187,cash deposit,1681.62,CAD
CA00046754,2025-06-22,BR012,TLR-4514,C503890,cash withdrawal,1416.84,CAD
CA00049245,2025-06-03,BR025,TLR-7055,C500266,cash deposit,1261.58,CAD
CA00049898,2025-06-29,BR029,TLR-6948,C501362,cash withdrawal,678.93,CAD
CA00047191,2025-06-11,BR015,TLR-4293,C501866,cash deposit,644.41,CAD
CA00051982,2025-06-23,BR038,TLR-4631,C503013,cash deposit,1071.06,CAD
CA00051984,2025-06-17,BR038,TLR-7756,C502051,cash withdrawal,1033.15,CAD
CA00053169,2025-06-23,BR040,TLR-6871,C503025,cash deposit,1481.74,CAD
CA00048123,2025-06-21,BR019,TLR-5119,C500097,cash deposit,775.55,CAD
CA00047889,2025-06-10,BR018,TLR-2236,C501269,cash withdrawal,1623.16,CAD
CA00046354,2025-06-03,BR010,TLR-5590,C500741,cash deposit,778.49,CAD
CA00052530,2025-06-29,BR040,TLR-8494,C503563,cash withdrawal,537.49,CAD
CA00044960,2025-06-09,BR003,TLR-2603,C502967,cash deposit,2711.84,CAD
CA00048267,2025-06-15,BR020,TLR-8551,C503125,cash withdrawal,1486.79,USD
CA00050047,2025-06-22,BR030,TLR-7215,C500863,cash deposit,356.58,CAD
CA00049472,2025-06-01,BR026,TLR-7155,C503079,cash withdrawal,-827.3,CAD
CA00052957,2025-06-11,BR040,TLR-4086,C500012,cash deposit,900.6,CAD
CA00048896,2025-06-08,BR024,TLR-3323,C501840,cash withdrawal,35226,CAD
CA00048248,2025-06-14,BR020,TLR-8442,C500660,cash deposit,704.93,USD
CA00045529,2025-06-09,BR006,TLR-2864,C500967,cash deposit,690.46,CAD
CA00046656,2025-06-25,BR012,TLR-4244,C503851,cash withdrawal,970.54,CAD
CA00049380,2025-06-22,BR026,TLR-4686,C500923,cash deposit,2000.95,CAD
CA00051483,2025-06-30,BR036,TLR-1554,C502390,cash withdrawal,850.3,CAD
CA00051722,2025-06-22,BR037,TLR-9333,C502221,cash withdrawal,375.32,CAD
CA00049115,2025-06-23,BR025,TLR-9793,C501117,cash deposit,1885.55,CAD
CA00050952,2025-06-05,BR034,TLR-4982,C503370,cash deposit,1699.95,CAD
CA00052941,2025-06-27,BR040,TLR-4751,C501199,cash deposit,277.88,CAD
CA00050431,2025-06-06,BR031,TLR-5570,C503268,cash deposit,1143.24,CAD
CA00052898,2025-06-08,BR040,TLR-5641,C503930,cash withdrawal,242854,CAD
CA00053057,2025-06-19,BR040,TLR-4589,C503117,cash withdrawal,595.36,CAD
CA00045442,2025-06-10,BR006,TLR-2630,C500094,cash withdrawal,1287.09,CAD
CA00052813,2025-06-05,BR040,TLR-2306,C503466,cash deposit,5222.45,CAD
CA00046416,2025-06-08,BR010,TLR-3660,C500087,cash deposit,1560.63,CAD
CA00049485,2025-06-30,BR026,TLR-8184,C502096,cash deposit,42548,CAD
CA00053265,2025-06-06,BR040,TLR-7925,C502614,cash deposit,57466,CAD
CA00052768,2025-06-13,BR040,TLR-7786,C502582,cash withdrawal,139892,CAD
CA00050580,2025-06-29,BR032,TLR-1524,C502104,cash withdrawal,926.34,CAD
CA00051999,2025-06-24,BR038,TLR-5111,C501687,cash deposit,1785.09,CAD
CA00051565,2025-06-11,BR036,TLR-4463,C502454,cash deposit,379.42,CAD
CA00047554,2025-06-12,BR016,TLR-6780,C500878,cash deposit,1164.36,CAD
CA00048478,2025-06-04,BR021,TLR-2572,C502126,cash deposit,3387.65,CAD
CA00044990,2025-06-17,BR003,TLR-5860,C503519,cash deposit,902.29,CAD
CA00050887,2025-06-20,BR034,TLR-6295,C500785,cash withdrawal,856.01,CAD
CA00046980,2025-06-13,BR014,TLR-8787,C502083,cash deposit,543.64,CAD
CA00047991,2025-06-18,BR019,TLR-6087,C501858,cash withdrawal,1380.99,CAD
CA00051328,2025-06-11,BR036,TLR-6292,C503404,cash withdrawal,988.03,CAD
CA00048879,2025-06-13,BR024,TLR-4495,C503463,cash withdrawal,517.56,CAD
CA00048637,2025-06-19,BR022,TLR-9640,C500352,cash withdrawal,684.0,CAD
CA00048776,2025-06-30,BR023,TLR-2698,C502541,cash deposit,1452.15,CAD
CA00048229,2025-06-29,BR020,TLR-1245,C502959,cash deposit,205.55,USD
CA00050787,2025-06-27,BR033,TLR-9126,C503467,cash deposit,800.26,CAD
CA00045412,2025-06-21,BR006,TLR-1204,C500203,cash withdrawal,1563.46,CAD
CA00051886,2025-06-16,BR037,TLR-3081,C501653,cash deposit,275.46,CAD
CA00051863,2025-06-18,BR037,TLR-4291,C500726,cash withdrawal,1141.56,CAD
CA00049572,2025-06-30,BR027,TLR-8126,C500239,cash withdrawal,421.86,CAD
CA00052752,2025-06-10,BR040,TLR-8320,C502436,cash deposit,1520.15,CAD
CA00052705,2025-06-06,BR040,TLR-3129,C500464,cash deposit,344.73,CAD
CA00046573,2025-06-03,BR011,TLR-3721,C503124,cash deposit,707.36,CAD
CA00051258,2025-06-03,BR035,TLR-3807,C502211,cash withdrawal,616.64,CAD
CA00049314,2025-06-30,BR026,TLR-5134,C501026,cash deposit,72894,CAD
CA00048592,2025-06-22,BR021,TLR-6287,C503861,cash deposit,993.68,CAD
CA00047308,2025-06-11,BR015,TLR-8810,C501525,cash withdrawal,809.89,CAD
CA00051665,2025-06-26,BR037,TLR-4126,C502290,cash withdrawal,174.94,CAD
CA00052491,2025-06-16,BR040,TLR-5132,C502054,cash deposit,1030.0,CAD
CA00049451,2025-06-09,BR026,TLR-8469,C502494,cash deposit,489.56,CAD
CA00046262,2025-06-15,BR009,TLR-2076,C500858,cash withdrawal,70484,CAD
CA00046293,2025-06-16,BR009,TLR-8692,C502988,cash withdrawal,1098.46,CAD
CA00049080,2025-06-03,BR024,TLR-8896,C500454,cash deposit,1744.72,CAD
CA00044975,2025-06-24,BR003,TLR-4706,C502770,cash deposit,550.56,CAD
CA00049941,2025-06-10,BR029,TLR-5870,C501715,cash deposit,69980,CAD
CA00047050,2025-06-26,BR014,TLR-5998,C502541,cash deposit,1347.15,CAD
CA00052215,2025-06-25,BR039,TLR-4239,C501817,cash withdrawal,1198.37,CAD
CA00050729,2025-06-28,BR033,TLR-2687,C503154,cash withdrawal,685.6,CAD
CA00048826,2025-06-26,BR024,TLR-5264,C503978,cash withdrawal,1201.23,CAD
CA00048477,2025-06-07,BR021,TLR-9980,C503501,cash withdrawal,115678,CAD
CA00050565,2025-06-17,BR032,TLR-3615,C500501,cash deposit,2438.48,CAD
CA00048491,2025-06-27,BR021,TLR-8321,C501963,cash deposit,1262.13,CAD
CA00049459,2025-06-08,BR026,TLR-5209,C500030,cash withdrawal,-494.69,CAD
CA00047774,2025-06-12,BR017,TLR-1978,C502596,cash withdrawal,5673.1,CAD
CA00050057,2025-06-12,BR030,TLR-3348,C502677,cash deposit,457.31,CAD
CA00046559,2025-06-05,BR011,TLR-8676,C503275,cash withdrawal,3030.07,CAD
CA00051094,2025-06-23,BR035,TLR-5553,C503236,cash deposit,25001,CAD
CA00048074,2025-06-13,BR019,TLR-9489,C501965,cash deposit,495.46,CAD
CA00052887,2025-06-22,BR040,TLR-8828,C502724,cash deposit,1456.7,CAD
CA00048509,2025-06-05,BR021,TLR-5326,C501037,cash withdrawal,1472.23,CAD
CA00050919,2025-06-11,BR034,TLR-9427,C500272,cash withdrawal,913.11,CAD
CA00052965,2025-06-06,BR040,TLR-4064,C503682,cash withdrawal,1899.93,CAD
CA00049125,2025-06-26,BR025,TLR-5710,C503728,cash withdrawal,-2349.57,CAD
CA00050665,2025-06-20,BR032,TLR-9460,C500059,cash withdrawal,696.15,CAD
CA00049727,2025-06-23,BR027,TLR-2927,C502553,cash withdrawal,604.38,CAD
CA00052482,2025-06-30,BR040,TLR-1169,C503277,cash withdrawal,1090.51,CAD
CA00052110,2025-06-22,BR039,TLR-3984,C503988,cash withdrawal,1917.86,CAD
CA00046421,2025-06-18,BR010,TLR-5696,C502913,cash deposit,1114.27,CAD
CA00046840,2025-06-12,BR013,TLR-6132,C503243,cash withdrawal,794.27,CAD
CA00046435,2025-06-16,BR010,TLR-3775,C500726,cash deposit,1720.07,CAD
CA00049190,2025-06-22,BR025,TLR-9508,C503144,cash withdrawal,-1488.75,CAD
CA00045992,2025-06-02,BR008,TLR-4334,C502599,cash withdrawal,739.22,CAD
CA00047028,2025-06-17,BR014,TLR-3164,C502678,cash withdrawal,1539.82,CAD
CA00045340,2025-06-15,BR005,TLR-6991,C501904,cash deposit,485.03,CAD
CA00050957,2025-06-20,BR034,TLR-9867,C501290,cash deposit,361.58,CAD
CA00047856,2025-06-24,BR018,TLR-6730,C500120,cash deposit,708.85,CAD
CA00044503,2025-06-28,BR001,TLR-8704,C500489,cash withdrawal,1444.02,CAD
CA00049265,2025-06-23,BR025,TLR-2233,C501013,cash withdrawal,-287.21,CAD
CA00048761,2025-06-30,BR023,TLR-4182,C501637,cash withdrawal,69402,CAD
CA00047046,2025-06-05,BR014,TLR-7879,C502257,cash withdrawal,642.36,CAD
CA00048811,2025-06-15,BR024,TLR-2679,C500153,cash deposit,382.34,CAD
CA00045344,2025-06-25,BR005,TLR-1409,C502933,cash withdrawal,3097.04,CAD
CA00044723,2025-06-06,BR002,TLR-4409,C502510,cash deposit,99917,CAD
CA00046152,2025-06-24,BR009,TLR-4975,C500372,cash withdrawal,947.99,CAD
CA00050727,2025-06-17,BR033,TLR-9815,C502649,cash withdrawal,8048.22,CAD
CA00048623,2025-06-12,BR022,TLR-4423,C501394,cash deposit,28086,CAD
CA00045000,2025-06-29,BR003,TLR-7101,C502424,cash withdrawal,1311.01,CAD
CA00049357,2025-06-16,BR026,TLR-5375,C502510,cash deposit,1268.23,CAD
CA00044324,2025-06-19,BR001,TLR-1599,C501395,cash deposit,79.74,CAD
CA00044531,2025-06-03,BR001,TLR-4895,C501769,cash deposit,2095.72,CAD
CA00052265,2025-06-09,BR039,TLR-2142,C501199,cash deposit,913.86,CAD
CA00049397,2025-06-10,BR026,TLR-8730,C502208,cash deposit,2023.87,CAD
CA00044874,2025-06-20,BR003,TLR-5716,C502669,cash withdrawal,1441.24,CAD
CA00044696,2025-06-04,BR002,TLR-3594,C501914,cash deposit,1151.45,CAD
CA00050108,2025-06-17,BR030,TLR-3745,C503225,cash deposit,1152.58,CAD
CA00044979,2025-06-26,BR003,TLR-5854,C502739,cash withdrawal,666.79,CAD
CA00051611,2025-06-21,BR036,TLR-1865,C501174,cash withdrawal,682.56,CAD
CA00046642,2025-06-15,BR012,TLR-8225,C500147,cash withdrawal,500.95,CAD
CA00048698,2025-06-12,BR023,TLR-2651,C502431,cash withdrawal,2721.65,CAD
CA00047041,2025-06-24,BR014,TLR-1395,C501931,cash withdrawal,655.15,CAD
CA00045350,2025-06-11,BR006,TLR-2658,C503887,cash deposit,544.8,CAD
CA00052271,2025-06-28,BR039,TLR-1418,C500577,cash withdrawal,1507.47,CAD
CA00048635,2025-06-13,BR022,TLR-2601,C503653,cash withdrawal,1795.41,CAD
CA00050334,2025-06-30,BR031,TLR-2580,C500981,cash withdrawal,3206.48,CAD
CA00052868,2025-06-28,BR040,TLR-3259,C503858,cash deposit,1448.77,CAD
CA00045247,2025-06-23,BR004,TLR-5749,C501057,cash deposit,304.72,CAD
CA00047642,2025-06-20,BR017,TLR-7650,C501169,cash deposit,723.69,CAD
CA00052938,2025-06-17,BR040,TLR-9939,C503023,cash withdrawal,43175,CAD
CA00048182,2025-06-25,BR019,TLR-8435,C502778,cash withdrawal,3802.73,CAD
CA00047539,2025-06-11,BR016,TLR-8955,C503633,cash deposit,4122.36,CAD
CA00045984,2025-06-21,BR008,TLR-6537,C500646,cash deposit,789.25,CAD
CA00050640,2025-06-16,BR032,TLR-9284,C501462,cash deposit,795.76,CAD
CA00048380,2025-06-24,BR020,TLR-6357,C502701,cash withdrawal,1963.13,USD
CA00046103,2025-06-06,BR008,TLR-4616,C503688,cash deposit,381.98,CAD
CA00049067,2025-06-25,BR024,TLR-6016,C503815,cash withdrawal,2295.76,CAD
CA00048443,2025-06-03,BR021,TLR-7747,C502717,cash withdrawal,41297,CAD
CA00044485,2025-06-06,BR001,TLR-2322,C500861,cash deposit,69817,CAD
CA00051805,2025-06-25,BR037,TLR-6500,C500712,cash deposit,1830.86,CAD
CA00044846,2025-06-02,BR003,TLR-3696,C503349,cash deposit,388.48,CAD
CA00045605,2025-06-08,BR006,TLR-3615,C500289,cash withdrawal,92197,CAD
CA00044939,2025-06-26,BR003,TLR-8479,C502772,cash withdrawal,273.32,CAD
CA00049077,2025-06-29,BR024,TLR-4250,C500556,cash withdrawal,25984,CAD
CA00044955,2025-06-16,BR003,TLR-5684,C502997,cash deposit,1378.95,CAD
CA00051305,2025-06-23,BR036,TLR-5557,C502797,cash withdrawal,1275.39,CAD
CA00045619,2025-06-06,BR006,TLR-4266,C500989,cash deposit,488.49,CAD
CA00048675,2025-06-27,BR022,TLR-3383,C502879,cash withdrawal,2123.11,CAD
CA00045547,2025-06-16,BR006,TLR-2111,C501653,cash deposit,900.95,CAD
CA00046447,2025-06-08,BR010,TLR-5980,C503193,cash withdrawal,255.76,CAD
CA00051744,2025-06-23,BR037,TLR-2636,C500053,cash withdrawal,1588.59,CAD
CA00051418,2025-06-03,BR036,TLR-2442,C502758,cash deposit,309.17,CAD
CA00049653,2025-06-01,BR027,TLR-4955,C500266,cash withdrawal,371.49,CAD
CA00053113,2025-06-27,BR040,TLR-5010,C500538,cash withdrawal,237249,CAD
CA00047704,2025-06-04,BR017,TLR-6988,C500118,cash deposit,192781,CAD
CA00051408,2025-06-21,BR036,TLR-1112,C501400,cash deposit,528.61,CAD
CA00046329,2025-06-18,BR010,TLR-2851,C501904,cash deposit,2186.84,CAD
CA00049201,2025-06-23,BR025,TLR-3085,C503140,cash deposit,265.84,CAD
CA00044944,2025-06-06,BR003,TLR-1793,C502758,cash withdrawal,2591.0,CAD
CA00049782,2025-06-10,BR028,TLR-8357,C502905,cash deposit,2089.5,CAD
CA00047877,2025-06-30,BR018,TLR-6174,C502104,cash withdrawal,972.15,CAD
CA00050492,2025-06-08,BR031,TLR-9638,C502943,cash withdrawal,1016.94,CAD
CA00052997,2025-06-11,BR040,TLR-9366,C503222,cash withdrawal,1596.1,CAD
CA00046931,2025-06-16,BR014,TLR-2991,C501255,cash deposit,1173.61,CAD
CA00053184,2025-06-17,BR040,TLR-3364,C503036,cash withdrawal,1679.32,CAD
CA00046635,2025-06-12,BR012,TLR-8155,C503927,cash withdrawal,3055.7,CAD
CA00045425,2025-06-27,BR006,TLR-5189,C502534,cash deposit,622.76,CAD
CA00046335,2025-06-05,BR010,TLR-2061,C502165,cash withdrawal,1600.05,CAD
CA00045139,2025-06-08,BR004,TLR-4299,C500965,cash deposit,822.84,CAD
CA00050836,2025-06-11,BR034,TLR-4115,C503922,cash withdrawal,523.51,CAD
CA00048108,2025-06-12,BR019,TLR-7334,C501986,cash withdrawal,1719.6,CAD
CA00046396,2025-06-27,BR010,TLR-8703,C501366,cash deposit,562.61,CAD
CA00052959,2025-06-28,BR040,TLR-1999,C500494,cash withdrawal,324.41,CAD
CA00052548,2025-06-14,BR040,TLR-7630,C501042,cash withdrawal,482.25,CAD
CA00050417,2025-06-02,BR031,TLR-8880,C502202,cash withdrawal,2547.09,CAD
CA00053140,2025-06-13,BR040,TLR-5807,C503829,cash withdrawal,795.34,CAD
CA00052956,2025-06-24,BR040,TLR-2009,C501379,cash deposit,873.39,CAD
CA00050796,2025-06-29,BR033,TLR-6601,C501478,cash deposit,4819.27,CAD
CA00052454,2025-06-10,BR040,TLR-6458,C502614,cash deposit,1867.95,CAD
CA00048169,2025-06-29,BR019,TLR-1698,C502640,cash deposit,1861.92,CAD
CA00047424,2025-06-08,BR016,TLR-9089,C500982,cash deposit,1450.71,CAD
CA00051900,2025-06-11,BR038,TLR-8097,C501327,cash withdrawal,1160.9,CAD
CA00050890,2025-06-01,BR034,TLR-3941,C501893,cash withdrawal,434.19,CAD
CA00048415,2025-06-25,BR020,TLR-2562,C502909,cash deposit,1126.7,USD
CA00050600,2025-06-14,BR032,TLR-8583,C501166,cash withdrawal,955.48,CAD
CA00046453,2025-06-03,BR010,TLR-7733,C502907,cash withdrawal,725.97,CAD
CA00052032,2025-06-10,BR038,TLR-9400,C503008,cash withdrawal,182.06,CAD
CA00052724,2025-06-27,BR040,TLR-3863,C502354,cash withdrawal,733.58,CAD
CA00049995,2025-06-08,BR029,TLR-1480,C500179,cash withdrawal,2551.32,CAD
CA00050825,2025-06-24,BR033,TLR-3311,C502252,cash withdrawal,117842,CAD
CA00051406,2025-06-02,BR036,TLR-6955,C502071,cash withdrawal,4148.82,CAD
CA00048088,2025-06-01,BR019,TLR-2321,C501378,cash deposit,2299.69,CAD
CA00052576,2025-06-28,BR040,TLR-4135,C503521,cash withdrawal,1875.38,CAD
CA00048391,2025-06-04,BR020,TLR-3019,C501437,cash deposit,782.19,USD
CA00049891,2025-06-08,BR029,TLR-7383,C500915,cash withdrawal,1303.55,CAD
CA00049474,2025-06-17,BR026,TLR-2235,C501408,cash withdrawal,-147.5,CAD
CA00049850,2025-06-24,BR028,TLR-2336,C502907,cash withdrawal,462.82,CAD
CA00046856,2025-06-12,BR013,TLR-1318,C500573,cash withdrawal,42730,CAD
CA00046518,2025-06-07,BR011,TLR-5408,C502822,cash deposit,1435.48,CAD
CA00051240,2025-06-03,BR035,TLR-2493,C500030,cash deposit,1286.01,CAD
CA00049097,2025-06-28,BR025,TLR-8756,C503459,cash deposit,365.91,CAD
CA00045238,2025-06-08,BR004,TLR-2782,C501574,cash deposit,1273.85,CAD
CA00044419,2025-06-14,BR001,TLR-8655,C500065,cash withdrawal,3153.51,CAD
CA00051749,2025-06-19,BR037,TLR-4887,C502585,cash deposit,639.22,CAD
CA00044959,2025-06-15,BR003,TLR-4563,C500620,cash deposit,852.98,CAD
CA00051518,2025-06-25,BR036,TLR-9590,C503525,cash deposit,2409.07,CAD
CA00046690,2025-06-09,BR012,TLR-5936,C500558,cash deposit,258.32,CAD
CA00047551,2025-06-21,BR016,TLR-9849,C501101,cash deposit,1055.28,CAD
CA00053013,2025-06-05,BR040,TLR-5399,C502627,cash withdrawal,972.01,CAD
CA00051336,2025-06-11,BR036,TLR-5806,C500660,cash deposit,928.32,CAD
CA00051854,2025-06-22,BR037,TLR-3288,C500255,cash withdrawal,1232.75,CAD
CA00044737,2025-06-13,BR002,TLR-9505,C503670,cash deposit,1306.02,CAD
CA00046549,2025-06-12,BR011,TLR-8991,C502571,cash deposit,2349.39,CAD
CA00047682,2025-06-30,BR017,TLR-4715,C502234,cash deposit,795.61,CAD
CA00045840,2025-06-10,BR007,TLR-1026,C502174,cash deposit,1796.12,CAD
CA00052889,2025-06-25,BR040,TLR-8743,C502984,cash deposit,2344.49,CAD
CA00047360,2025-06-20,BR015,TLR-3404,C503289,cash deposit,59267,CAD
CA00052533,2025-06-27,BR040,TLR-4170,C501351,cash withdrawal,1113.63,CAD
CA00047754,2025-06-26,BR017,TLR-4592,C503945,cash withdrawal,795877,CAD
CA00046218,2025-06-04,BR009,TLR-3583,C501552,cash withdrawal,778.79,CAD
CA00048771,2025-06-22,BR023,TLR-7245,C500082,cash withdrawal,1764.56,CAD
CA00046501,2025-06-28,BR010,TLR-3346,C503371,cash deposit,3820.3,CAD
CA00046125,2025-06-15,BR009,TLR-6477,C500442,cash withdrawal,525.52,CAD
CA00047886,2025-06-20,BR018,TLR-4132,C501318,cash withdrawal,2581.36,CAD
CA00051095,2025-06-19,BR035,TLR-9660,C502063,cash withdrawal,42956,CAD
CA00045613,2025-06-10,BR006,TLR-4667,C502475,cash deposit,674.59,CAD
CA00049407,2025-06-04,BR026,TLR-1620,C503418,cash deposit,919.02,CAD
CA00050422,2025-06-25,BR031,TLR-8843,C503301,cash deposit,1956.89,CAD
CA00049308,2025-06-08,BR026,TLR-6276,C503988,cash deposit,141.28,CAD
CA00047341,2025-06-28,BR015,TLR-3456,C501725,cash withdrawal,61002,CAD
CA00050400,2025-06-11,BR031,TLR-8450,C501408,cash withdrawal,564.21,CAD
CA00052056,2025-06-05,BR038,TLR-4236,C500724,cash deposit,1270.0,CAD
CA00052950,2025-06-28,BR040,TLR-1846,C500733,cash deposit,220110,CAD
CA00048814,2025-06-01,BR024,TLR-6743,C501888,cash withdrawal,4046.26,CAD
CA00051990,2025-06-14,BR038,TLR-3139,C503053,cash deposit,2694.86,CAD
CA00050209,2025-06-12,BR030,TLR-6785,C500491,cash deposit,599.82,CAD
CA00050269,2025-06-25,BR030,TLR-7463,C503104,cash withdrawal,2566.23,CAD
CA00052971,2025-06-07,BR040,TLR-9926,C502666,cash withdrawal,1899.98,CAD
CA00050993,2025-06-25,BR034,TLR-8757,C500400,cash withdrawal,130666,CAD
CA00047160,2025-06-18,BR015,TLR-7236,C500826,cash withdrawal,707.59,CAD
CA00048456,2025-06-25,BR021,TLR-3042,C501586,cash withdrawal,1174.63,CAD
CA00045096,2025-06-29,BR004,TLR-9251,C501616,cash withdrawal,81500,CAD
CA00050736,2025-06-22,BR033,TLR-4721,C500547,cash deposit,48793,CAD
CA00046509,2025-06-27,BR010,TLR-7644,C502406,cash deposit,1199.25,CAD
CA00050141,2025-06-09,BR030,TLR-6148,C501485,cash deposit,513.43,CAD
CA00051038,2025-06-18,BR035,TLR-5350,C501738,cash withdrawal,143.44,CAD
CA00050143,2025-06-24,BR030,TLR-3592,C500376,cash withdrawal,651.64,CAD
CA00046968,2025-06-26,BR014,TLR-1420,C503050,cash withdrawal,1116.64,CAD
CA00052908,2025-06-02,BR040,TLR-7322,C503272,cash deposit,557.56,CAD
CA00048241,2025-06-11,BR020,TLR-3550,C502433,cash deposit,213.64,USD
CA00053203,2025-06-19,BR040,TLR-6365,C501833,cash deposit,1330.68,CAD
CA00047117,2025-06-29,BR014,TLR-2665,C501013,cash deposit,3089.94,CAD
CA00045270,2025-06-26,BR004,TLR-9960,C500388,cash withdrawal,871.85,CAD
CA00047808,2025-06-03,BR017,TLR-6866,C503284,cash withdrawal,1226.96,CAD
CA00050582,2025-06-25,BR032,TLR-1180,C501892,cash withdrawal,80673,CAD
CA00052686,2025-06-23,BR040,TLR-1569,C500492,cash deposit,555.66,CAD
CA00050607,2025-06-14,BR032,TLR-3184,C502773,cash deposit,302692,CAD
CA00046519,2025-06-30,BR011,TLR-1244,C502379,cash deposit,28862,CAD
CA00050153,2025-06-17,BR030,TLR-8649,C501909,cash withdrawal,381.99,CAD
CA00046807,2025-06-19,BR013,TLR-5921,C503031,cash deposit,1715.61,CAD
CA00048297,2025-06-22,BR020,TLR-5314,C501799,cash withdrawal,704.04,USD
CA00046190,2025-06-03,BR009,TLR-4000,C502050,cash withdrawal,953.7,CAD
CA00052625,2025-06-26,BR040,TLR-7292,C501415,cash withdrawal,841.3,CAD
CA00044790,2025-06-03,BR003,TLR-8012,C500315,cash deposit,972.13,CAD
CA00051938,2025-06-07,BR038,TLR-5693,C503344,cash withdrawal,1096.5,CAD
CA00050337,2025-06-28,BR031,TLR-5614,C500840,cash deposit,866.34,CAD
CA00048362,2025-06-12,BR020,TLR-5045,C503743,cash withdrawal,1271.0,USD
CA00050652,2025-06-09,BR032,TLR-1106,C503841,cash deposit,635.21,CAD
CA00046718,2025-06-22,BR012,TLR-6161,C501378,cash withdrawal,391.09,CAD
CA00048058,2025-06-28,BR019,TLR-7871,C501764,cash withdrawal,179368,CAD
CA00048784,2025-06-18,BR024,TLR-1797,C500034,cash withdrawal,630.56,CAD
CA00045822,2025-06-28,BR007,TLR-5518,C503018,cash withdrawal,769.89,CAD
CA00051416,2025-06-04,BR036,TLR-9282,C501058,cash withdrawal,113550,CAD
CA00047824,2025-06-29,BR017,TLR-9260,C503856,cash withdrawal,834.45,CAD
CA00051049,2025-06-13,BR035,TLR-1167,C503716,cash withdrawal,793.62,CAD
CA00047411,2025-06-15,BR015,TLR-7642,C500648,cash withdrawal,415.94,CAD
CA00049867,2025-06-09,BR028,TLR-1584,C501878,cash deposit,1310.3,CAD
CA00050433,2025-06-15,BR031,TLR-6630,C501555,cash withdrawal,537.46,CAD
CA00052843,2025-06-03,BR040,TLR-2377,C500548,cash deposit,1144.52,CAD
CA00047506,2025-06-15,BR016,TLR-3393,C502239,cash withdrawal,1606.72,CAD
CA00048696,2025-06-07,BR023,TLR-5509,C503679,cash deposit,1993.73,CAD
CA00047901,2025-06-19,BR018,TLR-8722,C503438,cash deposit,315.63,CAD
CA00051523,2025-06-29,BR036,TLR-7362,C500441,cash withdrawal,1164.2,CAD
CA00045962,2025-06-20,BR008,TLR-1896,C503498,cash withdrawal,1557.61,CAD
CA00050856,2025-06-24,BR034,TLR-3721,C503309,cash withdrawal,906.61,CAD
CA00053187,2025-06-21,BR040,TLR-3434,C500865,cash deposit,1774.04,CAD
CA00053274,2025-06-15,BR040,TLR-4959,C503048,cash withdrawal,69237,CAD
CA00045789,2025-06-07,BR007,TLR-2129,C500495,cash deposit,808.75,CAD
CA00045533,2025-06-19,BR006,TLR-8181,C503663,cash withdrawal,1266.04,CAD
CA00045080,2025-06-13,BR004,TLR-1932,C502306,cash deposit,544.57,CAD
CA00047087,2025-06-24,BR014,TLR-1530,C503626,cash withdrawal,1364.5,CAD
CA00045128,2025-06-26,BR004,TLR-8155,C502438,cash deposit,331.14,CAD
CA00049491,2025-06-01,BR026,TLR-1022,C502352,cash withdrawal,-733.48,CAD
CA00050998,2025-06-29,BR034,TLR-8040,C503396,cash withdrawal,31302,CAD
CA00045844,2025-06-18,BR007,TLR-1124,C503015,cash deposit,899.4,CAD
CA00049364,2025-06-05,BR026,TLR-6082,C502939,cash deposit,1255.53,CAD
CA00044648,2025-06-27,BR002,TLR-9909,C502772,cash withdrawal,-771.87,CAD
CA00048049,2025-06-10,BR019,TLR-7428,C503960,cash deposit,916.43,CAD
CA00047969,2025-06-27,BR019,TLR-5754,C500841,cash deposit,956.57,CAD
CA00046035,2025-06-14,BR008,TLR-9136,C501268,cash deposit,346175,CAD
CA00049711,2025-06-07,BR027,TLR-5754,C501514,cash deposit,1493.51,CAD
CA00047207,2025-06-23,BR015,TLR-8770,C502585,cash deposit,579.48,CAD
CA00050033,2025-06-11,BR030,TLR-3617,C500234,cash withdrawal,965.42,CAD
CA00046342,2025-06-19,BR010,TLR-1305,C500564,cash deposit,378.48,CAD
CA00052921,2025-06-09,BR040,TLR-4898,C503128,cash deposit,1005.61,CAD
CA00049825,2025-06-12,BR028,TLR-5325,C503412,cash withdrawal,562.86,CAD
CA00048495,2025-06-30,BR021,TLR-4348,C502508,cash withdrawal,856.29,CAD
CA00053155,2025-06-23,BR040,TLR-7684,C501552,cash deposit,487.51,CAD
CA00052177,2025-06-30,BR039,TLR-3798,C503952,cash withdrawal,1118.74,CAD
CA00052730,2025-06-28,BR040,TLR-4006,C500385,cash deposit,1207.1,CAD
CA00051560,2025-06-21,BR036,TLR-6970,C502272,cash withdrawal,129226,CAD
CA00045530,2025-06-09,BR006,TLR-9256,C501052,cash deposit,2294.96,CAD
CA00045871,2025-06-04,BR008,TLR-2002,C501621,cash withdrawal,435.71,CAD
CA00045195,2025-06-13,BR004,TLR-7856,C502973,cash deposit,1594.1,CAD
CA00048355,2025-06-29,BR020,TLR-1358,C500012,cash withdrawal,2638.09,USD
CA00045373,2025-06-25,BR006,TLR-4499,C503825,cash deposit,445.51,CAD
CA00048012,2025-06-08,BR019,TLR-1689,C502837,cash deposit,1101.54,CAD
CA00045714,2025-06-22,BR007,TLR-8527,C503235,cash deposit,789.16,CAD
CA00048144,2025-06-14,BR019,TLR-4771,C502120,cash deposit,684.65,CAD
CA00052054,2025-06-05,BR038,TLR-2041,C500806,cash withdrawal,1773.38,CAD
CA00048359,2025-06-25,BR020,TLR-7803,C500489,cash withdrawal,693.64,USD
CA00051396,2025-06-06,BR036,TLR-9728,C501228,cash deposit,843.06,CAD
CA00051150,2025-06-02,BR035,TLR-4729,C502322,cash withdrawal,549.57,CAD
CA00051130,2025-06-21,BR035,TLR-9862,C503922,cash withdrawal,379.41,CAD
CA00050055,2025-06-11,BR030,TLR-1882,C503043,cash deposit,69746,CAD
CA00049224,2025-06-29,BR025,TLR-8082,C501180,cash withdrawal,-271659,CAD
CA00050223,2025-06-08,BR030,TLR-3866,C500211,cash deposit,953.56,CAD
CA00049461,2025-06-03,BR026,TLR-2723,C501233,cash withdrawal,-1570.91,CAD
CA00045272,2025-06-03,BR004,TLR-2297,C503289,cash deposit,1325.7,CAD
CA00046135,2025-06-29,BR009,TLR-9049,C501954,cash deposit,1064.67,CAD
CA00049256,2025-06-03,BR025,TLR-6431,C501015,cash withdrawal,-3391.33,CAD
CA00051015,2025-06-06,BR035,TLR-1278,C501051,cash deposit,687.54,CAD
CA00050689,2025-06-20,BR033,TLR-7046,C500054,cash withdrawal,247.97,CAD
CA00050631,2025-06-25,BR032,TLR-6951,C503870,cash deposit,1764.94,CAD
CA00053259,2025-06-10,BR040,TLR-8074,C503813,cash deposit,795.13,CAD
CA00044729,2025-06-14,BR002,TLR-6860,C500592,cash withdrawal,-29552,CAD
CA00051190,2025-06-29,BR035,TLR-8242,C503951,cash deposit,958.83,CAD
CA00053235,2025-06-12,BR040,TLR-8460,C500471,cash withdrawal,437.43,CAD
CA00044822,2025-06-22,BR003,TLR-8464,C503344,cash withdrawal,1302.95,CAD
CA00048333,2025-06-30,BR020,TLR-2764,C502610,cash deposit,570.46,USD
CA00051667,2025-06-28,BR037,TLR-3128,C501842,cash withdrawal,495.18,CAD
CA00049401,2025-06-19,BR026,TLR-6900,C502296,cash withdrawal,-819.69,CAD
CA00049736,2025-06-16,BR027,TLR-5631,C503752,cash withdrawal,129330,CAD
CA00048977,2025-06-03,BR024,TLR-7805,C500042,cash deposit,1739.11,CAD
CA00044446,2025-06-28,BR001,TLR-8119,C501099,cash deposit,335.29,CAD
CA00052670,2025-06-23,BR040,TLR-3627,C500550,cash deposit,625.11,CAD
CA00048676,2025-06-07,BR022,TLR-6847,C502621,cash withdrawal,97303,CAD
CA00045427,2025-06-28,BR006,TLR-4416,C500983,cash withdrawal,753.01,CAD
CA00047319,2025-06-08,BR015,TLR-6037,C500013,cash deposit,2280.7,CAD
CA00051046,2025-06-07,BR035,TLR-9346,C502953,cash withdrawal,930.35,CAD
CA00049333,2025-06-13,BR026,TLR-7874,C502284,cash deposit,1760.8,CAD
CA00044893,2025-06-20,BR003,TLR-4870,C503583,cash deposit,202682,CAD
CA00051463,2025-06-25,BR036,TLR-7992,C501721,cash withdrawal,1040.57,CAD
CA00048906,2025-06-22,BR024,TLR-7805,C502713,cash withdrawal,2204.64,CAD
CA00052061,2025-06-10,BR038,TLR-9969,C502972,cash deposit,921.41,CAD
CA00052534,2025-06-02,BR040,TLR-7134,C500646,cash deposit,233884,CAD
CA00046072,2025-06-17,BR008,TLR-6902,C502664,cash deposit,1519.51,CAD
CA00044916,2025-06-13,BR003,TLR-1889,C501562,cash deposit,846.79,CAD
CA00046314,2025-06-05,BR009,TLR-8231,C502814,cash withdrawal,831.24,CAD
CA00046988,2025-06-30,BR014,TLR-2044,C502165,cash withdrawal,1434.63,CAD
CA00053058,2025-06-11,BR040,TLR-4859,C502833,cash withdrawal,1016.08,CAD
CA00049534,2025-06-01,BR026,TLR-1560,C500466,cash withdrawal,-842.25,CAD
CA00052574,2025-06-07,BR040,TLR-4622,C500613,cash withdrawal,245.38,CAD
CA00046232,2025-06-01,BR009,TLR-4079,C501069,cash deposit,905.56,CAD
CA00052508,2025-06-29,BR040,TLR-5093,C500515,cash withdrawal,820.65,CAD
CA00051824,2025-06-10,BR037,TLR-3713,C500993,cash withdrawal,1686.24,CAD
CA00045644,2025-06-23,BR007,TLR-7930,C501816,cash deposit,1427.96,CAD
CA00047409,2025-06-30,BR015,TLR-2905,C500493,cash withdrawal,2768.81,CAD
CA00048149,2025-06-03,BR019,TLR-8879,C503474,cash deposit,29584,CAD
CA00050082,2025-06-28,BR030,TLR-5629,C503532,cash deposit,1401.48,CAD
CA00049740,2025-06-07,BR027,TLR-4763,C500871,cash deposit,1044.35,CAD
CA00050015,2025-06-15,BR030,TLR-7040,C502854,cash withdrawal,3461.84,CAD
CA00048044,2025-06-08,BR019,TLR-5656,C500826,cash deposit,1945.6,CAD
CA00045770,2025-06-16,BR007,TLR-3009,C502705,cash withdrawal,339.73,CAD
CA00050633,2025-06-17,BR032,TLR-6662,C501279,cash withdrawal,1956.14,CAD
CA00052832,2025-06-11,BR040,TLR-4667,C502290,cash withdrawal,1515.29,CAD
CA00045915,2025-06-25,BR008,TLR-9010,C500901,cash deposit,615.12,CAD
CA00045162,2025-06-11,BR004,TLR-7400,C500070,cash withdrawal,1496.11,CAD
CA00047152,2025-06-21,BR015,TLR-3737,C501864,cash withdrawal,32185,CAD
CA00044336,2025-06-28,BR001,TLR-8210,C503568,cash deposit,2631.72,CAD
CA00049604,2025-06-17,BR027,TLR-9520,C502964,cash withdrawal,1203.89,CAD
CA00046555,2025-06-23,BR011,TLR-3917,C503601,cash deposit,830.78,CAD
CA00051697,2025-06-01,BR037,TLR-2078,C502767,cash withdrawal,646.94,CAD
CA00050846,2025-06-11,BR034,TLR-1502,C502747,cash withdrawal,1310.42,CAD
CA00049164,2025-06-03,BR025,TLR-1062,C501779,cash withdrawal,-1690.82,CAD
CA00051976,2025-06-13,BR038,TLR-4737,C502631,cash withdrawal,1207.23,CAD
CA00049143,2025-06-19,BR025,TLR-5844,C500567,cash deposit,1600.02,CAD
CA00047535,2025-06-14,BR016,TLR-3187,C501983,cash deposit,1158.3,CAD
CA00049237,2025-06-14,BR025,TLR-2990,C501622,cash deposit,603.97,CAD
CA00051573,2025-06-02,BR036,TLR-1087,C503447,cash deposit,1492.25,CAD
CA00046878,2025-06-29,BR013,TLR-7651,C500432,cash deposit,274259,CAD
CA00051879,2025-06-26,BR037,TLR-2191,C501737,cash withdrawal,852.09,CAD
CA00044401,2025-06-11,BR001,TLR-8180,C503965,cash deposit,995.69,CAD
CA00047572,2025-06-30,BR016,TLR-5464,C502594,cash deposit,1518.06,CAD
CA00053142,2025-06-30,BR040,TLR-1766,C501942,cash withdrawal,1560.62,CAD
CA00052480,2025-06-11,BR040,TLR-6410,C502980,cash deposit,2092.39,CAD
CA00052469,2025-06-29,BR040,TLR-4493,C501508,cash withdrawal,485.85,CAD
CA00049199,2025-06-12,BR025,TLR-9676,C500863,cash deposit,1141.62,CAD
CA00050902,2025-06-15,BR034,TLR-6391,C500872,cash withdrawal,49156,CAD
CA00047224,2025-06-07,BR015,TLR-9472,C500378,cash withdrawal,1388.6,CAD
CA00051687,2025-06-30,BR037,TLR-8860,C500164,cash withdrawal,99947,CAD
CA00046755,2025-06-25,BR012,TLR-4803,C503598,cash withdrawal,582.08,CAD
CA00048737,2025-06-07,BR023,TLR-4580,C502492,cash withdrawal,2958.54,CAD
CA00048648,2025-06-28,BR022,TLR-2928,C500878,cash deposit,554.68,CAD
CA00051596,2025-06-30,BR036,TLR-9734,C502175,cash deposit,2298.46,CAD
CA00047071,2025-06-27,BR014,TLR-9747,C500960,cash deposit,321.3,CAD
CA00051733,2025-06-07,BR037,TLR-1497,C503309,cash deposit,1298.91,CAD
CA00051985,2025-06-13,BR038,TLR-1570,C502675,cash withdrawal,386.94,CAD
CA00049952,2025-06-10,BR029,TLR-3218,C502759,cash withdrawal,960.05,CAD
CA00051309,2025-06-30,BR036,TLR-5567,C500055,cash deposit,2778.7,CAD
CA00051289,2025-06-03,BR036,TLR-9526,C503087,cash withdrawal,253.54,CAD
CA00048889,2025-06-16,BR024,TLR-8326,C503767,cash withdrawal,768.0,CAD
CA00051109,2025-06-20,BR035,TLR-6898,C503703,cash withdrawal,447.15,CAD
CA00049822,2025-06-05,BR028,TLR-8876,C501683,cash withdrawal,841.25,CAD
CA00050866,2025-06-11,BR034,TLR-9153,C500350,cash withdrawal,214.27,CAD
CA00046083,2025-06-09,BR008,TLR-9072,C500965,cash deposit,890.82,CAD
CA00047364,2025-06-19,BR015,TLR-7211,C501757,cash withdrawal,850.91,CAD
CA00052662,2025-06-26,BR040,TLR-7313,C501587,cash deposit,798.9,CAD
CA00047184,2025-06-06,BR015,TLR-6198,C503376,cash withdrawal,804.27,CAD
CA00048798,2025-06-28,BR024,TLR-6474,C502334,cash withdrawal,473.5,CAD
CA00052316,2025-06-20,BR040,TLR-2910,C503573,cash deposit,462.64,CAD
CA00047568,2025-06-16,BR016,TLR-1352,C501265,cash withdrawal,1372.94,CAD
CA00048755,2025-06-19,BR023,TLR-3926,C503699,cash deposit,652.51,CAD
CA00049311,2025-06-19,BR026,TLR-5158,C501696,cash withdrawal,-156.29,CAD
CA00044510,2025-06-30,BR001,TLR-5519,C502323,cash deposit,897.01,CAD
CA00051816,2025-06-22,BR037,TLR-9091,C501080,cash withdrawal,486.82,CAD
CA00047512,2025-06-26,BR016,TLR-2863,C502428,cash withdrawal,159334,CAD
CA00052258,2025-06-30,BR039,TLR-8202,C501777,cash withdrawal,712.37,CAD
CA00049837,2025-06-12,BR028,TLR-8435,C500124,cash withdrawal,1700.08,CAD
CA00046471,2025-06-30,BR010,TLR-3187,C502440,cash deposit,34423,CAD
CA00046694,2025-06-02,BR012,TLR-3942,C500221,cash withdrawal,562.25,CAD
CA00051233,2025-06-01,BR035,TLR-5806,C503459,cash deposit,355.92,CAD
CA00050360,2025-06-26,BR031,TLR-6776,C501934,cash withdrawal,1490.03,CAD
CA00045444,2025-06-16,BR006,TLR-2486,C501667,cash deposit,781.4,CAD
CA00044340,2025-06-05,BR001,TLR-6891,C500106,cash deposit,1003.67,CAD
CA00048562,2025-06-17,BR021,TLR-7524,C500896,cash deposit,390.54,CAD
CA00053163,2025-06-16,BR040,TLR-4848,C503299,cash withdrawal,232910,CAD
CA00047708,2025-06-09,BR017,TLR-4855,C500682,cash withdrawal,1391.72,CAD
CA00046610,2025-06-17,BR012,TLR-4188,C501950,cash withdrawal,203461,CAD
CA00046566,2025-06-24,BR011,TLR-1333,C503664,cash deposit,196136,CAD
CA00049633,2025-06-05,BR027,TLR-2587,C500325,cash deposit,221082,CAD
CA00047047,2025-06-12,BR014,TLR-7042,C502919,cash withdrawal,671.0,CAD
CA00045056,2025-06-22,BR004,TLR-1315,C501517,cash withdrawal,1387.97,CAD
CA00050601,2025-06-13,BR032,TLR-2870,C500951,cash withdrawal,2709.39,CAD
CA00045887,2025-06-27,BR008,TLR-2158,C502798,cash deposit,888.39,CAD
CA00049183,2025-06-29,BR025,TLR-3346,C500999,cash deposit,865.51,CAD
CA00047936,2025-06-02,BR018,TLR-2336,C502485,cash withdrawal,446.12,CAD
CA00052869,2025-06-20,BR040,TLR-7805,C502858,cash deposit,852.65,CAD
CA00047717,2025-06-27,BR017,TLR-7421,C503716,cash withdrawal,1906.68,CAD
CA00047128,2025-06-03,BR015,TLR-1695,C502071,cash withdrawal,404.08,CAD
CA00052285,2025-06-17,BR039,TLR-4818,C502526,cash deposit,2637.81,CAD
CA00047536,2025-06-17,BR016,TLR-7424,C501200,cash withdrawal,295.26,CAD
CA00051796,2025-06-05,BR037,TLR-8612,C501406,cash deposit,91654,CAD
CA00044814,2025-06-15,BR003,TLR-6621,C500398,cash withdrawal,3627.04,CAD
CA00048318,2025-06-15,BR020,TLR-5100,C502400,cash deposit,516.21,USD
CA00047058,2025-06-16,BR014,TLR-1124,C503261,cash withdrawal,562.73,CAD
CA00046227,2025-06-27,BR009,TLR-2204,C501418,cash deposit,493.9,CAD
CA00047240,2025-06-11,BR015,TLR-7306,C503115,cash deposit,524.93,CAD
CA00046084,2025-06-09,BR008,TLR-3265,C500200,cash deposit,378.91,CAD
CA00044538,2025-06-02,BR001,TLR-1947,C500595,cash withdrawal,1371.3,CAD
CA00052002,2025-06-01,BR038,TLR-4755,C502202,cash withdrawal,6026.91,CAD
CA00048992,2025-06-23,BR024,TLR-8653,C503153,cash deposit,3082.72,CAD
CA00046721,2025-06-09,BR012,TLR-3461,C501611,cash deposit,814.95,CAD
CA00050516,2025-06-07,BR031,TLR-2200,C502428,cash withdrawal,271.54,CAD
CA00050693,2025-06-10,BR033,TLR-9956,C501139,cash deposit,533.78,CAD
CA00044488,2025-06-10,BR001,TLR-7953,C503485,cash withdrawal,2054.94,CAD
CA00049136,2025-06-04,BR025,TLR-8634,C501453,cash withdrawal,-1216.49,CAD
CA00048020,2025-06-26,BR019,TLR-2909,C502537,cash deposit,1794.39,CAD
CA00049673,2025-06-13,BR027,TLR-7159,C502264,cash withdrawal,1316.53,CAD
CA00049528,2025-06-25,BR026,TLR-6999,C501885,cash withdrawal,-2180.75,CAD
CA00051450,2025-06-08,BR036,TLR-6646,C501940,cash withdrawal,52830,CAD
CA00048914,2025-06-19,BR024,TLR-3438,C500391,cash deposit,326.48,CAD
CA00050739,2025-06-01,BR033,TLR-4038,C501279,cash withdrawal,466.57,CAD
CA00045909,2025-06-09,BR008,TLR-8517,C500320,cash withdrawal,2707.41,CAD
CA00050382,2025-06-12,BR031,TLR-2583,C500809,cash withdrawal,764.78,CAD
CA00048457,2025-06-02,BR021,TLR-3743,C503428,cash deposit,936.24,CAD
CA00047511,2025-06-14,BR016,TLR-9943,C503420,cash deposit,246713,CAD
CA00051505,2025-06-30,BR036,TLR-9814,C503813,cash deposit,3189.49,CAD
CA00051467,2025-06-05,BR036,TLR-3475,C500591,cash deposit,1057.98,CAD
CA00049928,2025-06-27,BR029,TLR-6697,C500222,cash withdrawal,1320.14,CAD
CA00047992,2025-06-28,BR019,TLR-8295,C500442,cash deposit,1248.18,CAD
CA00048316,2025-06-03,BR020,TLR-8618,C503788,cash deposit,1229.75,USD
CA00046450,2025-06-01,BR010,TLR-2256,C500556,cash withdrawal,75827,CAD
CA00053049,2025-06-21,BR040,TLR-5617,C502253,cash withdrawal,446.53,CAD
CA00047943,2025-06-08,BR018,TLR-8137,C501769,cash deposit,469.03,CAD
CA00050283,2025-06-04,BR030,TLR-6267,C500444,cash deposit,921.49,CAD
CA00052312,2025-06-06,BR040,TLR-4519,C502832,cash deposit,1069.97,CAD
CA00047804,2025-06-08,BR017,TLR-6797,C501784,cash withdrawal,979.85,CAD
CA00048111,2025-06-21,BR019,TLR-6376,C503992,cash deposit,145.68,CAD
CA00047310,2025-06-14,BR015,TLR-7418,C502284,cash deposit,76637,CAD
CA00047925,2025-06-15,BR018,TLR-5248,C502247,cash deposit,769.16,CAD
CA00049685,2025-06-16,BR027,TLR-1850,C501102,cash withdrawal,1385.29,CAD
CA00051162,2025-06-02,BR035,TLR-7407,C503788,cash deposit,1295.36,CAD
CA00048706,2025-06-30,BR023,TLR-3329,C501445,cash deposit,1136.91,CAD
CA00045071,2025-06-17,BR004,TLR-6649,C500305,cash deposit,834.26,CAD
CA00049304,2025-06-04,BR025,TLR-5715,C503035,cash withdrawal,-716.74,CAD
CA00044924,2025-06-27,BR003,TLR-7372,C503597,cash deposit,2073.5,CAD
CA00049064,2025-06-10,BR024,TLR-2660,C502011,cash deposit,2824.44,CAD
CA00044884,2025-06-25,BR003,TLR-5887,C503757,cash deposit,1491.1,CAD
CA00047018,2025-06-12,BR014,TLR-9324,C503007,cash withdrawal,288.3,CAD
CA00045279,2025-06-29,BR005,TLR-7809,C501251,cash deposit,429.83,CAD
CA00046359,2025-06-27,BR010,TLR-2905,C500451,cash withdrawal,697.81,CAD
CA00048035,2025-06-15,BR019,TLR-6189,C503601,cash withdrawal,979.53,CAD
CA00046441,2025-06-06,BR010,TLR-7075,C503923,cash deposit,838.94,CAD
CA00050139,2025-06-18,BR030,TLR-3231,C503247,cash withdrawal,84297,CAD
CA00052366,2025-06-18,BR040,TLR-7841,C500562,cash deposit,1132.65,CAD
CA00045276,2025-06-11,BR004,TLR-8534,C501723,cash deposit,408.82,CAD
CA00048089,2025-06-01,BR019,TLR-8475,C500390,cash deposit,119090,CAD
CA00045256,2025-06-22,BR004,TLR-9271,C500338,cash deposit,1090.91,CAD
CA00051041,2025-06-12,BR035,TLR-3547,C502507,cash deposit,640.81,CAD
CA00045104,2025-06-10,BR004,TLR-1292,C501183,cash deposit,120223,CAD
CA00048503,2025-06-24,BR021,TLR-8044,C503594,cash withdrawal,1065.64,CAD
CA00044370,2025-06-06,BR001,TLR-5844,C502955,cash deposit,2653.91,CAD
CA00044953,2025-06-27,BR003,TLR-4979,C501811,cash withdrawal,645.5,CAD
CA00051039,2025-06-12,BR035,TLR-1084,C500246,cash withdrawal,944.42,CAD
CA00046646,2025-06-11,BR012,TLR-4649,C503658,cash deposit,1384.54,CAD
CA00044349,2025-06-24,BR001,TLR-6160,C502243,cash withdrawal,923.18,CAD
CA00050171,2025-06-11,BR030,TLR-6107,C501255,cash withdrawal,1998.87,CAD
CA00050868,2025-06-14,BR034,TLR-9522,C500196,cash deposit,1548.84,CAD
CA00047179,2025-06-25,BR015,TLR-8366,C503256,cash withdrawal,212.89,CAD
CA00044581,2025-06-21,BR002,TLR-4393,C501588,cash deposit,831.22,CAD
CA00046525,2025-06-30,BR011,TLR-8194,C502078,cash deposit,66709,CAD
CA00047784,2025-06-12,BR017,TLR-6903,C503837,cash withdrawal,3060.78,CAD
CA00052476,2025-06-23,BR040,TLR-2925,C502554,cash deposit,1388.3,CAD
CA00049560,2025-06-22,BR026,TLR-9478,C500414,cash deposit,997.53,CAD
CA00048427,2025-06-05,BR021,TLR-6118,C500181,cash withdrawal,2112.24,CAD
CA00045698,2025-06-27,BR007,TLR-1398,C503307,cash withdrawal,135760,CAD
CA00050810,2025-06-02,BR033,TLR-3075,C500860,cash withdrawal,1354.31,CAD
CA00049004,2025-06-29,BR024,TLR-8280,C500807,cash deposit,2514.27,CAD
CA00046865,2025-06-30,BR013,TLR-6098,C501745,cash deposit,696.33,CAD
CA00047138,2025-06-03,BR015,TLR-1456,C503420,cash deposit,99402,CAD
CA00047006,2025-06-01,BR014,TLR-5180,C503392,cash withdrawal,3145.35,CAD
CA00049688,2025-06-23,BR027,TLR-4971,C501379,cash withdrawal,1304.98,CAD
CA00044498,2025-06-04,BR001,TLR-9927,C502953,cash withdrawal,1167.92,CAD
CA00048922,2025-06-11,BR024,TLR-9133,C501654,cash withdrawal,705.07,CAD
CA00049988,2025-06-24,BR029,TLR-9789,C503099,cash withdrawal,1281.59,CAD
CA00046800,2025-06-01,BR012,TLR-3235,C503092,cash deposit,1319.78,CAD
CA00044452,2025-06-17,BR001,TLR-4231,C500019,cash withdrawal,1530.16,CAD
CA00046461,2025-06-01,BR010,TLR-2893,C502305,cash withdrawal,633.44,CAD
CA00046339,2025-06-15,BR010,TLR-7233,C501780,cash deposit,550.56,CAD
CA00046498,2025-06-26,BR010,TLR-4034,C503154,cash withdrawal,3279.09,CAD
CA00048122,2025-06-02,BR019,TLR-9934,C500388,cash deposit,989.66,CAD
CA00046063,2025-06-30,BR008,TLR-8415,C503830,cash deposit,4019.01,CAD
CA00044947,2025-06-03,BR003,TLR-3604,C503973,cash withdrawal,1830.74,CAD
CA00044630,2025-06-13,BR002,TLR-4677,C502658,cash withdrawal,-129.73,CAD
CA00046001,2025-06-19,BR008,TLR-4930,C500308,cash withdrawal,821.84,CAD
CA00049990,2025-06-19,BR029,TLR-6252,C500159,cash deposit,610.2,CAD
CA00046131,2025-06-30,BR009,TLR-7612,C501431,cash deposit,137356,CAD
CA00046602,2025-06-28,BR012,TLR-8011,C503988,cash withdrawal,963.68,CAD
CA00051662,2025-06-17,BR037,TLR-1767,C503356,cash withdrawal,1647.14,CAD
CA00046444,2025-06-09,BR010,TLR-7411,C502695,cash withdrawal,2176.36,CAD
CA00046118,2025-06-28,BR009,TLR-7923,C500717,cash deposit,70312,CAD
CA00045019,2025-06-05,BR004,TLR-5043,C503570,cash deposit,1902.77,CAD
CA00044840,2025-06-03,BR003,TLR-4266,C503713,cash withdrawal,1206.02,CAD
CA00047304,2025-06-14,BR015,TLR-1679,C500210,cash withdrawal,243.67,CAD
CA00044502,2025-06-06,BR001,TLR-5224,C503297,cash deposit,840.92,CAD
CA00052099,2025-06-28,BR038,TLR-7611,C503107,cash deposit,438.71,CAD
CA00051716,2025-06-17,BR037,TLR-9974,C503423,cash withdrawal,2232.7,CAD
CA00051729,2025-06-12,BR037,TLR-1775,C502762,cash deposit,87932,CAD
CA00045333,2025-06-11,BR005,TLR-1465,C503139,cash withdrawal,119587,CAD
CA00048647,2025-06-18,BR022,TLR-9552,C502433,cash deposit,286.34,CAD
CA00044300,2025-06-20,BR001,TLR-3266,C502678,cash deposit,789.87,CAD
CA00051748,2025-06-20,BR037,TLR-6981,C503600,cash deposit,48480,CAD
CA00050793,2025-06-15,BR033,TLR-6478,C501722,cash deposit,1478.78,CAD
CA00047517,2025-06-13,BR016,TLR-2160,C503124,cash deposit,369.71,CAD
CA00046283,2025-06-04,BR009,TLR-7092,C501977,cash deposit,481.84,CAD
CA00048425,2025-06-06,BR020,TLR-1763,C500467,cash deposit,1178.87,USD
CA00046568,2025-06-29,BR011,TLR-2098,C500326,cash withdrawal,75807,CAD
CA00047483,2025-06-15,BR016,TLR-8935,C503856,cash deposit,915.15,CAD
CA00051887,2025-06-02,BR037,TLR-1644,C503401,cash withdrawal,143.29,CAD
CA00048455,2025-06-27,BR021,TLR-7707,C503219,cash withdrawal,65319,CAD
CA00044660,2025-06-14,BR002,TLR-8487,C503906,cash deposit,1820.0,CAD
CA00048661,2025-06-12,BR022,TLR-3145,C503034,cash withdrawal,576.36,CAD
CA00046797,2025-06-03,BR012,TLR-9810,C501329,cash withdrawal,48432,CAD
CA00047385,2025-06-07,BR015,TLR-5765,C503230,cash deposit,590.38,CAD
CA00049277,2025-06-02,BR025,TLR-3704,C502011,cash withdrawal,-2510.67,CAD
CA00050674,2025-06-26,BR032,TLR-2634,C502937,cash deposit,1829.37,CAD
CA00044346,2025-06-09,BR001,TLR-7705,C503994,cash deposit,1734.36,CAD
CA00049051,2025-06-22,BR024,TLR-4571,C502774,cash deposit,601.89,CAD
CA00048313,2025-06-14,BR020,TLR-6883,C501433,cash deposit,486.76,USD
CA00049963,2025-06-22,BR029,TLR-3052,C500204,cash withdrawal,2192.52,CAD
CA00052403,2025-06-30,BR040,TLR-3341,C502127,cash withdrawal,622.03,CAD
CA00047793,2025-06-05,BR017,TLR-7726,C500187,cash withdrawal,1097.6,CAD
CA00052775,2025-06-11,BR040,TLR-1964,C502157,cash deposit,332.88,CAD
CA00049692,2025-06-08,BR027,TLR-6910,C502802,cash withdrawal,521.12,CAD
CA00053308,2025-06-01,BR012,TLR-2467,W922966,cash deposit,156.39,CAD
CA00046176,2025-06-19,BR009,TLR-8419,C503948,cash withdrawal,1227.48,CAD
CA00050345,2025-06-27,BR031,TLR-4244,C503911,cash withdrawal,372.34,CAD
CA00046023,2025-06-18,BR008,TLR-2650,C503913,cash withdrawal,153397,CAD
CA00049559,2025-06-27,BR026,TLR-7209,C503453,cash deposit,64423,CAD
CA00046399,2025-06-25,BR010,TLR-7143,C500458,cash deposit,879.63,CAD
CA00051987,2025-06-28,BR038,TLR-4083,C501404,cash withdrawal,760.25,CAD
CA00047238,2025-06-08,BR015,TLR-2915,C500791,cash withdrawal,566.44,CAD
CA00048291,2025-06-07,BR020,TLR-4704,C502634,cash withdrawal,819.85,USD
CA00050399,2025-06-25,BR031,TLR-4850,C502793,cash deposit,2328.58,CAD
CA00052390,2025-06-06,BR040,TLR-3357,C500696,cash withdrawal,226.27,CAD
CA00051339,2025-06-16,BR036,TLR-7497,C502029,cash deposit,715.35,CAD
CA00053311,2025-06-07,BR019,TLR-4326,W939470,cash withdrawal,993.96,CAD
CA00046483,2025-06-15,BR010,TLR-6012,C501779,cash deposit,324.38,CAD
CA00052518,2025-06-26,BR040,TLR-7293,C501365,cash deposit,4218.63,CAD
CA00051581,2025-06-25,BR036,TLR-9307,C502263,cash deposit,395.75,CAD
CA00044774,2025-06-23,BR002,TLR-5956,C500604,cash withdrawal,-1294.7,CAD
CA00051809,2025-06-26,BR037,TLR-3212,C503918,cash withdrawal,179.4,CAD
CA00045182,2025-06-01,BR004,TLR-4973,C502388,cash deposit,1578.15,CAD
CA00049142,2025-06-05,BR025,TLR-4924,C503537,cash withdrawal,-894.58,CAD
CA00050218,2025-06-28,BR030,TLR-4359,C501222,cash withdrawal,793.6,CAD
CA00050994,2025-06-02,BR034,TLR-1167,C500457,cash withdrawal,219.99,CAD
CA00049683,2025-06-22,BR027,TLR-3956,C501361,cash withdrawal,1000.4,CAD
CA00049624,2025-06-07,BR027,TLR-2688,C502303,cash deposit,957.25,CAD
CA00047492,2025-06-15,BR016,TLR-3374,C502407,cash withdrawal,109378,CAD
CA00051460,2025-06-08,BR036,TLR-8195,C503258,cash withdrawal,205803,CAD
CA00047377,2025-06-06,BR015,TLR-4950,C502886,cash withdrawal,1327.73,CAD
CA00048882,2025-06-26,BR024,TLR-3418,C501853,cash withdrawal,579.79,CAD
CA00048596,2025-06-15,BR021,TLR-8537,C502600,cash deposit,560.17,CAD
CA00047902,2025-06-04,BR018,TLR-7141,C500035,cash withdrawal,55519,CAD
CA00051547,2025-06-05,BR036,TLR-7421,C500010,cash withdrawal,2543.93,CAD
CA00051024,2025-06-14,BR035,TLR-2683,C501089,cash deposit,795.49,CAD
CA00046253,2025-06-10,BR009,TLR-8877,C502518,cash deposit,61769,CAD
CA00048806,2025-06-22,BR024,TLR-6561,C500314,cash withdrawal,2197.45,CAD
CA00051991,2025-06-23,BR038,TLR-5714,C502966,cash deposit,747.86,CAD
CA00050144,2025-06-30,BR030,TLR-8839,C502387,cash deposit,437.36,CAD
CA00045545,2025-06-11,BR006,TLR-1885,C503908,cash deposit,62767,CAD
CA00051403,2025-06-28,BR036,TLR-7734,C502609,cash withdrawal,307.62,CAD
CA00044636,2025-06-20,BR002,TLR-2266,C502401,cash withdrawal,-870.41,CAD
CA00049836,2025-06-05,BR028,TLR-1879,C500203,cash deposit,813.08,CAD
CA00052521,2025-06-13,BR040,TLR-3742,C502901,cash deposit,786.51,CAD
CA00047664,2025-06-27,BR017,TLR-9978,C501772,cash deposit,1182.58,CAD
CA00046207,2025-06-27,BR009,TLR-1977,C501746,cash withdrawal,1635.76,CAD
CA00047818,2025-06-08,BR017,TLR-8630,C501082,cash withdrawal,670.83,CAD
CA00046804,2025-06-24,BR012,TLR-2330,C503756,cash withdrawal,472.89,CAD
CA00050167,2025-06-21,BR030,TLR-4719,C500713,cash withdrawal,1115.15,CAD
CA00045268,2025-06-11,BR004,TLR-3383,C503281,cash deposit,50357,CAD
CA00050524,2025-06-18,BR031,TLR-8160,C502854,cash deposit,1301.46,CAD
CA00046295,2025-06-05,BR009,TLR-2268,C502324,cash deposit,576.23,CAD
CA00044647,2025-06-20,BR002,TLR-9800,C502596,cash withdrawal,-602.92,CAD
CA00045942,2025-06-17,BR008,TLR-4693,C501136,cash withdrawal,1044.31,CAD
CA00044629,2025-06-02,BR002,TLR-5146,C503855,cash deposit,500.69,CAD
CA00047075,2025-06-12,BR014,TLR-6118,C503645,cash withdrawal,731.51,CAD
CA00052735,2025-06-22,BR040,TLR-8746,C502747,cash deposit,189211,CAD
CA00046921,2025-06-05,BR014,TLR-9798,C502349,cash withdrawal,1378.27,CAD
CA00052598,2025-06-19,BR040,TLR-1529,C500252,cash deposit,1052.01,CAD
CA00050673,2025-06-30,BR032,TLR-8627,C501258,cash deposit,898.37,CAD
CA00052549,2025-06-20,BR040,TLR-1440,C503223,cash deposit,43209,CAD
CA00051267,2025-06-24,BR035,TLR-2069,C501326,cash deposit,1028.24,CAD
CA00051737,2025-06-28,BR037,TLR-4900,C501875,cash deposit,1764.2,CAD
CA00047252,2025-06-13,BR015,TLR-5764,C503479,cash withdrawal,53299,CAD
CA00046967,2025-06-14,BR014,TLR-2758,C503191,cash withdrawal,1604.76,CAD
CA00049366,2025-06-01,BR026,TLR-8496,C502621,cash deposit,4097.21,CAD
CA00044811,2025-06-23,BR003,TLR-6929,C500132,cash deposit,1048.43,CAD
CA00046066,2025-06-30,BR008,TLR-3877,C502439,cash deposit,928.94,CAD
CA00048218,2025-06-19,BR019,TLR-4510,C501089,cash withdrawal,603.05,CAD
CA00049828,2025-06-08,BR028,TLR-8296,C502022,cash withdrawal,963.97,CAD
CA00051157,2025-06-15,BR035,TLR-9784,C502946,cash withdrawal,567.91,CAD
CA00045802,2025-06-29,BR007,TLR-6896,C503977,cash withdrawal,1518.55,CAD
CA00052871,2025-06-05,BR040,TLR-7755,C501939,cash deposit,1227.65,CAD
CA00051003,2025-06-25,BR034,TLR-9098,C502032,cash deposit,648.9,CAD
CA00047981,2025-06-19,BR019,TLR-8642,C500321,cash deposit,187699,CAD
CA00046101,2025-06-24,BR008,TLR-6277,C500849,cash withdrawal,144326,CAD
CA00045245,2025-06-08,BR004,TLR-8173,C503427,cash deposit,1987.43,CAD
CA00046885,2025-06-28,BR013,TLR-8162,C502056,cash deposit,1195.93,CAD
CA00046174,2025-06-05,BR009,TLR-3524,C500110,cash deposit,1732.03,CAD
CA00052302,2025-06-27,BR040,TLR-3778,C500017,cash withdrawal,244157,CAD
CA00045176,2025-06-29,BR004,TLR-1281,C503116,cash deposit,1940.19,CAD
CA00046085,2025-06-09,BR008,TLR-9635,C503309,cash deposit,5354.11,CAD
CA00046933,2025-06-26,BR014,TLR-7084,C502245,cash deposit,2304.46,CAD
CA00049818,2025-06-14,BR028,TLR-5285,C500955,cash deposit,2131.01,CAD
CA00045083,2025-06-11,BR004,TLR-3291,C503681,cash deposit,1164.19,CAD
CA00048224,2025-06-15,BR020,TLR-8067,C501389,cash deposit,520.27,USD
CA00051443,2025-06-06,BR036,TLR-6257,C501746,cash withdrawal,3866.25,CAD
CA00052091,2025-06-02,BR038,TLR-2534,C502586,cash withdrawal,1484.71,CAD
CA00053091,2025-06-13,BR040,TLR-6072,C501036,cash deposit,1553.0,CAD
CA00051971,2025-06-05,BR038,TLR-2978,C502780,cash deposit,767.63,CAD
CA00048805,2025-06-11,BR024,TLR-6445,C500151,cash withdrawal,655.64,CAD
CA00044853,2025-06-03,BR003,TLR-6689,C503660,cash withdrawal,2323.03,CAD
CA00047258,2025-06-07,BR015,TLR-8571,C502937,cash deposit,198.91,CAD
CA00045461,2025-06-23,BR006,TLR-7888,C500120,cash withdrawal,940.95,CAD
CA00048286,2025-06-26,BR020,TLR-6654,C501533,cash deposit,273.82,USD
CA00048482,2025-06-20,BR021,TLR-2689,C500588,cash deposit,778.41,CAD
CA00044661,2025-06-13,BR002,TLR-9775,C500904,cash deposit,1746.46,CAD
CA00051245,2025-06-02,BR035,TLR-9287,C503396,cash withdrawal,424.62,CAD
CA00048324,2025-06-10,BR020,TLR-5798,C501393,cash withdrawal,2772.69,USD
CA00047322,2025-06-16,BR015,TLR-2627,C502748,cash deposit,772.5,CAD
CA00045854,2025-06-19,BR008,TLR-4296,C500834,cash withdrawal,3489.84,CAD
CA00051419,2025-06-25,BR036,TLR-1047,C503065,cash deposit,1054.77,CAD
CA00045354,2025-06-20,BR006,TLR-3609,C503186,cash withdrawal,517.21,CAD
CA00049024,2025-06-08,BR024,TLR-4906,C501025,cash deposit,453.12,CAD
CA00045006,2025-06-05,BR003,TLR-5327,C503535,cash deposit,1006.39,CAD
CA00052304,2025-06-12,BR040,TLR-6044,C501141,cash withdrawal,1856.09,CAD
CA00047475,2025-06-23,BR016,TLR-2517,C501251,cash withdrawal,291.58,CAD
CA00048211,2025-06-24,BR019,TLR-7729,C502237,cash withdrawal,1795.79,CAD
CA00046678,2025-06-05,BR012,TLR-2161,C501524,cash deposit,2423.39,CAD
CA00048170,2025-06-03,BR019,TLR-3660,C502233,cash deposit,3803.6,CAD
CA00051335,2025-06-24,BR036,TLR-5650,C503361,cash deposit,122.64,CAD
CA00044631,2025-06-21,BR002,TLR-2930,C502427,cash withdrawal,-1949.94,CAD
CA00048115,2025-06-04,BR019,TLR-3333,C502010,cash deposit,617.12,CAD
CA00049139,2025-06-28,BR025,TLR-4587,C502671,cash deposit,1183.64,CAD
CA00045917,2025-06-21,BR008,TLR-2864,C500911,cash deposit,1657.24,CAD
CA00045945,2025-06-10,BR008,TLR-5119,C503890,cash deposit,787.79,CAD
CA00048551,2025-06-13,BR021,TLR-4711,C501141,cash withdrawal,533.28,CAD
CA00048473,2025-06-15,BR021,TLR-1762,C501457,cash withdrawal,1804.16,CAD
CA00051486,2025-06-05,BR036,TLR-1893,C500681,cash withdrawal,351.42,CAD
CA00052057,2025-06-22,BR038,TLR-2663,C503747,cash withdrawal,807.88,CAD
CA00044820,2025-06-23,BR003,TLR-3020,C502040,cash deposit,71321,CAD
CA00051529,2025-06-07,BR036,TLR-2298,C501269,cash withdrawal,2311.76,CAD
CA00047962,2025-06-02,BR018,TLR-7498,C503413,cash withdrawal,112018,CAD
CA00047907,2025-06-24,BR018,TLR-3360,C503299,cash withdrawal,2789.33,CAD
CA00051411,2025-06-12,BR036,TLR-2277,C503954,cash deposit,214605,CAD
CA00052475,2025-06-09,BR040,TLR-4924,C502774,cash withdrawal,30966,CAD
CA00052557,2025-06-17,BR040,TLR-2187,C500087,cash withdrawal,1318.2,CAD
CA00052944,2025-06-02,BR040,TLR-1896,C500454,cash withdrawal,133.15,CAD
CA00048232,2025-06-23,BR020,TLR-4529,C503045,cash deposit,486.13,USD
CA00046591,2025-06-07,BR012,TLR-7254,C500722,cash deposit,575.95,CAD
CA00052559,2025-06-07,BR040,TLR-7036,C500612,cash withdrawal,3489.1,CAD
CA00050819,2025-06-13,BR033,TLR-7582,C501761,cash withdrawal,622.65,CAD
CA00044416,2025-06-20,BR001,TLR-4387,C500935,cash deposit,754.27,CAD
CA00045963,2025-06-01,BR008,TLR-2180,C502142,cash withdrawal,834.89,CAD
CA00048902,2025-06-25,BR024,TLR-8597,C501311,cash deposit,358.54,CAD
CA00050867,2025-06-06,BR034,TLR-3671,C502805,cash deposit,3671.81,CAD
CA00049555,2025-06-24,BR026,TLR-3949,C503461,cash deposit,3142.06,CAD
CA00046105,2025-06-12,BR008,TLR-3793,C501889,cash deposit,4578.13,CAD
CA00045034,2025-06-23,BR004,TLR-6413,C503464,cash deposit,2763.15,CAD
CA00045976,2025-06-14,BR008,TLR-7985,C501023,cash withdrawal,393.31,CAD
CA00045095,2025-06-18,BR004,TLR-6801,C501450,cash withdrawal,867.24,CAD
CA00051513,2025-06-20,BR036,TLR-9724,C502352,cash deposit,801.9,CAD
CA00046102,2025-06-13,BR008,TLR-9773,C502386,cash deposit,389.38,CAD
CA00051637,2025-06-20,BR037,TLR-4440,C500780,cash withdrawal,2078.4,CAD
CA00050777,2025-06-16,BR033,TLR-4721,C502254,cash withdrawal,36022,CAD
CA00048336,2025-06-21,BR020,TLR-1126,C503561,cash withdrawal,38255,USD
CA00047709,2025-06-16,BR017,TLR-2812,C501302,cash deposit,1391.24,CAD
CA00045931,2025-06-18,BR008,TLR-4877,C503089,cash withdrawal,790.02,CAD
CA00050605,2025-06-11,BR032,TLR-7220,C501005,cash withdrawal,137809,CAD
CA00052466,2025-06-18,BR040,TLR-9264,C500985,cash withdrawal,1738.65,CAD
CA00049251,2025-06-02,BR025,TLR-6925,C500713,cash deposit,4869.84,CAD
CA00048878,2025-06-05,BR024,TLR-3552,C502305,cash deposit,857.32,CAD
CA00049681,2025-06-05,BR027,TLR-4437,C503941,cash withdrawal,486.28,CAD
CA00050008,2025-06-17,BR029,TLR-9682,C500262,cash deposit,98169,CAD
CA00048072,2025-06-04,BR019,TLR-6928,C503807,cash withdrawal,749.95,CAD
CA00048765,2025-06-20,BR023,TLR-3190,C501342,cash deposit,1267.96,CAD
CA00046932,2025-06-27,BR014,TLR-1659,C503655,cash deposit,202.28,CAD
CA00049506,2025-06-18,BR026,TLR-1734,C502320,cash deposit,771.48,CAD
CA00052540,2025-06-12,BR040,TLR-7592,C500507,cash withdrawal,1141.44,CAD
CA00050448,2025-06-08,BR031,TLR-3728,C501059,cash withdrawal,1707.93,CAD
CA00050893,2025-06-28,BR034,TLR-2520,C503211,cash withdrawal,612.67,CAD
CA00046161,2025-06-10,BR009,TLR-7034,C502614,cash withdrawal,1215.57,CAD
CA00050063,2025-06-17,BR030,TLR-6702,C501150,cash deposit,1191.79,CAD
CA00052442,2025-06-23,BR040,TLR-9702,C503626,cash withdrawal,759.97,CAD
CA00045361,2025-06-08,BR006,TLR-5413,C503738,cash withdrawal,631.87,CAD
CA00045020,2025-06-09,BR004,TLR-6548,C501714,cash deposit,198.73,CAD
CA00048950,2025-06-15,BR024,TLR-7370,C501428,cash deposit,374.63,CAD
CA00051755,2025-06-26,BR037,TLR-6866,C503819,cash deposit,1949.43,CAD
CA00052261,2025-06-13,BR039,TLR-8530,C501742,cash withdrawal,660.75,CAD
CA00046059,2025-06-25,BR008,TLR-4154,C500205,cash deposit,630.23,CAD
CA00046116,2025-06-17,BR009,TLR-2327,C500102,cash deposit,434.08,CAD
CA00049951,2025-06-17,BR029,TLR-2412,C501285,cash deposit,1093.08,CAD
CA00045265,2025-06-12,BR004,TLR-7896,C502227,cash deposit,442.33,CAD
CA00046785,2025-06-28,BR012,TLR-8865,C503677,cash deposit,2922.74,CAD
CA00045775,2025-06-09,BR007,TLR-8604,C503048,cash deposit,620.82,CAD
CA00045035,2025-06-03,BR004,TLR-6851,C500977,cash deposit,1420.62,CAD
CA00047229,2025-06-21,BR015,TLR-7430,C502059,cash deposit,860.34,CAD
CA00047463,2025-06-13,BR016,TLR-6292,C502835,cash deposit,1221.33,CAD
CA00047853,2025-06-13,BR018,TLR-4728,C501570,cash deposit,1010.75,CAD
CA00048524,2025-06-06,BR021,TLR-1888,C501369,cash deposit,280938,CAD
CA00052070,2025-06-13,BR038,TLR-2822,C502557,cash deposit,1252.86,CAD
CA00053052,2025-06-29,BR040,TLR-3544,C502635,cash deposit,1347.11,CAD
CA00051883,2025-06-01,BR037,TLR-9557,C503700,cash deposit,617.39,CAD
CA00050014,2025-06-23,BR030,TLR-7737,C501507,cash withdrawal,2297.12,CAD
CA00050280,2025-06-06,BR030,TLR-7150,C500394,cash deposit,438.55,CAD
CA00050735,2025-06-11,BR033,TLR-5042,C503617,cash withdrawal,62476,CAD
CA00047063,2025-06-26,BR014,TLR-9103,C500620,cash deposit,1057.46,CAD
CA00049306,2025-06-17,BR025,TLR-6033,C501058,cash withdrawal,-50731,CAD
CA00050160,2025-06-20,BR030,TLR-2785,C501398,cash withdrawal,3262.05,CAD
CA00049244,2025-06-20,BR025,TLR-4358,C500703,cash withdrawal,-1177.09,CAD
CA00047514,2025-06-16,BR016,TLR-9298,C501470,cash withdrawal,416.93,CAD
CA00047203,2025-06-20,BR015,TLR-9021,C503837,cash withdrawal,1114.63,CAD
CA00046503,2025-06-13,BR010,TLR-6690,C502662,cash withdrawal,1296.75,CAD
CA00047912,2025-06-10,BR018,TLR-1349,C503396,cash deposit,522.18,CAD
CA00048021,2025-06-29,BR019,TLR-5355,C501000,cash withdrawal,145028,CAD
CA00049859,2025-06-29,BR028,TLR-9959,C503842,cash deposit,2623.55,CAD
CA00051545,2025-06-07,BR036,TLR-8994,C502671,cash deposit,1025.4,CAD
CA00051008,2025-06-20,BR034,TLR-4993,C503144,cash withdrawal,2398.54,CAD
CA00046382,2025-06-06,BR010,TLR-4438,C503113,cash deposit,115.83,CAD
CA00052055,2025-06-10,BR038,TLR-8911,C502243,cash withdrawal,113.63,CAD
CA00049801,2025-06-05,BR028,TLR-9120,C503412,cash withdrawal,2433.05,CAD
CA00050007,2025-06-06,BR029,TLR-7900,C502531,cash withdrawal,47426,CAD
CA00049457,2025-06-27,BR026,TLR-6964,C502923,cash withdrawal,-773.28,CAD
CA00048613,2025-06-05,BR022,TLR-9929,C503503,cash deposit,1341.26,CAD
CA00050332,2025-06-18,BR031,TLR-4001,C501306,cash withdrawal,1366.62,CAD
CA00049476,2025-06-01,BR026,TLR-1044,C500810,cash deposit,233706,CAD
CA00049179,2025-06-22,BR025,TLR-1390,C503347,cash deposit,1288.57,CAD
CA00047711,2025-06-06,BR017,TLR-4437,C500900,cash deposit,569.21,CAD
CA00046080,2025-06-04,BR008,TLR-5322,C501368,cash deposit,100848,CAD
CA00045417,2025-06-29,BR006,TLR-2288,C500347,cash withdrawal,2434.18,CAD
CA00050147,2025-06-23,BR030,TLR-8235,C501033,cash deposit,1109.34,CAD
CA00048110,2025-06-24,BR019,TLR-6832,C501255,cash deposit,456.52,CAD
CA00052400,2025-06-19,BR040,TLR-2506,C501152,cash withdrawal,614.27,CAD
CA00045641,2025-06-04,BR007,TLR-9884,C502810,cash withdrawal,603.31,CAD
CA00051706,2025-06-18,BR037,TLR-6655,C501858,cash deposit,723.78,CAD
CA00047234,2025-06-20,BR015,TLR-5991,C501942,cash withdrawal,837.28,CAD
CA00047182,2025-06-22,BR015,TLR-2163,C503603,cash withdrawal,232922,CAD
CA00047868,2025-06-07,BR018,TLR-6198,C502374,cash deposit,1405.29,CAD
CA00051673,2025-06-06,BR037,TLR-2495,C501936,cash withdrawal,572.36,CAD
CA00053056,2025-06-28,BR040,TLR-4995,C502405,cash withdrawal,817.45,CAD
CA00051684,2025-06-02,BR037,TLR-4563,C502810,cash withdrawal,2441.7,CAD
CA00052453,2025-06-25,BR040,TLR-5754,C500945,cash withdrawal,2059.42,CAD
CA00044815,2025-06-14,BR003,TLR-7251,C502165,cash deposit,102417,CAD
CA00047384,2025-06-11,BR015,TLR-1498,C500721,cash deposit,400.72,CAD
CA00051195,2025-06-04,BR035,TLR-6828,C503307,cash withdrawal,340857,CAD
CA00047732,2025-06-15,BR017,TLR-3903,C501074,cash deposit,908.02,CAD
CA00049627,2025-06-05,BR027,TLR-5592,C502733,cash withdrawal,3205.41,CAD
CA00051784,2025-06-25,BR037,TLR-4383,C500740,cash deposit,29023,CAD
CA00047491,2025-06-22,BR016,TLR-8405,C502576,cash withdrawal,1441.12,CAD
CA00047851,2025-06-14,BR018,TLR-8326,C500125,cash deposit,398.41,CAD
CA00052015,2025-06-18,BR038,TLR-1381,C503792,cash withdrawal,1183.78,CAD
CA00049665,2025-06-17,BR027,TLR-8614,C503386,cash withdrawal,722.53,CAD
CA00045011,2025-06-17,BR003,TLR-8281,C500081,cash withdrawal,535.93,CAD
CA00047523,2025-06-10,BR016,TLR-3291,C500351,cash withdrawal,1166.06,CAD
CA00052322,2025-06-21,BR040,TLR-4953,C501148,cash deposit,867.31,CAD
CA00053253,2025-06-29,BR040,TLR-9654,C501786,cash deposit,1356.28,CAD
CA00047144,2025-06-29,BR015,TLR-9735,C503225,cash deposit,1253.44,CAD
CA00051282,2025-06-18,BR035,TLR-9686,C503831,cash withdrawal,2598.88,CAD
CA00045335,2025-06-13,BR005,TLR-9906,C501521,cash withdrawal,86917,CAD
CA00047787,2025-06-16,BR017,TLR-3253,C501097,cash deposit,139.02,CAD
CA00049904,2025-06-12,BR029,TLR-7457,C502577,cash deposit,1105.52,CAD
CA00044870,2025-06-17,BR003,TLR-5818,C503609,cash deposit,463.96,CAD
CA00051579,2025-06-30,BR036,TLR-8658,C500436,cash deposit,501.31,CAD
CA00051283,2025-06-07,BR035,TLR-3525,C501876,cash deposit,1087.6,CAD
CA00046631,2025-06-14,BR012,TLR-9638,C502498,cash withdrawal,193.24,CAD
CA00052880,2025-06-13,BR040,TLR-3120,C503557,cash deposit,865.76,CAD
CA00048961,2025-06-26,BR024,TLR-5648,C502043,cash deposit,1028.07,CAD
CA00050114,2025-06-19,BR030,TLR-1598,C500355,cash deposit,1355.51,CAD
CA00051833,2025-06-04,BR037,TLR-9527,C500438,cash deposit,62544,CAD
CA00044547,2025-06-04,BR001,TLR-2553,C502771,cash withdrawal,1252.52,CAD
CA00046971,2025-06-02,BR014,TLR-3127,C502543,cash deposit,303.4,CAD
CA00050264,2025-06-06,BR030,TLR-1695,C503139,cash deposit,801.87,CAD
CA00045181,2025-06-06,BR004,TLR-8739,C502105,cash withdrawal,2276.82,CAD
CA00047120,2025-06-28,BR015,TLR-3917,C502926,cash withdrawal,200.88,CAD
CA00051242,2025-06-16,BR035,TLR-9482,C503147,cash withdrawal,1373.94,CAD
CA00051795,2025-06-14,BR037,TLR-2532,C500953,cash deposit,1332.08,CAD
CA00049138,2025-06-05,BR025,TLR-6468,C502036,cash withdrawal,-4481.33,CAD
CA00049726,2025-06-14,BR027,TLR-2267,C501151,cash withdrawal,913.13,CAD
CA00047751,2025-06-18,BR017,TLR-9271,C502664,cash deposit,88141,CAD
CA00048999,2025-06-24,BR024,TLR-9368,C500092,cash withdrawal,673.06,CAD
CA00046873,2025-06-22,BR013,TLR-5001,C502579,cash deposit,1654.82,CAD
CA00053239,2025-06-22,BR040,TLR-7959,C502339,cash withdrawal,351.33,CAD
CA00046911,2025-06-11,BR014,TLR-1700,C502090,cash withdrawal,493.34,CAD
CA00050441,2025-06-27,BR031,TLR-7434,C500184,cash withdrawal,1911.18,CAD
CA00045731,2025-06-10,BR007,TLR-7486,C502227,cash deposit,1438.29,CAD
CA00049431,2025-06-04,BR026,TLR-1904,C503382,cash deposit,513.46,CAD
CA00046340,2025-06-26,BR010,TLR-2681,C501921,cash deposit,3694.72,CAD
CA00045368,2025-06-10,BR006,TLR-7557,C502035,cash withdrawal,2739.54,CAD
CA00049826,2025-06-30,BR028,TLR-2758,C503187,cash deposit,117974,CAD
CA00045597,2025-06-21,BR006,TLR-5511,C503248,cash deposit,279.95,CAD
CA00052037,2025-06-07,BR038,TLR-5970,C503491,cash deposit,1610.12,CAD
CA00045094,2025-06-14,BR004,TLR-7825,C503008,cash deposit,485.11,CAD
CA00049999,2025-06-26,BR029,TLR-9472,C501854,cash deposit,717.92,CAD
CA00050119,2025-06-12,BR030,TLR-2631,C502153,cash withdrawal,1401.55,CAD
CA00051975,2025-06-11,BR038,TLR-9290,C503524,cash deposit,4165.37,CAD
CA00045177,2025-06-02,BR004,TLR-8474,C501088,cash withdrawal,478.4,CAD
CA00047721,2025-06-22,BR017,TLR-5396,C503936,cash withdrawal,1289.74,CAD
CA00051980,2025-06-16,BR038,TLR-5759,C502487,cash withdrawal,1086.37,CAD
CA00047734,2025-06-20,BR017,TLR-7342,C501564,cash withdrawal,1590.49,CAD
CA00046782,2025-06-23,BR012,TLR-8547,C502732,cash deposit,1352.77,CAD
CA00051265,2025-06-12,BR035,TLR-5570,C500748,cash deposit,1521.71,CAD
CA00049962,2025-06-26,BR029,TLR-2664,C502841,cash withdrawal,70254,CAD
CA00049361,2025-06-01,BR026,TLR-8701,C502360,cash deposit,828.75,CAD
CA00045093,2025-06-02,BR004,TLR-6757,C503681,cash withdrawal,564.47,CAD
CA00050541,2025-06-23,BR031,TLR-9432,C503786,cash deposit,53478,CAD
CA00048995,2025-06-02,BR024,TLR-3110,C503467,cash deposit,1218.33,CAD
CA00052825,2025-06-23,BR040,TLR-3268,C500901,cash deposit,153915,CAD
CA00049985,2025-06-04,BR029,TLR-4778,C503471,cash deposit,106442,CAD
CA00050985,2025-06-22,BR034,TLR-6786,C503609,cash deposit,172617,CAD
CA00044344,2025-06-01,BR001,TLR-1432,C500126,cash withdrawal,1217.57,CAD
CA00051522,2025-06-26,BR036,TLR-7270,C500950,cash deposit,727.28,CAD
CA00051992,2025-06-25,BR038,TLR-4318,C502668,cash deposit,70733,CAD
CA00051113,2025-06-18,BR035,TLR-4544,C503221,cash deposit,134799,CAD
CA00048836,2025-06-24,BR024,TLR-8258,C500149,cash withdrawal,16893,CAD
CA00046205,2025-06-08,BR009,TLR-9969,C500776,cash deposit,339.94,CAD
CA00047972,2025-06-18,BR019,TLR-4477,C503569,cash deposit,1158.98,CAD
CA00050870,2025-06-14,BR034,TLR-1634,C501207,cash deposit,304.17,CAD
CA00053074,2025-06-18,BR040,TLR-3056,C500698,cash withdrawal,1374.81,CAD
CA00044742,2025-06-06,BR002,TLR-4511,C500320,cash deposit,1013.06,CAD
CA00053255,2025-06-08,BR040,TLR-7115,C502898,cash deposit,775.07,CAD
CA00051293,2025-06-27,BR036,TLR-3533,C500820,cash withdrawal,2877.88,CAD
CA00050191,2025-06-21,BR030,TLR-6148,C501260,cash withdrawal,547.31,CAD
CA00050738,2025-06-16,BR033,TLR-1509,C500498,cash withdrawal,2452.69,CAD
CA00046748,2025-06-27,BR012,TLR-5100,C500445,cash deposit,1929.95,CAD
CA00050514,2025-06-15,BR031,TLR-3486,C502184,cash deposit,925.35,CAD
CA00052488,2025-06-22,BR040,TLR-4223,C503681,cash deposit,3327.47,CAD
CA00050003,2025-06-12,BR029,TLR-4937,C502095,cash deposit,85139,CAD
CA00052628,2025-06-30,BR040,TLR-4250,C501753,cash deposit,987.5,CAD
CA00046871,2025-06-12,BR013,TLR-2471,C502279,cash withdrawal,406.54,CAD
CA00050939,2025-06-22,BR034,TLR-5125,C502623,cash withdrawal,1769.02,CAD
CA00047107,2025-06-09,BR014,TLR-5848,C502374,cash deposit,1176.1,CAD
CA00050284,2025-06-18,BR030,TLR-9525,C503072,cash withdrawal,325.16,CAD
CA00045005,2025-06-01,BR003,TLR-4886,C501719,cash deposit,463.58,CAD
CA00046787,2025-06-21,BR012,TLR-2184,C500577,cash deposit,3608.1,CAD
CA00048030,2025-06-21,BR019,TLR-2170,C501111,cash withdrawal,1057.57,CAD
CA00049072,2025-06-05,BR024,TLR-6964,C502681,cash deposit,1484.67,CAD
CA00045688,2025-06-10,BR007,TLR-6041,C502329,cash deposit,532.64,CAD
CA00045556,2025-06-07,BR006,TLR-4268,C503407,cash deposit,381.88,CAD
CA00050002,2025-06-23,BR029,TLR-1815,C503515,cash deposit,870.68,CAD
CA00052293,2025-06-08,BR039,TLR-4417,C501933,cash withdrawal,2429.53,CAD
CA00050279,2025-06-09,BR030,TLR-6492,C501252,cash withdrawal,19843,CAD
CA00046974,2025-06-09,BR014,TLR-1698,C503756,cash deposit,1045.57,CAD
CA00051660,2025-06-28,BR037,TLR-7080,C503669,cash withdrawal,528.08,CAD
CA00048572,2025-06-06,BR021,TLR-2610,C500374,cash deposit,1058.27,CAD
CA00048588,2025-06-30,BR021,TLR-4169,C503428,cash withdrawal,1140.11,CAD
CA00047862,2025-06-13,BR018,TLR-1843,C503377,cash withdrawal,359.33,CAD
CA00052618,2025-06-20,BR040,TLR-1215,C503120,cash withdrawal,3478.39,CAD
CA00047541,2025-06-19,BR016,TLR-8157,C500954,cash withdrawal,81825,CAD
CA00047548,2025-06-07,BR016,TLR-7916,C503889,cash deposit,117166,CAD
CA00049762,2025-06-21,BR027,TLR-7965,C502702,cash deposit,9624.73,CAD
CA00045805,2025-06-28,BR007,TLR-6234,C502472,cash withdrawal,881.16,CAD
CA00048689,2025-06-12,BR023,TLR-2980,C500525,cash deposit,1523.5,CAD
CA00049050,2025-06-19,BR024,TLR-2136,C502195,cash deposit,856.83,CAD
CA00051676,2025-06-13,BR037,TLR-6588,C500819,cash withdrawal,798.45,CAD
CA00045958,2025-06-10,BR008,TLR-7065,C503816,cash deposit,301.66,CAD
CA00051189,2025-06-21,BR035,TLR-5853,C500783,cash deposit,1276.01,CAD
CA00048036,2025-06-02,BR019,TLR-5943,C501283,cash deposit,1253.68,CAD
CA00045828,2025-06-28,BR007,TLR-9934,C501695,cash deposit,131912,CAD
CA00053244,2025-06-30,BR040,TLR-9960,C503050,cash deposit,662.99,CAD
CA00049212,2025-06-24,BR025,TLR-2144,C500924,cash withdrawal,-72871,CAD
CA00052108,2025-06-01,BR039,TLR-8791,C503347,cash withdrawal,76081,CAD
CA00050149,2025-06-30,BR030,TLR-5645,C500067,cash withdrawal,482.05,CAD
CA00044580,2025-06-28,BR002,TLR-6469,C503339,cash withdrawal,-941.28,CAD
CA00046477,2025-06-13,BR010,TLR-1211,C500853,cash deposit,684.87,CAD
CA00046510,2025-06-19,BR010,TLR-3863,C500209,cash deposit,189.53,CAD
CA00045113,2025-06-28,BR004,TLR-7515,C501023,cash deposit,771.24,CAD
CA00050088,2025-06-21,BR030,TLR-9200,C502626,cash deposit,1795.65,CAD
CA00052444,2025-06-11,BR040,TLR-4490,C503881,cash deposit,1564.43,CAD
CA00044566,2025-06-06,BR002,TLR-9179,C503372,cash deposit,49349,CAD
CA00047726,2025-06-04,BR017,TLR-8058,C503889,cash withdrawal,746.04,CAD
CA00044704,2025-06-26,BR002,TLR-9655,C500432,cash withdrawal,-1089.44,CAD
CA00045376,2025-06-21,BR006,TLR-2017,C503224,cash deposit,1589.94,CAD
CA00045953,2025-06-18,BR008,TLR-1129,C501238,cash withdrawal,1091.87,CAD
CA00049023,2025-06-17,BR024,TLR-6855,C501211,cash withdrawal,932.15,CAD
CA00053193,2025-06-26,BR040,TLR-9891,C503485,cash withdrawal,92634,CAD
CA00044864,2025-06-23,BR003,TLR-9118,C500653,cash withdrawal,902.68,CAD
CA00050491,2025-06-01,BR031,TLR-9731,C503288,cash withdrawal,424.56,CAD
CA00053065,2025-06-24,BR040,TLR-2569,C501421,cash withdrawal,49909,CAD
CA00051888,2025-06-04,BR037,TLR-8610,C500781,cash withdrawal,2423.28,CAD
CA00046674,2025-06-16,BR012,TLR-3344,C501316,cash deposit,388.15,CAD
CA00044362,2025-06-16,BR001,TLR-2661,C503428,cash deposit,3255.4,CAD
CA00045312,2025-06-06,BR005,TLR-2167,C500558,cash withdrawal,126.72,CAD
CA00045918,2025-06-14,BR008,TLR-3438,C501681,cash withdrawal,1064.23,CAD
CA00053204,2025-06-15,BR040,TLR-1492,C501373,cash deposit,498.06,CAD
CA00047979,2025-06-18,BR019,TLR-6501,C500171,cash withdrawal,1968.95,CAD
CA00046706,2025-06-04,BR012,TLR-2483,C501473,cash withdrawal,390.57,CAD
CA00053225,2025-06-12,BR040,TLR-7410,C503086,cash deposit,484.87,CAD
CA00049814,2025-06-08,BR028,TLR-3677,C500304,cash deposit,266.74,CAD
CA00052809,2025-06-21,BR040,TLR-7882,C503353,cash deposit,3069.52,CAD
CA00046898,2025-06-18,BR013,TLR-2797,C501641,cash deposit,1070.9,CAD
CA00049792,2025-06-07,BR028,TLR-2826,C503613,cash withdrawal,1134.52,CAD
CA00048653,2025-06-26,BR022,TLR-1222,C500271,cash deposit,2176.97,CAD
CA00050808,2025-06-08,BR033,TLR-7600,C502264,cash withdrawal,419.07,CAD
CA00044740,2025-06-05,BR002,TLR-6610,C502220,cash deposit,1505.53,CAD
CA00046319,2025-06-17,BR010,TLR-2543,C502688,cash deposit,607.12,CAD
CA00050258,2025-06-29,BR030,TLR-5287,C503192,cash withdrawal,456.06,CAD
CA00050498,2025-06-23,BR031,TLR-9627,C503548,cash deposit,615.54,CAD
CA00048395,2025-06-08,BR020,TLR-2908,C503545,cash deposit,641.89,USD
CA00052511,2025-06-02,BR040,TLR-4633,C502173,cash withdrawal,687.16,CAD
CA00050102,2025-06-10,BR030,TLR-3491,C500962,cash deposit,740.34,CAD
CA00045515,2025-06-10,BR006,TLR-7013,C502775,cash deposit,134679,CAD
CA00046110,2025-06-03,BR009,TLR-7402,C500900,cash deposit,85948,CAD
CA00049071,2025-06-18,BR024,TLR-2943,C501823,cash withdrawal,534.71,CAD
CA00052393,2025-06-25,BR040,TLR-8943,C500842,cash withdrawal,2767.2,CAD
CA00051407,2025-06-12,BR036,TLR-3077,C503297,cash withdrawal,1061.61,CAD
CA00046910,2025-06-16,BR014,TLR-5322,C501380,cash withdrawal,541.69,CAD
CA00051689,2025-06-13,BR037,TLR-2251,C503279,cash withdrawal,2202.19,CAD
CA00047985,2025-06-19,BR019,TLR-2546,C503995,cash withdrawal,106730,CAD
CA00048001,2025-06-10,BR019,TLR-3744,C500933,cash withdrawal,43832,CAD
CA00044885,2025-06-13,BR003,TLR-9359,C500123,cash deposit,1796.33,CAD
CA00044791,2025-06-27,BR003,TLR-6669,C503026,cash withdrawal,469.83,CAD
CA00051372,2025-06-09,BR036,TLR-4421,C502022,cash withdrawal,425.44,CAD
CA00044752,2025-06-06,BR002,TLR-8531,C503095,cash withdrawal,-637.12,CAD
CA00049020,2025-06-20,BR024,TLR-3378,C501294,cash deposit,1091.62,CAD
CA00050440,2025-06-07,BR031,TLR-7264,C500013,cash withdrawal,1545.91,CAD
CA00047645,2025-06-08,BR017,TLR-6809,C500750,cash deposit,1225.42,CAD
CA00046259,2025-06-14,BR009,TLR-9508,C502080,cash deposit,1140.89,CAD
CA00052485,2025-06-19,BR040,TLR-6511,C500144,cash deposit,959.52,CAD
CA00052968,2025-06-25,BR040,TLR-3576,C502372,cash deposit,1728.14,CAD
CA00052116,2025-06-07,BR039,TLR-3023,C502237,cash withdrawal,592.98,CAD
CA00047033,2025-06-15,BR014,TLR-9039,C503372,cash withdrawal,163511,CAD
CA00046905,2025-06-04,BR013,TLR-9546,C500502,cash withdrawal,1000.99,CAD
CA00046845,2025-06-20,BR013,TLR-9431,C503092,cash withdrawal,940.85,CAD
CA00049776,2025-06-01,BR028,TLR-7190,C500550,cash deposit,2237.4,CAD
CA00045753,2025-06-22,BR007,TLR-7761,C503570,cash deposit,176033,CAD
CA00045761,2025-06-18,BR007,TLR-3930,C502815,cash deposit,615.18,CAD
CA00050715,2025-06-11,BR033,TLR-8297,C502102,cash deposit,1994.43,CAD
CA00052236,2025-06-30,BR039,TLR-7939,C503365,cash withdrawal,936.16,CAD
CA00050847,2025-06-29,BR034,TLR-5951,C500311,cash withdrawal,84290,CAD
CA00048487,2025-06-04,BR021,TLR-3668,C502183,cash deposit,295780,CAD
CA00046558,2025-06-09,BR011,TLR-2041,C501466,cash withdrawal,259.34,CAD
CA00047761,2025-06-23,BR017,TLR-2753,C500118,cash withdrawal,2946.27,CAD
CA00049682,2025-06-29,BR027,TLR-1513,C503609,cash withdrawal,934.14,CAD
CA00051825,2025-06-13,BR037,TLR-4070,C502517,cash deposit,59058,CAD
CA00050375,2025-06-01,BR031,TLR-9951,C502540,cash withdrawal,485.08,CAD
CA00050942,2025-06-27,BR034,TLR-3721,C500465,cash deposit,1396.72,CAD
CA00053071,2025-06-16,BR040,TLR-7234,C503454,cash withdrawal,1080.4,CAD
CA00045291,2025-06-25,BR005,TLR-6662,C500284,cash withdrawal,66106,CAD
CA00046182,2025-06-15,BR009,TLR-6367,C500699,cash deposit,1107.89,CAD
CA00052731,2025-06-09,BR040,TLR-3689,C503952,cash withdrawal,857.3,CAD
CA00050241,2025-06-02,BR030,TLR-8697,C502365,cash withdrawal,77914,CAD
CA00045203,2025-06-24,BR004,TLR-9861,C501418,cash deposit,963.42,CAD
CA00048693,2025-06-25,BR023,TLR-8019,C500284,cash deposit,2324.84,CAD
CA00047447,2025-06-30,BR016,TLR-2422,C502957,cash deposit,2879.82,CAD
CA00047014,2025-06-09,BR014,TLR-9352,C501354,cash withdrawal,716.37,CAD
CA00046325,2025-06-15,BR010,TLR-8307,C503692,cash withdrawal,458.01,CAD
CA00044443,2025-06-16,BR001,TLR-7637,C503335,cash deposit,3311.67,CAD
CA00049602,2025-06-23,BR027,TLR-1845,C501506,cash deposit,1499.13,CAD
CA00046808,2025-06-25,BR013,TLR-1718,C502501,cash deposit,1647.88,CAD
CA00049345,2025-06-08,BR026,TLR-4054,C500361,cash deposit,2100.43,CAD
CA00045965,2025-06-09,BR008,TLR-9667,C502689,cash deposit,1950.77,CAD
CA00047876,2025-06-22,BR018,TLR-3945,C502788,cash deposit,731.85,CAD
CA00050038,2025-06-10,BR030,TLR-7499,C500606,cash deposit,35110,CAD
CA00048998,2025-06-07,BR024,TLR-2089,C503881,cash deposit,1386.79,CAD
CA00048673,2025-06-30,BR022,TLR-4788,C502682,cash deposit,171548,CAD
CA00047695,2025-06-01,BR017,TLR-6370,C501992,cash withdrawal,1063.96,CAD
CA00048139,2025-06-03,BR019,TLR-9586,C503324,cash deposit,177179,CAD
CA00051703,2025-06-23,BR037,TLR-2422,C503473,cash deposit,1194.28,CAD
CA00050419,2025-06-26,BR031,TLR-8550,C503695,cash deposit,1458.23,CAD
CA00047239,2025-06-05,BR015,TLR-6553,C502767,cash deposit,54038,CAD
CA00045126,2025-06-18,BR004,TLR-7338,C501821,cash deposit,1712.01,CAD
CA00045588,2025-06-06,BR006,TLR-8066,C500972,cash withdrawal,1252.51,CAD
CA00050805,2025-06-29,BR033,TLR-2535,C503582,cash withdrawal,1700.53,CAD
CA00047254,2025-06-30,BR015,TLR-7892,C502863,cash deposit,153.22,CAD
CA00049605,2025-06-17,BR027,TLR-2188,C502621,cash deposit,1158.72,CAD
CA00050769,2025-06-05,BR033,TLR-2285,C503488,cash withdrawal,4038.36,CAD
CA00049589,2025-06-29,BR027,TLR-2935,C501792,cash withdrawal,956.55,CAD
CA00053070,2025-06-02,BR040,TLR-1640,C500291,cash withdrawal,1964.21,CAD
CA00050954,2025-06-18,BR034,TLR-1864,C500797,cash withdrawal,44246,CAD
CA00045108,2025-06-07,BR004,TLR-9415,C503511,cash deposit,955.62,CAD
CA00049269,2025-06-25,BR025,TLR-2734,C502464,cash withdrawal,-1276.2,CAD
CA00044980,2025-06-26,BR003,TLR-2716,C502923,cash deposit,988.49,CAD
CA00050186,2025-06-08,BR030,TLR-8157,C503708,cash deposit,2314.11,CAD
CA00052478,2025-06-28,BR040,TLR-6690,C500813,cash deposit,1281.59,CAD
CA00048347,2025-06-25,BR020,TLR-6913,C501467,cash withdrawal,1146.34,USD
CA00048532,2025-06-15,BR021,TLR-7111,C503874,cash withdrawal,923.29,CAD
CA00051310,2025-06-16,BR036,TLR-6561,C503790,cash withdrawal,1301.49,CAD
CA00051323,2025-06-04,BR036,TLR-6507,C501988,cash withdrawal,1358.06,CAD
CA00047905,2025-06-01,BR018,TLR-5533,C502746,cash deposit,870.14,CAD
CA00052380,2025-06-21,BR040,TLR-6679,C501647,cash withdrawal,1436.28,CAD
CA00045201,2025-06-27,BR004,TLR-8022,C501229,cash withdrawal,1339.75,CAD
CA00049799,2025-06-22,BR028,TLR-5646,C503430,cash deposit,1566.82,CAD
CA00047582,2025-06-11,BR016,TLR-1439,C503462,cash deposit,1704.4,CAD
CA00052251,2025-06-15,BR039,TLR-8635,C500960,cash deposit,106729,CAD
CA00051945,2025-06-29,BR038,TLR-4485,C500313,cash deposit,674.16,CAD
CA00048284,2025-06-20,BR020,TLR-8618,C500328,cash withdrawal,325.69,USD
CA00044778,2025-06-27,BR002,TLR-3325,C503742,cash deposit,960.3,CAD
CA00046708,2025-06-16,BR012,TLR-7894,C500978,cash withdrawal,1504.15,CAD
CA00044613,2025-06-14,BR002,TLR-9574,C502372,cash deposit,47549,CAD
CA00050891,2025-06-28,BR034,TLR-5753,C500876,cash deposit,2842.12,CAD
CA00049704,2025-06-13,BR027,TLR-4672,C502861,cash withdrawal,1736.7,CAD
CA00051344,2025-06-20,BR036,TLR-8048,C503629,cash withdrawal,486.79,CAD
CA00047970,2025-06-30,BR019,TLR-1205,C502537,cash deposit,394.98,CAD
CA00045165,2025-06-22,BR004,TLR-7118,C502772,cash deposit,387.51,CAD
CA00045398,2025-06-16,BR006,TLR-8583,C501933,cash deposit,734.48,CAD
CA00049813,2025-06-15,BR028,TLR-4290,C500537,cash deposit,3047.98,CAD
CA00051767,2025-06-11,BR037,TLR-8615,C501745,cash withdrawal,1266.43,CAD
CA00051777,2025-06-17,BR037,TLR-9364,C500804,cash withdrawal,691.26,CAD
CA00045979,2025-06-30,BR008,TLR-2564,C500623,cash deposit,1496.45,CAD
CA00048649,2025-06-20,BR022,TLR-4207,C500166,cash deposit,851.05,CAD
CA00046762,2025-06-28,BR012,TLR-3299,C502342,cash deposit,948.4,CAD
CA00048357,2025-06-16,BR020,TLR-6918,C501125,cash withdrawal,1270.5,USD
CA00047295,2025-06-14,BR015,TLR-2304,C501204,cash withdrawal,322.61,CAD
CA00046366,2025-06-29,BR010,TLR-4580,C502366,cash deposit,2169.15,CAD
CA00046233,2025-06-30,BR009,TLR-7531,C501493,cash withdrawal,710.85,CAD
CA00051898,2025-06-23,BR038,TLR-7169,C500825,cash deposit,2145.23,CAD
CA00047706,2025-06-10,BR017,TLR-3678,C503296,cash withdrawal,942.15,CAD
CA00051936,2025-06-02,BR038,TLR-9432,C501698,cash deposit,2065.94,CAD
CA00052461,2025-06-10,BR040,TLR-8341,C501036,cash withdrawal,2664.95,CAD
CA00046466,2025-06-30,BR010,TLR-6351,C500547,cash deposit,943.82,CAD
CA00046476,2025-06-15,BR010,TLR-7403,C501221,cash withdrawal,95513,CAD
CA00052754,2025-06-21,BR040,TLR-1879,C502837,cash withdrawal,645.83,CAD
CA00049810,2025-06-07,BR028,TLR-4885,C503359,cash withdrawal,782.96,CAD
CA00046923,2025-06-27,BR014,TLR-2843,C501234,cash withdrawal,1924.18,CAD
CA00051151,2025-06-07,BR035,TLR-8130,C503478,cash deposit,2086.71,CAD
CA00050705,2025-06-01,BR033,TLR-5505,C502795,cash withdrawal,101039,CAD
CA00048569,2025-06-28,BR021,TLR-9080,C502240,cash deposit,2905.6,CAD
CA00050909,2025-06-21,BR034,TLR-5232,C502835,cash deposit,79704,CAD
CA00049942,2025-06-29,BR029,TLR-5607,C500978,cash withdrawal,870.87,CAD
CA00047932,2025-06-28,BR018,TLR-4922,C503372,cash withdrawal,502.89,CAD
CA00051166,2025-06-25,BR035,TLR-9141,C503141,cash deposit,1004.29,CAD
CA00044598,2025-06-30,BR002,TLR-3525,C501944,cash withdrawal,-137669,CAD
CA00052005,2025-06-03,BR038,TLR-9409,C501145,cash withdrawal,1094.48,CAD
CA00047056,2025-06-16,BR014,TLR-3055,C501673,cash withdrawal,1561.85,CAD
CA00044441,2025-06-25,BR001,TLR-1217,C502573,cash deposit,864.01,CAD
CA00049066,2025-06-17,BR024,TLR-8270,C503661,cash withdrawal,558.23,CAD
CA00049591,2025-06-15,BR027,TLR-2996,C500674,cash deposit,899.8,CAD
CA00050034,2025-06-24,BR030,TLR-4534,C500799,cash deposit,1011.99,CAD
CA00047351,2025-06-27,BR015,TLR-1674,C500587,cash deposit,278.85,CAD
CA00046746,2025-06-18,BR012,TLR-5321,C501748,cash deposit,100869,CAD
CA00047091,2025-06-22,BR014,TLR-1028,C501288,cash deposit,112143,CAD
CA00045678,2025-06-06,BR007,TLR-6150,C500685,cash withdrawal,1455.66,CAD
CA00048905,2025-06-30,BR024,TLR-6033,C503166,cash deposit,620.72,CAD
CA00049901,2025-06-11,BR029,TLR-7815,C503442,cash deposit,68769,CAD
CA00049095,2025-06-14,BR025,TLR-1604,C500263,cash deposit,775.68,CAD
CA00045490,2025-06-03,BR006,TLR-3377,C501304,cash deposit,1783.66,CAD
CA00045518,2025-06-07,BR006,TLR-6311,C501370,cash deposit,464.39,CAD
CA00046684,2025-06-25,BR012,TLR-3534,C500617,cash withdrawal,1374.19,CAD
CA00045392,2025-06-27,BR006,TLR-9208,C503696,cash withdrawal,2432.91,CAD
CA00048322,2025-06-11,BR020,TLR-5608,C500077,cash deposit,309.05,USD
CA00047836,2025-06-10,BR017,TLR-5156,C501585,cash deposit,3175.94,CAD
CA00050250,2025-06-20,BR030,TLR-8878,C502432,cash withdrawal,1204.3,CAD
CA00045225,2025-06-04,BR004,TLR-9960,C500487,cash deposit,1033.86,CAD
CA00052538,2025-06-30,BR040,TLR-1780,C503529,cash withdrawal,2169.63,CAD
CA00047036,2025-06-11,BR014,TLR-1144,C501200,cash deposit,2095.57,CAD
CA00048833,2025-06-12,BR024,TLR-7822,C502470,cash withdrawal,715.34,CAD
CA00051224,2025-06-01,BR035,TLR-9897,C502608,cash deposit,2296.62,CAD
CA00049865,2025-06-24,BR028,TLR-7559,C501560,cash withdrawal,762.08,CAD
CA00050773,2025-06-19,BR033,TLR-8149,C503685,cash withdrawal,227.41,CAD
CA00051342,2025-06-23,BR036,TLR-6601,C500943,cash withdrawal,161983,CAD
CA00049045,2025-06-28,BR024,TLR-8480,C500521,cash withdrawal,86883,CAD
CA00045886,2025-06-11,BR008,TLR-8668,C500532,cash withdrawal,547.61,CAD
CA00047468,2025-06-13,BR016,TLR-3434,C502977,cash withdrawal,34780,CAD
CA00050596,2025-06-16,BR032,TLR-2577,C503050,cash deposit,951.91,CAD
CA00044828,2025-06-29,BR003,TLR-7692,C501863,cash deposit,1520.84,CAD
CA00048768,2025-06-04,BR023,TLR-8758,C500047,cash deposit,757.75,CAD
CA00053069,2025-06-13,BR040,TLR-7901,C501448,cash withdrawal,1303.26,CAD
CA00044784,2025-06-17,BR002,TLR-9272,C503979,cash withdrawal,-1141.04,CAD
CA00049954,2025-06-10,BR029,TLR-1760,C500188,cash deposit,2485.34,CAD
CA00049722,2025-06-23,BR027,TLR-4465,C500388,cash withdrawal,952.45,CAD
CA00050597,2025-06-18,BR032,TLR-5875,C500497,cash deposit,882.84,CAD
CA00051521,2025-06-30,BR036,TLR-7491,C503516,cash deposit,748.48,CAD
CA00053254,2025-06-06,BR040,TLR-8207,C503050,cash withdrawal,1942.25,CAD
CA00051427,2025-06-04,BR036,TLR-7701,C500989,cash withdrawal,884.44,CAD
CA00048662,2025-06-27,BR022,TLR-1380,C503488,cash withdrawal,699.07,CAD
CA00047648,2025-06-11,BR017,TLR-4060,C500789,cash withdrawal,367.01,CAD
CA00051249,2025-06-02,BR035,TLR-7671,C500299,cash withdrawal,519.21,CAD
CA00047373,2025-06-26,BR015,TLR-6986,C502930,cash deposit,905.72,CAD
CA00049970,2025-06-17,BR029,TLR-8084,C502989,cash deposit,311039,CAD
CA00053228,2025-06-22,BR040,TLR-3447,C503154,cash withdrawal,2680.78,CAD
CA00052661,2025-06-02,BR040,TLR-9800,C503070,cash withdrawal,2240.28,CAD
CA00052347,2025-06-03,BR040,TLR-6905,C500733,cash withdrawal,38989,CAD
CA00047748,2025-06-25,BR017,TLR-2954,C501794,cash withdrawal,310.37,CAD
CA00044550,2025-06-05,BR001,TLR-5730,C500985,cash deposit,39963,CAD
CA00045768,2025-06-29,BR007,TLR-3155,C501524,cash deposit,60441,CAD
CA00049084,2025-06-03,BR024,TLR-2581,C503359,cash deposit,707.19,CAD
CA00046607,2025-06-08,BR012,TLR-2480,C502701,cash deposit,1839.58,CAD
CA00050306,2025-06-26,BR030,TLR-8076,C500070,cash withdrawal,285.1,CAD
CA00051695,2025-06-17,BR037,TLR-7860,C501064,cash withdrawal,431.32,CAD
CA00052702,2025-06-06,BR040,TLR-8994,C501827,cash deposit,981.93,CAD
CA00050878,2025-06-26,BR034,TLR-7702,C500537,cash withdrawal,715.51,CAD
CA00046956,2025-06-27,BR014,TLR-6274,C503004,cash deposit,2476.16,CAD
CA00051835,2025-06-06,BR037,TLR-8624,C500220,cash withdrawal,964.18,CAD
CA00045496,2025-06-10,BR006,TLR-1299,C502401,cash deposit,570.14,CAD
CA00044855,2025-06-17,BR003,TLR-7760,C503874,cash deposit,684.47,CAD
CA00044568,2025-06-02,BR002,TLR-3469,C503125,cash deposit,898.57,CAD
CA00052962,2025-06-11,BR040,TLR-7217,C501409,cash withdrawal,144821,CAD
CA00044666,2025-06-02,BR002,TLR-8874,C503809,cash withdrawal,-759.84,CAD
CA00045712,2025-06-23,BR007,TLR-7716,C501829,cash withdrawal,830.67,CAD
CA00046879,2025-06-02,BR013,TLR-6088,C500502,cash withdrawal,1774.17,CAD
CA00050319,2025-06-29,BR030,TLR-7451,C502811,cash deposit,57160,CAD
CA00045205,2025-06-01,BR004,TLR-9802,C502761,cash deposit,833.29,CAD
CA00053272,2025-06-08,BR040,TLR-2899,C500483,cash deposit,1163.72,CAD
CA00045690,2025-06-24,BR007,TLR-3057,C503856,cash deposit,2158.73,CAD
CA00049884,2025-06-27,BR028,TLR-8853,C500494,cash deposit,3617.27,CAD
CA00048936,2025-06-17,BR024,TLR-2240,C502676,cash withdrawal,902.92,CAD
CA00044316,2025-06-19,BR001,TLR-2756,C503676,cash withdrawal,788.14,CAD
CA00050032,2025-06-12,BR030,TLR-8648,C500658,cash withdrawal,1824.62,CAD
CA00046426,2025-06-24,BR010,TLR-7867,C502953,cash deposit,890.74,CAD
CA00052827,2025-06-23,BR040,TLR-9492,C501315,cash deposit,794.48,CAD
CA00047953,2025-06-28,BR018,TLR-8159,C501958,cash withdrawal,1345.91,CAD
CA00045595,2025-06-09,BR006,TLR-7664,C500031,cash deposit,776.54,CAD
CA00047575,2025-06-16,BR016,TLR-4833,C501397,cash deposit,3438.49,CAD
CA00053269,2025-06-25,BR040,TLR-9563,C503917,cash deposit,74.95,CAD
CA00046767,2025-06-04,BR012,TLR-9725,C501795,cash deposit,1495.41,CAD
CA00052580,2025-06-13,BR040,TLR-3136,C501376,cash deposit,504.21,CAD
CA00047778,2025-06-23,BR017,TLR-9340,C500080,cash deposit,1271.64,CAD
CA00048483,2025-06-29,BR021,TLR-9235,C502228,cash deposit,1073.44,CAD
CA00051023,2025-06-11,BR035,TLR-6404,C502542,cash withdrawal,647.19,CAD
CA00050179,2025-06-02,BR030,TLR-4640,C501079,cash withdrawal,1743.79,CAD
CA00045808,2025-06-29,BR007,TLR-1766,C502136,cash deposit,1065.82,CAD
CA00052448,2025-06-20,BR040,TLR-8702,C502192,cash withdrawal,812.23,CAD
CA00051126,2025-06-14,BR035,TLR-3002,C503135,cash deposit,277.19,CAD
CA00052822,2025-06-10,BR040,TLR-2782,C503539,cash deposit,2006.02,CAD
CA00046297,2025-06-14,BR009,TLR-2264,C503051,cash deposit,1063.37,CAD
CA00044459,2025-06-28,BR001,TLR-5003,C503390,cash deposit,1481.77,CAD
CA00050974,2025-06-30,BR034,TLR-8166,C501077,cash withdrawal,586.1,CAD
CA00051735,2025-06-14,BR037,TLR-5767,C503226,cash withdrawal,315.88,CAD
CA00045300,2025-06-16,BR005,TLR-1516,C503367,cash deposit,1395.29,CAD
CA00045251,2025-06-03,BR004,TLR-7948,C500545,cash deposit,1225.43,CAD
CA00044788,2025-06-30,BR003,TLR-2867,C500025,cash withdrawal,759.88,CAD
CA00050083,2025-06-20,BR030,TLR-8861,C500328,cash withdrawal,2775.69,CAD
CA00044604,2025-06-05,BR002,TLR-6824,C501347,cash withdrawal,-668.09,CAD
CA00052249,2025-06-29,BR039,TLR-2764,C503230,cash deposit,314.84,CAD
CA00049466,2025-06-28,BR026,TLR-4234,C503502,cash withdrawal,-3672.94,CAD
CA00044865,2025-06-20,BR003,TLR-8083,C501537,cash deposit,1530.21,CAD
CA00048712,2025-06-19,BR023,TLR-7774,C501056,cash withdrawal,518.94,CAD
CA00051543,2025-06-09,BR036,TLR-4639,C503374,cash withdrawal,1556.04,CAD
CA00045458,2025-06-06,BR006,TLR-1699,C503535,cash deposit,202999,CAD
CA00046970,2025-06-14,BR014,TLR-4797,C500254,cash withdrawal,3372.18,CAD
CA00046997,2025-06-29,BR014,TLR-6010,C500784,cash withdrawal,1075.9,CAD
CA00045790,2025-06-06,BR007,TLR-9578,C500639,cash deposit,3608.24,CAD
CA00047421,2025-06-13,BR016,TLR-6924,C500852,cash deposit,598.69,CAD
CA00045415,2025-06-22,BR006,TLR-5990,C500036,cash deposit,1295.74,CAD
CA00050476,2025-06-08,BR031,TLR-5939,C502123,cash withdrawal,1011.83,CAD
CA00045734,2025-06-29,BR007,TLR-5280,C503048,cash deposit,1241.08,CAD
CA00046462,2025-06-04,BR010,TLR-5707,C502292,cash withdrawal,697.72,CAD
CA00053085,2025-06-17,BR040,TLR-4156,C500496,cash withdrawal,2314.21,CAD
CA00044342,2025-06-20,BR001,TLR-7825,C500271,cash deposit,540.97,CAD
CA00045856,2025-06-06,BR008,TLR-3796,C500617,cash withdrawal,1041.77,CAD
CA00050979,2025-06-03,BR034,TLR-8072,C503935,cash deposit,2089.24,CAD
CA00050309,2025-06-14,BR030,TLR-2540,C501287,cash deposit,2856.59,CAD
CA00046075,2025-06-13,BR008,TLR-7511,C503146,cash deposit,827.66,CAD
CA00049263,2025-06-15,BR025,TLR-8660,C503390,cash deposit,1093.98,CAD
CA00050416,2025-06-11,BR031,TLR-9004,C500626,cash deposit,515.38,CAD
CA00051969,2025-06-07,BR038,TLR-5077,C501778,cash withdrawal,608.33,CAD
CA00051168,2025-06-22,BR035,TLR-3896,C501111,cash deposit,1795.33,CAD
CA00051890,2025-06-18,BR038,TLR-8778,C503969,cash deposit,430.17,CAD
CA00047798,2025-06-18,BR017,TLR-3726,C500143,cash withdrawal,2489.49,CAD
CA00048715,2025-06-30,BR023,TLR-3253,C501744,cash withdrawal,233841,CAD
CA00051220,2025-06-15,BR035,TLR-8018,C502520,cash deposit,496.1,CAD
CA00048622,2025-06-17,BR022,TLR-4080,C501172,cash withdrawal,1033.78,CAD
CA00051927,2025-06-21,BR038,TLR-8753,C500870,cash withdrawal,710.98,CAD
CA00046393,2025-06-01,BR010,TLR-7847,C501086,cash withdrawal,3457.63,CAD
CA00049734,2025-06-22,BR027,TLR-2911,C503955,cash withdrawal,663.9,CAD
CA00050944,2025-06-28,BR034,TLR-9521,C500595,cash withdrawal,648.42,CAD
CA00048990,2025-06-04,BR024,TLR-6377,C502184,cash withdrawal,525.65,CAD
CA00049172,2025-06-12,BR025,TLR-4286,C502213,cash withdrawal,-687.7,CAD
CA00046378,2025-06-06,BR010,TLR-6934,C502243,cash deposit,232089,CAD
CA00047410,2025-06-26,BR015,TLR-9737,C500500,cash withdrawal,100500,CAD
CA00044475,2025-06-05,BR001,TLR-9816,C500477,cash withdrawal,264261,CAD
CA00045151,2025-06-02,BR004,TLR-5765,C503126,cash withdrawal,572.6,CAD
CA00047142,2025-06-08,BR015,TLR-4182,C502308,cash withdrawal,2437.32,CAD
CA00049763,2025-06-05,BR028,TLR-7961,C502656,cash deposit,2525.03,CAD
CA00046973,2025-06-29,BR014,TLR-4026,C503110,cash withdrawal,96496,CAD
CA00049007,2025-06-09,BR024,TLR-6772,C502326,cash withdrawal,127209,CAD
CA00044445,2025-06-27,BR001,TLR-6552,C502184,cash deposit,5285.07,CAD
CA00045043,2025-06-10,BR004,TLR-1763,C501339,cash withdrawal,585.22,CAD
CA00046998,2025-06-03,BR014,TLR-8649,C501131,cash withdrawal,92603,CAD
CA00052197,2025-06-08,BR039,TLR-9867,C503679,cash deposit,113684,CAD
CA00050164,2025-06-15,BR030,TLR-4358,C500920,cash withdrawal,219.74,CAD
CA00047143,2025-06-20,BR015,TLR-8649,C502486,cash withdrawal,1032.54,CAD
CA00050636,2025-06-13,BR032,TLR-3574,C503188,cash deposit,760.09,CAD
CA00052313,2025-06-26,BR040,TLR-4908,C500325,cash deposit,1504.09,CAD
CA00045045,2025-06-19,BR004,TLR-9353,C500733,cash withdrawal,687.68,CAD
CA00049317,2025-06-10,BR026,TLR-2128,C502030,cash deposit,925.2,CAD
CA00052858,2025-06-17,BR040,TLR-4996,C503430,cash deposit,2138.54,CAD
CA00053105,2025-06-20,BR040,TLR-6707,C500636,cash deposit,1731.33,CAD
CA00049583,2025-06-16,BR027,TLR-8627,C501092,cash deposit,2690.5,CAD
CA00048471,2025-06-11,BR021,TLR-1967,C503843,cash deposit,125884,CAD
CA00047758,2025-06-20,BR017,TLR-4865,C501432,cash withdrawal,671.84,CAD
CA00050473,2025-06-11,BR031,TLR-9723,C503453,cash withdrawal,96094,CAD
CA00049788,2025-06-29,BR028,TLR-1019,C501774,cash deposit,94447,CAD
CA00051686,2025-06-27,BR037,TLR-2272,C502357,cash deposit,1312.7,CAD
CA00052879,2025-06-13,BR040,TLR-4213,C500693,cash deposit,846.23,CAD
CA00045013,2025-06-06,BR004,TLR-3173,C503328,cash deposit,55885,CAD
CA00045937,2025-06-19,BR008,TLR-2775,C500870,cash deposit,1554.22,CAD
CA00050262,2025-06-25,BR030,TLR-8651,C501935,cash withdrawal,56783,CAD
CA00048421,2025-06-26,BR020,TLR-7903,C503501,cash deposit,2639.41,USD
CA00048978,2025-06-03,BR024,TLR-2675,C503702,cash withdrawal,542.69,CAD
CA00047396,2025-06-10,BR015,TLR-3922,C503287,cash withdrawal,732.37,CAD
CA00051010,2025-06-22,BR034,TLR-1018,C503437,cash deposit,2444.37,CAD
CA00052017,2025-06-19,BR038,TLR-5850,C502092,cash deposit,654.45,CAD
CA00044468,2025-06-04,BR001,TLR-2990,C503581,cash deposit,1351.49,CAD
CA00044318,2025-06-03,BR001,TLR-6135,C503568,cash withdrawal,1006.42,CAD
CA00049034,2025-06-13,BR024,TLR-5809,C503819,cash withdrawal,649.0,CAD
CA00049720,2025-06-25,BR027,TLR-3487,C503579,cash deposit,925.31,CAD
CA00050775,2025-06-12,BR033,TLR-8528,C502298,cash deposit,4283.76,CAD
CA00050702,2025-06-25,BR033,TLR-9309,C503269,cash deposit,1553.31,CAD
CA00049209,2025-06-16,BR025,TLR-6125,C502292,cash deposit,562.61,CAD
CA00051741,2025-06-09,BR037,TLR-5437,C501367,cash deposit,4692.14,CAD
CA00047736,2025-06-21,BR017,TLR-2475,C503180,cash deposit,340.43,CAD
CA00051358,2025-06-22,BR036,TLR-2265,C502924,cash withdrawal,946.38,CAD
CA00048740,2025-06-29,BR023,TLR-9330,C503621,cash withdrawal,820.72,CAD
CA00044377,2025-06-20,BR001,TLR-2732,C503997,cash deposit,1327.99,CAD
CA00045359,2025-06-15,BR006,TLR-1027,C503655,cash deposit,521.85,CAD
CA00052115,2025-06-01,BR039,TLR-7449,C500126,cash deposit,2397.31,CAD
CA00052785,2025-06-23,BR040,TLR-9951,C500979,cash withdrawal,72841,CAD
CA00052839,2025-06-05,BR040,TLR-8448,C503098,cash withdrawal,1383.53,CAD
CA00049895,2025-06-29,BR029,TLR-5693,C501228,cash deposit,1239.11,CAD
CA00046790,2025-06-26,BR012,TLR-2674,C500185,cash deposit,1242.44,CAD
CA00046011,2025-06-28,BR008,TLR-4612,C501244,cash withdrawal,97996,CAD
CA00052967,2025-06-15,BR040,TLR-8720,C502984,cash withdrawal,85949,CAD
CA00051967,2025-06-28,BR038,TLR-8453,C502680,cash deposit,962.18,CAD
CA00051423,2025-06-04,BR036,TLR-2503,C503880,cash withdrawal,1060.61,CAD
CA00052278,2025-06-08,BR039,TLR-5197,C503818,cash deposit,3221.65,CAD
CA00044491,2025-06-15,BR001,TLR-3499,C503952,cash withdrawal,790.9,CAD
CA00049019,2025-06-01,BR024,TLR-5364,C501675,cash deposit,1368.29,CAD
CA00048409,2025-06-12,BR020,TLR-3852,C502764,cash deposit,60074,USD
CA00049536,2025-06-28,BR026,TLR-4270,C503491,cash deposit,374.86,CAD
CA00047595,2025-06-30,BR016,TLR-4658,C500260,cash deposit,2506.85,CAD
CA00044307,2025-06-21,BR001,TLR-7681,C501307,cash deposit,42058,CAD
CA00052747,2025-06-29,BR040,TLR-5813,C501931,cash withdrawal,38231,CAD
CA00048808,2025-06-23,BR024,TLR-2329,C500438,cash deposit,953.85,CAD
CA00049354,2025-06-11,BR026,TLR-2469,C503346,cash withdrawal,-1145.2,CAD
CA00046680,2025-06-05,BR012,TLR-6896,C501704,cash deposit,773.61,CAD
CA00048109,2025-06-21,BR019,TLR-3196,C503632,cash withdrawal,2527.85,CAD
CA00045927,2025-06-09,BR008,TLR-6908,C502538,cash withdrawal,2200.48,CAD
CA00049926,2025-06-01,BR029,TLR-6139,C501301,cash withdrawal,933.78,CAD
CA00044333,2025-06-05,BR001,TLR-2022,C500797,cash withdrawal,4925.02,CAD
CA00044798,2025-06-23,BR003,TLR-1914,C501417,cash withdrawal,88622,CAD
CA00046446,2025-06-05,BR010,TLR-7154,C500383,cash withdrawal,124052,CAD
CA00048972,2025-06-20,BR024,TLR-3737,C501827,cash withdrawal,2204.73,CAD
CA00050889,2025-06-25,BR034,TLR-8724,C502774,cash deposit,49726,CAD
CA00047771,2025-06-16,BR017,TLR-9649,C500826,cash deposit,953.8,CAD
CA00045367,2025-06-02,BR006,TLR-8936,C501724,cash deposit,227.97,CAD
CA00044836,2025-06-25,BR003,TLR-7600,C501212,cash withdrawal,129399,CAD
CA00051187,2025-06-28,BR035,TLR-9938,C501078,cash deposit,1377.52,CAD
CA00047010,2025-06-22,BR014,TLR-3456,C502844,cash deposit,184.92,CAD
CA00052044,2025-06-09,BR038,TLR-5845,C503691,cash deposit,382.0,CAD
CA00045372,2025-06-12,BR006,TLR-5076,C502108,cash deposit,2645.64,CAD
CA00049689,2025-06-15,BR027,TLR-8235,C501172,cash deposit,3085.95,CAD
CA00051390,2025-06-05,BR036,TLR-8098,C503254,cash deposit,1206.08,CAD
CA00045736,2025-06-24,BR007,TLR-3886,C503169,cash withdrawal,676.66,CAD
CA00050576,2025-06-12,BR032,TLR-7901,C502175,cash withdrawal,161.09,CAD
CA00048328,2025-06-27,BR020,TLR-9910,C501240,cash withdrawal,1050.03,USD
CA00049542,2025-06-12,BR026,TLR-6539,C502636,cash deposit,90772,CAD
CA00044972,2025-06-22,BR003,TLR-3078,C500257,cash withdrawal,978.61,CAD
CA00053151,2025-06-02,BR040,TLR-7132,C501784,cash withdrawal,66556,CAD
CA00044504,2025-06-06,BR001,TLR-2032,C500449,cash withdrawal,947.19,CAD
CA00052190,2025-06-11,BR039,TLR-4480,C501634,cash deposit,782.48,CAD
CA00046528,2025-06-16,BR011,TLR-9978,C501973,cash deposit,74181,CAD
CA00048778,2025-06-25,BR023,TLR-3903,C503226,cash withdrawal,690.53,CAD
CA00045763,2025-06-18,BR007,TLR-1536,C502687,cash deposit,479.66,CAD
CA00046867,2025-06-27,BR013,TLR-9145,C500078,cash withdrawal,797.98,CAD
CA00046469,2025-06-05,BR010,TLR-7345,C502030,cash withdrawal,541.46,CAD
CA00045194,2025-06-28,BR004,TLR-1135,C503578,cash deposit,237356,CAD
CA00045322,2025-06-22,BR005,TLR-8117,C501670,cash deposit,566.48,CAD
CA00049460,2025-06-09,BR026,TLR-2153,C503483,cash withdrawal,-867.06,CAD
CA00048928,2025-06-26,BR024,TLR-5771,C502442,cash withdrawal,554.87,CAD
CA00050590,2025-06-25,BR032,TLR-2341,C500848,cash deposit,2527.27,CAD
CA00045507,2025-06-23,BR006,TLR-9202,C501241,cash deposit,1347.46,CAD
CA00045632,2025-06-08,BR007,TLR-7251,C500217,cash withdrawal,285.66,CAD
CA00051641,2025-06-22,BR037,TLR-6974,C502737,cash deposit,78738,CAD
CA00053226,2025-06-23,BR040,TLR-9384,C500480,cash deposit,345.01,CAD
CA00050557,2025-06-13,BR032,TLR-5344,C501592,cash deposit,696.03,CAD
CA00046983,2025-06-07,BR014,TLR-9551,C503635,cash withdrawal,654.39,CAD
CA00050468,2025-06-09,BR031,TLR-7327,C500184,cash withdrawal,1396.25,CAD
CA00051772,2025-06-30,BR037,TLR-5651,C502243,cash deposit,326.8,CAD
CA00052326,2025-06-09,BR040,TLR-3476,C503102,cash withdrawal,833.64,CAD
CA00047628,2025-06-11,BR017,TLR-5673,C500513,cash deposit,612.43,CAD
CA00051654,2025-06-26,BR037,TLR-8867,C503725,cash deposit,937.9,CAD
CA00052581,2025-06-04,BR040,TLR-6645,C501471,cash deposit,599.19,CAD
CA00049104,2025-06-07,BR025,TLR-3324,C503297,cash deposit,1099.05,CAD
CA00047270,2025-06-19,BR015,TLR-4025,C500720,cash deposit,191.12,CAD
CA00046803,2025-06-30,BR012,TLR-1999,C500876,cash withdrawal,361.3,CAD
CA00045990,2025-06-01,BR008,TLR-9843,C500245,cash deposit,55477,CAD
CA00049203,2025-06-18,BR025,TLR-1246,C503001,cash withdrawal,-778.31,CAD
CA00047660,2025-06-20,BR017,TLR-3062,C502626,cash deposit,577.59,CAD
CA00046864,2025-06-18,BR013,TLR-8573,C502500,cash withdrawal,4622.06,CAD
CA00047697,2025-06-15,BR017,TLR-5579,C503184,cash withdrawal,583.38,CAD
CA00052660,2025-06-23,BR040,TLR-2048,C502006,cash deposit,1283.96,CAD
CA00051324,2025-06-02,BR036,TLR-4476,C500653,cash deposit,640.49,CAD
CA00046111,2025-06-06,BR009,TLR-1598,C502529,cash withdrawal,995.33,CAD
CA00044867,2025-06-13,BR003,TLR-1594,C502988,cash withdrawal,476.56,CAD
CA00046996,2025-06-13,BR014,TLR-2426,C502002,cash deposit,1941.04,CAD
CA00050886,2025-06-28,BR034,TLR-6252,C503363,cash withdrawal,171132,CAD
CA00044705,2025-06-29,BR002,TLR-6746,C502972,cash withdrawal,-892.28,CAD
CA00052995,2025-06-09,BR040,TLR-9220,C502503,cash withdrawal,53850,CAD
CA00051503,2025-06-15,BR036,TLR-5433,C500807,cash deposit,754.11,CAD
CA00046920,2025-06-03,BR014,TLR-8926,C503881,cash withdrawal,564.78,CAD
CA00044772,2025-06-19,BR002,TLR-5558,C500415,cash withdrawal,-717.03,CAD
CA00045718,2025-06-25,BR007,TLR-8524,C500877,cash deposit,988.68,CAD
CA00051032,2025-06-27,BR035,TLR-2217,C501340,cash withdrawal,90532,CAD
CA00046047,2025-06-09,BR008,TLR-9033,C503621,cash withdrawal,2156.01,CAD
CA00050585,2025-06-22,BR032,TLR-8838,C500576,cash withdrawal,3849.47,CAD
CA00044952,2025-06-03,BR003,TLR-8740,C501416,cash deposit,215122,CAD
CA00045087,2025-06-17,BR004,TLR-2105,C503295,cash withdrawal,1386.85,CAD
CA00046826,2025-06-14,BR013,TLR-1698,C500583,cash deposit,396.55,CAD
CA00053116,2025-06-05,BR040,TLR-7358,C500046,cash withdrawal,870.21,CAD
CA00047231,2025-06-10,BR015,TLR-2801,C501908,cash deposit,604.21,CAD
CA00050843,2025-06-28,BR034,TLR-1500,C500494,cash deposit,1024.3,CAD
CA00051072,2025-06-30,BR035,TLR-7986,C503486,cash deposit,71612,CAD
CA00050221,2025-06-19,BR030,TLR-5866,C501667,cash deposit,865.0,CAD
CA00051605,2025-06-01,BR036,TLR-7882,C501693,cash deposit,62498,CAD
CA00048903,2025-06-14,BR024,TLR-4779,C501702,cash withdrawal,962.44,CAD
CA00046825,2025-06-18,BR013,TLR-5673,C502933,cash deposit,917.79,CAD
CA00050761,2025-06-08,BR033,TLR-8820,C500412,cash withdrawal,1313.69,CAD
CA00050858,2025-06-24,BR034,TLR-4702,C503089,cash withdrawal,1011.01,CAD
CA00051599,2025-06-28,BR036,TLR-5174,C502272,cash withdrawal,1670.68,CAD
CA00051574,2025-06-25,BR036,TLR-4318,C500677,cash deposit,909.12,CAD
CA00052652,2025-06-06,BR040,TLR-4204,C502153,cash withdrawal,362.77,CAD
CA00052613,2025-06-19,BR040,TLR-5797,C503557,cash withdrawal,777.21,CAD
CA00049011,2025-06-06,BR024,TLR-3136,C500864,cash withdrawal,491.62,CAD
CA00046827,2025-06-30,BR013,TLR-8230,C502315,cash withdrawal,73313,CAD
CA00050227,2025-06-07,BR030,TLR-8531,C500197,cash withdrawal,96812,CAD
CA00051894,2025-06-19,BR038,TLR-7222,C502316,cash deposit,1002.61,CAD
CA00044289,2025-06-11,BR001,TLR-1422,C503505,cash withdrawal,1717.65,CAD
CA00047954,2025-06-03,BR018,TLR-3464,C503765,cash withdrawal,84692,CAD
CA00049039,2025-06-13,BR024,TLR-1287,C503821,cash deposit,1100.74,CAD
CA00048915,2025-06-09,BR024,TLR-7294,C502540,cash deposit,945.94,CAD
CA00048731,2025-06-03,BR023,TLR-2374,C501244,cash withdrawal,472758,CAD
CA00050714,2025-06-06,BR033,TLR-2641,C503920,cash deposit,864.84,CAD
CA00046632,2025-06-08,BR012,TLR-5896,C502010,cash withdrawal,1415.18,CAD
CA00049975,2025-06-06,BR029,TLR-7975,C502401,cash deposit,1672.93,CAD
CA00044536,2025-06-29,BR001,TLR-8161,C503494,cash withdrawal,1725.84,CAD
CA00049597,2025-06-15,BR027,TLR-9995,C500062,cash deposit,1105.36,CAD
CA00049489,2025-06-21,BR026,TLR-9895,C502497,cash withdrawal,-1470.98,CAD
CA00050684,2025-06-06,BR033,TLR-4790,C501200,cash deposit,1439.76,CAD
CA00045798,2025-06-24,BR007,TLR-7394,C501438,cash withdrawal,122738,CAD
CA00048057,2025-06-08,BR019,TLR-6216,C500792,cash deposit,677.15,CAD
CA00052680,2025-06-25,BR040,TLR-5022,C503848,cash withdrawal,65777,CAD
CA00048533,2025-06-10,BR021,TLR-1446,C502242,cash withdrawal,72023,CAD
CA00044677,2025-06-22,BR002,TLR-5336,C501102,cash withdrawal,-483.99,CAD
CA00048517,2025-06-02,BR021,TLR-4553,C503716,cash withdrawal,1067.81,CAD
CA00048618,2025-06-01,BR022,TLR-4644,C503955,cash withdrawal,1067.77,CAD
CA00046994,2025-06-01,BR014,TLR-5150,C503448,cash deposit,308981,CAD
CA00048017,2025-06-30,BR019,TLR-7458,C502601,cash deposit,76248,CAD
CA00046647,2025-06-22,BR012,TLR-5930,C502876,cash withdrawal,2406.96,CAD
CA00046844,2025-06-10,BR013,TLR-6056,C500084,cash withdrawal,251.24,CAD
CA00046363,2025-06-18,BR010,TLR-6829,C502838,cash withdrawal,900.52,CAD
CA00051315,2025-06-27,BR036,TLR-4837,C500423,cash deposit,2146.7,CAD
CA00045352,2025-06-25,BR006,TLR-5792,C500875,cash deposit,537.4,CAD
CA00046681,2025-06-10,BR012,TLR-1653,C501681,cash deposit,626.38,CAD
CA00053037,2025-06-13,BR040,TLR-2288,C500891,cash deposit,1661.49,CAD
CA00045665,2025-06-26,BR007,TLR-8917,C500029,cash deposit,5180.51,CAD
CA00045559,2025-06-16,BR006,TLR-2317,C500422,cash deposit,2952.43,CAD
CA00052451,2025-06-17,BR040,TLR-6581,C503692,cash deposit,1762.51,CAD
CA00045134,2025-06-15,BR004,TLR-4849,C503204,cash withdrawal,57867,CAD
CA00048579,2025-06-13,BR021,TLR-6354,C501895,cash deposit,887.28,CAD
CA00047556,2025-06-19,BR016,TLR-2182,C502809,cash deposit,283.24,CAD
CA00046570,2025-06-28,BR011,TLR-5658,C501960,cash deposit,1718.55,CAD
CA00052231,2025-06-09,BR039,TLR-5503,C500475,cash withdrawal,86512,CAD
CA00048993,2025-06-05,BR024,TLR-9854,C500731,cash deposit,786.1,CAD
CA00045866,2025-06-16,BR008,TLR-6267,C501697,cash deposit,1712.43,CAD
CA00048222,2025-06-29,BR020,TLR-6048,C503920,cash withdrawal,43910,USD
CA00047879,2025-06-26,BR018,TLR-6850,C503852,cash withdrawal,2085.56,CAD
CA00046520,2025-06-05,BR011,TLR-2460,C502111,cash deposit,2517.95,CAD
CA00051205,2025-06-16,BR035,TLR-6596,C502896,cash withdrawal,1470.72,CAD
CA00048984,2025-06-14,BR024,TLR-4207,C502400,cash deposit,256.71,CAD
CA00053128,2025-06-28,BR040,TLR-2513,C501941,cash deposit,288231,CAD
CA00045067,2025-06-03,BR004,TLR-6872,C502600,cash withdrawal,341.49,CAD
CA00046106,2025-06-27,BR008,TLR-6411,C500597,cash withdrawal,1445.18,CAD
CA00052064,2025-06-14,BR038,TLR-3647,C501772,cash deposit,4424.51,CAD
CA00047438,2025-06-19,BR016,TLR-9851,C501327,cash withdrawal,479.2,CAD
CA00046822,2025-06-19,BR013,TLR-2131,C503681,cash withdrawal,676.41,CAD
CA00048828,2025-06-14,BR024,TLR-6521,C500459,cash deposit,324.99,CAD
CA00044519,2025-06-13,BR001,TLR-1277,C500773,cash withdrawal,1271.44,CAD
CA00045331,2025-06-17,BR005,TLR-2589,C500926,cash withdrawal,659.65,CAD
CA00045476,2025-06-01,BR006,TLR-7095,C501033,cash withdrawal,1621.63,CAD
CA00048264,2025-06-13,BR020,TLR-6150,C503032,cash deposit,89041,USD
CA00048266,2025-06-24,BR020,TLR-8270,C503870,cash withdrawal,2366.71,USD
CA00053192,2025-06-19,BR040,TLR-3015,C500804,cash withdrawal,2082.47,CAD
CA00053195,2025-06-18,BR040,TLR-2926,C501752,cash deposit,1367.02,CAD
CA00051218,2025-06-14,BR035,TLR-1280,C501310,cash deposit,185065,CAD
CA00050389,2025-06-10,BR031,TLR-7288,C500261,cash deposit,56403,CAD
CA00048165,2025-06-07,BR019,TLR-9283,C502021,cash deposit,674.67,CAD
CA00049131,2025-06-21,BR025,TLR-8942,C502764,cash deposit,335.87,CAD
CA00049009,2025-06-17,BR024,TLR-2868,C501203,cash deposit,2534.92,CAD
CA00049552,2025-06-06,BR026,TLR-1240,C503535,cash deposit,777.53,CAD
CA00047037,2025-06-03,BR014,TLR-1754,C503991,cash withdrawal,485.05,CAD
CA00044834,2025-06-25,BR003,TLR-4712,C501777,cash deposit,1684.88,CAD
CA00044829,2025-06-25,BR003,TLR-3845,C500613,cash withdrawal,753.28,CAD
CA00046222,2025-06-25,BR009,TLR-2813,C502893,cash withdrawal,151.2,CAD
CA00045874,2025-06-17,BR008,TLR-9076,C501935,cash deposit,2082.95,CAD
CA00049516,2025-06-20,BR026,TLR-4899,C500359,cash deposit,178.49,CAD
CA00045774,2025-06-28,BR007,TLR-7523,C500759,cash withdrawal,938.52,CAD
CA00050465,2025-06-27,BR031,TLR-3244,C502201,cash deposit,1751.95,CAD
CA00049730,2025-06-15,BR027,TLR-2079,C501469,cash withdrawal,724.29,CAD
CA00051144,2025-06-20,BR035,TLR-9881,C500040,cash deposit,1185.01,CAD
CA00049241,2025-06-19,BR025,TLR-8374,C502323,cash deposit,59718,CAD
CA00047673,2025-06-04,BR017,TLR-4338,C501321,cash deposit,3861.11,CAD
CA00051799,2025-06-16,BR037,TLR-3159,C502800,cash deposit,516.58,CAD
CA00044302,2025-06-02,BR001,TLR-6543,C500452,cash deposit,130212,CAD
CA00048612,2025-06-25,BR022,TLR-7660,C501357,cash withdrawal,1091.61,CAD
CA00048112,2025-06-26,BR019,TLR-5881,C503062,cash deposit,673.1,CAD
CA00048431,2025-06-27,BR021,TLR-9737,C500185,cash deposit,1119.09,CAD
CA00044649,2025-06-27,BR002,TLR-6606,C501873,cash deposit,1078.21,CAD
CA00045243,2025-06-04,BR004,TLR-6659,C502077,cash deposit,1760.33,CAD
CA00049188,2025-06-06,BR025,TLR-7438,C503672,cash withdrawal,-876.84,CAD
CA00049358,2025-06-12,BR026,TLR-6954,C501963,cash deposit,1362.78,CAD
CA00049151,2025-06-08,BR025,TLR-4311,C502922,cash withdrawal,-250.5,CAD
CA00045202,2025-06-14,BR004,TLR-2194,C503690,cash deposit,1302.29,CAD
CA00045419,2025-06-16,BR006,TLR-4065,C500330,cash deposit,1219.52,CAD
CA00052360,2025-06-08,BR040,TLR-8536,C503944,cash withdrawal,385.52,CAD
CA00046735,2025-06-30,BR012,TLR-3126,C500467,cash deposit,2614.25,CAD
CA00046004,2025-06-23,BR008,TLR-8626,C503644,cash withdrawal,859.58,CAD
CA00052664,2025-06-01,BR040,TLR-2783,C500413,cash deposit,498.15,CAD
CA00047893,2025-06-16,BR018,TLR-8428,C502412,cash deposit,792.79,CAD
CA00050617,2025-06-01,BR032,TLR-1429,C503500,cash deposit,1401.84,CAD
CA00045506,2025-06-24,BR006,TLR-5920,C502890,cash withdrawal,1082.55,CAD
CA00051387,2025-06-18,BR036,TLR-1578,C502689,cash deposit,1476.01,CAD
CA00047994,2025-06-09,BR019,TLR-6940,C500879,cash deposit,421.78,CAD
CA00047547,2025-06-22,BR016,TLR-4168,C503304,cash withdrawal,2360.58,CAD
CA00052892,2025-06-13,BR040,TLR-9741,C501045,cash deposit,111322,CAD
CA00049021,2025-06-30,BR024,TLR-7196,C502378,cash withdrawal,427.41,CAD
CA00048463,2025-06-28,BR021,TLR-6386,C502958,cash withdrawal,310454,CAD
CA00044573,2025-06-06,BR002,TLR-4070,C501873,cash deposit,114023,CAD
CA00048433,2025-06-19,BR021,TLR-2762,C502221,cash withdrawal,950.92,CAD
CA00053147,2025-06-26,BR040,TLR-3250,C500652,cash withdrawal,1077.79,CAD
CA00049079,2025-06-09,BR024,TLR-4150,C503176,cash withdrawal,56351,CAD
CA00047153,2025-06-03,BR015,TLR-1260,C500514,cash deposit,1121.14,CAD
CA00045568,2025-06-06,BR006,TLR-6197,C501907,cash withdrawal,940.37,CAD
CA00046054,2025-06-10,BR008,TLR-2401,C500138,cash deposit,686.59,CAD
CA00051889,2025-06-02,BR037,TLR-1731,C503116,cash deposit,356.73,CAD
CA00046726,2025-06-03,BR012,TLR-7284,C502608,cash withdrawal,554.03,CAD
CA00050426,2025-06-24,BR031,TLR-6929,C501416,cash deposit,1525.06,CAD
CA00046999,2025-06-24,BR014,TLR-3032,C501050,cash withdrawal,807.29,CAD
CA00050189,2025-06-06,BR030,TLR-7603,C501878,cash deposit,774.44,CAD
CA00052678,2025-06-19,BR040,TLR-2441,C501891,cash deposit,1592.34,CAD
CA00048598,2025-06-16,BR021,TLR-7581,C500707,cash deposit,819.66,CAD
CA00046456,2025-06-05,BR010,TLR-8285,C500527,cash deposit,2402.44,CAD
CA00053150,2025-06-27,BR040,TLR-6119,C502369,cash deposit,2379.76,CAD
CA00048932,2025-06-09,BR024,TLR-7232,C503334,cash deposit,104831,CAD
CA00052185,2025-06-15,BR039,TLR-6867,C503122,cash withdrawal,870.26,CAD
CA00047722,2025-06-06,BR017,TLR-5316,C503785,cash deposit,854.52,CAD
CA00047371,2025-06-12,BR015,TLR-2333,C500174,cash deposit,4003.79,CAD
CA00050569,2025-06-04,BR032,TLR-1711,C501425,cash deposit,1062.69,CAD
CA00044782,2025-06-09,BR002,TLR-5545,C500471,cash withdrawal,-1138.9,CAD
CA00044564,2025-06-15,BR002,TLR-8341,C502145,cash withdrawal,-3458.69,CAD
CA00053191,2025-06-09,BR040,TLR-8760,C501049,cash withdrawal,943.88,CAD
CA00045933,2025-06-19,BR008,TLR-3328,C502017,cash withdrawal,462.11,CAD
CA00049117,2025-06-18,BR025,TLR-4894,C502044,cash withdrawal,-483607,CAD
CA00045624,2025-06-08,BR006,TLR-4041,C502824,cash deposit,748.97,CAD
CA00049671,2025-06-08,BR027,TLR-5530,C501633,cash deposit,974.0,CAD
CA00044795,2025-06-25,BR003,TLR-8598,C503320,cash deposit,869.78,CAD
CA00045890,2025-06-01,BR008,TLR-2330,C503001,cash deposit,1081.63,CAD
CA00051312,2025-06-25,BR036,TLR-1485,C500352,cash deposit,457.64,CAD
CA00049341,2025-06-16,BR026,TLR-6092,C503963,cash deposit,813.21,CAD
CA00051061,2025-06-07,BR035,TLR-8796,C502184,cash deposit,669.68,CAD
CA00052183,2025-06-26,BR039,TLR-6700,C500065,cash withdrawal,359.17,CAD
CA00052361,2025-06-23,BR040,TLR-2647,C503381,cash withdrawal,830.03,CAD
CA00050616,2025-06-13,BR032,TLR-3368,C500033,cash withdrawal,1095.01,CAD
CA00047965,2025-06-04,BR018,TLR-2151,C500852,cash withdrawal,208.74,CAD
CA00052606,2025-06-29,BR040,TLR-8570,C501912,cash deposit,2174.98,CAD
CA00046018,2025-06-04,BR008,TLR-9164,C502131,cash deposit,199446,CAD
CA00046478,2025-06-29,BR010,TLR-6085,C501231,cash deposit,76085,CAD
CA00048667,2025-06-15,BR022,TLR-7330,C502329,cash deposit,294.47,CAD
CA00051222,2025-06-13,BR035,TLR-5357,C502953,cash deposit,591.25,CAD
CA00046594,2025-06-29,BR012,TLR-2816,C501347,cash deposit,1106.47,CAD
CA00048164,2025-06-29,BR019,TLR-1807,C503907,cash withdrawal,1347.25,CAD
CA00048582,2025-06-18,BR021,TLR-6849,C502153,cash withdrawal,443.73,CAD
CA00049803,2025-06-10,BR028,TLR-6319,C503555,cash withdrawal,131902,CAD
CA00049279,2025-06-13,BR025,TLR-6298,C501319,cash withdrawal,-2569.33,CAD
CA00044487,2025-06-14,BR001,TLR-4530,C502393,cash deposit,1492.3,CAD
CA00050402,2025-06-08,BR031,TLR-6620,C500364,cash withdrawal,1044.88,CAD
CA00050049,2025-06-20,BR030,TLR-8246,C501308,cash withdrawal,2157.64,CAD
CA00052097,2025-06-14,BR038,TLR-8619,C502972,cash deposit,370.55,CAD
CA00052490,2025-06-01,BR040,TLR-6838,C500958,cash deposit,489363,CAD
CA00048810,2025-06-04,BR024,TLR-5494,C503038,cash deposit,1039.53,CAD
CA00047558,2025-06-14,BR016,TLR-9255,C501868,cash deposit,674.62,CAD
CA00048485,2025-06-16,BR021,TLR-6739,C502814,cash withdrawal,690.02,CAD
CA00050855,2025-06-10,BR034,TLR-9261,C501887,cash withdrawal,439.69,CAD
CA00045065,2025-06-24,BR004,TLR-4543,C503187,cash withdrawal,1027.98,CAD
CA00053241,2025-06-08,BR040,TLR-2672,C500211,cash withdrawal,952.39,CAD
CA00052977,2025-06-30,BR040,TLR-6147,C502413,cash deposit,714.54,CAD
CA00046323,2025-06-09,BR010,TLR-8119,C502932,cash withdrawal,3237.86,CAD
CA00049301,2025-06-21,BR025,TLR-4425,C501892,cash withdrawal,-683.54,CAD
CA00047772,2025-06-03,BR017,TLR-3650,C502741,cash withdrawal,859.77,CAD
CA00046290,2025-06-14,BR009,TLR-7102,C502004,cash withdrawal,722.68,CAD
CA00049218,2025-06-03,BR025,TLR-1553,C501836,cash deposit,53083,CAD
CA00050254,2025-06-04,BR030,TLR-5212,C502373,cash withdrawal,722.76,CAD
CA00045451,2025-06-12,BR006,TLR-5600,C500496,cash withdrawal,32360,CAD
CA00051223,2025-06-16,BR035,TLR-8707,C501369,cash deposit,337.65,CAD
CA00045832,2025-06-29,BR007,TLR-3123,C501975,cash deposit,194.36,CAD
CA00051011,2025-06-19,BR034,TLR-8051,C500281,cash deposit,333.58,CAD
CA00050364,2025-06-12,BR031,TLR-9399,C500062,cash deposit,2526.77,CAD
CA00048863,2025-06-03,BR024,TLR-5216,C500790,cash deposit,804.52,CAD
CA00052072,2025-06-14,BR038,TLR-3481,C501911,cash deposit,942.7,CAD
CA00048644,2025-06-09,BR022,TLR-7022,C502468,cash deposit,489.0,CAD
CA00046360,2025-06-18,BR010,TLR-5931,C503208,cash deposit,70198,CAD
CA00049484,2025-06-06,BR026,TLR-6753,C500181,cash deposit,208.15,CAD
CA00051810,2025-06-23,BR037,TLR-5803,C501783,cash deposit,1705.24,CAD
CA00049640,2025-06-13,BR027,TLR-9869,C503432,cash deposit,2494.02,CAD
CA00052027,2025-06-22,BR038,TLR-1074,C500655,cash deposit,985.84,CAD
CA00045930,2025-06-02,BR008,TLR-9272,C502478,cash deposit,552.17,CAD
CA00048140,2025-06-03,BR019,TLR-6916,C502674,cash withdrawal,1231.83,CAD
CA00051909,2025-06-12,BR038,TLR-1930,C501767,cash deposit,548.24,CAD
CA00048358,2025-06-08,BR020,TLR-6069,C503923,cash withdrawal,1092.6,USD
CA00052125,2025-06-17,BR039,TLR-3439,C500866,cash withdrawal,802.78,CAD
CA00047583,2025-06-03,BR016,TLR-2936,C502884,cash deposit,3144.59,CAD
CA00045036,2025-06-03,BR004,TLR-9712,C501943,cash withdrawal,446.81,CAD
CA00046076,2025-06-09,BR008,TLR-3388,C502073,cash deposit,2417.02,CAD
CA00049562,2025-06-17,BR026,TLR-1587,C500429,cash deposit,327.55,CAD
CA00052903,2025-06-29,BR040,TLR-1554,C503944,cash deposit,1240.61,CAD
CA00052594,2025-06-03,BR040,TLR-9058,C501588,cash deposit,3350.13,CAD
CA00048949,2025-06-22,BR024,TLR-7994,C503124,cash deposit,845.38,CAD
CA00044992,2025-06-15,BR003,TLR-9663,C502794,cash withdrawal,159844,CAD
CA00051118,2025-06-23,BR035,TLR-5962,C502851,cash deposit,333.78,CAD
CA00050986,2025-06-20,BR034,TLR-6145,C501654,cash withdrawal,3671.76,CAD
CA00048039,2025-06-24,BR019,TLR-6377,C502125,cash deposit,842.78,CAD
CA00052934,2025-06-02,BR040,TLR-4903,C501201,cash withdrawal,61400,CAD
CA00044841,2025-06-27,BR003,TLR-9524,C503979,cash deposit,1659.25,CAD
CA00049422,2025-06-21,BR026,TLR-6963,C501335,cash deposit,178437,CAD
CA00050017,2025-06-24,BR030,TLR-3572,C503952,cash deposit,512.65,CAD
CA00050490,2025-06-15,BR031,TLR-4834,C502554,cash deposit,882.98,CAD
CA00048407,2025-06-14,BR020,TLR-7750,C502448,cash deposit,617.86,USD
CA00046753,2025-06-15,BR012,TLR-9593,C500785,cash withdrawal,1754.32,CAD
CA00047869,2025-06-16,BR018,TLR-6635,C500740,cash deposit,121980,CAD
CA00045562,2025-06-09,BR006,TLR-2182,C503760,cash withdrawal,1753.04,CAD
CA00048340,2025-06-10,BR020,TLR-7991,C501060,cash deposit,1101.1,USD
CA00049214,2025-06-17,BR025,TLR-2602,C501445,cash withdrawal,-1266.23,CAD
CA00049585,2025-06-12,BR027,TLR-3350,C500996,cash deposit,2665.72,CAD
CA00049005,2025-06-18,BR024,TLR-2601,C500712,cash withdrawal,465.83,CAD
CA00051527,2025-06-17,BR036,TLR-6456,C502043,cash withdrawal,431.33,CAD
CA00046428,2025-06-01,BR010,TLR-3235,C501469,cash withdrawal,1671.56,CAD
CA00050563,2025-06-08,BR032,TLR-1573,C502631,cash deposit,1685.34,CAD
CA00045885,2025-06-15,BR008,TLR-6193,C503883,cash withdrawal,154723,CAD
CA00046863,2025-06-14,BR013,TLR-7976,C502676,cash withdrawal,64540,CAD
CA00045027,2025-06-07,BR004,TLR-6115,C503937,cash withdrawal,524.96,CAD
CA00048172,2025-06-02,BR019,TLR-9317,C502821,cash deposit,1404.15,CAD
CA00052103,2025-06-21,BR039,TLR-3968,C503692,cash deposit,1358.43,CAD
CA00052171,2025-06-23,BR039,TLR-4348,C503850,cash deposit,3574.75,CAD
CA00051269,2025-06-03,BR035,TLR-1952,C502858,cash withdrawal,42448,CAD
CA00046114,2025-06-06,BR009,TLR-5562,C500022,cash withdrawal,1624.3,CAD
CA00048212,2025-06-18,BR019,TLR-5739,C501141,cash deposit,82791,CAD
CA00044797,2025-06-13,BR003,TLR-7308,C503408,cash withdrawal,34390,CAD
CA00050619,2025-06-11,BR032,TLR-7690,C500020,cash withdrawal,814.57,CAD
CA00052547,2025-06-04,BR040,TLR-4146,C501256,cash withdrawal,1429.02,CAD
CA00048150,2025-06-01,BR019,TLR-9655,C503868,cash withdrawal,1690.96,CAD
CA00050331,2025-06-06,BR031,TLR-4323,C500264,cash withdrawal,945.61,CAD
CA00053209,2025-06-11,BR040,TLR-1277,C503229,cash deposit,547.76,CAD
CA00049006,2025-06-13,BR024,TLR-5669,C500640,cash deposit,319440,CAD
CA00052458,2025-06-16,BR040,TLR-1909,C502430,cash withdrawal,424.84,CAD
CA00049382,2025-06-17,BR026,TLR-4733,C502989,cash deposit,944.46,CAD
CA00048888,2025-06-18,BR024,TLR-1929,C503251,cash deposit,1052.63,CAD
CA00052649,2025-06-17,BR040,TLR-4162,C503154,cash withdrawal,976.24,CAD
CA00044387,2025-06-13,BR001,TLR-3371,C502654,cash deposit,1181.55,CAD
CA00046861,2025-06-02,BR013,TLR-4273,C501351,cash withdrawal,181.2,CAD
CA00044670,2025-06-26,BR002,TLR-2574,C503448,cash withdrawal,-40493,CAD
CA00048399,2025-06-04,BR020,TLR-7857,C502308,cash withdrawal,800.72,USD
CA00047579,2025-06-04,BR016,TLR-8597,C502471,cash withdrawal,224637,CAD
CA00047187,2025-06-14,BR015,TLR-1620,C500337,cash withdrawal,108453,CAD
CA00049123,2025-06-14,BR025,TLR-9607,C502676,cash deposit,837.19,CAD
CA00045782,2025-06-17,BR007,TLR-5489,C503385,cash deposit,717.41,CAD
CA00046463,2025-06-13,BR010,TLR-9477,C500031,cash withdrawal,543.91,CAD
CA00051803,2025-06-12,BR037,TLR-9209,C501044,cash deposit,640.54,CAD
CA00052952,2025-06-11,BR040,TLR-9822,C502629,cash withdrawal,2383.74,CAD
CA00052695,2025-06-15,BR040,TLR-3069,C501669,cash withdrawal,110310,CAD
CA00053107,2025-06-13,BR040,TLR-5903,C501186,cash withdrawal,1723.59,CAD
CA00049791,2025-06-23,BR028,TLR-2392,C501298,cash deposit,553.37,CAD
CA00047294,2025-06-14,BR015,TLR-3715,C502425,cash deposit,869.88,CAD
CA00047102,2025-06-16,BR014,TLR-1228,C502269,cash deposit,1993.16,CAD
CA00045709,2025-06-13,BR007,TLR-3816,C500966,cash withdrawal,506.26,CAD
CA00051019,2025-06-25,BR035,TLR-4245,C501789,cash deposit,4765.36,CAD
CA00050140,2025-06-15,BR030,TLR-8494,C502982,cash withdrawal,248.71,CAD
CA00046169,2025-06-30,BR009,TLR-8083,C502705,cash deposit,479.32,CAD
CA00051921,2025-06-30,BR038,TLR-6976,C502726,cash withdrawal,1566.76,CAD
CA00052532,2025-06-21,BR040,TLR-9037,C501814,cash withdrawal,948.42,CAD
CA00052383,2025-06-10,BR040,TLR-8991,C503139,cash withdrawal,1320.11,CAD
CA00052860,2025-06-28,BR040,TLR-3769,C500608,cash deposit,83445,CAD
CA00052569,2025-06-28,BR040,TLR-1928,C500201,cash withdrawal,206687,CAD
CA00049613,2025-06-16,BR027,TLR-1796,C501230,cash withdrawal,318070,CAD
CA00044294,2025-06-25,BR001,TLR-6087,C500365,cash withdrawal,988.85,CAD
CA00045221,2025-06-20,BR004,TLR-8121,C503339,cash withdrawal,715.25,CAD
CA00048855,2025-06-14,BR024,TLR-4865,C501719,cash withdrawal,678.19,CAD
CA00049433,2025-06-01,BR026,TLR-9260,C501504,cash deposit,456.46,CAD
CA00045970,2025-06-29,BR008,TLR-6051,C500462,cash deposit,1518.91,CAD
CA00045908,2025-06-08,BR008,TLR-5351,C503783,cash withdrawal,1137.86,CAD
CA00046341,2025-06-06,BR010,TLR-3129,C500408,cash deposit,591.33,CAD
CA00049538,2025-06-21,BR026,TLR-9120,C500290,cash deposit,80847,CAD
CA00047865,2025-06-10,BR018,TLR-8848,C500813,cash deposit,428.5,CAD
CA00052065,2025-06-07,BR038,TLR-2225,C502153,cash withdrawal,521.29,CAD
CA00048682,2025-06-10,BR022,TLR-3126,C500718,cash deposit,104874,CAD
CA00045257,2025-06-20,BR004,TLR-4471,C500267,cash deposit,1135.72,CAD
CA00051778,2025-06-16,BR037,TLR-9517,C503395,cash deposit,974.01,CAD
CA00052388,2025-06-09,BR040,TLR-9876,C502051,cash withdrawal,2622.21,CAD
CA00052708,2025-06-28,BR040,TLR-4556,C503207,cash deposit,1054.18,CAD
CA00044412,2025-06-09,BR001,TLR-8566,C502254,cash deposit,237613,CAD
CA00051712,2025-06-06,BR037,TLR-6430,C500832,cash deposit,360.85,CAD
CA00049207,2025-06-25,BR025,TLR-7830,C502002,cash deposit,2643.42,CAD
CA00046199,2025-06-29,BR009,TLR-5326,C502630,cash withdrawal,93940,CAD
CA00045941,2025-06-11,BR008,TLR-3203,C500658,cash deposit,794.66,CAD
CA00050522,2025-06-12,BR031,TLR-1088,C502160,cash withdrawal,431.28,CAD
CA00048586,2025-06-16,BR021,TLR-1770,C501251,cash withdrawal,204992,CAD
CA00046912,2025-06-30,BR014,TLR-5336,C500805,cash deposit,1619.03,CAD
CA00046091,2025-06-09,BR008,TLR-9500,C502188,cash withdrawal,380.31,CAD
CA00049404,2025-06-13,BR026,TLR-4759,C501308,cash deposit,2496.87,CAD
CA00045683,2025-06-27,BR007,TLR-2932,C503207,cash withdrawal,358.69,CAD
CA00045293,2025-06-13,BR005,TLR-6885,C502671,cash deposit,82209,CAD
CA00050481,2025-06-23,BR031,TLR-5765,C500060,cash withdrawal,760.78,CAD
CA00050263,2025-06-19,BR030,TLR-2539,C503683,cash deposit,2141.38,CAD
CA00052517,2025-06-06,BR040,TLR-9244,C500187,cash deposit,2333.55,CAD
CA00051626,2025-06-26,BR037,TLR-8237,C503267,cash deposit,43212,CAD
CA00050537,2025-06-04,BR031,TLR-7134,C503689,cash deposit,943.98,CAD
CA00045809,2025-06-26,BR007,TLR-2145,C502505,cash withdrawal,600.76,CAD
CA00052075,2025-06-19,BR038,TLR-6751,C501188,cash withdrawal,661.48,CAD
CA00052847,2025-06-21,BR040,TLR-8695,C500622,cash withdrawal,210.8,CAD
CA00045403,2025-06-18,BR006,TLR-5416,C501727,cash withdrawal,238.9,CAD
CA00052415,2025-06-15,BR040,TLR-9768,C502217,cash withdrawal,2550.03,CAD
CA00046615,2025-06-29,BR012,TLR-8390,C502140,cash deposit,118289,CAD
CA00048574,2025-06-17,BR021,TLR-8816,C503265,cash deposit,1118.79,CAD
CA00047914,2025-06-25,BR018,TLR-2051,C501357,cash withdrawal,563.14,CAD
CA00046460,2025-06-23,BR010,TLR-4249,C500948,cash deposit,1041.39,CAD
CA00051374,2025-06-03,BR036,TLR-9976,C500083,cash deposit,1161.45,CAD
CA00052334,2025-06-07,BR040,TLR-7702,C500749,cash deposit,1832.5,CAD
CA00048459,2025-06-12,BR021,TLR-1553,C501345,cash withdrawal,177802,CAD
CA00046780,2025-06-08,BR012,TLR-7036,C500036,cash deposit,834.5,CAD
CA00047192,2025-06-06,BR015,TLR-8682,C503773,cash deposit,744.55,CAD
CA00049426,2025-06-08,BR026,TLR-9814,C501947,cash withdrawal,-3240.78,CAD
CA00045453,2025-06-04,BR006,TLR-3638,C502244,cash deposit,1384.01,CAD
CA00048944,2025-06-03,BR024,TLR-7865,C500950,cash withdrawal,945.36,CAD
CA00053145,2025-06-02,BR040,TLR-3328,C500754,cash deposit,116156,CAD
CA00050625,2025-06-02,BR032,TLR-5864,C503354,cash deposit,1793.82,CAD
CA00052382,2025-06-22,BR040,TLR-2001,C503851,cash withdrawal,798.45,CAD
CA00051031,2025-06-06,BR035,TLR-8222,C502415,cash deposit,1461.3,CAD
CA00046057,2025-06-25,BR008,TLR-1221,C501854,cash withdrawal,1156.3,CAD
CA00050214,2025-06-18,BR030,TLR-7429,C502878,cash withdrawal,936.67,CAD
CA00045880,2025-06-14,BR008,TLR-3803,C503855,cash withdrawal,663.48,CAD
CA00044949,2025-06-21,BR003,TLR-4695,C502003,cash deposit,49820,CAD
CA00045286,2025-06-09,BR005,TLR-5744,C503819,cash deposit,1015.86,CAD
CA00046082,2025-06-27,BR008,TLR-9892,C500891,cash withdrawal,2557.06,CAD
CA00051311,2025-06-30,BR036,TLR-3928,C502730,cash deposit,17589,CAD
CA00046698,2025-06-20,BR012,TLR-2312,C502795,cash deposit,1002.01,CAD
CA00049044,2025-06-27,BR024,TLR-9239,C500733,cash withdrawal,403.65,CAD
CA00044508,2025-06-24,BR001,TLR-5918,C500682,cash withdrawal,1271.08,CAD
CA00051663,2025-06-08,BR037,TLR-8355,C503693,cash deposit,169742,CAD
CA00046723,2025-06-29,BR012,TLR-5107,C500595,cash withdrawal,1526.25,CAD
CA00045705,2025-06-07,BR007,TLR-6437,C500886,cash withdrawal,813.19,CAD
CA00049134,2025-06-07,BR025,TLR-1111,C502517,cash withdrawal,-112153,CAD
CA00046123,2025-06-29,BR009,TLR-5537,C503150,cash deposit,624.39,CAD
CA00050340,2025-06-20,BR031,TLR-8871,C503911,cash withdrawal,455.27,CAD
CA00050612,2025-06-01,BR032,TLR-5609,C503726,cash deposit,1685.6,CAD
CA00048633,2025-06-19,BR022,TLR-7346,C503673,cash withdrawal,143307,CAD
CA00046592,2025-06-02,BR012,TLR-6185,C500120,cash withdrawal,991.48,CAD
CA00045478,2025-06-15,BR006,TLR-4148,C501472,cash deposit,880.17,CAD
CA00051583,2025-06-01,BR036,TLR-9121,C502811,cash deposit,1452.41,CAD
CA00049694,2025-06-19,BR027,TLR-7969,C501535,cash deposit,3366.93,CAD
CA00053032,2025-06-20,BR040,TLR-7165,C503828,cash withdrawal,769.13,CAD
CA00046792,2025-06-21,BR012,TLR-3357,C501053,cash deposit,21947,CAD
CA00047329,2025-06-26,BR015,TLR-5058,C500153,cash deposit,216810,CAD
CA00051841,2025-06-26,BR037,TLR-1583,C501052,cash withdrawal,1107.55,CAD
CA00045051,2025-06-29,BR004,TLR-9015,C503081,cash withdrawal,752.85,CAD
CA00048508,2025-06-03,BR021,TLR-8477,C503492,cash deposit,1683.29,CAD
CA00049297,2025-06-12,BR025,TLR-9526,C502495,cash deposit,719.4,CAD
CA00044871,2025-06-27,BR003,TLR-6771,C502707,cash withdrawal,374924,CAD
CA00046582,2025-06-03,BR012,TLR-3366,C501462,cash deposit,243429,CAD
CA00052035,2025-06-05,BR038,TLR-2775,C503658,cash deposit,342.42,CAD
CA00052771,2025-06-17,BR040,TLR-5839,C503029,cash withdrawal,2074.69,CAD
CA00051653,2025-06-19,BR037,TLR-2516,C502121,cash withdrawal,93999,CAD
CA00051067,2025-06-18,BR035,TLR-3231,C503670,cash deposit,950.37,CAD
CA00047235,2025-06-16,BR015,TLR-9981,C503600,cash deposit,1973.67,CAD
CA00046809,2025-06-06,BR013,TLR-7261,C501319,cash withdrawal,744.86,CAD
CA00053121,2025-06-19,BR040,TLR-5028,C503144,cash deposit,2246.12,CAD
CA00046472,2025-06-16,BR010,TLR-2247,C502408,cash withdrawal,2818.88,CAD
CA00046424,2025-06-04,BR010,TLR-1229,C503405,cash withdrawal,1018.95,CAD
CA00045750,2025-06-29,BR007,TLR-1759,C502818,cash withdrawal,127494,CAD
CA00048051,2025-06-10,BR019,TLR-9965,C500822,cash withdrawal,2520.12,CAD
CA00045779,2025-06-10,BR007,TLR-5054,C500053,cash deposit,1333.31,CAD
CA00050981,2025-06-24,BR034,TLR-9332,C500752,cash deposit,2167.16,CAD
CA00046522,2025-06-27,BR011,TLR-1642,C503225,cash deposit,469.87,CAD
CA00050872,2025-06-16,BR034,TLR-9085,C501606,cash withdrawal,232.98,CAD
CA00044921,2025-06-16,BR003,TLR-4572,C500189,cash withdrawal,1233.13,CAD
CA00046981,2025-06-21,BR014,TLR-4194,C500924,cash withdrawal,634.11,CAD
CA00046275,2025-06-25,BR009,TLR-5383,C500688,cash withdrawal,154.01,CAD
CA00046650,2025-06-01,BR012,TLR-1821,C500872,cash withdrawal,1627.99,CAD
CA00052979,2025-06-30,BR040,TLR-2987,C500699,cash deposit,2267.01,CAD
CA00051586,2025-06-19,BR036,TLR-7685,C500274,cash withdrawal,1509.21,CAD
CA00045414,2025-06-10,BR006,TLR-3522,C501442,cash withdrawal,57629,CAD
CA00044393,2025-06-29,BR001,TLR-3678,C503116,cash withdrawal,63232,CAD
CA00052142,2025-06-04,BR039,TLR-3040,C500067,cash deposit,713.54,CAD
CA00050130,2025-06-24,BR030,TLR-4754,C501536,cash withdrawal,1078.95,CAD
CA00048861,2025-06-24,BR024,TLR-7589,C502320,cash withdrawal,461.56,CAD
CA00051692,2025-06-15,BR037,TLR-1528,C502040,cash deposit,934.33,CAD
CA00051973,2025-06-05,BR038,TLR-9907,C503099,cash withdrawal,146093,CAD
CA00052800,2025-06-24,BR040,TLR-8382,C501097,cash withdrawal,812.06,CAD
CA00047519,2025-06-07,BR016,TLR-2103,C502057,cash deposit,737.13,CAD
CA00048595,2025-06-14,BR021,TLR-7387,C503946,cash deposit,10070,CAD
CA00050987,2025-06-24,BR034,TLR-2965,C500277,cash withdrawal,500.67,CAD
CA00051409,2025-06-12,BR036,TLR-8935,C501199,cash withdrawal,1185.35,CAD
CA00050632,2025-06-25,BR032,TLR-5155,C502013,cash deposit,3124.84,CAD
CA00051793,2025-06-11,BR037,TLR-9204,C502376,cash deposit,3196.91,CAD
CA00046892,2025-06-17,BR013,TLR-3444,C502098,cash deposit,848.5,CAD
CA00053216,2025-06-24,BR040,TLR-1150,C502624,cash deposit,649.77,CAD
CA00044348,2025-06-11,BR001,TLR-7898,C500062,cash deposit,777.02,CAD
CA00048775,2025-06-01,BR023,TLR-5306,C502071,cash withdrawal,1026.57,CAD
CA00044937,2025-06-11,BR003,TLR-3888,C503638,cash deposit,1345.27,CAD
CA00050210,2025-06-22,BR030,TLR-2660,C502749,cash deposit,3173.73,CAD
CA00047487,2025-06-28,BR016,TLR-9866,C501912,cash deposit,374.27,CAD
CA00047221,2025-06-01,BR015,TLR-1459,C500621,cash withdrawal,692.61,CAD
CA00051963,2025-06-25,BR038,TLR-8190,C503359,cash withdrawal,732.02,CAD
CA00048262,2025-06-21,BR020,TLR-8251,C501387,cash deposit,936.2,USD
CA00050747,2025-06-28,BR033,TLR-8729,C502630,cash deposit,967.07,CAD
CA00045317,2025-06-14,BR005,TLR-9927,C501769,cash withdrawal,65963,CAD
CA00045578,2025-06-04,BR006,TLR-5692,C503547,cash deposit,1379.03,CAD
CA00051185,2025-06-01,BR035,TLR-3957,C503543,cash withdrawal,28507,CAD
CA00045654,2025-06-20,BR007,TLR-9786,C503767,cash deposit,342.19,CAD
CA00045283,2025-06-22,BR005,TLR-9216,C500761,cash deposit,409.67,CAD
CA00047027,2025-06-24,BR014,TLR-2520,C502648,cash withdrawal,805.82,CAD
CA00045983,2025-06-27,BR008,TLR-7265,C501824,cash deposit,737.53,CAD
CA00044654,2025-06-24,BR002,TLR-3608,C501912,cash withdrawal,-143830,CAD
CA00050510,2025-06-23,BR031,TLR-6802,C503903,cash deposit,712.27,CAD
CA00050466,2025-06-29,BR031,TLR-5191,C500959,cash withdrawal,764.38,CAD
CA00050182,2025-06-13,BR030,TLR-7185,C500238,cash withdrawal,646.53,CAD
CA00045586,2025-06-02,BR006,TLR-2061,C503086,cash withdrawal,52324,CAD
CA00048011,2025-06-26,BR019,TLR-3584,C501729,cash deposit,1221.82,CAD
CA00049412,2025-06-30,BR026,TLR-8590,C500217,cash withdrawal,-2791.45,CAD
CA00044597,2025-06-01,BR002,TLR-2789,C500549,cash withdrawal,-148.26,CAD
CA00047504,2025-06-28,BR016,TLR-1396,C500571,cash withdrawal,1010.4,CAD
CA00052129,2025-06-19,BR039,TLR-5727,C500496,cash withdrawal,1201.94,CAD
CA00044650,2025-06-10,BR002,TLR-4142,C500326,cash deposit,791.02,CAD
CA00052654,2025-06-27,BR040,TLR-8299,C501827,cash withdrawal,568.3,CAD
CA00048458,2025-06-01,BR021,TLR-2628,C500103,cash withdrawal,418.24,CAD
CA00044426,2025-06-26,BR001,TLR-2463,C502247,cash deposit,733.02,CAD
CA00051306,2025-06-08,BR036,TLR-2018,C502686,cash deposit,1401.74,CAD
CA00052699,2025-06-01,BR040,TLR-7989,C500913,cash deposit,347.2,CAD
CA00048263,2025-06-06,BR020,TLR-4608,C502606,cash deposit,1157.87,USD
CA00050315,2025-06-24,BR030,TLR-1504,C502703,cash withdrawal,769.52,CAD
CA00051014,2025-06-10,BR035,TLR-5460,C500498,cash withdrawal,64423,CAD
CA00053233,2025-06-10,BR040,TLR-1195,C500810,cash deposit,923.53,CAD
CA00051016,2025-06-20,BR035,TLR-6750,C500175,cash withdrawal,749.47,CAD
CA00046015,2025-06-23,BR008,TLR-6464,C501006,cash withdrawal,962.35,CAD
CA00046407,2025-06-25,BR010,TLR-1390,C502930,cash deposit,1895.31,CAD
CA00047693,2025-06-13,BR017,TLR-5092,C501953,cash deposit,308.39,CAD
CA00045479,2025-06-07,BR006,TLR-6150,C502257,cash withdrawal,581.53,CAD
CA00045100,2025-06-13,BR004,TLR-2547,C501969,cash deposit,2020.18,CAD
CA00046699,2025-06-08,BR012,TLR-1510,C503306,cash withdrawal,3527.35,CAD
CA00045599,2025-06-30,BR006,TLR-7262,C501548,cash withdrawal,1069.21,CAD
CA00051177,2025-06-19,BR035,TLR-3649,C503657,cash deposit,36148,CAD
CA00046791,2025-06-18,BR012,TLR-8313,C500344,cash deposit,1941.75,CAD
CA00052207,2025-06-11,BR039,TLR-7573,C503738,cash withdrawal,1272.32,CAD
CA00052760,2025-06-13,BR040,TLR-2958,C501506,cash deposit,724.61,CAD
CA00044287,2025-06-29,BR001,TLR-6790,C501539,cash withdrawal,385.2,CAD
CA00048294,2025-06-03,BR020,TLR-2875,C502020,cash deposit,266.11,USD
CA00046310,2025-06-10,BR009,TLR-6315,C500785,cash withdrawal,1204.57,CAD
CA00048912,2025-06-24,BR024,TLR-9861,C503668,cash deposit,42513,CAD
CA00052196,2025-06-13,BR039,TLR-2765,C501705,cash withdrawal,457.97,CAD
CA00050914,2025-06-16,BR034,TLR-9710,C501884,cash deposit,902.83,CAD
CA00047544,2025-06-19,BR016,TLR-3708,C500065,cash deposit,456.54,CAD
CA00049527,2025-06-24,BR026,TLR-2841,C501229,cash withdrawal,-98693,CAD
CA00050461,2025-06-05,BR031,TLR-4369,C503077,cash withdrawal,1656.31,CAD
CA00052829,2025-06-24,BR040,TLR-8207,C500243,cash deposit,338.74,CAD
CA00045617,2025-06-28,BR006,TLR-6049,C503706,cash withdrawal,1208.38,CAD
CA00049329,2025-06-15,BR026,TLR-6541,C501259,cash deposit,377.53,CAD
CA00045607,2025-06-01,BR006,TLR-9013,C500170,cash deposit,542.25,CAD
CA00052499,2025-06-30,BR040,TLR-7095,C502170,cash withdrawal,1358.11,CAD
CA00048003,2025-06-21,BR019,TLR-7315,C501467,cash withdrawal,686.07,CAD
CA00050500,2025-06-21,BR031,TLR-8454,C503086,cash deposit,122284,CAD
CA00045115,2025-06-23,BR004,TLR-6881,C503031,cash withdrawal,709.37,CAD
CA00048664,2025-06-29,BR022,TLR-6966,C501908,cash withdrawal,1675.38,CAD
CA00047404,2025-06-27,BR015,TLR-9625,C503348,cash deposit,1247.73,CAD
CA00044394,2025-06-10,BR001,TLR-4745,C500874,cash withdrawal,1483.85,CAD
CA00046299,2025-06-19,BR009,TLR-7878,C502721,cash withdrawal,158.99,CAD
CA00049001,2025-06-05,BR024,TLR-1452,C503716,cash withdrawal,939.45,CAD
CA00053207,2025-06-07,BR040,TLR-9406,C501058,cash withdrawal,462.92,CAD
CA00046137,2025-06-18,BR009,TLR-3328,C502707,cash withdrawal,3333.36,CAD
CA00047594,2025-06-06,BR016,TLR-9106,C501782,cash deposit,164613,CAD
CA00051717,2025-06-06,BR037,TLR-6055,C500940,cash deposit,365.45,CAD
CA00046026,2025-06-22,BR008,TLR-8431,C501070,cash deposit,1040.81,CAD
CA00049405,2025-06-02,BR026,TLR-8886,C500161,cash deposit,931.07,CAD
CA00050020,2025-06-09,BR030,TLR-9676,C503505,cash withdrawal,593.95,CAD
CA00049742,2025-06-08,BR027,TLR-4464,C503192,cash withdrawal,828.24,CAD
CA00045988,2025-06-02,BR008,TLR-9725,C501236,cash withdrawal,473.44,CAD
CA00051988,2025-06-23,BR038,TLR-6321,C503520,cash deposit,1174.54,CAD
CA00047171,2025-06-14,BR015,TLR-5111,C502452,cash withdrawal,70947,CAD
CA00053157,2025-06-04,BR040,TLR-3014,C500242,cash withdrawal,1196.7,CAD
CA00045138,2025-06-23,BR004,TLR-9868,C502568,cash withdrawal,64999,CAD
CA00050947,2025-06-17,BR034,TLR-9467,C502859,cash deposit,691.53,CAD
CA00051608,2025-06-26,BR036,TLR-5620,C503631,cash withdrawal,1128.73,CAD
CA00051582,2025-06-06,BR036,TLR-4965,C502439,cash withdrawal,3369.22,CAD
CA00051346,2025-06-15,BR036,TLR-1966,C501657,cash withdrawal,70771,CAD
CA00048652,2025-06-03,BR022,TLR-8708,C503146,cash withdrawal,862.42,CAD
CA00052689,2025-06-11,BR040,TLR-9777,C502669,cash withdrawal,3900.21,CAD
CA00050172,2025-06-08,BR030,TLR-8049,C502168,cash withdrawal,650.75,CAD
CA00048040,2025-06-26,BR019,TLR-4999,C500249,cash withdrawal,711.51,CAD
CA00048654,2025-06-29,BR022,TLR-4553,C503495,cash deposit,1229.11,CAD
CA00049981,2025-06-18,BR029,TLR-2821,C500720,cash deposit,3099.67,CAD
CA00045362,2025-06-17,BR006,TLR-5657,C501714,cash withdrawal,1992.58,CAD
CA00050384,2025-06-25,BR031,TLR-2980,C500608,cash withdrawal,954.0,CAD
CA00047775,2025-06-15,BR017,TLR-4411,C503166,cash withdrawal,1094.72,CAD
CA00049786,2025-06-22,BR028,TLR-7220,C503413,cash deposit,1178.98,CAD
CA00051402,2025-06-06,BR036,TLR-1527,C500833,cash withdrawal,379.02,CAD
CA00048789,2025-06-18,BR024,TLR-2538,C501585,cash withdrawal,1409.09,CAD
CA00047803,2025-06-09,BR017,TLR-1392,C502917,cash deposit,407.52,CAD
CA00045659,2025-06-16,BR007,TLR-9432,C503332,cash deposit,2108.02,CAD
CA00045004,2025-06-18,BR003,TLR-9727,C503552,cash deposit,1079.94,CAD
CA00050539,2025-06-02,BR031,TLR-2157,C502882,cash withdrawal,25642,CAD
CA00048577,2025-06-06,BR021,TLR-9930,C501773,cash deposit,1005.89,CAD
CA00044574,2025-06-22,BR002,TLR-9383,C500164,cash withdrawal,-966.93,CAD
CA00044727,2025-06-29,BR002,TLR-5605,C501812,cash deposit,641.2,CAD
CA00050253,2025-06-19,BR030,TLR-7181,C501750,cash withdrawal,1002.45,CAD
CA00046420,2025-06-17,BR010,TLR-4521,C502805,cash withdrawal,56274,CAD
CA00050881,2025-06-22,BR034,TLR-8661,C503994,cash deposit,434.3,CAD
CA00049974,2025-06-11,BR029,TLR-9048,C500404,cash withdrawal,774.84,CAD
CA00052398,2025-06-29,BR040,TLR-1238,C503441,cash deposit,1786.18,CAD
CA00044967,2025-06-28,BR003,TLR-2776,C501462,cash withdrawal,24698,CAD
CA00049124,2025-06-14,BR025,TLR-8208,C502874,cash withdrawal,-842.91,CAD
CA00048543,2025-06-17,BR021,TLR-5883,C503394,cash deposit,2370.49,CAD
CA00051304,2025-06-17,BR036,TLR-4841,C501167,cash deposit,208.06,CAD
CA00047716,2025-06-25,BR017,TLR-9508,C501252,cash deposit,859.4,CAD
CA00051065,2025-06-25,BR035,TLR-1599,C502742,cash withdrawal,2865.94,CAD
CA00046191,2025-06-02,BR009,TLR-6732,C503433,cash withdrawal,24831,CAD
CA00046842,2025-06-30,BR013,TLR-3929,C500224,cash withdrawal,617.54,CAD
CA00044732,2025-06-19,BR002,TLR-8210,C501559,cash deposit,230.97,CAD
CA00044755,2025-06-16,BR002,TLR-9996,C500984,cash deposit,131210,CAD
CA00046432,2025-06-12,BR010,TLR-8829,C501093,cash deposit,911.49,CAD
CA00052500,2025-06-08,BR040,TLR-5164,C503906,cash withdrawal,3912.9,CAD
CA00048098,2025-06-04,BR019,TLR-9395,C501678,cash withdrawal,2002.18,CAD
CA00049955,2025-06-14,BR029,TLR-3852,C503273,cash withdrawal,2138.75,CAD
CA00049874,2025-06-22,BR028,TLR-2315,C500795,cash deposit,79796,CAD
CA00052178,2025-06-21,BR039,TLR-6863,C503121,cash withdrawal,1059.52,CAD
CA00045018,2025-06-26,BR004,TLR-8016,C500472,cash withdrawal,94012,CAD
CA00048846,2025-06-17,BR024,TLR-4085,C503350,cash deposit,275292,CAD
CA00053199,2025-06-08,BR040,TLR-8467,C500330,cash deposit,1639.3,CAD
CA00050989,2025-06-09,BR034,TLR-2537,C503225,cash deposit,4472.17,CAD
CA00050726,2025-06-10,BR033,TLR-7532,C500783,cash deposit,1791.81,CAD
CA00046829,2025-06-15,BR013,TLR-9410,C502766,cash withdrawal,257.53,CAD
CA00049339,2025-06-01,BR026,TLR-8351,C500914,cash withdrawal,-337.95,CAD
CA00052137,2025-06-24,BR039,TLR-9175,C502233,cash deposit,1645.57,CAD
CA00046321,2025-06-07,BR010,TLR-9145,C500992,cash withdrawal,477.73,CAD
CA00045704,2025-06-16,BR007,TLR-8097,C500385,cash deposit,1325.3,CAD
CA00047983,2025-06-25,BR019,TLR-9547,C501267,cash withdrawal,1239.82,CAD
CA00052244,2025-06-15,BR039,TLR-7200,C502704,cash deposit,255.29,CAD
CA00047816,2025-06-28,BR017,TLR-2927,C500283,cash deposit,652.6,CAD
CA00049749,2025-06-16,BR027,TLR-5994,C503729,cash deposit,1036.9,CAD
CA00051555,2025-06-01,BR036,TLR-3311,C501045,cash deposit,722.91,CAD
CA00047363,2025-06-07,BR015,TLR-8822,C500224,cash withdrawal,653.87,CAD
CA00045673,2025-06-08,BR007,TLR-5136,C501126,cash deposit,378.11,CAD
CA00050975,2025-06-16,BR034,TLR-7178,C502984,cash deposit,1652.67,CAD
CA00048052,2025-06-17,BR019,TLR-4014,C503119,cash withdrawal,34452,CAD
CA00051634,2025-06-17,BR037,TLR-5189,C501082,cash deposit,2502.89,CAD
CA00045341,2025-06-04,BR005,TLR-5600,C503482,cash withdrawal,1112.11,CAD
CA00046966,2025-06-16,BR014,TLR-3915,C500944,cash withdrawal,863.76,CAD
CA00046506,2025-06-03,BR010,TLR-6356,C501276,cash withdrawal,1026.9,CAD
CA00052028,2025-06-24,BR038,TLR-3652,C501192,cash withdrawal,574.47,CAD
CA00045008,2025-06-23,BR003,TLR-1792,C500722,cash deposit,376.86,CAD
CA00047249,2025-06-02,BR015,TLR-1352,C501193,cash withdrawal,465.97,CAD
CA00044403,2025-06-12,BR001,TLR-9658,C503622,cash deposit,820.42,CAD
CA00044557,2025-06-16,BR001,TLR-7375,C500047,cash deposit,6954.01,CAD
CA00053129,2025-06-26,BR040,TLR-2870,C503047,cash deposit,571.5,CAD
CA00050964,2025-06-14,BR034,TLR-4203,C503354,cash deposit,3207.03,CAD
CA00050547,2025-06-22,BR031,TLR-7388,C500316,cash deposit,124939,CAD
CA00047927,2025-06-29,BR018,TLR-6138,C503441,cash withdrawal,931.24,CAD
CA00044868,2025-06-30,BR003,TLR-2444,C500178,cash withdrawal,1203.57,CAD
CA00046163,2025-06-15,BR009,TLR-8174,C502530,cash withdrawal,828.64,CAD
CA00044413,2025-06-22,BR001,TLR-1878,C503528,cash deposit,54108,CAD
CA00046336,2025-06-10,BR010,TLR-6212,C502621,cash withdrawal,391.28,CAD
CA00053029,2025-06-01,BR040,TLR-7817,C503605,cash deposit,203.38,CAD
CA00050671,2025-06-11,BR032,TLR-6340,C500230,cash deposit,1341.11,CAD
CA00048019,2025-06-01,BR019,TLR-3471,C503073,cash withdrawal,449.2,CAD
CA00052317,2025-06-21,BR040,TLR-4684,C502443,cash withdrawal,3616.62,CAD
CA00047189,2025-06-03,BR015,TLR-9065,C502465,cash withdrawal,119786,CAD
CA00050901,2025-06-20,BR034,TLR-2257,C502110,cash withdrawal,268.55,CAD
CA00052049,2025-06-06,BR038,TLR-4631,C502923,cash deposit,945.97,CAD
CA00050071,2025-06-11,BR030,TLR-7260,C503987,cash withdrawal,77908,CAD
CA00047724,2025-06-12,BR017,TLR-9279,C501567,cash deposit,488.56,CAD
CA00049352,2025-06-29,BR026,TLR-9888,C503927,cash withdrawal,-79752,CAD
CA00051859,2025-06-05,BR037,TLR-7586,C501148,cash deposit,755.43,CAD
CA00045222,2025-06-30,BR004,TLR-8043,C500329,cash withdrawal,4477.97,CAD
CA00051791,2025-06-27,BR037,TLR-7671,C500863,cash withdrawal,1457.09,CAD
CA00047503,2025-06-27,BR016,TLR-5891,C502010,cash withdrawal,1827.76,CAD
CA00052389,2025-06-09,BR040,TLR-8487,C500364,cash withdrawal,744.74,CAD
CA00048438,2025-06-18,BR021,TLR-9021,C502739,cash deposit,1629.96,CAD
CA00051401,2025-06-23,BR036,TLR-6997,C503625,cash deposit,344.13,CAD
CA00046094,2025-06-16,BR008,TLR-3383,C502546,cash deposit,1492.64,CAD
CA00051765,2025-06-10,BR037,TLR-1122,C501179,cash withdrawal,540.77,CAD
CA00048408,2025-06-29,BR020,TLR-9908,C502514,cash deposit,46619,USD
CA00049565,2025-06-24,BR026,TLR-9085,C500715,cash deposit,1464.89,CAD
CA00047389,2025-06-15,BR015,TLR-2125,C500783,cash deposit,1480.93,CAD
CA00047154,2025-06-23,BR015,TLR-3862,C501766,cash withdrawal,1847.72,CAD
CA00048687,2025-06-29,BR023,TLR-1038,C500157,cash deposit,629.33,CAD
CA00052761,2025-06-29,BR040,TLR-3256,C501911,cash deposit,1476.36,CAD
CA00045141,2025-06-03,BR004,TLR-4934,C501779,cash deposit,855.59,CAD
CA00044474,2025-06-25,BR001,TLR-2466,C503126,cash withdrawal,614.19,CAD
CA00047610,2025-06-02,BR016,TLR-7729,C500921,cash deposit,179742,CAD
CA00052133,2025-06-07,BR039,TLR-1484,C503759,cash deposit,2132.08,CAD
CA00050409,2025-06-13,BR031,TLR-8098,C502248,cash deposit,3297.37,CAD
CA00051713,2025-06-01,BR037,TLR-2487,C500094,cash deposit,3368.18,CAD
CA00051482,2025-06-21,BR036,TLR-3085,C500275,cash withdrawal,943.22,CAD
CA00048184,2025-06-21,BR019,TLR-9188,C503934,cash withdrawal,101015,CAD
CA00045460,2025-06-03,BR006,TLR-6984,C501870,cash withdrawal,656.23,CAD
CA00045030,2025-06-28,BR004,TLR-8528,C502045,cash withdrawal,148744,CAD
CA00051873,2025-06-29,BR037,TLR-1024,C501851,cash withdrawal,1404.13,CAD
CA00048686,2025-06-20,BR023,TLR-8735,C501143,cash withdrawal,63115,CAD
CA00050757,2025-06-03,BR033,TLR-3888,C502666,cash withdrawal,567.07,CAD
CA00048959,2025-06-13,BR024,TLR-9257,C501150,cash withdrawal,1777.59,CAD
CA00048910,2025-06-19,BR024,TLR-3712,C501933,cash withdrawal,1772.78,CAD
CA00052585,2025-06-11,BR040,TLR-8368,C501546,cash deposit,842.32,CAD
CA00045062,2025-06-30,BR004,TLR-1711,C503216,cash deposit,1402.17,CAD
CA00048348,2025-06-23,BR020,TLR-5703,C502712,cash deposit,872.28,USD
CA00049088,2025-06-16,BR025,TLR-7118,C503798,cash withdrawal,-1938.84,CAD
CA00049313,2025-06-02,BR026,TLR-6501,C503257,cash deposit,1804.18,CAD
CA00045997,2025-06-21,BR008,TLR-9639,C502005,cash withdrawal,610.86,CAD
CA00050523,2025-06-23,BR031,TLR-8023,C503520,cash deposit,1257.52,CAD
CA00051270,2025-06-25,BR035,TLR-9776,C502978,cash deposit,1043.53,CAD
CA00050118,2025-06-24,BR030,TLR-6838,C501004,cash withdrawal,2724.23,CAD
CA00049991,2025-06-20,BR029,TLR-7928,C500070,cash deposit,2758.91,CAD
CA00049276,2025-06-10,BR025,TLR-7973,C503017,cash deposit,1517.56,CAD
CA00052919,2025-06-26,BR040,TLR-4177,C501510,cash withdrawal,2516.39,CAD
CA00048022,2025-06-30,BR019,TLR-7426,C502855,cash withdrawal,713.06,CAD
CA00049807,2025-06-24,BR028,TLR-2907,C501706,cash deposit,2177.03,CAD
CA00044643,2025-06-04,BR002,TLR-6749,C502974,cash deposit,303.27,CAD
CA00046961,2025-06-07,BR014,TLR-6924,C502118,cash deposit,2141.52,CAD
CA00050814,2025-06-27,BR033,TLR-7165,C502698,cash withdrawal,797.49,CAD
CA00045974,2025-06-01,BR008,TLR-9138,C502375,cash deposit,540.22,CAD
CA00047884,2025-06-26,BR018,TLR-4958,C500756,cash deposit,1607.29,CAD
CA00047452,2025-06-11,BR016,TLR-1806,C500777,cash deposit,902.05,CAD
CA00047624,2025-06-04,BR017,TLR-3301,C503155,cash deposit,1369.59,CAD
CA00045120,2025-06-06,BR004,TLR-8114,C501239,cash withdrawal,929.42,CAD
CA00050518,2025-06-03,BR031,TLR-9930,C503469,cash deposit,229394,CAD
CA00048131,2025-06-21,BR019,TLR-4409,C501037,cash withdrawal,515.44,CAD
CA00051584,2025-06-23,BR036,TLR-8073,C502649,cash deposit,822.55,CAD
CA00049862,2025-06-08,BR028,TLR-9210,C502568,cash withdrawal,746.89,CAD
CA00045409,2025-06-22,BR006,TLR-2064,C501706,cash deposit,1141.95,CAD
CA00052632,2025-06-24,BR040,TLR-9427,C500351,cash deposit,424.16,CAD
CA00046975,2025-06-27,BR014,TLR-1756,C501894,cash deposit,2200.04,CAD
CA00047432,2025-06-02,BR016,TLR-2694,C503654,cash deposit,147155,CAD
CA00050869,2025-06-15,BR034,TLR-7537,C501430,cash deposit,1370.77,CAD
CA00051870,2025-06-16,BR037,TLR-3806,C502087,cash deposit,753.59,CAD
CA00047429,2025-06-02,BR016,TLR-2277,C500147,cash withdrawal,802.11,CAD
CA00052006,2025-06-08,BR038,TLR-8707,C501926,cash withdrawal,1481.04,CAD
CA00053012,2025-06-24,BR040,TLR-5133,C500687,cash deposit,926.21,CAD
CA00047105,2025-06-30,BR014,TLR-7620,C501517,cash deposit,4200.12,CAD
CA00048006,2025-06-04,BR019,TLR-2206,C501735,cash withdrawal,289001,CAD
CA00046598,2025-06-27,BR012,TLR-2282,C502944,cash withdrawal,3194.72,CAD
CA00049743,2025-06-04,BR027,TLR-1171,C502823,cash deposit,1589.87,CAD
CA00045069,2025-06-11,BR004,TLR-9366,C501247,cash deposit,52328,CAD
CA00048178,2025-06-01,BR019,TLR-7390,C502746,cash deposit,106099,CAD
CA00045752,2025-06-30,BR007,TLR-6786,C501466,cash deposit,71896,CAD
CA00051575,2025-06-21,BR036,TLR-2984,C501062,cash withdrawal,1011.85,CAD
CA00044671,2025-06-21,BR002,TLR-2104,C502557,cash deposit,1464.68,CAD
CA00049161,2025-06-25,BR025,TLR-2066,C503726,cash withdrawal,-570.05,CAD
CA00049599,2025-06-27,BR027,TLR-7013,C501367,cash withdrawal,651.08,CAD
CA00053270,2025-06-09,BR040,TLR-6097,C502869,cash deposit,833.89,CAD
CA00050627,2025-06-29,BR032,TLR-9931,C503691,cash deposit,547.64,CAD
CA00050798,2025-06-06,BR033,TLR-8388,C501678,cash withdrawal,93062,CAD
CA00052777,2025-06-22,BR040,TLR-3960,C500589,cash deposit,126653,CAD
CA00047471,2025-06-10,BR016,TLR-5496,C503134,cash withdrawal,490.31,CAD
CA00049250,2025-06-15,BR025,TLR-2183,C502457,cash withdrawal,-1114.44,CAD
CA00051448,2025-06-27,BR036,TLR-3536,C502594,cash deposit,30304,CAD
CA00051939,2025-06-25,BR038,TLR-8592,C502115,cash withdrawal,297.36,CAD
CA00052429,2025-06-02,BR040,TLR-1421,C501676,cash withdrawal,97793,CAD
CA00048410,2025-06-03,BR020,TLR-7952,C500806,cash withdrawal,181.83,USD
CA00048620,2025-06-10,BR022,TLR-8037,C503350,cash deposit,1243.32,CAD
CA00045360,2025-06-15,BR006,TLR-1386,C502365,cash deposit,37974,CAD
CA00051624,2025-06-01,BR037,TLR-5898,C501809,cash withdrawal,712.99,CAD
CA00046959,2025-06-18,BR014,TLR-6591,C500107,cash deposit,599.17,CAD
CA00045792,2025-06-29,BR007,TLR-7823,C503572,cash withdrawal,2400.2,CAD
CA00045573,2025-06-14,BR006,TLR-2723,C502218,cash withdrawal,739.57,CAD
CA00048736,2025-06-26,BR023,TLR-8551,C500344,cash withdrawal,1352.77,CAD
CA00049714,2025-06-19,BR027,TLR-7344,C500679,cash withdrawal,767.27,CAD
CA00050740,2025-06-07,BR033,TLR-3576,C501075,cash deposit,1422.0,CAD
CA00046938,2025-06-27,BR014,TLR-5118,C500971,cash deposit,764.47,CAD
CA00048279,2025-06-25,BR020,TLR-7916,C501977,cash withdrawal,1086.5,USD
CA00045122,2025-06-29,BR004,TLR-2042,C500241,cash deposit,3801.54,CAD
CA00045924,2025-06-02,BR008,TLR-9338,C501384,cash withdrawal,976.3,CAD
CA00047643,2025-06-17,BR017,TLR-8187,C500982,cash deposit,2096.95,CAD
CA00052427,2025-06-22,BR040,TLR-7992,C501042,cash deposit,1359.08,CAD
CA00050651,2025-06-06,BR032,TLR-3967,C500200,cash deposit,1232.78,CAD
CA00052253,2025-06-10,BR039,TLR-3852,C500861,cash deposit,1039.88,CAD
CA00052205,2025-06-22,BR039,TLR-5441,C500813,cash withdrawal,702.84,CAD
CA00048210,2025-06-16,BR019,TLR-6372,C500070,cash deposit,656.14,CAD
CA00051834,2025-06-20,BR037,TLR-9674,C503256,cash deposit,678.53,CAD
CA00051979,2025-06-08,BR038,TLR-9753,C503679,cash withdrawal,1130.06,CAD
CA00048966,2025-06-16,BR024,TLR-4389,C502172,cash deposit,1624.95,CAD
CA00048280,2025-06-04,BR020,TLR-8862,C502767,cash deposit,53787,USD
CA00048386,2025-06-01,BR020,TLR-4521,C503830,cash deposit,458.39,USD
CA00052706,2025-06-15,BR040,TLR-5949,C503308,cash withdrawal,894.76,CAD
CA00051176,2025-06-21,BR035,TLR-6170,C500721,cash deposit,840.45,CAD
CA00048480,2025-06-02,BR021,TLR-6869,C501045,cash deposit,2785.3,CAD
CA00046600,2025-06-22,BR012,TLR-1374,C501897,cash deposit,100424,CAD
CA00048453,2025-06-21,BR021,TLR-1174,C502068,cash withdrawal,1277.49,CAD
CA00045456,2025-06-30,BR006,TLR-8165,C502550,cash deposit,760.52,CAD
CA00052031,2025-06-30,BR038,TLR-5224,C503777,cash withdrawal,98492,CAD
CA00047959,2025-06-18,BR018,TLR-6835,C503596,cash deposit,1324.52,CAD
CA00050965,2025-06-14,BR034,TLR-1803,C502902,cash withdrawal,406.23,CAD
CA00050120,2025-06-07,BR030,TLR-2221,C502293,cash deposit,961.01,CAD
CA00051629,2025-06-17,BR037,TLR-4886,C502595,cash deposit,1380.7,CAD
CA00047347,2025-06-11,BR015,TLR-1521,C500663,cash deposit,1306.19,CAD
CA00047433,2025-06-07,BR016,TLR-9709,C501621,cash deposit,809.61,CAD
CA00047829,2025-06-22,BR017,TLR-3576,C503311,cash deposit,618.96,CAD
CA00051395,2025-06-01,BR036,TLR-6452,C503016,cash withdrawal,2398.11,CAD
CA00045551,2025-06-03,BR006,TLR-3639,C502118,cash deposit,318.04,CAD
CA00051299,2025-06-08,BR036,TLR-1910,C503508,cash withdrawal,539.13,CAD
CA00047230,2025-06-13,BR015,TLR-7399,C500177,cash deposit,576.1,CAD
CA00051675,2025-06-13,BR037,TLR-9466,C501399,cash deposit,1076.11,CAD
CA00046136,2025-06-01,BR009,TLR-7044,C500342,cash deposit,322.37,CAD
CA00046050,2025-06-07,BR008,TLR-8932,C502428,cash withdrawal,1244.61,CAD
CA00047672,2025-06-09,BR017,TLR-6654,C501586,cash deposit,2477.98,CAD
CA00050311,2025-06-05,BR030,TLR-8407,C503671,cash withdrawal,482.98,CAD
CA00044657,2025-06-04,BR002,TLR-9907,C501610,cash deposit,2417.05,CAD
CA00050820,2025-06-02,BR033,TLR-1967,C501487,cash deposit,1777.24,CAD
CA00051657,2025-06-23,BR037,TLR-7766,C501251,cash deposit,1063.0,CAD
CA00047765,2025-06-09,BR017,TLR-9858,C502887,cash deposit,404.3,CAD
CA00049464,2025-06-09,BR026,TLR-4726,C502730,cash withdrawal,-1992.16,CAD
CA00046686,2025-06-13,BR012,TLR-8395,C500439,cash deposit,953.0,CAD
CA00052603,2025-06-05,BR040,TLR-3311,C503957,cash withdrawal,316.8,CAD
CA00049922,2025-06-14,BR029,TLR-1953,C503162,cash deposit,684.28,CAD
CA00047845,2025-06-11,BR018,TLR-1149,C500284,cash withdrawal,1794.27,CAD
CA00049582,2025-06-12,BR027,TLR-6590,C500238,cash deposit,3579.96,CAD
CA00049108,2025-06-10,BR025,TLR-7670,C503023,cash withdrawal,-1119.73,CAD
CA00049408,2025-06-02,BR026,TLR-6966,C503155,cash withdrawal,-406.4,CAD
CA00052374,2025-06-28,BR040,TLR-2797,C500418,cash withdrawal,2100.84,CAD
CA00045081,2025-06-28,BR004,TLR-4084,C502116,cash withdrawal,1629.57,CAD
CA00053096,2025-06-19,BR040,TLR-2744,C500891,cash deposit,1100.61,CAD
CA00044825,2025-06-02,BR003,TLR-5724,C502342,cash withdrawal,1315.84,CAD
CA00052550,2025-06-03,BR040,TLR-1605,C503297,cash withdrawal,2930.07,CAD
CA00052990,2025-06-19,BR040,TLR-8141,C501407,cash deposit,685.93,CAD
CA00051417,2025-06-21,BR036,TLR-8805,C503164,cash deposit,669.05,CAD
CA00051098,2025-06-14,BR035,TLR-7091,C502400,cash deposit,689.11,CAD
CA00051468,2025-06-16,BR036,TLR-6771,C502546,cash withdrawal,140259,CAD
CA00050285,2025-06-04,BR030,TLR-1363,C503137,cash deposit,330.73,CAD
CA00049939,2025-06-17,BR029,TLR-6623,C500160,cash withdrawal,532.16,CAD
CA00047155,2025-06-17,BR015,TLR-6266,C500805,cash deposit,1142.64,CAD
CA00048090,2025-06-13,BR019,TLR-3510,C502104,cash deposit,89182,CAD
CA00046693,2025-06-13,BR012,TLR-3886,C503553,cash withdrawal,1584.36,CAD
CA00048142,2025-06-23,BR019,TLR-1827,C500835,cash withdrawal,420476,CAD
CA00051743,2025-06-06,BR037,TLR-1408,C502977,cash withdrawal,573.42,CAD
CA00047007,2025-06-05,BR014,TLR-6026,C500138,cash withdrawal,211026,CAD
CA00052865,2025-06-27,BR040,TLR-1813,C501719,cash withdrawal,1103.52,CAD
CA00044585,2025-06-17,BR002,TLR-5894,C501084,cash deposit,2489.64,CAD
CA00052849,2025-06-26,BR040,TLR-5496,C501612,cash deposit,48051,CAD
CA00047671,2025-06-18,BR017,TLR-4446,C502153,cash withdrawal,3556.66,CAD
CA00047755,2025-06-06,BR017,TLR-5388,C500750,cash deposit,126558,CAD
CA00047459,2025-06-13,BR016,TLR-7866,C501724,cash deposit,53256,CAD
CA00045959,2025-06-05,BR008,TLR-7225,C502221,cash deposit,926.26,CAD
CA00046277,2025-06-01,BR009,TLR-4384,C500847,cash withdrawal,762.46,CAD
CA00048691,2025-06-23,BR023,TLR-2091,C502980,cash deposit,4200.94,CAD
CA00051951,2025-06-02,BR038,TLR-3662,C503366,cash deposit,1812.81,CAD
CA00050925,2025-06-29,BR034,TLR-1298,C500822,cash withdrawal,1299.7,CAD
CA00046467,2025-06-11,BR010,TLR-2991,C503373,cash withdrawal,1029.11,CAD
CA00048556,2025-06-23,BR021,TLR-5394,C501499,cash withdrawal,1553.66,CAD
CA00048711,2025-06-08,BR023,TLR-9011,C502282,cash withdrawal,1154.12,CAD
CA00050840,2025-06-16,BR034,TLR-3591,C503441,cash withdrawal,470.47,CAD
CA00051037,2025-06-19,BR035,TLR-5497,C500761,cash withdrawal,1147.28,CAD
CA00047414,2025-06-07,BR016,TLR-9665,C500287,cash deposit,1354.09,CAD
CA00044571,2025-06-30,BR002,TLR-6707,C501737,cash deposit,1336.53,CAD
CA00053182,2025-06-17,BR040,TLR-2574,C500423,cash deposit,1700.74,CAD
CA00052782,2025-06-15,BR040,TLR-2585,C503307,cash deposit,944.15,CAD
CA00048197,2025-06-08,BR019,TLR-1536,C501407,cash withdrawal,2736.75,CAD
CA00050142,2025-06-02,BR030,TLR-3330,C502265,cash deposit,1102.59,CAD
CA00052527,2025-06-11,BR040,TLR-8844,C501463,cash withdrawal,112903,CAD
CA00047462,2025-06-21,BR016,TLR-8658,C501858,cash withdrawal,1340.69,CAD
CA00051617,2025-06-14,BR037,TLR-7194,C500097,cash withdrawal,954.17,CAD
CA00053213,2025-06-25,BR040,TLR-8058,C501540,cash deposit,697.93,CAD
CA00046273,2025-06-27,BR009,TLR-6834,C500491,cash withdrawal,1102.32,CAD
CA00045347,2025-06-03,BR005,TLR-1252,C500961,cash withdrawal,669.8,CAD
CA00050626,2025-06-09,BR032,TLR-1820,C500153,cash withdrawal,682.58,CAD
CA00047785,2025-06-09,BR017,TLR-8178,C502910,cash deposit,662.61,CAD
CA00045434,2025-06-08,BR006,TLR-5205,C503549,cash deposit,757.17,CAD
CA00048967,2025-06-30,BR024,TLR-6407,C502263,cash deposit,799.68,CAD
CA00049399,2025-06-04,BR026,TLR-7288,C501609,cash withdrawal,-460.39,CAD
CA00050862,2025-06-27,BR034,TLR-8127,C502564,cash withdrawal,545.64,CAD
CA00044470,2025-06-12,BR001,TLR-4648,C503946,cash deposit,68433,CAD
CA00047952,2025-06-11,BR018,TLR-1282,C500869,cash deposit,479.33,CAD
CA00051158,2025-06-03,BR035,TLR-5574,C502845,cash deposit,513.16,CAD
CA00052169,2025-06-14,BR039,TLR-7971,C500941,cash deposit,826.5,CAD
CA00052305,2025-06-02,BR040,TLR-3154,C503136,cash withdrawal,544.21,CAD
CA00047088,2025-06-04,BR014,TLR-9133,C501545,cash deposit,79306,CAD
CA00049518,2025-06-27,BR026,TLR-4646,C502369,cash deposit,478.2,CAD
CA00051375,2025-06-21,BR036,TLR-4664,C502540,cash withdrawal,339.91,CAD
CA00049416,2025-06-20,BR026,TLR-2470,C500161,cash withdrawal,-637.42,CAD
CA00051086,2025-06-12,BR035,TLR-3000,C503190,cash deposit,925.19,CAD
CA00048162,2025-06-29,BR019,TLR-6093,C501369,cash deposit,1784.41,CAD
CA00045893,2025-06-26,BR008,TLR-9290,C502970,cash deposit,373.06,CAD
CA00052315,2025-06-09,BR040,TLR-4897,C502581,cash deposit,1363.45,CAD
CA00048002,2025-06-26,BR019,TLR-3134,C500833,cash deposit,2053.76,CAD
CA00051544,2025-06-11,BR036,TLR-5619,C500891,cash deposit,859.37,CAD
CA00045504,2025-06-14,BR006,TLR-4532,C500786,cash withdrawal,1073.99,CAD
CA00052932,2025-06-19,BR040,TLR-5653,C502905,cash withdrawal,606.81,CAD
CA00048321,2025-06-20,BR020,TLR-3688,C502038,cash withdrawal,1052.47,USD
CA00046806,2025-06-03,BR012,TLR-3459,C503658,cash withdrawal,378.33,CAD
CA00050077,2025-06-16,BR030,TLR-6952,C503157,cash deposit,754.42,CAD
CA00049013,2025-06-20,BR024,TLR-8297,C500106,cash deposit,310.04,CAD
CA00048585,2025-06-08,BR021,TLR-3313,C501825,cash withdrawal,1148.69,CAD
CA00052179,2025-06-06,BR039,TLR-5959,C501233,cash withdrawal,85371,CAD
CA00044343,2025-06-20,BR001,TLR-2835,C503304,cash deposit,423.65,CAD
CA00046886,2025-06-26,BR013,TLR-7858,C501318,cash withdrawal,2685.58,CAD
CA00053168,2025-06-09,BR040,TLR-1758,C500553,cash withdrawal,1361.68,CAD
CA00051380,2025-06-28,BR036,TLR-5990,C502246,cash deposit,1483.33,CAD
CA00046146,2025-06-14,BR009,TLR-8153,C501050,cash deposit,988.0,CAD
CA00050200,2025-06-29,BR030,TLR-3046,C503236,cash deposit,79219,CAD
CA00045776,2025-06-16,BR007,TLR-1173,C502091,cash withdrawal,1197.71,CAD
CA00048130,2025-06-05,BR019,TLR-7823,C500031,cash withdrawal,1281.13,CAD
CA00052084,2025-06-20,BR038,TLR-3061,C501220,cash deposit,761.6,CAD
CA00050386,2025-06-24,BR031,TLR-6061,C504000,cash withdrawal,364.39,CAD
CA00051173,2025-06-29,BR035,TLR-8443,C503814,cash deposit,328347,CAD
CA00047612,2025-06-23,BR016,TLR-2242,C501935,cash deposit,532.19,CAD
CA00045375,2025-06-03,BR006,TLR-7021,C502580,cash deposit,228.38,CAD
CA00046917,2025-06-17,BR014,TLR-9371,C503686,cash deposit,1326.09,CAD
CA00049925,2025-06-17,BR029,TLR-1450,C500322,cash withdrawal,1283.9,CAD
CA00047159,2025-06-07,BR015,TLR-6099,C500938,cash deposit,1131.69,CAD
CA00049105,2025-06-13,BR025,TLR-2043,C501582,cash deposit,394.38,CAD
CA00046404,2025-06-17,BR010,TLR-8924,C503922,cash withdrawal,671.37,CAD
CA00052713,2025-06-18,BR040,TLR-3415,C503940,cash deposit,2047.77,CAD
CA00048063,2025-06-05,BR019,TLR-7493,C501722,cash deposit,1456.93,CAD
CA00052635,2025-06-05,BR040,TLR-7858,C502532,cash deposit,4921.95,CAD
CA00045932,2025-06-16,BR008,TLR-5408,C500074,cash deposit,3186.55,CAD
CA00047881,2025-06-01,BR018,TLR-8849,C500079,cash deposit,839.48,CAD
CA00047069,2025-06-06,BR014,TLR-6651,C501593,cash withdrawal,79467,CAD
CA00049635,2025-06-05,BR027,TLR-4750,C503975,cash withdrawal,664.87,CAD
CA00047850,2025-06-11,BR018,TLR-6238,C501107,cash deposit,800.96,CAD
CA00046965,2025-06-26,BR014,TLR-7220,C503825,cash withdrawal,300.75,CAD
CA00051828,2025-06-13,BR037,TLR-2759,C501753,cash withdrawal,1279.7,CAD
CA00048309,2025-06-28,BR020,TLR-8165,C502572,cash deposit,284.62,USD
CA00045642,2025-06-02,BR007,TLR-2178,C502815,cash withdrawal,329.27,CAD
CA00046112,2025-06-28,BR009,TLR-5235,C502958,cash deposit,514.08,CAD
CA00045246,2025-06-15,BR004,TLR-2481,C501802,cash deposit,1945.3,CAD
CA00051552,2025-06-23,BR036,TLR-3762,C503786,cash withdrawal,1768.59,CAD
CA00049626,2025-06-12,BR027,TLR-1623,C501564,cash deposit,331.08,CAD
CA00051817,2025-06-12,BR037,TLR-7442,C501883,cash withdrawal,366.31,CAD
CA00050854,2025-06-13,BR034,TLR-2722,C500916,cash withdrawal,837.97,CAD
CA00048849,2025-06-09,BR024,TLR-1528,C501397,cash deposit,653.97,CAD
CA00046514,2025-06-01,BR011,TLR-6946,C503978,cash deposit,803.59,CAD
CA00047561,2025-06-16,BR016,TLR-7273,C503864,cash withdrawal,973.47,CAD
CA00045723,2025-06-14,BR007,TLR-3946,C502838,cash withdrawal,882.53,CAD
CA00050561,2025-06-29,BR032,TLR-5110,C502889,cash withdrawal,5178.0,CAD
CA00050544,2025-06-16,BR031,TLR-5425,C502212,cash withdrawal,138.14,CAD
CA00052333,2025-06-02,BR040,TLR-4956,C503506,cash withdrawal,512.11,CAD
CA00048384,2025-06-12,BR020,TLR-5669,C501737,cash deposit,1105.53,USD
CA00048779,2025-06-07,BR024,TLR-3121,C501187,cash deposit,447.89,CAD
CA00048446,2025-06-27,BR021,TLR-7096,C502158,cash deposit,95832,CAD
CA00050271,2025-06-08,BR030,TLR-2631,C500144,cash deposit,583199,CAD
CA00044507,2025-06-22,BR001,TLR-4311,C503624,cash withdrawal,758.07,CAD
CA00046795,2025-06-07,BR012,TLR-7113,C503656,cash withdrawal,133151,CAD
CA00048848,2025-06-17,BR024,TLR-3339,C500160,cash deposit,1739.31,CAD
CA00045169,2025-06-13,BR004,TLR-3510,C500432,cash withdrawal,718.47,CAD
CA00051497,2025-06-19,BR036,TLR-8681,C503654,cash withdrawal,1079.97,CAD
CA00050653,2025-06-22,BR032,TLR-9635,C503456,cash deposit,423.13,CAD
CA00052604,2025-06-02,BR040,TLR-8250,C503472,cash withdrawal,1088.42,CAD
CA00046934,2025-06-06,BR014,TLR-9023,C503166,cash deposit,1041.92,CAD
CA00046187,2025-06-16,BR009,TLR-9297,C500745,cash withdrawal,526.1,CAD
CA00047015,2025-06-23,BR014,TLR-8440,C500673,cash withdrawal,549.24,CAD
CA00048301,2025-06-24,BR020,TLR-8102,C503220,cash withdrawal,1322.38,USD
CA00045960,2025-06-02,BR008,TLR-5558,C502409,cash withdrawal,62522,CAD
CA00047783,2025-06-19,BR017,TLR-5247,C503286,cash deposit,26193,CAD
CA00044548,2025-06-18,BR001,TLR-4570,C502422,cash withdrawal,1006.1,CAD
CA00046889,2025-06-01,BR013,TLR-7534,C501333,cash withdrawal,742.24,CAD
CA00048290,2025-06-12,BR020,TLR-1902,C501697,cash withdrawal,88514,USD
CA00051934,2025-06-12,BR038,TLR-4055,C503449,cash withdrawal,882.6,CAD
CA00049186,2025-06-18,BR025,TLR-9635,C501229,cash withdrawal,-855.89,CAD
CA00046306,2025-06-05,BR009,TLR-4960,C500865,cash withdrawal,343.84,CAD
CA00045494,2025-06-21,BR006,TLR-1611,C502790,cash deposit,63962,CAD
CA00047580,2025-06-30,BR016,TLR-2571,C500735,cash deposit,1202.89,CAD
CA00049073,2025-06-27,BR024,TLR-9645,C503599,cash deposit,5243.13,CAD
CA00050414,2025-06-12,BR031,TLR-9081,C501789,cash withdrawal,5058.08,CAD
CA00048803,2025-06-28,BR024,TLR-1100,C503510,cash deposit,1640.67,CAD
CA00045522,2025-06-24,BR006,TLR-7548,C501592,cash withdrawal,905.48,CAD
CA00049326,2025-06-27,BR026,TLR-7986,C502651,cash withdrawal,-1998.75,CAD
CA00050226,2025-06-11,BR030,TLR-3553,C500659,cash deposit,323.59,CAD
CA00050772,2025-06-04,BR033,TLR-2111,C500537,cash deposit,768.16,CAD
CA00049958,2025-06-09,BR029,TLR-7477,C500037,cash withdrawal,1208.35,CAD
CA00047867,2025-06-22,BR018,TLR-1226,C500572,cash deposit,2842.28,CAD
CA00046903,2025-06-25,BR013,TLR-7173,C502270,cash deposit,984.96,CAD
CA00052101,2025-06-29,BR039,TLR-1418,C501528,cash withdrawal,1983.92,CAD
CA00051972,2025-06-08,BR038,TLR-7342,C500061,cash withdrawal,917.84,CAD
CA00048141,2025-06-29,BR019,TLR-9585,C502798,cash withdrawal,644.89,CAD
CA00051421,2025-06-10,BR036,TLR-7423,C503473,cash deposit,1781.81,CAD
CA00045563,2025-06-21,BR006,TLR-7593,C503305,cash withdrawal,905.17,CAD
CA00044713,2025-06-27,BR002,TLR-6327,C502301,cash deposit,2922.21,CAD
CA00047999,2025-06-29,BR019,TLR-6995,C503752,cash deposit,1005.42,CAD
CA00050988,2025-06-11,BR034,TLR-3159,C501938,cash deposit,63525,CAD
CA00050072,2025-06-01,BR030,TLR-6682,C501674,cash deposit,1314.17,CAD
CA00052864,2025-06-25,BR040,TLR-8153,C503050,cash withdrawal,116177,CAD
CA00052757,2025-06-14,BR040,TLR-7516,C501987,cash deposit,18684,CAD
CA00046196,2025-06-27,BR009,TLR-7402,C503482,cash withdrawal,805.8,CAD
CA00048225,2025-06-26,BR020,TLR-2941,C503796,cash withdrawal,697.66,USD
CA00048181,2025-06-22,BR019,TLR-1297,C503766,cash deposit,1974.82,CAD
CA00046338,2025-06-16,BR010,TLR-8436,C503001,cash deposit,1363.23,CAD
CA00047422,2025-06-23,BR016,TLR-2585,C502872,cash withdrawal,78875,CAD
CA00047353,2025-06-12,BR015,TLR-9570,C502310,cash deposit,693.66,CAD
CA00044736,2025-06-01,BR002,TLR-7931,C501006,cash withdrawal,-363.27,CAD
CA00044321,2025-06-15,BR001,TLR-1915,C500147,cash withdrawal,945.78,CAD
CA00047453,2025-06-13,BR016,TLR-1584,C502180,cash deposit,1045.6,CAD
CA00052406,2025-06-07,BR040,TLR-7875,C503872,cash withdrawal,2126.57,CAD
CA00053194,2025-06-05,BR040,TLR-4161,C500148,cash deposit,160538,CAD
CA00047223,2025-06-02,BR015,TLR-7697,C500067,cash deposit,372433,CAD
CA00052422,2025-06-14,BR040,TLR-3199,C502061,cash deposit,1389.01,CAD
CA00047200,2025-06-06,BR015,TLR-5368,C502500,cash deposit,559.02,CAD
CA00045156,2025-06-27,BR004,TLR-2018,C502488,cash deposit,401.64,CAD
CA00046979,2025-06-23,BR014,TLR-2358,C503640,cash deposit,53135,CAD
CA00051430,2025-06-30,BR036,TLR-1167,C502461,cash deposit,433.58,CAD
CA00047296,2025-06-28,BR015,TLR-5492,C501477,cash deposit,1034.97,CAD
CA00047328,2025-06-18,BR015,TLR-1731,C502103,cash deposit,671.26,CAD
CA00050791,2025-06-15,BR033,TLR-7263,C503851,cash withdrawal,95477,CAD
CA00052836,2025-06-04,BR040,TLR-5742,C501949,cash withdrawal,262.02,CAD
CA00050248,2025-06-05,BR030,TLR-5331,C503795,cash withdrawal,420.51,CAD
CA00045511,2025-06-29,BR006,TLR-4369,C503356,cash deposit,1108.19,CAD
CA00052973,2025-06-06,BR040,TLR-6736,C500404,cash deposit,877.93,CAD
CA00047267,2025-06-24,BR015,TLR-2061,C503893,cash withdrawal,1487.46,CAD
CA00051613,2025-06-25,BR037,TLR-5086,C501786,cash deposit,2856.12,CAD
CA00046156,2025-06-13,BR009,TLR-9061,C501899,cash withdrawal,855.12,CAD
CA00048781,2025-06-21,BR024,TLR-2024,C501525,cash deposit,68061,CAD
CA00046356,2025-06-30,BR010,TLR-6029,C501664,cash withdrawal,1069.08,CAD
CA00052043,2025-06-17,BR038,TLR-2491,C501326,cash deposit,226.26,CAD
CA00044776,2025-06-20,BR002,TLR-1811,C502368,cash withdrawal,-610.33,CAD
CA00052819,2025-06-09,BR040,TLR-3736,C503540,cash deposit,791.28,CAD
CA00046486,2025-06-11,BR010,TLR-4615,C502767,cash deposit,1924.16,CAD
CA00045441,2025-06-17,BR006,TLR-4446,C502862,cash deposit,76606,CAD
CA00045038,2025-06-02,BR004,TLR-6033,C501788,cash withdrawal,685.52,CAD
CA00045748,2025-06-22,BR007,TLR-1047,C500969,cash deposit,584.94,CAD
CA00050834,2025-06-14,BR033,TLR-4930,C503445,cash deposit,1330.95,CAD
CA00049137,2025-06-19,BR025,TLR-5009,C500141,cash withdrawal,-72907,CAD
CA00050991,2025-06-12,BR034,TLR-9402,C500816,cash withdrawal,402.14,CAD
CA00051236,2025-06-03,BR035,TLR-4371,C500809,cash deposit,27647,CAD
CA00045911,2025-06-14,BR008,TLR-8725,C500495,cash deposit,496.49,CAD
CA00052386,2025-06-05,BR040,TLR-1095,C500354,cash deposit,165026,CAD
CA00046457,2025-06-03,BR010,TLR-5483,C502341,cash deposit,447.91,CAD
CA00049800,2025-06-07,BR028,TLR-5931,C501887,cash withdrawal,1673.08,CAD
CA00051940,2025-06-06,BR038,TLR-4055,C503780,cash withdrawal,27971,CAD
CA00050659,2025-06-10,BR032,TLR-4504,C502833,cash withdrawal,121209,CAD
CA00052733,2025-06-12,BR040,TLR-3845,C500827,cash withdrawal,629.85,CAD
CA00047757,2025-06-16,BR017,TLR-1136,C500408,cash withdrawal,1367.6,CAD
CA00052610,2025-06-21,BR040,TLR-1150,C501300,cash deposit,867.83,CAD
CA00047658,2025-06-12,BR017,TLR-8279,C503399,cash withdrawal,1179.43,CAD
CA00049502,2025-06-14,BR026,TLR-5217,C503569,cash deposit,1348.46,CAD
CA00046751,2025-06-11,BR012,TLR-5342,C503229,cash withdrawal,1009.81,CAD
CA00045598,2025-06-16,BR006,TLR-9806,C500169,cash withdrawal,437.72,CAD
CA00047715,2025-06-28,BR017,TLR-7217,C501576,cash withdrawal,559.36,CAD
CA00049029,2025-06-14,BR024,TLR-8675,C502788,cash withdrawal,888.65,CAD
CA00050725,2025-06-21,BR033,TLR-3612,C501769,cash withdrawal,666.43,CAD
CA00052094,2025-06-22,BR038,TLR-3485,C502672,cash deposit,1736.13,CAD
CA00046630,2025-06-17,BR012,TLR-8767,C503509,cash withdrawal,1593.03,CAD
CA00050997,2025-06-29,BR034,TLR-4983,C501528,cash deposit,1309.8,CAD
CA00051720,2025-06-07,BR037,TLR-3874,C501712,cash withdrawal,536.33,CAD
CA00050839,2025-06-08,BR034,TLR-2365,C503123,cash withdrawal,531.97,CAD
CA00049672,2025-06-25,BR027,TLR-1317,C502489,cash deposit,1432.45,CAD
CA00053248,2025-06-02,BR040,TLR-4484,C502546,cash deposit,674.49,CAD
CA00049465,2025-06-03,BR026,TLR-7366,C503505,cash deposit,1202.64,CAD
CA00045853,2025-06-05,BR008,TLR-3842,C501627,cash withdrawal,35755,CAD
CA00052329,2025-06-15,BR040,TLR-1902,C500356,cash deposit,703.12,CAD
CA00044381,2025-06-02,BR001,TLR-6959,C501035,cash deposit,2284.01,CAD
CA00044714,2025-06-24,BR002,TLR-2249,C503759,cash withdrawal,-9971.19,CAD
CA00051064,2025-06-05,BR035,TLR-6452,C500970,cash withdrawal,1121.61,CAD
CA00052223,2025-06-24,BR039,TLR-8793,C502417,cash deposit,99399,CAD
CA00052566,2025-06-05,BR040,TLR-7730,C502828,cash deposit,1498.4,CAD
CA00047826,2025-06-18,BR017,TLR-8018,C500961,cash deposit,2024.49,CAD
CA00048481,2025-06-29,BR021,TLR-6250,C503774,cash withdrawal,1038.05,CAD
CA00050134,2025-06-02,BR030,TLR-3267,C502960,cash deposit,272.89,CAD
CA00048252,2025-06-22,BR020,TLR-5742,C503533,cash withdrawal,303.0,USD
CA00046605,2025-06-13,BR012,TLR-5259,C501658,cash deposit,1332.27,CAD
CA00051141,2025-06-07,BR035,TLR-6938,C500343,cash withdrawal,1228.1,CAD
CA00045429,2025-06-26,BR006,TLR-5717,C501769,cash withdrawal,850.52,CAD
CA00045730,2025-06-19,BR007,TLR-7109,C500888,cash withdrawal,2322.4,CAD
CA00051105,2025-06-08,BR035,TLR-2531,C502869,cash deposit,2616.59,CAD
CA00050408,2025-06-03,BR031,TLR-9916,C503495,cash withdrawal,72461,CAD
CA00048887,2025-06-12,BR024,TLR-7720,C500587,cash deposit,1043.18,CAD
CA00052855,2025-06-29,BR040,TLR-1070,C503774,cash deposit,665.71,CAD
CA00051137,2025-06-05,BR035,TLR-1783,C502527,cash deposit,126474,CAD
CA00050395,2025-06-12,BR031,TLR-9183,C500279,cash deposit,1167.64,CAD
CA00052479,2025-06-28,BR040,TLR-9387,C500005,cash withdrawal,758.32,CAD
CA00045175,2025-06-27,BR004,TLR-7137,C502510,cash deposit,606.39,CAD
CA00052113,2025-06-30,BR039,TLR-2748,C503578,cash deposit,2984.52,CAD
CA00051549,2025-06-06,BR036,TLR-9941,C502454,cash deposit,258.38,CAD
CA00050016,2025-06-20,BR030,TLR-1043,C502343,cash withdrawal,1463.38,CAD
CA00052225,2025-06-18,BR039,TLR-4414,C500792,cash deposit,521.77,CAD
CA00048015,2025-06-04,BR019,TLR-1519,C502403,cash withdrawal,120723,CAD
CA00051398,2025-06-26,BR036,TLR-1864,C500698,cash withdrawal,3353.44,CAD
CA00044880,2025-06-02,BR003,TLR-6374,C503172,cash withdrawal,2345.61,CAD
CA00044656,2025-06-11,BR002,TLR-3595,C501708,cash deposit,830.28,CAD
CA00048342,2025-06-02,BR020,TLR-8611,C502255,cash deposit,10925,USD
CA00047878,2025-06-13,BR018,TLR-8976,C501438,cash deposit,30617,CAD
CA00047553,2025-06-20,BR016,TLR-1065,C503235,cash deposit,3107.5,CAD
CA00046385,2025-06-25,BR010,TLR-5672,C502825,cash withdrawal,563.1,CAD
CA00052707,2025-06-29,BR040,TLR-4255,C502102,cash withdrawal,1552.81,CAD
CA00046715,2025-06-05,BR012,TLR-7839,C502209,cash deposit,588.2,CAD
CA00051880,2025-06-25,BR037,TLR-7423,C502703,cash deposit,524.97,CAD
CA00047150,2025-06-07,BR015,TLR-6663,C503619,cash deposit,687.35,CAD
CA00052100,2025-06-16,BR038,TLR-8814,C503261,cash withdrawal,369.66,CAD
CA00051856,2025-06-25,BR037,TLR-9393,C501749,cash deposit,2701.45,CAD
CA00048156,2025-06-19,BR019,TLR-2652,C501389,cash deposit,80474,CAD
CA00046963,2025-06-11,BR014,TLR-1427,C501601,cash deposit,2498.87,CAD
CA00045301,2025-06-29,BR005,TLR-7662,C503335,cash withdrawal,465.31,CAD
CA00051028,2025-06-19,BR035,TLR-8708,C502505,cash withdrawal,70772,CAD
CA00044767,2025-06-04,BR002,TLR-3175,C500289,cash withdrawal,-1336.53,CAD
CA00051978,2025-06-02,BR038,TLR-9770,C500407,cash deposit,75793,CAD
CA00050067,2025-06-25,BR030,TLR-3683,C502082,cash deposit,231006,CAD
CA00049182,2025-06-14,BR025,TLR-1210,C500419,cash withdrawal,-846.94,CAD
CA00045541,2025-06-21,BR006,TLR-7956,C503281,cash withdrawal,197761,CAD
CA00048931,2025-06-23,BR024,TLR-6015,C503395,cash deposit,1362.21,CAD
CA00047609,2025-06-01,BR016,TLR-9470,C502482,cash withdrawal,515.11,CAD
CA00046695,2025-06-25,BR012,TLR-8524,C501295,cash withdrawal,143924,CAD
CA00047596,2025-06-13,BR016,TLR-4825,C501617,cash withdrawal,225.82,CAD
CA00049804,2025-06-24,BR028,TLR-5696,C500628,cash deposit,1064.11,CAD
CA00048192,2025-06-05,BR019,TLR-1458,C500623,cash withdrawal,1069.53,CAD
CA00051762,2025-06-08,BR037,TLR-6459,C501533,cash deposit,654.7,CAD
CA00046362,2025-06-21,BR010,TLR-1819,C501460,cash withdrawal,1924.15,CAD
CA00048401,2025-06-04,BR020,TLR-6856,C501900,cash withdrawal,303.89,USD
CA00049291,2025-06-29,BR025,TLR-2521,C500596,cash deposit,407.31,CAD
CA00044378,2025-06-23,BR001,TLR-1470,C502672,cash withdrawal,1505.59,CAD
CA00047263,2025-06-22,BR015,TLR-3805,C500681,cash withdrawal,60389,CAD
CA00046794,2025-06-26,BR012,TLR-1100,C503048,cash deposit,408.4,CAD
CA00047935,2025-06-01,BR018,TLR-5088,C501145,cash deposit,2168.02,CAD
CA00048449,2025-06-14,BR021,TLR-5129,C503778,cash deposit,458.31,CAD
CA00045817,2025-06-08,BR007,TLR-6326,C503592,cash deposit,2211.38,CAD
CA00045651,2025-06-22,BR007,TLR-3538,C502422,cash deposit,72322,CAD
CA00050429,2025-06-30,BR031,TLR-3242,C500007,cash withdrawal,1618.19,CAD
CA00049554,2025-06-28,BR026,TLR-3277,C501488,cash deposit,563.82,CAD
CA00046722,2025-06-05,BR012,TLR-9542,C501525,cash deposit,2653.86,CAD
CA00046402,2025-06-02,BR010,TLR-4346,C500091,cash withdrawal,40073,CAD
CA00045631,2025-06-19,BR007,TLR-8272,C501640,cash withdrawal,1034.89,CAD
CA00048763,2025-06-18,BR023,TLR-4964,C501456,cash deposit,288388,CAD
CA00045560,2025-06-16,BR006,TLR-1083,C503475,cash withdrawal,1600.0,CAD
CA00047997,2025-06-01,BR019,TLR-9833,C501584,cash deposit,1332.31,CAD
CA00048747,2025-06-23,BR023,TLR-9786,C501908,cash deposit,1146.75,CAD
CA00049437,2025-06-26,BR026,TLR-9542,C503156,cash deposit,465.24,CAD
CA00044501,2025-06-30,BR001,TLR-1392,C502406,cash withdrawal,779.91,CAD
CA00047398,2025-06-19,BR015,TLR-1815,C500466,cash deposit,588.98,CAD
CA00052421,2025-06-26,BR040,TLR-6319,C502712,cash deposit,735.27,CAD
CA00044399,2025-06-01,BR001,TLR-7974,C500261,cash withdrawal,1633.86,CAD
CA00048559,2025-06-20,BR021,TLR-7471,C502945,cash deposit,2026.67,CAD
CA00047807,2025-06-27,BR017,TLR-2378,C500482,cash withdrawal,2728.55,CAD
CA00050555,2025-06-22,BR032,TLR-2776,C502778,cash withdrawal,691.38,CAD
CA00050646,2025-06-13,BR032,TLR-6589,C501104,cash deposit,447.41,CAD
CA00051146,2025-06-08,BR035,TLR-1175,C500147,cash deposit,226.96,CAD
CA00047165,2025-06-14,BR015,TLR-7630,C502549,cash deposit,1730.49,CAD
CA00052307,2025-06-10,BR040,TLR-2488,C502972,cash deposit,45977,CAD
CA00052698,2025-06-28,BR040,TLR-2975,C502046,cash withdrawal,451.26,CAD
CA00046689,2025-06-17,BR012,TLR-1453,C501151,cash deposit,35627,CAD
CA00052291,2025-06-11,BR039,TLR-3660,C503388,cash deposit,620.45,CAD
CA00052929,2025-06-03,BR040,TLR-2528,C501038,cash deposit,1088.32,CAD
CA00050138,2025-06-22,BR030,TLR-7835,C500701,cash withdrawal,1280.28,CAD
CA00044539,2025-06-28,BR001,TLR-4127,C500137,cash deposit,192.93,CAD
CA00051246,2025-06-28,BR035,TLR-5159,C500599,cash withdrawal,930.44,CAD
CA00044375,2025-06-01,BR001,TLR-5183,C500631,cash withdrawal,1384.18,CAD
CA00048296,2025-06-11,BR020,TLR-4241,C502128,cash withdrawal,418128,USD
CA00050841,2025-06-09,BR034,TLR-2792,C503068,cash withdrawal,881.45,CAD
CA00047522,2025-06-28,BR016,TLR-3687,C503062,cash withdrawal,1768.06,CAD
CA00045274,2025-06-20,BR004,TLR-9237,C502813,cash deposit,2889.61,CAD
CA00050643,2025-06-07,BR032,TLR-6652,C500853,cash withdrawal,845.15,CAD
CA00047576,2025-06-01,BR016,TLR-7053,C502789,cash withdrawal,1528.13,CAD
CA00051498,2025-06-22,BR036,TLR-7179,C500573,cash deposit,110362,CAD
CA00046671,2025-06-05,BR012,TLR-8772,C502293,cash withdrawal,2314.08,CAD
CA00048474,2025-06-25,BR021,TLR-9281,C503800,cash deposit,1692.8,CAD
CA00045543,2025-06-23,BR006,TLR-9994,C503223,cash withdrawal,1763.2,CAD
CA00046069,2025-06-26,BR008,TLR-4192,C502308,cash deposit,208.91,CAD
CA00050207,2025-06-26,BR030,TLR-5180,C501809,cash withdrawal,467.42,CAD
CA00050237,2025-06-06,BR030,TLR-5555,C502299,cash deposit,704.85,CAD
CA00050699,2025-06-17,BR033,TLR-4418,C503007,cash deposit,204653,CAD
CA00051952,2025-06-17,BR038,TLR-7336,C502609,cash withdrawal,3770.8,CAD
CA00049693,2025-06-30,BR027,TLR-8830,C500736,cash deposit,754.88,CAD
CA00052013,2025-06-30,BR038,TLR-6111,C502322,cash withdrawal,463.52,CAD
CA00046052,2025-06-14,BR008,TLR-9645,C503872,cash deposit,3052.81,CAD
CA00048435,2025-06-26,BR021,TLR-6763,C503809,cash deposit,637.87,CAD
CA00049943,2025-06-01,BR029,TLR-8652,C502458,cash withdrawal,1545.46,CAD
CA00044558,2025-06-09,BR001,TLR-4503,C500650,cash withdrawal,1275.96,CAD
CA00050457,2025-06-14,BR031,TLR-2829,C501943,cash deposit,2554.86,CAD
CA00051042,2025-06-28,BR035,TLR-7050,C503613,cash withdrawal,251241,CAD
CA00045298,2025-06-21,BR005,TLR-9435,C503753,cash withdrawal,267120,CAD
CA00047280,2025-06-02,BR015,TLR-3466,C502446,cash deposit,201.39,CAD
CA00045574,2025-06-07,BR006,TLR-9953,C500273,cash deposit,1306.59,CAD
CA00049413,2025-06-05,BR026,TLR-1072,C501265,cash withdrawal,-846.62,CAD
CA00049177,2025-06-26,BR025,TLR-5036,C503695,cash withdrawal,-1342.41,CAD
CA00050807,2025-06-14,BR033,TLR-8086,C502223,cash deposit,530.66,CAD
CA00045835,2025-06-12,BR007,TLR-1141,C501102,cash withdrawal,1103.26,CAD
CA00046044,2025-06-23,BR008,TLR-9530,C503258,cash deposit,1062.95,CAD
CA00053171,2025-06-14,BR040,TLR-1943,C503887,cash withdrawal,1612.67,CAD
CA00048688,2025-06-06,BR023,TLR-8551,C500257,cash deposit,4772.0,CAD
CA00045466,2025-06-14,BR006,TLR-2440,C503459,cash deposit,27706,CAD
CA00046731,2025-06-04,BR012,TLR-8289,C501728,cash deposit,858.62,CAD
CA00051231,2025-06-26,BR035,TLR-7593,C500872,cash deposit,665.58,CAD
CA00048853,2025-06-21,BR024,TLR-2358,C503746,cash deposit,1068.93,CAD
CA00048982,2025-06-21,BR024,TLR-2214,C502806,cash withdrawal,363.23,CAD
CA00044726,2025-06-05,BR002,TLR-8538,C500705,cash withdrawal,-772.28,CAD
CA00051668,2025-06-01,BR037,TLR-2206,C502756,cash deposit,1093.06,CAD
CA00049590,2025-06-25,BR027,TLR-7031,C501990,cash withdrawal,601.5,CAD
CA00050664,2025-06-24,BR032,TLR-8212,C500706,cash deposit,592.84,CAD
CA00046087,2025-06-12,BR008,TLR-8810,C501825,cash deposit,1366.19,CAD
CA00045452,2025-06-14,BR006,TLR-7821,C503171,cash deposit,603.82,CAD
CA00048060,2025-06-03,BR019,TLR-4717,C501915,cash deposit,1455.68,CAD
CA00050059,2025-06-20,BR030,TLR-5838,C500121,cash withdrawal,1757.92,CAD
CA00046747,2025-06-24,BR012,TLR-3929,C500267,cash deposit,1670.32,CAD
CA00044914,2025-06-26,BR003,TLR-3973,C500014,cash deposit,1728.33,CAD
CA00049556,2025-06-11,BR026,TLR-3231,C501898,cash withdrawal,-1348.78,CAD
CA00044514,2025-06-28,BR001,TLR-6870,C500910,cash deposit,4895.59,CAD
CA00046487,2025-06-09,BR010,TLR-3882,C502661,cash withdrawal,137669,CAD
CA00045660,2025-06-22,BR007,TLR-4800,C501436,cash deposit,590.77,CAD
CA00048370,2025-06-17,BR020,TLR-8296,C500440,cash deposit,1749.08,USD
CA00049817,2025-06-29,BR028,TLR-3585,C501131,cash withdrawal,670.25,CAD
CA00046766,2025-06-21,BR012,TLR-6538,C503316,cash deposit,216.33,CAD
CA00050734,2025-06-17,BR033,TLR-3211,C502910,cash deposit,1324.05,CAD
CA00049968,2025-06-01,BR029,TLR-4435,C503629,cash withdrawal,1549.96,CAD
CA00050568,2025-06-07,BR032,TLR-3533,C502316,cash withdrawal,620.51,CAD
CA00051226,2025-06-04,BR035,TLR-4548,C502910,cash withdrawal,1485.7,CAD
CA00046249,2025-06-03,BR009,TLR-4896,C501746,cash deposit,912.68,CAD
CA00047719,2025-06-23,BR017,TLR-6542,C502502,cash deposit,1572.96,CAD
CA00045978,2025-06-15,BR008,TLR-6597,C501647,cash withdrawal,407.68,CAD
CA00050042,2025-06-10,BR030,TLR-2868,C501277,cash deposit,482.1,CAD
CA00053104,2025-06-06,BR040,TLR-6446,C501402,cash withdrawal,937.19,CAD
CA00046948,2025-06-26,BR014,TLR-4745,C502359,cash deposit,1127.68,CAD
CA00051363,2025-06-15,BR036,TLR-7768,C501931,cash deposit,967.77,CAD
CA00049487,2025-06-19,BR026,TLR-9198,C500244,cash deposit,39410,CAD
CA00045052,2025-06-02,BR004,TLR-1207,C502935,cash deposit,766.03,CAD
CA00047926,2025-06-11,BR018,TLR-6771,C501709,cash withdrawal,876.61,CAD
CA00046387,2025-06-11,BR010,TLR-6366,C500682,cash withdrawal,155873,CAD
CA00044625,2025-06-19,BR002,TLR-1199,C500091,cash deposit,2825.77,CAD
CA00048018,2025-06-13,BR019,TLR-4402,C502611,cash withdrawal,816.04,CAD
CA00047008,2025-06-03,BR014,TLR-3779,C503454,cash deposit,1777.64,CAD
CA00052619,2025-06-16,BR040,TLR-1466,C501116,cash deposit,1275.16,CAD
CA00047496,2025-06-01,BR016,TLR-5777,C502809,cash withdrawal,112297,CAD
CA00044779,2025-06-28,BR002,TLR-8982,C503401,cash deposit,578.77,CAD
CA00046459,2025-06-28,BR010,TLR-5674,C503990,cash deposit,597.93,CAD
CA00050121,2025-06-21,BR030,TLR-8046,C501640,cash withdrawal,1168.27,CAD
CA00045755,2025-06-17,BR007,TLR-9007,C501682,cash deposit,2007.94,CAD
CA00044513,2025-06-22,BR001,TLR-7915,C501386,cash withdrawal,908.22,CAD
CA00051731,2025-06-02,BR037,TLR-5221,C503979,cash deposit,654.15,CAD
CA00051831,2025-06-24,BR037,TLR-4362,C502466,cash withdrawal,770.63,CAD
CA00046943,2025-06-16,BR014,TLR-4064,C502528,cash withdrawal,497.93,CAD
CA00048971,2025-06-28,BR024,TLR-5928,C500363,cash withdrawal,378.58,CAD
CA00051807,2025-06-23,BR037,TLR-5650,C501791,cash deposit,578.37,CAD
CA00052565,2025-06-05,BR040,TLR-1039,C501031,cash withdrawal,189437,CAD
CA00046563,2025-06-05,BR011,TLR-2936,C503625,cash withdrawal,726.97,CAD
CA00048292,2025-06-21,BR020,TLR-6409,C501093,cash deposit,417.33,USD
CA00052428,2025-06-09,BR040,TLR-2554,C500245,cash withdrawal,696.54,CAD
CA00051368,2025-06-21,BR036,TLR-1765,C500937,cash deposit,105931,CAD
CA00052726,2025-06-17,BR040,TLR-2604,C501598,cash deposit,409.29,CAD
CA00049031,2025-06-06,BR024,TLR-8067,C503499,cash deposit,542.04,CAD
CA00048792,2025-06-19,BR024,TLR-8301,C501366,cash deposit,2527.59,CAD
CA00050906,2025-06-28,BR034,TLR-8657,C501316,cash deposit,630.31,CAD
CA00052529,2025-06-12,BR040,TLR-5207,C502684,cash deposit,1598.26,CAD
CA00046108,2025-06-05,BR008,TLR-2156,C501966,cash deposit,350.55,CAD
CA00050691,2025-06-27,BR033,TLR-3429,C501641,cash deposit,687.25,CAD
CA00044637,2025-06-11,BR002,TLR-8763,C503858,cash deposit,1244.79,CAD
CA00051576,2025-06-09,BR036,TLR-1543,C502952,cash deposit,571.23,CAD
CA00046045,2025-06-28,BR008,TLR-5891,C501313,cash withdrawal,1952.33,CAD
CA00046140,2025-06-07,BR009,TLR-6634,C502738,cash withdrawal,1636.11,CAD
CA00052688,2025-06-16,BR040,TLR-8855,C503813,cash deposit,790.03,CAD
CA00048886,2025-06-16,BR024,TLR-6247,C503810,cash withdrawal,537.56,CAD
CA00045079,2025-06-08,BR004,TLR-9831,C500256,cash deposit,10136.59,CAD
CA00044360,2025-06-18,BR001,TLR-1007,C503483,cash deposit,1128.59,CAD
CA00048512,2025-06-15,BR021,TLR-4739,C501087,cash deposit,480.36,CAD
CA00046793,2025-06-27,BR012,TLR-3414,C503096,cash deposit,2342.91,CAD
CA00044646,2025-06-17,BR002,TLR-2966,C503850,cash withdrawal,-936.72,CAD
CA00045190,2025-06-15,BR004,TLR-5338,C501048,cash deposit,187659,CAD
CA00045700,2025-06-18,BR007,TLR-3377,C500678,cash deposit,1584.85,CAD
CA00045524,2025-06-07,BR006,TLR-1583,C502472,cash deposit,629.59,CAD
CA00049931,2025-06-12,BR029,TLR-5566,C502176,cash deposit,990.13,CAD
CA00052247,2025-06-06,BR039,TLR-1133,C500903,cash withdrawal,3915.54,CAD
CA00048251,2025-06-15,BR020,TLR-5466,C503195,cash deposit,1177.54,USD
CA00048705,2025-06-20,BR023,TLR-7567,C503268,cash deposit,1573.24,CAD
CA00049367,2025-06-25,BR026,TLR-9141,C501638,cash withdrawal,-2625.11,CAD
CA00052808,2025-06-06,BR040,TLR-1354,C503487,cash withdrawal,977.35,CAD
CA00046061,2025-06-15,BR008,TLR-3902,C501400,cash deposit,1389.29,CAD
CA00044818,2025-06-09,BR003,TLR-5424,C500377,cash deposit,2035.94,CAD
CA00052330,2025-06-05,BR040,TLR-1611,C501059,cash deposit,582.3,CAD
CA00044954,2025-06-07,BR003,TLR-8560,C500441,cash deposit,509.02,CAD
CA00044331,2025-06-15,BR001,TLR-2446,C502998,cash deposit,3413.65,CAD
CA00053009,2025-06-09,BR040,TLR-7035,C500708,cash withdrawal,817.54,CAD
CA00050635,2025-06-10,BR032,TLR-3796,C500370,cash withdrawal,1212.28,CAD
CA00051609,2025-06-04,BR036,TLR-7104,C503539,cash deposit,485.36,CAD
CA00048204,2025-06-01,BR019,TLR-6995,C502274,cash withdrawal,1214.31,CAD
CA00044584,2025-06-27,BR002,TLR-3284,C502589,cash withdrawal,-900.64,CAD
CA00049579,2025-06-24,BR027,TLR-5664,C503206,cash deposit,180949,CAD
CA00047741,2025-06-28,BR017,TLR-1433,C502720,cash withdrawal,3052.62,CAD
CA00050333,2025-06-08,BR031,TLR-6126,C501520,cash withdrawal,293.21,CAD
CA00047930,2025-06-04,BR018,TLR-8070,C502255,cash deposit,521.93,CAD
CA00052008,2025-06-13,BR038,TLR-5359,C501131,cash withdrawal,981.31,CAD
CA00045913,2025-06-02,BR008,TLR-9111,C500463,cash deposit,1227.44,CAD
CA00047937,2025-06-24,BR018,TLR-2845,C501646,cash withdrawal,845.96,CAD
CA00046251,2025-06-13,BR009,TLR-3539,C502684,cash deposit,621.73,CAD
CA00051855,2025-06-10,BR037,TLR-2903,C502316,cash withdrawal,1598.85,CAD
CA00046540,2025-06-18,BR011,TLR-3256,C500008,cash withdrawal,1039.64,CAD
CA00052982,2025-06-28,BR040,TLR-2882,C502893,cash withdrawal,1861.42,CAD
CA00046851,2025-06-18,BR013,TLR-5526,C501352,cash deposit,883.52,CAD
CA00052095,2025-06-22,BR038,TLR-1655,C502399,cash deposit,45012,CAD
CA00046617,2025-06-28,BR012,TLR-4231,C501339,cash withdrawal,2884.81,CAD
CA00047545,2025-06-01,BR016,TLR-6496,C500692,cash deposit,1778.64,CAD
CA00044380,2025-06-10,BR001,TLR-2764,C500374,cash deposit,689.14,CAD
CA00046415,2025-06-21,BR010,TLR-6725,C500945,cash withdrawal,342.26,CAD
CA00051068,2025-06-23,BR035,TLR-5506,C500289,cash withdrawal,426.43,CAD
CA00046092,2025-06-14,BR008,TLR-1694,C502342,cash withdrawal,669.78,CAD
CA00045926,2025-06-07,BR008,TLR-3010,C501988,cash deposit,1631.66,CAD
CA00048502,2025-06-02,BR021,TLR-5141,C501933,cash deposit,42882,CAD
CA00052600,2025-06-23,BR040,TLR-3475,C500947,cash withdrawal,1356.83,CAD
CA00049259,2025-06-12,BR025,TLR-4163,C503770,cash withdrawal,-1372.73,CAD
CA00044355,2025-06-17,BR001,TLR-3579,C500946,cash deposit,1010.78,CAD
CA00048234,2025-06-15,BR020,TLR-5121,C503733,cash deposit,3429.55,USD
CA00046599,2025-06-20,BR012,TLR-9671,C503995,cash withdrawal,856.46,CAD
CA00047946,2025-06-19,BR018,TLR-3185,C502341,cash deposit,1105.08,CAD
CA00049754,2025-06-06,BR027,TLR-4406,C501936,cash deposit,9755.33,CAD
CA00044915,2025-06-12,BR003,TLR-4218,C503187,cash deposit,1340.5,CAD
CA00045899,2025-06-27,BR008,TLR-3693,C502337,cash withdrawal,610.28,CAD
CA00046078,2025-06-01,BR008,TLR-8584,C502801,cash deposit,587.03,CAD
CA00047458,2025-06-26,BR016,TLR-2207,C503234,cash deposit,2646.9,CAD
CA00048515,2025-06-19,BR021,TLR-9939,C500788,cash deposit,1275.45,CAD
CA00050374,2025-06-10,BR031,TLR-5645,C503460,cash deposit,1485.39,CAD
CA00050117,2025-06-16,BR030,TLR-9308,C500682,cash withdrawal,988.63,CAD
CA00049014,2025-06-02,BR024,TLR-5510,C503390,cash withdrawal,28696,CAD
CA00048310,2025-06-28,BR020,TLR-4410,C502658,cash withdrawal,854.28,USD
CA00049611,2025-06-08,BR027,TLR-1820,C502773,cash deposit,412.07,CAD
CA00051797,2025-06-08,BR037,TLR-8770,C500634,cash deposit,1418.81,CAD
CA00049747,2025-06-16,BR027,TLR-6339,C502180,cash deposit,2329.69,CAD
CA00048302,2025-06-24,BR020,TLR-4883,C503038,cash withdrawal,41405,USD
CA00051479,2025-06-10,BR036,TLR-6765,C500499,cash withdrawal,1642.6,CAD
CA00048277,2025-06-21,BR020,TLR-8796,C501138,cash deposit,692.16,USD
CA00047922,2025-06-26,BR018,TLR-3932,C503784,cash withdrawal,981.74,CAD
CA00044662,2025-06-29,BR002,TLR-6510,C501196,cash withdrawal,-1778.23,CAD
CA00047314,2025-06-29,BR015,TLR-2114,C502025,cash deposit,655.09,CAD
CA00044777,2025-06-06,BR002,TLR-6716,C500380,cash withdrawal,-642.97,CAD
CA00051780,2025-06-03,BR037,TLR-8950,C503568,cash deposit,645.23,CAD
CA00045746,2025-06-25,BR007,TLR-7101,C502792,cash deposit,4492.57,CAD
CA00048117,2025-06-18,BR019,TLR-9560,C500847,cash deposit,27526,CAD
CA00053179,2025-06-02,BR040,TLR-4552,C503894,cash withdrawal,85486,CAD
CA00044987,2025-06-21,BR003,TLR-4200,C500380,cash withdrawal,2298.26,CAD
CA00047590,2025-06-05,BR016,TLR-2498,C502057,cash withdrawal,1012.9,CAD
CA00047587,2025-06-01,BR016,TLR-8595,C501763,cash deposit,1019.15,CAD
CA00047891,2025-06-23,BR018,TLR-4752,C500300,cash deposit,4167.87,CAD
CA00049443,2025-06-20,BR026,TLR-1205,C500001,cash deposit,52829,CAD
CA00052767,2025-06-18,BR040,TLR-8478,C503883,cash withdrawal,1041.23,CAD
CA00044593,2025-06-20,BR002,TLR-9622,C503252,cash withdrawal,-2988.28,CAD
CA00050099,2025-06-28,BR030,TLR-3300,C501683,cash withdrawal,1020.25,CAD
CA00051896,2025-06-19,BR038,TLR-9520,C502502,cash withdrawal,32516,CAD
CA00051852,2025-06-05,BR037,TLR-4580,C500339,cash withdrawal,290.99,CAD
CA00052235,2025-06-28,BR039,TLR-2610,C503152,cash withdrawal,1239.81,CAD
CA00045231,2025-06-02,BR004,TLR-1275,C503358,cash withdrawal,212387,CAD
CA00044469,2025-06-02,BR001,TLR-6710,C501101,cash deposit,2088.99,CAD
CA00048734,2025-06-13,BR023,TLR-8167,C500745,cash deposit,326.11,CAD
CA00045049,2025-06-12,BR004,TLR-3013,C500062,cash withdrawal,596.46,CAD
CA00044682,2025-06-16,BR002,TLR-9417,C502921,cash withdrawal,-4293.34,CAD
CA00048548,2025-06-30,BR021,TLR-8782,C500066,cash withdrawal,583.78,CAD
CA00045445,2025-06-01,BR006,TLR-5676,C502320,cash deposit,2020.98,CAD
CA00047395,2025-06-02,BR015,TLR-5992,C502222,cash withdrawal,1588.23,CAD
CA00050927,2025-06-28,BR034,TLR-6421,C503273,cash deposit,1294.98,CAD
CA00049594,2025-06-01,BR027,TLR-3421,C501577,cash deposit,393.45,CAD
CA00049716,2025-06-04,BR027,TLR-4459,C500896,cash deposit,94612,CAD
CA00044810,2025-06-02,BR003,TLR-1009,C500604,cash withdrawal,310.79,CAD
CA00049831,2025-06-09,BR028,TLR-1722,C501735,cash deposit,1200.97,CAD
CA00044311,2025-06-05,BR001,TLR-1870,C502359,cash withdrawal,1168.28,CAD
CA00052455,2025-06-15,BR040,TLR-6178,C500749,cash withdrawal,262.68,CAD
CA00045233,2025-06-05,BR004,TLR-9625,C501558,cash withdrawal,646.01,CAD
CA00045739,2025-06-20,BR007,TLR-4940,C500848,cash deposit,1103.88,CAD
CA00049827,2025-06-03,BR028,TLR-5125,C501985,cash withdrawal,920.32,CAD
CA00051858,2025-06-12,BR037,TLR-1371,C502762,cash withdrawal,2996.92,CAD
CA00044998,2025-06-02,BR003,TLR-1660,C500891,cash deposit,501740,CAD
CA00049896,2025-06-27,BR029,TLR-4617,C501201,cash withdrawal,1878.68,CAD
CA00049524,2025-06-07,BR026,TLR-6707,C503778,cash deposit,906.75,CAD
CA00045797,2025-06-07,BR007,TLR-3198,C502240,cash deposit,798.94,CAD
CA00047855,2025-06-22,BR018,TLR-9841,C500512,cash deposit,769.47,CAD
CA00051453,2025-06-01,BR036,TLR-4353,C500046,cash deposit,1989.51,CAD
CA00046100,2025-06-11,BR008,TLR-1297,C503242,cash withdrawal,737.58,CAD
CA00051723,2025-06-26,BR037,TLR-5661,C503463,cash withdrawal,789.62,CAD
CA00047731,2025-06-05,BR017,TLR-4062,C503289,cash withdrawal,391.54,CAD
CA00052220,2025-06-27,BR039,TLR-9742,C500673,cash withdrawal,986.84,CAD
CA00050521,2025-06-23,BR031,TLR-3052,C500740,cash withdrawal,193608,CAD
CA00046250,2025-06-20,BR009,TLR-2532,C503466,cash deposit,683.47,CAD
CA00047275,2025-06-21,BR015,TLR-6871,C500519,cash withdrawal,161828,CAD
CA00050026,2025-06-12,BR030,TLR-8356,C501026,cash deposit,1630.02,CAD
CA00047987,2025-06-13,BR019,TLR-2061,C501388,cash deposit,330.52,CAD
CA00049725,2025-06-04,BR027,TLR-6314,C500889,cash withdrawal,1422.96,CAD
CA00044745,2025-06-30,BR002,TLR-5092,C502916,cash deposit,1149.22,CAD
CA00052012,2025-06-26,BR038,TLR-7137,C500320,cash deposit,678.09,CAD
CA00046405,2025-06-26,BR010,TLR-9294,C503632,cash withdrawal,1994.34,CAD
CA00052718,2025-06-14,BR040,TLR-8762,C503614,cash withdrawal,358.61,CAD
CA00044603,2025-06-12,BR002,TLR-7852,C503518,cash deposit,897.87,CAD
CA00049290,2025-06-02,BR025,TLR-2117,C502337,cash withdrawal,-2465.34,CAD
CA00052608,2025-06-10,BR040,TLR-6263,C500079,cash withdrawal,2363.15,CAD
CA00051352,2025-06-07,BR036,TLR-3179,C501730,cash withdrawal,1223.04,CAD
CA00052842,2025-06-22,BR040,TLR-9942,C502863,cash withdrawal,1096.08,CAD
CA00049845,2025-06-01,BR028,TLR-8955,C503450,cash deposit,1922.92,CAD
CA00049533,2025-06-14,BR026,TLR-4037,C501203,cash withdrawal,-584.85,CAD
CA00051362,2025-06-08,BR036,TLR-4574,C503568,cash withdrawal,80508,CAD
CA00048103,2025-06-11,BR019,TLR-1442,C500246,cash withdrawal,651.49,CAD
CA00048411,2025-06-20,BR020,TLR-2595,C503523,cash deposit,47667,USD
CA00051614,2025-06-14,BR037,TLR-4532,C500721,cash withdrawal,2479.7,CAD
CA00052899,2025-06-12,BR040,TLR-6353,C502536,cash withdrawal,1216.9,CAD
CA00047408,2025-06-18,BR015,TLR-1761,C502565,cash deposit,564.76,CAD
CA00046286,2025-06-11,BR009,TLR-3524,C500516,cash deposit,2897.44,CAD
CA00052153,2025-06-15,BR039,TLR-5516,C500396,cash deposit,437.42,CAD
CA00046953,2025-06-18,BR014,TLR-6568,C503244,cash withdrawal,451.04,CAD
CA00052709,2025-06-30,BR040,TLR-1731,C501894,cash withdrawal,612.77,CAD
CA00052691,2025-06-18,BR040,TLR-8197,C503647,cash deposit,2103.47,CAD
CA00052867,2025-06-07,BR040,TLR-3508,C503155,cash deposit,841.81,CAD
CA00045477,2025-06-05,BR006,TLR-9846,C500430,cash withdrawal,233902,CAD
CA00045263,2025-06-10,BR004,TLR-2401,C502722,cash withdrawal,1886.89,CAD
CA00049690,2025-06-12,BR027,TLR-4519,C502317,cash withdrawal,1940.47,CAD
CA00052936,2025-06-03,BR040,TLR-4499,C501934,cash deposit,823.16,CAD
CA00045166,2025-06-08,BR004,TLR-6432,C501052,cash deposit,1140.58,CAD
CA00048046,2025-06-19,BR019,TLR-6045,C503368,cash deposit,991.25,CAD
CA00050830,2025-06-05,BR033,TLR-7766,C501911,cash deposit,1267.43,CAD
CA00050999,2025-06-15,BR034,TLR-8609,C500851,cash withdrawal,592.14,CAD
CA00046344,2025-06-07,BR010,TLR-3601,C500330,cash deposit,319.65,CAD
CA00046859,2025-06-09,BR013,TLR-4361,C503809,cash deposit,932.69,CAD
CA00047707,2025-06-25,BR017,TLR-7406,C500317,cash withdrawal,333.16,CAD
CA00044409,2025-06-12,BR001,TLR-2209,C503748,cash deposit,1233.43,CAD
CA00052853,2025-06-25,BR040,TLR-8109,C500479,cash deposit,560.36,CAD
CA00050292,2025-06-17,BR030,TLR-7551,C500101,cash deposit,387.04,CAD
CA00046022,2025-06-10,BR008,TLR-4020,C500396,cash withdrawal,477.49,CAD
CA00047910,2025-06-14,BR018,TLR-8893,C503548,cash deposit,1787.33,CAD
CA00044615,2025-06-20,BR002,TLR-4930,C501296,cash deposit,2209.08,CAD
CA00044886,2025-06-29,BR003,TLR-1531,C502069,cash withdrawal,969.6,CAD
CA00049537,2025-06-03,BR026,TLR-3381,C502070,cash withdrawal,-1825.78,CAD
CA00045240,2025-06-02,BR004,TLR-6521,C502245,cash withdrawal,566.14,CAD
CA00044928,2025-06-21,BR003,TLR-8194,C500087,cash deposit,552.07,CAD
CA00044493,2025-06-14,BR001,TLR-3908,C500562,cash withdrawal,780.77,CAD
CA00052562,2025-06-09,BR040,TLR-2316,C501610,cash deposit,1309.63,CAD
CA00049938,2025-06-09,BR029,TLR-8192,C501796,cash deposit,383.52,CAD
CA00045695,2025-06-05,BR007,TLR-4671,C500693,cash withdrawal,1201.13,CAD
CA00051812,2025-06-28,BR037,TLR-8881,C502910,cash withdrawal,921.12,CAD
CA00047923,2025-06-29,BR018,TLR-8398,C503675,cash withdrawal,937.1,CAD
CA00052358,2025-06-26,BR040,TLR-4452,C502142,cash withdrawal,1246.15,CAD
CA00047043,2025-06-15,BR014,TLR-9074,C500184,cash deposit,945.63,CAD
CA00053164,2025-06-04,BR040,TLR-5714,C503090,cash deposit,534.25,CAD
CA00051631,2025-06-13,BR037,TLR-5601,C500634,cash withdrawal,571.53,CAD
CA00045848,2025-06-04,BR008,TLR-9827,C503951,cash deposit,509.17,CAD
CA00052128,2025-06-20,BR039,TLR-2897,C500722,cash withdrawal,2523.51,CAD
CA00049174,2025-06-01,BR025,TLR-6928,C501070,cash withdrawal,-1080.48,CAD
CA00052088,2025-06-26,BR038,TLR-8269,C501035,cash withdrawal,2119.71,CAD
CA00052290,2025-06-16,BR039,TLR-1848,C502994,cash deposit,489.72,CAD
CA00048405,2025-06-29,BR020,TLR-1715,C501057,cash withdrawal,438.12,USD
CA00047640,2025-06-27,BR017,TLR-7712,C500519,cash deposit,26665,CAD
CA00047710,2025-06-26,BR017,TLR-6378,C501079,cash withdrawal,1979.92,CAD
CA00046579,2025-06-07,BR012,TLR-6001,C503878,cash deposit,183017,CAD
CA00048031,2025-06-20,BR019,TLR-5968,C502280,cash deposit,1139.07,CAD
CA00052743,2025-06-15,BR040,TLR-3571,C500335,cash deposit,3160.91,CAD
CA00045762,2025-06-18,BR007,TLR-3846,C502422,cash withdrawal,442.3,CAD
CA00051786,2025-06-06,BR037,TLR-8389,C503357,cash deposit,2407.56,CAD
CA00049849,2025-06-26,BR028,TLR-1107,C501224,cash deposit,551.39,CAD
CA00046820,2025-06-06,BR013,TLR-3472,C500664,cash withdrawal,652.17,CAD
CA00049010,2025-06-09,BR024,TLR-8061,C501153,cash withdrawal,711.94,CAD
CA00047537,2025-06-24,BR016,TLR-1888,C503997,cash withdrawal,1053.49,CAD
CA00048412,2025-06-25,BR020,TLR-2439,C503260,cash deposit,1099.11,USD
CA00045173,2025-06-06,BR004,TLR-7389,C502663,cash withdrawal,738.07,CAD
CA00045248,2025-06-03,BR004,TLR-3014,C502381,cash deposit,358847,CAD
CA00052275,2025-06-01,BR039,TLR-6006,C500228,cash deposit,75118,CAD
CA00048600,2025-06-16,BR021,TLR-9163,C501112,cash withdrawal,293694,CAD
CA00050598,2025-06-10,BR032,TLR-2411,C503008,cash withdrawal,4138.87,CAD
CA00050231,2025-06-08,BR030,TLR-2576,C502253,cash deposit,1485.72,CAD
CA00046280,2025-06-25,BR009,TLR-1928,C501707,cash withdrawal,1132.61,CAD
CA00048346,2025-06-23,BR020,TLR-3789,C501264,cash withdrawal,1296.98,USD
CA00049081,2025-06-11,BR024,TLR-3745,C501202,cash deposit,1494.83,CAD
CA00048772,2025-06-14,BR023,TLR-1191,C503549,cash deposit,1202.21,CAD
CA00050341,2025-06-06,BR031,TLR-3047,C502496,cash withdrawal,471.15,CAD
CA00050238,2025-06-08,BR030,TLR-1543,C503377,cash deposit,524.18,CAD
CA00045211,2025-06-05,BR004,TLR-9435,C500326,cash deposit,156121,CAD
CA00052409,2025-06-02,BR040,TLR-7641,C502592,cash withdrawal,1040.35,CAD
CA00052004,2025-06-16,BR038,TLR-8164,C500147,cash withdrawal,1788.99,CAD
CA00050762,2025-06-17,BR033,TLR-2811,C500599,cash withdrawal,899.86,CAD
CA00051214,2025-06-20,BR035,TLR-5606,C500366,cash withdrawal,867.46,CAD
CA00047035,2025-06-29,BR014,TLR-5632,C502635,cash withdrawal,168600,CAD
CA00046036,2025-06-24,BR008,TLR-1957,C503971,cash withdrawal,665.66,CAD
CA00049663,2025-06-08,BR027,TLR-1670,C502807,cash withdrawal,2701.66,CAD
CA00047113,2025-06-02,BR014,TLR-7027,C501657,cash deposit,1799.72,CAD
CA00052746,2025-06-10,BR040,TLR-2944,C503426,cash deposit,532.73,CAD
CA00052060,2025-06-24,BR038,TLR-2966,C503597,cash withdrawal,1952.49,CAD
CA00050579,2025-06-08,BR032,TLR-7679,C501396,cash withdrawal,2509.26,CAD
CA00048239,2025-06-15,BR020,TLR-9674,C500529,cash deposit,378.22,USD
CA00050790,2025-06-22,BR033,TLR-5419,C501183,cash deposit,3211.78,CAD
CA00051699,2025-06-20,BR037,TLR-6921,C501058,cash deposit,1179.43,CAD
CA00047388,2025-06-17,BR015,TLR-2032,C503455,cash withdrawal,998.29,CAD
CA00052126,2025-06-10,BR039,TLR-4122,C503219,cash withdrawal,33810,CAD
CA00046750,2025-06-08,BR012,TLR-5509,C503494,cash deposit,615.03,CAD
CA00049723,2025-06-06,BR027,TLR-4787,C502419,cash withdrawal,1519.28,CAD
CA00052238,2025-06-04,BR039,TLR-4199,C502918,cash withdrawal,30737,CAD
CA00047882,2025-06-11,BR018,TLR-6127,C501410,cash deposit,501.21,CAD
CA00050789,2025-06-08,BR033,TLR-9085,C500535,cash withdrawal,949.95,CAD
CA00050577,2025-06-19,BR032,TLR-8316,C501218,cash deposit,551.34,CAD
CA00047110,2025-06-05,BR014,TLR-6402,C502240,cash withdrawal,2512.61,CAD
CA00052976,2025-06-21,BR040,TLR-5819,C503131,cash deposit,701.56,CAD
CA00045795,2025-06-07,BR007,TLR-3876,C502382,cash withdrawal,762.79,CAD
CA00050175,2025-06-08,BR030,TLR-5559,C501082,cash deposit,1802.39,CAD
CA00050123,2025-06-15,BR030,TLR-6616,C502795,cash withdrawal,1373.34,CAD
CA00047513,2025-06-05,BR016,TLR-2846,C500789,cash deposit,375.89,CAD
CA00049400,2025-06-09,BR026,TLR-1157,C501838,cash deposit,1327.28,CAD
CA00044612,2025-06-02,BR002,TLR-8801,C501712,cash deposit,47944,CAD
CA00049439,2025-06-08,BR026,TLR-2305,C500869,cash withdrawal,-536.92,CAD
CA00045838,2025-06-17,BR007,TLR-8874,C501305,cash withdrawal,1131.82,CAD
CA00045206,2025-06-05,BR004,TLR-7422,C501359,cash withdrawal,773260,CAD
CA00048023,2025-06-19,BR019,TLR-2455,C500255,cash withdrawal,909.48,CAD
CA00052536,2025-06-04,BR040,TLR-6181,C501841,cash deposit,1661.48,CAD
CA00050782,2025-06-23,BR033,TLR-7128,C502486,cash withdrawal,1333.72,CAD
CA00046913,2025-06-14,BR014,TLR-2412,C502202,cash withdrawal,2123.87,CAD
CA00052741,2025-06-14,BR040,TLR-5580,C500333,cash deposit,205294,CAD
CA00051350,2025-06-12,BR036,TLR-7787,C503207,cash deposit,873.26,CAD
CA00050928,2025-06-08,BR034,TLR-4782,C501310,cash withdrawal,1408.9,CAD
CA00049615,2025-06-29,BR027,TLR-5619,C502793,cash withdrawal,1032.9,CAD
CA00048666,2025-06-03,BR022,TLR-4817,C502060,cash deposit,56122,CAD
CA00051779,2025-06-06,BR037,TLR-3797,C502973,cash withdrawal,497.8,CAD
CA00052846,2025-06-26,BR040,TLR-6374,C500466,cash withdrawal,1054.3,CAD
CA00049275,2025-06-15,BR025,TLR-9628,C500194,cash withdrawal,-608.22,CAD
CA00047222,2025-06-13,BR015,TLR-1004,C503092,cash deposit,1358.27,CAD
CA00050255,2025-06-16,BR030,TLR-9911,C503349,cash deposit,987.1,CAD
CA00051490,2025-06-22,BR036,TLR-8467,C500937,cash withdrawal,1078.69,CAD
CA00045174,2025-06-17,BR004,TLR-1024,C503762,cash deposit,935.46,CAD
CA00053022,2025-06-25,BR040,TLR-3062,C501916,cash withdrawal,1990.02,CAD
CA00044934,2025-06-27,BR003,TLR-5912,C501572,cash deposit,32609,CAD
CA00044763,2025-06-21,BR002,TLR-2947,C500415,cash deposit,533.16,CAD
CA00050912,2025-06-21,BR034,TLR-2401,C503197,cash deposit,804.92,CAD
CA00047368,2025-06-03,BR015,TLR-1693,C503440,cash withdrawal,39550,CAD
CA00045259,2025-06-28,BR004,TLR-9898,C503366,cash withdrawal,899.61,CAD
CA00045777,2025-06-17,BR007,TLR-9577,C501947,cash deposit,2276.35,CAD
CA00047957,2025-06-16,BR018,TLR-4223,C503319,cash withdrawal,1452.48,CAD
CA00047577,2025-06-03,BR016,TLR-8566,C501982,cash deposit,365.99,CAD
CA00053266,2025-06-07,BR040,TLR-2998,C502009,cash withdrawal,930.16,CAD
CA00044746,2025-06-04,BR002,TLR-1829,C501898,cash withdrawal,-1575.84,CAD
CA00050066,2025-06-24,BR030,TLR-8362,C501788,cash withdrawal,1031.87,CAD
CA00052136,2025-06-16,BR039,TLR-8029,C500924,cash deposit,700.17,CAD
CA00045109,2025-06-04,BR004,TLR-2173,C501062,cash deposit,369.23,CAD
CA00052450,2025-06-16,BR040,TLR-5924,C502337,cash deposit,610.72,CAD
CA00045664,2025-06-04,BR007,TLR-4078,C503748,cash deposit,823.68,CAD
CA00046027,2025-06-16,BR008,TLR-2993,C503477,cash deposit,425.32,CAD
CA00047052,2025-06-03,BR014,TLR-2799,C502257,cash withdrawal,2683.74,CAD
CA00046858,2025-06-15,BR013,TLR-5868,C503750,cash deposit,462.6,CAD
CA00049530,2025-06-18,BR026,TLR-8116,C500951,cash withdrawal,-241.05,CAD
CA00044563,2025-06-25,BR002,TLR-8267,C502040,cash withdrawal,-5921.4,CAD
CA00051294,2025-06-27,BR036,TLR-3774,C503343,cash deposit,538.64,CAD
CA00050168,2025-06-06,BR030,TLR-9662,C502042,cash withdrawal,4044.27,CAD
CA00044587,2025-06-11,BR002,TLR-4331,C502717,cash deposit,1045.1,CAD
CA00052759,2025-06-11,BR040,TLR-8564,C501339,cash withdrawal,1456.65,CAD
CA00046622,2025-06-19,BR012,TLR-5718,C503299,cash deposit,1450.78,CAD
CA00045862,2025-06-01,BR008,TLR-7825,C503466,cash deposit,266.28,CAD
CA00044303,2025-06-27,BR001,TLR-7728,C501675,cash withdrawal,2192.16,CAD
CA00049032,2025-06-30,BR024,TLR-4786,C500802,cash withdrawal,71295,CAD
CA00049882,2025-06-06,BR028,TLR-8672,C501280,cash deposit,464.48,CAD
CA00045207,2025-06-17,BR004,TLR-5122,C502328,cash withdrawal,1085.41,CAD
CA00050365,2025-06-21,BR031,TLR-2887,C500510,cash withdrawal,2603.52,CAD
CA00047066,2025-06-08,BR014,TLR-3607,C503433,cash deposit,870.35,CAD
CA00048873,2025-06-30,BR024,TLR-4159,C501910,cash deposit,2382.95,CAD
CA00047055,2025-06-14,BR014,TLR-8906,C502019,cash withdrawal,2808.89,CAD
CA00044329,2025-06-17,BR001,TLR-9492,C501089,cash withdrawal,419.04,CAD
CA00052790,2025-06-16,BR040,TLR-2444,C500100,cash withdrawal,663.72,CAD
CA00049200,2025-06-08,BR025,TLR-6240,C502357,cash withdrawal,-379.48,CAD
CA00045679,2025-06-03,BR007,TLR-6790,C502950,cash deposit,410.47,CAD
CA00051914,2025-06-26,BR038,TLR-5016,C502693,cash withdrawal,183.14,CAD
CA00045217,2025-06-04,BR004,TLR-2416,C501888,cash deposit,2459.13,CAD
CA00051715,2025-06-01,BR037,TLR-9016,C501020,cash deposit,168.69,CAD
CA00046238,2025-06-12,BR009,TLR-5097,C502342,cash deposit,290.0,CAD
CA00051348,2025-06-17,BR036,TLR-3624,C503607,cash withdrawal,304.97,CAD
CA00047127,2025-06-18,BR015,TLR-8027,C502606,cash deposit,73721,CAD
CA00046343,2025-06-24,BR010,TLR-3827,C503877,cash withdrawal,427.36,CAD
CA00048032,2025-06-25,BR019,TLR-4827,C500286,cash deposit,3998.65,CAD
CA00046880,2025-06-19,BR013,TLR-4026,C501922,cash withdrawal,219.68,CAD
CA00046734,2025-06-21,BR012,TLR-1970,C503635,cash deposit,11835,CAD
CA00044768,2025-06-17,BR002,TLR-5677,C503522,cash withdrawal,-79212,CAD
CA00044789,2025-06-21,BR003,TLR-5891,C502652,cash deposit,709.51,CAD
CA00046857,2025-06-26,BR013,TLR-1691,C503699,cash deposit,58030,CAD
CA00045416,2025-06-15,BR006,TLR-2983,C502365,cash withdrawal,140036,CAD
CA00046171,2025-06-10,BR009,TLR-6041,C503226,cash deposit,1480.75,CAD
CA00052539,2025-06-26,BR040,TLR-2344,C503746,cash deposit,1409.15,CAD
CA00052750,2025-06-12,BR040,TLR-6754,C502779,cash deposit,2932.33,CAD
CA00051630,2025-06-28,BR037,TLR-3203,C503247,cash withdrawal,94471,CAD
CA00048953,2025-06-23,BR024,TLR-9164,C503499,cash deposit,1094.29,CAD
CA00050732,2025-06-24,BR033,TLR-5296,C500794,cash deposit,468.04,CAD
CA00046581,2025-06-30,BR012,TLR-9396,C502863,cash withdrawal,35141,CAD
CA00052753,2025-06-19,BR040,TLR-8293,C503688,cash withdrawal,1014.02,CAD
CA00051562,2025-06-02,BR036,TLR-5420,C503070,cash deposit,1818.97,CAD
CA00047622,2025-06-21,BR017,TLR-1857,C503689,cash deposit,2524.05,CAD
CA00044319,2025-06-21,BR001,TLR-6584,C503808,cash deposit,467.83,CAD
CA00045722,2025-06-19,BR007,TLR-3672,C502010,cash deposit,1248.96,CAD
CA00047456,2025-06-03,BR016,TLR-2135,C503524,cash withdrawal,242.84,CAD
CA00044644,2025-06-23,BR002,TLR-3944,C500839,cash withdrawal,-76486,CAD
CA00048440,2025-06-15,BR021,TLR-8527,C501371,cash withdrawal,627.02,CAD
CA00047692,2025-06-28,BR017,TLR-1288,C500140,cash withdrawal,1976.31,CAD
CA00049526,2025-06-18,BR026,TLR-5016,C500963,cash withdrawal,-804.31,CAD
CA00047505,2025-06-08,BR016,TLR-2792,C502779,cash withdrawal,987.39,CAD
CA00052592,2025-06-23,BR040,TLR-9879,C503019,cash withdrawal,1061.83,CAD
CA00049378,2025-06-17,BR026,TLR-5695,C500949,cash deposit,480.25,CAD
CA00045728,2025-06-30,BR007,TLR-1676,C503151,cash deposit,278963,CAD
CA00050204,2025-06-14,BR030,TLR-4270,C502002,cash withdrawal,1133.44,CAD
CA00052135,2025-06-29,BR039,TLR-6435,C502223,cash deposit,213602,CAD
CA00045741,2025-06-15,BR007,TLR-1539,C500442,cash deposit,1037.71,CAD
CA00046539,2025-06-17,BR011,TLR-5767,C501548,cash deposit,1377.86,CAD
CA00046134,2025-06-09,BR009,TLR-6029,C502384,cash withdrawal,704.97,CAD
CA00047602,2025-06-17,BR016,TLR-6285,C501349,cash deposit,1025.16,CAD
CA00049410,2025-06-29,BR026,TLR-4147,C500498,cash withdrawal,-2026.94,CAD
CA00048332,2025-06-08,BR020,TLR-8787,C503606,cash deposit,346.56,USD
CA00051129,2025-06-07,BR035,TLR-4078,C501799,cash deposit,393.78,CAD
CA00046727,2025-06-21,BR012,TLR-7674,C503887,cash withdrawal,1671.71,CAD
CA00047000,2025-06-02,BR014,TLR-4400,C502749,cash deposit,352878,CAD
CA00047216,2025-06-02,BR015,TLR-2301,C502350,cash withdrawal,1068.97,CAD
CA00052083,2025-06-23,BR038,TLR-8800,C500030,cash withdrawal,55542,CAD
CA00046696,2025-06-15,BR012,TLR-9440,C501811,cash withdrawal,7937.21,CAD
CA00045794,2025-06-14,BR007,TLR-8618,C503441,cash withdrawal,382.23,CAD
CA00047686,2025-06-11,BR017,TLR-8245,C503746,cash withdrawal,1385.84,CAD
CA00048665,2025-06-15,BR022,TLR-1537,C503415,cash deposit,2193.75,CAD
CA00047115,2025-06-29,BR014,TLR-3473,C501107,cash deposit,134951,CAD
CA00044663,2025-06-25,BR002,TLR-1269,C502294,cash deposit,943.09,CAD
CA00047362,2025-06-12,BR015,TLR-4996,C502779,cash withdrawal,237.41,CAD
CA00049206,2025-06-30,BR025,TLR-4443,C502425,cash withdrawal,-55753,CAD
CA00046270,2025-06-11,BR009,TLR-2614,C500500,cash deposit,875.8,CAD
CA00045150,2025-06-04,BR004,TLR-4801,C503516,cash withdrawal,1244.06,CAD
CA00047611,2025-06-28,BR016,TLR-3500,C501580,cash withdrawal,1102.68,CAD
CA00049678,2025-06-23,BR027,TLR-1201,C502241,cash withdrawal,632.0,CAD
CA00050301,2025-06-27,BR030,TLR-3121,C501116,cash withdrawal,794.03,CAD
CA00051345,2025-06-13,BR036,TLR-6978,C501767,cash deposit,863.48,CAD
CA00047961,2025-06-15,BR018,TLR-4342,C500552,cash deposit,569.0,CAD
CA00048194,2025-06-18,BR019,TLR-8209,C500003,cash deposit,451.33,CAD
CA00052947,2025-06-14,BR040,TLR-1943,C502761,cash deposit,1042.71,CAD
CA00049989,2025-06-23,BR029,TLR-9536,C500260,cash withdrawal,2068.9,CAD
CA00049445,2025-06-17,BR026,TLR-9916,C503195,cash withdrawal,-2720.62,CAD
CA00047309,2025-06-16,BR015,TLR-2174,C500380,cash deposit,472.6,CAD
CA00047674,2025-06-02,BR017,TLR-5361,C502768,cash withdrawal,1796.6,CAD
CA00052609,2025-06-12,BR040,TLR-3699,C501690,cash deposit,683.01,CAD
CA00050746,2025-06-30,BR033,TLR-6751,C500504,cash deposit,487.8,CAD
CA00046502,2025-06-02,BR010,TLR-3860,C503995,cash deposit,516882,CAD
CA00051671,2025-06-03,BR037,TLR-9670,C501354,cash deposit,687.79,CAD
CA00050716,2025-06-11,BR033,TLR-5914,C503087,cash deposit,1814.03,CAD
CA00051383,2025-06-27,BR036,TLR-5310,C500186,cash withdrawal,1429.51,CAD
CA00044594,2025-06-24,BR002,TLR-9810,C502147,cash deposit,959.12,CAD
CA00049025,2025-06-06,BR024,TLR-2699,C502606,cash withdrawal,867.1,CAD
CA00046937,2025-06-23,BR014,TLR-3605,C502322,cash withdrawal,1851.18,CAD
CA00048027,2025-06-13,BR019,TLR-3775,C500537,cash withdrawal,1607.94,CAD
CA00050192,2025-06-08,BR030,TLR-6848,C502714,cash deposit,378.34,CAD
CA00044933,2025-06-03,BR003,TLR-4832,C502854,cash deposit,1094.36,CAD
CA00051974,2025-06-10,BR038,TLR-7572,C503065,cash deposit,1858.11,CAD
CA00049215,2025-06-17,BR025,TLR-3610,C501727,cash withdrawal,-452.33,CAD
CA00048544,2025-06-22,BR021,TLR-8855,C501078,cash deposit,1045.26,CAD
CA00049220,2025-06-18,BR025,TLR-7212,C500073,cash deposit,758.57,CAD
CA00045769,2025-06-08,BR007,TLR-1067,C503097,cash withdrawal,2668.92,CAD
CA00046032,2025-06-05,BR008,TLR-3001,C500092,cash withdrawal,1334.85,CAD
CA00047140,2025-06-05,BR015,TLR-7040,C503501,cash withdrawal,209369,CAD
CA00045258,2025-06-02,BR004,TLR-1188,C500759,cash deposit,47900,CAD
CA00052030,2025-06-07,BR038,TLR-5549,C501590,cash withdrawal,172.0,CAD
CA00049550,2025-06-03,BR026,TLR-7356,C500164,cash deposit,153801,CAD
CA00047543,2025-06-22,BR016,TLR-1765,C502692,cash withdrawal,1883.74,CAD
CA00047847,2025-06-26,BR018,TLR-8288,C503262,cash deposit,449.09,CAD
CA00049236,2025-06-19,BR025,TLR-9859,C502510,cash deposit,125091,CAD
CA00050929,2025-06-28,BR034,TLR-2611,C502646,cash deposit,1460.11,CAD
CA00048066,2025-06-20,BR019,TLR-2539,C503787,cash deposit,1173.71,CAD
CA00045540,2025-06-10,BR006,TLR-2865,C500615,cash deposit,689.03,CAD
CA00044786,2025-06-05,BR002,TLR-6543,C501173,cash deposit,1383.02,CAD
CA00045943,2025-06-11,BR008,TLR-3144,C502324,cash deposit,2311.25,CAD
CA00047584,2025-06-20,BR016,TLR-2685,C502794,cash deposit,3840.43,CAD
CA00049618,2025-06-11,BR027,TLR-8955,C502549,cash deposit,203.92,CAD
CA00049210,2025-06-19,BR025,TLR-9815,C501055,cash deposit,91369,CAD
CA00045544,2025-06-12,BR006,TLR-4663,C501698,cash deposit,3838.09,CAD
CA00052139,2025-06-27,BR039,TLR-2401,C502079,cash withdrawal,3373.54,CAD
CA00052349,2025-06-27,BR040,TLR-5247,C503083,cash withdrawal,549.84,CAD
CA00052882,2025-06-03,BR040,TLR-6333,C501495,cash withdrawal,55449,CAD
CA00050159,2025-06-16,BR030,TLR-5739,C500512,cash withdrawal,137012,CAD
CA00045820,2025-06-27,BR007,TLR-5791,C501767,cash deposit,1302.91,CAD
CA00051055,2025-06-02,BR035,TLR-5235,C501679,cash deposit,394.24,CAD
CA00045833,2025-06-06,BR007,TLR-6493,C501123,cash deposit,140827,CAD
CA00051184,2025-06-22,BR035,TLR-2658,C501142,cash deposit,98943,CAD
CA00044492,2025-06-20,BR001,TLR-7040,C501531,cash deposit,356518,CAD
CA00048339,2025-06-12,BR020,TLR-9453,C503442,cash deposit,1084.0,USD
CA00045129,2025-06-02,BR004,TLR-3832,C503779,cash deposit,386.6,CAD
CA00046257,2025-06-12,BR009,TLR-7280,C500367,cash withdrawal,220.19,CAD
CA00049760,2025-06-18,BR027,TLR-5920,C500874,cash deposit,963070,CAD
CA00052811,2025-06-24,BR040,TLR-2887,C501407,cash withdrawal,506.38,CAD
CA00047649,2025-06-22,BR017,TLR-9255,C502252,cash withdrawal,307.52,CAD
CA00049622,2025-06-02,BR027,TLR-4693,C500018,cash deposit,604.02,CAD
CA00052284,2025-06-25,BR039,TLR-4073,C501450,cash deposit,459.23,CAD
CA00044320,2025-06-17,BR001,TLR-4549,C501955,cash withdrawal,186.51,CAD
CA00052817,2025-06-27,BR040,TLR-3415,C501558,cash withdrawal,817.11,CAD
CA00052888,2025-06-22,BR040,TLR-7386,C503692,cash deposit,363.41,CAD
CA00047158,2025-06-23,BR015,TLR-3168,C502440,cash deposit,3243.81,CAD
CA00049122,2025-06-22,BR025,TLR-7199,C502188,cash withdrawal,-720.67,CAD
CA00052793,2025-06-02,BR040,TLR-9090,C501917,cash deposit,392.46,CAD
CA00049145,2025-06-07,BR025,TLR-3493,C501089,cash deposit,77646,CAD
CA00046759,2025-06-07,BR012,TLR-2828,C502043,cash deposit,1049.06,CAD
CA00045508,2025-06-10,BR006,TLR-3386,C500864,cash deposit,829.33,CAD
CA00051966,2025-06-28,BR038,TLR-8447,C502384,cash withdrawal,1883.36,CAD
CA00044608,2025-06-05,BR002,TLR-9055,C503546,cash deposit,1332.54,CAD
CA00047651,2025-06-08,BR017,TLR-7182,C500764,cash deposit,637.09,CAD
CA00047538,2025-06-30,BR016,TLR-8101,C502105,cash withdrawal,655.53,CAD
CA00048917,2025-06-12,BR024,TLR-5591,C503832,cash withdrawal,305.86,CAD
CA00048774,2025-06-08,BR023,TLR-2778,C500216,cash deposit,1141.49,CAD
CA00050930,2025-06-26,BR034,TLR-3097,C500444,cash withdrawal,1954.66,CAD
CA00052629,2025-06-17,BR040,TLR-1262,C502647,cash deposit,1869.02,CAD
CA00045159,2025-06-20,BR004,TLR-8615,C501690,cash withdrawal,872.28,CAD
CA00049784,2025-06-20,BR028,TLR-2323,C502873,cash deposit,137730,CAD
CA00048013,2025-06-22,BR019,TLR-5580,C503807,cash withdrawal,1296.47,CAD
CA00046386,2025-06-07,BR010,TLR-3032,C502212,cash deposit,1707.47,CAD
CA00052994,2025-06-04,BR040,TLR-2110,C503172,cash withdrawal,1061.0,CAD
CA00053044,2025-06-04,BR040,TLR-7786,C501109,cash deposit,2462.42,CAD
CA00052942,2025-06-29,BR040,TLR-9823,C503016,cash withdrawal,50528,CAD
CA00049634,2025-06-07,BR027,TLR-7000,C501422,cash deposit,145563,CAD
CA00047984,2025-06-08,BR019,TLR-8445,C500137,cash deposit,1487.65,CAD
CA00045571,2025-06-29,BR006,TLR-7648,C502095,cash withdrawal,1215.9,CAD
CA00050046,2025-06-24,BR030,TLR-7279,C501302,cash withdrawal,160062,CAD
CA00046578,2025-06-26,BR012,TLR-8672,C502745,cash withdrawal,883.81,CAD
CA00049289,2025-06-05,BR025,TLR-3912,C503935,cash deposit,36406,CAD
CA00052343,2025-06-18,BR040,TLR-4103,C500349,cash withdrawal,113380,CAD
CA00051473,2025-06-30,BR036,TLR-2498,C500195,cash deposit,1011.74,CAD
CA00048630,2025-06-29,BR022,TLR-2299,C500985,cash deposit,919.54,CAD
CA00046705,2025-06-30,BR012,TLR-4039,C503193,cash deposit,1687.73,CAD
CA00047493,2025-06-12,BR016,TLR-7956,C501102,cash deposit,2433.48,CAD
CA00050908,2025-06-03,BR034,TLR-8984,C503486,cash deposit,1262.5,CAD
CA00047083,2025-06-29,BR014,TLR-4297,C503463,cash withdrawal,812.7,CAD
CA00050418,2025-06-10,BR031,TLR-2177,C501294,cash withdrawal,1402.94,CAD
CA00045119,2025-06-10,BR004,TLR-1992,C502260,cash deposit,430.57,CAD
CA00048552,2025-06-20,BR021,TLR-2933,C503775,cash deposit,77793,CAD
CA00046993,2025-06-23,BR014,TLR-4467,C500288,cash withdrawal,648.33,CAD
CA00045685,2025-06-07,BR007,TLR-9947,C503698,cash deposit,554.15,CAD
CA00048721,2025-06-26,BR023,TLR-9649,C502239,cash withdrawal,825.6,CAD
CA00052844,2025-06-25,BR040,TLR-8523,C502142,cash withdrawal,1292.87,CAD
CA00051643,2025-06-07,BR037,TLR-6316,C502224,cash deposit,632.74,CAD
CA00046995,2025-06-30,BR014,TLR-5580,C503829,cash deposit,1077.28,CAD
CA00045785,2025-06-13,BR007,TLR-7062,C502065,cash withdrawal,1348.34,CAD
CA00047415,2025-06-28,BR016,TLR-2620,C500444,cash deposit,1777.34,CAD
CA00049492,2025-06-05,BR026,TLR-6976,C501408,cash withdrawal,-119166,CAD
CA00045028,2025-06-18,BR004,TLR-4491,C503368,cash deposit,1420.99,CAD
CA00049355,2025-06-22,BR026,TLR-4285,C503830,cash deposit,506.22,CAD
CA00052974,2025-06-09,BR040,TLR-2673,C500323,cash deposit,3537.11,CAD
CA00048626,2025-06-05,BR022,TLR-5632,C501373,cash deposit,51001,CAD
CA00052770,2025-06-06,BR040,TLR-5267,C502095,cash deposit,1183.18,CAD
CA00052769,2025-06-02,BR040,TLR-8023,C503417,cash deposit,1118.07,CAD
CA00047794,2025-06-05,BR017,TLR-4111,C501967,cash withdrawal,923.78,CAD
CA00048166,2025-06-26,BR019,TLR-4402,C502085,cash deposit,1778.69,CAD
CA00050043,2025-06-03,BR030,TLR-6213,C503803,cash withdrawal,1478.6,CAD
CA00047705,2025-06-26,BR017,TLR-6650,C501024,cash withdrawal,508.77,CAD
CA00046155,2025-06-30,BR009,TLR-4841,C502278,cash withdrawal,926.13,CAD
CA00048189,2025-06-04,BR019,TLR-3296,C500001,cash withdrawal,1050.46,CAD
CA00047430,2025-06-03,BR016,TLR-7260,C503693,cash withdrawal,1014.48,CAD
CA00045428,2025-06-23,BR006,TLR-4948,C502719,cash deposit,342.58,CAD
CA00047607,2025-06-12,BR016,TLR-5313,C500872,cash withdrawal,46098,CAD
CA00047272,2025-06-01,BR015,TLR-8756,C500743,cash deposit,495.12,CAD
CA00044497,2025-06-24,BR001,TLR-2120,C502666,cash deposit,1019.73,CAD
CA00048611,2025-06-23,BR022,TLR-5590,C503031,cash deposit,806.2,CAD
CA00045920,2025-06-15,BR008,TLR-8822,C502979,cash withdrawal,875.84,CAD
CA00044417,2025-06-04,BR001,TLR-3156,C502789,cash deposit,1267.38,CAD
CA00050405,2025-06-25,BR031,TLR-8162,C503426,cash withdrawal,1023.75,CAD
CA00045044,2025-06-23,BR004,TLR-9441,C503348,cash deposit,189.15,CAD
CA00045214,2025-06-18,BR004,TLR-1806,C500330,cash deposit,2920.44,CAD
CA00046488,2025-06-22,BR010,TLR-3399,C502850,cash withdrawal,259571,CAD
CA00046358,2025-06-21,BR010,TLR-6360,C503814,cash deposit,782.29,CAD
CA00047846,2025-06-16,BR018,TLR-4294,C501151,cash deposit,618.11,CAD
CA00051719,2025-06-29,BR037,TLR-4977,C501477,cash withdrawal,763.78,CAD
CA00048442,2025-06-16,BR021,TLR-4403,C503654,cash deposit,1447.67,CAD
CA00050195,2025-06-29,BR030,TLR-6276,C500815,cash deposit,793.82,CAD
CA00046068,2025-06-04,BR008,TLR-5725,C500856,cash withdrawal,1385.61,CAD
CA00049993,2025-06-10,BR029,TLR-5752,C503321,cash withdrawal,324818,CAD
CA00052000,2025-06-03,BR038,TLR-8657,C502070,cash deposit,415.6,CAD
CA00052595,2025-06-08,BR040,TLR-5777,C501789,cash deposit,1644.9,CAD
CA00049449,2025-06-18,BR026,TLR-4185,C500925,cash deposit,448.03,CAD
CA00050966,2025-06-20,BR034,TLR-3795,C501064,cash withdrawal,74633,CAD
CA00047163,2025-06-25,BR015,TLR-9296,C501898,cash withdrawal,1473.5,CAD
CA00044873,2025-06-15,BR003,TLR-7823,C502033,cash deposit,1063.07,CAD
CA00047441,2025-06-05,BR016,TLR-3485,C502425,cash deposit,1087.29,CAD
CA00047094,2025-06-23,BR014,TLR-8096,C500830,cash deposit,332.32,CAD
CA00052700,2025-06-10,BR040,TLR-4684,C501348,cash withdrawal,319.62,CAD
CA00048315,2025-06-23,BR020,TLR-4961,C503978,cash withdrawal,287.33,USD
CA00051160,2025-06-03,BR035,TLR-4608,C501318,cash deposit,1294.34,CAD
CA00052779,2025-06-24,BR040,TLR-2280,C501888,cash deposit,1418.66,CAD
CA00046823,2025-06-18,BR013,TLR-5580,C501440,cash withdrawal,1236.88,CAD
CA00050668,2025-06-09,BR032,TLR-1206,C501187,cash deposit,1388.46,CAD
CA00049462,2025-06-10,BR026,TLR-3866,C502419,cash withdrawal,-1950.73,CAD
CA00049719,2025-06-08,BR027,TLR-1797,C502270,cash deposit,375.61,CAD
CA00051912,2025-06-11,BR038,TLR-4060,C500581,cash withdrawal,68065,CAD
CA00046717,2025-06-05,BR012,TLR-5129,C502223,cash withdrawal,3277.41,CAD
CA00048361,2025-06-30,BR020,TLR-9073,C501189,cash deposit,124.6,USD
CA00051132,2025-06-15,BR035,TLR-7141,C501536,cash deposit,605.26,CAD
CA00046225,2025-06-12,BR009,TLR-9816,C502540,cash withdrawal,788.33,CAD
CA00048379,2025-06-07,BR020,TLR-9915,C500271,cash deposit,4381.84,USD
CA00044579,2025-06-16,BR002,TLR-6459,C500947,cash withdrawal,-600.98,CAD
CA00048671,2025-06-22,BR022,TLR-1719,C503651,cash withdrawal,504.83,CAD
CA00051655,2025-06-19,BR037,TLR-2873,C501570,cash deposit,441.42,CAD
CA00051766,2025-06-18,BR037,TLR-6943,C501208,cash deposit,128621,CAD
CA00048043,2025-06-14,BR019,TLR-2995,C502679,cash withdrawal,772.46,CAD
CA00051391,2025-06-09,BR036,TLR-3776,C502551,cash deposit,841.55,CAD
CA00050193,2025-06-27,BR030,TLR-5599,C500685,cash withdrawal,447.54,CAD
CA00050469,2025-06-23,BR031,TLR-8865,C502698,cash deposit,840.18,CAD
CA00044341,2025-06-21,BR001,TLR-8796,C502125,cash withdrawal,1313.17,CAD
CA00044702,2025-06-10,BR002,TLR-9666,C500891,cash withdrawal,-1784.27,CAD
CA00052228,2025-06-19,BR039,TLR-4805,C503248,cash withdrawal,1130.8,CAD
CA00050430,2025-06-03,BR031,TLR-7852,C500352,cash withdrawal,1092.74,CAD
CA00046117,2025-06-24,BR009,TLR-7467,C500555,cash withdrawal,579.59,CAD
CA00050103,2025-06-23,BR030,TLR-6810,C503400,cash withdrawal,841.49,CAD
CA00048695,2025-06-15,BR023,TLR-5110,C500260,cash deposit,1397.75,CAD
CA00048430,2025-06-01,BR021,TLR-2176,C502697,cash withdrawal,1575.51,CAD
CA00051203,2025-06-22,BR035,TLR-9267,C502077,cash deposit,1066.94,CAD
CA00048351,2025-06-15,BR020,TLR-7622,C503608,cash deposit,982.37,USD
CA00045389,2025-06-13,BR006,TLR-4683,C500248,cash withdrawal,2536.04,CAD
CA00045280,2025-06-11,BR005,TLR-2070,C500075,cash deposit,32737,CAD
CA00052283,2025-06-13,BR039,TLR-8079,C503268,cash deposit,1174.53,CAD
CA00047634,2025-06-01,BR017,TLR-1438,C501032,cash withdrawal,836.63,CAD
CA00050318,2025-06-07,BR030,TLR-5875,C502143,cash deposit,467.16,CAD
CA00046523,2025-06-21,BR011,TLR-8850,C502687,cash deposit,1025.61,CAD
CA00052552,2025-06-06,BR040,TLR-1600,C500371,cash deposit,119048,CAD
CA00046254,2025-06-29,BR009,TLR-4984,C503250,cash withdrawal,617.14,CAD
CA00046702,2025-06-28,BR012,TLR-6566,C501460,cash withdrawal,202835,CAD
CA00046403,2025-06-07,BR010,TLR-5742,C503599,cash deposit,3027.17,CAD
CA00053276,2025-06-26,BR040,TLR-5834,C503916,cash deposit,1578.39,CAD
CA00049748,2025-06-28,BR027,TLR-1942,C502679,cash deposit,1136.55,CAD
CA00045014,2025-06-11,BR004,TLR-9508,C503069,cash deposit,281.6,CAD
CA00050294,2025-06-14,BR030,TLR-7749,C502026,cash withdrawal,2342.74,CAD
CA00051761,2025-06-09,BR037,TLR-5191,C503159,cash deposit,721.67,CAD
CA00050806,2025-06-16,BR033,TLR-8116,C501764,cash deposit,359.81,CAD
CA00051302,2025-06-06,BR036,TLR-4515,C500389,cash deposit,116359,CAD
CA00047442,2025-06-04,BR016,TLR-6113,C502893,cash deposit,581.27,CAD
CA00048935,2025-06-14,BR024,TLR-3001,C500731,cash deposit,323926,CAD
CA00051239,2025-06-01,BR035,TLR-6419,C501808,cash withdrawal,849.92,CAD
CA00050371,2025-06-20,BR031,TLR-8279,C503519,cash deposit,455.45,CAD
CA00047632,2025-06-07,BR017,TLR-6135,C502210,cash deposit,58379,CAD
CA00053064,2025-06-27,BR040,TLR-7344,C503982,cash withdrawal,506.75,CAD
CA00045982,2025-06-26,BR008,TLR-1693,C500549,cash deposit,1339.54,CAD
CA00052214,2025-06-05,BR039,TLR-3480,C503995,cash withdrawal,264.9,CAD
CA00047801,2025-06-17,BR017,TLR-7448,C501844,cash deposit,1370.27,CAD
CA00044943,2025-06-23,BR003,TLR-7905,C502452,cash deposit,987.65,CAD
CA00046703,2025-06-13,BR012,TLR-4831,C500153,cash deposit,957.3,CAD
CA00047025,2025-06-18,BR014,TLR-3375,C503829,cash withdrawal,2703.04,CAD
CA00044802,2025-06-25,BR003,TLR-2007,C501986,cash deposit,966.53,CAD
CA00047967,2025-06-24,BR018,TLR-7744,C503607,cash withdrawal,858.23,CAD
CA00048067,2025-06-14,BR019,TLR-4368,C503677,cash deposit,745.43,CAD
CA00048494,2025-06-10,BR021,TLR-8558,C501263,cash withdrawal,811.84,CAD
CA00049888,2025-06-27,BR029,TLR-4642,C502128,cash deposit,2016.74,CAD
CA00044978,2025-06-12,BR003,TLR-8468,C501027,cash deposit,3003.7,CAD
CA00052276,2025-06-10,BR039,TLR-9076,C503772,cash withdrawal,867.62,CAD
CA00050244,2025-06-28,BR030,TLR-5736,C502557,cash deposit,982.79,CAD
CA00051083,2025-06-01,BR035,TLR-3462,C500310,cash withdrawal,437.4,CAD
CA00051394,2025-06-16,BR036,TLR-4910,C501400,cash withdrawal,2035.23,CAD
CA00052987,2025-06-16,BR040,TLR-2639,C503942,cash withdrawal,826.99,CAD
CA00048372,2025-06-27,BR020,TLR-6666,C500704,cash withdrawal,924.56,USD
CA00051241,2025-06-04,BR035,TLR-3195,C500624,cash deposit,326.93,CAD
CA00045663,2025-06-21,BR007,TLR-3174,C500918,cash withdrawal,468.38,CAD
CA00053217,2025-06-05,BR040,TLR-9253,C503447,cash deposit,4720.96,CAD
CA00050628,2025-06-14,BR032,TLR-5640,C502584,cash deposit,5940.13,CAD
CA00052513,2025-06-19,BR040,TLR-1729,C502705,cash withdrawal,364.26,CAD
CA00044974,2025-06-25,BR003,TLR-5306,C503658,cash deposit,1322.04,CAD
CA00052227,2025-06-14,BR039,TLR-2624,C501369,cash withdrawal,328.55,CAD
CA00047185,2025-06-12,BR015,TLR-5380,C502504,cash withdrawal,1522.82,CAD
CA00045829,2025-06-11,BR007,TLR-3469,C503349,cash deposit,5503.46,CAD
CA00048329,2025-06-04,BR020,TLR-7885,C502128,cash withdrawal,352.39,USD
CA00045517,2025-06-02,BR006,TLR-1741,C500839,cash withdrawal,2069.94,CAD
CA00052766,2025-06-05,BR040,TLR-3077,C500301,cash deposit,2210.99,CAD
CA00046195,2025-06-03,BR009,TLR-2366,C502571,cash withdrawal,279.97,CAD
CA00051838,2025-06-07,BR037,TLR-3963,C502575,cash withdrawal,2438.92,CAD
CA00046055,2025-06-01,BR008,TLR-6715,C500221,cash deposit,1293.08,CAD
CA00049708,2025-06-02,BR027,TLR-5365,C502583,cash deposit,272.45,CAD
CA00049920,2025-06-14,BR029,TLR-5436,C501114,cash deposit,1522.71,CAD
CA00047019,2025-06-25,BR014,TLR-5151,C501849,cash withdrawal,1030.93,CAD
CA00051001,2025-06-21,BR034,TLR-5269,C503487,cash deposit,180037,CAD
CA00049225,2025-06-24,BR025,TLR-9102,C502371,cash withdrawal,-1995.93,CAD
CA00052893,2025-06-17,BR040,TLR-5391,C503668,cash withdrawal,1350.64,CAD
CA00050325,2025-06-23,BR031,TLR-1906,C502105,cash withdrawal,255.83,CAD
CA00045074,2025-06-18,BR004,TLR-9008,C502667,cash deposit,1340.08,CAD
CA00051254,2025-06-17,BR035,TLR-3947,C500910,cash deposit,302.16,CAD
CA00047130,2025-06-28,BR015,TLR-8855,C501517,cash withdrawal,477.84,CAD
CA00050316,2025-06-09,BR030,TLR-1675,C500107,cash deposit,1733.16,CAD
CA00052776,2025-06-25,BR040,TLR-7127,C501349,cash withdrawal,2190.66,CAD
CA00048396,2025-06-24,BR020,TLR-8336,C501236,cash withdrawal,1177.43,USD
CA00047833,2025-06-22,BR017,TLR-7540,C501917,cash withdrawal,2229.58,CAD
CA00051677,2025-06-20,BR037,TLR-2711,C500653,cash deposit,693.59,CAD
CA00045029,2025-06-15,BR004,TLR-8995,C502627,cash deposit,910.13,CAD
CA00050663,2025-06-21,BR032,TLR-5954,C501770,cash deposit,1697.25,CAD
CA00046144,2025-06-03,BR009,TLR-2506,C503787,cash deposit,679.98,CAD
CA00047498,2025-06-10,BR016,TLR-5752,C501651,cash deposit,1416.0,CAD
CA00046179,2025-06-10,BR009,TLR-5440,C501193,cash withdrawal,2653.28,CAD
CA00047403,2025-06-14,BR015,TLR-5864,C503735,cash withdrawal,412.73,CAD
CA00050657,2025-06-22,BR032,TLR-9958,C500906,cash withdrawal,88108,CAD
CA00051000,2025-06-28,BR034,TLR-7039,C500174,cash withdrawal,511.69,CAD
CA00048834,2025-06-11,BR024,TLR-1842,C503456,cash withdrawal,1326.43,CAD
CA00052175,2025-06-11,BR039,TLR-9727,C500337,cash withdrawal,1506.82,CAD
CA00046379,2025-06-10,BR010,TLR-3838,C501926,cash deposit,529.84,CAD
CA00044339,2025-06-14,BR001,TLR-7851,C500014,cash deposit,3831.07,CAD
CA00052018,2025-06-20,BR038,TLR-5875,C502542,cash deposit,41067,CAD
CA00047745,2025-06-19,BR017,TLR-7890,C500733,cash withdrawal,596.11,CAD
CA00052643,2025-06-01,BR040,TLR-5283,C501510,cash withdrawal,374.98,CAD
CA00052953,2025-06-13,BR040,TLR-2992,C500791,cash deposit,94094,CAD
CA00051640,2025-06-25,BR037,TLR-4459,C500459,cash withdrawal,318.98,CAD
CA00048371,2025-06-26,BR020,TLR-2049,C501497,cash withdrawal,242.68,USD
CA00052640,2025-06-19,BR040,TLR-6254,C501548,cash deposit,589.76,CAD
CA00048287,2025-06-25,BR020,TLR-6881,C503773,cash deposit,675.18,USD
CA00047089,2025-06-20,BR014,TLR-8186,C503487,cash deposit,1539.39,CAD
CA00050312,2025-06-15,BR030,TLR-7308,C501572,cash deposit,346.49,CAD
CA00044680,2025-06-26,BR002,TLR-6740,C501761,cash deposit,1018.86,CAD
CA00045408,2025-06-09,BR006,TLR-5644,C502733,cash deposit,570.08,CAD
CA00049168,2025-06-09,BR025,TLR-4480,C501868,cash withdrawal,-1420.23,CAD
CA00050358,2025-06-13,BR031,TLR-5305,C503830,cash withdrawal,143255,CAD
CA00046814,2025-06-15,BR013,TLR-3084,C502310,cash deposit,827.07,CAD
CA00051066,2025-06-11,BR035,TLR-7701,C500118,cash withdrawal,802.49,CAD
CA00049746,2025-06-11,BR027,TLR-8357,C503762,cash withdrawal,764.66,CAD
CA00052039,2025-06-16,BR038,TLR-3878,C502657,cash withdrawal,985.72,CAD
CA00052590,2025-06-14,BR040,TLR-3693,C500778,cash deposit,696.8,CAD
CA00045622,2025-06-17,BR006,TLR-1636,C503763,cash deposit,1755.05,CAD
CA00045191,2025-06-03,BR004,TLR-4925,C501406,cash deposit,57355,CAD
CA00046398,2025-06-14,BR010,TLR-1181,C500453,cash withdrawal,841.06,CAD
CA00048939,2025-06-07,BR024,TLR-6999,C502552,cash withdrawal,783.74,CAD
CA00052337,2025-06-09,BR040,TLR-6883,C500213,cash withdrawal,942.2,CAD
CA00053260,2025-06-30,BR040,TLR-2333,C500661,cash deposit,389.65,CAD
CA00048757,2025-06-23,BR023,TLR-8579,C502220,cash withdrawal,1728.37,CAD
CA00047175,2025-06-29,BR015,TLR-7581,C503508,cash withdrawal,2051.68,CAD
CA00045470,2025-06-16,BR006,TLR-4492,C502337,cash deposit,1236.4,CAD
CA00046707,2025-06-25,BR012,TLR-5987,C501194,cash deposit,527.24,CAD
CA00048795,2025-06-05,BR024,TLR-9711,C503328,cash deposit,1341.41,CAD
CA00051908,2025-06-13,BR038,TLR-9827,C503329,cash withdrawal,86695,CAD
CA00047866,2025-06-06,BR018,TLR-8613,C501397,cash withdrawal,3106.14,CAD
CA00046565,2025-06-02,BR011,TLR-2972,C500376,cash withdrawal,1019.29,CAD
CA00052332,2025-06-06,BR040,TLR-6189,C501030,cash withdrawal,1224.52,CAD
CA00046320,2025-06-09,BR010,TLR-6213,C502815,cash deposit,884.51,CAD
CA00051229,2025-06-16,BR035,TLR-6264,C500121,cash deposit,3322.27,CAD
CA00048070,2025-06-30,BR019,TLR-7714,C502655,cash withdrawal,1132.89,CAD
CA00048893,2025-06-16,BR024,TLR-7450,C501633,cash withdrawal,463.51,CAD
CA00049372,2025-06-07,BR026,TLR-3581,C501513,cash withdrawal,-1694.63,CAD
CA00049987,2025-06-28,BR029,TLR-5811,C503288,cash deposit,2411.14,CAD
CA00051612,2025-06-07,BR037,TLR-7924,C500253,cash deposit,1307.49,CAD
CA00050132,2025-06-10,BR030,TLR-7767,C500982,cash withdrawal,639.95,CAD
CA00048883,2025-06-22,BR024,TLR-6695,C501208,cash withdrawal,752.65,CAD
CA00052187,2025-06-18,BR039,TLR-5216,C501578,cash deposit,700.01,CAD
CA00049106,2025-06-27,BR025,TLR-2150,C503399,cash withdrawal,-3297.52,CAD
CA00050884,2025-06-06,BR034,TLR-9378,C503714,cash deposit,1275.13,CAD
CA00049195,2025-06-27,BR025,TLR-7475,C502459,cash deposit,2868.24,CAD
CA00053206,2025-06-04,BR040,TLR-8638,C503184,cash deposit,50325,CAD
CA00044371,2025-06-13,BR001,TLR-3316,C502585,cash deposit,805.37,CAD
CA00046202,2025-06-09,BR009,TLR-3724,C500555,cash deposit,783.22,CAD
CA00052435,2025-06-29,BR040,TLR-5089,C502153,cash deposit,1418.97,CAD
CA00050861,2025-06-20,BR034,TLR-7574,C500962,cash deposit,167.79,CAD
CA00047995,2025-06-15,BR019,TLR-1659,C500197,cash deposit,67375,CAD
CA00047738,2025-06-11,BR017,TLR-3610,C500652,cash withdrawal,758.83,CAD
CA00045576,2025-06-02,BR006,TLR-9598,C501119,cash withdrawal,550.64,CAD
CA00051647,2025-06-26,BR037,TLR-3325,C500424,cash deposit,1221.05,CAD
CA00045101,2025-06-27,BR004,TLR-8637,C503400,cash withdrawal,232215,CAD
CA00045671,2025-06-25,BR007,TLR-2584,C501998,cash deposit,2545.57,CAD
CA00052758,2025-06-11,BR040,TLR-4860,C501414,cash deposit,124181,CAD
CA00050275,2025-06-21,BR030,TLR-5150,C501470,cash deposit,1094.57,CAD
CA00045295,2025-06-20,BR005,TLR-5628,C500461,cash deposit,2736.98,CAD
CA00052212,2025-06-21,BR039,TLR-2950,C502137,cash deposit,994.19,CAD
CA00049912,2025-06-02,BR029,TLR-9082,C503323,cash deposit,335.63,CAD
CA00050800,2025-06-03,BR033,TLR-1571,C503116,cash deposit,1255.35,CAD
CA00044715,2025-06-23,BR002,TLR-5985,C500450,cash withdrawal,-598.97,CAD
CA00051461,2025-06-26,BR036,TLR-2707,C500230,cash deposit,851.07,CAD
CA00044771,2025-06-18,BR002,TLR-5037,C503670,cash deposit,535.15,CAD
CA00044850,2025-06-21,BR003,TLR-1313,C503946,cash withdrawal,1981.34,CAD
CA00045564,2025-06-09,BR006,TLR-8410,C502547,cash withdrawal,50543,CAD
CA00051088,2025-06-02,BR035,TLR-8023,C501253,cash withdrawal,2440.95,CAD
CA00050346,2025-06-21,BR031,TLR-9583,C501992,cash withdrawal,956.82,CAD
CA00047335,2025-06-22,BR015,TLR-1064,C503078,cash withdrawal,649.68,CAD
CA00048235,2025-06-01,BR020,TLR-1207,C501562,cash deposit,428.69,USD
CA00045127,2025-06-06,BR004,TLR-8958,C502128,cash deposit,1305.23,CAD
CA00048943,2025-06-12,BR024,TLR-3610,C500037,cash withdrawal,190.95,CAD
CA00048497,2025-06-04,BR021,TLR-5369,C500829,cash withdrawal,1019.22,CAD
CA00048602,2025-06-20,BR022,TLR-3876,C500798,cash deposit,276.22,CAD
CA00044578,2025-06-23,BR002,TLR-8748,C501730,cash withdrawal,-1401.86,CAD
CA00051822,2025-06-19,BR037,TLR-5362,C503091,cash withdrawal,872.18,CAD
CA00047049,2025-06-23,BR014,TLR-5483,C500935,cash deposit,1403.66,CAD
CA00047629,2025-06-02,BR017,TLR-1739,C502476,cash deposit,541.23,CAD
CA00048153,2025-06-01,BR019,TLR-4862,C502781,cash withdrawal,621.33,CAD
CA00052376,2025-06-24,BR040,TLR-6842,C502777,cash withdrawal,898.95,CAD
CA00046079,2025-06-01,BR008,TLR-1439,C500447,cash deposit,2983.89,CAD
CA00049455,2025-06-04,BR026,TLR-2225,C500082,cash deposit,584.79,CAD
CA00052294,2025-06-06,BR039,TLR-1091,C500368,cash withdrawal,1654.67,CAD
CA00051238,2025-06-09,BR035,TLR-1738,C503752,cash deposit,1183.96,CAD
CA00049757,2025-06-15,BR027,TLR-5886,C502276,cash withdrawal,9197.21,CAD
CA00046154,2025-06-15,BR009,TLR-5126,C501621,cash withdrawal,427.97,CAD
CA00045111,2025-06-22,BR004,TLR-5935,C501884,cash deposit,663.32,CAD
CA00045572,2025-06-28,BR006,TLR-6786,C500130,cash withdrawal,759.19,CAD
CA00052327,2025-06-21,BR040,TLR-9195,C501207,cash deposit,875.85,CAD
CA00049037,2025-06-07,BR024,TLR-8413,C503297,cash deposit,496.68,CAD
CA00052516,2025-06-15,BR040,TLR-7241,C500696,cash deposit,3186.75,CAD
CA00052297,2025-06-20,BR039,TLR-2614,C503157,cash withdrawal,1180.24,CAD
CA00045348,2025-06-03,BR005,TLR-4673,C501287,cash deposit,90699,CAD
CA00047370,2025-06-23,BR015,TLR-7148,C501242,cash withdrawal,506.66,CAD
CA00046330,2025-06-29,BR010,TLR-6223,C500611,cash withdrawal,598.31,CAD
CA00050394,2025-06-11,BR031,TLR-7940,C501303,cash withdrawal,778.44,CAD
CA00052486,2025-06-13,BR040,TLR-6130,C501091,cash deposit,1742.06,CAD
CA00045385,2025-06-22,BR006,TLR-1764,C502078,cash withdrawal,1103.04,CAD
CA00045464,2025-06-08,BR006,TLR-1845,C502570,cash deposit,2924.95,CAD
CA00053001,2025-06-13,BR040,TLR-3808,C502451,cash withdrawal,1481.73,CAD
CA00047880,2025-06-27,BR018,TLR-3806,C500618,cash withdrawal,538.95,CAD
CA00051661,2025-06-07,BR037,TLR-3643,C501569,cash withdrawal,1226.35,CAD
CA00047677,2025-06-09,BR017,TLR-8403,C501049,cash withdrawal,1424.38,CAD
CA00044807,2025-06-20,BR003,TLR-3087,C502830,cash deposit,807.0,CAD
CA00051866,2025-06-03,BR037,TLR-3083,C502763,cash withdrawal,882.59,CAD
CA00049347,2025-06-28,BR026,TLR-4694,C503466,cash withdrawal,-63102,CAD
CA00045724,2025-06-24,BR007,TLR-9701,C503009,cash deposit,2189.78,CAD
CA00049248,2025-06-24,BR025,TLR-7941,C503340,cash withdrawal,-1461.99,CAD
CA00045732,2025-06-10,BR007,TLR-9215,C500850,cash withdrawal,59551,CAD
CA00046064,2025-06-29,BR008,TLR-8066,C502232,cash withdrawal,2359.73,CAD
CA00052198,2025-06-16,BR039,TLR-8412,C500429,cash withdrawal,7033.44,CAD
CA00046929,2025-06-24,BR014,TLR-1987,C503870,cash deposit,2106.2,CAD
CA00049902,2025-06-07,BR029,TLR-6963,C501533,cash withdrawal,2641.52,CAD
CA00051759,2025-06-02,BR037,TLR-1294,C501289,cash deposit,986.44,CAD
CA00049197,2025-06-06,BR025,TLR-5193,C501279,cash deposit,629.64,CAD
CA00053047,2025-06-12,BR040,TLR-2729,C503663,cash withdrawal,1769.41,CAD
CA00046945,2025-06-25,BR014,TLR-3238,C500169,cash withdrawal,86976,CAD
CA00049217,2025-06-20,BR025,TLR-4484,C501519,cash withdrawal,-119196,CAD
CA00044639,2025-06-27,BR002,TLR-1777,C502283,cash deposit,1634.68,CAD
CA00048599,2025-06-15,BR021,TLR-4626,C502098,cash deposit,1249.0,CAD
CA00044297,2025-06-29,BR001,TLR-1979,C503041,cash deposit,2669.14,CAD
CA00053021,2025-06-30,BR040,TLR-5214,C502792,cash withdrawal,576.24,CAD
CA00048952,2025-06-20,BR024,TLR-4858,C501158,cash withdrawal,1914.83,CAD
CA00048844,2025-06-19,BR024,TLR-7291,C500314,cash deposit,967.42,CAD
CA00044750,2025-06-16,BR002,TLR-1623,C500442,cash deposit,1157.43,CAD
CA00045696,2025-06-26,BR007,TLR-6212,C502571,cash deposit,1107.51,CAD
CA00050718,2025-06-17,BR033,TLR-8568,C500469,cash withdrawal,749.01,CAD
CA00051354,2025-06-01,BR036,TLR-8318,C502729,cash withdrawal,283.17,CAD
CA00048841,2025-06-11,BR024,TLR-3607,C503490,cash withdrawal,1385.0,CAD
CA00044678,2025-06-20,BR002,TLR-7764,C502078,cash deposit,190.99,CAD
CA00052906,2025-06-26,BR040,TLR-7642,C503409,cash withdrawal,1480.22,CAD
CA00048511,2025-06-23,BR021,TLR-2956,C500207,cash withdrawal,88411,CAD
CA00047906,2025-06-14,BR018,TLR-8312,C503073,cash deposit,1221.81,CAD
CA00045967,2025-06-19,BR008,TLR-2907,C502624,cash deposit,1069.85,CAD
CA00046530,2025-06-29,BR011,TLR-1775,C500495,cash withdrawal,328853,CAD
CA00052308,2025-06-14,BR040,TLR-8124,C503076,cash withdrawal,826.86,CAD
CA00045579,2025-06-29,BR006,TLR-7602,C503985,cash withdrawal,143107,CAD
CA00053257,2025-06-09,BR040,TLR-2580,C500512,cash withdrawal,37147,CAD
CA00048900,2025-06-19,BR024,TLR-7619,C501364,cash deposit,1707.36,CAD
CA00045961,2025-06-12,BR008,TLR-5246,C502269,cash withdrawal,533.02,CAD
CA00046178,2025-06-16,BR009,TLR-9125,C503859,cash deposit,500.55,CAD
CA00045487,2025-06-17,BR006,TLR-4228,C502397,cash withdrawal,1574.17,CAD
CA00052877,2025-06-06,BR040,TLR-2206,C503013,cash deposit,545.34,CAD
CA00052669,2025-06-26,BR040,TLR-4958,C503296,cash deposit,787.91,CAD
CA00049772,2025-06-30,BR028,TLR-8125,C500894,cash withdrawal,1345.06,CAD
CA00046313,2025-06-25,BR009,TLR-6356,C501093,cash deposit,475.66,CAD
CA00047636,2025-06-16,BR017,TLR-8688,C503864,cash withdrawal,1283.64,CAD
CA00045973,2025-06-08,BR008,TLR-3025,C500907,cash deposit,655.15,CAD
CA00051781,2025-06-29,BR037,TLR-3960,C500512,cash withdrawal,2462.87,CAD
CA00046214,2025-06-05,BR009,TLR-1355,C503047,cash deposit,684.48,CAD
CA00048670,2025-06-07,BR022,TLR-2207,C502972,cash withdrawal,538.27,CAD
CA00050743,2025-06-09,BR033,TLR-2729,C502565,cash deposit,1773.24,CAD
CA00044665,2025-06-22,BR002,TLR-1358,C503536,cash withdrawal,-799.62,CAD
CA00047147,2025-06-04,BR015,TLR-9159,C500271,cash deposit,2026.43,CAD
CA00052778,2025-06-22,BR040,TLR-1045,C502373,cash deposit,388.32,CAD
CA00044461,2025-06-14,BR001,TLR-1964,C502539,cash withdrawal,344580,CAD
CA00050314,2025-06-06,BR030,TLR-7806,C500567,cash withdrawal,1472.29,CAD
CA00049967,2025-06-03,BR029,TLR-1174,C500093,cash withdrawal,152073,CAD
CA00049900,2025-06-12,BR029,TLR-3451,C502091,cash deposit,565.59,CAD
CA00053095,2025-06-12,BR040,TLR-6371,C503491,cash withdrawal,653.31,CAD
CA00045652,2025-06-15,BR007,TLR-9143,C501316,cash withdrawal,1458.56,CAD
CA00047243,2025-06-15,BR015,TLR-9510,C500809,cash deposit,2637.08,CAD
CA00050956,2025-06-03,BR034,TLR-5651,C502897,cash deposit,961.96,CAD
CA00045548,2025-06-24,BR006,TLR-2589,C502945,cash withdrawal,327.02,CAD
CA00044517,2025-06-08,BR001,TLR-5705,C503547,cash withdrawal,315.41,CAD
CA00045849,2025-06-05,BR008,TLR-3677,C501245,cash withdrawal,151534,CAD
CA00045473,2025-06-29,BR006,TLR-5185,C500059,cash withdrawal,498.57,CAD
CA00044781,2025-06-14,BR002,TLR-8981,C500024,cash deposit,1807.24,CAD
CA00052584,2025-06-15,BR040,TLR-6090,C500693,cash withdrawal,21136,CAD
CA00053011,2025-06-21,BR040,TLR-4202,C500442,cash deposit,1222.73,CAD
CA00047653,2025-06-24,BR017,TLR-2518,C500179,cash withdrawal,554.08,CAD
CA00052884,2025-06-23,BR040,TLR-8507,C501256,cash deposit,932.85,CAD
CA00051313,2025-06-08,BR036,TLR-9432,C501356,cash deposit,1495.31,CAD
CA00047387,2025-06-27,BR015,TLR-5562,C502602,cash withdrawal,711.66,CAD
CA00050326,2025-06-11,BR031,TLR-2203,C502700,cash deposit,395.94,CAD
CA00051090,2025-06-07,BR035,TLR-7808,C502696,cash withdrawal,316.81,CAD
CA00049773,2025-06-30,BR028,TLR-2657,C500983,cash withdrawal,550.57,CAD
CA00051842,2025-06-08,BR037,TLR-1144,C502496,cash withdrawal,440.22,CAD
CA00046039,2025-06-19,BR008,TLR-1505,C500430,cash deposit,1303.74,CAD
CA00050058,2025-06-18,BR030,TLR-5179,C500011,cash deposit,1411.26,CAD
CA00049440,2025-06-09,BR026,TLR-1156,C503130,cash deposit,647.79,CAD
CA00049642,2025-06-24,BR027,TLR-8705,C502329,cash withdrawal,739.07,CAD
CA00052140,2025-06-14,BR039,TLR-2301,C501830,cash withdrawal,872.66,CAD
CA00044602,2025-06-26,BR002,TLR-8654,C503710,cash withdrawal,-652.03,CAD
CA00045897,2025-06-13,BR008,TLR-8344,C502416,cash deposit,541.48,CAD
CA00048604,2025-06-13,BR022,TLR-3284,C503771,cash withdrawal,657.71,CAD
CA00047821,2025-06-19,BR017,TLR-1618,C503685,cash withdrawal,173895,CAD
CA00053181,2025-06-28,BR040,TLR-7267,C502974,cash deposit,130851,CAD
CA00046279,2025-06-22,BR009,TLR-7512,C502288,cash deposit,1543.41,CAD
CA00044439,2025-06-11,BR001,TLR-5316,C501010,cash deposit,2604.12,CAD
CA00049141,2025-06-10,BR025,TLR-4606,C501096,cash withdrawal,-1650.71,CAD
CA00051264,2025-06-14,BR035,TLR-4289,C500878,cash deposit,629.55,CAD
CA00052047,2025-06-22,BR038,TLR-9382,C502819,cash deposit,963.66,CAD
CA00049592,2025-06-28,BR027,TLR-6252,C501070,cash deposit,1668.03,CAD
CA00047257,2025-06-12,BR015,TLR-6809,C503542,cash withdrawal,1206.94,CAD
CA00051439,2025-06-01,BR036,TLR-3711,C502466,cash deposit,1675.34,CAD
CA00051538,2025-06-19,BR036,TLR-8565,C500409,cash deposit,88950,CAD
CA00053280,2025-06-17,BR040,TLR-1720,C502150,cash withdrawal,759.4,CAD
CA00044711,2025-06-15,BR002,TLR-9124,C500474,cash withdrawal,-1647.21,CAD
CA00048042,2025-06-26,BR019,TLR-3475,C502106,cash withdrawal,636.2,CAD
CA00045037,2025-06-30,BR004,TLR-2945,C500619,cash withdrawal,241404,CAD
CA00045047,2025-06-01,BR004,TLR-7048,C500532,cash withdrawal,801.0,CAD
CA00049529,2025-06-17,BR026,TLR-4185,C503346,cash withdrawal,-1529.38,CAD
CA00049121,2025-06-11,BR025,TLR-7420,C503155,cash deposit,6025.38,CAD
CA00044570,2025-06-13,BR002,TLR-1039,C503592,cash deposit,2616.23,CAD
CA00047740,2025-06-28,BR017,TLR-5774,C500814,cash deposit,465.93,CAD
CA00051050,2025-06-23,BR035,TLR-1678,C503003,cash deposit,116066,CAD
CA00051487,2025-06-23,BR036,TLR-8768,C501250,cash deposit,1784.87,CAD
CA00044396,2025-06-20,BR001,TLR-7755,C503515,cash withdrawal,68573,CAD
CA00044465,2025-06-22,BR001,TLR-5270,C500791,cash withdrawal,1625.35,CAD
CA00052420,2025-06-25,BR040,TLR-1550,C502175,cash deposit,1353.21,CAD
CA00045339,2025-06-03,BR005,TLR-3098,C503604,cash withdrawal,170728,CAD
CA00045382,2025-06-15,BR006,TLR-5699,C501286,cash deposit,406.39,CAD
CA00050317,2025-06-12,BR030,TLR-8402,C503715,cash deposit,1404.38,CAD
CA00050937,2025-06-04,BR034,TLR-1000,C500829,cash deposit,848.09,CAD
CA00050124,2025-06-15,BR030,TLR-6044,C500288,cash deposit,2865.72,CAD
CA00044638,2025-06-03,BR002,TLR-6220,C502576,cash withdrawal,-915.51,CAD
CA00052219,2025-06-12,BR039,TLR-1436,C503143,cash deposit,703.07,CAD
CA00050829,2025-06-22,BR033,TLR-8625,C502399,cash withdrawal,1161.09,CAD
CA00050044,2025-06-26,BR030,TLR-4983,C503611,cash deposit,1536.72,CAD
CA00051882,2025-06-03,BR037,TLR-7998,C500756,cash withdrawal,136.82,CAD
CA00046659,2025-06-19,BR012,TLR-7894,C500149,cash deposit,1304.46,CAD
CA00047199,2025-06-10,BR015,TLR-4433,C502087,cash withdrawal,418.45,CAD
CA00047293,2025-06-22,BR015,TLR-1982,C501041,cash deposit,3137.38,CAD
CA00050971,2025-06-29,BR034,TLR-3677,C500493,cash withdrawal,1215.43,CAD
CA00053138,2025-06-13,BR040,TLR-3698,C503449,cash withdrawal,376.0,CAD
CA00046972,2025-06-25,BR014,TLR-4958,C503365,cash withdrawal,861.33,CAD
CA00046170,2025-06-02,BR009,TLR-5720,C503876,cash withdrawal,214.26,CAD
CA00053016,2025-06-17,BR040,TLR-6963,C500286,cash deposit,945.09,CAD
CA00050611,2025-06-18,BR032,TLR-2749,C503941,cash deposit,247070,CAD
CA00048454,2025-06-27,BR021,TLR-1303,C502022,cash withdrawal,1677.56,CAD
CA00045767,2025-06-03,BR007,TLR-2870,C503108,cash withdrawal,1948.22,CAD
CA00052993,2025-06-02,BR040,TLR-2237,C503727,cash withdrawal,1295.1,CAD
CA00051804,2025-06-18,BR037,TLR-4837,C501056,cash withdrawal,208.12,CAD
CA00044887,2025-06-19,BR003,TLR-4356,C500876,cash withdrawal,1305.01,CAD
CA00045626,2025-06-10,BR006,TLR-2230,C500240,cash withdrawal,2609.71,CAD
CA00045938,2025-06-13,BR008,TLR-3110,C501104,cash deposit,627.84,CAD
CA00050764,2025-06-10,BR033,TLR-8275,C503056,cash withdrawal,414.53,CAD
CA00053097,2025-06-22,BR040,TLR-7494,C501245,cash deposit,474.73,CAD
CA00048742,2025-06-08,BR023,TLR-2613,C500491,cash deposit,2959.35,CAD
CA00050288,2025-06-09,BR030,TLR-3371,C500079,cash deposit,479.57,CAD
CA00046855,2025-06-21,BR013,TLR-7076,C502754,cash deposit,2238.98,CAD
CA00049260,2025-06-11,BR025,TLR-1587,C501469,cash withdrawal,-754.56,CAD
CA00049539,2025-06-21,BR026,TLR-6221,C503501,cash withdrawal,-328.76,CAD
CA00050054,2025-06-14,BR030,TLR-5921,C500419,cash withdrawal,1259.28,CAD
CA00048369,2025-06-29,BR020,TLR-1529,C503204,cash withdrawal,1673.0,USD
CA00047108,2025-06-08,BR014,TLR-6679,C500273,cash deposit,1322.23,CAD
CA00045869,2025-06-28,BR008,TLR-8836,C501061,cash withdrawal,2973.95,CAD
CA00047570,2025-06-29,BR016,TLR-8009,C501044,cash withdrawal,758.56,CAD
CA00050951,2025-06-11,BR034,TLR-5247,C500979,cash deposit,529.89,CAD
CA00045977,2025-06-01,BR008,TLR-7870,C502553,cash withdrawal,3211.77,CAD
CA00051561,2025-06-05,BR036,TLR-7545,C502960,cash withdrawal,1020.69,CAD
CA00051571,2025-06-17,BR036,TLR-5767,C500445,cash deposit,399.52,CAD
CA00051688,2025-06-15,BR037,TLR-2841,C500114,cash withdrawal,401.46,CAD
CA00044688,2025-06-30,BR002,TLR-6355,C501581,cash deposit,980.2,CAD
CA00047344,2025-06-05,BR015,TLR-9045,C500776,cash withdrawal,2343.6,CAD
CA00046789,2025-06-15,BR012,TLR-8476,C500896,cash deposit,585.98,CAD
CA00052814,2025-06-30,BR040,TLR-5846,C500550,cash withdrawal,84784,CAD
CA00052970,2025-06-10,BR040,TLR-8930,C502900,cash deposit,2297.47,CAD
CA00052239,2025-06-11,BR039,TLR-5519,C503275,cash deposit,1056.03,CAD
CA00050785,2025-06-04,BR033,TLR-8048,C500030,cash deposit,958.01,CAD
CA00048303,2025-06-07,BR020,TLR-6725,C501815,cash deposit,645.91,USD
CA00044529,2025-06-15,BR001,TLR-6864,C500775,cash withdrawal,1723.11,CAD
CA00045796,2025-06-28,BR007,TLR-1646,C502310,cash deposit,532.94,CAD
CA00044826,2025-06-16,BR003,TLR-4822,C502303,cash withdrawal,86089,CAD
CA00044957,2025-06-08,BR003,TLR-3710,C502430,cash deposit,235.5,CAD
CA00050092,2025-06-29,BR030,TLR-7960,C503938,cash deposit,1156.99,CAD
CA00044698,2025-06-29,BR002,TLR-2079,C502118,cash withdrawal,-49128,CAD
CA00051107,2025-06-24,BR035,TLR-7194,C502856,cash withdrawal,115813,CAD
CA00048876,2025-06-04,BR024,TLR-2965,C503165,cash deposit,617.06,CAD
CA00052874,2025-06-18,BR040,TLR-7513,C501454,cash withdrawal,1382.64,CAD
CA00047668,2025-06-20,BR017,TLR-8948,C503819,cash withdrawal,1891.27,CAD
CA00044472,2025-06-23,BR001,TLR-3258,C503787,cash deposit,986.56,CAD
CA00050848,2025-06-17,BR034,TLR-8621,C500640,cash withdrawal,2184.54,CAD
CA00047490,2025-06-22,BR016,TLR-8056,C503319,cash withdrawal,948.4,CAD
CA00050786,2025-06-21,BR033,TLR-6757,C500837,cash withdrawal,97974,CAD
CA00051188,2025-06-15,BR035,TLR-5350,C500816,cash withdrawal,2589.67,CAD
CA00052502,2025-06-02,BR040,TLR-1724,C503524,cash withdrawal,528.52,CAD
CA00044366,2025-06-02,BR001,TLR-3574,C501032,cash withdrawal,258.19,CAD
CA00051774,2025-06-11,BR037,TLR-9645,C500805,cash deposit,529.04,CAD
CA00044368,2025-06-29,BR001,TLR-6812,C502912,cash deposit,487.71,CAD
CA00045841,2025-06-15,BR007,TLR-4402,C501650,cash deposit,655.38,CAD
CA00050499,2025-06-29,BR031,TLR-3527,C500521,cash deposit,552.91,CAD
CA00048282,2025-06-28,BR020,TLR-6206,C500746,cash deposit,717.44,USD
CA00048434,2025-06-15,BR021,TLR-7790,C503010,cash withdrawal,722.54,CAD
CA00050185,2025-06-23,BR030,TLR-7548,C502471,cash withdrawal,403.78,CAD
CA00051059,2025-06-20,BR035,TLR-1364,C502813,cash deposit,735.76,CAD
CA00047613,2025-06-21,BR017,TLR-9338,C500500,cash withdrawal,92351,CAD
CA00045878,2025-06-09,BR008,TLR-3913,C503689,cash withdrawal,18732,CAD
CA00048529,2025-06-08,BR021,TLR-4402,C503351,cash withdrawal,364.12,CAD
CA00047616,2025-06-27,BR017,TLR-4650,C503519,cash deposit,1183.58,CAD
CA00053060,2025-06-15,BR040,TLR-4009,C503507,cash withdrawal,121317,CAD
CA00052210,2025-06-20,BR039,TLR-2036,C500792,cash withdrawal,903.36,CAD
CA00047500,2025-06-10,BR016,TLR-5921,C503460,cash withdrawal,841.34,CAD
CA00050801,2025-06-17,BR033,TLR-3553,C501951,cash withdrawal,1007.93,CAD
CA00052503,2025-06-13,BR040,TLR-4981,C500048,cash withdrawal,2827.78,CAD
CA00048526,2025-06-19,BR021,TLR-9978,C502334,cash deposit,433.27,CAD
CA00052668,2025-06-26,BR040,TLR-6866,C503983,cash deposit,191400,CAD
CA00050560,2025-06-15,BR032,TLR-5737,C500662,cash withdrawal,418.72,CAD
CA00047864,2025-06-12,BR018,TLR-8103,C501746,cash withdrawal,539.97,CAD
CA00051337,2025-06-07,BR036,TLR-9159,C503452,cash withdrawal,258976,CAD
CA00052350,2025-06-20,BR040,TLR-1655,C501592,cash withdrawal,1433.91,CAD
CA00050572,2025-06-10,BR032,TLR-7331,C500503,cash withdrawal,67115,CAD
CA00052395,2025-06-05,BR040,TLR-6692,C503910,cash withdrawal,589.83,CAD
CA00052911,2025-06-23,BR040,TLR-7476,C503001,cash deposit,1150.71,CAD
CA00048724,2025-06-21,BR023,TLR-6354,C503393,cash deposit,1229.9,CAD
CA00046000,2025-06-16,BR008,TLR-9484,C500894,cash withdrawal,992.36,CAD
CA00047167,2025-06-29,BR015,TLR-8277,C501456,cash deposit,69539,CAD
CA00047020,2025-06-06,BR014,TLR-4650,C503211,cash deposit,1558.34,CAD
CA00049707,2025-06-29,BR027,TLR-2718,C500866,cash withdrawal,1059.15,CAD
CA00048048,2025-06-05,BR019,TLR-6855,C500020,cash withdrawal,868.95,CAD
CA00048400,2025-06-09,BR020,TLR-5674,C500776,cash withdrawal,1291.62,USD
CA00047982,2025-06-20,BR019,TLR-3148,C500058,cash deposit,1182.84,CAD
CA00045117,2025-06-04,BR004,TLR-7264,C501462,cash deposit,74584,CAD
CA00046769,2025-06-06,BR012,TLR-7368,C500496,cash withdrawal,1346.5,CAD
CA00051760,2025-06-05,BR037,TLR-7092,C502499,cash withdrawal,660.86,CAD
CA00049674,2025-06-14,BR027,TLR-8861,C502572,cash deposit,662.58,CAD
CA00044730,2025-06-07,BR002,TLR-3260,C502672,cash withdrawal,-489.63,CAD
CA00048894,2025-06-27,BR024,TLR-4312,C503415,cash withdrawal,378.2,CAD
CA00053053,2025-06-04,BR040,TLR-4880,C503332,cash deposit,1025.62,CAD
CA00048694,2025-06-17,BR023,TLR-3046,C502436,cash withdrawal,705.81,CAD
CA00045669,2025-06-28,BR007,TLR-1291,C500304,cash withdrawal,889.7,CAD
CA00046817,2025-06-03,BR013,TLR-5281,C500303,cash withdrawal,1625.29,CAD
CA00052568,2025-06-18,BR040,TLR-1958,C503972,cash deposit,1285.08,CAD
CA00045002,2025-06-05,BR003,TLR-7722,C500091,cash deposit,744.63,CAD
CA00048979,2025-06-08,BR024,TLR-2815,C501297,cash deposit,1582.01,CAD
CA00048606,2025-06-02,BR022,TLR-3473,C500520,cash withdrawal,564.57,CAD
CA00050111,2025-06-15,BR030,TLR-2534,C502409,cash withdrawal,629.02,CAD
CA00053089,2025-06-19,BR040,TLR-4966,C501652,cash deposit,1280.45,CAD
CA00053010,2025-06-30,BR040,TLR-7455,C501688,cash withdrawal,768.6,CAD
CA00052627,2025-06-23,BR040,TLR-8559,C503378,cash withdrawal,144532,CAD
CA00050620,2025-06-24,BR032,TLR-5032,C502656,cash withdrawal,383.07,CAD
CA00053258,2025-06-08,BR040,TLR-3722,C501395,cash deposit,87449,CAD
CA00048083,2025-06-15,BR019,TLR-5797,C502733,cash withdrawal,2341.78,CAD
CA00044936,2025-06-18,BR003,TLR-5202,C503059,cash withdrawal,545.97,CAD
CA00050452,2025-06-03,BR031,TLR-6009,C501242,cash withdrawal,1995.13,CAD
CA00047885,2025-06-19,BR018,TLR-8737,C503955,cash deposit,281.33,CAD
CA00052449,2025-06-23,BR040,TLR-1150,C501028,cash withdrawal,82638,CAD
CA00047944,2025-06-03,BR018,TLR-7291,C502331,cash deposit,3812.74,CAD
CA00049713,2025-06-14,BR027,TLR-8144,C502087,cash withdrawal,798.79,CAD
CA00047659,2025-06-26,BR017,TLR-4242,C500088,cash deposit,96336,CAD
CA00045058,2025-06-26,BR004,TLR-4020,C503163,cash deposit,443.51,CAD
CA00050411,2025-06-09,BR031,TLR-5202,C501949,cash deposit,420.37,CAD
CA00050882,2025-06-09,BR034,TLR-7367,C503459,cash deposit,504.34,CAD
CA00047210,2025-06-14,BR015,TLR-7265,C501913,cash deposit,118190,CAD
CA00050874,2025-06-20,BR034,TLR-9101,C500557,cash deposit,314.04,CAD
CA00044479,2025-06-17,BR001,TLR-7642,C502107,cash deposit,255.14,CAD
CA00052833,2025-06-22,BR040,TLR-7374,C501263,cash deposit,1198.82,CAD
CA00045910,2025-06-03,BR008,TLR-1136,C502381,cash withdrawal,77075,CAD
CA00051091,2025-06-05,BR035,TLR-3389,C503144,cash withdrawal,1360.25,CAD
CA00047039,2025-06-08,BR014,TLR-7576,C501927,cash withdrawal,1423.9,CAD
CA00047701,2025-06-07,BR017,TLR-6241,C502657,cash withdrawal,539.56,CAD
CA00052719,2025-06-12,BR040,TLR-9413,C502558,cash withdrawal,659.46,CAD
CA00049649,2025-06-20,BR027,TLR-8794,C502956,cash deposit,159.92,CAD
CA00044552,2025-06-20,BR001,TLR-3764,C501221,cash withdrawal,5336.74,CAD
CA00049242,2025-06-30,BR025,TLR-5483,C501828,cash withdrawal,-360.68,CAD
CA00050187,2025-06-06,BR030,TLR-2065,C503131,cash withdrawal,1384.82,CAD
CA00044535,2025-06-01,BR001,TLR-2377,C500601,cash withdrawal,2267.04,CAD
CA00046716,2025-06-11,BR012,TLR-3839,C502928,cash deposit,221824,CAD
CA00050155,2025-06-14,BR030,TLR-3894,C502969,cash withdrawal,619.83,CAD
CA00051164,2025-06-14,BR035,TLR-2251,C501433,cash deposit,133459,CAD
CA00050203,2025-06-29,BR030,TLR-6652,C502600,cash deposit,1080.27,CAD
CA00046978,2025-06-25,BR014,TLR-7548,C501246,cash deposit,1130.08,CAD
CA00050467,2025-06-14,BR031,TLR-9436,C503044,cash withdrawal,140241,CAD
CA00051983,2025-06-30,BR038,TLR-6084,C501424,cash withdrawal,137587,CAD
CA00048727,2025-06-11,BR023,TLR-1498,C501195,cash withdrawal,932.7,CAD
CA00044699,2025-06-01,BR002,TLR-5287,C502427,cash withdrawal,-582.26,CAD
CA00052252,2025-06-17,BR039,TLR-2185,C503863,cash withdrawal,1640.2,CAD
CA00049806,2025-06-23,BR028,TLR-4293,C502926,cash withdrawal,44567,CAD
CA00049453,2025-06-21,BR026,TLR-9290,C500588,cash deposit,839.53,CAD
CA00051385,2025-06-20,BR036,TLR-2310,C500635,cash deposit,206.02,CAD
CA00046355,2025-06-21,BR010,TLR-5678,C500409,cash withdrawal,1326.04,CAD
CA00049686,2025-06-03,BR027,TLR-1019,C503111,cash withdrawal,94860,CAD
CA00050136,2025-06-27,BR030,TLR-5199,C502883,cash withdrawal,414.19,CAD
CA00044835,2025-06-26,BR003,TLR-9761,C501901,cash withdrawal,565.02,CAD
CA00050064,2025-06-22,BR030,TLR-1832,C502973,cash deposit,801.54,CAD
CA00048413,2025-06-19,BR020,TLR-9628,C502236,cash withdrawal,829.16,USD
CA00046204,2025-06-12,BR009,TLR-1696,C502691,cash withdrawal,1365.56,CAD
CA00047096,2025-06-08,BR014,TLR-4037,C502801,cash withdrawal,1053.21,CAD
CA00050711,2025-06-09,BR033,TLR-7709,C500757,cash deposit,1884.78,CAD
CA00047029,2025-06-16,BR014,TLR-5558,C503109,cash withdrawal,1667.08,CAD
CA00050591,2025-06-20,BR032,TLR-9641,C500458,cash deposit,185589,CAD
CA00052392,2025-06-17,BR040,TLR-8598,C503452,cash deposit,1484.14,CAD
CA00049508,2025-06-24,BR026,TLR-6858,C501692,cash deposit,316523,CAD
CA00046448,2025-06-28,BR010,TLR-6311,C502390,cash withdrawal,1060.13,CAD
CA00053240,2025-06-20,BR040,TLR-4496,C502163,cash deposit,1548.43,CAD
CA00050076,2025-06-24,BR030,TLR-4342,C500895,cash deposit,4232.26,CAD
CA00048672,2025-06-20,BR022,TLR-1299,C502531,cash withdrawal,1187.04,CAD
CA00051082,2025-06-09,BR035,TLR-8421,C500593,cash deposit,1033.84,CAD
CA00051219,2025-06-30,BR035,TLR-2083,C500145,cash withdrawal,911.93,CAD
CA00051382,2025-06-04,BR036,TLR-3795,C501697,cash deposit,982.49,CAD
CA00044808,2025-06-13,BR003,TLR-2786,C503950,cash deposit,2131.91,CAD
CA00050224,2025-06-05,BR030,TLR-4880,C503133,cash deposit,456.65,CAD
CA00048260,2025-06-12,BR020,TLR-8150,C501395,cash withdrawal,1438.34,USD
CA00047630,2025-06-09,BR017,TLR-4716,C501038,cash withdrawal,3338.87,CAD
CA00045956,2025-06-08,BR008,TLR-6970,C500379,cash deposit,323956,CAD
CA00047806,2025-06-04,BR017,TLR-6544,C501239,cash deposit,1853.17,CAD
CA00052943,2025-06-02,BR040,TLR-4428,C501857,cash withdrawal,137.77,CAD
CA00049531,2025-06-26,BR026,TLR-7975,C503602,cash deposit,47205,CAD
CA00045411,2025-06-14,BR006,TLR-3340,C502581,cash withdrawal,749.03,CAD
CA00049741,2025-06-23,BR027,TLR-7829,C501780,cash deposit,437.58,CAD
CA00049936,2025-06-19,BR029,TLR-5080,C500751,cash withdrawal,1911.83,CAD
CA00048726,2025-06-27,BR023,TLR-5883,C500271,cash deposit,483.35,CAD
CA00049625,2025-06-21,BR027,TLR-1275,C502083,cash withdrawal,1690.7,CAD
CA00046624,2025-06-10,BR012,TLR-5278,C503626,cash withdrawal,1036.52,CAD
CA00050106,2025-06-28,BR030,TLR-3206,C500489,cash deposit,753.33,CAD
CA00046271,2025-06-08,BR009,TLR-6464,C503875,cash deposit,407.03,CAD
CA00046628,2025-06-22,BR012,TLR-4756,C503422,cash deposit,1080.88,CAD
CA00048135,2025-06-20,BR019,TLR-9654,C501373,cash deposit,583.21,CAD
CA00051709,2025-06-22,BR037,TLR-5048,C503838,cash deposit,270.91,CAD
CA00051989,2025-06-26,BR038,TLR-5765,C501018,cash withdrawal,705.69,CAD
CA00044431,2025-06-06,BR001,TLR-2600,C503218,cash withdrawal,89698,CAD
CA00047044,2025-06-19,BR014,TLR-5474,C502056,cash withdrawal,853.3,CAD
CA00050766,2025-06-12,BR033,TLR-9688,C502279,cash deposit,2110.42,CAD
CA00052443,2025-06-01,BR040,TLR-3386,C503308,cash deposit,2023.28,CAD
CA00051815,2025-06-21,BR037,TLR-5071,C501954,cash deposit,1972.17,CAD
CA00045491,2025-06-04,BR006,TLR-3605,C503998,cash withdrawal,657.41,CAD
CA00044935,2025-06-15,BR003,TLR-1006,C500905,cash withdrawal,768.35,CAD
CA00046240,2025-06-07,BR009,TLR-2960,C502846,cash deposit,90277,CAD
CA00048319,2025-06-03,BR020,TLR-6046,C503733,cash withdrawal,966.82,USD
CA00048908,2025-06-10,BR024,TLR-8171,C500454,cash withdrawal,2249.19,CAD
CA00048314,2025-06-16,BR020,TLR-1055,C503785,cash withdrawal,1470.51,USD
CA00048642,2025-06-13,BR022,TLR-3974,C502430,cash withdrawal,1207.41,CAD
CA00052666,2025-06-10,BR040,TLR-1959,C500673,cash deposit,232409,CAD
CA00044298,2025-06-24,BR001,TLR-9929,C503555,cash deposit,834.51,CAD
CA00053041,2025-06-19,BR040,TLR-3645,C503976,cash deposit,787.78,CAD
CA00050602,2025-06-06,BR032,TLR-6943,C501231,cash withdrawal,427115,CAD
CA00047573,2025-06-22,BR016,TLR-6562,C503649,cash withdrawal,75429,CAD
CA00045627,2025-06-22,BR007,TLR-8781,C503063,cash withdrawal,586.68,CAD
CA00048856,2025-06-20,BR024,TLR-3855,C500459,cash deposit,984.1,CAD
CA00046458,2025-06-17,BR010,TLR-9716,C502586,cash withdrawal,696.47,CAD
CA00045716,2025-06-03,BR007,TLR-8100,C503068,cash deposit,616.12,CAD
CA00046729,2025-06-10,BR012,TLR-8279,C503412,cash withdrawal,533.38,CAD
CA00052988,2025-06-14,BR040,TLR-1467,C502782,cash withdrawal,4302.76,CAD
CA00049267,2025-06-06,BR025,TLR-5260,C502478,cash deposit,298.56,CAD
CA00046162,2025-06-28,BR009,TLR-1879,C503297,cash withdrawal,557.57,CAD
CA00053127,2025-06-25,BR040,TLR-6437,C503555,cash deposit,77096,CAD
CA00044883,2025-06-30,BR003,TLR-4021,C502555,cash deposit,1297.01,CAD
CA00046230,2025-06-08,BR009,TLR-2228,C500058,cash deposit,61864,CAD
CA00050381,2025-06-04,BR031,TLR-8378,C503264,cash deposit,717.08,CAD
CA00048777,2025-06-18,BR023,TLR-6994,C500690,cash deposit,2656.32,CAD
CA00048899,2025-06-14,BR024,TLR-9194,C502645,cash withdrawal,95939,CAD
CA00050614,2025-06-23,BR032,TLR-7936,C500877,cash withdrawal,1495.42,CAD
CA00049479,2025-06-28,BR026,TLR-9097,C500565,cash deposit,382.32,CAD
CA00048216,2025-06-02,BR019,TLR-4418,C500201,cash deposit,2856.77,CAD
CA00049191,2025-06-23,BR025,TLR-8907,C502315,cash withdrawal,-568.97,CAD
CA00049509,2025-06-04,BR026,TLR-7292,C502262,cash withdrawal,-1280.71,CAD
CA00048360,2025-06-22,BR020,TLR-9459,C503807,cash deposit,1485.04,USD
CA00046846,2025-06-05,BR013,TLR-7842,C502327,cash deposit,583.35,CAD
CA00049546,2025-06-21,BR026,TLR-5512,C502352,cash deposit,387.67,CAD
CA00046682,2025-06-17,BR012,TLR-5114,C500177,cash withdrawal,416.39,CAD
CA00044435,2025-06-04,BR001,TLR-1318,C503308,cash deposit,996.08,CAD
CA00052596,2025-06-12,BR040,TLR-7996,C502693,cash withdrawal,1876.76,CAD
CA00049964,2025-06-19,BR029,TLR-4305,C500322,cash withdrawal,483.66,CAD
CA00053077,2025-06-02,BR040,TLR-3978,C502181,cash deposit,465.4,CAD
CA00049065,2025-06-18,BR024,TLR-1883,C503539,cash deposit,696.14,CAD
CA00051501,2025-06-01,BR036,TLR-1493,C501693,cash withdrawal,552.17,CAD
CA00050496,2025-06-06,BR031,TLR-5175,C501786,cash withdrawal,253.54,CAD
CA00051045,2025-06-16,BR035,TLR-4153,C502338,cash deposit,188156,CAD
CA00052642,2025-06-22,BR040,TLR-2031,C503405,cash withdrawal,659.28,CAD
CA00048086,2025-06-18,BR019,TLR-7693,C503299,cash withdrawal,297.66,CAD
CA00044351,2025-06-24,BR001,TLR-1948,C502313,cash withdrawal,1561.3,CAD
CA00051228,2025-06-21,BR035,TLR-3118,C500077,cash withdrawal,1731.88,CAD
CA00044576,2025-06-18,BR002,TLR-2188,C503017,cash deposit,672.77,CAD
CA00053082,2025-06-04,BR040,TLR-5670,C500269,cash withdrawal,200975,CAD
CA00051569,2025-06-14,BR036,TLR-1997,C502878,cash withdrawal,1873.25,CAD
CA00044544,2025-06-29,BR001,TLR-5923,C501149,cash deposit,56902,CAD
CA00050013,2025-06-18,BR030,TLR-8253,C503924,cash withdrawal,453.33,CAD
CA00046982,2025-06-16,BR014,TLR-9693,C503865,cash withdrawal,477.99,CAD
CA00052821,2025-06-10,BR040,TLR-7709,C500129,cash deposit,3271.53,CAD
CA00047173,2025-06-12,BR015,TLR-5007,C500258,cash withdrawal,55284,CAD
CA00053197,2025-06-16,BR040,TLR-8575,C503476,cash deposit,958.31,CAD
CA00045855,2025-06-18,BR008,TLR-5257,C501581,cash withdrawal,91.49,CAD
CA00046245,2025-06-18,BR009,TLR-3521,C501466,cash deposit,284.37,CAD
CA00048609,2025-06-16,BR022,TLR-8784,C500353,cash withdrawal,152491,CAD
CA00045614,2025-06-28,BR006,TLR-4409,C503099,cash deposit,1605.17,CAD
CA00044545,2025-06-18,BR001,TLR-9913,C503957,cash withdrawal,1048.82,CAD
CA00044288,2025-06-20,BR001,TLR-2855,C500217,cash deposit,1608.71,CAD
CA00048603,2025-06-17,BR022,TLR-3856,C502824,cash withdrawal,843.67,CAD
CA00049342,2025-06-22,BR026,TLR-3233,C503615,cash withdrawal,-385.72,CAD
CA00052066,2025-06-04,BR038,TLR-6900,C502620,cash withdrawal,457.47,CAD
CA00045906,2025-06-17,BR008,TLR-3182,C500449,cash deposit,534.85,CAD
CA00045426,2025-06-19,BR006,TLR-2978,C501190,cash withdrawal,1815.22,CAD
CA00049705,2025-06-02,BR027,TLR-5796,C500938,cash deposit,1126.25,CAD
CA00050533,2025-06-08,BR031,TLR-3866,C503428,cash withdrawal,2133.99,CAD
CA00051017,2025-06-14,BR035,TLR-5179,C502055,cash withdrawal,254839,CAD
CA00047635,2025-06-02,BR017,TLR-3481,C501909,cash withdrawal,397.51,CAD
CA00049758,2025-06-11,BR027,TLR-7063,C502942,cash deposit,9311.57,CAD
CA00048892,2025-06-13,BR024,TLR-7493,C501095,cash deposit,1028.47,CAD
CA00051800,2025-06-23,BR037,TLR-3258,C503221,cash deposit,2098.33,CAD
CA00050621,2025-06-11,BR032,TLR-8920,C501576,cash deposit,1396.91,CAD
CA00044813,2025-06-14,BR003,TLR-2730,C503322,cash withdrawal,507.94,CAD
CA00044900,2025-06-01,BR003,TLR-9020,C503275,cash withdrawal,37986,CAD
CA00048374,2025-06-23,BR020,TLR-6025,C501321,cash deposit,2962.46,USD
CA00046263,2025-06-18,BR009,TLR-5905,C501564,cash withdrawal,26458,CAD
CA00045254,2025-06-18,BR004,TLR-4291,C501102,cash deposit,583.9,CAD
CA00049603,2025-06-14,BR027,TLR-6801,C500691,cash deposit,657.03,CAD
CA00052650,2025-06-22,BR040,TLR-9667,C500275,cash deposit,1629.79,CAD
CA00050669,2025-06-26,BR032,TLR-7174,C502465,cash deposit,464.55,CAD
CA00051508,2025-06-16,BR036,TLR-6491,C503243,cash withdrawal,4423.98,CAD
CA00045836,2025-06-14,BR007,TLR-5457,C501886,cash withdrawal,998.96,CAD
CA00048238,2025-06-29,BR020,TLR-7025,C500586,cash withdrawal,709.9,USD
CA00050613,2025-06-03,BR032,TLR-7155,C503689,cash withdrawal,724.54,CAD
CA00052633,2025-06-11,BR040,TLR-1566,C502504,cash deposit,1516.48,CAD
CA00050745,2025-06-22,BR033,TLR-2540,C503428,cash deposit,735.69,CAD
CA00047762,2025-06-03,BR017,TLR-8445,C501925,cash deposit,1551.19,CAD
CA00045158,2025-06-26,BR004,TLR-6368,C500115,cash withdrawal,1429.07,CAD
CA00045186,2025-06-22,BR004,TLR-1363,C501210,cash deposit,2704.58,CAD
CA00048466,2025-06-21,BR021,TLR-6825,C501381,cash withdrawal,599.59,CAD
CA00050588,2025-06-07,BR032,TLR-6670,C502926,cash withdrawal,627.88,CAD
CA00051474,2025-06-17,BR036,TLR-2405,C500189,cash deposit,1253.79,CAD
CA00048907,2025-06-25,BR024,TLR-9269,C501376,cash deposit,917.03,CAD
CA00045686,2025-06-18,BR007,TLR-8596,C500956,cash deposit,755.09,CAD
CA00044675,2025-06-25,BR002,TLR-2516,C500193,cash withdrawal,-534.78,CAD
CA00052653,2025-06-16,BR040,TLR-2645,C500590,cash withdrawal,233223,CAD
CA00049257,2025-06-21,BR025,TLR-8400,C502045,cash deposit,158598,CAD
CA00051327,2025-06-25,BR036,TLR-8609,C502144,cash withdrawal,2304.67,CAD
CA00050156,2025-06-20,BR030,TLR-5446,C501282,cash withdrawal,2608.4,CAD
CA00045387,2025-06-23,BR006,TLR-8773,C500270,cash deposit,1811.99,CAD
CA00045073,2025-06-30,BR004,TLR-8997,C502475,cash deposit,264.8,CAD
CA00050859,2025-06-01,BR034,TLR-2111,C500703,cash deposit,55298,CAD
CA00049577,2025-06-23,BR027,TLR-8679,C502225,cash deposit,510.31,CAD
CA00050056,2025-06-17,BR030,TLR-9627,C500213,cash withdrawal,351.93,CAD
CA00049483,2025-06-28,BR026,TLR-8925,C503104,cash deposit,427.54,CAD
CA00049284,2025-06-21,BR025,TLR-2923,C500750,cash deposit,1894.92,CAD
CA00045318,2025-06-03,BR005,TLR-8758,C500653,cash deposit,1323.6,CAD
CA00048283,2025-06-20,BR020,TLR-1754,C502098,cash withdrawal,474.08,USD
CA00047742,2025-06-19,BR017,TLR-6726,C500483,cash withdrawal,815.27,CAD
CA00048101,2025-06-18,BR019,TLR-3685,C501027,cash deposit,939.96,CAD
CA00051257,2025-06-04,BR035,TLR-6386,C503571,cash deposit,557.32,CAD
CA00051104,2025-06-02,BR035,TLR-9528,C502894,cash deposit,1305.21,CAD
CA00048168,2025-06-17,BR019,TLR-1973,C500949,cash deposit,780.5,CAD
CA00050403,2025-06-24,BR031,TLR-2519,C503912,cash deposit,84701,CAD
CA00044812,2025-06-02,BR003,TLR-5440,C500799,cash deposit,1274.91,CAD
CA00051167,2025-06-26,BR035,TLR-3563,C501364,cash deposit,302.37,CAD
CA00044801,2025-06-21,BR003,TLR-8908,C500171,cash withdrawal,723.54,CAD
CA00052963,2025-06-15,BR040,TLR-3968,C501468,cash withdrawal,604.86,CAD
CA00050001,2025-06-13,BR029,TLR-5879,C500666,cash deposit,2247.55,CAD
CA00050197,2025-06-24,BR030,TLR-5978,C503821,cash deposit,2767.57,CAD
CA00045882,2025-06-12,BR008,TLR-8250,C502705,cash withdrawal,190.28,CAD
CA00049853,2025-06-20,BR028,TLR-3934,C503347,cash deposit,841.47,CAD
CA00051121,2025-06-07,BR035,TLR-6434,C501370,cash withdrawal,2162.37,CAD
CA00048815,2025-06-17,BR024,TLR-5177,C502975,cash deposit,85557,CAD
CA00050434,2025-06-29,BR031,TLR-9022,C500003,cash withdrawal,1066.45,CAD
CA00044659,2025-06-14,BR002,TLR-6509,C502253,cash withdrawal,-942.45,CAD
CA00050960,2025-06-26,BR034,TLR-3515,C500271,cash deposit,1184.54,CAD
CA00050658,2025-06-20,BR032,TLR-7300,C501421,cash deposit,1389.08,CAD
CA00052923,2025-06-27,BR040,TLR-6334,C500354,cash deposit,893.38,CAD
CA00050920,2025-06-16,BR034,TLR-9793,C503854,cash withdrawal,1520.49,CAD
CA00050706,2025-06-23,BR033,TLR-4809,C501130,cash deposit,36038,CAD
CA00047357,2025-06-14,BR015,TLR-4906,C503754,cash deposit,1970.04,CAD
CA00051633,2025-06-05,BR037,TLR-4725,C502436,cash deposit,65900,CAD
CA00045277,2025-06-05,BR004,TLR-3730,C502899,cash withdrawal,1711.0,CAD
CA00044458,2025-06-09,BR001,TLR-1282,C502010,cash deposit,1272.36,CAD
CA00047917,2025-06-02,BR018,TLR-7610,C501174,cash deposit,3013.65,CAD
CA00052151,2025-06-17,BR039,TLR-6524,C502998,cash deposit,808.97,CAD
CA00051268,2025-06-29,BR035,TLR-2665,C501706,cash deposit,82619,CAD
CA00051639,2025-06-29,BR037,TLR-1933,C503773,cash deposit,2056.3,CAD
CA00051454,2025-06-04,BR036,TLR-2791,C502884,cash withdrawal,63946,CAD
CA00051367,2025-06-11,BR036,TLR-3874,C502929,cash withdrawal,1230.65,CAD
CA00047278,2025-06-20,BR015,TLR-2991,C503948,cash withdrawal,1214.67,CAD
CA00049349,2025-06-22,BR026,TLR-4016,C503468,cash deposit,1872.95,CAD
CA00047567,2025-06-25,BR016,TLR-2026,C502278,cash withdrawal,43302,CAD
CA00050145,2025-06-06,BR030,TLR-5977,C500756,cash withdrawal,2590.68,CAD
CA00050359,2025-06-01,BR031,TLR-8167,C500804,cash withdrawal,1810.48,CAD
CA00053141,2025-06-01,BR040,TLR-3392,C502919,cash withdrawal,954.57,CAD
CA00050125,2025-06-10,BR030,TLR-7697,C502034,cash withdrawal,1534.66,CAD
CA00046595,2025-06-13,BR012,TLR-6175,C500777,cash deposit,818.01,CAD
CA00052346,2025-06-14,BR040,TLR-2109,C503646,cash withdrawal,495.82,CAD
CA00051913,2025-06-13,BR038,TLR-3380,C500972,cash withdrawal,1417.28,CAD
CA00050338,2025-06-11,BR031,TLR-2696,C503584,cash withdrawal,1550.69,CAD
CA00052989,2025-06-11,BR040,TLR-8808,C501313,cash deposit,1012.69,CAD
CA00050113,2025-06-28,BR030,TLR-5861,C503264,cash deposit,458.02,CAD
CA00050549,2025-06-09,BR031,TLR-5964,C500192,cash withdrawal,180.0,CAD
CA00052301,2025-06-26,BR040,TLR-6550,C502114,cash withdrawal,803.1,CAD
CA00052324,2025-06-13,BR040,TLR-9169,C502997,cash withdrawal,689.18,CAD
CA00047564,2025-06-13,BR016,TLR-8445,C502066,cash withdrawal,1486.35,CAD
CA00046768,2025-06-06,BR012,TLR-3522,C501586,cash deposit,712.38,CAD
CA00044891,2025-06-19,BR003,TLR-9742,C500241,cash withdrawal,797.46,CAD
CA00046003,2025-06-08,BR008,TLR-4426,C502307,cash deposit,685.79,CAD
CA00048062,2025-06-02,BR019,TLR-5499,C502802,cash withdrawal,262.73,CAD
CA00045022,2025-06-20,BR004,TLR-4867,C500329,cash withdrawal,3378.18,CAD
CA00052525,2025-06-08,BR040,TLR-2198,C503619,cash withdrawal,1057.52,CAD
CA00053247,2025-06-17,BR040,TLR-3106,C503264,cash deposit,1019.7,CAD
CA00051535,2025-06-07,BR036,TLR-5868,C500795,cash withdrawal,1619.56,CAD
CA00046180,2025-06-20,BR009,TLR-2123,C500993,cash deposit,770.55,CAD
CA00044515,2025-06-28,BR001,TLR-4894,C502461,cash withdrawal,725.11,CAD
CA00048743,2025-06-22,BR023,TLR-4492,C502278,cash deposit,142.94,CAD
CA00050146,2025-06-23,BR030,TLR-1866,C502925,cash withdrawal,1017.8,CAD
CA00045343,2025-06-11,BR005,TLR-5328,C502938,cash withdrawal,1044.83,CAD
CA00047904,2025-06-10,BR018,TLR-5523,C500047,cash withdrawal,1841.76,CAD
CA00049923,2025-06-10,BR029,TLR-6381,C502428,cash deposit,230959,CAD
CA00052314,2025-06-28,BR040,TLR-7872,C502690,cash deposit,2182.71,CAD
CA00050943,2025-06-10,BR034,TLR-2462,C502388,cash deposit,539.52,CAD
CA00049507,2025-06-18,BR026,TLR-2584,C503910,cash deposit,5491.45,CAD
CA00047045,2025-06-21,BR014,TLR-8220,C502139,cash withdrawal,33647,CAD
CA00048793,2025-06-17,BR024,TLR-2849,C502160,cash withdrawal,1678.1,CAD
CA00049325,2025-06-10,BR026,TLR-8818,C501134,cash withdrawal,-367.02,CAD
CA00048796,2025-06-01,BR024,TLR-7146,C500387,cash withdrawal,1021.87,CAD
CA00045338,2025-06-05,BR005,TLR-9383,C503719,cash deposit,2130.96,CAD
CA00051572,2025-06-10,BR036,TLR-1825,C503395,cash withdrawal,466.84,CAD
CA00045780,2025-06-13,BR007,TLR-6916,C503080,cash withdrawal,1526.47,CAD
CA00044738,2025-06-25,BR002,TLR-1346,C502419,cash deposit,1090.92,CAD
CA00051776,2025-06-10,BR037,TLR-7859,C503758,cash deposit,2090.82,CAD
CA00051773,2025-06-14,BR037,TLR-5628,C500348,cash withdrawal,1815.71,CAD
CA00052638,2025-06-02,BR040,TLR-6104,C501527,cash withdrawal,896.16,CAD
CA00052384,2025-06-10,BR040,TLR-4721,C501278,cash deposit,1027.33,CAD
CA00048445,2025-06-30,BR021,TLR-6701,C502295,cash withdrawal,390.11,CAD
CA00046445,2025-06-23,BR010,TLR-2375,C501885,cash withdrawal,1331.08,CAD
CA00046220,2025-06-26,BR009,TLR-8780,C501835,cash withdrawal,509.29,CAD
CA00048392,2025-06-21,BR020,TLR-6393,C502873,cash withdrawal,470.1,USD
CA00047767,2025-06-24,BR017,TLR-6161,C501914,cash deposit,75439,CAD
CA00048269,2025-06-26,BR020,TLR-6038,C501490,cash withdrawal,350.01,USD
CA00051964,2025-06-20,BR038,TLR-1430,C500865,cash deposit,646.04,CAD
CA00051818,2025-06-04,BR037,TLR-7130,C501622,cash deposit,1058.01,CAD
CA00045369,2025-06-09,BR006,TLR-6756,C503899,cash deposit,3301.03,CAD
CA00048447,2025-06-24,BR021,TLR-8697,C502530,cash withdrawal,6319.36,CAD
CA00051540,2025-06-16,BR036,TLR-3996,C501539,cash withdrawal,2204.34,CAD
CA00044619,2025-06-03,BR002,TLR-7109,C503703,cash deposit,52481,CAD
CA00049595,2025-06-20,BR027,TLR-4136,C500040,cash deposit,3049.14,CAD
CA00051669,2025-06-07,BR037,TLR-4964,C503459,cash withdrawal,455.83,CAD
CA00052086,2025-06-13,BR038,TLR-8581,C501387,cash deposit,2463.24,CAD
CA00046658,2025-06-10,BR012,TLR-3546,C500500,cash deposit,2286.4,CAD
CA00045537,2025-06-05,BR006,TLR-6236,C500243,cash withdrawal,730.91,CAD
CA00048416,2025-06-27,BR020,TLR-8046,C502147,cash deposit,1680.6,USD
CA00052331,2025-06-12,BR040,TLR-2894,C503788,cash deposit,656.43,CAD
CA00047119,2025-06-03,BR015,TLR-2381,C500002,cash withdrawal,129651,CAD
CA00049130,2025-06-17,BR025,TLR-5694,C503519,cash withdrawal,-375.24,CAD
CA00045374,2025-06-29,BR006,TLR-9579,C501389,cash withdrawal,2268.4,CAD
CA00051757,2025-06-22,BR037,TLR-3798,C503074,cash withdrawal,502.12,CAD
CA00046614,2025-06-23,BR012,TLR-1053,C503936,cash deposit,1089.64,CAD
CA00045017,2025-06-17,BR004,TLR-4592,C500137,cash deposit,541.81,CAD
CA00050307,2025-06-03,BR030,TLR-5175,C502137,cash deposit,1470.03,CAD
CA00049254,2025-06-06,BR025,TLR-8276,C501475,cash deposit,879.08,CAD
CA00045645,2025-06-24,BR007,TLR-1472,C503428,cash deposit,68460,CAD
CA00051259,2025-06-24,BR035,TLR-4615,C500311,cash deposit,835.4,CAD
CA00047802,2025-06-09,BR017,TLR-2533,C503394,cash deposit,86108,CAD
CA00045064,2025-06-23,BR004,TLR-6136,C501597,cash withdrawal,987.72,CAD
CA00048852,2025-06-16,BR024,TLR-1588,C500572,cash deposit,2742.83,CAD
CA00050935,2025-06-29,BR034,TLR-6083,C500913,cash withdrawal,257891,CAD
CA00045366,2025-06-27,BR006,TLR-3089,C500270,cash deposit,83884,CAD
CA00047100,2025-06-15,BR014,TLR-6006,C503152,cash deposit,1278.38,CAD
CA00052040,2025-06-04,BR038,TLR-3713,C502109,cash withdrawal,296.88,CAD
CA00052872,2025-06-14,BR040,TLR-4644,C502029,cash withdrawal,140127,CAD
CA00051763,2025-06-29,BR037,TLR-5917,C500050,cash withdrawal,258987,CAD
CA00048550,2025-06-04,BR021,TLR-9364,C503211,cash withdrawal,481.18,CAD
CA00052984,2025-06-30,BR040,TLR-1741,C500011,cash deposit,927.01,CAD
CA00044672,2025-06-27,BR002,TLR-1870,C503248,cash deposit,769.08,CAD
CA00049353,2025-06-19,BR026,TLR-2720,C501308,cash withdrawal,-694.51,CAD
CA00046274,2025-06-27,BR009,TLR-9832,C503109,cash deposit,461.22,CAD
CA00048956,2025-06-22,BR024,TLR-9488,C500228,cash deposit,747.68,CAD
CA00049696,2025-06-02,BR027,TLR-3862,C502791,cash deposit,1325.58,CAD
CA00045424,2025-06-06,BR006,TLR-2523,C501908,cash withdrawal,948.04,CAD
CA00047436,2025-06-18,BR016,TLR-6059,C502776,cash deposit,562.2,CAD
CA00050503,2025-06-04,BR031,TLR-7073,C502716,cash deposit,672.39,CAD
CA00047948,2025-06-11,BR018,TLR-3463,C500474,cash deposit,820.78,CAD
CA00049775,2025-06-22,BR028,TLR-2013,C500418,cash withdrawal,2087.58,CAD
CA00050385,2025-06-29,BR031,TLR-1636,C502581,cash withdrawal,1983.85,CAD
CA00048843,2025-06-29,BR024,TLR-1726,C503430,cash withdrawal,110949,CAD
CA00046007,2025-06-16,BR008,TLR-2388,C502470,cash deposit,726.95,CAD
CA00049054,2025-06-25,BR024,TLR-6669,C502768,cash withdrawal,84089,CAD
CA00050281,2025-06-25,BR030,TLR-5568,C501862,cash withdrawal,930.12,CAD
CA00044799,2025-06-01,BR003,TLR-7591,C501444,cash withdrawal,1007.57,CAD
CA00050260,2025-06-07,BR030,TLR-2883,C500901,cash deposit,56361,CAD
CA00051085,2025-06-25,BR035,TLR-3766,C502705,cash withdrawal,1205.14,CAD
CA00046665,2025-06-24,BR012,TLR-1911,C502188,cash deposit,50750,CAD
CA00044693,2025-06-07,BR002,TLR-2572,C501781,cash deposit,4598.12,CAD
CA00045196,2025-06-25,BR004,TLR-6661,C502625,cash withdrawal,1488.47,CAD
CA00044879,2025-06-01,BR003,TLR-6813,C503088,cash withdrawal,1518.67,CAD
CA00044398,2025-06-15,BR001,TLR-8567,C500005,cash withdrawal,1506.32,CAD
CA00048884,2025-06-22,BR024,TLR-3205,C503921,cash withdrawal,1371.41,CAD
CA00044404,2025-06-18,BR001,TLR-9383,C503483,cash withdrawal,3677.04,CAD
CA00051895,2025-06-16,BR038,TLR-4059,C503200,cash withdrawal,1195.52,CAD
CA00050650,2025-06-19,BR032,TLR-2701,C501768,cash deposit,668.13,CAD
CA00052951,2025-06-23,BR040,TLR-9042,C503154,cash deposit,650.6,CAD
CA00051353,2025-06-26,BR036,TLR-8548,C502448,cash withdrawal,1297.88,CAD
CA00049612,2025-06-25,BR027,TLR-1967,C501459,cash deposit,1122.94,CAD
CA00046987,2025-06-05,BR014,TLR-3048,C501529,cash withdrawal,1664.49,CAD
CA00048245,2025-06-03,BR020,TLR-1540,C501161,cash withdrawal,655.84,USD
CA00049458,2025-06-18,BR026,TLR-1528,C503506,cash withdrawal,-335.57,CAD
CA00051514,2025-06-10,BR036,TLR-6026,C503117,cash withdrawal,1847.02,CAD
CA00049986,2025-06-02,BR029,TLR-6386,C502357,cash deposit,1163.6,CAD
CA00045405,2025-06-06,BR006,TLR-2763,C502874,cash deposit,800.96,CAD
CA00046452,2025-06-08,BR010,TLR-7721,C500721,cash withdrawal,406.46,CAD
CA00047101,2025-06-01,BR014,TLR-7790,C502231,cash withdrawal,998.94,CAD
CA00044754,2025-06-07,BR002,TLR-5957,C503263,cash withdrawal,-758.72,CAD
CA00049580,2025-06-25,BR027,TLR-4424,C501985,cash withdrawal,444.88,CAD
CA00045831,2025-06-25,BR007,TLR-2324,C500027,cash withdrawal,2187.17,CAD
CA00050166,2025-06-09,BR030,TLR-8960,C503547,cash deposit,1096.11,CAD
CA00046266,2025-06-28,BR009,TLR-3998,C502965,cash withdrawal,917.39,CAD
CA00046291,2025-06-10,BR009,TLR-2083,C501843,cash withdrawal,986.54,CAD
CA00046334,2025-06-06,BR010,TLR-9327,C502189,cash withdrawal,167916,CAD
CA00050751,2025-06-17,BR033,TLR-9308,C502710,cash deposit,133958,CAD
CA00052309,2025-06-18,BR040,TLR-3198,C501065,cash withdrawal,5001.7,CAD
CA00048436,2025-06-21,BR021,TLR-7740,C503229,cash deposit,491.49,CAD
CA00053173,2025-06-28,BR040,TLR-9247,C501122,cash withdrawal,522.83,CAD
CA00048005,2025-06-18,BR019,TLR-1960,C502227,cash withdrawal,235495,CAD
CA00048213,2025-06-16,BR019,TLR-6887,C503892,cash withdrawal,361.38,CAD
CA00051317,2025-06-08,BR036,TLR-3709,C501720,cash withdrawal,1289.15,CAD
CA00045668,2025-06-01,BR007,TLR-6683,C502028,cash withdrawal,735.86,CAD
CA00052268,2025-06-24,BR039,TLR-8466,C501925,cash withdrawal,740.25,CAD
CA00048989,2025-06-17,BR024,TLR-4992,C502929,cash deposit,542.99,CAD
CA00044667,2025-06-02,BR002,TLR-3968,C500823,cash withdrawal,-752.76,CAD
CA00051432,2025-06-06,BR036,TLR-9126,C500620,cash withdrawal,653.66,CAD
CA00050109,2025-06-24,BR030,TLR-7460,C503627,cash deposit,121642,CAD
CA00052213,2025-06-07,BR039,TLR-1791,C500836,cash deposit,1305.77,CAD
CA00045402,2025-06-06,BR006,TLR-8991,C501028,cash withdrawal,1600.29,CAD
CA00051277,2025-06-07,BR035,TLR-4764,C503322,cash withdrawal,638.34,CAD
CA00046322,2025-06-01,BR010,TLR-7359,C501743,cash deposit,485.42,CAD
CA00053245,2025-06-03,BR040,TLR-4747,C501807,cash withdrawal,1001.46,CAD
CA00051077,2025-06-15,BR035,TLR-6730,C502858,cash withdrawal,99872,CAD
CA00047131,2025-06-01,BR015,TLR-8644,C502552,cash deposit,31384,CAD
CA00047269,2025-06-13,BR015,TLR-2870,C501148,cash withdrawal,557.24,CAD
CA00052861,2025-06-02,BR040,TLR-3926,C501927,cash withdrawal,729.95,CAD
CA00045935,2025-06-21,BR008,TLR-8522,C502429,cash withdrawal,232.2,CAD
CA00047352,2025-06-14,BR015,TLR-5058,C501828,cash deposit,3598.92,CAD
CA00049890,2025-06-24,BR029,TLR-5013,C502043,cash deposit,3697.47,CAD
CA00051645,2025-06-26,BR037,TLR-7652,C501148,cash withdrawal,1588.22,CAD
CA00051602,2025-06-06,BR036,TLR-8936,C501731,cash withdrawal,2114.79,CAD
CA00051334,2025-06-22,BR036,TLR-7548,C501723,cash withdrawal,1188.59,CAD
CA00051043,2025-06-09,BR035,TLR-8474,C501180,cash deposit,654.72,CAD
CA00052092,2025-06-11,BR038,TLR-3170,C502305,cash withdrawal,595.98,CAD
CA00051542,2025-06-28,BR036,TLR-1387,C501148,cash deposit,809.04,CAD
CA00049478,2025-06-18,BR026,TLR-9705,C501151,cash deposit,1055.09,CAD
CA00050245,2025-06-28,BR030,TLR-3467,C502122,cash withdrawal,658.89,CAD
CA00051603,2025-06-22,BR036,TLR-9299,C503226,cash withdrawal,2403.32,CAD
CA00048242,2025-06-29,BR020,TLR-7293,C500845,cash withdrawal,675.77,USD
CA00049578,2025-06-19,BR027,TLR-9047,C500043,cash withdrawal,75892,CAD
CA00053000,2025-06-11,BR040,TLR-1582,C500361,cash deposit,1038.38,CAD
CA00045213,2025-06-01,BR004,TLR-9921,C500365,cash withdrawal,119755,CAD
CA00049135,2025-06-03,BR025,TLR-1035,C501486,cash deposit,350.45,CAD
CA00052789,2025-06-08,BR040,TLR-6066,C500987,cash deposit,3402.99,CAD
CA00047333,2025-06-30,BR015,TLR-7737,C500691,cash withdrawal,297.41,CAD
CA00049456,2025-06-23,BR026,TLR-9014,C500777,cash withdrawal,-1595.51,CAD
CA00045816,2025-06-04,BR007,TLR-5572,C503056,cash deposit,845.4,CAD
CA00044477,2025-06-22,BR001,TLR-3115,C501816,cash withdrawal,618.59,CAD
CA00045845,2025-06-08,BR007,TLR-5854,C502139,cash deposit,376.81,CAD
CA00051792,2025-06-15,BR037,TLR-8443,C501332,cash deposit,372.5,CAD
CA00044526,2025-06-23,BR001,TLR-6320,C501624,cash deposit,666.03,CAD
CA00048951,2025-06-11,BR024,TLR-3327,C500006,cash deposit,358.67,CAD
CA00049402,2025-06-25,BR026,TLR-3814,C501900,cash withdrawal,-557.63,CAD
CA00052507,2025-06-23,BR040,TLR-1562,C503963,cash deposit,1248.44,CAD
CA00048305,2025-06-08,BR020,TLR-1713,C500047,cash withdrawal,131.74,USD
CA00046575,2025-06-29,BR012,TLR-7655,C501311,cash withdrawal,92166,CAD
CA00044444,2025-06-03,BR001,TLR-7950,C500300,cash deposit,2160.24,CAD
CA00046193,2025-06-13,BR009,TLR-8815,C503965,cash deposit,359.92,CAD
CA00047534,2025-06-03,BR016,TLR-8924,C501573,cash deposit,1475.44,CAD
CA00052433,2025-06-08,BR040,TLR-4858,C501006,cash withdrawal,326.02,CAD
CA00049128,2025-06-28,BR025,TLR-9575,C502242,cash deposit,37739,CAD
CA00050892,2025-06-03,BR034,TLR-9368,C500856,cash deposit,274.4,CAD
CA00051054,2025-06-24,BR035,TLR-9959,C501727,cash deposit,235.44,CAD
CA00044315,2025-06-23,BR001,TLR-4732,C501213,cash deposit,2129.83,CAD
CA00050091,2025-06-22,BR030,TLR-3174,C500862,cash withdrawal,365.8,CAD
CA00053045,2025-06-20,BR040,TLR-1710,C501922,cash withdrawal,1196.18,CAD
CA00045486,2025-06-25,BR006,TLR-6667,C502108,cash withdrawal,751.98,CAD
CA00047340,2025-06-30,BR015,TLR-8864,C501959,cash deposit,1296.28,CAD
CA00052806,2025-06-25,BR040,TLR-9276,C501287,cash deposit,1767.88,CAD
CA00051235,2025-06-21,BR035,TLR-2262,C501581,cash deposit,621.97,CAD
CA00052365,2025-06-17,BR040,TLR-2398,C502098,cash deposit,4077.8,CAD
CA00049356,2025-06-25,BR026,TLR-9961,C502409,cash deposit,879.66,CAD
CA00053042,2025-06-17,BR040,TLR-8700,C500527,cash withdrawal,919.55,CAD
CA00051101,2025-06-14,BR035,TLR-8916,C503530,cash deposit,1117.68,CAD
CA00047773,2025-06-14,BR017,TLR-5551,C502139,cash deposit,582.33,CAD
CA00044925,2025-06-30,BR003,TLR-1600,C503314,cash deposit,1203.14,CAD
CA00045757,2025-06-05,BR007,TLR-2815,C500451,cash withdrawal,361.2,CAD
CA00051286,2025-06-21,BR036,TLR-2267,C501210,cash deposit,57725,CAD
CA00049706,2025-06-03,BR027,TLR-1134,C503194,cash deposit,3357.86,CAD
CA00051915,2025-06-12,BR038,TLR-7392,C501653,cash deposit,299.41,CAD
CA00049984,2025-06-17,BR029,TLR-7147,C503606,cash deposit,1574.28,CAD
CA00052773,2025-06-20,BR040,TLR-7943,C502679,cash withdrawal,1560.73,CAD
CA00048516,2025-06-15,BR021,TLR-5516,C500426,cash withdrawal,1698.75,CAD
CA00046788,2025-06-21,BR012,TLR-4707,C501505,cash withdrawal,1524.04,CAD
CA00049047,2025-06-14,BR024,TLR-5676,C503661,cash withdrawal,738.59,CAD
CA00047819,2025-06-03,BR017,TLR-1653,C503672,cash withdrawal,357.81,CAD
CA00051338,2025-06-27,BR036,TLR-5025,C503597,cash deposit,679.84,CAD
CA00044376,2025-06-10,BR001,TLR-3667,C503763,cash deposit,74673,CAD
CA00049158,2025-06-22,BR025,TLR-9020,C502862,cash withdrawal,-1268.61,CAD
CA00049793,2025-06-28,BR028,TLR-9347,C502087,cash withdrawal,1081.07,CAD
CA00047874,2025-06-16,BR018,TLR-4070,C501210,cash deposit,498.12,CAD
CA00047699,2025-06-15,BR017,TLR-8652,C503991,cash deposit,631.89,CAD
CA00045623,2025-06-15,BR006,TLR-5501,C502047,cash deposit,1386.68,CAD
CA00053208,2025-06-24,BR040,TLR-5399,C503804,cash withdrawal,224.89,CAD
CA00048709,2025-06-29,BR023,TLR-7907,C500682,cash withdrawal,118223,CAD
CA00045285,2025-06-15,BR005,TLR-3334,C503544,cash withdrawal,54272,CAD
CA00049205,2025-06-12,BR025,TLR-8241,C501416,cash withdrawal,-1559.15,CAD
CA00050556,2025-06-29,BR032,TLR-9997,C501657,cash withdrawal,545.27,CAD
CA00046626,2025-06-06,BR012,TLR-5452,C503185,cash deposit,590.45,CAD
CA00046149,2025-06-03,BR009,TLR-6438,C501585,cash deposit,1242.41,CAD
CA00047789,2025-06-02,BR017,TLR-7695,C500128,cash withdrawal,631.05,CAD
CA00047057,2025-06-19,BR014,TLR-4307,C501082,cash deposit,2553.39,CAD
CA00048272,2025-06-04,BR020,TLR-6692,C500794,cash withdrawal,488.58,USD
CA00050472,2025-06-29,BR031,TLR-6691,C500485,cash deposit,1592.54,CAD
CA00052711,2025-06-22,BR040,TLR-9171,C501359,cash withdrawal,1428.72,CAD
CA00044997,2025-06-21,BR003,TLR-7188,C503412,cash deposit,166308,CAD
CA00048690,2025-06-07,BR023,TLR-8399,C501860,cash deposit,4435.85,CAD
CA00045039,2025-06-01,BR004,TLR-7411,C500008,cash withdrawal,1153.92,CAD
CA00053062,2025-06-10,BR040,TLR-5392,C501825,cash withdrawal,850.52,CAD
CA00049969,2025-06-19,BR029,TLR-1651,C502544,cash withdrawal,1666.16,CAD
CA00047680,2025-06-12,BR017,TLR-4533,C501153,cash withdrawal,1643.78,CAD
CA00045900,2025-06-06,BR008,TLR-4526,C500986,cash deposit,2023.5,CAD
CA00050538,2025-06-25,BR031,TLR-7341,C501739,cash deposit,1874.89,CAD
CA00049406,2025-06-26,BR026,TLR-6026,C501648,cash withdrawal,-76230,CAD
CA00051701,2025-06-03,BR037,TLR-5467,C501595,cash deposit,4661.04,CAD
CA00048180,2025-06-09,BR019,TLR-2698,C503501,cash deposit,2179.74,CAD
CA00052199,2025-06-20,BR039,TLR-8326,C501725,cash deposit,1223.03,CAD
CA00051079,2025-06-05,BR035,TLR-4926,C500249,cash deposit,1471.06,CAD
CA00051361,2025-06-16,BR036,TLR-2699,C500633,cash withdrawal,971.11,CAD
CA00044982,2025-06-15,BR003,TLR-5335,C500742,cash withdrawal,621.17,CAD
CA00046042,2025-06-14,BR008,TLR-5724,C502610,cash withdrawal,1437.28,CAD
CA00047245,2025-06-05,BR015,TLR-9513,C502819,cash deposit,101130,CAD
CA00046924,2025-06-20,BR014,TLR-5618,C501666,cash withdrawal,2170.66,CAD
CA00044561,2025-06-14,BR002,TLR-7274,C500118,cash deposit,888.13,CAD
CA00051145,2025-06-15,BR035,TLR-4478,C501074,cash deposit,1581.38,CAD
CA00047964,2025-06-26,BR018,TLR-3502,C500074,cash withdrawal,279082,CAD
CA00051968,2025-06-19,BR038,TLR-2768,C502208,cash withdrawal,913.31,CAD
CA00051292,2025-06-20,BR036,TLR-6361,C503460,cash withdrawal,386.91,CAD
CA00048004,2025-06-02,BR019,TLR-9809,C500603,cash withdrawal,1623.16,CAD
CA00051875,2025-06-17,BR037,TLR-9646,C500876,cash withdrawal,1289.86,CAD
CA00051681,2025-06-21,BR037,TLR-6752,C500292,cash deposit,30648,CAD
CA00051541,2025-06-16,BR036,TLR-9738,C503079,cash withdrawal,1095.92,CAD
CA00047585,2025-06-08,BR016,TLR-7202,C500676,cash withdrawal,413.93,CAD
CA00050421,2025-06-09,BR031,TLR-6317,C501981,cash deposit,1503.74,CAD
CA00045582,2025-06-05,BR006,TLR-6465,C500275,cash deposit,426.83,CAD
CA00050052,2025-06-09,BR030,TLR-6687,C502020,cash deposit,36895,CAD
CA00046990,2025-06-11,BR014,TLR-4819,C500953,cash withdrawal,2194.12,CAD
CA00049573,2025-06-24,BR027,TLR-4966,C502969,cash deposit,175115,CAD
CA00049273,2025-06-02,BR025,TLR-1547,C500322,cash deposit,610.43,CAD
CA00046627,2025-06-25,BR012,TLR-9029,C503864,cash deposit,1820.65,CAD
CA00051250,2025-06-06,BR035,TLR-1413,C503218,cash withdrawal,396.39,CAD
CA00049243,2025-06-01,BR025,TLR-9333,C500505,cash withdrawal,-1540.02,CAD
CA00051489,2025-06-23,BR036,TLR-7184,C503405,cash withdrawal,2868.2,CAD
CA00049102,2025-06-22,BR025,TLR-2272,C501903,cash deposit,1394.84,CAD
CA00050410,2025-06-11,BR031,TLR-2601,C502487,cash deposit,1103.64,CAD
CA00051027,2025-06-05,BR035,TLR-7318,C501649,cash deposit,413.03,CAD
CA00047939,2025-06-29,BR018,TLR-3101,C501252,cash withdrawal,878.22,CAD
CA00051580,2025-06-04,BR036,TLR-9658,C500084,cash withdrawal,1621.23,CAD
CA00049866,2025-06-12,BR028,TLR-4353,C500397,cash deposit,502.94,CAD
CA00048681,2025-06-17,BR022,TLR-1857,C502535,cash withdrawal,692.82,CAD
CA00053023,2025-06-10,BR040,TLR-4919,C502889,cash withdrawal,425.84,CAD
CA00049379,2025-06-21,BR026,TLR-2914,C502380,cash withdrawal,-452.84,CAD
CA00052582,2025-06-15,BR040,TLR-3114,C502974,cash deposit,663.45,CAD
CA00048268,2025-06-27,BR020,TLR-9849,C503301,cash deposit,565.36,USD
CA00052464,2025-06-09,BR040,TLR-1753,C500098,cash deposit,519.45,CAD
CA00046229,2025-06-10,BR009,TLR-7924,C503221,cash deposit,875.96,CAD
CA00051381,2025-06-14,BR036,TLR-2548,C503012,cash deposit,485.32,CAD
CA00045105,2025-06-25,BR004,TLR-8717,C503153,cash deposit,742.82,CAD
CA00047909,2025-06-19,BR018,TLR-5714,C503273,cash deposit,2006.5,CAD
CA00050265,2025-06-28,BR030,TLR-4726,C503367,cash deposit,694.87,CAD
CA00045815,2025-06-11,BR007,TLR-5914,C502920,cash withdrawal,756.05,CAD
CA00046535,2025-06-21,BR011,TLR-8594,C503719,cash withdrawal,1997.59,CAD
CA00046065,2025-06-08,BR008,TLR-4389,C502177,cash deposit,308.61,CAD
CA00050583,2025-06-19,BR032,TLR-6028,C501692,cash withdrawal,872.83,CAD
CA00050750,2025-06-28,BR033,TLR-7128,C503364,cash deposit,84189,CAD
CA00052021,2025-06-18,BR038,TLR-3044,C502728,cash withdrawal,778.44,CAD
CA00050771,2025-06-22,BR033,TLR-6524,C501736,cash deposit,1386.76,CAD
CA00045550,2025-06-03,BR006,TLR-1187,C501011,cash deposit,1637.89,CAD
CA00044804,2025-06-08,BR003,TLR-1664,C502707,cash withdrawal,667.7,CAD
CA00050128,2025-06-09,BR030,TLR-5896,C500284,cash withdrawal,1483.27,CAD
CA00044847,2025-06-29,BR003,TLR-7416,C502684,cash deposit,1677.64,CAD
CA00051033,2025-06-24,BR035,TLR-5428,C500376,cash deposit,325.16,CAD
CA00046848,2025-06-15,BR013,TLR-6963,C501271,cash withdrawal,128384,CAD
CA00052722,2025-06-28,BR040,TLR-7359,C501097,cash deposit,1719.56,CAD
CA00051993,2025-06-12,BR038,TLR-5022,C503024,cash withdrawal,75907,CAD
CA00050907,2025-06-18,BR034,TLR-9646,C501519,cash withdrawal,544.51,CAD
CA00049695,2025-06-12,BR027,TLR-9944,C500999,cash withdrawal,505.22,CAD
CA00052677,2025-06-06,BR040,TLR-2168,C503249,cash withdrawal,6450.56,CAD
CA00051770,2025-06-27,BR037,TLR-3672,C503229,cash deposit,70956,CAD
CA00052296,2025-06-10,BR039,TLR-1543,C503350,cash withdrawal,496.88,CAD
CA00051830,2025-06-04,BR037,TLR-7112,C501013,cash deposit,998.68,CAD
CA00047369,2025-06-18,BR015,TLR-2034,C501217,cash deposit,1192.88,CAD
CA00047445,2025-06-07,BR016,TLR-5827,C502891,cash deposit,49887,CAD
CA00050127,2025-06-02,BR030,TLR-4300,C500860,cash deposit,549.47,CAD
CA00050299,2025-06-05,BR030,TLR-8165,C501980,cash withdrawal,2187.32,CAD
CA00050029,2025-06-07,BR030,TLR-6823,C500641,cash deposit,88578,CAD
CA00046916,2025-06-25,BR014,TLR-8428,C500669,cash deposit,936.65,CAD
CA00049447,2025-06-03,BR026,TLR-6426,C503339,cash deposit,345.59,CAD
CA00044429,2025-06-27,BR001,TLR-9287,C500990,cash withdrawal,351.53,CAD
CA00046833,2025-06-24,BR013,TLR-5515,C501762,cash deposit,606.96,CAD
CA00044313,2025-06-03,BR001,TLR-5138,C501720,cash withdrawal,287.26,CAD
CA00048974,2025-06-13,BR024,TLR-8393,C502669,cash deposit,133822,CAD
CA00049738,2025-06-05,BR027,TLR-9882,C502345,cash withdrawal,3626.28,CAD
CA00045399,2025-06-09,BR006,TLR-8757,C502386,cash deposit,872.23,CAD
CA00046902,2025-06-27,BR013,TLR-1390,C500337,cash withdrawal,159284,CAD
CA00050240,2025-06-07,BR030,TLR-2142,C501587,cash withdrawal,1780.92,CAD
CA00047161,2025-06-25,BR015,TLR-1771,C503246,cash deposit,4937.7,CAD
CA00052401,2025-06-10,BR040,TLR-6770,C503970,cash deposit,1431.24,CAD
CA00052515,2025-06-18,BR040,TLR-2007,C503325,cash deposit,551.35,CAD
CA00049844,2025-06-20,BR028,TLR-1591,C502287,cash deposit,785.91,CAD
CA00048298,2025-06-01,BR020,TLR-6606,C501983,cash withdrawal,253.05,USD
CA00052762,2025-06-07,BR040,TLR-7606,C503919,cash deposit,1407.62,CAD
CA00045390,2025-06-10,BR006,TLR-9876,C502835,cash withdrawal,1636.94,CAD
CA00044292,2025-06-26,BR001,TLR-5189,C501983,cash withdrawal,76883,CAD
CA00049614,2025-06-13,BR027,TLR-9666,C502717,cash withdrawal,685.17,CAD
CA00050198,2025-06-18,BR030,TLR-3603,C501010,cash withdrawal,2001.61,CAD
CA00049170,2025-06-07,BR025,TLR-7761,C503159,cash withdrawal,-848.49,CAD
CA00049953,2025-06-01,BR029,TLR-7039,C503500,cash deposit,1361.16,CAD
CA00046589,2025-06-19,BR012,TLR-6849,C503532,cash withdrawal,1042.62,CAD
CA00045032,2025-06-21,BR004,TLR-7369,C501770,cash withdrawal,78493,CAD
CA00051907,2025-06-14,BR038,TLR-2337,C502632,cash deposit,629.84,CAD
CA00044956,2025-06-24,BR003,TLR-4654,C501998,cash deposit,1463.4,CAD
CA00045969,2025-06-12,BR008,TLR-5229,C500164,cash withdrawal,1233.14,CAD
CA00050682,2025-06-14,BR033,TLR-6504,C503061,cash withdrawal,704.03,CAD
CA00051621,2025-06-01,BR037,TLR-8322,C500292,cash withdrawal,1429.91,CAD
CA00045919,2025-06-02,BR008,TLR-5913,C501903,cash withdrawal,46491,CAD
CA00045378,2025-06-16,BR006,TLR-8896,C501620,cash withdrawal,694.92,CAD
CA00050137,2025-06-23,BR030,TLR-6884,C502553,cash deposit,1837.23,CAD
CA00048821,2025-06-12,BR024,TLR-3127,C501576,cash deposit,532.14,CAD
CA00050852,2025-06-29,BR034,TLR-2729,C502733,cash withdrawal,310.95,CAD
CA00046074,2025-06-28,BR008,TLR-5021,C503733,cash withdrawal,1075.36,CAD
CA00050287,2025-06-09,BR030,TLR-2474,C500214,cash deposit,869.64,CAD
CA00052715,2025-06-22,BR040,TLR-8251,C501111,cash withdrawal,2121.95,CAD
CA00046282,2025-06-24,BR009,TLR-9648,C503038,cash withdrawal,657.75,CAD
CA00049185,2025-06-23,BR025,TLR-1267,C503267,cash withdrawal,-1737.24,CAD
CA00052298,2025-06-25,BR039,TLR-3836,C501783,cash withdrawal,105911,CAD
CA00049833,2025-06-23,BR028,TLR-9251,C501366,cash withdrawal,2907.56,CAD
CA00050990,2025-06-29,BR034,TLR-4044,C500945,cash deposit,837.91,CAD
CA00052211,2025-06-24,BR039,TLR-8925,C503266,cash deposit,3471.47,CAD
CA00046038,2025-06-18,BR008,TLR-8424,C501647,cash deposit,1972.08,CAD
CA00045383,2025-06-27,BR006,TLR-8854,C502206,cash withdrawal,137217,CAD
CA00047297,2025-06-13,BR015,TLR-9651,C501320,cash deposit,80958,CAD
CA00053134,2025-06-07,BR040,TLR-8075,C501489,cash deposit,2084.54,CAD
CA00045814,2025-06-19,BR007,TLR-4593,C500107,cash deposit,352.38,CAD
CA00053028,2025-06-22,BR040,TLR-9637,C501109,cash deposit,677.82,CAD
CA00051558,2025-06-24,BR036,TLR-1997,C500932,cash deposit,56812,CAD
CA00049046,2025-06-17,BR024,TLR-7137,C502408,cash withdrawal,1816.88,CAD
CA00050794,2025-06-08,BR033,TLR-5083,C501751,cash withdrawal,2135.24,CAD
CA00045021,2025-06-18,BR004,TLR-3984,C500184,cash deposit,51771,CAD
CA00049017,2025-06-28,BR024,TLR-8022,C500208,cash withdrawal,61125,CAD
CA00044359,2025-06-23,BR001,TLR-6006,C502075,cash withdrawal,980.73,CAD
CA00049510,2025-06-23,BR026,TLR-2745,C502823,cash withdrawal,-542.07,CAD
CA00045025,2025-06-22,BR004,TLR-3405,C503091,cash withdrawal,1017.0,CAD
CA00045304,2025-06-04,BR005,TLR-6376,C503410,cash deposit,548.61,CAD
CA00045670,2025-06-25,BR007,TLR-9776,C501847,cash deposit,1610.24,CAD
CA00047423,2025-06-07,BR016,TLR-2374,C500123,cash withdrawal,1027.15,CAD
CA00051567,2025-06-17,BR036,TLR-6361,C501337,cash withdrawal,1393.22,CAD
CA00050678,2025-06-26,BR032,TLR-2432,C503982,cash withdrawal,191.97,CAD
CA00047800,2025-06-20,BR017,TLR-3274,C503889,cash withdrawal,512.7,CAD
CA00046561,2025-06-03,BR011,TLR-6100,C500588,cash withdrawal,641.65,CAD
CA00048568,2025-06-06,BR021,TLR-6333,C501734,cash deposit,92091,CAD
CA00049302,2025-06-15,BR025,TLR-6256,C501495,cash deposit,850.36,CAD
CA00048187,2025-06-23,BR019,TLR-4533,C500733,cash withdrawal,57745,CAD
CA00047412,2025-06-12,BR016,TLR-1275,C502421,cash deposit,515.82,CAD
CA00049994,2025-06-16,BR029,TLR-7930,C500361,cash deposit,443.12,CAD
CA00045098,2025-06-15,BR004,TLR-7612,C500344,cash withdrawal,712.16,CAD
CA00053175,2025-06-05,BR040,TLR-9571,C503418,cash deposit,41429,CAD
CA00049753,2025-06-13,BR027,TLR-8307,C502129,cash deposit,9857.02,CAD
CA00045147,2025-06-09,BR004,TLR-6296,C500175,cash deposit,327.96,CAD
CA00053033,2025-06-10,BR040,TLR-7196,C501370,cash withdrawal,691.05,CAD
CA00049002,2025-06-22,BR024,TLR-4727,C503840,cash deposit,349.67,CAD
CA00044616,2025-06-23,BR002,TLR-8592,C503604,cash withdrawal,-1017.41,CAD
CA00051288,2025-06-29,BR036,TLR-6394,C502460,cash withdrawal,576.74,CAD
CA00052452,2025-06-01,BR040,TLR-2594,C500710,cash deposit,3555.7,CAD
CA00049668,2025-06-22,BR027,TLR-1070,C501775,cash withdrawal,829.36,CAD
CA00049109,2025-06-29,BR025,TLR-6955,C501073,cash withdrawal,-592.03,CAD
CA00052712,2025-06-19,BR040,TLR-6509,C501342,cash deposit,1627.83,CAD
CA00046758,2025-06-06,BR012,TLR-2682,C503552,cash withdrawal,638.07,CAD
CA00046779,2025-06-14,BR012,TLR-7714,C501243,cash deposit,712.39,CAD
CA00048561,2025-06-21,BR021,TLR-7418,C500066,cash deposit,6555.19,CAD
CA00048530,2025-06-06,BR021,TLR-9518,C502635,cash deposit,708.19,CAD
CA00052674,2025-06-03,BR040,TLR-1242,C501057,cash withdrawal,1291.91,CAD
CA00044405,2025-06-16,BR001,TLR-7925,C501143,cash withdrawal,1652.56,CAD
CA00048927,2025-06-03,BR024,TLR-6623,C502551,cash deposit,3989.25,CAD
CA00044709,2025-06-29,BR002,TLR-5096,C501765,cash withdrawal,-985.81,CAD
CA00051606,2025-06-09,BR036,TLR-2703,C501087,cash deposit,395.0,CAD
CA00047291,2025-06-08,BR015,TLR-5599,C502008,cash deposit,701.69,CAD
CA00045787,2025-06-30,BR007,TLR-1673,C503139,cash withdrawal,107716,CAD
CA00047508,2025-06-26,BR016,TLR-7425,C500067,cash withdrawal,1102.48,CAD
CA00044731,2025-06-24,BR002,TLR-1414,C500741,cash deposit,1023.08,CAD
CA00045306,2025-06-11,BR005,TLR-2753,C503490,cash deposit,819.29,CAD
CA00050110,2025-06-30,BR030,TLR-3944,C501453,cash withdrawal,107034,CAD
CA00044500,2025-06-03,BR001,TLR-7878,C502106,cash withdrawal,671.15,CAD
CA00049744,2025-06-04,BR027,TLR-1924,C501163,cash deposit,436.85,CAD
CA00044596,2025-06-05,BR002,TLR-9714,C500405,cash withdrawal,-2339.47,CAD
CA00052396,2025-06-11,BR040,TLR-2493,C503902,cash withdrawal,1404.14,CAD
CA00049756,2025-06-05,BR027,TLR-5804,C503957,cash withdrawal,9928.95,CAD
CA00046150,2025-06-08,BR009,TLR-7027,C503483,cash withdrawal,913.65,CAD
CA00045727,2025-06-01,BR007,TLR-8059,C503138,cash deposit,1447.41,CAD
CA00045636,2025-06-12,BR007,TLR-8098,C501434,cash withdrawal,3968.41,CAD
CA00046545,2025-06-25,BR011,TLR-1625,C501389,cash withdrawal,689.29,CAD
CA00052232,2025-06-12,BR039,TLR-8359,C500527,cash withdrawal,90435,CAD
CA00050291,2025-06-25,BR030,TLR-2595,C500943,cash withdrawal,61172,CAD
CA00052928,2025-06-15,BR040,TLR-1979,C503068,cash deposit,2804.2,CAD
CA00052413,2025-06-18,BR040,TLR-3768,C501364,cash deposit,736.46,CAD
CA00049777,2025-06-27,BR028,TLR-2885,C500227,cash deposit,1388.93,CAD
CA00045066,2025-06-16,BR004,TLR-8722,C501930,cash deposit,502.58,CAD
CA00048847,2025-06-11,BR024,TLR-4774,C503736,cash withdrawal,1136.23,CAD
CA00052289,2025-06-06,BR039,TLR-4764,C502646,cash deposit,1005.05,CAD
CA00047973,2025-06-04,BR019,TLR-2077,C501429,cash withdrawal,1239.41,CAD
CA00053200,2025-06-04,BR040,TLR-3882,C503094,cash deposit,842.14,CAD
CA00049501,2025-06-02,BR026,TLR-2540,C503865,cash withdrawal,-382.09,CAD
CA00050770,2025-06-28,BR033,TLR-6045,C501081,cash deposit,1099.86,CAD
CA00051179,2025-06-25,BR035,TLR-7021,C500419,cash withdrawal,193203,CAD
CA00049394,2025-06-28,BR026,TLR-8590,C502860,cash withdrawal,-325.61,CAD
CA00048593,2025-06-30,BR021,TLR-3786,C503152,cash deposit,305434,CAD
CA00050199,2025-06-23,BR030,TLR-5994,C500354,cash withdrawal,1472.3,CAD
CA00052277,2025-06-29,BR039,TLR-8119,C501630,cash deposit,637.93,CAD
CA00052425,2025-06-04,BR040,TLR-5244,C502271,cash deposit,396.22,CAD
CA00045498,2025-06-14,BR006,TLR-1695,C500639,cash deposit,1253.14,CAD
CA00047379,2025-06-15,BR015,TLR-6741,C501120,cash deposit,1168.73,CAD
CA00049944,2025-06-27,BR029,TLR-1459,C503993,cash withdrawal,101095,CAD
CA00048331,2025-06-05,BR020,TLR-1128,C503799,cash deposit,834.38,USD
CA00047417,2025-06-09,BR016,TLR-9617,C501513,cash deposit,1277.05,CAD
CA00050845,2025-06-09,BR034,TLR-4947,C500888,cash withdrawal,3395.7,CAD
CA00048177,2025-06-19,BR019,TLR-2753,C501761,cash deposit,565.96,CAD
CA00052623,2025-06-11,BR040,TLR-4778,C500806,cash withdrawal,601.93,CAD
CA00045208,2025-06-30,BR004,TLR-7159,C501643,cash withdrawal,310.72,CAD
CA00050574,2025-06-01,BR032,TLR-5133,C502454,cash withdrawal,623.68,CAD
CA00049249,2025-06-11,BR025,TLR-2412,C500381,cash deposit,1539.68,CAD
CA00047839,2025-06-10,BR018,TLR-4653,C501035,cash withdrawal,116551,CAD
CA00045772,2025-06-22,BR007,TLR-9302,C503500,cash withdrawal,160196,CAD
CA00046097,2025-06-06,BR008,TLR-3061,C502056,cash deposit,709.46,CAD
CA00050084,2025-06-19,BR030,TLR-7397,C502811,cash withdrawal,2469.76,CAD
CA00052114,2025-06-12,BR039,TLR-4349,C501849,cash deposit,786.63,CAD
CA00047339,2025-06-20,BR015,TLR-6259,C502072,cash withdrawal,78057,CAD
CA00044961,2025-06-12,BR003,TLR-7928,C501721,cash withdrawal,49317,CAD
CA00045334,2025-06-02,BR005,TLR-5869,C503722,cash withdrawal,732.38,CAD
CA00047418,2025-06-03,BR016,TLR-3938,C502801,cash withdrawal,893.37,CAD
CA00052357,2025-06-15,BR040,TLR-1304,C502447,cash deposit,180244,CAD
CA00052881,2025-06-12,BR040,TLR-7640,C501544,cash deposit,589.3,CAD
CA00053018,2025-06-26,BR040,TLR-7406,C503445,cash deposit,415.43,CAD
CA00045894,2025-06-25,BR008,TLR-3030,C500051,cash withdrawal,726.99,CAD
CA00048230,2025-06-21,BR020,TLR-4661,C501567,cash deposit,860.56,USD
CA00048801,2025-06-30,BR024,TLR-6161,C503022,cash deposit,2149.79,CAD
CA00048546,2025-06-22,BR021,TLR-9180,C503805,cash withdrawal,321.8,CAD
CA00048632,2025-06-24,BR022,TLR-2571,C502686,cash withdrawal,2088.43,CAD
CA00047530,2025-06-29,BR016,TLR-7949,C501915,cash withdrawal,45061,CAD
CA00050437,2025-06-15,BR031,TLR-7789,C503619,cash withdrawal,70897,CAD
CA00053054,2025-06-19,BR040,TLR-1463,C503643,cash withdrawal,768.98,CAD
CA00046521,2025-06-24,BR011,TLR-9025,C503403,cash deposit,820.93,CAD
CA00045618,2025-06-26,BR006,TLR-8925,C500804,cash withdrawal,17678,CAD
CA00046664,2025-06-07,BR012,TLR-4200,C501546,cash deposit,1562.19,CAD
CA00048176,2025-06-08,BR019,TLR-7761,C503420,cash withdrawal,1888.63,CAD
CA00050532,2025-06-11,BR031,TLR-1059,C501801,cash deposit,782.58,CAD
CA00051869,2025-06-30,BR037,TLR-7135,C503078,cash withdrawal,424.82,CAD
CA00051724,2025-06-30,BR037,TLR-7099,C501948,cash deposit,1136.89,CAD
CA00044911,2025-06-02,BR003,TLR-8756,C503258,cash deposit,749.68,CAD
CA00048840,2025-06-10,BR024,TLR-2101,C503879,cash withdrawal,527.49,CAD
CA00051878,2025-06-23,BR037,TLR-4875,C500327,cash deposit,616.27,CAD
CA00044694,2025-06-02,BR002,TLR-8191,C503577,cash deposit,377.7,CAD
CA00049973,2025-06-13,BR029,TLR-7811,C501940,cash withdrawal,1111.46,CAD
CA00052224,2025-06-08,BR039,TLR-1142,C501194,cash deposit,1341.82,CAD
CA00044382,2025-06-28,BR001,TLR-4596,C503905,cash deposit,4129.98,CAD
CA00049371,2025-06-03,BR026,TLR-8969,C502064,cash deposit,568.69,CAD
CA00050234,2025-06-25,BR030,TLR-9557,C500151,cash withdrawal,1333.23,CAD
CA00046060,2025-06-29,BR008,TLR-9618,C501126,cash deposit,931.13,CAD
CA00047133,2025-06-23,BR015,TLR-5062,C501907,cash withdrawal,1428.71,CAD
CA00047303,2025-06-07,BR015,TLR-2942,C502425,cash withdrawal,937.31,CAD
CA00048100,2025-06-25,BR019,TLR-8196,C500387,cash deposit,2110.45,CAD
CA00048521,2025-06-14,BR021,TLR-6286,C502441,cash deposit,1724.07,CAD
CA00046088,2025-06-02,BR008,TLR-7729,C503171,cash deposit,1068.33,CAD
CA00047082,2025-06-24,BR014,TLR-9530,C503689,cash withdrawal,1774.51,CAD
CA00047521,2025-06-27,BR016,TLR-6880,C502764,cash deposit,58820,CAD
CA00047791,2025-06-20,BR017,TLR-4279,C502440,cash deposit,2186.61,CAD
CA00052835,2025-06-13,BR040,TLR-8839,C503225,cash deposit,64536,CAD
CA00050534,2025-06-23,BR031,TLR-4913,C502621,cash deposit,2103.54,CAD
CA00051262,2025-06-27,BR035,TLR-3840,C502345,cash deposit,2646.27,CAD
CA00045766,2025-06-02,BR007,TLR-2173,C500142,cash withdrawal,364.75,CAD
CA00050903,2025-06-09,BR034,TLR-6953,C500131,cash withdrawal,221.61,CAD
CA00045469,2025-06-12,BR006,TLR-2499,C503131,cash deposit,1312.57,CAD
CA00049154,2025-06-24,BR025,TLR-8675,C502481,cash deposit,1928.2,CAD
CA00046430,2025-06-04,BR010,TLR-6603,C503943,cash withdrawal,935.47,CAD
CA00048306,2025-06-03,BR020,TLR-8318,C502421,cash deposit,114.0,USD
CA00045153,2025-06-03,BR004,TLR-6476,C503098,cash withdrawal,2170.05,CAD
CA00046166,2025-06-06,BR009,TLR-7860,C502602,cash deposit,533.57,CAD
CA00052875,2025-06-08,BR040,TLR-5164,C503381,cash deposit,932.6,CAD
CA00050823,2025-06-30,BR033,TLR-2579,C503819,cash withdrawal,128745,CAD
CA00049365,2025-06-16,BR026,TLR-3060,C501802,cash deposit,2379.7,CAD
CA00048732,2025-06-05,BR023,TLR-9937,C500248,cash withdrawal,2898.99,CAD
CA00051758,2025-06-25,BR037,TLR-6330,C503766,cash deposit,177417,CAD
CA00052402,2025-06-09,BR040,TLR-8926,C500864,cash withdrawal,3013.02,CAD
CA00044621,2025-06-06,BR002,TLR-6352,C502627,cash deposit,80475,CAD
CA00044748,2025-06-28,BR002,TLR-3174,C501226,cash deposit,1795.68,CAD
CA00047871,2025-06-11,BR018,TLR-2306,C500868,cash withdrawal,642.4,CAD
CA00051251,2025-06-06,BR035,TLR-1534,C500330,cash deposit,34091,CAD
CA00052229,2025-06-18,BR039,TLR-3059,C501347,cash withdrawal,1293.82,CAD
CA00049934,2025-06-18,BR029,TLR-9142,C500500,cash deposit,1132.82,CAD
CA00047174,2025-06-25,BR015,TLR-9801,C501035,cash deposit,1056.1,CAD
CA00051941,2025-06-18,BR038,TLR-7754,C500470,cash withdrawal,120536,CAD
CA00045449,2025-06-21,BR006,TLR-4661,C503001,cash deposit,378.24,CAD
CA00051154,2025-06-30,BR035,TLR-3192,C500754,cash withdrawal,682.54,CAD
CA00047444,2025-06-30,BR016,TLR-8800,C503740,cash deposit,313.13,CAD
CA00049992,2025-06-14,BR029,TLR-2522,C502999,cash withdrawal,445.24,CAD
CA00046209,2025-06-06,BR009,TLR-3935,C501245,cash withdrawal,1162.22,CAD
CA00046850,2025-06-10,BR013,TLR-3782,C501204,cash deposit,483.24,CAD
CA00049619,2025-06-04,BR027,TLR-4223,C500263,cash withdrawal,77842,CAD
CA00044946,2025-06-29,BR003,TLR-5541,C503749,cash withdrawal,919.77,CAD
CA00049785,2025-06-27,BR028,TLR-5050,C500063,cash withdrawal,299.7,CAD
CA00047086,2025-06-24,BR014,TLR-2465,C500099,cash deposit,1559.02,CAD
CA00050062,2025-06-26,BR030,TLR-4372,C501883,cash deposit,1713.99,CAD
CA00050811,2025-06-07,BR033,TLR-5153,C501071,cash withdrawal,773.33,CAD
CA00051062,2025-06-13,BR035,TLR-3640,C500115,cash deposit,900.0,CAD
CA00050135,2025-06-12,BR030,TLR-5053,C502354,cash withdrawal,117938,CAD
CA00045528,2025-06-11,BR006,TLR-7352,C500597,cash withdrawal,889.51,CAD
CA00053076,2025-06-16,BR040,TLR-1090,C503920,cash deposit,1251.52,CAD
CA00052487,2025-06-30,BR040,TLR-1313,C502215,cash deposit,672.04,CAD
CA00045273,2025-06-05,BR004,TLR-3046,C503772,cash deposit,77501,CAD
CA00050719,2025-06-18,BR033,TLR-1132,C502502,cash withdrawal,224.64,CAD
CA00050765,2025-06-22,BR033,TLR-9805,C501838,cash withdrawal,880.71,CAD
CA00045921,2025-06-08,BR008,TLR-9875,C503942,cash deposit,494.47,CAD
CA00049202,2025-06-28,BR025,TLR-6280,C501288,cash deposit,433.4,CAD
CA00048377,2025-06-03,BR020,TLR-9772,C501367,cash deposit,1171.68,USD
CA00045640,2025-06-28,BR007,TLR-4872,C502012,cash deposit,17621,CAD
CA00044361,2025-06-27,BR001,TLR-9412,C503912,cash withdrawal,1292.84,CAD
CA00050246,2025-06-15,BR030,TLR-6527,C502413,cash withdrawal,308.21,CAD
CA00049636,2025-06-17,BR027,TLR-9216,C501912,cash withdrawal,33041,CAD
CA00051872,2025-06-21,BR037,TLR-2789,C500646,cash deposit,523.91,CAD
CA00052812,2025-06-01,BR040,TLR-3130,C501814,cash withdrawal,687.4,CAD
CA00046958,2025-06-18,BR014,TLR-1349,C502847,cash deposit,3496.73,CAD
CA00053118,2025-06-08,BR040,TLR-1889,C503332,cash withdrawal,219.89,CAD
CA00049074,2025-06-06,BR024,TLR-5176,C501645,cash withdrawal,811.03,CAD
CA00052925,2025-06-30,BR040,TLR-5017,C501914,cash deposit,39242,CAD
CA00046288,2025-06-07,BR009,TLR-7761,C500407,cash deposit,834.73,CAD
CA00052537,2025-06-30,BR040,TLR-7457,C502101,cash deposit,410.07,CAD
CA00050833,2025-06-25,BR033,TLR-3773,C502306,cash deposit,530.02,CAD
CA00049520,2025-06-23,BR026,TLR-2892,C501786,cash withdrawal,-479.38,CAD
CA00044582,2025-06-11,BR002,TLR-8907,C502506,cash withdrawal,-533.87,CAD
CA00046625,2025-06-15,BR012,TLR-1343,C501732,cash deposit,1105.25,CAD
CA00045023,2025-06-03,BR004,TLR-6300,C501378,cash deposit,923.97,CAD
CA00048095,2025-06-06,BR019,TLR-4684,C501782,cash deposit,58190,CAD
CA00047956,2025-06-17,BR018,TLR-6799,C501647,cash withdrawal,504.55,CAD
CA00050154,2025-06-17,BR030,TLR-4025,C502923,cash deposit,3537.8,CAD
CA00047986,2025-06-15,BR019,TLR-6667,C500520,cash withdrawal,1546.4,CAD
CA00049223,2025-06-04,BR025,TLR-4353,C501538,cash withdrawal,-1047.19,CAD
CA00049309,2025-06-01,BR026,TLR-1315,C503188,cash deposit,231.01,CAD
CA00045784,2025-06-08,BR007,TLR-7388,C501691,cash withdrawal,847.92,CAD
CA00049026,2025-06-06,BR024,TLR-7672,C501778,cash deposit,62780,CAD
CA00048479,2025-06-27,BR021,TLR-1676,C502440,cash deposit,819.8,CAD
CA00047321,2025-06-17,BR015,TLR-4338,C501207,cash withdrawal,651.86,CAD
CA00044386,2025-06-02,BR001,TLR-5539,C500336,cash withdrawal,444.64,CAD
CA00049540,2025-06-10,BR026,TLR-3153,C503002,cash withdrawal,-510.23,CAD
CA00045554,2025-06-24,BR006,TLR-8291,C503346,cash deposit,394043,CAD
CA00051659,2025-06-16,BR037,TLR-2889,C503582,cash withdrawal,241.65,CAD
CA00049620,2025-06-26,BR027,TLR-6264,C500718,cash withdrawal,65218,CAD
CA00050676,2025-06-14,BR032,TLR-4309,C500978,cash withdrawal,1621.61,CAD
CA00049796,2025-06-23,BR028,TLR-4018,C500966,cash withdrawal,1655.33,CAD
CA00051210,2025-06-05,BR035,TLR-1518,C500348,cash withdrawal,58870,CAD
CA00048555,2025-06-04,BR021,TLR-7980,C500617,cash deposit,1892.09,CAD
CA00048105,2025-06-02,BR019,TLR-5924,C501007,cash deposit,1593.05,CAD
CA00052703,2025-06-25,BR040,TLR-1910,C501639,cash withdrawal,1387.65,CAD
CA00046406,2025-06-22,BR010,TLR-3058,C503343,cash deposit,1033.34,CAD
CA00045099,2025-06-25,BR004,TLR-4167,C501410,cash deposit,1218.0,CAD
CA00047940,2025-06-20,BR018,TLR-5263,C502372,cash withdrawal,792.52,CAD
CA00046194,2025-06-25,BR009,TLR-5701,C501385,cash withdrawal,1971.29,CAD
CA00046951,2025-06-01,BR014,TLR-8091,C502487,cash withdrawal,76088,CAD
CA00046868,2025-06-26,BR013,TLR-7310,C500729,cash withdrawal,768.22,CAD
CA00050079,2025-06-14,BR030,TLR-8074,C500558,cash withdrawal,1002.3,CAD
CA00046712,2025-06-12,BR012,TLR-3560,C502030,cash deposit,646.17,CAD
CA00050162,2025-06-16,BR030,TLR-1538,C503378,cash deposit,2043.2,CAD
CA00048341,2025-06-10,BR020,TLR-3093,C502713,cash withdrawal,320.47,USD
CA00048246,2025-06-13,BR020,TLR-7549,C502494,cash deposit,863.36,USD
CA00049935,2025-06-12,BR029,TLR-1884,C501977,cash deposit,1280.89,CAD
CA00045510,2025-06-27,BR006,TLR-9882,C500788,cash deposit,1159.84,CAD
CA00053188,2025-06-03,BR040,TLR-8069,C501033,cash deposit,576.32,CAD
CA00049930,2025-06-07,BR029,TLR-2871,C503429,cash withdrawal,961.89,CAD
CA00050455,2025-06-12,BR031,TLR-1477,C502641,cash deposit,490.36,CAD
CA00046417,2025-06-06,BR010,TLR-3263,C503374,cash deposit,695.19,CAD
CA00045230,2025-06-06,BR004,TLR-8628,C502306,cash deposit,1185.55,CAD
CA00047289,2025-06-07,BR015,TLR-4853,C503731,cash deposit,1114.71,CAD
CA00049176,2025-06-26,BR025,TLR-1864,C501544,cash deposit,498.64,CAD
CA00049879,2025-06-07,BR028,TLR-3987,C503469,cash withdrawal,169.2,CAD
CA00050196,2025-06-25,BR030,TLR-5699,C503280,cash deposit,1374.06,CAD
CA00050184,2025-06-29,BR030,TLR-9349,C502101,cash withdrawal,944.78,CAD
CA00051746,2025-06-16,BR037,TLR-9741,C501486,cash withdrawal,974.56,CAD
CA00052338,2025-06-28,BR040,TLR-9185,C503239,cash deposit,1255.02,CAD
CA00045708,2025-06-15,BR007,TLR-1075,C502660,cash deposit,846.43,CAD
CA00044473,2025-06-05,BR001,TLR-9648,C503911,cash deposit,335.86,CAD
CA00044719,2025-06-15,BR002,TLR-5865,C502183,cash withdrawal,-1957.65,CAD
CA00047591,2025-06-01,BR016,TLR-6933,C500197,cash deposit,139.64,CAD
CA00052255,2025-06-22,BR039,TLR-7948,C503080,cash deposit,90269,CAD
CA00046246,2025-06-20,BR009,TLR-7412,C502305,cash deposit,652.7,CAD
CA00049336,2025-06-18,BR026,TLR-5976,C500490,cash withdrawal,-866.63,CAD
CA00049906,2025-06-29,BR029,TLR-3777,C500093,cash withdrawal,2127.43,CAD
CA00050267,2025-06-28,BR030,TLR-3789,C500645,cash deposit,2201.42,CAD
CA00049384,2025-06-30,BR026,TLR-5523,C502974,cash deposit,494.13,CAD
CA00050183,2025-06-11,BR030,TLR-8986,C502624,cash withdrawal,1038.85,CAD
CA00046408,2025-06-28,BR010,TLR-5876,C503473,cash deposit,1006.61,CAD
CA00053222,2025-06-10,BR040,TLR-1554,C503154,cash deposit,2491.57,CAD
CA00047374,2025-06-01,BR015,TLR-7271,C500988,cash withdrawal,688.71,CAD
CA00050352,2025-06-09,BR031,TLR-2035,C501023,cash deposit,250.4,CAD
CA00050584,2025-06-22,BR032,TLR-6862,C501305,cash withdrawal,652.98,CAD
CA00051585,2025-06-27,BR036,TLR-6954,C500561,cash withdrawal,252077,CAD
CA00046062,2025-06-29,BR008,TLR-1028,C503113,cash withdrawal,2026.52,CAD
CA00052949,2025-06-17,BR040,TLR-4259,C502312,cash deposit,65050,CAD
CA00050685,2025-06-26,BR033,TLR-6076,C500062,cash withdrawal,1458.0,CAD
CA00047497,2025-06-22,BR016,TLR-3876,C503291,cash withdrawal,311.93,CAD
CA00050378,2025-06-07,BR031,TLR-5010,C501861,cash withdrawal,471.56,CAD
CA00044373,2025-06-20,BR001,TLR-9079,C502737,cash withdrawal,762.23,CAD
CA00051924,2025-06-12,BR038,TLR-8505,C500357,cash deposit,851.07,CAD
CA00045538,2025-06-17,BR006,TLR-5546,C503348,cash deposit,485.77,CAD
CA00044999,2025-06-20,BR003,TLR-6723,C503882,cash withdrawal,1915.17,CAD
CA00051414,2025-06-12,BR036,TLR-4649,C503739,cash withdrawal,804.08,CAD
CA00044293,2025-06-07,BR001,TLR-7488,C503810,cash deposit,448.67,CAD
CA00045667,2025-06-12,BR007,TLR-5560,C502362,cash deposit,1117.05,CAD
CA00050517,2025-06-09,BR031,TLR-5743,C500797,cash withdrawal,1034.02,CAD
CA00051297,2025-06-02,BR036,TLR-9952,C503605,cash withdrawal,2710.56,CAD
CA00049335,2025-06-18,BR026,TLR-3516,C501513,cash deposit,2248.56,CAD
CA00049232,2025-06-29,BR025,TLR-2722,C503600,cash withdrawal,-1357.91,CAD
CA00053038,2025-06-21,BR040,TLR-4594,C502600,cash deposit,496.23,CAD
CA00046089,2025-06-16,BR008,TLR-3507,C501560,cash deposit,514.62,CAD
CA00052154,2025-06-08,BR039,TLR-5203,C502252,cash deposit,1694.79,CAD
CA00048571,2025-06-06,BR021,TLR-3238,C500737,cash withdrawal,668.2,CAD
CA00046165,2025-06-19,BR009,TLR-6290,C501697,cash withdrawal,1021.59,CAD
CA00046145,2025-06-08,BR009,TLR-3340,C500709,cash withdrawal,1187.74,CAD
CA00044816,2025-06-03,BR003,TLR-3035,C500166,cash deposit,942.74,CAD
CA00047727,2025-06-14,BR017,TLR-6501,C502514,cash deposit,671.36,CAD
CA00050178,2025-06-29,BR030,TLR-8427,C501306,cash deposit,656.71,CAD
CA00049945,2025-06-06,BR029,TLR-2081,C500601,cash withdrawal,1674.33,CAD
CA00046508,2025-06-09,BR010,TLR-6590,C503743,cash withdrawal,648.41,CAD
CA00047073,2025-06-03,BR014,TLR-3422,C500468,cash withdrawal,2949.28,CAD
CA00052848,2025-06-01,BR040,TLR-1264,C503376,cash deposit,1037.71,CAD
CA00049960,2025-06-15,BR029,TLR-2512,C503987,cash withdrawal,1839.07,CAD
CA00051413,2025-06-14,BR036,TLR-6793,C503955,cash withdrawal,1115.25,CAD
CA00052492,2025-06-10,BR040,TLR-2808,C502357,cash deposit,692.54,CAD
CA00050471,2025-06-22,BR031,TLR-8101,C502323,cash deposit,1183.46,CAD
CA00045687,2025-06-16,BR007,TLR-5682,C501183,cash deposit,369374,CAD
CA00048947,2025-06-29,BR024,TLR-2782,C501222,cash withdrawal,508.76,CAD
CA00048564,2025-06-14,BR021,TLR-3770,C500681,cash deposit,1170.32,CAD
CA00051771,2025-06-07,BR037,TLR-5719,C500396,cash deposit,655.59,CAD
CA00047588,2025-06-19,BR016,TLR-6970,C501404,cash deposit,417.16,CAD
CA00045423,2025-06-25,BR006,TLR-5091,C501502,cash deposit,1489.08,CAD
CA00052274,2025-06-05,BR039,TLR-7857,C501261,cash deposit,1380.59,CAD
CA00051847,2025-06-09,BR037,TLR-8850,C502936,cash deposit,4987.03,CAD
CA00048451,2025-06-02,BR021,TLR-2292,C503873,cash deposit,133162,CAD
CA00048677,2025-06-07,BR022,TLR-2297,C503389,cash deposit,577.13,CAD
CA00052561,2025-06-03,BR040,TLR-7764,C500887,cash withdrawal,1929.81,CAD
CA00049768,2025-06-11,BR028,TLR-1695,C502850,cash withdrawal,236076,CAD
CA00049569,2025-06-23,BR026,TLR-3026,C500735,cash deposit,1050.31,CAD
CA00052667,2025-06-10,BR040,TLR-4443,C502490,cash deposit,1072.35,CAD
CA00049442,2025-06-18,BR026,TLR-7002,C502184,cash deposit,702.72,CAD
CA00053144,2025-06-08,BR040,TLR-5729,C500928,cash withdrawal,1618.46,CAD
CA00051212,2025-06-22,BR035,TLR-1521,C503141,cash deposit,293.65,CAD
CA00049228,2025-06-09,BR025,TLR-3068,C501745,cash deposit,1025.75,CAD
CA00045615,2025-06-03,BR006,TLR-8300,C502774,cash withdrawal,17738,CAD
CA00049042,2025-06-29,BR024,TLR-4172,C503980,cash withdrawal,110735,CAD
CA00052504,2025-06-12,BR040,TLR-7754,C500407,cash deposit,1406.67,CAD
CA00046947,2025-06-26,BR014,TLR-4543,C503086,cash deposit,2160.46,CAD
CA00050438,2025-06-16,BR031,TLR-4025,C500506,cash withdrawal,1660.8,CAD
CA00049654,2025-06-14,BR027,TLR-5471,C500722,cash withdrawal,475.23,CAD
CA00047481,2025-06-11,BR016,TLR-6940,C503347,cash deposit,230.56,CAD
CA00048818,2025-06-17,BR024,TLR-4386,C500183,cash withdrawal,2363.44,CAD
CA00046109,2025-06-11,BR009,TLR-2197,C501164,cash withdrawal,194.01,CAD
CA00044830,2025-06-19,BR003,TLR-3950,C503520,cash withdrawal,92929,CAD
CA00047718,2025-06-30,BR017,TLR-9671,C503281,cash withdrawal,195211,CAD
CA00052163,2025-06-01,BR039,TLR-1957,C500772,cash deposit,521.13,CAD
CA00048205,2025-06-27,BR019,TLR-4335,C502743,cash deposit,309.43,CAD
CA00046411,2025-06-13,BR010,TLR-5083,C501456,cash deposit,200422,CAD
CA00050894,2025-06-29,BR034,TLR-5972,C502751,cash withdrawal,505.24,CAD
CA00049718,2025-06-28,BR027,TLR-2727,C501369,cash deposit,586.68,CAD
CA00044824,2025-06-10,BR003,TLR-7825,C500424,cash withdrawal,2651.22,CAD
CA00044337,2025-06-26,BR001,TLR-9186,C500539,cash deposit,1536.89,CAD
CA00045481,2025-06-16,BR006,TLR-8739,C503838,cash deposit,1828.46,CAD
CA00049752,2025-06-02,BR027,TLR-4400,C503772,cash withdrawal,9487.22,CAD
CA00052528,2025-06-21,BR040,TLR-2784,C503816,cash deposit,1038.89,CAD
CA00049346,2025-06-25,BR026,TLR-7250,C502322,cash withdrawal,-2188.67,CAD
CA00052583,2025-06-07,BR040,TLR-9338,C503080,cash deposit,1124.99,CAD
CA00051092,2025-06-10,BR035,TLR-6220,C502199,cash deposit,476.06,CAD
CA00045952,2025-06-29,BR008,TLR-9242,C503524,cash withdrawal,924.26,CAD
CA00045928,2025-06-21,BR008,TLR-9496,C502873,cash deposit,394.01,CAD
CA00047416,2025-06-03,BR016,TLR-3662,C502240,cash deposit,228053,CAD
CA00048758,2025-06-11,BR023,TLR-3060,C501971,cash withdrawal,1745.72,CAD
CA00051230,2025-06-10,BR035,TLR-5065,C500847,cash withdrawal,531.65,CAD
CA00052937,2025-06-30,BR040,TLR-9621,C500439,cash deposit,3824.02,CAD
CA00049204,2025-06-30,BR025,TLR-5332,C500395,cash deposit,3339.22,CAD
CA00046616,2025-06-29,BR012,TLR-4417,C500100,cash withdrawal,270.9,CAD
CA00046324,2025-06-23,BR010,TLR-5389,C500898,cash deposit,422.93,CAD
CA00045114,2025-06-13,BR004,TLR-7361,C503883,cash deposit,808.22,CAD
CA00046206,2025-06-23,BR009,TLR-4661,C503422,cash deposit,830.46,CAD
CA00050497,2025-06-10,BR031,TLR-2284,C502661,cash deposit,2695.62,CAD
CA00046024,2025-06-21,BR008,TLR-6767,C502923,cash withdrawal,602.98,CAD
CA00046812,2025-06-10,BR013,TLR-7045,C501851,cash deposit,162.98,CAD
CA00047990,2025-06-28,BR019,TLR-5874,C500960,cash deposit,1323.89,CAD
CA00047081,2025-06-04,BR014,TLR-1867,C503522,cash withdrawal,3840.74,CAD
CA00050913,2025-06-16,BR034,TLR-4582,C501523,cash withdrawal,1022.47,CAD
CA00044958,2025-06-28,BR003,TLR-1324,C501586,cash withdrawal,1115.48,CAD
CA00045234,2025-06-14,BR004,TLR-3020,C502949,cash deposit,578.36,CAD
CA00050354,2025-06-14,BR031,TLR-1536,C500822,cash deposit,732.1,CAD
CA00052927,2025-06-30,BR040,TLR-4417,C500027,cash withdrawal,276.7,CAD
CA00047399,2025-06-07,BR015,TLR-5043,C501608,cash deposit,110.67,CAD
CA00046033,2025-06-19,BR008,TLR-8892,C503667,cash deposit,712.03,CAD
CA00048733,2025-06-04,BR023,TLR-6784,C501639,cash withdrawal,1409.15,CAD
CA00049030,2025-06-19,BR024,TLR-9759,C500175,cash deposit,416.26,CAD
CA00044397,2025-06-05,BR001,TLR-8542,C500551,cash withdrawal,143144,CAD
CA00047157,2025-06-07,BR015,TLR-3664,C501592,cash deposit,584.52,CAD
CA00044852,2025-06-09,BR003,TLR-8809,C500477,cash deposit,676.62,CAD
CA00049586,2025-06-13,BR027,TLR-6460,C502818,cash withdrawal,1056.91,CAD
CA00045145,2025-06-19,BR004,TLR-3928,C503622,cash deposit,978.66,CAD
CA00050695,2025-06-27,BR033,TLR-7399,C503182,cash withdrawal,1701.77,CAD
CA00046641,2025-06-10,BR012,TLR-1678,C501022,cash deposit,520.88,CAD
CA00049607,2025-06-24,BR027,TLR-6721,C502029,cash deposit,2190.3,CAD
CA00051441,2025-06-09,BR036,TLR-5355,C500949,cash withdrawal,287336,CAD
CA00045577,2025-06-11,BR006,TLR-5087,C501711,cash withdrawal,83129,CAD
CA00051638,2025-06-28,BR037,TLR-7791,C500730,cash deposit,3603.33,CAD
CA00048575,2025-06-06,BR021,TLR-1672,C503809,cash deposit,1733.77,CAD
CA00052193,2025-06-08,BR039,TLR-5496,C502393,cash withdrawal,1013.87,CAD
CA00051678,2025-06-20,BR037,TLR-6487,C502202,cash withdrawal,77578,CAD
CA00046419,2025-06-10,BR010,TLR-4812,C501976,cash withdrawal,1392.23,CAD
CA00048084,2025-06-29,BR019,TLR-3545,C501731,cash deposit,685.32,CAD
CA00049846,2025-06-09,BR028,TLR-2126,C502546,cash deposit,1283.83,CAD
CA00048920,2025-06-17,BR024,TLR-6615,C503061,cash deposit,1245.38,CAD
CA00045773,2025-06-10,BR007,TLR-4565,C502531,cash deposit,1131.38,CAD
CA00053167,2025-06-20,BR040,TLR-7026,C503285,cash deposit,655.75,CAD
CA00050700,2025-06-13,BR033,TLR-3264,C500534,cash deposit,1348.65,CAD
CA00051477,2025-06-23,BR036,TLR-7314,C500996,cash deposit,187.3,CAD
CA00048167,2025-06-10,BR019,TLR-6056,C500572,cash withdrawal,1642.64,CAD
CA00046653,2025-06-28,BR012,TLR-1578,C503985,cash withdrawal,182.89,CAD
CA00046326,2025-06-15,BR010,TLR-2356,C503504,cash withdrawal,3678.44,CAD
CA00048702,2025-06-13,BR023,TLR-4826,C502482,cash deposit,732.8,CAD
CA00052078,2025-06-22,BR038,TLR-1206,C503086,cash withdrawal,1343.22,CAD
CA00049733,2025-06-03,BR027,TLR-5580,C501327,cash withdrawal,1346.99,CAD
CA00048741,2025-06-11,BR023,TLR-5894,C501353,cash withdrawal,1198.43,CAD
CA00047164,2025-06-28,BR015,TLR-3803,C501253,cash deposit,242325,CAD
CA00050112,2025-06-17,BR030,TLR-2016,C502467,cash withdrawal,906.85,CAD
CA00044733,2025-06-12,BR002,TLR-1366,C502586,cash deposit,967.18,CAD
CA00052696,2025-06-27,BR040,TLR-1000,C503138,cash withdrawal,2068.74,CAD
CA00044562,2025-06-10,BR002,TLR-6161,C501076,cash deposit,462.18,CAD
CA00050295,2025-06-29,BR030,TLR-9478,C501922,cash deposit,21578,CAD
CA00051057,2025-06-29,BR035,TLR-4538,C503056,cash withdrawal,830.47,CAD
CA00052321,2025-06-18,BR040,TLR-6800,C502821,cash withdrawal,1348.16,CAD
CA00049631,2025-06-22,BR027,TLR-3747,C503197,cash deposit,1045.36,CAD
CA00046451,2025-06-10,BR010,TLR-7984,C502037,cash deposit,65507,CAD
CA00045691,2025-06-09,BR007,TLR-5354,C500726,cash deposit,277516,CAD
CA00052805,2025-06-11,BR040,TLR-3114,C502908,cash deposit,1719.8,CAD
CA00045215,2025-06-13,BR004,TLR-7529,C501308,cash deposit,30324,CAD
CA00052685,2025-06-15,BR040,TLR-3766,C502254,cash withdrawal,949.48,CAD
CA00046952,2025-06-20,BR014,TLR-5435,C502764,cash withdrawal,491.34,CAD
CA00044372,2025-06-11,BR001,TLR-4763,C500943,cash deposit,508.32,CAD
CA00050252,2025-06-25,BR030,TLR-9127,C502784,cash withdrawal,5157.42,CAD
CA00049914,2025-06-16,BR029,TLR-3678,C503480,cash withdrawal,100118,CAD
CA00047933,2025-06-15,BR018,TLR-8772,C502516,cash withdrawal,1195.53,CAD
CA00048311,2025-06-20,BR020,TLR-2196,C500859,cash withdrawal,567.2,USD
CA00046761,2025-06-07,BR012,TLR-6576,C501003,cash deposit,146268,CAD
CA00052824,2025-06-13,BR040,TLR-9734,C501630,cash deposit,2154.05,CAD
CA00044434,2025-06-15,BR001,TLR-1130,C500370,cash withdrawal,854.74,CAD
CA00047467,2025-06-30,BR016,TLR-3672,C500868,cash deposit,1646.76,CAD
CA00047599,2025-06-16,BR016,TLR-8979,C501191,cash deposit,4978.44,CAD
CA00050069,2025-06-27,BR030,TLR-6501,C500604,cash deposit,823.25,CAD
CA00052159,2025-06-20,BR039,TLR-7990,C503968,cash withdrawal,1641.12,CAD
CA00046217,2025-06-17,BR009,TLR-6986,C503586,cash withdrawal,825.74,CAD
CA00046774,2025-06-30,BR012,TLR-6481,C501788,cash withdrawal,3135.12,CAD
CA00044516,2025-06-03,BR001,TLR-6112,C503334,cash withdrawal,831.25,CAD
CA00052462,2025-06-14,BR040,TLR-5342,C500943,cash withdrawal,598.31,CAD
CA00046287,2025-06-12,BR009,TLR-1200,C500198,cash deposit,475.91,CAD
CA00050383,2025-06-03,BR031,TLR-1391,C501540,cash withdrawal,408.0,CAD
CA00047196,2025-06-10,BR015,TLR-8569,C502931,cash deposit,803.51,CAD
CA00047780,2025-06-08,BR017,TLR-6372,C503429,cash withdrawal,804.94,CAD
CA00051627,2025-06-15,BR037,TLR-2629,C500209,cash withdrawal,3354.85,CAD
CA00044687,2025-06-21,BR002,TLR-8031,C500201,cash withdrawal,-62338,CAD
CA00051531,2025-06-16,BR036,TLR-2183,C500218,cash deposit,1422.38,CAD
CA00045050,2025-06-14,BR004,TLR-4972,C503011,cash deposit,2117.63,CAD
CA00049321,2025-06-08,BR026,TLR-6379,C503967,cash withdrawal,-2545.89,CAD
CA00045681,2025-06-11,BR007,TLR-3783,C502382,cash deposit,253.78,CAD
CA00052280,2025-06-22,BR039,TLR-4857,C500972,cash deposit,1418.72,CAD
CA00050982,2025-06-19,BR034,TLR-6334,C503682,cash withdrawal,1500.4,CAD
CA00049794,2025-06-26,BR028,TLR-5176,C502497,cash deposit,103202,CAD
CA00047034,2025-06-24,BR014,TLR-4806,C503760,cash withdrawal,434.35,CAD
CA00050720,2025-06-27,BR033,TLR-7883,C503392,cash deposit,233.93,CAD
CA00051635,2025-06-10,BR037,TLR-3821,C503197,cash withdrawal,213.52,CAD
CA00051442,2025-06-20,BR036,TLR-2878,C501568,cash withdrawal,2432.12,CAD
CA00050435,2025-06-20,BR031,TLR-7262,C501263,cash withdrawal,844.49,CAD
CA00053014,2025-06-26,BR040,TLR-4832,C501634,cash deposit,317.21,CAD
CA00044857,2025-06-28,BR003,TLR-4089,C500998,cash deposit,1212.18,CAD
CA00044909,2025-06-29,BR003,TLR-5192,C502846,cash withdrawal,2100.58,CAD
CA00051901,2025-06-27,BR038,TLR-1208,C500829,cash deposit,356.64,CAD
CA00050655,2025-06-27,BR032,TLR-7011,C503621,cash deposit,683.39,CAD
CA00047372,2025-06-16,BR015,TLR-4276,C500527,cash deposit,1066.15,CAD
CA00052051,2025-06-20,BR038,TLR-1522,C500542,cash withdrawal,1105.39,CAD
CA00049824,2025-06-06,BR028,TLR-9137,C500472,cash deposit,550.26,CAD
CA00048621,2025-06-23,BR022,TLR-8540,C502201,cash withdrawal,455.12,CAD
CA00052439,2025-06-18,BR040,TLR-7750,C502423,cash withdrawal,1303.04,CAD
CA00047828,2025-06-02,BR017,TLR-9787,C501075,cash deposit,1734.0,CAD
CA00050680,2025-06-02,BR032,TLR-2007,C500756,cash deposit,1004.76,CAD
CA00051509,2025-06-10,BR036,TLR-7619,C503179,cash deposit,67359,CAD
CA00044414,2025-06-21,BR001,TLR-3841,C501263,cash deposit,1347.18,CAD
CA00051550,2025-06-06,BR036,TLR-3392,C500453,cash withdrawal,735.81,CAD
CA00047190,2025-06-05,BR015,TLR-4254,C502960,cash deposit,702.21,CAD
CA00047728,2025-06-28,BR017,TLR-4419,C502947,cash deposit,992.05,CAD
CA00052497,2025-06-03,BR040,TLR-4359,C503581,cash withdrawal,34369,CAD
CA00047228,2025-06-11,BR015,TLR-5751,C503825,cash withdrawal,31559,CAD
CA00045758,2025-06-12,BR007,TLR-3344,C500709,cash deposit,100155,CAD
CA00046499,2025-06-27,BR010,TLR-4296,C501390,cash deposit,535.64,CAD
CA00044851,2025-06-04,BR003,TLR-5735,C503855,cash withdrawal,1482.16,CAD
CA00047292,2025-06-09,BR015,TLR-5990,C503622,cash withdrawal,985.16,CAD
CA00052648,2025-06-04,BR040,TLR-6689,C501490,cash withdrawal,1005.64,CAD
CA00047332,2025-06-29,BR015,TLR-7892,C501747,cash withdrawal,26718,CAD
CA00049789,2025-06-13,BR028,TLR-9251,C500006,cash withdrawal,717.82,CAD
CA00048439,2025-06-29,BR021,TLR-8416,C502042,cash withdrawal,1225.08,CAD
CA00050667,2025-06-28,BR032,TLR-7363,C501550,cash withdrawal,1610.46,CAD
CA00052391,2025-06-22,BR040,TLR-8527,C501637,cash deposit,34212,CAD
CA00049272,2025-06-15,BR025,TLR-7401,C500003,cash deposit,647.48,CAD
CA00051471,2025-06-16,BR036,TLR-3394,C502339,cash withdrawal,2103.45,CAD
CA00046130,2025-06-20,BR009,TLR-5340,C503041,cash deposit,1402.07,CAD
CA00046427,2025-06-03,BR010,TLR-1360,C500173,cash withdrawal,1234.62,CAD
CA00048510,2025-06-24,BR021,TLR-9755,C500841,cash deposit,841.02,CAD
CA00047250,2025-06-25,BR015,TLR-7413,C500451,cash deposit,219.3,CAD
CA00052123,2025-06-23,BR039,TLR-5619,C502085,cash withdrawal,475.19,CAD
CA00049194,2025-06-22,BR025,TLR-4700,C501365,cash deposit,73134,CAD
CA00052071,2025-06-22,BR038,TLR-8609,C501050,cash deposit,1511.82,CAD
CA00045241,2025-06-28,BR004,TLR-4727,C500390,cash deposit,335474,CAD
CA00052399,2025-06-30,BR040,TLR-9690,C503534,cash deposit,28764,CAD
CA00046541,2025-06-09,BR011,TLR-1101,C502832,cash deposit,616.05,CAD
CA00044332,2025-06-28,BR001,TLR-1650,C500129,cash deposit,1948.87,CAD
CA00048221,2025-06-08,BR020,TLR-4064,C501372,cash withdrawal,250.34,USD
CA00046302,2025-06-15,BR009,TLR-2541,C500648,cash deposit,1248.9,CAD
CA00045132,2025-06-11,BR004,TLR-1434,C502647,cash withdrawal,312.67,CAD
CA00046654,2025-06-16,BR012,TLR-8678,C503572,cash deposit,3131.08,CAD
CA00046028,2025-06-23,BR008,TLR-7737,C500638,cash withdrawal,93758,CAD
CA00048725,2025-06-13,BR023,TLR-7673,C502083,cash withdrawal,1007.87,CAD
CA00052749,2025-06-16,BR040,TLR-8475,C500334,cash withdrawal,788.91,CAD
CA00049312,2025-06-18,BR026,TLR-4998,C503730,cash withdrawal,-1078.25,CAD
CA00048320,2025-06-04,BR020,TLR-1879,C500240,cash withdrawal,226.2,USD
CA00044739,2025-06-23,BR002,TLR-9729,C502884,cash withdrawal,-1947.86,CAD
CA00052626,2025-06-13,BR040,TLR-2840,C503621,cash deposit,1232.86,CAD
CA00047730,2025-06-22,BR017,TLR-2125,C502441,cash deposit,229.92,CAD
CA00048390,2025-06-03,BR020,TLR-4091,C502856,cash deposit,1107.66,USD
CA00046333,2025-06-16,BR010,TLR-6320,C502841,cash deposit,341.72,CAD
CA00052980,2025-06-03,BR040,TLR-2164,C500779,cash withdrawal,261863,CAD
CA00048539,2025-06-10,BR021,TLR-3140,C501004,cash deposit,213.65,CAD
CA00045526,2025-06-24,BR006,TLR-5747,C502017,cash withdrawal,168228,CAD
CA00050407,2025-06-15,BR031,TLR-4419,C500551,cash deposit,49358,CAD
CA00047896,2025-06-12,BR018,TLR-6342,C501255,cash deposit,1110.14,CAD
CA00046925,2025-06-17,BR014,TLR-2973,C500245,cash deposit,1992.73,CAD
CA00045653,2025-06-01,BR007,TLR-6636,C502324,cash deposit,50694,CAD
CA00050261,2025-06-15,BR030,TLR-6204,C502636,cash withdrawal,1031.34,CAD
CA00048257,2025-06-05,BR020,TLR-9569,C501824,cash withdrawal,16218,USD
CA00051651,2025-06-08,BR037,TLR-9460,C501853,cash withdrawal,1213.66,CAD
CA00050788,2025-06-08,BR033,TLR-7305,C503084,cash withdrawal,64323,CAD
CA00046173,2025-06-12,BR009,TLR-7624,C503354,cash deposit,104472,CAD
CA00045209,2025-06-09,BR004,TLR-9416,C500748,cash deposit,2167.52,CAD
CA00051808,2025-06-23,BR037,TLR-1853,C501164,cash withdrawal,976.26,CAD
CA00047244,2025-06-24,BR015,TLR-5633,C501438,cash withdrawal,1241.95,CAD
CA00052279,2025-06-05,BR039,TLR-6817,C501316,cash withdrawal,65066,CAD
CA00052845,2025-06-18,BR040,TLR-6806,C502283,cash deposit,1234.46,CAD
CA00049094,2025-06-13,BR025,TLR-6104,C500526,cash deposit,96234,CAD
CA00046955,2025-06-17,BR014,TLR-1780,C503525,cash deposit,805.14,CAD
CA00053221,2025-06-26,BR040,TLR-1158,C503697,cash withdrawal,1728.01,CAD
CA00047146,2025-06-12,BR015,TLR-7566,C501757,cash deposit,647.95,CAD
CA00045964,2025-06-01,BR008,TLR-9742,C501540,cash withdrawal,668.22,CAD
CA00047253,2025-06-25,BR015,TLR-8231,C501234,cash withdrawal,1629.67,CAD
CA00046526,2025-06-29,BR011,TLR-4001,C500829,cash deposit,1292.46,CAD
CA00045443,2025-06-13,BR006,TLR-7895,C503758,cash deposit,1071.79,CAD
CA00049000,2025-06-17,BR024,TLR-5287,C500450,cash deposit,207.01,CAD
CA00049855,2025-06-17,BR028,TLR-5955,C501424,cash deposit,943.06,CAD
CA00052117,2025-06-24,BR039,TLR-4329,C502121,cash deposit,1194.33,CAD
CA00050692,2025-06-26,BR033,TLR-7347,C500878,cash deposit,93431,CAD
CA00046668,2025-06-10,BR012,TLR-2882,C503463,cash withdrawal,2817.26,CAD
CA00045092,2025-06-15,BR004,TLR-8674,C503857,cash withdrawal,4367.84,CAD
CA00044433,2025-06-18,BR001,TLR-7074,C501591,cash withdrawal,3086.04,CAD
CA00047132,2025-06-23,BR015,TLR-2891,C502630,cash deposit,2104.31,CAD
CA00052807,2025-06-09,BR040,TLR-9871,C502701,cash deposit,745.41,CAD
CA00045269,2025-06-15,BR004,TLR-4499,C502973,cash withdrawal,858.74,CAD
CA00044708,2025-06-04,BR002,TLR-9067,C503593,cash withdrawal,-1030.07,CAD
CA00048199,2025-06-15,BR019,TLR-6643,C502762,cash deposit,167341,CAD
CA00047854,2025-06-28,BR018,TLR-3599,C501204,cash withdrawal,2968.33,CAD
CA00045744,2025-06-03,BR007,TLR-6129,C500602,cash withdrawal,1584.65,CAD
CA00048375,2025-06-09,BR020,TLR-2704,C503548,cash withdrawal,489.78,USD
CA00050709,2025-06-09,BR033,TLR-4524,C502884,cash deposit,1055.71,CAD
CA00052621,2025-06-11,BR040,TLR-1983,C503975,cash deposit,690.95,CAD
CA00049885,2025-06-18,BR028,TLR-6847,C502018,cash withdrawal,674.43,CAD
CA00052440,2025-06-22,BR040,TLR-4142,C502804,cash withdrawal,395852,CAD
CA00052904,2025-06-07,BR040,TLR-9082,C502127,cash withdrawal,4281.72,CAD
CA00051897,2025-06-03,BR038,TLR-9696,C503764,cash deposit,801.11,CAD
CA00050639,2025-06-02,BR032,TLR-3588,C500396,cash withdrawal,62731,CAD
CA00048288,2025-06-24,BR020,TLR-7593,C500200,cash withdrawal,43801,USD
CA00052164,2025-06-27,BR039,TLR-9695,C501465,cash deposit,3417.96,CAD
CA00047958,2025-06-16,BR018,TLR-9684,C502567,cash deposit,478.84,CAD
CA00053212,2025-06-15,BR040,TLR-6217,C500828,cash deposit,1547.89,CAD
CA00049035,2025-06-21,BR024,TLR-1983,C502323,cash withdrawal,1320.99,CAD
CA00053110,2025-06-13,BR040,TLR-2717,C500540,cash deposit,1941.6,CAD
CA00052160,2025-06-20,BR039,TLR-3235,C502201,cash deposit,1634.5,CAD
CA00050313,2025-06-16,BR030,TLR-4297,C502470,cash withdrawal,1096.83,CAD
CA00044710,2025-06-05,BR002,TLR-2076,C503171,cash deposit,1019.38,CAD
CA00050010,2025-06-29,BR029,TLR-2502,C500902,cash withdrawal,590.54,CAD
CA00050686,2025-06-03,BR033,TLR-6797,C503304,cash deposit,2421.38,CAD
CA00049643,2025-06-06,BR027,TLR-7905,C503582,cash withdrawal,823.74,CAD
CA00050045,2025-06-19,BR030,TLR-5307,C501308,cash withdrawal,2151.26,CAD
CA00047060,2025-06-04,BR014,TLR-3295,C503755,cash withdrawal,3051.14,CAD
CA00051458,2025-06-12,BR036,TLR-3343,C501310,cash deposit,125583,CAD
CA00047026,2025-06-22,BR014,TLR-6465,C500602,cash deposit,88272,CAD
CA00048536,2025-06-14,BR021,TLR-5044,C501450,cash withdrawal,283.42,CAD
CA00044456,2025-06-02,BR001,TLR-8757,C502368,cash deposit,3994.83,CAD
CA00047434,2025-06-07,BR016,TLR-1785,C502377,cash deposit,901.93,CAD
CA00049328,2025-06-08,BR026,TLR-5329,C502451,cash withdrawal,-183087,CAD
CA00047799,2025-06-15,BR017,TLR-4910,C501538,cash deposit,612.44,CAD
CA00044845,2025-06-26,BR003,TLR-5574,C500878,cash withdrawal,413.9,CAD
CA00046298,2025-06-18,BR009,TLR-6764,C502840,cash deposit,1636.1,CAD
CA00046213,2025-06-14,BR009,TLR-2369,C502130,cash withdrawal,918.67,CAD
CA00048680,2025-06-29,BR022,TLR-3129,C500060,cash withdrawal,321.31,CAD
CA00047621,2025-06-20,BR017,TLR-8967,C500204,cash withdrawal,746.56,CAD
CA00047011,2025-06-18,BR014,TLR-7222,C503220,cash withdrawal,134089,CAD
CA00047689,2025-06-10,BR017,TLR-8979,C503996,cash withdrawal,158670,CAD
CA00044618,2025-06-13,BR002,TLR-8213,C501303,cash withdrawal,-2351.37,CAD
CA00051244,2025-06-24,BR035,TLR-8848,C500252,cash withdrawal,194.67,CAD
CA00049869,2025-06-28,BR028,TLR-3760,C500394,cash withdrawal,1657.22,CAD
CA00048986,2025-06-17,BR024,TLR-9858,C500545,cash deposit,91257,CAD
CA00048300,2025-06-23,BR020,TLR-6061,C503764,cash withdrawal,1053.74,USD
CA00046862,2025-06-12,BR013,TLR-7934,C501768,cash deposit,1283.65,CAD
CA00051943,2025-06-20,BR038,TLR-7804,C503304,cash deposit,670.94,CAD
CA00048782,2025-06-30,BR024,TLR-1089,C502711,cash deposit,2279.1,CAD
CA00050945,2025-06-04,BR034,TLR-5505,C502560,cash deposit,1050.51,CAD
CA00048256,2025-06-16,BR020,TLR-7013,C500909,cash deposit,505.86,USD
CA00052564,2025-06-06,BR040,TLR-4390,C502811,cash withdrawal,1376.92,CAD
CA00047810,2025-06-18,BR017,TLR-6644,C501457,cash withdrawal,1588.89,CAD
CA00048614,2025-06-17,BR022,TLR-4667,C502928,cash deposit,1223.23,CAD
CA00052112,2025-06-02,BR039,TLR-9576,C503469,cash deposit,708.46,CAD
CA00051750,2025-06-08,BR037,TLR-5226,C500882,cash withdrawal,1767.65,CAD
CA00047264,2025-06-15,BR015,TLR-4545,C500249,cash withdrawal,778.62,CAD
CA00046127,2025-06-25,BR009,TLR-3234,C501482,cash deposit,587.19,CAD
CA00050821,2025-06-30,BR033,TLR-7910,C502448,cash deposit,944.25,CAD
CA00049819,2025-06-29,BR028,TLR-7955,C501560,cash withdrawal,828.28,CAD
CA00044296,2025-06-29,BR001,TLR-8485,C501241,cash deposit,55461,CAD
CA00050107,2025-06-05,BR030,TLR-8192,C502766,cash deposit,155811,CAD
CA00044878,2025-06-23,BR003,TLR-2885,C503238,cash deposit,752.63,CAD
CA00052697,2025-06-09,BR040,TLR-3350,C502038,cash deposit,1530.62,CAD
CA00052996,2025-06-05,BR040,TLR-6398,C502188,cash deposit,996.63,CAD
CA00052077,2025-06-27,BR038,TLR-2205,C503079,cash withdrawal,1257.76,CAD
CA00049390,2025-06-23,BR026,TLR-8169,C502890,cash withdrawal,-791.35,CAD
CA00049092,2025-06-12,BR025,TLR-8337,C502197,cash withdrawal,-423.05,CAD
CA00046098,2025-06-27,BR008,TLR-7461,C503014,cash deposit,814.74,CAD
CA00046239,2025-06-11,BR009,TLR-7664,C502993,cash withdrawal,785.49,CAD
CA00048444,2025-06-12,BR021,TLR-6218,C500492,cash deposit,321565,CAD
CA00050744,2025-06-23,BR033,TLR-4416,C503533,cash deposit,856.12,CAD
CA00049340,2025-06-10,BR026,TLR-3776,C503940,cash deposit,912.75,CAD
CA00050173,2025-06-05,BR030,TLR-9525,C502340,cash withdrawal,1403.81,CAD
CA00053139,2025-06-07,BR040,TLR-6719,C501947,cash withdrawal,425.08,CAD
CA00051728,2025-06-12,BR037,TLR-2386,C501378,cash deposit,67141,CAD
CA00044805,2025-06-10,BR003,TLR-6104,C500908,cash deposit,2357.26,CAD
CA00052998,2025-06-28,BR040,TLR-1233,C500197,cash deposit,278719,CAD
CA00051114,2025-06-09,BR035,TLR-4163,C501396,cash deposit,1098.31,CAD
CA00044756,2025-06-12,BR002,TLR-9464,C502401,cash withdrawal,-367.66,CAD
CA00048460,2025-06-18,BR021,TLR-8946,C503576,cash withdrawal,1601.42,CAD
CA00047976,2025-06-25,BR019,TLR-5905,C503996,cash deposit,1468.15,CAD
CA00046442,2025-06-16,BR010,TLR-6140,C500648,cash withdrawal,508.52,CAD
CA00046941,2025-06-29,BR014,TLR-6245,C503876,cash deposit,2845.74,CAD
CA00046017,2025-06-11,BR008,TLR-3177,C501207,cash withdrawal,70148,CAD
CA00051785,2025-06-15,BR037,TLR-1588,C500582,cash withdrawal,692.91,CAD
CA00052615,2025-06-23,BR040,TLR-3642,C503650,cash withdrawal,80279,CAD
CA00045804,2025-06-18,BR007,TLR-1458,C503351,cash deposit,1710.2,CAD
CA00048719,2025-06-19,BR023,TLR-6563,C501933,cash deposit,124282,CAD
CA00052924,2025-06-02,BR040,TLR-8629,C503698,cash withdrawal,1036.8,CAD
CA00052876,2025-06-22,BR040,TLR-3753,C503228,cash deposit,135014,CAD
CA00047795,2025-06-03,BR017,TLR-2486,C502520,cash deposit,3754.54,CAD
CA00046562,2025-06-25,BR011,TLR-1436,C502152,cash withdrawal,401.2,CAD
CA00045337,2025-06-12,BR005,TLR-5073,C501423,cash deposit,2341.88,CAD
CA00048717,2025-06-16,BR023,TLR-1677,C503076,cash deposit,2866.86,CAD
CA00049211,2025-06-25,BR025,TLR-4304,C502693,cash deposit,3150.09,CAD
CA00047578,2025-06-18,BR016,TLR-7954,C501456,cash withdrawal,2354.63,CAD
CA00050025,2025-06-10,BR030,TLR-5887,C502224,cash deposit,102094,CAD
CA00045397,2025-06-06,BR006,TLR-6864,C502253,cash withdrawal,168.59,CAD
CA00051899,2025-06-10,BR038,TLR-9022,C502659,cash deposit,56444,CAD
CA00047485,2025-06-28,BR016,TLR-6743,C501876,cash withdrawal,783.14,CAD
CA00050755,2025-06-08,BR033,TLR-1763,C502690,cash deposit,722.3,CAD
CA00046247,2025-06-26,BR009,TLR-1427,C500624,cash withdrawal,79734,CAD
CA00048106,2025-06-20,BR019,TLR-6227,C500493,cash withdrawal,1595.58,CAD
CA00048658,2025-06-26,BR022,TLR-1606,C503268,cash deposit,430.15,CAD
CA00046129,2025-06-06,BR009,TLR-4163,C502418,cash deposit,1632.65,CAD
CA00046677,2025-06-03,BR012,TLR-3709,C503644,cash withdrawal,2347.63,CAD
CA00047735,2025-06-16,BR017,TLR-5199,C502789,cash withdrawal,523.86,CAD
CA00046661,2025-06-14,BR012,TLR-5286,C503451,cash deposit,501.75,CAD
CA00046235,2025-06-15,BR009,TLR-2311,C501992,cash deposit,1577.25,CAD
CA00048281,2025-06-30,BR020,TLR-2207,C503816,cash deposit,661.59,USD
CA00045061,2025-06-23,BR004,TLR-1451,C501106,cash withdrawal,2448.81,CAD
CA00048476,2025-06-01,BR021,TLR-7227,C501953,cash withdrawal,882.47,CAD
CA00049283,2025-06-06,BR025,TLR-4473,C503606,cash deposit,208098,CAD
CA00052972,2025-06-29,BR040,TLR-8948,C500905,cash withdrawal,2686.86,CAD
CA00045759,2025-06-16,BR007,TLR-2643,C503626,cash deposit,2828.02,CAD
CA00047302,2025-06-11,BR015,TLR-6185,C503810,cash withdrawal,1598.46,CAD
CA00051451,2025-06-10,BR036,TLR-6983,C500223,cash withdrawal,1109.27,CAD
CA00049848,2025-06-29,BR028,TLR-3152,C500619,cash deposit,870.68,CAD
CA00049854,2025-06-04,BR028,TLR-3321,C500840,cash withdrawal,856.87,CAD
CA00051496,2025-06-09,BR036,TLR-8771,C501136,cash withdrawal,1274.05,CAD
CA00049660,2025-06-04,BR027,TLR-2916,C502905,cash withdrawal,450.92,CAD
CA00049889,2025-06-21,BR029,TLR-1486,C501657,cash withdrawal,6875.25,CAD
CA00048858,2025-06-17,BR024,TLR-3017,C501998,cash withdrawal,545.0,CAD
CA00047792,2025-06-14,BR017,TLR-5783,C500378,cash withdrawal,1590.9,CAD
CA00044304,2025-06-18,BR001,TLR-2358,C501168,cash deposit,1405.89,CAD
CA00047525,2025-06-02,BR016,TLR-6021,C501869,cash withdrawal,594.62,CAD
CA00051202,2025-06-17,BR035,TLR-5992,C500683,cash withdrawal,310.95,CAD
CA00050188,2025-06-10,BR030,TLR-5100,C501540,cash deposit,59508,CAD
CA00053090,2025-06-12,BR040,TLR-9009,C502368,cash withdrawal,611.48,CAD
CA00044856,2025-06-15,BR003,TLR-9991,C501569,cash withdrawal,365.12,CAD
CA00049543,2025-06-28,BR026,TLR-3932,C501139,cash withdrawal,-540.83,CAD
CA00049616,2025-06-19,BR027,TLR-4530,C502113,cash deposit,1875.83,CAD
CA00050831,2025-06-21,BR033,TLR-8024,C501855,cash withdrawal,1573.96,CAD
CA00050276,2025-06-13,BR030,TLR-9591,C500623,cash deposit,352.82,CAD
CA00045192,2025-06-23,BR004,TLR-7812,C500852,cash deposit,1733.9,CAD
CA00047479,2025-06-18,BR016,TLR-7333,C501010,cash deposit,1160.37,CAD
CA00053252,2025-06-06,BR040,TLR-7377,C501781,cash deposit,181664,CAD
CA00046395,2025-06-28,BR010,TLR-2046,C502068,cash deposit,863.03,CAD
CA00045904,2025-06-23,BR008,TLR-9461,C501512,cash withdrawal,67618,CAD
CA00047476,2025-06-28,BR016,TLR-7183,C500342,cash deposit,2027.76,CAD
CA00051956,2025-06-07,BR038,TLR-5243,C502467,cash withdrawal,1210.1,CAD
CA00049947,2025-06-03,BR029,TLR-2283,C501830,cash deposit,1781.78,CAD
CA00046818,2025-06-10,BR013,TLR-9081,C502856,cash deposit,892.05,CAD
CA00052721,2025-06-26,BR040,TLR-4728,C501989,cash withdrawal,112041,CAD
CA00046527,2025-06-22,BR011,TLR-7923,C503672,cash withdrawal,759.06,CAD
CA00045068,2025-06-03,BR004,TLR-1089,C500941,cash withdrawal,704.32,CAD
CA00052523,2025-06-11,BR040,TLR-1136,C500913,cash withdrawal,469.15,CAD
CA00047949,2025-06-01,BR018,TLR-9153,C500533,cash deposit,560.37,CAD
CA00048350,2025-06-02,BR020,TLR-2211,C502910,cash deposit,48734,USD
CA00051949,2025-06-06,BR038,TLR-4407,C502923,cash deposit,233.86,CAD
CA00048356,2025-06-17,BR020,TLR-8875,C500380,cash withdrawal,1386.48,USD
CA00050817,2025-06-04,BR033,TLR-2016,C502744,cash deposit,1356.28,CAD
CA00046904,2025-06-13,BR013,TLR-8813,C502437,cash withdrawal,859.92,CAD
CA00046606,2025-06-15,BR012,TLR-8483,C500472,cash withdrawal,1387.09,CAD
CA00046175,2025-06-19,BR009,TLR-1378,C501682,cash deposit,1737.13,CAD
CA00045183,2025-06-25,BR004,TLR-2373,C503771,cash deposit,397.04,CAD
CA00052221,2025-06-30,BR039,TLR-7263,C500928,cash withdrawal,627.91,CAD
CA00046679,2025-06-12,BR012,TLR-7694,C500476,cash deposit,436.67,CAD
CA00050540,2025-06-09,BR031,TLR-5788,C500456,cash deposit,5205.88,CAD
CA00044583,2025-06-11,BR002,TLR-5466,C501742,cash withdrawal,-749.93,CAD
CA00052295,2025-06-28,BR039,TLR-3657,C503189,cash deposit,1100.7,CAD
CA00044673,2025-06-27,BR002,TLR-3614,C503529,cash deposit,531.74,CAD
CA00051266,2025-06-08,BR035,TLR-2557,C501234,cash deposit,2335.64,CAD
CA00049417,2025-06-20,BR026,TLR-6379,C502814,cash deposit,1078.45,CAD
CA00046141,2025-06-22,BR009,TLR-1201,C501124,cash withdrawal,924.96,CAD
CA00045585,2025-06-18,BR006,TLR-3554,C503919,cash deposit,560.67,CAD
CA00051933,2025-06-07,BR038,TLR-9897,C501969,cash withdrawal,2103.96,CAD
CA00048794,2025-06-06,BR024,TLR-2598,C502964,cash deposit,522.61,CAD
CA00052983,2025-06-27,BR040,TLR-4769,C501847,cash deposit,1577.2,CAD
CA00050024,2025-06-24,BR030,TLR-3378,C500585,cash deposit,144476,CAD
CA00047859,2025-06-02,BR018,TLR-8377,C500469,cash deposit,2100.51,CAD
CA00052423,2025-06-29,BR040,TLR-6294,C500159,cash deposit,1414.03,CAD
CA00048472,2025-06-11,BR021,TLR-2275,C502681,cash withdrawal,2403.76,CAD
CA00051096,2025-06-19,BR035,TLR-1866,C503909,cash deposit,333.5,CAD
CA00051099,2025-06-26,BR035,TLR-3314,C501508,cash withdrawal,90158,CAD
CA00047301,2025-06-29,BR015,TLR-9458,C502905,cash withdrawal,697.76,CAD
CA00046352,2025-06-15,BR010,TLR-8387,C503812,cash deposit,740.3,CAD
CA00046949,2025-06-26,BR014,TLR-1598,C501032,cash withdrawal,1078.47,CAD
CA00051428,2025-06-01,BR036,TLR-8005,C502338,cash withdrawal,1486.42,CAD
CA00044703,2025-06-13,BR002,TLR-9698,C500818,cash withdrawal,-60218,CAD
CA00046537,2025-06-09,BR011,TLR-8856,C501185,cash withdrawal,16088,CAD
CA00046874,2025-06-17,BR013,TLR-5085,C500245,cash deposit,1574.01,CAD
CA00050792,2025-06-17,BR033,TLR-8711,C500442,cash deposit,806.4,CAD
CA00050950,2025-06-26,BR034,TLR-7037,C502060,cash deposit,1116.84,CAD
CA00048352,2025-06-20,BR020,TLR-5284,C500567,cash deposit,34271,USD
CA00044669,2025-06-14,BR002,TLR-3881,C503213,cash withdrawal,-332.76,CAD
CA00052267,2025-06-25,BR039,TLR-3514,C501484,cash withdrawal,760.36,CAD
CA00050976,2025-06-03,BR034,TLR-7332,C503268,cash withdrawal,1646.72,CAD
CA00052495,2025-06-30,BR040,TLR-6247,C502636,cash withdrawal,1929.33,CAD
CA00049551,2025-06-09,BR026,TLR-1945,C501415,cash deposit,745.25,CAD
CA00048589,2025-06-24,BR021,TLR-5178,C500311,cash deposit,498.91,CAD
CA00050101,2025-06-19,BR030,TLR-9475,C503530,cash deposit,960.42,CAD
CA00049398,2025-06-11,BR026,TLR-1781,C503350,cash deposit,2701.7,CAD
CA00051628,2025-06-01,BR037,TLR-8050,C500793,cash withdrawal,1301.81,CAD
CA00046312,2025-06-21,BR009,TLR-5009,C503618,cash deposit,955.81,CAD
CA00047111,2025-06-17,BR014,TLR-5699,C501285,cash deposit,2862.0,CAD
CA00050270,2025-06-06,BR030,TLR-2928,C502820,cash withdrawal,513.51,CAD
CA00049351,2025-06-02,BR026,TLR-2860,C501660,cash withdrawal,-3301.04,CAD
CA00046005,2025-06-04,BR008,TLR-8678,C502498,cash deposit,136478,CAD
CA00049676,2025-06-26,BR027,TLR-3845,C500242,cash deposit,97020,CAD
CA00050783,2025-06-12,BR033,TLR-7192,C503972,cash withdrawal,562.36,CAD
CA00049588,2025-06-21,BR027,TLR-1087,C503502,cash withdrawal,65873,CAD
CA00051180,2025-06-14,BR035,TLR-6839,C502606,cash withdrawal,1680.55,CAD
CA00047788,2025-06-26,BR017,TLR-4145,C503051,cash deposit,735.92,CAD
CA00049834,2025-06-02,BR028,TLR-9649,C500981,cash withdrawal,3767.43,CAD
CA00046265,2025-06-12,BR009,TLR-9651,C502042,cash deposit,3065.49,CAD
CA00047305,2025-06-28,BR015,TLR-3530,C500810,cash deposit,646.43,CAD
CA00044575,2025-06-18,BR002,TLR-2187,C502552,cash withdrawal,-1182.32,CAD
CA00050875,2025-06-16,BR034,TLR-9056,C500831,cash deposit,1610.65,CAD
CA00046548,2025-06-19,BR011,TLR-4483,C502296,cash withdrawal,1916.58,CAD
CA00048417,2025-06-16,BR020,TLR-4498,C502883,cash deposit,682.16,USD
CA00048994,2025-06-21,BR024,TLR-9978,C503455,cash deposit,73937,CAD
CA00045185,2025-06-29,BR004,TLR-1727,C500096,cash withdrawal,1031.24,CAD
CA00049929,2025-06-20,BR029,TLR-2575,C500423,cash deposit,1705.85,CAD
CA00050376,2025-06-16,BR031,TLR-7679,C503791,cash deposit,1419.99,CAD
CA00051494,2025-06-27,BR036,TLR-1847,C502050,cash deposit,638.65,CAD
CA00047915,2025-06-09,BR018,TLR-6288,C502425,cash withdrawal,4483.54,CAD
CA00047406,2025-06-13,BR015,TLR-7052,C500793,cash withdrawal,982.27,CAD
CA00051138,2025-06-07,BR035,TLR-9485,C500197,cash withdrawal,475.6,CAD
CA00045861,2025-06-15,BR008,TLR-8602,C502116,cash deposit,455.25,CAD
CA00046296,2025-06-15,BR009,TLR-9604,C502371,cash withdrawal,218410,CAD
CA00045863,2025-06-22,BR008,TLR-4596,C503583,cash deposit,1246.54,CAD
CA00052014,2025-06-20,BR038,TLR-1267,C502809,cash withdrawal,504.43,CAD
CA00052318,2025-06-16,BR040,TLR-4855,C501956,cash deposit,2435.83,CAD
CA00046124,2025-06-09,BR009,TLR-5103,C501296,cash withdrawal,1009.61,CAD
CA00049369,2025-06-19,BR026,TLR-2305,C502950,cash withdrawal,-1184.78,CAD
CA00052571,2025-06-07,BR040,TLR-4841,C500616,cash deposit,547.19,CAD
CA00046304,2025-06-01,BR009,TLR-2423,C500640,cash deposit,284701,CAD
CA00050575,2025-06-16,BR032,TLR-6406,C500358,cash withdrawal,937.59,CAD
CA00048134,2025-06-19,BR019,TLR-1634,C501313,cash deposit,1688.5,CAD
CA00047281,2025-06-03,BR015,TLR-6243,C503289,cash deposit,2480.87,CAD
CA00049798,2025-06-28,BR028,TLR-1082,C501611,cash deposit,2122.7,CAD
CA00045891,2025-06-11,BR008,TLR-1368,C503815,cash deposit,1172.74,CAD
CA00050470,2025-06-20,BR031,TLR-7716,C503437,cash deposit,347426,CAD
CA00050851,2025-06-28,BR034,TLR-6144,C503157,cash withdrawal,1632.38,CAD
CA00049480,2025-06-04,BR026,TLR-3183,C501162,cash deposit,1625.35,CAD
CA00051436,2025-06-29,BR036,TLR-4136,C500425,cash withdrawal,856.22,CAD
CA00049278,2025-06-19,BR025,TLR-5152,C501426,cash withdrawal,-546.48,CAD
CA00047283,2025-06-29,BR015,TLR-4135,C502607,cash withdrawal,991.49,CAD
CA00051462,2025-06-27,BR036,TLR-2615,C501399,cash withdrawal,47142,CAD
CA00052473,2025-06-13,BR040,TLR-4977,C502195,cash deposit,63306,CAD
CA00050353,2025-06-12,BR031,TLR-7989,C500766,cash deposit,1902.58,CAD
CA00046652,2025-06-25,BR012,TLR-3345,C503853,cash deposit,264.95,CAD
CA00047400,2025-06-12,BR015,TLR-5724,C501312,cash withdrawal,1002.45,CAD
CA00046771,2025-06-18,BR012,TLR-9632,C503999,cash withdrawal,806.95,CAD
CA00046371,2025-06-20,BR010,TLR-1984,C502999,cash withdrawal,949.59,CAD
CA00045957,2025-06-10,BR008,TLR-4385,C503855,cash deposit,573.88,CAD
CA00044299,2025-06-26,BR001,TLR-3066,C500215,cash withdrawal,2369.7,CAD
CA00052209,2025-06-16,BR039,TLR-2994,C501159,cash deposit,56750,CAD
CA00047348,2025-06-08,BR015,TLR-1395,C501887,cash withdrawal,72185,CAD
CA00047259,2025-06-28,BR015,TLR-4711,C502494,cash withdrawal,607.69,CAD
CA00045905,2025-06-15,BR008,TLR-1030,C503200,cash deposit,443.69,CAD
CA00048744,2025-06-21,BR023,TLR-4673,C503718,cash deposit,567.34,CAD
CA00045738,2025-06-12,BR007,TLR-6430,C501605,cash withdrawal,65718,CAD
CA00051904,2025-06-21,BR038,TLR-9714,C500619,cash deposit,1726.49,CAD
CA00051642,2025-06-17,BR037,TLR-6305,C503756,cash deposit,339.74,CAD
CA00052737,2025-06-08,BR040,TLR-8577,C502926,cash deposit,73307,CAD
CA00044467,2025-06-18,BR001,TLR-1942,C503454,cash withdrawal,120566,CAD
CA00045903,2025-06-03,BR008,TLR-8814,C500239,cash withdrawal,599.3,CAD
CA00044601,2025-06-21,BR002,TLR-6910,C502781,cash withdrawal,-1178.03,CAD
CA00046567,2025-06-21,BR011,TLR-1658,C502678,cash deposit,310152,CAD
CA00048414,2025-06-06,BR020,TLR-9309,C501350,cash deposit,1684.46,USD
CA00044572,2025-06-25,BR002,TLR-8072,C500373,cash deposit,157940,CAD
CA00052658,2025-06-15,BR040,TLR-6758,C501365,cash withdrawal,1448.78,CAD
CA00046552,2025-06-26,BR011,TLR-7367,C502444,cash withdrawal,2819.69,CAD
CA00044895,2025-06-22,BR003,TLR-9741,C501508,cash deposit,396.69,CAD
CA00049661,2025-06-26,BR027,TLR-7672,C500470,cash withdrawal,1420.66,CAD
CA00049717,2025-06-04,BR027,TLR-8501,C503188,cash withdrawal,1575.11,CAD
CA00052408,2025-06-07,BR040,TLR-1513,C501504,cash withdrawal,212253,CAD
CA00046046,2025-06-04,BR008,TLR-3595,C503274,cash withdrawal,406.61,CAD
CA00049467,2025-06-15,BR026,TLR-4478,C500129,cash deposit,158753,CAD
CA00048428,2025-06-12,BR021,TLR-5151,C500365,cash withdrawal,1163.14,CAD
CA00048236,2025-06-17,BR020,TLR-4807,C502514,cash withdrawal,270.76,USD
CA00052203,2025-06-08,BR039,TLR-8913,C502826,cash withdrawal,874.25,CAD
CA00046383,2025-06-07,BR010,TLR-1731,C502356,cash withdrawal,767.2,CAD
CA00044780,2025-06-24,BR002,TLR-3882,C501871,cash withdrawal,-1603.48,CAD
CA00049956,2025-06-07,BR029,TLR-8975,C501126,cash deposit,1405.65,CAD
CA00051464,2025-06-10,BR036,TLR-2013,C502675,cash deposit,459.63,CAD
CA00049737,2025-06-04,BR027,TLR-7393,C503685,cash deposit,82014,CAD
CA00045826,2025-06-04,BR007,TLR-6315,C502762,cash deposit,982.76,CAD
CA00046670,2025-06-16,BR012,TLR-6258,C502420,cash withdrawal,419.02,CAD
CA00045922,2025-06-14,BR008,TLR-3448,C503568,cash withdrawal,3732.06,CAD
CA00050710,2025-06-30,BR033,TLR-4487,C500837,cash deposit,339982,CAD
CA00045454,2025-06-10,BR006,TLR-3818,C501016,cash deposit,342663,CAD
CA00049018,2025-06-03,BR024,TLR-9551,C500401,cash withdrawal,214428,CAD
CA00045801,2025-06-25,BR007,TLR-6013,C502759,cash withdrawal,1669.77,CAD
CA00052732,2025-06-20,BR040,TLR-6637,C502857,cash deposit,3201.98,CAD
CA00046364,2025-06-19,BR010,TLR-5947,C502297,cash deposit,104798,CAD
CA00048158,2025-06-01,BR019,TLR-7246,C500218,cash deposit,343.54,CAD
CA00050495,2025-06-14,BR031,TLR-7363,C501857,cash deposit,588.57,CAD
CA00045791,2025-06-15,BR007,TLR-3225,C503577,cash deposit,562.85,CAD
CA00048219,2025-06-22,BR020,TLR-9148,C501676,cash deposit,307.47,USD
CA00045843,2025-06-06,BR007,TLR-6555,C503685,cash withdrawal,781.86,CAD
CA00052036,2025-06-07,BR038,TLR-5869,C501453,cash deposit,661.91,CAD
CA00052816,2025-06-22,BR040,TLR-5721,C502777,cash withdrawal,1502.34,CAD
CA00051332,2025-06-10,BR036,TLR-3026,C503991,cash withdrawal,93257,CAD
CA00046107,2025-06-21,BR008,TLR-9561,C500895,cash deposit,996.92,CAD
CA00050351,2025-06-27,BR031,TLR-6199,C502935,cash deposit,1550.26,CAD
CA00049593,2025-06-12,BR027,TLR-5176,C501259,cash withdrawal,1625.01,CAD
CA00047698,2025-06-13,BR017,TLR-2089,C500634,cash deposit,1123.52,CAD
CA00045902,2025-06-07,BR008,TLR-2980,C501866,cash withdrawal,1570.45,CAD
CA00047361,2025-06-05,BR015,TLR-7920,C503480,cash deposit,887.55,CAD
CA00046841,2025-06-21,BR013,TLR-2839,C500590,cash deposit,790.35,CAD
CA00045821,2025-06-19,BR007,TLR-2220,C500190,cash deposit,446.64,CAD
CA00048073,2025-06-26,BR019,TLR-8594,C502578,cash withdrawal,1141.77,CAD
CA00047097,2025-06-17,BR014,TLR-2446,C503723,cash withdrawal,943.66,CAD
CA00051851,2025-06-09,BR037,TLR-9736,C503884,cash withdrawal,452.12,CAD
CA00047194,2025-06-01,BR015,TLR-3348,C503154,cash withdrawal,4059.6,CAD
CA00044540,2025-06-21,BR001,TLR-2806,C501254,cash deposit,108030,CAD
CA00045514,2025-06-05,BR006,TLR-4316,C500699,cash deposit,993.32,CAD
CA00053243,2025-06-24,BR040,TLR-4624,C503998,cash deposit,751.65,CAD
CA00045975,2025-06-22,BR008,TLR-7725,C500012,cash withdrawal,1379.13,CAD
CA00052050,2025-06-09,BR038,TLR-2509,C503242,cash withdrawal,123681,CAD
CA00052840,2025-06-08,BR040,TLR-2044,C501819,cash deposit,108.41,CAD
CA00047690,2025-06-24,BR017,TLR-4450,C501125,cash deposit,1561.28,CAD
CA00045715,2025-06-03,BR007,TLR-5917,C503549,cash withdrawal,1827.0,CAD
CA00048838,2025-06-27,BR024,TLR-2347,C502078,cash deposit,1018.89,CAD
CA00046757,2025-06-23,BR012,TLR-5135,C501579,cash withdrawal,1369.32,CAD
CA00047038,2025-06-15,BR014,TLR-7700,C502930,cash withdrawal,955.1,CAD
CA00044932,2025-06-30,BR003,TLR-4381,C501151,cash withdrawal,739.69,CAD
CA00048629,2025-06-15,BR022,TLR-1567,C501427,cash withdrawal,2701.98,CAD
CA00045474,2025-06-17,BR006,TLR-9247,C503722,cash withdrawal,805.0,CAD
CA00046935,2025-06-19,BR014,TLR-4674,C501584,cash withdrawal,1644.11,CAD
CA00050916,2025-06-14,BR034,TLR-1688,C503317,cash deposit,100944,CAD
CA00048669,2025-06-30,BR022,TLR-1782,C502939,cash withdrawal,4130.58,CAD
CA00051449,2025-06-13,BR036,TLR-3909,C500837,cash deposit,57975,CAD
CA00050645,2025-06-20,BR032,TLR-7548,C500508,cash deposit,1280.49,CAD
CA00052930,2025-06-28,BR040,TLR-1195,C502770,cash deposit,2865.86,CAD
CA00047077,2025-06-05,BR014,TLR-1624,C500286,cash withdrawal,1807.46,CAD
CA00047945,2025-06-03,BR018,TLR-2135,C500202,cash deposit,227744,CAD
CA00050527,2025-06-29,BR031,TLR-4319,C503513,cash withdrawal,158754,CAD
CA00052411,2025-06-17,BR040,TLR-2977,C500078,cash deposit,684.7,CAD
CA00050206,2025-06-20,BR030,TLR-6635,C501450,cash deposit,1218.2,CAD
CA00048285,2025-06-23,BR020,TLR-7423,C502780,cash withdrawal,1507.04,USD
CA00047830,2025-06-02,BR017,TLR-1542,C501841,cash withdrawal,3239.71,CAD
CA00046244,2025-06-21,BR009,TLR-5192,C503035,cash deposit,449.11,CAD
CA00053126,2025-06-13,BR040,TLR-7387,C503086,cash withdrawal,899.5,CAD
CA00053159,2025-06-04,BR040,TLR-6472,C500308,cash withdrawal,558.35,CAD
CA00048981,2025-06-05,BR024,TLR-4688,C500325,cash deposit,709.15,CAD
CA00051955,2025-06-17,BR038,TLR-4519,C502351,cash deposit,82466,CAD
CA00046260,2025-06-12,BR009,TLR-5622,C500592,cash deposit,866.89,CAD
CA00050039,2025-06-08,BR030,TLR-6994,C501767,cash deposit,68.16,CAD
CA00048871,2025-06-22,BR024,TLR-5464,C501619,cash withdrawal,1638.81,CAD
CA00045806,2025-06-22,BR007,TLR-9638,C503669,cash withdrawal,893.12,CAD
CA00045179,2025-06-03,BR004,TLR-3709,C502784,cash withdrawal,454.67,CAD
CA00046957,2025-06-23,BR014,TLR-1183,C500803,cash withdrawal,69540,CAD
CA00047951,2025-06-06,BR018,TLR-8695,C503903,cash withdrawal,645.75,CAD
CA00052614,2025-06-18,BR040,TLR-9994,C500548,cash withdrawal,846.95,CAD
CA00048975,2025-06-29,BR024,TLR-2629,C500644,cash withdrawal,1117.28,CAD
CA00047858,2025-06-29,BR018,TLR-5491,C500727,cash deposit,350.02,CAD
CA00048817,2025-06-25,BR024,TLR-2555,C501716,cash deposit,976.19,CAD
CA00050286,2025-06-14,BR030,TLR-1368,C501797,cash deposit,1709.6,CAD
CA00052022,2025-06-29,BR038,TLR-4118,C500738,cash deposit,1102.89,CAD
CA00049657,2025-06-04,BR027,TLR-8895,C500358,cash withdrawal,5889.76,CAD
CA00044511,2025-06-21,BR001,TLR-9755,C501878,cash withdrawal,1952.41,CAD
CA00050148,2025-06-25,BR030,TLR-2650,C501851,cash withdrawal,1352.48,CAD
CA00052738,2025-06-22,BR040,TLR-1148,C502474,cash withdrawal,3636.84,CAD
CA00053218,2025-06-08,BR040,TLR-8697,C500871,cash withdrawal,341.81,CAD
CA00050094,2025-06-30,BR030,TLR-6463,C500486,cash withdrawal,638.46,CAD
CA00045608,2025-06-25,BR006,TLR-7431,C502828,cash withdrawal,750.93,CAD
CA00046551,2025-06-25,BR011,TLR-6889,C502586,cash deposit,1628.41,CAD
CA00047811,2025-06-29,BR017,TLR-7211,C503400,cash deposit,1456.85,CAD
CA00052438,2025-06-27,BR040,TLR-8732,C501589,cash withdrawal,967.62,CAD
CA00047873,2025-06-25,BR018,TLR-9259,C500014,cash deposit,677.43,CAD
CA00052263,2025-06-06,BR039,TLR-2672,C500591,cash withdrawal,721.95,CAD
CA00046357,2025-06-17,BR010,TLR-2204,C502034,cash withdrawal,86996,CAD
CA00051425,2025-06-07,BR036,TLR-5951,C500790,cash withdrawal,145932,CAD
CA00044919,2025-06-05,BR003,TLR-3744,C500598,cash withdrawal,1282.36,CAD
CA00049319,2025-06-15,BR026,TLR-3799,C503813,cash deposit,853.02,CAD
CA00051308,2025-06-03,BR036,TLR-9221,C503688,cash withdrawal,2514.16,CAD
CA00047457,2025-06-28,BR016,TLR-5569,C500554,cash deposit,3662.79,CAD
CA00048895,2025-06-16,BR024,TLR-5059,C502864,cash deposit,227.73,CAD
CA00049169,2025-06-25,BR025,TLR-5140,C500671,cash withdrawal,-778.27,CAD
CA00045994,2025-06-04,BR008,TLR-7408,C500626,cash deposit,5656.84,CAD
CA00050446,2025-06-30,BR031,TLR-1850,C503115,cash deposit,383.67,CAD
CA00052591,2025-06-27,BR040,TLR-4400,C503231,cash deposit,1189.77,CAD
CA00048470,2025-06-27,BR021,TLR-9765,C500230,cash deposit,123783,CAD
CA00050618,2025-06-12,BR032,TLR-2117,C502486,cash withdrawal,789.47,CAD
CA00046041,2025-06-27,BR008,TLR-7097,C500017,cash deposit,1146.36,CAD
CA00051280,2025-06-05,BR035,TLR-6815,C501356,cash withdrawal,335.22,CAD
CA00046183,2025-06-14,BR009,TLR-7149,C500027,cash withdrawal,9374.58,CAD
CA00045232,2025-06-12,BR004,TLR-9558,C502772,cash deposit,1197.1,CAD
CA00048226,2025-06-22,BR020,TLR-3676,C501591,cash withdrawal,800.45,USD
CA00049482,2025-06-10,BR026,TLR-5574,C500656,cash deposit,487.25,CAD
CA00048258,2025-06-04,BR020,TLR-4462,C501805,cash deposit,1346.28,USD
CA00045590,2025-06-13,BR006,TLR-8817,C500169,cash deposit,3348.42,CAD
CA00049295,2025-06-26,BR025,TLR-2573,C501994,cash deposit,415.09,CAD
CA00049012,2025-06-29,BR024,TLR-2079,C503009,cash withdrawal,1600.7,CAD
CA00047023,2025-06-14,BR014,TLR-7425,C502961,cash withdrawal,1012.05,CAD
CA00047129,2025-06-11,BR015,TLR-1067,C500229,cash withdrawal,96126,CAD
CA00051272,2025-06-21,BR035,TLR-6710,C500821,cash withdrawal,264.97,CAD
CA00051056,2025-06-16,BR035,TLR-5154,C503002,cash deposit,924.79,CAD
CA00046554,2025-06-26,BR011,TLR-7818,C502119,cash withdrawal,1409.23,CAD
CA00052895,2025-06-30,BR040,TLR-8733,C503794,cash deposit,1714.4,CAD
CA00049058,2025-06-16,BR024,TLR-8211,C501447,cash deposit,4138.6,CAD
CA00048325,2025-06-08,BR020,TLR-2615,C503975,cash withdrawal,1502.22,USD
CA00045883,2025-06-17,BR008,TLR-7370,C503205,cash withdrawal,792.38,CAD
CA00047646,2025-06-20,BR017,TLR-8977,C502341,cash deposit,53891,CAD
CA00046651,2025-06-02,BR012,TLR-6742,C502786,cash withdrawal,2597.63,CAD
CA00050444,2025-06-09,BR031,TLR-3336,C501193,cash deposit,114348,CAD
CA00050181,2025-06-07,BR030,TLR-5030,C501827,cash deposit,1237.65,CAD
CA00049561,2025-06-08,BR026,TLR-5930,C502525,cash deposit,1133.92,CAD
CA00048157,2025-06-17,BR019,TLR-7993,C500365,cash deposit,691.68,CAD
CA00052535,2025-06-25,BR040,TLR-2083,C502107,cash deposit,4557.0,CAD
CA00051860,2025-06-26,BR037,TLR-4071,C503666,cash deposit,682.46,CAD
CA00051060,2025-06-03,BR035,TLR-2355,C502709,cash deposit,1660.82,CAD
CA00051696,2025-06-07,BR037,TLR-8138,C500011,cash deposit,3389.5,CAD
CA00046882,2025-06-18,BR013,TLR-7039,C501202,cash deposit,905.28,CAD
CA00049008,2025-06-26,BR024,TLR-9952,C502372,cash deposit,427.0,CAD
CA00047048,2025-06-03,BR014,TLR-4833,C502479,cash deposit,1970.31,CAD
CA00044411,2025-06-27,BR001,TLR-3221,C503636,cash deposit,67334,CAD
CA00049857,2025-06-01,BR028,TLR-3657,C501848,cash deposit,382248,CAD
CA00047277,2025-06-01,BR015,TLR-8628,C503304,cash deposit,1494.01,CAD
CA00050983,2025-06-12,BR034,TLR-2793,C502312,cash deposit,561.7,CAD
CA00050370,2025-06-09,BR031,TLR-5959,C501428,cash deposit,983.18,CAD
CA00052023,2025-06-16,BR038,TLR-3228,C500624,cash withdrawal,285.17,CAD
CA00052545,2025-06-27,BR040,TLR-7772,C500444,cash deposit,201948,CAD
CA00053279,2025-06-10,BR040,TLR-3228,C503209,cash deposit,292.45,CAD
CA00052602,2025-06-08,BR040,TLR-6213,C501398,cash withdrawal,78321,CAD
CA00049566,2025-06-04,BR026,TLR-9640,C500287,cash deposit,402.61,CAD
CA00044679,2025-06-21,BR002,TLR-9556,C501856,cash withdrawal,-677.66,CAD
CA00045228,2025-06-22,BR004,TLR-8657,C502298,cash withdrawal,254.62,CAD
CA00049876,2025-06-02,BR028,TLR-7903,C500887,cash deposit,426.62,CAD
CA00046620,2025-06-01,BR012,TLR-9970,C501322,cash deposit,361.98,CAD
CA00052818,2025-06-30,BR040,TLR-1831,C501049,cash deposit,1261.87,CAD
CA00049815,2025-06-22,BR028,TLR-9215,C503100,cash deposit,1224.46,CAD
CA00051178,2025-06-17,BR035,TLR-2092,C500952,cash deposit,3731.39,CAD
CA00052339,2025-06-13,BR040,TLR-9049,C500808,cash deposit,1838.7,CAD
CA00046710,2025-06-24,BR012,TLR-4493,C501916,cash deposit,43990,CAD
CA00052127,2025-06-26,BR039,TLR-3945,C503140,cash deposit,2272.81,CAD
CA00045324,2025-06-30,BR005,TLR-2391,C503539,cash withdrawal,133625,CAD
CA00048563,2025-06-27,BR021,TLR-1656,C501400,cash withdrawal,1842.15,CAD
CA00046497,2025-06-28,BR010,TLR-1731,C500186,cash deposit,1090.85,CAD
CA00051163,2025-06-12,BR035,TLR-3324,C503228,cash withdrawal,445.9,CAD
CA00049838,2025-06-28,BR028,TLR-1211,C502459,cash withdrawal,1161.89,CAD
CA00044757,2025-06-29,BR002,TLR-3792,C502527,cash deposit,1541.65,CAD
CA00044923,2025-06-25,BR003,TLR-9559,C503618,cash deposit,560.38,CAD
CA00050697,2025-06-04,BR033,TLR-8301,C500706,cash withdrawal,614.05,CAD
CA00047180,2025-06-07,BR015,TLR-7983,C502356,cash deposit,646.77,CAD
CA00046553,2025-06-22,BR011,TLR-6586,C501309,cash deposit,59516,CAD
CA00048567,2025-06-15,BR021,TLR-4652,C502702,cash withdrawal,1309.0,CAD
CA00052426,2025-06-25,BR040,TLR-8197,C502285,cash deposit,707.85,CAD
CA00050647,2025-06-08,BR032,TLR-3108,C503765,cash deposit,57120,CAD
CA00048729,2025-06-14,BR023,TLR-1751,C501519,cash withdrawal,1868.22,CAD
CA00044291,2025-06-27,BR001,TLR-7703,C502952,cash withdrawal,1357.37,CAD
CA00052344,2025-06-26,BR040,TLR-6326,C502248,cash deposit,651.72,CAD
CA00052857,2025-06-28,BR040,TLR-8486,C503893,cash withdrawal,2817.92,CAD
CA00051727,2025-06-15,BR037,TLR-5395,C502654,cash deposit,453.07,CAD
CA00048304,2025-06-01,BR020,TLR-8126,C503857,cash deposit,1199.72,USD
CA00045468,2025-06-07,BR006,TLR-8846,C502880,cash withdrawal,1080.61,CAD
CA00045944,2025-06-06,BR008,TLR-7180,C502621,cash withdrawal,840.37,CAD
CA00046021,2025-06-05,BR008,TLR-6791,C501698,cash withdrawal,1987.21,CAD
CA00048519,2025-06-26,BR021,TLR-7034,C500833,cash withdrawal,1292.1,CAD
CA00051961,2025-06-17,BR038,TLR-6084,C500448,cash withdrawal,479.77,CAD
CA00050372,2025-06-26,BR031,TLR-3694,C502362,cash deposit,1128.13,CAD
CA00051388,2025-06-13,BR036,TLR-1734,C502563,cash withdrawal,104911,CAD
CA00051656,2025-06-14,BR037,TLR-3979,C502534,cash withdrawal,1034.88,CAD
CA00044875,2025-06-04,BR003,TLR-1564,C500885,cash deposit,535.02,CAD
CA00044695,2025-06-11,BR002,TLR-6126,C501546,cash withdrawal,-75892,CAD
CA00048334,2025-06-18,BR020,TLR-3663,C500766,cash withdrawal,124.14,USD
CA00053146,2025-06-07,BR040,TLR-7972,C501650,cash withdrawal,1735.81,CAD
CA00049675,2025-06-29,BR027,TLR-6210,C502462,cash withdrawal,248286,CAD
CA00053189,2025-06-12,BR040,TLR-3417,C501895,cash withdrawal,886.34,CAD
CA00046940,2025-06-27,BR014,TLR-1028,C501406,cash deposit,954.69,CAD
CA00045601,2025-06-06,BR006,TLR-9617,C501227,cash deposit,335.19,CAD
CA00045357,2025-06-05,BR006,TLR-1084,C501282,cash withdrawal,1466.08,CAD
CA00047662,2025-06-18,BR017,TLR-5123,C501477,cash deposit,954.02,CAD
CA00045168,2025-06-04,BR004,TLR-9221,C502343,cash withdrawal,1981.91,CAD
CA00053008,2025-06-28,BR040,TLR-3419,C502436,cash withdrawal,1455.67,CAD
CA00049003,2025-06-01,BR024,TLR-6493,C503012,cash withdrawal,84536,CAD
CA00048679,2025-06-26,BR022,TLR-6378,C501490,cash withdrawal,464.44,CAD
CA00046877,2025-06-15,BR013,TLR-4456,C502314,cash deposit,626.73,CAD
CA00048799,2025-06-01,BR024,TLR-1004,C501722,cash deposit,145711,CAD
CA00047996,2025-06-26,BR019,TLR-7150,C503810,cash deposit,177398,CAD
CA00051301,2025-06-08,BR036,TLR-8083,C500054,cash deposit,524.63,CAD
CA00046536,2025-06-14,BR011,TLR-2069,C503151,cash deposit,1500.26,CAD
CA00051291,2025-06-12,BR036,TLR-2055,C502852,cash deposit,745.43,CAD
CA00048364,2025-06-21,BR020,TLR-2912,C501606,cash withdrawal,45475,USD
CA00049651,2025-06-17,BR027,TLR-5971,C501136,cash deposit,880.47,CAD
CA00049878,2025-06-17,BR028,TLR-5446,C501826,cash deposit,247625,CAD
CA00045180,2025-06-21,BR004,TLR-7772,C502362,cash withdrawal,1507.61,CAD
CA00046700,2025-06-08,BR012,TLR-2541,C502611,cash deposit,510.29,CAD
CA00052913,2025-06-29,BR040,TLR-6954,C501565,cash deposit,93045,CAD
CA00051227,2025-06-10,BR035,TLR-7970,C503603,cash withdrawal,639.76,CAD
CA00046644,2025-06-10,BR012,TLR-1930,C500785,cash deposit,806.49,CAD
CA00049227,2025-06-10,BR025,TLR-8907,C503033,cash withdrawal,-144481,CAD
CA00053154,2025-06-29,BR040,TLR-1217,C502243,cash deposit,2423.55,CAD
CA00045266,2025-06-16,BR004,TLR-4473,C503201,cash withdrawal,345.74,CAD
CA00051025,2025-06-15,BR035,TLR-6268,C503601,cash withdrawal,867.63,CAD
CA00048655,2025-06-03,BR022,TLR-5933,C501604,cash deposit,61066,CAD
CA00045261,2025-06-07,BR004,TLR-8860,C503891,cash withdrawal,138883,CAD
CA00053115,2025-06-17,BR040,TLR-5967,C500358,cash deposit,957.08,CAD
CA00049294,2025-06-05,BR025,TLR-6991,C502776,cash deposit,536.17,CAD
CA00051848,2025-06-30,BR037,TLR-4934,C503493,cash withdrawal,1121.38,CAD
CA00049632,2025-06-30,BR027,TLR-8733,C502819,cash withdrawal,809.79,CAD
CA00048710,2025-06-11,BR023,TLR-1415,C503597,cash deposit,817.66,CAD
CA00049330,2025-06-14,BR026,TLR-5657,C500259,cash deposit,2596.6,CAD
CA00045996,2025-06-17,BR008,TLR-8281,C501580,cash deposit,96576,CAD
CA00046294,2025-06-10,BR009,TLR-9822,C502822,cash deposit,3828.08,CAD
CA00053262,2025-06-27,BR040,TLR-5288,C503944,cash withdrawal,1100.68,CAD
CA00049299,2025-06-26,BR025,TLR-1824,C503396,cash deposit,279.34,CAD
CA00047460,2025-06-19,BR016,TLR-8243,C503379,cash deposit,3064.95,CAD
CA00050638,2025-06-20,BR032,TLR-7971,C500256,cash deposit,305.81,CAD
CA00049053,2025-06-05,BR024,TLR-4636,C503854,cash deposit,107512,CAD
CA00051263,2025-06-27,BR035,TLR-6176,C500922,cash deposit,130962,CAD
CA00049344,2025-06-07,BR026,TLR-4267,C501570,cash withdrawal,-7934.23,CAD
CA00048749,2025-06-06,BR023,TLR-5301,C501394,cash withdrawal,2472.17,CAD
CA00046380,2025-06-21,BR010,TLR-2201,C502203,cash deposit,924.24,CAD
CA00044325,2025-06-12,BR001,TLR-3518,C500008,cash deposit,592.11,CAD
CA00048865,2025-06-18,BR024,TLR-2046,C503829,cash withdrawal,60381,CAD
CA00046394,2025-06-08,BR010,TLR-8576,C501691,cash withdrawal,2277.72,CAD
CA00048505,2025-06-22,BR021,TLR-5292,C502960,cash withdrawal,204.47,CAD
CA00044793,2025-06-12,BR003,TLR-1319,C503997,cash deposit,1156.19,CAD
CA00051213,2025-06-27,BR035,TLR-6005,C501864,cash deposit,1056.45,CAD
CA00050115,2025-06-23,BR030,TLR-6292,C502643,cash withdrawal,833.78,CAD
CA00052241,2025-06-20,BR039,TLR-7281,C503196,cash deposit,871.38,CAD
CA00051916,2025-06-23,BR038,TLR-1958,C503299,cash withdrawal,984.41,CAD
CA00046133,2025-06-06,BR009,TLR-6570,C500631,cash withdrawal,1111.03,CAD
CA00046464,2025-06-26,BR010,TLR-7023,C500711,cash deposit,680.19,CAD
CA00044950,2025-06-13,BR003,TLR-9244,C500415,cash withdrawal,403.33,CAD
CA00053256,2025-06-05,BR040,TLR-3161,C501154,cash withdrawal,43021,CAD
CA00045637,2025-06-21,BR007,TLR-7437,C503699,cash deposit,450.23,CAD
CA00044866,2025-06-02,BR003,TLR-2352,C503909,cash withdrawal,353.25,CAD
CA00048008,2025-06-22,BR019,TLR-9039,C503913,cash withdrawal,2388.24,CAD
CA00051559,2025-06-26,BR036,TLR-8967,C500221,cash deposit,2039.74,CAD
CA00045993,2025-06-26,BR008,TLR-1942,C500398,cash deposit,855.09,CAD
CA00049656,2025-06-03,BR027,TLR-3440,C503671,cash deposit,2037.58,CAD
CA00049638,2025-06-25,BR027,TLR-7955,C500211,cash withdrawal,1381.05,CAD
CA00053087,2025-06-05,BR040,TLR-3387,C501489,cash withdrawal,798.63,CAD
CA00047647,2025-06-01,BR017,TLR-2632,C501322,cash deposit,988.88,CAD
CA00045851,2025-06-29,BR008,TLR-6942,C503109,cash deposit,1698.45,CAD
CA00045825,2025-06-18,BR007,TLR-3031,C501553,cash withdrawal,1705.32,CAD
CA00045316,2025-06-28,BR005,TLR-1469,C502103,cash deposit,575.15,CAD
CA00050642,2025-06-07,BR032,TLR-1596,C501706,cash deposit,405.04,CAD
CA00051747,2025-06-22,BR037,TLR-4235,C502907,cash withdrawal,1849.07,CAD
CA00052363,2025-06-17,BR040,TLR-5017,C502668,cash deposit,486.74,CAD
CA00052218,2025-06-10,BR039,TLR-5798,C502679,cash withdrawal,1720.43,CAD
CA00052158,2025-06-24,BR039,TLR-2520,C503769,cash deposit,146589,CAD
CA00045430,2025-06-26,BR006,TLR-5035,C503882,cash withdrawal,602.07,CAD
CA00047759,2025-06-25,BR017,TLR-8465,C502164,cash withdrawal,2972.75,CAD
CA00052372,2025-06-26,BR040,TLR-8065,C502875,cash deposit,66527,CAD
CA00051554,2025-06-04,BR036,TLR-7313,C500668,cash withdrawal,1343.98,CAD
CA00046369,2025-06-05,BR010,TLR-5156,C501465,cash withdrawal,1030.57,CAD
CA00044831,2025-06-06,BR003,TLR-3507,C501746,cash deposit,578.39,CAD
CA00049348,2025-06-29,BR026,TLR-5944,C501925,cash withdrawal,-707.02,CAD
CA00051078,2025-06-15,BR035,TLR-8409,C503560,cash deposit,506.9,CAD
CA00052607,2025-06-25,BR040,TLR-4523,C502086,cash deposit,357.74,CAD
CA00045711,2025-06-14,BR007,TLR-4102,C502905,cash withdrawal,914.8,CAD
CA00049965,2025-06-04,BR029,TLR-9128,C503879,cash withdrawal,2786.38,CAD
CA00051193,2025-06-29,BR035,TLR-6101,C500613,cash deposit,801.92,CAD
CA00044770,2025-06-24,BR002,TLR-4429,C501374,cash deposit,257.71,CAD
CA00045053,2025-06-16,BR004,TLR-3355,C502424,cash deposit,1190.01,CAD
CA00047786,2025-06-29,BR017,TLR-1826,C501106,cash deposit,1490.48,CAD
CA00047510,2025-06-21,BR016,TLR-9663,C502222,cash deposit,78819,CAD
CA00044905,2025-06-25,BR003,TLR-1033,C501038,cash deposit,694.48,CAD
CA00046373,2025-06-01,BR010,TLR-5886,C501375,cash deposit,1318.34,CAD
CA00051488,2025-06-11,BR036,TLR-8871,C503135,cash deposit,92385,CAD
CA00052090,2025-06-12,BR038,TLR-4157,C502150,cash deposit,879.37,CAD
CA00050969,2025-06-19,BR034,TLR-1815,C502273,cash withdrawal,283.71,CAD
CA00052894,2025-06-16,BR040,TLR-1106,C503434,cash deposit,159.81,CAD
CA00051827,2025-06-03,BR037,TLR-1427,C503106,cash withdrawal,437.81,CAD
CA00046228,2025-06-22,BR009,TLR-8713,C503194,cash withdrawal,418.42,CAD
CA00051073,2025-06-27,BR035,TLR-5524,C502134,cash withdrawal,652.45,CAD
CA00047971,2025-06-07,BR019,TLR-9935,C502366,cash withdrawal,820.04,CAD
CA00047524,2025-06-06,BR016,TLR-5826,C500258,cash withdrawal,418.5,CAD
CA00051607,2025-06-19,BR036,TLR-9298,C501373,cash deposit,1071.28,CAD
CA00052003,2025-06-07,BR038,TLR-7180,C502683,cash deposit,1862.18,CAD
CA00052368,2025-06-07,BR040,TLR-8990,C501544,cash withdrawal,1341.59,CAD
CA00050679,2025-06-08,BR032,TLR-8336,C503212,cash deposit,2272.55,CAD
CA00051279,2025-06-13,BR035,TLR-4388,C500860,cash deposit,357.92,CAD
CA00051376,2025-06-30,BR036,TLR-7174,C501461,cash withdrawal,313.32,CAD
CA00050813,2025-06-13,BR033,TLR-3979,C501640,cash withdrawal,3582.76,CAD
CA00052089,2025-06-06,BR038,TLR-9441,C500425,cash deposit,1334.95,CAD
CA00052505,2025-06-23,BR040,TLR-4475,C503089,cash withdrawal,1062.13,CAD
CA00052622,2025-06-24,BR040,TLR-4079,C502607,cash deposit,263.89,CAD
CA00049316,2025-06-10,BR026,TLR-8293,C501618,cash withdrawal,-2333.43,CAD
CA00051252,2025-06-29,BR035,TLR-3715,C501139,cash withdrawal,928.49,CAD
CA00047443,2025-06-01,BR016,TLR-5100,C503666,cash deposit,1093.32,CAD
CA00049778,2025-06-21,BR028,TLR-5725,C501329,cash deposit,2683.93,CAD
CA00051811,2025-06-29,BR037,TLR-6168,C500750,cash withdrawal,3170.65,CAD
CA00048424,2025-06-20,BR020,TLR-5699,C502904,cash deposit,357.85,USD
CA00047495,2025-06-19,BR016,TLR-1340,C502517,cash withdrawal,670.14,CAD
CA00046676,2025-06-03,BR012,TLR-9430,C500136,cash withdrawal,269.02,CAD
CA00047661,2025-06-29,BR017,TLR-1148,C501062,cash withdrawal,88644,CAD
CA00045484,2025-06-04,BR006,TLR-3564,C500821,cash deposit,286792,CAD
CA00046184,2025-06-23,BR009,TLR-9401,C500653,cash deposit,637.29,CAD
CA00049392,2025-06-18,BR026,TLR-9811,C502097,cash deposit,1280.05,CAD
CA00052063,2025-06-08,BR038,TLR-2301,C503614,cash withdrawal,1567.3,CAD
CA00048877,2025-06-09,BR024,TLR-2345,C501746,cash withdrawal,3086.57,CAD
CA00045377,2025-06-25,BR006,TLR-7108,C502691,cash deposit,79233,CAD
CA00047989,2025-06-19,BR019,TLR-2132,C500357,cash deposit,697.91,CAD
CA00049779,2025-06-23,BR028,TLR-8622,C503961,cash deposit,553.97,CAD
CA00044985,2025-06-21,BR003,TLR-6125,C501743,cash withdrawal,1023.62,CAD
CA00046212,2025-06-18,BR009,TLR-7822,C501344,cash withdrawal,1336.31,CAD
CA00053100,2025-06-22,BR040,TLR-8508,C500918,cash deposit,865.59,CAD
CA00046784,2025-06-18,BR012,TLR-6863,C503892,cash deposit,1257.92,CAD
CA00045986,2025-06-06,BR008,TLR-1699,C503158,cash deposit,969.13,CAD
CA00051885,2025-06-02,BR037,TLR-1810,C500027,cash deposit,1330.88,CAD
CA00050450,2025-06-27,BR031,TLR-5260,C503511,cash deposit,692.55,CAD
CA00050477,2025-06-11,BR031,TLR-5955,C503285,cash withdrawal,977.76,CAD
CA00048845,2025-06-20,BR024,TLR-4351,C503322,cash deposit,82913,CAD
CA00052484,2025-06-02,BR040,TLR-2668,C502779,cash deposit,484.73,CAD
CA00046574,2025-06-28,BR012,TLR-3291,C501352,cash withdrawal,568.86,CAD
CA00045413,2025-06-05,BR006,TLR-7925,C501103,cash withdrawal,1933.45,CAD
CA00051502,2025-06-25,BR036,TLR-9949,C500292,cash deposit,104450,CAD
CA00050151,2025-06-29,BR030,TLR-6278,C503580,cash deposit,2289.01,CAD
CA00049504,2025-06-24,BR026,TLR-4799,C500226,cash withdrawal,-840.83,CAD
CA00051161,2025-06-21,BR035,TLR-9960,C501492,cash deposit,266.72,CAD
CA00049208,2025-06-17,BR025,TLR-5044,C500485,cash withdrawal,-80760,CAD
CA00051156,2025-06-26,BR035,TLR-2596,C503107,cash deposit,714.58,CAD
CA00052573,2025-06-01,BR040,TLR-4590,C503943,cash withdrawal,790.21,CAD
CA00051739,2025-06-05,BR037,TLR-3931,C501260,cash deposit,667.0,CAD
CA00045717,2025-06-14,BR007,TLR-8566,C500313,cash deposit,501.56,CAD
CA00048152,2025-06-19,BR019,TLR-5172,C502619,cash deposit,1396.91,CAD
CA00049658,2025-06-16,BR027,TLR-9074,C503900,cash withdrawal,734.22,CAD
CA00052783,2025-06-03,BR040,TLR-4380,C500160,cash withdrawal,268.56,CAD
CA00044541,2025-06-03,BR001,TLR-5496,C500161,cash withdrawal,1693.73,CAD
CA00050075,2025-06-21,BR030,TLR-8424,C500031,cash deposit,1071.19,CAD
CA00050883,2025-06-22,BR034,TLR-5052,C501714,cash withdrawal,554.76,CAD
CA00052262,2025-06-10,BR039,TLR-4194,C502273,cash withdrawal,778.04,CAD
CA00048638,2025-06-26,BR022,TLR-5478,C503707,cash deposit,1697.95,CAD
CA00045319,2025-06-11,BR005,TLR-3020,C503932,cash deposit,454.8,CAD
CA00044872,2025-06-12,BR003,TLR-3471,C501785,cash withdrawal,287.58,CAD
CA00048136,2025-06-10,BR019,TLR-7555,C503423,cash deposit,1074.29,CAD
CA00044347,2025-06-08,BR001,TLR-1067,C502298,cash deposit,166604,CAD
CA00047317,2025-06-20,BR015,TLR-9584,C500055,cash withdrawal,821.11,CAD
CA00048381,2025-06-22,BR020,TLR-1900,C500248,cash withdrawal,1334.0,USD
CA00052166,2025-06-29,BR039,TLR-6854,C502568,cash deposit,597.28,CAD
CA00046157,2025-06-12,BR009,TLR-1395,C501767,cash deposit,588.05,CAD
CA00044882,2025-06-14,BR003,TLR-4091,C503499,cash deposit,1347.44,CAD
CA00051864,2025-06-12,BR037,TLR-6339,C502463,cash deposit,1140.9,CAD
CA00053030,2025-06-08,BR040,TLR-9002,C502559,cash withdrawal,817.47,CAD
CA00047694,2025-06-26,BR017,TLR-7226,C500114,cash deposit,1125.84,CAD
CA00052237,2025-06-26,BR039,TLR-6637,C502617,cash deposit,401.14,CAD
CA00050885,2025-06-10,BR034,TLR-9707,C503614,cash withdrawal,183.15,CAD
CA00045981,2025-06-25,BR008,TLR-6089,C500847,cash withdrawal,2927.45,CAD
CA00048161,2025-06-26,BR019,TLR-7174,C500084,cash withdrawal,1379.6,CAD
CA00049040,2025-06-20,BR024,TLR-2898,C500397,cash withdrawal,1099.86,CAD
CA00053246,2025-06-13,BR040,TLR-9406,C501960,cash deposit,1815.96,CAD
CA00051932,2025-06-11,BR038,TLR-8355,C500159,cash deposit,474.13,CAD
CA00045493,2025-06-01,BR006,TLR-5716,C503003,cash withdrawal,391.04,CAD
CA00044642,2025-06-23,BR002,TLR-5826,C502729,cash deposit,305.99,CAD
CA00053003,2025-06-14,BR040,TLR-1752,C503939,cash deposit,1025.33,CAD
CA00044839,2025-06-26,BR003,TLR-4439,C502387,cash deposit,647.67,CAD
CA00048890,2025-06-18,BR024,TLR-8344,C502108,cash deposit,2191.93,CAD
CA00045834,2025-06-01,BR007,TLR-1839,C502183,cash deposit,3282.93,CAD
CA00052514,2025-06-27,BR040,TLR-7576,C500159,cash deposit,62497,CAD
CA00046473,2025-06-07,BR010,TLR-1746,C501210,cash deposit,75183,CAD
CA00053027,2025-06-20,BR040,TLR-1284,C502789,cash deposit,488.43,CAD
CA00045662,2025-06-15,BR007,TLR-3089,C500762,cash deposit,20890,CAD
CA00052323,2025-06-24,BR040,TLR-4612,C501795,cash withdrawal,2844.73,CAD
CA00046040,2025-06-28,BR008,TLR-2308,C502342,cash deposit,69602,CAD
CA00046013,2025-06-22,BR008,TLR-2484,C503509,cash withdrawal,46804,CAD
CA00046962,2025-06-02,BR014,TLR-7765,C502297,cash withdrawal,14031,CAD
CA00049780,2025-06-08,BR028,TLR-5675,C503420,cash deposit,741.79,CAD
CA00051672,2025-06-25,BR037,TLR-3965,C500817,cash deposit,622.66,CAD
CA00051204,2025-06-30,BR035,TLR-6657,C501162,cash deposit,824.12,CAD
CA00051986,2025-06-14,BR038,TLR-3721,C500135,cash withdrawal,243.55,CAD
CA00045146,2025-06-21,BR004,TLR-4622,C502695,cash deposit,299.95,CAD
CA00050487,2025-06-06,BR031,TLR-6385,C503920,cash withdrawal,3075.63,CAD
CA00050070,2025-06-10,BR030,TLR-9133,C500854,cash withdrawal,1257.58,CAD
CA00052763,2025-06-13,BR040,TLR-8456,C501576,cash deposit,2103.65,CAD
CA00051670,2025-06-27,BR037,TLR-3956,C501273,cash withdrawal,1578.56,CAD
CA00048327,2025-06-16,BR020,TLR-9487,C501747,cash deposit,1655.56,USD
CA00045492,2025-06-05,BR006,TLR-7132,C500247,cash deposit,1838.85,CAD
CA00044848,2025-06-17,BR003,TLR-8109,C503140,cash deposit,3339.78,CAD
CA00047571,2025-06-10,BR016,TLR-9085,C501533,cash withdrawal,1475.79,CAD
CA00047531,2025-06-14,BR016,TLR-7525,C501425,cash withdrawal,614.64,CAD
CA00044379,2025-06-30,BR001,TLR-6528,C503433,cash withdrawal,1217.36,CAD
CA00047440,2025-06-02,BR016,TLR-5260,C502691,cash deposit,995.41,CAD
CA00050459,2025-06-23,BR031,TLR-4315,C502925,cash deposit,810.32,CAD
CA00047226,2025-06-13,BR015,TLR-3786,C503209,cash deposit,718.18,CAD
CA00052740,2025-06-11,BR040,TLR-5896,C500272,cash deposit,1923.6,CAD
CA00050390,2025-06-04,BR031,TLR-3100,C503270,cash deposit,2112.55,CAD
CA00046515,2025-06-15,BR011,TLR-3413,C501001,cash deposit,1442.66,CAD
CA00049015,2025-06-27,BR024,TLR-8363,C502690,cash deposit,335458,CAD
CA00051658,2025-06-04,BR037,TLR-4237,C503432,cash deposit,325.6,CAD
CA00049196,2025-06-14,BR025,TLR-9175,C503046,cash withdrawal,-351.71,CAD
CA00051783,2025-06-04,BR037,TLR-3727,C501453,cash withdrawal,615.66,CAD
CA00048099,2025-06-27,BR019,TLR-7861,C503007,cash deposit,98534,CAD
CA00049957,2025-06-19,BR029,TLR-7491,C501975,cash deposit,1657.67,CAD
CA00046586,2025-06-11,BR012,TLR-1829,C501868,cash withdrawal,1461.12,CAD
CA00046243,2025-06-30,BR009,TLR-3942,C503329,cash withdrawal,1449.44,CAD
CA00050201,2025-06-24,BR030,TLR-3454,C502680,cash deposit,1590.53,CAD
CA00049971,2025-06-06,BR029,TLR-7886,C500638,cash deposit,180785,CAD
CA00044484,2025-06-27,BR001,TLR-6103,C502975,cash deposit,3179.71,CAD
CA00050489,2025-06-23,BR031,TLR-2329,C503680,cash deposit,267.59,CAD
CA00050006,2025-06-21,BR029,TLR-7761,C503512,cash withdrawal,690.44,CAD
CA00047542,2025-06-24,BR016,TLR-2949,C501385,cash deposit,2642.93,CAD
CA00048293,2025-06-23,BR020,TLR-4720,C500265,cash deposit,432.19,USD
CA00051950,2025-06-01,BR038,TLR-8210,C503248,cash withdrawal,252.48,CAD
CA00049767,2025-06-21,BR028,TLR-7084,C500835,cash deposit,4259.15,CAD
CA00052958,2025-06-11,BR040,TLR-4429,C501707,cash deposit,1306.17,CAD
CA00048209,2025-06-25,BR019,TLR-9795,C500480,cash withdrawal,2417.87,CAD
CA00046675,2025-06-09,BR012,TLR-6729,C500859,cash deposit,405.18,CAD
CA00051714,2025-06-24,BR037,TLR-5198,C503478,cash withdrawal,81081,CAD
CA00051738,2025-06-04,BR037,TLR-1091,C500576,cash withdrawal,1438.06,CAD
CA00048312,2025-06-25,BR020,TLR-4072,C503179,cash withdrawal,780.07,USD
CA00048037,2025-06-04,BR019,TLR-9300,C500953,cash withdrawal,792.4,CAD
CA00044827,2025-06-14,BR003,TLR-8525,C503799,cash deposit,1154.86,CAD
CA00046908,2025-06-18,BR014,TLR-6812,C500828,cash deposit,2876.97,CAD
CA00048590,2025-06-04,BR021,TLR-1844,C503722,cash withdrawal,2855.01,CAD
CA00047313,2025-06-22,BR015,TLR-5214,C500350,cash deposit,4681.05,CAD
CA00046869,2025-06-17,BR013,TLR-9468,C502343,cash deposit,808.45,CAD
CA00049771,2025-06-04,BR028,TLR-2966,C502305,cash withdrawal,579.81,CAD
CA00047242,2025-06-08,BR015,TLR-6774,C500324,cash withdrawal,317.01,CAD
CA00045303,2025-06-11,BR005,TLR-2548,C503880,cash withdrawal,1030.19,CAD
CA00046838,2025-06-13,BR013,TLR-5439,C502551,cash withdrawal,517.26,CAD
CA00049843,2025-06-20,BR028,TLR-1742,C503412,cash withdrawal,462.3,CAD
CA00050508,2025-06-17,BR031,TLR-9589,C503211,cash withdrawal,96864,CAD
CA00047641,2025-06-30,BR017,TLR-4892,C502403,cash withdrawal,1628.63,CAD
CA00046673,2025-06-02,BR012,TLR-3412,C501028,cash deposit,1503.29,CAD
CA00052152,2025-06-13,BR039,TLR-9353,C502731,cash withdrawal,664.12,CAD
CA00045465,2025-06-19,BR006,TLR-9216,C500969,cash deposit,340.04,CAD
CA00046081,2025-06-25,BR008,TLR-5979,C502526,cash withdrawal,1119.23,CAD
CA00045713,2025-06-07,BR007,TLR-5680,C501072,cash withdrawal,2117.53,CAD
CA00045003,2025-06-17,BR003,TLR-9629,C503882,cash deposit,1785.58,CAD
CA00051789,2025-06-28,BR037,TLR-5486,C500609,cash deposit,2904.96,CAD
CA00051874,2025-06-05,BR037,TLR-1521,C501374,cash withdrawal,1206.13,CAD
CA00052799,2025-06-25,BR040,TLR-9373,C501843,cash deposit,1471.96,CAD
CA00044565,2025-06-08,BR002,TLR-8101,C503899,cash deposit,1451.83,CAD
CA00045609,2025-06-29,BR006,TLR-3325,C501835,cash withdrawal,688.63,CAD
CA00049892,2025-06-15,BR029,TLR-7538,C503773,cash deposit,2238.56,CAD
CA00046347,2025-06-14,BR010,TLR-4530,C501925,cash withdrawal,1210.44,CAD
CA00050464,2025-06-16,BR031,TLR-8914,C502522,cash deposit,3021.29,CAD
CA00047176,2025-06-23,BR015,TLR-1813,C500385,cash deposit,654.02,CAD
CA00051958,2025-06-25,BR038,TLR-6528,C501930,cash withdrawal,1396.43,CAD
CA00045184,2025-06-23,BR004,TLR-2183,C502926,cash deposit,107183,CAD
CA00052009,2025-06-27,BR038,TLR-9882,C500396,cash deposit,432.01,CAD
CA00047251,2025-06-20,BR015,TLR-2447,C503946,cash withdrawal,994.58,CAD
CA00045565,2025-06-03,BR006,TLR-7013,C501847,cash deposit,1431.83,CAD
CA00044628,2025-06-09,BR002,TLR-2217,C503085,cash withdrawal,-1154.35,CAD
CA00044367,2025-06-25,BR001,TLR-5506,C500457,cash withdrawal,372.47,CAD
CA00045148,2025-06-05,BR004,TLR-9261,C500877,cash deposit,100410,CAD
CA00045289,2025-06-01,BR005,TLR-1621,C503885,cash withdrawal,1589.24,CAD
CA00050733,2025-06-02,BR033,TLR-5925,C502120,cash withdrawal,311958,CAD
CA00052901,2025-06-07,BR040,TLR-3146,C501292,cash withdrawal,1443.66,CAD
CA00051769,2025-06-03,BR037,TLR-7412,C503303,cash deposit,996.51,CAD
CA00053149,2025-06-12,BR040,TLR-3593,C501118,cash withdrawal,1317.02,CAD
CA00052624,2025-06-24,BR040,TLR-5177,C502976,cash deposit,967.88,CAD
CA00049977,2025-06-29,BR029,TLR-3162,C502098,cash withdrawal,2129.14,CAD
CA00051119,2025-06-12,BR035,TLR-1592,C502910,cash withdrawal,54517,CAD
CA00049652,2025-06-14,BR027,TLR-5451,C503554,cash withdrawal,50609,CAD
CA00047550,2025-06-17,BR016,TLR-4982,C500872,cash deposit,1388.0,CAD
CA00047343,2025-06-28,BR015,TLR-1448,C500054,cash deposit,891.74,CAD
CA00048541,2025-06-16,BR021,TLR-3897,C502468,cash withdrawal,884.53,CAD
CA00047696,2025-06-02,BR017,TLR-2965,C503231,cash withdrawal,1394.43,CAD
CA00052281,2025-06-14,BR039,TLR-7366,C501466,cash withdrawal,2545.72,CAD
CA00050100,2025-06-27,BR030,TLR-9572,C502489,cash deposit,1925.12,CAD
CA00049811,2025-06-24,BR028,TLR-6309,C501085,cash deposit,380.3,CAD
CA00053281,2025-06-23,BR040,TLR-1628,C502584,cash withdrawal,1441.65,CAD
CA00044806,2025-06-14,BR003,TLR-1362,C501565,cash withdrawal,466.36,CAD
CA00044410,2025-06-18,BR001,TLR-1781,C501993,cash deposit,754.31,CAD
CA00047139,2025-06-09,BR015,TLR-6821,C503591,cash withdrawal,3343.12,CAD
CA00044773,2025-06-01,BR002,TLR-5246,C501116,cash withdrawal,-1153.64,CAD
CA00049111,2025-06-27,BR025,TLR-9843,C502481,cash withdrawal,-3281.75,CAD
CA00051371,2025-06-23,BR036,TLR-5027,C501405,cash withdrawal,916.92,CAD
CA00053101,2025-06-21,BR040,TLR-3526,C500586,cash deposit,120368,CAD
CA00052483,2025-06-07,BR040,TLR-8709,C500882,cash deposit,1059.39,CAD
CA00048722,2025-06-08,BR023,TLR-6395,C501572,cash deposit,1495.85,CAD
CA00050073,2025-06-25,BR030,TLR-3864,C503731,cash withdrawal,2112.37,CAD
CA00045557,2025-06-03,BR006,TLR-6097,C503451,cash withdrawal,1112.56,CAD
CA00047744,2025-06-16,BR017,TLR-1165,C502023,cash withdrawal,915.31,CAD
CA00052145,2025-06-30,BR039,TLR-6008,C502180,cash deposit,1942.57,CAD
CA00050683,2025-06-13,BR033,TLR-4037,C501504,cash deposit,1111.78,CAD
CA00049144,2025-06-09,BR025,TLR-4973,C503033,cash withdrawal,-413.05,CAD
CA00051615,2025-06-18,BR037,TLR-6861,C502206,cash deposit,1626.38,CAD
CA00052176,2025-06-28,BR039,TLR-6072,C503706,cash withdrawal,783.51,CAD
CA00047888,2025-06-16,BR018,TLR-8696,C500787,cash deposit,51924,CAD
CA00046029,2025-06-17,BR008,TLR-4689,C501689,cash deposit,1904.68,CAD
CA00045223,2025-06-23,BR004,TLR-6607,C503468,cash deposit,80475,CAD
CA00045351,2025-06-30,BR006,TLR-5725,C500132,cash deposit,93722,CAD
CA00046672,2025-06-16,BR012,TLR-3779,C503939,cash deposit,1367.46,CAD
CA00049545,2025-06-13,BR026,TLR-8053,C503175,cash deposit,673.17,CAD
CA00048190,2025-06-24,BR019,TLR-9349,C500007,cash deposit,290.33,CAD
CA00044971,2025-06-13,BR003,TLR-4405,C502349,cash deposit,267.19,CAD
CA00045197,2025-06-04,BR004,TLR-2534,C502030,cash deposit,821.73,CAD
CA00045635,2025-06-30,BR007,TLR-6785,C501716,cash deposit,2856.24,CAD
CA00050011,2025-06-07,BR030,TLR-6005,C503239,cash deposit,190199,CAD
CA00046454,2025-06-30,BR010,TLR-2595,C501474,cash deposit,879.13,CAD
CA00049505,2025-06-20,BR026,TLR-9863,C501821,cash deposit,83702,CAD
CA00050696,2025-06-06,BR033,TLR-9330,C502151,cash withdrawal,90335,CAD
CA00044996,2025-06-27,BR003,TLR-1682,C502425,cash withdrawal,1450.09,CAD
CA00044787,2025-06-04,BR003,TLR-1195,C501741,cash deposit,373.54,CAD
CA00047042,2025-06-02,BR014,TLR-3928,C502630,cash withdrawal,270.49,CAD
CA00048909,2025-06-28,BR024,TLR-8479,C501981,cash withdrawal,557.54,CAD
CA00051281,2025-06-28,BR035,TLR-9551,C500280,cash withdrawal,7243.78,CAD
CA00051172,2025-06-05,BR035,TLR-8719,C500777,cash deposit,94014,CAD
CA00048767,2025-06-09,BR023,TLR-9440,C502206,cash withdrawal,39386,CAD
CA00052786,2025-06-19,BR040,TLR-2812,C501440,cash withdrawal,1582.38,CAD
CA00045720,2025-06-09,BR007,TLR-7741,C503502,cash withdrawal,381.25,CAD
CA00047466,2025-06-21,BR016,TLR-2959,C502855,cash withdrawal,959.18,CAD
CA00047183,2025-06-18,BR015,TLR-6416,C503358,cash deposit,1061.67,CAD
CA00045972,2025-06-06,BR008,TLR-8567,C501070,cash withdrawal,201675,CAD
CA00049600,2025-06-24,BR027,TLR-6277,C502813,cash deposit,368.99,CAD
CA00044722,2025-06-02,BR002,TLR-3434,C502863,cash withdrawal,-911.28,CAD
CA00045864,2025-06-29,BR008,TLR-8712,C501946,cash deposit,143794,CAD
CA00044525,2025-06-22,BR001,TLR-4890,C500281,cash deposit,41189,CAD
CA00049415,2025-06-25,BR026,TLR-6431,C500323,cash deposit,5342.69,CAD
CA00052512,2025-06-08,BR040,TLR-2394,C501655,cash withdrawal,836.25,CAD
CA00049802,2025-06-22,BR028,TLR-7605,C503597,cash withdrawal,1312.03,CAD
CA00047074,2025-06-15,BR014,TLR-7288,C501547,cash withdrawal,739.5,CAD
CA00049564,2025-06-14,BR026,TLR-4487,C500194,cash deposit,779.05,CAD
CA00052655,2025-06-30,BR040,TLR-5464,C503898,cash deposit,749.6,CAD
CA00051063,2025-06-30,BR035,TLR-8663,C503268,cash withdrawal,120887,CAD
CA00050595,2025-06-05,BR032,TLR-4936,C500806,cash deposit,856.05,CAD
CA00044384,2025-06-18,BR001,TLR-5580,C500302,cash deposit,1675.22,CAD
CA00048094,2025-06-27,BR019,TLR-9706,C500067,cash withdrawal,39847,CAD
CA00046418,2025-06-10,BR010,TLR-8145,C502481,cash deposit,787.95,CAD
CA00051591,2025-06-20,BR036,TLR-3975,C502591,cash deposit,1659.96,CAD
CA00052122,2025-06-24,BR039,TLR-8992,C503243,cash deposit,1217.43,CAD
CA00045852,2025-06-21,BR008,TLR-2246,C500943,cash deposit,2483.52,CAD
CA00051475,2025-06-30,BR036,TLR-8299,C501267,cash deposit,119.02,CAD
CA00048549,2025-06-04,BR021,TLR-2241,C501924,cash withdrawal,883.99,CAD
CA00051069,2025-06-16,BR035,TLR-5956,C501999,cash deposit,2382.67,CAD
CA00052418,2025-06-19,BR040,TLR-1581,C502111,cash withdrawal,843.93,CAD
CA00052964,2025-06-16,BR040,TLR-6458,C502682,cash withdrawal,617.63,CAD
CA00046662,2025-06-09,BR012,TLR-9018,C501133,cash deposit,1952.29,CAD
CA00052120,2025-06-16,BR039,TLR-5592,C502104,cash deposit,1759.95,CAD
CA00052774,2025-06-23,BR040,TLR-4075,C502631,cash withdrawal,1138.21,CAD
CA00045187,2025-06-29,BR004,TLR-6999,C503295,cash withdrawal,1540.71,CAD
CA00048646,2025-06-09,BR022,TLR-3075,C502442,cash deposit,492.32,CAD
CA00047149,2025-06-15,BR015,TLR-3151,C501888,cash deposit,144340,CAD
CA00048580,2025-06-05,BR021,TLR-5128,C503138,cash deposit,897.55,CAD
CA00049085,2025-06-19,BR024,TLR-5669,C501058,cash deposit,1221.86,CAD
CA00049082,2025-06-30,BR024,TLR-2818,C500549,cash deposit,1864.83,CAD
CA00047394,2025-06-24,BR015,TLR-1010,C502700,cash deposit,370.67,CAD
CA00046649,2025-06-29,BR012,TLR-1360,C501062,cash withdrawal,2131.79,CAD
CA00044633,2025-06-18,BR002,TLR-1396,C502939,cash withdrawal,-976.75,CAD
CA00048824,2025-06-04,BR024,TLR-9299,C502801,cash deposit,566.5,CAD
CA00046256,2025-06-12,BR009,TLR-9706,C502631,cash withdrawal,43271,CAD
CA00051725,2025-06-07,BR037,TLR-4460,C502396,cash withdrawal,1072.65,CAD
CA00047092,2025-06-17,BR014,TLR-1388,C503273,cash withdrawal,3056.85,CAD
CA00044354,2025-06-18,BR001,TLR-5228,C503670,cash deposit,598.52,CAD
CA00049547,2025-06-02,BR026,TLR-2292,C500560,cash deposit,183666,CAD
CA00050824,2025-06-10,BR033,TLR-2063,C501378,cash withdrawal,401.88,CAD
CA00045850,2025-06-24,BR008,TLR-3853,C502121,cash deposit,380.62,CAD
CA00050995,2025-06-02,BR034,TLR-2391,C503196,cash withdrawal,313.26,CAD
CA00048607,2025-06-09,BR022,TLR-9886,C502999,cash withdrawal,85111,CAD
CA00052810,2025-06-21,BR040,TLR-1880,C500041,cash withdrawal,596.43,CAD
CA00044454,2025-06-14,BR001,TLR-3306,C501113,cash withdrawal,454.11,CAD
CA00048809,2025-06-30,BR024,TLR-4419,C500476,cash deposit,1249.94,CAD
CA00046736,2025-06-12,BR012,TLR-1964,C500597,cash deposit,901.94,CAD
CA00046802,2025-06-22,BR012,TLR-4898,C501505,cash deposit,380.34,CAD
CA00048353,2025-06-06,BR020,TLR-4245,C502163,cash deposit,762.41,USD
CA00049320,2025-06-25,BR026,TLR-8419,C501026,cash withdrawal,-287.79,CAD
CA00045103,2025-06-10,BR004,TLR-8956,C503596,cash deposit,1056.92,CAD
CA00046692,2025-06-01,BR012,TLR-5007,C503000,cash withdrawal,863.13,CAD
CA00051751,2025-06-09,BR037,TLR-4027,C502205,cash withdrawal,523.28,CAD
CA00052916,2025-06-18,BR040,TLR-5097,C502739,cash deposit,854.83,CAD
CA00052922,2025-06-01,BR040,TLR-8701,C501888,cash withdrawal,476.2,CAD
CA00047016,2025-06-07,BR014,TLR-7650,C503550,cash deposit,93479,CAD
CA00044523,2025-06-04,BR001,TLR-1311,C501799,cash withdrawal,2431.19,CAD
CA00045471,2025-06-04,BR006,TLR-2643,C501714,cash withdrawal,164.04,CAD
CA00048553,2025-06-01,BR021,TLR-8693,C501532,cash deposit,1032.16,CAD
CA00048075,2025-06-12,BR019,TLR-1424,C502092,cash deposit,2709.88,CAD
CA00050074,2025-06-10,BR030,TLR-3505,C500590,cash deposit,607.75,CAD
CA00045326,2025-06-18,BR005,TLR-5763,C501748,cash withdrawal,78110,CAD
CA00052900,2025-06-08,BR040,TLR-9365,C501066,cash deposit,76350,CAD
CA00049240,2025-06-06,BR025,TLR-4172,C500599,cash deposit,490.7,CAD
CA00047178,2025-06-17,BR015,TLR-1407,C501127,cash deposit,1928.82,CAD
CA00051711,2025-06-01,BR037,TLR-4383,C503790,cash deposit,1187.58,CAD
CA00046479,2025-06-01,BR010,TLR-7587,C503820,cash withdrawal,489.34,CAD
CA00044437,2025-06-21,BR001,TLR-5836,C502276,cash deposit,2556.89,CAD
CA00044486,2025-06-22,BR001,TLR-1951,C501319,cash deposit,516.62,CAD
CA00044478,2025-06-09,BR001,TLR-4365,C502931,cash deposit,1040.37,CAD
CA00046438,2025-06-18,BR010,TLR-2743,C501473,cash deposit,805.85,CAD
CA00047349,2025-06-27,BR015,TLR-1496,C503834,cash withdrawal,2292.4,CAD
CA00044453,2025-06-24,BR001,TLR-3669,C503603,cash withdrawal,1726.15,CAD
CA00046090,2025-06-03,BR008,TLR-1071,C500029,cash deposit,581.23,CAD
CA00047172,2025-06-06,BR015,TLR-6169,C503242,cash withdrawal,820.7,CAD
CA00050242,2025-06-22,BR030,TLR-4965,C502177,cash withdrawal,115.9,CAD
CA00050672,2025-06-04,BR032,TLR-2471,C503818,cash withdrawal,722.75,CAD
CA00045699,2025-06-20,BR007,TLR-5149,C500771,cash deposit,1316.23,CAD
CA00049235,2025-06-20,BR025,TLR-9155,C502508,cash deposit,41509,CAD
CA00050274,2025-06-28,BR030,TLR-9861,C500717,cash deposit,384.96,CAD
CA00045743,2025-06-01,BR007,TLR-5653,C500831,cash withdrawal,1740.73,CAD
CA00044542,2025-06-28,BR001,TLR-7719,C503205,cash deposit,135722,CAD
CA00051532,2025-06-16,BR036,TLR-6856,C503129,cash deposit,947.99,CAD
CA00046317,2025-06-05,BR009,TLR-6910,C503253,cash withdrawal,85423,CAD
CA00044917,2025-06-15,BR003,TLR-5640,C502215,cash withdrawal,95141,CAD
CA00052572,2025-06-08,BR040,TLR-3663,C503079,cash deposit,35517,CAD
CA00048397,2025-06-26,BR020,TLR-5977,C502856,cash deposit,316.77,USD
CA00048486,2025-06-29,BR021,TLR-8969,C503620,cash deposit,1142.51,CAD
CA00046167,2025-06-29,BR009,TLR-8625,C502077,cash deposit,991.5,CAD
CA00051868,2025-06-29,BR037,TLR-6925,C503208,cash withdrawal,1517.14,CAD
CA00046345,2025-06-04,BR010,TLR-1823,C502184,cash deposit,802.46,CAD
CA00048625,2025-06-04,BR022,TLR-2269,C501090,cash deposit,818.78,CAD
CA00051326,2025-06-10,BR036,TLR-9107,C502193,cash deposit,1574.5,CAD
CA00051422,2025-06-30,BR036,TLR-6049,C503692,cash deposit,1114.54,CAD
CA00052787,2025-06-14,BR040,TLR-3538,C501432,cash withdrawal,726.93,CAD
CA00052026,2025-06-17,BR038,TLR-2463,C501161,cash withdrawal,406225,CAD
CA00045870,2025-06-18,BR008,TLR-8596,C500769,cash deposit,1559.27,CAD
CA00047465,2025-06-06,BR016,TLR-7487,C501812,cash withdrawal,608.43,CAD
CA00051325,2025-06-20,BR036,TLR-3694,C501426,cash deposit,1273.16,CAD
CA00050799,2025-06-23,BR033,TLR-8737,C500050,cash withdrawal,1103.3,CAD
CA00044809,2025-06-10,BR003,TLR-4458,C503834,cash deposit,1514.54,CAD
CA00048367,2025-06-25,BR020,TLR-4032,C503173,cash withdrawal,32432,USD
CA00050427,2025-06-27,BR031,TLR-1661,C500368,cash withdrawal,3813.2,CAD
CA00052325,2025-06-13,BR040,TLR-5140,C501421,cash deposit,289396,CAD
CA00053039,2025-06-18,BR040,TLR-1607,C501510,cash deposit,66163,CAD
CA00045275,2025-06-13,BR004,TLR-4641,C502605,cash withdrawal,572.37,CAD
CA00045634,2025-06-11,BR007,TLR-3359,C501401,cash withdrawal,506.4,CAD
CA00047597,2025-06-04,BR016,TLR-1830,C501028,cash withdrawal,535.96,CAD
CA00047156,2025-06-15,BR015,TLR-7321,C501213,cash deposit,689.17,CAD
CA00051026,2025-06-18,BR035,TLR-7592,C500188,cash withdrawal,1784.26,CAD
CA00049233,2025-06-21,BR025,TLR-6171,C503668,cash deposit,1427.96,CAD
CA00048196,2025-06-05,BR019,TLR-3059,C501542,cash withdrawal,1414.84,CAD
CA00050962,2025-06-28,BR034,TLR-7386,C501726,cash withdrawal,1224.12,CAD
CA00049403,2025-06-19,BR026,TLR-2578,C500125,cash deposit,1293.77,CAD
CA00045048,2025-06-07,BR004,TLR-4988,C500984,cash withdrawal,38963,CAD
CA00053307,2025-06-06,BR007,TLR-4063,W973957,cash deposit,789.89,CAD
CA00049270,2025-06-10,BR025,TLR-6883,C500366,cash withdrawal,-79625,CAD
CA00047003,2025-06-16,BR014,TLR-6907,C500233,cash withdrawal,1180.66,CAD
CA00052431,2025-06-10,BR040,TLR-1344,C500663,cash deposit,230.2,CAD
CA00046073,2025-06-29,BR008,TLR-8901,C500293,cash withdrawal,1208.29,CAD
CA00046142,2025-06-05,BR009,TLR-8824,C502803,cash deposit,141402,CAD
CA00048475,2025-06-15,BR021,TLR-8885,C502764,cash withdrawal,1759.92,CAD
CA00052939,2025-06-02,BR040,TLR-9552,C500342,cash withdrawal,857.11,CAD
CA00049558,2025-06-15,BR026,TLR-5782,C503872,cash withdrawal,-1421.3,CAD
CA00045308,2025-06-03,BR005,TLR-5407,C500704,cash deposit,406.71,CAD
CA00045875,2025-06-19,BR008,TLR-4760,C503524,cash withdrawal,917.92,CAD
CA00052910,2025-06-15,BR040,TLR-3984,C500710,cash withdrawal,598.41,CAD
CA00046361,2025-06-22,BR010,TLR-8107,C502000,cash withdrawal,1949.96,CAD
CA00048193,2025-06-07,BR019,TLR-8046,C502608,cash withdrawal,694.98,CAD
CA00049979,2025-06-25,BR029,TLR-7058,C501254,cash deposit,927.15,CAD
CA00051389,2025-06-24,BR036,TLR-2782,C501151,cash withdrawal,523.43,CAD
CA00046866,2025-06-09,BR013,TLR-2594,C501973,cash deposit,361.5,CAD
CA00045355,2025-06-01,BR006,TLR-2480,C502999,cash withdrawal,214728,CAD
CA00052082,2025-06-27,BR038,TLR-3269,C502267,cash deposit,1145.04,CAD
CA00045521,2025-06-07,BR006,TLR-7913,C502815,cash withdrawal,143282,CAD
CA00045674,2025-06-14,BR007,TLR-2488,C503520,cash withdrawal,1459.49,CAD
CA00046783,2025-06-23,BR012,TLR-6750,C500924,cash deposit,1694.41,CAD
CA00047598,2025-06-18,BR016,TLR-8814,C502090,cash withdrawal,1064.12,CAD
CA00048274,2025-06-19,BR020,TLR-2657,C501045,cash deposit,941.43,USD
CA00051787,2025-06-29,BR037,TLR-5091,C503862,cash withdrawal,1424.02,CAD
CA00050460,2025-06-24,BR031,TLR-9488,C503287,cash withdrawal,80897,CAD
CA00050282,2025-06-18,BR030,TLR-3517,C503978,cash withdrawal,1160.89,CAD
CA00052862,2025-06-09,BR040,TLR-3682,C502815,cash deposit,205836,CAD
CA00044759,2025-06-23,BR002,TLR-3302,C500007,cash withdrawal,-931.63,CAD
CA00048634,2025-06-12,BR022,TLR-6779,C503045,cash withdrawal,268424,CAD
CA00048615,2025-06-16,BR022,TLR-2258,C500533,cash withdrawal,2462.02,CAD
CA00044892,2025-06-05,BR003,TLR-4304,C500005,cash deposit,731.39,CAD
CA00047284,2025-06-24,BR015,TLR-8865,C501208,cash deposit,750.71,CAD
CA00050344,2025-06-27,BR031,TLR-5856,C502885,cash deposit,1649.64,CAD
CA00047528,2025-06-26,BR016,TLR-8727,C502128,cash withdrawal,601.62,CAD
CA00049219,2025-06-08,BR025,TLR-1461,C502108,cash withdrawal,-1248.43,CAD
CA00048227,2025-06-10,BR020,TLR-2788,C503901,cash withdrawal,568.8,USD
CA00049821,2025-06-23,BR028,TLR-3324,C502477,cash withdrawal,821.14,CAD
CA00045244,2025-06-19,BR004,TLR-9646,C501593,cash withdrawal,1310.44,CAD
CA00047338,2025-06-27,BR015,TLR-3865,C503513,cash withdrawal,562.53,CAD
CA00051877,2025-06-06,BR037,TLR-6820,C502787,cash withdrawal,1435.51,CAD
CA00049687,2025-06-08,BR027,TLR-8084,C502180,cash deposit,1036.59,CAD
CA00044817,2025-06-09,BR003,TLR-5856,C503080,cash withdrawal,1789.41,CAD
CA00047290,2025-06-02,BR015,TLR-6546,C502243,cash withdrawal,605.74,CAD
CA00046289,2025-06-03,BR009,TLR-8591,C503562,cash deposit,242.12,CAD
CA00047941,2025-06-20,BR018,TLR-1935,C500594,cash deposit,3117.95,CAD
CA00046534,2025-06-02,BR011,TLR-3655,C501985,cash withdrawal,1464.05,CAD
CA00049541,2025-06-01,BR026,TLR-7048,C502279,cash deposit,3923.44,CAD
CA00049621,2025-06-02,BR027,TLR-9499,C502681,cash deposit,276.47,CAD
CA00049921,2025-06-22,BR029,TLR-5907,C500212,cash deposit,592.88,CAD
CA00049710,2025-06-28,BR027,TLR-5219,C500613,cash withdrawal,1559.0,CAD
CA00046104,2025-06-05,BR008,TLR-6316,C502410,cash withdrawal,340.46,CAD
CA00047356,2025-06-25,BR015,TLR-9642,C503263,cash deposit,469.33,CAD
CA00050649,2025-06-16,BR032,TLR-6078,C503811,cash withdrawal,1193.09,CAD
CA00046711,2025-06-25,BR012,TLR-7584,C503986,cash withdrawal,1001.58,CAD
CA00048461,2025-06-28,BR021,TLR-8514,C500610,cash withdrawal,752.66,CAD
CA00048034,2025-06-21,BR019,TLR-3542,C502362,cash withdrawal,2651.11,CAD
CA00046121,2025-06-22,BR009,TLR-5847,C503489,cash withdrawal,717.24,CAD
CA00052226,2025-06-12,BR039,TLR-5844,C503397,cash deposit,3675.51,CAD
CA00050589,2025-06-08,BR032,TLR-9626,C502752,cash deposit,1181.07,CAD
CA00052477,2025-06-03,BR040,TLR-8999,C500619,cash deposit,778.39,CAD
CA00048728,2025-06-10,BR023,TLR-6728,C500628,cash withdrawal,820.04,CAD
CA00050357,2025-06-10,BR031,TLR-6705,C500929,cash withdrawal,71327,CAD
CA00048127,2025-06-12,BR019,TLR-7162,C500808,cash withdrawal,1505.16,CAD
CA00044595,2025-06-12,BR002,TLR-6381,C500032,cash deposit,1011.55,CAD
CA00048639,2025-06-05,BR022,TLR-7611,C502033,cash deposit,1976.38,CAD
CA00046691,2025-06-10,BR012,TLR-9707,C502586,cash withdrawal,2083.12,CAD
CA00047860,2025-06-29,BR018,TLR-2702,C502292,cash withdrawal,119.31,CAD
CA00052074,2025-06-15,BR038,TLR-1783,C501499,cash deposit,1395.98,CAD
CA00050961,2025-06-16,BR034,TLR-8929,C502651,cash deposit,1115.42,CAD
CA00047559,2025-06-08,BR016,TLR-6173,C503744,cash deposit,390.62,CAD
CA00047246,2025-06-06,BR015,TLR-2718,C501278,cash withdrawal,111620,CAD
CA00045267,2025-06-16,BR004,TLR-4702,C502594,cash withdrawal,1825.31,CAD
CA00048523,2025-06-10,BR021,TLR-2362,C500529,cash withdrawal,1662.76,CAD
CA00049567,2025-06-14,BR026,TLR-4602,C503169,cash deposit,240.65,CAD
CA00044364,2025-06-07,BR001,TLR-5174,C503576,cash withdrawal,1531.67,CAD
CA00048822,2025-06-20,BR024,TLR-1556,C502055,cash deposit,110668,CAD
CA00052470,2025-06-24,BR040,TLR-3204,C503467,cash deposit,312.37,CAD
CA00053196,2025-06-06,BR040,TLR-7703,C501394,cash deposit,1186.44,CAD
CA00050217,2025-06-30,BR030,TLR-6334,C503470,cash deposit,639.5,CAD
CA00051022,2025-06-23,BR035,TLR-2088,C503868,cash deposit,738.0,CAD
CA00045737,2025-06-26,BR007,TLR-3093,C501768,cash withdrawal,412.47,CAD
CA00046285,2025-06-10,BR009,TLR-6321,C502189,cash withdrawal,908.62,CAD
CA00045532,2025-06-20,BR006,TLR-9514,C500116,cash withdrawal,223.41,CAD
CA00051171,2025-06-28,BR035,TLR-9721,C503275,cash deposit,48211,CAD
CA00053073,2025-06-21,BR040,TLR-2215,C500405,cash deposit,3244.09,CAD
CA00052010,2025-06-28,BR038,TLR-4347,C502070,cash deposit,894.53,CAD
CA00049699,2025-06-01,BR027,TLR-1464,C503923,cash deposit,1033.64,CAD
CA00047469,2025-06-03,BR016,TLR-8413,C502170,cash withdrawal,1424.07,CAD
CA00049430,2025-06-07,BR026,TLR-2021,C501231,cash deposit,497.75,CAD
CA00044758,2025-06-21,BR002,TLR-8743,C501789,cash deposit,637.66,CAD
CA00050425,2025-06-10,BR031,TLR-9699,C500369,cash deposit,1172.82,CAD
CA00051322,2025-06-04,BR036,TLR-1658,C500500,cash withdrawal,869.72,CAD
CA00051517,2025-06-28,BR036,TLR-8766,C500387,cash deposit,416.92,CAD
CA00049647,2025-06-30,BR027,TLR-2949,C500986,cash deposit,126171,CAD
CA00052978,2025-06-13,BR040,TLR-4704,C502547,cash deposit,602.99,CAD
CA00048217,2025-06-05,BR019,TLR-5468,C500822,cash withdrawal,2200.99,CAD
CA00050703,2025-06-18,BR033,TLR-6315,C501484,cash deposit,907.95,CAD
CA00049090,2025-06-21,BR025,TLR-7889,C501137,cash deposit,1304.43,CAD
CA00051127,2025-06-20,BR035,TLR-5272,C501456,cash withdrawal,593.25,CAD
CA00045877,2025-06-01,BR008,TLR-4155,C500251,cash withdrawal,1397.63,CAD
CA00045876,2025-06-22,BR008,TLR-8157,C501778,cash withdrawal,38250,CAD
CA00045968,2025-06-16,BR008,TLR-1436,C503640,cash deposit,799.53,CAD
CA00049146,2025-06-20,BR025,TLR-7195,C503216,cash deposit,930.08,CAD
CA00052474,2025-06-29,BR040,TLR-8542,C501103,cash withdrawal,5108.73,CAD
CA00048797,2025-06-15,BR024,TLR-9667,C501469,cash deposit,757.54,CAD
CA00047652,2025-06-21,BR017,TLR-1118,C503261,cash withdrawal,372.81,CAD
CA00045542,2025-06-30,BR006,TLR-2371,C501072,cash withdrawal,824.97,CAD
CA00050432,2025-06-08,BR031,TLR-4656,C502534,cash withdrawal,2428.75,CAD
CA00048678,2025-06-26,BR022,TLR-8648,C500168,cash deposit,923.59,CAD
CA00046697,2025-06-05,BR012,TLR-6448,C500583,cash withdrawal,1506.66,CAD
CA00049093,2025-06-13,BR025,TLR-7312,C503054,cash withdrawal,-402.95,CAD
CA00047031,2025-06-16,BR014,TLR-3441,C500131,cash deposit,2173.96,CAD
CA00044317,2025-06-06,BR001,TLR-7380,C500328,cash withdrawal,5598.12,CAD
CA00044899,2025-06-29,BR003,TLR-9170,C501976,cash withdrawal,50722,CAD
CA00049886,2025-06-18,BR028,TLR-1307,C500208,cash withdrawal,40762,CAD
CA00046991,2025-06-25,BR014,TLR-7216,C503067,cash withdrawal,866.81,CAD
CA00051960,2025-06-28,BR038,TLR-3629,C503508,cash withdrawal,737.66,CAD
CA00047921,2025-06-25,BR018,TLR-6901,C500627,cash withdrawal,427.2,CAD
CA00046009,2025-06-16,BR008,TLR-7606,C500458,cash withdrawal,331.41,CAD
CA00044463,2025-06-24,BR001,TLR-9953,C501170,cash withdrawal,444.56,CAD
CA00045793,2025-06-22,BR007,TLR-1973,C501084,cash withdrawal,67930,CAD
CA00047204,2025-06-15,BR015,TLR-5769,C503354,cash withdrawal,648.03,CAD
CA00049360,2025-06-04,BR026,TLR-1676,C500063,cash deposit,4251.67,CAD
CA00044973,2025-06-15,BR003,TLR-3269,C500206,cash withdrawal,786.67,CAD
CA00051707,2025-06-22,BR037,TLR-4723,C501591,cash deposit,2829.63,CAD
CA00046944,2025-06-03,BR014,TLR-7094,C503685,cash deposit,674.3,CAD
CA00047085,2025-06-18,BR014,TLR-1392,C500134,cash withdrawal,724.11,CAD
CA00049471,2025-06-14,BR026,TLR-8745,C501110,cash withdrawal,-1731.72,CAD
CA00044490,2025-06-24,BR001,TLR-9414,C501967,cash deposit,3407.37,CAD
CA00051355,2025-06-07,BR036,TLR-2682,C500649,cash deposit,238740,CAD
CA00051685,2025-06-18,BR037,TLR-5085,C501585,cash withdrawal,1027.71,CAD
CA00049842,2025-06-01,BR028,TLR-8073,C500396,cash withdrawal,1700.1,CAD
CA00050996,2025-06-14,BR034,TLR-4027,C500169,cash deposit,366.03,CAD
CA00046221,2025-06-13,BR009,TLR-8674,C502073,cash withdrawal,1282.15,CAD
CA00051702,2025-06-14,BR037,TLR-6846,C503792,cash withdrawal,527.93,CAD
CA00044527,2025-06-18,BR001,TLR-1940,C503737,cash withdrawal,1411.21,CAD
CA00047592,2025-06-25,BR016,TLR-7525,C500545,cash deposit,338.3,CAD
CA00047966,2025-06-18,BR018,TLR-3521,C502765,cash withdrawal,504.55,CAD
CA00050924,2025-06-07,BR034,TLR-4871,C502308,cash withdrawal,506.28,CAD
CA00049226,2025-06-22,BR025,TLR-9291,C500310,cash withdrawal,-742.21,CAD
CA00049395,2025-06-26,BR026,TLR-5602,C501345,cash deposit,710.86,CAD
CA00050730,2025-06-04,BR033,TLR-8348,C503272,cash withdrawal,273723,CAD
CA00051920,2025-06-26,BR038,TLR-2016,C502923,cash deposit,3060.74,CAD
CA00050303,2025-06-06,BR030,TLR-6849,C502658,cash withdrawal,3209.83,CAD
CA00047169,2025-06-15,BR015,TLR-3864,C500795,cash deposit,764.55,CAD
CA00047266,2025-06-09,BR015,TLR-8042,C503169,cash deposit,1007.69,CAD
CA00044901,2025-06-17,BR003,TLR-1069,C500022,cash withdrawal,1813.79,CAD
CA00051648,2025-06-15,BR037,TLR-2162,C502967,cash deposit,343.89,CAD
CA00048970,2025-06-05,BR024,TLR-1725,C501484,cash deposit,648.71,CAD
CA00052792,2025-06-25,BR040,TLR-9760,C503216,cash deposit,869.72,CAD
CA00049213,2025-06-11,BR025,TLR-1078,C500909,cash deposit,2404.73,CAD
CA00049851,2025-06-23,BR028,TLR-3470,C503793,cash withdrawal,1729.03,CAD
CA00051814,2025-06-16,BR037,TLR-5641,C502185,cash deposit,1017.61,CAD
CA00047768,2025-06-25,BR017,TLR-6552,C501039,cash withdrawal,1609.41,CAD
CA00052985,2025-06-28,BR040,TLR-2272,C503468,cash deposit,894.34,CAD
CA00052336,2025-06-12,BR040,TLR-4905,C502957,cash deposit,1569.25,CAD
CA00051620,2025-06-02,BR037,TLR-6956,C501109,cash deposit,122389,CAD
CA00051194,2025-06-09,BR035,TLR-4737,C501461,cash deposit,6907.49,CAD
CA00047837,2025-06-19,BR018,TLR-1743,C503920,cash withdrawal,1559.99,CAD
CA00051018,2025-06-14,BR035,TLR-9930,C501769,cash withdrawal,503.19,CAD
CA00052306,2025-06-23,BR040,TLR-4729,C502297,cash deposit,371.51,CAD
CA00047350,2025-06-19,BR015,TLR-9117,C501811,cash withdrawal,838.83,CAD
CA00046883,2025-06-25,BR013,TLR-7501,C503223,cash deposit,135725,CAD
CA00048965,2025-06-25,BR024,TLR-8575,C500718,cash withdrawal,741.39,CAD
CA00048898,2025-06-02,BR024,TLR-8234,C502987,cash deposit,1960.8,CAD
CA00051370,2025-06-09,BR036,TLR-9007,C501953,cash deposit,76005,CAD
CA00050355,2025-06-19,BR031,TLR-2393,C503317,cash deposit,257.11,CAD
CA00047887,2025-06-23,BR018,TLR-3848,C501519,cash withdrawal,330.02,CAD
CA00047274,2025-06-22,BR015,TLR-4538,C502126,cash deposit,526.09,CAD
CA00051012,2025-06-25,BR035,TLR-9501,C503327,cash withdrawal,278.23,CAD
CA00050297,2025-06-22,BR030,TLR-5623,C502874,cash withdrawal,265106,CAD
CA00047769,2025-06-18,BR017,TLR-9199,C500136,cash withdrawal,1770.48,CAD
CA00051399,2025-06-20,BR036,TLR-9763,C503217,cash withdrawal,1199.43,CAD
CA00044560,2025-06-16,BR002,TLR-5453,C502542,cash withdrawal,-251.13,CAD
CA00050379,2025-06-25,BR031,TLR-2304,C502406,cash withdrawal,816.34,CAD
CA00049570,2025-06-04,BR026,TLR-4576,C503947,cash deposit,2791.26,CAD
CA00052233,2025-06-15,BR039,TLR-1555,C503049,cash withdrawal,594.29,CAD
CA00046798,2025-06-14,BR012,TLR-5032,C501441,cash deposit,1204.84,CAD
CA00053180,2025-06-28,BR040,TLR-7630,C503988,cash deposit,2839.16,CAD
CA00052675,2025-06-04,BR040,TLR-6616,C503439,cash withdrawal,54499,CAD
CA00051181,2025-06-25,BR035,TLR-7653,C503668,cash withdrawal,87438,CAD
CA00045907,2025-06-26,BR008,TLR-6704,C502806,cash withdrawal,979.97,CAD
CA00047614,2025-06-04,BR017,TLR-4263,C502592,cash deposit,349.87,CAD
CA00046308,2025-06-14,BR009,TLR-6588,C501589,cash deposit,1230.36,CAD
CA00048948,2025-06-17,BR024,TLR-2544,C503630,cash deposit,1501.53,CAD
CA00045250,2025-06-28,BR004,TLR-4746,C501025,cash deposit,932.75,CAD
CA00049238,2025-06-16,BR025,TLR-5415,C501527,cash withdrawal,-850.36,CAD
CA00050748,2025-06-15,BR033,TLR-5516,C503600,cash deposit,1907.56,CAD
CA00047198,2025-06-14,BR015,TLR-8797,C503904,cash deposit,535.91,CAD
CA00047209,2025-06-11,BR015,TLR-9736,C502797,cash deposit,1146.25,CAD
CA00048547,2025-06-11,BR021,TLR-3767,C502631,cash withdrawal,350.81,CAD
CA00046070,2025-06-22,BR008,TLR-2314,C500528,cash deposit,116531,CAD
CA00047386,2025-06-27,BR015,TLR-9471,C503366,cash deposit,47812,CAD
CA00051186,2025-06-26,BR035,TLR-1277,C501086,cash deposit,803.8,CAD
CA00044520,2025-06-15,BR001,TLR-8747,C501949,cash withdrawal,2466.16,CAD
CA00047566,2025-06-19,BR016,TLR-5549,C503375,cash withdrawal,1502.18,CAD
CA00047287,2025-06-11,BR015,TLR-6277,C500249,cash withdrawal,502.37,CAD
CA00052106,2025-06-11,BR039,TLR-3812,C500743,cash withdrawal,2936.26,CAD
CA00051108,2025-06-19,BR035,TLR-1106,C500522,cash deposit,65014,CAD
CA00046887,2025-06-22,BR013,TLR-3166,C503171,cash deposit,717.07,CAD
CA00046267,2025-06-22,BR009,TLR-2708,C502107,cash deposit,2645.95,CAD
CA00047691,2025-06-24,BR017,TLR-4167,C500395,cash deposit,102328,CAD
CA00044716,2025-06-11,BR002,TLR-2354,C502794,cash deposit,745.4,CAD
CA00045520,2025-06-19,BR006,TLR-9002,C500388,cash withdrawal,71908,CAD
CA00049101,2025-06-01,BR025,TLR-2410,C503540,cash deposit,809.32,CAD
CA00052456,2025-06-19,BR040,TLR-2989,C500685,cash withdrawal,322.88,CAD
CA00047589,2025-06-24,BR016,TLR-8017,C503723,cash withdrawal,828.93,CAD
CA00044451,2025-06-12,BR001,TLR-8122,C503490,cash deposit,156246,CAD
CA00048254,2025-06-01,BR020,TLR-7659,C502620,cash deposit,22341,USD
CA00051472,2025-06-03,BR036,TLR-1099,C503869,cash deposit,308.81,CAD
CA00046638,2025-06-20,BR012,TLR-4747,C502461,cash withdrawal,879.22,CAD
CA00047402,2025-06-07,BR015,TLR-6004,C502254,cash deposit,1342.8,CAD
CA00045253,2025-06-11,BR004,TLR-8727,C500788,cash withdrawal,900.85,CAD
CA00053055,2025-06-21,BR040,TLR-4233,C501083,cash withdrawal,2437.0,CAD
CA00048790,2025-06-29,BR024,TLR-7248,C502502,cash withdrawal,577.81,CAD
CA00050571,2025-06-22,BR032,TLR-5609,C500565,cash withdrawal,1919.91,CAD
CA00048448,2025-06-08,BR021,TLR-9684,C502790,cash deposit,1638.91,CAD
CA00048708,2025-06-30,BR023,TLR-9528,C502149,cash deposit,1393.11,CAD
CA00049769,2025-06-05,BR028,TLR-1212,C502260,cash withdrawal,1441.19,CAD
CA00052414,2025-06-04,BR040,TLR-4747,C502914,cash withdrawal,719.32,CAD
CA00048565,2025-06-30,BR021,TLR-1591,C500542,cash withdrawal,1174.64,CAD
CA00050763,2025-06-28,BR033,TLR-9845,C501724,cash deposit,420.17,CAD
CA00046368,2025-06-17,BR010,TLR-2410,C501205,cash withdrawal,196426,CAD
CA00050474,2025-06-28,BR031,TLR-2868,C500536,cash deposit,1320.56,CAD
CA00047337,2025-06-23,BR015,TLR-7411,C500210,cash deposit,436.34,CAD
CA00053093,2025-06-24,BR040,TLR-6275,C501950,cash deposit,961.57,CAD
CA00048488,2025-06-20,BR021,TLR-9990,C501556,cash withdrawal,782.8,CAD
CA00047625,2025-06-11,BR017,TLR-4530,C500035,cash deposit,61286,CAD
CA00048160,2025-06-18,BR019,TLR-8915,C502542,cash deposit,865.96,CAD
CA00044684,2025-06-03,BR002,TLR-4226,C503357,cash deposit,608.66,CAD
CA00045137,2025-06-04,BR004,TLR-2245,C502402,cash withdrawal,546.76,CAD
CA00047051,2025-06-04,BR014,TLR-5883,C501028,cash deposit,65302,CAD
CA00052896,2025-06-13,BR040,TLR-7458,C500595,cash deposit,145688,CAD
CA00049469,2025-06-25,BR026,TLR-3720,C502901,cash deposit,1076.12,CAD
CA00048864,2025-06-12,BR024,TLR-4667,C502195,cash withdrawal,346.12,CAD
CA00048770,2025-06-20,BR023,TLR-7688,C502095,cash deposit,1942.65,CAD
CA00052850,2025-06-10,BR040,TLR-5463,C502941,cash deposit,203203,CAD
CA00049629,2025-06-21,BR027,TLR-9250,C500144,cash deposit,1278.46,CAD
CA00046801,2025-06-26,BR012,TLR-9289,C502155,cash withdrawal,1272.99,CAD
CA00051125,2025-06-24,BR035,TLR-5355,C502363,cash withdrawal,125.19,CAD
CA00051539,2025-06-19,BR036,TLR-6950,C503819,cash withdrawal,3907.21,CAD
CA00048857,2025-06-19,BR024,TLR-3774,C500522,cash deposit,334.18,CAD
CA00052096,2025-06-29,BR038,TLR-9339,C501837,cash withdrawal,1058.89,CAD
CA00049731,2025-06-22,BR027,TLR-6273,C503698,cash withdrawal,799.32,CAD
CA00047136,2025-06-08,BR015,TLR-5723,C501974,cash withdrawal,705.35,CAD
CA00045431,2025-06-17,BR006,TLR-3441,C501674,cash deposit,1249.8,CAD
CA00046484,2025-06-28,BR010,TLR-2868,C502271,cash deposit,1752.51,CAD
CA00053264,2025-06-01,BR040,TLR-3739,C502124,cash withdrawal,600.51,CAD
CA00049057,2025-06-02,BR024,TLR-9640,C503104,cash deposit,821.69,CAD
CA00050712,2025-06-01,BR033,TLR-2637,C502078,cash withdrawal,758.85,CAD
CA00052553,2025-06-06,BR040,TLR-9148,C502613,cash deposit,450.42,CAD
CA00046847,2025-06-13,BR013,TLR-4740,C500286,cash deposit,742.17,CAD
CA00052992,2025-06-20,BR040,TLR-5638,C501848,cash deposit,1908.32,CAD
CA00047098,2025-06-22,BR014,TLR-5183,C503200,cash withdrawal,305.27,CAD
CA00047326,2025-06-12,BR015,TLR-5000,C503457,cash withdrawal,1415.7,CAD
CA00050323,2025-06-20,BR030,TLR-5025,C501044,cash deposit,275.46,CAD
CA00045404,2025-06-23,BR006,TLR-4862,C502034,cash withdrawal,1691.45,CAD
CA00052457,2025-06-27,BR040,TLR-7654,C503099,cash withdrawal,3297.15,CAD
CA00052299,2025-06-08,BR039,TLR-8375,C503301,cash deposit,1048.94,CAD
CA00044938,2025-06-22,BR003,TLR-1704,C503627,cash withdrawal,374.77,CAD
CA00052286,2025-06-18,BR039,TLR-7425,C501766,cash deposit,664.36,CAD
CA00048104,2025-06-05,BR019,TLR-7027,C503213,cash deposit,1235.81,CAD
CA00049187,2025-06-07,BR025,TLR-5112,C502439,cash deposit,4049.6,CAD
CA00047848,2025-06-15,BR018,TLR-8189,C502029,cash deposit,462.81,CAD
CA00051853,2025-06-27,BR037,TLR-8464,C501872,cash withdrawal,1449.6,CAD
CA00052079,2025-06-11,BR038,TLR-2270,C502893,cash withdrawal,1294.05,CAD
CA00050506,2025-06-17,BR031,TLR-1551,C503639,cash deposit,465.29,CAD
CA00045157,2025-06-24,BR004,TLR-5336,C502754,cash deposit,982.82,CAD
CA00049517,2025-06-07,BR026,TLR-6165,C503795,cash withdrawal,-326.7,CAD
CA00048940,2025-06-26,BR024,TLR-2205,C502453,cash deposit,52768,CAD
CA00050305,2025-06-03,BR030,TLR-1770,C502564,cash deposit,86012,CAD
CA00051930,2025-06-07,BR038,TLR-4927,C501797,cash withdrawal,1517.95,CAD
CA00051153,2025-06-21,BR035,TLR-8471,C502724,cash withdrawal,674.85,CAD
CA00047247,2025-06-08,BR015,TLR-7556,C500806,cash deposit,61997,CAD
CA00046930,2025-06-12,BR014,TLR-5393,C500736,cash deposit,357.03,CAD
CA00050615,2025-06-30,BR032,TLR-4451,C502125,cash withdrawal,1176.92,CAD
CA00053236,2025-06-02,BR040,TLR-5222,C500620,cash deposit,2721.34,CAD
CA00052367,2025-06-04,BR040,TLR-9118,C503866,cash deposit,1598.5,CAD
CA00048028,2025-06-16,BR019,TLR-1883,C502523,cash deposit,3005.95,CAD
CA00046492,2025-06-24,BR010,TLR-3667,C501801,cash deposit,2005.38,CAD
CA00046852,2025-06-21,BR013,TLR-7235,C501895,cash deposit,312.97,CAD
CA00047975,2025-06-23,BR019,TLR-6495,C503788,cash withdrawal,2027.09,CAD
CA00047626,2025-06-10,BR017,TLR-9481,C500966,cash deposit,1383.84,CAD
CA00048754,2025-06-07,BR023,TLR-7488,C503908,cash deposit,37124,CAD
CA00045987,2025-06-11,BR008,TLR-1876,C501004,cash deposit,271.61,CAD
CA00047601,2025-06-04,BR016,TLR-9410,C503084,cash deposit,941.35,CAD
CA00049069,2025-06-02,BR024,TLR-7008,C500581,cash deposit,2877.88,CAD
CA00047114,2025-06-16,BR014,TLR-1950,C503878,cash withdrawal,38783,CAD
CA00049387,2025-06-03,BR026,TLR-3492,C500893,cash deposit,1598.88,CAD
CA00050048,2025-06-04,BR030,TLR-2530,C501032,cash deposit,527.73,CAD
CA00049173,2025-06-11,BR025,TLR-9221,C502654,cash withdrawal,-1194.29,CAD
CA00048000,2025-06-27,BR019,TLR-8580,C502869,cash withdrawal,1184.85,CAD
CA00044592,2025-06-19,BR002,TLR-3167,C501434,cash withdrawal,-930.08,CAD
CA00049662,2025-06-15,BR027,TLR-8782,C501920,cash deposit,185992,CAD
CA00047600,2025-06-23,BR016,TLR-4434,C501852,cash deposit,1410.85,CAD
CA00051911,2025-06-01,BR038,TLR-8144,C501047,cash deposit,2438.38,CAD
CA00046281,2025-06-27,BR009,TLR-6279,C502404,cash deposit,315.87,CAD
CA00050832,2025-06-26,BR033,TLR-4654,C501004,cash deposit,244.51,CAD
CA00052394,2025-06-18,BR040,TLR-8099,C501049,cash withdrawal,3791.59,CAD
CA00050412,2025-06-10,BR031,TLR-1021,C502231,cash deposit,748.36,CAD
CA00046547,2025-06-12,BR011,TLR-5556,C503347,cash withdrawal,816.27,CAD
CA00048126,2025-06-17,BR019,TLR-8779,C501281,cash deposit,155503,CAD
CA00048929,2025-06-18,BR024,TLR-8957,C500032,cash withdrawal,1188.54,CAD
CA00051837,2025-06-09,BR037,TLR-8335,C502896,cash deposit,1584.39,CAD
CA00048404,2025-06-01,BR020,TLR-8310,C502733,cash deposit,677.56,USD
CA00048420,2025-06-11,BR020,TLR-1058,C503417,cash deposit,518.4,USD
CA00049829,2025-06-29,BR028,TLR-7966,C501265,cash deposit,616.01,CAD
CA00051128,2025-06-21,BR035,TLR-8636,C500458,cash deposit,2200.76,CAD
CA00045252,2025-06-24,BR004,TLR-8229,C501017,cash withdrawal,1319.47,CAD
CA00044335,2025-06-18,BR001,TLR-5718,C502522,cash deposit,615.72,CAD
CA00053036,2025-06-14,BR040,TLR-4279,C500872,cash deposit,55174,CAD
CA00046377,2025-06-09,BR010,TLR-3225,C501123,cash deposit,47450,CAD
CA00047516,2025-06-28,BR016,TLR-4147,C502747,cash deposit,1836.08,CAD
CA00052188,2025-06-08,BR039,TLR-9379,C502830,cash withdrawal,772.57,CAD
CA00046919,2025-06-25,BR014,TLR-4495,C501106,cash withdrawal,1563.74,CAD
CA00045091,2025-06-09,BR004,TLR-1352,C502991,cash withdrawal,1895.93,CAD
CA00050463,2025-06-04,BR031,TLR-4345,C503774,cash withdrawal,1808.94,CAD
CA00047540,2025-06-10,BR016,TLR-1031,C500175,cash withdrawal,263.42,CAD
CA00047895,2025-06-03,BR018,TLR-1840,C502972,cash withdrawal,769.5,CAD
CA00050152,2025-06-22,BR030,TLR-1158,C501477,cash withdrawal,164010,CAD
CA00045630,2025-06-16,BR007,TLR-8443,C502946,cash withdrawal,100091,CAD
CA00048608,2025-06-30,BR022,TLR-3695,C502923,cash deposit,128683,CAD
CA00048349,2025-06-19,BR020,TLR-5934,C500175,cash deposit,31038,USD
CA00047838,2025-06-19,BR018,TLR-5793,C501478,cash deposit,630.58,CAD
CA00051690,2025-06-28,BR037,TLR-4392,C500588,cash deposit,5562.18,CAD
CA00047703,2025-06-09,BR017,TLR-9643,C503700,cash withdrawal,1095.33,CAD
CA00047148,2025-06-29,BR015,TLR-6513,C503205,cash deposit,699.34,CAD
CA00053061,2025-06-28,BR040,TLR-9120,C502131,cash deposit,1628.2,CAD
CA00047256,2025-06-02,BR015,TLR-1929,C502025,cash deposit,1421.51,CAD
CA00046876,2025-06-29,BR013,TLR-7320,C503315,cash deposit,995.66,CAD
CA00052264,2025-06-29,BR039,TLR-9026,C500188,cash withdrawal,188765,CAD
CA00046837,2025-06-16,BR013,TLR-8758,C502456,cash deposit,58837,CAD
CA00051208,2025-06-06,BR035,TLR-7330,C501846,cash deposit,401.57,CAD
CA00050051,2025-06-26,BR030,TLR-3778,C500035,cash withdrawal,1666.43,CAD
CA00050926,2025-06-21,BR034,TLR-3782,C503643,cash deposit,550.23,CAD
CA00052701,2025-06-26,BR040,TLR-4399,C500080,cash withdrawal,977.21,CAD
CA00049698,2025-06-06,BR027,TLR-8997,C502519,cash withdrawal,91860,CAD
CA00044918,2025-06-30,BR003,TLR-2170,C501171,cash deposit,825.93,CAD
CA00046739,2025-06-04,BR012,TLR-9588,C501004,cash deposit,1761.88,CAD
CA00048535,2025-06-27,BR021,TLR-7735,C500966,cash withdrawal,1232.13,CAD
CA00045012,2025-06-27,BR003,TLR-9914,C502244,cash deposit,823.28,CAD
CA00049454,2025-06-17,BR026,TLR-3571,C502527,cash deposit,432.75,CAD
CA00046019,2025-06-20,BR008,TLR-3784,C503737,cash withdrawal,919.12,CAD
CA00053137,2025-06-23,BR040,TLR-8578,C500119,cash deposit,689.53,CAD
CA00052310,2025-06-10,BR040,TLR-8116,C500354,cash withdrawal,375.92,CAD
CA00052907,2025-06-05,BR040,TLR-3736,C501683,cash deposit,1127.48,CAD
CA00048146,2025-06-13,BR019,TLR-8660,C500688,cash deposit,442.18,CAD
CA00052385,2025-06-28,BR040,TLR-4382,C502897,cash deposit,850.24,CAD
CA00051881,2025-06-18,BR037,TLR-5990,C501574,cash deposit,506.48,CAD
CA00051412,2025-06-28,BR036,TLR-7687,C503108,cash withdrawal,319423,CAD
CA00049048,2025-06-24,BR024,TLR-5245,C503315,cash deposit,1175.02,CAD
CA00047186,2025-06-19,BR015,TLR-9560,C500865,cash deposit,243048,CAD
CA00045689,2025-06-21,BR007,TLR-9578,C501275,cash withdrawal,509.91,CAD
CA00048419,2025-06-03,BR020,TLR-3713,C503753,cash withdrawal,477.84,USD
CA00051891,2025-06-15,BR038,TLR-3329,C503393,cash withdrawal,367.19,CAD
CA00045448,2025-06-23,BR006,TLR-8027,C501103,cash withdrawal,436.05,CAD
CA00046572,2025-06-29,BR011,TLR-9808,C501234,cash deposit,932.27,CAD
CA00050392,2025-06-22,BR031,TLR-6314,C503446,cash deposit,1578.46,CAD
CA00049089,2025-06-27,BR025,TLR-2644,C502940,cash withdrawal,-950.35,CAD
CA00050896,2025-06-19,BR034,TLR-7528,C500591,cash deposit,1497.21,CAD
CA00049375,2025-06-01,BR026,TLR-8316,C501811,cash deposit,1038.48,CAD
CA00044345,2025-06-01,BR001,TLR-9225,C501628,cash withdrawal,935.74,CAD
CA00048113,2025-06-05,BR019,TLR-9858,C501103,cash deposit,419.85,CAD
CA00046099,2025-06-09,BR008,TLR-8077,C502854,cash deposit,261535,CAD
CA00044701,2025-06-05,BR002,TLR-3950,C501850,cash deposit,320.54,CAD
CA00049949,2025-06-28,BR029,TLR-9595,C500472,cash withdrawal,1021.28,CAD
CA00047817,2025-06-26,BR017,TLR-1736,C502590,cash withdrawal,669.8,CAD
CA00052579,2025-06-30,BR040,TLR-6663,C502904,cash deposit,684.76,CAD
CA00046348,2025-06-23,BR010,TLR-8755,C503495,cash deposit,310.88,CAD
CA00052048,2025-06-22,BR038,TLR-4355,C501467,cash deposit,225.16,CAD
CA00051275,2025-06-03,BR035,TLR-8868,C501811,cash deposit,503.15,CAD
CA00051296,2025-06-12,BR036,TLR-5370,C501665,cash withdrawal,36632,CAD
CA00046538,2025-06-22,BR011,TLR-3977,C503023,cash withdrawal,708.21,CAD
CA00050609,2025-06-23,BR032,TLR-1096,C500191,cash deposit,1253.75,CAD
CA00050484,2025-06-15,BR031,TLR-3011,C503489,cash deposit,810.18,CAD
CA00045692,2025-06-09,BR007,TLR-1526,C500414,cash deposit,60252,CAD
CA00050368,2025-06-30,BR031,TLR-2087,C502037,cash withdrawal,2021.48,CAD
CA00051577,2025-06-24,BR036,TLR-5564,C503162,cash deposit,799.1,CAD
CA00047739,2025-06-03,BR017,TLR-3292,C501014,cash withdrawal,992.25,CAD
CA00050895,2025-06-14,BR034,TLR-8649,C501281,cash deposit,189.87,CAD
CA00049503,2025-06-17,BR026,TLR-5891,C502466,cash withdrawal,-968.01,CAD
CA00050273,2025-06-20,BR030,TLR-7146,C503206,cash withdrawal,1505.7,CAD
CA00053108,2025-06-06,BR040,TLR-5462,C500794,cash withdrawal,1391.8,CAD
CA00050917,2025-06-22,BR034,TLR-7306,C500497,cash deposit,229.42,CAD
CA00050453,2025-06-23,BR031,TLR-4750,C503169,cash deposit,1237.74,CAD
CA00047681,2025-06-21,BR017,TLR-2219,C500244,cash deposit,1679.45,CAD
CA00053079,2025-06-16,BR040,TLR-2925,C503632,cash deposit,114063,CAD
CA00048317,2025-06-11,BR020,TLR-7256,C501057,cash deposit,1127.64,USD
CA00051248,2025-06-03,BR035,TLR-8605,C503447,cash deposit,562.92,CAD
CA00045682,2025-06-19,BR007,TLR-4004,C500465,cash deposit,2997.13,CAD
CA00051623,2025-06-11,BR037,TLR-4231,C503771,cash withdrawal,1108.2,CAD
CA00052102,2025-06-13,BR039,TLR-7121,C500174,cash deposit,4186.12,CAD
CA00052748,2025-06-07,BR040,TLR-4085,C500556,cash deposit,423.26,CAD
CA00046305,2025-06-14,BR009,TLR-4890,C502789,cash deposit,48835,CAD
CA00050731,2025-06-23,BR033,TLR-9089,C501582,cash withdrawal,1046.07,CAD
CA00050194,2025-06-10,BR030,TLR-9851,C501778,cash deposit,1001.75,CAD
CA00051516,2025-06-18,BR036,TLR-9974,C503782,cash deposit,917.66,CAD
CA00050551,2025-06-08,BR032,TLR-7112,C501867,cash withdrawal,994.3,CAD
CA00048247,2025-06-26,BR020,TLR-1482,C503579,cash deposit,439.16,USD
CA00051209,2025-06-09,BR035,TLR-7089,C500805,cash withdrawal,520.6,CAD
CA00051211,2025-06-17,BR035,TLR-3819,C501859,cash withdrawal,297.3,CAD
CA00045955,2025-06-27,BR008,TLR-2178,C503720,cash withdrawal,1182.94,CAD
CA00045472,2025-06-01,BR006,TLR-6249,C503884,cash withdrawal,1061.05,CAD
CA00047076,2025-06-21,BR014,TLR-5329,C502082,cash deposit,97812,CAD
CA00052494,2025-06-28,BR040,TLR-4486,C502642,cash deposit,42118,CAD
CA00048785,2025-06-05,BR024,TLR-8127,C502761,cash deposit,763.96,CAD
CA00049060,2025-06-05,BR024,TLR-8804,C500805,cash deposit,1010.69,CAD
CA00046067,2025-06-22,BR008,TLR-3445,C503280,cash deposit,955.49,CAD
CA00049790,2025-06-30,BR028,TLR-1060,C502463,cash withdrawal,329.34,CAD
CA00046942,2025-06-19,BR014,TLR-7718,C502381,cash deposit,692.28,CAD
CA00047993,2025-06-16,BR019,TLR-2677,C502294,cash deposit,1133.77,CAD
CA00052378,2025-06-15,BR040,TLR-4610,C500826,cash withdrawal,1270.46,CAD
CA00050205,2025-06-23,BR030,TLR-4948,C500889,cash deposit,317.07,CAD
CA00050259,2025-06-28,BR030,TLR-5510,C501685,cash withdrawal,1007.71,CAD
CA00045155,2025-06-19,BR004,TLR-6795,C502567,cash withdrawal,1592.59,CAD
CA00051182,2025-06-06,BR035,TLR-8144,C500861,cash deposit,661.69,CAD
CA00050698,2025-06-02,BR033,TLR-4635,C500824,cash deposit,308395,CAD
CA00045916,2025-06-22,BR008,TLR-3799,C502241,cash deposit,315.23,CAD
CA00050290,2025-06-13,BR030,TLR-9998,C501925,cash deposit,1908.58,CAD
CA00049055,2025-06-23,BR024,TLR-1778,C501758,cash withdrawal,187777,CAD
CA00048202,2025-06-08,BR019,TLR-3613,C503062,cash deposit,261841,CAD
CA00047464,2025-06-25,BR016,TLR-5087,C503070,cash deposit,711.59,CAD
CA00047770,2025-06-05,BR017,TLR-7345,C501399,cash deposit,1141.2,CAD
CA00047342,2025-06-10,BR015,TLR-4661,C501669,cash deposit,1410.48,CAD
CA00053051,2025-06-23,BR040,TLR-4849,C503882,cash withdrawal,2360.58,CAD
CA00048557,2025-06-01,BR021,TLR-8287,C503231,cash withdrawal,2667.93,CAD
CA00046346,2025-06-24,BR010,TLR-3661,C500171,cash deposit,2394.12,CAD
CA00046633,2025-06-26,BR012,TLR-4768,C502300,cash withdrawal,1333.88,CAD
CA00045346,2025-06-29,BR005,TLR-8058,C502353,cash withdrawal,2525.61,CAD
CA00050129,2025-06-23,BR030,TLR-4075,C502577,cash deposit,305.18,CAD
CA00051876,2025-06-16,BR037,TLR-2406,C503915,cash withdrawal,222729,CAD
CA00050922,2025-06-11,BR034,TLR-7052,C501250,cash deposit,778.17,CAD
CA00051794,2025-06-19,BR037,TLR-7534,C501051,cash withdrawal,1833.34,CAD
CA00049933,2025-06-05,BR029,TLR-4740,C500586,cash withdrawal,1684.45,CAD
CA00044308,2025-06-01,BR001,TLR-6620,C500858,cash withdrawal,1517.7,CAD
CA00047067,2025-06-29,BR014,TLR-7381,C503858,cash withdrawal,347.43,CAD
CA00047336,2025-06-18,BR015,TLR-7680,C502639,cash deposit,559.06,CAD
CA00046709,2025-06-19,BR012,TLR-7283,C503208,cash deposit,717.6,CAD
CA00046730,2025-06-17,BR012,TLR-2528,C501965,cash withdrawal,37932,CAD
CA00050648,2025-06-21,BR032,TLR-9614,C502197,cash deposit,1596.39,CAD
CA00045733,2025-06-18,BR007,TLR-3759,C501483,cash withdrawal,424.4,CAD
CA00050157,2025-06-24,BR030,TLR-6898,C502019,cash deposit,1562.68,CAD
CA00051076,2025-06-29,BR035,TLR-7309,C503381,cash withdrawal,309.18,CAD
CA00047574,2025-06-12,BR016,TLR-1211,C502212,cash deposit,783.3,CAD
CA00052076,2025-06-12,BR038,TLR-8100,C503221,cash deposit,369.61,CAD
CA00044897,2025-06-17,BR003,TLR-4199,C501909,cash withdrawal,539.5,CAD
CA00048581,2025-06-07,BR021,TLR-7826,C500873,cash withdrawal,2282.26,CAD
CA00045966,2025-06-20,BR008,TLR-6653,C500863,cash deposit,824.52,CAD
CA00047265,2025-06-24,BR015,TLR-9354,C501761,cash deposit,476.73,CAD
CA00052019,2025-06-09,BR038,TLR-2552,C503712,cash deposit,1549.82,CAD
CA00051393,2025-06-03,BR036,TLR-6500,C503343,cash withdrawal,323.13,CAD
CA00047068,2025-06-19,BR014,TLR-5050,C502266,cash withdrawal,2097.39,CAD
CA00045535,2025-06-28,BR006,TLR-8006,C500121,cash deposit,814.4,CAD
CA00053271,2025-06-07,BR040,TLR-1321,C503985,cash withdrawal,1003.78,CAD
CA00051836,2025-06-15,BR037,TLR-5042,C503964,cash deposit,1998.19,CAD
CA00046976,2025-06-10,BR014,TLR-8614,C503699,cash withdrawal,391.59,CAD
CA00048490,2025-06-22,BR021,TLR-5306,C503386,cash deposit,176146,CAD
CA00046512,2025-06-16,BR011,TLR-3099,C501341,cash deposit,74391,CAD
CA00051592,2025-06-24,BR036,TLR-4929,C502094,cash withdrawal,2429.87,CAD
CA00052954,2025-06-06,BR040,TLR-3502,C502635,cash deposit,1315.11,CAD
CA00052682,2025-06-26,BR040,TLR-5358,C501842,cash withdrawal,322.22,CAD
CA00047013,2025-06-01,BR014,TLR-3174,C500134,cash deposit,610.39,CAD
CA00047248,2025-06-10,BR015,TLR-5315,C501408,cash withdrawal,335.4,CAD
CA00045610,2025-06-26,BR006,TLR-7949,C500883,cash deposit,1480.59,CAD
CA00048859,2025-06-25,BR024,TLR-2322,C503144,cash deposit,2116.9,CAD
CA00051683,2025-06-29,BR037,TLR-5797,C501714,cash deposit,1196.23,CAD
CA00045867,2025-06-13,BR008,TLR-3052,C500678,cash withdrawal,442.5,CAD
CA00051698,2025-06-27,BR037,TLR-4096,C500647,cash deposit,2589.6,CAD
CA00046200,2025-06-23,BR009,TLR-9552,C501823,cash deposit,609.68,CAD
CA00048507,2025-06-15,BR021,TLR-7643,C502991,cash deposit,694.0,CAD
CA00046593,2025-06-21,BR012,TLR-5024,C500732,cash withdrawal,1581.55,CAD
CA00049532,2025-06-15,BR026,TLR-7987,C501853,cash deposit,1765.61,CAD
CA00046264,2025-06-21,BR009,TLR-8790,C500167,cash withdrawal,1011.82,CAD
CA00046590,2025-06-02,BR012,TLR-7292,C501205,cash withdrawal,231.85,CAD
CA00049918,2025-06-19,BR029,TLR-5328,C502451,cash deposit,1355.48,CAD
CA00052234,2025-06-05,BR039,TLR-8919,C503416,cash deposit,719.37,CAD
CA00045499,2025-06-17,BR006,TLR-3838,C502168,cash withdrawal,404.53,CAD
CA00047842,2025-06-15,BR018,TLR-2071,C501459,cash withdrawal,1402.02,CAD
CA00047383,2025-06-27,BR015,TLR-6676,C500375,cash deposit,1589.96,CAD
CA00052639,2025-06-15,BR040,TLR-9387,C501972,cash withdrawal,673.66,CAD
CA00051053,2025-06-01,BR035,TLR-8958,C502581,cash deposit,230.53,CAD
CA00044482,2025-06-01,BR001,TLR-8411,C503878,cash deposit,107025,CAD
CA00045702,2025-06-23,BR007,TLR-4447,C500685,cash deposit,1008.29,CAD
CA00045939,2025-06-28,BR008,TLR-6791,C501621,cash withdrawal,2075.57,CAD
CA00046701,2025-06-29,BR012,TLR-3569,C501703,cash deposit,60469,CAD
CA00050809,2025-06-10,BR033,TLR-2198,C503233,cash withdrawal,1777.0,CAD
CA00050774,2025-06-30,BR033,TLR-9733,C502225,cash deposit,1759.73,CAD
CA00052359,2025-06-10,BR040,TLR-6430,C501877,cash withdrawal,679.6,CAD
CA00045060,2025-06-18,BR004,TLR-2516,C502109,cash withdrawal,380.14,CAD
CA00050573,2025-06-12,BR032,TLR-9166,C500955,cash withdrawal,601.8,CAD
CA00048880,2025-06-27,BR024,TLR-3894,C501017,cash withdrawal,591.96,CAD
CA00051997,2025-06-21,BR038,TLR-8977,C501594,cash withdrawal,1188.14,CAD
CA00045531,2025-06-03,BR006,TLR-5133,C501122,cash deposit,1144.63,CAD
CA00047103,2025-06-04,BR014,TLR-4362,C502378,cash deposit,1180.43,CAD
CA00050095,2025-06-26,BR030,TLR-7755,C500104,cash withdrawal,651.99,CAD
CA00044970,2025-06-30,BR003,TLR-2434,C503409,cash deposit,1667.02,CAD
CA00046465,2025-06-12,BR010,TLR-6638,C503981,cash deposit,687.27,CAD
CA00050865,2025-06-25,BR034,TLR-7357,C501551,cash withdrawal,2934.92,CAD
CA00047358,2025-06-24,BR015,TLR-3256,C503014,cash deposit,1654.92,CAD
CA00051718,2025-06-22,BR037,TLR-4386,C501932,cash withdrawal,150412,CAD
CA00048465,2025-06-02,BR021,TLR-5179,C502378,cash deposit,420.83,CAD
CA00048627,2025-06-21,BR022,TLR-8049,C500497,cash deposit,202950,CAD
CA00053162,2025-06-28,BR040,TLR-8646,C502951,cash withdrawal,1897.74,CAD
CA00047687,2025-06-08,BR017,TLR-7365,C503888,cash deposit,1148.13,CAD
CA00047790,2025-06-03,BR017,TLR-8946,C501627,cash withdrawal,390.19,CAD
CA00050656,2025-06-21,BR032,TLR-6373,C500409,cash withdrawal,754.15,CAD
CA00049221,2025-06-23,BR025,TLR-4924,C502367,cash deposit,1049.33,CAD
CA00046893,2025-06-23,BR013,TLR-1680,C503928,cash withdrawal,2581.5,CAD
CA00045154,2025-06-18,BR004,TLR-9280,C501467,cash deposit,2291.07,CAD
CA00049148,2025-06-04,BR025,TLR-6861,C502314,cash withdrawal,-704.63,CAD
CA00050356,2025-06-28,BR031,TLR-1781,C501676,cash withdrawal,515.36,CAD
CA00047852,2025-06-02,BR018,TLR-8756,C502632,cash deposit,3111.05,CAD
CA00047883,2025-06-04,BR018,TLR-3025,C503589,cash withdrawal,4936.53,CAD
CA00045760,2025-06-10,BR007,TLR-7444,C503947,cash withdrawal,75306,CAD
CA00048467,2025-06-26,BR021,TLR-9310,C502057,cash deposit,376.13,CAD
CA00051752,2025-06-04,BR037,TLR-9464,C502473,cash withdrawal,668.71,CAD
CA00048713,2025-06-29,BR023,TLR-5515,C502958,cash deposit,1641.99,CAD
CA00045980,2025-06-06,BR008,TLR-5954,C500968,cash withdrawal,44712,CAD
CA00052873,2025-06-10,BR040,TLR-8072,C502728,cash withdrawal,384.97,CAD
CA00053098,2025-06-12,BR040,TLR-7787,C501738,cash deposit,1456.48,CAD
CA00048945,2025-06-17,BR024,TLR-8865,C503940,cash deposit,67220,CAD
CA00048469,2025-06-24,BR021,TLR-5686,C501573,cash deposit,892.33,CAD
CA00045783,2025-06-18,BR007,TLR-8541,C502333,cash withdrawal,273.55,CAD
CA00046724,2025-06-07,BR012,TLR-7635,C503289,cash deposit,548.64,CAD
CA00044418,2025-06-07,BR001,TLR-2748,C500737,cash deposit,416.84,CAD
CA00046900,2025-06-08,BR013,TLR-6494,C502991,cash deposit,967.26,CAD
CA00048462,2025-06-22,BR021,TLR-6028,C503499,cash deposit,299.13,CAD
CA00049147,2025-06-21,BR025,TLR-2621,C503129,cash deposit,1053.89,CAD
CA00047123,2025-06-02,BR015,TLR-5348,C503263,cash withdrawal,44730,CAD
CA00047205,2025-06-30,BR015,TLR-1639,C500002,cash withdrawal,3856.09,CAD
CA00048962,2025-06-19,BR024,TLR-4942,C503834,cash withdrawal,142383,CAD
CA00044422,2025-06-19,BR001,TLR-2244,C500755,cash deposit,118124,CAD
CA00044823,2025-06-11,BR003,TLR-7565,C503284,cash withdrawal,1300.63,CAD
CA00044623,2025-06-24,BR002,TLR-6486,C502318,cash deposit,1063.11,CAD
CA00052636,2025-06-09,BR040,TLR-8334,C501082,cash deposit,1342.43,CAD
CA00045892,2025-06-08,BR008,TLR-4127,C500540,cash withdrawal,596.47,CAD
CA00051221,2025-06-29,BR035,TLR-8063,C502869,cash deposit,134.76,CAD
CA00050566,2025-06-26,BR032,TLR-6201,C500506,cash deposit,277.74,CAD
CA00047116,2025-06-30,BR014,TLR-5552,C501373,cash deposit,3158.33,CAD
CA00047219,2025-06-13,BR015,TLR-6637,C501232,cash deposit,968.56,CAD
CA00050936,2025-06-09,BR034,TLR-4107,C502000,cash withdrawal,1297.17,CAD
CA00053015,2025-06-29,BR040,TLR-3604,C502343,cash deposit,712.63,CAD
CA00049617,2025-06-24,BR027,TLR-1457,C503313,cash deposit,1761.56,CAD
CA00046580,2025-06-30,BR012,TLR-3394,C502538,cash withdrawal,301.69,CAD
CA00047001,2025-06-30,BR014,TLR-1009,C500531,cash withdrawal,890.79,CAD
CA00048464,2025-06-14,BR021,TLR-8661,C502724,cash withdrawal,2230.43,CAD
CA00047397,2025-06-29,BR015,TLR-6097,C502072,cash deposit,2649.0,CAD
CA00051734,2025-06-14,BR037,TLR-4853,C501189,cash deposit,962.44,CAD
CA00045523,2025-06-17,BR006,TLR-6281,C503027,cash deposit,7700.02,CAD
CA00046139,2025-06-14,BR009,TLR-6549,C501493,cash withdrawal,75026,CAD
CA00045584,2025-06-25,BR006,TLR-8920,C501428,cash deposit,1108.57,CAD
CA00051197,2025-06-26,BR035,TLR-2003,C502033,cash withdrawal,492.49,CAD
CA00052222,2025-06-25,BR039,TLR-9229,C500794,cash deposit,1549.02,CAD
CA00046284,2025-06-23,BR009,TLR-3559,C502224,cash deposit,3859.93,CAD
CA00051935,2025-06-01,BR038,TLR-9086,C503175,cash withdrawal,1137.58,CAD
CA00044494,2025-06-06,BR001,TLR-5372,C502615,cash withdrawal,1034.06,CAD
CA00045929,2025-06-18,BR008,TLR-6978,C502935,cash withdrawal,243137,CAD
CA00049239,2025-06-23,BR025,TLR-2673,C501121,cash deposit,352.45,CAD
CA00050520,2025-06-06,BR031,TLR-9146,C502748,cash withdrawal,1919.35,CAD
CA00047670,2025-06-17,BR017,TLR-9020,C502857,cash deposit,991.48,CAD
CA00053067,2025-06-15,BR040,TLR-9553,C502087,cash withdrawal,238.64,CAD
CA00050542,2025-06-23,BR031,TLR-7862,C502656,cash withdrawal,903.49,CAD
CA00046392,2025-06-18,BR010,TLR-1516,C500125,cash deposit,1577.85,CAD
CA00049189,2025-06-20,BR025,TLR-8160,C501243,cash withdrawal,-1230.42,CAD
CA00047924,2025-06-14,BR018,TLR-3254,C500918,cash deposit,1275.08,CAD
CA00052630,2025-06-25,BR040,TLR-8361,C501588,cash withdrawal,420.93,CAD
CA00052764,2025-06-22,BR040,TLR-9274,C502710,cash withdrawal,398.26,CAD
CA00053251,2025-06-05,BR040,TLR-6726,C500441,cash withdrawal,1385.22,CAD
CA00048514,2025-06-29,BR021,TLR-3840,C503323,cash deposit,381056,CAD
CA00044794,2025-06-27,BR003,TLR-7049,C501524,cash deposit,464.01,CAD
CA00049113,2025-06-20,BR025,TLR-6141,C500117,cash deposit,951.84,CAD
CA00049759,2025-06-30,BR027,TLR-3259,C501406,cash deposit,9111.9,CAD
CA00048132,2025-06-21,BR019,TLR-6994,C503390,cash deposit,2695.42,CAD
CA00046609,2025-06-09,BR012,TLR-9408,C501621,cash withdrawal,1579.98,CAD
CA00049152,2025-06-22,BR025,TLR-9885,C500059,cash deposit,2342.49,CAD
CA00051632,2025-06-14,BR037,TLR-4395,C500248,cash deposit,410.82,CAD
CA00051165,2025-06-18,BR035,TLR-4053,C500183,cash withdrawal,499.52,CAD
CA00044620,2025-06-10,BR002,TLR-9624,C500529,cash deposit,236862,CAD
CA00051364,2025-06-19,BR036,TLR-3765,C502056,cash withdrawal,869.39,CAD
CA00047004,2025-06-23,BR014,TLR-8367,C502475,cash withdrawal,622.57,CAD
CA00051551,2025-06-02,BR036,TLR-2105,C503857,cash withdrawal,246.04,CAD
CA00049840,2025-06-07,BR028,TLR-8565,C501303,cash withdrawal,1581.8,CAD
CA00051349,2025-06-08,BR036,TLR-9626,C501907,cash withdrawal,1758.23,CAD
CA00045435,2025-06-09,BR006,TLR-1628,C503490,cash withdrawal,576.64,CAD
CA00050880,2025-06-15,BR034,TLR-7414,C502419,cash withdrawal,498.11,CAD
CA00050780,2025-06-09,BR033,TLR-4244,C502557,cash deposit,813.48,CAD
CA00047501,2025-06-12,BR016,TLR-1476,C503231,cash withdrawal,34924,CAD
CA00044655,2025-06-09,BR002,TLR-5800,C500282,cash deposit,500.44,CAD
CA00045655,2025-06-13,BR007,TLR-8145,C501721,cash deposit,602.47,CAD
CA00049393,2025-06-13,BR026,TLR-4431,C501771,cash withdrawal,-1188.22,CAD
CA00049391,2025-06-22,BR026,TLR-1231,C502469,cash withdrawal,-805.14,CAD
CA00049068,2025-06-29,BR024,TLR-9051,C501109,cash withdrawal,801.69,CAD
CA00047863,2025-06-29,BR018,TLR-8305,C500957,cash deposit,1879.65,CAD
CA00052340,2025-06-09,BR040,TLR-5173,C502144,cash deposit,148758,CAD
CA00049915,2025-06-16,BR029,TLR-8636,C502077,cash withdrawal,683.59,CAD
CA00049669,2025-06-29,BR027,TLR-4596,C502491,cash deposit,17360,CAD
CA00047072,2025-06-12,BR014,TLR-7148,C502091,cash withdrawal,232.0,CAD
CA00045135,2025-06-18,BR004,TLR-8842,C500935,cash deposit,1509.59,CAD
CA00051198,2025-06-25,BR035,TLR-6489,C502039,cash withdrawal,480.42,CAD
CA00048930,2025-06-20,BR024,TLR-3197,C503486,cash deposit,1152.12,CAD
CA00050688,2025-06-14,BR033,TLR-5180,C501681,cash withdrawal,1437.73,CAD
CA00046482,2025-06-29,BR010,TLR-7743,C501793,cash withdrawal,606.48,CAD
CA00045330,2025-06-21,BR005,TLR-5412,C500159,cash withdrawal,738.08,CAD
CA00050567,2025-06-21,BR032,TLR-5491,C500247,cash withdrawal,1105.2,CAD
CA00053178,2025-06-05,BR040,TLR-9737,C500918,cash withdrawal,2677.53,CAD
CA00045249,2025-06-20,BR004,TLR-5811,C502174,cash withdrawal,1145.21,CAD
CA00050690,2025-06-08,BR033,TLR-3123,C501350,cash deposit,118847,CAD
CA00048842,2025-06-26,BR024,TLR-9210,C503098,cash withdrawal,2544.11,CAD
CA00052254,2025-06-04,BR039,TLR-4794,C500046,cash deposit,496222,CAD
CA00046870,2025-06-28,BR013,TLR-7511,C500845,cash withdrawal,104052,CAD
CA00047843,2025-06-01,BR018,TLR-3656,C502547,cash withdrawal,1015.55,CAD
CA00050328,2025-06-21,BR031,TLR-9589,C503548,cash withdrawal,353.5,CAD
CA00050030,2025-06-29,BR030,TLR-1972,C503704,cash withdrawal,3442.42,CAD
CA00049324,2025-06-16,BR026,TLR-1149,C502731,cash withdrawal,-979.42,CAD
CA00048506,2025-06-05,BR021,TLR-7245,C502890,cash deposit,1000.12,CAD
CA00045401,2025-06-19,BR006,TLR-5242,C503496,cash withdrawal,486.41,CAD
CA00053267,2025-06-25,BR040,TLR-8080,C503443,cash withdrawal,2230.5,CAD
CA00049184,2025-06-20,BR025,TLR-9876,C503650,cash withdrawal,-1430.69,CAD
CA00048584,2025-06-12,BR021,TLR-1450,C501949,cash withdrawal,1397.45,CAD
CA00051563,2025-06-01,BR036,TLR-2563,C501899,cash withdrawal,1550.97,CAD
CA00044425,2025-06-18,BR001,TLR-3768,C503529,cash withdrawal,1140.22,CAD
CA00045384,2025-06-19,BR006,TLR-3099,C503526,cash deposit,638.89,CAD
CA00052156,2025-06-07,BR039,TLR-9115,C501013,cash withdrawal,3823.62,CAD
CA00044792,2025-06-07,BR003,TLR-8292,C501499,cash withdrawal,2049.37,CAD
CA00045329,2025-06-08,BR005,TLR-8092,C503455,cash withdrawal,692.23,CAD
CA00046507,2025-06-08,BR010,TLR-7951,C503601,cash deposit,923.92,CAD
CA00047797,2025-06-24,BR017,TLR-5353,C502579,cash withdrawal,165.18,CAD
CA00049596,2025-06-10,BR027,TLR-4018,C503837,cash deposit,67690,CAD
CA00044605,2025-06-03,BR002,TLR-4026,C503545,cash deposit,404.9,CAD
CA00048056,2025-06-02,BR019,TLR-3559,C501428,cash withdrawal,993.16,CAD
CA00047908,2025-06-13,BR018,TLR-9085,C501423,cash withdrawal,1715.35,CAD
CA00051528,2025-06-14,BR036,TLR-7562,C503081,cash deposit,1523.91,CAD
CA00050977,2025-06-25,BR034,TLR-8016,C502172,cash deposit,38358,CAD
CA00050933,2025-06-04,BR034,TLR-2823,C503419,cash deposit,531.69,CAD
CA00050634,2025-06-21,BR032,TLR-3314,C503066,cash withdrawal,1442.6,CAD
CA00049701,2025-06-16,BR027,TLR-6657,C500607,cash withdrawal,599.28,CAD
CA00052356,2025-06-28,BR040,TLR-7930,C500949,cash withdrawal,1238.83,CAD
CA00051106,2025-06-03,BR035,TLR-1932,C501502,cash deposit,273.7,CAD
CA00052588,2025-06-28,BR040,TLR-5744,C503852,cash withdrawal,2320.55,CAD
CA00053120,2025-06-12,BR040,TLR-8147,C500154,cash withdrawal,61050,CAD
CA00051004,2025-06-02,BR034,TLR-9580,C503548,cash deposit,997.76,CAD
CA00049061,2025-06-19,BR024,TLR-5556,C501052,cash deposit,1139.4,CAD
CA00045925,2025-06-26,BR008,TLR-5511,C500815,cash withdrawal,591.42,CAD
CA00044555,2025-06-16,BR001,TLR-6907,C500693,cash deposit,557.03,CAD
CA00046740,2025-06-17,BR012,TLR-6333,C503619,cash withdrawal,483.99,CAD
CA00045311,2025-06-02,BR005,TLR-9469,C501945,cash deposit,1769.29,CAD
CA00047781,2025-06-22,BR017,TLR-7826,C503539,cash deposit,786.7,CAD
CA00044761,2025-06-03,BR002,TLR-4615,C501542,cash deposit,491.9,CAD
CA00047299,2025-06-06,BR015,TLR-8769,C503851,cash withdrawal,1028.69,CAD
CA00050879,2025-06-04,BR034,TLR-5093,C501253,cash withdrawal,90790,CAD
CA00048422,2025-06-20,BR020,TLR-8915,C502849,cash deposit,367.0,USD
CA00048601,2025-06-27,BR021,TLR-3872,C503722,cash withdrawal,612.41,CAD
CA00050320,2025-06-04,BR030,TLR-2287,C501445,cash withdrawal,633.84,CAD
CA00048885,2025-06-22,BR024,TLR-1204,C501816,cash deposit,2820.17,CAD
CA00050818,2025-06-22,BR033,TLR-2509,C503663,cash withdrawal,1149.69,CAD
CA00048119,2025-06-22,BR019,TLR-5195,C500889,cash withdrawal,1569.66,CAD
CA00051597,2025-06-21,BR036,TLR-8118,C503279,cash deposit,144186,CAD
CA00048802,2025-06-23,BR024,TLR-5860,C503539,cash deposit,1254.71,CAD
CA00047124,2025-06-25,BR015,TLR-8124,C501961,cash deposit,85956,CAD
CA00052986,2025-06-18,BR040,TLR-1416,C500125,cash deposit,1231.11,CAD
CA00044986,2025-06-27,BR003,TLR-7538,C502981,cash deposit,1898.93,CAD
CA00045558,2025-06-02,BR006,TLR-7497,C502755,cash deposit,181424,CAD
CA00050236,2025-06-26,BR030,TLR-8825,C502410,cash deposit,874.79,CAD
CA00047334,2025-06-22,BR015,TLR-2973,C503945,cash withdrawal,1448.5,CAD
CA00045088,2025-06-27,BR004,TLR-1522,C502705,cash withdrawal,696.49,CAD
CA00049132,2025-06-17,BR025,TLR-2713,C502321,cash deposit,243.64,CAD
CA00045001,2025-06-23,BR003,TLR-1400,C501980,cash withdrawal,382.15,CAD
CA00045483,2025-06-11,BR006,TLR-7917,C500739,cash deposit,588.43,CAD
CA00050837,2025-06-02,BR034,TLR-3090,C502382,cash deposit,2403.84,CAD
CA00048881,2025-06-13,BR024,TLR-8169,C501163,cash deposit,3508.5,CAD
CA00044599,2025-06-26,BR002,TLR-2700,C500780,cash deposit,2375.27,CAD
CA00048253,2025-06-27,BR020,TLR-3668,C501211,cash deposit,3334.96,USD
CA00050037,2025-06-09,BR030,TLR-9744,C500188,cash deposit,1127.28,CAD
CA00051865,2025-06-16,BR037,TLR-8417,C501961,cash withdrawal,706.44,CAD
CA00047435,2025-06-20,BR016,TLR-6469,C502556,cash withdrawal,422.88,CAD
CA00050243,2025-06-11,BR030,TLR-2418,C500127,cash withdrawal,259.42,CAD
CA00046544,2025-06-30,BR011,TLR-1993,C500806,cash deposit,2174.17,CAD
CA00044965,2025-06-02,BR003,TLR-4748,C500692,cash withdrawal,104501,CAD
CA00050752,2025-06-30,BR033,TLR-5703,C501035,cash deposit,1957.0,CAD
CA00046164,2025-06-22,BR009,TLR-6433,C500883,cash deposit,36106,CAD
CA00049075,2025-06-27,BR024,TLR-6804,C502576,cash withdrawal,157902,CAD
CA00049052,2025-06-03,BR024,TLR-2950,C503507,cash deposit,995.86,CAD
CA00046468,2025-06-17,BR010,TLR-1315,C500855,cash deposit,2037.54,CAD
CA00046095,2025-06-05,BR008,TLR-3530,C501815,cash withdrawal,237.41,CAD
CA00044322,2025-06-12,BR001,TLR-6529,C502743,cash deposit,626.21,CAD
CA00046629,2025-06-08,BR012,TLR-2722,C501474,cash deposit,289.8,CAD
CA00050161,2025-06-24,BR030,TLR-1629,C501036,cash deposit,484.2,CAD
CA00049181,2025-06-09,BR025,TLR-2366,C502828,cash deposit,634.05,CAD
CA00048501,2025-06-28,BR021,TLR-8881,C500717,cash withdrawal,935.25,CAD
CA00050211,2025-06-07,BR030,TLR-7159,C500147,cash withdrawal,1019.08,CAD
CA00051206,2025-06-07,BR035,TLR-6955,C501889,cash withdrawal,376.62,CAD
CA00044301,2025-06-02,BR001,TLR-7320,C503078,cash withdrawal,723.21,CAD
CA00047831,2025-06-06,BR017,TLR-9754,C503972,cash withdrawal,225.1,CAD
CA00047450,2025-06-10,BR016,TLR-4341,C502024,cash deposit,961.19,CAD
CA00045740,2025-06-01,BR007,TLR-7846,C503987,cash withdrawal,102161,CAD
CA00052320,2025-06-05,BR040,TLR-5235,C502855,cash withdrawal,305889,CAD
CA00052831,2025-06-21,BR040,TLR-2558,C502168,cash deposit,2080.83,CAD
CA00047494,2025-06-09,BR016,TLR-3156,C503013,cash deposit,60734,CAD
CA00045102,2025-06-20,BR004,TLR-4380,C500073,cash deposit,515.1,CAD
CA00048026,2025-06-03,BR019,TLR-2552,C501995,cash deposit,452.0,CAD
CA00049282,2025-06-30,BR025,TLR-5878,C502338,cash deposit,4133.36,CAD
CA00050694,2025-06-22,BR033,TLR-6415,C503932,cash withdrawal,141424,CAD
CA00045947,2025-06-10,BR008,TLR-1895,C502652,cash withdrawal,65711,CAD
CA00051768,2025-06-11,BR037,TLR-9457,C502002,cash deposit,284.61,CAD
CA00044505,2025-06-04,BR001,TLR-7854,C501350,cash withdrawal,655.26,CAD
CA00051234,2025-06-11,BR035,TLR-9326,C501275,cash withdrawal,1153.87,CAD
CA00045124,2025-06-16,BR004,TLR-7263,C501153,cash deposit,145935,CAD
CA00044395,2025-06-17,BR001,TLR-9935,C501061,cash withdrawal,235173,CAD
CA00050304,2025-06-22,BR030,TLR-9640,C500433,cash deposit,1082.72,CAD
CA00045901,2025-06-29,BR008,TLR-2196,C500088,cash deposit,97873,CAD
CA00049435,2025-06-19,BR026,TLR-9790,C503148,cash deposit,1324.01,CAD
CA00045694,2025-06-07,BR007,TLR-3464,C500912,cash withdrawal,583.76,CAD
CA00046138,2025-06-16,BR009,TLR-8572,C500137,cash deposit,62061,CAD
CA00050536,2025-06-14,BR031,TLR-6805,C500080,cash deposit,2760.75,CAD
CA00051457,2025-06-17,BR036,TLR-3416,C502723,cash withdrawal,1955.33,CAD
CA00046300,2025-06-07,BR009,TLR-5307,C500218,cash deposit,1012.17,CAD
CA00046258,2025-06-10,BR009,TLR-9184,C500567,cash deposit,237.51,CAD
CA00051112,2025-06-01,BR035,TLR-2542,C501619,cash deposit,842.98,CAD
CA00051568,2025-06-19,BR036,TLR-8429,C501716,cash deposit,440.47,CAD
CA00047488,2025-06-21,BR016,TLR-3997,C503155,cash deposit,2232.19,CAD
CA00050826,2025-06-28,BR033,TLR-4846,C502697,cash withdrawal,714.77,CAD
CA00044720,2025-06-10,BR002,TLR-9826,C502521,cash withdrawal,-893.84,CAD
CA00050219,2025-06-20,BR030,TLR-6575,C502415,cash deposit,1395.53,CAD
CA00052206,2025-06-03,BR039,TLR-6987,C502978,cash withdrawal,1553.22,CAD
CA00045396,2025-06-09,BR006,TLR-3920,C500765,cash deposit,1242.57,CAD
CA00048107,2025-06-29,BR019,TLR-7566,C502363,cash deposit,767.96,CAD
CA00045363,2025-06-27,BR006,TLR-7693,C502495,cash withdrawal,675.74,CAD
CA00044428,2025-06-27,BR001,TLR-1735,C502077,cash deposit,909.74,CAD
CA00048096,2025-06-21,BR019,TLR-8114,C501009,cash deposit,1098.3,CAD
CA00050666,2025-06-12,BR032,TLR-5677,C500336,cash withdrawal,1210.1,CAD
CA00046643,2025-06-24,BR012,TLR-8659,C502571,cash deposit,631.68,CAD
CA00045288,2025-06-07,BR005,TLR-7145,C502603,cash withdrawal,1542.77,CAD
CA00051271,2025-06-26,BR035,TLR-4180,C503394,cash withdrawal,1210.42,CAD
CA00046030,2025-06-30,BR008,TLR-8193,C503343,cash withdrawal,1049.24,CAD
CA00045199,2025-06-09,BR004,TLR-7245,C503061,cash deposit,156467,CAD
CA00045242,2025-06-06,BR004,TLR-9608,C501035,cash deposit,1655.75,CAD
CA00051174,2025-06-16,BR035,TLR-7652,C500312,cash withdrawal,579.03,CAD
CA00051923,2025-06-15,BR038,TLR-6289,C500453,cash withdrawal,1132.83,CAD
CA00044912,2025-06-22,BR003,TLR-8349,C501310,cash deposit,1754.5,CAD
CA00053310,2025-06-29,BR023,TLR-7538,W917648,cash withdrawal,43036,CAD
CA00044929,2025-06-05,BR003,TLR-2818,C502818,cash deposit,2265.85,CAD
CA00049303,2025-06-01,BR025,TLR-9553,C500031,cash deposit,49854,CAD
CA00046901,2025-06-11,BR013,TLR-2194,C500101,cash withdrawal,1206.45,CAD
CA00044994,2025-06-30,BR003,TLR-1397,C502991,cash withdrawal,1177.08,CAD
CA00049948,2025-06-15,BR029,TLR-5731,C503022,cash withdrawal,105881,CAD
CA00048901,2025-06-15,BR024,TLR-2913,C500659,cash withdrawal,1047.35,CAD
CA00044913,2025-06-19,BR003,TLR-8766,C503845,cash withdrawal,792.25,CAD
CA00053006,2025-06-30,BR040,TLR-6021,C500664,cash deposit,106056,CAD
CA00051829,2025-06-04,BR037,TLR-3888,C503526,cash withdrawal,620.77,CAD
CA00050828,2025-06-03,BR033,TLR-6136,C501184,cash deposit,997.84,CAD
CA00045356,2025-06-07,BR006,TLR-6432,C500036,cash deposit,65114,CAD
CA00046946,2025-06-15,BR014,TLR-6156,C503848,cash withdrawal,436.19,CAD
CA00046119,2025-06-02,BR009,TLR-3674,C500198,cash withdrawal,103113,CAD
CA00044546,2025-06-23,BR001,TLR-8001,C500573,cash withdrawal,141075,CAD
CA00047451,2025-06-21,BR016,TLR-1419,C501358,cash withdrawal,82375,CAD
CA00048860,2025-06-04,BR024,TLR-4676,C500892,cash deposit,1249.46,CAD
CA00050485,2025-06-21,BR031,TLR-9323,C502927,cash withdrawal,2354.1,CAD
CA00047059,2025-06-23,BR014,TLR-9210,C503648,cash deposit,303.87,CAD
CA00050366,2025-06-28,BR031,TLR-2968,C500588,cash deposit,1893.31,CAD
CA00049494,2025-06-05,BR026,TLR-1259,C501743,cash deposit,342.75,CAD
CA00052745,2025-06-27,BR040,TLR-2300,C501106,cash withdrawal,1432.8,CAD
CA00052424,2025-06-13,BR040,TLR-3460,C502981,cash deposit,2312.94,CAD
CA00049770,2025-06-26,BR028,TLR-4213,C502825,cash deposit,2666.71,CAD
CA00051216,2025-06-10,BR035,TLR-2263,C502811,cash withdrawal,108417,CAD
CA00053119,2025-06-07,BR040,TLR-6036,C502828,cash deposit,413.82,CAD
CA00047070,2025-06-14,BR014,TLR-8962,C502315,cash withdrawal,2332.66,CAD
CA00045616,2025-06-05,BR006,TLR-2222,C501739,cash withdrawal,320.48,CAD
CA00045895,2025-06-06,BR008,TLR-9290,C503802,cash deposit,2264.08,CAD
CA00049192,2025-06-12,BR025,TLR-2759,C501189,cash deposit,592.04,CAD
CA00047454,2025-06-14,BR016,TLR-4398,C500542,cash deposit,56769,CAD
CA00047298,2025-06-16,BR015,TLR-1195,C503107,cash deposit,494.86,CAD
CA00053080,2025-06-29,BR040,TLR-1190,C503408,cash deposit,99903,CAD
CA00052611,2025-06-12,BR040,TLR-2019,C501205,cash withdrawal,1228.66,CAD
CA00052467,2025-06-15,BR040,TLR-9468,C503427,cash deposit,462559,CAD
CA00046778,2025-06-09,BR012,TLR-5226,C503025,cash withdrawal,872.37,CAD
CA00045647,2025-06-03,BR007,TLR-6043,C502574,cash deposit,1120.37,CAD
CA00052945,2025-06-13,BR040,TLR-1974,C502717,cash deposit,2495.54,CAD
CA00046853,2025-06-15,BR013,TLR-8443,C501955,cash withdrawal,1210.33,CAD
CA00044586,2025-06-08,BR002,TLR-1546,C501787,cash deposit,124006,CAD
CA00045432,2025-06-28,BR006,TLR-7597,C500237,cash withdrawal,1522.79,CAD
CA00051530,2025-06-19,BR036,TLR-1799,C502206,cash deposit,2825.37,CAD
CA00051861,2025-06-22,BR037,TLR-6705,C501844,cash deposit,2182.2,CAD
CA00048038,2025-06-25,BR019,TLR-5010,C503429,cash deposit,1432.89,CAD
CA00047586,2025-06-19,BR016,TLR-4884,C503863,cash deposit,1891.54,CAD
CA00046810,2025-06-04,BR013,TLR-8164,C502739,cash deposit,574.06,CAD
CA00047532,2025-06-20,BR016,TLR-2991,C502224,cash withdrawal,1079.29,CAD
CA00051691,2025-06-14,BR037,TLR-6924,C500101,cash deposit,826.0,CAD
CA00046016,2025-06-23,BR008,TLR-7253,C502547,cash withdrawal,725.29,CAD
CA00046907,2025-06-14,BR013,TLR-9092,C503924,cash deposit,949.04,CAD
CA00050133,2025-06-30,BR030,TLR-8497,C500524,cash deposit,1153.01,CAD
CA00044559,2025-06-19,BR001,TLR-4216,C502978,cash withdrawal,539.9,CAD
CA00049112,2025-06-07,BR025,TLR-8386,C500381,cash withdrawal,-572.36,CAD
CA00049702,2025-06-21,BR027,TLR-5089,C501377,cash withdrawal,466.27,CAD
CA00048854,2025-06-05,BR024,TLR-3564,C503879,cash deposit,473.16,CAD
CA00045210,2025-06-18,BR004,TLR-2992,C503990,cash withdrawal,335.52,CAD
CA00049913,2025-06-09,BR029,TLR-1088,C501795,cash withdrawal,978.16,CAD
CA00052681,2025-06-04,BR040,TLR-7806,C502373,cash withdrawal,1345.74,CAD
CA00045007,2025-06-05,BR003,TLR-3630,C503217,cash withdrawal,1300.96,CAD
CA00047750,2025-06-06,BR017,TLR-8313,C503995,cash deposit,72240,CAD
CA00050447,2025-06-19,BR031,TLR-2564,C502838,cash deposit,1512.49,CAD
CA00049805,2025-06-07,BR028,TLR-7179,C503434,cash deposit,790.6,CAD
CA00046732,2025-06-16,BR012,TLR-8530,C503904,cash withdrawal,1498.77,CAD
CA00045754,2025-06-04,BR007,TLR-4810,C501945,cash withdrawal,78727,CAD
CA00052352,2025-06-01,BR040,TLR-5874,C503936,cash deposit,1076.65,CAD
CA00053238,2025-06-03,BR040,TLR-8516,C501274,cash withdrawal,4867.35,CAD
CA00050721,2025-06-24,BR033,TLR-5950,C503727,cash deposit,653.85,CAD
CA00052794,2025-06-10,BR040,TLR-7478,C501433,cash withdrawal,2531.44,CAD
CA00044442,2025-06-19,BR001,TLR-3672,C500416,cash withdrawal,3881.3,CAD
CA00050779,2025-06-21,BR033,TLR-4651,C502734,cash deposit,1541.07,CAD
CA00046504,2025-06-03,BR010,TLR-1323,C503341,cash deposit,1044.91,CAD
CA00049787,2025-06-03,BR028,TLR-1813,C501455,cash withdrawal,1157.31,CAD
CA00052914,2025-06-22,BR040,TLR-4180,C503138,cash deposit,217698,CAD
CA00053153,2025-06-21,BR040,TLR-6638,C502220,cash withdrawal,345.53,CAD
CA00049486,2025-06-05,BR026,TLR-6641,C501004,cash deposit,550.89,CAD
CA00052124,2025-06-08,BR039,TLR-8085,C502954,cash deposit,348.56,CAD
CA00050061,2025-06-12,BR030,TLR-4790,C503675,cash deposit,267.98,CAD
CA00048185,2025-06-19,BR019,TLR-7218,C501013,cash deposit,512.25,CAD
CA00045786,2025-06-19,BR007,TLR-5683,C503163,cash withdrawal,504.01,CAD
CA00048159,2025-06-08,BR019,TLR-7815,C501747,cash deposit,1062.69,CAD
CA00049385,2025-06-12,BR026,TLR-9129,C501910,cash deposit,392.7,CAD
CA00049755,2025-06-10,BR027,TLR-9822,C503669,cash deposit,9358.49,CAD
CA00052657,2025-06-07,BR040,TLR-9931,C501888,cash deposit,351699,CAD
CA00052531,2025-06-19,BR040,TLR-1124,C502828,cash withdrawal,2432.87,CAD
CA00047480,2025-06-02,BR016,TLR-2989,C502971,cash withdrawal,962.47,CAD
CA00046763,2025-06-11,BR012,TLR-3593,C501562,cash withdrawal,2447.37,CAD
CA00045271,2025-06-25,BR004,TLR-2887,C501991,cash withdrawal,593.37,CAD
CA00045216,2025-06-26,BR004,TLR-7392,C502189,cash withdrawal,97379,CAD
CA00047552,2025-06-13,BR016,TLR-1596,C500282,cash withdrawal,227.93,CAD
CA00046511,2025-06-10,BR011,TLR-3998,C500229,cash deposit,444.62,CAD
CA00049515,2025-06-19,BR026,TLR-9589,C503392,cash deposit,1213.21,CAD
CA00048829,2025-06-14,BR024,TLR-2336,C503763,cash deposit,972.25,CAD
CA00049745,2025-06-13,BR027,TLR-6947,C500446,cash deposit,459.14,CAD
CA00051074,2025-06-10,BR035,TLR-7030,C502919,cash deposit,304.49,CAD
CA00046455,2025-06-28,BR010,TLR-3047,C502876,cash deposit,1565.38,CAD
CA00051035,2025-06-07,BR035,TLR-4259,C500858,cash deposit,537.46,CAD
CA00050932,2025-06-10,BR034,TLR-1724,C501043,cash withdrawal,942.98,CAD
CA00044749,2025-06-17,BR002,TLR-1329,C500060,cash deposit,2050.16,CAD
CA00047835,2025-06-16,BR017,TLR-9110,C500973,cash deposit,666.2,CAD
CA00046831,2025-06-03,BR013,TLR-4709,C503745,cash deposit,1055.0,CAD
CA00051679,2025-06-17,BR037,TLR-6888,C502570,cash deposit,897.84,CAD
CA00045546,2025-06-20,BR006,TLR-8409,C502485,cash deposit,1112.43,CAD
CA00047323,2025-06-17,BR015,TLR-8967,C501348,cash withdrawal,1740.68,CAD
CA00051455,2025-06-30,BR036,TLR-6893,C500214,cash deposit,126254,CAD
CA00049490,2025-06-22,BR026,TLR-2054,C503761,cash deposit,570.08,CAD
CA00048394,2025-06-06,BR020,TLR-5101,C501662,cash withdrawal,826.15,USD
CA00051944,2025-06-10,BR038,TLR-9234,C502820,cash deposit,84029,CAD
CA00050406,2025-06-29,BR031,TLR-8801,C500587,cash deposit,2877.41,CAD
CA00045059,2025-06-15,BR004,TLR-3502,C503253,cash withdrawal,2816.89,CAD
CA00052933,2025-06-25,BR040,TLR-3026,C500306,cash withdrawal,2547.47,CAD
CA00050641,2025-06-10,BR032,TLR-1957,C501886,cash deposit,732.05,CAD
CA00047061,2025-06-28,BR014,TLR-3757,C501000,cash deposit,302.26,CAD
CA00045846,2025-06-05,BR007,TLR-5611,C503462,cash deposit,950.8,CAD
CA00045742,2025-06-19,BR007,TLR-4819,C500120,cash deposit,930.46,CAD
CA00049091,2025-06-21,BR025,TLR-8238,C500036,cash deposit,424.91,CAD
CA00053250,2025-06-13,BR040,TLR-1198,C500616,cash withdrawal,452.65,CAD
CA00044481,2025-06-25,BR001,TLR-5661,C502673,cash deposit,1410.49,CAD
CA00045345,2025-06-27,BR005,TLR-1882,C501325,cash withdrawal,1876.41,CAD
CA00047667,2025-06-10,BR017,TLR-7393,C501646,cash withdrawal,2945.96,CAD
CA00044783,2025-06-05,BR002,TLR-7466,C502219,cash withdrawal,-43610,CAD
CA00047170,2025-06-26,BR015,TLR-1610,C500014,cash withdrawal,2226.37,CAD
CA00050586,2025-06-30,BR032,TLR-4996,C502607,cash deposit,725.27,CAD
CA00052651,2025-06-23,BR040,TLR-8505,C500243,cash deposit,94407,CAD
CA00047633,2025-06-18,BR017,TLR-5360,C500672,cash withdrawal,3197.16,CAD
CA00049216,2025-06-14,BR025,TLR-1122,C500160,cash withdrawal,-897.98,CAD
CA00052727,2025-06-17,BR040,TLR-8872,C503926,cash withdrawal,1301.96,CAD
CA00050812,2025-06-20,BR033,TLR-1083,C503325,cash deposit,2605.25,CAD
CA00052445,2025-06-20,BR040,TLR-1250,C503302,cash withdrawal,1472.47,CAD
CA00048432,2025-06-21,BR021,TLR-1464,C503637,cash withdrawal,274477,CAD
CA00047122,2025-06-24,BR015,TLR-6196,C503411,cash deposit,1372.84,CAD
CA00050554,2025-06-23,BR032,TLR-3102,C502980,cash withdrawal,1628.68,CAD
CA00049133,2025-06-25,BR025,TLR-4463,C503845,cash deposit,1318.92,CAD
CA00048406,2025-06-23,BR020,TLR-1420,C500539,cash deposit,1184.76,USD
CA00044706,2025-06-16,BR002,TLR-8900,C501562,cash withdrawal,-575.47,CAD
CA00045160,2025-06-28,BR004,TLR-5984,C501612,cash withdrawal,299.36,CAD
CA00048429,2025-06-27,BR021,TLR-9558,C502692,cash withdrawal,658.95,CAD
CA00052460,2025-06-30,BR040,TLR-2888,C503177,cash withdrawal,494.3,CAD
CA00051365,2025-06-07,BR036,TLR-3687,C500145,cash deposit,356.9,CAD
CA00050608,2025-06-13,BR032,TLR-1716,C501621,cash withdrawal,1222.39,CAD
CA00051481,2025-06-30,BR036,TLR-7815,C500046,cash withdrawal,600.47,CAD
CA00049697,2025-06-28,BR027,TLR-2091,C503308,cash deposit,964.9,CAD
CA00050086,2025-06-25,BR030,TLR-9519,C501584,cash deposit,99373,CAD
CA00047899,2025-06-24,BR018,TLR-7350,C500831,cash deposit,651.61,CAD
CA00052362,2025-06-12,BR040,TLR-6124,C502872,cash deposit,472.59,CAD
CA00051196,2025-06-29,BR035,TLR-3615,C502733,cash deposit,619.28,CAD
CA00046765,2025-06-04,BR012,TLR-5598,C502243,cash withdrawal,154.59,CAD
CA00046667,2025-06-21,BR012,TLR-5122,C500616,cash deposit,641.74,CAD
CA00051255,2025-06-09,BR035,TLR-3080,C503222,cash deposit,222395,CAD
CA00048050,2025-06-10,BR019,TLR-9694,C500785,cash deposit,405.14,CAD
CA00050350,2025-06-03,BR031,TLR-7468,C502142,cash withdrawal,786.32,CAD
CA00044724,2025-06-27,BR002,TLR-9055,C502766,cash deposit,763.24,CAD
CA00051285,2025-06-02,BR035,TLR-8221,C502858,cash deposit,842.9,CAD
CA00052920,2025-06-21,BR040,TLR-7087,C501622,cash deposit,4790.21,CAD
CA00044988,2025-06-15,BR003,TLR-2591,C500376,cash withdrawal,565.74,CAD
CA00049522,2025-06-07,BR026,TLR-7247,C502903,cash withdrawal,-2999.43,CAD
CA00046489,2025-06-19,BR010,TLR-4555,C501040,cash withdrawal,70908,CAD
CA00047980,2025-06-16,BR019,TLR-9055,C502319,cash deposit,120966,CAD
CA00049446,2025-06-04,BR026,TLR-1970,C503826,cash deposit,393.05,CAD
CA00047968,2025-06-02,BR019,TLR-6651,C500467,cash deposit,1895.02,CAD
CA00048065,2025-06-18,BR019,TLR-7874,C503761,cash deposit,9743.95,CAD
CA00051384,2025-06-19,BR036,TLR-9642,C502355,cash deposit,589.22,CAD
CA00046760,2025-06-20,BR012,TLR-2420,C502684,cash withdrawal,450.04,CAD
CA00047782,2025-06-10,BR017,TLR-6543,C503675,cash withdrawal,1742.61,CAD
CA00051379,2025-06-05,BR036,TLR-8197,C501021,cash withdrawal,1000.85,CAD
CA00050662,2025-06-29,BR032,TLR-1152,C503886,cash deposit,986.73,CAD
CA00052905,2025-06-06,BR040,TLR-2500,C503040,cash deposit,30905,CAD
CA00053172,2025-06-20,BR040,TLR-3542,C503627,cash deposit,765.96,CAD
CA00046786,2025-06-24,BR012,TLR-7948,C503240,cash withdrawal,1682.6,CAD
CA00048699,2025-06-17,BR023,TLR-8495,C501413,cash deposit,2273.98,CAD
CA00048645,2025-06-15,BR022,TLR-4447,C500654,cash withdrawal,2454.02,CAD
CA00048716,2025-06-26,BR023,TLR-8261,C502211,cash deposit,505.78,CAD
CA00045534,2025-06-23,BR006,TLR-3140,C503705,cash withdrawal,1471.38,CAD
CA00048504,2025-06-08,BR021,TLR-8439,C500432,cash withdrawal,8439.58,CAD
CA00045178,2025-06-28,BR004,TLR-8462,C501373,cash withdrawal,679.6,CAD
CA00044464,2025-06-12,BR001,TLR-3609,C501814,cash deposit,104175,CAD
CA00051618,2025-06-07,BR037,TLR-6923,C500522,cash withdrawal,787.62,CAD
CA00048983,2025-06-05,BR024,TLR-4488,C502845,cash deposit,287.61,CAD
CA00048069,2025-06-27,BR019,TLR-4441,C500209,cash deposit,69431,CAD
CA00050857,2025-06-28,BR034,TLR-4048,C501703,cash withdrawal,1274.91,CAD
CA00051169,2025-06-15,BR035,TLR-9698,C501543,cash deposit,80944,CAD
CA00052016,2025-06-08,BR038,TLR-7518,C503962,cash withdrawal,82957,CAD
CA00045358,2025-06-27,BR006,TLR-5487,C502090,cash withdrawal,3552.41,CAD
CA00046177,2025-06-15,BR009,TLR-1930,C503623,cash withdrawal,685.6,CAD
CA00050970,2025-06-11,BR034,TLR-4283,C500343,cash deposit,2653.44,CAD
CA00051826,2025-06-17,BR037,TLR-9931,C501537,cash withdrawal,2830.54,CAD
CA00049178,2025-06-26,BR025,TLR-7920,C501338,cash withdrawal,-1539.63,CAD
CA00046491,2025-06-26,BR010,TLR-3365,C502786,cash deposit,1008.66,CAD
CA00046307,2025-06-16,BR009,TLR-1521,C503516,cash withdrawal,586.0,CAD
CA00048250,2025-06-22,BR020,TLR-1139,C500528,cash withdrawal,4708.8,USD
CA00048054,2025-06-08,BR019,TLR-7308,C501621,cash deposit,989.38,CAD
CA00047834,2025-06-05,BR017,TLR-9160,C503747,cash withdrawal,183015,CAD
CA00044551,2025-06-13,BR001,TLR-2169,C502244,cash deposit,1122.08,CAD
CA00047654,2025-06-07,BR017,TLR-5681,C501235,cash withdrawal,1898.8,CAD
CA00049423,2025-06-13,BR026,TLR-8882,C503550,cash deposit,682.43,CAD
CA00046813,2025-06-11,BR013,TLR-1716,C502407,cash withdrawal,1070.72,CAD
CA00050228,2025-06-22,BR030,TLR-5748,C501756,cash deposit,763.34,CAD
CA00053020,2025-06-05,BR040,TLR-5636,C502830,cash withdrawal,289.2,CAD
CA00051237,2025-06-09,BR035,TLR-5350,C501571,cash withdrawal,819.37,CAD
CA00049795,2025-06-14,BR028,TLR-9243,C503200,cash deposit,442.17,CAD
CA00045707,2025-06-05,BR007,TLR-1667,C502266,cash withdrawal,1338.29,CAD
CA00048921,2025-06-25,BR024,TLR-9308,C501558,cash deposit,2958.0,CAD
CA00049062,2025-06-28,BR024,TLR-7704,C501084,cash withdrawal,1522.45,CAD
CA00048228,2025-06-25,BR020,TLR-3293,C501342,cash withdrawal,433.46,USD
CA00049156,2025-06-23,BR025,TLR-3822,C500571,cash withdrawal,-47468,CAD
CA00044496,2025-06-03,BR001,TLR-5172,C503556,cash withdrawal,741.17,CAD
CA00052007,2025-06-29,BR038,TLR-3918,C502253,cash withdrawal,1328.91,CAD
CA00048244,2025-06-29,BR020,TLR-9885,C500532,cash withdrawal,519.98,USD
CA00049234,2025-06-29,BR025,TLR-2769,C502637,cash deposit,2543.46,CAD
CA00049870,2025-06-13,BR028,TLR-7528,C501074,cash withdrawal,3332.25,CAD
CA00047657,2025-06-07,BR017,TLR-5791,C501881,cash deposit,33614,CAD
CA00052465,2025-06-01,BR040,TLR-9266,C501282,cash withdrawal,976.71,CAD
CA00045606,2025-06-01,BR006,TLR-4066,C502224,cash deposit,1627.89,CAD
CA00044819,2025-06-16,BR003,TLR-9620,C502901,cash deposit,79994,CAD
CA00045188,2025-06-17,BR004,TLR-5084,C503818,cash withdrawal,442.57,CAD
CA00051849,2025-06-19,BR037,TLR-1100,C500951,cash deposit,1660.3,CAD
CA00052157,2025-06-25,BR039,TLR-6779,C500881,cash withdrawal,1021.77,CAD
CA00044462,2025-06-28,BR001,TLR-3113,C503869,cash withdrawal,545.25,CAD
CA00046241,2025-06-14,BR009,TLR-2030,C502395,cash withdrawal,1133.87,CAD
CA00050963,2025-06-02,BR034,TLR-7258,C502154,cash deposit,65245,CAD
CA00047375,2025-06-28,BR015,TLR-4156,C502854,cash withdrawal,1107.26,CAD
CA00049070,2025-06-23,BR024,TLR-9984,C500580,cash withdrawal,1359.22,CAD
CA00047306,2025-06-17,BR015,TLR-2888,C501102,cash deposit,2576.8,CAD
CA00046860,2025-06-09,BR013,TLR-9019,C501052,cash withdrawal,1380.54,CAD
CA00047700,2025-06-14,BR017,TLR-3496,C500149,cash deposit,40571,CAD
CA00049386,2025-06-07,BR026,TLR-6350,C500887,cash withdrawal,-1342.36,CAD
CA00052161,2025-06-25,BR039,TLR-1108,C502666,cash deposit,1504491,CAD
CA00050031,2025-06-29,BR030,TLR-3561,C502246,cash deposit,1255.31,CAD
CA00048636,2025-06-18,BR022,TLR-6531,C502683,cash deposit,4820.95,CAD
CA00045433,2025-06-19,BR006,TLR-8189,C500338,cash deposit,782.81,CAD
CA00051431,2025-06-12,BR036,TLR-7084,C500204,cash withdrawal,1024.15,CAD
CA00046429,2025-06-11,BR010,TLR-5738,C503201,cash withdrawal,1616.83,CAD
CA00052430,2025-06-09,BR040,TLR-6793,C500210,cash deposit,317.02,CAD
CA00047563,2025-06-23,BR016,TLR-6190,C502260,cash deposit,876.69,CAD
CA00045489,2025-06-12,BR006,TLR-5844,C502226,cash deposit,1392.08,CAD
CA00048092,2025-06-24,BR019,TLR-4288,C503108,cash deposit,3013.69,CAD
CA00051040,2025-06-13,BR035,TLR-9619,C500310,cash deposit,1869.9,CAD
CA00049495,2025-06-22,BR026,TLR-8803,C502462,cash withdrawal,-658.4,CAD
CA00047822,2025-06-07,BR017,TLR-1002,C500786,cash withdrawal,1586.79,CAD
CA00052038,2025-06-05,BR038,TLR-2367,C500425,cash deposit,210.59,CAD
CA00052459,2025-06-28,BR040,TLR-9579,C503828,cash deposit,1847.89,CAD
CA00044843,2025-06-01,BR003,TLR-9331,C500535,cash withdrawal,3244.65,CAD
CA00049549,2025-06-13,BR026,TLR-7792,C500349,cash withdrawal,-762.81,CAD
CA00047188,2025-06-17,BR015,TLR-6816,C501506,cash withdrawal,2036.01,CAD
CA00044691,2025-06-15,BR002,TLR-5102,C502237,cash deposit,1294.71,CAD
CA00051314,2025-06-19,BR036,TLR-4782,C502616,cash withdrawal,954.07,CAD
CA00047679,2025-06-05,BR017,TLR-3064,C503147,cash withdrawal,419.57,CAD
CA00046815,2025-06-01,BR013,TLR-9667,C502372,cash deposit,1065.8,CAD
CA00049966,2025-06-10,BR029,TLR-3373,C502382,cash withdrawal,2185.82,CAD
CA00046713,2025-06-15,BR012,TLR-2097,C500508,cash withdrawal,184243,CAD
CA00045220,2025-06-25,BR004,TLR-8792,C503635,cash withdrawal,1601.39,CAD
CA00044421,2025-06-02,BR001,TLR-8325,C500483,cash withdrawal,1741.33,CAD
CA00045315,2025-06-09,BR005,TLR-4923,C500384,cash withdrawal,610.88,CAD
CA00049377,2025-06-06,BR026,TLR-6462,C502714,cash withdrawal,-1306.74,CAD
CA00053165,2025-06-30,BR040,TLR-7078,C502953,cash withdrawal,2963.78,CAD
CA00049521,2025-06-18,BR026,TLR-2308,C503313,cash deposit,53065,CAD
CA00052501,2025-06-10,BR040,TLR-9646,C500832,cash withdrawal,615.71,CAD
CA00053190,2025-06-07,BR040,TLR-9020,C502448,cash withdrawal,1300.39,CAD
CA00050388,2025-06-09,BR031,TLR-2473,C502841,cash deposit,8186.24,CAD
CA00046226,2025-06-09,BR009,TLR-1747,C503247,cash deposit,2458.05,CAD
CA00051922,2025-06-26,BR038,TLR-1373,C501803,cash withdrawal,1507.04,CAD
CA00046002,2025-06-22,BR008,TLR-2144,C500864,cash deposit,1072.64,CAD
CA00048573,2025-06-25,BR021,TLR-7001,C503300,cash withdrawal,531.74,CAD
CA00052736,2025-06-08,BR040,TLR-3409,C501754,cash withdrawal,161327,CAD
CA00046583,2025-06-25,BR012,TLR-4522,C501979,cash deposit,377.78,CAD
CA00052417,2025-06-02,BR040,TLR-8582,C503974,cash deposit,535.07,CAD
CA00047455,2025-06-22,BR016,TLR-5357,C503452,cash withdrawal,1026.89,CAD
CA00045628,2025-06-25,BR007,TLR-1054,C503125,cash withdrawal,1587.92,CAD
CA00049835,2025-06-05,BR028,TLR-2395,C500769,cash deposit,918.65,CAD
CA00052412,2025-06-20,BR040,TLR-4394,C501593,cash deposit,1612.61,CAD
CA00052631,2025-06-25,BR040,TLR-9203,C502912,cash withdrawal,778.88,CAD
CA00047903,2025-06-10,BR018,TLR-4983,C501464,cash withdrawal,2437.9,CAD
CA00050959,2025-06-25,BR034,TLR-4728,C503629,cash deposit,1282.53,CAD
CA00045264,2025-06-06,BR004,TLR-7304,C503813,cash deposit,321.34,CAD
CA00046542,2025-06-01,BR011,TLR-7945,C502800,cash withdrawal,1859.55,CAD
CA00049424,2025-06-12,BR026,TLR-3833,C501924,cash withdrawal,-42372,CAD
CA00051871,2025-06-01,BR037,TLR-8126,C500121,cash withdrawal,1438.05,CAD
CA00050235,2025-06-01,BR030,TLR-8358,C502233,cash deposit,1912.38,CAD
CA00048128,2025-06-05,BR019,TLR-1251,C501193,cash deposit,167418,CAD
CA00052272,2025-06-27,BR039,TLR-6936,C501464,cash deposit,541.49,CAD
CA00049637,2025-06-06,BR027,TLR-1800,C501559,cash withdrawal,717.29,CAD
CA00047390,2025-06-15,BR015,TLR-8604,C501262,cash withdrawal,662.19,CAD
CA00045812,2025-06-14,BR007,TLR-8694,C503686,cash withdrawal,1588.38,CAD
CA00049998,2025-06-03,BR029,TLR-6292,C500623,cash deposit,1138.79,CAD
CA00053025,2025-06-05,BR040,TLR-7113,C502174,cash withdrawal,401.65,CAD
CA00045857,2025-06-02,BR008,TLR-6145,C500077,cash deposit,757.82,CAD
CA00050420,2025-06-23,BR031,TLR-7483,C500129,cash deposit,1429.69,CAD
CA00052250,2025-06-07,BR039,TLR-3805,C502567,cash withdrawal,498.2,CAD
CA00050028,2025-06-07,BR030,TLR-4823,C503451,cash deposit,464.93,CAD
CA00051926,2025-06-04,BR038,TLR-9363,C500486,cash deposit,1163.41,CAD
CA00050949,2025-06-20,BR034,TLR-9042,C501901,cash deposit,469.37,CAD
CA00044686,2025-06-16,BR002,TLR-6231,C503866,cash withdrawal,-33191,CAD
CA00046906,2025-06-12,BR013,TLR-2513,C502946,cash deposit,918.06,CAD
CA00047920,2025-06-11,BR018,TLR-4187,C501387,cash deposit,697.87,CAD
CA00046309,2025-06-26,BR009,TLR-9510,C501140,cash deposit,343.49,CAD
CA00047084,2025-06-08,BR014,TLR-1936,C503823,cash withdrawal,681.62,CAD
CA00051175,2025-06-03,BR035,TLR-3975,C503721,cash withdrawal,37614,CAD
CA00045072,2025-06-26,BR004,TLR-8538,C500608,cash withdrawal,895.38,CAD
CA00048183,2025-06-16,BR019,TLR-5911,C503727,cash deposit,357.53,CAD
CA00053275,2025-06-13,BR040,TLR-7573,C501189,cash deposit,1975.9,CAD
CA00051491,2025-06-21,BR036,TLR-1178,C502128,cash deposit,379.23,CAD
CA00047030,2025-06-18,BR014,TLR-3399,C501465,cash withdrawal,937.45,CAD
CA00049129,2025-06-05,BR025,TLR-7804,C503666,cash deposit,1372.85,CAD
CA00046006,2025-06-06,BR008,TLR-9228,C502798,cash deposit,862.12,CAD
CA00049863,2025-06-04,BR028,TLR-3293,C501703,cash deposit,1211.59,CAD
CA00049381,2025-06-09,BR026,TLR-9878,C501930,cash withdrawal,-698.27,CAD
CA00045813,2025-06-15,BR007,TLR-8474,C501737,cash deposit,1714.68,CAD
CA00049359,2025-06-11,BR026,TLR-3693,C503188,cash withdrawal,-1240.34,CAD
CA00046500,2025-06-11,BR010,TLR-3963,C500686,cash withdrawal,547.98,CAD
CA00046950,2025-06-09,BR014,TLR-1555,C503042,cash deposit,701.84,CAD
CA00049852,2025-06-17,BR028,TLR-4670,C503277,cash deposit,785.19,CAD
CA00050126,2025-06-03,BR030,TLR-3525,C501111,cash withdrawal,2632.59,CAD
CA00048718,2025-06-10,BR023,TLR-2438,C503784,cash withdrawal,85697,CAD
CA00044844,2025-06-16,BR003,TLR-5434,C500399,cash deposit,484.27,CAD
CA00051694,2025-06-06,BR037,TLR-9755,C500924,cash deposit,1090.56,CAD
CA00046147,2025-06-11,BR009,TLR-8196,C503943,cash deposit,847.43,CAD
CA00052856,2025-06-06,BR040,TLR-8734,C503131,cash deposit,587.28,CAD
CA00050230,2025-06-24,BR030,TLR-6952,C502087,cash withdrawal,839.81,CAD
CA00045260,2025-06-01,BR004,TLR-8908,C502878,cash withdrawal,38080,CAD
CA00051058,2025-06-04,BR035,TLR-2762,C502013,cash deposit,543.72,CAD
CA00051775,2025-06-30,BR037,TLR-5870,C500694,cash deposit,271817,CAD
CA00045292,2025-06-04,BR005,TLR-5523,C501556,cash withdrawal,493.77,CAD
CA00049310,2025-06-24,BR026,TLR-2015,C501220,cash deposit,1747.9,CAD
CA00049873,2025-06-05,BR028,TLR-3564,C503673,cash deposit,1636.98,CAD
CA00045054,2025-06-24,BR004,TLR-3374,C502818,cash withdrawal,511.89,CAD
CA00051307,2025-06-20,BR036,TLR-2141,C501400,cash withdrawal,1301.16,CAD
CA00047555,2025-06-21,BR016,TLR-7632,C501862,cash deposit,371.84,CAD
CA00046332,2025-06-02,BR010,TLR-4686,C500542,cash withdrawal,289.41,CAD
CA00046311,2025-06-23,BR009,TLR-2150,C501813,cash deposit,565.02,CAD
CA00052447,2025-06-30,BR040,TLR-2388,C503414,cash withdrawal,24046,CAD
CA00050742,2025-06-11,BR033,TLR-6053,C503017,cash deposit,37959,CAD
CA00045569,2025-06-02,BR006,TLR-5552,C503465,cash withdrawal,324.53,CAD
CA00048973,2025-06-04,BR024,TLR-7274,C500307,cash withdrawal,615.28,CAD
CA00048558,2025-06-13,BR021,TLR-8693,C500021,cash withdrawal,47934,CAD
CA00049703,2025-06-03,BR027,TLR-5815,C500689,cash withdrawal,423.85,CAD
CA00048499,2025-06-13,BR021,TLR-1724,C500219,cash deposit,1369.31,CAD
CA00047236,2025-06-11,BR015,TLR-4132,C501750,cash deposit,1947.39,CAD
CA00052288,2025-06-08,BR039,TLR-4241,C502369,cash withdrawal,2428.87,CAD
CA00046337,2025-06-07,BR010,TLR-7612,C500756,cash deposit,1440.11,CAD
CA00052852,2025-06-26,BR040,TLR-1859,C501475,cash withdrawal,1027.28,CAD
CA00048839,2025-06-15,BR024,TLR-5017,C502291,cash withdrawal,3540.67,CAD
CA00048964,2025-06-18,BR024,TLR-5347,C502654,cash withdrawal,1102.45,CAD
CA00044635,2025-06-20,BR002,TLR-3836,C503588,cash withdrawal,-1241.18,CAD
CA00049285,2025-06-23,BR025,TLR-4523,C502275,cash withdrawal,-937.7,CAD
CA00047714,2025-06-10,BR017,TLR-1895,C501710,cash withdrawal,370.7,CAD
CA00049883,2025-06-22,BR028,TLR-4455,C500230,cash withdrawal,368.78,CAD
CA00050486,2025-06-17,BR031,TLR-2041,C501316,cash deposit,166792,CAD
CA00050475,2025-06-08,BR031,TLR-4132,C502044,cash withdrawal,101037,CAD
CA00044995,2025-06-30,BR003,TLR-7896,C503682,cash withdrawal,878.23,CAD
CA00049576,2025-06-29,BR027,TLR-4854,C503816,cash withdrawal,96669,CAD
CA00049497,2025-06-08,BR026,TLR-9989,C501433,cash deposit,562.12,CAD
CA00049797,2025-06-02,BR028,TLR-4877,C501648,cash withdrawal,1534.22,CAD
CA00047382,2025-06-12,BR015,TLR-8404,C500697,cash withdrawal,1133.71,CAD
CA00046772,2025-06-18,BR012,TLR-1076,C501554,cash withdrawal,845.0,CAD
CA00045824,2025-06-13,BR007,TLR-1362,C501349,cash withdrawal,613.64,CAD
CA00053046,2025-06-27,BR040,TLR-8198,C501310,cash deposit,649.75,CAD
CA00049783,2025-06-21,BR028,TLR-7356,C500925,cash deposit,1758.81,CAD
CA00047425,2025-06-15,BR016,TLR-4378,C503282,cash deposit,294.93,CAD
CA00045745,2025-06-20,BR007,TLR-7208,C503350,cash withdrawal,133762,CAD
CA00052926,2025-06-08,BR040,TLR-1091,C501213,cash deposit,1385.91,CAD
CA00047261,2025-06-20,BR015,TLR-4451,C501281,cash withdrawal,311.51,CAD
CA00044735,2025-06-23,BR002,TLR-2641,C500469,cash deposit,644.35,CAD
CA00052863,2025-06-05,BR040,TLR-3340,C500975,cash deposit,1779.09,CAD
CA00045985,2025-06-19,BR008,TLR-5411,C503113,cash deposit,1414.62,CAD
CA00052042,2025-06-16,BR038,TLR-6718,C502423,cash withdrawal,1336.4,CAD
CA00047121,2025-06-02,BR015,TLR-2702,C501070,cash withdrawal,485.88,CAD
CA00046440,2025-06-15,BR010,TLR-6136,C501032,cash withdrawal,456.98,CAD
CA00051440,2025-06-20,BR036,TLR-1198,C502070,cash deposit,869.23,CAD
CA00047473,2025-06-25,BR016,TLR-3542,C501792,cash deposit,855.62,CAD
CA00048513,2025-06-18,BR021,TLR-6204,C500750,cash deposit,523.33,CAD
CA00048867,2025-06-02,BR024,TLR-4515,C503008,cash deposit,962.78,CAD
CA00050087,2025-06-22,BR030,TLR-6106,C500195,cash deposit,840.51,CAD
CA00052728,2025-06-19,BR040,TLR-7302,C500275,cash withdrawal,882.83,CAD
CA00051123,2025-06-24,BR035,TLR-7349,C501137,cash withdrawal,609.29,CAD
CA00045140,2025-06-25,BR004,TLR-6083,C500211,cash withdrawal,3596.09,CAD
CA00053161,2025-06-23,BR040,TLR-9556,C500298,cash deposit,1138.66,CAD
CA00045648,2025-06-13,BR007,TLR-1776,C501555,cash withdrawal,867.22,CAD
CA00047162,2025-06-12,BR015,TLR-7261,C500128,cash deposit,39961,CAD
CA00046588,2025-06-22,BR012,TLR-1754,C502548,cash deposit,1164.57,CAD
CA00045923,2025-06-05,BR008,TLR-9407,C503151,cash withdrawal,1034.18,CAD
CA00047367,2025-06-18,BR015,TLR-6778,C502586,cash withdrawal,1023.7,CAD
CA00044449,2025-06-13,BR001,TLR-2084,C501016,cash deposit,1638.03,CAD
CA00048597,2025-06-21,BR021,TLR-1131,C501279,cash deposit,923.34,CAD
CA00050548,2025-06-11,BR031,TLR-6416,C503046,cash deposit,1552.27,CAD
CA00053040,2025-06-27,BR040,TLR-4776,C501357,cash deposit,441.39,CAD
CA00050529,2025-06-05,BR031,TLR-9471,C501301,cash withdrawal,3019.12,CAD
CA00050603,2025-06-25,BR032,TLR-6655,C502094,cash withdrawal,505.57,CAD
CA00051373,2025-06-16,BR036,TLR-1001,C502529,cash deposit,1538.01,CAD
CA00047604,2025-06-22,BR016,TLR-1681,C501123,cash deposit,536.0,CAD
CA00045294,2025-06-02,BR005,TLR-4080,C501092,cash deposit,423.1,CAD
CA00051149,2025-06-14,BR035,TLR-5916,C502640,cash deposit,2458.24,CAD
CA00046533,2025-06-18,BR011,TLR-4253,C502074,cash withdrawal,471.46,CAD
CA00044590,2025-06-30,BR002,TLR-2440,C503689,cash withdrawal,-1588.68,CAD
CA00045868,2025-06-18,BR008,TLR-4308,C502230,cash deposit,424.28,CAD
CA00047520,2025-06-20,BR016,TLR-5937,C501790,cash deposit,336.06,CAD
CA00048500,2025-06-04,BR021,TLR-7279,C501305,cash withdrawal,888.2,CAD
CA00044948,2025-06-13,BR003,TLR-3286,C503770,cash deposit,1969.03,CAD
CA00044712,2025-06-27,BR002,TLR-7803,C501317,cash deposit,416.35,CAD
CA00051650,2025-06-16,BR037,TLR-1386,C502917,cash withdrawal,866.58,CAD
CA00047079,2025-06-20,BR014,TLR-2842,C501710,cash deposit,771.13,CAD
CA00046612,2025-06-29,BR012,TLR-9067,C501435,cash deposit,1171.5,CAD
CA00046077,2025-06-24,BR008,TLR-9099,C503202,cash deposit,2286.35,CAD
CA00048102,2025-06-02,BR019,TLR-4278,C500966,cash withdrawal,652.26,CAD
CA00052673,2025-06-18,BR040,TLR-2661,C503464,cash withdrawal,314.83,CAD
CA00046657,2025-06-12,BR012,TLR-4857,C500381,cash deposit,435.61,CAD
CA00048326,2025-06-14,BR020,TLR-8924,C500725,cash deposit,231.09,USD
CA00050085,2025-06-27,BR030,TLR-3462,C500872,cash deposit,84984,CAD
CA00044290,2025-06-10,BR001,TLR-4331,C502547,cash withdrawal,57248,CAD
CA00046255,2025-06-29,BR009,TLR-7015,C500568,cash withdrawal,1808.81,CAD
CA00047752,2025-06-11,BR017,TLR-5243,C500422,cash withdrawal,394022,CAD
CA00051906,2025-06-07,BR038,TLR-5645,C503356,cash withdrawal,136536,CAD
CA00044977,2025-06-16,BR003,TLR-5036,C503331,cash deposit,1286.33,CAD
CA00045076,2025-06-10,BR004,TLR-6979,C500280,cash withdrawal,708.01,CAD
CA00048823,2025-06-13,BR024,TLR-8257,C503635,cash deposit,1190.8,CAD
CA00050019,2025-06-20,BR030,TLR-4704,C502925,cash withdrawal,673.64,CAD
CA00049667,2025-06-17,BR027,TLR-9212,C502028,cash withdrawal,782.19,CAD
CA00052033,2025-06-16,BR038,TLR-3269,C500297,cash withdrawal,388.72,CAD
CA00048583,2025-06-04,BR021,TLR-8476,C500808,cash deposit,1343.24,CAD
CA00052387,2025-06-13,BR040,TLR-1305,C502146,cash deposit,4002.77,CAD
CA00051341,2025-06-12,BR036,TLR-8202,C502996,cash deposit,1243.13,CAD
CA00051994,2025-06-12,BR038,TLR-8774,C502741,cash withdrawal,173465,CAD
CA00048804,2025-06-20,BR024,TLR-1742,C503664,cash deposit,780.31,CAD
CA00052854,2025-06-30,BR040,TLR-4937,C503463,cash deposit,4127.26,CAD
CA00046372,2025-06-05,BR010,TLR-2111,C502017,cash withdrawal,2452.65,CAD
CA00048684,2025-06-14,BR023,TLR-5743,C501505,cash deposit,930.89,CAD
CA00044369,2025-06-02,BR001,TLR-3426,C503870,cash deposit,1508.6,CAD
CA00048143,2025-06-12,BR019,TLR-8693,C503903,cash withdrawal,3180.49,CAD
CA00052870,2025-06-18,BR040,TLR-4011,C500429,cash deposit,25409,CAD
CA00052149,2025-06-01,BR039,TLR-3981,C503347,cash deposit,795.38,CAD
CA00044534,2025-06-08,BR001,TLR-3945,C501697,cash deposit,727.82,CAD
CA00045799,2025-06-25,BR007,TLR-5058,C502456,cash deposit,6403.37,CAD
CA00053237,2025-06-22,BR040,TLR-7186,C502581,cash deposit,982.34,CAD
CA00044718,2025-06-14,BR002,TLR-3868,C503570,cash withdrawal,-1801.46,CAD
CA00050587,2025-06-14,BR032,TLR-9604,C500731,cash deposit,1650.32,CAD
CA00047112,2025-06-29,BR014,TLR-4714,C503286,cash deposit,1431.44,CAD
CA00048851,2025-06-12,BR024,TLR-9610,C503150,cash deposit,554.19,CAD
CA00044842,2025-06-03,BR003,TLR-3347,C500780,cash deposit,909.34,CAD
CA00046556,2025-06-26,BR011,TLR-7942,C501453,cash deposit,784.1,CAD
CA00050480,2025-06-07,BR031,TLR-7715,C500936,cash withdrawal,868.82,CAD
CA00050180,2025-06-07,BR030,TLR-4795,C502634,cash withdrawal,901.49,CAD
CA00050000,2025-06-11,BR029,TLR-5222,C503422,cash withdrawal,2083.1,CAD
CA00045680,2025-06-19,BR007,TLR-8301,C503330,cash deposit,855.42,CAD
CA00046648,2025-06-11,BR012,TLR-3127,C503212,cash withdrawal,42134,CAD
CA00048946,2025-06-07,BR024,TLR-4610,C500946,cash withdrawal,358.16,CAD
CA00052599,2025-06-11,BR040,TLR-4917,C502718,cash withdrawal,861777,CAD
CA00044309,2025-06-21,BR001,TLR-6160,C501746,cash withdrawal,1133.78,CAD
CA00047606,2025-06-24,BR016,TLR-3610,C500396,cash deposit,124.74,CAD
CA00048308,2025-06-24,BR020,TLR-6294,C501745,cash withdrawal,868.26,USD
CA00045859,2025-06-27,BR008,TLR-7837,C501942,cash deposit,334.72,CAD
CA00046752,2025-06-21,BR012,TLR-1108,C502245,cash withdrawal,735.15,CAD
CA00052069,2025-06-04,BR038,TLR-2544,C503384,cash deposit,1063.11,CAD
CA00049650,2025-06-16,BR027,TLR-6015,C503037,cash deposit,1472.67,CAD
CA00050545,2025-06-21,BR031,TLR-2418,C501128,cash withdrawal,1148.59,CAD
CA00045488,2025-06-26,BR006,TLR-5032,C502782,cash deposit,2048.53,CAD
CA00052062,2025-06-03,BR038,TLR-8064,C500847,cash deposit,522.93,CAD
CA00051347,2025-06-15,BR036,TLR-3423,C502573,cash withdrawal,437.31,CAD
CA00047777,2025-06-14,BR017,TLR-1979,C503101,cash withdrawal,1626.84,CAD
CA00051080,2025-06-13,BR035,TLR-9129,C503266,cash withdrawal,1431.95,CAD
CA00050060,2025-06-10,BR030,TLR-9681,C500697,cash withdrawal,670.2,CAD
CA00048752,2025-06-10,BR023,TLR-6347,C502951,cash deposit,1401.72,CAD
CA00050972,2025-06-03,BR034,TLR-6207,C503869,cash deposit,1424.47,CAD
CA00051619,2025-06-10,BR037,TLR-4102,C501721,cash deposit,919.27,CAD
CA00048343,2025-06-08,BR020,TLR-9588,C500065,cash withdrawal,125465,USD
CA00053086,2025-06-06,BR040,TLR-7573,C500501,cash deposit,473.58,CAD
CA00050754,2025-06-12,BR033,TLR-3233,C500653,cash deposit,71971,CAD
CA00050165,2025-06-03,BR030,TLR-2844,C500404,cash deposit,734.85,CAD
CA00049231,2025-06-25,BR025,TLR-3174,C503255,cash deposit,518.73,CAD
CA00050424,2025-06-18,BR031,TLR-1466,C500205,cash withdrawal,349.09,CAD
CA00048307,2025-06-05,BR020,TLR-5012,C500568,cash withdrawal,1120.95,USD
CA00050373,2025-06-22,BR031,TLR-9367,C502758,cash withdrawal,580.33,CAD
CA00053186,2025-06-30,BR040,TLR-2567,C502222,cash deposit,84947,CAD
CA00050215,2025-06-25,BR030,TLR-3843,C503741,cash withdrawal,48628,CAD
CA00051682,2025-06-13,BR037,TLR-7316,C503556,cash withdrawal,1830.39,CAD
CA00052886,2025-06-10,BR040,TLR-8352,C501732,cash withdrawal,946.21,CAD
CA00048540,2025-06-25,BR021,TLR-7346,C503010,cash deposit,1590.43,CAD
CA00045089,2025-06-22,BR004,TLR-9237,C502274,cash deposit,403.37,CAD
CA00044744,2025-06-17,BR002,TLR-2113,C500366,cash withdrawal,-132699,CAD
CA00051075,2025-06-07,BR035,TLR-4093,C501793,cash withdrawal,1451.47,CAD
CA00046269,2025-06-16,BR009,TLR-8553,C501004,cash deposit,1100.86,CAD
CA00050515,2025-06-07,BR031,TLR-5106,C503859,cash deposit,4651.13,CAD
CA00049441,2025-06-10,BR026,TLR-6056,C502519,cash deposit,3227.2,CAD
CA00047911,2025-06-06,BR018,TLR-7599,C500813,cash withdrawal,1661.91,CAD
CA00044707,2025-06-15,BR002,TLR-8674,C503148,cash withdrawal,-2302.66,CAD
CA00047427,2025-06-20,BR016,TLR-9572,C501658,cash withdrawal,1442.74,CAD
CA00049830,2025-06-16,BR028,TLR-4322,C502460,cash withdrawal,73690,CAD
CA00046192,2025-06-30,BR009,TLR-8944,C501623,cash deposit,619.47,CAD
CA00045725,2025-06-25,BR007,TLR-8571,C501128,cash deposit,680.58,CAD
CA00051331,2025-06-17,BR036,TLR-9352,C502531,cash deposit,3118.95,CAD
CA00047405,2025-06-07,BR015,TLR-1066,C502413,cash deposit,3816.43,CAD
CA00049383,2025-06-27,BR026,TLR-1525,C501384,cash deposit,275.44,CAD
CA00045818,2025-06-22,BR007,TLR-4418,C500261,cash deposit,1111.65,CAD
CA00049905,2025-06-14,BR029,TLR-9323,C500066,cash withdrawal,739.72,CAD
CA00049470,2025-06-11,BR026,TLR-4459,C501434,cash deposit,337.38,CAD
CA00049587,2025-06-22,BR027,TLR-5884,C500520,cash withdrawal,794.21,CAD
CA00051404,2025-06-26,BR036,TLR-9824,C502751,cash deposit,1230.62,CAD
CA00047900,2025-06-25,BR018,TLR-7056,C500998,cash withdrawal,1405.92,CAD
CA00044962,2025-06-08,BR003,TLR-9675,C503833,cash deposit,2575.16,CAD
CA00049150,2025-06-03,BR025,TLR-6085,C501440,cash deposit,895.34,CAD
CA00048831,2025-06-20,BR024,TLR-4298,C503514,cash withdrawal,1117.9,CAD
CA00048656,2025-06-14,BR022,TLR-8456,C503300,cash deposit,2457.41,CAD
CA00045575,2025-06-02,BR006,TLR-5267,C503442,cash withdrawal,3264.86,CAD
CA00045055,2025-06-29,BR004,TLR-2653,C503797,cash withdrawal,1565.9,CAD
CA00049628,2025-06-11,BR027,TLR-9948,C501139,cash deposit,304.03,CAD
CA00048215,2025-06-12,BR019,TLR-1201,C501642,cash withdrawal,204.54,CAD
CA00044607,2025-06-16,BR002,TLR-1921,C501266,cash withdrawal,-666.57,CAD
CA00050531,2025-06-29,BR031,TLR-4887,C502510,cash withdrawal,897.82,CAD
CA00049514,2025-06-05,BR026,TLR-7810,C501348,cash deposit,1902.05,CAD
CA00046390,2025-06-16,BR010,TLR-4550,C500551,cash withdrawal,748.49,CAD
CA00048816,2025-06-02,BR024,TLR-3197,C501483,cash withdrawal,121105,CAD
CA00053215,2025-06-18,BR040,TLR-3383,C501518,cash withdrawal,343.26,CAD
CA00048129,2025-06-13,BR019,TLR-9391,C501278,cash deposit,891.45,CAD
CA00050322,2025-06-15,BR030,TLR-8427,C502016,cash deposit,575.55,CAD
CA00048723,2025-06-11,BR023,TLR-5519,C500540,cash withdrawal,1812.45,CAD
CA00050089,2025-06-01,BR030,TLR-4217,C502868,cash deposit,677.86,CAD
CA00052489,2025-06-28,BR040,TLR-2030,C503984,cash withdrawal,866.24,CAD
CA00048025,2025-06-03,BR019,TLR-7834,C500252,cash deposit,316.45,CAD
CA00052259,2025-06-05,BR039,TLR-8447,C502739,cash deposit,535.03,CAD
CA00044305,2025-06-15,BR001,TLR-1466,C501001,cash withdrawal,1151.3,CAD
CA00046197,2025-06-25,BR009,TLR-7508,C501743,cash deposit,52770,CAD
CA00052059,2025-06-14,BR038,TLR-4895,C501219,cash deposit,65270,CAD
CA00052509,2025-06-23,BR040,TLR-6587,C500442,cash withdrawal,903.46,CAD
CA00049298,2025-06-17,BR025,TLR-3108,C502593,cash deposit,962.16,CAD
CA00051595,2025-06-15,BR036,TLR-3713,C502404,cash deposit,918.68,CAD
CA00051832,2025-06-04,BR037,TLR-9167,C503526,cash withdrawal,1120.59,CAD
CA00049887,2025-06-28,BR029,TLR-2280,C501577,cash withdrawal,1055.22,CAD
CA00048363,2025-06-02,BR020,TLR-8997,C503610,cash withdrawal,56905,USD
CA00052266,2025-06-15,BR039,TLR-9371,C500547,cash deposit,174860,CAD
CA00045710,2025-06-27,BR007,TLR-3269,C503142,cash withdrawal,771.95,CAD
CA00048175,2025-06-18,BR019,TLR-7460,C501988,cash withdrawal,3515.44,CAD
CA00052975,2025-06-01,BR040,TLR-2412,C503763,cash withdrawal,30920,CAD
CA00052351,2025-06-20,BR040,TLR-7170,C500267,cash withdrawal,1846.91,CAD
CA00051601,2025-06-10,BR036,TLR-2128,C503545,cash withdrawal,596.22,CAD
CA00045310,2025-06-11,BR005,TLR-3283,C500820,cash withdrawal,878.36,CAD
CA00045364,2025-06-01,BR006,TLR-9887,C501716,cash withdrawal,803.77,CAD
CA00047232,2025-06-20,BR015,TLR-3412,C500787,cash deposit,2087.32,CAD
CA00048610,2025-06-27,BR022,TLR-2332,C502470,cash deposit,697.49,CAD
CA00050068,2025-06-19,BR030,TLR-6180,C503420,cash deposit,2127.23,CAD
CA00046639,2025-06-03,BR012,TLR-8071,C503290,cash withdrawal,644.87,CAD
CA00046569,2025-06-28,BR011,TLR-6591,C501728,cash withdrawal,2648.21,CAD
CA00048924,2025-06-22,BR024,TLR-1829,C500856,cash deposit,1659.9,CAD
CA00046014,2025-06-30,BR008,TLR-5428,C503322,cash deposit,3734.04,CAD
CA00051710,2025-06-04,BR037,TLR-4547,C503565,cash deposit,211.89,CAD
CA00044530,2025-06-25,BR001,TLR-2209,C502303,cash deposit,63341,CAD
CA00049409,2025-06-03,BR026,TLR-5116,C502688,cash deposit,515.17,CAD
CA00052551,2025-06-24,BR040,TLR-4150,C501846,cash deposit,670.28,CAD
CA00044357,2025-06-23,BR001,TLR-6464,C501275,cash withdrawal,1861.16,CAD
CA00045371,2025-06-04,BR006,TLR-8461,C501800,cash withdrawal,1772.06,CAD
CA00049477,2025-06-18,BR026,TLR-1964,C503333,cash withdrawal,-1084.01,CAD
CA00048125,2025-06-16,BR019,TLR-2223,C502593,cash deposit,5234.12,CAD
CA00045898,2025-06-11,BR008,TLR-6464,C502081,cash withdrawal,1079.16,CAD
CA00051704,2025-06-07,BR037,TLR-3689,C503692,cash deposit,731.35,CAD
CA00048061,2025-06-09,BR019,TLR-4670,C503184,cash deposit,5074.19,CAD
CA00049056,2025-06-26,BR024,TLR-5964,C502362,cash withdrawal,4824.57,CAD
CA00045934,2025-06-21,BR008,TLR-5845,C503339,cash withdrawal,484.82,CAD
CA00051318,2025-06-08,BR036,TLR-6473,C502921,cash withdrawal,1181.74,CAD
CA00046830,2025-06-09,BR013,TLR-2292,C500854,cash deposit,1551.56,CAD
CA00048077,2025-06-02,BR019,TLR-3994,C500053,cash withdrawal,1706.3,CAD
CA00045446,2025-06-19,BR006,TLR-3961,C503982,cash withdrawal,421428,CAD
CA00047890,2025-06-22,BR018,TLR-4991,C500875,cash withdrawal,1795.47,CAD
CA00045015,2025-06-07,BR004,TLR-3238,C500404,cash withdrawal,646.42,CAD
CA00046719,2025-06-18,BR012,TLR-5201,C500168,cash deposit,1434.36,CAD
CA00045189,2025-06-05,BR004,TLR-9877,C500772,cash deposit,576.22,CAD
CA00051446,2025-06-01,BR036,TLR-6906,C500351,cash deposit,944.4,CAD
CA00049907,2025-06-22,BR029,TLR-2143,C502932,cash withdrawal,856.44,CAD
CA00049396,2025-06-05,BR026,TLR-3031,C503270,cash withdrawal,-1611.82,CAD
CA00049574,2025-06-16,BR027,TLR-4699,C503147,cash withdrawal,330.58,CAD
CA00044896,2025-06-25,BR003,TLR-3854,C501381,cash deposit,1143.82,CAD
CA00044890,2025-06-06,BR003,TLR-4350,C501452,cash withdrawal,2736.71,CAD
CA00048537,2025-06-02,BR021,TLR-8252,C500662,cash deposit,508.28,CAD
CA00049103,2025-06-23,BR025,TLR-6678,C503785,cash withdrawal,-60750,CAD
CA00052605,2025-06-18,BR040,TLR-8819,C503953,cash deposit,2310.57,CAD
CA00051823,2025-06-16,BR037,TLR-5985,C503723,cash withdrawal,190.85,CAD
CA00052665,2025-06-26,BR040,TLR-7602,C502482,cash deposit,1640.02,CAD
CA00047202,2025-06-08,BR015,TLR-2318,C502770,cash withdrawal,1030.6,CAD
CA00047756,2025-06-02,BR017,TLR-1325,C500255,cash withdrawal,38305,CAD
CA00045063,2025-06-11,BR004,TLR-5815,C500029,cash withdrawal,4179.24,CAD
CA00050897,2025-06-15,BR034,TLR-6381,C502078,cash withdrawal,943.26,CAD
CA00047393,2025-06-04,BR015,TLR-8263,C501415,cash deposit,1115.24,CAD
CA00047392,2025-06-28,BR015,TLR-7611,C501593,cash deposit,1796.7,CAD
CA00052554,2025-06-17,BR040,TLR-6920,C503413,cash withdrawal,130641,CAD
CA00045592,2025-06-21,BR006,TLR-3758,C501390,cash withdrawal,943.23,CAD
CA00046749,2025-06-05,BR012,TLR-3867,C501462,cash withdrawal,648.89,CAD
CA00048640,2025-06-04,BR022,TLR-9513,C501627,cash deposit,3502.31,CAD
CA00050759,2025-06-20,BR033,TLR-6400,C501797,cash withdrawal,945.88,CAD
CA00052471,2025-06-02,BR040,TLR-6271,C500647,cash withdrawal,748.09,CAD
CA00045143,2025-06-13,BR004,TLR-6285,C503044,cash withdrawal,1415.18,CAD
CA00048402,2025-06-10,BR020,TLR-2295,C502458,cash deposit,433.1,USD
CA00045057,2025-06-27,BR004,TLR-9087,C502871,cash deposit,1217.64,CAD
CA00046688,2025-06-26,BR012,TLR-9000,C502915,cash withdrawal,988.71,CAD
CA00052134,2025-06-16,BR039,TLR-4911,C500051,cash withdrawal,1130.23,CAD
CA00048835,2025-06-15,BR024,TLR-6424,C503065,cash withdrawal,3322.76,CAD
CA00051929,2025-06-10,BR038,TLR-5559,C503724,cash deposit,77905,CAD
CA00044430,2025-06-20,BR001,TLR-6003,C501163,cash withdrawal,189.34,CAD
CA00049222,2025-06-17,BR025,TLR-2227,C501685,cash deposit,1359.69,CAD
CA00051155,2025-06-13,BR035,TLR-6116,C500198,cash withdrawal,429.76,CAD
CA00047688,2025-06-08,BR017,TLR-5235,C502197,cash withdrawal,1661.05,CAD
CA00046331,2025-06-15,BR010,TLR-4000,C502964,cash withdrawal,781.3,CAD
CA00046475,2025-06-13,BR010,TLR-7527,C503383,cash deposit,126590,CAD
CA00046493,2025-06-06,BR010,TLR-1188,C503104,cash deposit,1613.36,CAD
CA00052543,2025-06-22,BR040,TLR-9660,C501724,cash withdrawal,204318,CAD
CA00050623,2025-06-29,BR032,TLR-5778,C503206,cash withdrawal,251.73,CAD
CA00051005,2025-06-13,BR034,TLR-3168,C502286,cash withdrawal,2248.4,CAD
CA00045611,2025-06-22,BR006,TLR-5230,C503077,cash deposit,201.68,CAD
CA00049448,2025-06-25,BR026,TLR-7666,C500011,cash withdrawal,-281.19,CAD
CA00047241,2025-06-27,BR015,TLR-9449,C501235,cash withdrawal,1188.88,CAD
CA00050380,2025-06-12,BR031,TLR-4581,C502237,cash deposit,487.51,CAD
CA00045495,2025-06-17,BR006,TLR-2084,C501112,cash withdrawal,836.96,CAD
CA00052138,2025-06-02,BR039,TLR-6326,C502787,cash deposit,3925.71,CAD
CA00052104,2025-06-24,BR039,TLR-2701,C502656,cash deposit,57411,CAD
CA00048323,2025-06-09,BR020,TLR-1375,C503635,cash withdrawal,58186,USD
CA00052058,2025-06-14,BR038,TLR-9335,C501607,cash deposit,756.39,CAD
CA00048631,2025-06-08,BR022,TLR-6941,C500806,cash deposit,1012.94,CAD
CA00049230,2025-06-05,BR025,TLR-2146,C503170,cash deposit,37783,CAD
CA00052544,2025-06-29,BR040,TLR-5012,C500402,cash withdrawal,1692.88,CAD
CA00050041,2025-06-25,BR030,TLR-3508,C503360,cash deposit,294.34,CAD
CA00046805,2025-06-27,BR012,TLR-4643,C500515,cash withdrawal,211.54,CAD
CA00048692,2025-06-17,BR023,TLR-8476,C503936,cash deposit,2028.09,CAD
CA00049281,2025-06-08,BR025,TLR-2390,C500474,cash withdrawal,-501.77,CAD
CA00048697,2025-06-09,BR023,TLR-1459,C500209,cash withdrawal,62017,CAD
CA00050439,2025-06-20,BR031,TLR-3580,C501091,cash deposit,568.61,CAD
CA00052111,2025-06-30,BR039,TLR-8330,C503230,cash deposit,948.18,CAD
CA00046056,2025-06-04,BR008,TLR-4718,C502184,cash deposit,51472,CAD
CA00047262,2025-06-23,BR015,TLR-2393,C503735,cash deposit,73209,CAD
CA00046969,2025-06-07,BR014,TLR-6702,C500746,cash withdrawal,813.95,CAD
CA00047064,2025-06-26,BR014,TLR-1987,C500091,cash deposit,829.55,CAD
CA00048751,2025-06-28,BR023,TLR-7733,C501905,cash withdrawal,180746,CAD
CA00052510,2025-06-04,BR040,TLR-7001,C500619,cash withdrawal,523.96,CAD
CA00049229,2025-06-17,BR025,TLR-2853,C500415,cash withdrawal,-945.65,CAD
CA00045353,2025-06-23,BR006,TLR-1221,C500787,cash deposit,310.08,CAD
CA00050445,2025-06-18,BR031,TLR-4658,C500686,cash deposit,2061.07,CAD
CA00046546,2025-06-11,BR011,TLR-1070,C502139,cash deposit,1446.14,CAD
CA00046989,2025-06-05,BR014,TLR-8703,C503702,cash deposit,404.42,CAD
CA00046437,2025-06-13,BR010,TLR-9870,C501931,cash withdrawal,690.71,CAD
CA00051598,2025-06-16,BR036,TLR-5383,C501517,cash deposit,1799.49,CAD
CA00053050,2025-06-13,BR040,TLR-5187,C503959,cash deposit,568.44,CAD
CA00051081,2025-06-09,BR035,TLR-9348,C503834,cash deposit,2197.95,CAD
CA00045873,2025-06-28,BR008,TLR-4179,C500353,cash withdrawal,1423.7,CAD
CA00047311,2025-06-02,BR015,TLR-6330,C501357,cash deposit,1462.17,CAD
CA00047355,2025-06-07,BR015,TLR-3817,C501178,cash deposit,273.01,CAD
CA00047012,2025-06-19,BR014,TLR-6380,C500373,cash withdrawal,981.81,CAD
CA00044930,2025-06-14,BR003,TLR-1083,C502668,cash withdrawal,2872.69,CAD
CA00052041,2025-06-29,BR038,TLR-4864,C501928,cash withdrawal,1161.73,CAD
CA00051148,2025-06-26,BR035,TLR-9403,C503048,cash deposit,1359.11,CAD
CA00045436,2025-06-15,BR006,TLR-8638,C502344,cash withdrawal,1156.23,CAD
CA00052109,2025-06-03,BR039,TLR-8421,C500119,cash deposit,1253.29,CAD
CA00045633,2025-06-09,BR007,TLR-6293,C502318,cash withdrawal,2970.31,CAD
CA00051594,2025-06-04,BR036,TLR-2739,C500011,cash deposit,3871.28,CAD
CA00045086,2025-06-26,BR004,TLR-8173,C503669,cash deposit,1007.77,CAD
CA00046234,2025-06-07,BR009,TLR-8559,C503203,cash withdrawal,660.93,CAD
CA00049839,2025-06-06,BR028,TLR-3415,C500257,cash deposit,754.33,CAD
CA00049940,2025-06-18,BR029,TLR-5439,C501438,cash deposit,359.56,CAD
CA00046470,2025-06-28,BR010,TLR-5277,C500107,cash withdrawal,1805.84,CAD
CA00045646,2025-06-27,BR007,TLR-7251,C501975,cash withdrawal,441.74,CAD
CA00047892,2025-06-18,BR018,TLR-9065,C500735,cash deposit,536.14,CAD
CA00050604,2025-06-23,BR032,TLR-1664,C503952,cash withdrawal,1220.89,CAD
CA00048996,2025-06-10,BR024,TLR-8574,C500470,cash deposit,630.74,CAD
CA00044556,2025-06-29,BR001,TLR-1739,C503471,cash deposit,65060,CAD
CA00052080,2025-06-16,BR038,TLR-2560,C502071,cash deposit,967.08,CAD
CA00046914,2025-06-06,BR014,TLR-5778,C500113,cash withdrawal,3090.11,CAD
CA00045386,2025-06-14,BR006,TLR-5446,C503097,cash deposit,934.98,CAD
CA00045130,2025-06-29,BR004,TLR-8102,C501396,cash deposit,2592.64,CAD
CA00046577,2025-06-06,BR012,TLR-5225,C501594,cash withdrawal,2191.58,CAD
CA00046725,2025-06-13,BR012,TLR-2843,C503958,cash withdrawal,2319.79,CAD
CA00053072,2025-06-17,BR040,TLR-8914,C501977,cash withdrawal,49640,CAD
CA00051480,2025-06-14,BR036,TLR-2181,C501702,cash deposit,1357.27,CAD
CA00046268,2025-06-26,BR009,TLR-9077,C502868,cash deposit,993.07,CAD
CA00045391,2025-06-30,BR006,TLR-7072,C500705,cash deposit,1171.84,CAD
CA00044717,2025-06-01,BR002,TLR-6231,C500541,cash deposit,804.34,CAD
CA00045070,2025-06-19,BR004,TLR-9796,C501746,cash deposit,620.2,CAD
CA00052256,2025-06-26,BR039,TLR-2305,C500722,cash withdrawal,1890.74,CAD
CA00046619,2025-06-18,BR012,TLR-7492,C503987,cash deposit,1619.46,CAD
CA00051199,2025-06-26,BR035,TLR-7163,C503950,cash withdrawal,7659.8,CAD
CA00044981,2025-06-14,BR003,TLR-7684,C502479,cash withdrawal,3493.47,CAD
CA00048376,2025-06-13,BR020,TLR-5372,C503136,cash withdrawal,758.07,USD
CA00050509,2025-06-30,BR031,TLR-4284,C503654,cash withdrawal,298011,CAD
CA00046151,2025-06-23,BR009,TLR-6378,C503404,cash withdrawal,676.85,CAD
CA00053094,2025-06-06,BR040,TLR-3655,C500710,cash withdrawal,3887.19,CAD
CA00052755,2025-06-23,BR040,TLR-2460,C500095,cash deposit,505.21,CAD
CA00050239,2025-06-24,BR030,TLR-2068,C500582,cash deposit,158.86,CAD
CA00046397,2025-06-13,BR010,TLR-7540,C501254,cash withdrawal,1715.16,CAD
CA00050027,2025-06-03,BR030,TLR-4751,C502322,cash deposit,1957.51,CAD
CA00049655,2025-06-19,BR027,TLR-4551,C503536,cash deposit,1063.4,CAD
CA00047218,2025-06-25,BR015,TLR-5184,C502792,cash deposit,202.64,CAD
CA00044610,2025-06-15,BR002,TLR-3258,C502434,cash withdrawal,-474.71,CAD
CA00045735,2025-06-04,BR007,TLR-9950,C502065,cash withdrawal,74809,CAD
CA00052683,2025-06-26,BR040,TLR-8958,C502401,cash withdrawal,629.17,CAD
CA00051884,2025-06-01,BR037,TLR-9028,C502331,cash deposit,1279.21,CAD
CA00045327,2025-06-03,BR005,TLR-6086,C502180,cash withdrawal,170006,CAD
CA00049027,2025-06-04,BR024,TLR-2119,C500663,cash withdrawal,1090.75,CAD
CA00052555,2025-06-23,BR040,TLR-8869,C502755,cash withdrawal,44787,CAD
CA00048173,2025-06-24,BR019,TLR-3435,C500125,cash withdrawal,1002.59,CAD
CA00049881,2025-06-17,BR028,TLR-3282,C501249,cash deposit,719.3,CAD
CA00045325,2025-06-22,BR005,TLR-8295,C500270,cash deposit,210.04,CAD
CA00051316,2025-06-01,BR036,TLR-1178,C502991,cash withdrawal,485.83,CAD
CA00053123,2025-06-25,BR040,TLR-4882,C500902,cash deposit,517.77,CAD
CA00047217,2025-06-05,BR015,TLR-3713,C501534,cash withdrawal,839.27,CAD
CA00048085,2025-06-10,BR019,TLR-6912,C503458,cash deposit,1538.37,CAD
CA00045954,2025-06-08,BR008,TLR-9806,C503289,cash deposit,1908.04,CAD
CA00049376,2025-06-21,BR026,TLR-4831,C501646,cash withdrawal,-418.45,CAD
CA00050578,2025-06-17,BR032,TLR-7238,C502259,cash deposit,1740.0,CAD
CA00045172,2025-06-17,BR004,TLR-8950,C503510,cash deposit,604.95,CAD
CA00051340,2025-06-15,BR036,TLR-5411,C502025,cash deposit,162012,CAD
CA00047099,2025-06-16,BR014,TLR-8185,C501948,cash deposit,596.13,CAD
CA00045106,2025-06-29,BR004,TLR-7311,C500333,cash deposit,508.76,CAD
CA00045281,2025-06-19,BR005,TLR-3190,C502197,cash deposit,200550,CAD
CA00048538,2025-06-20,BR021,TLR-5093,C500841,cash withdrawal,56232,CAD
CA00050525,2025-06-20,BR031,TLR-5651,C503030,cash withdrawal,462.53,CAD
CA00045570,2025-06-07,BR006,TLR-8450,C500620,cash withdrawal,2099.46,CAD
CA00044338,2025-06-10,BR001,TLR-2463,C500301,cash withdrawal,399741,CAD
CA00051243,2025-06-26,BR035,TLR-7377,C500410,cash withdrawal,1587.84,CAD
CA00052001,2025-06-17,BR038,TLR-5388,C503423,cash withdrawal,1008.07,CAD
CA00051410,2025-06-07,BR036,TLR-3441,C503401,cash deposit,1240.11,CAD
CA00046918,2025-06-03,BR014,TLR-8086,C502558,cash withdrawal,408.86,CAD
CA00046128,2025-06-07,BR009,TLR-4906,C501188,cash withdrawal,241536,CAD
CA00051862,2025-06-10,BR037,TLR-3131,C500956,cash deposit,114682,CAD
CA00049512,2025-06-12,BR026,TLR-7390,C503748,cash deposit,374.64,CAD
CA00050918,2025-06-03,BR034,TLR-1397,C500068,cash deposit,558.94,CAD
CA00044402,2025-06-12,BR001,TLR-4213,C502853,cash deposit,1381.76,CAD
CA00048007,2025-06-07,BR019,TLR-5999,C502783,cash deposit,1748.55,CAD
CA00049666,2025-06-09,BR027,TLR-6261,C503185,cash deposit,130874,CAD
CA00051843,2025-06-30,BR037,TLR-5042,C503243,cash withdrawal,640.5,CAD
CA00052556,2025-06-09,BR040,TLR-6396,C503144,cash deposit,1628.64,CAD
CA00049847,2025-06-15,BR028,TLR-8686,C501559,cash deposit,1284.71,CAD
CA00047109,2025-06-20,BR014,TLR-4955,C502584,cash deposit,677.39,CAD
CA00045144,2025-06-30,BR004,TLR-9148,C500332,cash withdrawal,204976,CAD
CA00050347,2025-06-05,BR031,TLR-1533,C500593,cash withdrawal,3238.3,CAD
CA00052739,2025-06-17,BR040,TLR-4420,C502490,cash withdrawal,897.57,CAD
CA00046621,2025-06-09,BR012,TLR-3103,C503709,cash deposit,1124.95,CAD
CA00050462,2025-06-15,BR031,TLR-4241,C502568,cash deposit,1685.65,CAD
CA00047484,2025-06-23,BR016,TLR-9146,C500091,cash withdrawal,1985.87,CAD
CA00049691,2025-06-12,BR027,TLR-7982,C501347,cash withdrawal,892.82,CAD
CA00052067,2025-06-18,BR038,TLR-2655,C502207,cash deposit,1561.84,CAD
CA00051819,2025-06-05,BR037,TLR-8558,C501865,cash deposit,1147.38,CAD
CA00044365,2025-06-07,BR001,TLR-5885,C502227,cash deposit,1005.53,CAD
CA00045075,2025-06-20,BR004,TLR-3900,C501387,cash withdrawal,925.7,CAD
CA00045881,2025-06-27,BR008,TLR-7727,C501482,cash deposit,851.08,CAD
CA00049120,2025-06-09,BR025,TLR-4544,C501571,cash deposit,826.31,CAD
CA00052890,2025-06-10,BR040,TLR-7951,C503660,cash deposit,1749.4,CAD
CA00046443,2025-06-03,BR010,TLR-1287,C501703,cash deposit,414.68,CAD
CA00045400,2025-06-18,BR006,TLR-1891,C503748,cash deposit,367.15,CAD
CA00047366,2025-06-23,BR015,TLR-4830,C500536,cash withdrawal,1546.94,CAD
CA00047212,2025-06-11,BR015,TLR-8353,C503338,cash deposit,1038.91,CAD
CA00052328,2025-06-22,BR040,TLR-3425,C502145,cash withdrawal,554.55,CAD
CA00047815,2025-06-06,BR017,TLR-7806,C500568,cash deposit,1262.0,CAD
CA00050251,2025-06-14,BR030,TLR-8712,C501979,cash withdrawal,1537.68,CAD
CA00045896,2025-06-04,BR008,TLR-1424,C503902,cash withdrawal,1227.49,CAD
CA00051330,2025-06-08,BR036,TLR-7933,C500322,cash deposit,1001.09,CAD
CA00049434,2025-06-13,BR026,TLR-4982,C500824,cash deposit,2126.79,CAD
CA00050900,2025-06-14,BR034,TLR-9599,C501275,cash withdrawal,1206.22,CAD
CA00051021,2025-06-05,BR035,TLR-3964,C503527,cash deposit,609.48,CAD
CA00050423,2025-06-29,BR031,TLR-1989,C500919,cash withdrawal,696.03,CAD
CA00050233,2025-06-09,BR030,TLR-5302,C502413,cash deposit,896.49,CAD
CA00052045,2025-06-09,BR038,TLR-8816,C500891,cash withdrawal,506.8,CAD
CA00052381,2025-06-15,BR040,TLR-6164,C501933,cash withdrawal,1767.35,CAD
CA00047095,2025-06-28,BR014,TLR-3091,C502610,cash deposit,101129,CAD
CA00048554,2025-06-26,BR021,TLR-6196,C500461,cash deposit,1468.74,CAD
CA00045365,2025-06-30,BR006,TLR-9444,C502573,cash deposit,312.44,CAD
CA00048872,2025-06-05,BR024,TLR-4496,C501583,cash withdrawal,546.21,CAD
CA00044617,2025-06-29,BR002,TLR-3052,C502008,cash deposit,1206.2,CAD
CA00052804,2025-06-26,BR040,TLR-6065,C501949,cash deposit,1561.79,CAD
CA00048265,2025-06-07,BR020,TLR-5646,C500229,cash deposit,205.42,USD
CA00048745,2025-06-02,BR023,TLR-5383,C503099,cash deposit,591.1,CAD
CA00046278,2025-06-20,BR009,TLR-2178,C502557,cash deposit,2609.54,CAD
CA00048147,2025-06-01,BR019,TLR-5134,C503148,cash withdrawal,1246.78,CAD
CA00050330,2025-06-09,BR031,TLR-3999,C502379,cash deposit,2010.44,CAD
CA00052217,2025-06-11,BR039,TLR-9911,C502748,cash withdrawal,1889.61,CAD
CA00046096,2025-06-27,BR008,TLR-1484,C500753,cash withdrawal,580.09,CAD
CA00044328,2025-06-09,BR001,TLR-7481,C501937,cash withdrawal,783.47,CAD
CA00051917,2025-06-30,BR038,TLR-9622,C501285,cash deposit,425.1,CAD
CA00050158,2025-06-27,BR030,TLR-4343,C501609,cash deposit,35640,CAD
CA00046742,2025-06-16,BR012,TLR-6201,C501762,cash withdrawal,163812,CAD
CA00044624,2025-06-23,BR002,TLR-4995,C503143,cash withdrawal,-811.94,CAD
CA00049880,2025-06-01,BR028,TLR-1717,C500431,cash deposit,944.22,CAD
CA00052195,2025-06-08,BR039,TLR-7681,C501428,cash withdrawal,716.82,CAD
CA00048968,2025-06-29,BR024,TLR-1252,C501203,cash deposit,690.46,CAD
CA00051942,2025-06-19,BR038,TLR-9550,C500149,cash withdrawal,3608.4,CAD
CA00051593,2025-06-09,BR036,TLR-8875,C501946,cash deposit,1330.71,CAD
CA00044769,2025-06-27,BR002,TLR-9723,C503894,cash withdrawal,-770.17,CAD
CA00048958,2025-06-11,BR024,TLR-1427,C502789,cash withdrawal,614.83,CAD
CA00050098,2025-06-30,BR030,TLR-4860,C502708,cash withdrawal,795.18,CAD
CA00045589,2025-06-14,BR006,TLR-9383,C500406,cash deposit,881.9,CAD
CA00048830,2025-06-20,BR024,TLR-4753,C501850,cash deposit,386.76,CAD
CA00051360,2025-06-18,BR036,TLR-3602,C503767,cash deposit,2689.65,CAD
CA00045349,2025-06-25,BR006,TLR-3812,C501253,cash withdrawal,1892.9,CAD
CA00052260,2025-06-30,BR039,TLR-1430,C503492,cash deposit,127155,CAD
CA00050654,2025-06-09,BR032,TLR-6049,C500587,cash deposit,238710,CAD
CA00045676,2025-06-03,BR007,TLR-3631,C501544,cash withdrawal,1125.96,CAD
CA00044356,2025-06-28,BR001,TLR-6583,C500416,cash withdrawal,1634.21,CAD
CA00050482,2025-06-23,BR031,TLR-7005,C503097,cash deposit,3797.15,CAD
CA00048650,2025-06-16,BR022,TLR-3726,C502309,cash withdrawal,45582,CAD
CA00053223,2025-06-30,BR040,TLR-7960,C501595,cash deposit,1239.56,CAD
CA00047623,2025-06-18,BR017,TLR-9741,C503930,cash withdrawal,371.84,CAD
CA00048010,2025-06-26,BR019,TLR-3050,C502971,cash withdrawal,1964.26,CAD
CA00047849,2025-06-26,BR018,TLR-9491,C500124,cash withdrawal,910.75,CAD
CA00047747,2025-06-22,BR017,TLR-3099,C502897,cash deposit,2888.91,CAD
CA00047549,2025-06-04,BR016,TLR-7911,C500527,cash deposit,403.63,CAD
CA00048437,2025-06-19,BR021,TLR-4783,C503178,cash deposit,1969.09,CAD
CA00052646,2025-06-19,BR040,TLR-4008,C500300,cash withdrawal,532.93,CAD
CA00046608,2025-06-01,BR012,TLR-2998,C501154,cash withdrawal,1843.67,CAD
CA00052935,2025-06-08,BR040,TLR-2273,C503890,cash withdrawal,230179,CAD
CA00052034,2025-06-10,BR038,TLR-7564,C503202,cash deposit,489.53,CAD
CA00048739,2025-06-14,BR023,TLR-5588,C501676,cash deposit,1969.37,CAD
CA00051742,2025-06-25,BR037,TLR-9013,C502823,cash deposit,1768.44,CAD
CA00053174,2025-06-11,BR040,TLR-6993,C501026,cash withdrawal,212180,CAD
CA00046425,2025-06-11,BR010,TLR-2114,C500888,cash withdrawal,1012.94,CAD
CA00046531,2025-06-18,BR011,TLR-6441,C503009,cash deposit,246621,CAD
CA00044964,2025-06-16,BR003,TLR-1990,C501386,cash withdrawal,1079.52,CAD
CA00051495,2025-06-29,BR036,TLR-8079,C500471,cash withdrawal,1010.38,CAD
CA00051850,2025-06-19,BR037,TLR-2757,C503237,cash deposit,739.18,CAD
CA00047260,2025-06-15,BR015,TLR-9796,C502101,cash deposit,79254,CAD
CA00048701,2025-06-08,BR023,TLR-4323,C503015,cash withdrawal,1565.09,CAD
CA00046012,2025-06-05,BR008,TLR-5676,C501630,cash deposit,795.55,CAD
CA00052119,2025-06-04,BR039,TLR-3126,C500140,cash deposit,547.81,CAD
CA00047300,2025-06-07,BR015,TLR-9554,C503790,cash deposit,1940.07,CAD
CA00053019,2025-06-15,BR040,TLR-7574,C501387,cash withdrawal,2251.04,CAD
CA00051821,2025-06-17,BR037,TLR-4728,C503952,cash deposit,2582.29,CAD
CA00052496,2025-06-09,BR040,TLR-9977,C503369,cash deposit,2315.72,CAD
CA00049307,2025-06-05,BR025,TLR-4056,C501695,cash deposit,416.4,CAD
CA00052620,2025-06-10,BR040,TLR-9686,C503660,cash deposit,96881,CAD
CA00048997,2025-06-05,BR024,TLR-5792,C501169,cash withdrawal,572.62,CAD
CA00050176,2025-06-01,BR030,TLR-5086,C503711,cash deposit,3575.93,CAD
CA00047950,2025-06-09,BR018,TLR-6821,C502017,cash withdrawal,712.14,CAD
CA00053234,2025-06-15,BR040,TLR-3267,C502464,cash withdrawal,242.73,CAD
CA00046261,2025-06-23,BR009,TLR-9324,C503986,cash deposit,62610,CAD
CA00047998,2025-06-26,BR019,TLR-9157,C502936,cash deposit,1207.71,CAD
CA00049175,2025-06-19,BR025,TLR-4357,C503144,cash withdrawal,-2990.89,CAD
CA00051122,2025-06-28,BR035,TLR-9466,C500118,cash withdrawal,595.37,CAD
CA00047861,2025-06-26,BR018,TLR-6643,C501678,cash deposit,446.41,CAD
CA00053068,2025-06-02,BR040,TLR-3929,C501292,cash deposit,1990.73,CAD
CA00045701,2025-06-08,BR007,TLR-4823,C502027,cash deposit,1082.72,CAD
CA00050849,2025-06-14,BR034,TLR-8265,C502495,cash deposit,545.1,CAD
CA00049473,2025-06-22,BR026,TLR-8537,C500022,cash deposit,1186.32,CAD
CA00048345,2025-06-06,BR020,TLR-4895,C502010,cash withdrawal,194.46,USD
CA00051947,2025-06-09,BR038,TLR-8464,C500743,cash deposit,1597.66,CAD
CA00053063,2025-06-13,BR040,TLR-2886,C500030,cash deposit,8559.67,CAD
CA00045031,2025-06-13,BR004,TLR-2416,C502713,cash deposit,129185,CAD
CA00048987,2025-06-24,BR024,TLR-1838,C500391,cash deposit,379590,CAD
CA00052506,2025-06-27,BR040,TLR-4431,C502306,cash deposit,961.12,CAD
CA00051100,2025-06-03,BR035,TLR-8250,C503494,cash deposit,246.66,CAD
CA00050723,2025-06-08,BR033,TLR-4331,C500632,cash withdrawal,431.81,CAD
CA00052468,2025-06-23,BR040,TLR-5548,C501293,cash withdrawal,2909.71,CAD
CA00048735,2025-06-02,BR023,TLR-1003,C502011,cash deposit,1130.15,CAD
CA00049427,2025-06-30,BR026,TLR-2674,C502426,cash withdrawal,-3130.44,CAD
CA00048452,2025-06-27,BR021,TLR-2735,C502682,cash deposit,64650,CAD
CA00051652,2025-06-15,BR037,TLR-9297,C503564,cash withdrawal,1353.95,CAD
CA00047832,2025-06-18,BR017,TLR-5738,C502480,cash deposit,1665.58,CAD
CA00049264,2025-06-09,BR025,TLR-7657,C500773,cash deposit,225773,CAD
CA00044383,2025-06-01,BR001,TLR-3190,C502322,cash deposit,340.6,CAD
CA00047684,2025-06-04,BR017,TLR-4528,C501705,cash deposit,1438.94,CAD
CA00047557,2025-06-09,BR016,TLR-5074,C501220,cash withdrawal,1064.01,CAD
CA00046604,2025-06-22,BR012,TLR-1225,C502961,cash withdrawal,113917,CAD
CA00049897,2025-06-15,BR029,TLR-8980,C500462,cash deposit,708.61,CAD
CA00044483,2025-06-07,BR001,TLR-4317,C503172,cash deposit,1025.79,CAD
CA00051570,2025-06-29,BR036,TLR-8547,C500664,cash withdrawal,2220.73,CAD
CA00047729,2025-06-03,BR017,TLR-4506,C500479,cash deposit,50305,CAD
CA00045204,2025-06-11,BR004,TLR-9637,C502512,cash withdrawal,110919,CAD
CA00051589,2025-06-13,BR036,TLR-2185,C500198,cash withdrawal,199228,CAD
CA00047841,2025-06-21,BR018,TLR-2750,C500360,cash deposit,828.48,CAD
CA00050946,2025-06-03,BR034,TLR-9102,C501912,cash deposit,1679.27,CAD
CA00046839,2025-06-28,BR013,TLR-7308,C503802,cash deposit,496.73,CAD
CA00046733,2025-06-19,BR012,TLR-5839,C502852,cash withdrawal,3358.28,CAD
CA00048954,2025-06-12,BR024,TLR-3125,C503239,cash deposit,36878,CAD
CA00052851,2025-06-01,BR040,TLR-4694,C501332,cash withdrawal,1406.12,CAD
CA00047135,2025-06-30,BR015,TLR-7345,C502249,cash withdrawal,63398,CAD
CA00046773,2025-06-27,BR012,TLR-6792,C503034,cash deposit,229.74,CAD
CA00048869,2025-06-28,BR024,TLR-6512,C500935,cash withdrawal,399.97,CAD
CA00052616,2025-06-26,BR040,TLR-2213,C502088,cash withdrawal,1010.12,CAD
CA00045236,2025-06-26,BR004,TLR-6274,C503199,cash withdrawal,87615,CAD
CA00051093,2025-06-11,BR035,TLR-7112,C502810,cash withdrawal,1050.56,CAD
CA00051351,2025-06-11,BR036,TLR-1518,C502850,cash deposit,1127.14,CAD
CA00048657,2025-06-02,BR022,TLR-2091,C503573,cash withdrawal,1238.35,CAD
CA00051732,2025-06-12,BR037,TLR-9593,C500068,cash deposit,5069.83,CAD
CA00052463,2025-06-03,BR040,TLR-4510,C501760,cash withdrawal,1131.6,CAD
CA00052364,2025-06-03,BR040,TLR-4822,C501248,cash withdrawal,2538.03,CAD
CA00049766,2025-06-04,BR028,TLR-6371,C503625,cash deposit,712.72,CAD
CA00051400,2025-06-12,BR036,TLR-2659,C503759,cash deposit,720.22,CAD
CA00044984,2025-06-05,BR003,TLR-7326,C501249,cash deposit,1487.72,CAD
CA00052319,2025-06-22,BR040,TLR-3693,C501027,cash withdrawal,233642,CAD
CA00044690,2025-06-20,BR002,TLR-6935,C503274,cash withdrawal,-639.11,CAD
CA00048155,2025-06-29,BR019,TLR-7253,C501708,cash deposit,252354,CAD
CA00053135,2025-06-14,BR040,TLR-7689,C501913,cash withdrawal,609.1,CAD
CA00046122,2025-06-19,BR009,TLR-4495,C501849,cash withdrawal,590.63,CAD
CA00053205,2025-06-25,BR040,TLR-9245,C501431,cash withdrawal,852.41,CAD
CA00052915,2025-06-07,BR040,TLR-5492,C502137,cash deposit,466.71,CAD
CA00044838,2025-06-06,BR003,TLR-6693,C500098,cash deposit,1073.1,CAD
CA00048203,2025-06-28,BR019,TLR-2654,C502939,cash deposit,1069.85,CAD
CA00049028,2025-06-18,BR024,TLR-5431,C500485,cash withdrawal,757.14,CAD
CA00047565,2025-06-19,BR016,TLR-6345,C500012,cash deposit,1745.62,CAD
CA00044423,2025-06-06,BR001,TLR-3570,C502406,cash deposit,2035.68,CAD
CA00049286,2025-06-24,BR025,TLR-2989,C501870,cash deposit,1231.22,CAD
CA00051020,2025-06-28,BR035,TLR-7647,C503469,cash deposit,880.87,CAD
CA00048383,2025-06-08,BR020,TLR-8535,C500680,cash deposit,571.27,USD
CA00045084,2025-06-23,BR004,TLR-6441,C500238,cash deposit,1565.94,CAD
CA00049709,2025-06-02,BR027,TLR-9881,C501188,cash withdrawal,531.03,CAD
CA00049712,2025-06-02,BR027,TLR-1532,C503854,cash deposit,327.22,CAD
CA00052524,2025-06-27,BR040,TLR-3986,C500431,cash deposit,690.34,CAD
CA00045112,2025-06-07,BR004,TLR-7548,C500225,cash deposit,173291,CAD
CA00045163,2025-06-19,BR004,TLR-7097,C500639,cash deposit,657.9,CAD
CA00044327,2025-06-18,BR001,TLR-4019,C500655,cash withdrawal,1221.55,CAD
CA00049337,2025-06-28,BR026,TLR-3308,C503505,cash withdrawal,-63429,CAD
CA00049774,2025-06-19,BR028,TLR-9352,C502289,cash deposit,1321.69,CAD
CA00045587,2025-06-28,BR006,TLR-7244,C503224,cash withdrawal,81772,CAD
CA00049096,2025-06-15,BR025,TLR-6137,C502012,cash withdrawal,-2505.96,CAD
CA00050610,2025-06-21,BR032,TLR-6605,C502469,cash withdrawal,309.86,CAD
CA00047637,2025-06-10,BR017,TLR-2681,C503300,cash withdrawal,1066.81,CAD
CA00052416,2025-06-30,BR040,TLR-1970,C502258,cash deposit,1185.77,CAD
CA00049087,2025-06-04,BR024,TLR-2454,C503801,cash deposit,45452,CAD
CA00044849,2025-06-08,BR003,TLR-1213,C503224,cash deposit,357.06,CAD
CA00048827,2025-06-06,BR024,TLR-4442,C502736,cash deposit,824.71,CAD
CA00045580,2025-06-20,BR006,TLR-2235,C502174,cash deposit,104979,CAD
CA00049980,2025-06-25,BR029,TLR-6482,C502508,cash withdrawal,1718.56,CAD
CA00044766,2025-06-24,BR002,TLR-6801,C503931,cash deposit,1074.65,CAD
CA00051937,2025-06-15,BR038,TLR-7742,C500996,cash deposit,514.31,CAD
CA00052105,2025-06-21,BR039,TLR-8716,C502404,cash deposit,490.13,CAD
CA00049812,2025-06-17,BR028,TLR-3188,C503447,cash deposit,1704.98,CAD
CA00049644,2025-06-15,BR027,TLR-3878,C501228,cash withdrawal,908.93,CAD
CA00049418,2025-06-23,BR026,TLR-3578,C502670,cash withdrawal,-505562,CAD
CA00044614,2025-06-12,BR002,TLR-5211,C503246,cash withdrawal,-880.82,CAD
CA00050784,2025-06-03,BR033,TLR-5245,C502365,cash withdrawal,43156,CAD
CA00048874,2025-06-10,BR024,TLR-1340,C500264,cash deposit,561.93,CAD
CA00051333,2025-06-01,BR036,TLR-9135,C500422,cash deposit,993.75,CAD
CA00044721,2025-06-20,BR002,TLR-6696,C500783,cash withdrawal,-2091.81,CAD
CA00052407,2025-06-09,BR040,TLR-2070,C500244,cash deposit,1232.0,CAD
CA00050308,2025-06-08,BR030,TLR-7189,C502370,cash withdrawal,202.14,CAD
CA00047137,2025-06-10,BR015,TLR-7353,C503813,cash deposit,528.75,CAD
CA00045675,2025-06-17,BR007,TLR-2247,C500550,cash deposit,1448.18,CAD
CA00045307,2025-06-08,BR005,TLR-5460,C500693,cash deposit,499.74,CAD
CA00046115,2025-06-12,BR009,TLR-8471,C501773,cash deposit,294.82,CAD
CA00051946,2025-06-16,BR038,TLR-2808,C500407,cash withdrawal,1566.31,CAD
CA00052498,2025-06-05,BR040,TLR-6175,C502199,cash deposit,50601,CAD
CA00048335,2025-06-18,BR020,TLR-3561,C501793,cash withdrawal,281.89,USD
CA00053084,2025-06-04,BR040,TLR-7488,C501817,cash withdrawal,615.93,CAD
CA00046891,2025-06-04,BR013,TLR-4458,C501228,cash withdrawal,2496.56,CAD
CA00051276,2025-06-04,BR035,TLR-2970,C502334,cash withdrawal,1730.73,CAD
CA00045321,2025-06-22,BR005,TLR-2557,C502458,cash deposit,243138,CAD
CA00051456,2025-06-07,BR036,TLR-3412,C501966,cash withdrawal,643.51,CAD
CA00051622,2025-06-18,BR037,TLR-3512,C503040,cash deposit,391.3,CAD
CA00052577,2025-06-07,BR040,TLR-2279,C503921,cash withdrawal,1356.09,CAD
CA00053035,2025-06-25,BR040,TLR-5604,C503627,cash deposit,1146.11,CAD
CA00049119,2025-06-14,BR025,TLR-1723,C501011,cash withdrawal,-1359.29,CAD
CA00046422,2025-06-05,BR010,TLR-8473,C500523,cash deposit,581.93,CAD
CA00049584,2025-06-28,BR027,TLR-8602,C502857,cash withdrawal,311.47,CAD
CA00044941,2025-06-07,BR003,TLR-3118,C501602,cash withdrawal,1471.48,CAD
CA00047195,2025-06-18,BR015,TLR-4207,C501486,cash deposit,1197.04,CAD
CA00044906,2025-06-14,BR003,TLR-2328,C503364,cash deposit,438.64,CAD
CA00049420,2025-06-19,BR026,TLR-6113,C501436,cash deposit,480.73,CAD
CA00044859,2025-06-02,BR003,TLR-6124,C502786,cash deposit,438710,CAD
CA00052269,2025-06-12,BR039,TLR-3395,C503246,cash deposit,942.59,CAD
CA00044869,2025-06-27,BR003,TLR-6771,C500679,cash withdrawal,3436.14,CAD
CA00047515,2025-06-21,BR016,TLR-7948,C501940,cash deposit,2457.29,CAD
CA00049523,2025-06-23,BR026,TLR-5793,C500440,cash deposit,52362,CAD
CA00049315,2025-06-02,BR026,TLR-3743,C501896,cash withdrawal,-1150.18,CAD
CA00051587,2025-06-06,BR036,TLR-5704,C501633,cash deposit,403.48,CAD
CA00050528,2025-06-02,BR031,TLR-3296,C502830,cash withdrawal,452.88,CAD
CA00047065,2025-06-17,BR014,TLR-3127,C502608,cash withdrawal,777.77,CAD
CA00052560,2025-06-14,BR040,TLR-7732,C503543,cash withdrawal,1062.76,CAD
CA00044854,2025-06-15,BR003,TLR-9582,C503284,cash withdrawal,1046.53,CAD
CA00051102,2025-06-03,BR035,TLR-1221,C500278,cash withdrawal,1728.1,CAD
CA00053117,2025-06-10,BR040,TLR-4390,C502055,cash withdrawal,182531,CAD
CA00050535,2025-06-30,BR031,TLR-4301,C502724,cash withdrawal,572.52,CAD
CA00044927,2025-06-20,BR003,TLR-1471,C503511,cash withdrawal,4906.4,CAD
CA00044989,2025-06-26,BR003,TLR-1663,C503756,cash withdrawal,708.54,CAD
CA00049116,2025-06-26,BR025,TLR-1306,C500937,cash withdrawal,-1109.77,CAD
CA00051708,2025-06-30,BR037,TLR-3647,C501116,cash deposit,835.95,CAD
CA00045602,2025-06-05,BR006,TLR-2389,C503678,cash deposit,461.59,CAD
CA00045989,2025-06-29,BR008,TLR-1902,C500430,cash deposit,3429.25,CAD
CA00045721,2025-06-17,BR007,TLR-7567,C502812,cash withdrawal,1273.27,CAD
CA00053136,2025-06-20,BR040,TLR-1743,C500662,cash deposit,1542.85,CAD
CA00046564,2025-06-01,BR011,TLR-3762,C501550,cash deposit,617.41,CAD
CA00044888,2025-06-19,BR003,TLR-7483,C503731,cash withdrawal,903.06,CAD
CA00046985,2025-06-23,BR014,TLR-3169,C503740,cash withdrawal,2183.78,CAD
CA00046431,2025-06-13,BR010,TLR-6084,C502977,cash withdrawal,1008.63,CAD
CA00050266,2025-06-14,BR030,TLR-2528,C500100,cash withdrawal,681.26,CAD
CA00050660,2025-06-06,BR032,TLR-9428,C500108,cash withdrawal,608.14,CAD
CA00051303,2025-06-23,BR036,TLR-2382,C501515,cash deposit,1632.71,CAD
CA00049864,2025-06-28,BR028,TLR-7068,C500122,cash withdrawal,1016.88,CAD
CA00044569,2025-06-13,BR002,TLR-1977,C500706,cash deposit,573.17,CAD
CA00052132,2025-06-27,BR039,TLR-9364,C502912,cash withdrawal,429.35,CAD
CA00051278,2025-06-22,BR035,TLR-8348,C503361,cash withdrawal,836.62,CAD
CA00045393,2025-06-20,BR006,TLR-3778,C501316,cash withdrawal,1377.18,CAD
CA00048933,2025-06-27,BR024,TLR-6261,C502857,cash deposit,45709,CAD
CA00047312,2025-06-04,BR015,TLR-6270,C500281,cash deposit,245592,CAD
CA00050436,2025-06-04,BR031,TLR-4891,C503154,cash withdrawal,430.73,CAD
CA00045219,2025-06-11,BR004,TLR-4830,C501478,cash withdrawal,528.08,CAD
CA00046596,2025-06-10,BR012,TLR-7709,C503183,cash deposit,1600.69,CAD
CA00051089,2025-06-05,BR035,TLR-7379,C500648,cash withdrawal,1766.13,CAD
CA00052784,2025-06-19,BR040,TLR-3771,C503850,cash deposit,1070.58,CAD
CA00046485,2025-06-18,BR010,TLR-1144,C501047,cash deposit,750.36,CAD
CA00053242,2025-06-12,BR040,TLR-4032,C502715,cash deposit,668.13,CAD
CA00048068,2025-06-11,BR019,TLR-6926,C500585,cash deposit,965.97,CAD
CA00044922,2025-06-13,BR003,TLR-1358,C501164,cash withdrawal,936.9,CAD
CA00052570,2025-06-18,BR040,TLR-4767,C501361,cash withdrawal,93032,CAD
CA00047431,2025-06-15,BR016,TLR-1326,C503084,cash withdrawal,5074.14,CAD
CA00050387,2025-06-23,BR031,TLR-8303,C501159,cash deposit,293.58,CAD
CA00052902,2025-06-17,BR040,TLR-2908,C500315,cash deposit,677.83,CAD
CA00047470,2025-06-03,BR016,TLR-7556,C503320,cash withdrawal,1309.6,CAD
CA00047546,2025-06-01,BR016,TLR-3111,C500372,cash withdrawal,3545.59,CAD
CA00045482,2025-06-27,BR006,TLR-8977,C502354,cash withdrawal,819.1,CAD
CA00047676,2025-06-11,BR017,TLR-5731,C500884,cash withdrawal,1079.89,CAD
CA00045747,2025-06-15,BR007,TLR-6076,C503596,cash deposit,1082.74,CAD
CA00053268,2025-06-09,BR040,TLR-4271,C501762,cash deposit,1282.15,CAD
CA00047934,2025-06-05,BR018,TLR-7413,C502485,cash deposit,720.12,CAD
CA00046210,2025-06-05,BR009,TLR-2367,C502793,cash withdrawal,166943,CAD
CA00046034,2025-06-13,BR008,TLR-2236,C500397,cash deposit,670.12,CAD
CA00047279,2025-06-22,BR015,TLR-3046,C502890,cash deposit,1263.5,CAD
CA00049432,2025-06-07,BR026,TLR-7967,C501962,cash withdrawal,-1184.89,CAD
CA00050428,2025-06-21,BR031,TLR-9631,C500118,cash withdrawal,483.29,CAD
CA00045553,2025-06-20,BR006,TLR-5404,C500355,cash withdrawal,566.35,CAD
CA00050501,2025-06-15,BR031,TLR-1158,C503166,cash withdrawal,43491,CAD
CA00052563,2025-06-09,BR040,TLR-6614,C503931,cash deposit,234991,CAD
CA00049438,2025-06-10,BR026,TLR-2077,C501506,cash deposit,1171.5,CAD
CA00052073,2025-06-24,BR038,TLR-8904,C501086,cash deposit,1323.86,CAD
CA00046505,2025-06-28,BR010,TLR-5527,C502429,cash deposit,518.79,CAD
CA00046513,2025-06-10,BR011,TLR-7769,C501354,cash deposit,609764,CAD
CA00047286,2025-06-10,BR015,TLR-4244,C502596,cash withdrawal,66336,CAD
CA00047796,2025-06-17,BR017,TLR-1206,C503837,cash withdrawal,1626.51,CAD
CA00047093,2025-06-13,BR014,TLR-2205,C501629,cash deposit,531.24,CAD
CA00053201,2025-06-28,BR040,TLR-5197,C501140,cash deposit,383.52,CAD
CA00050980,2025-06-14,BR034,TLR-5892,C501257,cash withdrawal,1156.6,CAD
CA00047125,2025-06-16,BR015,TLR-5760,C502019,cash withdrawal,3121.29,CAD
CA00048237,2025-06-09,BR020,TLR-8241,C502446,cash withdrawal,1101.57,USD
CA00050022,2025-06-08,BR030,TLR-3647,C500703,cash withdrawal,1609.72,CAD
CA00051520,2025-06-25,BR036,TLR-9291,C501284,cash deposit,1598.22,CAD
CA00047193,2025-06-19,BR015,TLR-2627,C502840,cash deposit,54524,CAD
CA00053261,2025-06-06,BR040,TLR-9888,C501201,cash withdrawal,100.79,CAD
CA00052716,2025-06-05,BR040,TLR-4984,C501264,cash deposit,747.02,CAD
CA00045549,2025-06-24,BR006,TLR-5064,C503830,cash deposit,129.29,CAD
CA00045200,2025-06-23,BR004,TLR-5281,C501986,cash withdrawal,2518.58,CAD
CA00044683,2025-06-15,BR002,TLR-2932,C503906,cash withdrawal,-963.32,CAD
CA00049266,2025-06-03,BR025,TLR-7477,C501425,cash deposit,809.53,CAD
CA00044432,2025-06-27,BR001,TLR-5543,C500051,cash deposit,2791.87,CAD
CA00051084,2025-06-18,BR035,TLR-6936,C502244,cash deposit,803.26,CAD
CA00051892,2025-06-27,BR038,TLR-4894,C500638,cash deposit,2387.01,CAD
CA00048641,2025-06-14,BR022,TLR-7695,C501253,cash deposit,908.31,CAD
CA00044457,2025-06-13,BR001,TLR-4890,C501496,cash withdrawal,853.29,CAD
CA00050105,2025-06-07,BR030,TLR-3142,C500532,cash withdrawal,797.43,CAD
CA00047378,2025-06-19,BR015,TLR-5013,C501442,cash withdrawal,2137.47,CAD
CA00047814,2025-06-16,BR017,TLR-5405,C500675,cash deposit,3997.19,CAD
CA00050329,2025-06-14,BR031,TLR-3654,C500368,cash withdrawal,891.93,CAD
CA00044632,2025-06-26,BR002,TLR-5109,C500431,cash withdrawal,-693.52,CAD
CA00048091,2025-06-01,BR019,TLR-8889,C502498,cash withdrawal,441.63,CAD
CA00045951,2025-06-21,BR008,TLR-1011,C502985,cash deposit,962.5,CAD
CA00049724,2025-06-11,BR027,TLR-1772,C500937,cash withdrawal,722.01,CAD
CA00053114,2025-06-14,BR040,TLR-7421,C500181,cash deposit,922.61,CAD
CA00051134,2025-06-26,BR035,TLR-5558,C501571,cash deposit,1235.34,CAD
CA00050622,2025-06-19,BR032,TLR-8761,C502811,cash deposit,711.65,CAD
CA00047518,2025-06-20,BR016,TLR-9987,C503022,cash deposit,3482.12,CAD
CA00045781,2025-06-11,BR007,TLR-4889,C501349,cash withdrawal,462.66,CAD
CA00047872,2025-06-24,BR018,TLR-8297,C503581,cash withdrawal,1028.41,CAD
CA00047823,2025-06-09,BR017,TLR-8573,C501037,cash deposit,112802,CAD
CA00046899,2025-06-06,BR013,TLR-2294,C503294,cash withdrawal,1109.67,CAD
CA00049388,2025-06-16,BR026,TLR-3320,C502463,cash withdrawal,-900.62,CAD
CA00045107,2025-06-05,BR004,TLR-7984,C503797,cash withdrawal,573.84,CAD
CA00048762,2025-06-08,BR023,TLR-3912,C501777,cash withdrawal,921.13,CAD
CA00051504,2025-06-10,BR036,TLR-8150,C500075,cash deposit,1175.64,CAD
CA00045765,2025-06-24,BR007,TLR-8304,C502060,cash withdrawal,1546.56,CAD
CA00047325,2025-06-01,BR015,TLR-5630,C500433,cash deposit,2992.86,CAD
CA00050624,2025-06-10,BR032,TLR-2184,C501452,cash deposit,1899.62,CAD
CA00051674,2025-06-06,BR037,TLR-3797,C500440,cash deposit,766.13,CAD
CA00053231,2025-06-11,BR040,TLR-7176,C501105,cash withdrawal,2060.48,CAD
CA00049488,2025-06-19,BR026,TLR-7353,C502834,cash withdrawal,-285.47,CAD
CA00051405,2025-06-30,BR036,TLR-1400,C502024,cash deposit,1675.81,CAD
CA00046576,2025-06-23,BR012,TLR-8314,C502294,cash deposit,249415,CAD
CA00050707,2025-06-06,BR033,TLR-3394,C501021,cash deposit,994.11,CAD
CA00046960,2025-06-06,BR014,TLR-6176,C502733,cash withdrawal,2021.0,CAD
CA00051435,2025-06-13,BR036,TLR-1032,C501209,cash deposit,434.31,CAD
CA00051526,2025-06-08,BR036,TLR-5644,C501040,cash withdrawal,2406.03,CAD
CA00048605,2025-06-10,BR022,TLR-8474,C503601,cash withdrawal,999.6,CAD
CA00048403,2025-06-01,BR020,TLR-3436,C501930,cash deposit,488.93,USD
CA00049086,2025-06-07,BR024,TLR-8805,C502490,cash deposit,4193.04,CAD
CA00045161,2025-06-04,BR004,TLR-7554,C501248,cash withdrawal,527.23,CAD
CA00048045,2025-06-13,BR019,TLR-4795,C502660,cash withdrawal,1767.33,CAD
CA00047005,2025-06-12,BR014,TLR-9391,C503678,cash withdrawal,2119.64,CAD
CA00046303,2025-06-05,BR009,TLR-4454,C500184,cash deposit,255.52,CAD
CA00051319,2025-06-15,BR036,TLR-6228,C502168,cash withdrawal,546.98,CAD
CA00049997,2025-06-23,BR029,TLR-4374,C503532,cash withdrawal,1964.88,CAD
CA00046881,2025-06-22,BR013,TLR-4409,C501945,cash deposit,1241.49,CAD
CA00046494,2025-06-05,BR010,TLR-2008,C503711,cash deposit,410.87,CAD
CA00051646,2025-06-23,BR037,TLR-9821,C502977,cash deposit,713.63,CAD
CA00050724,2025-06-30,BR033,TLR-3494,C500518,cash withdrawal,738.11,CAD
CA00047282,2025-06-15,BR015,TLR-5189,C501059,cash withdrawal,2161.23,CAD
CA00051484,2025-06-07,BR036,TLR-8427,C501251,cash withdrawal,336.31,CAD
CA00050257,2025-06-03,BR030,TLR-2469,C502538,cash withdrawal,392.73,CAD
CA00049083,2025-06-29,BR024,TLR-4364,C500215,cash withdrawal,713.1,CAD
CA00048534,2025-06-25,BR021,TLR-9976,C503776,cash deposit,69474,CAD
CA00050592,2025-06-18,BR032,TLR-9275,C502253,cash withdrawal,1022.86,CAD
CA00050078,2025-06-24,BR030,TLR-4826,C501868,cash withdrawal,1220.32,CAD
CA00050247,2025-06-13,BR030,TLR-8373,C502577,cash deposit,1026.08,CAD
CA00047955,2025-06-28,BR018,TLR-7398,C502142,cash deposit,1103.81,CAD
CA00051730,2025-06-30,BR037,TLR-1500,C500660,cash deposit,826.01,CAD
CA00046896,2025-06-28,BR013,TLR-2747,C502220,cash withdrawal,1431.23,CAD
CA00049022,2025-06-02,BR024,TLR-9875,C502236,cash withdrawal,2507.24,CAD
CA00050795,2025-06-08,BR033,TLR-3391,C501790,cash withdrawal,1199.7,CAD
CA00051047,2025-06-24,BR035,TLR-5791,C500861,cash withdrawal,330.11,CAD
CA00051029,2025-06-27,BR035,TLR-8556,C503759,cash deposit,1945.56,CAD
CA00052342,2025-06-25,BR040,TLR-8795,C502714,cash deposit,1409.72,CAD
CA00045438,2025-06-04,BR006,TLR-6679,C501884,cash withdrawal,1107.66,CAD
CA00045771,2025-06-15,BR007,TLR-4084,C501526,cash withdrawal,2681.42,CAD
CA00047214,2025-06-02,BR015,TLR-1956,C500768,cash withdrawal,993.28,CAD
CA00049429,2025-06-16,BR026,TLR-6765,C503560,cash deposit,1094.06,CAD
CA00045677,2025-06-21,BR007,TLR-2512,C503586,cash withdrawal,1927.57,CAD
CA00044966,2025-06-16,BR003,TLR-7196,C503769,cash deposit,1589.67,CAD
CA00048955,2025-06-16,BR024,TLR-6710,C500143,cash deposit,604.54,CAD
CA00049608,2025-06-07,BR027,TLR-2439,C503579,cash deposit,658.09,CAD
CA00048151,2025-06-28,BR019,TLR-6594,C503127,cash withdrawal,3814.59,CAD
CA00046744,2025-06-19,BR012,TLR-3163,C500777,cash withdrawal,1026.03,CAD
CA00047288,2025-06-21,BR015,TLR-8656,C502262,cash withdrawal,172.51,CAD
CA00049287,2025-06-07,BR025,TLR-1999,C503281,cash withdrawal,-961.7,CAD
CA00050910,2025-06-05,BR034,TLR-1728,C503237,cash withdrawal,1044.24,CAD
CA00048904,2025-06-09,BR024,TLR-7833,C503481,cash withdrawal,335.97,CAD
CA00047713,2025-06-27,BR017,TLR-8622,C502962,cash withdrawal,1638.58,CAD
CA00050564,2025-06-18,BR032,TLR-2771,C500198,cash deposit,1312.03,CAD
CA00050090,2025-06-09,BR030,TLR-7939,C503395,cash deposit,502.34,CAD
CA00044609,2025-06-09,BR002,TLR-6452,C503764,cash withdrawal,-2964.72,CAD
CA00048114,2025-06-20,BR019,TLR-4508,C503071,cash deposit,93411,CAD
CA00044295,2025-06-28,BR001,TLR-7634,C501245,cash withdrawal,1057.61,CAD
CA00051469,2025-06-01,BR036,TLR-9005,C501492,cash withdrawal,372.94,CAD
CA00049099,2025-06-30,BR025,TLR-8389,C501143,cash withdrawal,-806.83,CAD
CA00045121,2025-06-25,BR004,TLR-3815,C501757,cash deposit,5301.78,CAD
CA00045447,2025-06-05,BR006,TLR-7072,C500435,cash deposit,3383.17,CAD
CA00045123,2025-06-05,BR004,TLR-4352,C501672,cash deposit,705.46,CAD
CA00052192,2025-06-18,BR039,TLR-1038,C501566,cash withdrawal,1403.89,CAD
CA00049500,2025-06-14,BR026,TLR-1181,C503609,cash deposit,983.42,CAD
CA00046198,2025-06-02,BR009,TLR-4957,C501028,cash deposit,53491,CAD
CA00050225,2025-06-19,BR030,TLR-5807,C503042,cash withdrawal,676.28,CAD
CA00045889,2025-06-12,BR008,TLR-2128,C503369,cash deposit,587.44,CAD
CA00048200,2025-06-23,BR019,TLR-6876,C503516,cash withdrawal,804.74,CAD
CA00052419,2025-06-06,BR040,TLR-3429,C501842,cash withdrawal,485.24,CAD
CA00052130,2025-06-25,BR039,TLR-5420,C500282,cash deposit,873.77,CAD
CA00047449,2025-06-14,BR016,TLR-7874,C502609,cash withdrawal,1558.02,CAD
CA00045262,2025-06-09,BR004,TLR-4258,C500927,cash deposit,708.14,CAD
CA00046872,2025-06-22,BR013,TLR-4055,C502547,cash deposit,378.22,CAD
CA00050202,2025-06-30,BR030,TLR-7362,C502294,cash withdrawal,862.59,CAD
CA00048249,2025-06-18,BR020,TLR-5171,C502212,cash deposit,593.54,USD
CA00051087,2025-06-12,BR035,TLR-7933,C501098,cash withdrawal,563.46,CAD
CA00050336,2025-06-24,BR031,TLR-4804,C502789,cash withdrawal,435.01,CAD
CA00049548,2025-06-11,BR026,TLR-4539,C501268,cash withdrawal,-1091.43,CAD
CA00053198,2025-06-28,BR040,TLR-6955,C502962,cash withdrawal,954.46,CAD
CA00051429,2025-06-30,BR036,TLR-6680,C502709,cash withdrawal,1789.83,CAD
CA00047489,2025-06-12,BR016,TLR-9082,C500709,cash deposit,2019.91,CAD
CA00045090,2025-06-18,BR004,TLR-7819,C502281,cash deposit,450.2,CAD
CA00048788,2025-06-15,BR024,TLR-3278,C501332,cash withdrawal,339.97,CAD
CA00045998,2025-06-18,BR008,TLR-3444,C500612,cash withdrawal,33554,CAD
CA00045110,2025-06-12,BR004,TLR-5746,C503916,cash withdrawal,859.34,CAD
CA00052029,2025-06-14,BR038,TLR-4117,C503955,cash deposit,822.47,CAD
CA00047683,2025-06-12,BR017,TLR-2015,C502994,cash deposit,294.51,CAD
CA00048276,2025-06-23,BR020,TLR-4135,C503169,cash withdrawal,323.55,USD
CA00051476,2025-06-11,BR036,TLR-6462,C501663,cash deposit,175.73,CAD
CA00046037,2025-06-25,BR008,TLR-3115,C503757,cash deposit,671.28,CAD
CA00046587,2025-06-23,BR012,TLR-6391,C500802,cash withdrawal,1343.39,CAD
CA00051525,2025-06-10,BR036,TLR-7414,C503200,cash deposit,1709.5,CAD
CA00047499,2025-06-17,BR016,TLR-8445,C500925,cash withdrawal,1530.12,CAD
CA00050131,2025-06-15,BR030,TLR-4653,C500737,cash withdrawal,953.99,CAD
CA00045620,2025-06-27,BR006,TLR-1523,C500725,cash withdrawal,914.64,CAD
CA00049271,2025-06-20,BR025,TLR-6811,C502770,cash withdrawal,-292.58,CAD
CA00050442,2025-06-26,BR031,TLR-3992,C501390,cash deposit,838.52,CAD
CA00049475,2025-06-10,BR026,TLR-7606,C502948,cash deposit,1020.59,CAD
CA00048337,2025-06-04,BR020,TLR-3942,C501789,cash withdrawal,395.75,USD
CA00047942,2025-06-13,BR018,TLR-8155,C502370,cash withdrawal,414.18,CAD
CA00052379,2025-06-21,BR040,TLR-1419,C503395,cash deposit,181170,CAD
CA00049493,2025-06-19,BR026,TLR-8214,C501260,cash deposit,1897.24,CAD
CA00049950,2025-06-21,BR029,TLR-7622,C502908,cash withdrawal,2278.77,CAD
CA00050938,2025-06-20,BR034,TLR-6306,C501049,cash withdrawal,830.29,CAD
CA00045591,2025-06-26,BR006,TLR-7402,C502190,cash withdrawal,3952.75,CAD
CA00048163,2025-06-15,BR019,TLR-8050,C500750,cash deposit,1023.14,CAD
CA00044775,2025-06-11,BR002,TLR-4334,C501268,cash deposit,1754.11,CAD
CA00049436,2025-06-21,BR026,TLR-6590,C500837,cash withdrawal,-1085.36,CAD
CA00050122,2025-06-29,BR030,TLR-5057,C501463,cash withdrawal,1478.56,CAD
CA00049820,2025-06-09,BR028,TLR-1039,C502867,cash withdrawal,1091.89,CAD
CA00052823,2025-06-27,BR040,TLR-7418,C503793,cash deposit,1834.25,CAD
CA00050992,2025-06-14,BR034,TLR-6265,C503076,cash withdrawal,569.7,CAD
CA00044877,2025-06-02,BR003,TLR-5850,C501480,cash deposit,643.52,CAD
CA00049193,2025-06-09,BR025,TLR-6340,C500797,cash deposit,1631.57,CAD
CA00051790,2025-06-14,BR037,TLR-8503,C503909,cash withdrawal,1470.78,CAD
CA00049765,2025-06-12,BR028,TLR-8619,C500549,cash deposit,1413.14,CAD
CA00046663,2025-06-13,BR012,TLR-7311,C503372,cash withdrawal,273.3,CAD
CA00044611,2025-06-30,BR002,TLR-9299,C503948,cash deposit,1184.52,CAD
CA00047737,2025-06-27,BR017,TLR-1424,C503554,cash withdrawal,499.5,CAD
CA00047733,2025-06-03,BR017,TLR-8598,C501167,cash deposit,1362.27,CAD
CA00051845,2025-06-26,BR037,TLR-2294,C503295,cash deposit,228.96,CAD
CA00045697,2025-06-05,BR007,TLR-5497,C503569,cash withdrawal,491.55,CAD
CA00048787,2025-06-04,BR024,TLR-4089,C502249,cash withdrawal,144487,CAD
CA00048870,2025-06-05,BR024,TLR-4422,C500632,cash withdrawal,63555,CAD
CA00049893,2025-06-18,BR029,TLR-3127,C500165,cash deposit,1905.92,CAD
CA00050504,2025-06-12,BR031,TLR-6253,C501573,cash withdrawal,1367.99,CAD
CA00049246,2025-06-10,BR025,TLR-8847,C500924,cash deposit,940.3,CAD
CA00050558,2025-06-18,BR032,TLR-1015,C500828,cash withdrawal,2159.39,CAD
CA00051578,2025-06-12,BR036,TLR-1948,C500100,cash deposit,106488,CAD
CA00052184,2025-06-06,BR039,TLR-9776,C502111,cash withdrawal,3736.68,CAD
CA00048344,2025-06-18,BR020,TLR-9726,C500509,cash withdrawal,764.05,USD
CA00047285,2025-06-10,BR015,TLR-5050,C502425,cash withdrawal,1234.8,CAD
CA00052587,2025-06-24,BR040,TLR-3342,C502318,cash deposit,1131.23,CAD
CA00046051,2025-06-13,BR008,TLR-5642,C503793,cash deposit,50120,CAD
CA00044495,2025-06-13,BR001,TLR-2543,C500898,cash deposit,108.5,CAD
CA00047237,2025-06-05,BR015,TLR-9546,C500417,cash deposit,1027.11,CAD
CA00047820,2025-06-14,BR017,TLR-6081,C500678,cash deposit,37981,CAD
CA00051801,2025-06-13,BR037,TLR-4623,C500394,cash deposit,620.44,CAD
CA00048616,2025-06-25,BR022,TLR-6540,C500277,cash deposit,763.64,CAD
CA00050581,2025-06-25,BR032,TLR-1971,C500489,cash withdrawal,393.54,CAD
CA00049033,2025-06-24,BR024,TLR-4505,C502103,cash deposit,461.87,CAD
CA00048064,2025-06-16,BR019,TLR-1194,C501504,cash deposit,891.33,CAD
CA00048059,2025-06-03,BR019,TLR-7196,C501980,cash withdrawal,1986.16,CAD
CA00048270,2025-06-25,BR020,TLR-2326,C500269,cash withdrawal,547.54,USD
CA00050955,2025-06-07,BR034,TLR-3173,C501700,cash withdrawal,387.83,CAD
CA00047391,2025-06-25,BR015,TLR-4186,C503803,cash deposit,1601.46,CAD
CA00050827,2025-06-15,BR033,TLR-6983,C502329,cash deposit,493.43,CAD
CA00051666,2025-06-03,BR037,TLR-4280,C500492,cash deposit,2028.02,CAD
CA00048753,2025-06-21,BR023,TLR-9947,C501406,cash deposit,1924.04,CAD
CA00046977,2025-06-21,BR014,TLR-1978,C501948,cash deposit,2303.42,CAD
CA00046020,2025-06-03,BR008,TLR-2199,C501548,cash withdrawal,1427.19,CAD
CA00052170,2025-06-11,BR039,TLR-1867,C500335,cash deposit,1291.89,CAD
CA00050797,2025-06-27,BR033,TLR-3680,C501855,cash withdrawal,2305.28,CAD
CA00051548,2025-06-08,BR036,TLR-7502,C500654,cash deposit,2034.29,CAD
CA00046634,2025-06-05,BR012,TLR-4602,C503960,cash deposit,1090.91,CAD
CA00053083,2025-06-11,BR040,TLR-8704,C502939,cash deposit,627.38,CAD
CA00051721,2025-06-24,BR037,TLR-5539,C500760,cash withdrawal,1181.4,CAD
CA00049149,2025-06-25,BR025,TLR-6372,C501828,cash withdrawal,-727.52,CAD
CA00046897,2025-06-24,BR013,TLR-8817,C500030,cash deposit,71718,CAD
CA00051919,2025-06-04,BR038,TLR-9960,C503144,cash withdrawal,2918.62,CAD
CA00052742,2025-06-06,BR040,TLR-5825,C501655,cash withdrawal,534.97,CAD
CA00047675,2025-06-04,BR017,TLR-9610,C500538,cash deposit,889.71,CAD
CA00049894,2025-06-05,BR029,TLR-2092,C502064,cash withdrawal,1317.18,CAD
CA00044728,2025-06-26,BR002,TLR-6908,C503656,cash deposit,197411,CAD
CA00046043,2025-06-26,BR008,TLR-1420,C500602,cash deposit,221894,CAD
CA00050713,2025-06-13,BR033,TLR-8859,C503000,cash deposit,1349.55,CAD
CA00052373,2025-06-03,BR040,TLR-1904,C502067,cash withdrawal,1146.04,CAD
CA00050298,2025-06-07,BR030,TLR-6811,C503143,cash withdrawal,7901.13,CAD
CA00045480,2025-06-08,BR006,TLR-5895,C502912,cash deposit,1314.78,CAD
CA00053102,2025-06-17,BR040,TLR-8243,C502105,cash withdrawal,1639.3,CAD
CA00050552,2025-06-20,BR032,TLR-1652,C501570,cash deposit,449.01,CAD
CA00050456,2025-06-21,BR031,TLR-4551,C503764,cash deposit,1261.11,CAD
CA00052377,2025-06-29,BR040,TLR-6602,C503512,cash withdrawal,258.95,CAD
CA00051616,2025-06-08,BR037,TLR-5712,C502660,cash withdrawal,1148.56,CAD
CA00046132,2025-06-08,BR009,TLR-7316,C500386,cash deposit,951.43,CAD
CA00049163,2025-06-07,BR025,TLR-4761,C500972,cash deposit,2642.74,CAD
CA00044314,2025-06-26,BR001,TLR-6928,C502208,cash withdrawal,656.06,CAD
CA00051147,2025-06-03,BR035,TLR-6008,C503905,cash withdrawal,990.48,CAD
CA00048053,2025-06-01,BR019,TLR-4918,C502548,cash deposit,962.92,CAD
CA00050701,2025-06-07,BR033,TLR-2142,C503221,cash deposit,505.47,CAD
CA00052672,2025-06-11,BR040,TLR-6327,C503649,cash withdrawal,1305.6,CAD
CA00050150,2025-06-26,BR030,TLR-9819,C500004,cash withdrawal,658.45,CAD
CA00052182,2025-06-04,BR039,TLR-5596,C503013,cash deposit,994.22,CAD
CA00047644,2025-06-01,BR017,TLR-6859,C500458,cash deposit,1357.9,CAD
CA00046423,2025-06-26,BR010,TLR-9938,C500851,cash withdrawal,319.88,CAD
CA00047472,2025-06-18,BR016,TLR-5153,C501740,cash withdrawal,1233.04,CAD
CA00045287,2025-06-26,BR005,TLR-9295,C501439,cash deposit,1321.8,CAD
CA00051097,2025-06-11,BR035,TLR-9324,C503788,cash withdrawal,54920,CAD
CA00048223,2025-06-01,BR020,TLR-9404,C500702,cash withdrawal,554.08,USD
CA00049513,2025-06-10,BR026,TLR-1485,C500111,cash deposit,911.96,CAD
CA00052960,2025-06-04,BR040,TLR-3929,C503421,cash deposit,644.07,CAD
CA00053112,2025-06-07,BR040,TLR-1338,C503892,cash withdrawal,54286,CAD
CA00046775,2025-06-02,BR012,TLR-2652,C501516,cash deposit,926.1,CAD
CA00047307,2025-06-24,BR015,TLR-9505,C503563,cash withdrawal,1077.66,CAD
CA00046828,2025-06-08,BR013,TLR-7979,C501993,cash withdrawal,4936.27,CAD
CA00046811,2025-06-16,BR013,TLR-1255,C502532,cash withdrawal,917.05,CAD
CA00044499,2025-06-10,BR001,TLR-1375,C502849,cash withdrawal,564.26,CAD
CA00047273,2025-06-04,BR015,TLR-9801,C503767,cash withdrawal,53740,CAD
CA00051103,2025-06-26,BR035,TLR-1073,C501170,cash deposit,1051.08,CAD
CA00049729,2025-06-23,BR027,TLR-1540,C501060,cash withdrawal,1412.63,CAD
CA00045643,2025-06-15,BR007,TLR-2589,C503151,cash withdrawal,2057.89,CAD
CA00047665,2025-06-01,BR017,TLR-8356,C500022,cash deposit,645.12,CAD
CA00049715,2025-06-10,BR027,TLR-4855,C501112,cash withdrawal,611.67,CAD
CA00048783,2025-06-22,BR024,TLR-4257,C501542,cash deposit,207.42,CAD
CA00049700,2025-06-18,BR027,TLR-4925,C500538,cash deposit,1183.69,CAD
CA00047009,2025-06-12,BR014,TLR-9352,C503584,cash withdrawal,452.43,CAD
CA00046490,2025-06-07,BR010,TLR-2252,C503734,cash deposit,2109.05,CAD
CA00045381,2025-06-17,BR006,TLR-6003,C501450,cash deposit,568.44,CAD
CA00046557,2025-06-21,BR011,TLR-8966,C502591,cash withdrawal,2027.93,CAD
CA00048271,2025-06-18,BR020,TLR-6927,C501084,cash deposit,1085.65,USD
CA00051447,2025-06-20,BR036,TLR-9434,C500035,cash withdrawal,702.35,CAD
CA00044438,2025-06-23,BR001,TLR-1710,C503460,cash deposit,2686.96,CAD
CA00051459,2025-06-23,BR036,TLR-9690,C503406,cash withdrawal,2459.76,CAD
CA00046922,2025-06-20,BR014,TLR-5186,C502004,cash deposit,1915.97,CAD
CA00050677,2025-06-18,BR032,TLR-9521,C501757,cash withdrawal,213.99,CAD
CA00045505,2025-06-30,BR006,TLR-5466,C502480,cash deposit,928.38,CAD
CA00048746,2025-06-03,BR023,TLR-1814,C503677,cash withdrawal,230717,CAD
CA00048055,2025-06-03,BR019,TLR-3121,C501593,cash withdrawal,1592.05,CAD
CA00051261,2025-06-10,BR035,TLR-2373,C501940,cash withdrawal,39786,CAD
CA00053043,2025-06-25,BR040,TLR-1713,C502232,cash deposit,51211,CAD
CA00052436,2025-06-12,BR040,TLR-7669,C503290,cash deposit,56537,CAD
CA00051329,2025-06-11,BR036,TLR-3006,C503311,cash deposit,835.7,CAD
CA00044743,2025-06-02,BR002,TLR-9217,C500299,cash withdrawal,-1741.24,CAD
CA00046219,2025-06-03,BR009,TLR-4444,C500400,cash withdrawal,68127,CAD
CA00049609,2025-06-25,BR027,TLR-9312,C503041,cash deposit,979.38,CAD
CA00050519,2025-06-24,BR031,TLR-7534,C501477,cash withdrawal,873.09,CAD
CA00047947,2025-06-04,BR018,TLR-4135,C503557,cash deposit,49408,CAD
CA00049917,2025-06-01,BR029,TLR-1114,C502661,cash withdrawal,1673.64,CAD
CA00051564,2025-06-27,BR036,TLR-3468,C503356,cash deposit,778.72,CAD
CA00051192,2025-06-27,BR035,TLR-2665,C503018,cash withdrawal,1236.8,CAD
CA00045749,2025-06-06,BR007,TLR-5073,C502565,cash withdrawal,1350.31,CAD
CA00045380,2025-06-24,BR006,TLR-6847,C501643,cash withdrawal,19537,CAD
CA00048188,2025-06-25,BR019,TLR-7772,C502062,cash deposit,331.59,CAD
CA00050815,2025-06-05,BR033,TLR-6557,C502868,cash withdrawal,2047.82,CAD
CA00047749,2025-06-09,BR017,TLR-8190,C500214,cash withdrawal,20355,CAD
CA00052493,2025-06-07,BR040,TLR-5143,C502596,cash withdrawal,493.6,CAD
CA00045077,2025-06-05,BR004,TLR-6415,C502602,cash withdrawal,97893,CAD
CA00045502,2025-06-25,BR006,TLR-6932,C503224,cash deposit,545.54,CAD
CA00049350,2025-06-07,BR026,TLR-6133,C502838,cash deposit,87644,CAD
CA00046776,2025-06-02,BR012,TLR-4932,C501255,cash deposit,248317,CAD
CA00049877,2025-06-23,BR028,TLR-2220,C501079,cash deposit,298.08,CAD
CA00050278,2025-06-01,BR030,TLR-8223,C501837,cash withdrawal,76907,CAD
CA00047655,2025-06-06,BR017,TLR-2778,C502968,cash withdrawal,1449.05,CAD
CA00050216,2025-06-24,BR030,TLR-6783,C502858,cash withdrawal,646.57,CAD
CA00051957,2025-06-13,BR038,TLR-4095,C502625,cash deposit,734.49,CAD
CA00044858,2025-06-02,BR003,TLR-4880,C500660,cash deposit,1096.07,CAD
CA00044991,2025-06-04,BR003,TLR-6340,C502116,cash withdrawal,2134.19,CAD
CA00045171,2025-06-05,BR004,TLR-8665,C501912,cash withdrawal,3816.13,CAD
CA00046623,2025-06-26,BR012,TLR-1004,C501722,cash deposit,66986,CAD
CA00047529,2025-06-06,BR016,TLR-3409,C500897,cash withdrawal,436.6,CAD
CA00047276,2025-06-03,BR015,TLR-5385,C500107,cash withdrawal,1010.05,CAD
CA00052948,2025-06-05,BR040,TLR-6637,C501815,cash deposit,84034,CAD
CA00048389,2025-06-08,BR020,TLR-5288,C501080,cash deposit,1020.63,USD
CA00045320,2025-06-23,BR005,TLR-4235,C501094,cash deposit,2110.71,CAD
CA00051256,2025-06-03,BR035,TLR-1133,C500636,cash withdrawal,765.13,CAD
CA00048938,2025-06-14,BR024,TLR-4512,C502580,cash withdrawal,64775,CAD
CA00048619,2025-06-17,BR022,TLR-7668,C503557,cash deposit,3366.49,CAD
CA00047581,2025-06-04,BR016,TLR-1754,C503215,cash deposit,1544.66,CAD
CA00051726,2025-06-28,BR037,TLR-3362,C503361,cash withdrawal,2536.59,CAD
CA00047638,2025-06-30,BR017,TLR-7195,C500419,cash deposit,3571.46,CAD
CA00050844,2025-06-15,BR034,TLR-5231,C500732,cash deposit,2218.99,CAD
CA00050904,2025-06-21,BR034,TLR-7081,C503637,cash withdrawal,569.3,CAD
CA00047978,2025-06-24,BR019,TLR-5457,C503137,cash deposit,2683.42,CAD
CA00045370,2025-06-23,BR006,TLR-8513,C503950,cash deposit,723.44,CAD
CA00050853,2025-06-19,BR034,TLR-6396,C502750,cash withdrawal,903.73,CAD
CA00052519,2025-06-03,BR040,TLR-7905,C502263,cash withdrawal,1917.58,CAD
CA00053111,2025-06-05,BR040,TLR-7058,C502680,cash withdrawal,3149.14,CAD
CA00050704,2025-06-01,BR033,TLR-4596,C502417,cash deposit,577008,CAD
CA00048207,2025-06-08,BR019,TLR-3510,C503395,cash deposit,653.86,CAD
CA00047168,2025-06-08,BR015,TLR-2759,C501514,cash withdrawal,533.9,CAD
CA00047213,2025-06-24,BR015,TLR-8128,C502302,cash deposit,1089.36,CAD
CA00048528,2025-06-19,BR021,TLR-3194,C501208,cash withdrawal,682.06,CAD
CA00052918,2025-06-09,BR040,TLR-9324,C501630,cash withdrawal,409.75,CAD
CA00049872,2025-06-17,BR028,TLR-9513,C502823,cash withdrawal,1927.99,CAD
CA00052121,2025-06-20,BR039,TLR-1902,C502380,cash deposit,50289,CAD
CA00053148,2025-06-22,BR040,TLR-3868,C503210,cash deposit,508.68,CAD
CA00052181,2025-06-16,BR039,TLR-5266,C501727,cash deposit,409635,CAD
CA00053133,2025-06-18,BR040,TLR-2768,C503543,cash withdrawal,56596,CAD
CA00046242,2025-06-01,BR009,TLR-6883,C500813,cash deposit,51328,CAD
CA00044626,2025-06-30,BR002,TLR-2406,C500400,cash deposit,1378.58,CAD
CA00050758,2025-06-27,BR033,TLR-7576,C501707,cash deposit,49832,CAD
CA00047090,2025-06-04,BR014,TLR-7759,C501590,cash withdrawal,435.35,CAD
CA00045332,2025-06-24,BR005,TLR-4756,C502067,cash withdrawal,65284,CAD
CA00048423,2025-06-29,BR020,TLR-9080,C503855,cash deposit,890.4,USD
CA00046550,2025-06-20,BR011,TLR-7050,C500772,cash withdrawal,716.19,CAD
CA00050717,2025-06-02,BR033,TLR-1223,C500088,cash withdrawal,77778,CAD
CA00050948,2025-06-12,BR034,TLR-8223,C503130,cash deposit,1853.07,CAD
CA00045133,2025-06-29,BR004,TLR-8012,C502510,cash withdrawal,1486.26,CAD
CA00051905,2025-06-05,BR038,TLR-1984,C503943,cash deposit,870.47,CAD
CA00044764,2025-06-29,BR002,TLR-8054,C501257,cash deposit,941.86,CAD
CA00046224,2025-06-07,BR009,TLR-6282,C501639,cash withdrawal,177644,CAD
CA00044837,2025-06-08,BR003,TLR-8604,C503836,cash withdrawal,2259.89,CAD
CA00044765,2025-06-21,BR002,TLR-4371,C503796,cash deposit,2324.61,CAD
CA00048116,2025-06-21,BR019,TLR-2787,C500366,cash deposit,63667,CAD
CA00045284,2025-06-18,BR005,TLR-4525,C502715,cash deposit,58150,CAD
CA00052287,2025-06-02,BR039,TLR-7263,C501554,cash withdrawal,530.41,CAD
CA00048934,2025-06-01,BR024,TLR-6627,C502513,cash withdrawal,2801.96,CAD
CA00051736,2025-06-18,BR037,TLR-8927,C502776,cash deposit,500.36,CAD
CA00044323,2025-06-03,BR001,TLR-2923,C500816,cash deposit,961.89,CAD
CA00051359,2025-06-10,BR036,TLR-9287,C503898,cash deposit,561.55,CAD
CA00045118,2025-06-09,BR004,TLR-6079,C500604,cash deposit,332.49,CAD
CA00047812,2025-06-14,BR017,TLR-8023,C500216,cash deposit,575.07,CAD
CA00048800,2025-06-09,BR024,TLR-1973,C502972,cash withdrawal,1339.51,CAD
CA00046687,2025-06-16,BR012,TLR-7339,C501415,cash withdrawal,914.76,CAD
CA00044521,2025-06-05,BR001,TLR-4800,C500379,cash withdrawal,3512.31,CAD
CA00046890,2025-06-23,BR013,TLR-1204,C500616,cash deposit,50108,CAD
CA00048081,2025-06-29,BR019,TLR-4288,C500195,cash deposit,816.68,CAD
CA00048617,2025-06-26,BR022,TLR-7233,C502863,cash withdrawal,759.39,CAD
CA00050483,2025-06-09,BR031,TLR-8698,C503951,cash deposit,535427,CAD
CA00050967,2025-06-30,BR034,TLR-3362,C502599,cash deposit,786.58,CAD
CA00049557,2025-06-06,BR026,TLR-6620,C500956,cash withdrawal,-849.82,CAD
CA00046201,2025-06-08,BR009,TLR-1858,C502278,cash withdrawal,804.35,CAD
CA00049078,2025-06-21,BR024,TLR-6245,C503505,cash withdrawal,2174.38,CAD
CA00047078,2025-06-15,BR014,TLR-7978,C503659,cash deposit,473436,CAD
CA00044800,2025-06-13,BR003,TLR-4593,C503150,cash deposit,871.82,CAD
CA00046613,2025-06-09,BR012,TLR-5018,C500441,cash withdrawal,76554,CAD
CA00046237,2025-06-23,BR009,TLR-5767,C501786,cash withdrawal,143.25,CAD
CA00045282,2025-06-01,BR005,TLR-6705,C503573,cash withdrawal,131366,CAD
CA00049641,2025-06-16,BR027,TLR-4862,C502131,cash withdrawal,913.0,CAD
CA00045229,2025-06-23,BR004,TLR-1446,C502180,cash deposit,88941,CAD
CA00045693,2025-06-02,BR007,TLR-8332,C503445,cash withdrawal,2165.37,CAD
CA00050212,2025-06-15,BR030,TLR-4942,C503343,cash deposit,1248.04,CAD
CA00050377,2025-06-23,BR031,TLR-4031,C503964,cash withdrawal,111613,CAD
CA00052186,2025-06-05,BR039,TLR-2032,C501000,cash deposit,225.95,CAD
CA00044760,2025-06-03,BR002,TLR-5166,C500757,cash deposit,3179.58,CAD
CA00051566,2025-06-06,BR036,TLR-2186,C502946,cash deposit,127919,CAD
CA00048685,2025-06-19,BR023,TLR-2210,C501937,cash withdrawal,2680.07,CAD
CA00047619,2025-06-13,BR017,TLR-3548,C500695,cash deposit,1353.99,CAD
CA00049292,2025-06-28,BR025,TLR-2437,C503957,cash deposit,2420.33,CAD
CA00050940,2025-06-12,BR034,TLR-4950,C503497,cash withdrawal,1719.7,CAD
CA00049721,2025-06-02,BR027,TLR-8310,C501970,cash deposit,32896,CAD
CA00048426,2025-06-10,BR021,TLR-3716,C502889,cash deposit,1641.82,CAD
CA00048368,2025-06-18,BR020,TLR-4073,C502140,cash deposit,1099.56,USD
CA00046517,2025-06-29,BR011,TLR-7133,C503827,cash deposit,683.86,CAD
CA00044903,2025-06-02,BR003,TLR-7052,C502024,cash withdrawal,641.16,CAD
CA00049525,2025-06-04,BR026,TLR-5580,C503218,cash withdrawal,-855.63,CAD
CA00051200,2025-06-14,BR035,TLR-4273,C503192,cash withdrawal,1558.39,CAD
CA00048233,2025-06-16,BR020,TLR-6706,C503847,cash withdrawal,637.41,USD
CA00044350,2025-06-15,BR001,TLR-9945,C503217,cash deposit,3516.24,CAD
CA00051466,2025-06-18,BR036,TLR-2550,C500728,cash withdrawal,367.41,CAD
CA00047346,2025-06-17,BR015,TLR-3226,C502485,cash deposit,1751.78,CAD
CA00051788,2025-06-29,BR037,TLR-5807,C501658,cash withdrawal,1206.96,CAD
CA00046315,2025-06-05,BR009,TLR-1455,C502101,cash withdrawal,1214.27,CAD
CA00052020,2025-06-15,BR038,TLR-1882,C501714,cash deposit,77252,CAD
CA00050753,2025-06-07,BR033,TLR-4260,C503746,cash deposit,1090.6,CAD
CA00048220,2025-06-02,BR020,TLR-2876,C501278,cash withdrawal,286.39,USD
CA00050767,2025-06-15,BR033,TLR-1075,C503461,cash deposit,1551.99,CAD
CA00052966,2025-06-10,BR040,TLR-6655,C502866,cash withdrawal,1619.99,CAD
CA00047963,2025-06-19,BR018,TLR-4000,C500909,cash deposit,1701.08,CAD
CA00050310,2025-06-30,BR030,TLR-7909,C503328,cash withdrawal,736.75,CAD
CA00052371,2025-06-07,BR040,TLR-1315,C500869,cash withdrawal,5411.47,CAD
CA00048707,2025-06-28,BR023,TLR-8475,C502609,cash deposit,557.97,CAD
CA00046113,2025-06-16,BR009,TLR-5142,C503665,cash withdrawal,1133.59,CAD
CA00050342,2025-06-24,BR031,TLR-3541,C500349,cash deposit,1663.58,CAD
CA00046318,2025-06-04,BR010,TLR-4043,C503621,cash deposit,159.93,CAD
CA00046414,2025-06-13,BR010,TLR-8595,C503594,cash deposit,2526.92,CAD
CA00045539,2025-06-02,BR006,TLR-5315,C501997,cash deposit,849.64,CAD
CA00049305,2025-06-25,BR025,TLR-4795,C500169,cash deposit,648.31,CAD
CA00048825,2025-06-21,BR024,TLR-1851,C500564,cash withdrawal,944.04,CAD
CA00044940,2025-06-11,BR003,TLR-9548,C502393,cash withdrawal,1778.67,CAD
CA00050021,2025-06-10,BR030,TLR-9412,C500419,cash withdrawal,439.3,CAD
CA00045810,2025-06-22,BR007,TLR-9450,C500655,cash withdrawal,1269.23,CAD
CA00047477,2025-06-10,BR016,TLR-4306,C501772,cash withdrawal,1013.26,CAD
CA00050169,2025-06-19,BR030,TLR-5749,C503590,cash withdrawal,1861.34,CAD
CA00045410,2025-06-11,BR006,TLR-6147,C501642,cash withdrawal,920.04,CAD
CA00050513,2025-06-24,BR031,TLR-7075,C502651,cash withdrawal,387.08,CAD
CA00050220,2025-06-08,BR030,TLR-3704,C503075,cash deposit,513.82,CAD
CA00050816,2025-06-08,BR033,TLR-2335,C503431,cash withdrawal,863.2,CAD
CA00051981,2025-06-12,BR038,TLR-8623,C502240,cash withdrawal,390.02,CAD
CA00051948,2025-06-21,BR038,TLR-3461,C502886,cash deposit,128441,CAD
CA00048545,2025-06-18,BR021,TLR-6676,C500577,cash withdrawal,1200.4,CAD
CA00050327,2025-06-17,BR031,TLR-4129,C502657,cash withdrawal,149239,CAD
CA00049946,2025-06-05,BR029,TLR-8850,C501127,cash withdrawal,1386.6,CAD
CA00050369,2025-06-05,BR031,TLR-3341,C503522,cash withdrawal,601.46,CAD
CA00047809,2025-06-23,BR017,TLR-3341,C500666,cash deposit,1397.66,CAD
CA00047723,2025-06-22,BR017,TLR-5264,C502134,cash withdrawal,307.42,CAD
CA00049370,2025-06-05,BR026,TLR-8470,C502422,cash withdrawal,-265.77,CAD
CA00048918,2025-06-25,BR024,TLR-9158,C500292,cash withdrawal,2109.47,CAD
CA00049871,2025-06-08,BR028,TLR-6704,C501069,cash withdrawal,802.72,CAD
CA00050398,2025-06-02,BR031,TLR-1292,C503300,cash withdrawal,1392.52,CAD
CA00049680,2025-06-23,BR027,TLR-3344,C502370,cash deposit,803.16,CAD
CA00048496,2025-06-18,BR021,TLR-7030,C501035,cash deposit,437.76,CAD
CA00047702,2025-06-03,BR017,TLR-8752,C500574,cash withdrawal,546.25,CAD
CA00046926,2025-06-25,BR014,TLR-5327,C502016,cash deposit,143250,CAD
CA00048382,2025-06-29,BR020,TLR-5462,C503583,cash withdrawal,1062.58,USD
CA00048484,2025-06-15,BR021,TLR-9938,C502804,cash deposit,783.37,CAD
CA00053099,2025-06-24,BR040,TLR-1921,C501684,cash withdrawal,70744,CAD
CA00045778,2025-06-10,BR007,TLR-2637,C500474,cash withdrawal,610.53,CAD
CA00049903,2025-06-14,BR029,TLR-5796,C502428,cash deposit,86327,CAD
CA00048214,2025-06-22,BR019,TLR-7521,C501758,cash withdrawal,749.5,CAD
CA00049519,2025-06-02,BR026,TLR-1980,C502805,cash withdrawal,-513.41,CAD
CA00046349,2025-06-23,BR010,TLR-1092,C502397,cash withdrawal,1357.36,CAD
CA00052955,2025-06-04,BR040,TLR-3931,C502296,cash withdrawal,816.62,CAD
CA00049140,2025-06-25,BR025,TLR-9710,C503534,cash withdrawal,-571.54,CAD
CA00045297,2025-06-08,BR005,TLR-7298,C501629,cash withdrawal,436.46,CAD
CA00045719,2025-06-23,BR007,TLR-2510,C503852,cash withdrawal,2625.25,CAD
CA00048714,2025-06-16,BR023,TLR-6496,C502336,cash withdrawal,1429.26,CAD
CA00050931,2025-06-06,BR034,TLR-9291,C503007,cash withdrawal,266982,CAD
CA00051995,2025-06-04,BR038,TLR-1573,C503867,cash withdrawal,956.02,CAD
CA00050559,2025-06-05,BR032,TLR-7769,C502227,cash deposit,914.51,CAD
CA00051493,2025-06-02,BR036,TLR-3117,C501624,cash deposit,772.65,CAD
CA00044447,2025-06-06,BR001,TLR-7326,C503567,cash deposit,1135.47,CAD
CA00048354,2025-06-01,BR020,TLR-7781,C500460,cash deposit,156033,USD
CA00050953,2025-06-17,BR034,TLR-5215,C502252,cash withdrawal,3049.3,CAD
CA00050728,2025-06-19,BR033,TLR-3664,C501687,cash deposit,97305,CAD
CA00046660,2025-06-03,BR012,TLR-8070,C502286,cash withdrawal,1705.0,CAD
CA00045503,2025-06-14,BR006,TLR-7553,C501326,cash withdrawal,1867.89,CAD
CA00047805,2025-06-24,BR017,TLR-5319,C500528,cash withdrawal,1790.69,CAD
CA00048097,2025-06-12,BR019,TLR-2146,C502426,cash deposit,3250.18,CAD
CA00045170,2025-06-29,BR004,TLR-3425,C501082,cash deposit,2829.97,CAD
CA00053214,2025-06-08,BR040,TLR-8228,C504000,cash withdrawal,1088.63,CAD
CA00052353,2025-06-05,BR040,TLR-3884,C502871,cash withdrawal,1734.57,CAD
CA00046351,2025-06-01,BR010,TLR-7295,C503173,cash deposit,2420.93,CAD
CA00046248,2025-06-01,BR009,TLR-7688,C503262,cash deposit,1207.95,CAD
CA00048489,2025-06-07,BR021,TLR-9161,C501084,cash deposit,1088.27,CAD
CA00052370,2025-06-17,BR040,TLR-1951,C500249,cash withdrawal,932.18,CAD
CA00047615,2025-06-09,BR017,TLR-6494,C500792,cash deposit,888.41,CAD
CA00046474,2025-06-07,BR010,TLR-2111,C500769,cash deposit,558.54,CAD
CA00048991,2025-06-14,BR024,TLR-3993,C500438,cash withdrawal,739.74,CAD
CA00044664,2025-06-30,BR002,TLR-7206,C503017,cash deposit,2046.98,CAD
CA00048278,2025-06-15,BR020,TLR-8573,C502353,cash deposit,1481.65,USD
CA00048198,2025-06-07,BR019,TLR-2067,C500483,cash withdrawal,1225.48,CAD
CA00044440,2025-06-19,BR001,TLR-7565,C500177,cash deposit,1965.73,CAD
CA00052165,2025-06-10,BR039,TLR-9527,C503397,cash deposit,2534.23,CAD
CA00048925,2025-06-18,BR024,TLR-1114,C501279,cash deposit,905.24,CAD
CA00045837,2025-06-03,BR007,TLR-6415,C501266,cash deposit,702.57,CAD
CA00051857,2025-06-19,BR037,TLR-2588,C502743,cash withdrawal,1608.4,CAD
CA00051745,2025-06-02,BR037,TLR-7588,C502471,cash deposit,684.53,CAD
CA00051977,2025-06-20,BR038,TLR-2627,C500832,cash withdrawal,2412.22,CAD
CA00047764,2025-06-04,BR017,TLR-7523,C502243,cash deposit,3376.19,CAD
CA00052891,2025-06-16,BR040,TLR-5103,C503479,cash deposit,1056.94,CAD
CA00052725,2025-06-08,BR040,TLR-7266,C500574,cash withdrawal,1045.29,CAD
CA00051115,2025-06-02,BR035,TLR-5143,C501111,cash deposit,177725,CAD
CA00052131,2025-06-01,BR039,TLR-6216,C502454,cash withdrawal,478.97,CAD
CA00049816,2025-06-05,BR028,TLR-7166,C501233,cash deposit,1131.6,CAD
CA00052162,2025-06-19,BR039,TLR-4409,C501420,cash withdrawal,1214.24,CAD
CA00044653,2025-06-27,BR002,TLR-5172,C500453,cash withdrawal,-709.41,CAD
CA00045581,2025-06-15,BR006,TLR-6618,C502853,cash withdrawal,73506,CAD
CA00045865,2025-06-14,BR008,TLR-8510,C502487,cash deposit,915.67,CAD
CA00047054,2025-06-17,BR014,TLR-8667,C502700,cash withdrawal,1138.98,CAD
CA00047666,2025-06-20,BR017,TLR-2965,C503853,cash withdrawal,554.42,CAD
CA00046655,2025-06-10,BR012,TLR-8362,C501155,cash deposit,1896.91,CAD
CA00048087,2025-06-10,BR019,TLR-3880,C501096,cash withdrawal,312.13,CAD
CA00049247,2025-06-18,BR025,TLR-1646,C502994,cash withdrawal,-434.83,CAD
CA00045485,2025-06-14,BR006,TLR-7577,C503269,cash deposit,1107.31,CAD
CA00052155,2025-06-18,BR039,TLR-2469,C502782,cash deposit,1440.25,CAD
CA00045323,2025-06-11,BR005,TLR-9270,C500713,cash deposit,3585.66,CAD
CA00049982,2025-06-12,BR029,TLR-2942,C501059,cash deposit,594.51,CAD
CA00051159,2025-06-02,BR035,TLR-5377,C501102,cash deposit,1904.23,CAD
CA00046849,2025-06-15,BR013,TLR-8846,C502253,cash deposit,372.82,CAD
CA00050493,2025-06-02,BR031,TLR-2919,C500551,cash withdrawal,682.39,CAD
CA00049983,2025-06-01,BR029,TLR-7239,C503332,cash deposit,2455.34,CAD
CA00050397,2025-06-16,BR031,TLR-5075,C502943,cash deposit,493.37,CAD
CA00045016,2025-06-11,BR004,TLR-4529,C503270,cash withdrawal,463.49,CAD
CA00046720,2025-06-21,BR012,TLR-8471,C500410,cash withdrawal,1170.77,CAD
CA00050097,2025-06-17,BR030,TLR-8183,C500219,cash withdrawal,97201,CAD
CA00049153,2025-06-25,BR025,TLR-6482,C500714,cash withdrawal,-592.3,CAD
CA00053177,2025-06-21,BR040,TLR-6840,C502594,cash deposit,1815.18,CAD
CA00049598,2025-06-07,BR027,TLR-2239,C503660,cash withdrawal,418.92,CAD
CA00050023,2025-06-05,BR030,TLR-1508,C503705,cash withdrawal,823.89,CAD
CA00050012,2025-06-02,BR030,TLR-9098,C501969,cash deposit,1089.96,CAD
CA00052354,2025-06-23,BR040,TLR-9300,C502906,cash withdrawal,690.0,CAD
CA00045995,2025-06-01,BR008,TLR-7930,C501973,cash deposit,19001,CAD
CA00044424,2025-06-22,BR001,TLR-8949,C502869,cash withdrawal,85433,CAD
CA00052068,2025-06-30,BR038,TLR-8995,C503839,cash withdrawal,1601.39,CAD
CA00044606,2025-06-10,BR002,TLR-4455,C500844,cash deposit,1372.52,CAD
CA00052690,2025-06-26,BR040,TLR-1910,C503220,cash deposit,553.1,CAD
CA00053220,2025-06-05,BR040,TLR-1492,C503849,cash withdrawal,2477.03,CAD
CA00048576,2025-06-17,BR021,TLR-4675,C502151,cash deposit,854.31,CAD
CA00050934,2025-06-24,BR034,TLR-2277,C503377,cash deposit,510.72,CAD
CA00048418,2025-06-13,BR020,TLR-5566,C500775,cash deposit,589.3,USD
CA00046231,2025-06-26,BR009,TLR-3995,C503022,cash deposit,972.36,CAD
CA00049916,2025-06-11,BR029,TLR-5023,C501380,cash deposit,1898.84,CAD
CA00051445,2025-06-19,BR036,TLR-8859,C502745,cash withdrawal,504.36,CAD
CA00052634,2025-06-26,BR040,TLR-9564,C503573,cash deposit,1707.53,CAD
CA00053232,2025-06-26,BR040,TLR-4274,C501327,cash withdrawal,388554,CAD
CA00050543,2025-06-23,BR031,TLR-9767,C501296,cash deposit,988.23,CAD
CA00052612,2025-06-27,BR040,TLR-9275,C501034,cash deposit,513.47,CAD
CA00050675,2025-06-07,BR032,TLR-9553,C502508,cash withdrawal,1512.95,CAD
CA00044889,2025-06-12,BR003,TLR-5143,C502190,cash deposit,69148,CAD
CA00050737,2025-06-23,BR033,TLR-4919,C500634,cash withdrawal,1417.12,CAD
CA00050923,2025-06-14,BR034,TLR-9872,C500505,cash deposit,616.75,CAD
CA00048174,2025-06-07,BR019,TLR-4514,C502592,cash deposit,688.89,CAD
CA00047663,2025-06-24,BR017,TLR-9265,C503455,cash deposit,1157.64,CAD
CA00050835,2025-06-20,BR034,TLR-3767,C503144,cash deposit,64724,CAD
CA00045596,2025-06-10,BR006,TLR-7908,C502856,cash withdrawal,670.77,CAD
CA00052292,2025-06-23,BR039,TLR-1751,C501691,cash withdrawal,842.33,CAD
CA00046353,2025-06-01,BR010,TLR-4325,C502823,cash deposit,1113.23,CAD
CA00051902,2025-06-25,BR038,TLR-5774,C500118,cash withdrawal,525.19,CAD
CA00051009,2025-06-13,BR034,TLR-6661,C501662,cash withdrawal,525.61,CAD
CA00048985,2025-06-29,BR024,TLR-8105,C503547,cash deposit,94012,CAD
CA00047426,2025-06-29,BR016,TLR-8175,C501794,cash deposit,665.98,CAD
CA00047118,2025-06-03,BR014,TLR-3572,C501540,cash deposit,2936.74,CAD
CA00052575,2025-06-13,BR040,TLR-8374,C503021,cash deposit,1083.28,CAD
CA00050968,2025-06-14,BR034,TLR-5775,C501027,cash deposit,1366.08,CAD
CA00048289,2025-06-19,BR020,TLR-1786,C501454,cash withdrawal,456.51,USD
CA00051253,2025-06-23,BR035,TLR-9779,C501634,cash deposit,1649.18,CAD
CA00049841,2025-06-23,BR028,TLR-7484,C501121,cash withdrawal,33024,CAD
CA00051225,2025-06-06,BR035,TLR-1977,C500378,cash deposit,379.98,CAD
CA00049781,2025-06-28,BR028,TLR-7582,C502632,cash deposit,296.31,CAD
CA00049300,2025-06-24,BR025,TLR-1338,C502898,cash deposit,751.02,CAD
CA00052841,2025-06-16,BR040,TLR-5410,C502317,cash withdrawal,1249.32,CAD
CA00045450,2025-06-13,BR006,TLR-6561,C501151,cash withdrawal,2217.12,CAD
CA00047104,2025-06-26,BR014,TLR-3426,C501896,cash withdrawal,1533.32,CAD
CA00046704,2025-06-17,BR012,TLR-7350,C503013,cash deposit,365.17,CAD
CA00052107,2025-06-22,BR039,TLR-3482,C500164,cash withdrawal,392.84,CAD
CA00047227,2025-06-19,BR015,TLR-5357,C500616,cash withdrawal,1482.82,CAD
CA00046400,2025-06-02,BR010,TLR-9911,C503235,cash deposit,812.42,CAD
CA00045519,2025-06-23,BR006,TLR-5878,C503902,cash deposit,2020.73,CAD
CA00045656,2025-06-30,BR007,TLR-7511,C501784,cash withdrawal,596.94,CAD
CA00046374,2025-06-04,BR010,TLR-6132,C501801,cash deposit,4007.76,CAD
CA00052991,2025-06-30,BR040,TLR-7502,C503720,cash withdrawal,82840,CAD
CA00044326,2025-06-02,BR001,TLR-5940,C501674,cash deposit,7625.65,CAD
CA00052024,2025-06-22,BR038,TLR-4988,C501643,cash withdrawal,59058,CAD
CA00051700,2025-06-29,BR037,TLR-3221,C503046,cash withdrawal,2134.6,CAD
CA00049389,2025-06-01,BR026,TLR-6412,C502819,cash deposit,386.34,CAD
CA00047420,2025-06-04,BR016,TLR-9878,C503237,cash withdrawal,1595.97,CAD
CA00052141,2025-06-03,BR039,TLR-7820,C502750,cash withdrawal,1049.23,CAD
CA00047527,2025-06-15,BR016,TLR-9203,C502664,cash withdrawal,793.89,CAD
CA00052969,2025-06-28,BR040,TLR-6245,C500696,cash withdrawal,3004.15,CAD
CA00050838,2025-06-30,BR034,TLR-7904,C501714,cash deposit,1655.82,CAD
CA00052694,2025-06-24,BR040,TLR-5860,C501687,cash deposit,85522,CAD
CA00050174,2025-06-03,BR030,TLR-6837,C500731,cash deposit,741.56,CAD
CA00050871,2025-06-08,BR034,TLR-4989,C502238,cash withdrawal,3540.72,CAD
CA00053048,2025-06-09,BR040,TLR-8689,C503966,cash withdrawal,817.45,CAD
CA00046208,2025-06-26,BR009,TLR-6278,C501000,cash withdrawal,882.25,CAD
CA00051290,2025-06-01,BR036,TLR-2323,C504000,cash deposit,533.63,CAD
CA00053024,2025-06-09,BR040,TLR-6682,C503807,cash withdrawal,657.0,CAD
CA00049323,2025-06-27,BR026,TLR-4190,C502923,cash deposit,1051.45,CAD
CA00049932,2025-06-14,BR029,TLR-4731,C500590,cash deposit,2269.17,CAD
CA00045600,2025-06-23,BR006,TLR-7239,C503126,cash withdrawal,441.14,CAD
CA00048120,2025-06-30,BR019,TLR-7311,C500884,cash deposit,1724.84,CAD
CA00048154,2025-06-06,BR019,TLR-9425,C503942,cash withdrawal,672.36,CAD
CA00048578,2025-06-19,BR021,TLR-7509,C501423,cash withdrawal,529.55,CAD
CA00046058,2025-06-22,BR008,TLR-3254,C501575,cash deposit,697.11,CAD
CA00050888,2025-06-14,BR034,TLR-9971,C501947,cash withdrawal,1027.05,CAD
CA00044689,2025-06-26,BR002,TLR-8431,C501066,cash withdrawal,-240372,CAD
CA00047359,2025-06-08,BR015,TLR-8294,C501585,cash withdrawal,1103.18,CAD
CA00044910,2025-06-11,BR003,TLR-7212,C502667,cash deposit,722.25,CAD
CA00050546,2025-06-25,BR031,TLR-3625,C501518,cash withdrawal,1920.57,CAD
CA00048255,2025-06-04,BR020,TLR-6197,C500423,cash deposit,665.02,USD
CA00051232,2025-06-12,BR035,TLR-2413,C502806,cash withdrawal,1068.8,CAD
CA00046160,2025-06-22,BR009,TLR-5611,C500515,cash deposit,1003.43,CAD
CA00047320,2025-06-22,BR015,TLR-4243,C503694,cash withdrawal,38471,CAD
CA00049167,2025-06-19,BR025,TLR-5880,C501739,cash withdrawal,-790.35,CAD
CA00048766,2025-06-21,BR023,TLR-6332,C500619,cash deposit,1136.67,CAD
CA00045788,2025-06-22,BR007,TLR-3246,C501775,cash withdrawal,813.99,CAD
CA00052834,2025-06-20,BR040,TLR-9857,C500135,cash deposit,821.06,CAD
CA00051124,2025-06-10,BR035,TLR-4616,C503044,cash withdrawal,443.98,CAD
CA00047656,2025-06-03,BR017,TLR-4316,C500906,cash deposit,977.45,CAD
CA00052441,2025-06-07,BR040,TLR-6998,C500009,cash withdrawal,713.0,CAD
CA00049909,2025-06-12,BR029,TLR-7867,C502159,cash deposit,136307,CAD
CA00045912,2025-06-13,BR008,TLR-6027,C501310,cash withdrawal,729.52,CAD
CA00046745,2025-06-05,BR012,TLR-5314,C500784,cash deposit,124616,CAD
CA00046153,2025-06-25,BR009,TLR-4513,C503513,cash deposit,988.51,CAD
CA00052143,2025-06-06,BR039,TLR-6152,C502529,cash deposit,349.53,CAD
CA00044390,2025-06-26,BR001,TLR-9186,C502083,cash withdrawal,1142.9,CAD
CA00052053,2025-06-09,BR038,TLR-5843,C500930,cash withdrawal,3083.33,CAD
CA00045226,2025-06-15,BR004,TLR-6469,C500601,cash deposit,2250.04,CAD
CA00050842,2025-06-16,BR034,TLR-4857,C501046,cash deposit,1166.78,CAD
CA00047685,2025-06-11,BR017,TLR-9993,C503863,cash deposit,823.64,CAD
CA00051120,2025-06-22,BR035,TLR-1818,C501144,cash withdrawal,2419.45,CAD
CA00053263,2025-06-05,BR040,TLR-5380,C500460,cash withdrawal,1192.6,CAD
CA00050550,2025-06-08,BR032,TLR-3175,C500282,cash deposit,85236,CAD
CA00045552,2025-06-15,BR006,TLR-5045,C503705,cash deposit,6245.6,CAD
CA00052542,2025-06-02,BR040,TLR-9774,C502884,cash withdrawal,760.5,CAD
CA00044389,2025-06-27,BR001,TLR-2180,C503594,cash withdrawal,953.37,CAD
CA00049343,2025-06-14,BR026,TLR-4753,C500750,cash deposit,687.7,CAD
CA00049428,2025-06-28,BR026,TLR-4206,C501511,cash deposit,331916,CAD
CA00044388,2025-06-21,BR001,TLR-8669,C503656,cash deposit,1010.7,CAD
CA00052909,2025-06-26,BR040,TLR-1641,C502981,cash deposit,409.12,CAD
CA00052257,2025-06-01,BR039,TLR-1772,C503371,cash deposit,799.39,CAD
CA00047840,2025-06-01,BR018,TLR-5364,C502467,cash deposit,960.57,CAD
CA00045991,2025-06-12,BR008,TLR-5489,C503976,cash deposit,1228.68,CAD
CA00048980,2025-06-14,BR024,TLR-9414,C500267,cash deposit,1720.38,CAD
CA00045193,2025-06-06,BR004,TLR-1557,C503406,cash withdrawal,436.11,CAD
CA00044926,2025-06-13,BR003,TLR-7678,C500955,cash withdrawal,2611.25,CAD
CA00047474,2025-06-04,BR016,TLR-1269,C501178,cash deposit,440.23,CAD
CA00046381,2025-06-01,BR010,TLR-1833,C502426,cash deposit,315.76,CAD
CA00049373,2025-06-10,BR026,TLR-4173,C501118,cash deposit,1625.27,CAD
CA00045459,2025-06-01,BR006,TLR-4679,C502946,cash deposit,2184.78,CAD
