TransactionID,Date,BranchCode,TellerID,CustomerID,TransactionType,Amount,Currency
CA00001734,2025-01-24,BR008,TLR-3514,C503795,cash withdrawal,1441.44,CAD
CA00001878,2025-01-17,BR009,TLR-9612,C502348,cash withdrawal,4620.62,CAD
CA00001393,2025-01-17,BR007,TLR-4240,C500628,cash deposit,886.22,CAD
CA00005103,2025-01-26,BR026,TLR-3525,C500461,cash deposit,805.99,CAD
CA00002946,2025-01-15,BR015,TLR-1584,C502022,cash deposit,895.82,CAD
CA00005541,2025-01-15,BR028,TLR-5909,C500270,cash deposit,1004.89,CAD
CA00005018,2025-01-09,BR026,TLR-4970,C502617,cash withdrawal,-988.98,CAD
CA00006887,2025-01-20,BR035,TLR-2931,C502841,cash withdrawal,853.28,CAD
CA00003762,2025-01-25,BR019,TLR-1406,C502850,cash withdrawal,2090.92,CAD
CA00002318,2025-01-06,BR012,TLR-2482,C500582,cash withdrawal,997.19,CAD
CA00008252,2025-01-12,BR040,TLR-3540,C503801,cash deposit,1553.83,CAD
CA00006776,2025-01-04,BR035,TLR-6669,C502430,cash deposit,683.34,CAD
CA00000879,2025-01-09,BR004,TLR-8141,C503940,cash deposit,2748.54,CAD
CA00008466,2025-01-09,BR040,TLR-6064,C501160,cash withdrawal,771.28,CAD
CA00002741,2025-01-01,BR015,TLR-3507,C503151,cash withdrawal,344.61,CAD
CA00007463,2025-01-02,BR037,TLR-6502,C500133,cash deposit,1036.23,CAD
CA00000227,2025-01-06,BR001,TLR-6574,C500326,cash deposit,2120.24,CAD
CA00003779,2025-01-29,BR019,TLR-2765,C501533,cash withdrawal,677.22,CAD
CA00008227,2025-01-27,BR040,TLR-8114,C501750,cash withdrawal,1880.42,CAD
CA00004337,2025-01-03,BR023,TLR-5209,C501511,cash withdrawal,1038.75,CAD
CA00008651,2025-01-05,BR040,TLR-3148,C501917,cash withdrawal,776.72,CAD
CA00006293,2025-01-01,BR032,TLR-6350,C501419,cash withdrawal,755.74,CAD
CA00001521,2025-01-31,BR007,TLR-6494,C502938,cash deposit,203.46,CAD
CA00003469,2025-01-11,BR018,TLR-2744,C501197,cash deposit,1493.03,CAD
CA00002970,2025-01-19,BR015,TLR-4398,C500391,cash withdrawal,957.52,CAD
CA00000013,2025-01-20,BR001,TLR-5889,C502785,cash withdrawal,593.2,CAD
CA00003555,2025-01-07,BR018,TLR-2441,C503251,cash withdrawal,235.09,CAD
CA00004201,2025-01-04,BR021,TLR-5512,C501951,cash deposit,355.33,CAD
CA00000016,2025-01-06,BR001,TLR-9327,C502107,cash deposit,710.71,CAD
CA00000224,2025-01-20,BR001,TLR-2122,C502333,cash withdrawal,497.3,CAD
CA00001669,2025-01-16,BR008,TLR-4585,C503111,cash withdrawal,695.44,CAD
CA00007670,2025-01-13,BR038,TLR-1450,C502050,cash deposit,708.72,CAD
CA00004822,2025-01-14,BR025,TLR-4903,C503737,cash deposit,1252.71,CAD
CA00003773,2025-01-21,BR019,TLR-3244,C502653,cash deposit,1792.17,CAD
CA00004531,2025-01-25,BR024,TLR-7058,C500539,cash deposit,980.8,CAD
CA00006524,2025-01-17,BR033,TLR-9116,C503735,cash deposit,748.47,CAD
CA00008491,2025-01-31,BR040,TLR-3908,C500691,cash deposit,423.39,CAD
CA00008603,2025-01-08,BR040,TLR-9539,C500291,cash deposit,953.57,CAD
CA00004093,2025-01-25,BR021,TLR-5652,C502289,cash deposit,430.37,CAD
CA00003174,2025-01-19,BR016,TLR-8855,C500689,cash deposit,529.54,CAD
CA00006348,2025-01-14,BR032,TLR-1994,C502274,cash withdrawal,1066.93,CAD
CA00004260,2025-01-27,BR022,TLR-1834,C502895,cash deposit,778.82,CAD
CA00003303,2025-01-27,BR017,TLR-9491,C503248,cash deposit,2765.67,CAD
CA00002274,2025-01-02,BR012,TLR-7116,C501517,cash withdrawal,1082.11,CAD
CA00000697,2025-01-17,BR003,TLR-5927,C500270,cash deposit,1035.31,CAD
CA00002724,2025-01-07,BR015,TLR-4640,C502789,cash withdrawal,576.79,CAD
CA00000221,2025-01-28,BR001,TLR-1866,C502398,cash withdrawal,2050.3,CAD
CA00004157,2025-01-15,BR021,TLR-7134,C501278,cash deposit,667.47,CAD
CA00002035,2025-01-17,BR010,TLR-2800,C501258,cash deposit,143.63,CAD
CA00003101,2025-01-29,BR016,TLR-7536,C502358,cash deposit,627.17,CAD
CA00001871,2025-01-24,BR009,TLR-9183,C500991,cash withdrawal,324.93,CAD
CA00006893,2025-01-23,BR035,TLR-7451,C503625,cash deposit,651.24,CAD
CA00008306,2025-01-10,BR040,TLR-5318,C501632,cash deposit,979.63,CAD
CA00008127,2025-01-25,BR040,TLR-4649,C503389,cash withdrawal,766.2,CAD
CA00008192,2025-01-18,BR040,TLR-5999,C500160,cash withdrawal,225.1,CAD
CA00003226,2025-01-02,BR017,TLR-7426,C503498,cash withdrawal,461.37,CAD
CA00005101,2025-01-21,BR026,TLR-3684,C503902,cash withdrawal,-1086.68,CAD
CA00001110,2025-01-20,BR006,TLR-6906,C501276,cash deposit,3079.08,CAD
CA00006782,2025-01-24,BR035,TLR-1515,C500401,cash withdrawal,632.89,CAD
CA00004821,2025-01-07,BR025,TLR-5845,C500779,cash withdrawal,-630.76,CAD
CA00001961,2025-01-07,BR010,TLR-3789,C500765,cash deposit,1348.41,CAD
CA00007237,2025-01-28,BR036,TLR-5919,C502454,cash withdrawal,342.3,CAD
CA00005948,2025-01-28,BR030,TLR-7660,C503251,cash withdrawal,291.11,CAD
CA00008446,2025-01-22,BR040,TLR-9739,C500848,cash withdrawal,510.04,CAD
CA00007531,2025-01-29,BR037,TLR-9143,C501661,cash deposit,947.71,CAD
CA00004483,2025-01-11,BR024,TLR-1282,C502191,cash deposit,1677.19,CAD
CA00003131,2025-01-03,BR016,TLR-1691,C500962,cash withdrawal,965.16,CAD
CA00002473,2025-01-09,BR013,TLR-9269,C502321,cash deposit,1792.94,CAD
CA00000809,2025-01-16,BR004,TLR-5168,C500451,cash withdrawal,1480.87,CAD
CA00008082,2025-01-16,BR040,TLR-7335,C501757,cash withdrawal,937.04,CAD
CA00002894,2025-01-27,BR015,TLR-2980,C502529,cash withdrawal,825.19,CAD
CA00002959,2025-01-28,BR015,TLR-3491,C503883,cash deposit,864.99,CAD
CA00002692,2025-01-09,BR014,TLR-1944,C502132,cash deposit,782.91,CAD
CA00000859,2025-01-15,BR004,TLR-9931,C500207,cash deposit,1799.31,CAD
CA00007850,2025-01-04,BR039,TLR-6759,C501951,cash withdrawal,569.74,CAD
CA00006638,2025-01-02,BR034,TLR-7736,C503462,cash deposit,455.95,CAD
CA00000337,2025-01-04,BR002,TLR-5735,C503764,cash withdrawal,-542.48,CAD
CA00004805,2025-01-29,BR025,TLR-6532,C502213,cash deposit,876.85,CAD
CA00001861,2025-01-25,BR009,TLR-1183,C500534,cash deposit,1109.34,CAD
CA00003514,2025-01-27,BR018,TLR-9484,C503954,cash deposit,1195.69,CAD
CA00004525,2025-01-03,BR024,TLR-4533,C500514,cash deposit,1091.25,CAD
CA00003368,2025-01-11,BR017,TLR-8910,C501140,cash withdrawal,2390.61,CAD
CA00003076,2025-01-13,BR016,TLR-9573,C503825,cash deposit,357.95,CAD
CA00006211,2025-01-07,BR031,TLR-6190,C502684,cash deposit,747.48,CAD
CA00005558,2025-01-09,BR029,TLR-5818,C503213,cash deposit,328.28,CAD
CA00002506,2025-01-11,BR014,TLR-8867,C502364,cash deposit,1154.68,CAD
CA00000075,2025-01-11,BR001,TLR-9909,C502343,cash withdrawal,1191.49,CAD
CA00005291,2025-01-28,BR027,TLR-2348,C502165,cash deposit,1825.7,CAD
CA00006187,2025-01-05,BR031,TLR-6925,C502370,cash deposit,773.51,CAD
CA00008111,2025-01-30,BR040,TLR-8803,C502140,cash withdrawal,1734.45,CAD
CA00007234,2025-01-22,BR036,TLR-4343,C501250,cash withdrawal,1032.15,CAD
CA00007880,2025-01-28,BR039,TLR-2280,C501187,cash withdrawal,1835.55,CAD
CA00001085,2025-01-01,BR005,TLR-5739,C501855,cash deposit,594.59,CAD
CA00001355,2025-01-04,BR007,TLR-7323,C501442,cash withdrawal,718.23,CAD
CA00008015,2025-01-19,BR040,TLR-3892,C500855,cash withdrawal,1048.66,CAD
CA00004395,2025-01-04,BR023,TLR-1634,C503458,cash withdrawal,979.67,CAD
CA00000141,2025-01-27,BR001,TLR-4656,C502681,cash deposit,741.91,CAD
CA00006325,2025-01-23,BR032,TLR-8051,C502697,cash withdrawal,3328.16,CAD
CA00000766,2025-01-17,BR004,TLR-3487,C501210,cash withdrawal,1467.62,CAD
CA00000582,2025-01-06,BR003,TLR-6225,C502835,cash withdrawal,2363.94,CAD
CA00000745,2025-01-21,BR003,TLR-8389,C500359,cash deposit,299.57,CAD
CA00006401,2025-01-12,BR032,TLR-4357,C501277,cash withdrawal,560.1,CAD
CA00001088,2025-01-09,BR006,TLR-5009,C501234,cash deposit,1724.39,CAD
CA00003040,2025-01-20,BR016,TLR-4597,C502026,cash deposit,254.24,CAD
CA00002163,2025-01-09,BR011,TLR-2381,C501282,cash withdrawal,806.08,CAD
CA00002132,2025-01-31,BR011,TLR-9737,C503560,cash deposit,859.54,CAD
CA00006043,2025-01-27,BR031,TLR-6749,C502349,cash withdrawal,1163.92,CAD
CA00005611,2025-01-26,BR029,TLR-2914,C500887,cash withdrawal,1210.87,CAD
CA00004391,2025-01-07,BR023,TLR-5772,C503537,cash withdrawal,2464.03,CAD
CA00005584,2025-01-11,BR029,TLR-4388,C503514,cash deposit,766.46,CAD
CA00006831,2025-01-13,BR035,TLR-3358,C502936,cash deposit,1729.15,CAD
CA00003136,2025-01-14,BR016,TLR-8715,C500828,cash deposit,790.21,CAD
CA00000658,2025-01-14,BR003,TLR-9585,C500663,cash deposit,985.24,CAD
CA00008264,2025-01-14,BR040,TLR-7371,C501281,cash deposit,579.26,CAD
CA00002796,2025-01-15,BR015,TLR-3410,C500227,cash deposit,1360.44,CAD
CA00006240,2025-01-31,BR031,TLR-8213,C503484,cash deposit,2257.47,CAD
CA00002377,2025-01-19,BR012,TLR-3872,C500717,cash deposit,9647.58,CAD
CA00003415,2025-01-27,BR017,TLR-4302,C503666,cash withdrawal,412.84,CAD
CA00007583,2025-01-24,BR037,TLR-9773,C501344,cash deposit,1320.29,CAD
CA00000127,2025-01-13,BR001,TLR-4849,C500704,cash withdrawal,591.59,CAD
CA00002127,2025-01-23,BR011,TLR-1375,C500991,cash withdrawal,1173.78,CAD
CA00006045,2025-01-04,BR031,TLR-1465,C502509,cash deposit,513.31,CAD
CA00007521,2025-01-04,BR037,TLR-1943,C502305,cash deposit,1533.06,CAD
CA00007545,2025-01-17,BR037,TLR-7734,C503134,cash withdrawal,1258.88,CAD
CA00005927,2025-01-11,BR030,TLR-8208,C503996,cash withdrawal,508.69,CAD
CA00004723,2025-01-15,BR024,TLR-7913,C503709,cash deposit,605.54,CAD
CA00004842,2025-01-10,BR025,TLR-1006,C500978,cash deposit,802.68,CAD
CA00007256,2025-01-05,BR036,TLR-9155,C502558,cash deposit,1518.14,CAD
CA00000835,2025-01-16,BR004,TLR-8195,C501263,cash deposit,1302.78,CAD
CA00006302,2025-01-15,BR032,TLR-2774,C503840,cash withdrawal,832.37,CAD
CA00002564,2025-01-04,BR014,TLR-6770,C503725,cash withdrawal,954.97,CAD
CA00001566,2025-01-04,BR007,TLR-6099,C502126,cash withdrawal,882.92,CAD
CA00004293,2025-01-21,BR022,TLR-8082,C503467,cash deposit,651.99,CAD
CA00005543,2025-01-28,BR028,TLR-6371,C502841,cash deposit,2459.21,CAD
CA00008613,2025-01-02,BR040,TLR-5456,C502190,cash deposit,635.44,CAD
CA00002489,2025-01-15,BR013,TLR-7826,C501967,cash deposit,1815.25,CAD
CA00006482,2025-01-18,BR033,TLR-2377,C500458,cash withdrawal,405.14,CAD
CA00008540,2025-01-29,BR040,TLR-3840,C503171,cash withdrawal,820.88,CAD
CA00001056,2025-01-17,BR005,TLR-1704,C500780,cash withdrawal,451.54,CAD
CA00003191,2025-01-28,BR016,TLR-7201,C503177,cash deposit,540.31,CAD
CA00001302,2025-01-09,BR006,TLR-7780,C502526,cash withdrawal,678.61,CAD
CA00000842,2025-01-22,BR004,TLR-2996,C503090,cash deposit,1687.92,CAD
CA00008072,2025-01-29,BR040,TLR-7271,C502711,cash withdrawal,358.37,CAD
CA00004310,2025-01-22,BR022,TLR-2225,C501072,cash withdrawal,966.43,CAD
CA00006766,2025-01-20,BR034,TLR-9684,C503868,cash withdrawal,857.23,CAD
CA00003793,2025-01-27,BR019,TLR-6261,C501311,cash withdrawal,361.86,CAD
CA00001256,2025-01-03,BR006,TLR-3251,C501653,cash deposit,1629.48,CAD
CA00001334,2025-01-16,BR006,TLR-8839,C501670,cash deposit,1625.99,CAD
CA00004107,2025-01-20,BR021,TLR-7584,C502123,cash withdrawal,1087.97,CAD
CA00008543,2025-01-30,BR040,TLR-8783,C503894,cash deposit,710.12,CAD
CA00053285,2025-01-14,BR019,TLR-2862,W977935,cash deposit,404.2,CAD
CA00006755,2025-01-03,BR034,TLR-3951,C500103,cash deposit,1236.78,CAD
CA00005680,2025-01-28,BR029,TLR-9134,C502124,cash deposit,1081.02,CAD
CA00000442,2025-01-11,BR002,TLR-6305,C501411,cash deposit,178.98,CAD
CA00008006,2025-01-20,BR040,TLR-1962,C501025,cash deposit,427.84,CAD
CA00002505,2025-01-24,BR014,TLR-4302,C503806,cash deposit,1815.41,CAD
CA00003806,2025-01-29,BR019,TLR-2733,C500033,cash withdrawal,118.53,CAD
CA00004414,2025-01-02,BR023,TLR-8287,C503652,cash withdrawal,859.6,CAD
CA00005521,2025-01-10,BR028,TLR-3634,C500880,cash withdrawal,1965.91,CAD
CA00003624,2025-01-18,BR019,TLR-3458,C501229,cash deposit,1009.7,CAD
CA00002879,2025-01-20,BR015,TLR-8170,C501019,cash deposit,125.85,CAD
CA00002980,2025-01-26,BR015,TLR-2470,C500028,cash deposit,1711.58,CAD
CA00005386,2025-01-02,BR027,TLR-4523,C501142,cash withdrawal,302.45,CAD
CA00000361,2025-01-23,BR002,TLR-3306,C502836,cash deposit,1275.17,CAD
CA00001369,2025-01-25,BR007,TLR-2560,C503811,cash deposit,1119.42,CAD
CA00006772,2025-01-14,BR035,TLR-2862,C500995,cash deposit,2998.64,CAD
CA00008365,2025-01-18,BR040,TLR-7522,C502678,cash deposit,1091.27,CAD
CA00001601,2025-01-03,BR008,TLR-7889,C500011,cash withdrawal,362.18,CAD
CA00002923,2025-01-04,BR015,TLR-7637,C500525,cash deposit,2011.75,CAD
CA00001221,2025-01-09,BR006,TLR-4585,C503606,cash deposit,832.24,CAD
CA00003575,2025-01-03,BR019,TLR-4876,C501952,cash withdrawal,1070.79,CAD
CA00002365,2025-01-26,BR012,TLR-5590,C502525,cash deposit,1780.02,CAD
CA00002445,2025-01-29,BR013,TLR-4320,C501049,cash deposit,167.98,CAD
CA00005354,2025-01-23,BR027,TLR-2371,C500195,cash withdrawal,2365.49,CAD
CA00008391,2025-01-15,BR040,TLR-6110,C503403,cash withdrawal,345.61,CAD
CA00006899,2025-01-08,BR035,TLR-6360,C503340,cash withdrawal,868.96,CAD
CA00003650,2025-01-29,BR019,TLR-9304,C503362,cash deposit,1369.47,CAD
CA00005198,2025-01-19,BR026,TLR-6360,C501680,cash withdrawal,-403.63,CAD
CA00006938,2025-01-18,BR035,TLR-3249,C502834,cash withdrawal,1512.91,CAD
CA00008526,2025-01-03,BR040,TLR-1806,C503993,cash withdrawal,192.25,CAD
CA00005613,2025-01-02,BR029,TLR-1444,C500102,cash deposit,1569.34,CAD
CA00000188,2025-01-23,BR001,TLR-7329,C500065,cash withdrawal,1684.44,CAD
CA00007881,2025-01-10,BR039,TLR-8679,C500111,cash deposit,820.07,CAD
CA00001117,2025-01-13,BR006,TLR-6989,C503038,cash deposit,1089.63,CAD
CA00004921,2025-01-22,BR025,TLR-5325,C502889,cash withdrawal,-472.73,CAD
CA00000114,2025-01-29,BR001,TLR-5951,C501417,cash deposit,2692.95,CAD
CA00005060,2025-01-03,BR026,TLR-8608,C500280,cash withdrawal,-1396.39,CAD
CA00004331,2025-01-06,BR023,TLR-6980,C503335,cash deposit,202.18,CAD
CA00001040,2025-01-08,BR005,TLR-1730,C503341,cash withdrawal,710.59,CAD
CA00002010,2025-01-02,BR010,TLR-5102,C503574,cash withdrawal,1451.37,CAD
CA00000363,2025-01-28,BR002,TLR-6403,C503400,cash deposit,251.5,CAD
CA00002401,2025-01-21,BR013,TLR-6867,C503249,cash deposit,1037.6,CAD
CA00000562,2025-01-14,BR003,TLR-4764,C503271,cash withdrawal,1290.81,CAD
CA00008678,2025-01-27,BR040,TLR-2456,C500615,cash deposit,486.76,CAD
CA00005623,2025-01-25,BR029,TLR-4926,C503056,cash withdrawal,1010.58,CAD
CA00002153,2025-01-16,BR011,TLR-7652,C502021,cash withdrawal,388.38,CAD
CA00000510,2025-01-04,BR002,TLR-1949,C502480,cash deposit,654.3,CAD
CA00000743,2025-01-21,BR003,TLR-3483,C500385,cash withdrawal,463.46,CAD
CA00008022,2025-01-04,BR040,TLR-7535,C503881,cash deposit,374.28,CAD
CA00004917,2025-01-06,BR025,TLR-2097,C503783,cash deposit,754.7,CAD
CA00003038,2025-01-21,BR016,TLR-9060,C502526,cash withdrawal,1323.02,CAD
CA00001596,2025-01-27,BR008,TLR-1484,C502329,cash deposit,647.75,CAD
CA00006707,2025-01-13,BR034,TLR-4961,C502240,cash deposit,1480.36,CAD
CA00004855,2025-01-21,BR025,TLR-7833,C500540,cash withdrawal,-439.38,CAD
CA00001072,2025-01-17,BR005,TLR-6839,C502030,cash withdrawal,706.17,CAD
CA00000210,2025-01-28,BR001,TLR-4080,C503932,cash withdrawal,442.56,CAD
CA00007393,2025-01-18,BR037,TLR-1133,C501474,cash withdrawal,794.95,CAD
CA00002966,2025-01-31,BR015,TLR-7880,C503232,cash withdrawal,529.38,CAD
CA00004526,2025-01-15,BR024,TLR-1356,C501305,cash withdrawal,448.57,CAD
CA00008425,2025-01-27,BR040,TLR-4091,C500001,cash deposit,348.02,CAD
CA00001955,2025-01-07,BR010,TLR-1787,C503769,cash withdrawal,2901.76,CAD
CA00005050,2025-01-24,BR026,TLR-7995,C500718,cash withdrawal,-412.71,CAD
CA00005355,2025-01-21,BR027,TLR-9787,C503833,cash withdrawal,2064.47,CAD
CA00008475,2025-01-26,BR040,TLR-2118,C501871,cash deposit,525.82,CAD
CA00001421,2025-01-08,BR007,TLR-4065,C501063,cash withdrawal,1051.8,CAD
CA00002263,2025-01-30,BR012,TLR-8552,C500601,cash deposit,2121.08,CAD
CA00004720,2025-01-21,BR024,TLR-7775,C501744,cash deposit,1195.41,CAD
CA00005723,2025-01-02,BR030,TLR-1085,C503333,cash deposit,725.24,CAD
CA00006627,2025-01-04,BR034,TLR-9004,C501046,cash withdrawal,1291.77,CAD
CA00006249,2025-01-01,BR031,TLR-3213,C500090,cash deposit,383.66,CAD
CA00006379,2025-01-31,BR032,TLR-4470,C501237,cash deposit,1836.02,CAD
CA00001498,2025-01-12,BR007,TLR-4060,C501892,cash withdrawal,444.13,CAD
CA00007585,2025-01-27,BR037,TLR-6885,C501739,cash withdrawal,3312.27,CAD
CA00002226,2025-01-10,BR012,TLR-8460,C502830,cash deposit,542.07,CAD
CA00006058,2025-01-30,BR031,TLR-6369,C503165,cash withdrawal,1169.77,CAD
CA00003574,2025-01-14,BR019,TLR-3829,C502375,cash deposit,1058.64,CAD
CA00007456,2025-01-04,BR037,TLR-7209,C501471,cash withdrawal,515.91,CAD
CA00008564,2025-01-04,BR040,TLR-1188,C503758,cash withdrawal,2687.6,CAD
CA00003020,2025-01-07,BR016,TLR-8896,C502925,cash deposit,635.85,CAD
CA00002856,2025-01-27,BR015,TLR-9283,C501201,cash deposit,687.82,CAD
CA00006716,2025-01-03,BR034,TLR-5999,C502846,cash deposit,423.82,CAD
CA00006421,2025-01-20,BR032,TLR-5042,C503082,cash deposit,625.32,CAD
CA00006962,2025-01-17,BR035,TLR-2486,C501878,cash withdrawal,1366.34,CAD
CA00007971,2025-01-15,BR039,TLR-9060,C502013,cash withdrawal,532.42,CAD
CA00004173,2025-01-10,BR021,TLR-1854,C501897,cash deposit,1862.67,CAD
CA00001868,2025-01-12,BR009,TLR-1093,C501588,cash withdrawal,439.37,CAD
CA00008028,2025-01-27,BR040,TLR-9804,C500314,cash deposit,518.41,CAD
CA00002344,2025-01-03,BR012,TLR-6018,C501964,cash deposit,10062.16,CAD
CA00000731,2025-01-17,BR003,TLR-1677,C501220,cash deposit,230.32,CAD
CA00001969,2025-01-01,BR010,TLR-3748,C500379,cash withdrawal,1742.61,CAD
CA00007152,2025-01-23,BR036,TLR-2926,C503092,cash withdrawal,1038.0,CAD
CA00008348,2025-01-21,BR040,TLR-6116,C503118,cash withdrawal,2376.84,CAD
CA00001066,2025-01-16,BR005,TLR-4187,C500634,cash withdrawal,408.99,CAD
CA00005834,2025-01-05,BR030,TLR-7118,C500483,cash withdrawal,229.51,CAD
CA00002098,2025-01-09,BR011,TLR-3611,C502392,cash deposit,302.45,CAD
CA00003610,2025-01-03,BR019,TLR-4362,C502229,cash withdrawal,3235.44,CAD
CA00005316,2025-01-22,BR027,TLR-8366,C501361,cash withdrawal,1667.92,CAD
CA00003434,2025-01-17,BR017,TLR-6897,C501008,cash deposit,1310.11,CAD
CA00000827,2025-01-30,BR004,TLR-2239,C503101,cash deposit,1087.66,CAD
CA00001186,2025-01-22,BR006,TLR-7498,C502589,cash deposit,1217.43,CAD
CA00007446,2025-01-02,BR037,TLR-9397,C503753,cash withdrawal,1407.09,CAD
CA00004745,2025-01-07,BR024,TLR-7486,C503696,cash withdrawal,1376.33,CAD
CA00004812,2025-01-28,BR025,TLR-5608,C501439,cash withdrawal,-1863.48,CAD
CA00004555,2025-01-29,BR024,TLR-8502,C503994,cash deposit,476.59,CAD
CA00008182,2025-01-24,BR040,TLR-4603,C501465,cash deposit,326.49,CAD
CA00008495,2025-01-26,BR040,TLR-1368,C503002,cash withdrawal,828.68,CAD
CA00001967,2025-01-06,BR010,TLR-4186,C502489,cash deposit,455.68,CAD
CA00007730,2025-01-16,BR038,TLR-9641,C501007,cash withdrawal,349.39,CAD
CA00004227,2025-01-20,BR021,TLR-6093,C503531,cash withdrawal,383.69,CAD
CA00008645,2025-01-12,BR040,TLR-1689,C501244,cash deposit,441.8,CAD
CA00004601,2025-01-24,BR024,TLR-5045,C503479,cash deposit,1138.3,CAD
CA00003505,2025-01-30,BR018,TLR-8324,C502249,cash deposit,1031.85,CAD
CA00004231,2025-01-20,BR021,TLR-8893,C503686,cash deposit,260.82,CAD
CA00008027,2025-01-30,BR040,TLR-2781,C502546,cash deposit,416.15,CAD
CA00003617,2025-01-31,BR019,TLR-4122,C501790,cash deposit,351.55,CAD
CA00008138,2025-01-21,BR040,TLR-1623,C500138,cash withdrawal,512.29,CAD
CA00005339,2025-01-24,BR027,TLR-4000,C502723,cash withdrawal,2339.46,CAD
CA00005829,2025-01-25,BR030,TLR-5844,C500330,cash withdrawal,2845.08,CAD
CA00004202,2025-01-25,BR021,TLR-2465,C501183,cash withdrawal,340.89,CAD
CA00000038,2025-01-27,BR001,TLR-9136,C500124,cash deposit,497.24,CAD
CA00006328,2025-01-26,BR032,TLR-5165,C503448,cash withdrawal,604.08,CAD
CA00002256,2025-01-20,BR012,TLR-6151,C500150,cash withdrawal,670.71,CAD
CA00006195,2025-01-31,BR031,TLR-9626,C503914,cash deposit,216.69,CAD
CA00008399,2025-01-15,BR040,TLR-5840,C502808,cash deposit,1068.26,CAD
CA00006342,2025-01-18,BR032,TLR-4983,C502285,cash deposit,2315.53,CAD
CA00003330,2025-01-13,BR017,TLR-1239,C501852,cash withdrawal,1176.98,CAD
CA00008593,2025-01-15,BR040,TLR-2051,C501474,cash deposit,2773.6,CAD
CA00004027,2025-01-08,BR020,TLR-8666,C503575,cash deposit,1193.57,USD
CA00002447,2025-01-28,BR013,TLR-3292,C500279,cash deposit,1589.26,CAD
CA00001043,2025-01-02,BR005,TLR-7908,C500347,cash deposit,1751.91,CAD
CA00000640,2025-01-18,BR003,TLR-9142,C502977,cash deposit,1091.17,CAD
CA00001022,2025-01-27,BR005,TLR-1160,C500861,cash deposit,815.62,CAD
CA00000668,2025-01-05,BR003,TLR-9555,C503861,cash deposit,827.5,CAD
CA00001662,2025-01-12,BR008,TLR-5340,C501871,cash deposit,2421.08,CAD
CA00005592,2025-01-06,BR029,TLR-5219,C501533,cash withdrawal,1814.91,CAD
CA00005895,2025-01-09,BR030,TLR-9517,C502726,cash withdrawal,754.1,CAD
CA00000266,2025-01-21,BR001,TLR-4332,C502941,cash deposit,1237.06,CAD
CA00000925,2025-01-31,BR004,TLR-1329,C501205,cash deposit,487.15,CAD
CA00002819,2025-01-23,BR015,TLR-5814,C500022,cash withdrawal,768.13,CAD
CA00005943,2025-01-18,BR030,TLR-6376,C502607,cash deposit,1242.76,CAD
CA00003846,2025-01-09,BR019,TLR-6424,C501271,cash deposit,1189.54,CAD
CA00001102,2025-01-29,BR006,TLR-9670,C502655,cash deposit,1430.4,CAD
CA00000037,2025-01-11,BR001,TLR-5440,C503304,cash deposit,1033.16,CAD
CA00000906,2025-01-02,BR004,TLR-8281,C502052,cash withdrawal,653.31,CAD
CA00006923,2025-01-22,BR035,TLR-9488,C501473,cash withdrawal,1708.19,CAD
CA00004505,2025-01-10,BR024,TLR-1714,C501715,cash deposit,1516.68,CAD
CA00003922,2025-01-12,BR020,TLR-3273,C501779,cash deposit,557.79,USD
CA00004203,2025-01-26,BR021,TLR-7130,C503773,cash withdrawal,1192.57,CAD
CA00002480,2025-01-02,BR013,TLR-7565,C502766,cash deposit,867.78,CAD
CA00007636,2025-01-20,BR038,TLR-4529,C503452,cash deposit,887.15,CAD
CA00004451,2025-01-16,BR024,TLR-6310,C502388,cash withdrawal,490.99,CAD
CA00005579,2025-01-26,BR029,TLR-8960,C501842,cash deposit,1607.14,CAD
CA00001649,2025-01-06,BR008,TLR-7383,C502552,cash withdrawal,2314.12,CAD
CA00006096,2025-01-31,BR031,TLR-2969,C500763,cash withdrawal,316.32,CAD
CA00005836,2025-01-11,BR030,TLR-3235,C500491,cash deposit,1958.72,CAD
CA00001203,2025-01-08,BR006,TLR-3510,C500994,cash withdrawal,1155.61,CAD
CA00000376,2025-01-16,BR002,TLR-9330,C503212,cash withdrawal,-986.87,CAD
CA00007384,2025-01-21,BR037,TLR-1155,C500390,cash deposit,1856.76,CAD
CA00004217,2025-01-08,BR021,TLR-7638,C502386,cash deposit,2020.4,CAD
CA00007697,2025-01-19,BR038,TLR-9633,C500334,cash withdrawal,1326.11,CAD
CA00006578,2025-01-26,BR033,TLR-9235,C500526,cash deposit,782.14,CAD
CA00008554,2025-01-18,BR040,TLR-5663,C502099,cash deposit,2029.62,CAD
CA00003176,2025-01-18,BR016,TLR-6283,C503236,cash deposit,786.28,CAD
CA00007877,2025-01-25,BR039,TLR-4259,C501905,cash withdrawal,434.3,CAD
CA00005699,2025-01-26,BR030,TLR-4339,C500223,cash withdrawal,371.3,CAD
CA00006244,2025-01-15,BR031,TLR-6459,C503381,cash deposit,1000.3,CAD
CA00006417,2025-01-02,BR032,TLR-6410,C503018,cash deposit,1414.0,CAD
CA00001252,2025-01-09,BR006,TLR-1676,C502565,cash deposit,1090.71,CAD
CA00004786,2025-01-19,BR025,TLR-4782,C502295,cash withdrawal,-222.76,CAD
CA00000196,2025-01-20,BR001,TLR-9746,C501760,cash deposit,634.88,CAD
CA00000593,2025-01-29,BR003,TLR-5535,C502261,cash deposit,649.22,CAD
CA00005441,2025-01-27,BR028,TLR-9804,C500916,cash deposit,2416.03,CAD
CA00008685,2025-01-01,BR040,TLR-7925,C501213,cash deposit,647.96,CAD
CA00002678,2025-01-06,BR014,TLR-1552,C501355,cash deposit,727.07,CAD
CA00000989,2025-01-13,BR004,TLR-7995,C503182,cash withdrawal,1450.36,CAD
CA00001054,2025-01-22,BR005,TLR-7904,C500975,cash deposit,656.84,CAD
CA00005116,2025-01-10,BR026,TLR-6751,C503145,cash withdrawal,-650.66,CAD
CA00001536,2025-01-26,BR007,TLR-3846,C503017,cash withdrawal,2187.75,CAD
CA00002056,2025-01-21,BR010,TLR-1980,C502317,cash withdrawal,1199.51,CAD
CA00003296,2025-01-14,BR017,TLR-7110,C500495,cash withdrawal,1769.13,CAD
CA00005962,2025-01-24,BR030,TLR-1602,C503543,cash withdrawal,1499.35,CAD
CA00002811,2025-01-04,BR015,TLR-6195,C503797,cash withdrawal,1251.8,CAD
CA00002217,2025-01-18,BR012,TLR-1336,C500857,cash deposit,1785.3,CAD
CA00005275,2025-01-13,BR027,TLR-4274,C500282,cash deposit,2345.85,CAD
CA00008673,2025-01-12,BR040,TLR-3806,C502660,cash withdrawal,3549.41,CAD
CA00007538,2025-01-11,BR037,TLR-8672,C502161,cash withdrawal,261.22,CAD
CA00000194,2025-01-12,BR001,TLR-7139,C502719,cash withdrawal,277.8,CAD
CA00007023,2025-01-02,BR036,TLR-8873,C503978,cash deposit,879.18,CAD
CA00007074,2025-01-19,BR036,TLR-8735,C503556,cash deposit,2221.66,CAD
CA00002273,2025-01-07,BR012,TLR-3557,C503944,cash deposit,675.91,CAD
CA00008648,2025-01-06,BR040,TLR-1992,C501864,cash withdrawal,440.48,CAD
CA00005534,2025-01-10,BR028,TLR-3486,C503399,cash withdrawal,1100.25,CAD
CA00000064,2025-01-23,BR001,TLR-6214,C502688,cash deposit,510.33,CAD
CA00006537,2025-01-28,BR033,TLR-6050,C503128,cash deposit,937.27,CAD
CA00001147,2025-01-24,BR006,TLR-1369,C500040,cash withdrawal,1294.5,CAD
CA00007739,2025-01-25,BR038,TLR-1868,C500434,cash deposit,2244.99,CAD
CA00003097,2025-01-29,BR016,TLR-1096,C501868,cash withdrawal,1425.27,CAD
CA00000791,2025-01-18,BR004,TLR-8692,C503732,cash withdrawal,1804.93,CAD
CA00006444,2025-01-05,BR033,TLR-8819,C500129,cash withdrawal,844.04,CAD
CA00002302,2025-01-28,BR012,TLR-9399,C500870,cash deposit,1386.66,CAD
CA00004469,2025-01-01,BR024,TLR-5551,C501820,cash deposit,216.62,CAD
CA00001209,2025-01-03,BR006,TLR-6286,C501455,cash deposit,819.92,CAD
CA00002156,2025-01-09,BR011,TLR-1844,C502010,cash deposit,1656.32,CAD
CA00004092,2025-01-22,BR021,TLR-9401,C500086,cash withdrawal,316.04,CAD
CA00001020,2025-01-11,BR004,TLR-7266,C503190,cash deposit,1675.79,CAD
CA00006757,2025-01-08,BR034,TLR-5746,C500848,cash withdrawal,1286.81,CAD
CA00006794,2025-01-17,BR035,TLR-5558,C500243,cash withdrawal,771.11,CAD
CA00000571,2025-01-02,BR003,TLR-1164,C502517,cash deposit,741.82,CAD
CA00002267,2025-01-16,BR012,TLR-5995,C503072,cash withdrawal,1777.68,CAD
CA00002313,2025-01-05,BR012,TLR-3315,C501657,cash deposit,908.53,CAD
CA00008336,2025-01-05,BR040,TLR-1059,C501698,cash withdrawal,665.94,CAD
CA00000459,2025-01-23,BR002,TLR-1209,C500372,cash deposit,865.8,CAD
CA00003960,2025-01-11,BR020,TLR-1313,C501199,cash deposit,633.46,USD
CA00001167,2025-01-22,BR006,TLR-3588,C502351,cash withdrawal,2214.47,CAD
CA00006318,2025-01-22,BR032,TLR-8314,C501528,cash deposit,1632.61,CAD
CA00005445,2025-01-16,BR028,TLR-4312,C500313,cash withdrawal,288.72,CAD
CA00001819,2025-01-24,BR009,TLR-2160,C502472,cash deposit,368.36,CAD
CA00002497,2025-01-07,BR013,TLR-4342,C503927,cash withdrawal,1413.91,CAD
CA00004339,2025-01-06,BR023,TLR-5498,C503325,cash deposit,745.59,CAD
CA00007952,2025-01-01,BR039,TLR-8444,C503462,cash deposit,687.27,CAD
CA00004316,2025-01-31,BR022,TLR-1449,C502108,cash withdrawal,1488.97,CAD
CA00000597,2025-01-18,BR003,TLR-6015,C502233,cash deposit,377.16,CAD
CA00002069,2025-01-10,BR010,TLR-7909,C502775,cash withdrawal,1661.84,CAD
CA00004729,2025-01-16,BR024,TLR-8020,C501224,cash withdrawal,1028.56,CAD
CA00002849,2025-01-15,BR015,TLR-2737,C500846,cash withdrawal,808.08,CAD
CA00003519,2025-01-14,BR018,TLR-3117,C500525,cash withdrawal,1833.24,CAD
CA00008591,2025-01-25,BR040,TLR-3877,C503738,cash deposit,613.96,CAD
CA00002404,2025-01-08,BR013,TLR-8978,C501620,cash withdrawal,581.13,CAD
CA00001496,2025-01-22,BR007,TLR-7247,C500891,cash withdrawal,1086.52,CAD
CA00000107,2025-01-06,BR001,TLR-2228,C502069,cash deposit,662.68,CAD
CA00000056,2025-01-27,BR001,TLR-6791,C502604,cash withdrawal,1126.69,CAD
CA00001530,2025-01-02,BR007,TLR-8248,C501397,cash withdrawal,2212.2,CAD
CA00001291,2025-01-02,BR006,TLR-2478,C500754,cash deposit,542.79,CAD
CA00008092,2025-01-09,BR040,TLR-7345,C500508,cash deposit,970.84,CAD
CA00005378,2025-01-16,BR027,TLR-7661,C500924,cash deposit,348.54,CAD
CA00002590,2025-01-24,BR014,TLR-5213,C501420,cash deposit,830.81,CAD
CA00007306,2025-01-27,BR037,TLR-4512,C503596,cash deposit,1355.73,CAD
CA00004802,2025-01-07,BR025,TLR-2584,C500935,cash withdrawal,-827.59,CAD
CA00004087,2025-01-21,BR021,TLR-2323,C503102,cash deposit,1364.09,CAD
CA00002752,2025-01-13,BR015,TLR-9415,C503027,cash deposit,1584.43,CAD
CA00001544,2025-01-28,BR007,TLR-4671,C501585,cash deposit,595.11,CAD
CA00000987,2025-01-05,BR004,TLR-6089,C503164,cash withdrawal,2260.06,CAD
CA00003095,2025-01-14,BR016,TLR-4368,C501912,cash deposit,235.59,CAD
CA00003406,2025-01-31,BR017,TLR-6729,C502233,cash deposit,1149.76,CAD
CA00007041,2025-01-31,BR036,TLR-5248,C501812,cash withdrawal,462.74,CAD
CA00001848,2025-01-29,BR009,TLR-1898,C500942,cash withdrawal,839.0,CAD
CA00005425,2025-01-16,BR028,TLR-9750,C502720,cash withdrawal,428.9,CAD
CA00002687,2025-01-02,BR014,TLR-6223,C500995,cash withdrawal,827.6,CAD
CA00001473,2025-01-18,BR007,TLR-4647,C500855,cash deposit,648.95,CAD
CA00006335,2025-01-29,BR032,TLR-2121,C501019,cash withdrawal,171.32,CAD
CA00006993,2025-01-08,BR035,TLR-4124,C502380,cash deposit,2160.85,CAD
CA00004043,2025-01-28,BR020,TLR-1242,C503189,cash deposit,449.04,USD
CA00005770,2025-01-17,BR030,TLR-1828,C503891,cash deposit,1555.56,CAD
CA00001824,2025-01-05,BR009,TLR-4322,C501129,cash deposit,501.37,CAD
CA00005754,2025-01-25,BR030,TLR-6077,C502010,cash deposit,423.41,CAD
CA00003363,2025-01-05,BR017,TLR-6275,C500943,cash deposit,899.34,CAD
CA00004529,2025-01-05,BR024,TLR-6754,C501849,cash withdrawal,1162.92,CAD
CA00004596,2025-01-16,BR024,TLR-8126,C503228,cash withdrawal,1018.76,CAD
CA00000208,2025-01-02,BR001,TLR-8621,C500986,cash withdrawal,2911.16,CAD
CA00001375,2025-01-21,BR007,TLR-6058,C503426,cash deposit,779.42,CAD
CA00006354,2025-01-10,BR032,TLR-1117,C503566,cash deposit,3669.91,CAD
CA00004815,2025-01-18,BR025,TLR-8069,C503739,cash withdrawal,-1706.79,CAD
CA00003228,2025-01-08,BR017,TLR-1997,C502243,cash deposit,1073.1,CAD
CA00002033,2025-01-26,BR010,TLR-7216,C500656,cash withdrawal,5180.58,CAD
CA00003996,2025-01-28,BR020,TLR-2442,C503260,cash deposit,1345.11,USD
CA00000331,2025-01-20,BR002,TLR-9906,C503947,cash withdrawal,-1657.65,CAD
CA00007912,2025-01-02,BR039,TLR-5431,C503259,cash withdrawal,3863.33,CAD
CA00005594,2025-01-24,BR029,TLR-6598,C500942,cash deposit,977.81,CAD
CA00005996,2025-01-09,BR030,TLR-6521,C503730,cash withdrawal,1100.9,CAD
CA00003591,2025-01-01,BR019,TLR-6806,C500685,cash withdrawal,4369.44,CAD
CA00007190,2025-01-03,BR036,TLR-3090,C502632,cash deposit,1306.87,CAD
CA00002575,2025-01-24,BR014,TLR-4085,C500792,cash deposit,2171.37,CAD
CA00007017,2025-01-02,BR036,TLR-4584,C503336,cash withdrawal,676.91,CAD
CA00007169,2025-01-12,BR036,TLR-7195,C502764,cash withdrawal,332.2,CAD
CA00001321,2025-01-03,BR006,TLR-6970,C502208,cash withdrawal,822.76,CAD
CA00005389,2025-01-25,BR027,TLR-8254,C500035,cash withdrawal,487.81,CAD
CA00004153,2025-01-22,BR021,TLR-9795,C502484,cash withdrawal,1852.09,CAD
CA00003700,2025-01-03,BR019,TLR-4391,C500324,cash deposit,841.07,CAD
CA00002348,2025-01-18,BR012,TLR-5540,C500849,cash deposit,2232.44,CAD
CA00006734,2025-01-05,BR034,TLR-9082,C500343,cash withdrawal,1101.18,CAD
CA00004508,2025-01-10,BR024,TLR-8426,C503602,cash deposit,223.47,CAD
CA00002329,2025-01-20,BR012,TLR-7391,C501772,cash withdrawal,2035.03,CAD
CA00003541,2025-01-06,BR018,TLR-8609,C500443,cash withdrawal,592.25,CAD
CA00006207,2025-01-14,BR031,TLR-9041,C503481,cash withdrawal,258.85,CAD
CA00005421,2025-01-22,BR027,TLR-1119,C500186,cash deposit,9654.94,CAD
CA00008378,2025-01-12,BR040,TLR-1014,C503447,cash withdrawal,1058.77,CAD
CA00003269,2025-01-25,BR017,TLR-9521,C500753,cash withdrawal,2360.05,CAD
CA00006641,2025-01-17,BR034,TLR-7882,C502606,cash deposit,1162.81,CAD
CA00006253,2025-01-09,BR031,TLR-9888,C500826,cash withdrawal,1289.07,CAD
CA00002284,2025-01-21,BR012,TLR-5069,C501180,cash deposit,1071.37,CAD
CA00008352,2025-01-20,BR040,TLR-5089,C501244,cash deposit,1983.02,CAD
CA00004943,2025-01-30,BR025,TLR-5684,C500938,cash deposit,1630.78,CAD
CA00004098,2025-01-10,BR021,TLR-5777,C503597,cash withdrawal,813.17,CAD
CA00002294,2025-01-26,BR012,TLR-4363,C501652,cash withdrawal,665.78,CAD
CA00003034,2025-01-19,BR016,TLR-6643,C502765,cash withdrawal,1575.9,CAD
CA00000339,2025-01-22,BR002,TLR-3055,C503439,cash deposit,2208.39,CAD
CA00004258,2025-01-22,BR022,TLR-2965,C502082,cash withdrawal,860.22,CAD
CA00006559,2025-01-20,BR033,TLR-2413,C501668,cash withdrawal,1150.65,CAD
CA00003060,2025-01-19,BR016,TLR-9928,C501693,cash deposit,689.47,CAD
CA00000391,2025-01-18,BR002,TLR-4152,C501551,cash deposit,3994.62,CAD
CA00005189,2025-01-27,BR026,TLR-2046,C501984,cash withdrawal,-1008.77,CAD
CA00000106,2025-01-22,BR001,TLR-8441,C503677,cash withdrawal,753.0,CAD
CA00001752,2025-01-11,BR008,TLR-4283,C501849,cash withdrawal,3936.61,CAD
CA00006223,2025-01-03,BR031,TLR-3928,C500246,cash withdrawal,1389.35,CAD
CA00007127,2025-01-24,BR036,TLR-3612,C503669,cash deposit,1156.39,CAD
CA00003879,2025-01-01,BR020,TLR-5589,C500139,cash deposit,1562.21,USD
CA00006027,2025-01-21,BR031,TLR-4626,C502768,cash withdrawal,1567.08,CAD
CA00002800,2025-01-04,BR015,TLR-8274,C503266,cash withdrawal,1065.8,CAD
CA00003475,2025-01-04,BR018,TLR-9035,C501941,cash deposit,612.29,CAD
CA00000864,2025-01-06,BR004,TLR-3084,C502638,cash deposit,950.55,CAD
CA00001757,2025-01-22,BR008,TLR-3964,C503599,cash deposit,747.08,CAD
CA00003450,2025-01-25,BR017,TLR-5354,C501244,cash deposit,540.88,CAD
CA00003524,2025-01-26,BR018,TLR-8209,C502908,cash withdrawal,1720.44,CAD
CA00004179,2025-01-01,BR021,TLR-9901,C503538,cash withdrawal,5294.57,CAD
CA00002949,2025-01-19,BR015,TLR-5850,C501645,cash withdrawal,1628.66,CAD
CA00005785,2025-01-06,BR030,TLR-6436,C500773,cash withdrawal,630.91,CAD
CA00006035,2025-01-22,BR031,TLR-5039,C503835,cash deposit,1368.87,CAD
CA00003948,2025-01-08,BR020,TLR-2292,C503047,cash withdrawal,215.67,USD
CA00004589,2025-01-05,BR024,TLR-3495,C501399,cash withdrawal,971.72,CAD
CA00002728,2025-01-22,BR015,TLR-5963,C502341,cash deposit,1085.28,CAD
CA00008534,2025-01-20,BR040,TLR-3596,C500029,cash deposit,2173.34,CAD
CA00002347,2025-01-22,BR012,TLR-8202,C500123,cash withdrawal,415.39,CAD
CA00001692,2025-01-10,BR008,TLR-8307,C503559,cash withdrawal,1104.41,CAD
CA00000863,2025-01-16,BR004,TLR-4529,C502907,cash withdrawal,211.63,CAD
CA00007958,2025-01-02,BR039,TLR-5683,C500693,cash withdrawal,571.02,CAD
CA00000850,2025-01-26,BR004,TLR-6476,C503271,cash deposit,2095.4,CAD
CA00003521,2025-01-10,BR018,TLR-9013,C502226,cash deposit,3066.97,CAD
CA00005764,2025-01-28,BR030,TLR-1664,C500006,cash deposit,485.14,CAD
CA00005418,2025-01-20,BR027,TLR-3005,C500939,cash withdrawal,9722.4,CAD
CA00002326,2025-01-20,BR012,TLR-2323,C502312,cash deposit,1074.8,CAD
CA00005114,2025-01-29,BR026,TLR-5685,C501235,cash deposit,784.49,CAD
CA00001161,2025-01-14,BR006,TLR-4932,C503708,cash deposit,1178.33,CAD
CA00002077,2025-01-29,BR010,TLR-8399,C502041,cash withdrawal,696.11,CAD
CA00005800,2025-01-15,BR030,TLR-5318,C503612,cash withdrawal,2425.02,CAD
CA00006828,2025-01-10,BR035,TLR-9734,C501994,cash withdrawal,1909.29,CAD
CA00003759,2025-01-26,BR019,TLR-8780,C502258,cash deposit,1570.84,CAD
CA00006404,2025-01-26,BR032,TLR-1383,C502959,cash deposit,668.02,CAD
CA00007656,2025-01-18,BR038,TLR-1300,C503586,cash deposit,1291.16,CAD
CA00000611,2025-01-03,BR003,TLR-9685,C500951,cash deposit,1810.59,CAD
CA00006140,2025-01-17,BR031,TLR-4740,C501310,cash withdrawal,689.1,CAD
CA00002948,2025-01-03,BR015,TLR-2003,C503350,cash deposit,1305.81,CAD
CA00002087,2025-01-21,BR011,TLR-2575,C501429,cash withdrawal,401.01,CAD
CA00003416,2025-01-06,BR017,TLR-1822,C502803,cash deposit,1557.72,CAD
CA00006671,2025-01-30,BR034,TLR-2734,C503548,cash deposit,1783.47,CAD
CA00006773,2025-01-22,BR035,TLR-8330,C502224,cash withdrawal,907.16,CAD
CA00002622,2025-01-26,BR014,TLR-3277,C501579,cash deposit,3018.42,CAD
CA00008625,2025-01-12,BR040,TLR-4455,C501122,cash deposit,445.39,CAD
CA00002308,2025-01-05,BR012,TLR-3819,C503959,cash deposit,940.99,CAD
CA00007427,2025-01-30,BR037,TLR-4589,C503989,cash withdrawal,678.08,CAD
CA00000586,2025-01-12,BR003,TLR-5568,C500804,cash withdrawal,520.42,CAD
CA00008185,2025-01-19,BR040,TLR-3183,C500962,cash withdrawal,1742.01,CAD
CA00005297,2025-01-04,BR027,TLR-9910,C501057,cash withdrawal,538.07,CAD
CA00001546,2025-01-16,BR007,TLR-5745,C502573,cash withdrawal,275.48,CAD
CA00003665,2025-01-21,BR019,TLR-1494,C502781,cash withdrawal,2068.07,CAD
CA00005784,2025-01-01,BR030,TLR-6418,C500192,cash withdrawal,309.59,CAD
CA00005479,2025-01-23,BR028,TLR-4781,C500868,cash withdrawal,969.46,CAD
CA00007146,2025-01-16,BR036,TLR-7455,C501662,cash withdrawal,636.48,CAD
CA00008379,2025-01-29,BR040,TLR-1390,C500996,cash deposit,309.42,CAD
CA00002402,2025-01-21,BR013,TLR-2450,C503373,cash deposit,771.8,CAD
CA00002998,2025-01-03,BR015,TLR-2881,C501756,cash withdrawal,1037.23,CAD
CA00005743,2025-01-23,BR030,TLR-6219,C503752,cash withdrawal,840.21,CAD
CA00005452,2025-01-30,BR028,TLR-8786,C500365,cash deposit,726.01,CAD
CA00005891,2025-01-03,BR030,TLR-3884,C503260,cash deposit,1749.73,CAD
CA00008029,2025-01-30,BR040,TLR-8554,C501846,cash withdrawal,712.36,CAD
CA00002511,2025-01-19,BR014,TLR-1305,C501954,cash withdrawal,430.05,CAD
CA00006926,2025-01-04,BR035,TLR-5308,C501092,cash deposit,765.54,CAD
CA00006636,2025-01-02,BR034,TLR-6870,C501593,cash deposit,1236.98,CAD
CA00008434,2025-01-13,BR040,TLR-9352,C502239,cash deposit,114.17,CAD
CA00005460,2025-01-11,BR028,TLR-9544,C500586,cash deposit,2040.28,CAD
CA00000225,2025-01-15,BR001,TLR-4668,C501565,cash deposit,979.42,CAD
CA00006066,2025-01-11,BR031,TLR-6328,C501007,cash withdrawal,434.43,CAD
CA00003200,2025-01-07,BR016,TLR-2449,C503925,cash deposit,634.08,CAD
CA00005847,2025-01-25,BR030,TLR-5241,C501749,cash deposit,1399.86,CAD
CA00001938,2025-01-08,BR010,TLR-8474,C502677,cash deposit,1554.6,CAD
CA00006375,2025-01-05,BR032,TLR-9761,C502038,cash withdrawal,1217.82,CAD
CA00002422,2025-01-06,BR013,TLR-2897,C500863,cash deposit,951.75,CAD
CA00003901,2025-01-14,BR020,TLR-7135,C501606,cash deposit,1328.15,USD
CA00007466,2025-01-30,BR037,TLR-2988,C501906,cash withdrawal,302.87,CAD
CA00004749,2025-01-03,BR024,TLR-5996,C503762,cash withdrawal,879.82,CAD
CA00001379,2025-01-14,BR007,TLR-5815,C500207,cash withdrawal,2797.69,CAD
CA00007679,2025-01-07,BR038,TLR-2387,C503206,cash withdrawal,1534.71,CAD
CA00006087,2025-01-07,BR031,TLR-9628,C502127,cash deposit,715.22,CAD
CA00005091,2025-01-08,BR026,TLR-1102,C502686,cash deposit,620.48,CAD
CA00002899,2025-01-06,BR015,TLR-8881,C500776,cash deposit,897.51,CAD
CA00002291,2025-01-16,BR012,TLR-9374,C500469,cash withdrawal,282.61,CAD
CA00003442,2025-01-04,BR017,TLR-9503,C500833,cash withdrawal,842.38,CAD
CA00001457,2025-01-04,BR007,TLR-3004,C501564,cash withdrawal,6129.64,CAD
CA00008331,2025-01-25,BR040,TLR-9398,C503909,cash withdrawal,4455.93,CAD
CA00003110,2025-01-05,BR016,TLR-6791,C503173,cash deposit,307.17,CAD
CA00006370,2025-01-13,BR032,TLR-7701,C502899,cash withdrawal,1006.35,CAD
CA00000518,2025-01-08,BR002,TLR-9936,C503509,cash withdrawal,-596.11,CAD
CA00001762,2025-01-27,BR008,TLR-6397,C500041,cash withdrawal,243.49,CAD
CA00006511,2025-01-09,BR033,TLR-3994,C503884,cash deposit,833.38,CAD
CA00007301,2025-01-08,BR036,TLR-1997,C503751,cash deposit,735.77,CAD
CA00001563,2025-01-06,BR007,TLR-7862,C502105,cash deposit,2212.88,CAD
CA00000741,2025-01-27,BR003,TLR-1000,C500547,cash withdrawal,606.67,CAD
CA00004995,2025-01-19,BR026,TLR-5498,C502449,cash withdrawal,-1621.01,CAD
CA00001923,2025-01-22,BR009,TLR-1623,C501965,cash withdrawal,660.95,CAD
CA00005595,2025-01-09,BR029,TLR-3879,C502834,cash deposit,1666.73,CAD
CA00004969,2025-01-19,BR025,TLR-3815,C502157,cash deposit,1403.65,CAD
CA00000742,2025-01-09,BR003,TLR-9606,C502991,cash deposit,709.55,CAD
CA00006635,2025-01-17,BR034,TLR-5383,C502207,cash deposit,601.85,CAD
CA00003044,2025-01-25,BR016,TLR-3125,C502852,cash deposit,837.93,CAD
CA00006894,2025-01-25,BR035,TLR-2613,C500546,cash deposit,434.22,CAD
CA00003685,2025-01-12,BR019,TLR-6398,C502029,cash deposit,714.79,CAD
CA00007640,2025-01-05,BR038,TLR-2360,C500197,cash withdrawal,445.6,CAD
CA00000871,2025-01-27,BR004,TLR-9314,C501408,cash withdrawal,1899.61,CAD
CA00003934,2025-01-06,BR020,TLR-6334,C501757,cash deposit,974.95,USD
CA00001330,2025-01-19,BR006,TLR-2601,C501984,cash deposit,1714.56,CAD
CA00003082,2025-01-14,BR016,TLR-6322,C500880,cash deposit,817.46,CAD
CA00002652,2025-01-19,BR014,TLR-4218,C502637,cash withdrawal,1683.39,CAD
CA00005465,2025-01-13,BR028,TLR-7434,C500229,cash deposit,948.79,CAD
CA00001644,2025-01-04,BR008,TLR-1315,C500463,cash withdrawal,1036.59,CAD
CA00001347,2025-01-04,BR006,TLR-7669,C501332,cash deposit,11280.76,CAD
CA00004175,2025-01-10,BR021,TLR-5909,C503463,cash withdrawal,660.03,CAD
CA00002585,2025-01-28,BR014,TLR-2057,C502921,cash deposit,736.24,CAD
CA00007979,2025-01-03,BR040,TLR-1753,C502751,cash withdrawal,677.41,CAD
CA00003636,2025-01-02,BR019,TLR-8205,C501595,cash withdrawal,551.2,CAD
CA00008288,2025-01-27,BR040,TLR-5458,C500796,cash deposit,787.2,CAD
CA00002793,2025-01-06,BR015,TLR-6527,C502243,cash deposit,343.08,CAD
CA00007825,2025-01-03,BR039,TLR-4853,C503835,cash deposit,410.15,CAD
CA00004553,2025-01-02,BR024,TLR-8437,C500960,cash withdrawal,827.91,CAD
CA00004621,2025-01-25,BR024,TLR-6879,C503102,cash withdrawal,2830.19,CAD
CA00006219,2025-01-17,BR031,TLR-2823,C501746,cash withdrawal,1035.74,CAD
CA00003682,2025-01-06,BR019,TLR-3530,C502685,cash withdrawal,275.42,CAD
CA00007900,2025-01-24,BR039,TLR-4204,C503213,cash deposit,805.86,CAD
CA00007593,2025-01-27,BR038,TLR-7621,C500609,cash withdrawal,988.32,CAD
CA00000390,2025-01-31,BR002,TLR-8387,C501503,cash withdrawal,-451.25,CAD
CA00001213,2025-01-28,BR006,TLR-3767,C502136,cash withdrawal,626.02,CAD
CA00005694,2025-01-31,BR029,TLR-1073,C501873,cash deposit,962.19,CAD
CA00003716,2025-01-07,BR019,TLR-1265,C500269,cash deposit,1205.94,CAD
CA00004862,2025-01-08,BR025,TLR-4786,C503690,cash deposit,547.97,CAD
CA00004371,2025-01-11,BR023,TLR-9899,C502872,cash withdrawal,439.52,CAD
CA00000052,2025-01-16,BR001,TLR-9887,C500272,cash deposit,429.43,CAD
CA00001561,2025-01-02,BR007,TLR-3633,C501082,cash deposit,2823.78,CAD
CA00004834,2025-01-06,BR025,TLR-2434,C502307,cash withdrawal,-1138.64,CAD
CA00008488,2025-01-31,BR040,TLR-3109,C501051,cash deposit,467.74,CAD
CA00007714,2025-01-09,BR038,TLR-1096,C501532,cash deposit,4743.51,CAD
CA00000412,2025-01-11,BR002,TLR-5140,C503578,cash deposit,1750.54,CAD
CA00004949,2025-01-19,BR025,TLR-7077,C502329,cash withdrawal,-2982.6,CAD
CA00004124,2025-01-24,BR021,TLR-2986,C502342,cash withdrawal,2391.81,CAD
CA00002908,2025-01-27,BR015,TLR-9833,C502741,cash deposit,526.64,CAD
CA00006273,2025-01-10,BR031,TLR-5655,C501039,cash withdrawal,1656.8,CAD
CA00000622,2025-01-30,BR003,TLR-3704,C503360,cash withdrawal,2744.55,CAD
CA00002413,2025-01-29,BR013,TLR-6470,C500499,cash deposit,683.8,CAD
CA00001179,2025-01-01,BR006,TLR-8524,C501473,cash deposit,383.8,CAD
CA00006881,2025-01-29,BR035,TLR-5736,C502229,cash withdrawal,1976.2,CAD
CA00000861,2025-01-25,BR004,TLR-9973,C503485,cash deposit,1478.38,CAD
CA00007014,2025-01-26,BR036,TLR-2584,C503575,cash withdrawal,1992.74,CAD
CA00006489,2025-01-09,BR033,TLR-1248,C503813,cash deposit,510.89,CAD
CA00003946,2025-01-05,BR020,TLR-7038,C500794,cash deposit,319.09,USD
CA00004552,2025-01-11,BR024,TLR-7915,C501497,cash withdrawal,341.84,CAD
CA00006443,2025-01-31,BR033,TLR-2119,C500974,cash withdrawal,270.24,CAD
CA00005381,2025-01-25,BR027,TLR-1952,C502177,cash deposit,4726.55,CAD
CA00007358,2025-01-25,BR037,TLR-1521,C500051,cash withdrawal,699.81,CAD
CA00001445,2025-01-14,BR007,TLR-2195,C503032,cash withdrawal,746.9,CAD
CA00004915,2025-01-05,BR025,TLR-9645,C500476,cash deposit,1319.45,CAD
CA00000198,2025-01-17,BR001,TLR-2188,C501843,cash withdrawal,931.14,CAD
CA00006498,2025-01-20,BR033,TLR-8648,C503755,cash withdrawal,665.08,CAD
CA00007153,2025-01-26,BR036,TLR-6306,C503625,cash deposit,1864.35,CAD
CA00006721,2025-01-02,BR034,TLR-5421,C503953,cash withdrawal,300.21,CAD
CA00008394,2025-01-06,BR040,TLR-3887,C501560,cash deposit,1940.93,CAD
CA00003739,2025-01-23,BR019,TLR-7309,C500365,cash withdrawal,1275.29,CAD
CA00004218,2025-01-28,BR021,TLR-3087,C500941,cash deposit,388.27,CAD
CA00004767,2025-01-24,BR025,TLR-5024,C502563,cash withdrawal,-1972.65,CAD
CA00000683,2025-01-02,BR003,TLR-1196,C501284,cash deposit,1290.65,CAD
CA00007478,2025-01-30,BR037,TLR-7477,C502902,cash deposit,547.26,CAD
CA00003166,2025-01-02,BR016,TLR-9083,C500830,cash withdrawal,2701.96,CAD
CA00004300,2025-01-01,BR022,TLR-1551,C500146,cash deposit,813.99,CAD
CA00003767,2025-01-25,BR019,TLR-5019,C500338,cash withdrawal,2873.57,CAD
CA00000392,2025-01-20,BR002,TLR-2991,C502834,cash deposit,1037.91,CAD
CA00001858,2025-01-26,BR009,TLR-1338,C502980,cash deposit,1068.38,CAD
CA00003612,2025-01-20,BR019,TLR-5664,C502051,cash withdrawal,881.66,CAD
CA00006197,2025-01-07,BR031,TLR-8344,C503033,cash deposit,1753.25,CAD
CA00003656,2025-01-07,BR019,TLR-2052,C501992,cash withdrawal,281.04,CAD
CA00003111,2025-01-15,BR016,TLR-6813,C500475,cash withdrawal,648.27,CAD
CA00001958,2025-01-14,BR010,TLR-6217,C500612,cash deposit,2199.83,CAD
CA00000972,2025-01-14,BR004,TLR-7733,C502169,cash withdrawal,4761.02,CAD
CA00002982,2025-01-20,BR015,TLR-9617,C501108,cash withdrawal,914.79,CAD
CA00007701,2025-01-16,BR038,TLR-5039,C502619,cash withdrawal,1401.94,CAD
CA00007101,2025-01-29,BR036,TLR-3919,C500679,cash withdrawal,229.83,CAD
CA00003305,2025-01-02,BR017,TLR-4215,C502395,cash withdrawal,907.09,CAD
CA00003361,2025-01-08,BR017,TLR-5143,C503657,cash withdrawal,796.82,CAD
CA00000199,2025-01-04,BR001,TLR-1553,C502828,cash deposit,1067.35,CAD
CA00006702,2025-01-29,BR034,TLR-3555,C503345,cash withdrawal,1268.93,CAD
CA00003012,2025-01-12,BR016,TLR-4735,C501002,cash withdrawal,1031.26,CAD
CA00002882,2025-01-09,BR015,TLR-9126,C503167,cash deposit,1707.69,CAD
CA00003651,2025-01-31,BR019,TLR-1759,C502246,cash withdrawal,1979.91,CAD
CA00003578,2025-01-20,BR019,TLR-7362,C502555,cash deposit,2537.12,CAD
CA00005947,2025-01-10,BR030,TLR-7975,C503345,cash withdrawal,372.71,CAD
CA00004643,2025-01-28,BR024,TLR-7019,C500570,cash withdrawal,2905.39,CAD
CA00005840,2025-01-20,BR030,TLR-8938,C500292,cash deposit,2012.09,CAD
CA00000409,2025-01-20,BR002,TLR-7161,C500916,cash withdrawal,-864.17,CAD
CA00007842,2025-01-29,BR039,TLR-5191,C500011,cash deposit,623.53,CAD
CA00001754,2025-01-07,BR008,TLR-4571,C503353,cash deposit,583.51,CAD
CA00001622,2025-01-03,BR008,TLR-8192,C502516,cash withdrawal,1711.12,CAD
CA00002017,2025-01-16,BR010,TLR-8169,C500180,cash deposit,695.72,CAD
CA00001685,2025-01-01,BR008,TLR-6733,C503981,cash withdrawal,1729.6,CAD
CA00006987,2025-01-21,BR035,TLR-9173,C500511,cash deposit,552.19,CAD
CA00005762,2025-01-19,BR030,TLR-2377,C502022,cash withdrawal,867.47,CAD
CA00004869,2025-01-24,BR025,TLR-1350,C503322,cash deposit,859.18,CAD
CA00002584,2025-01-27,BR014,TLR-3846,C500441,cash withdrawal,698.21,CAD
CA00001136,2025-01-26,BR006,TLR-8676,C503563,cash withdrawal,846.59,CAD
CA00001768,2025-01-31,BR008,TLR-7137,C501262,cash deposit,1864.56,CAD
CA00003181,2025-01-29,BR016,TLR-7506,C500850,cash deposit,377.8,CAD
CA00002662,2025-01-05,BR014,TLR-1979,C500875,cash withdrawal,750.55,CAD
CA00005755,2025-01-01,BR030,TLR-2749,C500331,cash deposit,557.99,CAD
CA00001371,2025-01-04,BR007,TLR-8678,C503372,cash withdrawal,817.87,CAD
CA00007154,2025-01-05,BR036,TLR-6493,C502497,cash withdrawal,1105.81,CAD
CA00004388,2025-01-24,BR023,TLR-1362,C502563,cash withdrawal,328.39,CAD
CA00005670,2025-01-27,BR029,TLR-7487,C501436,cash deposit,2111.74,CAD
CA00001783,2025-01-10,BR008,TLR-3553,C501072,cash deposit,3069.37,CAD
CA00007649,2025-01-18,BR038,TLR-3415,C502406,cash deposit,326.27,CAD
CA00004114,2025-01-09,BR021,TLR-9447,C500373,cash deposit,1764.84,CAD
CA00006637,2025-01-02,BR034,TLR-6446,C501435,cash deposit,794.61,CAD
CA00007334,2025-01-23,BR037,TLR-9529,C500689,cash withdrawal,1514.07,CAD
CA00000961,2025-01-13,BR004,TLR-3353,C501052,cash deposit,1699.15,CAD
CA00005627,2025-01-28,BR029,TLR-6563,C500324,cash withdrawal,330.96,CAD
CA00002112,2025-01-03,BR011,TLR-9206,C501046,cash deposit,538.52,CAD
CA00007708,2025-01-30,BR038,TLR-3511,C500432,cash withdrawal,673.6,CAD
CA00003582,2025-01-15,BR019,TLR-1046,C502687,cash deposit,436.85,CAD
CA00002815,2025-01-29,BR015,TLR-8501,C500199,cash withdrawal,1708.81,CAD
CA00002307,2025-01-22,BR012,TLR-3818,C503505,cash withdrawal,686.11,CAD
CA00000801,2025-01-26,BR004,TLR-3762,C502131,cash withdrawal,764.15,CAD
CA00000534,2025-01-17,BR002,TLR-7715,C503143,cash deposit,1776.33,CAD
CA00001655,2025-01-20,BR008,TLR-7971,C501085,cash deposit,1542.61,CAD
CA00008212,2025-01-07,BR040,TLR-4498,C501327,cash deposit,1635.27,CAD
CA00001345,2025-01-29,BR006,TLR-7209,C500984,cash withdrawal,1456.39,CAD
CA00001075,2025-01-26,BR005,TLR-9093,C500691,cash deposit,992.34,CAD
CA00008098,2025-01-10,BR040,TLR-2549,C501088,cash withdrawal,270.16,CAD
CA00007677,2025-01-17,BR038,TLR-3755,C500469,cash deposit,1730.96,CAD
CA00000651,2025-01-02,BR003,TLR-2411,C500884,cash withdrawal,627.44,CAD
CA00008172,2025-01-26,BR040,TLR-6427,C503180,cash deposit,1040.42,CAD
CA00005273,2025-01-23,BR027,TLR-5786,C503534,cash deposit,325.17,CAD
CA00000607,2025-01-05,BR003,TLR-6495,C502751,cash withdrawal,1380.88,CAD
CA00004155,2025-01-07,BR021,TLR-5233,C503514,cash withdrawal,1170.66,CAD
CA00000103,2025-01-09,BR001,TLR-2890,C502828,cash withdrawal,1725.76,CAD
CA00004387,2025-01-03,BR023,TLR-3417,C501143,cash deposit,642.92,CAD
CA00007735,2025-01-02,BR038,TLR-8490,C501657,cash withdrawal,233.36,CAD
CA00001856,2025-01-10,BR009,TLR-3963,C500114,cash deposit,493.0,CAD
CA00005246,2025-01-16,BR026,TLR-5387,C503627,cash deposit,1638.38,CAD
CA00006517,2025-01-28,BR033,TLR-2562,C500803,cash deposit,2132.89,CAD
CA00007024,2025-01-25,BR036,TLR-8646,C503759,cash deposit,683.91,CAD
CA00005366,2025-01-10,BR027,TLR-8285,C501273,cash deposit,1340.38,CAD
CA00000824,2025-01-13,BR004,TLR-2147,C500572,cash deposit,704.26,CAD
CA00002848,2025-01-01,BR015,TLR-6219,C502295,cash withdrawal,1703.17,CAD
CA00006760,2025-01-16,BR034,TLR-7342,C503976,cash withdrawal,6021.91,CAD
CA00007486,2025-01-17,BR037,TLR-6430,C500333,cash deposit,2240.87,CAD
CA00003398,2025-01-12,BR017,TLR-6621,C500880,cash withdrawal,540.13,CAD
CA00003814,2025-01-30,BR019,TLR-4786,C500797,cash deposit,1155.62,CAD
CA00003803,2025-01-31,BR019,TLR-2355,C503990,cash deposit,1606.02,CAD
CA00000187,2025-01-10,BR001,TLR-8362,C502494,cash withdrawal,2008.71,CAD
CA00004558,2025-01-05,BR024,TLR-7482,C501415,cash deposit,501.03,CAD
CA00005758,2025-01-22,BR030,TLR-7515,C501494,cash withdrawal,907.12,CAD
CA00005993,2025-01-30,BR030,TLR-9799,C502193,cash deposit,1615.85,CAD
CA00004146,2025-01-08,BR021,TLR-5490,C501885,cash deposit,4636.27,CAD
CA00008083,2025-01-02,BR040,TLR-3678,C502239,cash withdrawal,718.71,CAD
CA00000380,2025-01-03,BR002,TLR-5280,C500376,cash withdrawal,-2252.47,CAD
CA00000734,2025-01-17,BR003,TLR-7565,C502077,cash deposit,2924.78,CAD
CA00002289,2025-01-13,BR012,TLR-5035,C503569,cash withdrawal,1515.47,CAD
CA00003329,2025-01-23,BR017,TLR-5118,C502247,cash deposit,593.5,CAD
CA00002717,2025-01-11,BR014,TLR-8666,C503054,cash withdrawal,785.69,CAD
CA00004210,2025-01-06,BR021,TLR-7986,C502022,cash deposit,2185.22,CAD
CA00006471,2025-01-30,BR033,TLR-4476,C501905,cash deposit,894.76,CAD
CA00001204,2025-01-31,BR006,TLR-8193,C500320,cash deposit,989.06,CAD
CA00006057,2025-01-31,BR031,TLR-1524,C501970,cash withdrawal,955.4,CAD
CA00002444,2025-01-16,BR013,TLR-1897,C503313,cash deposit,1428.66,CAD
CA00006051,2025-01-03,BR031,TLR-2814,C503592,cash withdrawal,708.48,CAD
CA00004817,2025-01-29,BR025,TLR-1963,C503941,cash withdrawal,-2956.01,CAD
CA00000243,2025-01-14,BR001,TLR-5283,C502440,cash deposit,2255.57,CAD
CA00004221,2025-01-13,BR021,TLR-7503,C502987,cash withdrawal,530.69,CAD
CA00006361,2025-01-21,BR032,TLR-9071,C503207,cash deposit,541.11,CAD
CA00006792,2025-01-24,BR035,TLR-4184,C502737,cash deposit,2619.53,CAD
CA00000116,2025-01-12,BR001,TLR-9809,C502487,cash deposit,814.4,CAD
CA00001696,2025-01-09,BR008,TLR-5852,C501084,cash deposit,1286.82,CAD
CA00006691,2025-01-27,BR034,TLR-6406,C502833,cash deposit,1187.11,CAD
CA00004215,2025-01-20,BR021,TLR-4765,C503906,cash withdrawal,1401.5,CAD
CA00000406,2025-01-03,BR002,TLR-9993,C500221,cash withdrawal,-1609.58,CAD
CA00007989,2025-01-24,BR040,TLR-5063,C500419,cash deposit,540.37,CAD
CA00002507,2025-01-19,BR014,TLR-7069,C500645,cash deposit,1727.23,CAD
CA00002006,2025-01-29,BR010,TLR-6669,C501560,cash withdrawal,1442.45,CAD
CA00006713,2025-01-27,BR034,TLR-5637,C500034,cash withdrawal,737.55,CAD
CA00000845,2025-01-15,BR004,TLR-5957,C501730,cash deposit,722.64,CAD
CA00005979,2025-01-22,BR030,TLR-1523,C502523,cash withdrawal,2373.01,CAD
CA00002516,2025-01-28,BR014,TLR-3576,C502284,cash withdrawal,546.26,CAD
CA00001637,2025-01-23,BR008,TLR-3605,C503067,cash deposit,2341.07,CAD
CA00006437,2025-01-23,BR033,TLR-4948,C502851,cash withdrawal,1061.05,CAD
CA00002520,2025-01-16,BR014,TLR-7595,C501584,cash withdrawal,1014.24,CAD
CA00001784,2025-01-18,BR008,TLR-7429,C500019,cash withdrawal,632.72,CAD
CA00001315,2025-01-09,BR006,TLR-4520,C501971,cash deposit,788.1,CAD
CA00007476,2025-01-22,BR037,TLR-7249,C502800,cash deposit,954.05,CAD
CA00000014,2025-01-29,BR001,TLR-3356,C503633,cash withdrawal,481.51,CAD
CA00005866,2025-01-17,BR030,TLR-6341,C500221,cash deposit,848.31,CAD
CA00000521,2025-01-26,BR002,TLR-2291,C503647,cash withdrawal,-532.37,CAD
CA00005457,2025-01-08,BR028,TLR-6926,C503198,cash deposit,1162.08,CAD
CA00000217,2025-01-05,BR001,TLR-7848,C503272,cash withdrawal,204.21,CAD
CA00000628,2025-01-02,BR003,TLR-3985,C502887,cash deposit,3603.1,CAD
CA00003041,2025-01-10,BR016,TLR-8864,C502211,cash withdrawal,1820.5,CAD
CA00000468,2025-01-30,BR002,TLR-7997,C503507,cash withdrawal,-1040.03,CAD
CA00000043,2025-01-23,BR001,TLR-5724,C501257,cash deposit,1223.07,CAD
CA00001465,2025-01-29,BR007,TLR-4682,C502578,cash withdrawal,1139.09,CAD
CA00001198,2025-01-15,BR006,TLR-9159,C502349,cash withdrawal,3724.65,CAD
CA00006381,2025-01-25,BR032,TLR-8706,C501181,cash withdrawal,1793.83,CAD
CA00007854,2025-01-20,BR039,TLR-6546,C501302,cash deposit,1221.88,CAD
CA00006277,2025-01-09,BR032,TLR-1446,C501435,cash withdrawal,1031.71,CAD
CA00007273,2025-01-05,BR036,TLR-3897,C501110,cash deposit,1402.95,CAD
CA00004177,2025-01-20,BR021,TLR-6906,C502686,cash withdrawal,895.12,CAD
CA00007449,2025-01-02,BR037,TLR-1267,C503647,cash withdrawal,1470.13,CAD
CA00005281,2025-01-14,BR027,TLR-3478,C501698,cash deposit,1774.29,CAD
CA00006717,2025-01-27,BR034,TLR-5120,C503200,cash withdrawal,571.15,CAD
CA00005822,2025-01-19,BR030,TLR-9392,C500669,cash deposit,2098.16,CAD
CA00006781,2025-01-21,BR035,TLR-8177,C503042,cash deposit,825.56,CAD
CA00000767,2025-01-06,BR004,TLR-3703,C503531,cash withdrawal,278.63,CAD
CA00007477,2025-01-15,BR037,TLR-6913,C502246,cash withdrawal,1076.82,CAD
CA00000918,2025-01-03,BR004,TLR-1176,C500972,cash deposit,741.1,CAD
CA00004674,2025-01-21,BR024,TLR-6142,C500665,cash withdrawal,1042.84,CAD
CA00002981,2025-01-21,BR015,TLR-5555,C501004,cash deposit,1878.28,CAD
CA00005148,2025-01-26,BR026,TLR-7138,C501755,cash deposit,539.15,CAD
CA00008481,2025-01-21,BR040,TLR-3102,C503632,cash withdrawal,1642.47,CAD
CA00000900,2025-01-03,BR004,TLR-1902,C502244,cash deposit,581.2,CAD
CA00008647,2025-01-31,BR040,TLR-8803,C502483,cash deposit,696.08,CAD
CA00002673,2025-01-02,BR014,TLR-2743,C502993,cash deposit,3761.32,CAD
CA00005483,2025-01-19,BR028,TLR-9218,C501215,cash withdrawal,1260.04,CAD
CA00007245,2025-01-29,BR036,TLR-6085,C500852,cash withdrawal,913.36,CAD
CA00000525,2025-01-16,BR002,TLR-3678,C501378,cash withdrawal,-259.4,CAD
CA00005516,2025-01-26,BR028,TLR-1540,C500302,cash withdrawal,2122.3,CAD
CA00003835,2025-01-01,BR019,TLR-9078,C503693,cash deposit,982.9,CAD
CA00004514,2025-01-31,BR024,TLR-3198,C501598,cash withdrawal,1585.27,CAD
CA00003326,2025-01-14,BR017,TLR-9456,C503758,cash deposit,1152.87,CAD
CA00007613,2025-01-03,BR038,TLR-5282,C500775,cash deposit,961.33,CAD
CA00001250,2025-01-28,BR006,TLR-9093,C501935,cash withdrawal,1135.35,CAD
CA00006220,2025-01-23,BR031,TLR-8880,C501995,cash withdrawal,1449.75,CAD
CA00002439,2025-01-02,BR013,TLR-8156,C503718,cash withdrawal,1176.26,CAD
CA00002142,2025-01-07,BR011,TLR-8367,C500433,cash deposit,793.97,CAD
CA00001988,2025-01-02,BR010,TLR-1210,C503371,cash withdrawal,3196.7,CAD
CA00008600,2025-01-25,BR040,TLR-4234,C500747,cash deposit,270.12,CAD
CA00000884,2025-01-02,BR004,TLR-6759,C503303,cash deposit,1157.8,CAD
CA00006724,2025-01-18,BR034,TLR-8576,C503381,cash deposit,801.49,CAD
CA00000490,2025-01-04,BR002,TLR-8806,C501178,cash withdrawal,-1623.07,CAD
CA00003980,2025-01-23,BR020,TLR-7129,C502643,cash withdrawal,613.15,USD
CA00004054,2025-01-13,BR020,TLR-5091,C502027,cash deposit,2209.14,USD
CA00001361,2025-01-22,BR007,TLR-8540,C501963,cash withdrawal,2054.94,CAD
CA00004125,2025-01-17,BR021,TLR-3972,C501864,cash deposit,907.09,CAD
CA00001809,2025-01-02,BR009,TLR-7434,C501546,cash deposit,649.1,CAD
CA00004734,2025-01-24,BR024,TLR-3941,C502129,cash withdrawal,802.34,CAD
CA00002761,2025-01-10,BR015,TLR-5080,C500852,cash deposit,1695.77,CAD
CA00003768,2025-01-06,BR019,TLR-8574,C501093,cash withdrawal,1603.76,CAD
CA00003203,2025-01-15,BR016,TLR-5445,C503481,cash withdrawal,2059.6,CAD
CA00003437,2025-01-07,BR017,TLR-1914,C500769,cash deposit,1005.08,CAD
CA00003382,2025-01-13,BR017,TLR-7050,C502849,cash deposit,610.7,CAD
CA00007155,2025-01-20,BR036,TLR-6997,C502960,cash deposit,297.8,CAD
CA00004294,2025-01-12,BR022,TLR-4324,C503111,cash withdrawal,288.99,CAD
CA00000535,2025-01-02,BR002,TLR-8693,C500684,cash deposit,674.1,CAD
CA00003278,2025-01-13,BR017,TLR-9716,C500301,cash deposit,621.16,CAD
CA00005028,2025-01-19,BR026,TLR-7966,C501526,cash withdrawal,-1149.26,CAD
CA00007767,2025-01-29,BR038,TLR-9267,C500108,cash withdrawal,1041.48,CAD
CA00006198,2025-01-28,BR031,TLR-2365,C503061,cash withdrawal,5044.97,CAD
CA00000822,2025-01-06,BR004,TLR-2118,C502395,cash deposit,1575.56,CAD
CA00005325,2025-01-29,BR027,TLR-5361,C501883,cash deposit,520.29,CAD
CA00007144,2025-01-29,BR036,TLR-5966,C502773,cash deposit,993.64,CAD
CA00001936,2025-01-12,BR010,TLR-5207,C502493,cash withdrawal,1652.82,CAD
CA00001676,2025-01-25,BR008,TLR-8288,C502177,cash withdrawal,739.61,CAD
CA00003951,2025-01-29,BR020,TLR-6025,C503124,cash withdrawal,1440.36,USD
CA00007151,2025-01-28,BR036,TLR-4282,C503117,cash withdrawal,1073.74,CAD
CA00002635,2025-01-31,BR014,TLR-8520,C503403,cash withdrawal,276.09,CAD
CA00003140,2025-01-16,BR016,TLR-3127,C501868,cash deposit,385.1,CAD
CA00005740,2025-01-05,BR030,TLR-9472,C500327,cash deposit,500.65,CAD
CA00006917,2025-01-13,BR035,TLR-3160,C500167,cash deposit,1401.5,CAD
CA00001921,2025-01-25,BR009,TLR-3781,C502822,cash deposit,1261.82,CAD
CA00003206,2025-01-04,BR017,TLR-5858,C503155,cash deposit,1121.06,CAD
CA00003623,2025-01-18,BR019,TLR-6601,C501118,cash deposit,455.98,CAD
CA00006969,2025-01-11,BR035,TLR-6616,C500378,cash deposit,1906.74,CAD
CA00007922,2025-01-15,BR039,TLR-9542,C501452,cash withdrawal,2697.19,CAD
CA00008427,2025-01-04,BR040,TLR-6434,C502228,cash deposit,914.75,CAD
CA00003644,2025-01-26,BR019,TLR-1718,C502217,cash withdrawal,405.19,CAD
CA00003158,2025-01-02,BR016,TLR-3495,C502894,cash withdrawal,421.4,CAD
CA00005893,2025-01-26,BR030,TLR-4441,C501525,cash deposit,1327.32,CAD
CA00003943,2025-01-24,BR020,TLR-5610,C500815,cash withdrawal,1057.18,USD
CA00008422,2025-01-15,BR040,TLR-5616,C501133,cash deposit,2194.1,CAD
CA00007574,2025-01-19,BR037,TLR-5187,C501847,cash withdrawal,576.35,CAD
CA00003122,2025-01-13,BR016,TLR-7092,C503321,cash withdrawal,1106.48,CAD
CA00006389,2025-01-12,BR032,TLR-7261,C500557,cash withdrawal,769.3,CAD
CA00007220,2025-01-04,BR036,TLR-6805,C501578,cash withdrawal,716.24,CAD
CA00000708,2025-01-28,BR003,TLR-1787,C502090,cash deposit,613.44,CAD
CA00005807,2025-01-01,BR030,TLR-2070,C501048,cash deposit,440.51,CAD
CA00003170,2025-01-31,BR016,TLR-5941,C502935,cash withdrawal,590.19,CAD
CA00004626,2025-01-04,BR024,TLR-9769,C501998,cash deposit,418.86,CAD
CA00002336,2025-01-20,BR012,TLR-1957,C501387,cash deposit,1301.16,CAD
CA00002369,2025-01-28,BR012,TLR-1394,C503188,cash deposit,1641.22,CAD
CA00003565,2025-01-12,BR018,TLR-5912,C500428,cash deposit,679.01,CAD
CA00003195,2025-01-22,BR016,TLR-6680,C503274,cash deposit,1100.17,CAD
CA00003697,2025-01-10,BR019,TLR-7300,C501480,cash withdrawal,1102.23,CAD
CA00008284,2025-01-22,BR040,TLR-5900,C500987,cash deposit,2132.81,CAD
CA00002756,2025-01-22,BR015,TLR-2069,C501987,cash deposit,401.6,CAD
CA00004486,2025-01-08,BR024,TLR-2199,C500338,cash withdrawal,327.32,CAD
CA00005456,2025-01-02,BR028,TLR-5617,C501645,cash deposit,794.03,CAD
CA00001985,2025-01-27,BR010,TLR-7322,C500726,cash deposit,660.18,CAD
CA00002297,2025-01-03,BR012,TLR-8156,C503329,cash deposit,1058.74,CAD
CA00003570,2025-01-03,BR018,TLR-4457,C500444,cash withdrawal,1108.7,CAD
CA00005072,2025-01-22,BR026,TLR-1237,C503784,cash deposit,1139.03,CAD
CA00002260,2025-01-31,BR012,TLR-3145,C500223,cash withdrawal,392.49,CAD
CA00002131,2025-01-30,BR011,TLR-8794,C502434,cash withdrawal,1540.35,CAD
CA00001980,2025-01-19,BR010,TLR-5301,C503252,cash withdrawal,1256.16,CAD
CA00002822,2025-01-16,BR015,TLR-9270,C502047,cash deposit,3404.3,CAD
CA00000788,2025-01-18,BR004,TLR-7703,C502936,cash deposit,1146.47,CAD
CA00000870,2025-01-26,BR004,TLR-1591,C503552,cash deposit,1939.84,CAD
CA00002863,2025-01-26,BR015,TLR-1070,C503836,cash withdrawal,2095.2,CAD
CA00002663,2025-01-29,BR014,TLR-4528,C500078,cash withdrawal,1941.11,CAD
CA00007352,2025-01-07,BR037,TLR-7945,C500367,cash withdrawal,463.28,CAD
CA00004269,2025-01-05,BR022,TLR-6891,C501086,cash deposit,428.32,CAD
CA00000249,2025-01-14,BR001,TLR-7799,C500079,cash withdrawal,1719.13,CAD
CA00002838,2025-01-19,BR015,TLR-4111,C502759,cash deposit,895.3,CAD
CA00003986,2025-01-14,BR020,TLR-5413,C500488,cash withdrawal,199.22,USD
CA00000680,2025-01-27,BR003,TLR-9763,C503214,cash deposit,1133.56,CAD
CA00002674,2025-01-08,BR014,TLR-3199,C501480,cash deposit,2662.6,CAD
CA00003004,2025-01-30,BR016,TLR-1915,C502654,cash withdrawal,1039.78,CAD
CA00002951,2025-01-10,BR015,TLR-9225,C503006,cash withdrawal,429.79,CAD
CA00002359,2025-01-28,BR012,TLR-3966,C501334,cash deposit,197.14,CAD
CA00002704,2025-01-28,BR014,TLR-1193,C503589,cash deposit,597.24,CAD
CA00008152,2025-01-14,BR040,TLR-9967,C502749,cash withdrawal,5392.14,CAD
CA00005014,2025-01-17,BR026,TLR-7877,C500189,cash withdrawal,-2731.87,CAD
CA00008186,2025-01-12,BR040,TLR-7494,C500054,cash deposit,1074.43,CAD
CA00005346,2025-01-13,BR027,TLR-4029,C502761,cash deposit,645.22,CAD
CA00003114,2025-01-28,BR016,TLR-6554,C500127,cash deposit,400.17,CAD
CA00000903,2025-01-15,BR004,TLR-9264,C502125,cash withdrawal,624.97,CAD
CA00003231,2025-01-31,BR017,TLR-4685,C502770,cash withdrawal,9181.11,CAD
CA00003179,2025-01-26,BR016,TLR-5442,C500479,cash deposit,552.24,CAD
CA00004019,2025-01-25,BR020,TLR-8520,C501437,cash withdrawal,1123.53,USD
CA00008295,2025-01-26,BR040,TLR-2893,C500403,cash deposit,580.74,CAD
CA00005264,2025-01-08,BR027,TLR-7271,C503745,cash deposit,1713.58,CAD
CA00007279,2025-01-03,BR036,TLR-4191,C501693,cash withdrawal,1291.09,CAD
CA00006126,2025-01-30,BR031,TLR-9382,C502023,cash deposit,359.5,CAD
CA00007276,2025-01-07,BR036,TLR-5370,C501431,cash withdrawal,1914.72,CAD
CA00001774,2025-01-07,BR008,TLR-3804,C502965,cash withdrawal,2382.84,CAD
CA00006814,2025-01-17,BR035,TLR-5746,C500046,cash deposit,328.99,CAD
CA00007715,2025-01-18,BR038,TLR-9864,C501832,cash deposit,1467.64,CAD
CA00004359,2025-01-03,BR023,TLR-1337,C500146,cash deposit,1304.8,CAD
CA00007518,2025-01-10,BR037,TLR-7640,C501561,cash withdrawal,301.63,CAD
CA00006586,2025-01-29,BR033,TLR-3753,C503634,cash withdrawal,2858.1,CAD
CA00001069,2025-01-13,BR005,TLR-5365,C500798,cash withdrawal,634.26,CAD
CA00007450,2025-01-14,BR037,TLR-4958,C500267,cash deposit,1090.92,CAD
CA00003649,2025-01-14,BR019,TLR-1996,C502786,cash deposit,1526.1,CAD
CA00001712,2025-01-17,BR008,TLR-3733,C503291,cash deposit,960.58,CAD
CA00003517,2025-01-23,BR018,TLR-4839,C503868,cash deposit,550.17,CAD
CA00003159,2025-01-30,BR016,TLR-9347,C503373,cash withdrawal,770.44,CAD
CA00007479,2025-01-25,BR037,TLR-8400,C503412,cash deposit,1161.12,CAD
CA00002996,2025-01-18,BR015,TLR-1723,C501119,cash deposit,2379.46,CAD
CA00003267,2025-01-18,BR017,TLR-2054,C501317,cash withdrawal,677.72,CAD
CA00007377,2025-01-23,BR037,TLR-3530,C502651,cash withdrawal,776.14,CAD
CA00007878,2025-01-16,BR039,TLR-4574,C501489,cash deposit,1334.11,CAD
CA00007841,2025-01-25,BR039,TLR-9392,C501137,cash deposit,925.58,CAD
CA00006855,2025-01-27,BR035,TLR-5299,C500293,cash withdrawal,1236.58,CAD
CA00000854,2025-01-17,BR004,TLR-3799,C502162,cash deposit,1780.54,CAD
CA00000275,2025-01-05,BR001,TLR-5451,C503921,cash deposit,599.28,CAD
CA00008532,2025-01-13,BR040,TLR-4263,C502964,cash withdrawal,627.64,CAD
CA00002677,2025-01-26,BR014,TLR-9011,C502186,cash withdrawal,577.07,CAD
CA00004891,2025-01-08,BR025,TLR-9767,C502192,cash withdrawal,-723.87,CAD
CA00000169,2025-01-06,BR001,TLR-9221,C501538,cash withdrawal,613.01,CAD
CA00003411,2025-01-07,BR017,TLR-7968,C501305,cash deposit,900.0,CAD
CA00001956,2025-01-21,BR010,TLR-5952,C501059,cash withdrawal,913.51,CAD
CA00008000,2025-01-25,BR040,TLR-1620,C503841,cash deposit,1080.89,CAD
CA00007852,2025-01-26,BR039,TLR-1659,C503707,cash deposit,868.54,CAD
CA00004197,2025-01-06,BR021,TLR-7983,C502162,cash withdrawal,536.48,CAD
CA00008162,2025-01-29,BR040,TLR-7505,C502811,cash withdrawal,773.28,CAD
CA00007309,2025-01-23,BR037,TLR-1085,C500092,cash deposit,571.74,CAD
CA00004170,2025-01-14,BR021,TLR-8828,C502227,cash withdrawal,945.38,CAD
CA00007992,2025-01-12,BR040,TLR-2640,C503520,cash deposit,1122.69,CAD
CA00000045,2025-01-18,BR001,TLR-9062,C500339,cash deposit,512.78,CAD
CA00004482,2025-01-26,BR024,TLR-1505,C501525,cash deposit,310.38,CAD
CA00001618,2025-01-22,BR008,TLR-2127,C502695,cash deposit,956.71,CAD
CA00003653,2025-01-15,BR019,TLR-5149,C502307,cash withdrawal,10761.42,CAD
CA00007528,2025-01-02,BR037,TLR-9315,C502622,cash deposit,1528.45,CAD
CA00004191,2025-01-31,BR021,TLR-2329,C501869,cash deposit,438.86,CAD
CA00006534,2025-01-18,BR033,TLR-9851,C502798,cash deposit,1490.77,CAD
CA00007565,2025-01-14,BR037,TLR-8772,C500249,cash withdrawal,263.22,CAD
CA00007000,2025-01-15,BR036,TLR-7545,C502775,cash deposit,966.03,CAD
CA00003143,2025-01-13,BR016,TLR-9498,C503980,cash deposit,2090.4,CAD
CA00006085,2025-01-21,BR031,TLR-6338,C502225,cash deposit,340.6,CAD
CA00002852,2025-01-23,BR015,TLR-3439,C503944,cash deposit,392.85,CAD
CA00003712,2025-01-31,BR019,TLR-9429,C502868,cash withdrawal,1415.71,CAD
CA00006966,2025-01-03,BR035,TLR-1952,C503595,cash withdrawal,703.18,CAD
CA00006320,2025-01-21,BR032,TLR-6054,C503700,cash deposit,1218.26,CAD
CA00008368,2025-01-17,BR040,TLR-6869,C502071,cash withdrawal,1331.08,CAD
CA00008371,2025-01-27,BR040,TLR-5721,C502478,cash deposit,4550.56,CAD
CA00008135,2025-01-14,BR040,TLR-7313,C502411,cash withdrawal,1184.4,CAD
CA00004814,2025-01-21,BR025,TLR-3109,C502872,cash deposit,875.99,CAD
CA00007789,2025-01-10,BR039,TLR-1194,C500120,cash withdrawal,1700.61,CAD
CA00007004,2025-01-16,BR036,TLR-3525,C501207,cash withdrawal,714.3,CAD
CA00005194,2025-01-27,BR026,TLR-4390,C502010,cash withdrawal,-563.94,CAD
CA00007026,2025-01-23,BR036,TLR-1850,C500198,cash deposit,893.46,CAD
CA00008216,2025-01-06,BR040,TLR-8651,C502132,cash deposit,2192.82,CAD
CA00007113,2025-01-05,BR036,TLR-1155,C501706,cash deposit,1339.3,CAD
CA00004208,2025-01-17,BR021,TLR-1999,C501430,cash deposit,1663.18,CAD
CA00007011,2025-01-10,BR036,TLR-5425,C502483,cash deposit,1550.86,CAD
CA00003444,2025-01-31,BR017,TLR-2431,C503931,cash withdrawal,1185.49,CAD
CA00004985,2025-01-15,BR025,TLR-4580,C501418,cash deposit,334.74,CAD
CA00003180,2025-01-25,BR016,TLR-2552,C503688,cash deposit,1581.97,CAD
CA00003503,2025-01-26,BR018,TLR-1582,C502457,cash withdrawal,1229.59,CAD
CA00001152,2025-01-20,BR006,TLR-7765,C503749,cash withdrawal,591.97,CAD
CA00005104,2025-01-05,BR026,TLR-6293,C503443,cash deposit,788.95,CAD
CA00007504,2025-01-15,BR037,TLR-7215,C501793,cash withdrawal,643.24,CAD
CA00004425,2025-01-28,BR023,TLR-3879,C502312,cash deposit,2660.81,CAD
CA00006098,2025-01-25,BR031,TLR-7129,C500188,cash withdrawal,786.4,CAD
CA00003343,2025-01-13,BR017,TLR-4890,C502234,cash withdrawal,1107.17,CAD
CA00008118,2025-01-24,BR040,TLR-7680,C501773,cash withdrawal,1216.43,CAD
CA00005726,2025-01-09,BR030,TLR-7046,C502754,cash withdrawal,511.18,CAD
CA00002490,2025-01-23,BR013,TLR-3883,C503619,cash withdrawal,1577.44,CAD
CA00001181,2025-01-15,BR006,TLR-6915,C500627,cash withdrawal,435.34,CAD
CA00004823,2025-01-12,BR025,TLR-8711,C502037,cash deposit,376.64,CAD
CA00006931,2025-01-06,BR035,TLR-1530,C502714,cash deposit,1055.74,CAD
CA00000429,2025-01-22,BR002,TLR-2081,C502680,cash withdrawal,-1052.08,CAD
CA00004195,2025-01-20,BR021,TLR-8155,C503801,cash deposit,4071.88,CAD
CA00006669,2025-01-06,BR034,TLR-1417,C502671,cash deposit,910.24,CAD
CA00006705,2025-01-20,BR034,TLR-2319,C503528,cash deposit,505.6,CAD
CA00002600,2025-01-16,BR014,TLR-5472,C503563,cash withdrawal,1489.99,CAD
CA00005098,2025-01-31,BR026,TLR-6845,C503370,cash withdrawal,-1895.86,CAD
CA00005884,2025-01-13,BR030,TLR-1583,C500419,cash withdrawal,998.91,CAD
CA00003733,2025-01-10,BR019,TLR-8061,C502796,cash deposit,229.0,CAD
CA00008005,2025-01-08,BR040,TLR-1918,C503276,cash withdrawal,1574.78,CAD
CA00003755,2025-01-18,BR019,TLR-4158,C502783,cash deposit,1689.55,CAD
CA00002766,2025-01-09,BR015,TLR-7525,C500363,cash deposit,522.0,CAD
CA00002993,2025-01-24,BR015,TLR-1050,C503439,cash withdrawal,625.64,CAD
CA00007454,2025-01-06,BR037,TLR-8050,C501566,cash deposit,3691.24,CAD
CA00008530,2025-01-10,BR040,TLR-8494,C500423,cash withdrawal,1228.75,CAD
CA00007795,2025-01-01,BR039,TLR-3939,C503025,cash deposit,1089.94,CAD
CA00001112,2025-01-08,BR006,TLR-1448,C500509,cash deposit,766.06,CAD
CA00006806,2025-01-09,BR035,TLR-5584,C502350,cash withdrawal,1940.2,CAD
CA00006015,2025-01-05,BR031,TLR-1253,C502725,cash withdrawal,886.63,CAD
CA00007600,2025-01-03,BR038,TLR-5538,C501854,cash deposit,2610.52,CAD
CA00000951,2025-01-20,BR004,TLR-5169,C501109,cash withdrawal,552.68,CAD
CA00004085,2025-01-01,BR021,TLR-9737,C501567,cash withdrawal,1026.99,CAD
CA00002835,2025-01-03,BR015,TLR-5033,C500280,cash deposit,2048.95,CAD
CA00004635,2025-01-18,BR024,TLR-2342,C500309,cash withdrawal,1976.38,CAD
CA00006600,2025-01-15,BR034,TLR-5897,C501175,cash deposit,1171.05,CAD
CA00004790,2025-01-21,BR025,TLR-9032,C501207,cash deposit,562.88,CAD
CA00006864,2025-01-01,BR035,TLR-6322,C503359,cash withdrawal,1350.7,CAD
CA00007060,2025-01-18,BR036,TLR-2701,C502454,cash deposit,897.04,CAD
CA00002225,2025-01-22,BR012,TLR-5391,C501902,cash withdrawal,1830.31,CAD
CA00001516,2025-01-13,BR007,TLR-6291,C501626,cash withdrawal,889.08,CAD
CA00001860,2025-01-30,BR009,TLR-2683,C502863,cash withdrawal,896.01,CAD
CA00002701,2025-01-27,BR014,TLR-5959,C501463,cash deposit,360.04,CAD
CA00000817,2025-01-09,BR004,TLR-1016,C500990,cash withdrawal,261.74,CAD
CA00003230,2025-01-28,BR017,TLR-6803,C501123,cash withdrawal,700.87,CAD
CA00004397,2025-01-04,BR023,TLR-3785,C502347,cash deposit,1596.24,CAD
CA00002341,2025-01-03,BR012,TLR-6795,C503403,cash withdrawal,984.24,CAD
CA00002083,2025-01-09,BR011,TLR-1553,C501131,cash deposit,1020.75,CAD
CA00007355,2025-01-21,BR037,TLR-9174,C503410,cash deposit,2615.05,CAD
CA00005798,2025-01-03,BR030,TLR-4216,C501199,cash deposit,290.02,CAD
CA00003906,2025-01-21,BR020,TLR-4297,C503189,cash deposit,715.31,USD
CA00003058,2025-01-14,BR016,TLR-9607,C501326,cash deposit,1826.42,CAD
CA00004707,2025-01-24,BR024,TLR-8509,C502949,cash withdrawal,1953.49,CAD
CA00000456,2025-01-06,BR002,TLR-6666,C503743,cash withdrawal,-1483.31,CAD
CA00004070,2025-01-26,BR020,TLR-5312,C503261,cash deposit,384.79,USD
CA00002104,2025-01-26,BR011,TLR-4082,C500478,cash withdrawal,836.6,CAD
CA00008382,2025-01-20,BR040,TLR-9400,C500133,cash deposit,1012.04,CAD
CA00004984,2025-01-23,BR025,TLR-2955,C501431,cash deposit,985.76,CAD
CA00001206,2025-01-20,BR006,TLR-7460,C502109,cash deposit,1262.38,CAD
CA00006433,2025-01-29,BR033,TLR-8122,C503980,cash withdrawal,546.99,CAD
CA00005019,2025-01-31,BR026,TLR-7918,C502822,cash deposit,2044.63,CAD
CA00006203,2025-01-16,BR031,TLR-3837,C502499,cash deposit,1297.25,CAD
CA00007596,2025-01-02,BR038,TLR-6787,C502148,cash withdrawal,3791.09,CAD
CA00000985,2025-01-29,BR004,TLR-9991,C503988,cash withdrawal,1181.25,CAD
CA00004730,2025-01-27,BR024,TLR-6543,C500809,cash withdrawal,1037.6,CAD
CA00004025,2025-01-09,BR020,TLR-7280,C500979,cash deposit,1275.43,USD
CA00007043,2025-01-20,BR036,TLR-6874,C502894,cash deposit,775.14,CAD
CA00005231,2025-01-25,BR026,TLR-9852,C500888,cash deposit,1274.98,CAD
CA00008215,2025-01-01,BR040,TLR-3232,C501858,cash withdrawal,267.58,CAD
CA00002555,2025-01-31,BR014,TLR-2276,C502756,cash withdrawal,1010.13,CAD
CA00006199,2025-01-17,BR031,TLR-6939,C501078,cash deposit,681.46,CAD
CA00006922,2025-01-04,BR035,TLR-1152,C502600,cash withdrawal,358.9,CAD
CA00007208,2025-01-26,BR036,TLR-5624,C502164,cash deposit,781.28,CAD
CA00002957,2025-01-13,BR015,TLR-7613,C501854,cash deposit,1263.85,CAD
CA00004370,2025-01-25,BR023,TLR-7843,C503406,cash withdrawal,775.98,CAD
CA00007888,2025-01-02,BR039,TLR-4526,C500548,cash deposit,3631.02,CAD
CA00004966,2025-01-03,BR025,TLR-2742,C503215,cash deposit,1254.81,CAD
CA00001707,2025-01-13,BR008,TLR-5832,C500159,cash withdrawal,1626.81,CAD
CA00000896,2025-01-10,BR004,TLR-8431,C500101,cash withdrawal,916.17,CAD
CA00000321,2025-01-11,BR002,TLR-6909,C503368,cash deposit,752.2,CAD
CA00003008,2025-01-14,BR016,TLR-9295,C500960,cash deposit,441.94,CAD
CA00006018,2025-01-26,BR031,TLR-1607,C501781,cash deposit,803.45,CAD
CA00002760,2025-01-06,BR015,TLR-6628,C503045,cash withdrawal,666.23,CAD
CA00002803,2025-01-31,BR015,TLR-4645,C501012,cash deposit,1092.84,CAD
CA00003784,2025-01-23,BR019,TLR-1684,C503450,cash deposit,1292.82,CAD
CA00005004,2025-01-16,BR026,TLR-2366,C500534,cash deposit,794.19,CAD
CA00002961,2025-01-13,BR015,TLR-2293,C503286,cash withdrawal,2506.5,CAD
CA00001702,2025-01-14,BR008,TLR-6612,C502176,cash deposit,1575.36,CAD
CA00000292,2025-01-09,BR001,TLR-8294,C503441,cash withdrawal,1116.83,CAD
CA00000026,2025-01-09,BR001,TLR-9083,C503855,cash withdrawal,896.04,CAD
CA00002330,2025-01-09,BR012,TLR-8224,C502674,cash deposit,616.6,CAD
CA00005106,2025-01-11,BR026,TLR-6035,C501017,cash withdrawal,-1151.7,CAD
CA00008273,2025-01-21,BR040,TLR-7340,C503498,cash deposit,579.71,CAD
CA00004900,2025-01-09,BR025,TLR-3548,C502545,cash withdrawal,-893.04,CAD
CA00006120,2025-01-14,BR031,TLR-6313,C500568,cash deposit,1350.89,CAD
CA00007862,2025-01-27,BR039,TLR-2259,C503886,cash deposit,608.11,CAD
CA00003063,2025-01-15,BR016,TLR-1771,C503088,cash deposit,1199.21,CAD
CA00004835,2025-01-05,BR025,TLR-8811,C502487,cash withdrawal,-306.43,CAD
CA00008637,2025-01-07,BR040,TLR-5495,C503175,cash withdrawal,726.91,CAD
CA00003982,2025-01-14,BR020,TLR-4140,C503413,cash withdrawal,215.21,USD
CA00003169,2025-01-09,BR016,TLR-2367,C502733,cash withdrawal,1081.3,CAD
CA00006699,2025-01-27,BR034,TLR-1371,C500822,cash deposit,505.54,CAD
CA00007868,2025-01-08,BR039,TLR-8948,C502192,cash deposit,3369.08,CAD
CA00007621,2025-01-17,BR038,TLR-2143,C501813,cash withdrawal,656.88,CAD
CA00005841,2025-01-09,BR030,TLR-2325,C501544,cash withdrawal,562.25,CAD
CA00008184,2025-01-10,BR040,TLR-3360,C503449,cash deposit,1555.97,CAD
CA00006346,2025-01-23,BR032,TLR-2376,C500576,cash withdrawal,435.51,CAD
CA00005731,2025-01-06,BR030,TLR-8585,C500673,cash deposit,1290.19,CAD
CA00000515,2025-01-03,BR002,TLR-7962,C501705,cash deposit,2515.18,CAD
CA00005214,2025-01-15,BR026,TLR-8293,C500138,cash deposit,646.8,CAD
CA00001368,2025-01-10,BR007,TLR-6773,C503430,cash deposit,731.44,CAD
CA00006310,2025-01-26,BR032,TLR-7748,C501258,cash withdrawal,972.4,CAD
CA00006503,2025-01-03,BR033,TLR-2744,C501180,cash withdrawal,398.9,CAD
CA00004610,2025-01-02,BR024,TLR-2364,C502979,cash withdrawal,2290.62,CAD
CA00002719,2025-01-20,BR014,TLR-5371,C500500,cash withdrawal,2797.65,CAD
CA00002691,2025-01-27,BR014,TLR-5310,C503509,cash withdrawal,228.04,CAD
CA00004896,2025-01-23,BR025,TLR-8484,C503638,cash deposit,2621.11,CAD
CA00005987,2025-01-22,BR030,TLR-3686,C502156,cash deposit,1888.35,CAD
CA00008388,2025-01-20,BR040,TLR-8601,C503232,cash withdrawal,1165.05,CAD
CA00006357,2025-01-17,BR032,TLR-6991,C500884,cash deposit,351.86,CAD
CA00005918,2025-01-07,BR030,TLR-3152,C500942,cash deposit,698.05,CAD
CA00002739,2025-01-03,BR015,TLR-2146,C502618,cash deposit,2540.65,CAD
CA00000502,2025-01-26,BR002,TLR-6722,C501803,cash withdrawal,-1063.87,CAD
CA00007985,2025-01-24,BR040,TLR-1599,C500501,cash deposit,711.17,CAD
CA00007758,2025-01-11,BR038,TLR-7490,C500889,cash withdrawal,226.8,CAD
CA00002661,2025-01-04,BR014,TLR-5671,C502293,cash deposit,510.41,CAD
CA00001326,2025-01-17,BR006,TLR-2557,C503311,cash withdrawal,624.0,CAD
CA00006186,2025-01-30,BR031,TLR-8921,C503251,cash withdrawal,855.2,CAD
CA00008443,2025-01-01,BR040,TLR-9226,C500966,cash withdrawal,994.69,CAD
CA00006739,2025-01-30,BR034,TLR-4532,C501104,cash deposit,694.35,CAD
CA00005038,2025-01-03,BR026,TLR-1511,C502370,cash withdrawal,-1204.17,CAD
CA00008447,2025-01-31,BR040,TLR-2369,C502564,cash withdrawal,2674.73,CAD
CA00008461,2025-01-18,BR040,TLR-2152,C500345,cash deposit,1305.48,CAD
CA00006839,2025-01-23,BR035,TLR-1161,C501085,cash withdrawal,252.96,CAD
CA00003691,2025-01-20,BR019,TLR-4986,C500792,cash deposit,4275.84,CAD
CA00008480,2025-01-11,BR040,TLR-4952,C502137,cash deposit,251.84,CAD
CA00002423,2025-01-25,BR013,TLR-6574,C503465,cash deposit,600.61,CAD
CA00003271,2025-01-21,BR017,TLR-7841,C500319,cash deposit,1252.81,CAD
CA00000427,2025-01-13,BR002,TLR-3975,C503956,cash deposit,1999.83,CAD
CA00003460,2025-01-30,BR018,TLR-7214,C502106,cash withdrawal,830.99,CAD
CA00002607,2025-01-13,BR014,TLR-9141,C501098,cash deposit,592.56,CAD
CA00000647,2025-01-24,BR003,TLR-7329,C501019,cash withdrawal,1034.14,CAD
CA00004158,2025-01-02,BR021,TLR-7787,C503818,cash deposit,1156.52,CAD
CA00001276,2025-01-29,BR006,TLR-2935,C502332,cash withdrawal,1303.92,CAD
CA00000939,2025-01-07,BR004,TLR-8217,C502932,cash deposit,1992.89,CAD
CA00008383,2025-01-14,BR040,TLR-1316,C503294,cash withdrawal,702.7,CAD
CA00001391,2025-01-13,BR007,TLR-3247,C501177,cash deposit,850.9,CAD
CA00006518,2025-01-16,BR033,TLR-9178,C503892,cash deposit,319.27,CAD
CA00005158,2025-01-07,BR026,TLR-7018,C501343,cash deposit,1875.29,CAD
CA00006698,2025-01-02,BR034,TLR-8557,C502087,cash deposit,2004.76,CAD
CA00000425,2025-01-30,BR002,TLR-8970,C500029,cash deposit,594.46,CAD
CA00001180,2025-01-12,BR006,TLR-5403,C500185,cash deposit,343.84,CAD
CA00004089,2025-01-01,BR021,TLR-4688,C503630,cash deposit,443.13,CAD
CA00001795,2025-01-26,BR009,TLR-6440,C500664,cash deposit,782.06,CAD
CA00001093,2025-01-22,BR006,TLR-6323,C502459,cash withdrawal,893.36,CAD
CA00001182,2025-01-10,BR006,TLR-8074,C503218,cash withdrawal,752.72,CAD
CA00004717,2025-01-03,BR024,TLR-4018,C501873,cash withdrawal,4017.92,CAD
CA00003421,2025-01-10,BR017,TLR-3017,C501122,cash deposit,493.26,CAD
CA00008249,2025-01-28,BR040,TLR-5251,C501884,cash deposit,2580.47,CAD
CA00001126,2025-01-07,BR006,TLR-7579,C502305,cash deposit,660.22,CAD
CA00000498,2025-01-29,BR002,TLR-6127,C503056,cash withdrawal,-1980.77,CAD
CA00003757,2025-01-01,BR019,TLR-4882,C500156,cash withdrawal,473.36,CAD
CA00003459,2025-01-17,BR018,TLR-7417,C501584,cash withdrawal,1518.07,CAD
CA00000693,2025-01-26,BR003,TLR-8415,C502563,cash deposit,440.52,CAD
CA00000988,2025-01-24,BR004,TLR-2337,C503543,cash withdrawal,1701.41,CAD
CA00007884,2025-01-25,BR039,TLR-3071,C502708,cash deposit,620.96,CAD
CA00003998,2025-01-28,BR020,TLR-7101,C502444,cash deposit,585.79,USD
CA00003092,2025-01-02,BR016,TLR-2735,C500598,cash withdrawal,1975.92,CAD
CA00002864,2025-01-30,BR015,TLR-7572,C502583,cash deposit,852.62,CAD
CA00005717,2025-01-14,BR030,TLR-2275,C502857,cash deposit,233.98,CAD
CA00000481,2025-01-07,BR002,TLR-7868,C500693,cash deposit,617.28,CAD
CA00001828,2025-01-21,BR009,TLR-7084,C503989,cash deposit,471.93,CAD
CA00004322,2025-01-11,BR022,TLR-5672,C502901,cash withdrawal,2022.33,CAD
CA00007513,2025-01-25,BR037,TLR-3974,C500509,cash deposit,491.09,CAD
CA00004753,2025-01-11,BR024,TLR-3526,C502222,cash withdrawal,2390.29,CAD
CA00005202,2025-01-21,BR026,TLR-8567,C501516,cash withdrawal,-1794.11,CAD
CA00003972,2025-01-04,BR020,TLR-9087,C503542,cash withdrawal,185.9,USD
CA00000587,2025-01-09,BR003,TLR-5153,C502628,cash deposit,552.64,CAD
CA00001700,2025-01-16,BR008,TLR-1272,C500341,cash deposit,273.25,CAD
CA00002061,2025-01-14,BR010,TLR-2322,C503587,cash withdrawal,1232.74,CAD
CA00008070,2025-01-17,BR040,TLR-8266,C501804,cash deposit,1242.04,CAD
CA00004314,2025-01-19,BR022,TLR-5768,C501641,cash deposit,247.69,CAD
CA00005995,2025-01-03,BR030,TLR-7855,C503550,cash withdrawal,1065.91,CAD
CA00004690,2025-01-30,BR024,TLR-1053,C500424,cash deposit,707.59,CAD
CA00003854,2025-01-12,BR019,TLR-8254,C503198,cash deposit,1051.23,CAD
CA00003501,2025-01-24,BR018,TLR-2955,C501318,cash deposit,1334.05,CAD
CA00000133,2025-01-13,BR001,TLR-7606,C501867,cash deposit,945.78,CAD
CA00003989,2025-01-03,BR020,TLR-6232,C500456,cash deposit,1443.73,USD
CA00004686,2025-01-09,BR024,TLR-4718,C501738,cash deposit,540.15,CAD
CA00007584,2025-01-16,BR037,TLR-5043,C502505,cash withdrawal,217.24,CAD
CA00004797,2025-01-16,BR025,TLR-8470,C503530,cash deposit,707.36,CAD
CA00005705,2025-01-24,BR030,TLR-6635,C501634,cash withdrawal,832.75,CAD
CA00000710,2025-01-05,BR003,TLR-2806,C501519,cash deposit,2283.64,CAD
CA00002249,2025-01-02,BR012,TLR-5101,C501314,cash withdrawal,746.36,CAD
CA00005551,2025-01-02,BR028,TLR-4161,C500808,cash withdrawal,500.51,CAD
CA00005235,2025-01-14,BR026,TLR-5602,C501436,cash withdrawal,-773.73,CAD
CA00003486,2025-01-25,BR018,TLR-9727,C502839,cash deposit,1714.95,CAD
CA00001992,2025-01-29,BR010,TLR-7906,C503020,cash deposit,1145.69,CAD
CA00003710,2025-01-21,BR019,TLR-9869,C500701,cash deposit,228.01,CAD
CA00000420,2025-01-07,BR002,TLR-8117,C500849,cash deposit,1500.62,CAD
CA00004029,2025-01-23,BR020,TLR-2521,C501421,cash deposit,313.11,USD
CA00006574,2025-01-03,BR033,TLR-4708,C503911,cash deposit,1195.2,CAD
CA00007225,2025-01-22,BR036,TLR-2953,C503729,cash deposit,719.73,CAD
CA00003664,2025-01-12,BR019,TLR-3008,C501638,cash withdrawal,3265.98,CAD
CA00002018,2025-01-28,BR010,TLR-4627,C502628,cash deposit,2693.37,CAD
CA00005269,2025-01-20,BR027,TLR-6961,C503566,cash deposit,1063.76,CAD
CA00006364,2025-01-23,BR032,TLR-1661,C501779,cash withdrawal,1113.89,CAD
CA00005475,2025-01-01,BR028,TLR-4354,C500678,cash withdrawal,918.91,CAD
CA00006274,2025-01-01,BR031,TLR-2038,C503196,cash deposit,297.12,CAD
CA00000890,2025-01-14,BR004,TLR-1605,C501757,cash withdrawal,792.72,CAD
CA00003023,2025-01-14,BR016,TLR-5045,C501956,cash withdrawal,794.71,CAD
CA00002771,2025-01-03,BR015,TLR-8939,C501843,cash withdrawal,944.33,CAD
CA00002429,2025-01-29,BR013,TLR-9966,C502448,cash withdrawal,791.8,CAD
CA00005815,2025-01-11,BR030,TLR-6954,C502514,cash deposit,514.5,CAD
CA00005110,2025-01-05,BR026,TLR-2222,C502602,cash deposit,739.07,CAD
CA00004230,2025-01-15,BR021,TLR-8614,C501221,cash withdrawal,1340.87,CAD
CA00008326,2025-01-21,BR040,TLR-3345,C500773,cash deposit,1257.0,CAD
CA00006725,2025-01-14,BR034,TLR-5592,C501665,cash withdrawal,785.69,CAD
CA00003491,2025-01-04,BR018,TLR-8975,C501428,cash withdrawal,1091.15,CAD
CA00007833,2025-01-25,BR039,TLR-7919,C503316,cash deposit,657.16,CAD
CA00006019,2025-01-17,BR031,TLR-3504,C500298,cash withdrawal,486.12,CAD
CA00008420,2025-01-19,BR040,TLR-4269,C502860,cash deposit,415.38,CAD
CA00002754,2025-01-11,BR015,TLR-3000,C503936,cash deposit,1423.81,CAD
CA00001661,2025-01-18,BR008,TLR-7643,C502806,cash withdrawal,804.1,CAD
CA00005044,2025-01-11,BR026,TLR-2554,C502221,cash deposit,4001.48,CAD
CA00004513,2025-01-19,BR024,TLR-6329,C503575,cash deposit,745.39,CAD
CA00003369,2025-01-11,BR017,TLR-3090,C500298,cash deposit,345.65,CAD
CA00000012,2025-01-16,BR001,TLR-5812,C501414,cash deposit,840.24,CAD
CA00002960,2025-01-15,BR015,TLR-7347,C502132,cash withdrawal,830.18,CAD
CA00007590,2025-01-14,BR037,TLR-1964,C502336,cash deposit,1157.49,CAD
CA00005138,2025-01-10,BR026,TLR-6468,C503817,cash withdrawal,-1237.21,CAD
CA00008445,2025-01-24,BR040,TLR-3361,C501595,cash deposit,1157.73,CAD
CA00000449,2025-01-26,BR002,TLR-1635,C503949,cash deposit,1585.5,CAD
CA00007807,2025-01-08,BR039,TLR-9228,C500168,cash deposit,1531.55,CAD
CA00003493,2025-01-20,BR018,TLR-4640,C500586,cash withdrawal,1865.87,CAD
CA00005761,2025-01-15,BR030,TLR-6587,C502045,cash deposit,387.72,CAD
CA00000783,2025-01-22,BR004,TLR-4640,C501439,cash deposit,743.22,CAD
CA00000927,2025-01-04,BR004,TLR-1225,C502619,cash withdrawal,467.36,CAD
CA00000662,2025-01-29,BR003,TLR-6187,C503500,cash deposit,1127.09,CAD
CA00007303,2025-01-16,BR037,TLR-1990,C500436,cash withdrawal,790.28,CAD
CA00004433,2025-01-04,BR023,TLR-5163,C500729,cash withdrawal,2705.5,CAD
CA00002764,2025-01-15,BR015,TLR-8223,C502843,cash withdrawal,281.99,CAD
CA00004396,2025-01-17,BR023,TLR-3107,C500692,cash deposit,1304.92,CAD
CA00000125,2025-01-15,BR001,TLR-8385,C500680,cash withdrawal,1965.25,CAD
CA00007506,2025-01-05,BR037,TLR-6589,C502688,cash deposit,550.38,CAD
CA00004911,2025-01-17,BR025,TLR-8492,C501863,cash withdrawal,-510.72,CAD
CA00003674,2025-01-20,BR019,TLR-9173,C500556,cash withdrawal,379.94,CAD
CA00005159,2025-01-20,BR026,TLR-7239,C501950,cash withdrawal,-339.82,CAD
CA00003273,2025-01-18,BR017,TLR-3920,C501543,cash withdrawal,628.19,CAD
CA00006434,2025-01-23,BR033,TLR-5275,C502940,cash deposit,1491.65,CAD
CA00003107,2025-01-10,BR016,TLR-2054,C500786,cash deposit,4375.15,CAD
CA00007519,2025-01-27,BR037,TLR-1716,C503199,cash withdrawal,745.6,CAD
CA00001017,2025-01-15,BR004,TLR-7316,C500565,cash deposit,900.64,CAD
CA00005451,2025-01-07,BR028,TLR-5399,C502868,cash withdrawal,806.58,CAD
CA00004649,2025-01-30,BR024,TLR-8492,C502847,cash withdrawal,2894.09,CAD
CA00006689,2025-01-24,BR034,TLR-7102,C500700,cash deposit,465.94,CAD
CA00005245,2025-01-06,BR026,TLR-3746,C501926,cash withdrawal,-680.99,CAD
CA00004549,2025-01-21,BR024,TLR-6482,C502226,cash deposit,2371.35,CAD
CA00005168,2025-01-18,BR026,TLR-3795,C500303,cash withdrawal,-284.8,CAD
CA00006930,2025-01-19,BR035,TLR-5802,C501374,cash deposit,2589.32,CAD
CA00005963,2025-01-30,BR030,TLR-2527,C500432,cash withdrawal,744.06,CAD
CA00008502,2025-01-12,BR040,TLR-1853,C500631,cash deposit,1941.55,CAD
CA00008463,2025-01-29,BR040,TLR-7373,C503922,cash withdrawal,510.76,CAD
CA00006127,2025-01-03,BR031,TLR-9072,C501146,cash deposit,1754.79,CAD
CA00006117,2025-01-18,BR031,TLR-3818,C503600,cash deposit,644.5,CAD
CA00003962,2025-01-17,BR020,TLR-3367,C501097,cash withdrawal,160.18,USD
CA00000816,2025-01-24,BR004,TLR-4562,C502127,cash withdrawal,2244.48,CAD
CA00000261,2025-01-11,BR001,TLR-5687,C502159,cash withdrawal,270.22,CAD
CA00000669,2025-01-08,BR003,TLR-7450,C500261,cash deposit,626.49,CAD
CA00004412,2025-01-12,BR023,TLR-3001,C501656,cash withdrawal,1285.81,CAD
CA00008599,2025-01-06,BR040,TLR-4047,C503978,cash withdrawal,1263.33,CAD
CA00004447,2025-01-11,BR023,TLR-7033,C501637,cash deposit,638.68,CAD
CA00006111,2025-01-17,BR031,TLR-4570,C503304,cash deposit,2978.9,CAD
CA00006278,2025-01-18,BR032,TLR-2451,C501330,cash deposit,210.42,CAD
CA00008297,2025-01-16,BR040,TLR-4644,C503876,cash deposit,968.59,CAD
CA00005265,2025-01-21,BR027,TLR-5693,C502404,cash withdrawal,1097.41,CAD
CA00001904,2025-01-08,BR009,TLR-8002,C502981,cash withdrawal,716.53,CAD
CA00006492,2025-01-23,BR033,TLR-5859,C501069,cash deposit,1977.6,CAD
CA00007760,2025-01-02,BR038,TLR-2407,C503332,cash withdrawal,1817.77,CAD
CA00007954,2025-01-11,BR039,TLR-9848,C500921,cash withdrawal,1117.84,CAD
CA00006475,2025-01-10,BR033,TLR-1331,C502832,cash deposit,2225.51,CAD
CA00008017,2025-01-19,BR040,TLR-8349,C502404,cash withdrawal,1038.0,CAD
CA00000728,2025-01-28,BR003,TLR-1745,C503357,cash withdrawal,1254.2,CAD
CA00005806,2025-01-07,BR030,TLR-6039,C501981,cash withdrawal,663.86,CAD
CA00007747,2025-01-20,BR038,TLR-3284,C503392,cash deposit,209.47,CAD
CA00003950,2025-01-30,BR020,TLR-6742,C503214,cash withdrawal,959.6,USD
CA00003709,2025-01-27,BR019,TLR-9474,C500256,cash withdrawal,1239.41,CAD
CA00004747,2025-01-03,BR024,TLR-8550,C502122,cash deposit,289.47,CAD
CA00007637,2025-01-13,BR038,TLR-3239,C502094,cash withdrawal,1032.77,CAD
CA00000414,2025-01-25,BR002,TLR-2746,C502438,cash deposit,2468.05,CAD
CA00007993,2025-01-26,BR040,TLR-1619,C500577,cash withdrawal,734.21,CAD
CA00001219,2025-01-28,BR006,TLR-3678,C501286,cash deposit,702.45,CAD
CA00006398,2025-01-14,BR032,TLR-2864,C501354,cash withdrawal,1129.71,CAD
CA00003222,2025-01-03,BR017,TLR-3656,C503619,cash deposit,237.54,CAD
CA00002808,2025-01-26,BR015,TLR-4684,C503216,cash withdrawal,2500.99,CAD
CA00002210,2025-01-09,BR012,TLR-8160,C501299,cash deposit,597.62,CAD
CA00003059,2025-01-08,BR016,TLR-1438,C500300,cash withdrawal,1933.05,CAD
CA00005467,2025-01-05,BR028,TLR-6151,C503940,cash deposit,852.76,CAD
CA00005985,2025-01-05,BR030,TLR-6722,C503328,cash deposit,1295.34,CAD
CA00003628,2025-01-20,BR019,TLR-9067,C502492,cash withdrawal,3329.53,CAD
CA00003852,2025-01-02,BR019,TLR-5175,C503771,cash withdrawal,1091.94,CAD
CA00006678,2025-01-18,BR034,TLR-2537,C503766,cash deposit,2136.16,CAD
CA00007323,2025-01-12,BR037,TLR-4110,C500327,cash withdrawal,892.01,CAD
CA00003471,2025-01-13,BR018,TLR-6385,C500535,cash withdrawal,1375.15,CAD
CA00001472,2025-01-03,BR007,TLR-8513,C501067,cash deposit,1009.01,CAD
CA00001456,2025-01-12,BR007,TLR-3652,C501952,cash deposit,2830.53,CAD
CA00007215,2025-01-04,BR036,TLR-2526,C501637,cash deposit,557.73,CAD
CA00000069,2025-01-24,BR001,TLR-1708,C501701,cash withdrawal,1124.22,CAD
CA00001740,2025-01-07,BR008,TLR-5422,C501308,cash deposit,937.15,CAD
CA00000333,2025-01-09,BR002,TLR-9019,C502152,cash withdrawal,-669.29,CAD
CA00007429,2025-01-29,BR037,TLR-1896,C502192,cash deposit,404.0,CAD
CA00004898,2025-01-23,BR025,TLR-5747,C500809,cash withdrawal,-292.72,CAD
CA00003374,2025-01-11,BR017,TLR-7571,C503354,cash deposit,293.16,CAD
CA00007816,2025-01-31,BR039,TLR-9963,C501632,cash deposit,1726.74,CAD
CA00001310,2025-01-05,BR006,TLR-5870,C500437,cash withdrawal,846.45,CAD
CA00001374,2025-01-01,BR007,TLR-6071,C503578,cash withdrawal,304.36,CAD
CA00006481,2025-01-27,BR033,TLR-9998,C501194,cash withdrawal,902.81,CAD
CA00001920,2025-01-15,BR009,TLR-3984,C500868,cash withdrawal,940.53,CAD
CA00005464,2025-01-08,BR028,TLR-6323,C501256,cash withdrawal,803.68,CAD
CA00005027,2025-01-03,BR026,TLR-4781,C503217,cash deposit,1047.35,CAD
CA00002753,2025-01-16,BR015,TLR-9451,C503398,cash deposit,926.99,CAD
CA00008657,2025-01-25,BR040,TLR-7533,C502912,cash deposit,694.16,CAD
CA00003161,2025-01-18,BR016,TLR-4530,C503877,cash withdrawal,1420.76,CAD
CA00006972,2025-01-22,BR035,TLR-4088,C503956,cash deposit,658.57,CAD
CA00001777,2025-01-14,BR008,TLR-1997,C502130,cash deposit,1294.56,CAD
CA00007098,2025-01-29,BR036,TLR-4251,C501846,cash withdrawal,731.01,CAD
CA00007547,2025-01-20,BR037,TLR-3809,C502686,cash withdrawal,1538.91,CAD
CA00005182,2025-01-22,BR026,TLR-1884,C500585,cash withdrawal,-580.2,CAD
CA00001763,2025-01-30,BR008,TLR-2598,C502006,cash withdrawal,1438.2,CAD
CA00004118,2025-01-18,BR021,TLR-9501,C502972,cash withdrawal,974.69,CAD
CA00002563,2025-01-30,BR014,TLR-2776,C500539,cash withdrawal,1496.07,CAD
CA00002113,2025-01-12,BR011,TLR-1785,C500643,cash deposit,2806.34,CAD
CA00008384,2025-01-10,BR040,TLR-3002,C502480,cash deposit,389.69,CAD
CA00003490,2025-01-01,BR018,TLR-7569,C500798,cash deposit,2580.06,CAD
CA00000244,2025-01-28,BR001,TLR-6999,C503608,cash withdrawal,977.08,CAD
CA00000810,2025-01-12,BR004,TLR-8748,C502146,cash withdrawal,755.46,CAD
CA00005115,2025-01-25,BR026,TLR-8485,C503955,cash withdrawal,-2582.58,CAD
CA00004411,2025-01-28,BR023,TLR-6393,C503033,cash withdrawal,611.33,CAD
CA00004123,2025-01-07,BR021,TLR-3424,C502408,cash withdrawal,433.91,CAD
CA00000994,2025-01-28,BR004,TLR-3264,C503257,cash withdrawal,956.34,CAD
CA00003133,2025-01-16,BR016,TLR-6923,C501700,cash deposit,572.18,CAD
CA00007132,2025-01-27,BR036,TLR-3440,C502192,cash deposit,358.63,CAD
CA00003492,2025-01-08,BR018,TLR-6868,C501639,cash withdrawal,1397.16,CAD
CA00003223,2025-01-08,BR017,TLR-5294,C503198,cash deposit,1082.36,CAD
CA00006080,2025-01-05,BR031,TLR-5712,C501435,cash deposit,317.18,CAD
CA00005154,2025-01-23,BR026,TLR-4766,C500996,cash deposit,374.69,CAD
CA00004901,2025-01-13,BR025,TLR-6577,C503341,cash deposit,642.07,CAD
CA00007932,2025-01-31,BR039,TLR-7842,C503661,cash deposit,1164.4,CAD
CA00005412,2025-01-22,BR027,TLR-9245,C503556,cash deposit,9841.34,CAD
CA00003085,2025-01-27,BR016,TLR-4081,C503457,cash deposit,968.81,CAD
CA00001746,2025-01-18,BR008,TLR-9740,C500152,cash deposit,561.87,CAD
CA00005129,2025-01-02,BR026,TLR-7857,C501318,cash withdrawal,-580.85,CAD
CA00002682,2025-01-23,BR014,TLR-7959,C501599,cash withdrawal,1151.01,CAD
CA00006759,2025-01-05,BR034,TLR-9674,C500051,cash withdrawal,598.2,CAD
CA00005586,2025-01-02,BR029,TLR-9567,C502847,cash withdrawal,618.25,CAD
CA00008518,2025-01-12,BR040,TLR-5973,C503778,cash withdrawal,867.02,CAD
CA00003613,2025-01-25,BR019,TLR-8513,C503815,cash withdrawal,1855.97,CAD
CA00004894,2025-01-19,BR025,TLR-2383,C503734,cash withdrawal,-528.8,CAD
CA00000399,2025-01-09,BR002,TLR-1049,C503011,cash deposit,1765.08,CAD
CA00008124,2025-01-09,BR040,TLR-6143,C502723,cash withdrawal,1403.67,CAD
CA00002545,2025-01-10,BR014,TLR-6234,C502409,cash deposit,1290.11,CAD
CA00008442,2025-01-08,BR040,TLR-8821,C500844,cash deposit,1434.18,CAD
CA00003633,2025-01-04,BR019,TLR-4755,C502146,cash deposit,1180.15,CAD
CA00007526,2025-01-22,BR037,TLR-4743,C503922,cash deposit,805.88,CAD
CA00007139,2025-01-08,BR036,TLR-4936,C503726,cash withdrawal,2100.67,CAD
CA00006313,2025-01-27,BR032,TLR-2559,C500184,cash withdrawal,764.95,CAD
CA00001196,2025-01-08,BR006,TLR-1055,C501223,cash withdrawal,1483.89,CAD
CA00003781,2025-01-05,BR019,TLR-9910,C501775,cash deposit,330.88,CAD
CA00004650,2025-01-04,BR024,TLR-5270,C501755,cash withdrawal,988.27,CAD
CA00004764,2025-01-04,BR024,TLR-7055,C502824,cash deposit,1493.14,CAD
CA00004859,2025-01-16,BR025,TLR-6824,C502206,cash withdrawal,-269.46,CAD
CA00005203,2025-01-23,BR026,TLR-3969,C501642,cash deposit,250.98,CAD
CA00003850,2025-01-22,BR019,TLR-8222,C501702,cash withdrawal,1269.67,CAD
CA00003396,2025-01-17,BR017,TLR-3191,C502144,cash withdrawal,1157.52,CAD
CA00000010,2025-01-12,BR001,TLR-8548,C501971,cash withdrawal,1653.56,CAD
CA00000551,2025-01-06,BR003,TLR-9367,C503961,cash deposit,2172.82,CAD
CA00005470,2025-01-25,BR028,TLR-3395,C501421,cash withdrawal,938.39,CAD
CA00008668,2025-01-30,BR040,TLR-8695,C503354,cash deposit,905.14,CAD
CA00006615,2025-01-05,BR034,TLR-6130,C503970,cash deposit,575.57,CAD
CA00002181,2025-01-13,BR012,TLR-8940,C503715,cash deposit,1939.86,CAD
CA00007819,2025-01-03,BR039,TLR-2880,C500095,cash deposit,468.91,CAD
CA00001002,2025-01-06,BR004,TLR-9871,C501107,cash withdrawal,3490.51,CAD
CA00003713,2025-01-05,BR019,TLR-6168,C501926,cash deposit,2669.32,CAD
CA00007742,2025-01-16,BR038,TLR-7249,C501120,cash deposit,1652.71,CAD
CA00007686,2025-01-20,BR038,TLR-5561,C500211,cash deposit,1818.57,CAD
CA00002977,2025-01-01,BR015,TLR-5307,C501798,cash withdrawal,957.08,CAD
CA00004205,2025-01-15,BR021,TLR-1534,C502116,cash deposit,1159.34,CAD
CA00004065,2025-01-12,BR020,TLR-4689,C502867,cash deposit,360.76,USD
CA00002699,2025-01-04,BR014,TLR-5796,C502884,cash withdrawal,1183.18,CAD
CA00004244,2025-01-05,BR021,TLR-4058,C503423,cash withdrawal,1028.81,CAD
CA00008107,2025-01-26,BR040,TLR-5901,C502777,cash deposit,694.84,CAD
CA00003489,2025-01-22,BR018,TLR-1827,C500352,cash withdrawal,491.58,CAD
CA00001255,2025-01-20,BR006,TLR-1783,C502493,cash deposit,1293.6,CAD
CA00005447,2025-01-15,BR028,TLR-6796,C500734,cash deposit,1613.72,CAD
CA00001798,2025-01-29,BR009,TLR-3134,C500213,cash withdrawal,1871.95,CAD
CA00008045,2025-01-17,BR040,TLR-6322,C502642,cash deposit,381.27,CAD
CA00001036,2025-01-31,BR005,TLR-7585,C502432,cash deposit,809.98,CAD
CA00001929,2025-01-02,BR010,TLR-3467,C501242,cash deposit,2767.7,CAD
CA00006611,2025-01-04,BR034,TLR-2702,C501042,cash deposit,1238.38,CAD
CA00006982,2025-01-03,BR035,TLR-5251,C502640,cash deposit,888.38,CAD
CA00004919,2025-01-21,BR025,TLR-1525,C503068,cash withdrawal,-1155.37,CAD
CA00004328,2025-01-25,BR023,TLR-2593,C503034,cash withdrawal,572.4,CAD
CA00001788,2025-01-05,BR008,TLR-1387,C500374,cash deposit,949.78,CAD
CA00004145,2025-01-26,BR021,TLR-6755,C501719,cash withdrawal,855.74,CAD
CA00005219,2025-01-17,BR026,TLR-3507,C500683,cash deposit,1662.34,CAD
CA00000655,2025-01-27,BR003,TLR-9374,C501520,cash deposit,1254.53,CAD
CA00005654,2025-01-29,BR029,TLR-6619,C502863,cash deposit,321.24,CAD
CA00008659,2025-01-20,BR040,TLR-8519,C501625,cash deposit,188.84,CAD
CA00004925,2025-01-28,BR025,TLR-9371,C500176,cash withdrawal,-1142.66,CAD
CA00001678,2025-01-08,BR008,TLR-1672,C503838,cash deposit,345.74,CAD
CA00003774,2025-01-27,BR019,TLR-1456,C501711,cash deposit,448.43,CAD
CA00000402,2025-01-23,BR002,TLR-7238,C503381,cash deposit,436.81,CAD
CA00001513,2025-01-18,BR007,TLR-8168,C503231,cash withdrawal,475.56,CAD
CA00001125,2025-01-22,BR006,TLR-4824,C501260,cash deposit,477.26,CAD
CA00002930,2025-01-18,BR015,TLR-1829,C503010,cash deposit,1468.06,CAD
CA00005505,2025-01-07,BR028,TLR-8971,C503472,cash deposit,494.03,CAD
CA00003428,2025-01-14,BR017,TLR-3943,C500743,cash deposit,311.23,CAD
CA00003909,2025-01-17,BR020,TLR-3525,C503935,cash withdrawal,888.71,USD
CA00008563,2025-01-08,BR040,TLR-3306,C500911,cash deposit,3618.14,CAD
CA00002700,2025-01-13,BR014,TLR-5812,C502579,cash withdrawal,1020.61,CAD
CA00001417,2025-01-08,BR007,TLR-6959,C501127,cash withdrawal,1736.05,CAD
CA00003544,2025-01-14,BR018,TLR-3471,C500544,cash deposit,2431.28,CAD
CA00000290,2025-01-13,BR001,TLR-2877,C503055,cash deposit,774.29,CAD
CA00005500,2025-01-08,BR028,TLR-3147,C503906,cash deposit,4681.28,CAD
CA00007436,2025-01-27,BR037,TLR-1869,C503959,cash deposit,1523.42,CAD
CA00008661,2025-01-03,BR040,TLR-2584,C502983,cash withdrawal,625.77,CAD
CA00002809,2025-01-17,BR015,TLR-2906,C503957,cash deposit,775.97,CAD
CA00008433,2025-01-19,BR040,TLR-2464,C501506,cash deposit,1524.99,CAD
CA00053284,2025-01-05,BR040,TLR-9602,W945507,cash deposit,524.86,CAD
CA00005648,2025-01-27,BR029,TLR-9345,C503772,cash deposit,678.21,CAD
CA00006928,2025-01-28,BR035,TLR-9759,C502828,cash withdrawal,686.03,CAD
CA00001108,2025-01-17,BR006,TLR-3743,C503793,cash deposit,1962.13,CAD
CA00000176,2025-01-25,BR001,TLR-1270,C501119,cash withdrawal,534.68,CAD
CA00007899,2025-01-25,BR039,TLR-5772,C501014,cash deposit,984.73,CAD
CA00006059,2025-01-16,BR031,TLR-8652,C501767,cash withdrawal,1891.62,CAD
CA00000411,2025-01-15,BR002,TLR-1067,C500759,cash withdrawal,-452.28,CAD
CA00003209,2025-01-22,BR017,TLR-5547,C502163,cash deposit,1222.08,CAD
CA00006822,2025-01-08,BR035,TLR-2126,C503039,cash withdrawal,2229.49,CAD
CA00004714,2025-01-06,BR024,TLR-6318,C500500,cash withdrawal,914.06,CAD
CA00002027,2025-01-14,BR010,TLR-3583,C501647,cash withdrawal,2680.17,CAD
CA00004193,2025-01-19,BR021,TLR-3797,C502093,cash deposit,400.98,CAD
CA00006565,2025-01-04,BR033,TLR-3225,C500132,cash deposit,771.02,CAD
CA00002475,2025-01-22,BR013,TLR-2471,C500807,cash deposit,1499.22,CAD
CA00007872,2025-01-23,BR039,TLR-5914,C500997,cash deposit,1050.42,CAD
CA00003563,2025-01-12,BR018,TLR-3200,C500573,cash deposit,850.08,CAD
CA00003389,2025-01-27,BR017,TLR-6943,C501139,cash withdrawal,489.92,CAD
CA00000003,2025-01-07,BR001,TLR-4323,C500269,cash deposit,929.33,CAD
CA00003668,2025-01-03,BR019,TLR-8129,C501611,cash deposit,1265.62,CAD
CA00003508,2025-01-07,BR018,TLR-2181,C503263,cash withdrawal,965.48,CAD
CA00000152,2025-01-13,BR001,TLR-6973,C503465,cash withdrawal,1752.22,CAD
CA00007618,2025-01-03,BR038,TLR-5801,C500348,cash deposit,1017.49,CAD
CA00008037,2025-01-28,BR040,TLR-4185,C503204,cash deposit,1024.55,CAD
CA00007829,2025-01-11,BR039,TLR-2378,C503597,cash deposit,1184.97,CAD
CA00001592,2025-01-02,BR008,TLR-7501,C502893,cash deposit,757.98,CAD
CA00007328,2025-01-22,BR037,TLR-7540,C503135,cash deposit,956.81,CAD
CA00000293,2025-01-16,BR001,TLR-4139,C501809,cash deposit,1133.34,CAD
CA00007308,2025-01-17,BR037,TLR-4944,C501535,cash deposit,1638.75,CAD
CA00002589,2025-01-15,BR014,TLR-2102,C503327,cash deposit,536.43,CAD
CA00000487,2025-01-13,BR002,TLR-5504,C501930,cash deposit,823.83,CAD
CA00002338,2025-01-25,BR012,TLR-3862,C500123,cash withdrawal,1814.74,CAD
CA00002073,2025-01-31,BR010,TLR-3867,C501339,cash deposit,257.35,CAD
CA00006177,2025-01-05,BR031,TLR-5456,C501106,cash deposit,212.97,CAD
CA00008277,2025-01-04,BR040,TLR-2714,C503543,cash deposit,1537.01,CAD
CA00002841,2025-01-18,BR015,TLR-8050,C501242,cash withdrawal,572.11,CAD
CA00002065,2025-01-24,BR010,TLR-3210,C500270,cash deposit,580.15,CAD
CA00001396,2025-01-12,BR007,TLR-7067,C503161,cash withdrawal,446.59,CAD
CA00006359,2025-01-28,BR032,TLR-1918,C501856,cash deposit,950.57,CAD
CA00008510,2025-01-17,BR040,TLR-2938,C502832,cash deposit,316.52,CAD
CA00001896,2025-01-12,BR009,TLR-3162,C502221,cash withdrawal,308.45,CAD
CA00001001,2025-01-12,BR004,TLR-2831,C502908,cash deposit,1999.87,CAD
CA00003397,2025-01-25,BR017,TLR-1186,C503062,cash deposit,237.2,CAD
CA00002561,2025-01-30,BR014,TLR-4746,C501362,cash deposit,306.13,CAD
CA00005411,2025-01-15,BR027,TLR-2620,C503696,cash deposit,1099.44,CAD
CA00007332,2025-01-01,BR037,TLR-7462,C501402,cash deposit,1665.39,CAD
CA00002569,2025-01-16,BR014,TLR-3492,C503803,cash withdrawal,222.13,CAD
CA00007065,2025-01-07,BR036,TLR-4564,C500218,cash withdrawal,1760.85,CAD
CA00005660,2025-01-27,BR029,TLR-1586,C500805,cash deposit,596.22,CAD
CA00005852,2025-01-28,BR030,TLR-8035,C500103,cash deposit,3552.49,CAD
CA00004287,2025-01-09,BR022,TLR-1242,C500815,cash deposit,6111.31,CAD
CA00006378,2025-01-25,BR032,TLR-3582,C502040,cash withdrawal,918.71,CAD
CA00002903,2025-01-08,BR015,TLR-7542,C502884,cash deposit,2050.74,CAD
CA00007330,2025-01-03,BR037,TLR-5050,C503879,cash deposit,459.98,CAD
CA00001028,2025-01-27,BR005,TLR-2342,C503448,cash withdrawal,799.13,CAD
CA00002279,2025-01-10,BR012,TLR-6198,C502033,cash withdrawal,740.02,CAD
CA00004679,2025-01-07,BR024,TLR-9601,C500698,cash withdrawal,382.06,CAD
CA00005478,2025-01-14,BR028,TLR-6728,C500324,cash deposit,387.17,CAD
CA00005318,2025-01-08,BR027,TLR-5876,C502473,cash withdrawal,137.59,CAD
CA00002925,2025-01-23,BR015,TLR-6811,C501309,cash withdrawal,2519.12,CAD
CA00006303,2025-01-27,BR032,TLR-5923,C502862,cash deposit,487.26,CAD
CA00000952,2025-01-24,BR004,TLR-6762,C500400,cash deposit,1111.08,CAD
CA00000545,2025-01-07,BR002,TLR-1653,C501613,cash deposit,3474.34,CAD
CA00000633,2025-01-18,BR003,TLR-5332,C501645,cash deposit,1849.52,CAD
CA00000522,2025-01-23,BR002,TLR-5861,C501553,cash deposit,808.42,CAD
CA00001664,2025-01-08,BR008,TLR-5057,C500040,cash deposit,3513.79,CAD
CA00004081,2025-01-09,BR021,TLR-2406,C500999,cash deposit,597.5,CAD
CA00002885,2025-01-27,BR015,TLR-5352,C502491,cash deposit,1334.9,CAD
CA00006255,2025-01-25,BR031,TLR-8264,C500195,cash deposit,306.84,CAD
CA00004668,2025-01-12,BR024,TLR-1616,C500893,cash deposit,1794.39,CAD
CA00007946,2025-01-03,BR039,TLR-1375,C502189,cash deposit,1656.46,CAD
CA00007484,2025-01-20,BR037,TLR-4304,C501775,cash withdrawal,2268.65,CAD
CA00005625,2025-01-21,BR029,TLR-8224,C503009,cash withdrawal,949.12,CAD
CA00003695,2025-01-16,BR019,TLR-9827,C501549,cash withdrawal,344.68,CAD
CA00001452,2025-01-24,BR007,TLR-2267,C503921,cash deposit,1278.85,CAD
CA00007643,2025-01-08,BR038,TLR-8401,C503977,cash withdrawal,592.37,CAD
CA00005745,2025-01-20,BR030,TLR-5138,C503575,cash deposit,431.09,CAD
CA00002931,2025-01-04,BR015,TLR-1859,C500891,cash deposit,747.99,CAD
CA00001444,2025-01-11,BR007,TLR-3060,C503194,cash deposit,1033.51,CAD
CA00004282,2025-01-06,BR022,TLR-2480,C503553,cash deposit,996.1,CAD
CA00003211,2025-01-17,BR017,TLR-7652,C500265,cash withdrawal,933.13,CAD
CA00002349,2025-01-06,BR012,TLR-5396,C503904,cash deposit,2351.15,CAD
CA00000475,2025-01-24,BR002,TLR-9968,C500421,cash deposit,1187.21,CAD
CA00007665,2025-01-08,BR038,TLR-8574,C502089,cash deposit,1043.94,CAD
CA00001799,2025-01-19,BR009,TLR-1512,C503276,cash withdrawal,1392.17,CAD
CA00006319,2025-01-02,BR032,TLR-4363,C501284,cash withdrawal,393.2,CAD
CA00007292,2025-01-05,BR036,TLR-7353,C503804,cash deposit,1530.02,CAD
CA00000279,2025-01-12,BR001,TLR-5986,C500034,cash deposit,1428.76,CAD
CA00000656,2025-01-24,BR003,TLR-1900,C502055,cash deposit,2014.3,CAD
CA00002842,2025-01-13,BR015,TLR-9425,C501259,cash withdrawal,1316.84,CAD
CA00006262,2025-01-20,BR031,TLR-3449,C500996,cash withdrawal,922.44,CAD
CA00000368,2025-01-24,BR002,TLR-3966,C502057,cash deposit,1395.29,CAD
CA00007445,2025-01-01,BR037,TLR-1837,C503089,cash withdrawal,1083.46,CAD
CA00008023,2025-01-09,BR040,TLR-4885,C502872,cash deposit,1292.6,CAD
CA00001684,2025-01-24,BR008,TLR-2274,C500506,cash deposit,1579.03,CAD
CA00002078,2025-01-25,BR010,TLR-1837,C503359,cash withdrawal,2118.89,CAD
CA00004573,2025-01-28,BR024,TLR-2329,C501771,cash withdrawal,1558.2,CAD
CA00007141,2025-01-17,BR036,TLR-7782,C501843,cash withdrawal,691.47,CAD
CA00004968,2025-01-29,BR025,TLR-7871,C502785,cash deposit,3963.31,CAD
CA00002108,2025-01-15,BR011,TLR-1899,C501505,cash deposit,1544.41,CAD
CA00001725,2025-01-17,BR008,TLR-3046,C502022,cash deposit,837.08,CAD
CA00007511,2025-01-22,BR037,TLR-2408,C503832,cash deposit,1023.81,CAD
CA00000819,2025-01-14,BR004,TLR-3475,C502691,cash deposit,1570.28,CAD
CA00001018,2025-01-05,BR004,TLR-3771,C500140,cash withdrawal,543.8,CAD
CA00006422,2025-01-22,BR032,TLR-3294,C503897,cash withdrawal,6485.63,CAD
CA00004494,2025-01-11,BR024,TLR-1550,C502760,cash deposit,559.7,CAD
CA00003250,2025-01-02,BR017,TLR-4646,C501244,cash withdrawal,315.58,CAD
CA00002893,2025-01-17,BR015,TLR-8661,C503950,cash withdrawal,1171.79,CAD
CA00004755,2025-01-02,BR024,TLR-4496,C503314,cash withdrawal,683.45,CAD
CA00001279,2025-01-27,BR006,TLR-9359,C503688,cash deposit,313.2,CAD
CA00000775,2025-01-17,BR004,TLR-1140,C502946,cash deposit,587.62,CAD
CA00008389,2025-01-26,BR040,TLR-1342,C500536,cash deposit,437.74,CAD
CA00002470,2025-01-27,BR013,TLR-7358,C501495,cash deposit,1122.6,CAD
CA00001407,2025-01-03,BR007,TLR-1604,C501608,cash withdrawal,614.26,CAD
CA00000873,2025-01-09,BR004,TLR-9255,C501501,cash withdrawal,468.46,CAD
CA00006670,2025-01-06,BR034,TLR-8831,C503067,cash deposit,776.52,CAD
CA00007923,2025-01-29,BR039,TLR-1328,C502570,cash withdrawal,302.8,CAD
CA00005845,2025-01-21,BR030,TLR-7423,C502359,cash deposit,1031.17,CAD
CA00006022,2025-01-07,BR031,TLR-4697,C500762,cash deposit,451.88,CAD
CA00008675,2025-01-10,BR040,TLR-3763,C502565,cash withdrawal,290.77,CAD
CA00007217,2025-01-19,BR036,TLR-3214,C501526,cash withdrawal,1408.62,CAD
CA00006949,2025-01-23,BR035,TLR-9875,C502718,cash deposit,1900.25,CAD
CA00007894,2025-01-16,BR039,TLR-9232,C503856,cash withdrawal,1029.36,CAD
CA00008011,2025-01-21,BR040,TLR-9964,C501577,cash withdrawal,503.21,CAD
CA00003927,2025-01-24,BR020,TLR-1203,C500986,cash withdrawal,701.45,USD
CA00003689,2025-01-15,BR019,TLR-6288,C503933,cash deposit,989.34,CAD
CA00000832,2025-01-04,BR004,TLR-9241,C503187,cash withdrawal,383.43,CAD
CA00005164,2025-01-05,BR026,TLR-8664,C500897,cash deposit,724.38,CAD
CA00005429,2025-01-20,BR028,TLR-5781,C500292,cash deposit,1093.16,CAD
CA00002371,2025-01-08,BR012,TLR-6181,C501507,cash withdrawal,2245.61,CAD
CA00006718,2025-01-04,BR034,TLR-8446,C501035,cash withdrawal,412.67,CAD
CA00006478,2025-01-25,BR033,TLR-1387,C501813,cash withdrawal,3798.67,CAD
CA00000881,2025-01-05,BR004,TLR-4646,C502480,cash withdrawal,2389.13,CAD
CA00003113,2025-01-25,BR016,TLR-6811,C503664,cash withdrawal,1196.55,CAD
CA00002067,2025-01-20,BR010,TLR-6273,C501663,cash withdrawal,1535.3,CAD
CA00000892,2025-01-06,BR004,TLR-6901,C502678,cash withdrawal,3960.3,CAD
CA00008656,2025-01-04,BR040,TLR-1609,C501595,cash withdrawal,401.25,CAD
CA00002897,2025-01-18,BR015,TLR-4526,C503994,cash deposit,1194.14,CAD
CA00007310,2025-01-05,BR037,TLR-9510,C502471,cash deposit,2135.93,CAD
CA00005400,2025-01-12,BR027,TLR-3632,C500031,cash deposit,1136.64,CAD
CA00003858,2025-01-31,BR019,TLR-9626,C501467,cash deposit,529.47,CAD
CA00002873,2025-01-16,BR015,TLR-3234,C501672,cash deposit,2133.79,CAD
CA00003172,2025-01-08,BR016,TLR-8092,C503749,cash withdrawal,371.54,CAD
CA00006753,2025-01-08,BR034,TLR-8551,C503339,cash withdrawal,1237.33,CAD
CA00003994,2025-01-22,BR020,TLR-6076,C502375,cash deposit,652.84,USD
CA00008245,2025-01-14,BR040,TLR-7461,C501119,cash deposit,4003.73,CAD
CA00006807,2025-01-08,BR035,TLR-6690,C502058,cash deposit,1777.83,CAD
CA00008308,2025-01-08,BR040,TLR-5037,C502829,cash deposit,532.86,CAD
CA00004916,2025-01-14,BR025,TLR-6873,C500349,cash deposit,612.93,CAD
CA00004233,2025-01-30,BR021,TLR-2651,C503194,cash deposit,514.89,CAD
CA00003301,2025-01-23,BR017,TLR-2967,C500642,cash deposit,314.2,CAD
CA00007851,2025-01-31,BR039,TLR-8401,C501254,cash deposit,528.99,CAD
CA00001624,2025-01-15,BR008,TLR-4829,C500199,cash withdrawal,1026.01,CAD
CA00003106,2025-01-10,BR016,TLR-2793,C502089,cash withdrawal,1156.63,CAD
CA00004611,2025-01-31,BR024,TLR-5965,C502890,cash deposit,288.31,CAD
CA00001975,2025-01-29,BR010,TLR-2191,C501992,cash withdrawal,1289.9,CAD
CA00002114,2025-01-19,BR011,TLR-3276,C502358,cash deposit,1320.65,CAD
CA00003672,2025-01-12,BR019,TLR-5872,C501148,cash withdrawal,1651.71,CAD
CA00003910,2025-01-01,BR020,TLR-3535,C502991,cash withdrawal,1935.24,USD
CA00007951,2025-01-17,BR039,TLR-4133,C502335,cash deposit,1760.26,CAD
CA00004972,2025-01-05,BR025,TLR-5588,C503057,cash withdrawal,-859.16,CAD
CA00004058,2025-01-15,BR020,TLR-6316,C503984,cash deposit,435.08,USD
CA00002415,2025-01-02,BR013,TLR-3726,C501357,cash withdrawal,1620.5,CAD
CA00005932,2025-01-17,BR030,TLR-5392,C501269,cash withdrawal,2030.5,CAD
CA00007067,2025-01-02,BR036,TLR-1347,C501872,cash withdrawal,314.62,CAD
CA00004948,2025-01-04,BR025,TLR-5622,C501254,cash deposit,273.36,CAD
CA00002493,2025-01-05,BR013,TLR-6322,C503642,cash deposit,519.0,CAD
CA00004536,2025-01-14,BR024,TLR-7975,C503805,cash withdrawal,1866.99,CAD
CA00001744,2025-01-20,BR008,TLR-7524,C503472,cash withdrawal,606.73,CAD
CA00006909,2025-01-16,BR035,TLR-8444,C500166,cash withdrawal,1254.49,CAD
CA00000398,2025-01-06,BR002,TLR-1831,C502604,cash withdrawal,-634.38,CAD
CA00006614,2025-01-24,BR034,TLR-6075,C502801,cash withdrawal,1585.79,CAD
CA00008069,2025-01-27,BR040,TLR-7251,C502724,cash deposit,1907.17,CAD
CA00000862,2025-01-11,BR004,TLR-2399,C503184,cash deposit,533.98,CAD
CA00003500,2025-01-22,BR018,TLR-4270,C501500,cash deposit,2694.23,CAD
CA00007731,2025-01-20,BR038,TLR-8650,C503705,cash deposit,1080.69,CAD
CA00005017,2025-01-12,BR026,TLR-5971,C500906,cash withdrawal,-902.83,CAD
CA00007541,2025-01-28,BR037,TLR-2090,C500657,cash deposit,2517.46,CAD
CA00002565,2025-01-06,BR014,TLR-9437,C503480,cash withdrawal,638.33,CAD
CA00004769,2025-01-01,BR025,TLR-1652,C502938,cash deposit,430.9,CAD
CA00005420,2025-01-05,BR027,TLR-8363,C500898,cash deposit,9860.35,CAD
CA00001059,2025-01-26,BR005,TLR-7053,C501555,cash deposit,726.66,CAD
CA00001405,2025-01-14,BR007,TLR-2968,C500619,cash withdrawal,1413.82,CAD
CA00001383,2025-01-31,BR007,TLR-5393,C500050,cash withdrawal,325.7,CAD
CA00001710,2025-01-01,BR008,TLR-1861,C501249,cash withdrawal,243.8,CAD
CA00006333,2025-01-07,BR032,TLR-2842,C500171,cash deposit,779.74,CAD
CA00007288,2025-01-05,BR036,TLR-7907,C500842,cash deposit,1558.61,CAD
CA00003294,2025-01-23,BR017,TLR-1298,C503688,cash deposit,971.94,CAD
CA00004001,2025-01-03,BR020,TLR-9652,C500842,cash deposit,1505.4,USD
CA00002144,2025-01-17,BR011,TLR-3899,C503165,cash deposit,258.18,CAD
CA00001822,2025-01-17,BR009,TLR-6105,C502213,cash withdrawal,606.14,CAD
CA00002892,2025-01-08,BR015,TLR-4825,C502733,cash withdrawal,1049.18,CAD
CA00000735,2025-01-06,BR003,TLR-4850,C502145,cash withdrawal,547.24,CAD
CA00008395,2025-01-22,BR040,TLR-3393,C501169,cash withdrawal,1770.09,CAD
CA00002464,2025-01-26,BR013,TLR-2279,C500537,cash deposit,1755.37,CAD
CA00008323,2025-01-24,BR040,TLR-3415,C503310,cash deposit,1076.68,CAD
CA00007028,2025-01-02,BR036,TLR-2630,C501282,cash withdrawal,2432.16,CAD
CA00003449,2025-01-14,BR017,TLR-4187,C500181,cash deposit,267.76,CAD
CA00002544,2025-01-24,BR014,TLR-9445,C500260,cash deposit,2240.71,CAD
CA00006092,2025-01-28,BR031,TLR-1528,C500734,cash deposit,842.42,CAD
CA00005001,2025-01-01,BR026,TLR-1213,C502895,cash withdrawal,-2338.68,CAD
CA00001510,2025-01-30,BR007,TLR-9346,C503214,cash withdrawal,676.03,CAD
CA00002781,2025-01-16,BR015,TLR-9469,C500805,cash deposit,1937.16,CAD
CA00004390,2025-01-15,BR023,TLR-5506,C502256,cash deposit,795.62,CAD
CA00002922,2025-01-28,BR015,TLR-9249,C502436,cash withdrawal,534.69,CAD
CA00004841,2025-01-13,BR025,TLR-6307,C500747,cash withdrawal,-367.99,CAD
CA00001635,2025-01-06,BR008,TLR-6403,C502653,cash deposit,551.12,CAD
CA00002958,2025-01-24,BR015,TLR-6023,C502970,cash withdrawal,3731.59,CAD
CA00002962,2025-01-02,BR015,TLR-5751,C503769,cash withdrawal,283.61,CAD
CA00003392,2025-01-20,BR017,TLR-1127,C501848,cash deposit,875.5,CAD
CA00004877,2025-01-14,BR025,TLR-6233,C503186,cash deposit,1029.4,CAD
CA00002334,2025-01-17,BR012,TLR-4501,C503392,cash deposit,2147.16,CAD
CA00000256,2025-01-14,BR001,TLR-4034,C500688,cash withdrawal,1231.5,CAD
CA00005079,2025-01-24,BR026,TLR-1299,C501709,cash deposit,895.23,CAD
CA00006580,2025-01-06,BR033,TLR-4454,C502297,cash deposit,872.99,CAD
CA00006071,2025-01-03,BR031,TLR-8412,C502023,cash deposit,461.94,CAD
CA00001277,2025-01-04,BR006,TLR-6452,C501918,cash deposit,2941.87,CAD
CA00001429,2025-01-23,BR007,TLR-6778,C501085,cash deposit,283.43,CAD
CA00008225,2025-01-31,BR040,TLR-2927,C503320,cash withdrawal,2040.02,CAD
CA00002488,2025-01-20,BR013,TLR-4386,C502679,cash withdrawal,1272.01,CAD
CA00003975,2025-01-21,BR020,TLR-8006,C500379,cash withdrawal,2034.28,USD
CA00007118,2025-01-29,BR036,TLR-8515,C502742,cash deposit,1966.14,CAD
CA00006100,2025-01-04,BR031,TLR-7741,C500836,cash deposit,733.66,CAD
CA00000322,2025-01-11,BR002,TLR-7521,C502055,cash deposit,1899.14,CAD
CA00004880,2025-01-24,BR025,TLR-4988,C501626,cash deposit,1427.35,CAD
CA00002183,2025-01-05,BR012,TLR-1262,C501498,cash withdrawal,727.16,CAD
CA00002696,2025-01-01,BR014,TLR-7978,C502370,cash withdrawal,1114.48,CAD
CA00005949,2025-01-18,BR030,TLR-3929,C502812,cash deposit,1196.49,CAD
CA00003512,2025-01-12,BR018,TLR-6152,C502949,cash withdrawal,2484.71,CAD
CA00008146,2025-01-08,BR040,TLR-1934,C500575,cash withdrawal,2207.61,CAD
CA00002644,2025-01-25,BR014,TLR-9591,C503044,cash withdrawal,1689.51,CAD
CA00004570,2025-01-29,BR024,TLR-5869,C500894,cash withdrawal,1230.3,CAD
CA00001146,2025-01-28,BR006,TLR-3392,C501242,cash withdrawal,3501.96,CAD
CA00003066,2025-01-02,BR016,TLR-8857,C502139,cash deposit,1021.68,CAD
CA00004778,2025-01-30,BR025,TLR-2986,C501892,cash deposit,1701.54,CAD
CA00004033,2025-01-17,BR020,TLR-5390,C503079,cash deposit,579.48,USD
CA00006055,2025-01-27,BR031,TLR-4947,C502161,cash deposit,1368.26,CAD
CA00000698,2025-01-26,BR003,TLR-4174,C501985,cash deposit,839.9,CAD
CA00000382,2025-01-24,BR002,TLR-3069,C502670,cash withdrawal,-1390.21,CAD
CA00002530,2025-01-13,BR014,TLR-7952,C500008,cash deposit,1717.19,CAD
CA00001671,2025-01-02,BR008,TLR-1425,C503762,cash deposit,1386.55,CAD
CA00002306,2025-01-05,BR012,TLR-6085,C500125,cash deposit,643.19,CAD
CA00004675,2025-01-11,BR024,TLR-4092,C501977,cash withdrawal,838.15,CAD
CA00003843,2025-01-04,BR019,TLR-6211,C502371,cash deposit,729.03,CAD
CA00004078,2025-01-15,BR021,TLR-3350,C501292,cash deposit,1387.28,CAD
CA00005922,2025-01-22,BR030,TLR-9089,C502302,cash deposit,638.86,CAD
CA00000619,2025-01-12,BR003,TLR-6502,C501651,cash withdrawal,2114.25,CAD
CA00001736,2025-01-13,BR008,TLR-3538,C501705,cash withdrawal,1714.69,CAD
CA00006945,2025-01-06,BR035,TLR-9678,C503327,cash withdrawal,605.1,CAD
CA00004306,2025-01-29,BR022,TLR-4289,C500882,cash deposit,762.86,CAD
CA00001162,2025-01-14,BR006,TLR-5108,C501097,cash deposit,1043.63,CAD
CA00006920,2025-01-02,BR035,TLR-8925,C500569,cash withdrawal,4339.08,CAD
CA00003789,2025-01-17,BR019,TLR-5916,C501493,cash withdrawal,650.59,CAD
CA00002860,2025-01-17,BR015,TLR-6667,C503786,cash deposit,279.35,CAD
CA00005477,2025-01-24,BR028,TLR-4648,C503371,cash deposit,974.09,CAD
CA00006154,2025-01-30,BR031,TLR-5818,C502214,cash withdrawal,2080.53,CAD
CA00003499,2025-01-15,BR018,TLR-2842,C500871,cash withdrawal,3099.5,CAD
CA00003299,2025-01-14,BR017,TLR-9780,C501958,cash deposit,796.08,CAD
CA00005926,2025-01-03,BR030,TLR-2469,C500199,cash deposit,1941.54,CAD
CA00003204,2025-01-07,BR016,TLR-1992,C503376,cash withdrawal,602.98,CAD
CA00005808,2025-01-17,BR030,TLR-5832,C502389,cash deposit,442.47,CAD
CA00003918,2025-01-08,BR020,TLR-7186,C501583,cash withdrawal,344.2,USD
CA00007796,2025-01-12,BR039,TLR-7353,C500303,cash deposit,980.7,CAD
CA00007349,2025-01-30,BR037,TLR-5801,C502088,cash withdrawal,3178.46,CAD
CA00003466,2025-01-01,BR018,TLR-9049,C503055,cash deposit,3871.75,CAD
CA00006767,2025-01-27,BR034,TLR-5175,C502329,cash withdrawal,736.03,CAD
CA00007527,2025-01-04,BR037,TLR-1587,C502044,cash withdrawal,734.34,CAD
CA00000341,2025-01-06,BR002,TLR-2797,C500751,cash deposit,1391.1,CAD
CA00001220,2025-01-15,BR006,TLR-3166,C500608,cash withdrawal,1286.55,CAD
CA00001425,2025-01-31,BR007,TLR-8786,C502640,cash withdrawal,843.17,CAD
CA00001073,2025-01-21,BR005,TLR-8943,C503747,cash deposit,732.78,CAD
CA00002193,2025-01-19,BR012,TLR-6212,C501514,cash deposit,718.56,CAD
CA00004999,2025-01-13,BR026,TLR-1890,C501033,cash deposit,2739.61,CAD
CA00008170,2025-01-01,BR040,TLR-2025,C503472,cash withdrawal,753.78,CAD
CA00002245,2025-01-26,BR012,TLR-5759,C500082,cash withdrawal,3094.49,CAD
CA00005929,2025-01-11,BR030,TLR-9575,C502203,cash deposit,1257.87,CAD
CA00001428,2025-01-26,BR007,TLR-4213,C502724,cash deposit,1366.55,CAD
CA00000401,2025-01-17,BR002,TLR-5755,C503373,cash deposit,2513.9,CAD
CA00005059,2025-01-11,BR026,TLR-8678,C502596,cash withdrawal,-550.34,CAD
CA00001933,2025-01-18,BR010,TLR-9872,C501407,cash withdrawal,571.71,CAD
CA00002578,2025-01-19,BR014,TLR-7564,C501816,cash withdrawal,967.76,CAD
CA00000057,2025-01-04,BR001,TLR-7375,C502211,cash deposit,2144.35,CAD
CA00001082,2025-01-16,BR005,TLR-5975,C503018,cash withdrawal,551.58,CAD
CA00004766,2025-01-28,BR025,TLR-2811,C502847,cash deposit,451.59,CAD
CA00006423,2025-01-25,BR032,TLR-8577,C500232,cash deposit,1142.31,CAD
CA00006652,2025-01-27,BR034,TLR-8740,C500249,cash deposit,5577.14,CAD
CA00000949,2025-01-16,BR004,TLR-3940,C502311,cash withdrawal,178.17,CAD
CA00006414,2025-01-23,BR032,TLR-6406,C503123,cash withdrawal,611.27,CAD
CA00007394,2025-01-15,BR037,TLR-4556,C501172,cash withdrawal,731.23,CAD
CA00004426,2025-01-20,BR023,TLR-8833,C503307,cash withdrawal,1378.39,CAD
CA00006846,2025-01-26,BR035,TLR-7330,C502262,cash deposit,1464.69,CAD
CA00004757,2025-01-13,BR024,TLR-5163,C501985,cash deposit,1070.05,CAD
CA00006825,2025-01-17,BR035,TLR-9627,C502044,cash withdrawal,1123.19,CAD
CA00003435,2025-01-24,BR017,TLR-2028,C503295,cash withdrawal,1035.87,CAD
CA00000034,2025-01-22,BR001,TLR-7227,C503049,cash withdrawal,1475.24,CAD
CA00005912,2025-01-16,BR030,TLR-6607,C502783,cash withdrawal,743.02,CAD
CA00002975,2025-01-29,BR015,TLR-1474,C503028,cash withdrawal,684.12,CAD
CA00006943,2025-01-11,BR035,TLR-3328,C500140,cash withdrawal,603.83,CAD
CA00003827,2025-01-18,BR019,TLR-9409,C501059,cash withdrawal,283.65,CAD
CA00006936,2025-01-27,BR035,TLR-3481,C501305,cash deposit,1419.85,CAD
CA00005750,2025-01-06,BR030,TLR-5276,C502927,cash withdrawal,571.79,CAD
CA00006642,2025-01-05,BR034,TLR-2990,C501496,cash withdrawal,315.03,CAD
CA00006242,2025-01-13,BR031,TLR-1209,C502049,cash deposit,581.82,CAD
CA00007603,2025-01-04,BR038,TLR-1667,C503328,cash withdrawal,1742.06,CAD
CA00005369,2025-01-27,BR027,TLR-3330,C502169,cash withdrawal,1162.1,CAD
CA00000091,2025-01-28,BR001,TLR-8186,C502510,cash withdrawal,349.61,CAD
CA00001071,2025-01-31,BR005,TLR-7461,C502931,cash deposit,483.78,CAD
CA00006513,2025-01-05,BR033,TLR-7658,C501609,cash deposit,438.44,CAD
CA00001818,2025-01-26,BR009,TLR-5130,C502520,cash withdrawal,919.16,CAD
CA00001490,2025-01-17,BR007,TLR-6052,C501707,cash deposit,996.81,CAD
CA00004498,2025-01-03,BR024,TLR-6791,C500962,cash deposit,437.03,CAD
CA00002168,2025-01-26,BR012,TLR-7904,C501044,cash deposit,4629.03,CAD
CA00008159,2025-01-09,BR040,TLR-4026,C503972,cash deposit,493.76,CAD
CA00001908,2025-01-03,BR009,TLR-6693,C502680,cash withdrawal,462.38,CAD
CA00001970,2025-01-18,BR010,TLR-7175,C501694,cash withdrawal,598.74,CAD
CA00001934,2025-01-13,BR010,TLR-4531,C501123,cash deposit,285.41,CAD
CA00002648,2025-01-20,BR014,TLR-9586,C501346,cash withdrawal,1463.45,CAD
CA00000908,2025-01-29,BR004,TLR-7702,C502843,cash deposit,1238.46,CAD
CA00007416,2025-01-15,BR037,TLR-6384,C501363,cash deposit,799.42,CAD
CA00002021,2025-01-01,BR010,TLR-6159,C500725,cash withdrawal,1228.92,CAD
CA00000377,2025-01-25,BR002,TLR-1362,C503127,cash withdrawal,-1552.18,CAD
CA00003357,2025-01-25,BR017,TLR-5611,C500869,cash deposit,823.44,CAD
CA00000315,2025-01-31,BR001,TLR-8755,C502797,cash deposit,672.35,CAD
CA00003419,2025-01-12,BR017,TLR-4203,C501393,cash deposit,738.46,CAD
CA00008318,2025-01-02,BR040,TLR-7883,C503326,cash deposit,2128.33,CAD
CA00004614,2025-01-08,BR024,TLR-4646,C503650,cash deposit,635.3,CAD
CA00008626,2025-01-12,BR040,TLR-9300,C501685,cash deposit,276.2,CAD
CA00008080,2025-01-10,BR040,TLR-1767,C500691,cash deposit,1064.78,CAD
CA00002207,2025-01-21,BR012,TLR-3763,C503917,cash withdrawal,3456.42,CAD
CA00005403,2025-01-22,BR027,TLR-7328,C502218,cash withdrawal,1043.62,CAD
CA00000207,2025-01-17,BR001,TLR-7582,C503465,cash deposit,769.71,CAD
CA00004134,2025-01-24,BR021,TLR-5268,C500017,cash deposit,872.47,CAD
CA00002095,2025-01-15,BR011,TLR-1313,C503516,cash deposit,827.46,CAD
CA00003354,2025-01-23,BR017,TLR-5013,C503115,cash deposit,1271.63,CAD
CA00007286,2025-01-02,BR036,TLR-8520,C500086,cash withdrawal,1421.18,CAD
CA00004428,2025-01-30,BR023,TLR-5962,C503479,cash deposit,2521.82,CAD
CA00002523,2025-01-11,BR014,TLR-2567,C501333,cash deposit,1764.82,CAD
CA00001832,2025-01-17,BR009,TLR-8936,C502524,cash deposit,1359.04,CAD
CA00007126,2025-01-24,BR036,TLR-1622,C501731,cash deposit,1782.05,CAD
CA00000524,2025-01-21,BR002,TLR-4425,C501323,cash deposit,2259.04,CAD
CA00004947,2025-01-04,BR025,TLR-9487,C500451,cash deposit,606.22,CAD
CA00001023,2025-01-29,BR005,TLR-1239,C502869,cash deposit,2275.38,CAD
CA00007682,2025-01-30,BR038,TLR-7116,C501234,cash withdrawal,1643.61,CAD
CA00007659,2025-01-17,BR038,TLR-5880,C501690,cash deposit,1864.2,CAD
CA00002409,2025-01-27,BR013,TLR-7055,C501340,cash withdrawal,808.9,CAD
CA00007943,2025-01-19,BR039,TLR-9013,C503687,cash deposit,1043.39,CAD
CA00002602,2025-01-16,BR014,TLR-2655,C502854,cash withdrawal,839.42,CAD
CA00005118,2025-01-17,BR026,TLR-1112,C502174,cash withdrawal,-2358.18,CAD
CA00004171,2025-01-26,BR021,TLR-2752,C502883,cash deposit,2271.25,CAD
CA00008627,2025-01-08,BR040,TLR-8311,C502642,cash withdrawal,1252.71,CAD
CA00005630,2025-01-01,BR029,TLR-1374,C503050,cash withdrawal,976.09,CAD
CA00002581,2025-01-28,BR014,TLR-3571,C501647,cash deposit,1470.15,CAD
CA00008652,2025-01-16,BR040,TLR-5018,C503316,cash withdrawal,1384.11,CAD
CA00004554,2025-01-26,BR024,TLR-5296,C501764,cash withdrawal,997.49,CAD
CA00005442,2025-01-09,BR028,TLR-6283,C500091,cash withdrawal,1038.99,CAD
CA00000659,2025-01-03,BR003,TLR-1226,C501763,cash deposit,965.51,CAD
CA00004441,2025-01-30,BR023,TLR-1779,C500708,cash withdrawal,2274.79,CAD
CA00002525,2025-01-22,BR014,TLR-4643,C502315,cash deposit,332.13,CAD
CA00003186,2025-01-16,BR016,TLR-8086,C501506,cash deposit,1021.39,CAD
CA00007721,2025-01-27,BR038,TLR-8603,C501182,cash deposit,1047.16,CAD
CA00002110,2025-01-21,BR011,TLR-2454,C500993,cash withdrawal,852.83,CAD
CA00001894,2025-01-13,BR009,TLR-1990,C502016,cash deposit,674.88,CAD
CA00001914,2025-01-14,BR009,TLR-3606,C501507,cash deposit,1633.39,CAD
CA00003438,2025-01-05,BR017,TLR-1147,C501239,cash deposit,2481.86,CAD
CA00008407,2025-01-10,BR040,TLR-1134,C503607,cash deposit,1297.93,CAD
CA00007887,2025-01-10,BR039,TLR-6316,C503750,cash deposit,1120.3,CAD
CA00005008,2025-01-08,BR026,TLR-9013,C501593,cash deposit,374.77,CAD
CA00006521,2025-01-09,BR033,TLR-7218,C501432,cash withdrawal,3325.43,CAD
CA00002238,2025-01-18,BR012,TLR-6917,C502674,cash deposit,955.25,CAD
CA00002810,2025-01-31,BR015,TLR-8919,C501085,cash deposit,472.88,CAD
CA00006322,2025-01-26,BR032,TLR-1469,C501420,cash withdrawal,615.57,CAD
CA00007408,2025-01-17,BR037,TLR-1016,C501999,cash withdrawal,763.36,CAD
CA00004854,2025-01-19,BR025,TLR-8892,C502663,cash withdrawal,-603.73,CAD
CA00006995,2025-01-22,BR035,TLR-7894,C502614,cash deposit,7317.73,CAD
CA00004465,2025-01-08,BR024,TLR-7585,C500285,cash deposit,1173.78,CAD
CA00007523,2025-01-03,BR037,TLR-7722,C501344,cash deposit,888.84,CAD
CA00007034,2025-01-07,BR036,TLR-8941,C502599,cash deposit,1708.11,CAD
CA00003675,2025-01-13,BR019,TLR-3275,C502345,cash withdrawal,4130.02,CAD
CA00005796,2025-01-14,BR030,TLR-3970,C502054,cash withdrawal,563.56,CAD
CA00004892,2025-01-20,BR025,TLR-2932,C500955,cash withdrawal,-931.13,CAD
CA00005907,2025-01-21,BR030,TLR-5802,C503382,cash deposit,3497.2,CAD
CA00007224,2025-01-04,BR036,TLR-3328,C500916,cash withdrawal,3244.87,CAD
CA00000992,2025-01-15,BR004,TLR-2053,C502393,cash withdrawal,607.15,CAD
CA00003293,2025-01-22,BR017,TLR-7039,C503546,cash withdrawal,1228.14,CAD
CA00005719,2025-01-10,BR030,TLR-5256,C503311,cash deposit,1592.59,CAD
CA00002943,2025-01-04,BR015,TLR-1693,C503534,cash withdrawal,559.32,CAD
CA00006820,2025-01-06,BR035,TLR-1122,C502363,cash deposit,400.15,CAD
CA00008616,2025-01-30,BR040,TLR-8740,C501452,cash withdrawal,2083.53,CAD
CA00008428,2025-01-02,BR040,TLR-3898,C501829,cash withdrawal,1662.46,CAD
CA00005124,2025-01-16,BR026,TLR-1506,C501092,cash deposit,1094.43,CAD
CA00001422,2025-01-25,BR007,TLR-2671,C500999,cash deposit,219.63,CAD
CA00006584,2025-01-28,BR033,TLR-6043,C503944,cash deposit,662.09,CAD
CA00008438,2025-01-29,BR040,TLR-1637,C500613,cash withdrawal,747.31,CAD
CA00008140,2025-01-10,BR040,TLR-7857,C501381,cash deposit,960.31,CAD
CA00002446,2025-01-29,BR013,TLR-3402,C500028,cash withdrawal,266.54,CAD
CA00004073,2025-01-14,BR020,TLR-1658,C502473,cash withdrawal,632.3,USD
CA00006942,2025-01-23,BR035,TLR-7780,C501731,cash deposit,280.48,CAD
CA00001559,2025-01-26,BR007,TLR-1902,C501257,cash deposit,944.85,CAD
CA00003073,2025-01-27,BR016,TLR-4023,C500964,cash deposit,1161.58,CAD
CA00008449,2025-01-16,BR040,TLR-5480,C500134,cash deposit,962.66,CAD
CA00007296,2025-01-28,BR036,TLR-9455,C500150,cash withdrawal,1419.28,CAD
CA00005642,2025-01-20,BR029,TLR-1011,C501926,cash deposit,1116.04,CAD
CA00008296,2025-01-31,BR040,TLR-6123,C500456,cash withdrawal,1768.08,CAD
CA00004110,2025-01-29,BR021,TLR-5951,C501916,cash deposit,1245.07,CAD
CA00001691,2025-01-13,BR008,TLR-4348,C503662,cash deposit,1020.53,CAD
CA00001385,2025-01-16,BR007,TLR-5146,C500037,cash deposit,1011.94,CAD
CA00006334,2025-01-18,BR032,TLR-3436,C500675,cash deposit,1021.06,CAD
CA00004585,2025-01-31,BR024,TLR-4556,C502608,cash deposit,340.97,CAD
CA00007243,2025-01-09,BR036,TLR-2035,C501791,cash withdrawal,1368.52,CAD
CA00005679,2025-01-25,BR029,TLR-2089,C502632,cash deposit,1651.4,CAD
CA00006266,2025-01-05,BR031,TLR-2901,C501270,cash deposit,626.66,CAD
CA00004476,2025-01-14,BR024,TLR-5948,C500925,cash deposit,314.55,CAD
CA00002703,2025-01-30,BR014,TLR-5865,C502481,cash deposit,803.86,CAD
CA00004781,2025-01-20,BR025,TLR-9198,C500951,cash withdrawal,-2710.78,CAD
CA00003963,2025-01-09,BR020,TLR-4920,C500756,cash deposit,356.15,USD
CA00004017,2025-01-02,BR020,TLR-3363,C502839,cash deposit,429.64,USD
CA00003275,2025-01-20,BR017,TLR-8599,C503682,cash deposit,655.65,CAD
CA00005093,2025-01-10,BR026,TLR-3828,C500565,cash withdrawal,-504.27,CAD
CA00001805,2025-01-18,BR009,TLR-1312,C501540,cash withdrawal,509.99,CAD
CA00007981,2025-01-05,BR040,TLR-5511,C503109,cash withdrawal,3202.58,CAD
CA00000059,2025-01-29,BR001,TLR-2390,C501271,cash withdrawal,509.92,CAD
CA00007158,2025-01-10,BR036,TLR-9524,C502833,cash withdrawal,1617.97,CAD
CA00004276,2025-01-02,BR022,TLR-4452,C500962,cash withdrawal,956.62,CAD
CA00001899,2025-01-14,BR009,TLR-5258,C502095,cash withdrawal,1195.86,CAD
CA00006083,2025-01-05,BR031,TLR-8716,C503097,cash withdrawal,1011.49,CAD
CA00005582,2025-01-21,BR029,TLR-7832,C500655,cash deposit,241.27,CAD
CA00001191,2025-01-30,BR006,TLR-7862,C500436,cash deposit,1668.11,CAD
CA00005934,2025-01-10,BR030,TLR-8319,C503997,cash deposit,1585.53,CAD
CA00001552,2025-01-22,BR007,TLR-4845,C500096,cash deposit,2058.86,CAD
CA00001518,2025-01-23,BR007,TLR-7896,C503283,cash deposit,445.44,CAD
CA00004699,2025-01-15,BR024,TLR-6067,C500091,cash withdrawal,2583.59,CAD
CA00002945,2025-01-14,BR015,TLR-2621,C501118,cash deposit,1272.74,CAD
CA00003540,2025-01-13,BR018,TLR-8279,C501282,cash withdrawal,2325.55,CAD
CA00003420,2025-01-03,BR017,TLR-9704,C501693,cash withdrawal,5503.33,CAD
CA00002378,2025-01-24,BR012,TLR-8976,C501336,cash withdrawal,3375.54,CAD
CA00005659,2025-01-05,BR029,TLR-6788,C502856,cash withdrawal,2134.45,CAD
CA00000540,2025-01-24,BR002,TLR-7276,C501781,cash deposit,665.16,CAD
CA00003659,2025-01-01,BR019,TLR-4142,C501003,cash deposit,2330.21,CAD
CA00003094,2025-01-05,BR016,TLR-3456,C500723,cash deposit,390.24,CAD
CA00001773,2025-01-12,BR008,TLR-2189,C500677,cash deposit,1476.2,CAD
CA00000307,2025-01-01,BR001,TLR-8819,C500119,cash withdrawal,1323.81,CAD
CA00006209,2025-01-31,BR031,TLR-1887,C501274,cash withdrawal,1083.12,CAD
CA00005571,2025-01-28,BR029,TLR-8859,C501768,cash deposit,826.09,CAD
CA00005564,2025-01-25,BR029,TLR-5333,C502328,cash deposit,860.42,CAD
CA00003150,2025-01-13,BR016,TLR-9077,C503750,cash withdrawal,1649.15,CAD
CA00004584,2025-01-08,BR024,TLR-4749,C503160,cash deposit,75.18,CAD
CA00004338,2025-01-11,BR023,TLR-2126,C502244,cash deposit,2237.21,CAD
CA00006960,2025-01-11,BR035,TLR-4959,C501856,cash withdrawal,991.04,CAD
CA00002391,2025-01-08,BR012,TLR-5224,C502784,cash withdrawal,1650.64,CAD
CA00000381,2025-01-24,BR002,TLR-3649,C502053,cash withdrawal,-788.27,CAD
CA00003472,2025-01-27,BR018,TLR-7688,C501767,cash withdrawal,1648.56,CAD
CA00007681,2025-01-26,BR038,TLR-2169,C503569,cash deposit,434.86,CAD
CA00004303,2025-01-31,BR022,TLR-7881,C501417,cash withdrawal,1379.74,CAD
CA00005788,2025-01-23,BR030,TLR-9020,C501453,cash deposit,1498.26,CAD
CA00006622,2025-01-31,BR034,TLR-1815,C503727,cash deposit,609.3,CAD
CA00006077,2025-01-05,BR031,TLR-3685,C500823,cash deposit,2756.35,CAD
CA00003127,2025-01-11,BR016,TLR-4824,C503457,cash withdrawal,1590.86,CAD
CA00002427,2025-01-18,BR013,TLR-5531,C500754,cash deposit,643.1,CAD
CA00001386,2025-01-12,BR007,TLR-8144,C500011,cash deposit,811.95,CAD
CA00002421,2025-01-23,BR013,TLR-8190,C500208,cash withdrawal,156.06,CAD
CA00001638,2025-01-08,BR008,TLR-6109,C501493,cash deposit,1510.51,CAD
CA00008270,2025-01-06,BR040,TLR-2102,C503945,cash deposit,776.24,CAD
CA00007280,2025-01-29,BR036,TLR-8741,C503063,cash deposit,980.46,CAD
CA00007263,2025-01-02,BR036,TLR-1810,C501195,cash deposit,359.86,CAD
CA00000561,2025-01-09,BR003,TLR-9345,C502298,cash deposit,3006.18,CAD
CA00000632,2025-01-17,BR003,TLR-6217,C500252,cash deposit,1679.16,CAD
CA00004994,2025-01-14,BR026,TLR-9605,C503924,cash deposit,563.07,CAD
CA00001406,2025-01-14,BR007,TLR-7266,C503107,cash deposit,1605.18,CAD
CA00004600,2025-01-01,BR024,TLR-5119,C503833,cash deposit,774.51,CAD
CA00002664,2025-01-12,BR014,TLR-2798,C501491,cash deposit,726.4,CAD
CA00001621,2025-01-11,BR008,TLR-6711,C501360,cash deposit,2113.18,CAD
CA00002915,2025-01-30,BR015,TLR-9931,C500402,cash deposit,3048.97,CAD
CA00006104,2025-01-05,BR031,TLR-6945,C503177,cash deposit,4781.65,CAD
CA00003465,2025-01-27,BR018,TLR-7606,C500094,cash withdrawal,2277.15,CAD
CA00001010,2025-01-23,BR004,TLR-8430,C503526,cash withdrawal,431.39,CAD
CA00000161,2025-01-06,BR001,TLR-3539,C502022,cash deposit,1462.8,CAD
CA00001242,2025-01-16,BR006,TLR-2225,C502293,cash withdrawal,759.85,CAD
CA00001523,2025-01-06,BR007,TLR-5556,C502066,cash deposit,430.7,CAD
CA00002456,2025-01-29,BR013,TLR-5695,C501352,cash deposit,530.45,CAD
CA00002833,2025-01-17,BR015,TLR-5007,C503618,cash withdrawal,1385.7,CAD
CA00007206,2025-01-29,BR036,TLR-3686,C503614,cash withdrawal,265.18,CAD
CA00001495,2025-01-16,BR007,TLR-5256,C501993,cash deposit,1184.97,CAD
CA00005314,2025-01-20,BR027,TLR-7538,C502655,cash deposit,1097.26,CAD
CA00005864,2025-01-06,BR030,TLR-7305,C501647,cash deposit,360.03,CAD
CA00004619,2025-01-06,BR024,TLR-5449,C501654,cash deposit,1188.2,CAD
CA00004211,2025-01-02,BR021,TLR-1379,C502034,cash deposit,1062.36,CAD
CA00008604,2025-01-29,BR040,TLR-1799,C503546,cash withdrawal,1503.91,CAD
CA00008199,2025-01-04,BR040,TLR-1731,C500300,cash deposit,874.69,CAD
CA00006673,2025-01-21,BR034,TLR-5859,C502558,cash withdrawal,1230.09,CAD
CA00006171,2025-01-26,BR031,TLR-6133,C502022,cash withdrawal,835.66,CAD
CA00003115,2025-01-15,BR016,TLR-8704,C500320,cash deposit,736.57,CAD
CA00006837,2025-01-16,BR035,TLR-5746,C500585,cash deposit,682.48,CAD
CA00002028,2025-01-02,BR010,TLR-7487,C503439,cash deposit,1277.44,CAD
CA00007955,2025-01-21,BR039,TLR-2007,C500965,cash withdrawal,1287.03,CAD
CA00005883,2025-01-29,BR030,TLR-8911,C503230,cash withdrawal,299.93,CAD
CA00005728,2025-01-30,BR030,TLR-1357,C503797,cash withdrawal,155.59,CAD
CA00007719,2025-01-04,BR038,TLR-8206,C502224,cash deposit,1604.49,CAD
CA00001499,2025-01-05,BR007,TLR-2442,C500236,cash deposit,1780.19,CAD
CA00007268,2025-01-19,BR036,TLR-4795,C501714,cash withdrawal,557.74,CAD
CA00003218,2025-01-22,BR017,TLR-2992,C503100,cash deposit,413.01,CAD
CA00007711,2025-01-18,BR038,TLR-7170,C502856,cash deposit,1037.64,CAD
CA00005376,2025-01-12,BR027,TLR-1451,C503143,cash withdrawal,1626.13,CAD
CA00001952,2025-01-15,BR010,TLR-5702,C502068,cash withdrawal,600.94,CAD
CA00006526,2025-01-31,BR033,TLR-7266,C501848,cash withdrawal,1353.42,CAD
CA00003198,2025-01-14,BR016,TLR-3154,C503958,cash withdrawal,1016.98,CAD
CA00007251,2025-01-04,BR036,TLR-9661,C501162,cash withdrawal,5406.71,CAD
CA00006042,2025-01-28,BR031,TLR-6123,C501871,cash withdrawal,485.85,CAD
CA00002913,2025-01-20,BR015,TLR-7497,C503435,cash deposit,803.3,CAD
CA00005792,2025-01-10,BR030,TLR-1230,C502638,cash withdrawal,594.68,CAD
CA00004239,2025-01-21,BR021,TLR-4785,C502797,cash withdrawal,1030.22,CAD
CA00006774,2025-01-15,BR035,TLR-3552,C503138,cash withdrawal,1465.82,CAD
CA00008271,2025-01-10,BR040,TLR-6027,C501205,cash withdrawal,1497.24,CAD
CA00008504,2025-01-31,BR040,TLR-1543,C501816,cash deposit,2385.11,CAD
CA00003926,2025-01-03,BR020,TLR-4267,C502066,cash deposit,752.54,USD
CA00002208,2025-01-29,BR012,TLR-7966,C502268,cash withdrawal,1182.53,CAD
CA00007275,2025-01-26,BR036,TLR-6466,C501331,cash withdrawal,787.32,CAD
CA00000831,2025-01-05,BR004,TLR-5388,C503897,cash withdrawal,1498.44,CAD
CA00003890,2025-01-16,BR020,TLR-6559,C503448,cash deposit,1869.58,USD
CA00005937,2025-01-27,BR030,TLR-1834,C500983,cash deposit,491.06,CAD
CA00006852,2025-01-29,BR035,TLR-9703,C502738,cash deposit,1134.31,CAD
CA00002121,2025-01-25,BR011,TLR-2661,C500984,cash deposit,1565.78,CAD
CA00006399,2025-01-01,BR032,TLR-9145,C503955,cash withdrawal,832.08,CAD
CA00001867,2025-01-19,BR009,TLR-5294,C502129,cash deposit,1932.49,CAD
CA00002310,2025-01-29,BR012,TLR-8975,C500294,cash deposit,741.91,CAD
CA00004212,2025-01-07,BR021,TLR-9199,C501926,cash withdrawal,465.09,CAD
CA00007539,2025-01-04,BR037,TLR-4566,C500052,cash deposit,700.93,CAD
CA00005722,2025-01-08,BR030,TLR-1124,C500618,cash withdrawal,543.76,CAD
CA00007963,2025-01-01,BR039,TLR-5841,C501264,cash deposit,992.5,CAD
CA00000997,2025-01-01,BR004,TLR-6462,C503947,cash withdrawal,1842.14,CAD
CA00006696,2025-01-18,BR034,TLR-1416,C503139,cash withdrawal,1239.92,CAD
CA00000875,2025-01-23,BR004,TLR-5931,C500867,cash deposit,1719.04,CAD
CA00007320,2025-01-15,BR037,TLR-2498,C501549,cash withdrawal,940.23,CAD
CA00002995,2025-01-14,BR015,TLR-6274,C503134,cash deposit,1192.13,CAD
CA00004581,2025-01-16,BR024,TLR-6434,C502107,cash withdrawal,1937.52,CAD
CA00000001,2025-01-16,BR001,TLR-9532,C502714,cash withdrawal,1924.69,CAD
CA00005751,2025-01-03,BR030,TLR-8621,C503709,cash withdrawal,539.08,CAD
CA00005786,2025-01-12,BR030,TLR-9245,C503505,cash deposit,520.35,CAD
CA00000004,2025-01-17,BR001,TLR-5284,C502852,cash deposit,391.22,CAD
CA00004119,2025-01-03,BR021,TLR-5156,C501393,cash deposit,957.97,CAD
CA00007941,2025-01-16,BR039,TLR-8965,C503964,cash withdrawal,672.48,CAD
CA00007966,2025-01-07,BR039,TLR-5995,C503380,cash withdrawal,2860.46,CAD
CA00006686,2025-01-14,BR034,TLR-2688,C502704,cash deposit,2619.54,CAD
CA00008370,2025-01-15,BR040,TLR-9619,C501336,cash withdrawal,172.26,CAD
CA00002257,2025-01-26,BR012,TLR-9092,C502410,cash deposit,176.71,CAD
CA00000744,2025-01-04,BR003,TLR-5341,C503288,cash withdrawal,902.24,CAD
CA00001081,2025-01-26,BR005,TLR-8502,C503358,cash withdrawal,1609.16,CAD
CA00007344,2025-01-17,BR037,TLR-9431,C501378,cash deposit,790.77,CAD
CA00006610,2025-01-04,BR034,TLR-7397,C501840,cash deposit,84.52,CAD
CA00000234,2025-01-15,BR001,TLR-7243,C503389,cash deposit,1201.43,CAD
CA00002000,2025-01-31,BR010,TLR-9132,C500507,cash withdrawal,2663.94,CAD
CA00002935,2025-01-15,BR015,TLR-2426,C500313,cash deposit,952.73,CAD
CA00002711,2025-01-13,BR014,TLR-4525,C503505,cash withdrawal,1214.09,CAD
CA00005655,2025-01-23,BR029,TLR-8410,C502704,cash deposit,575.7,CAD
CA00000691,2025-01-26,BR003,TLR-3182,C503983,cash deposit,383.76,CAD
CA00004456,2025-01-13,BR024,TLR-9426,C500209,cash deposit,1319.29,CAD
CA00006491,2025-01-16,BR033,TLR-7031,C501782,cash deposit,769.95,CAD
CA00005990,2025-01-31,BR030,TLR-2262,C501859,cash withdrawal,193.54,CAD
CA00003770,2025-01-11,BR019,TLR-7039,C503115,cash withdrawal,3007.48,CAD
CA00003603,2025-01-21,BR019,TLR-3315,C503539,cash withdrawal,564.86,CAD
CA00001173,2025-01-04,BR006,TLR-8356,C501891,cash deposit,3262.9,CAD
CA00005645,2025-01-29,BR029,TLR-5155,C503849,cash deposit,1499.64,CAD
CA00007405,2025-01-29,BR037,TLR-1310,C503194,cash withdrawal,942.53,CAD
CA00001817,2025-01-15,BR009,TLR-2162,C502190,cash deposit,2213.11,CAD
CA00008545,2025-01-08,BR040,TLR-8254,C502127,cash deposit,1239.68,CAD
CA00002889,2025-01-09,BR015,TLR-2413,C502040,cash withdrawal,540.68,CAD
CA00003851,2025-01-06,BR019,TLR-5016,C500658,cash deposit,833.36,CAD
CA00002654,2025-01-23,BR014,TLR-7802,C502986,cash deposit,2843.35,CAD
CA00002956,2025-01-17,BR015,TLR-4508,C503250,cash withdrawal,1775.59,CAD
CA00007726,2025-01-12,BR038,TLR-2770,C503265,cash deposit,858.13,CAD
CA00004661,2025-01-06,BR024,TLR-6266,C501982,cash deposit,403.67,CAD
CA00000233,2025-01-10,BR001,TLR-8247,C501257,cash deposit,1339.26,CAD
CA00002013,2025-01-06,BR010,TLR-6552,C503075,cash withdrawal,2019.41,CAD
CA00004547,2025-01-19,BR024,TLR-4431,C503488,cash deposit,1120.96,CAD
CA00004779,2025-01-01,BR025,TLR-4217,C501572,cash withdrawal,-2335.18,CAD
CA00004136,2025-01-31,BR021,TLR-1295,C500549,cash deposit,229.8,CAD
CA00007815,2025-01-13,BR039,TLR-6794,C500176,cash deposit,900.58,CAD
CA00002869,2025-01-10,BR015,TLR-3464,C503306,cash deposit,601.55,CAD
CA00007236,2025-01-17,BR036,TLR-5120,C501306,cash withdrawal,542.43,CAD
CA00007029,2025-01-13,BR036,TLR-4786,C500080,cash withdrawal,904.46,CAD
CA00002066,2025-01-04,BR010,TLR-2955,C503525,cash withdrawal,2551.11,CAD
CA00000635,2025-01-15,BR003,TLR-1468,C502566,cash deposit,1949.99,CAD
CA00004443,2025-01-01,BR023,TLR-1827,C503574,cash deposit,324.05,CAD
CA00001089,2025-01-06,BR006,TLR-8600,C500757,cash deposit,700.36,CAD
CA00003914,2025-01-19,BR020,TLR-1726,C501180,cash withdrawal,838.75,USD
CA00005710,2025-01-11,BR030,TLR-8308,C500181,cash deposit,1996.04,CAD
CA00006801,2025-01-05,BR035,TLR-7015,C502766,cash withdrawal,386.01,CAD
CA00003809,2025-01-30,BR019,TLR-8273,C503192,cash deposit,1216.21,CAD
CA00006141,2025-01-08,BR031,TLR-8912,C502513,cash deposit,801.32,CAD
CA00007198,2025-01-28,BR036,TLR-7545,C501597,cash deposit,475.2,CAD
CA00003853,2025-01-11,BR019,TLR-8483,C500193,cash withdrawal,652.38,CAD
CA00007761,2025-01-31,BR038,TLR-3575,C500678,cash withdrawal,2302.43,CAD
CA00003566,2025-01-26,BR018,TLR-8960,C502063,cash withdrawal,2293.42,CAD
CA00008122,2025-01-27,BR040,TLR-1598,C503444,cash deposit,2110.37,CAD
CA00002312,2025-01-28,BR012,TLR-5150,C503279,cash deposit,1981.79,CAD
CA00003822,2025-01-31,BR019,TLR-4630,C500160,cash withdrawal,1168.32,CAD
CA00000813,2025-01-17,BR004,TLR-7487,C501802,cash deposit,1309.23,CAD
CA00001790,2025-01-14,BR009,TLR-1351,C501635,cash withdrawal,1243.15,CAD
CA00006270,2025-01-13,BR031,TLR-9623,C501884,cash deposit,481.96,CAD
CA00002917,2025-01-01,BR015,TLR-1675,C502195,cash deposit,2826.59,CAD
CA00008598,2025-01-25,BR040,TLR-2230,C502768,cash deposit,1060.0,CAD
CA00006546,2025-01-09,BR033,TLR-8761,C502692,cash deposit,787.49,CAD
CA00004335,2025-01-10,BR023,TLR-8275,C502700,cash withdrawal,866.19,CAD
CA00002233,2025-01-21,BR012,TLR-3186,C503572,cash deposit,983.16,CAD
CA00003615,2025-01-07,BR019,TLR-6277,C502923,cash deposit,1278.86,CAD
CA00006336,2025-01-12,BR032,TLR-9719,C503161,cash deposit,808.59,CAD
CA00002519,2025-01-22,BR014,TLR-5267,C503588,cash withdrawal,987.54,CAD
CA00001384,2025-01-09,BR007,TLR-5385,C503759,cash deposit,1032.25,CAD
CA00006843,2025-01-15,BR035,TLR-1617,C501587,cash withdrawal,803.95,CAD
CA00007713,2025-01-21,BR038,TLR-2984,C503890,cash withdrawal,2005.8,CAD
CA00006192,2025-01-20,BR031,TLR-3965,C502846,cash withdrawal,2820.77,CAD
CA00007671,2025-01-31,BR038,TLR-5856,C500188,cash withdrawal,2464.42,CAD
CA00001313,2025-01-12,BR006,TLR-3937,C502147,cash withdrawal,578.05,CAD
CA00004904,2025-01-18,BR025,TLR-4649,C501859,cash withdrawal,-1468.06,CAD
CA00003454,2025-01-28,BR017,TLR-8098,C500278,cash deposit,1436.32,CAD
CA00005652,2025-01-31,BR029,TLR-1861,C502679,cash deposit,963.17,CAD
CA00007732,2025-01-18,BR038,TLR-6770,C502680,cash withdrawal,1567.09,CAD
CA00007965,2025-01-10,BR039,TLR-8950,C501522,cash deposit,922.05,CAD
CA00005344,2025-01-18,BR027,TLR-5115,C500655,cash deposit,277.1,CAD
CA00001626,2025-01-11,BR008,TLR-2995,C501941,cash withdrawal,302.72,CAD
CA00002491,2025-01-05,BR013,TLR-3943,C503198,cash deposit,2591.17,CAD
CA00000058,2025-01-20,BR001,TLR-1981,C501424,cash deposit,1360.38,CAD
CA00004137,2025-01-27,BR021,TLR-2459,C502167,cash deposit,528.08,CAD
CA00004884,2025-01-06,BR025,TLR-5299,C503203,cash deposit,2528.33,CAD
CA00005986,2025-01-04,BR030,TLR-2530,C503615,cash deposit,756.27,CAD
CA00001953,2025-01-22,BR010,TLR-4184,C502783,cash withdrawal,2461.92,CAD
CA00007223,2025-01-09,BR036,TLR-1760,C501196,cash withdrawal,1903.65,CAD
CA00000852,2025-01-06,BR004,TLR-5127,C503047,cash deposit,829.02,CAD
CA00008412,2025-01-08,BR040,TLR-5200,C503301,cash deposit,1295.08,CAD
CA00008287,2025-01-04,BR040,TLR-8124,C500929,cash withdrawal,1057.29,CAD
CA00005910,2025-01-31,BR030,TLR-1509,C500933,cash withdrawal,1787.78,CAD
CA00000780,2025-01-04,BR004,TLR-9412,C501829,cash deposit,1666.38,CAD
CA00003096,2025-01-22,BR016,TLR-4191,C503999,cash withdrawal,3970.71,CAD
CA00004382,2025-01-19,BR023,TLR-1462,C503661,cash withdrawal,792.17,CAD
CA00008076,2025-01-09,BR040,TLR-3712,C502303,cash deposit,567.96,CAD
CA00000556,2025-01-27,BR003,TLR-1749,C500663,cash deposit,654.19,CAD
CA00005632,2025-01-19,BR029,TLR-1461,C501170,cash deposit,1275.41,CAD
CA00004934,2025-01-05,BR025,TLR-1025,C503239,cash deposit,492.69,CAD
CA00000076,2025-01-16,BR001,TLR-9601,C500926,cash deposit,786.6,CAD
CA00005193,2025-01-01,BR026,TLR-2174,C503577,cash deposit,1423.82,CAD
CA00001586,2025-01-08,BR008,TLR-2272,C500995,cash withdrawal,1264.69,CAD
CA00003430,2025-01-08,BR017,TLR-9376,C501591,cash withdrawal,562.13,CAD
CA00005669,2025-01-15,BR029,TLR-8785,C502831,cash withdrawal,1522.41,CAD
CA00008134,2025-01-22,BR040,TLR-4840,C503144,cash deposit,2496.03,CAD
CA00006142,2025-01-21,BR031,TLR-9521,C502811,cash withdrawal,711.13,CAD
CA00005385,2025-01-03,BR027,TLR-4237,C501832,cash withdrawal,4181.28,CAD
CA00007039,2025-01-02,BR036,TLR-3897,C503967,cash deposit,613.8,CAD
CA00003884,2025-01-10,BR020,TLR-3151,C502005,cash withdrawal,410.57,USD
CA00002909,2025-01-14,BR015,TLR-5606,C501111,cash withdrawal,1218.62,CAD
CA00000181,2025-01-23,BR001,TLR-7962,C501887,cash deposit,7548.05,CAD
CA00007090,2025-01-16,BR036,TLR-5054,C502773,cash deposit,2717.2,CAD
CA00006780,2025-01-10,BR035,TLR-2143,C502414,cash deposit,1363.42,CAD
CA00002296,2025-01-29,BR012,TLR-6585,C503293,cash withdrawal,1126.56,CAD
CA00002619,2025-01-18,BR014,TLR-9442,C500024,cash withdrawal,2215.3,CAD
CA00000036,2025-01-12,BR001,TLR-6980,C503071,cash deposit,360.93,CAD
CA00008207,2025-01-04,BR040,TLR-7060,C503357,cash withdrawal,1530.07,CAD
CA00001346,2025-01-24,BR006,TLR-3043,C502911,cash deposit,1727.61,CAD
CA00003873,2025-01-17,BR019,TLR-1883,C501531,cash deposit,3520.11,CAD
CA00000182,2025-01-11,BR001,TLR-6470,C502624,cash deposit,915.95,CAD
CA00003559,2025-01-30,BR018,TLR-6494,C501551,cash withdrawal,1102.4,CAD
CA00006440,2025-01-30,BR033,TLR-4790,C503142,cash deposit,1455.97,CAD
CA00002779,2025-01-11,BR015,TLR-6908,C502122,cash withdrawal,395.68,CAD
CA00005709,2025-01-22,BR030,TLR-4301,C503511,cash withdrawal,1361.3,CAD
CA00003217,2025-01-29,BR017,TLR-1401,C502905,cash deposit,1101.51,CAD
CA00005040,2025-01-15,BR026,TLR-1265,C503636,cash withdrawal,-2726.21,CAD
CA00001227,2025-01-03,BR006,TLR-6638,C501544,cash deposit,1564.43,CAD
CA00008692,2025-01-12,BR040,TLR-7843,C501751,cash deposit,1243.7,CAD
CA00003022,2025-01-15,BR016,TLR-5347,C502633,cash deposit,595.72,CAD
CA00004472,2025-01-25,BR024,TLR-3849,C502137,cash deposit,329.13,CAD
CA00001003,2025-01-14,BR004,TLR-3892,C503014,cash deposit,1244.22,CAD
CA00005525,2025-01-27,BR028,TLR-7199,C502091,cash deposit,572.31,CAD
CA00002556,2025-01-20,BR014,TLR-5959,C502241,cash deposit,602.21,CAD
CA00005665,2025-01-18,BR029,TLR-6248,C500316,cash withdrawal,1929.9,CAD
CA00004539,2025-01-02,BR024,TLR-9601,C500119,cash deposit,1512.9,CAD
CA00000053,2025-01-17,BR001,TLR-1468,C500351,cash deposit,3182.54,CAD
CA00004864,2025-01-31,BR025,TLR-4038,C500610,cash withdrawal,-1446.56,CAD
CA00007131,2025-01-30,BR036,TLR-6603,C502366,cash deposit,502.74,CAD
CA00007383,2025-01-17,BR037,TLR-5348,C503834,cash withdrawal,1069.11,CAD
CA00000049,2025-01-06,BR001,TLR-3707,C503864,cash withdrawal,538.98,CAD
CA00003149,2025-01-24,BR016,TLR-7651,C501736,cash withdrawal,1903.33,CAD
CA00000739,2025-01-04,BR003,TLR-8264,C500633,cash withdrawal,628.86,CAD
CA00000687,2025-01-28,BR003,TLR-2537,C502351,cash withdrawal,844.2,CAD
CA00002478,2025-01-04,BR013,TLR-5407,C502113,cash withdrawal,2030.68,CAD
CA00001231,2025-01-09,BR006,TLR-9681,C502892,cash withdrawal,1324.1,CAD
CA00005749,2025-01-08,BR030,TLR-7863,C503271,cash deposit,3376.64,CAD
CA00004283,2025-01-14,BR022,TLR-6999,C501074,cash withdrawal,1519.82,CAD
CA00006143,2025-01-14,BR031,TLR-8568,C503030,cash deposit,504.28,CAD
CA00003468,2025-01-10,BR018,TLR-9007,C503715,cash withdrawal,276.58,CAD
CA00003896,2025-01-20,BR020,TLR-2082,C501624,cash deposit,509.92,USD
CA00005349,2025-01-23,BR027,TLR-7505,C502700,cash deposit,1999.72,CAD
CA00003427,2025-01-08,BR017,TLR-7592,C502110,cash deposit,760.92,CAD
CA00007398,2025-01-17,BR037,TLR-7277,C501944,cash withdrawal,1158.92,CAD
CA00007940,2025-01-27,BR039,TLR-3889,C502579,cash withdrawal,1896.21,CAD
CA00001680,2025-01-15,BR008,TLR-7334,C503640,cash deposit,732.35,CAD
CA00006499,2025-01-08,BR033,TLR-3325,C501734,cash deposit,1387.62,CAD
CA00001049,2025-01-07,BR005,TLR-9290,C503156,cash deposit,1429.37,CAD
CA00008499,2025-01-19,BR040,TLR-7599,C502621,cash deposit,767.97,CAD
CA00001743,2025-01-24,BR008,TLR-7049,C501251,cash deposit,1868.99,CAD
CA00007001,2025-01-31,BR036,TLR-7695,C501969,cash withdrawal,2359.39,CAD
CA00008077,2025-01-10,BR040,TLR-5444,C500078,cash deposit,248.24,CAD
CA00003593,2025-01-31,BR019,TLR-4201,C501142,cash withdrawal,491.56,CAD
CA00002888,2025-01-08,BR015,TLR-7326,C503125,cash deposit,2603.58,CAD
CA00002537,2025-01-28,BR014,TLR-1657,C503327,cash deposit,428.68,CAD
CA00006020,2025-01-27,BR031,TLR-7369,C500024,cash deposit,1520.29,CAD
CA00004654,2025-01-15,BR024,TLR-7394,C503104,cash deposit,528.47,CAD
CA00008682,2025-01-07,BR040,TLR-4303,C501546,cash withdrawal,841.65,CAD
CA00001217,2025-01-22,BR006,TLR-7595,C500264,cash withdrawal,1332.19,CAD
CA00005134,2025-01-29,BR026,TLR-9282,C503795,cash deposit,715.17,CAD
CA00006733,2025-01-09,BR034,TLR-1271,C500619,cash deposit,888.47,CAD
CA00004046,2025-01-10,BR020,TLR-9356,C502063,cash deposit,636.81,USD
CA00006664,2025-01-18,BR034,TLR-3511,C502596,cash deposit,731.3,CAD
CA00006570,2025-01-13,BR033,TLR-1284,C503295,cash withdrawal,2213.14,CAD
CA00002857,2025-01-21,BR015,TLR-9865,C501217,cash deposit,1956.51,CAD
CA00007114,2025-01-31,BR036,TLR-7815,C501071,cash deposit,524.77,CAD
CA00006817,2025-01-22,BR035,TLR-5131,C500266,cash withdrawal,604.88,CAD
CA00003077,2025-01-01,BR016,TLR-2131,C500535,cash withdrawal,2193.48,CAD
CA00004637,2025-01-09,BR024,TLR-1155,C501624,cash withdrawal,1482.87,CAD
CA00003019,2025-01-13,BR016,TLR-5490,C501097,cash withdrawal,685.92,CAD
CA00000841,2025-01-23,BR004,TLR-7316,C502629,cash deposit,215.37,CAD
CA00008470,2025-01-06,BR040,TLR-1574,C503270,cash withdrawal,752.35,CAD
CA00005207,2025-01-17,BR026,TLR-6372,C500956,cash withdrawal,-2153.59,CAD
CA00004791,2025-01-13,BR025,TLR-8013,C503341,cash withdrawal,-533.94,CAD
CA00005596,2025-01-07,BR029,TLR-3798,C502642,cash withdrawal,292.47,CAD
CA00000590,2025-01-28,BR003,TLR-1386,C500720,cash withdrawal,684.18,CAD
CA00002587,2025-01-17,BR014,TLR-1215,C503647,cash deposit,744.0,CAD
CA00004847,2025-01-02,BR025,TLR-5938,C503020,cash deposit,576.2,CAD
CA00005172,2025-01-30,BR026,TLR-2529,C502810,cash withdrawal,-520.9,CAD
CA00004340,2025-01-25,BR023,TLR-3930,C503429,cash deposit,276.53,CAD
CA00007848,2025-01-01,BR039,TLR-5908,C502690,cash withdrawal,474.79,CAD
CA00005493,2025-01-19,BR028,TLR-4979,C503703,cash deposit,773.35,CAD
CA00005628,2025-01-04,BR029,TLR-5191,C502868,cash withdrawal,2554.68,CAD
CA00007003,2025-01-29,BR036,TLR-7917,C503222,cash withdrawal,1932.62,CAD
CA00001431,2025-01-07,BR007,TLR-7947,C502693,cash withdrawal,1292.45,CAD
CA00004189,2025-01-10,BR021,TLR-6393,C503831,cash deposit,831.25,CAD
CA00006407,2025-01-31,BR032,TLR-1089,C502910,cash withdrawal,809.12,CAD
CA00002785,2025-01-05,BR015,TLR-1156,C502031,cash withdrawal,358.75,CAD
CA00003192,2025-01-11,BR016,TLR-1790,C503558,cash withdrawal,1829.95,CAD
CA00006251,2025-01-30,BR031,TLR-5464,C501250,cash deposit,1338.19,CAD
CA00000273,2025-01-09,BR001,TLR-6178,C500563,cash withdrawal,741.02,CAD
CA00005860,2025-01-07,BR030,TLR-3419,C500783,cash deposit,1135.31,CAD
CA00000028,2025-01-17,BR001,TLR-8587,C502502,cash deposit,2607.62,CAD
CA00004344,2025-01-25,BR023,TLR-4668,C501724,cash withdrawal,905.25,CAD
CA00006436,2025-01-18,BR033,TLR-2466,C500224,cash deposit,1666.42,CAD
CA00002287,2025-01-27,BR012,TLR-5799,C503331,cash deposit,260.88,CAD
CA00008147,2025-01-06,BR040,TLR-6363,C502702,cash withdrawal,4397.22,CAD
CA00006263,2025-01-04,BR031,TLR-8510,C503134,cash deposit,327.09,CAD
CA00004284,2025-01-02,BR022,TLR-5965,C500849,cash withdrawal,2897.45,CAD
CA00005945,2025-01-11,BR030,TLR-1444,C503547,cash withdrawal,342.29,CAD
CA00006446,2025-01-28,BR033,TLR-6577,C502294,cash withdrawal,1012.16,CAD
CA00002947,2025-01-03,BR015,TLR-3817,C500584,cash deposit,509.33,CAD
CA00001415,2025-01-12,BR007,TLR-9045,C500278,cash deposit,1436.39,CAD
CA00002820,2025-01-18,BR015,TLR-1439,C502494,cash withdrawal,695.93,CAD
CA00001990,2025-01-01,BR010,TLR-9114,C503050,cash withdrawal,2192.94,CAD
CA00003552,2025-01-13,BR018,TLR-1624,C503263,cash deposit,1941.6,CAD
CA00005357,2025-01-26,BR027,TLR-7735,C502684,cash deposit,341.29,CAD
CA00007317,2025-01-18,BR037,TLR-9488,C502706,cash deposit,669.09,CAD
CA00000121,2025-01-09,BR001,TLR-5926,C501028,cash deposit,586.23,CAD
CA00001652,2025-01-11,BR008,TLR-5765,C503222,cash deposit,1172.77,CAD
CA00004688,2025-01-24,BR024,TLR-9795,C503390,cash withdrawal,399.38,CAD
CA00003024,2025-01-04,BR016,TLR-2568,C502069,cash deposit,654.15,CAD
CA00008166,2025-01-28,BR040,TLR-4547,C501716,cash deposit,214.89,CAD
CA00000372,2025-01-02,BR002,TLR-7368,C500637,cash deposit,1100.67,CAD
CA00000175,2025-01-18,BR001,TLR-3969,C503416,cash deposit,1450.72,CAD
CA00007294,2025-01-08,BR036,TLR-1696,C501159,cash deposit,582.27,CAD
CA00000526,2025-01-24,BR002,TLR-8224,C502967,cash withdrawal,-497.09,CAD
CA00005816,2025-01-25,BR030,TLR-2093,C502581,cash withdrawal,519.27,CAD
CA00006073,2025-01-18,BR031,TLR-7824,C503330,cash withdrawal,278.93,CAD
CA00007509,2025-01-07,BR037,TLR-3019,C503242,cash withdrawal,1338.55,CAD
CA00000654,2025-01-31,BR003,TLR-8965,C502555,cash withdrawal,294.23,CAD
CA00007473,2025-01-31,BR037,TLR-8591,C502268,cash withdrawal,842.68,CAD
CA00007576,2025-01-12,BR037,TLR-2404,C501252,cash withdrawal,2384.5,CAD
CA00008419,2025-01-08,BR040,TLR-5318,C502704,cash deposit,2228.16,CAD
CA00005793,2025-01-27,BR030,TLR-1858,C503583,cash deposit,510.75,CAD
CA00006180,2025-01-18,BR031,TLR-7403,C500471,cash withdrawal,2328.42,CAD
CA00006988,2025-01-10,BR035,TLR-5053,C501294,cash withdrawal,610.47,CAD
CA00003588,2025-01-25,BR019,TLR-3972,C503359,cash deposit,3431.98,CAD
CA00000183,2025-01-18,BR001,TLR-7596,C501664,cash withdrawal,498.95,CAD
CA00008585,2025-01-15,BR040,TLR-5423,C501930,cash deposit,383.91,CAD
CA00005274,2025-01-18,BR027,TLR-7543,C501079,cash withdrawal,352.56,CAD
CA00007777,2025-01-26,BR039,TLR-9897,C500741,cash withdrawal,1424.59,CAD
CA00007647,2025-01-12,BR038,TLR-4290,C500005,cash deposit,460.25,CAD
CA00007354,2025-01-18,BR037,TLR-8292,C503487,cash deposit,571.27,CAD
CA00005691,2025-01-31,BR029,TLR-2420,C502125,cash deposit,682.07,CAD
CA00004803,2025-01-06,BR025,TLR-6534,C501020,cash withdrawal,-1476.42,CAD
CA00002227,2025-01-29,BR012,TLR-8259,C500163,cash withdrawal,562.14,CAD
CA00006581,2025-01-07,BR033,TLR-9184,C500807,cash withdrawal,498.25,CAD
CA00006703,2025-01-02,BR034,TLR-1218,C502615,cash deposit,570.91,CAD
CA00007135,2025-01-21,BR036,TLR-2593,C502185,cash deposit,2884.07,CAD
CA00004750,2025-01-17,BR024,TLR-9714,C502689,cash deposit,477.34,CAD
CA00003151,2025-01-31,BR016,TLR-3472,C500570,cash withdrawal,1363.21,CAD
CA00007054,2025-01-22,BR036,TLR-4195,C502120,cash deposit,302.28,CAD
CA00002755,2025-01-08,BR015,TLR-8332,C503563,cash withdrawal,1129.2,CAD
CA00006343,2025-01-09,BR032,TLR-6362,C502345,cash withdrawal,304.33,CAD
CA00003295,2025-01-17,BR017,TLR-7702,C500708,cash deposit,834.9,CAD
CA00003537,2025-01-10,BR018,TLR-4139,C501071,cash deposit,1202.36,CAD
CA00004503,2025-01-08,BR024,TLR-1168,C502585,cash deposit,679.34,CAD
CA00000979,2025-01-26,BR004,TLR-6985,C503490,cash withdrawal,404.22,CAD
CA00002843,2025-01-08,BR015,TLR-4255,C501398,cash deposit,1010.51,CAD
CA00001884,2025-01-29,BR009,TLR-5648,C503269,cash deposit,749.15,CAD
CA00008068,2025-01-18,BR040,TLR-5795,C502039,cash deposit,667.47,CAD
CA00000609,2025-01-29,BR003,TLR-2632,C501023,cash deposit,5977.57,CAD
CA00006439,2025-01-20,BR033,TLR-1324,C500130,cash deposit,1099.13,CAD
CA00003765,2025-01-21,BR019,TLR-5450,C502548,cash withdrawal,1817.95,CAD
CA00005921,2025-01-11,BR030,TLR-1829,C503386,cash withdrawal,930.3,CAD
CA00007037,2025-01-11,BR036,TLR-7389,C503255,cash deposit,349.42,CAD
CA00001245,2025-01-18,BR006,TLR-1866,C503637,cash withdrawal,1525.76,CAD
CA00000523,2025-01-05,BR002,TLR-1227,C501894,cash deposit,381.6,CAD
CA00006683,2025-01-15,BR034,TLR-5741,C501205,cash withdrawal,1657.26,CAD
CA00001945,2025-01-13,BR010,TLR-3906,C502365,cash deposit,1516.11,CAD
CA00001916,2025-01-05,BR009,TLR-7512,C500155,cash deposit,3174.66,CAD
CA00006431,2025-01-05,BR033,TLR-6926,C501060,cash deposit,1043.81,CAD
CA00005578,2025-01-31,BR029,TLR-8932,C500539,cash withdrawal,1536.58,CAD
CA00004519,2025-01-20,BR024,TLR-8480,C501816,cash withdrawal,1959.38,CAD
CA00005960,2025-01-18,BR030,TLR-5602,C503560,cash withdrawal,2551.33,CAD
CA00005185,2025-01-21,BR026,TLR-3894,C502075,cash withdrawal,-1117.28,CAD
CA00000615,2025-01-03,BR003,TLR-7581,C501716,cash withdrawal,898.92,CAD
CA00000195,2025-01-18,BR001,TLR-8054,C501870,cash deposit,801.45,CAD
CA00005380,2025-01-03,BR027,TLR-1959,C501025,cash deposit,848.87,CAD
CA00007470,2025-01-08,BR037,TLR-3643,C500858,cash withdrawal,1268.69,CAD
CA00003740,2025-01-11,BR019,TLR-9829,C500749,cash withdrawal,341.54,CAD
CA00006089,2025-01-06,BR031,TLR-8427,C500267,cash withdrawal,881.99,CAD
CA00000665,2025-01-01,BR003,TLR-1307,C502255,cash deposit,737.4,CAD
CA00000296,2025-01-07,BR001,TLR-1792,C502279,cash deposit,855.0,CAD
CA00005086,2025-01-07,BR026,TLR-3717,C503929,cash withdrawal,-1307.08,CAD
CA00003705,2025-01-25,BR019,TLR-9264,C500130,cash deposit,591.75,CAD
CA00004216,2025-01-14,BR021,TLR-1124,C501979,cash deposit,1595.36,CAD
CA00006710,2025-01-14,BR034,TLR-8677,C501186,cash withdrawal,2300.9,CAD
CA00007227,2025-01-03,BR036,TLR-4124,C503517,cash withdrawal,1660.78,CAD
CA00007974,2025-01-02,BR039,TLR-5371,C501776,cash deposit,4319.35,CAD
CA00004780,2025-01-09,BR025,TLR-5633,C501488,cash withdrawal,-570.45,CAD
CA00005243,2025-01-11,BR026,TLR-1775,C501629,cash deposit,388.95,CAD
CA00003464,2025-01-24,BR018,TLR-7199,C501322,cash withdrawal,1799.14,CAD
CA00005812,2025-01-07,BR030,TLR-7329,C503592,cash withdrawal,358.99,CAD
CA00000205,2025-01-01,BR001,TLR-4093,C500288,cash deposit,1726.61,CAD
CA00004361,2025-01-07,BR023,TLR-8054,C502589,cash withdrawal,1500.46,CAD
CA00000980,2025-01-28,BR004,TLR-9008,C503255,cash withdrawal,1940.6,CAD
CA00003405,2025-01-27,BR017,TLR-8845,C501284,cash deposit,1390.08,CAD
CA00007524,2025-01-08,BR037,TLR-3535,C503903,cash withdrawal,360.52,CAD
CA00003663,2025-01-04,BR019,TLR-4588,C500058,cash withdrawal,1274.58,CAD
CA00003318,2025-01-12,BR017,TLR-8137,C503450,cash withdrawal,680.4,CAD
CA00007642,2025-01-13,BR038,TLR-4775,C501181,cash deposit,485.04,CAD
CA00008417,2025-01-17,BR040,TLR-5146,C500472,cash deposit,1853.96,CAD
CA00006099,2025-01-04,BR031,TLR-9902,C502801,cash withdrawal,2494.58,CAD
CA00007861,2025-01-20,BR039,TLR-2279,C500466,cash withdrawal,717.8,CAD
CA00004952,2025-01-20,BR025,TLR-2248,C503553,cash deposit,1345.11,CAD
CA00007855,2025-01-29,BR039,TLR-7148,C501249,cash withdrawal,2114.36,CAD
CA00008334,2025-01-02,BR040,TLR-1088,C503412,cash withdrawal,542.76,CAD
CA00004351,2025-01-26,BR023,TLR-9661,C501190,cash deposit,733.61,CAD
CA00006182,2025-01-22,BR031,TLR-5830,C500554,cash deposit,2154.91,CAD
CA00001041,2025-01-26,BR005,TLR-8014,C501311,cash withdrawal,478.5,CAD
CA00002185,2025-01-17,BR012,TLR-8928,C501912,cash deposit,2342.71,CAD
CA00003242,2025-01-07,BR017,TLR-6886,C501802,cash withdrawal,459.65,CAD
CA00001632,2025-01-28,BR008,TLR-1951,C503773,cash withdrawal,289.83,CAD
CA00007322,2025-01-07,BR037,TLR-4423,C503858,cash withdrawal,1680.94,CAD
CA00003629,2025-01-21,BR019,TLR-7840,C501273,cash deposit,2626.83,CAD
CA00007968,2025-01-29,BR039,TLR-1438,C501523,cash withdrawal,1342.78,CAD
CA00001365,2025-01-25,BR007,TLR-4612,C503028,cash deposit,638.33,CAD
CA00005636,2025-01-24,BR029,TLR-9829,C502762,cash deposit,2176.05,CAD
CA00007197,2025-01-24,BR036,TLR-9933,C503847,cash deposit,608.83,CAD
CA00001170,2025-01-08,BR006,TLR-1591,C502621,cash withdrawal,818.79,CAD
CA00000808,2025-01-31,BR004,TLR-9955,C500542,cash deposit,3446.83,CAD
CA00004641,2025-01-13,BR024,TLR-1603,C503459,cash deposit,907.4,CAD
CA00001816,2025-01-30,BR009,TLR-7129,C500681,cash deposit,631.5,CAD
CA00000823,2025-01-21,BR004,TLR-7362,C502917,cash deposit,164.0,CAD
CA00000910,2025-01-09,BR004,TLR-6523,C503957,cash deposit,470.01,CAD
CA00008051,2025-01-20,BR040,TLR-5751,C503933,cash withdrawal,599.72,CAD
CA00000246,2025-01-10,BR001,TLR-4495,C503757,cash withdrawal,808.98,CAD
CA00004190,2025-01-25,BR021,TLR-2459,C502347,cash withdrawal,1134.51,CAD
CA00007048,2025-01-10,BR036,TLR-6086,C502453,cash withdrawal,1216.65,CAD
CA00005077,2025-01-28,BR026,TLR-9151,C503189,cash withdrawal,-393.01,CAD
CA00001639,2025-01-21,BR008,TLR-5179,C501719,cash deposit,1518.43,CAD
CA00006241,2025-01-07,BR031,TLR-9719,C503639,cash deposit,1263.25,CAD
CA00002358,2025-01-11,BR012,TLR-1791,C501020,cash deposit,697.59,CAD
CA00004416,2025-01-08,BR023,TLR-7314,C500407,cash withdrawal,1394.46,CAD
CA00002916,2025-01-29,BR015,TLR-3199,C502709,cash withdrawal,209.72,CAD
CA00002011,2025-01-17,BR010,TLR-6322,C500506,cash deposit,5765.18,CAD
CA00003900,2025-01-23,BR020,TLR-1876,C501430,cash deposit,430.33,USD
CA00003520,2025-01-22,BR018,TLR-6454,C503062,cash deposit,304.69,CAD
CA00006079,2025-01-23,BR031,TLR-9078,C501788,cash deposit,2795.19,CAD
CA00007102,2025-01-03,BR036,TLR-9204,C502413,cash withdrawal,805.59,CAD
CA00000570,2025-01-27,BR003,TLR-9431,C502170,cash deposit,628.06,CAD
CA00001289,2025-01-13,BR006,TLR-3849,C500407,cash deposit,587.95,CAD
CA00005088,2025-01-09,BR026,TLR-1018,C502886,cash deposit,270.84,CAD
CA00008238,2025-01-27,BR040,TLR-1139,C502778,cash withdrawal,1004.15,CAD
CA00007926,2025-01-20,BR039,TLR-9895,C502980,cash withdrawal,1339.58,CAD
CA00000786,2025-01-30,BR004,TLR-4171,C500232,cash withdrawal,536.49,CAD
CA00007207,2025-01-18,BR036,TLR-8968,C501275,cash withdrawal,171.19,CAD
CA00006170,2025-01-18,BR031,TLR-5748,C503487,cash deposit,1145.43,CAD
CA00006260,2025-01-09,BR031,TLR-3307,C500579,cash deposit,1101.0,CAD
CA00005358,2025-01-11,BR027,TLR-4397,C500232,cash withdrawal,372.88,CAD
CA00001184,2025-01-11,BR006,TLR-8407,C503995,cash withdrawal,627.78,CAD
CA00008578,2025-01-29,BR040,TLR-9600,C500417,cash withdrawal,1091.46,CAD
CA00004422,2025-01-22,BR023,TLR-7382,C501616,cash deposit,1249.65,CAD
CA00002546,2025-01-17,BR014,TLR-2900,C500783,cash deposit,2289.09,CAD
CA00003983,2025-01-07,BR020,TLR-6174,C502962,cash deposit,575.51,USD
CA00004360,2025-01-25,BR023,TLR-4817,C503909,cash deposit,841.56,CAD
CA00004224,2025-01-19,BR021,TLR-7475,C501120,cash deposit,1116.21,CAD
CA00003804,2025-01-10,BR019,TLR-9604,C503320,cash deposit,4969.29,CAD
CA00006230,2025-01-25,BR031,TLR-6257,C502052,cash withdrawal,663.97,CAD
CA00004350,2025-01-06,BR023,TLR-2061,C501756,cash deposit,820.96,CAD
CA00005693,2025-01-19,BR029,TLR-1763,C501878,cash withdrawal,1932.58,CAD
CA00001130,2025-01-09,BR006,TLR-6797,C501863,cash withdrawal,225.22,CAD
CA00004617,2025-01-13,BR024,TLR-8767,C503787,cash deposit,1990.08,CAD
CA00003798,2025-01-05,BR019,TLR-9880,C502527,cash deposit,1338.08,CAD
CA00000940,2025-01-03,BR004,TLR-3677,C503882,cash deposit,567.82,CAD
CA00004028,2025-01-25,BR020,TLR-2694,C502427,cash withdrawal,601.4,USD
CA00000592,2025-01-03,BR003,TLR-7872,C503812,cash deposit,351.76,CAD
CA00008610,2025-01-23,BR040,TLR-9539,C500353,cash deposit,384.94,CAD
CA00001055,2025-01-08,BR005,TLR-9725,C500461,cash deposit,354.92,CAD
CA00008309,2025-01-31,BR040,TLR-9111,C501106,cash deposit,161.27,CAD
CA00001258,2025-01-19,BR006,TLR-9800,C501929,cash deposit,358.83,CAD
CA00006690,2025-01-04,BR034,TLR-6817,C501731,cash withdrawal,1375.12,CAD
CA00005108,2025-01-10,BR026,TLR-3184,C501718,cash withdrawal,-936.94,CAD
CA00003027,2025-01-05,BR016,TLR-4651,C502740,cash withdrawal,2396.16,CAD
CA00006008,2025-01-27,BR030,TLR-6581,C500570,cash withdrawal,703.98,CAD
CA00004424,2025-01-07,BR023,TLR-7703,C500216,cash withdrawal,1363.46,CAD
CA00006608,2025-01-20,BR034,TLR-9912,C502187,cash deposit,378.22,CAD
CA00004756,2025-01-10,BR024,TLR-2324,C500472,cash withdrawal,1378.41,CAD
CA00007171,2025-01-06,BR036,TLR-8474,C501860,cash deposit,1130.14,CAD
CA00000585,2025-01-13,BR003,TLR-2922,C500600,cash withdrawal,929.89,CAD
CA00003144,2025-01-07,BR016,TLR-3678,C500359,cash deposit,367.74,CAD
CA00002637,2025-01-28,BR014,TLR-9377,C501452,cash withdrawal,315.93,CAD
CA00003307,2025-01-25,BR017,TLR-4647,C502817,cash deposit,2273.64,CAD
CA00001280,2025-01-26,BR006,TLR-9692,C503011,cash withdrawal,1182.67,CAD
CA00002984,2025-01-12,BR015,TLR-8137,C501121,cash withdrawal,682.69,CAD
CA00006976,2025-01-26,BR035,TLR-5418,C503632,cash deposit,664.98,CAD
CA00005163,2025-01-27,BR026,TLR-7902,C501665,cash deposit,782.15,CAD
CA00003580,2025-01-25,BR019,TLR-8069,C502928,cash withdrawal,732.08,CAD
CA00002972,2025-01-16,BR015,TLR-3257,C500129,cash deposit,696.99,CAD
CA00000160,2025-01-18,BR001,TLR-9906,C502615,cash withdrawal,2610.99,CAD
CA00002971,2025-01-08,BR015,TLR-8936,C500754,cash deposit,2078.36,CAD
CA00003266,2025-01-05,BR017,TLR-2366,C501936,cash withdrawal,529.12,CAD
CA00005879,2025-01-28,BR030,TLR-1618,C503452,cash deposit,2069.03,CAD
CA00001469,2025-01-19,BR007,TLR-3618,C500075,cash withdrawal,1993.84,CAD
CA00006856,2025-01-26,BR035,TLR-4345,C503826,cash withdrawal,3209.4,CAD
CA00008586,2025-01-08,BR040,TLR-2070,C500155,cash deposit,909.22,CAD
CA00001156,2025-01-13,BR006,TLR-9939,C502989,cash deposit,353.24,CAD
CA00002976,2025-01-17,BR015,TLR-6616,C501127,cash deposit,2101.17,CAD
CA00007451,2025-01-16,BR037,TLR-7334,C502754,cash deposit,756.09,CAD
CA00008102,2025-01-08,BR040,TLR-3618,C501607,cash withdrawal,722.67,CAD
CA00008335,2025-01-18,BR040,TLR-1433,C503773,cash withdrawal,2348.9,CAD
CA00005216,2025-01-03,BR026,TLR-7343,C500847,cash withdrawal,-1123.38,CAD
CA00003393,2025-01-25,BR017,TLR-5510,C503574,cash withdrawal,1104.71,CAD
CA00000394,2025-01-02,BR002,TLR-1694,C500182,cash deposit,2791.4,CAD
CA00000499,2025-01-29,BR002,TLR-8512,C500848,cash withdrawal,-345.53,CAD
CA00000040,2025-01-17,BR001,TLR-7500,C502346,cash withdrawal,835.8,CAD
CA00007704,2025-01-26,BR038,TLR-6066,C502268,cash deposit,418.68,CAD
CA00008571,2025-01-01,BR040,TLR-5083,C501539,cash withdrawal,2008.62,CAD
CA00000557,2025-01-30,BR003,TLR-5815,C500332,cash deposit,496.63,CAD
CA00003696,2025-01-22,BR019,TLR-9120,C501539,cash withdrawal,1141.81,CAD
CA00001845,2025-01-12,BR009,TLR-2864,C501634,cash deposit,793.8,CAD
CA00008533,2025-01-11,BR040,TLR-7072,C501082,cash deposit,2631.47,CAD
CA00001084,2025-01-15,BR005,TLR-7975,C501385,cash deposit,888.34,CAD
CA00004053,2025-01-20,BR020,TLR-2113,C500506,cash withdrawal,1726.51,USD
CA00006799,2025-01-05,BR035,TLR-4015,C500159,cash deposit,288.51,CAD
CA00005970,2025-01-12,BR030,TLR-9288,C501045,cash deposit,1530.09,CAD
CA00008042,2025-01-28,BR040,TLR-1507,C503671,cash withdrawal,1584.94,CAD
CA00001987,2025-01-18,BR010,TLR-3111,C500126,cash deposit,1224.29,CAD
CA00000464,2025-01-29,BR002,TLR-5983,C503521,cash deposit,1518.5,CAD
CA00002550,2025-01-07,BR014,TLR-1572,C503000,cash deposit,1168.35,CAD
CA00007271,2025-01-03,BR036,TLR-3072,C503157,cash withdrawal,1189.43,CAD
CA00005433,2025-01-12,BR028,TLR-3744,C500744,cash withdrawal,2609.89,CAD
CA00007112,2025-01-27,BR036,TLR-4027,C503983,cash withdrawal,1085.76,CAD
CA00006276,2025-01-01,BR032,TLR-3467,C500864,cash deposit,444.85,CAD
CA00005576,2025-01-16,BR029,TLR-4099,C500132,cash deposit,648.84,CAD
CA00002248,2025-01-28,BR012,TLR-4665,C500164,cash withdrawal,623.53,CAD
CA00007338,2025-01-10,BR037,TLR-2066,C500825,cash withdrawal,417.73,CAD
CA00001833,2025-01-29,BR009,TLR-7623,C503336,cash withdrawal,595.77,CAD
CA00003482,2025-01-26,BR018,TLR-9346,C500755,cash withdrawal,665.04,CAD
CA00006918,2025-01-12,BR035,TLR-3066,C500022,cash deposit,1535.64,CAD
CA00000713,2025-01-10,BR003,TLR-5381,C503418,cash deposit,1100.7,CAD
CA00007849,2025-01-08,BR039,TLR-4970,C503565,cash deposit,1171.33,CAD
CA00004186,2025-01-16,BR021,TLR-6049,C502293,cash withdrawal,1321.09,CAD
CA00004615,2025-01-02,BR024,TLR-8352,C503020,cash deposit,1574.59,CAD
CA00005716,2025-01-14,BR030,TLR-1940,C503769,cash withdrawal,1784.07,CAD
CA00008242,2025-01-26,BR040,TLR-5527,C500069,cash deposit,2088.07,CAD
CA00007488,2025-01-27,BR037,TLR-7402,C501697,cash withdrawal,458.71,CAD
CA00003359,2025-01-19,BR017,TLR-1687,C501740,cash withdrawal,1375.55,CAD
CA00001168,2025-01-24,BR006,TLR-4519,C503417,cash withdrawal,933.03,CAD
CA00005542,2025-01-10,BR028,TLR-8787,C503842,cash withdrawal,322.46,CAD
CA00002628,2025-01-20,BR014,TLR-6638,C500016,cash withdrawal,2720.8,CAD
CA00006741,2025-01-18,BR034,TLR-4751,C501047,cash deposit,1451.89,CAD
CA00001555,2025-01-27,BR007,TLR-5695,C501676,cash withdrawal,577.37,CAD
CA00003978,2025-01-25,BR020,TLR-9982,C502832,cash deposit,371.54,USD
CA00003452,2025-01-19,BR017,TLR-7710,C501589,cash deposit,958.93,CAD
CA00006575,2025-01-25,BR033,TLR-5584,C500468,cash deposit,359.96,CAD
CA00001562,2025-01-31,BR007,TLR-5010,C502516,cash deposit,910.56,CAD
CA00007399,2025-01-06,BR037,TLR-5185,C503424,cash deposit,722.5,CAD
CA00000424,2025-01-22,BR002,TLR-2308,C500761,cash withdrawal,-473.66,CAD
CA00005453,2025-01-16,BR028,TLR-8805,C500696,cash deposit,705.24,CAD
CA00008579,2025-01-04,BR040,TLR-7044,C502736,cash deposit,351.03,CAD
CA00003728,2025-01-02,BR019,TLR-3797,C501926,cash deposit,516.87,CAD
CA00006363,2025-01-07,BR032,TLR-7112,C501401,cash withdrawal,496.35,CAD
CA00004379,2025-01-11,BR023,TLR-9842,C503640,cash deposit,1582.66,CAD
CA00006212,2025-01-08,BR031,TLR-6739,C502033,cash deposit,1480.07,CAD
CA00001931,2025-01-19,BR010,TLR-9822,C502585,cash withdrawal,438.6,CAD
CA00007343,2025-01-23,BR037,TLR-8801,C503224,cash withdrawal,352.84,CAD
CA00005639,2025-01-24,BR029,TLR-6775,C501129,cash deposit,687.36,CAD
CA00003823,2025-01-05,BR019,TLR-2977,C501322,cash deposit,2536.09,CAD
CA00002146,2025-01-17,BR011,TLR-9879,C503598,cash withdrawal,700.52,CAD
CA00000193,2025-01-28,BR001,TLR-4172,C502569,cash deposit,1583.67,CAD
CA00006959,2025-01-05,BR035,TLR-3820,C503954,cash deposit,447.72,CAD
CA00003742,2025-01-05,BR019,TLR-3309,C500666,cash deposit,1209.16,CAD
CA00006330,2025-01-17,BR032,TLR-5275,C503821,cash deposit,705.84,CAD
CA00005125,2025-01-03,BR026,TLR-4671,C503602,cash deposit,874.49,CAD
CA00007537,2025-01-27,BR037,TLR-5811,C501956,cash deposit,1598.27,CAD
CA00008291,2025-01-30,BR040,TLR-6697,C501703,cash deposit,541.06,CAD
CA00007431,2025-01-08,BR037,TLR-2712,C503097,cash withdrawal,1798.42,CAD
CA00007266,2025-01-18,BR036,TLR-5081,C500030,cash deposit,853.29,CAD
CA00003692,2025-01-12,BR019,TLR-4701,C503011,cash deposit,675.43,CAD
CA00004798,2025-01-13,BR025,TLR-6911,C500275,cash deposit,1169.41,CAD
CA00000885,2025-01-09,BR004,TLR-3376,C501316,cash deposit,1249.12,CAD
CA00005422,2025-01-10,BR027,TLR-5783,C500563,cash deposit,9490.95,CAD
CA00001248,2025-01-23,BR006,TLR-7239,C501915,cash deposit,1581.71,CAD
CA00008325,2025-01-13,BR040,TLR-6551,C502761,cash withdrawal,2823.37,CAD
CA00005810,2025-01-12,BR030,TLR-4216,C500319,cash deposit,995.45,CAD
CA00007055,2025-01-17,BR036,TLR-5001,C503192,cash deposit,984.18,CAD
CA00005410,2025-01-07,BR027,TLR-6989,C503875,cash deposit,821.6,CAD
CA00005707,2025-01-14,BR030,TLR-3614,C501495,cash withdrawal,493.98,CAD
CA00005823,2025-01-30,BR030,TLR-5690,C502837,cash deposit,939.43,CAD
CA00007182,2025-01-08,BR036,TLR-6342,C502278,cash deposit,601.88,CAD
CA00000874,2025-01-29,BR004,TLR-3346,C503553,cash deposit,392.44,CAD
CA00005081,2025-01-26,BR026,TLR-4084,C503984,cash deposit,599.68,CAD
CA00007372,2025-01-27,BR037,TLR-2606,C501146,cash withdrawal,2652.23,CAD
CA00007561,2025-01-11,BR037,TLR-1305,C502073,cash deposit,1413.2,CAD
CA00002356,2025-01-10,BR012,TLR-3500,C502230,cash withdrawal,788.03,CAD
CA00004214,2025-01-31,BR021,TLR-7231,C502037,cash deposit,2252.37,CAD
CA00002549,2025-01-10,BR014,TLR-3083,C501742,cash deposit,523.55,CAD
CA00007996,2025-01-16,BR040,TLR-9351,C503606,cash deposit,922.31,CAD
CA00007606,2025-01-09,BR038,TLR-7580,C503838,cash deposit,1149.41,CAD
CA00007947,2025-01-09,BR039,TLR-6493,C503421,cash withdrawal,390.55,CAD
CA00005184,2025-01-28,BR026,TLR-3378,C500776,cash deposit,807.64,CAD
CA00003184,2025-01-04,BR016,TLR-9540,C500929,cash deposit,1419.94,CAD
CA00001387,2025-01-27,BR007,TLR-2227,C500459,cash deposit,374.32,CAD
CA00006497,2025-01-11,BR033,TLR-6804,C500332,cash deposit,839.86,CAD
CA00004326,2025-01-14,BR023,TLR-7428,C503799,cash withdrawal,1978.87,CAD
CA00000528,2025-01-14,BR002,TLR-5858,C500761,cash withdrawal,-1534.59,CAD
CA00007201,2025-01-13,BR036,TLR-1499,C501176,cash withdrawal,3838.52,CAD
CA00003841,2025-01-12,BR019,TLR-4312,C500924,cash deposit,674.78,CAD
CA00001722,2025-01-28,BR008,TLR-1127,C500727,cash withdrawal,442.57,CAD
CA00005310,2025-01-15,BR027,TLR-4207,C500215,cash deposit,1070.35,CAD
CA00008548,2025-01-02,BR040,TLR-6898,C501637,cash withdrawal,1746.99,CAD
CA00007549,2025-01-19,BR037,TLR-8461,C500914,cash deposit,2408.52,CAD
CA00004732,2025-01-31,BR024,TLR-3973,C503263,cash deposit,1440.21,CAD
CA00006125,2025-01-25,BR031,TLR-8935,C503378,cash withdrawal,1302.13,CAD
CA00000858,2025-01-30,BR004,TLR-4090,C500552,cash withdrawal,574.14,CAD
CA00003328,2025-01-31,BR017,TLR-7434,C501912,cash deposit,1261.83,CAD
CA00004358,2025-01-04,BR023,TLR-3117,C502322,cash withdrawal,7406.77,CAD
CA00005282,2025-01-28,BR027,TLR-9817,C503079,cash deposit,3155.67,CAD
CA00006665,2025-01-28,BR034,TLR-3539,C501655,cash deposit,1290.87,CAD
CA00004883,2025-01-31,BR025,TLR-7692,C500756,cash deposit,690.17,CAD
CA00002715,2025-01-08,BR014,TLR-7193,C500927,cash deposit,344.42,CAD
CA00008055,2025-01-27,BR040,TLR-1110,C501038,cash withdrawal,681.63,CAD
CA00000756,2025-01-25,BR004,TLR-1769,C503932,cash withdrawal,3115.14,CAD
CA00007136,2025-01-18,BR036,TLR-1274,C500581,cash withdrawal,1045.47,CAD
CA00008363,2025-01-22,BR040,TLR-3779,C503505,cash withdrawal,506.24,CAD
CA00007702,2025-01-24,BR038,TLR-4854,C502127,cash deposit,725.32,CAD
CA00007800,2025-01-04,BR039,TLR-4734,C503644,cash withdrawal,634.98,CAD
CA00000516,2025-01-08,BR002,TLR-7157,C501023,cash withdrawal,-474.19,CAD
CA00008649,2025-01-24,BR040,TLR-4748,C502064,cash withdrawal,1228.28,CAD
CA00007577,2025-01-30,BR037,TLR-4052,C503586,cash withdrawal,659.14,CAD
CA00005439,2025-01-31,BR028,TLR-2526,C501656,cash withdrawal,956.76,CAD
CA00006916,2025-01-04,BR035,TLR-1755,C502148,cash deposit,783.38,CAD
CA00002459,2025-01-21,BR013,TLR-8164,C503538,cash withdrawal,1496.2,CAD
CA00002613,2025-01-25,BR014,TLR-6848,C500549,cash withdrawal,1050.71,CAD
CA00001131,2025-01-13,BR006,TLR-3490,C502879,cash withdrawal,2600.32,CAD
CA00007823,2025-01-15,BR039,TLR-1361,C500277,cash withdrawal,2416.65,CAD
CA00007336,2025-01-24,BR037,TLR-3445,C503747,cash withdrawal,2053.24,CAD
CA00004461,2025-01-29,BR024,TLR-4425,C503540,cash deposit,1020.17,CAD
CA00001141,2025-01-17,BR006,TLR-9057,C501083,cash withdrawal,650.69,CAD
CA00000653,2025-01-04,BR003,TLR-5334,C501170,cash deposit,844.47,CAD
CA00001480,2025-01-31,BR007,TLR-1705,C500491,cash deposit,2135.96,CAD
CA00007133,2025-01-01,BR036,TLR-7935,C500570,cash deposit,814.9,CAD
CA00003625,2025-01-29,BR019,TLR-1883,C502916,cash deposit,1257.8,CAD
CA00005414,2025-01-24,BR027,TLR-7168,C501059,cash deposit,9482.26,CAD
CA00000470,2025-01-29,BR002,TLR-5343,C502620,cash deposit,702.01,CAD
CA00002339,2025-01-22,BR012,TLR-2212,C502304,cash withdrawal,3525.06,CAD
CA00005096,2025-01-18,BR026,TLR-1689,C500713,cash deposit,893.29,CAD
CA00008595,2025-01-14,BR040,TLR-7926,C503662,cash deposit,1291.84,CAD
CA00001615,2025-01-11,BR008,TLR-2308,C500819,cash withdrawal,1832.62,CAD
CA00007738,2025-01-20,BR038,TLR-6139,C500117,cash deposit,679.22,CAD
CA00002963,2025-01-15,BR015,TLR-4332,C502954,cash withdrawal,347.86,CAD
CA00002396,2025-01-26,BR012,TLR-7826,C500828,cash deposit,658.66,CAD
CA00000113,2025-01-25,BR001,TLR-6631,C501341,cash deposit,747.2,CAD
CA00003117,2025-01-01,BR016,TLR-9090,C501497,cash deposit,645.14,CAD
CA00007743,2025-01-02,BR038,TLR-1384,C502067,cash withdrawal,1196.25,CAD
CA00001508,2025-01-09,BR007,TLR-6060,C502979,cash deposit,1702.46,CAD
CA00004839,2025-01-05,BR025,TLR-4047,C503572,cash withdrawal,-276.23,CAD
CA00007556,2025-01-30,BR037,TLR-1198,C502293,cash withdrawal,443.49,CAD
CA00005276,2025-01-01,BR027,TLR-6278,C501484,cash deposit,1415.82,CAD
CA00003220,2025-01-04,BR017,TLR-6789,C500355,cash deposit,914.08,CAD
CA00002618,2025-01-05,BR014,TLR-7221,C501401,cash deposit,764.2,CAD
CA00003237,2025-01-20,BR017,TLR-4217,C502906,cash withdrawal,1133.66,CAD
CA00002020,2025-01-16,BR010,TLR-1081,C501895,cash withdrawal,917.28,CAD
CA00001977,2025-01-01,BR010,TLR-6267,C500679,cash withdrawal,2594.39,CAD
CA00007193,2025-01-25,BR036,TLR-7030,C502876,cash deposit,4177.59,CAD
CA00005766,2025-01-29,BR030,TLR-3278,C502741,cash deposit,1326.84,CAD
CA00000284,2025-01-16,BR001,TLR-2982,C502878,cash deposit,2543.67,CAD
CA00006798,2025-01-20,BR035,TLR-6052,C503289,cash deposit,243.04,CAD
CA00000725,2025-01-27,BR003,TLR-9390,C502064,cash deposit,1148.68,CAD
CA00004232,2025-01-23,BR021,TLR-7242,C502707,cash deposit,608.67,CAD
CA00002747,2025-01-21,BR015,TLR-3746,C502557,cash withdrawal,541.93,CAD
CA00007763,2025-01-18,BR038,TLR-7349,C501082,cash withdrawal,1040.63,CAD
CA00001930,2025-01-05,BR010,TLR-1310,C502427,cash withdrawal,2309.69,CAD
CA00006442,2025-01-08,BR033,TLR-1775,C503819,cash withdrawal,427.46,CAD
CA00007211,2025-01-01,BR036,TLR-1963,C502018,cash withdrawal,589.37,CAD
CA00001613,2025-01-25,BR008,TLR-9975,C503121,cash deposit,1776.36,CAD
CA00005267,2025-01-08,BR027,TLR-7097,C502493,cash withdrawal,1946.77,CAD
CA00002937,2025-01-31,BR015,TLR-9419,C501703,cash withdrawal,1167.23,CAD
CA00000039,2025-01-30,BR001,TLR-6917,C501067,cash withdrawal,1167.97,CAD
CA00007975,2025-01-21,BR039,TLR-8338,C501678,cash deposit,1218.54,CAD
CA00004500,2025-01-04,BR024,TLR-8819,C502915,cash withdrawal,472.03,CAD
CA00003199,2025-01-09,BR016,TLR-3675,C501417,cash deposit,1512.3,CAD
CA00004735,2025-01-22,BR024,TLR-7658,C500384,cash withdrawal,1399.47,CAD
CA00000291,2025-01-27,BR001,TLR-6785,C500023,cash withdrawal,826.2,CAD
CA00002082,2025-01-14,BR011,TLR-7020,C500179,cash deposit,1704.64,CAD
CA00005969,2025-01-16,BR030,TLR-6639,C502617,cash deposit,1513.62,CAD
CA00005150,2025-01-06,BR026,TLR-3894,C501863,cash withdrawal,-1191.47,CAD
CA00004273,2025-01-30,BR022,TLR-1854,C500414,cash withdrawal,1379.2,CAD
CA00006648,2025-01-01,BR034,TLR-6362,C503236,cash deposit,535.67,CAD
CA00002148,2025-01-14,BR011,TLR-5652,C501598,cash deposit,604.64,CAD
CA00008387,2025-01-08,BR040,TLR-3709,C503409,cash withdrawal,746.7,CAD
CA00006756,2025-01-30,BR034,TLR-6516,C502744,cash deposit,1231.91,CAD
CA00005975,2025-01-02,BR030,TLR-1281,C503509,cash withdrawal,323.3,CAD
CA00003356,2025-01-22,BR017,TLR-5241,C501858,cash deposit,1017.66,CAD
CA00001331,2025-01-02,BR006,TLR-3196,C500009,cash deposit,1020.96,CAD
CA00008163,2025-01-27,BR040,TLR-5988,C502440,cash withdrawal,557.38,CAD
CA00007995,2025-01-12,BR040,TLR-6892,C500701,cash deposit,540.38,CAD
CA00001675,2025-01-21,BR008,TLR-8300,C503677,cash deposit,297.36,CAD
CA00001999,2025-01-14,BR010,TLR-8977,C502781,cash withdrawal,358.59,CAD
CA00006006,2025-01-13,BR030,TLR-7099,C502899,cash deposit,593.72,CAD
CA00005257,2025-01-27,BR027,TLR-6957,C501716,cash withdrawal,1124.96,CAD
CA00001070,2025-01-04,BR005,TLR-7133,C500978,cash withdrawal,882.4,CAD
CA00006567,2025-01-05,BR033,TLR-7792,C502108,cash deposit,874.91,CAD
CA00002716,2025-01-08,BR014,TLR-8973,C502663,cash deposit,4583.42,CAD
CA00006400,2025-01-19,BR032,TLR-8728,C502587,cash withdrawal,496.48,CAD
CA00006228,2025-01-08,BR031,TLR-2759,C503207,cash deposit,1024.19,CAD
CA00001602,2025-01-01,BR008,TLR-6295,C502928,cash deposit,1345.41,CAD
CA00006068,2025-01-14,BR031,TLR-2423,C502731,cash withdrawal,974.46,CAD
CA00004147,2025-01-23,BR021,TLR-7501,C500590,cash deposit,532.78,CAD
CA00000384,2025-01-22,BR002,TLR-1755,C501736,cash withdrawal,-733.79,CAD
CA00002533,2025-01-22,BR014,TLR-5474,C500174,cash deposit,1988.5,CAD
CA00000362,2025-01-31,BR002,TLR-4136,C501888,cash withdrawal,-779.8,CAD
CA00006405,2025-01-26,BR032,TLR-7336,C503915,cash withdrawal,612.92,CAD
CA00006937,2025-01-30,BR035,TLR-5829,C502807,cash withdrawal,1466.12,CAD
CA00002983,2025-01-04,BR015,TLR-5548,C502628,cash deposit,785.8,CAD
CA00005846,2025-01-24,BR030,TLR-5653,C501479,cash deposit,711.52,CAD
CA00005590,2025-01-03,BR029,TLR-8504,C500751,cash deposit,494.82,CAD
CA00008568,2025-01-18,BR040,TLR-6295,C502104,cash withdrawal,879.63,CAD
CA00006674,2025-01-11,BR034,TLR-9131,C501030,cash withdrawal,1382.87,CAD
CA00000068,2025-01-23,BR001,TLR-6460,C503213,cash withdrawal,1280.89,CAD
CA00006634,2025-01-12,BR034,TLR-8947,C500439,cash deposit,529.8,CAD
CA00003548,2025-01-01,BR018,TLR-8224,C500748,cash deposit,488.79,CAD
CA00006165,2025-01-19,BR031,TLR-2367,C503206,cash withdrawal,1789.91,CAD
CA00006457,2025-01-14,BR033,TLR-8540,C501769,cash deposit,577.96,CAD
CA00003800,2025-01-02,BR019,TLR-2385,C502450,cash withdrawal,2410.09,CAD
CA00001352,2025-01-22,BR006,TLR-1854,C502232,cash deposit,3683.55,CAD
CA00003557,2025-01-04,BR018,TLR-4246,C502886,cash withdrawal,3087.06,CAD
CA00001802,2025-01-06,BR009,TLR-4771,C503984,cash deposit,842.23,CAD
CA00007698,2025-01-08,BR038,TLR-3631,C503112,cash withdrawal,298.24,CAD
CA00003979,2025-01-18,BR020,TLR-7255,C503688,cash deposit,301.93,USD
CA00003121,2025-01-29,BR016,TLR-6348,C503839,cash withdrawal,1579.12,CAD
CA00007865,2025-01-18,BR039,TLR-3062,C502811,cash withdrawal,1090.43,CAD
CA00006174,2025-01-11,BR031,TLR-2705,C502302,cash deposit,1186.12,CAD
CA00008432,2025-01-23,BR040,TLR-6229,C503205,cash deposit,871.58,CAD
CA00004290,2025-01-26,BR022,TLR-5218,C502520,cash deposit,775.22,CAD
CA00003138,2025-01-28,BR016,TLR-9657,C503851,cash withdrawal,633.24,CAD
CA00006352,2025-01-08,BR032,TLR-3759,C502111,cash withdrawal,515.22,CAD
CA00003030,2025-01-17,BR016,TLR-6934,C502844,cash withdrawal,1028.26,CAD
CA00003240,2025-01-24,BR017,TLR-9184,C503575,cash withdrawal,997.51,CAD
CA00001015,2025-01-05,BR004,TLR-2850,C502971,cash withdrawal,779.48,CAD
CA00002079,2025-01-11,BR010,TLR-9970,C501560,cash withdrawal,2003.6,CAD
CA00005585,2025-01-23,BR029,TLR-1752,C502540,cash withdrawal,976.97,CAD
CA00007342,2025-01-08,BR037,TLR-1804,C501778,cash deposit,984.78,CAD
CA00008608,2025-01-05,BR040,TLR-7820,C502336,cash deposit,120.09,CAD
CA00004960,2025-01-14,BR025,TLR-7495,C503253,cash deposit,308.67,CAD
CA00005486,2025-01-23,BR028,TLR-5577,C500817,cash deposit,1126.52,CAD
CA00002286,2025-01-07,BR012,TLR-5758,C501852,cash withdrawal,1049.77,CAD
CA00007189,2025-01-23,BR036,TLR-1408,C502367,cash withdrawal,2362.04,CAD
CA00000137,2025-01-26,BR001,TLR-8886,C503317,cash deposit,1052.71,CAD
CA00002884,2025-01-22,BR015,TLR-1779,C503758,cash deposit,614.79,CAD
CA00000519,2025-01-13,BR002,TLR-9952,C502623,cash withdrawal,-450.56,CAD
CA00006011,2025-01-15,BR030,TLR-1233,C501526,cash deposit,882.15,CAD
CA00003690,2025-01-20,BR019,TLR-8980,C503651,cash deposit,3390.18,CAD
CA00005972,2025-01-30,BR030,TLR-9598,C500447,cash withdrawal,822.64,CAD
CA00005230,2025-01-01,BR026,TLR-9131,C500220,cash deposit,1153.95,CAD
CA00001872,2025-01-03,BR009,TLR-6588,C500012,cash withdrawal,1049.37,CAD
CA00007771,2025-01-03,BR038,TLR-3221,C501610,cash withdrawal,2183.53,CAD
CA00007806,2025-01-24,BR039,TLR-5448,C501278,cash deposit,460.38,CAD
CA00004039,2025-01-24,BR020,TLR-2446,C500561,cash withdrawal,219.43,USD
CA00007216,2025-01-13,BR036,TLR-6834,C500541,cash deposit,412.95,CAD
CA00003043,2025-01-20,BR016,TLR-4710,C502596,cash deposit,2237.26,CAD
CA00007428,2025-01-04,BR037,TLR-9108,C502218,cash deposit,510.8,CAD
CA00004899,2025-01-01,BR025,TLR-9075,C500373,cash withdrawal,-654.06,CAD
CA00007844,2025-01-04,BR039,TLR-6446,C500588,cash withdrawal,344.65,CAD
CA00005140,2025-01-12,BR026,TLR-7003,C501743,cash withdrawal,-1930.95,CAD
CA00003032,2025-01-09,BR016,TLR-5683,C500789,cash deposit,1781.99,CAD
CA00008597,2025-01-31,BR040,TLR-5038,C501278,cash withdrawal,306.85,CAD
CA00005279,2025-01-06,BR027,TLR-7936,C502725,cash withdrawal,648.36,CAD
CA00008559,2025-01-10,BR040,TLR-4882,C501968,cash withdrawal,1339.12,CAD
CA00001322,2025-01-14,BR006,TLR-3131,C500019,cash deposit,2703.77,CAD
CA00006749,2025-01-24,BR034,TLR-3656,C502764,cash withdrawal,1042.92,CAD
CA00005700,2025-01-28,BR030,TLR-7151,C503230,cash withdrawal,942.85,CAD
CA00002629,2025-01-31,BR014,TLR-4730,C500173,cash withdrawal,354.29,CAD
CA00006172,2025-01-20,BR031,TLR-3648,C503496,cash withdrawal,1058.44,CAD
CA00001846,2025-01-20,BR009,TLR-8245,C501788,cash deposit,1226.18,CAD
CA00005145,2025-01-02,BR026,TLR-1640,C503580,cash withdrawal,-567.87,CAD
CA00004660,2025-01-12,BR024,TLR-4604,C503210,cash withdrawal,553.38,CAD
CA00000126,2025-01-21,BR001,TLR-4632,C502489,cash withdrawal,1391.1,CAD
CA00005135,2025-01-17,BR026,TLR-5832,C502720,cash withdrawal,-1053.66,CAD
CA00005317,2025-01-07,BR027,TLR-2780,C500203,cash withdrawal,498.97,CAD
CA00006238,2025-01-25,BR031,TLR-5997,C501123,cash deposit,991.94,CAD
CA00004509,2025-01-17,BR024,TLR-8630,C503422,cash withdrawal,357.62,CAD
CA00004071,2025-01-31,BR020,TLR-6364,C501281,cash deposit,191.22,USD
CA00004032,2025-01-27,BR020,TLR-6801,C501450,cash withdrawal,1115.41,USD
CA00006953,2025-01-25,BR035,TLR-9659,C500268,cash deposit,607.13,CAD
CA00003320,2025-01-29,BR017,TLR-9305,C502485,cash withdrawal,630.95,CAD
CA00005857,2025-01-01,BR030,TLR-4565,C500709,cash withdrawal,1125.31,CAD
CA00008305,2025-01-29,BR040,TLR-6921,C503324,cash withdrawal,451.77,CAD
CA00000962,2025-01-16,BR004,TLR-5207,C503684,cash deposit,754.91,CAD
CA00003417,2025-01-17,BR017,TLR-2206,C500685,cash deposit,1980.96,CAD
CA00000355,2025-01-24,BR002,TLR-5784,C501875,cash deposit,1967.85,CAD
CA00002003,2025-01-07,BR010,TLR-1099,C503105,cash withdrawal,2407.88,CAD
CA00001796,2025-01-18,BR009,TLR-6543,C501232,cash deposit,4363.93,CAD
CA00005222,2025-01-10,BR026,TLR-1004,C501525,cash withdrawal,-858.55,CAD
CA00001484,2025-01-21,BR007,TLR-6749,C500064,cash deposit,1981.91,CAD
CA00006591,2025-01-17,BR033,TLR-5139,C502017,cash withdrawal,562.21,CAD
CA00005631,2025-01-11,BR029,TLR-3594,C503401,cash withdrawal,4373.75,CAD
CA00002034,2025-01-08,BR010,TLR-1190,C501398,cash withdrawal,1070.06,CAD
CA00001926,2025-01-16,BR009,TLR-7928,C503094,cash deposit,339.05,CAD
CA00000308,2025-01-18,BR001,TLR-3553,C503238,cash withdrawal,709.89,CAD
CA00007461,2025-01-13,BR037,TLR-2333,C502972,cash deposit,1496.96,CAD
CA00005033,2025-01-11,BR026,TLR-1777,C502743,cash withdrawal,-546.61,CAD
CA00003124,2025-01-07,BR016,TLR-7200,C503993,cash withdrawal,933.43,CAD
CA00006908,2025-01-12,BR035,TLR-2705,C500835,cash deposit,2445.49,CAD
CA00002896,2025-01-23,BR015,TLR-7818,C501792,cash deposit,335.5,CAD
CA00001532,2025-01-20,BR007,TLR-7933,C501789,cash withdrawal,1927.57,CAD
CA00005173,2025-01-20,BR026,TLR-3489,C501876,cash deposit,2661.93,CAD
CA00004560,2025-01-16,BR024,TLR-1507,C500007,cash withdrawal,1676.51,CAD
CA00003399,2025-01-24,BR017,TLR-2323,C501667,cash deposit,319.36,CAD
CA00004588,2025-01-13,BR024,TLR-2209,C502622,cash withdrawal,4773.18,CAD
CA00000065,2025-01-02,BR001,TLR-5940,C502295,cash withdrawal,1412.24,CAD
CA00005583,2025-01-29,BR029,TLR-6100,C501147,cash deposit,1244.68,CAD
CA00003394,2025-01-23,BR017,TLR-8200,C501173,cash deposit,286.09,CAD
CA00005777,2025-01-03,BR030,TLR-6051,C501795,cash deposit,428.94,CAD
CA00002847,2025-01-09,BR015,TLR-9573,C502501,cash withdrawal,859.99,CAD
CA00007002,2025-01-12,BR036,TLR-5662,C501257,cash deposit,1398.21,CAD
CA00001282,2025-01-12,BR006,TLR-6195,C500913,cash deposit,780.16,CAD
CA00000963,2025-01-14,BR004,TLR-5491,C500017,cash withdrawal,549.78,CAD
CA00008411,2025-01-02,BR040,TLR-2899,C502035,cash withdrawal,313.92,CAD
CA00001766,2025-01-12,BR008,TLR-9784,C503989,cash withdrawal,764.93,CAD
CA00000643,2025-01-16,BR003,TLR-4437,C500324,cash deposit,713.47,CAD
CA00007938,2025-01-08,BR039,TLR-9136,C503689,cash deposit,397.94,CAD
CA00007038,2025-01-02,BR036,TLR-2051,C500008,cash withdrawal,1359.18,CAD
CA00008282,2025-01-12,BR040,TLR-6424,C501729,cash withdrawal,1066.48,CAD
CA00004357,2025-01-11,BR023,TLR-1387,C500232,cash withdrawal,439.17,CAD
CA00004295,2025-01-11,BR022,TLR-9642,C502222,cash deposit,769.57,CAD
CA00000015,2025-01-09,BR001,TLR-4833,C502836,cash deposit,764.51,CAD
CA00005730,2025-01-21,BR030,TLR-9292,C501378,cash deposit,306.35,CAD
CA00000646,2025-01-07,BR003,TLR-1602,C503522,cash deposit,440.18,CAD
CA00007668,2025-01-15,BR038,TLR-5532,C500268,cash withdrawal,972.23,CAD
CA00006009,2025-01-31,BR030,TLR-1768,C500331,cash withdrawal,591.55,CAD
CA00008036,2025-01-01,BR040,TLR-4813,C503646,cash withdrawal,382.04,CAD
CA00005013,2025-01-18,BR026,TLR-8336,C500162,cash withdrawal,-1833.15,CAD
CA00003581,2025-01-24,BR019,TLR-8217,C500448,cash withdrawal,1831.19,CAD
CA00003577,2025-01-27,BR019,TLR-3108,C503334,cash withdrawal,839.58,CAD
CA00003342,2025-01-09,BR017,TLR-1542,C502672,cash deposit,1058.27,CAD
CA00008013,2025-01-30,BR040,TLR-1221,C503045,cash withdrawal,637.28,CAD
CA00005345,2025-01-25,BR027,TLR-4327,C500757,cash withdrawal,363.54,CAD
CA00002710,2025-01-06,BR014,TLR-6352,C503775,cash withdrawal,696.39,CAD
CA00004580,2025-01-28,BR024,TLR-1341,C502602,cash deposit,540.19,CAD
CA00004347,2025-01-29,BR023,TLR-4994,C501263,cash deposit,1202.02,CAD
CA00007694,2025-01-10,BR038,TLR-9283,C501583,cash deposit,1739.63,CAD
CA00001116,2025-01-23,BR006,TLR-6557,C500795,cash deposit,1889.61,CAD
CA00005817,2025-01-27,BR030,TLR-7559,C503223,cash withdrawal,1176.08,CAD
CA00003532,2025-01-23,BR018,TLR-6736,C502994,cash deposit,1789.99,CAD
CA00002485,2025-01-07,BR013,TLR-7575,C503614,cash deposit,845.54,CAD
CA00007520,2025-01-13,BR037,TLR-6703,C500057,cash withdrawal,1571.51,CAD
CA00003775,2025-01-31,BR019,TLR-3383,C500242,cash deposit,1502.89,CAD
CA00006921,2025-01-15,BR035,TLR-1047,C500239,cash withdrawal,1325.47,CAD
CA00004166,2025-01-15,BR021,TLR-9974,C503500,cash withdrawal,2131.81,CAD
CA00007953,2025-01-13,BR039,TLR-3186,C500664,cash deposit,3174.31,CAD
CA00000020,2025-01-13,BR001,TLR-9524,C500573,cash withdrawal,914.76,CAD
CA00002386,2025-01-10,BR012,TLR-8081,C503796,cash deposit,1097.62,CAD
CA00004569,2025-01-01,BR024,TLR-6624,C501642,cash withdrawal,434.25,CAD
CA00006954,2025-01-12,BR035,TLR-8971,C502285,cash deposit,1321.95,CAD
CA00000942,2025-01-20,BR004,TLR-2363,C501461,cash deposit,1097.88,CAD
CA00000346,2025-01-05,BR002,TLR-6519,C503613,cash withdrawal,-1624.74,CAD
CA00002474,2025-01-27,BR013,TLR-3529,C502159,cash withdrawal,875.58,CAD
CA00000433,2025-01-14,BR002,TLR-7412,C502585,cash withdrawal,-583.01,CAD
CA00000051,2025-01-29,BR001,TLR-3768,C502667,cash withdrawal,892.42,CAD
CA00002178,2025-01-31,BR012,TLR-3881,C503430,cash withdrawal,1035.83,CAD
CA00005025,2025-01-18,BR026,TLR-2251,C503862,cash withdrawal,-1547.05,CAD
CA00005234,2025-01-14,BR026,TLR-1362,C502728,cash deposit,379.75,CAD
CA00007333,2025-01-01,BR037,TLR-8677,C500037,cash deposit,513.1,CAD
CA00006459,2025-01-02,BR033,TLR-8572,C501715,cash withdrawal,432.08,CAD
CA00006561,2025-01-11,BR033,TLR-7029,C500695,cash withdrawal,665.91,CAD
CA00000189,2025-01-07,BR001,TLR-9621,C502535,cash deposit,1155.61,CAD
CA00001439,2025-01-17,BR007,TLR-8924,C502768,cash withdrawal,613.23,CAD
CA00003936,2025-01-09,BR020,TLR-1642,C500111,cash deposit,259.03,USD
CA00001493,2025-01-14,BR007,TLR-3272,C502635,cash withdrawal,1185.09,CAD
CA00004100,2025-01-07,BR021,TLR-4388,C500114,cash deposit,2325.54,CAD
CA00004346,2025-01-16,BR023,TLR-7539,C502668,cash deposit,906.91,CAD
CA00004296,2025-01-13,BR022,TLR-6091,C501506,cash deposit,2214.24,CAD
CA00004229,2025-01-12,BR021,TLR-4992,C500034,cash withdrawal,402.57,CAD
CA00005179,2025-01-23,BR026,TLR-5056,C502020,cash withdrawal,-828.85,CAD
CA00005658,2025-01-18,BR029,TLR-1316,C503789,cash withdrawal,6065.85,CAD
CA00005980,2025-01-25,BR030,TLR-3514,C500486,cash deposit,902.98,CAD
CA00004091,2025-01-21,BR021,TLR-1513,C502213,cash withdrawal,1446.59,CAD
CA00001607,2025-01-08,BR008,TLR-4938,C502596,cash deposit,9194.59,CAD
CA00000820,2025-01-16,BR004,TLR-5717,C503246,cash withdrawal,4510.11,CAD
CA00004501,2025-01-11,BR024,TLR-4379,C500255,cash deposit,470.87,CAD
CA00003584,2025-01-17,BR019,TLR-5345,C502423,cash withdrawal,718.02,CAD
CA00006819,2025-01-23,BR035,TLR-1344,C500830,cash withdrawal,1044.08,CAD
CA00006438,2025-01-18,BR033,TLR-7746,C502576,cash withdrawal,1916.0,CAD
CA00001105,2025-01-19,BR006,TLR-9267,C503488,cash deposit,1293.8,CAD
CA00001202,2025-01-24,BR006,TLR-6717,C503064,cash withdrawal,259.44,CAD
CA00003892,2025-01-13,BR020,TLR-1574,C502665,cash deposit,964.26,USD
CA00005587,2025-01-20,BR029,TLR-2218,C503928,cash deposit,935.75,CAD
CA00006882,2025-01-13,BR035,TLR-9489,C500477,cash deposit,1664.02,CAD
CA00003714,2025-01-18,BR019,TLR-2588,C502480,cash withdrawal,3320.74,CAD
CA00002558,2025-01-26,BR014,TLR-3819,C502626,cash withdrawal,911.08,CAD
CA00006684,2025-01-05,BR034,TLR-1473,C502016,cash withdrawal,594.16,CAD
CA00006356,2025-01-08,BR032,TLR-1106,C503834,cash withdrawal,1460.0,CAD
CA00007364,2025-01-17,BR037,TLR-4766,C503274,cash deposit,2620.78,CAD
CA00007798,2025-01-15,BR039,TLR-6353,C500213,cash withdrawal,1595.3,CAD
CA00001852,2025-01-01,BR009,TLR-5715,C502347,cash withdrawal,1349.34,CAD
CA00008695,2025-01-18,BR040,TLR-9761,C501009,cash withdrawal,798.02,CAD
CA00006913,2025-01-10,BR035,TLR-7534,C501602,cash withdrawal,275.54,CAD
CA00002969,2025-01-02,BR015,TLR-3660,C503372,cash withdrawal,460.83,CAD
CA00002498,2025-01-24,BR013,TLR-4021,C502648,cash deposit,713.87,CAD
CA00000642,2025-01-09,BR003,TLR-8354,C502606,cash withdrawal,691.35,CAD
CA00003185,2025-01-08,BR016,TLR-5508,C501916,cash deposit,715.19,CAD
CA00008261,2025-01-28,BR040,TLR-8425,C503543,cash deposit,1092.2,CAD
CA00000506,2025-01-28,BR002,TLR-5697,C500774,cash withdrawal,-1964.56,CAD
CA00002211,2025-01-16,BR012,TLR-1995,C502717,cash deposit,531.03,CAD
CA00000148,2025-01-31,BR001,TLR-2318,C501265,cash withdrawal,462.41,CAD
CA00006026,2025-01-12,BR031,TLR-5901,C503374,cash deposit,1449.81,CAD
CA00005307,2025-01-14,BR027,TLR-6785,C502903,cash deposit,423.29,CAD
CA00000954,2025-01-23,BR004,TLR-6001,C501354,cash deposit,779.23,CAD
CA00003457,2025-01-11,BR017,TLR-5945,C502639,cash withdrawal,1306.54,CAD
CA00008664,2025-01-14,BR040,TLR-9002,C500111,cash withdrawal,1411.15,CAD
CA00000303,2025-01-03,BR001,TLR-6849,C503496,cash withdrawal,1328.61,CAD
CA00006577,2025-01-27,BR033,TLR-6557,C502011,cash withdrawal,2162.96,CAD
CA00002126,2025-01-08,BR011,TLR-7085,C500830,cash withdrawal,507.99,CAD
CA00005484,2025-01-13,BR028,TLR-7468,C503838,cash withdrawal,1286.35,CAD
CA00008496,2025-01-24,BR040,TLR-2700,C501677,cash withdrawal,1403.31,CAD
CA00008319,2025-01-29,BR040,TLR-4658,C502708,cash deposit,1421.08,CAD
CA00000573,2025-01-20,BR003,TLR-6952,C503913,cash withdrawal,2813.56,CAD
CA00003515,2025-01-06,BR018,TLR-7445,C503431,cash withdrawal,2177.01,CAD
CA00004762,2025-01-31,BR024,TLR-5079,C501118,cash withdrawal,1629.59,CAD
CA00008515,2025-01-31,BR040,TLR-2609,C502682,cash deposit,2020.22,CAD
CA00003684,2025-01-09,BR019,TLR-6497,C502872,cash deposit,868.88,CAD
CA00002410,2025-01-07,BR013,TLR-5472,C502671,cash withdrawal,468.92,CAD
CA00007661,2025-01-17,BR038,TLR-5421,C500590,cash withdrawal,624.2,CAD
CA00001187,2025-01-07,BR006,TLR-9703,C500745,cash deposit,1289.29,CAD
CA00005809,2025-01-13,BR030,TLR-4618,C500570,cash deposit,180.17,CAD
CA00002855,2025-01-22,BR015,TLR-8361,C501419,cash deposit,500.07,CAD
CA00006515,2025-01-20,BR033,TLR-2460,C501323,cash withdrawal,1541.89,CAD
CA00005485,2025-01-17,BR028,TLR-7787,C503017,cash withdrawal,6456.34,CAD
CA00001641,2025-01-16,BR008,TLR-2900,C501050,cash withdrawal,1309.41,CAD
CA00005708,2025-01-31,BR030,TLR-8231,C501028,cash withdrawal,881.08,CAD
CA00004349,2025-01-22,BR023,TLR-3526,C503639,cash withdrawal,1067.28,CAD
CA00005666,2025-01-12,BR029,TLR-3111,C501799,cash deposit,4298.16,CAD
CA00000606,2025-01-01,BR003,TLR-9578,C503499,cash deposit,992.5,CAD
CA00005844,2025-01-04,BR030,TLR-4406,C500723,cash deposit,2334.71,CAD
CA00001857,2025-01-16,BR009,TLR-6348,C500345,cash deposit,1100.38,CAD
CA00001594,2025-01-27,BR008,TLR-2419,C501004,cash withdrawal,756.27,CAD
CA00003973,2025-01-06,BR020,TLR-2770,C500165,cash withdrawal,790.53,USD
CA00002814,2025-01-26,BR015,TLR-4705,C503286,cash withdrawal,639.03,CAD
CA00003801,2025-01-20,BR019,TLR-9583,C500477,cash deposit,626.36,CAD
CA00004007,2025-01-20,BR020,TLR-1850,C500762,cash withdrawal,542.1,USD
CA00004657,2025-01-16,BR024,TLR-5294,C501637,cash deposit,1885.1,CAD
CA00000581,2025-01-20,BR003,TLR-7661,C503651,cash withdrawal,1780.21,CAD
CA00053286,2025-01-22,BR040,TLR-8034,W979159,cash withdrawal,139.99,CAD
CA00003337,2025-01-08,BR017,TLR-6986,C502056,cash withdrawal,648.82,CAD
CA00006871,2025-01-02,BR035,TLR-3420,C502105,cash withdrawal,758.97,CAD
CA00006618,2025-01-17,BR034,TLR-5226,C502617,cash deposit,471.04,CAD
CA00003324,2025-01-23,BR017,TLR-5471,C502311,cash withdrawal,243.28,CAD
CA00000023,2025-01-08,BR001,TLR-9541,C503768,cash withdrawal,566.33,CAD
CA00006857,2025-01-08,BR035,TLR-7921,C500198,cash deposit,1454.56,CAD
CA00008085,2025-01-12,BR040,TLR-9088,C503176,cash deposit,1267.84,CAD
CA00000596,2025-01-01,BR003,TLR-1820,C501758,cash deposit,5863.36,CAD
CA00001785,2025-01-15,BR008,TLR-7591,C502766,cash deposit,1272.62,CAD
CA00002269,2025-01-28,BR012,TLR-1282,C503943,cash withdrawal,2083.65,CAD
CA00000352,2025-01-02,BR002,TLR-9286,C503161,cash withdrawal,-285.76,CAD
CA00004427,2025-01-09,BR023,TLR-6366,C501492,cash deposit,1315.88,CAD
CA00007817,2025-01-06,BR039,TLR-3232,C501135,cash deposit,573.28,CAD
CA00001677,2025-01-12,BR008,TLR-9122,C502315,cash deposit,939.01,CAD
CA00002461,2025-01-08,BR013,TLR-2567,C503959,cash withdrawal,811.14,CAD
CA00007374,2025-01-04,BR037,TLR-9021,C502212,cash deposit,1395.76,CAD
CA00007230,2025-01-21,BR036,TLR-7091,C502172,cash deposit,421.13,CAD
CA00006136,2025-01-27,BR031,TLR-3321,C500120,cash deposit,1315.94,CAD
CA00007167,2025-01-08,BR036,TLR-7702,C501442,cash deposit,2376.95,CAD
CA00002152,2025-01-11,BR011,TLR-8667,C501406,cash deposit,447.85,CAD
CA00004820,2025-01-04,BR025,TLR-9629,C501885,cash withdrawal,-483.34,CAD
CA00000264,2025-01-23,BR001,TLR-2489,C500765,cash deposit,1272.78,CAD
CA00005686,2025-01-24,BR029,TLR-8507,C502898,cash withdrawal,1293.79,CAD
CA00005849,2025-01-25,BR030,TLR-1649,C503202,cash deposit,977.46,CAD
CA00002186,2025-01-24,BR012,TLR-6786,C502411,cash withdrawal,816.54,CAD
CA00005139,2025-01-02,BR026,TLR-6666,C502011,cash withdrawal,-315.79,CAD
CA00003864,2025-01-14,BR019,TLR-9396,C503417,cash deposit,2305.22,CAD
CA00005428,2025-01-02,BR028,TLR-6675,C501755,cash deposit,639.88,CAD
CA00000353,2025-01-31,BR002,TLR-9201,C501537,cash withdrawal,-705.2,CAD
CA00005944,2025-01-07,BR030,TLR-7148,C500162,cash deposit,620.92,CAD
CA00003941,2025-01-16,BR020,TLR-2014,C501413,cash withdrawal,489.76,USD
CA00004101,2025-01-12,BR021,TLR-5048,C503342,cash deposit,1014.91,CAD
CA00004722,2025-01-07,BR024,TLR-7758,C501293,cash deposit,3009.19,CAD
CA00007597,2025-01-27,BR038,TLR-3261,C501980,cash deposit,1577.1,CAD
CA00004105,2025-01-15,BR021,TLR-4989,C502224,cash withdrawal,1675.03,CAD
CA00003137,2025-01-01,BR016,TLR-1663,C503276,cash deposit,727.44,CAD
CA00003381,2025-01-06,BR017,TLR-1500,C501702,cash deposit,1098.51,CAD
CA00004885,2025-01-11,BR025,TLR-8294,C502782,cash withdrawal,-600.28,CAD
CA00000044,2025-01-15,BR001,TLR-3214,C503623,cash deposit,471.84,CAD
CA00004044,2025-01-29,BR020,TLR-5456,C501380,cash withdrawal,856.88,USD
CA00007812,2025-01-24,BR039,TLR-9634,C503127,cash deposit,1880.5,CAD
CA00002987,2025-01-03,BR015,TLR-6746,C501699,cash withdrawal,291.88,CAD
CA00004632,2025-01-08,BR024,TLR-2822,C502774,cash deposit,586.8,CAD
CA00004378,2025-01-11,BR023,TLR-8325,C502678,cash deposit,611.67,CAD
CA00007629,2025-01-19,BR038,TLR-2486,C503535,cash deposit,2235.3,CAD
CA00003756,2025-01-22,BR019,TLR-3049,C500693,cash deposit,1500.27,CAD
CA00005914,2025-01-19,BR030,TLR-5323,C503506,cash deposit,1904.6,CAD
CA00006750,2025-01-12,BR034,TLR-3521,C501181,cash withdrawal,621.57,CAD
CA00006016,2025-01-10,BR031,TLR-8374,C503512,cash deposit,361.78,CAD
CA00008313,2025-01-21,BR040,TLR-1839,C500037,cash deposit,2630.34,CAD
CA00000676,2025-01-04,BR003,TLR-4697,C502204,cash deposit,1118.85,CAD
CA00001991,2025-01-13,BR010,TLR-2158,C500280,cash withdrawal,277.63,CAD
CA00003351,2025-01-13,BR017,TLR-1880,C501630,cash deposit,2818.96,CAD
CA00001709,2025-01-05,BR008,TLR-6265,C500159,cash deposit,1258.06,CAD
CA00006989,2025-01-30,BR035,TLR-6954,C503218,cash deposit,832.92,CAD
CA00000811,2025-01-02,BR004,TLR-5567,C501240,cash withdrawal,2185.99,CAD
CA00003142,2025-01-06,BR016,TLR-4816,C501098,cash withdrawal,541.16,CAD
CA00005176,2025-01-11,BR026,TLR-1733,C501918,cash withdrawal,-511.69,CAD
CA00003323,2025-01-18,BR017,TLR-9852,C501408,cash withdrawal,1300.8,CAD
CA00000568,2025-01-01,BR003,TLR-7435,C501180,cash deposit,1273.78,CAD
CA00004139,2025-01-01,BR021,TLR-9751,C503339,cash withdrawal,839.91,CAD
CA00005263,2025-01-18,BR027,TLR-1964,C501276,cash withdrawal,2126.02,CAD
CA00008224,2025-01-23,BR040,TLR-4186,C500293,cash withdrawal,364.1,CAD
CA00000139,2025-01-11,BR001,TLR-9881,C501946,cash withdrawal,2171.02,CAD
CA00004068,2025-01-16,BR020,TLR-2590,C501100,cash deposit,339.5,USD
CA00001875,2025-01-06,BR009,TLR-7629,C501615,cash deposit,327.32,CAD
CA00006924,2025-01-14,BR035,TLR-5391,C503322,cash withdrawal,220.68,CAD
CA00003205,2025-01-11,BR016,TLR-5428,C500668,cash deposit,1309.15,CAD
CA00007312,2025-01-07,BR037,TLR-4676,C500862,cash withdrawal,2227.71,CAD
CA00002905,2025-01-01,BR015,TLR-2133,C501708,cash withdrawal,1418.05,CAD
CA00005873,2025-01-28,BR030,TLR-7873,C503646,cash deposit,287.83,CAD
CA00007660,2025-01-15,BR038,TLR-5087,C500066,cash deposit,1084.48,CAD
CA00006365,2025-01-06,BR032,TLR-3549,C501967,cash deposit,5559.63,CAD
CA00005549,2025-01-30,BR028,TLR-3083,C500323,cash withdrawal,1697.49,CAD
CA00005070,2025-01-18,BR026,TLR-4283,C503639,cash withdrawal,-1344.27,CAD
CA00006562,2025-01-11,BR033,TLR-3949,C501832,cash deposit,1223.74,CAD
CA00007550,2025-01-12,BR037,TLR-3621,C501412,cash deposit,1507.61,CAD
CA00006341,2025-01-26,BR032,TLR-2704,C503020,cash withdrawal,1445.81,CAD
CA00002714,2025-01-26,BR014,TLR-9574,C502899,cash deposit,173.54,CAD
CA00008577,2025-01-02,BR040,TLR-5181,C501523,cash withdrawal,445.01,CAD
CA00007889,2025-01-16,BR039,TLR-5973,C500601,cash deposit,676.33,CAD
CA00007999,2025-01-29,BR040,TLR-9874,C503843,cash withdrawal,1696.48,CAD
CA00002094,2025-01-03,BR011,TLR-2879,C501109,cash deposit,1553.14,CAD
CA00007289,2025-01-26,BR036,TLR-1244,C500396,cash withdrawal,650.55,CAD
CA00008158,2025-01-07,BR040,TLR-8330,C502060,cash withdrawal,699.65,CAD
CA00008144,2025-01-22,BR040,TLR-3334,C502812,cash deposit,291.29,CAD
CA00003839,2025-01-15,BR019,TLR-4569,C501848,cash withdrawal,1840.59,CAD
CA00005850,2025-01-08,BR030,TLR-2248,C501950,cash withdrawal,612.6,CAD
CA00005342,2025-01-31,BR027,TLR-3465,C500198,cash deposit,997.53,CAD
CA00001160,2025-01-17,BR006,TLR-6020,C501712,cash deposit,456.51,CAD
CA00004011,2025-01-14,BR020,TLR-3592,C503187,cash withdrawal,577.92,USD
CA00001199,2025-01-07,BR006,TLR-4577,C501926,cash deposit,1148.48,CAD
CA00000240,2025-01-14,BR001,TLR-7728,C501280,cash withdrawal,1992.17,CAD
CA00000286,2025-01-02,BR001,TLR-6040,C501452,cash deposit,2871.48,CAD
CA00007591,2025-01-17,BR038,TLR-7489,C501221,cash deposit,1164.96,CAD
CA00005268,2025-01-06,BR027,TLR-9359,C502203,cash deposit,513.53,CAD
CA00002394,2025-01-09,BR012,TLR-2009,C500005,cash withdrawal,1654.83,CAD
CA00003997,2025-01-23,BR020,TLR-3551,C503244,cash deposit,1179.67,USD
CA00001579,2025-01-29,BR008,TLR-6110,C502796,cash deposit,1258.19,CAD
CA00000400,2025-01-19,BR002,TLR-6785,C500014,cash withdrawal,-4253.32,CAD
CA00006056,2025-01-18,BR031,TLR-8157,C503677,cash withdrawal,1428.41,CAD
CA00001194,2025-01-13,BR006,TLR-4480,C502918,cash withdrawal,2108.52,CAD
CA00006805,2025-01-26,BR035,TLR-1976,C503527,cash withdrawal,2208.71,CAD
CA00006229,2025-01-20,BR031,TLR-5605,C501825,cash withdrawal,1020.53,CAD
CA00001337,2025-01-29,BR006,TLR-2145,C503347,cash deposit,878.29,CAD
CA00003992,2025-01-31,BR020,TLR-8205,C500525,cash deposit,1779.51,USD
CA00005562,2025-01-15,BR029,TLR-9937,C503146,cash withdrawal,603.3,CAD
CA00001565,2025-01-22,BR007,TLR-5131,C502499,cash withdrawal,239.47,CAD
CA00003453,2025-01-30,BR017,TLR-3516,C500855,cash deposit,781.06,CAD
CA00000798,2025-01-10,BR004,TLR-7961,C501884,cash deposit,1253.7,CAD
CA00006494,2025-01-07,BR033,TLR-3585,C500999,cash withdrawal,300.43,CAD
CA00006014,2025-01-11,BR031,TLR-9834,C500730,cash deposit,1611.06,CAD
CA00008435,2025-01-02,BR040,TLR-9609,C501594,cash withdrawal,519.37,CAD
CA00001874,2025-01-13,BR009,TLR-2112,C500519,cash withdrawal,496.65,CAD
CA00007007,2025-01-05,BR036,TLR-5696,C502680,cash withdrawal,1073.56,CAD
CA00004432,2025-01-07,BR023,TLR-1298,C502942,cash deposit,761.04,CAD
CA00005331,2025-01-03,BR027,TLR-7538,C500941,cash deposit,2101.94,CAD
CA00001338,2025-01-26,BR006,TLR-9932,C503579,cash deposit,1983.65,CAD
CA00007351,2025-01-13,BR037,TLR-7866,C502453,cash deposit,1020.31,CAD
CA00003888,2025-01-02,BR020,TLR-8527,C500203,cash deposit,652.71,USD
CA00005175,2025-01-11,BR026,TLR-4913,C501506,cash deposit,1107.17,CAD
CA00006597,2025-01-13,BR033,TLR-6557,C500448,cash deposit,1116.51,CAD
CA00005706,2025-01-22,BR030,TLR-7268,C503484,cash withdrawal,675.69,CAD
CA00000865,2025-01-23,BR004,TLR-5018,C503141,cash withdrawal,711.55,CAD
CA00002730,2025-01-01,BR015,TLR-5785,C503328,cash withdrawal,3770.04,CAD
CA00000238,2025-01-01,BR001,TLR-4161,C500725,cash deposit,817.52,CAD
CA00000933,2025-01-23,BR004,TLR-9912,C502813,cash withdrawal,1698.72,CAD
CA00006081,2025-01-13,BR031,TLR-1353,C502106,cash withdrawal,2125.07,CAD
CA00003939,2025-01-05,BR020,TLR-2030,C501005,cash deposit,439.77,USD
CA00003639,2025-01-07,BR019,TLR-9314,C500308,cash deposit,620.22,CAD
CA00004069,2025-01-22,BR020,TLR-5006,C502682,cash deposit,632.59,USD
CA00006657,2025-01-24,BR034,TLR-1377,C500192,cash withdrawal,721.64,CAD
CA00000527,2025-01-16,BR002,TLR-2062,C500534,cash deposit,220.32,CAD
CA00008487,2025-01-04,BR040,TLR-6138,C503910,cash deposit,828.97,CAD
CA00006512,2025-01-22,BR033,TLR-2164,C501573,cash deposit,439.78,CAD
CA00002693,2025-01-01,BR014,TLR-3397,C500501,cash withdrawal,1138.56,CAD
CA00007464,2025-01-26,BR037,TLR-7721,C501946,cash deposit,1119.07,CAD
CA00002417,2025-01-16,BR013,TLR-2438,C500936,cash deposit,349.24,CAD
CA00003212,2025-01-02,BR017,TLR-3604,C501635,cash deposit,1032.55,CAD
CA00004415,2025-01-17,BR023,TLR-5006,C502940,cash deposit,962.96,CAD
CA00002492,2025-01-19,BR013,TLR-9125,C500161,cash withdrawal,1020.42,CAD
CA00003993,2025-01-05,BR020,TLR-1163,C503170,cash withdrawal,2891.68,USD
CA00000664,2025-01-01,BR003,TLR-3670,C500992,cash withdrawal,506.32,CAD
CA00001870,2025-01-11,BR009,TLR-1930,C500391,cash withdrawal,2218.86,CAD
CA00005426,2025-01-31,BR028,TLR-5246,C503592,cash withdrawal,812.48,CAD
CA00002399,2025-01-12,BR013,TLR-6401,C502054,cash deposit,694.59,CAD
CA00000921,2025-01-01,BR004,TLR-9199,C500900,cash deposit,363.3,CAD
CA00005463,2025-01-13,BR028,TLR-2830,C503661,cash withdrawal,2022.51,CAD
CA00003953,2025-01-04,BR020,TLR-7282,C502550,cash deposit,337.88,USD
CA00006736,2025-01-06,BR034,TLR-6857,C502538,cash deposit,2939.21,CAD
CA00003029,2025-01-25,BR016,TLR-8563,C502037,cash withdrawal,1454.24,CAD
CA00005333,2025-01-11,BR027,TLR-3207,C502188,cash deposit,3972.75,CAD
CA00001307,2025-01-06,BR006,TLR-3467,C502369,cash deposit,420.82,CAD
CA00005821,2025-01-21,BR030,TLR-5541,C500114,cash withdrawal,532.58,CAD
CA00005030,2025-01-27,BR026,TLR-4938,C503894,cash withdrawal,-1513.48,CAD
CA00007615,2025-01-31,BR038,TLR-4842,C502958,cash deposit,713.77,CAD
CA00007580,2025-01-13,BR037,TLR-9235,C500454,cash withdrawal,537.58,CAD
CA00005607,2025-01-27,BR029,TLR-4184,C503678,cash deposit,1335.99,CAD
CA00003314,2025-01-22,BR017,TLR-5975,C501412,cash withdrawal,1837.1,CAD
CA00007839,2025-01-12,BR039,TLR-3512,C502801,cash deposit,373.76,CAD
CA00003597,2025-01-04,BR019,TLR-4336,C502406,cash deposit,608.08,CAD
CA00005890,2025-01-20,BR030,TLR-3155,C502084,cash withdrawal,772.86,CAD
CA00007489,2025-01-30,BR037,TLR-3418,C501744,cash withdrawal,3572.99,CAD
CA00006879,2025-01-04,BR035,TLR-2127,C502932,cash deposit,553.63,CAD
CA00005298,2025-01-09,BR027,TLR-5399,C502467,cash withdrawal,706.14,CAD
CA00001121,2025-01-22,BR006,TLR-6292,C501015,cash deposit,1276.05,CAD
CA00006053,2025-01-26,BR031,TLR-5814,C501699,cash withdrawal,578.38,CAD
CA00008430,2025-01-16,BR040,TLR-1604,C501352,cash withdrawal,1216.08,CAD
CA00006895,2025-01-10,BR035,TLR-7934,C503566,cash deposit,853.99,CAD
CA00008153,2025-01-19,BR040,TLR-4411,C503662,cash withdrawal,1124.87,CAD
CA00006685,2025-01-22,BR034,TLR-6116,C501079,cash deposit,906.41,CAD
CA00005121,2025-01-22,BR026,TLR-5550,C503724,cash withdrawal,-931.67,CAD
CA00001627,2025-01-09,BR008,TLR-7730,C501526,cash deposit,364.55,CAD
CA00005473,2025-01-18,BR028,TLR-9501,C502007,cash withdrawal,354.31,CAD
CA00003534,2025-01-06,BR018,TLR-4001,C503338,cash withdrawal,412.43,CAD
CA00007297,2025-01-21,BR036,TLR-3981,C502730,cash deposit,3977.57,CAD
CA00004871,2025-01-13,BR025,TLR-4846,C500602,cash deposit,1903.47,CAD
CA00001298,2025-01-07,BR006,TLR-5272,C501519,cash withdrawal,345.02,CAD
CA00001096,2025-01-10,BR006,TLR-6460,C503458,cash deposit,270.84,CAD
CA00008260,2025-01-03,BR040,TLR-1851,C500826,cash withdrawal,1012.26,CAD
CA00004971,2025-01-15,BR025,TLR-8619,C501351,cash deposit,212.02,CAD
CA00004116,2025-01-03,BR021,TLR-7659,C501330,cash deposit,330.93,CAD
CA00003309,2025-01-12,BR017,TLR-7757,C500354,cash deposit,914.01,CAD
CA00008079,2025-01-24,BR040,TLR-4057,C502886,cash deposit,496.61,CAD
CA00008095,2025-01-19,BR040,TLR-9835,C503234,cash withdrawal,567.79,CAD
CA00003163,2025-01-04,BR016,TLR-6203,C502016,cash withdrawal,1383.14,CAD
CA00005614,2025-01-19,BR029,TLR-9274,C503864,cash deposit,1176.28,CAD
CA00005435,2025-01-06,BR028,TLR-8832,C503793,cash withdrawal,629.95,CAD
CA00003769,2025-01-18,BR019,TLR-8291,C500294,cash withdrawal,908.42,CAD
CA00000799,2025-01-23,BR004,TLR-5944,C500704,cash deposit,984.72,CAD
CA00004698,2025-01-08,BR024,TLR-2488,C502884,cash deposit,769.55,CAD
CA00002089,2025-01-12,BR011,TLR-2404,C501395,cash deposit,540.23,CAD
CA00003100,2025-01-18,BR016,TLR-7775,C500680,cash deposit,1024.0,CAD
CA00006164,2025-01-05,BR031,TLR-8675,C502678,cash deposit,848.73,CAD
CA00004475,2025-01-04,BR024,TLR-5272,C500199,cash deposit,1344.12,CAD
CA00006340,2025-01-29,BR032,TLR-4032,C500863,cash withdrawal,569.61,CAD
CA00000278,2025-01-14,BR001,TLR-4174,C501177,cash deposit,1281.38,CAD
CA00000814,2025-01-01,BR004,TLR-4038,C502922,cash deposit,1221.72,CAD
CA00008575,2025-01-27,BR040,TLR-2960,C503279,cash deposit,511.53,CAD
CA00007321,2025-01-21,BR037,TLR-3751,C502645,cash deposit,1477.24,CAD
CA00000849,2025-01-17,BR004,TLR-3703,C502245,cash deposit,780.85,CAD
CA00005870,2025-01-23,BR030,TLR-4758,C503196,cash withdrawal,1394.35,CAD
CA00007821,2025-01-15,BR039,TLR-7299,C502117,cash withdrawal,275.43,CAD
CA00007045,2025-01-13,BR036,TLR-7645,C503014,cash withdrawal,781.76,CAD
CA00005797,2025-01-11,BR030,TLR-2565,C502193,cash deposit,1559.27,CAD
CA00000174,2025-01-26,BR001,TLR-9935,C503060,cash withdrawal,851.02,CAD
CA00002880,2025-01-02,BR015,TLR-4407,C501041,cash deposit,772.21,CAD
CA00007434,2025-01-20,BR037,TLR-3339,C502505,cash deposit,527.56,CAD
CA00008632,2025-01-13,BR040,TLR-8382,C503332,cash withdrawal,3018.23,CAD
CA00000469,2025-01-10,BR002,TLR-9703,C503025,cash deposit,1979.21,CAD
CA00008014,2025-01-12,BR040,TLR-6041,C502360,cash withdrawal,548.57,CAD
CA00007892,2025-01-04,BR039,TLR-7300,C503722,cash deposit,1248.28,CAD
CA00001208,2025-01-08,BR006,TLR-9255,C500842,cash withdrawal,382.19,CAD
CA00004418,2025-01-23,BR023,TLR-9844,C500381,cash withdrawal,609.59,CAD
CA00001540,2025-01-29,BR007,TLR-1507,C501373,cash deposit,2942.83,CAD
CA00008099,2025-01-18,BR040,TLR-3443,C500614,cash withdrawal,316.45,CAD
CA00008421,2025-01-05,BR040,TLR-3510,C500475,cash deposit,1359.16,CAD
CA00008560,2025-01-16,BR040,TLR-9204,C503302,cash withdrawal,1530.52,CAD
CA00007386,2025-01-09,BR037,TLR-8229,C503209,cash withdrawal,1195.46,CAD
CA00002686,2025-01-06,BR014,TLR-5022,C501881,cash deposit,303.14,CAD
CA00004955,2025-01-20,BR025,TLR-2088,C501958,cash deposit,1431.94,CAD
CA00002733,2025-01-13,BR015,TLR-4604,C501043,cash deposit,968.57,CAD
CA00004715,2025-01-22,BR024,TLR-6751,C503188,cash deposit,1715.59,CAD
CA00008074,2025-01-22,BR040,TLR-4733,C500115,cash withdrawal,1333.17,CAD
CA00005012,2025-01-26,BR026,TLR-6490,C500352,cash withdrawal,-888.61,CAD
CA00002092,2025-01-21,BR011,TLR-4576,C500544,cash withdrawal,842.09,CAD
CA00006119,2025-01-02,BR031,TLR-1784,C501022,cash deposit,787.98,CAD
CA00002487,2025-01-06,BR013,TLR-3927,C502479,cash withdrawal,291.77,CAD
CA00002748,2025-01-11,BR015,TLR-9826,C500324,cash withdrawal,1607.62,CAD
CA00004928,2025-01-06,BR025,TLR-8600,C503885,cash deposit,724.54,CAD
CA00006564,2025-01-06,BR033,TLR-4194,C503705,cash deposit,234.18,CAD
CA00003168,2025-01-09,BR016,TLR-3076,C501742,cash withdrawal,1973.86,CAD
CA00007969,2025-01-15,BR039,TLR-3795,C501216,cash withdrawal,412.19,CAD
CA00006730,2025-01-23,BR034,TLR-6051,C501871,cash deposit,466.96,CAD
CA00003688,2025-01-03,BR019,TLR-1252,C502301,cash deposit,341.7,CAD
CA00004409,2025-01-22,BR023,TLR-4711,C500236,cash withdrawal,598.75,CAD
CA00006290,2025-01-04,BR032,TLR-6069,C503462,cash deposit,1194.81,CAD
CA00004656,2025-01-01,BR024,TLR-4540,C502158,cash withdrawal,589.85,CAD
CA00007908,2025-01-13,BR039,TLR-7093,C503166,cash withdrawal,1033.5,CAD
CA00007262,2025-01-28,BR036,TLR-3800,C500174,cash withdrawal,775.06,CAD
CA00000170,2025-01-15,BR001,TLR-6496,C503288,cash deposit,1177.2,CAD
CA00001395,2025-01-28,BR007,TLR-9731,C500394,cash withdrawal,1727.64,CAD
CA00000461,2025-01-20,BR002,TLR-6827,C501632,cash withdrawal,-1322.09,CAD
CA00004504,2025-01-15,BR024,TLR-5773,C503191,cash deposit,519.48,CAD
CA00003021,2025-01-25,BR016,TLR-4243,C501506,cash deposit,271.83,CAD
CA00007650,2025-01-18,BR038,TLR-7058,C503081,cash withdrawal,586.27,CAD
CA00001687,2025-01-31,BR008,TLR-2868,C500423,cash withdrawal,297.65,CAD
CA00008622,2025-01-06,BR040,TLR-8913,C503724,cash deposit,1362.47,CAD
CA00002787,2025-01-04,BR015,TLR-3547,C502720,cash deposit,995.18,CAD
CA00006145,2025-01-21,BR031,TLR-7615,C500351,cash withdrawal,280.87,CAD
CA00001143,2025-01-19,BR006,TLR-3416,C503284,cash withdrawal,1640.66,CAD
CA00004286,2025-01-06,BR022,TLR-4652,C502834,cash deposit,1561.34,CAD
CA00006428,2025-01-20,BR033,TLR-7507,C501373,cash deposit,1490.15,CAD
CA00003026,2025-01-29,BR016,TLR-1231,C500975,cash deposit,392.49,CAD
CA00005672,2025-01-07,BR029,TLR-2164,C502904,cash withdrawal,1516.21,CAD
CA00001968,2025-01-01,BR010,TLR-9474,C502633,cash deposit,557.86,CAD
CA00001576,2025-01-23,BR008,TLR-8068,C502423,cash withdrawal,2046.99,CAD
CA00007147,2025-01-26,BR036,TLR-3760,C502771,cash deposit,734.4,CAD
CA00005557,2025-01-24,BR029,TLR-5501,C503644,cash deposit,3238.48,CAD
CA00002174,2025-01-10,BR012,TLR-1570,C500611,cash deposit,763.21,CAD
CA00004590,2025-01-08,BR024,TLR-6512,C500574,cash withdrawal,1186.82,CAD
CA00001104,2025-01-02,BR006,TLR-3879,C500205,cash withdrawal,2124.71,CAD
CA00008398,2025-01-05,BR040,TLR-1277,C503989,cash deposit,867.3,CAD
CA00006458,2025-01-25,BR033,TLR-2569,C500005,cash withdrawal,3141.22,CAD
CA00003985,2025-01-16,BR020,TLR-5165,C500797,cash deposit,740.45,USD
CA00006312,2025-01-01,BR032,TLR-9082,C501578,cash deposit,1949.32,CAD
CA00000684,2025-01-15,BR003,TLR-9320,C500145,cash deposit,6360.79,CAD
CA00007532,2025-01-07,BR037,TLR-2542,C501812,cash deposit,1258.63,CAD
CA00000672,2025-01-09,BR003,TLR-2426,C500025,cash deposit,3518.35,CAD
CA00053283,2025-01-07,BR012,TLR-2141,W939173,cash withdrawal,155.5,CAD
CA00003015,2025-01-25,BR016,TLR-2078,C500453,cash withdrawal,2354.67,CAD
CA00003594,2025-01-15,BR019,TLR-5314,C503176,cash withdrawal,1118.79,CAD
CA00000758,2025-01-12,BR004,TLR-5172,C501841,cash withdrawal,569.44,CAD
CA00003053,2025-01-02,BR016,TLR-3474,C503282,cash deposit,10812.41,CAD
CA00003432,2025-01-27,BR017,TLR-5261,C500855,cash deposit,748.96,CAD
CA00000978,2025-01-25,BR004,TLR-4368,C502337,cash deposit,1621.15,CAD
CA00002832,2025-01-12,BR015,TLR-1500,C502537,cash withdrawal,683.26,CAD
CA00000150,2025-01-05,BR001,TLR-1357,C500224,cash deposit,517.73,CAD
CA00005874,2025-01-02,BR030,TLR-6261,C501740,cash withdrawal,456.89,CAD
CA00003554,2025-01-12,BR018,TLR-8812,C500076,cash deposit,1605.73,CAD
CA00007381,2025-01-14,BR037,TLR-2838,C500463,cash deposit,445.22,CAD
CA00001172,2025-01-05,BR006,TLR-8390,C503030,cash deposit,1629.36,CAD
CA00000146,2025-01-03,BR001,TLR-7578,C500476,cash withdrawal,223.89,CAD
CA00004015,2025-01-30,BR020,TLR-2523,C501399,cash deposit,574.13,USD
CA00001640,2025-01-14,BR008,TLR-6845,C502060,cash deposit,1242.93,CAD
CA00006233,2025-01-19,BR031,TLR-1442,C502123,cash withdrawal,2066.33,CAD
CA00001266,2025-01-28,BR006,TLR-2701,C500415,cash deposit,604.06,CAD
CA00007609,2025-01-23,BR038,TLR-6582,C502692,cash withdrawal,544.43,CAD
CA00008405,2025-01-15,BR040,TLR-4931,C500320,cash withdrawal,470.31,CAD
CA00007356,2025-01-24,BR037,TLR-5773,C501778,cash withdrawal,466.77,CAD
CA00006946,2025-01-08,BR035,TLR-6641,C502700,cash deposit,569.3,CAD
CA00001269,2025-01-17,BR006,TLR-5927,C500266,cash withdrawal,1173.0,CAD
CA00006870,2025-01-05,BR035,TLR-9174,C503217,cash deposit,454.66,CAD
CA00005920,2025-01-15,BR030,TLR-8804,C500955,cash withdrawal,819.39,CAD
CA00000319,2025-01-22,BR001,TLR-1058,C503370,cash deposit,337.18,CAD
CA00008190,2025-01-23,BR040,TLR-6171,C501428,cash deposit,1524.28,CAD
CA00004697,2025-01-24,BR024,TLR-3670,C503292,cash deposit,1303.45,CAD
CA00004551,2025-01-23,BR024,TLR-7916,C501553,cash withdrawal,765.56,CAD
CA00005695,2025-01-22,BR029,TLR-8935,C502538,cash deposit,647.2,CAD
CA00005683,2025-01-16,BR029,TLR-3211,C503217,cash withdrawal,999.4,CAD
CA00000410,2025-01-14,BR002,TLR-4876,C502643,cash deposit,753.4,CAD
CA00006530,2025-01-21,BR033,TLR-9773,C503024,cash deposit,1203.62,CAD
CA00006289,2025-01-18,BR032,TLR-3888,C502905,cash deposit,339.16,CAD
CA00001062,2025-01-03,BR005,TLR-5124,C502109,cash withdrawal,2707.79,CAD
CA00007474,2025-01-05,BR037,TLR-4395,C500042,cash deposit,1717.22,CAD
CA00002723,2025-01-17,BR015,TLR-3467,C503596,cash withdrawal,1223.72,CAD
CA00002502,2025-01-09,BR014,TLR-1471,C500010,cash withdrawal,475.83,CAD
CA00003635,2025-01-11,BR019,TLR-7084,C502540,cash deposit,765.33,CAD
CA00006625,2025-01-29,BR034,TLR-5274,C502514,cash deposit,692.85,CAD
CA00008180,2025-01-26,BR040,TLR-1301,C503673,cash withdrawal,1151.7,CAD
CA00006950,2025-01-21,BR035,TLR-4530,C501518,cash deposit,1276.83,CAD
CA00003935,2025-01-05,BR020,TLR-1071,C501987,cash deposit,386.92,USD
CA00008547,2025-01-22,BR040,TLR-4619,C503495,cash deposit,1150.45,CAD
CA00007163,2025-01-12,BR036,TLR-1991,C502311,cash withdrawal,2033.84,CAD
CA00001275,2025-01-02,BR006,TLR-3972,C501581,cash deposit,590.76,CAD
CA00004234,2025-01-12,BR021,TLR-5848,C503097,cash withdrawal,4530.87,CAD
CA00007027,2025-01-14,BR036,TLR-1440,C500935,cash deposit,1032.12,CAD
CA00003725,2025-01-20,BR019,TLR-3318,C503360,cash deposit,878.73,CAD
CA00003702,2025-01-31,BR019,TLR-2688,C503476,cash withdrawal,1057.7,CAD
CA00005637,2025-01-28,BR029,TLR-7241,C503138,cash deposit,487.05,CAD
CA00004782,2025-01-09,BR025,TLR-8734,C501614,cash deposit,464.75,CAD
CA00003747,2025-01-17,BR019,TLR-7875,C500770,cash deposit,1442.17,CAD
CA00005195,2025-01-24,BR026,TLR-1813,C502547,cash deposit,1032.42,CAD
CA00001201,2025-01-28,BR006,TLR-2103,C503166,cash deposit,3310.2,CAD
CA00005861,2025-01-09,BR030,TLR-6484,C502936,cash withdrawal,777.74,CAD
CA00001474,2025-01-30,BR007,TLR-7057,C501957,cash deposit,886.77,CAD
CA00003915,2025-01-27,BR020,TLR-7680,C503239,cash deposit,1165.21,USD
CA00008265,2025-01-11,BR040,TLR-3140,C502023,cash withdrawal,2859.49,CAD
CA00000779,2025-01-09,BR004,TLR-5581,C501135,cash withdrawal,1600.57,CAD
CA00007107,2025-01-17,BR036,TLR-3219,C502543,cash deposit,799.04,CAD
CA00007231,2025-01-19,BR036,TLR-1206,C502404,cash deposit,182.56,CAD
CA00005212,2025-01-26,BR026,TLR-7727,C503852,cash deposit,1205.15,CAD
CA00000970,2025-01-06,BR004,TLR-9053,C503322,cash deposit,3149.2,CAD
CA00001749,2025-01-20,BR008,TLR-5415,C500491,cash deposit,718.4,CAD
CA00002151,2025-01-03,BR011,TLR-4976,C503209,cash withdrawal,829.83,CAD
CA00004013,2025-01-18,BR020,TLR-9683,C502370,cash deposit,867.34,USD
CA00000262,2025-01-10,BR001,TLR-6295,C500607,cash withdrawal,919.21,CAD
CA00000432,2025-01-28,BR002,TLR-6725,C503945,cash withdrawal,-668.75,CAD
CA00004088,2025-01-23,BR021,TLR-2596,C502527,cash deposit,714.85,CAD
CA00005147,2025-01-24,BR026,TLR-3424,C500452,cash withdrawal,-1008.82,CAD
CA00000415,2025-01-23,BR002,TLR-8203,C502050,cash withdrawal,-4086.33,CAD
CA00005209,2025-01-18,BR026,TLR-1186,C501892,cash withdrawal,-636.86,CAD
CA00002184,2025-01-24,BR012,TLR-6147,C502183,cash deposit,2289.84,CAD
CA00007667,2025-01-08,BR038,TLR-6108,C502469,cash deposit,2290.05,CAD
CA00006660,2025-01-26,BR034,TLR-2274,C501770,cash deposit,2017.78,CAD
CA00003064,2025-01-19,BR016,TLR-5136,C500998,cash deposit,2719.59,CAD
CA00001419,2025-01-21,BR007,TLR-1324,C503112,cash withdrawal,3147.87,CAD
CA00008259,2025-01-13,BR040,TLR-8943,C501283,cash deposit,3177.43,CAD
CA00002176,2025-01-31,BR012,TLR-3888,C501889,cash deposit,2962.06,CAD
CA00005641,2025-01-09,BR029,TLR-2791,C501030,cash deposit,373.08,CAD
CA00002353,2025-01-09,BR012,TLR-7208,C500181,cash withdrawal,2325.48,CAD
CA00003958,2025-01-04,BR020,TLR-6135,C501543,cash deposit,234.56,USD
CA00006082,2025-01-03,BR031,TLR-9240,C503436,cash deposit,416.51,CAD
CA00003754,2025-01-15,BR019,TLR-4688,C503638,cash withdrawal,791.66,CAD
CA00007283,2025-01-14,BR036,TLR-4320,C500636,cash deposit,1250.61,CAD
CA00000579,2025-01-02,BR003,TLR-5686,C500890,cash withdrawal,818.18,CAD
CA00003845,2025-01-17,BR019,TLR-5964,C501948,cash deposit,267.04,CAD
CA00002361,2025-01-15,BR012,TLR-5000,C500525,cash deposit,495.45,CAD
CA00000232,2025-01-15,BR001,TLR-9589,C501098,cash withdrawal,1680.17,CAD
CA00006095,2025-01-09,BR031,TLR-9751,C503443,cash withdrawal,1523.24,CAD
CA00007462,2025-01-14,BR037,TLR-4388,C500377,cash deposit,613.59,CAD
CA00007683,2025-01-24,BR038,TLR-8339,C500262,cash withdrawal,499.57,CAD
CA00008440,2025-01-11,BR040,TLR-7491,C503655,cash deposit,2191.29,CAD
CA00005143,2025-01-14,BR026,TLR-5855,C502330,cash withdrawal,-833.21,CAD
CA00002370,2025-01-16,BR012,TLR-9995,C500146,cash withdrawal,537.9,CAD
CA00006003,2025-01-11,BR030,TLR-8887,C502221,cash deposit,395.83,CAD
CA00004031,2025-01-19,BR020,TLR-5179,C502140,cash withdrawal,237.89,USD
CA00007876,2025-01-27,BR039,TLR-9343,C501121,cash deposit,479.83,CAD
CA00005468,2025-01-01,BR028,TLR-1296,C503318,cash withdrawal,643.76,CAD
CA00000785,2025-01-05,BR004,TLR-9957,C501599,cash withdrawal,315.33,CAD
CA00004550,2025-01-03,BR024,TLR-1487,C502487,cash withdrawal,224.41,CAD
CA00000696,2025-01-07,BR003,TLR-1025,C501639,cash withdrawal,1353.71,CAD
CA00000877,2025-01-28,BR004,TLR-7572,C500353,cash deposit,1598.95,CAD
CA00000115,2025-01-26,BR001,TLR-4858,C503968,cash deposit,1166.63,CAD
CA00005536,2025-01-01,BR028,TLR-8418,C503697,cash deposit,261.41,CAD
CA00006833,2025-01-13,BR035,TLR-8545,C500132,cash deposit,744.54,CAD
CA00008650,2025-01-29,BR040,TLR-4186,C500854,cash deposit,195.03,CAD
CA00007157,2025-01-23,BR036,TLR-5689,C502937,cash withdrawal,1612.26,CAD
CA00001760,2025-01-03,BR008,TLR-1683,C501374,cash deposit,1090.77,CAD
CA00003057,2025-01-15,BR016,TLR-1323,C500703,cash deposit,472.35,CAD
CA00004602,2025-01-27,BR024,TLR-8087,C501268,cash deposit,313.32,CAD
CA00001448,2025-01-16,BR007,TLR-5580,C503971,cash deposit,1131.61,CAD
CA00006383,2025-01-11,BR032,TLR-6141,C500656,cash deposit,564.62,CAD
CA00008455,2025-01-08,BR040,TLR-8227,C500418,cash withdrawal,921.07,CAD
CA00002718,2025-01-12,BR014,TLR-5486,C503417,cash deposit,1563.62,CAD
CA00007728,2025-01-10,BR038,TLR-1688,C500817,cash withdrawal,491.51,CAD
CA00000371,2025-01-06,BR002,TLR-1298,C503958,cash withdrawal,-816.9,CAD
CA00002050,2025-01-18,BR010,TLR-5330,C501942,cash deposit,613.1,CAD
CA00005720,2025-01-02,BR030,TLR-4243,C502829,cash deposit,608.13,CAD
CA00004400,2025-01-10,BR023,TLR-6203,C501745,cash deposit,1877.1,CAD
CA00002070,2025-01-28,BR010,TLR-2350,C503894,cash withdrawal,2855.2,CAD
CA00008639,2025-01-04,BR040,TLR-7001,C503381,cash withdrawal,2752.92,CAD
CA00002453,2025-01-04,BR013,TLR-5712,C503079,cash withdrawal,154.57,CAD
CA00004510,2025-01-30,BR024,TLR-8607,C501586,cash deposit,2160.57,CAD
CA00003412,2025-01-11,BR017,TLR-6284,C500916,cash deposit,955.52,CAD
CA00003079,2025-01-07,BR016,TLR-4500,C501482,cash deposit,1465.65,CAD
CA00000928,2025-01-01,BR004,TLR-5024,C501521,cash withdrawal,1519.3,CAD
CA00000340,2025-01-05,BR002,TLR-9196,C503163,cash deposit,971.75,CAD
CA00000165,2025-01-01,BR001,TLR-9858,C502707,cash deposit,1920.56,CAD
CA00000787,2025-01-17,BR004,TLR-5416,C502450,cash withdrawal,663.74,CAD
CA00004133,2025-01-05,BR021,TLR-3940,C500461,cash withdrawal,1375.45,CAD
CA00002382,2025-01-23,BR012,TLR-1388,C501195,cash deposit,2085.97,CAD
CA00003125,2025-01-30,BR016,TLR-4808,C502660,cash withdrawal,842.73,CAD
CA00008278,2025-01-18,BR040,TLR-7917,C501457,cash withdrawal,2889.07,CAD
CA00002093,2025-01-20,BR011,TLR-4343,C501118,cash deposit,289.6,CAD
CA00002517,2025-01-23,BR014,TLR-5374,C500436,cash withdrawal,1066.86,CAD
CA00002405,2025-01-20,BR013,TLR-1327,C500318,cash deposit,1331.95,CAD
CA00004479,2025-01-10,BR024,TLR-2962,C500292,cash withdrawal,722.35,CAD
CA00006626,2025-01-15,BR034,TLR-9937,C501833,cash withdrawal,2177.79,CAD
CA00005724,2025-01-28,BR030,TLR-9232,C502169,cash deposit,1751.9,CAD
CA00005930,2025-01-11,BR030,TLR-6482,C503558,cash deposit,1145.48,CAD
CA00006485,2025-01-23,BR033,TLR-7845,C501976,cash withdrawal,2191.44,CAD
CA00001100,2025-01-05,BR006,TLR-6271,C502047,cash withdrawal,838.4,CAD
CA00000986,2025-01-29,BR004,TLR-7125,C503553,cash deposit,840.74,CAD
CA00001654,2025-01-08,BR008,TLR-4497,C502984,cash withdrawal,523.92,CAD
CA00001119,2025-01-31,BR006,TLR-3019,C503607,cash deposit,3039.75,CAD
CA00006232,2025-01-29,BR031,TLR-2140,C502312,cash deposit,735.22,CAD
CA00002276,2025-01-04,BR012,TLR-7186,C503065,cash deposit,701.66,CAD
CA00002858,2025-01-28,BR015,TLR-7928,C500282,cash withdrawal,719.77,CAD
CA00003098,2025-01-24,BR016,TLR-2531,C501837,cash deposit,909.05,CAD
CA00008183,2025-01-05,BR040,TLR-4868,C502793,cash deposit,1510.54,CAD
CA00007937,2025-01-23,BR039,TLR-2466,C502674,cash deposit,823.25,CAD
CA00001755,2025-01-29,BR008,TLR-9026,C500736,cash deposit,1524.48,CAD
CA00004521,2025-01-29,BR024,TLR-2949,C503091,cash withdrawal,1101.85,CAD
CA00000591,2025-01-20,BR003,TLR-2244,C503436,cash deposit,277.06,CAD
CA00005489,2025-01-27,BR028,TLR-7197,C502852,cash withdrawal,1207.79,CAD
CA00005711,2025-01-02,BR030,TLR-3391,C502555,cash withdrawal,1242.55,CAD
CA00001570,2025-01-23,BR008,TLR-7757,C500595,cash deposit,763.05,CAD
CA00001364,2025-01-12,BR007,TLR-3874,C501800,cash deposit,1822.21,CAD
CA00008009,2025-01-04,BR040,TLR-3891,C501443,cash withdrawal,2312.58,CAD
CA00001478,2025-01-27,BR007,TLR-7029,C501816,cash withdrawal,336.24,CAD
CA00003810,2025-01-01,BR019,TLR-4923,C503952,cash withdrawal,2545.62,CAD
CA00001849,2025-01-16,BR009,TLR-8890,C501463,cash withdrawal,431.88,CAD
CA00008174,2025-01-05,BR040,TLR-6318,C500049,cash deposit,606.97,CAD
CA00006227,2025-01-08,BR031,TLR-8436,C502383,cash deposit,1029.99,CAD
CA00002709,2025-01-23,BR014,TLR-2074,C501616,cash deposit,1231.48,CAD
CA00002019,2025-01-15,BR010,TLR-5379,C502004,cash withdrawal,328.41,CAD
CA00002081,2025-01-04,BR010,TLR-1602,C500731,cash withdrawal,1453.95,CAD
CA00006868,2025-01-28,BR035,TLR-3334,C500967,cash deposit,3118.25,CAD
CA00000712,2025-01-15,BR003,TLR-4054,C502362,cash withdrawal,1829.45,CAD
CA00006324,2025-01-12,BR032,TLR-7505,C502735,cash withdrawal,625.77,CAD
CA00003130,2025-01-28,BR016,TLR-3078,C502981,cash withdrawal,863.04,CAD
CA00001735,2025-01-15,BR008,TLR-9303,C503035,cash deposit,2934.3,CAD
CA00007285,2025-01-03,BR036,TLR-3026,C503868,cash deposit,700.72,CAD
CA00006740,2025-01-24,BR034,TLR-1049,C500120,cash withdrawal,2703.33,CAD
CA00004302,2025-01-13,BR022,TLR-4052,C503748,cash deposit,524.97,CAD
CA00000073,2025-01-18,BR001,TLR-4002,C500346,cash deposit,517.92,CAD
CA00002875,2025-01-12,BR015,TLR-6217,C502448,cash withdrawal,1329.11,CAD
CA00003643,2025-01-30,BR019,TLR-7754,C501114,cash withdrawal,3336.2,CAD
CA00000086,2025-01-04,BR001,TLR-4609,C502782,cash deposit,502.95,CAD
CA00001260,2025-01-05,BR006,TLR-2704,C500023,cash withdrawal,306.55,CAD
CA00006956,2025-01-22,BR035,TLR-3053,C500187,cash deposit,286.59,CAD
CA00004386,2025-01-15,BR023,TLR-5146,C502058,cash deposit,2639.68,CAD
CA00002457,2025-01-06,BR013,TLR-3167,C502340,cash deposit,659.19,CAD
CA00005392,2025-01-17,BR027,TLR-6821,C501482,cash withdrawal,3126.26,CAD
CA00007448,2025-01-01,BR037,TLR-2695,C500535,cash withdrawal,1775.93,CAD
CA00001512,2025-01-01,BR007,TLR-9211,C503945,cash withdrawal,648.97,CAD
CA00004902,2025-01-13,BR025,TLR-6829,C502130,cash deposit,1029.4,CAD
CA00001925,2025-01-15,BR009,TLR-7951,C501625,cash withdrawal,482.0,CAD
CA00002175,2025-01-26,BR012,TLR-1730,C502854,cash withdrawal,989.67,CAD
CA00000388,2025-01-18,BR002,TLR-5821,C500336,cash withdrawal,-1761.65,CAD
CA00007391,2025-01-14,BR037,TLR-7416,C501699,cash deposit,2440.01,CAD
CA00004853,2025-01-12,BR025,TLR-4620,C503673,cash deposit,2478.27,CAD
CA00007768,2025-01-13,BR038,TLR-9787,C503305,cash withdrawal,1471.97,CAD
CA00001888,2025-01-15,BR009,TLR-4780,C501800,cash withdrawal,443.07,CAD
CA00003891,2025-01-07,BR020,TLR-3508,C501218,cash deposit,89.32,USD
CA00001949,2025-01-03,BR010,TLR-7284,C502393,cash deposit,667.68,CAD
CA00005539,2025-01-16,BR028,TLR-5117,C500167,cash withdrawal,1566.78,CAD
CA00005961,2025-01-25,BR030,TLR-9292,C503023,cash withdrawal,962.2,CAD
CA00000577,2025-01-04,BR003,TLR-2578,C503486,cash deposit,663.59,CAD
CA00006133,2025-01-03,BR031,TLR-8394,C500497,cash withdrawal,2526.95,CAD
CA00007389,2025-01-18,BR037,TLR-2618,C503968,cash deposit,497.38,CAD
CA00005802,2025-01-08,BR030,TLR-7653,C500591,cash deposit,1726.56,CAD
CA00000682,2025-01-30,BR003,TLR-9585,C500273,cash withdrawal,1470.23,CAD
CA00008299,2025-01-20,BR040,TLR-1216,C501843,cash deposit,515.3,CAD
CA00000772,2025-01-08,BR004,TLR-4730,C500957,cash withdrawal,1417.75,CAD
CA00000248,2025-01-21,BR001,TLR-6376,C501860,cash withdrawal,1197.53,CAD
CA00003193,2025-01-17,BR016,TLR-3331,C501168,cash withdrawal,547.31,CAD
CA00004507,2025-01-28,BR024,TLR-3562,C500461,cash withdrawal,689.9,CAD
CA00003596,2025-01-10,BR019,TLR-5889,C501230,cash deposit,1219.56,CAD
CA00008509,2025-01-28,BR040,TLR-5633,C502298,cash deposit,632.37,CAD
CA00000080,2025-01-07,BR001,TLR-6261,C502659,cash deposit,1156.02,CAD
CA00001503,2025-01-04,BR007,TLR-1847,C501667,cash withdrawal,1462.2,CAD
CA00006397,2025-01-11,BR032,TLR-4368,C500357,cash deposit,1458.7,CAD
CA00006906,2025-01-13,BR035,TLR-5023,C501969,cash deposit,576.35,CAD
CA00005727,2025-01-15,BR030,TLR-6682,C503837,cash withdrawal,1171.39,CAD
CA00002043,2025-01-19,BR010,TLR-2372,C503959,cash withdrawal,480.35,CAD
CA00003847,2025-01-28,BR019,TLR-3742,C501364,cash withdrawal,1017.85,CAD
CA00005566,2025-01-05,BR029,TLR-3404,C501506,cash withdrawal,2686.65,CAD
CA00007620,2025-01-26,BR038,TLR-2557,C503897,cash withdrawal,938.63,CAD
CA00003848,2025-01-27,BR019,TLR-6909,C503118,cash withdrawal,2383.91,CAD
CA00001408,2025-01-09,BR007,TLR-4826,C500270,cash withdrawal,781.33,CAD
CA00000360,2025-01-26,BR002,TLR-4411,C502765,cash withdrawal,-1030.71,CAD
CA00004271,2025-01-26,BR022,TLR-2199,C501712,cash deposit,866.35,CAD
CA00004978,2025-01-02,BR025,TLR-5247,C501913,cash deposit,797.32,CAD
CA00002583,2025-01-06,BR014,TLR-3840,C502157,cash deposit,612.58,CAD
CA00006630,2025-01-09,BR034,TLR-6572,C502649,cash deposit,332.04,CAD
CA00001042,2025-01-31,BR005,TLR-8811,C503018,cash withdrawal,5881.69,CAD
CA00007016,2025-01-14,BR036,TLR-8826,C503482,cash deposit,1488.7,CAD
CA00008040,2025-01-02,BR040,TLR-8743,C501978,cash deposit,1166.62,CAD
CA00006677,2025-01-15,BR034,TLR-3279,C500003,cash withdrawal,1885.15,CAD
CA00004622,2025-01-23,BR024,TLR-3453,C501028,cash withdrawal,501.23,CAD
CA00003436,2025-01-27,BR017,TLR-1702,C500501,cash deposit,1450.35,CAD
CA00004010,2025-01-04,BR020,TLR-8513,C501628,cash deposit,1159.31,USD
CA00000011,2025-01-30,BR001,TLR-5603,C501683,cash deposit,369.92,CAD
CA00004113,2025-01-24,BR021,TLR-7514,C502832,cash deposit,1926.63,CAD
CA00004111,2025-01-05,BR021,TLR-6654,C503656,cash deposit,428.97,CAD
CA00007678,2025-01-03,BR038,TLR-5617,C501229,cash withdrawal,826.2,CAD
CA00003518,2025-01-25,BR018,TLR-7682,C502444,cash deposit,2138.25,CAD
CA00008039,2025-01-09,BR040,TLR-9986,C502496,cash withdrawal,1509.84,CAD
CA00008636,2025-01-12,BR040,TLR-8963,C502706,cash withdrawal,1155.38,CAD
CA00007653,2025-01-08,BR038,TLR-1747,C502143,cash withdrawal,878.29,CAD
CA00007423,2025-01-03,BR037,TLR-6679,C502161,cash withdrawal,1754.8,CAD
CA00002647,2025-01-29,BR014,TLR-9267,C502088,cash withdrawal,2442.12,CAD
CA00007073,2025-01-18,BR036,TLR-4129,C503598,cash withdrawal,813.41,CAD
CA00000155,2025-01-15,BR001,TLR-9417,C502432,cash deposit,685.57,CAD
CA00003928,2025-01-19,BR020,TLR-3173,C502661,cash withdrawal,1627.06,USD
CA00003931,2025-01-22,BR020,TLR-9698,C503392,cash withdrawal,1106.87,USD
CA00006305,2025-01-28,BR032,TLR-8694,C502480,cash withdrawal,5041.19,CAD
CA00005599,2025-01-17,BR029,TLR-5655,C501327,cash withdrawal,514.9,CAD
CA00000768,2025-01-01,BR004,TLR-7266,C502587,cash withdrawal,487.79,CAD
CA00004658,2025-01-30,BR024,TLR-2771,C502432,cash withdrawal,680.75,CAD
CA00005878,2025-01-23,BR030,TLR-4687,C502010,cash withdrawal,3903.69,CAD
CA00004356,2025-01-27,BR023,TLR-8632,C503024,cash deposit,540.2,CAD
CA00008266,2025-01-25,BR040,TLR-5478,C503650,cash deposit,2422.31,CAD
CA00003528,2025-01-04,BR018,TLR-4823,C500869,cash withdrawal,1446.9,CAD
CA00008612,2025-01-01,BR040,TLR-7041,C502573,cash deposit,1381.99,CAD
CA00007290,2025-01-08,BR036,TLR-9567,C501191,cash withdrawal,4183.91,CAD
CA00005804,2025-01-05,BR030,TLR-7042,C503397,cash withdrawal,1582.59,CAD
CA00002103,2025-01-18,BR011,TLR-1562,C502974,cash withdrawal,1361.29,CAD
CA00001630,2025-01-03,BR008,TLR-1623,C501405,cash withdrawal,811.65,CAD
CA00004768,2025-01-20,BR025,TLR-5211,C500189,cash deposit,526.55,CAD
CA00001169,2025-01-02,BR006,TLR-2942,C500663,cash deposit,1165.68,CAD
CA00002002,2025-01-10,BR010,TLR-2580,C502607,cash deposit,2138.64,CAD
CA00003304,2025-01-27,BR017,TLR-4498,C503522,cash withdrawal,599.28,CAD
CA00006967,2025-01-15,BR035,TLR-9021,C502199,cash deposit,1303.73,CAD
CA00003288,2025-01-05,BR017,TLR-5539,C503563,cash deposit,615.18,CAD
CA00000255,2025-01-20,BR001,TLR-7590,C502365,cash deposit,580.28,CAD
CA00006505,2025-01-12,BR033,TLR-8984,C503219,cash withdrawal,2032.5,CAD
CA00007514,2025-01-03,BR037,TLR-3170,C502306,cash deposit,646.34,CAD
CA00007581,2025-01-29,BR037,TLR-2406,C502132,cash deposit,1202.29,CAD
CA00008310,2025-01-06,BR040,TLR-7228,C500774,cash withdrawal,428.14,CAD
CA00008018,2025-01-09,BR040,TLR-7154,C503762,cash withdrawal,1708.05,CAD
CA00007709,2025-01-19,BR038,TLR-1285,C500896,cash deposit,3073.73,CAD
CA00004873,2025-01-19,BR025,TLR-2126,C503130,cash deposit,1348.44,CAD
CA00003258,2025-01-13,BR017,TLR-9413,C501313,cash withdrawal,1155.33,CAD
CA00000119,2025-01-10,BR001,TLR-6633,C500666,cash deposit,390.53,CAD
CA00001954,2025-01-23,BR010,TLR-7897,C503435,cash deposit,1135.41,CAD
CA00001879,2025-01-09,BR009,TLR-6586,C502803,cash withdrawal,1441.5,CAD
CA00000886,2025-01-12,BR004,TLR-1632,C502710,cash withdrawal,622.53,CAD
CA00007123,2025-01-11,BR036,TLR-7810,C500841,cash withdrawal,515.15,CAD
CA00001027,2025-01-12,BR005,TLR-3823,C502821,cash withdrawal,2144.07,CAD
CA00006539,2025-01-30,BR033,TLR-8467,C501066,cash deposit,456.13,CAD
CA00001441,2025-01-05,BR007,TLR-4941,C500513,cash deposit,1032.52,CAD
CA00002253,2025-01-10,BR012,TLR-7255,C500180,cash withdrawal,693.9,CAD
CA00003387,2025-01-17,BR017,TLR-6128,C501895,cash withdrawal,598.23,CAD
CA00005480,2025-01-12,BR028,TLR-9141,C502668,cash deposit,727.88,CAD
CA00008655,2025-01-20,BR040,TLR-6189,C501447,cash withdrawal,393.85,CAD
CA00001793,2025-01-14,BR009,TLR-2451,C502664,cash withdrawal,917.91,CAD
CA00008681,2025-01-06,BR040,TLR-4382,C501740,cash withdrawal,427.1,CAD
CA00005024,2025-01-18,BR026,TLR-4903,C503374,cash withdrawal,-527.29,CAD
CA00006742,2025-01-08,BR034,TLR-9020,C503629,cash deposit,1899.84,CAD
CA00004393,2025-01-24,BR023,TLR-1129,C500963,cash withdrawal,350.29,CAD
CA00004678,2025-01-24,BR024,TLR-9173,C503402,cash withdrawal,440.14,CAD
CA00004795,2025-01-15,BR025,TLR-7981,C500009,cash deposit,1003.97,CAD
CA00004827,2025-01-26,BR025,TLR-7035,C501210,cash withdrawal,-939.15,CAD
CA00001542,2025-01-22,BR007,TLR-8897,C501609,cash deposit,824.12,CAD
CA00004736,2025-01-18,BR024,TLR-7939,C502444,cash deposit,1245.72,CAD
CA00005090,2025-01-27,BR026,TLR-5231,C503726,cash withdrawal,-1696.21,CAD
CA00005055,2025-01-08,BR026,TLR-7713,C501194,cash deposit,844.35,CAD
CA00000517,2025-01-17,BR002,TLR-4121,C501284,cash deposit,1150.73,CAD
CA00000317,2025-01-26,BR001,TLR-1975,C502756,cash withdrawal,855.28,CAD
CA00001488,2025-01-18,BR007,TLR-7155,C502558,cash deposit,1927.16,CAD
CA00001979,2025-01-28,BR010,TLR-6457,C503276,cash deposit,2504.68,CAD
CA00007599,2025-01-16,BR038,TLR-8182,C503067,cash deposit,2148.71,CAD
CA00008501,2025-01-20,BR040,TLR-1136,C500990,cash deposit,614.53,CAD
CA00002547,2025-01-19,BR014,TLR-6080,C503917,cash withdrawal,757.1,CAD
CA00001841,2025-01-27,BR009,TLR-1663,C503501,cash withdrawal,2409.86,CAD
CA00005431,2025-01-15,BR028,TLR-9666,C502874,cash withdrawal,471.9,CAD
CA00005673,2025-01-06,BR029,TLR-1604,C503798,cash deposit,1268.23,CAD
CA00000666,2025-01-08,BR003,TLR-3479,C503860,cash deposit,7298.75,CAD
CA00005277,2025-01-24,BR027,TLR-1543,C502002,cash deposit,963.2,CAD
CA00001183,2025-01-20,BR006,TLR-9439,C501152,cash withdrawal,2405.23,CAD
CA00000476,2025-01-15,BR002,TLR-1172,C503295,cash deposit,1071.15,CAD
CA00005078,2025-01-09,BR026,TLR-5451,C501949,cash deposit,1263.73,CAD
CA00000917,2025-01-29,BR004,TLR-4962,C503645,cash deposit,772.57,CAD
CA00006185,2025-01-08,BR031,TLR-8692,C502276,cash withdrawal,512.19,CAD
CA00003602,2025-01-15,BR019,TLR-8432,C502844,cash deposit,721.7,CAD
CA00003708,2025-01-06,BR019,TLR-3671,C500466,cash deposit,530.85,CAD
CA00001177,2025-01-04,BR006,TLR-2177,C502964,cash deposit,542.33,CAD
CA00000105,2025-01-10,BR001,TLR-6278,C502142,cash deposit,866.37,CAD
CA00007684,2025-01-06,BR038,TLR-9461,C501018,cash withdrawal,2774.78,CAD
CA00006360,2025-01-11,BR032,TLR-1305,C500324,cash withdrawal,540.38,CAD
CA00002538,2025-01-30,BR014,TLR-2956,C502013,cash deposit,1319.21,CAD
CA00005260,2025-01-01,BR027,TLR-1295,C503355,cash withdrawal,1779.03,CAD
CA00003954,2025-01-25,BR020,TLR-3623,C502771,cash withdrawal,369.78,USD
CA00003660,2025-01-12,BR019,TLR-7639,C503627,cash withdrawal,1147.0,CAD
CA00003484,2025-01-21,BR018,TLR-9564,C501199,cash deposit,1441.37,CAD
CA00002252,2025-01-24,BR012,TLR-6848,C503065,cash withdrawal,1813.98,CAD
CA00002345,2025-01-23,BR012,TLR-7906,C501848,cash deposit,1453.23,CAD
CA00005220,2025-01-27,BR026,TLR-1835,C503169,cash deposit,1012.52,CAD
CA00002968,2025-01-06,BR015,TLR-8296,C501365,cash deposit,993.92,CAD
CA00001087,2025-01-30,BR005,TLR-9572,C503998,cash deposit,441.17,CAD
CA00003949,2025-01-06,BR020,TLR-2502,C500034,cash withdrawal,581.86,USD
CA00004685,2025-01-21,BR024,TLR-3834,C501409,cash withdrawal,161.35,CAD
CA00007673,2025-01-18,BR038,TLR-8076,C502193,cash deposit,1489.18,CAD
CA00007385,2025-01-17,BR037,TLR-7717,C501243,cash deposit,929.72,CAD
CA00001829,2025-01-16,BR009,TLR-1677,C501838,cash withdrawal,1193.27,CAD
CA00001442,2025-01-16,BR007,TLR-9027,C503737,cash withdrawal,1063.4,CAD
CA00002460,2025-01-29,BR013,TLR-4464,C500268,cash withdrawal,877.52,CAD
CA00004220,2025-01-21,BR021,TLR-2430,C501363,cash deposit,644.2,CAD
CA00002122,2025-01-04,BR011,TLR-5175,C501432,cash deposit,1106.07,CAD
CA00008385,2025-01-15,BR040,TLR-9281,C502267,cash withdrawal,1164.03,CAD
CA00004464,2025-01-01,BR024,TLR-3026,C501391,cash deposit,948.68,CAD
CA00000060,2025-01-07,BR001,TLR-4251,C500718,cash withdrawal,1405.6,CAD
CA00008059,2025-01-19,BR040,TLR-1929,C503948,cash deposit,869.22,CAD
CA00004998,2025-01-03,BR026,TLR-5953,C500262,cash withdrawal,-655.83,CAD
CA00003929,2025-01-27,BR020,TLR-6813,C502596,cash withdrawal,2036.47,USD
CA00001539,2025-01-17,BR007,TLR-2531,C503638,cash withdrawal,907.83,CAD
CA00000838,2025-01-15,BR004,TLR-1964,C503267,cash deposit,3932.41,CAD
CA00000379,2025-01-01,BR002,TLR-2923,C500993,cash deposit,1763.28,CAD
CA00000539,2025-01-11,BR002,TLR-7352,C500123,cash deposit,1081.7,CAD
CA00002189,2025-01-07,BR012,TLR-7991,C502160,cash withdrawal,669.67,CAD
CA00004965,2025-01-23,BR025,TLR-2055,C501728,cash withdrawal,-899.09,CAD
CA00006763,2025-01-26,BR034,TLR-9315,C502559,cash withdrawal,257.9,CAD
CA00000538,2025-01-01,BR002,TLR-7671,C500199,cash deposit,1510.71,CAD
CA00001426,2025-01-28,BR007,TLR-8108,C500991,cash withdrawal,1632.16,CAD
CA00006094,2025-01-04,BR031,TLR-5200,C500071,cash withdrawal,293.12,CAD
CA00003738,2025-01-27,BR019,TLR-8998,C503317,cash deposit,814.42,CAD
CA00005073,2025-01-14,BR026,TLR-7713,C501031,cash deposit,733.26,CAD
CA00005759,2025-01-10,BR030,TLR-4584,C501345,cash withdrawal,1092.2,CAD
CA00004042,2025-01-15,BR020,TLR-9403,C500962,cash withdrawal,645.51,USD
CA00000508,2025-01-05,BR002,TLR-5271,C501124,cash deposit,1536.04,CAD
CA00005067,2025-01-02,BR026,TLR-7214,C502237,cash withdrawal,-1223.59,CAD
CA00007830,2025-01-06,BR039,TLR-8453,C503172,cash withdrawal,388.6,CAD
CA00002817,2025-01-12,BR015,TLR-1770,C502858,cash withdrawal,538.78,CAD
CA00006525,2025-01-02,BR033,TLR-7664,C501546,cash withdrawal,1771.44,CAD
CA00005142,2025-01-07,BR026,TLR-4254,C500970,cash withdrawal,-269.8,CAD
CA00006784,2025-01-20,BR035,TLR-8080,C501854,cash withdrawal,1566.43,CAD
CA00008289,2025-01-04,BR040,TLR-4881,C501940,cash deposit,2098.43,CAD
CA00001778,2025-01-25,BR008,TLR-2835,C501587,cash withdrawal,424.51,CAD
CA00007261,2025-01-30,BR036,TLR-3918,C501549,cash deposit,3796.08,CAD
CA00001234,2025-01-13,BR006,TLR-5011,C503881,cash withdrawal,1011.54,CAD
CA00001629,2025-01-12,BR008,TLR-9520,C501132,cash withdrawal,2224.06,CAD
CA00003147,2025-01-23,BR016,TLR-1645,C503252,cash withdrawal,696.6,CAD
CA00007779,2025-01-25,BR039,TLR-9853,C500869,cash deposit,1282.5,CAD
CA00001732,2025-01-20,BR008,TLR-8279,C502086,cash withdrawal,2090.3,CAD
CA00000974,2025-01-12,BR004,TLR-6980,C501956,cash withdrawal,385.79,CAD
CA00000727,2025-01-05,BR003,TLR-7120,C503803,cash deposit,559.08,CAD
CA00005776,2025-01-03,BR030,TLR-6754,C503640,cash deposit,638.11,CAD
CA00008141,2025-01-01,BR040,TLR-6865,C501037,cash deposit,1503.48,CAD
CA00004381,2025-01-06,BR023,TLR-8647,C503141,cash withdrawal,684.91,CAD
CA00003051,2025-01-27,BR016,TLR-1119,C502986,cash deposit,530.55,CAD
CA00003507,2025-01-07,BR018,TLR-7066,C500362,cash deposit,914.75,CAD
CA00000740,2025-01-22,BR003,TLR-2163,C501032,cash withdrawal,832.26,CAD
CA00003722,2025-01-30,BR019,TLR-1403,C501763,cash withdrawal,729.97,CAD
CA00005407,2025-01-07,BR027,TLR-5940,C502432,cash deposit,856.21,CAD
CA00004926,2025-01-22,BR025,TLR-8063,C501421,cash withdrawal,-1981.81,CAD
CA00008676,2025-01-26,BR040,TLR-7943,C502602,cash withdrawal,866.76,CAD
CA00001787,2025-01-02,BR008,TLR-5893,C500004,cash deposit,778.86,CAD
CA00003190,2025-01-25,BR016,TLR-8144,C502762,cash withdrawal,545.15,CAD
CA00007783,2025-01-03,BR039,TLR-7454,C503305,cash deposit,982.28,CAD
CA00007874,2025-01-14,BR039,TLR-1805,C501062,cash withdrawal,1153.5,CAD
CA00001614,2025-01-08,BR008,TLR-5403,C503264,cash deposit,1070.95,CAD
CA00001414,2025-01-19,BR007,TLR-5857,C500845,cash deposit,345.22,CAD
CA00003911,2025-01-05,BR020,TLR-7781,C501715,cash deposit,589.29,USD
CA00000671,2025-01-28,BR003,TLR-3399,C502291,cash deposit,638.31,CAD
CA00004578,2025-01-08,BR024,TLR-6097,C500284,cash deposit,1547.61,CAD
CA00007019,2025-01-11,BR036,TLR-7169,C500581,cash withdrawal,1269.08,CAD
CA00003462,2025-01-11,BR018,TLR-2940,C501776,cash withdrawal,832.03,CAD
CA00004144,2025-01-20,BR021,TLR-5720,C500140,cash deposit,2059.65,CAD
CA00008161,2025-01-30,BR040,TLR-3617,C500760,cash deposit,2813.14,CAD
CA00002681,2025-01-12,BR014,TLR-5613,C501299,cash deposit,1457.46,CAD
CA00001922,2025-01-15,BR009,TLR-9414,C501126,cash withdrawal,1348.76,CAD
CA00004270,2025-01-25,BR022,TLR-7510,C502474,cash deposit,2500.34,CAD
CA00000489,2025-01-29,BR002,TLR-7826,C501349,cash withdrawal,-994.61,CAD
CA00000021,2025-01-25,BR001,TLR-9511,C503245,cash deposit,1204.83,CAD
CA00004528,2025-01-22,BR024,TLR-4408,C502785,cash deposit,480.98,CAD
CA00003678,2025-01-11,BR019,TLR-1119,C500974,cash deposit,1351.82,CAD
CA00006118,2025-01-02,BR031,TLR-7255,C502089,cash deposit,628.63,CAD
CA00002221,2025-01-02,BR012,TLR-6131,C502746,cash withdrawal,405.3,CAD
CA00002372,2025-01-22,BR012,TLR-2572,C501401,cash withdrawal,293.41,CAD
CA00002736,2025-01-08,BR015,TLR-4175,C501412,cash deposit,1586.69,CAD
CA00007699,2025-01-15,BR038,TLR-2686,C503765,cash deposit,326.43,CAD
CA00001779,2025-01-24,BR008,TLR-9418,C502180,cash withdrawal,1513.18,CAD
CA00006254,2025-01-08,BR031,TLR-5251,C501406,cash withdrawal,1920.16,CAD
CA00004257,2025-01-14,BR022,TLR-1847,C502799,cash withdrawal,829.64,CAD
CA00004808,2025-01-07,BR025,TLR-9986,C500363,cash deposit,304.11,CAD
CA00006501,2025-01-17,BR033,TLR-4833,C502034,cash withdrawal,435.93,CAD
CA00005495,2025-01-31,BR028,TLR-3396,C502616,cash deposit,1810.88,CAD
CA00007945,2025-01-05,BR039,TLR-9459,C503221,cash withdrawal,970.67,CAD
CA00001319,2025-01-12,BR006,TLR-1140,C502986,cash withdrawal,410.72,CAD
CA00000983,2025-01-13,BR004,TLR-8474,C500436,cash deposit,1470.06,CAD
CA00001612,2025-01-15,BR008,TLR-2113,C500958,cash deposit,1053.3,CAD
CA00005232,2025-01-25,BR026,TLR-8873,C502924,cash withdrawal,-479.59,CAD
CA00000230,2025-01-22,BR001,TLR-1729,C503777,cash deposit,3078.59,CAD
CA00004532,2025-01-24,BR024,TLR-6814,C500681,cash withdrawal,1769.61,CAD
CA00006502,2025-01-31,BR033,TLR-9436,C501381,cash deposit,778.75,CAD
CA00003904,2025-01-27,BR020,TLR-7912,C500712,cash deposit,508.18,USD
CA00007710,2025-01-26,BR038,TLR-2781,C503740,cash withdrawal,668.81,CAD
CA00005063,2025-01-14,BR026,TLR-5717,C501733,cash withdrawal,-956.5,CAD
CA00008471,2025-01-31,BR040,TLR-2650,C500177,cash deposit,496.02,CAD
CA00005746,2025-01-31,BR030,TLR-9670,C500617,cash deposit,388.57,CAD
CA00000300,2025-01-19,BR001,TLR-6998,C503459,cash deposit,1820.15,CAD
CA00001786,2025-01-19,BR008,TLR-5691,C501179,cash withdrawal,1853.94,CAD
CA00005981,2025-01-01,BR030,TLR-9069,C500482,cash deposit,1439.96,CAD
CA00007814,2025-01-22,BR039,TLR-1995,C502606,cash deposit,164.04,CAD
CA00006777,2025-01-12,BR035,TLR-6103,C501299,cash deposit,877.47,CAD
CA00000639,2025-01-02,BR003,TLR-3217,C501265,cash deposit,413.09,CAD
CA00000621,2025-01-27,BR003,TLR-5093,C500065,cash withdrawal,1317.79,CAD
CA00003912,2025-01-15,BR020,TLR-6397,C503396,cash deposit,710.26,USD
CA00007769,2025-01-21,BR038,TLR-4704,C502463,cash withdrawal,970.05,CAD
CA00000829,2025-01-21,BR004,TLR-5274,C503199,cash deposit,578.35,CAD
CA00005280,2025-01-04,BR027,TLR-5669,C503334,cash deposit,815.96,CAD
CA00008214,2025-01-17,BR040,TLR-2641,C500207,cash withdrawal,409.85,CAD
CA00001228,2025-01-22,BR006,TLR-6890,C501617,cash deposit,248.58,CAD
CA00007134,2025-01-17,BR036,TLR-3687,C500333,cash deposit,817.23,CAD
CA00002606,2025-01-30,BR014,TLR-4248,C500089,cash withdrawal,386.31,CAD
CA00002870,2025-01-23,BR015,TLR-5409,C502919,cash deposit,1384.47,CAD
CA00005390,2025-01-11,BR027,TLR-6775,C503738,cash withdrawal,2691.71,CAD
CA00003160,2025-01-24,BR016,TLR-7877,C502789,cash deposit,1949.92,CAD
CA00002630,2025-01-19,BR014,TLR-8843,C502425,cash deposit,897.05,CAD
CA00006396,2025-01-24,BR032,TLR-3710,C501344,cash withdrawal,637.27,CAD
CA00008250,2025-01-07,BR040,TLR-4142,C501918,cash withdrawal,1162.3,CAD
CA00001327,2025-01-06,BR006,TLR-5346,C502394,cash withdrawal,961.47,CAD
CA00005174,2025-01-18,BR026,TLR-2713,C500589,cash withdrawal,-1365.2,CAD
CA00000641,2025-01-31,BR003,TLR-3301,C502462,cash withdrawal,1062.25,CAD
CA00006264,2025-01-10,BR031,TLR-8338,C503960,cash withdrawal,1197.98,CAD
CA00000311,2025-01-02,BR001,TLR-6194,C500955,cash deposit,500.54,CAD
CA00003002,2025-01-10,BR015,TLR-7863,C500383,cash deposit,683.15,CAD
CA00006161,2025-01-06,BR031,TLR-3075,C502623,cash withdrawal,1024.27,CAD
CA00002230,2025-01-12,BR012,TLR-9321,C500462,cash withdrawal,1290.65,CAD
CA00004631,2025-01-07,BR024,TLR-7443,C503212,cash withdrawal,1746.83,CAD
CA00004544,2025-01-12,BR024,TLR-5252,C500501,cash deposit,677.92,CAD
CA00004077,2025-01-11,BR021,TLR-5450,C502779,cash deposit,1047.11,CAD
CA00001427,2025-01-04,BR007,TLR-1156,C501281,cash deposit,680.18,CAD
CA00006541,2025-01-28,BR033,TLR-1878,C503532,cash deposit,1254.77,CAD
CA00006592,2025-01-19,BR033,TLR-4646,C503995,cash withdrawal,1035.41,CAD
CA00001688,2025-01-17,BR008,TLR-5021,C500789,cash withdrawal,283.26,CAD
CA00004989,2025-01-01,BR025,TLR-2325,C502500,cash withdrawal,-10403.91,CAD
CA00007085,2025-01-10,BR036,TLR-2082,C501688,cash deposit,864.86,CAD
CA00007501,2025-01-24,BR037,TLR-6749,C502427,cash withdrawal,353.68,CAD
CA00006791,2025-01-10,BR035,TLR-9513,C500752,cash deposit,803.6,CAD
CA00003894,2025-01-10,BR020,TLR-1965,C502361,cash withdrawal,1161.85,USD
CA00002878,2025-01-04,BR015,TLR-9582,C500539,cash withdrawal,759.27,CAD
CA00000054,2025-01-08,BR001,TLR-9462,C502874,cash deposit,304.09,CAD
CA00005968,2025-01-19,BR030,TLR-4301,C503696,cash deposit,1221.83,CAD
CA00004964,2025-01-27,BR025,TLR-9541,C500672,cash withdrawal,-670.67,CAD
CA00005773,2025-01-29,BR030,TLR-5541,C500288,cash deposit,458.71,CAD
CA00005401,2025-01-15,BR027,TLR-8815,C503872,cash deposit,1069.17,CAD
CA00006183,2025-01-18,BR031,TLR-4943,C500934,cash deposit,944.16,CAD
CA00008553,2025-01-17,BR040,TLR-5158,C503190,cash withdrawal,690.6,CAD
CA00003257,2025-01-17,BR017,TLR-9001,C503280,cash withdrawal,933.59,CAD
CA00002877,2025-01-18,BR015,TLR-9872,C501813,cash deposit,1234.83,CAD
CA00001150,2025-01-24,BR006,TLR-7643,C503055,cash deposit,1076.31,CAD
CA00008346,2025-01-09,BR040,TLR-9063,C501513,cash deposit,964.7,CAD
CA00004599,2025-01-12,BR024,TLR-1867,C503849,cash withdrawal,1702.99,CAD
CA00001342,2025-01-04,BR006,TLR-1498,C501393,cash deposit,1556.29,CAD
CA00000228,2025-01-25,BR001,TLR-7282,C503536,cash withdrawal,565.76,CAD
CA00000050,2025-01-03,BR001,TLR-6067,C502614,cash withdrawal,770.63,CAD
CA00002240,2025-01-09,BR012,TLR-6603,C503515,cash deposit,339.69,CAD
CA00000645,2025-01-11,BR003,TLR-4975,C502497,cash withdrawal,1002.56,CAD
CA00005983,2025-01-05,BR030,TLR-9193,C503585,cash deposit,1106.09,CAD
CA00007161,2025-01-26,BR036,TLR-5263,C503341,cash deposit,1011.05,CAD
CA00000694,2025-01-28,BR003,TLR-8181,C503864,cash deposit,995.36,CAD
CA00006279,2025-01-15,BR032,TLR-2891,C500365,cash deposit,364.07,CAD
CA00005459,2025-01-15,BR028,TLR-7301,C501748,cash deposit,1124.66,CAD
CA00001113,2025-01-26,BR006,TLR-1620,C502489,cash deposit,796.94,CAD
CA00005247,2025-01-26,BR026,TLR-2107,C503687,cash deposit,1481.98,CAD
CA00000914,2025-01-20,BR004,TLR-6569,C502535,cash withdrawal,806.17,CAD
CA00001689,2025-01-12,BR008,TLR-1375,C501682,cash deposit,1882.69,CAD
CA00005620,2025-01-16,BR029,TLR-3908,C500828,cash withdrawal,1384.69,CAD
CA00002293,2025-01-09,BR012,TLR-6209,C503627,cash withdrawal,363.24,CAD
CA00004185,2025-01-02,BR021,TLR-8107,C500918,cash withdrawal,1653.64,CAD
CA00001560,2025-01-21,BR007,TLR-7291,C501917,cash deposit,587.33,CAD
CA00001580,2025-01-02,BR008,TLR-8709,C501536,cash withdrawal,591.92,CAD
CA00005438,2025-01-21,BR028,TLR-3013,C501191,cash deposit,2349.02,CAD
CA00002355,2025-01-18,BR012,TLR-3788,C502767,cash withdrawal,201.41,CAD
CA00003083,2025-01-26,BR016,TLR-7750,C500831,cash withdrawal,634.74,CAD
CA00007395,2025-01-06,BR037,TLR-5871,C502822,cash deposit,405.04,CAD
CA00004480,2025-01-03,BR024,TLR-9989,C501917,cash deposit,527.67,CAD
CA00003447,2025-01-30,BR017,TLR-7611,C503116,cash withdrawal,1142.79,CAD
CA00001267,2025-01-10,BR006,TLR-4898,C500478,cash withdrawal,430.02,CAD
CA00001986,2025-01-04,BR010,TLR-5591,C503906,cash withdrawal,4403.19,CAD
CA00007898,2025-01-21,BR039,TLR-8110,C501129,cash withdrawal,1104.38,CAD
CA00001994,2025-01-26,BR010,TLR-2309,C503454,cash deposit,755.36,CAD
CA00001403,2025-01-08,BR007,TLR-5561,C501559,cash deposit,1181.1,CAD
CA00002902,2025-01-18,BR015,TLR-6895,C500592,cash deposit,739.78,CAD
CA00005790,2025-01-09,BR030,TLR-5561,C502751,cash withdrawal,1111.02,CAD
CA00002041,2025-01-11,BR010,TLR-4664,C503883,cash deposit,470.01,CAD
CA00004785,2025-01-04,BR025,TLR-9080,C503782,cash withdrawal,-1824.21,CAD
CA00008156,2025-01-26,BR040,TLR-7841,C502949,cash withdrawal,1337.74,CAD
CA00003648,2025-01-23,BR019,TLR-8706,C500634,cash deposit,582.76,CAD
CA00002001,2025-01-02,BR010,TLR-3051,C502737,cash deposit,1816.41,CAD
CA00008672,2025-01-28,BR040,TLR-7619,C503054,cash withdrawal,2648.68,CAD
CA00000608,2025-01-12,BR003,TLR-5590,C502513,cash withdrawal,1036.62,CAD
CA00003947,2025-01-04,BR020,TLR-9733,C502430,cash withdrawal,526.2,USD
CA00005842,2025-01-22,BR030,TLR-1305,C501514,cash deposit,1398.55,CAD
CA00008154,2025-01-16,BR040,TLR-2192,C503077,cash withdrawal,1256.51,CAD
CA00008500,2025-01-16,BR040,TLR-1902,C500463,cash deposit,624.68,CAD
CA00001803,2025-01-24,BR009,TLR-1922,C502504,cash deposit,763.02,CAD
CA00005288,2025-01-07,BR027,TLR-1708,C500032,cash withdrawal,802.2,CAD
CA00003748,2025-01-23,BR019,TLR-7850,C503910,cash deposit,219.35,CAD
CA00003132,2025-01-23,BR016,TLR-9165,C501800,cash deposit,975.62,CAD
CA00001882,2025-01-26,BR009,TLR-2742,C502534,cash deposit,1484.05,CAD
CA00002574,2025-01-21,BR014,TLR-9535,C503582,cash deposit,1828.87,CAD
CA00006566,2025-01-20,BR033,TLR-2295,C502903,cash withdrawal,1345.68,CAD
CA00004673,2025-01-26,BR024,TLR-3126,C500647,cash withdrawal,164.87,CAD
CA00003322,2025-01-20,BR017,TLR-9294,C501274,cash deposit,984.81,CAD
CA00003687,2025-01-04,BR019,TLR-8896,C500760,cash deposit,1590.06,CAD
CA00008035,2025-01-28,BR040,TLR-8068,C501015,cash withdrawal,2421.65,CAD
CA00002919,2025-01-05,BR015,TLR-6962,C500601,cash withdrawal,1605.43,CAD
CA00002229,2025-01-05,BR012,TLR-6310,C501727,cash withdrawal,816.35,CAD
CA00007832,2025-01-24,BR039,TLR-5825,C503148,cash deposit,3634.28,CAD
CA00007363,2025-01-27,BR037,TLR-8169,C501209,cash withdrawal,547.73,CAD
CA00003743,2025-01-25,BR019,TLR-5700,C501722,cash withdrawal,2760.23,CAD
CA00004746,2025-01-06,BR024,TLR-2212,C501512,cash deposit,1041.81,CAD
CA00000419,2025-01-01,BR002,TLR-4674,C501565,cash withdrawal,-1607.48,CAD
CA00008351,2025-01-14,BR040,TLR-2443,C503416,cash withdrawal,531.3,CAD
CA00006470,2025-01-11,BR033,TLR-9027,C503819,cash withdrawal,1159.04,CAD
CA00007722,2025-01-01,BR038,TLR-9659,C500685,cash withdrawal,150.52,CAD
CA00000594,2025-01-09,BR003,TLR-9586,C503814,cash deposit,1131.97,CAD
CA00008213,2025-01-16,BR040,TLR-2990,C503575,cash deposit,411.7,CAD
CA00004789,2025-01-19,BR025,TLR-2161,C502160,cash deposit,1538.02,CAD
CA00005337,2025-01-16,BR027,TLR-8617,C503900,cash deposit,165.79,CAD
CA00002363,2025-01-02,BR012,TLR-9404,C502905,cash withdrawal,1729.75,CAD
CA00002645,2025-01-18,BR014,TLR-3137,C500448,cash withdrawal,1895.55,CAD
CA00001127,2025-01-30,BR006,TLR-2603,C503132,cash deposit,1104.11,CAD
CA00000803,2025-01-29,BR004,TLR-3993,C503613,cash deposit,1842.69,CAD
CA00008479,2025-01-20,BR040,TLR-6896,C501951,cash deposit,758.68,CAD
CA00007890,2025-01-15,BR039,TLR-3248,C502163,cash deposit,3262.2,CAD
CA00004468,2025-01-13,BR024,TLR-7808,C501275,cash withdrawal,1643.43,CAD
CA00005833,2025-01-15,BR030,TLR-6444,C501923,cash deposit,881.93,CAD
CA00005227,2025-01-05,BR026,TLR-2834,C500719,cash deposit,576.91,CAD
CA00004075,2025-01-24,BR020,TLR-3366,C502808,cash deposit,675.19,USD
CA00003614,2025-01-11,BR019,TLR-8923,C501804,cash deposit,1336.66,CAD
CA00002206,2025-01-21,BR012,TLR-3118,C500194,cash withdrawal,877.98,CAD
CA00000253,2025-01-29,BR001,TLR-9847,C501375,cash withdrawal,584.84,CAD
CA00006679,2025-01-25,BR034,TLR-5151,C500515,cash withdrawal,486.78,CAD
CA00008145,2025-01-24,BR040,TLR-8986,C500974,cash withdrawal,1455.46,CAD
CA00005327,2025-01-20,BR027,TLR-6958,C503099,cash withdrawal,1094.72,CAD
CA00006416,2025-01-06,BR032,TLR-3601,C500291,cash withdrawal,977.53,CAD
CA00004522,2025-01-31,BR024,TLR-2671,C500627,cash withdrawal,764.11,CAD
CA00002232,2025-01-10,BR012,TLR-5642,C502298,cash withdrawal,187.04,CAD
CA00007846,2025-01-28,BR039,TLR-8146,C503459,cash deposit,584.3,CAD
CA00008256,2025-01-10,BR040,TLR-1521,C501677,cash withdrawal,2587.03,CAD
CA00003637,2025-01-29,BR019,TLR-6736,C501255,cash deposit,235.09,CAD
CA00001962,2025-01-07,BR010,TLR-8045,C501170,cash withdrawal,2541.05,CAD
CA00001312,2025-01-17,BR006,TLR-2433,C500316,cash withdrawal,784.98,CAD
CA00007960,2025-01-02,BR039,TLR-7595,C501783,cash deposit,3222.46,CAD
CA00006486,2025-01-31,BR033,TLR-9058,C501248,cash deposit,517.96,CAD
CA00007298,2025-01-17,BR036,TLR-9529,C503799,cash deposit,1935.3,CAD
CA00004330,2025-01-27,BR023,TLR-3716,C502456,cash deposit,812.35,CAD
CA00001727,2025-01-04,BR008,TLR-9669,C500424,cash deposit,809.9,CAD
CA00005570,2025-01-15,BR029,TLR-4016,C500190,cash withdrawal,1393.3,CAD
CA00006955,2025-01-02,BR035,TLR-5605,C503861,cash withdrawal,461.04,CAD
CA00007401,2025-01-14,BR037,TLR-1161,C501215,cash deposit,176.08,CAD
CA00000800,2025-01-25,BR004,TLR-1510,C502631,cash withdrawal,1226.03,CAD
CA00002005,2025-01-26,BR010,TLR-1939,C500505,cash withdrawal,1322.47,CAD
CA00006374,2025-01-05,BR032,TLR-2679,C503645,cash withdrawal,236.07,CAD
CA00008687,2025-01-30,BR040,TLR-7323,C503654,cash deposit,392.77,CAD
CA00000717,2025-01-22,BR003,TLR-9211,C502856,cash withdrawal,2478.56,CAD
CA00006339,2025-01-27,BR032,TLR-6433,C500840,cash deposit,596.81,CAD
CA00000201,2025-01-20,BR001,TLR-2925,C503049,cash withdrawal,1171.49,CAD
CA00004571,2025-01-08,BR024,TLR-1514,C502206,cash deposit,1255.14,CAD
CA00005032,2025-01-25,BR026,TLR-8408,C500324,cash deposit,645.22,CAD
CA00005328,2025-01-02,BR027,TLR-9239,C502037,cash deposit,2611.06,CAD
CA00007907,2025-01-11,BR039,TLR-9951,C501073,cash deposit,880.22,CAD
CA00001013,2025-01-21,BR004,TLR-6649,C502004,cash deposit,759.98,CAD
CA00003317,2025-01-15,BR017,TLR-6278,C503500,cash deposit,2260.95,CAD
CA00000964,2025-01-22,BR004,TLR-9988,C503933,cash deposit,2707.29,CAD
CA00002818,2025-01-26,BR015,TLR-6131,C503133,cash withdrawal,1137.63,CAD
CA00003197,2025-01-07,BR016,TLR-4291,C503021,cash deposit,716.68,CAD
CA00007122,2025-01-23,BR036,TLR-6224,C500353,cash deposit,991.59,CAD
CA00008065,2025-01-23,BR040,TLR-9174,C503612,cash withdrawal,503.67,CAD
CA00000393,2025-01-05,BR002,TLR-6025,C503587,cash withdrawal,-604.38,CAD
CA00007586,2025-01-04,BR037,TLR-9174,C503682,cash withdrawal,564.62,CAD
CA00003857,2025-01-13,BR019,TLR-5812,C500537,cash withdrawal,596.47,CAD
CA00000733,2025-01-16,BR003,TLR-7548,C503112,cash deposit,1113.76,CAD
CA00000443,2025-01-20,BR002,TLR-7386,C500557,cash deposit,1323.78,CAD
CA00003511,2025-01-04,BR018,TLR-7506,C501130,cash withdrawal,1106.51,CAD
CA00005241,2025-01-29,BR026,TLR-5765,C502209,cash deposit,1464.75,CAD
CA00005301,2025-01-08,BR027,TLR-4320,C502891,cash deposit,755.45,CAD
CA00006448,2025-01-07,BR033,TLR-1207,C501720,cash deposit,756.81,CAD
CA00002868,2025-01-25,BR015,TLR-2653,C501831,cash deposit,1610.3,CAD
CA00002524,2025-01-19,BR014,TLR-8134,C502509,cash withdrawal,690.04,CAD
CA00006824,2025-01-11,BR035,TLR-2783,C502636,cash deposit,425.62,CAD
CA00005499,2025-01-26,BR028,TLR-9061,C502653,cash deposit,1053.7,CAD
CA00008081,2025-01-26,BR040,TLR-5139,C501969,cash withdrawal,4683.89,CAD
CA00004696,2025-01-05,BR024,TLR-1201,C501891,cash deposit,1073.1,CAD
CA00006571,2025-01-03,BR033,TLR-8056,C503628,cash withdrawal,668.61,CAD
CA00001144,2025-01-19,BR006,TLR-7844,C501978,cash deposit,968.59,CAD
CA00002974,2025-01-03,BR015,TLR-6445,C502660,cash deposit,1157.33,CAD
CA00003441,2025-01-26,BR017,TLR-7450,C501180,cash deposit,593.0,CAD
CA00004556,2025-01-14,BR024,TLR-5225,C502965,cash deposit,1467.45,CAD
CA00005128,2025-01-21,BR026,TLR-4797,C500270,cash withdrawal,-2963.01,CAD
CA00005936,2025-01-07,BR030,TLR-8696,C500627,cash withdrawal,1845.91,CAD
CA00007194,2025-01-13,BR036,TLR-5210,C500863,cash deposit,2559.68,CAD
CA00000941,2025-01-17,BR004,TLR-5698,C501469,cash withdrawal,1958.06,CAD
CA00000950,2025-01-02,BR004,TLR-2040,C500332,cash deposit,300.64,CAD
CA00008583,2025-01-01,BR040,TLR-3875,C502465,cash withdrawal,1796.8,CAD
CA00008644,2025-01-28,BR040,TLR-6456,C502622,cash withdrawal,1747.92,CAD
CA00002690,2025-01-20,BR014,TLR-4763,C500435,cash withdrawal,1445.74,CAD
CA00007228,2025-01-11,BR036,TLR-1452,C501223,cash withdrawal,1258.37,CAD
CA00000260,2025-01-08,BR001,TLR-6222,C501590,cash withdrawal,550.35,CAD
CA00007657,2025-01-06,BR038,TLR-3058,C500390,cash withdrawal,540.36,CAD
CA00006905,2025-01-14,BR035,TLR-3729,C502020,cash deposit,1328.23,CAD
CA00005647,2025-01-21,BR029,TLR-6648,C501500,cash withdrawal,918.26,CAD
CA00005111,2025-01-11,BR026,TLR-3148,C503819,cash withdrawal,-926.79,CAD
CA00006605,2025-01-13,BR034,TLR-5828,C500165,cash withdrawal,897.58,CAD
CA00004671,2025-01-06,BR024,TLR-9367,C501895,cash deposit,298.18,CAD
CA00005771,2025-01-14,BR030,TLR-8136,C500359,cash deposit,745.14,CAD
CA00006818,2025-01-31,BR035,TLR-1765,C503603,cash deposit,286.32,CAD
CA00008294,2025-01-29,BR040,TLR-2351,C502321,cash withdrawal,1197.78,CAD
CA00007652,2025-01-17,BR038,TLR-3770,C503311,cash withdrawal,2280.85,CAD
CA00002501,2025-01-24,BR014,TLR-6310,C503061,cash withdrawal,714.11,CAD
CA00007693,2025-01-22,BR038,TLR-6575,C503865,cash withdrawal,3102.05,CAD
CA00002540,2025-01-11,BR014,TLR-1919,C500844,cash withdrawal,1241.7,CAD
CA00003730,2025-01-18,BR019,TLR-5386,C501402,cash deposit,352.35,CAD
CA00001270,2025-01-09,BR006,TLR-5655,C501821,cash withdrawal,1507.45,CAD
CA00004875,2025-01-20,BR025,TLR-7467,C503074,cash deposit,591.88,CAD
CA00000316,2025-01-07,BR001,TLR-8604,C503147,cash withdrawal,579.23,CAD
CA00003988,2025-01-09,BR020,TLR-7543,C502394,cash deposit,187.73,USD
CA00005000,2025-01-13,BR026,TLR-5154,C500054,cash deposit,1185.11,CAD
CA00007021,2025-01-11,BR036,TLR-2379,C500704,cash withdrawal,1207.52,CAD
CA00003234,2025-01-17,BR017,TLR-9804,C502506,cash deposit,430.13,CAD
CA00001721,2025-01-19,BR008,TLR-3812,C503391,cash withdrawal,153.77,CAD
CA00003829,2025-01-18,BR019,TLR-5625,C503131,cash withdrawal,766.16,CAD
CA00008375,2025-01-05,BR040,TLR-1860,C502946,cash withdrawal,1280.94,CAD
CA00004895,2025-01-07,BR025,TLR-9304,C503660,cash withdrawal,-397.87,CAD
CA00005107,2025-01-29,BR026,TLR-8282,C501363,cash deposit,557.21,CAD
CA00003164,2025-01-18,BR016,TLR-3716,C501026,cash deposit,3267.33,CAD
CA00001494,2025-01-27,BR007,TLR-5055,C501434,cash deposit,442.59,CAD
CA00008607,2025-01-11,BR040,TLR-8789,C500093,cash deposit,1032.46,CAD
CA00003001,2025-01-06,BR015,TLR-7881,C503189,cash deposit,5641.15,CAD
CA00005309,2025-01-14,BR027,TLR-6783,C503246,cash deposit,3044.37,CAD
CA00000795,2025-01-10,BR004,TLR-6220,C502673,cash deposit,466.1,CAD
CA00002891,2025-01-12,BR015,TLR-6691,C501576,cash withdrawal,567.81,CAD
CA00002576,2025-01-26,BR014,TLR-6885,C500919,cash deposit,1991.66,CAD
CA00000466,2025-01-06,BR002,TLR-4519,C501613,cash deposit,1567.29,CAD
CA00002374,2025-01-22,BR012,TLR-2995,C501746,cash deposit,1242.35,CAD
CA00007304,2025-01-21,BR037,TLR-9480,C503250,cash withdrawal,1008.68,CAD
CA00005982,2025-01-03,BR030,TLR-5579,C503246,cash deposit,2827.25,CAD
CA00005843,2025-01-05,BR030,TLR-3369,C501929,cash deposit,1458.83,CAD
CA00003736,2025-01-09,BR019,TLR-8263,C501081,cash deposit,2737.83,CAD
CA00001155,2025-01-09,BR006,TLR-8818,C503340,cash withdrawal,850.61,CAD
CA00004249,2025-01-08,BR021,TLR-5632,C503897,cash deposit,252.77,CAD
CA00004265,2025-01-09,BR022,TLR-2821,C500633,cash deposit,1212.78,CAD
CA00001190,2025-01-12,BR006,TLR-7100,C500124,cash deposit,919.48,CAD
CA00006257,2025-01-26,BR031,TLR-3199,C500837,cash withdrawal,1849.55,CAD
CA00007252,2025-01-10,BR036,TLR-3530,C500183,cash withdrawal,432.08,CAD
CA00000968,2025-01-19,BR004,TLR-4589,C503199,cash deposit,1173.94,CAD
CA00000338,2025-01-31,BR002,TLR-7838,C500070,cash deposit,826.2,CAD
CA00006427,2025-01-02,BR032,TLR-6681,C500639,cash withdrawal,281.48,CAD
CA00006239,2025-01-25,BR031,TLR-6019,C502213,cash withdrawal,1865.37,CAD
CA00000584,2025-01-06,BR003,TLR-7368,C502162,cash deposit,1950.25,CAD
CA00003726,2025-01-29,BR019,TLR-7509,C502827,cash withdrawal,852.33,CAD
CA00005332,2025-01-04,BR027,TLR-2507,C502042,cash withdrawal,175.2,CAD
CA00007165,2025-01-09,BR036,TLR-7246,C500274,cash deposit,1130.98,CAD
CA00006134,2025-01-05,BR031,TLR-6252,C500949,cash withdrawal,748.04,CAD
CA00005905,2025-01-15,BR030,TLR-1152,C503652,cash deposit,1844.17,CAD
CA00004034,2025-01-08,BR020,TLR-8509,C502675,cash deposit,274.82,USD
CA00004129,2025-01-19,BR021,TLR-3273,C500286,cash deposit,662.36,CAD
CA00004051,2025-01-30,BR020,TLR-8683,C502270,cash deposit,1366.77,USD
CA00005131,2025-01-17,BR026,TLR-6483,C500412,cash withdrawal,-1287.23,CAD
CA00007030,2025-01-01,BR036,TLR-6707,C501376,cash withdrawal,5067.82,CAD
CA00002385,2025-01-09,BR012,TLR-7917,C503739,cash withdrawal,468.19,CAD
CA00006297,2025-01-26,BR032,TLR-9945,C502751,cash deposit,476.89,CAD
CA00007425,2025-01-11,BR037,TLR-3707,C503897,cash withdrawal,1091.83,CAD
CA00000650,2025-01-04,BR003,TLR-7795,C501592,cash withdrawal,297.56,CAD
CA00001659,2025-01-25,BR008,TLR-6231,C501693,cash deposit,1856.96,CAD
CA00001672,2025-01-15,BR008,TLR-8638,C501267,cash deposit,1205.37,CAD
CA00000706,2025-01-04,BR003,TLR-9931,C502363,cash withdrawal,962.93,CAD
CA00002084,2025-01-25,BR011,TLR-8848,C502865,cash deposit,424.54,CAD
CA00002886,2025-01-31,BR015,TLR-3201,C503070,cash withdrawal,1310.18,CAD
CA00001134,2025-01-16,BR006,TLR-8456,C503045,cash withdrawal,1508.46,CAD
CA00005606,2025-01-31,BR029,TLR-2472,C500215,cash withdrawal,1741.51,CAD
CA00005343,2025-01-02,BR027,TLR-3942,C502797,cash deposit,647.72,CAD
CA00007624,2025-01-02,BR038,TLR-2412,C503692,cash deposit,1643.13,CAD
CA00000450,2025-01-16,BR002,TLR-6885,C503252,cash deposit,1329.58,CAD
CA00007056,2025-01-24,BR036,TLR-3539,C500839,cash deposit,1467.94,CAD
CA00006146,2025-01-31,BR031,TLR-6707,C503449,cash deposit,1212.44,CAD
CA00003358,2025-01-03,BR017,TLR-5109,C501588,cash withdrawal,596.17,CAD
CA00003711,2025-01-03,BR019,TLR-4298,C502825,cash withdrawal,1862.93,CAD
CA00004375,2025-01-01,BR023,TLR-9617,C500621,cash withdrawal,2133.87,CAD
CA00003874,2025-01-14,BR019,TLR-8446,C503357,cash deposit,118.81,CAD
CA00003899,2025-01-13,BR020,TLR-2549,C501966,cash withdrawal,1407.93,USD
CA00006410,2025-01-18,BR032,TLR-8731,C503517,cash withdrawal,1136.46,CAD
CA00001997,2025-01-27,BR010,TLR-6536,C501927,cash deposit,1681.22,CAD
CA00007447,2025-01-17,BR037,TLR-9719,C500996,cash withdrawal,1031.1,CAD
CA00002120,2025-01-24,BR011,TLR-3294,C501679,cash deposit,299.8,CAD
CA00002515,2025-01-21,BR014,TLR-3355,C502755,cash withdrawal,536.35,CAD
CA00003855,2025-01-11,BR019,TLR-1478,C503709,cash deposit,2673.88,CAD
CA00004142,2025-01-15,BR021,TLR-3055,C502085,cash withdrawal,944.73,CAD
CA00003522,2025-01-29,BR018,TLR-1188,C502157,cash withdrawal,1621.18,CAD
CA00006550,2025-01-14,BR033,TLR-6071,C500239,cash withdrawal,874.36,CAD
CA00001859,2025-01-22,BR009,TLR-6398,C503622,cash deposit,606.08,CAD
CA00004618,2025-01-20,BR024,TLR-4968,C502754,cash deposit,1849.45,CAD
CA00001239,2025-01-22,BR006,TLR-4959,C503451,cash deposit,1851.07,CAD
CA00003572,2025-01-02,BR018,TLR-1269,C500111,cash deposit,802.33,CAD
CA00002486,2025-01-23,BR013,TLR-4113,C503546,cash deposit,502.98,CAD
CA00001299,2025-01-14,BR006,TLR-2811,C503082,cash withdrawal,1169.97,CAD
CA00000976,2025-01-07,BR004,TLR-2820,C501689,cash deposit,2087.24,CAD
CA00004459,2025-01-01,BR024,TLR-6929,C503317,cash deposit,325.28,CAD
CA00006065,2025-01-16,BR031,TLR-7741,C501847,cash withdrawal,2593.47,CAD
CA00003673,2025-01-10,BR019,TLR-9694,C502961,cash deposit,3856.98,CAD
CA00008106,2025-01-21,BR040,TLR-5046,C501039,cash deposit,1137.36,CAD
CA00002954,2025-01-28,BR015,TLR-5948,C500253,cash deposit,2524.49,CAD
CA00001487,2025-01-08,BR007,TLR-3345,C502719,cash deposit,272.78,CAD
CA00001188,2025-01-05,BR006,TLR-4410,C500890,cash deposit,500.3,CAD
CA00008164,2025-01-25,BR040,TLR-9057,C502048,cash deposit,921.55,CAD
CA00000197,2025-01-17,BR001,TLR-1173,C503372,cash deposit,621.01,CAD
CA00000715,2025-01-22,BR003,TLR-6182,C500589,cash withdrawal,2548.46,CAD
CA00001902,2025-01-24,BR009,TLR-9095,C502456,cash deposit,295.63,CAD
CA00002030,2025-01-22,BR010,TLR-1160,C501312,cash deposit,544.18,CAD
CA00007204,2025-01-24,BR036,TLR-1810,C503026,cash deposit,548.48,CAD
CA00001154,2025-01-16,BR006,TLR-7955,C503946,cash deposit,984.8,CAD
CA00005529,2025-01-31,BR028,TLR-5806,C501892,cash withdrawal,1025.64,CAD
CA00002091,2025-01-11,BR011,TLR-1150,C501916,cash withdrawal,1309.47,CAD
CA00001830,2025-01-28,BR009,TLR-3985,C503163,cash withdrawal,454.32,CAD
CA00001808,2025-01-04,BR009,TLR-7253,C502100,cash withdrawal,2284.71,CAD
CA00005472,2025-01-12,BR028,TLR-3359,C500641,cash withdrawal,912.3,CAD
CA00000704,2025-01-21,BR003,TLR-8204,C502071,cash deposit,639.24,CAD
CA00001005,2025-01-17,BR004,TLR-8281,C501783,cash withdrawal,386.98,CAD
CA00008373,2025-01-04,BR040,TLR-3780,C503257,cash withdrawal,503.88,CAD
CA00007759,2025-01-10,BR038,TLR-1620,C501101,cash deposit,298.19,CAD
CA00006074,2025-01-02,BR031,TLR-8943,C500587,cash withdrawal,881.88,CAD
CA00001343,2025-01-17,BR006,TLR-9659,C503500,cash deposit,695.09,CAD
CA00003249,2025-01-28,BR017,TLR-6059,C500142,cash withdrawal,611.68,CAD
CA00002411,2025-01-14,BR013,TLR-1832,C501970,cash withdrawal,1835.19,CAD
CA00007069,2025-01-30,BR036,TLR-7753,C502202,cash withdrawal,878.47,CAD
CA00004121,2025-01-17,BR021,TLR-7594,C502934,cash deposit,1330.66,CAD
CA00000501,2025-01-29,BR002,TLR-3420,C500185,cash withdrawal,-564.99,CAD
CA00005548,2025-01-30,BR028,TLR-8724,C502157,cash withdrawal,812.07,CAD
CA00000326,2025-01-26,BR002,TLR-2062,C501744,cash withdrawal,-1895.78,CAD
CA00001553,2025-01-05,BR007,TLR-6468,C503829,cash deposit,1137.32,CAD
CA00005434,2025-01-12,BR028,TLR-7749,C501057,cash withdrawal,2409.41,CAD
CA00005664,2025-01-13,BR029,TLR-1515,C501226,cash withdrawal,1916.3,CAD
CA00001107,2025-01-22,BR006,TLR-8829,C501878,cash deposit,692.16,CAD
CA00007641,2025-01-13,BR038,TLR-3226,C502269,cash deposit,936.88,CAD
CA00006944,2025-01-12,BR035,TLR-7165,C503308,cash withdrawal,1711.55,CAD
CA00001067,2025-01-21,BR005,TLR-9447,C502507,cash deposit,543.07,CAD
CA00006509,2025-01-16,BR033,TLR-5218,C502324,cash deposit,794.97,CAD
CA00001855,2025-01-14,BR009,TLR-5338,C501783,cash withdrawal,407.92,CAD
CA00006973,2025-01-09,BR035,TLR-9595,C502672,cash deposit,1346.52,CAD
CA00005187,2025-01-01,BR026,TLR-2556,C503504,cash deposit,4858.66,CAD
CA00001827,2025-01-24,BR009,TLR-6171,C502604,cash deposit,431.53,CAD
CA00007059,2025-01-08,BR036,TLR-4249,C500205,cash deposit,2245.07,CAD
CA00008561,2025-01-02,BR040,TLR-2801,C500683,cash withdrawal,618.58,CAD
CA00002266,2025-01-10,BR012,TLR-8652,C502503,cash withdrawal,818.65,CAD
CA00005714,2025-01-13,BR030,TLR-2110,C501964,cash deposit,1102.93,CAD
CA00005151,2025-01-16,BR026,TLR-9051,C503398,cash withdrawal,-2557.19,CAD
CA00002137,2025-01-20,BR011,TLR-5273,C501378,cash withdrawal,1644.32,CAD
CA00001354,2025-01-08,BR007,TLR-5957,C502634,cash deposit,968.91,CAD
CA00004341,2025-01-28,BR023,TLR-3378,C501919,cash withdrawal,1052.48,CAD
CA00008024,2025-01-06,BR040,TLR-5287,C503063,cash deposit,1024.28,CAD
CA00003880,2025-01-21,BR020,TLR-3719,C502109,cash withdrawal,412.46,USD
CA00003750,2025-01-04,BR019,TLR-7384,C501068,cash deposit,1996.99,CAD
CA00000630,2025-01-23,BR003,TLR-5439,C502094,cash withdrawal,682.14,CAD
CA00006347,2025-01-09,BR032,TLR-5208,C502717,cash deposit,1815.28,CAD
CA00003634,2025-01-31,BR019,TLR-7420,C500410,cash deposit,2491.78,CAD
CA00004495,2025-01-12,BR024,TLR-7142,C500812,cash withdrawal,1407.43,CAD
CA00008415,2025-01-22,BR040,TLR-7332,C503464,cash deposit,1852.33,CAD
CA00003270,2025-01-27,BR017,TLR-3424,C500725,cash withdrawal,700.42,CAD
CA00002088,2025-01-04,BR011,TLR-2583,C503315,cash deposit,1386.14,CAD
CA00007976,2025-01-16,BR039,TLR-1047,C501001,cash deposit,2692.01,CAD
CA00006835,2025-01-07,BR035,TLR-8197,C500243,cash withdrawal,253.78,CAD
CA00008437,2025-01-21,BR040,TLR-4793,C500455,cash withdrawal,2755.81,CAD
CA00003196,2025-01-16,BR016,TLR-1598,C500758,cash deposit,911.84,CAD
CA00001556,2025-01-11,BR007,TLR-1377,C502982,cash withdrawal,402.08,CAD
CA00001400,2025-01-14,BR007,TLR-6193,C501113,cash deposit,329.5,CAD
CA00001593,2025-01-02,BR008,TLR-6988,C500141,cash withdrawal,558.63,CAD
CA00006298,2025-01-03,BR032,TLR-6368,C503942,cash deposit,350.38,CAD
CA00001885,2025-01-15,BR009,TLR-7897,C500235,cash withdrawal,742.14,CAD
CA00007033,2025-01-14,BR036,TLR-6908,C501071,cash withdrawal,1412.79,CAD
CA00004367,2025-01-31,BR023,TLR-6702,C503328,cash withdrawal,932.46,CAD
CA00005830,2025-01-31,BR030,TLR-5579,C503715,cash withdrawal,2120.9,CAD
CA00003065,2025-01-14,BR016,TLR-7968,C502418,cash deposit,1768.25,CAD
CA00004770,2025-01-16,BR025,TLR-1153,C503392,cash withdrawal,-1052.03,CAD
CA00005270,2025-01-16,BR027,TLR-2584,C501262,cash withdrawal,624.5,CAD
CA00007588,2025-01-24,BR037,TLR-9528,C502824,cash withdrawal,2432.84,CAD
CA00005290,2025-01-22,BR027,TLR-1258,C503733,cash withdrawal,1505.91,CAD
CA00007080,2025-01-06,BR036,TLR-6746,C500220,cash deposit,2031.25,CAD
CA00007417,2025-01-26,BR037,TLR-1259,C501633,cash deposit,169.51,CAD
CA00008223,2025-01-08,BR040,TLR-8656,C503099,cash deposit,703.15,CAD
CA00005424,2025-01-30,BR028,TLR-1044,C500850,cash withdrawal,915.39,CAD
CA00002655,2025-01-22,BR014,TLR-8452,C500694,cash withdrawal,4412.82,CAD
CA00003483,2025-01-27,BR018,TLR-8383,C501351,cash withdrawal,2626.87,CAD
CA00006890,2025-01-13,BR035,TLR-1881,C501767,cash withdrawal,4342.45,CAD
CA00002826,2025-01-07,BR015,TLR-4693,C502011,cash deposit,2888.6,CAD
CA00004634,2025-01-14,BR024,TLR-7417,C500724,cash withdrawal,932.13,CAD
CA00002867,2025-01-27,BR015,TLR-1554,C502221,cash deposit,598.92,CAD
CA00005498,2025-01-11,BR028,TLR-2727,C500448,cash deposit,1138.71,CAD
CA00008322,2025-01-04,BR040,TLR-6066,C502273,cash withdrawal,1074.68,CAD
CA00001378,2025-01-03,BR007,TLR-4558,C503024,cash withdrawal,2833.49,CAD
CA00003945,2025-01-08,BR020,TLR-3994,C502540,cash deposit,364.89,USD
CA00001527,2025-01-05,BR007,TLR-3001,C501306,cash deposit,1207.12,CAD
CA00003093,2025-01-06,BR016,TLR-3828,C502710,cash deposit,465.95,CAD
CA00000084,2025-01-08,BR001,TLR-9427,C503521,cash withdrawal,1487.63,CAD
CA00004961,2025-01-19,BR025,TLR-6679,C500509,cash withdrawal,-2445.94,CAD
CA00001742,2025-01-30,BR008,TLR-4980,C501705,cash deposit,521.0,CAD
CA00004625,2025-01-30,BR024,TLR-8310,C502309,cash withdrawal,1156.02,CAD
CA00006102,2025-01-18,BR031,TLR-1997,C503732,cash withdrawal,267.69,CAD
CA00002109,2025-01-27,BR011,TLR-2924,C502791,cash deposit,1512.1,CAD
CA00006590,2025-01-26,BR033,TLR-7700,C502270,cash deposit,2836.93,CAD
CA00000134,2025-01-25,BR001,TLR-2435,C502642,cash withdrawal,876.74,CAD
CA00007475,2025-01-24,BR037,TLR-1973,C501402,cash withdrawal,245.51,CAD
CA00001034,2025-01-30,BR005,TLR-2913,C503566,cash withdrawal,1053.42,CAD
CA00006529,2025-01-12,BR033,TLR-5369,C500655,cash deposit,1522.37,CAD
CA00008473,2025-01-08,BR040,TLR-4363,C502956,cash deposit,1162.74,CAD
CA00001554,2025-01-02,BR007,TLR-6852,C503024,cash deposit,560.66,CAD
CA00007813,2025-01-17,BR039,TLR-1526,C503849,cash deposit,328.44,CAD
CA00004672,2025-01-30,BR024,TLR-7264,C503965,cash withdrawal,1113.74,CAD
CA00003473,2025-01-06,BR018,TLR-3243,C501840,cash withdrawal,1644.33,CAD
CA00005312,2025-01-24,BR027,TLR-1996,C503645,cash deposit,2251.38,CAD
CA00005535,2025-01-17,BR028,TLR-7025,C501142,cash withdrawal,3118.8,CAD
CA00002641,2025-01-24,BR014,TLR-7584,C501363,cash withdrawal,1225.06,CAD
CA00005902,2025-01-07,BR030,TLR-6608,C500051,cash deposit,1489.26,CAD
CA00004576,2025-01-30,BR024,TLR-6247,C501813,cash deposit,1125.34,CAD
CA00001192,2025-01-27,BR006,TLR-2817,C500009,cash withdrawal,1251.56,CAD
CA00005370,2025-01-23,BR027,TLR-6014,C500950,cash withdrawal,997.66,CAD
CA00000882,2025-01-12,BR004,TLR-1013,C501084,cash deposit,714.84,CAD
CA00007716,2025-01-27,BR038,TLR-7285,C503633,cash withdrawal,1227.94,CAD
CA00003741,2025-01-02,BR019,TLR-7257,C501251,cash deposit,841.59,CAD
CA00004148,2025-01-18,BR021,TLR-7719,C502489,cash deposit,1061.23,CAD
CA00008393,2025-01-22,BR040,TLR-6080,C503712,cash deposit,1350.96,CAD
CA00002354,2025-01-31,BR012,TLR-6261,C502671,cash withdrawal,2988.13,CAD
CA00004023,2025-01-15,BR020,TLR-9555,C500633,cash withdrawal,968.93,USD
CA00007329,2025-01-06,BR037,TLR-4140,C501265,cash deposit,1230.74,CAD
CA00001090,2025-01-17,BR006,TLR-7358,C500768,cash deposit,1456.27,CAD
CA00000312,2025-01-06,BR001,TLR-6460,C503034,cash deposit,783.45,CAD
CA00004008,2025-01-15,BR020,TLR-2472,C501170,cash withdrawal,897.66,USD
CA00005455,2025-01-23,BR028,TLR-5511,C502518,cash withdrawal,2760.39,CAD
CA00005397,2025-01-21,BR027,TLR-9193,C501481,cash deposit,1500.86,CAD
CA00004102,2025-01-21,BR021,TLR-9757,C501295,cash withdrawal,639.65,CAD
CA00000144,2025-01-18,BR001,TLR-6976,C501098,cash deposit,577.32,CAD
CA00004417,2025-01-16,BR023,TLR-4791,C502913,cash deposit,436.46,CAD
CA00000904,2025-01-16,BR004,TLR-4235,C502461,cash withdrawal,605.25,CAD
CA00001769,2025-01-01,BR008,TLR-1899,C502752,cash withdrawal,1584.92,CAD
CA00003224,2025-01-01,BR017,TLR-8959,C501620,cash deposit,845.08,CAD
CA00006441,2025-01-13,BR033,TLR-3807,C503821,cash withdrawal,1417.61,CAD
CA00006323,2025-01-24,BR032,TLR-5973,C500039,cash deposit,573.95,CAD
CA00003439,2025-01-05,BR017,TLR-8879,C500746,cash withdrawal,401.75,CAD
CA00007913,2025-01-26,BR039,TLR-4221,C501452,cash deposit,1168.85,CAD
CA00005197,2025-01-31,BR026,TLR-5315,C501928,cash deposit,1012.38,CAD
CA00005769,2025-01-20,BR030,TLR-7527,C501870,cash withdrawal,604.49,CAD
CA00007172,2025-01-18,BR036,TLR-3930,C502749,cash deposit,338.44,CAD
CA00002117,2025-01-13,BR011,TLR-7675,C503474,cash deposit,700.48,CAD
CA00007712,2025-01-28,BR038,TLR-3152,C501714,cash deposit,1088.19,CAD
CA00002883,2025-01-26,BR015,TLR-8009,C500382,cash deposit,415.71,CAD
CA00000101,2025-01-15,BR001,TLR-6211,C503980,cash withdrawal,484.83,CAD
CA00004680,2025-01-18,BR024,TLR-2004,C502433,cash withdrawal,689.37,CAD
CA00002790,2025-01-28,BR015,TLR-9834,C501173,cash deposit,1299.7,CAD
CA00002425,2025-01-07,BR013,TLR-8456,C500533,cash deposit,1227.75,CAD
CA00002182,2025-01-21,BR012,TLR-1079,C502797,cash deposit,5521.49,CAD
CA00002216,2025-01-02,BR012,TLR-9449,C500261,cash withdrawal,188.34,CAD
CA00005419,2025-01-06,BR027,TLR-3756,C501418,cash deposit,9740.28,CAD
CA00006783,2025-01-20,BR035,TLR-1420,C502273,cash withdrawal,1246.04,CAD
CA00004253,2025-01-05,BR022,TLR-9436,C500639,cash withdrawal,766.91,CAD
CA00002851,2025-01-31,BR015,TLR-1070,C501403,cash deposit,742.94,CAD
CA00007631,2025-01-24,BR038,TLR-5323,C503071,cash deposit,2294.87,CAD
CA00007259,2025-01-17,BR036,TLR-7802,C500552,cash withdrawal,7422.4,CAD
CA00004404,2025-01-21,BR023,TLR-8645,C501560,cash withdrawal,1135.53,CAD
CA00005416,2025-01-30,BR027,TLR-4672,C501855,cash withdrawal,9520.28,CAD
CA00000975,2025-01-31,BR004,TLR-2218,C503214,cash deposit,2316.17,CAD
CA00003494,2025-01-01,BR018,TLR-2590,C500355,cash deposit,1136.83,CAD
CA00006382,2025-01-25,BR032,TLR-5501,C501885,cash deposit,1564.48,CAD
CA00007081,2025-01-12,BR036,TLR-5455,C501095,cash withdrawal,884.37,CAD
CA00004466,2025-01-06,BR024,TLR-4811,C500222,cash withdrawal,1411.03,CAD
CA00005876,2025-01-14,BR030,TLR-3564,C502257,cash withdrawal,1073.94,CAD
CA00002705,2025-01-01,BR014,TLR-8815,C500395,cash withdrawal,621.55,CAD
CA00001138,2025-01-26,BR006,TLR-8696,C503676,cash deposit,373.64,CAD
CA00005763,2025-01-07,BR030,TLR-5051,C503199,cash withdrawal,1449.59,CAD
CA00004050,2025-01-02,BR020,TLR-1131,C503404,cash deposit,464.12,USD
CA00002763,2025-01-13,BR015,TLR-8824,C503219,cash withdrawal,275.76,CAD
CA00007143,2025-01-10,BR036,TLR-5370,C503251,cash deposit,1017.8,CAD
CA00004861,2025-01-07,BR025,TLR-7435,C503876,cash deposit,1613.25,CAD
CA00004067,2025-01-31,BR020,TLR-8289,C501014,cash deposit,2005.24,USD
CA00005022,2025-01-14,BR026,TLR-9093,C500012,cash deposit,603.7,CAD
CA00008114,2025-01-06,BR040,TLR-1193,C501321,cash deposit,622.22,CAD
CA00000066,2025-01-01,BR001,TLR-9574,C501430,cash withdrawal,1060.07,CAD
CA00000935,2025-01-17,BR004,TLR-5423,C501705,cash withdrawal,551.93,CAD
CA00002769,2025-01-21,BR015,TLR-4551,C502159,cash deposit,930.55,CAD
CA00004150,2025-01-02,BR021,TLR-9092,C503539,cash deposit,967.19,CAD
CA00002593,2025-01-15,BR014,TLR-5888,C501343,cash deposit,1110.15,CAD
CA00002481,2025-01-06,BR013,TLR-7573,C501458,cash deposit,573.26,CAD
CA00007221,2025-01-11,BR036,TLR-1137,C501805,cash withdrawal,545.48,CAD
CA00002610,2025-01-17,BR014,TLR-6815,C501969,cash withdrawal,621.13,CAD
CA00001153,2025-01-24,BR006,TLR-7978,C503934,cash withdrawal,1695.32,CAD
CA00003825,2025-01-08,BR019,TLR-2735,C501260,cash withdrawal,894.4,CAD
CA00003771,2025-01-11,BR019,TLR-3745,C500059,cash withdrawal,636.1,CAD
CA00006308,2025-01-19,BR032,TLR-7205,C502030,cash withdrawal,892.59,CAD
CA00003245,2025-01-10,BR017,TLR-7968,C501818,cash deposit,1758.21,CAD
CA00003031,2025-01-27,BR016,TLR-2149,C503539,cash withdrawal,590.08,CAD
CA00000486,2025-01-22,BR002,TLR-4862,C502872,cash deposit,605.4,CAD
CA00005217,2025-01-06,BR026,TLR-3338,C501978,cash withdrawal,-1502.61,CAD
CA00001995,2025-01-31,BR010,TLR-1186,C500603,cash withdrawal,2116.8,CAD
CA00003964,2025-01-26,BR020,TLR-9943,C500753,cash withdrawal,436.95,USD
CA00005899,2025-01-13,BR030,TLR-4112,C501925,cash deposit,3745.89,CAD
CA00004670,2025-01-04,BR024,TLR-9821,C502578,cash deposit,633.02,CAD
CA00003036,2025-01-12,BR016,TLR-9530,C503476,cash deposit,766.69,CAD
CA00005052,2025-01-24,BR026,TLR-6375,C503374,cash deposit,405.67,CAD
CA00004731,2025-01-05,BR024,TLR-9188,C503804,cash deposit,1233.06,CAD
CA00004540,2025-01-22,BR024,TLR-1675,C502031,cash deposit,3068.26,CAD
CA00008614,2025-01-24,BR040,TLR-6743,C502137,cash deposit,1639.72,CAD
CA00007397,2025-01-21,BR037,TLR-5447,C500138,cash deposit,711.91,CAD
CA00005917,2025-01-25,BR030,TLR-1920,C503008,cash withdrawal,2169.59,CAD
CA00007238,2025-01-24,BR036,TLR-8162,C500864,cash withdrawal,830.88,CAD
CA00005853,2025-01-25,BR030,TLR-4756,C502363,cash withdrawal,535.47,CAD
CA00000496,2025-01-09,BR002,TLR-2471,C503501,cash deposit,399.16,CAD
CA00002420,2025-01-20,BR013,TLR-9521,C502338,cash deposit,457.81,CAD
CA00004771,2025-01-11,BR025,TLR-1455,C502268,cash withdrawal,-762.7,CAD
CA00002058,2025-01-04,BR010,TLR-2289,C502934,cash withdrawal,1582.56,CAD
CA00006842,2025-01-26,BR035,TLR-4860,C503219,cash withdrawal,534.64,CAD
CA00002231,2025-01-13,BR012,TLR-6945,C502529,cash deposit,296.9,CAD
CA00008550,2025-01-06,BR040,TLR-7478,C503904,cash withdrawal,425.85,CAD
CA00007745,2025-01-27,BR038,TLR-7522,C500354,cash deposit,863.04,CAD
CA00007387,2025-01-22,BR037,TLR-2387,C501988,cash withdrawal,559.25,CAD
CA00005904,2025-01-11,BR030,TLR-2830,C500105,cash withdrawal,496.5,CAD
CA00002887,2025-01-29,BR015,TLR-2755,C502928,cash deposit,1994.72,CAD
CA00003681,2025-01-15,BR019,TLR-7071,C503821,cash withdrawal,854.12,CAD
CA00005513,2025-01-14,BR028,TLR-9542,C500847,cash deposit,588.01,CAD
CA00003054,2025-01-11,BR016,TLR-1494,C502433,cash withdrawal,5563.49,CAD
CA00007419,2025-01-06,BR037,TLR-3315,C501448,cash withdrawal,465.32,CAD
CA00005619,2025-01-15,BR029,TLR-3952,C501261,cash deposit,2640.79,CAD
CA00000423,2025-01-18,BR002,TLR-3052,C502633,cash withdrawal,-1767.61,CAD
CA00001159,2025-01-11,BR006,TLR-3161,C503115,cash withdrawal,964.43,CAD
CA00000109,2025-01-20,BR001,TLR-3137,C500108,cash withdrawal,913.66,CAD
CA00006914,2025-01-22,BR035,TLR-2247,C502660,cash deposit,772.93,CAD
CA00004206,2025-01-21,BR021,TLR-8709,C503904,cash withdrawal,2890.12,CAD
CA00004629,2025-01-17,BR024,TLR-5159,C502664,cash deposit,1053.9,CAD
CA00001739,2025-01-20,BR008,TLR-4199,C502857,cash deposit,911.91,CAD
CA00005667,2025-01-24,BR029,TLR-9411,C502553,cash withdrawal,884.96,CAD
CA00000324,2025-01-30,BR002,TLR-8117,C500284,cash deposit,910.11,CAD
CA00002837,2025-01-17,BR015,TLR-1598,C503923,cash deposit,479.53,CAD
CA00002350,2025-01-23,BR012,TLR-6225,C500489,cash deposit,1145.63,CAD
CA00000602,2025-01-22,BR003,TLR-9485,C502293,cash withdrawal,647.08,CAD
CA00000428,2025-01-29,BR002,TLR-3102,C501108,cash deposit,840.01,CAD
CA00007543,2025-01-28,BR037,TLR-8597,C501331,cash withdrawal,2087.24,CAD
CA00002173,2025-01-31,BR012,TLR-2272,C503024,cash deposit,125.82,CAD
CA00003349,2025-01-12,BR017,TLR-5091,C500678,cash deposit,682.12,CAD
CA00005892,2025-01-04,BR030,TLR-3903,C503725,cash deposit,545.24,CAD
CA00006829,2025-01-31,BR035,TLR-9320,C500087,cash deposit,780.36,CAD
CA00008486,2025-01-21,BR040,TLR-7679,C501345,cash deposit,2616.62,CAD
CA00001653,2025-01-19,BR008,TLR-8512,C500980,cash withdrawal,1046.77,CAD
CA00007944,2025-01-05,BR039,TLR-6762,C500228,cash deposit,521.97,CAD
CA00000953,2025-01-17,BR004,TLR-6897,C500175,cash withdrawal,1045.13,CAD
CA00005851,2025-01-06,BR030,TLR-3243,C503966,cash deposit,1685.07,CAD
CA00006810,2025-01-04,BR035,TLR-5082,C500270,cash deposit,1535.53,CAD
CA00005923,2025-01-15,BR030,TLR-5704,C500099,cash withdrawal,696.57,CAD
CA00007088,2025-01-23,BR036,TLR-2027,C501785,cash deposit,443.55,CAD
CA00006248,2025-01-04,BR031,TLR-1869,C501457,cash withdrawal,1358.25,CAD
CA00003860,2025-01-10,BR019,TLR-1450,C500520,cash deposit,968.22,CAD
CA00000302,2025-01-14,BR001,TLR-8977,C501831,cash deposit,1597.22,CAD
CA00007639,2025-01-23,BR038,TLR-7988,C502171,cash deposit,602.47,CAD
CA00007319,2025-01-20,BR037,TLR-3978,C500312,cash withdrawal,1045.0,CAD
CA00002725,2025-01-06,BR015,TLR-4133,C503274,cash withdrawal,425.66,CAD
CA00002145,2025-01-16,BR011,TLR-7878,C502189,cash withdrawal,527.69,CAD
CA00000716,2025-01-13,BR003,TLR-8437,C502234,cash withdrawal,310.23,CAD
CA00004452,2025-01-06,BR024,TLR-8269,C502233,cash deposit,1067.43,CAD
CA00001259,2025-01-14,BR006,TLR-9248,C501455,cash withdrawal,647.27,CAD
CA00005964,2025-01-06,BR030,TLR-2682,C500362,cash withdrawal,300.52,CAD
CA00000007,2025-01-27,BR001,TLR-8085,C502671,cash deposit,3119.51,CAD
CA00005908,2025-01-26,BR030,TLR-3478,C503337,cash withdrawal,1459.54,CAD
CA00007676,2025-01-04,BR038,TLR-1270,C502001,cash withdrawal,1108.77,CAD
CA00001211,2025-01-20,BR006,TLR-4664,C502225,cash withdrawal,562.92,CAD
CA00005413,2025-01-27,BR027,TLR-3805,C502148,cash deposit,9173.69,CAD
CA00007786,2025-01-04,BR039,TLR-6308,C502382,cash withdrawal,854.0,CAD
CA00003325,2025-01-18,BR017,TLR-2803,C502050,cash deposit,2662.93,CAD
CA00004813,2025-01-01,BR025,TLR-4373,C503518,cash withdrawal,-1661.04,CAD
CA00005656,2025-01-19,BR029,TLR-7952,C500190,cash deposit,1404.38,CAD
CA00002300,2025-01-09,BR012,TLR-5611,C503770,cash withdrawal,770.78,CAD
CA00007608,2025-01-19,BR038,TLR-2640,C500865,cash deposit,1501.46,CAD
CA00001463,2025-01-21,BR007,TLR-9861,C502071,cash withdrawal,985.67,CAD
CA00006545,2025-01-30,BR033,TLR-2448,C500571,cash deposit,1926.47,CAD
CA00005942,2025-01-21,BR030,TLR-5979,C502942,cash withdrawal,1686.43,CAD
CA00001751,2025-01-06,BR008,TLR-1664,C500714,cash deposit,1868.16,CAD
CA00006467,2025-01-06,BR033,TLR-7873,C502553,cash withdrawal,550.85,CAD
CA00003886,2025-01-02,BR020,TLR-4813,C501230,cash withdrawal,819.71,USD
CA00005320,2025-01-06,BR027,TLR-7068,C503251,cash deposit,872.75,CAD
CA00001658,2025-01-17,BR008,TLR-6190,C503066,cash withdrawal,1656.65,CAD
CA00004072,2025-01-08,BR020,TLR-4429,C500480,cash deposit,799.68,USD
CA00000550,2025-01-26,BR003,TLR-2266,C500280,cash deposit,1134.29,CAD
CA00001557,2025-01-30,BR007,TLR-5142,C503847,cash deposit,1257.25,CAD
CA00001831,2025-01-10,BR009,TLR-6772,C502309,cash deposit,1751.03,CAD
CA00002202,2025-01-30,BR012,TLR-9295,C500409,cash withdrawal,605.93,CAD
CA00001115,2025-01-06,BR006,TLR-6235,C500749,cash deposit,448.14,CAD
CA00005404,2025-01-05,BR027,TLR-4535,C502568,cash deposit,956.35,CAD
CA00000891,2025-01-14,BR004,TLR-8213,C501425,cash deposit,434.34,CAD
CA00008489,2025-01-20,BR040,TLR-6919,C503091,cash deposit,795.65,CAD
CA00005126,2025-01-28,BR026,TLR-3162,C502303,cash withdrawal,-544.62,CAD
CA00005946,2025-01-05,BR030,TLR-6994,C503321,cash deposit,560.37,CAD
CA00005832,2025-01-08,BR030,TLR-1520,C500961,cash withdrawal,926.41,CAD
CA00005076,2025-01-19,BR026,TLR-2644,C502899,cash deposit,1666.36,CAD
CA00001951,2025-01-02,BR010,TLR-9163,C500708,cash deposit,3024.27,CAD
CA00008234,2025-01-07,BR040,TLR-5882,C502188,cash deposit,1127.6,CAD
CA00002039,2025-01-15,BR010,TLR-8882,C500007,cash deposit,1377.28,CAD
CA00004940,2025-01-14,BR025,TLR-1799,C501012,cash deposit,514.16,CAD
CA00002780,2025-01-20,BR015,TLR-8003,C503801,cash deposit,306.54,CAD
CA00006350,2025-01-22,BR032,TLR-3148,C501231,cash deposit,1142.05,CAD
CA00008191,2025-01-01,BR040,TLR-7045,C502220,cash withdrawal,745.22,CAD
CA00000110,2025-01-11,BR001,TLR-1520,C502584,cash withdrawal,931.6,CAD
CA00004487,2025-01-26,BR024,TLR-5475,C502769,cash deposit,1787.57,CAD
CA00005512,2025-01-17,BR028,TLR-5191,C502787,cash deposit,119.82,CAD
CA00003885,2025-01-20,BR020,TLR-3564,C502382,cash deposit,699.32,USD
CA00001943,2025-01-05,BR010,TLR-7505,C500485,cash deposit,1381.81,CAD
CA00007432,2025-01-20,BR037,TLR-4368,C502035,cash withdrawal,1053.23,CAD
CA00006598,2025-01-17,BR033,TLR-7490,C503067,cash withdrawal,886.82,CAD
CA00002845,2025-01-31,BR015,TLR-4614,C501032,cash withdrawal,631.62,CAD
CA00000548,2025-01-24,BR003,TLR-4450,C500515,cash withdrawal,1228.78,CAD
CA00000071,2025-01-24,BR001,TLR-6823,C501558,cash withdrawal,3633.49,CAD
CA00007790,2025-01-18,BR039,TLR-2518,C501029,cash deposit,5202.33,CAD
CA00005957,2025-01-23,BR030,TLR-1438,C501765,cash withdrawal,827.11,CAD
CA00002412,2025-01-10,BR013,TLR-7578,C501839,cash withdrawal,400.23,CAD
CA00007077,2025-01-13,BR036,TLR-2504,C502845,cash withdrawal,256.29,CAD
CA00008429,2025-01-08,BR040,TLR-4037,C503502,cash deposit,4573.62,CAD
CA00004062,2025-01-12,BR020,TLR-1229,C500914,cash deposit,284.66,USD
CA00005938,2025-01-26,BR030,TLR-4712,C501390,cash withdrawal,275.91,CAD
CA00004251,2025-01-15,BR021,TLR-2576,C503296,cash deposit,1228.61,CAD
CA00000514,2025-01-02,BR002,TLR-9445,C502523,cash deposit,123.29,CAD
CA00000483,2025-01-24,BR002,TLR-9139,C503689,cash withdrawal,-1272.33,CAD
CA00003297,2025-01-12,BR017,TLR-1124,C501537,cash withdrawal,1719.82,CAD
CA00003362,2025-01-12,BR017,TLR-5764,C500662,cash withdrawal,1125.31,CAD
CA00002295,2025-01-14,BR012,TLR-8024,C500512,cash withdrawal,608.81,CAD
CA00007299,2025-01-21,BR036,TLR-6407,C502112,cash deposit,3754.12,CAD
CA00007130,2025-01-08,BR036,TLR-7277,C502567,cash deposit,1190.18,CAD
CA00004935,2025-01-25,BR025,TLR-8472,C500376,cash deposit,1697.23,CAD
CA00007192,2025-01-17,BR036,TLR-5959,C502151,cash withdrawal,1379.17,CAD
CA00001657,2025-01-20,BR008,TLR-4583,C500188,cash deposit,760.17,CAD
CA00006911,2025-01-03,BR035,TLR-8753,C501146,cash withdrawal,1151.26,CAD
CA00000495,2025-01-28,BR002,TLR-7510,C500669,cash deposit,815.42,CAD
CA00008460,2025-01-08,BR040,TLR-9814,C503269,cash withdrawal,868.52,CAD
CA00007896,2025-01-07,BR039,TLR-8976,C502464,cash deposit,779.77,CAD
CA00003677,2025-01-28,BR019,TLR-1727,C503554,cash deposit,687.53,CAD
CA00008084,2025-01-21,BR040,TLR-4450,C501657,cash withdrawal,2078.46,CAD
CA00006632,2025-01-10,BR034,TLR-4425,C501756,cash withdrawal,723.21,CAD
CA00006863,2025-01-01,BR035,TLR-6463,C501580,cash deposit,2110.23,CAD
CA00008457,2025-01-05,BR040,TLR-1485,C503155,cash deposit,1109.31,CAD
CA00004868,2025-01-13,BR025,TLR-4092,C503544,cash withdrawal,-451.56,CAD
CA00003480,2025-01-11,BR018,TLR-5683,C500258,cash withdrawal,1150.15,CAD
CA00002199,2025-01-01,BR012,TLR-2260,C500328,cash withdrawal,592.57,CAD
CA00003477,2025-01-13,BR018,TLR-1743,C503726,cash withdrawal,2115.12,CAD
CA00004930,2025-01-13,BR025,TLR-7011,C501445,cash deposit,460.25,CAD
CA00001142,2025-01-25,BR006,TLR-4819,C503471,cash withdrawal,1238.09,CAD
CA00007827,2025-01-30,BR039,TLR-2521,C501312,cash deposit,473.59,CAD
CA00004014,2025-01-14,BR020,TLR-3292,C500345,cash deposit,1018.14,USD
CA00006704,2025-01-07,BR034,TLR-1919,C502431,cash deposit,1099.79,CAD
CA00008253,2025-01-17,BR040,TLR-1133,C502651,cash withdrawal,2175.06,CAD
CA00008302,2025-01-04,BR040,TLR-6724,C500989,cash deposit,868.43,CAD
CA00007300,2025-01-13,BR036,TLR-4979,C500628,cash withdrawal,932.24,CAD
CA00007662,2025-01-22,BR038,TLR-4045,C503027,cash withdrawal,1878.06,CAD
CA00004695,2025-01-16,BR024,TLR-8019,C500222,cash withdrawal,1511.8,CAD
CA00003102,2025-01-10,BR016,TLR-9292,C500797,cash deposit,652.62,CAD
CA00002346,2025-01-08,BR012,TLR-9744,C502167,cash withdrawal,682.87,CAD
CA00007860,2025-01-04,BR039,TLR-1676,C501434,cash withdrawal,3731.66,CAD
CA00006487,2025-01-31,BR033,TLR-8186,C501791,cash deposit,1180.5,CAD
CA00001061,2025-01-14,BR005,TLR-5630,C502160,cash withdrawal,1804.45,CAD
CA00006640,2025-01-11,BR034,TLR-1506,C501557,cash withdrawal,370.86,CAD
CA00005237,2025-01-14,BR026,TLR-3972,C500033,cash withdrawal,-1066.37,CAD
CA00002340,2025-01-07,BR012,TLR-2837,C503572,cash deposit,469.87,CAD
CA00001642,2025-01-11,BR008,TLR-8437,C501077,cash deposit,1465.72,CAD
CA00006830,2025-01-26,BR035,TLR-1981,C503471,cash withdrawal,1705.73,CAD
CA00005941,2025-01-15,BR030,TLR-2369,C503498,cash withdrawal,1117.03,CAD
CA00004267,2025-01-09,BR022,TLR-4846,C502470,cash deposit,1088.31,CAD
CA00007914,2025-01-19,BR039,TLR-5476,C502254,cash withdrawal,983.21,CAD
CA00005526,2025-01-18,BR028,TLR-3483,C500512,cash withdrawal,629.84,CAD
CA00002552,2025-01-24,BR014,TLR-7637,C502348,cash deposit,1229.84,CAD
CA00003302,2025-01-17,BR017,TLR-3197,C502191,cash deposit,187.38,CAD
CA00000147,2025-01-20,BR001,TLR-6208,C502915,cash deposit,1649.23,CAD
CA00000771,2025-01-24,BR004,TLR-4298,C500167,cash withdrawal,607.89,CAD
CA00007921,2025-01-21,BR039,TLR-5048,C503619,cash deposit,1433.4,CAD
CA00004435,2025-01-20,BR023,TLR-4836,C501714,cash withdrawal,2263.16,CAD
CA00005075,2025-01-24,BR026,TLR-3211,C503733,cash deposit,1012.77,CAD
CA00005395,2025-01-18,BR027,TLR-1625,C502597,cash deposit,1103.89,CAD
CA00002797,2025-01-28,BR015,TLR-2563,C502177,cash deposit,1063.18,CAD
CA00002288,2025-01-18,BR012,TLR-5436,C500394,cash deposit,1142.87,CAD
CA00005011,2025-01-08,BR026,TLR-4832,C502699,cash deposit,701.23,CAD
CA00001351,2025-01-12,BR006,TLR-4486,C502960,cash withdrawal,610.66,CAD
CA00003744,2025-01-23,BR019,TLR-3292,C502008,cash deposit,1007.22,CAD
CA00003937,2025-01-04,BR020,TLR-1461,C501672,cash deposit,1025.27,USD
CA00007610,2025-01-28,BR038,TLR-7290,C503850,cash deposit,1081.01,CAD
CA00005894,2025-01-17,BR030,TLR-4681,C502577,cash withdrawal,1592.5,CAD
CA00007070,2025-01-08,BR036,TLR-8847,C500577,cash deposit,2599.28,CAD
CA00003440,2025-01-11,BR017,TLR-5109,C502308,cash deposit,402.32,CAD
CA00000214,2025-01-02,BR001,TLR-9366,C501644,cash withdrawal,3038.95,CAD
CA00008537,2025-01-16,BR040,TLR-4892,C502977,cash deposit,1382.53,CAD
CA00006643,2025-01-31,BR034,TLR-4766,C501323,cash withdrawal,298.29,CAD
CA00006786,2025-01-20,BR035,TLR-1703,C503528,cash deposit,1904.5,CAD
CA00004250,2025-01-20,BR021,TLR-4916,C501943,cash deposit,1733.58,CAD
CA00001225,2025-01-21,BR006,TLR-1584,C501728,cash withdrawal,2638.93,CAD
CA00005618,2025-01-04,BR029,TLR-9342,C500963,cash withdrawal,644.72,CAD
CA00001111,2025-01-25,BR006,TLR-4368,C500963,cash withdrawal,556.44,CAD
CA00002579,2025-01-22,BR014,TLR-9838,C500034,cash deposit,838.14,CAD
CA00003014,2025-01-09,BR016,TLR-4580,C503197,cash deposit,1366.24,CAD
CA00003235,2025-01-21,BR017,TLR-7460,C500273,cash deposit,1222.47,CAD
CA00000718,2025-01-28,BR003,TLR-2710,C500360,cash withdrawal,1060.22,CAD
CA00005313,2025-01-15,BR027,TLR-1431,C503896,cash deposit,1507.63,CAD
CA00002601,2025-01-21,BR014,TLR-3620,C501365,cash withdrawal,2536.86,CAD
CA00003496,2025-01-10,BR018,TLR-6535,C501465,cash deposit,1280.99,CAD
CA00000259,2025-01-17,BR001,TLR-9374,C501565,cash deposit,2481.64,CAD
CA00004945,2025-01-03,BR025,TLR-9594,C500670,cash withdrawal,-867.27,CAD
CA00008492,2025-01-24,BR040,TLR-4206,C501283,cash deposit,3102.13,CAD
CA00005687,2025-01-12,BR029,TLR-3870,C502562,cash deposit,2366.02,CAD
CA00004992,2025-01-17,BR026,TLR-9283,C501465,cash withdrawal,-567.41,CAD
CA00001650,2025-01-28,BR008,TLR-2516,C503416,cash deposit,1930.19,CAD
CA00001377,2025-01-02,BR007,TLR-4877,C501049,cash withdrawal,1205.15,CAD
CA00000025,2025-01-08,BR001,TLR-5901,C501940,cash deposit,1404.84,CAD
CA00006762,2025-01-13,BR034,TLR-9237,C500348,cash deposit,2119.1,CAD
CA00006030,2025-01-21,BR031,TLR-4971,C500331,cash withdrawal,2134.17,CAD
CA00006647,2025-01-17,BR034,TLR-3343,C502221,cash withdrawal,2753.06,CAD
CA00003819,2025-01-25,BR019,TLR-1790,C500882,cash withdrawal,2251.88,CAD
CA00004196,2025-01-29,BR021,TLR-7094,C503230,cash withdrawal,525.71,CAD
CA00008130,2025-01-06,BR040,TLR-9406,C501742,cash withdrawal,421.85,CAD
CA00002862,2025-01-24,BR015,TLR-1985,C501803,cash withdrawal,2113.84,CAD
CA00003502,2025-01-20,BR018,TLR-9356,C500437,cash withdrawal,370.18,CAD
CA00007811,2025-01-13,BR039,TLR-2227,C500072,cash withdrawal,282.42,CAD
CA00003183,2025-01-01,BR016,TLR-7340,C500731,cash deposit,517.44,CAD
CA00001964,2025-01-28,BR010,TLR-4744,C503512,cash deposit,375.67,CAD
CA00002239,2025-01-21,BR012,TLR-1776,C501832,cash deposit,502.93,CAD
CA00008329,2025-01-20,BR040,TLR-6907,C502859,cash withdrawal,429.55,CAD
CA00004463,2025-01-28,BR024,TLR-8915,C502468,cash withdrawal,3752.87,CAD
CA00007895,2025-01-03,BR039,TLR-1805,C502487,cash withdrawal,2418.43,CAD
CA00002527,2025-01-31,BR014,TLR-6555,C501688,cash deposit,513.12,CAD
CA00004918,2025-01-25,BR025,TLR-4962,C501280,cash withdrawal,-1062.37,CAD
CA00007104,2025-01-21,BR036,TLR-7406,C502945,cash deposit,273.91,CAD
CA00005374,2025-01-02,BR027,TLR-1017,C502538,cash withdrawal,1059.52,CAD
CA00005603,2025-01-21,BR029,TLR-6570,C501965,cash withdrawal,248.49,CAD
CA00008556,2025-01-06,BR040,TLR-5812,C500536,cash deposit,4272.43,CAD
CA00003898,2025-01-22,BR020,TLR-6300,C501679,cash withdrawal,227.82,USD
CA00008030,2025-01-21,BR040,TLR-7106,C503720,cash deposit,1486.25,CAD
CA00007444,2025-01-12,BR037,TLR-6844,C501937,cash deposit,159.13,CAD
CA00005593,2025-01-18,BR029,TLR-7196,C502773,cash deposit,1453.24,CAD
CA00004012,2025-01-29,BR020,TLR-4239,C503117,cash deposit,1711.66,USD
CA00002784,2025-01-10,BR015,TLR-5152,C502738,cash withdrawal,312.64,CAD
CA00002786,2025-01-11,BR015,TLR-8236,C503812,cash withdrawal,263.46,CAD
CA00007972,2025-01-13,BR039,TLR-3434,C501864,cash deposit,1162.5,CAD
CA00001057,2025-01-29,BR005,TLR-1293,C503076,cash deposit,2365.6,CAD
CA00005296,2025-01-21,BR027,TLR-2100,C501169,cash deposit,938.55,CAD
CA00007933,2025-01-09,BR039,TLR-8293,C503251,cash deposit,345.12,CAD
CA00003957,2025-01-20,BR020,TLR-2982,C502777,cash withdrawal,330.97,USD
CA00008413,2025-01-21,BR040,TLR-4292,C502460,cash deposit,942.78,CAD
CA00007302,2025-01-02,BR037,TLR-7326,C502866,cash withdrawal,346.48,CAD
CA00000748,2025-01-18,BR003,TLR-6764,C500284,cash withdrawal,1551.76,CAD
CA00002548,2025-01-24,BR014,TLR-5887,C502667,cash withdrawal,1500.21,CAD
CA00003331,2025-01-10,BR017,TLR-9464,C503768,cash withdrawal,589.97,CAD
CA00004097,2025-01-17,BR021,TLR-5921,C502883,cash deposit,787.84,CAD
CA00008202,2025-01-16,BR040,TLR-3138,C500778,cash withdrawal,1694.82,CAD
CA00002403,2025-01-18,BR013,TLR-9833,C501076,cash withdrawal,380.26,CAD
CA00006538,2025-01-31,BR033,TLR-2231,C501478,cash withdrawal,538.51,CAD
CA00003087,2025-01-05,BR016,TLR-3507,C503586,cash deposit,1128.86,CAD
CA00007925,2025-01-16,BR039,TLR-3504,C500907,cash deposit,1699.5,CAD
CA00008476,2025-01-02,BR040,TLR-3697,C500638,cash deposit,3536.25,CAD
CA00000721,2025-01-17,BR003,TLR-2727,C502245,cash deposit,332.59,CAD
CA00004664,2025-01-24,BR024,TLR-2282,C503270,cash deposit,1051.68,CAD
CA00004792,2025-01-31,BR025,TLR-8986,C503877,cash deposit,222.11,CAD
CA00007512,2025-01-31,BR037,TLR-6969,C503892,cash deposit,575.04,CAD
CA00006834,2025-01-07,BR035,TLR-7262,C502996,cash deposit,923.04,CAD
CA00002898,2025-01-17,BR015,TLR-1501,C502820,cash withdrawal,1881.58,CAD
CA00005487,2025-01-21,BR028,TLR-8245,C500754,cash withdrawal,724.39,CAD
CA00005127,2025-01-24,BR026,TLR-8924,C502854,cash deposit,2487.78,CAD
CA00004983,2025-01-14,BR025,TLR-7141,C501732,cash withdrawal,-309.34,CAD
CA00005813,2025-01-10,BR030,TLR-5601,C502440,cash withdrawal,484.93,CAD
CA00000247,2025-01-22,BR001,TLR-2509,C503335,cash deposit,1981.8,CAD
CA00000283,2025-01-13,BR001,TLR-9326,C503187,cash deposit,563.34,CAD
CA00006507,2025-01-29,BR033,TLR-6853,C501910,cash withdrawal,1430.57,CAD
CA00008611,2025-01-14,BR040,TLR-4713,C500224,cash withdrawal,408.46,CAD
CA00002636,2025-01-19,BR014,TLR-8390,C500613,cash withdrawal,868.51,CAD
CA00006971,2025-01-26,BR035,TLR-3305,C500453,cash deposit,3113.78,CAD
CA00002454,2025-01-02,BR013,TLR-4214,C503863,cash deposit,358.37,CAD
CA00007492,2025-01-05,BR037,TLR-1010,C502061,cash deposit,916.03,CAD
CA00002638,2025-01-07,BR014,TLR-5278,C501384,cash deposit,2340.34,CAD
CA00001984,2025-01-23,BR010,TLR-2752,C503067,cash withdrawal,2994.6,CAD
CA00001135,2025-01-07,BR006,TLR-4233,C500748,cash withdrawal,1150.86,CAD
CA00000821,2025-01-17,BR004,TLR-2309,C503888,cash withdrawal,835.61,CAD
CA00006449,2025-01-24,BR033,TLR-8577,C502287,cash withdrawal,2417.33,CAD
CA00007281,2025-01-04,BR036,TLR-7113,C501456,cash deposit,447.58,CAD
CA00003967,2025-01-17,BR020,TLR-3089,C502918,cash deposit,2998.4,USD
CA00003840,2025-01-25,BR019,TLR-4742,C501640,cash deposit,3133.15,CAD
CA00001605,2025-01-26,BR008,TLR-7197,C503273,cash withdrawal,2369.69,CAD
CA00002627,2025-01-16,BR014,TLR-9369,C502262,cash deposit,1857.64,CAD
CA00000395,2025-01-14,BR002,TLR-3905,C501325,cash withdrawal,-401.2,CAD
CA00007793,2025-01-09,BR039,TLR-9736,C502539,cash withdrawal,1201.33,CAD
CA00005617,2025-01-31,BR029,TLR-4389,C502440,cash withdrawal,1140.54,CAD
CA00008347,2025-01-31,BR040,TLR-6374,C501737,cash withdrawal,1233.6,CAD
CA00002762,2025-01-15,BR015,TLR-3557,C501208,cash deposit,2156.44,CAD
CA00007575,2025-01-04,BR037,TLR-1493,C503026,cash deposit,3202.32,CAD
CA00005973,2025-01-28,BR030,TLR-5899,C500925,cash withdrawal,2217.05,CAD
CA00001324,2025-01-30,BR006,TLR-7931,C503031,cash withdrawal,854.71,CAD
CA00000179,2025-01-15,BR001,TLR-6662,C501764,cash withdrawal,3101.08,CAD
CA00007554,2025-01-20,BR037,TLR-3013,C501332,cash deposit,1035.77,CAD
CA00006291,2025-01-23,BR032,TLR-3275,C500617,cash withdrawal,2276.85,CAD
CA00008121,2025-01-30,BR040,TLR-3414,C500617,cash deposit,1098.51,CAD
CA00007406,2025-01-01,BR037,TLR-7888,C501932,cash withdrawal,1082.03,CAD
CA00000277,2025-01-18,BR001,TLR-8788,C501600,cash deposit,1894.12,CAD
CA00008581,2025-01-28,BR040,TLR-9020,C503893,cash withdrawal,778.72,CAD
CA00005171,2025-01-25,BR026,TLR-7825,C503206,cash deposit,1079.29,CAD
CA00008067,2025-01-26,BR040,TLR-3415,C501533,cash deposit,829.08,CAD
CA00001024,2025-01-27,BR005,TLR-6407,C502879,cash deposit,970.43,CAD
CA00006629,2025-01-30,BR034,TLR-8912,C503816,cash withdrawal,467.72,CAD
CA00001883,2025-01-04,BR009,TLR-1541,C502673,cash withdrawal,1528.72,CAD
CA00006588,2025-01-05,BR033,TLR-6172,C503053,cash deposit,1703.64,CAD
CA00001233,2025-01-16,BR006,TLR-7367,C502492,cash withdrawal,247.32,CAD
CA00005338,2025-01-17,BR027,TLR-3949,C503965,cash deposit,556.69,CAD
CA00003268,2025-01-31,BR017,TLR-4078,C503620,cash deposit,3326.81,CAD
CA00004117,2025-01-26,BR021,TLR-9526,C500420,cash deposit,1541.51,CAD
CA00008372,2025-01-10,BR040,TLR-3391,C503655,cash withdrawal,968.04,CAD
CA00006123,2025-01-28,BR031,TLR-1590,C503368,cash withdrawal,1178.14,CAD
CA00006455,2025-01-19,BR033,TLR-6623,C503413,cash deposit,858.21,CAD
CA00003013,2025-01-02,BR016,TLR-1772,C500110,cash deposit,2358.46,CAD
CA00007791,2025-01-10,BR039,TLR-5194,C503791,cash deposit,789.57,CAD
CA00007669,2025-01-30,BR038,TLR-5797,C502150,cash withdrawal,114.73,CAD
CA00007357,2025-01-20,BR037,TLR-8465,C501489,cash deposit,652.73,CAD
CA00006216,2025-01-01,BR031,TLR-6611,C503315,cash deposit,499.66,CAD
CA00000576,2025-01-21,BR003,TLR-6162,C503983,cash withdrawal,1464.29,CAD
CA00002119,2025-01-14,BR011,TLR-9615,C501976,cash deposit,685.48,CAD
CA00006778,2025-01-16,BR035,TLR-5944,C501257,cash deposit,1741.06,CAD
CA00005009,2025-01-12,BR026,TLR-4209,C501133,cash deposit,649.64,CAD
CA00007378,2025-01-12,BR037,TLR-7973,C502511,cash withdrawal,652.36,CAD
CA00001286,2025-01-13,BR006,TLR-7098,C500242,cash withdrawal,832.55,CAD
CA00003189,2025-01-08,BR016,TLR-7049,C502613,cash deposit,692.39,CAD
CA00005554,2025-01-18,BR029,TLR-1427,C502046,cash withdrawal,1049.53,CAD
CA00005359,2025-01-24,BR027,TLR-5629,C500941,cash deposit,1353.98,CAD
CA00003017,2025-01-15,BR016,TLR-6715,C502998,cash withdrawal,680.22,CAD
CA00005862,2025-01-28,BR030,TLR-2090,C502919,cash withdrawal,2193.54,CAD
CA00000911,2025-01-11,BR004,TLR-7311,C501358,cash withdrawal,433.8,CAD
CA00005674,2025-01-10,BR029,TLR-9125,C501269,cash deposit,1351.18,CAD
CA00000172,2025-01-14,BR001,TLR-7035,C500936,cash withdrawal,1734.73,CAD
CA00007970,2025-01-08,BR039,TLR-3297,C500249,cash deposit,1096.44,CAD
CA00002282,2025-01-31,BR012,TLR-3850,C501085,cash deposit,3258.2,CAD
CA00005520,2025-01-10,BR028,TLR-8726,C502791,cash deposit,1020.5,CAD
CA00003788,2025-01-13,BR019,TLR-1689,C501295,cash deposit,3345.52,CAD
CA00000061,2025-01-06,BR001,TLR-4874,C502019,cash deposit,2071.9,CAD
CA00008002,2025-01-06,BR040,TLR-8566,C502149,cash withdrawal,475.23,CAD
CA00003479,2025-01-23,BR018,TLR-6006,C502357,cash deposit,2539.61,CAD
CA00005626,2025-01-06,BR029,TLR-5425,C500081,cash deposit,1001.77,CAD
CA00006265,2025-01-31,BR031,TLR-9710,C503330,cash withdrawal,1036.73,CAD
CA00007883,2025-01-08,BR039,TLR-6520,C502152,cash deposit,339.53,CAD
CA00007801,2025-01-14,BR039,TLR-8044,C501096,cash withdrawal,1837.04,CAD
CA00008071,2025-01-24,BR040,TLR-3195,C501479,cash withdrawal,412.16,CAD
CA00006372,2025-01-21,BR032,TLR-6256,C500218,cash deposit,570.75,CAD
CA00008431,2025-01-20,BR040,TLR-3182,C502749,cash deposit,1270.98,CAD
CA00001698,2025-01-17,BR008,TLR-9904,C500501,cash deposit,258.04,CAD
CA00006388,2025-01-09,BR032,TLR-3287,C500073,cash deposit,407.64,CAD
CA00006028,2025-01-18,BR031,TLR-6154,C500825,cash deposit,1276.47,CAD
CA00006915,2025-01-28,BR035,TLR-8566,C503014,cash withdrawal,336.41,CAD
CA00004392,2025-01-16,BR023,TLR-1600,C502345,cash deposit,1506.29,CAD
CA00002933,2025-01-27,BR015,TLR-9472,C500140,cash withdrawal,1054.18,CAD
CA00003261,2025-01-02,BR017,TLR-7130,C502391,cash deposit,436.8,CAD
CA00002259,2025-01-08,BR012,TLR-4023,C501792,cash deposit,447.72,CAD
CA00002612,2025-01-19,BR014,TLR-1503,C500984,cash deposit,353.98,CAD
CA00002254,2025-01-18,BR012,TLR-7531,C501970,cash withdrawal,425.75,CAD
CA00003836,2025-01-21,BR019,TLR-3547,C503292,cash withdrawal,3696.8,CAD
CA00004263,2025-01-19,BR022,TLR-4185,C502780,cash withdrawal,4780.29,CAD
CA00002500,2025-01-20,BR014,TLR-5965,C503402,cash deposit,418.76,CAD
CA00004733,2025-01-07,BR024,TLR-3338,C502483,cash deposit,1457.68,CAD
CA00002597,2025-01-29,BR014,TLR-7812,C501941,cash deposit,1497.29,CAD
CA00006644,2025-01-14,BR034,TLR-4670,C503958,cash deposit,1127.77,CAD
CA00001350,2025-01-31,BR006,TLR-1441,C502138,cash deposit,597.34,CAD
CA00003075,2025-01-19,BR016,TLR-2143,C501743,cash deposit,399.77,CAD
CA00004887,2025-01-29,BR025,TLR-1038,C502738,cash deposit,2712.15,CAD
CA00006258,2025-01-01,BR031,TLR-3616,C503293,cash withdrawal,1315.06,CAD
CA00001449,2025-01-14,BR007,TLR-1181,C502261,cash withdrawal,694.53,CAD
CA00004627,2025-01-26,BR024,TLR-4255,C503400,cash deposit,1102.13,CAD
CA00003595,2025-01-02,BR019,TLR-8711,C502099,cash withdrawal,625.37,CAD
CA00005824,2025-01-21,BR030,TLR-6766,C502702,cash deposit,2955.58,CAD
CA00007468,2025-01-19,BR037,TLR-3619,C501937,cash deposit,1242.54,CAD
CA00006344,2025-01-05,BR032,TLR-9934,C501021,cash withdrawal,330.85,CAD
CA00002562,2025-01-07,BR014,TLR-4285,C503150,cash deposit,577.29,CAD
CA00007218,2025-01-11,BR036,TLR-4524,C501974,cash deposit,715.37,CAD
CA00001025,2025-01-29,BR005,TLR-7662,C502142,cash withdrawal,2504.77,CAD
CA00006114,2025-01-24,BR031,TLR-2329,C503702,cash deposit,1129.3,CAD
CA00006646,2025-01-15,BR034,TLR-9085,C502001,cash withdrawal,911.87,CAD
CA00003264,2025-01-04,BR017,TLR-4449,C503014,cash withdrawal,607.08,CAD
CA00006425,2025-01-30,BR032,TLR-9865,C502825,cash withdrawal,1505.05,CAD
CA00002419,2025-01-06,BR013,TLR-2771,C503156,cash deposit,997.97,CAD
CA00005610,2025-01-31,BR029,TLR-8991,C501629,cash deposit,904.06,CAD
CA00000285,2025-01-29,BR001,TLR-2322,C502752,cash withdrawal,519.37,CAD
CA00003091,2025-01-07,BR016,TLR-8644,C502977,cash deposit,1290.14,CAD
CA00000098,2025-01-22,BR001,TLR-4475,C501039,cash deposit,1258.26,CAD
CA00005649,2025-01-06,BR029,TLR-8290,C501669,cash withdrawal,277.22,CAD
CA00008497,2025-01-13,BR040,TLR-7180,C503943,cash withdrawal,408.56,CAD
CA00006551,2025-01-23,BR033,TLR-2046,C500337,cash deposit,2178.72,CAD
CA00002458,2025-01-26,BR013,TLR-8600,C503477,cash withdrawal,2473.0,CAD
CA00001007,2025-01-20,BR004,TLR-2445,C501604,cash deposit,643.87,CAD
CA00003108,2025-01-22,BR016,TLR-6210,C501036,cash withdrawal,1083.6,CAD
CA00003571,2025-01-02,BR018,TLR-3953,C502785,cash withdrawal,405.85,CAD
CA00005329,2025-01-13,BR027,TLR-8684,C502974,cash withdrawal,1073.91,CAD
CA00001389,2025-01-21,BR007,TLR-5343,C501130,cash withdrawal,645.47,CAD
CA00006815,2025-01-26,BR035,TLR-9083,C503744,cash withdrawal,368.28,CAD
CA00001128,2025-01-01,BR006,TLR-3046,C502013,cash deposit,2468.61,CAD
CA00008103,2025-01-25,BR040,TLR-4284,C502452,cash deposit,982.09,CAD
CA00000145,2025-01-10,BR001,TLR-9089,C500458,cash withdrawal,778.3,CAD
CA00007724,2025-01-27,BR038,TLR-8708,C500567,cash deposit,1923.17,CAD
CA00002212,2025-01-22,BR012,TLR-3343,C501783,cash withdrawal,260.27,CAD
CA00003616,2025-01-23,BR019,TLR-1286,C502806,cash withdrawal,689.97,CAD
CA00004352,2025-01-31,BR023,TLR-5315,C501779,cash withdrawal,1481.56,CAD
CA00006373,2025-01-08,BR032,TLR-2661,C501889,cash withdrawal,1243.77,CAD
CA00006650,2025-01-20,BR034,TLR-8517,C502919,cash deposit,1562.87,CAD
CA00001574,2025-01-06,BR008,TLR-4213,C502406,cash withdrawal,1909.01,CAD
CA00005238,2025-01-29,BR026,TLR-8872,C500794,cash deposit,365.86,CAD
CA00000055,2025-01-09,BR001,TLR-7958,C502565,cash deposit,884.12,CAD
CA00005540,2025-01-07,BR028,TLR-9072,C503146,cash deposit,556.88,CAD
CA00002788,2025-01-04,BR015,TLR-2952,C500280,cash deposit,1987.58,CAD
CA00000774,2025-01-27,BR004,TLR-5943,C502576,cash withdrawal,355.22,CAD
CA00008115,2025-01-23,BR040,TLR-9187,C500576,cash deposit,543.36,CAD
CA00000229,2025-01-24,BR001,TLR-5703,C500176,cash deposit,2270.73,CAD
CA00008439,2025-01-06,BR040,TLR-8102,C500187,cash deposit,687.62,CAD
CA00003157,2025-01-16,BR016,TLR-2255,C503989,cash withdrawal,1500.52,CAD
CA00007345,2025-01-10,BR037,TLR-6022,C502185,cash deposit,1252.07,CAD
CA00006218,2025-01-22,BR031,TLR-6228,C500052,cash deposit,2200.5,CAD
CA00006558,2025-01-06,BR033,TLR-1466,C503685,cash withdrawal,2473.97,CAD
CA00001666,2025-01-08,BR008,TLR-9155,C502098,cash withdrawal,981.52,CAD
CA00007367,2025-01-27,BR037,TLR-7851,C502098,cash deposit,408.07,CAD
CA00003893,2025-01-01,BR020,TLR-1823,C503912,cash deposit,113.35,USD
CA00007867,2025-01-01,BR039,TLR-9900,C500988,cash deposit,531.13,CAD
CA00008301,2025-01-06,BR040,TLR-6061,C503304,cash withdrawal,1361.94,CAD
CA00000625,2025-01-27,BR003,TLR-1646,C503412,cash withdrawal,2049.8,CAD
CA00002994,2025-01-07,BR015,TLR-6312,C500784,cash deposit,6408.91,CAD
CA00005165,2025-01-13,BR026,TLR-3823,C502589,cash withdrawal,-498.32,CAD
CA00001889,2025-01-02,BR009,TLR-5931,C503359,cash deposit,4652.46,CAD
CA00006681,2025-01-27,BR034,TLR-7259,C500080,cash withdrawal,386.9,CAD
CA00006424,2025-01-01,BR032,TLR-6224,C500203,cash withdrawal,182.97,CAD
CA00002854,2025-01-09,BR015,TLR-1072,C503674,cash withdrawal,1482.32,CAD
CA00006309,2025-01-27,BR032,TLR-5799,C501004,cash withdrawal,1266.23,CAD
CA00004383,2025-01-16,BR023,TLR-8156,C502059,cash withdrawal,1037.32,CAD
CA00006811,2025-01-27,BR035,TLR-3019,C502530,cash deposit,2517.84,CAD
CA00001915,2025-01-15,BR009,TLR-8055,C500546,cash withdrawal,1298.36,CAD
CA00003316,2025-01-21,BR017,TLR-7362,C502029,cash withdrawal,916.04,CAD
CA00005880,2025-01-30,BR030,TLR-4684,C503726,cash deposit,970.88,CAD
CA00007203,2025-01-17,BR036,TLR-2528,C503264,cash deposit,733.28,CAD
CA00001174,2025-01-27,BR006,TLR-2954,C503971,cash deposit,511.35,CAD
CA00000792,2025-01-14,BR004,TLR-1832,C502762,cash deposit,871.01,CAD
CA00008663,2025-01-14,BR040,TLR-3180,C503413,cash deposit,937.3,CAD
CA00005747,2025-01-01,BR030,TLR-1850,C502102,cash deposit,662.57,CAD
CA00006284,2025-01-17,BR032,TLR-4508,C501755,cash deposit,613.76,CAD
CA00003035,2025-01-03,BR016,TLR-6974,C501403,cash withdrawal,2890.9,CAD
CA00005881,2025-01-19,BR030,TLR-8173,C502327,cash withdrawal,483.57,CAD
CA00005994,2025-01-13,BR030,TLR-2551,C500262,cash withdrawal,1273.75,CAD
CA00001086,2025-01-01,BR005,TLR-8107,C502277,cash withdrawal,665.77,CAD
CA00005677,2025-01-12,BR029,TLR-9865,C502387,cash deposit,1818.79,CAD
CA00006131,2025-01-01,BR031,TLR-2900,C503104,cash deposit,853.71,CAD
CA00004936,2025-01-02,BR025,TLR-5457,C503283,cash withdrawal,-414.37,CAD
CA00003187,2025-01-19,BR016,TLR-9238,C502824,cash withdrawal,862.99,CAD
CA00005119,2025-01-23,BR026,TLR-1114,C502852,cash deposit,1309.88,CAD
CA00004858,2025-01-11,BR025,TLR-2680,C503203,cash deposit,2421.42,CAD
CA00000649,2025-01-06,BR003,TLR-2926,C500046,cash withdrawal,452.37,CAD
CA00002074,2025-01-16,BR010,TLR-7221,C503387,cash withdrawal,641.59,CAD
CA00000636,2025-01-24,BR003,TLR-8394,C503434,cash deposit,4796.53,CAD
CA00004128,2025-01-23,BR021,TLR-3561,C503833,cash deposit,2649.54,CAD
CA00003699,2025-01-04,BR019,TLR-4260,C503478,cash withdrawal,761.32,CAD
CA00007465,2025-01-21,BR037,TLR-4344,C503624,cash withdrawal,847.89,CAD
CA00008066,2025-01-12,BR040,TLR-4367,C502550,cash withdrawal,678.88,CAD
CA00007873,2025-01-11,BR039,TLR-2229,C501194,cash deposit,374.45,CAD
CA00004385,2025-01-03,BR023,TLR-9888,C503547,cash withdrawal,1447.28,CAD
CA00003783,2025-01-17,BR019,TLR-9130,C503816,cash withdrawal,125.74,CAD
CA00005555,2025-01-06,BR029,TLR-8921,C502803,cash deposit,484.29,CAD
CA00001207,2025-01-07,BR006,TLR-4852,C502864,cash withdrawal,407.44,CAD
CA00004676,2025-01-28,BR024,TLR-1909,C502118,cash withdrawal,1068.26,CAD
CA00001634,2025-01-05,BR008,TLR-5213,C502655,cash withdrawal,1397.0,CAD
CA00001450,2025-01-10,BR007,TLR-6535,C501249,cash withdrawal,2213.84,CAD
CA00000436,2025-01-10,BR002,TLR-5508,C501213,cash withdrawal,-1039.88,CAD
CA00003414,2025-01-19,BR017,TLR-3595,C502863,cash deposit,674.18,CAD
CA00000937,2025-01-07,BR004,TLR-9075,C500602,cash withdrawal,881.49,CAD
CA00007106,2025-01-30,BR036,TLR-8570,C503398,cash deposit,827.26,CAD
CA00002985,2025-01-13,BR015,TLR-1481,C501426,cash withdrawal,1094.95,CAD
CA00004453,2025-01-02,BR024,TLR-1555,C502180,cash deposit,321.49,CAD
CA00004120,2025-01-09,BR021,TLR-8326,C502330,cash withdrawal,860.74,CAD
CA00004957,2025-01-30,BR025,TLR-3705,C502033,cash deposit,1152.16,CAD
CA00001471,2025-01-19,BR007,TLR-4114,C503633,cash withdrawal,1449.02,CAD
CA00002171,2025-01-22,BR012,TLR-2728,C502807,cash withdrawal,1776.35,CAD
CA00007560,2025-01-20,BR037,TLR-4807,C501762,cash withdrawal,992.52,CAD
CA00001064,2025-01-24,BR005,TLR-7919,C502671,cash withdrawal,330.17,CAD
CA00002299,2025-01-31,BR012,TLR-5646,C502635,cash withdrawal,932.37,CAD
CA00005311,2025-01-13,BR027,TLR-6600,C500191,cash deposit,2253.54,CAD
CA00007353,2025-01-04,BR037,TLR-1465,C500157,cash deposit,866.3,CAD
CA00005868,2025-01-25,BR030,TLR-3042,C501316,cash deposit,2099.86,CAD
CA00001814,2025-01-08,BR009,TLR-4382,C502144,cash withdrawal,1032.94,CAD
CA00006723,2025-01-29,BR034,TLR-7766,C500946,cash withdrawal,2322.19,CAD
CA00002573,2025-01-18,BR014,TLR-3470,C503102,cash deposit,2334.33,CAD
CA00007162,2025-01-29,BR036,TLR-6786,C501331,cash deposit,526.68,CAD
CA00000124,2025-01-31,BR001,TLR-6859,C502854,cash withdrawal,808.52,CAD
CA00002116,2025-01-13,BR011,TLR-8937,C501590,cash deposit,483.25,CAD
CA00005856,2025-01-02,BR030,TLR-8548,C500199,cash deposit,549.67,CAD
CA00002180,2025-01-11,BR012,TLR-5951,C502400,cash deposit,562.56,CAD
CA00006840,2025-01-22,BR035,TLR-6301,C503184,cash deposit,1436.41,CAD
CA00004527,2025-01-08,BR024,TLR-6385,C500587,cash withdrawal,743.72,CAD
CA00001103,2025-01-06,BR006,TLR-3668,C503938,cash deposit,411.58,CAD
CA00005223,2025-01-12,BR026,TLR-2481,C501763,cash deposit,3436.56,CAD
CA00007776,2025-01-24,BR039,TLR-4187,C501954,cash deposit,513.86,CAD
CA00002825,2025-01-10,BR015,TLR-8198,C500134,cash deposit,737.57,CAD
CA00000168,2025-01-14,BR001,TLR-7263,C502956,cash deposit,315.82,CAD
CA00003766,2025-01-31,BR019,TLR-6315,C502160,cash deposit,3586.28,CAD
CA00007782,2025-01-25,BR039,TLR-7009,C501600,cash withdrawal,2431.92,CAD
CA00001502,2025-01-26,BR007,TLR-8765,C500146,cash withdrawal,2608.03,CAD
CA00006986,2025-01-20,BR035,TLR-7415,C502106,cash withdrawal,1675.72,CAD
CA00002194,2025-01-18,BR012,TLR-1019,C501638,cash withdrawal,2123.85,CAD
CA00006208,2025-01-21,BR031,TLR-1705,C502785,cash withdrawal,1985.23,CAD
CA00001595,2025-01-29,BR008,TLR-1256,C503377,cash deposit,2478.45,CAD
CA00004760,2025-01-13,BR024,TLR-6666,C500672,cash withdrawal,1027.57,CAD
CA00000782,2025-01-11,BR004,TLR-6379,C502889,cash deposit,1594.53,CAD
CA00004204,2025-01-19,BR021,TLR-5734,C501011,cash deposit,410.1,CAD
CA00008670,2025-01-15,BR040,TLR-5125,C500463,cash deposit,1164.72,CAD
CA00005224,2025-01-22,BR026,TLR-4412,C503562,cash deposit,697.83,CAD
CA00005999,2025-01-25,BR030,TLR-3065,C500100,cash deposit,498.68,CAD
CA00006582,2025-01-28,BR033,TLR-3231,C500016,cash withdrawal,282.85,CAD
CA00004156,2025-01-12,BR021,TLR-1109,C502675,cash deposit,1032.58,CAD
CA00002806,2025-01-10,BR015,TLR-5782,C503070,cash deposit,1298.85,CAD
CA00000504,2025-01-01,BR002,TLR-4817,C500202,cash deposit,1042.35,CAD
CA00007094,2025-01-12,BR036,TLR-3787,C502994,cash withdrawal,637.89,CAD
CA00001240,2025-01-01,BR006,TLR-5135,C500192,cash withdrawal,1080.67,CAD
CA00001485,2025-01-06,BR007,TLR-6706,C503328,cash withdrawal,2765.97,CAD
CA00007746,2025-01-08,BR038,TLR-2586,C502999,cash withdrawal,745.15,CAD
CA00004149,2025-01-16,BR021,TLR-6742,C502743,cash withdrawal,1029.16,CAD
CA00001114,2025-01-09,BR006,TLR-3527,C500615,cash withdrawal,942.94,CAD
CA00008691,2025-01-08,BR040,TLR-7953,C501769,cash withdrawal,1074.65,CAD
CA00002471,2025-01-07,BR013,TLR-4712,C503509,cash withdrawal,1389.1,CAD
CA00006206,2025-01-24,BR031,TLR-8050,C502055,cash deposit,404.63,CAD
CA00006060,2025-01-21,BR031,TLR-5266,C502948,cash deposit,954.12,CAD
CA00000471,2025-01-05,BR002,TLR-7404,C503117,cash withdrawal,-448.42,CAD
CA00006148,2025-01-11,BR031,TLR-2141,C503187,cash withdrawal,2996.66,CAD
CA00005644,2025-01-17,BR029,TLR-2011,C502407,cash withdrawal,470.15,CAD
CA00008618,2025-01-08,BR040,TLR-5794,C502956,cash withdrawal,1888.65,CAD
CA00003495,2025-01-28,BR018,TLR-6996,C503127,cash deposit,386.47,CAD
CA00004838,2025-01-11,BR025,TLR-8918,C500211,cash deposit,1099.9,CAD
CA00007097,2025-01-28,BR036,TLR-2138,C502510,cash withdrawal,1925.81,CAD
CA00004266,2025-01-20,BR022,TLR-9881,C501791,cash deposit,628.79,CAD
CA00002698,2025-01-09,BR014,TLR-3134,C501716,cash deposit,1115.18,CAD
CA00003758,2025-01-12,BR019,TLR-7222,C500485,cash deposit,1301.37,CAD
CA00002038,2025-01-15,BR010,TLR-6369,C503156,cash deposit,4726.22,CAD
CA00000990,2025-01-05,BR004,TLR-4988,C501927,cash withdrawal,1072.57,CAD
CA00002929,2025-01-03,BR015,TLR-7864,C502829,cash deposit,375.05,CAD
CA00002876,2025-01-04,BR015,TLR-6068,C500646,cash withdrawal,270.53,CAD
CA00003607,2025-01-15,BR019,TLR-6888,C502572,cash deposit,822.27,CAD
CA00005039,2025-01-17,BR026,TLR-7139,C500046,cash deposit,624.62,CAD
CA00000270,2025-01-31,BR001,TLR-9300,C501904,cash deposit,2345.22,CAD
CA00000876,2025-01-29,BR004,TLR-4202,C503598,cash withdrawal,346.21,CAD
CA00003866,2025-01-30,BR019,TLR-6609,C500501,cash withdrawal,2818.62,CAD
CA00007018,2025-01-31,BR036,TLR-1930,C502386,cash withdrawal,2122.27,CAD
CA00003252,2025-01-31,BR017,TLR-6660,C500241,cash withdrawal,439.01,CAD
CA00000072,2025-01-21,BR001,TLR-8110,C500831,cash withdrawal,585.38,CAD
CA00005387,2025-01-24,BR027,TLR-8430,C500762,cash withdrawal,1798.11,CAD
CA00001124,2025-01-18,BR006,TLR-6239,C503924,cash deposit,713.24,CAD
CA00005531,2025-01-19,BR028,TLR-2441,C501491,cash deposit,1582.21,CAD
CA00003070,2025-01-25,BR016,TLR-3339,C501948,cash deposit,597.33,CAD
CA00006017,2025-01-18,BR031,TLR-1008,C501118,cash deposit,856.54,CAD
CA00008546,2025-01-22,BR040,TLR-3592,C502546,cash deposit,1704.84,CAD
CA00001610,2025-01-10,BR008,TLR-8741,C500667,cash deposit,310.84,CAD
CA00003968,2025-01-18,BR020,TLR-4369,C501557,cash withdrawal,2225.62,USD
CA00000826,2025-01-14,BR004,TLR-4096,C503697,cash withdrawal,802.38,CAD
CA00003219,2025-01-15,BR017,TLR-4184,C500211,cash deposit,391.8,CAD
CA00000430,2025-01-23,BR002,TLR-5486,C500769,cash deposit,214.98,CAD
CA00007063,2025-01-16,BR036,TLR-8005,C501167,cash deposit,1764.34,CAD
CA00006947,2025-01-19,BR035,TLR-1674,C503660,cash deposit,870.25,CAD
CA00001869,2025-01-29,BR009,TLR-3397,C502033,cash withdrawal,970.32,CAD
CA00006951,2025-01-20,BR035,TLR-7587,C500476,cash deposit,523.06,CAD
CA00003971,2025-01-20,BR020,TLR-6705,C500955,cash withdrawal,843.76,USD
CA00004956,2025-01-19,BR025,TLR-4681,C500093,cash withdrawal,-794.81,CAD
CA00008507,2025-01-25,BR040,TLR-6607,C503094,cash withdrawal,737.95,CAD
CA00006139,2025-01-27,BR031,TLR-4693,C502086,cash deposit,5887.72,CAD
CA00001772,2025-01-08,BR008,TLR-3160,C500248,cash deposit,1879.44,CAD
CA00001014,2025-01-24,BR004,TLR-5917,C503192,cash withdrawal,2085.94,CAD
CA00003146,2025-01-12,BR016,TLR-3229,C503507,cash deposit,345.14,CAD
CA00001839,2025-01-13,BR009,TLR-4638,C502942,cash deposit,1082.28,CAD
CA00004182,2025-01-22,BR021,TLR-5026,C503902,cash withdrawal,928.19,CAD
CA00007382,2025-01-07,BR037,TLR-9521,C502346,cash deposit,762.07,CAD
CA00002133,2025-01-17,BR011,TLR-2840,C500947,cash deposit,1104.15,CAD
CA00001078,2025-01-24,BR005,TLR-1656,C501393,cash withdrawal,946.86,CAD
CA00006775,2025-01-26,BR035,TLR-7252,C503296,cash withdrawal,582.08,CAD
CA00000868,2025-01-03,BR004,TLR-7505,C502096,cash withdrawal,493.92,CAD
CA00007287,2025-01-22,BR036,TLR-3164,C501709,cash withdrawal,192.44,CAD
CA00004401,2025-01-14,BR023,TLR-5890,C500118,cash deposit,330.82,CAD
CA00008173,2025-01-11,BR040,TLR-2372,C500044,cash deposit,1113.71,CAD
CA00006032,2025-01-11,BR031,TLR-4588,C503532,cash deposit,610.5,CAD
CA00004811,2025-01-31,BR025,TLR-6146,C500739,cash withdrawal,-1362.86,CAD
CA00007435,2025-01-19,BR037,TLR-8605,C502099,cash deposit,2302.96,CAD
CA00002160,2025-01-21,BR011,TLR-3442,C502332,cash deposit,263.1,CAD
CA00000583,2025-01-04,BR003,TLR-3094,C503198,cash deposit,2391.5,CAD
CA00007858,2025-01-11,BR039,TLR-7386,C501154,cash withdrawal,2257.08,CAD
CA00002054,2025-01-22,BR010,TLR-8887,C502703,cash deposit,2715.1,CAD
CA00004275,2025-01-18,BR022,TLR-8008,C501078,cash withdrawal,824.56,CAD
CA00002624,2025-01-21,BR014,TLR-8622,C500300,cash withdrawal,2125.34,CAD
CA00003553,2025-01-07,BR018,TLR-7888,C500518,cash withdrawal,360.11,CAD
CA00006418,2025-01-26,BR032,TLR-4268,C500749,cash deposit,446.92,CAD
CA00008356,2025-01-22,BR040,TLR-6521,C500137,cash deposit,287.83,CAD
CA00002649,2025-01-18,BR014,TLR-6213,C501613,cash deposit,580.87,CAD
CA00004692,2025-01-19,BR024,TLR-5746,C501099,cash withdrawal,580.42,CAD
CA00001660,2025-01-21,BR008,TLR-1303,C503328,cash deposit,2304.09,CAD
CA00001212,2025-01-01,BR006,TLR-4933,C503684,cash withdrawal,1090.52,CAD
CA00004471,2025-01-30,BR024,TLR-5662,C502437,cash deposit,518.44,CAD
CA00007569,2025-01-24,BR037,TLR-2827,C501208,cash withdrawal,773.72,CAD
CA00002024,2025-01-29,BR010,TLR-7504,C501266,cash withdrawal,2556.13,CAD
CA00004242,2025-01-02,BR021,TLR-6236,C503596,cash withdrawal,2814.32,CAD
CA00005569,2025-01-26,BR029,TLR-7506,C501269,cash withdrawal,222.49,CAD
CA00007347,2025-01-02,BR037,TLR-1925,C503927,cash deposit,2078.78,CAD
CA00002659,2025-01-19,BR014,TLR-3172,C500158,cash withdrawal,2292.68,CAD
CA00006623,2025-01-17,BR034,TLR-1096,C503068,cash withdrawal,3086.35,CAD
CA00000356,2025-01-10,BR002,TLR-6639,C502315,cash withdrawal,-1211.87,CAD
CA00000531,2025-01-13,BR002,TLR-3319,C502311,cash withdrawal,-2504.82,CAD
CA00002115,2025-01-23,BR011,TLR-6203,C503435,cash withdrawal,1424.99,CAD
CA00003135,2025-01-31,BR016,TLR-3488,C500603,cash deposit,2407.32,CAD
CA00004567,2025-01-09,BR024,TLR-8929,C503697,cash deposit,616.32,CAD
CA00001030,2025-01-25,BR005,TLR-9927,C501608,cash deposit,1591.15,CAD
CA00005608,2025-01-08,BR029,TLR-9219,C502422,cash withdrawal,1363.78,CAD
CA00005449,2025-01-13,BR028,TLR-3435,C500695,cash withdrawal,1633.64,CAD
CA00004954,2025-01-18,BR025,TLR-9134,C502040,cash deposit,501.27,CAD
CA00004369,2025-01-12,BR023,TLR-7260,C502192,cash deposit,646.69,CAD
CA00001823,2025-01-18,BR009,TLR-9841,C500233,cash withdrawal,185.28,CAD
CA00007337,2025-01-27,BR037,TLR-7012,C500628,cash withdrawal,743.22,CAD
CA00007897,2025-01-07,BR039,TLR-4515,C501691,cash deposit,524.32,CAD
CA00002418,2025-01-06,BR013,TLR-3282,C502451,cash withdrawal,1486.14,CAD
CA00004518,2025-01-19,BR024,TLR-4809,C501428,cash withdrawal,1926.33,CAD
CA00002303,2025-01-12,BR012,TLR-8428,C501254,cash withdrawal,970.31,CAD
CA00006797,2025-01-23,BR035,TLR-8410,C500787,cash deposit,1218.82,CAD
CA00003887,2025-01-10,BR020,TLR-7663,C503133,cash withdrawal,344.05,USD
CA00002046,2025-01-18,BR010,TLR-4540,C501015,cash withdrawal,1010.32,CAD
CA00003990,2025-01-10,BR020,TLR-6408,C502946,cash withdrawal,1255.46,USD
CA00008293,2025-01-08,BR040,TLR-8841,C501071,cash withdrawal,664.74,CAD
CA00003084,2025-01-18,BR016,TLR-9828,C502734,cash deposit,1322.29,CAD
CA00002068,2025-01-22,BR010,TLR-8705,C500062,cash deposit,1224.55,CAD
CA00006659,2025-01-12,BR034,TLR-1445,C500741,cash withdrawal,2274.29,CAD
CA00008217,2025-01-05,BR040,TLR-6752,C500427,cash deposit,2179.84,CAD
CA00005976,2025-01-05,BR030,TLR-9770,C502920,cash deposit,1335.48,CAD
CA00002666,2025-01-19,BR014,TLR-3256,C501138,cash deposit,2085.87,CAD
CA00004826,2025-01-27,BR025,TLR-2447,C500615,cash deposit,485.3,CAD
CA00000220,2025-01-26,BR001,TLR-2047,C500182,cash deposit,3712.62,CAD
CA00000111,2025-01-28,BR001,TLR-8441,C501676,cash withdrawal,1047.49,CAD
CA00004740,2025-01-05,BR024,TLR-8819,C501007,cash deposit,896.34,CAD
CA00006176,2025-01-20,BR031,TLR-1278,C502507,cash deposit,525.65,CAD
CA00002567,2025-01-07,BR014,TLR-3827,C500151,cash deposit,1718.75,CAD
CA00003046,2025-01-19,BR016,TLR-7532,C500848,cash deposit,938.05,CAD
CA00005272,2025-01-26,BR027,TLR-6187,C501130,cash withdrawal,1173.54,CAD
CA00000764,2025-01-02,BR004,TLR-1289,C500827,cash withdrawal,2006.69,CAD
CA00002952,2025-01-11,BR015,TLR-6301,C500146,cash deposit,1365.28,CAD
CA00000327,2025-01-11,BR002,TLR-6415,C503223,cash withdrawal,-811.5,CAD
CA00001863,2025-01-25,BR009,TLR-2986,C503443,cash withdrawal,1386.85,CAD
CA00000661,2025-01-03,BR003,TLR-8639,C502632,cash withdrawal,1048.68,CAD
CA00007050,2025-01-29,BR036,TLR-3494,C503100,cash withdrawal,462.7,CAD
CA00003461,2025-01-31,BR018,TLR-5318,C500791,cash withdrawal,1706.63,CAD
CA00004162,2025-01-18,BR021,TLR-2392,C502764,cash deposit,496.33,CAD
CA00001517,2025-01-08,BR007,TLR-7072,C503363,cash deposit,604.78,CAD
CA00002130,2025-01-23,BR011,TLR-7980,C500268,cash withdrawal,606.69,CAD
CA00000898,2025-01-25,BR004,TLR-8395,C502808,cash deposit,1945.95,CAD
CA00000047,2025-01-07,BR001,TLR-3455,C503625,cash deposit,3195.86,CAD
CA00007044,2025-01-20,BR036,TLR-5437,C503743,cash deposit,396.3,CAD
CA00004184,2025-01-26,BR021,TLR-6263,C500872,cash withdrawal,5554.57,CAD
CA00002102,2025-01-03,BR011,TLR-8608,C501447,cash withdrawal,740.49,CAD
CA00005062,2025-01-04,BR026,TLR-7334,C500744,cash withdrawal,-3621.62,CAD
CA00008279,2025-01-24,BR040,TLR-4148,C502071,cash withdrawal,1931.98,CAD
CA00002559,2025-01-06,BR014,TLR-9344,C501195,cash deposit,308.19,CAD
CA00008269,2025-01-07,BR040,TLR-6794,C503705,cash deposit,461.97,CAD
CA00006307,2025-01-10,BR032,TLR-4282,C500342,cash withdrawal,372.23,CAD
CA00006540,2025-01-28,BR033,TLR-6569,C500220,cash withdrawal,1003.4,CAD
CA00008236,2025-01-04,BR040,TLR-1722,C501995,cash withdrawal,2575.27,CAD
CA00000250,2025-01-17,BR001,TLR-7639,C501595,cash withdrawal,763.8,CAD
CA00000171,2025-01-03,BR001,TLR-6681,C503900,cash deposit,978.78,CAD
CA00007646,2025-01-12,BR038,TLR-6644,C503906,cash deposit,355.9,CAD
CA00005294,2025-01-23,BR027,TLR-2442,C501155,cash deposit,1613.12,CAD
CA00008536,2025-01-31,BR040,TLR-1155,C501224,cash deposit,1797.65,CAD
CA00007780,2025-01-06,BR039,TLR-5147,C501538,cash deposit,736.1,CAD
CA00004923,2025-01-22,BR025,TLR-5263,C501671,cash withdrawal,-2912.9,CAD
CA00005503,2025-01-23,BR028,TLR-9257,C501121,cash deposit,982.24,CAD
CA00008339,2025-01-13,BR040,TLR-6978,C501597,cash deposit,662.25,CAD
CA00003965,2025-01-16,BR020,TLR-2405,C502758,cash deposit,768.88,USD
CA00006779,2025-01-24,BR035,TLR-6902,C500315,cash deposit,431.82,CAD
CA00000478,2025-01-28,BR002,TLR-8947,C503869,cash withdrawal,-414.68,CAD
CA00006744,2025-01-30,BR034,TLR-3044,C501394,cash withdrawal,951.89,CAD
CA00003129,2025-01-20,BR016,TLR-8197,C501912,cash deposit,475.36,CAD
CA00001247,2025-01-27,BR006,TLR-5248,C501586,cash deposit,813.13,CAD
CA00000503,2025-01-09,BR002,TLR-8979,C500951,cash deposit,3064.36,CAD
CA00008565,2025-01-28,BR040,TLR-4846,C502442,cash deposit,1452.22,CAD
CA00001534,2025-01-22,BR007,TLR-9516,C502619,cash deposit,687.29,CAD
CA00007061,2025-01-11,BR036,TLR-4915,C500439,cash deposit,723.37,CAD
CA00000930,2025-01-04,BR004,TLR-2665,C501962,cash deposit,453.12,CAD
CA00000919,2025-01-22,BR004,TLR-6817,C501471,cash withdrawal,731.73,CAD
CA00006687,2025-01-31,BR034,TLR-7037,C501287,cash withdrawal,808.38,CAD
CA00001122,2025-01-31,BR006,TLR-6214,C502033,cash deposit,1027.77,CAD
CA00004931,2025-01-04,BR025,TLR-3300,C501760,cash withdrawal,-1154.44,CAD
CA00000185,2025-01-14,BR001,TLR-2635,C502862,cash deposit,941.97,CAD
CA00007774,2025-01-09,BR039,TLR-4906,C503694,cash withdrawal,1132.03,CAD
CA00004343,2025-01-06,BR023,TLR-5087,C500047,cash deposit,719.77,CAD
CA00006981,2025-01-12,BR035,TLR-8220,C502535,cash withdrawal,2694.63,CAD
CA00005169,2025-01-06,BR026,TLR-6970,C501811,cash withdrawal,-1143.58,CAD
CA00004613,2025-01-04,BR024,TLR-6108,C500389,cash withdrawal,2644.89,CAD
CA00000558,2025-01-22,BR003,TLR-1688,C503820,cash withdrawal,1532.73,CAD
CA00003881,2025-01-21,BR020,TLR-6263,C501237,cash deposit,229.05,USD
CA00002047,2025-01-19,BR010,TLR-4992,C500245,cash deposit,1745.9,CAD
CA00008628,2025-01-05,BR040,TLR-6542,C501392,cash deposit,2323.51,CAD
CA00001272,2025-01-15,BR006,TLR-4049,C501307,cash withdrawal,451.05,CAD
CA00008255,2025-01-20,BR040,TLR-8923,C503240,cash withdrawal,712.24,CAD
CA00006910,2025-01-20,BR035,TLR-1779,C501994,cash deposit,727.35,CAD
CA00003813,2025-01-20,BR019,TLR-7334,C503147,cash deposit,557.01,CAD
CA00000847,2025-01-14,BR004,TLR-3791,C500278,cash withdrawal,927.2,CAD
CA00002258,2025-01-22,BR012,TLR-7634,C502258,cash withdrawal,1237.57,CAD
CA00000843,2025-01-18,BR004,TLR-2965,C502560,cash deposit,1181.23,CAD
CA00003284,2025-01-26,BR017,TLR-4587,C500336,cash deposit,288.1,CAD
CA00002571,2025-01-15,BR014,TLR-5769,C503776,cash withdrawal,1531.62,CAD
CA00005826,2025-01-10,BR030,TLR-2131,C502332,cash withdrawal,1552.32,CAD
CA00007284,2025-01-08,BR036,TLR-9387,C502410,cash withdrawal,824.98,CAD
CA00001716,2025-01-01,BR008,TLR-4898,C503112,cash deposit,1838.75,CAD
CA00003734,2025-01-03,BR019,TLR-5066,C501178,cash withdrawal,1495.56,CAD
CA00007625,2025-01-29,BR038,TLR-3156,C503288,cash deposit,992.58,CAD
CA00005226,2025-01-12,BR026,TLR-3050,C500144,cash withdrawal,-1501.57,CAD
CA00000325,2025-01-07,BR002,TLR-7811,C500884,cash withdrawal,-460.99,CAD
CA00004262,2025-01-25,BR022,TLR-8519,C502027,cash withdrawal,1446.97,CAD
CA00001600,2025-01-11,BR008,TLR-6301,C501518,cash deposit,816.81,CAD
CA00006010,2025-01-23,BR030,TLR-6846,C501105,cash withdrawal,1236.87,CAD
CA00000746,2025-01-12,BR003,TLR-9132,C500028,cash withdrawal,4629.96,CAD
CA00008620,2025-01-26,BR040,TLR-5401,C501504,cash withdrawal,790.64,CAD
CA00004511,2025-01-29,BR024,TLR-6441,C503575,cash deposit,846.11,CAD
CA00004897,2025-01-18,BR025,TLR-4246,C500752,cash deposit,519.31,CAD
CA00003371,2025-01-01,BR017,TLR-7890,C501381,cash withdrawal,721.28,CAD
CA00004794,2025-01-28,BR025,TLR-7613,C500561,cash withdrawal,-1244.81,CAD
CA00005958,2025-01-08,BR030,TLR-7618,C500787,cash withdrawal,1513.91,CAD
CA00005752,2025-01-03,BR030,TLR-7159,C501566,cash withdrawal,1298.83,CAD
CA00004228,2025-01-21,BR021,TLR-8815,C502968,cash deposit,366.13,CAD
CA00006168,2025-01-16,BR031,TLR-5883,C501634,cash deposit,1071.88,CAD
CA00004106,2025-01-31,BR021,TLR-1821,C500217,cash deposit,1787.76,CAD
CA00006789,2025-01-06,BR035,TLR-8775,C500371,cash deposit,1381.81,CAD
CA00000722,2025-01-02,BR003,TLR-7498,C501668,cash deposit,2001.81,CAD
CA00006259,2025-01-02,BR031,TLR-1672,C501531,cash withdrawal,1342.33,CAD
CA00008230,2025-01-23,BR040,TLR-8671,C503807,cash withdrawal,794.54,CAD
CA00005023,2025-01-10,BR026,TLR-7919,C502854,cash withdrawal,-613.78,CAD
CA00003546,2025-01-27,BR018,TLR-4855,C500457,cash withdrawal,1081.44,CAD
CA00008021,2025-01-19,BR040,TLR-5674,C501788,cash withdrawal,2899.02,CAD
CA00002343,2025-01-09,BR012,TLR-7667,C502046,cash withdrawal,1045.38,CAD
CA00004103,2025-01-06,BR021,TLR-2191,C503806,cash withdrawal,721.38,CAD
CA00001507,2025-01-08,BR007,TLR-3067,C500765,cash deposit,807.72,CAD
CA00006543,2025-01-26,BR033,TLR-8386,C503256,cash deposit,617.33,CAD
CA00001185,2025-01-24,BR006,TLR-1669,C503835,cash withdrawal,746.61,CAD
CA00007736,2025-01-29,BR038,TLR-3904,C503139,cash withdrawal,1307.53,CAD
CA00005991,2025-01-05,BR030,TLR-2962,C502194,cash withdrawal,490.16,CAD
CA00005814,2025-01-01,BR030,TLR-9904,C500033,cash withdrawal,1648.06,CAD
CA00005405,2025-01-08,BR027,TLR-7335,C503979,cash withdrawal,1639.04,CAD
CA00002477,2025-01-12,BR013,TLR-7114,C501361,cash deposit,616.24,CAD
CA00004192,2025-01-07,BR021,TLR-6435,C503702,cash deposit,473.32,CAD
CA00008101,2025-01-27,BR040,TLR-3605,C500919,cash withdrawal,2866.62,CAD
CA00006000,2025-01-18,BR030,TLR-9853,C503667,cash deposit,1949.25,CAD
CA00003861,2025-01-21,BR019,TLR-9147,C502105,cash deposit,1077.69,CAD
CA00008274,2025-01-05,BR040,TLR-6587,C502379,cash deposit,485.82,CAD
CA00002918,2025-01-27,BR015,TLR-9214,C502022,cash withdrawal,1752.39,CAD
CA00002431,2025-01-20,BR013,TLR-8310,C502726,cash withdrawal,1200.77,CAD
CA00001011,2025-01-11,BR004,TLR-2869,C503307,cash withdrawal,853.51,CAD
CA00008137,2025-01-21,BR040,TLR-2142,C500902,cash deposit,445.76,CAD
CA00003627,2025-01-25,BR019,TLR-8434,C502163,cash withdrawal,2796.61,CAD
CA00002201,2025-01-29,BR012,TLR-1587,C500028,cash withdrawal,617.04,CAD
CA00006107,2025-01-06,BR031,TLR-3177,C500422,cash withdrawal,718.03,CAD
CA00003497,2025-01-24,BR018,TLR-1252,C502166,cash withdrawal,1199.23,CAD
CA00002828,2025-01-24,BR015,TLR-5862,C501110,cash deposit,1058.82,CAD
CA00006225,2025-01-16,BR031,TLR-4429,C503742,cash withdrawal,668.85,CAD
CA00004594,2025-01-31,BR024,TLR-7415,C502855,cash withdrawal,1344.51,CAD
CA00002650,2025-01-30,BR014,TLR-9725,C500111,cash withdrawal,2724.21,CAD
CA00002483,2025-01-02,BR013,TLR-7487,C500861,cash withdrawal,356.98,CAD
CA00006886,2025-01-26,BR035,TLR-4613,C502224,cash deposit,606.38,CAD
CA00000776,2025-01-25,BR004,TLR-5142,C503927,cash deposit,448.8,CAD
CA00000730,2025-01-10,BR003,TLR-2459,C502762,cash withdrawal,1708.0,CAD
CA00000541,2025-01-30,BR002,TLR-4066,C502551,cash deposit,411.27,CAD
CA00006280,2025-01-16,BR032,TLR-9073,C501234,cash deposit,922.58,CAD
CA00008204,2025-01-20,BR040,TLR-7199,C503554,cash deposit,746.87,CAD
CA00001410,2025-01-16,BR007,TLR-2424,C503082,cash deposit,858.83,CAD
CA00003799,2025-01-01,BR019,TLR-2605,C503321,cash deposit,1396.35,CAD
CA00007879,2025-01-21,BR039,TLR-2933,C500018,cash deposit,1912.78,CAD
CA00001705,2025-01-19,BR008,TLR-3852,C503636,cash deposit,983.76,CAD
CA00005772,2025-01-30,BR030,TLR-9481,C503176,cash deposit,1230.13,CAD
CA00006735,2025-01-25,BR034,TLR-3598,C500623,cash withdrawal,1012.96,CAD
CA00002772,2025-01-19,BR015,TLR-5856,C500579,cash withdrawal,2529.84,CAD
CA00004194,2025-01-05,BR021,TLR-3838,C500911,cash withdrawal,492.47,CAD
CA00005915,2025-01-20,BR030,TLR-3488,C500949,cash deposit,1252.69,CAD
CA00003720,2025-01-11,BR019,TLR-7235,C500859,cash withdrawal,521.03,CAD
CA00002051,2025-01-13,BR010,TLR-2475,C501302,cash deposit,1385.69,CAD
CA00001454,2025-01-18,BR007,TLR-7529,C503369,cash deposit,1421.5,CAD
CA00005767,2025-01-01,BR030,TLR-3319,C501072,cash withdrawal,652.95,CAD
CA00006069,2025-01-12,BR031,TLR-9839,C500565,cash withdrawal,662.89,CAD
CA00004407,2025-01-28,BR023,TLR-8749,C501511,cash withdrawal,856.68,CAD
CA00008688,2025-01-20,BR040,TLR-4462,C501421,cash withdrawal,791.56,CAD
CA00003646,2025-01-18,BR019,TLR-1253,C502930,cash withdrawal,650.97,CAD
CA00005588,2025-01-04,BR029,TLR-9817,C503932,cash withdrawal,711.57,CAD
CA00002052,2025-01-11,BR010,TLR-6125,C500944,cash withdrawal,790.61,CAD
CA00002437,2025-01-17,BR013,TLR-5275,C501952,cash deposit,353.27,CAD
CA00002076,2025-01-27,BR010,TLR-6266,C503034,cash withdrawal,579.58,CAD
CA00000083,2025-01-01,BR001,TLR-6779,C500301,cash withdrawal,1086.39,CAD
CA00004946,2025-01-23,BR025,TLR-2212,C503962,cash withdrawal,-842.71,CAD
CA00005481,2025-01-21,BR028,TLR-1404,C502919,cash deposit,439.6,CAD
CA00008527,2025-01-03,BR040,TLR-4215,C500338,cash withdrawal,283.03,CAD
CA00003795,2025-01-10,BR019,TLR-8493,C500891,cash withdrawal,822.28,CAD
CA00006732,2025-01-01,BR034,TLR-3850,C500124,cash withdrawal,1040.47,CAD
CA00001862,2025-01-06,BR009,TLR-2138,C503223,cash withdrawal,847.0,CAD
CA00008572,2025-01-04,BR040,TLR-8356,C502714,cash withdrawal,369.1,CAD
CA00006072,2025-01-03,BR031,TLR-8207,C501490,cash deposit,3317.24,CAD
CA00007505,2025-01-09,BR037,TLR-4974,C500402,cash deposit,1760.6,CAD
CA00005161,2025-01-22,BR026,TLR-7896,C503358,cash withdrawal,-1146.49,CAD
CA00008665,2025-01-19,BR040,TLR-4738,C503320,cash deposit,561.78,CAD
CA00005757,2025-01-26,BR030,TLR-6673,C500359,cash deposit,260.86,CAD
CA00003640,2025-01-26,BR019,TLR-2938,C502859,cash withdrawal,692.82,CAD
CA00007544,2025-01-27,BR037,TLR-9389,C502429,cash withdrawal,912.08,CAD
CA00000893,2025-01-13,BR004,TLR-3715,C502291,cash deposit,235.15,CAD
CA00002099,2025-01-25,BR011,TLR-5810,C502987,cash withdrawal,1118.8,CAD
CA00003856,2025-01-08,BR019,TLR-9942,C501141,cash withdrawal,695.6,CAD
CA00004309,2025-01-05,BR022,TLR-7248,C502775,cash withdrawal,592.78,CAD
CA00003353,2025-01-26,BR017,TLR-4965,C500272,cash withdrawal,430.8,CAD
CA00003487,2025-01-19,BR018,TLR-6341,C503555,cash deposit,629.42,CAD
CA00007313,2025-01-11,BR037,TLR-2705,C501551,cash deposit,857.49,CAD
CA00005825,2025-01-13,BR030,TLR-2663,C502679,cash withdrawal,315.97,CAD
CA00004434,2025-01-12,BR023,TLR-3127,C503472,cash deposit,424.59,CAD
CA00008276,2025-01-23,BR040,TLR-2084,C502999,cash deposit,380.62,CAD
CA00005334,2025-01-14,BR027,TLR-7592,C500040,cash withdrawal,3681.72,CAD
CA00003352,2025-01-06,BR017,TLR-8378,C501653,cash withdrawal,983.89,CAD
CA00002149,2025-01-08,BR011,TLR-6202,C503376,cash deposit,471.96,CAD
CA00005681,2025-01-16,BR029,TLR-6481,C502040,cash deposit,3639.69,CAD
CA00001551,2025-01-07,BR007,TLR-7151,C500191,cash withdrawal,1096.33,CAD
CA00003277,2025-01-14,BR017,TLR-3016,C502386,cash deposit,1305.3,CAD
CA00003622,2025-01-13,BR019,TLR-6771,C501539,cash withdrawal,1165.92,CAD
CA00000880,2025-01-28,BR004,TLR-1052,C501711,cash deposit,3330.2,CAD
CA00004235,2025-01-01,BR021,TLR-8334,C500690,cash withdrawal,911.21,CAD
CA00001960,2025-01-03,BR010,TLR-2229,C503279,cash deposit,673.69,CAD
CA00001094,2025-01-04,BR006,TLR-9304,C502000,cash withdrawal,945.9,CAD
CA00005887,2025-01-07,BR030,TLR-1614,C503151,cash withdrawal,619.06,CAD
CA00001588,2025-01-13,BR008,TLR-3673,C500103,cash deposit,906.3,CAD
CA00007491,2025-01-14,BR037,TLR-2351,C501808,cash deposit,2199.48,CAD
CA00007986,2025-01-04,BR040,TLR-2846,C503551,cash withdrawal,615.69,CAD
CA00001509,2025-01-08,BR007,TLR-2489,C503947,cash deposit,735.32,CAD
CA00008624,2025-01-25,BR040,TLR-8726,C500763,cash withdrawal,636.14,CAD
CA00006663,2025-01-17,BR034,TLR-2382,C501888,cash deposit,802.59,CAD
CA00001237,2025-01-13,BR006,TLR-2188,C502335,cash deposit,1605.48,CAD
CA00005547,2025-01-12,BR028,TLR-5559,C502001,cash withdrawal,519.58,CAD
CA00001481,2025-01-28,BR007,TLR-6640,C500626,cash deposit,1136.28,CAD
CA00000549,2025-01-02,BR003,TLR-8821,C501379,cash deposit,1424.54,CAD
CA00008414,2025-01-11,BR040,TLR-9414,C501873,cash deposit,859.65,CAD
CA00000397,2025-01-10,BR002,TLR-3859,C500395,cash deposit,231.75,CAD
CA00003448,2025-01-26,BR017,TLR-3723,C501106,cash deposit,1960.78,CAD
CA00007567,2025-01-31,BR037,TLR-2382,C500451,cash withdrawal,215.86,CAD
CA00006327,2025-01-16,BR032,TLR-6036,C502582,cash deposit,1576.15,CAD
CA00000421,2025-01-18,BR002,TLR-3738,C502186,cash withdrawal,-339.22,CAD
CA00005341,2025-01-22,BR027,TLR-1107,C502501,cash deposit,2877.08,CAD
CA00000634,2025-01-10,BR003,TLR-4840,C502542,cash deposit,1180.85,CAD
CA00005242,2025-01-07,BR026,TLR-4997,C501895,cash deposit,6674.78,CAD
CA00000157,2025-01-30,BR001,TLR-2664,C501527,cash deposit,2528.58,CAD
CA00007099,2025-01-08,BR036,TLR-1398,C501588,cash deposit,723.68,CAD
CA00006522,2025-01-24,BR033,TLR-6656,C501986,cash deposit,472.12,CAD
CA00002324,2025-01-17,BR012,TLR-8649,C500471,cash deposit,760.26,CAD
CA00007988,2025-01-11,BR040,TLR-9327,C501178,cash withdrawal,407.3,CAD
CA00006984,2025-01-29,BR035,TLR-6322,C500110,cash deposit,2658.53,CAD
CA00008119,2025-01-05,BR040,TLR-9113,C503202,cash withdrawal,1151.04,CAD
CA00008566,2025-01-14,BR040,TLR-4715,C502532,cash withdrawal,260.23,CAD
CA00004772,2025-01-31,BR025,TLR-1725,C500530,cash deposit,349.1,CAD
CA00005178,2025-01-27,BR026,TLR-9795,C502361,cash deposit,968.0,CAD
CA00004640,2025-01-05,BR024,TLR-7729,C502115,cash withdrawal,1134.1,CAD
CA00003638,2025-01-17,BR019,TLR-5397,C503954,cash withdrawal,782.06,CAD
CA00003592,2025-01-18,BR019,TLR-3226,C501953,cash withdrawal,2320.57,CAD
CA00002397,2025-01-20,BR012,TLR-1433,C502711,cash deposit,1237.23,CAD
CA00006256,2025-01-06,BR031,TLR-4639,C501067,cash withdrawal,930.29,CAD
CA00006898,2025-01-17,BR035,TLR-3670,C502281,cash withdrawal,539.52,CAD
CA00002706,2025-01-26,BR014,TLR-5545,C503381,cash withdrawal,908.34,CAD
CA00008307,2025-01-02,BR040,TLR-5819,C501265,cash withdrawal,402.98,CAD
CA00000166,2025-01-26,BR001,TLR-3786,C502224,cash deposit,1017.89,CAD
CA00007411,2025-01-18,BR037,TLR-1162,C502133,cash withdrawal,283.97,CAD
CA00001701,2025-01-26,BR008,TLR-6261,C503265,cash withdrawal,4808.71,CAD
CA00008689,2025-01-15,BR040,TLR-1211,C503923,cash deposit,347.22,CAD
CA00006054,2025-01-31,BR031,TLR-9299,C502354,cash deposit,644.37,CAD
CA00001151,2025-01-19,BR006,TLR-6971,C500815,cash deposit,1485.39,CAD
CA00001249,2025-01-22,BR006,TLR-8895,C502265,cash withdrawal,1450.17,CAD
CA00003216,2025-01-27,BR017,TLR-2916,C500221,cash withdrawal,720.5,CAD
CA00004533,2025-01-25,BR024,TLR-4253,C500294,cash deposit,178.46,CAD
CA00008674,2025-01-06,BR040,TLR-8246,C503672,cash deposit,1222.81,CAD
CA00008311,2025-01-19,BR040,TLR-7874,C500020,cash withdrawal,976.77,CAD
CA00001972,2025-01-24,BR010,TLR-4836,C501356,cash withdrawal,867.55,CAD
CA00006974,2025-01-28,BR035,TLR-7244,C502714,cash deposit,926.38,CAD
CA00005877,2025-01-19,BR030,TLR-6232,C502155,cash withdrawal,1043.89,CAD
CA00005735,2025-01-29,BR030,TLR-7765,C503840,cash withdrawal,975.96,CAD
CA00000702,2025-01-16,BR003,TLR-9945,C503513,cash withdrawal,793.58,CAD
CA00008033,2025-01-12,BR040,TLR-2150,C501997,cash deposit,934.77,CAD
CA00006853,2025-01-03,BR035,TLR-8589,C500687,cash withdrawal,145.83,CAD
CA00003842,2025-01-02,BR019,TLR-3054,C501468,cash withdrawal,1636.85,CAD
CA00003525,2025-01-04,BR018,TLR-9730,C503753,cash deposit,1965.88,CAD
CA00004380,2025-01-23,BR023,TLR-6250,C503009,cash deposit,227.92,CAD
CA00006832,2025-01-22,BR035,TLR-6480,C500232,cash deposit,1313.62,CAD
CA00007734,2025-01-28,BR038,TLR-3457,C501896,cash withdrawal,2232.89,CAD
CA00007980,2025-01-08,BR040,TLR-5391,C501557,cash deposit,1222.37,CAD
CA00005702,2025-01-23,BR030,TLR-5809,C503434,cash deposit,653.33,CAD
CA00002989,2025-01-09,BR015,TLR-6073,C500775,cash withdrawal,481.0,CAD
CA00002271,2025-01-21,BR012,TLR-2241,C500166,cash deposit,1101.36,CAD
CA00008367,2025-01-19,BR040,TLR-8588,C500314,cash deposit,1870.18,CAD
CA00003162,2025-01-07,BR016,TLR-5396,C503907,cash deposit,846.1,CAD
CA00006088,2025-01-26,BR031,TLR-1164,C502761,cash deposit,867.97,CAD
CA00002702,2025-01-14,BR014,TLR-1537,C501103,cash deposit,1147.5,CAD
CA00001617,2025-01-02,BR008,TLR-1541,C503002,cash withdrawal,523.28,CAD
CA00005859,2025-01-14,BR030,TLR-6764,C501493,cash deposit,567.15,CAD
CA00002572,2025-01-07,BR014,TLR-3196,C500908,cash withdrawal,1943.83,CAD
CA00004630,2025-01-19,BR024,TLR-8335,C501532,cash withdrawal,2113.19,CAD
CA00000578,2025-01-29,BR003,TLR-6639,C502359,cash withdrawal,1692.87,CAD
CA00006152,2025-01-29,BR031,TLR-5107,C500788,cash deposit,611.87,CAD
CA00003016,2025-01-04,BR016,TLR-7837,C503553,cash deposit,675.29,CAD
CA00003409,2025-01-12,BR017,TLR-3584,C503597,cash deposit,356.28,CAD
CA00003300,2025-01-17,BR017,TLR-8747,C503776,cash deposit,452.16,CAD
CA00004819,2025-01-26,BR025,TLR-4094,C503205,cash deposit,770.03,CAD
CA00006851,2025-01-23,BR035,TLR-9138,C503047,cash deposit,1093.62,CAD
CA00005092,2025-01-11,BR026,TLR-4245,C503838,cash withdrawal,-463.76,CAD
CA00003746,2025-01-02,BR019,TLR-6386,C503319,cash deposit,485.18,CAD
CA00008694,2025-01-22,BR040,TLR-7976,C502005,cash withdrawal,759.39,CAD
CA00000931,2025-01-25,BR004,TLR-2292,C500322,cash deposit,954.13,CAD
CA00007420,2025-01-03,BR037,TLR-4652,C500393,cash withdrawal,1513.66,CAD
CA00000761,2025-01-27,BR004,TLR-5983,C502419,cash withdrawal,416.54,CAD
CA00007634,2025-01-30,BR038,TLR-4506,C500451,cash withdrawal,2786.47,CAD
CA00003039,2025-01-05,BR016,TLR-3934,C500586,cash deposit,2711.41,CAD
CA00004168,2025-01-02,BR021,TLR-8601,C503794,cash deposit,2467.71,CAD
CA00002455,2025-01-26,BR013,TLR-2965,C503310,cash deposit,595.51,CAD
CA00003072,2025-01-02,BR016,TLR-5643,C503092,cash deposit,503.53,CAD
CA00001189,2025-01-12,BR006,TLR-7504,C500007,cash deposit,1076.75,CAD
CA00003404,2025-01-05,BR017,TLR-7218,C502755,cash withdrawal,767.77,CAD
CA00005321,2025-01-18,BR027,TLR-3903,C503715,cash deposit,390.2,CAD
CA00000560,2025-01-31,BR003,TLR-6871,C501596,cash deposit,1705.08,CAD
CA00004109,2025-01-02,BR021,TLR-1549,C503455,cash withdrawal,713.55,CAD
CA00005992,2025-01-18,BR030,TLR-3952,C500039,cash withdrawal,3064.14,CAD
CA00008157,2025-01-21,BR040,TLR-6123,C500911,cash deposit,1061.16,CAD
CA00005256,2025-01-29,BR027,TLR-6100,C501317,cash withdrawal,546.43,CAD
CA00006639,2025-01-10,BR034,TLR-1525,C500846,cash deposit,2717.67,CAD
CA00004199,2025-01-31,BR021,TLR-2956,C501422,cash deposit,595.33,CAD
CA00002514,2025-01-30,BR014,TLR-4607,C502778,cash withdrawal,893.84,CAD
CA00004172,2025-01-12,BR021,TLR-7852,C500346,cash deposit,2081.19,CAD
CA00007137,2025-01-24,BR036,TLR-7249,C501236,cash deposit,1868.26,CAD
CA00001482,2025-01-29,BR007,TLR-5436,C501650,cash withdrawal,551.59,CAD
CA00008354,2025-01-20,BR040,TLR-1555,C503700,cash withdrawal,1759.05,CAD
CA00005953,2025-01-03,BR030,TLR-7040,C503853,cash deposit,254.72,CAD
CA00006189,2025-01-19,BR031,TLR-9123,C501248,cash withdrawal,639.62,CAD
CA00001776,2025-01-07,BR008,TLR-7207,C502624,cash deposit,2964.63,CAD
CA00006046,2025-01-14,BR031,TLR-3306,C500286,cash deposit,2868.2,CAD
CA00002801,2025-01-24,BR015,TLR-6743,C500630,cash withdrawal,2401.9,CAD
CA00003969,2025-01-09,BR020,TLR-9066,C503858,cash deposit,863.03,USD
CA00001497,2025-01-21,BR007,TLR-8595,C500996,cash withdrawal,770.4,CAD
CA00004646,2025-01-25,BR024,TLR-9339,C503540,cash deposit,583.29,CAD
CA00000180,2025-01-17,BR001,TLR-3580,C500031,cash deposit,1673.73,CAD
CA00002218,2025-01-25,BR012,TLR-3187,C500028,cash deposit,653.8,CAD
CA00000612,2025-01-14,BR003,TLR-5869,C503034,cash withdrawal,2178.25,CAD
CA00000595,2025-01-18,BR003,TLR-6621,C502488,cash withdrawal,2068.03,CAD
CA00006809,2025-01-06,BR035,TLR-4912,C500150,cash deposit,1775.45,CAD
CA00003458,2025-01-19,BR018,TLR-8860,C500674,cash deposit,1279.5,CAD
CA00001009,2025-01-04,BR004,TLR-2912,C502161,cash deposit,1125.77,CAD
CA00004863,2025-01-19,BR025,TLR-8187,C503423,cash deposit,284.03,CAD
CA00006292,2025-01-12,BR032,TLR-9885,C503679,cash deposit,2879.87,CAD
CA00005305,2025-01-27,BR027,TLR-4624,C502026,cash withdrawal,409.48,CAD
CA00000934,2025-01-01,BR004,TLR-4357,C500105,cash withdrawal,1313.28,CAD
CA00007983,2025-01-05,BR040,TLR-3759,C502579,cash withdrawal,1430.7,CAD
CA00002272,2025-01-29,BR012,TLR-2547,C500269,cash deposit,435.97,CAD
CA00001903,2025-01-26,BR009,TLR-6301,C503400,cash withdrawal,2261.16,CAD
CA00007493,2025-01-18,BR037,TLR-2862,C501513,cash deposit,1392.42,CAD
CA00001092,2025-01-15,BR006,TLR-9529,C503069,cash withdrawal,1883.8,CAD
CA00006874,2025-01-26,BR035,TLR-4880,C500688,cash deposit,891.57,CAD
CA00005675,2025-01-21,BR029,TLR-9625,C501338,cash withdrawal,942.09,CAD
CA00000002,2025-01-10,BR001,TLR-1128,C502501,cash withdrawal,850.5,CAD
CA00004132,2025-01-09,BR021,TLR-4128,C500524,cash withdrawal,4018.58,CAD
CA00007623,2025-01-10,BR038,TLR-8328,C501598,cash withdrawal,289.01,CAD
CA00005952,2025-01-06,BR030,TLR-4852,C501487,cash withdrawal,2498.81,CAD
CA00002430,2025-01-17,BR013,TLR-3989,C502631,cash deposit,3632.21,CAD
CA00005469,2025-01-22,BR028,TLR-5250,C502609,cash withdrawal,2021.52,CAD
CA00002697,2025-01-18,BR014,TLR-6089,C500683,cash withdrawal,1222.91,CAD
CA00001663,2025-01-17,BR008,TLR-4482,C502127,cash deposit,893.22,CAD
CA00003731,2025-01-28,BR019,TLR-3964,C503262,cash deposit,138.03,CAD
CA00006958,2025-01-06,BR035,TLR-5261,C501152,cash withdrawal,128.85,CAD
CA00006243,2025-01-15,BR031,TLR-2288,C502301,cash deposit,495.53,CAD
CA00006456,2025-01-02,BR033,TLR-4377,C501458,cash withdrawal,541.59,CAD
CA00004082,2025-01-02,BR021,TLR-2172,C501726,cash deposit,4253.28,CAD
CA00001815,2025-01-07,BR009,TLR-8042,C501528,cash withdrawal,2011.1,CAD
CA00004140,2025-01-17,BR021,TLR-1776,C501128,cash deposit,1197.61,CAD
CA00002155,2025-01-13,BR011,TLR-9618,C502350,cash withdrawal,748.6,CAD
CA00002658,2025-01-03,BR014,TLR-8315,C500161,cash withdrawal,1297.78,CAD
CA00006285,2025-01-23,BR032,TLR-6351,C502088,cash deposit,647.15,CAD
CA00001500,2025-01-09,BR007,TLR-5093,C501084,cash withdrawal,3191.25,CAD
CA00000407,2025-01-03,BR002,TLR-8715,C502183,cash withdrawal,-924.96,CAD
CA00003263,2025-01-03,BR017,TLR-5032,C500412,cash withdrawal,2316.71,CAD
CA00007392,2025-01-09,BR037,TLR-5914,C502991,cash withdrawal,3273.92,CAD
CA00005581,2025-01-04,BR029,TLR-9431,C503338,cash withdrawal,3014.59,CAD
CA00000789,2025-01-17,BR004,TLR-6304,C500867,cash deposit,3287.51,CAD
CA00002215,2025-01-29,BR012,TLR-6018,C503771,cash withdrawal,1722.95,CAD
CA00002150,2025-01-30,BR011,TLR-3894,C500812,cash deposit,1526.48,CAD
CA00000922,2025-01-23,BR004,TLR-3724,C503902,cash deposit,493.05,CAD
CA00007930,2025-01-30,BR039,TLR-1084,C503219,cash deposit,544.58,CAD
CA00004454,2025-01-21,BR024,TLR-6239,C503228,cash withdrawal,2692.68,CAD
CA00000295,2025-01-18,BR001,TLR-5856,C501847,cash withdrawal,357.6,CAD
CA00008226,2025-01-20,BR040,TLR-1112,C503626,cash withdrawal,472.66,CAD
CA00008233,2025-01-22,BR040,TLR-5978,C501440,cash deposit,2012.04,CAD
CA00003364,2025-01-30,BR017,TLR-6377,C503961,cash deposit,2225.55,CAD
CA00004348,2025-01-18,BR023,TLR-6696,C502635,cash deposit,440.15,CAD
CA00001462,2025-01-22,BR007,TLR-9538,C500852,cash withdrawal,2602.35,CAD
CA00003865,2025-01-15,BR019,TLR-8648,C501232,cash withdrawal,2350.76,CAD
CA00007718,2025-01-11,BR038,TLR-9019,C503053,cash deposit,611.26,CAD
CA00000995,2025-01-19,BR004,TLR-5000,C501316,cash deposit,529.82,CAD
CA00001733,2025-01-28,BR008,TLR-7375,C502291,cash deposit,4530.15,CAD
CA00006787,2025-01-26,BR035,TLR-9010,C501246,cash deposit,3092.28,CAD
CA00006858,2025-01-25,BR035,TLR-7958,C500480,cash withdrawal,528.03,CAD
CA00000070,2025-01-26,BR001,TLR-9766,C502587,cash deposit,1278.41,CAD
CA00006796,2025-01-04,BR035,TLR-6172,C501395,cash withdrawal,1429.91,CAD
CA00004040,2025-01-30,BR020,TLR-1024,C503736,cash deposit,1569.29,USD
CA00000222,2025-01-28,BR001,TLR-2317,C502293,cash withdrawal,2134.86,CAD
CA00004467,2025-01-12,BR024,TLR-9075,C501966,cash deposit,1230.63,CAD
CA00004959,2025-01-18,BR025,TLR-8678,C500209,cash withdrawal,-2173.09,CAD
CA00003474,2025-01-13,BR018,TLR-5071,C500822,cash withdrawal,1592.0,CAD
CA00008345,2025-01-20,BR040,TLR-6336,C502631,cash deposit,850.13,CAD
CA00007864,2025-01-12,BR039,TLR-9376,C502656,cash withdrawal,1620.68,CAD
CA00001224,2025-01-23,BR006,TLR-6687,C502606,cash deposit,4180.45,CAD
CA00002004,2025-01-08,BR010,TLR-1957,C502775,cash withdrawal,636.77,CAD
CA00001367,2025-01-21,BR007,TLR-9479,C503242,cash deposit,826.84,CAD
CA00006795,2025-01-25,BR035,TLR-1678,C500060,cash withdrawal,1627.25,CAD
CA00007847,2025-01-25,BR039,TLR-4651,C501668,cash deposit,6613.77,CAD
CA00007499,2025-01-31,BR037,TLR-9755,C503138,cash withdrawal,466.42,CAD
CA00006247,2025-01-04,BR031,TLR-3784,C503872,cash deposit,782.66,CAD
CA00004323,2025-01-24,BR022,TLR-6205,C503644,cash deposit,905.97,CAD
CA00003782,2025-01-05,BR019,TLR-5881,C501543,cash deposit,444.7,CAD
CA00001578,2025-01-13,BR008,TLR-6010,C502803,cash withdrawal,3260.61,CAD
CA00007186,2025-01-07,BR036,TLR-4505,C502046,cash withdrawal,611.65,CAD
CA00005153,2025-01-29,BR026,TLR-8522,C500789,cash deposit,1628.5,CAD
CA00008364,2025-01-26,BR040,TLR-8833,C501313,cash withdrawal,9635.55,CAD
CA00007031,2025-01-17,BR036,TLR-3618,C503167,cash deposit,422.2,CAD
CA00005199,2025-01-07,BR026,TLR-1103,C501729,cash withdrawal,-789.11,CAD
CA00007361,2025-01-07,BR037,TLR-2303,C500164,cash withdrawal,376.94,CAD
CA00008237,2025-01-05,BR040,TLR-2861,C502529,cash deposit,719.64,CAD
CA00003244,2025-01-06,BR017,TLR-6456,C500617,cash withdrawal,1082.24,CAD
CA00004702,2025-01-05,BR024,TLR-5782,C503208,cash withdrawal,1568.53,CAD
CA00007421,2025-01-16,BR037,TLR-7743,C503938,cash withdrawal,928.97,CAD
CA00000299,2025-01-12,BR001,TLR-8114,C501088,cash withdrawal,765.09,CAD
CA00007688,2025-01-23,BR038,TLR-4121,C502050,cash withdrawal,877.07,CAD
CA00003526,2025-01-27,BR018,TLR-9289,C503265,cash deposit,593.7,CAD
CA00002064,2025-01-30,BR010,TLR-8902,C503847,cash withdrawal,902.1,CAD
CA00004694,2025-01-08,BR024,TLR-7136,C501764,cash withdrawal,959.31,CAD
CA00003991,2025-01-30,BR020,TLR-2832,C500411,cash deposit,1294.17,USD
CA00005643,2025-01-22,BR029,TLR-9778,C502672,cash withdrawal,548.91,CAD
CA00007775,2025-01-14,BR039,TLR-7837,C500168,cash deposit,382.01,CAD
CA00004645,2025-01-18,BR024,TLR-7839,C500781,cash deposit,226.24,CAD
CA00000916,2025-01-26,BR004,TLR-1619,C500670,cash withdrawal,1115.75,CAD
CA00004993,2025-01-12,BR026,TLR-6709,C502726,cash deposit,3991.4,CAD
CA00001569,2025-01-18,BR007,TLR-3331,C503037,cash withdrawal,714.26,CAD
CA00001333,2025-01-16,BR006,TLR-5676,C502301,cash withdrawal,2384.61,CAD
CA00005440,2025-01-23,BR028,TLR-2602,C503926,cash deposit,598.31,CAD
CA00000830,2025-01-01,BR004,TLR-8925,C503546,cash deposit,628.54,CAD
CA00002510,2025-01-13,BR014,TLR-2000,C500323,cash withdrawal,972.03,CAD
CA00005591,2025-01-29,BR029,TLR-4152,C502867,cash deposit,903.26,CAD
CA00007438,2025-01-23,BR037,TLR-6285,C503048,cash deposit,579.19,CAD
CA00004607,2025-01-23,BR024,TLR-5431,C500439,cash withdrawal,201.22,CAD
CA00002362,2025-01-20,BR012,TLR-6247,C503502,cash withdrawal,2181.58,CAD
CA00000530,2025-01-24,BR002,TLR-5287,C502460,cash withdrawal,-1693.58,CAD
CA00007915,2025-01-25,BR039,TLR-6642,C500205,cash deposit,2511.22,CAD
CA00004689,2025-01-17,BR024,TLR-4228,C502260,cash deposit,2511.71,CAD
CA00005688,2025-01-07,BR029,TLR-6075,C501137,cash withdrawal,1863.27,CAD
CA00004165,2025-01-03,BR021,TLR-2743,C503986,cash deposit,964.18,CAD
CA00006007,2025-01-16,BR030,TLR-1941,C500192,cash withdrawal,278.98,CAD
CA00006169,2025-01-19,BR031,TLR-4312,C501524,cash withdrawal,675.91,CAD
CA00005041,2025-01-15,BR026,TLR-1371,C503015,cash deposit,588.29,CAD
CA00001210,2025-01-20,BR006,TLR-6341,C503029,cash withdrawal,436.29,CAD
CA00005690,2025-01-01,BR029,TLR-7373,C502026,cash withdrawal,424.17,CAD
CA00008133,2025-01-29,BR040,TLR-7303,C502516,cash deposit,2392.89,CAD
CA00001759,2025-01-14,BR008,TLR-3472,C500069,cash deposit,1530.85,CAD
CA00001905,2025-01-27,BR009,TLR-5824,C502610,cash withdrawal,165.5,CAD
CA00005448,2025-01-11,BR028,TLR-1743,C502748,cash deposit,1528.28,CAD
CA00004742,2025-01-08,BR024,TLR-7774,C500367,cash withdrawal,472.92,CAD
CA00002376,2025-01-05,BR012,TLR-3856,C501842,cash withdrawal,466.48,CAD
CA00000289,2025-01-16,BR001,TLR-2190,C500017,cash deposit,1371.59,CAD
CA00008558,2025-01-11,BR040,TLR-6613,C502917,cash withdrawal,1638.29,CAD
CA00003561,2025-01-06,BR018,TLR-1588,C501486,cash deposit,287.23,CAD
CA00006246,2025-01-20,BR031,TLR-9608,C502957,cash deposit,1870.48,CAD
CA00001996,2025-01-23,BR010,TLR-3296,C501904,cash deposit,646.82,CAD
CA00004582,2025-01-01,BR024,TLR-2826,C500479,cash deposit,869.6,CAD
CA00005935,2025-01-06,BR030,TLR-4991,C502104,cash deposit,2083.52,CAD
CA00008596,2025-01-10,BR040,TLR-4555,C502676,cash withdrawal,345.18,CAD
CA00002720,2025-01-15,BR014,TLR-8251,C501696,cash withdrawal,1775.41,CAD
CA00006579,2025-01-24,BR033,TLR-7562,C500173,cash deposit,388.91,CAD
CA00001927,2025-01-12,BR009,TLR-5683,C500571,cash withdrawal,726.31,CAD
CA00005304,2025-01-06,BR027,TLR-1762,C500465,cash deposit,4934.95,CAD
CA00003090,2025-01-17,BR016,TLR-8611,C501787,cash deposit,1730.87,CAD
CA00006390,2025-01-15,BR032,TLR-1103,C502137,cash withdrawal,774.37,CAD
CA00008046,2025-01-07,BR040,TLR-3268,C501381,cash withdrawal,1117.92,CAD
CA00008529,2025-01-22,BR040,TLR-2916,C502126,cash withdrawal,874.12,CAD
CA00000610,2025-01-04,BR003,TLR-2762,C503125,cash deposit,457.11,CAD
CA00004990,2025-01-01,BR025,TLR-6821,C501985,cash withdrawal,-2275.83,CAD
CA00005916,2025-01-03,BR030,TLR-3540,C502749,cash withdrawal,1837.2,CAD
CA00004535,2025-01-27,BR024,TLR-6318,C500823,cash withdrawal,1681.31,CAD
CA00005094,2025-01-30,BR026,TLR-6876,C502806,cash withdrawal,-1031.65,CAD
CA00001741,2025-01-20,BR008,TLR-4358,C500071,cash deposit,407.41,CAD
CA00006084,2025-01-06,BR031,TLR-5192,C501285,cash withdrawal,992.3,CAD
CA00000580,2025-01-19,BR003,TLR-8709,C503778,cash deposit,1213.04,CAD
CA00004754,2025-01-02,BR024,TLR-7068,C502365,cash withdrawal,321.09,CAD
CA00002746,2025-01-25,BR015,TLR-3669,C502296,cash withdrawal,1017.21,CAD
CA00008474,2025-01-15,BR040,TLR-8331,C500072,cash deposit,1104.96,CAD
CA00007666,2025-01-30,BR038,TLR-2583,C501108,cash deposit,1811.13,CAD
CA00002767,2025-01-07,BR015,TLR-8497,C502787,cash deposit,2232.84,CAD
CA00002053,2025-01-11,BR010,TLR-5104,C503899,cash withdrawal,2156.55,CAD
CA00008366,2025-01-22,BR040,TLR-3001,C501406,cash deposit,1517.81,CAD
CA00001950,2025-01-03,BR010,TLR-9177,C501792,cash deposit,1586.79,CAD
CA00002560,2025-01-23,BR014,TLR-3986,C501005,cash deposit,505.27,CAD
CA00001919,2025-01-12,BR009,TLR-1286,C501359,cash deposit,2770.36,CAD
CA00006315,2025-01-27,BR032,TLR-9602,C502483,cash withdrawal,1281.51,CAD
CA00005889,2025-01-08,BR030,TLR-1061,C501673,cash withdrawal,1354.45,CAD
CA00007222,2025-01-14,BR036,TLR-8611,C501359,cash deposit,522.2,CAD
CA00004030,2025-01-21,BR020,TLR-4077,C500195,cash withdrawal,1994.94,USD
CA00000142,2025-01-07,BR001,TLR-8521,C500909,cash deposit,4255.95,CAD
CA00007009,2025-01-22,BR036,TLR-9856,C503183,cash deposit,1844.49,CAD
CA00000631,2025-01-08,BR003,TLR-8097,C503686,cash withdrawal,1037.31,CAD
CA00004445,2025-01-03,BR023,TLR-2723,C502949,cash withdrawal,1015.07,CAD
CA00008574,2025-01-04,BR040,TLR-1464,C503462,cash deposit,287.1,CAD
CA00007837,2025-01-21,BR039,TLR-7672,C501993,cash withdrawal,1094.29,CAD
CA00005064,2025-01-11,BR026,TLR-2395,C501880,cash deposit,1241.56,CAD
CA00006841,2025-01-04,BR035,TLR-7127,C501599,cash deposit,731.16,CAD
CA00001941,2025-01-28,BR010,TLR-4529,C503628,cash withdrawal,1367.09,CAD
CA00008617,2025-01-04,BR040,TLR-5178,C501179,cash withdrawal,699.7,CAD
CA00005615,2025-01-25,BR029,TLR-2479,C503842,cash deposit,803.82,CAD
CA00003536,2025-01-05,BR018,TLR-3215,C502737,cash deposit,1818.52,CAD
CA00000677,2025-01-27,BR003,TLR-8030,C501044,cash deposit,655.21,CAD
CA00002448,2025-01-26,BR013,TLR-5778,C500998,cash withdrawal,359.86,CAD
CA00008128,2025-01-23,BR040,TLR-8602,C502416,cash deposit,1147.19,CAD
CA00007042,2025-01-25,BR036,TLR-3541,C501166,cash deposit,608.98,CAD
CA00002438,2025-01-20,BR013,TLR-6838,C502584,cash withdrawal,1222.73,CAD
CA00008467,2025-01-20,BR040,TLR-1223,C501813,cash withdrawal,1611.16,CAD
CA00007160,2025-01-19,BR036,TLR-2601,C501746,cash deposit,1109.22,CAD
CA00006138,2025-01-20,BR031,TLR-8378,C500769,cash deposit,4002.06,CAD
CA00002999,2025-01-01,BR015,TLR-1662,C503996,cash deposit,1342.79,CAD
CA00001807,2025-01-04,BR009,TLR-2893,C503730,cash withdrawal,2338.84,CAD
CA00002991,2025-01-04,BR015,TLR-4411,C500276,cash deposit,1409.04,CAD
CA00002953,2025-01-11,BR015,TLR-9871,C502443,cash deposit,283.52,CAD
CA00008349,2025-01-10,BR040,TLR-8885,C501064,cash deposit,773.98,CAD
CA00007108,2025-01-28,BR036,TLR-5333,C502062,cash deposit,2354.81,CAD
CA00008320,2025-01-27,BR040,TLR-8458,C500555,cash withdrawal,432.98,CAD
CA00000969,2025-01-10,BR004,TLR-3111,C501480,cash withdrawal,1228.18,CAD
CA00008300,2025-01-20,BR040,TLR-9650,C501345,cash withdrawal,491.54,CAD
CA00007587,2025-01-09,BR037,TLR-7357,C500029,cash deposit,3008.83,CAD
CA00001433,2025-01-06,BR007,TLR-1604,C501761,cash withdrawal,2553.27,CAD
CA00003583,2025-01-20,BR019,TLR-8504,C502081,cash deposit,784.08,CAD
CA00007116,2025-01-12,BR036,TLR-7631,C502428,cash withdrawal,499.8,CAD
CA00001989,2025-01-20,BR010,TLR-6857,C503253,cash deposit,510.5,CAD
CA00008606,2025-01-22,BR040,TLR-3115,C503172,cash deposit,158.28,CAD
CA00007209,2025-01-17,BR036,TLR-1446,C500345,cash deposit,1743.44,CAD
CA00003341,2025-01-15,BR017,TLR-3790,C500335,cash deposit,1770.34,CAD
CA00003003,2025-01-25,BR016,TLR-2152,C500949,cash withdrawal,563.22,CAD
CA00001978,2025-01-27,BR010,TLR-6253,C502649,cash deposit,1326.14,CAD
CA00008520,2025-01-18,BR040,TLR-3944,C502368,cash withdrawal,3050.36,CAD
CA00007269,2025-01-09,BR036,TLR-1292,C501147,cash deposit,2199.9,CAD
CA00004131,2025-01-15,BR021,TLR-8661,C503320,cash deposit,342.25,CAD
CA00003403,2025-01-12,BR017,TLR-9991,C503879,cash deposit,450.43,CAD
CA00005638,2025-01-25,BR029,TLR-4507,C503215,cash withdrawal,459.02,CAD
CA00000909,2025-01-23,BR004,TLR-6869,C500280,cash deposit,487.95,CAD
CA00005633,2025-01-11,BR029,TLR-2818,C501100,cash withdrawal,192.08,CAD
CA00003925,2025-01-30,BR020,TLR-4403,C501049,cash withdrawal,1134.06,USD
CA00005646,2025-01-29,BR029,TLR-9566,C502816,cash withdrawal,679.24,CAD
CA00004115,2025-01-13,BR021,TLR-3056,C503748,cash deposit,499.45,CAD
CA00003807,2025-01-24,BR019,TLR-8556,C500809,cash withdrawal,1673.59,CAD
CA00001837,2025-01-13,BR009,TLR-6213,C500115,cash withdrawal,683.85,CAD
CA00006860,2025-01-02,BR035,TLR-9724,C501436,cash withdrawal,1452.87,CAD
CA00007984,2025-01-18,BR040,TLR-1281,C500888,cash deposit,2350.27,CAD
CA00006380,2025-01-24,BR032,TLR-2874,C501637,cash deposit,2053.55,CAD
CA00006599,2025-01-10,BR033,TLR-1563,C501966,cash withdrawal,308.28,CAD
CA00007901,2025-01-30,BR039,TLR-1525,C502493,cash withdrawal,874.4,CAD
CA00005738,2025-01-07,BR030,TLR-7388,C503214,cash deposit,399.95,CAD
CA00006999,2025-01-04,BR036,TLR-6265,C503116,cash withdrawal,5749.3,CAD
CA00006701,2025-01-18,BR034,TLR-4872,C503920,cash withdrawal,1023.27,CAD
CA00003745,2025-01-06,BR019,TLR-9913,C502970,cash withdrawal,827.59,CAD
CA00001794,2025-01-15,BR009,TLR-3687,C503906,cash deposit,1765.74,CAD
CA00004247,2025-01-04,BR021,TLR-3378,C503807,cash deposit,775.08,CAD
CA00002315,2025-01-12,BR012,TLR-7361,C500093,cash withdrawal,751.81,CAD
CA00008007,2025-01-07,BR040,TLR-4585,C501473,cash withdrawal,947.73,CAD
CA00001538,2025-01-21,BR007,TLR-6916,C500976,cash deposit,1005.12,CAD
CA00005371,2025-01-29,BR027,TLR-5006,C500005,cash withdrawal,1630.39,CAD
CA00005285,2025-01-13,BR027,TLR-5933,C503849,cash withdrawal,1884.78,CAD
CA00000848,2025-01-22,BR004,TLR-7494,C500655,cash withdrawal,1392.65,CAD
CA00005065,2025-01-03,BR026,TLR-1952,C502023,cash deposit,467.57,CAD
CA00006473,2025-01-06,BR033,TLR-1281,C503445,cash deposit,418.39,CAD
CA00004484,2025-01-10,BR024,TLR-4408,C503079,cash deposit,261.96,CAD
CA00002938,2025-01-04,BR015,TLR-8683,C503761,cash deposit,984.34,CAD
CA00001287,2025-01-28,BR006,TLR-4101,C501091,cash withdrawal,1810.5,CAD
CA00003481,2025-01-24,BR018,TLR-8946,C503118,cash withdrawal,3941.99,CAD
CA00007802,2025-01-06,BR039,TLR-5349,C503407,cash deposit,1712.79,CAD
CA00005120,2025-01-16,BR026,TLR-2026,C502781,cash deposit,1366.97,CAD
CA00001865,2025-01-28,BR009,TLR-9430,C501952,cash deposit,1502.0,CAD
CA00007765,2025-01-04,BR038,TLR-2381,C500901,cash withdrawal,1978.65,CAD
CA00000769,2025-01-25,BR004,TLR-3565,C501622,cash deposit,2642.19,CAD
CA00006453,2025-01-31,BR033,TLR-5508,C501354,cash withdrawal,719.47,CAD
CA00005671,2025-01-13,BR029,TLR-9997,C502825,cash deposit,652.56,CAD
CA00004311,2025-01-09,BR022,TLR-8376,C501538,cash deposit,894.68,CAD
CA00001723,2025-01-29,BR008,TLR-8917,C500717,cash withdrawal,2783.77,CAD
CA00002921,2025-01-25,BR015,TLR-7496,C502793,cash withdrawal,2306.61,CAD
CA00007282,2025-01-28,BR036,TLR-7781,C500115,cash deposit,412.75,CAD
CA00005271,2025-01-24,BR027,TLR-5243,C502359,cash withdrawal,681.91,CAD
CA00006213,2025-01-04,BR031,TLR-1493,C500811,cash deposit,1980.78,CAD
CA00002768,2025-01-24,BR015,TLR-8777,C502441,cash deposit,482.08,CAD
CA00004893,2025-01-24,BR025,TLR-3984,C503738,cash withdrawal,-567.0,CAD
CA00002187,2025-01-19,BR012,TLR-1866,C500961,cash withdrawal,274.05,CAD
CA00005239,2025-01-08,BR026,TLR-3945,C500290,cash deposit,5053.97,CAD
CA00006004,2025-01-16,BR030,TLR-5116,C502329,cash deposit,1329.2,CAD
CA00008229,2025-01-19,BR040,TLR-6288,C503443,cash withdrawal,1414.12,CAD
CA00000092,2025-01-23,BR001,TLR-6563,C500467,cash deposit,1016.87,CAD
CA00007727,2025-01-06,BR038,TLR-3133,C502367,cash deposit,520.08,CAD
CA00002496,2025-01-04,BR013,TLR-7776,C503219,cash withdrawal,486.28,CAD
CA00002243,2025-01-31,BR012,TLR-8913,C500467,cash deposit,246.99,CAD
CA00004644,2025-01-03,BR024,TLR-3655,C501095,cash withdrawal,1344.32,CAD
CA00008511,2025-01-31,BR040,TLR-4974,C502563,cash deposit,1043.01,CAD
CA00000202,2025-01-02,BR001,TLR-7553,C500239,cash deposit,2268.96,CAD
CA00002414,2025-01-15,BR013,TLR-2661,C502373,cash withdrawal,1858.13,CAD
CA00001797,2025-01-29,BR009,TLR-8191,C502652,cash withdrawal,1381.89,CAD
CA00003776,2025-01-03,BR019,TLR-6782,C500119,cash deposit,782.08,CAD
CA00000313,2025-01-20,BR001,TLR-5153,C503401,cash withdrawal,2733.57,CAD
CA00005572,2025-01-07,BR029,TLR-6213,C501096,cash withdrawal,1199.95,CAD
CA00008168,2025-01-08,BR040,TLR-5593,C500259,cash withdrawal,985.4,CAD
CA00002688,2025-01-22,BR014,TLR-4393,C501531,cash deposit,1533.5,CAD
CA00006869,2025-01-01,BR035,TLR-2442,C503714,cash deposit,1960.3,CAD
CA00008338,2025-01-06,BR040,TLR-6090,C501591,cash deposit,1168.73,CAD
CA00005838,2025-01-06,BR030,TLR-5612,C502122,cash withdrawal,4748.12,CAD
CA00001453,2025-01-29,BR007,TLR-1854,C502420,cash withdrawal,6542.28,CAD
CA00006552,2025-01-06,BR033,TLR-7742,C500567,cash deposit,4251.02,CAD
CA00001376,2025-01-31,BR007,TLR-7650,C500269,cash deposit,524.88,CAD
CA00004036,2025-01-05,BR020,TLR-9450,C500641,cash withdrawal,1921.86,USD
CA00007869,2025-01-19,BR039,TLR-9482,C500898,cash withdrawal,3342.84,CAD
CA00007605,2025-01-30,BR038,TLR-1948,C501495,cash deposit,747.64,CAD
CA00008400,2025-01-20,BR040,TLR-7515,C502881,cash deposit,1117.83,CAD
CA00002557,2025-01-25,BR014,TLR-5974,C501924,cash withdrawal,576.19,CAD
CA00000213,2025-01-31,BR001,TLR-4848,C500526,cash withdrawal,1935.71,CAD
CA00004252,2025-01-08,BR021,TLR-7224,C500043,cash deposit,1356.48,CAD
CA00001529,2025-01-03,BR007,TLR-3835,C501845,cash withdrawal,806.66,CAD
CA00000226,2025-01-27,BR001,TLR-1890,C501138,cash deposit,213.69,CAD
CA00008034,2025-01-17,BR040,TLR-1959,C503715,cash withdrawal,1332.13,CAD
CA00005095,2025-01-14,BR026,TLR-5725,C502907,cash withdrawal,-374.58,CAD
CA00008567,2025-01-20,BR040,TLR-3836,C503830,cash withdrawal,1787.74,CAD
CA00008123,2025-01-22,BR040,TLR-5972,C503322,cash deposit,530.32,CAD
CA00006391,2025-01-18,BR032,TLR-1492,C500274,cash deposit,1604.31,CAD
CA00000915,2025-01-09,BR004,TLR-8124,C503080,cash withdrawal,534.13,CAD
CA00005885,2025-01-11,BR030,TLR-2330,C502605,cash withdrawal,516.11,CAD
CA00004624,2025-01-07,BR024,TLR-6107,C503584,cash deposit,529.72,CAD
CA00007458,2025-01-17,BR037,TLR-7150,C501410,cash withdrawal,1344.2,CAD
CA00001344,2025-01-18,BR006,TLR-6499,C501501,cash withdrawal,3479.67,CAD
CA00005287,2025-01-02,BR027,TLR-5891,C503465,cash deposit,2050.17,CAD
CA00004364,2025-01-13,BR023,TLR-9161,C501715,cash withdrawal,785.58,CAD
CA00004586,2025-01-17,BR024,TLR-4016,C500013,cash withdrawal,778.36,CAD
CA00008149,2025-01-21,BR040,TLR-2260,C503268,cash withdrawal,1074.38,CAD
CA00002536,2025-01-19,BR014,TLR-6344,C500496,cash withdrawal,753.12,CAD
CA00001016,2025-01-19,BR004,TLR-5702,C501676,cash withdrawal,1276.04,CAD
CA00003485,2025-01-03,BR018,TLR-6327,C501645,cash withdrawal,458.43,CAD
CA00003109,2025-01-19,BR016,TLR-2743,C500984,cash deposit,651.81,CAD
CA00002062,2025-01-17,BR010,TLR-6971,C502429,cash deposit,1266.92,CAD
CA00002007,2025-01-04,BR010,TLR-8608,C501072,cash withdrawal,324.11,CAD
CA00008073,2025-01-24,BR040,TLR-8080,C500996,cash withdrawal,1159.37,CAD
CA00002075,2025-01-22,BR010,TLR-3231,C503685,cash withdrawal,847.03,CAD
CA00007110,2025-01-10,BR036,TLR-9427,C502256,cash withdrawal,459.42,CAD
CA00008026,2025-01-14,BR040,TLR-8726,C500754,cash withdrawal,1078.14,CAD
CA00002250,2025-01-08,BR012,TLR-2606,C501404,cash deposit,1704.31,CAD
CA00002804,2025-01-02,BR015,TLR-8039,C500284,cash deposit,1017.03,CAD
CA00007326,2025-01-09,BR037,TLR-7423,C503649,cash deposit,753.84,CAD
CA00003011,2025-01-28,BR016,TLR-4005,C502892,cash deposit,1410.76,CAD
CA00005069,2025-01-31,BR026,TLR-5173,C501971,cash deposit,816.4,CAD
CA00002015,2025-01-22,BR010,TLR-2774,C503518,cash withdrawal,1091.03,CAD
CA00005180,2025-01-17,BR026,TLR-8278,C502227,cash withdrawal,-1924.39,CAD
CA00006900,2025-01-29,BR035,TLR-9795,C502032,cash deposit,1854.62,CAD
CA00001101,2025-01-30,BR006,TLR-5836,C501798,cash deposit,456.08,CAD
CA00003010,2025-01-27,BR016,TLR-5659,C503723,cash deposit,1318.23,CAD
CA00003579,2025-01-08,BR019,TLR-1249,C503122,cash withdrawal,1045.63,CAD
CA00007857,2025-01-31,BR039,TLR-8553,C501902,cash deposit,2286.14,CAD
CA00000089,2025-01-08,BR001,TLR-3549,C501091,cash withdrawal,1014.52,CAD
CA00006162,2025-01-15,BR031,TLR-2631,C503377,cash withdrawal,784.69,CAD
CA00005561,2025-01-11,BR029,TLR-9805,C502601,cash withdrawal,558.29,CAD
CA00000603,2025-01-28,BR003,TLR-1267,C500583,cash deposit,2820.64,CAD
CA00008333,2025-01-11,BR040,TLR-7734,C502642,cash deposit,2110.64,CAD
CA00005573,2025-01-16,BR029,TLR-8415,C501079,cash deposit,1991.81,CAD
CA00002743,2025-01-09,BR015,TLR-2244,C501857,cash deposit,8076.16,CAD
CA00005083,2025-01-06,BR026,TLR-2187,C503004,cash withdrawal,-161.77,CAD
CA00004788,2025-01-13,BR025,TLR-5088,C500952,cash deposit,509.09,CAD
CA00000416,2025-01-16,BR002,TLR-2131,C503943,cash deposit,709.96,CAD
CA00006061,2025-01-29,BR031,TLR-3143,C501734,cash deposit,152.3,CAD
CA00004927,2025-01-26,BR025,TLR-9240,C500809,cash deposit,1030.25,CAD
CA00000762,2025-01-07,BR004,TLR-5293,C500308,cash withdrawal,1488.62,CAD
CA00002214,2025-01-07,BR012,TLR-1081,C501172,cash withdrawal,4137.47,CAD
CA00007808,2025-01-30,BR039,TLR-5223,C500078,cash deposit,1175.18,CAD
CA00008671,2025-01-06,BR040,TLR-5938,C502006,cash withdrawal,634.41,CAD
CA00005532,2025-01-29,BR028,TLR-8932,C503371,cash deposit,1973.89,CAD
CA00003794,2025-01-10,BR019,TLR-4955,C500653,cash deposit,723.14,CAD
CA00002799,2025-01-14,BR015,TLR-4754,C503972,cash deposit,1230.0,CAD
CA00006866,2025-01-06,BR035,TLR-8482,C500400,cash deposit,757.92,CAD
CA00002656,2025-01-13,BR014,TLR-1699,C502298,cash withdrawal,1916.42,CAD
CA00007717,2025-01-23,BR038,TLR-5743,C502700,cash deposit,711.92,CAD
CA00008679,2025-01-23,BR040,TLR-3608,C501989,cash deposit,1460.33,CAD
CA00004321,2025-01-02,BR022,TLR-6162,C502511,cash deposit,1355.23,CAD
CA00008693,2025-01-28,BR040,TLR-7466,C500980,cash deposit,223.04,CAD
CA00001052,2025-01-08,BR005,TLR-7564,C502285,cash withdrawal,1470.91,CAD
CA00006549,2025-01-30,BR033,TLR-2944,C502271,cash withdrawal,504.17,CAD
CA00005733,2025-01-21,BR030,TLR-5442,C500789,cash deposit,1170.87,CAD
CA00008062,2025-01-19,BR040,TLR-7558,C503879,cash withdrawal,621.59,CAD
CA00008448,2025-01-21,BR040,TLR-1259,C500826,cash withdrawal,2028.47,CAD
CA00002694,2025-01-10,BR014,TLR-2318,C503881,cash withdrawal,1355.33,CAD
CA00005367,2025-01-08,BR027,TLR-9677,C503512,cash withdrawal,518.26,CAD
CA00000844,2025-01-18,BR004,TLR-2615,C502010,cash deposit,553.78,CAD
CA00007594,2025-01-02,BR038,TLR-8745,C501641,cash withdrawal,2267.61,CAD
CA00005003,2025-01-05,BR026,TLR-3069,C503600,cash deposit,999.96,CAD
CA00000482,2025-01-12,BR002,TLR-4294,C503399,cash deposit,499.96,CAD
CA00006480,2025-01-16,BR033,TLR-2943,C502209,cash withdrawal,548.63,CAD
CA00007278,2025-01-10,BR036,TLR-4428,C500699,cash withdrawal,2800.11,CAD
CA00005799,2025-01-20,BR030,TLR-1253,C503092,cash withdrawal,1576.4,CAD
CA00001851,2025-01-17,BR009,TLR-8721,C503606,cash withdrawal,997.72,CAD
CA00002570,2025-01-21,BR014,TLR-1256,C501975,cash deposit,1543.75,CAD
CA00008358,2025-01-19,BR040,TLR-2505,C501653,cash deposit,690.61,CAD
CA00001604,2025-01-08,BR008,TLR-3168,C502228,cash withdrawal,1722.3,CAD
CA00001006,2025-01-24,BR004,TLR-6532,C502638,cash deposit,496.21,CAD
CA00003227,2025-01-04,BR017,TLR-1119,C503633,cash withdrawal,960.97,CAD
CA00004577,2025-01-06,BR024,TLR-1735,C501402,cash deposit,4651.2,CAD
CA00002309,2025-01-28,BR012,TLR-6596,C501852,cash deposit,817.93,CAD
CA00003977,2025-01-05,BR020,TLR-3691,C500197,cash deposit,1035.04,USD
CA00003542,2025-01-31,BR018,TLR-5397,C501012,cash withdrawal,1163.84,CAD
CA00004874,2025-01-03,BR025,TLR-8373,C500443,cash deposit,2378.67,CAD
CA00005967,2025-01-16,BR030,TLR-1087,C501133,cash withdrawal,1616.01,CAD
CA00007695,2025-01-01,BR038,TLR-7489,C501147,cash deposit,149.99,CAD
CA00006317,2025-01-14,BR032,TLR-3463,C503445,cash withdrawal,2233.47,CAD
CA00002200,2025-01-23,BR012,TLR-6638,C502656,cash deposit,697.28,CAD
CA00006025,2025-01-18,BR031,TLR-6440,C500048,cash deposit,3463.45,CAD
CA00001775,2025-01-03,BR008,TLR-2053,C500998,cash withdrawal,2213.56,CAD
CA00004716,2025-01-15,BR024,TLR-7967,C501878,cash withdrawal,185.86,CAD
CA00007331,2025-01-28,BR037,TLR-2541,C500582,cash withdrawal,935.88,CAD
CA00001589,2025-01-10,BR008,TLR-2862,C503322,cash withdrawal,3769.74,CAD
CA00005858,2025-01-31,BR030,TLR-2651,C502371,cash withdrawal,1448.22,CAD
CA00003820,2025-01-28,BR019,TLR-1452,C503561,cash withdrawal,621.98,CAD
CA00008298,2025-01-03,BR040,TLR-6284,C501640,cash deposit,550.54,CAD
CA00001216,2025-01-23,BR006,TLR-5228,C502268,cash deposit,580.52,CAD
CA00007191,2025-01-03,BR036,TLR-1273,C501620,cash deposit,1174.65,CAD
CA00007956,2025-01-15,BR039,TLR-6286,C502973,cash withdrawal,4195.63,CAD
CA00002392,2025-01-29,BR012,TLR-4922,C502187,cash withdrawal,664.24,CAD
CA00001730,2025-01-06,BR008,TLR-9181,C500486,cash withdrawal,1316.21,CAD
CA00003210,2025-01-04,BR017,TLR-7869,C502857,cash withdrawal,2551.32,CAD
CA00002874,2025-01-19,BR015,TLR-9585,C502126,cash deposit,1250.63,CAD
CA00004304,2025-01-06,BR022,TLR-4341,C503863,cash withdrawal,2576.08,CAD
CA00007200,2025-01-11,BR036,TLR-3932,C500128,cash deposit,938.89,CAD
CA00001935,2025-01-14,BR010,TLR-3688,C502410,cash withdrawal,2430.07,CAD
CA00007046,2025-01-06,BR036,TLR-9360,C503824,cash deposit,1641.79,CAD
CA00006064,2025-01-01,BR031,TLR-4460,C502924,cash withdrawal,1909.91,CAD
CA00000565,2025-01-13,BR003,TLR-8346,C501476,cash withdrawal,978.69,CAD
CA00000130,2025-01-03,BR001,TLR-2815,C503764,cash withdrawal,1161.46,CAD
CA00003446,2025-01-02,BR017,TLR-4361,C500798,cash deposit,1545.23,CAD
CA00005795,2025-01-21,BR030,TLR-5193,C501236,cash withdrawal,1426.08,CAD
CA00006519,2025-01-05,BR033,TLR-8706,C502067,cash deposit,1521.76,CAD
CA00008206,2025-01-08,BR040,TLR-9842,C501399,cash withdrawal,2045.2,CAD
CA00000648,2025-01-01,BR003,TLR-2061,C500337,cash deposit,2349.85,CAD
CA00004953,2025-01-01,BR025,TLR-4550,C501670,cash withdrawal,-2578.12,CAD
CA00005289,2025-01-04,BR027,TLR-3482,C503412,cash deposit,1087.71,CAD
CA00005748,2025-01-23,BR030,TLR-8806,C501778,cash withdrawal,119.7,CAD
CA00001804,2025-01-18,BR009,TLR-3887,C501565,cash deposit,1262.4,CAD
CA00000342,2025-01-27,BR002,TLR-9610,C501826,cash withdrawal,-2043.93,CAD
CA00003877,2025-01-15,BR019,TLR-6898,C501505,cash withdrawal,870.32,CAD
CA00004725,2025-01-22,BR024,TLR-6092,C502540,cash withdrawal,1052.33,CAD
CA00004455,2025-01-19,BR024,TLR-7318,C502436,cash withdrawal,352.74,CAD
CA00005377,2025-01-05,BR027,TLR-4513,C503009,cash withdrawal,2575.27,CAD
CA00001971,2025-01-31,BR010,TLR-2485,C503828,cash withdrawal,423.13,CAD
CA00001806,2025-01-09,BR009,TLR-5699,C500223,cash withdrawal,511.01,CAD
CA00001924,2025-01-27,BR009,TLR-2828,C502821,cash withdrawal,444.27,CAD
CA00001738,2025-01-08,BR008,TLR-1178,C500471,cash deposit,1036.12,CAD
CA00007602,2025-01-10,BR038,TLR-1504,C500758,cash deposit,694.72,CAD
CA00005650,2025-01-10,BR029,TLR-4400,C503261,cash withdrawal,1085.07,CAD
CA00007689,2025-01-27,BR038,TLR-4426,C503721,cash deposit,1454.72,CAD
CA00004598,2025-01-11,BR024,TLR-3164,C503572,cash deposit,1042.87,CAD
CA00000446,2025-01-15,BR002,TLR-9115,C502897,cash withdrawal,-2838.19,CAD
CA00000777,2025-01-26,BR004,TLR-8878,C501911,cash deposit,959.04,CAD
CA00007156,2025-01-14,BR036,TLR-5872,C503363,cash withdrawal,780.25,CAD
CA00007644,2025-01-25,BR038,TLR-7850,C500924,cash withdrawal,2129.98,CAD
CA00003214,2025-01-19,BR017,TLR-4070,C500736,cash deposit,2179.46,CAD
CA00002708,2025-01-27,BR014,TLR-6673,C502118,cash withdrawal,631.47,CAD
CA00004744,2025-01-04,BR024,TLR-9889,C503021,cash deposit,288.41,CAD
CA00003844,2025-01-02,BR019,TLR-6622,C502805,cash deposit,3518.01,CAD
CA00001673,2025-01-20,BR008,TLR-2424,C502974,cash withdrawal,771.43,CAD
CA00007315,2025-01-07,BR037,TLR-7481,C502727,cash deposit,812.73,CAD
CA00001325,2025-01-25,BR006,TLR-6307,C503593,cash deposit,574.15,CAD
CA00001623,2025-01-24,BR008,TLR-2424,C503389,cash deposit,1052.72,CAD
CA00007559,2025-01-12,BR037,TLR-1868,C503265,cash deposit,1016.62,CAD
CA00005721,2025-01-20,BR030,TLR-8510,C501466,cash withdrawal,2113.21,CAD
CA00007617,2025-01-02,BR038,TLR-7763,C500173,cash deposit,1659.62,CAD
CA00006556,2025-01-17,BR033,TLR-2473,C503988,cash deposit,828.58,CAD
CA00006366,2025-01-14,BR032,TLR-4766,C500548,cash deposit,521.75,CAD
CA00008555,2025-01-06,BR040,TLR-6479,C502915,cash deposit,1347.43,CAD
CA00002749,2025-01-14,BR015,TLR-2196,C500111,cash deposit,942.78,CAD
CA00008523,2025-01-20,BR040,TLR-2979,C503677,cash deposit,1260.27,CAD
CA00008258,2025-01-07,BR040,TLR-8042,C501864,cash withdrawal,5154.13,CAD
CA00004922,2025-01-30,BR025,TLR-8100,C500414,cash deposit,512.27,CAD
CA00008451,2025-01-24,BR040,TLR-7864,C502445,cash withdrawal,892.38,CAD
CA00001077,2025-01-30,BR005,TLR-5616,C502194,cash deposit,1475.44,CAD
CA00002532,2025-01-01,BR014,TLR-3590,C503368,cash withdrawal,1179.48,CAD
CA00005803,2025-01-12,BR030,TLR-4158,C500478,cash withdrawal,2157.02,CAD
CA00006252,2025-01-08,BR031,TLR-4245,C500084,cash deposit,644.02,CAD
CA00006985,2025-01-27,BR035,TLR-3440,C503742,cash withdrawal,1625.19,CAD
CA00007087,2025-01-23,BR036,TLR-6503,C503419,cash deposit,1014.82,CAD
CA00005029,2025-01-05,BR026,TLR-4930,C501393,cash deposit,248.57,CAD
CA00004710,2025-01-13,BR024,TLR-8183,C500066,cash deposit,351.85,CAD
CA00000403,2025-01-20,BR002,TLR-2039,C501459,cash withdrawal,-1103.72,CAD
CA00004037,2025-01-26,BR020,TLR-6766,C502470,cash deposit,849.87,USD
CA00005133,2025-01-19,BR026,TLR-9434,C501067,cash withdrawal,-2398.67,CAD
CA00000872,2025-01-04,BR004,TLR-1504,C501475,cash deposit,427.5,CAD
CA00006889,2025-01-12,BR035,TLR-5546,C501895,cash deposit,2034.03,CAD
CA00005900,2025-01-04,BR030,TLR-9335,C502558,cash deposit,2660.2,CAD
CA00000426,2025-01-12,BR002,TLR-7979,C502829,cash withdrawal,-546.56,CAD
CA00004022,2025-01-25,BR020,TLR-4819,C502070,cash deposit,1364.2,USD
CA00004888,2025-01-05,BR025,TLR-5688,C502573,cash withdrawal,-931.27,CAD
CA00001690,2025-01-04,BR008,TLR-6609,C503131,cash withdrawal,519.5,CAD
CA00004245,2025-01-30,BR021,TLR-6336,C501136,cash deposit,783.41,CAD
CA00007957,2025-01-29,BR039,TLR-3966,C500667,cash deposit,661.08,CAD
CA00003721,2025-01-11,BR019,TLR-9540,C502291,cash deposit,636.31,CAD
CA00003426,2025-01-03,BR017,TLR-3590,C503395,cash deposit,460.07,CAD
CA00007402,2025-01-14,BR037,TLR-7610,C502535,cash deposit,747.28,CAD
CA00003311,2025-01-17,BR017,TLR-6785,C500248,cash withdrawal,781.68,CAD
CA00002381,2025-01-16,BR012,TLR-4456,C503731,cash withdrawal,1424.95,CAD
CA00008580,2025-01-13,BR040,TLR-7650,C502400,cash deposit,3519.95,CAD
CA00004743,2025-01-23,BR024,TLR-8208,C503739,cash withdrawal,1475.53,CAD
CA00001120,2025-01-04,BR006,TLR-6735,C501739,cash withdrawal,1413.23,CAD
CA00006490,2025-01-12,BR033,TLR-6767,C503389,cash deposit,1378.53,CAD
CA00001620,2025-01-19,BR008,TLR-2712,C502778,cash withdrawal,1021.9,CAD
CA00001564,2025-01-15,BR007,TLR-1207,C500837,cash deposit,720.78,CAD
CA00006385,2025-01-21,BR032,TLR-2811,C502268,cash withdrawal,442.58,CAD
CA00002665,2025-01-04,BR014,TLR-7154,C502214,cash deposit,706.1,CAD
CA00002986,2025-01-10,BR015,TLR-3773,C502928,cash deposit,778.52,CAD
CA00007305,2025-01-11,BR037,TLR-1425,C502903,cash withdrawal,1185.78,CAD
CA00006771,2025-01-27,BR035,TLR-6794,C503848,cash deposit,1607.57,CAD
CA00005882,2025-01-12,BR030,TLR-8597,C502957,cash deposit,2066.0,CAD
CA00005775,2025-01-24,BR030,TLR-7838,C501198,cash deposit,1410.44,CAD
CA00003401,2025-01-05,BR017,TLR-1570,C501941,cash withdrawal,897.98,CAD
CA00006287,2025-01-21,BR032,TLR-9557,C503932,cash withdrawal,351.64,CAD
CA00004759,2025-01-17,BR024,TLR-6564,C503628,cash deposit,247.64,CAD
CA00000889,2025-01-07,BR004,TLR-4612,C503681,cash withdrawal,1189.32,CAD
CA00007233,2025-01-11,BR036,TLR-8249,C502684,cash deposit,1594.12,CAD
CA00005954,2025-01-02,BR030,TLR-2688,C500339,cash deposit,2040.64,CAD
CA00004238,2025-01-11,BR021,TLR-7984,C500567,cash withdrawal,208.72,CAD
CA00006963,2025-01-29,BR035,TLR-7864,C500858,cash withdrawal,765.48,CAD
CA00005497,2025-01-15,BR028,TLR-2065,C503652,cash withdrawal,290.72,CAD
CA00004933,2025-01-10,BR025,TLR-1701,C503123,cash deposit,768.85,CAD
CA00004083,2025-01-16,BR021,TLR-4678,C500668,cash deposit,275.39,CAD
CA00005122,2025-01-13,BR026,TLR-7573,C503372,cash withdrawal,-3580.35,CAD
CA00002118,2025-01-23,BR011,TLR-4915,C500374,cash withdrawal,571.25,CAD
CA00004004,2025-01-21,BR020,TLR-8302,C503682,cash withdrawal,1314.64,USD
CA00003476,2025-01-23,BR018,TLR-5597,C502833,cash deposit,2149.78,CAD
CA00001359,2025-01-08,BR007,TLR-2166,C503362,cash deposit,2641.07,CAD
CA00002242,2025-01-11,BR012,TLR-8488,C500379,cash deposit,813.63,CAD
CA00005201,2025-01-06,BR026,TLR-1374,C503365,cash deposit,1531.28,CAD
CA00001163,2025-01-04,BR006,TLR-9889,C503631,cash withdrawal,897.85,CAD
CA00003327,2025-01-31,BR017,TLR-6050,C502869,cash withdrawal,883.11,CAD
CA00005653,2025-01-06,BR029,TLR-6640,C501692,cash withdrawal,910.84,CAD
CA00001332,2025-01-05,BR006,TLR-1942,C501809,cash deposit,694.79,CAD
CA00006106,2025-01-09,BR031,TLR-5040,C500772,cash deposit,567.66,CAD
CA00006153,2025-01-03,BR031,TLR-6680,C501548,cash withdrawal,1678.46,CAD
CA00002657,2025-01-13,BR014,TLR-1813,C500280,cash deposit,1365.8,CAD
CA00007318,2025-01-12,BR037,TLR-7113,C503215,cash withdrawal,806.96,CAD
CA00003377,2025-01-05,BR017,TLR-2798,C500506,cash deposit,562.88,CAD
CA00002433,2025-01-30,BR013,TLR-9166,C500053,cash withdrawal,1297.92,CAD
CA00006023,2025-01-06,BR031,TLR-9093,C502122,cash withdrawal,4785.33,CAD
CA00006770,2025-01-21,BR035,TLR-6019,C500372,cash withdrawal,903.2,CAD
CA00002839,2025-01-07,BR015,TLR-2761,C501960,cash withdrawal,573.74,CAD
CA00002059,2025-01-07,BR010,TLR-2541,C500172,cash deposit,338.62,CAD
CA00004336,2025-01-31,BR023,TLR-4531,C502539,cash deposit,872.44,CAD
CA00003717,2025-01-08,BR019,TLR-6740,C500068,cash withdrawal,824.93,CAD
CA00008343,2025-01-04,BR040,TLR-2890,C502776,cash withdrawal,504.01,CAD
CA00007111,2025-01-05,BR036,TLR-7079,C503455,cash deposit,1629.78,CAD
CA00004975,2025-01-31,BR025,TLR-6374,C503721,cash deposit,1513.24,CAD
CA00005684,2025-01-17,BR029,TLR-2252,C501129,cash withdrawal,4983.25,CAD
CA00007663,2025-01-15,BR038,TLR-2622,C501545,cash deposit,1769.45,CAD
CA00005340,2025-01-20,BR027,TLR-2382,C502277,cash withdrawal,2253.84,CAD
CA00005978,2025-01-07,BR030,TLR-9882,C500998,cash withdrawal,1691.71,CAD
CA00007020,2025-01-12,BR036,TLR-1361,C501757,cash deposit,389.4,CAD
CA00006451,2025-01-08,BR033,TLR-2240,C500335,cash deposit,3789.49,CAD
CA00008117,2025-01-12,BR040,TLR-1440,C503806,cash deposit,1198.89,CAD
CA00003081,2025-01-24,BR016,TLR-1351,C503152,cash deposit,1477.55,CAD
CA00006115,2025-01-22,BR031,TLR-5016,C501107,cash withdrawal,994.31,CAD
CA00003780,2025-01-04,BR019,TLR-6277,C503441,cash deposit,1016.95,CAD
CA00001358,2025-01-09,BR007,TLR-6907,C500929,cash withdrawal,371.87,CAD
CA00003068,2025-01-13,BR016,TLR-1955,C500838,cash withdrawal,840.44,CAD
CA00004063,2025-01-29,BR020,TLR-8880,C501153,cash deposit,251.61,USD
CA00007696,2025-01-18,BR038,TLR-7629,C503865,cash withdrawal,2134.65,CAD
CA00005394,2025-01-29,BR027,TLR-2812,C503500,cash withdrawal,742.43,CAD
CA00005933,2025-01-25,BR030,TLR-6058,C500071,cash withdrawal,684.85,CAD
CA00003694,2025-01-03,BR019,TLR-2315,C503350,cash deposit,559.48,CAD
CA00007645,2025-01-03,BR038,TLR-9449,C502923,cash deposit,966.68,CAD
CA00005461,2025-01-11,BR028,TLR-9172,C501438,cash deposit,446.86,CAD
CA00000350,2025-01-19,BR002,TLR-9560,C501300,cash withdrawal,-643.05,CAD
CA00001305,2025-01-25,BR006,TLR-3900,C502208,cash deposit,1061.77,CAD
CA00001438,2025-01-30,BR007,TLR-6975,C501257,cash withdrawal,800.5,CAD
CA00003676,2025-01-04,BR019,TLR-2007,C500659,cash withdrawal,1108.19,CAD
CA00004587,2025-01-20,BR024,TLR-6732,C502486,cash withdrawal,1446.61,CAD
CA00004937,2025-01-18,BR025,TLR-7095,C502755,cash withdrawal,-283.31,CAD
CA00004496,2025-01-07,BR024,TLR-6554,C501084,cash deposit,669.93,CAD
CA00001900,2025-01-27,BR009,TLR-3506,C501078,cash deposit,2334.17,CAD
CA00006304,2025-01-02,BR032,TLR-3810,C502898,cash deposit,1985.91,CAD
CA00000457,2025-01-17,BR002,TLR-8086,C500403,cash withdrawal,-511.35,CAD
CA00007633,2025-01-18,BR038,TLR-8082,C502016,cash deposit,2596.14,CAD
CA00001098,2025-01-05,BR006,TLR-4323,C503980,cash withdrawal,2876.13,CAD
CA00001451,2025-01-18,BR007,TLR-9309,C500002,cash withdrawal,1495.83,CAD
CA00001318,2025-01-12,BR006,TLR-7582,C500294,cash withdrawal,437.54,CAD
CA00006188,2025-01-20,BR031,TLR-4468,C503435,cash withdrawal,924.64,CAD
CA00003418,2025-01-25,BR017,TLR-3115,C501803,cash withdrawal,392.44,CAD
CA00002798,2025-01-06,BR015,TLR-4240,C500737,cash deposit,715.38,CAD
CA00005471,2025-01-17,BR028,TLR-5275,C500378,cash withdrawal,664.99,CAD
CA00001549,2025-01-08,BR007,TLR-8803,C501353,cash deposit,379.39,CAD
CA00001748,2025-01-04,BR008,TLR-6949,C501680,cash deposit,498.5,CAD
CA00001656,2025-01-05,BR008,TLR-3435,C501797,cash deposit,3378.83,CAD
CA00000095,2025-01-25,BR001,TLR-9464,C503361,cash deposit,415.0,CAD
CA00000212,2025-01-10,BR001,TLR-8184,C502777,cash deposit,1097.46,CAD
CA00004541,2025-01-06,BR024,TLR-3699,C502748,cash withdrawal,902.53,CAD
CA00005015,2025-01-15,BR026,TLR-8528,C502975,cash withdrawal,-1755.76,CAD
CA00007982,2025-01-21,BR040,TLR-2098,C500470,cash withdrawal,1745.76,CAD
CA00003539,2025-01-31,BR018,TLR-7935,C503924,cash deposit,983.99,CAD
CA00007362,2025-01-07,BR037,TLR-6606,C501157,cash deposit,2555.46,CAD
CA00002621,2025-01-14,BR014,TLR-9315,C502260,cash deposit,1409.86,CAD
CA00006991,2025-01-13,BR035,TLR-2451,C503861,cash withdrawal,2174.45,CAD
CA00000349,2025-01-21,BR002,TLR-1864,C502542,cash deposit,1039.97,CAD
CA00001268,2025-01-02,BR006,TLR-9688,C501448,cash withdrawal,1072.89,CAD
CA00003786,2025-01-16,BR019,TLR-1398,C503607,cash withdrawal,730.46,CAD
CA00000309,2025-01-08,BR001,TLR-3487,C502948,cash deposit,672.26,CAD
CA00007843,2025-01-28,BR039,TLR-7235,C502238,cash deposit,1873.73,CAD
CA00007919,2025-01-26,BR039,TLR-6042,C503972,cash withdrawal,921.12,CAD
CA00004164,2025-01-20,BR021,TLR-6407,C500685,cash deposit,222.98,CAD
CA00008376,2025-01-12,BR040,TLR-7261,C502035,cash deposit,819.56,CAD
CA00007552,2025-01-08,BR037,TLR-2727,C503251,cash withdrawal,3446.59,CAD
CA00006468,2025-01-26,BR033,TLR-6250,C503747,cash deposit,399.91,CAD
CA00003355,2025-01-22,BR017,TLR-6889,C500649,cash withdrawal,257.83,CAD
CA00002844,2025-01-30,BR015,TLR-5773,C503602,cash withdrawal,527.27,CAD
CA00005888,2025-01-30,BR030,TLR-8027,C502862,cash withdrawal,1015.6,CAD
CA00000763,2025-01-28,BR004,TLR-2296,C503139,cash deposit,1165.05,CAD
CA00003281,2025-01-10,BR017,TLR-3324,C502782,cash deposit,2000.43,CAD
CA00001019,2025-01-28,BR004,TLR-6851,C500887,cash withdrawal,1346.34,CAD
CA00005598,2025-01-24,BR029,TLR-9348,C503930,cash deposit,1835.2,CAD
CA00003729,2025-01-13,BR019,TLR-8098,C501813,cash withdrawal,368.57,CAD
CA00002228,2025-01-14,BR012,TLR-6640,C502980,cash withdrawal,927.89,CAD
CA00001847,2025-01-29,BR009,TLR-9580,C501260,cash deposit,592.31,CAD
CA00005491,2025-01-06,BR028,TLR-5873,C500286,cash deposit,305.07,CAD
CA00004848,2025-01-18,BR025,TLR-2440,C503508,cash withdrawal,-1141.31,CAD
CA00006409,2025-01-23,BR032,TLR-6776,C500153,cash withdrawal,769.59,CAD
CA00007886,2025-01-13,BR039,TLR-3687,C500900,cash deposit,756.45,CAD
CA00000855,2025-01-20,BR004,TLR-3010,C500672,cash withdrawal,1156.65,CAD
CA00004096,2025-01-21,BR021,TLR-4480,C500945,cash withdrawal,1997.8,CAD
CA00001029,2025-01-25,BR005,TLR-5725,C501636,cash withdrawal,1026.7,CAD
CA00004363,2025-01-29,BR023,TLR-4007,C503880,cash deposit,1672.55,CAD
CA00007762,2025-01-05,BR038,TLR-6416,C503607,cash withdrawal,990.27,CAD
CA00007632,2025-01-27,BR038,TLR-1849,C502357,cash deposit,1517.39,CAD
CA00005701,2025-01-12,BR030,TLR-4732,C500189,cash deposit,622.02,CAD
CA00001674,2025-01-05,BR008,TLR-1607,C500490,cash withdrawal,1423.2,CAD
CA00004108,2025-01-26,BR021,TLR-4698,C500149,cash deposit,3110.02,CAD
CA00000268,2025-01-12,BR001,TLR-4237,C500804,cash withdrawal,3687.68,CAD
CA00002731,2025-01-07,BR015,TLR-6676,C500004,cash deposit,963.56,CAD
CA00007578,2025-01-11,BR037,TLR-7111,C501520,cash deposit,633.56,CAD
CA00007764,2025-01-11,BR038,TLR-2098,C501960,cash deposit,1292.65,CAD
CA00003194,2025-01-27,BR016,TLR-6683,C502287,cash withdrawal,344.1,CAD
CA00000770,2025-01-17,BR004,TLR-3919,C500720,cash withdrawal,553.9,CAD
CA00000132,2025-01-14,BR001,TLR-3245,C500980,cash withdrawal,475.8,CAD
CA00006201,2025-01-18,BR031,TLR-4488,C500129,cash deposit,1560.08,CAD
CA00000932,2025-01-26,BR004,TLR-9031,C502564,cash deposit,778.57,CAD
CA00003955,2025-01-05,BR020,TLR-2829,C500015,cash deposit,923.63,USD
CA00001880,2025-01-22,BR009,TLR-9250,C501486,cash deposit,3344.05,CAD
CA00006510,2025-01-23,BR033,TLR-3473,C500739,cash withdrawal,1115.22,CAD
CA00002683,2025-01-23,BR014,TLR-8958,C502879,cash deposit,1020.55,CAD
CA00006576,2025-01-18,BR033,TLR-7884,C501267,cash withdrawal,1060.82,CAD
CA00001483,2025-01-19,BR007,TLR-5436,C500785,cash deposit,1211.48,CAD
CA00006990,2025-01-26,BR035,TLR-3397,C500804,cash deposit,1599.03,CAD
CA00000907,2025-01-09,BR004,TLR-3283,C500965,cash deposit,466.56,CAD
CA00006666,2025-01-14,BR034,TLR-4116,C501551,cash withdrawal,671.59,CAD
CA00005417,2025-01-30,BR027,TLR-6959,C500781,cash deposit,9137.39,CAD
CA00007035,2025-01-17,BR036,TLR-8115,C500462,cash deposit,897.91,CAD
CA00007339,2025-01-13,BR037,TLR-2429,C501946,cash deposit,1923.12,CAD
CA00004545,2025-01-17,BR024,TLR-4994,C502075,cash withdrawal,1540.55,CAD
CA00004355,2025-01-04,BR023,TLR-6255,C500315,cash deposit,555.78,CAD
CA00004763,2025-01-03,BR024,TLR-5604,C503237,cash deposit,2105.57,CAD
CA00001060,2025-01-24,BR005,TLR-2152,C502079,cash withdrawal,945.39,CAD
CA00000460,2025-01-25,BR002,TLR-5190,C503473,cash withdrawal,-1279.74,CAD
CA00004362,2025-01-05,BR023,TLR-6853,C500887,cash withdrawal,416.87,CAD
CA00004374,2025-01-09,BR023,TLR-3967,C500853,cash deposit,376.98,CAD
CA00001475,2025-01-23,BR007,TLR-8841,C503980,cash deposit,4965.37,CAD
CA00002950,2025-01-29,BR015,TLR-7447,C502315,cash withdrawal,1123.22,CAD
CA00000104,2025-01-24,BR001,TLR-5365,C503669,cash deposit,129.42,CAD
CA00004038,2025-01-24,BR020,TLR-4641,C502645,cash deposit,478.62,USD
CA00000834,2025-01-16,BR004,TLR-5947,C503567,cash deposit,667.59,CAD
CA00005629,2025-01-01,BR029,TLR-3058,C502816,cash deposit,282.24,CAD
CA00000700,2025-01-28,BR003,TLR-3786,C502249,cash deposit,765.01,CAD
CA00000794,2025-01-06,BR004,TLR-6798,C500090,cash deposit,3106.89,CAD
CA00005782,2025-01-16,BR030,TLR-7717,C500522,cash deposit,700.34,CAD
CA00003175,2025-01-30,BR016,TLR-1424,C502223,cash withdrawal,827.76,CAD
CA00007120,2025-01-14,BR036,TLR-5875,C502903,cash deposit,2617.65,CAD
CA00005188,2025-01-15,BR026,TLR-8094,C500251,cash deposit,2526.28,CAD
CA00007987,2025-01-31,BR040,TLR-1126,C501129,cash deposit,248.57,CAD
CA00008205,2025-01-16,BR040,TLR-7289,C500507,cash withdrawal,1005.84,CAD
CA00005509,2025-01-28,BR028,TLR-2196,C502881,cash withdrawal,629.13,CAD
CA00003618,2025-01-22,BR019,TLR-3206,C503616,cash deposit,594.0,CAD
CA00003883,2025-01-08,BR020,TLR-2952,C501213,cash deposit,862.47,USD
CA00004831,2025-01-13,BR025,TLR-1513,C502759,cash withdrawal,-1774.66,CAD
CA00003455,2025-01-05,BR017,TLR-3126,C500398,cash withdrawal,3571.24,CAD
CA00007418,2025-01-13,BR037,TLR-2086,C501735,cash withdrawal,267.41,CAD
CA00005538,2025-01-22,BR028,TLR-7746,C500671,cash deposit,731.59,CAD
CA00000455,2025-01-18,BR002,TLR-2564,C500295,cash withdrawal,-1392.23,CAD
CA00006474,2025-01-07,BR033,TLR-6582,C503702,cash withdrawal,1061.67,CAD
CA00003818,2025-01-28,BR019,TLR-9860,C502045,cash withdrawal,575.76,CAD
CA00000675,2025-01-17,BR003,TLR-7211,C500150,cash deposit,2081.01,CAD
CA00007032,2025-01-21,BR036,TLR-5546,C502291,cash withdrawal,240.85,CAD
CA00004941,2025-01-22,BR025,TLR-4122,C502665,cash withdrawal,-1332.08,CAD
CA00001911,2025-01-15,BR009,TLR-7845,C500696,cash deposit,1533.43,CAD
CA00001948,2025-01-03,BR010,TLR-3350,C501920,cash deposit,1115.39,CAD
CA00002251,2025-01-30,BR012,TLR-8832,C500696,cash withdrawal,697.55,CAD
CA00006466,2025-01-12,BR033,TLR-9817,C503855,cash deposit,909.95,CAD
CA00002467,2025-01-05,BR013,TLR-8394,C501488,cash withdrawal,199.19,CAD
CA00003600,2025-01-25,BR019,TLR-2800,C501623,cash deposit,2075.56,CAD
CA00004647,2025-01-11,BR024,TLR-6718,C500082,cash deposit,1019.53,CAD
CA00003902,2025-01-31,BR020,TLR-5117,C503079,cash deposit,561.3,USD
CA00001686,2025-01-27,BR008,TLR-8358,C502600,cash deposit,584.33,CAD
CA00005768,2025-01-26,BR030,TLR-7516,C501491,cash deposit,1289.02,CAD
CA00007500,2025-01-27,BR037,TLR-7883,C501401,cash withdrawal,642.18,CAD
CA00006488,2025-01-12,BR033,TLR-7121,C502719,cash deposit,2444.32,CAD
CA00005365,2025-01-26,BR027,TLR-7655,C500829,cash deposit,588.7,CAD
CA00003670,2025-01-12,BR019,TLR-2311,C503879,cash withdrawal,2062.95,CAD
CA00008654,2025-01-24,BR040,TLR-4973,C503132,cash deposit,1578.45,CAD
CA00000878,2025-01-24,BR004,TLR-6122,C502468,cash deposit,384.63,CAD
CA00005229,2025-01-25,BR026,TLR-5881,C501370,cash deposit,890.23,CAD
CA00000477,2025-01-20,BR002,TLR-1304,C502176,cash withdrawal,-544.1,CAD
CA00007831,2025-01-23,BR039,TLR-3363,C503866,cash withdrawal,1177.42,CAD
CA00006093,2025-01-16,BR031,TLR-8487,C501211,cash deposit,1865.02,CAD
CA00007166,2025-01-30,BR036,TLR-7641,C501569,cash deposit,685.03,CAD
CA00003933,2025-01-27,BR020,TLR-5686,C500309,cash deposit,656.18,USD
CA00008401,2025-01-15,BR040,TLR-6046,C501943,cash withdrawal,1523.76,CAD
CA00001148,2025-01-27,BR006,TLR-3489,C503458,cash deposit,663.21,CAD
CA00003312,2025-01-09,BR017,TLR-1483,C503461,cash deposit,460.46,CAD
CA00000204,2025-01-25,BR001,TLR-3808,C501364,cash withdrawal,297.26,CAD
CA00005589,2025-01-10,BR029,TLR-4463,C500948,cash deposit,955.89,CAD
CA00008189,2025-01-20,BR040,TLR-1161,C503987,cash deposit,397.58,CAD
CA00008638,2025-01-13,BR040,TLR-4718,C503242,cash deposit,469.47,CAD
CA00008171,2025-01-28,BR040,TLR-3291,C503122,cash deposit,4851.92,CAD
CA00000493,2025-01-28,BR002,TLR-9084,C503340,cash deposit,1285.36,CAD
CA00005261,2025-01-09,BR027,TLR-9214,C502939,cash withdrawal,1822.95,CAD
CA00003280,2025-01-25,BR017,TLR-8242,C500059,cash withdrawal,4365.28,CAD
CA00008143,2025-01-19,BR040,TLR-7698,C503179,cash withdrawal,248.35,CAD
CA00002592,2025-01-04,BR014,TLR-5397,C501542,cash withdrawal,1013.25,CAD
CA00006288,2025-01-27,BR032,TLR-1748,C503832,cash deposit,1427.67,CAD
CA00007455,2025-01-18,BR037,TLR-8224,C501531,cash deposit,811.16,CAD
CA00003467,2025-01-02,BR018,TLR-6437,C502718,cash withdrawal,2926.89,CAD
CA00001853,2025-01-30,BR009,TLR-6864,C502547,cash withdrawal,876.66,CAD
CA00006727,2025-01-04,BR034,TLR-2367,C502070,cash deposit,1620.66,CAD
CA00001756,2025-01-14,BR008,TLR-7597,C501897,cash deposit,1280.52,CAD
CA00007205,2025-01-07,BR036,TLR-7800,C502234,cash withdrawal,1349.1,CAD
CA00002646,2025-01-18,BR014,TLR-4879,C500715,cash deposit,564.79,CAD
CA00008222,2025-01-01,BR040,TLR-3290,C500809,cash withdrawal,731.54,CAD
CA00003889,2025-01-27,BR020,TLR-9187,C501900,cash withdrawal,639.61,USD
CA00004405,2025-01-13,BR023,TLR-2021,C502629,cash withdrawal,873.99,CAD
CA00002792,2025-01-21,BR015,TLR-1218,C500018,cash withdrawal,1464.21,CAD
CA00005204,2025-01-09,BR026,TLR-7168,C501140,cash deposit,731.07,CAD
CA00002671,2025-01-11,BR014,TLR-3363,C503196,cash deposit,1296.31,CAD
CA00001360,2025-01-28,BR007,TLR-8315,C503891,cash withdrawal,794.31,CAD
CA00000274,2025-01-12,BR001,TLR-1613,C500603,cash withdrawal,725.58,CAD
CA00003631,2025-01-17,BR019,TLR-1955,C502498,cash withdrawal,369.51,CAD
CA00004530,2025-01-16,BR024,TLR-1516,C500821,cash withdrawal,1299.51,CAD
CA00006129,2025-01-19,BR031,TLR-8268,C503298,cash withdrawal,764.9,CAD
CA00007818,2025-01-11,BR039,TLR-8195,C502958,cash withdrawal,1666.55,CAD
CA00005819,2025-01-22,BR030,TLR-4592,C500915,cash deposit,3685.47,CAD
CA00006977,2025-01-19,BR035,TLR-6561,C503554,cash deposit,338.86,CAD
CA00003182,2025-01-15,BR016,TLR-4618,C500231,cash deposit,436.41,CAD
CA00002479,2025-01-22,BR013,TLR-3060,C502768,cash withdrawal,467.69,CAD
CA00000589,2025-01-17,BR003,TLR-4960,C502774,cash deposit,4076.16,CAD
CA00002440,2025-01-20,BR013,TLR-8105,C501626,cash withdrawal,1265.29,CAD
CA00004198,2025-01-31,BR021,TLR-4351,C501992,cash withdrawal,2542.84,CAD
CA00003232,2025-01-02,BR017,TLR-5846,C500835,cash withdrawal,3445.63,CAD
CA00001460,2025-01-10,BR007,TLR-5227,C503746,cash withdrawal,971.38,CAD
CA00008552,2025-01-25,BR040,TLR-1188,C501883,cash withdrawal,414.31,CAD
CA00002827,2025-01-12,BR015,TLR-8803,C503911,cash deposit,1715.64,CAD
CA00004775,2025-01-22,BR025,TLR-1549,C500752,cash withdrawal,-2128.79,CAD
CA00001436,2025-01-04,BR007,TLR-1701,C503567,cash withdrawal,1141.54,CAD
CA00006090,2025-01-12,BR031,TLR-8398,C501430,cash deposit,1275.32,CAD
CA00000996,2025-01-28,BR004,TLR-1207,C502066,cash deposit,379.94,CAD
CA00005533,2025-01-30,BR028,TLR-8884,C500834,cash deposit,672.0,CAD
CA00001370,2025-01-17,BR007,TLR-8306,C500730,cash withdrawal,1128.1,CAD
CA00000616,2025-01-10,BR003,TLR-4606,C502069,cash withdrawal,984.33,CAD
CA00005903,2025-01-10,BR030,TLR-9495,C503188,cash deposit,1145.29,CAD
CA00007340,2025-01-24,BR037,TLR-4899,C500263,cash withdrawal,614.3,CAD
CA00003344,2025-01-16,BR017,TLR-5567,C500790,cash withdrawal,279.64,CAD
CA00006124,2025-01-02,BR031,TLR-6767,C501405,cash withdrawal,510.45,CAD
CA00000330,2025-01-03,BR002,TLR-5035,C501580,cash withdrawal,-2208.07,CAD
CA00003693,2025-01-14,BR019,TLR-6087,C501136,cash deposit,413.1,CAD
CA00005099,2025-01-28,BR026,TLR-8737,C500557,cash withdrawal,-1509.52,CAD
CA00001278,2025-01-23,BR006,TLR-2605,C503942,cash withdrawal,490.26,CAD
CA00005034,2025-01-07,BR026,TLR-9085,C501421,cash withdrawal,-590.2,CAD
CA00002805,2025-01-05,BR015,TLR-7327,C502570,cash withdrawal,982.85,CAD
CA00000027,2025-01-29,BR001,TLR-3397,C500921,cash deposit,1921.55,CAD
CA00000282,2025-01-10,BR001,TLR-3031,C502953,cash deposit,418.38,CAD
CA00004653,2025-01-19,BR024,TLR-1614,C503834,cash deposit,1203.93,CAD
CA00003876,2025-01-03,BR019,TLR-4789,C502654,cash withdrawal,2679.02,CAD
CA00005865,2025-01-11,BR030,TLR-2018,C501748,cash deposit,951.58,CAD
CA00002598,2025-01-30,BR014,TLR-1437,C502748,cash deposit,623.33,CAD
CA00002778,2025-01-30,BR015,TLR-3860,C502764,cash withdrawal,754.22,CAD
CA00000752,2025-01-16,BR004,TLR-8090,C501969,cash withdrawal,791.46,CAD
CA00008522,2025-01-13,BR040,TLR-8800,C501764,cash withdrawal,48.01,CAD
CA00001271,2025-01-23,BR006,TLR-6346,C503583,cash deposit,778.76,CAD
CA00007792,2025-01-18,BR039,TLR-2178,C502207,cash withdrawal,952.7,CAD
CA00004620,2025-01-14,BR024,TLR-8700,C503808,cash deposit,750.51,CAD
CA00000699,2025-01-21,BR003,TLR-9992,C500852,cash withdrawal,2081.3,CAD
CA00001800,2025-01-18,BR009,TLR-1434,C500623,cash withdrawal,697.56,CAD
CA00005353,2025-01-19,BR027,TLR-6567,C500953,cash withdrawal,696.38,CAD
CA00001401,2025-01-15,BR007,TLR-6933,C502243,cash deposit,391.76,CAD
CA00003718,2025-01-19,BR019,TLR-9886,C503016,cash deposit,1088.09,CAD
CA00003338,2025-01-24,BR017,TLR-2928,C500391,cash withdrawal,731.27,CAD
CA00004281,2025-01-10,BR022,TLR-4433,C502575,cash deposit,5334.59,CAD
CA00007570,2025-01-16,BR037,TLR-8347,C501535,cash deposit,800.17,CAD
CA00007571,2025-01-05,BR037,TLR-2544,C502836,cash deposit,1513.28,CAD
CA00003604,2025-01-27,BR019,TLR-3447,C502229,cash withdrawal,293.94,CAD
CA00004324,2025-01-31,BR022,TLR-1735,C502658,cash deposit,680.24,CAD
CA00004807,2025-01-06,BR025,TLR-4647,C500914,cash deposit,790.14,CAD
CA00008369,2025-01-15,BR040,TLR-5721,C502902,cash deposit,386.0,CAD
CA00004307,2025-01-14,BR022,TLR-7743,C500715,cash withdrawal,418.07,CAD
CA00003213,2025-01-07,BR017,TLR-8971,C500599,cash withdrawal,3217.87,CAD
CA00002277,2025-01-13,BR012,TLR-3931,C502274,cash deposit,772.58,CAD
CA00002482,2025-01-26,BR013,TLR-3276,C501202,cash withdrawal,1687.53,CAD
CA00001300,2025-01-04,BR006,TLR-8268,C501269,cash withdrawal,950.3,CAD
CA00008043,2025-01-10,BR040,TLR-5858,C500164,cash deposit,337.37,CAD
CA00007870,2025-01-01,BR039,TLR-9309,C500421,cash withdrawal,754.23,CAD
CA00008658,2025-01-01,BR040,TLR-1359,C500278,cash deposit,354.39,CAD
CA00005292,2025-01-15,BR027,TLR-9020,C500297,cash withdrawal,464.14,CAD
CA00000359,2025-01-14,BR002,TLR-8833,C500530,cash deposit,1168.66,CAD
CA00003225,2025-01-23,BR017,TLR-6256,C503133,cash withdrawal,1081.54,CAD
CA00003037,2025-01-10,BR016,TLR-5069,C500082,cash deposit,414.87,CAD
CA00001164,2025-01-05,BR006,TLR-8661,C502601,cash deposit,1868.59,CAD
CA00005085,2025-01-13,BR026,TLR-5935,C503530,cash withdrawal,-1108.3,CAD
CA00007788,2025-01-30,BR039,TLR-8609,C501588,cash deposit,1201.1,CAD
CA00003599,2025-01-15,BR019,TLR-4532,C503902,cash withdrawal,824.77,CAD
CA00001606,2025-01-14,BR008,TLR-2168,C502118,cash deposit,1383.51,CAD
CA00007341,2025-01-06,BR037,TLR-1085,C503892,cash deposit,429.19,CAD
CA00008485,2025-01-19,BR040,TLR-7226,C502879,cash deposit,1132.39,CAD
CA00007040,2025-01-28,BR036,TLR-4256,C500543,cash withdrawal,3319.06,CAD
CA00007057,2025-01-09,BR036,TLR-1611,C501186,cash deposit,1153.78,CAD
CA00006105,2025-01-20,BR031,TLR-9767,C502493,cash withdrawal,2369.76,CAD
CA00008020,2025-01-24,BR040,TLR-9699,C500414,cash deposit,637.44,CAD
CA00003878,2025-01-15,BR019,TLR-2033,C501058,cash withdrawal,599.15,CAD
CA00003589,2025-01-02,BR019,TLR-8594,C503950,cash deposit,427.97,CAD
CA00006653,2025-01-16,BR034,TLR-7126,C500137,cash withdrawal,675.24,CAD
CA00005760,2025-01-05,BR030,TLR-8687,C503167,cash withdrawal,1498.46,CAD
CA00006726,2025-01-04,BR034,TLR-5104,C502520,cash deposit,430.49,CAD
CA00006553,2025-01-10,BR033,TLR-9057,C502230,cash deposit,1286.79,CAD
CA00000692,2025-01-17,BR003,TLR-5189,C503600,cash withdrawal,995.72,CAD
CA00001046,2025-01-22,BR005,TLR-5043,C500942,cash withdrawal,695.7,CAD
CA00003547,2025-01-31,BR018,TLR-9069,C503211,cash withdrawal,790.8,CAD
CA00001703,2025-01-03,BR008,TLR-7781,C503935,cash deposit,1569.18,CAD
CA00007327,2025-01-02,BR037,TLR-4293,C502181,cash withdrawal,628.91,CAD
CA00007856,2025-01-16,BR039,TLR-8545,C500495,cash deposit,4125.26,CAD
CA00004516,2025-01-06,BR024,TLR-8009,C502305,cash deposit,156.12,CAD
CA00006872,2025-01-15,BR035,TLR-7929,C500684,cash deposit,454.69,CAD
CA00002408,2025-01-06,BR013,TLR-5149,C501853,cash withdrawal,503.26,CAD
CA00004289,2025-01-31,BR022,TLR-2575,C502681,cash withdrawal,1196.88,CAD
CA00007005,2025-01-23,BR036,TLR-7138,C500027,cash withdrawal,763.28,CAD
CA00004944,2025-01-08,BR025,TLR-5984,C502796,cash deposit,653.86,CAD
CA00005502,2025-01-02,BR028,TLR-9739,C502038,cash withdrawal,1465.58,CAD
CA00001388,2025-01-06,BR007,TLR-1804,C500339,cash deposit,882.26,CAD
CA00005266,2025-01-15,BR027,TLR-6266,C501460,cash deposit,832.52,CAD
CA00003391,2025-01-25,BR017,TLR-4595,C500674,cash deposit,710.97,CAD
CA00006747,2025-01-27,BR034,TLR-8423,C501181,cash deposit,2808.44,CAD
CA00001582,2025-01-24,BR008,TLR-3190,C501596,cash withdrawal,1636.61,CAD
CA00007413,2025-01-20,BR037,TLR-3292,C502357,cash withdrawal,438.23,CAD
CA00001631,2025-01-08,BR008,TLR-4682,C503498,cash withdrawal,3077.95,CAD
CA00000389,2025-01-09,BR002,TLR-1645,C500931,cash deposit,1309.46,CAD
CA00008357,2025-01-19,BR040,TLR-7330,C502430,cash withdrawal,1017.19,CAD
CA00006076,2025-01-03,BR031,TLR-1084,C503442,cash withdrawal,362.91,CAD
CA00002603,2025-01-04,BR014,TLR-2794,C503225,cash withdrawal,574.64,CAD
CA00004706,2025-01-02,BR024,TLR-4757,C501745,cash deposit,1167.5,CAD
CA00007174,2025-01-21,BR036,TLR-7465,C501964,cash withdrawal,1596.92,CAD
CA00007744,2025-01-23,BR038,TLR-6521,C503673,cash deposit,3127.67,CAD
CA00005780,2025-01-19,BR030,TLR-1382,C503181,cash deposit,1828.53,CAD
CA00000613,2025-01-19,BR003,TLR-5698,C501233,cash deposit,4876.55,CAD
CA00000100,2025-01-07,BR001,TLR-8338,C501239,cash deposit,1589.17,CAD
CA00007703,2025-01-11,BR038,TLR-6433,C500062,cash deposit,445.8,CAD
CA00002942,2025-01-02,BR015,TLR-3371,C502848,cash deposit,1865.68,CAD
CA00007125,2025-01-16,BR036,TLR-9522,C502029,cash deposit,1094.31,CAD
CA00001694,2025-01-03,BR008,TLR-9069,C503355,cash withdrawal,288.15,CAD
CA00007875,2025-01-13,BR039,TLR-9147,C500129,cash withdrawal,1166.51,CAD
CA00005322,2025-01-13,BR027,TLR-7756,C502843,cash deposit,941.74,CAD
CA00002283,2025-01-06,BR012,TLR-9455,C501690,cash deposit,1743.22,CAD
CA00008251,2025-01-16,BR040,TLR-5038,C500003,cash deposit,297.2,CAD
CA00000601,2025-01-31,BR003,TLR-9868,C502034,cash deposit,2363.38,CAD
CA00003056,2025-01-22,BR016,TLR-8700,C500537,cash deposit,1916.71,CAD
CA00007058,2025-01-15,BR036,TLR-8090,C503651,cash deposit,1124.93,CAD
CA00002541,2025-01-14,BR014,TLR-7986,C502361,cash deposit,845.44,CAD
CA00003243,2025-01-14,BR017,TLR-3077,C501832,cash withdrawal,1766.48,CAD
CA00005779,2025-01-19,BR030,TLR-7139,C502827,cash deposit,1107.49,CAD
CA00008231,2025-01-05,BR040,TLR-9477,C500568,cash withdrawal,1437.95,CAD
CA00006548,2025-01-20,BR033,TLR-6473,C503030,cash withdrawal,755.92,CAD
CA00006435,2025-01-08,BR033,TLR-4887,C501448,cash withdrawal,1208.34,CAD
CA00005254,2025-01-18,BR027,TLR-6107,C501788,cash withdrawal,2360.74,CAD
CA00004566,2025-01-25,BR024,TLR-2557,C502479,cash withdrawal,5444.83,CAD
CA00003247,2025-01-23,BR017,TLR-2037,C500328,cash deposit,1020.75,CAD
CA00005546,2025-01-16,BR028,TLR-1673,C501742,cash withdrawal,3037.8,CAD
CA00006587,2025-01-26,BR033,TLR-6161,C501262,cash deposit,1587.79,CAD
CA00007638,2025-01-28,BR038,TLR-4766,C503804,cash deposit,758.63,CAD
CA00003366,2025-01-15,BR017,TLR-7648,C501554,cash withdrawal,1516.29,CAD
CA00006697,2025-01-24,BR034,TLR-2464,C501791,cash withdrawal,2362.74,CAD
CA00007092,2025-01-05,BR036,TLR-7614,C501843,cash withdrawal,1079.99,CAD
CA00005136,2025-01-10,BR026,TLR-1276,C500190,cash withdrawal,-1920.73,CAD
CA00003407,2025-01-29,BR017,TLR-4141,C502862,cash deposit,2018.27,CAD
CA00004592,2025-01-27,BR024,TLR-8346,C502898,cash deposit,684.38,CAD
CA00001261,2025-01-18,BR006,TLR-8894,C502168,cash withdrawal,725.2,CAD
CA00005906,2025-01-26,BR030,TLR-9527,C500926,cash withdrawal,592.79,CAD
CA00006633,2025-01-11,BR034,TLR-4747,C502449,cash deposit,1476.89,CAD
CA00001215,2025-01-26,BR006,TLR-7473,C500078,cash withdrawal,650.15,CAD
CA00006654,2025-01-17,BR034,TLR-1251,C501105,cash withdrawal,3045.43,CAD
CA00005388,2025-01-15,BR027,TLR-2563,C500567,cash withdrawal,917.0,CAD
CA00007773,2025-01-09,BR039,TLR-9641,C501922,cash withdrawal,1225.23,CAD
CA00000336,2025-01-20,BR002,TLR-5683,C500888,cash deposit,460.03,CAD
CA00000652,2025-01-27,BR003,TLR-6072,C501496,cash deposit,1500.1,CAD
CA00000720,2025-01-20,BR003,TLR-6089,C502272,cash withdrawal,2397.27,CAD
CA00008232,2025-01-29,BR040,TLR-4847,C500887,cash deposit,438.02,CAD
CA00000022,2025-01-23,BR001,TLR-1517,C500005,cash withdrawal,967.39,CAD
CA00002740,2025-01-12,BR015,TLR-2862,C501477,cash deposit,766.02,CAD
CA00004481,2025-01-12,BR024,TLR-3916,C501053,cash withdrawal,1368.84,CAD
CA00001976,2025-01-11,BR010,TLR-8439,C503667,cash deposit,386.19,CAD
CA00004713,2025-01-04,BR024,TLR-9562,C503829,cash deposit,2120.03,CAD
CA00007700,2025-01-12,BR038,TLR-7468,C500391,cash withdrawal,2903.15,CAD
CA00007866,2025-01-13,BR039,TLR-2022,C501614,cash withdrawal,1616.3,CAD
CA00003173,2025-01-18,BR016,TLR-2668,C503775,cash withdrawal,1789.02,CAD
CA00001747,2025-01-17,BR008,TLR-3382,C501892,cash withdrawal,720.31,CAD
CA00004334,2025-01-20,BR023,TLR-9355,C503719,cash withdrawal,2651.55,CAD
CA00004712,2025-01-07,BR024,TLR-5403,C501063,cash deposit,1569.72,CAD
CA00007619,2025-01-02,BR038,TLR-3186,C503414,cash deposit,3702.53,CAD
CA00004606,2025-01-05,BR024,TLR-9980,C501680,cash deposit,383.6,CAD
CA00001826,2025-01-03,BR009,TLR-9721,C500468,cash withdrawal,506.07,CAD
CA00000681,2025-01-10,BR003,TLR-1657,C502956,cash deposit,1879.29,CAD
CA00001058,2025-01-18,BR005,TLR-7476,C501861,cash withdrawal,826.91,CAD
CA00004410,2025-01-17,BR023,TLR-9431,C503428,cash deposit,559.38,CAD
CA00004492,2025-01-08,BR024,TLR-2540,C503196,cash deposit,1285.65,CAD
CA00005609,2025-01-01,BR029,TLR-6239,C503809,cash withdrawal,1592.87,CAD
CA00004018,2025-01-05,BR020,TLR-7601,C503060,cash deposit,1791.64,USD
CA00007994,2025-01-17,BR040,TLR-9424,C503933,cash deposit,2471.96,CAD
CA00007257,2025-01-25,BR036,TLR-5066,C502991,cash withdrawal,1942.34,CAD
CA00008104,2025-01-31,BR040,TLR-6309,C502947,cash deposit,946.61,CAD
CA00005036,2025-01-27,BR026,TLR-8044,C503582,cash deposit,2838.21,CAD
CA00001619,2025-01-28,BR008,TLR-8039,C500624,cash deposit,4201.13,CAD
CA00005393,2025-01-14,BR027,TLR-4873,C503981,cash deposit,994.17,CAD
CA00008201,2025-01-20,BR040,TLR-1888,C502279,cash withdrawal,1313.53,CAD
CA00000129,2025-01-27,BR001,TLR-5225,C500147,cash withdrawal,856.15,CAD
CA00007316,2025-01-17,BR037,TLR-4075,C501798,cash deposit,475.77,CAD
CA00006214,2025-01-13,BR031,TLR-9403,C502946,cash withdrawal,248.22,CAD
CA00007324,2025-01-23,BR037,TLR-2349,C503690,cash deposit,1120.75,CAD
CA00006496,2025-01-04,BR033,TLR-7562,C502488,cash withdrawal,1089.29,CAD
CA00005837,2025-01-12,BR030,TLR-8139,C500921,cash withdrawal,494.14,CAD
CA00000913,2025-01-29,BR004,TLR-4784,C500756,cash deposit,1391.19,CAD
CA00008570,2025-01-26,BR040,TLR-7865,C501215,cash deposit,501.14,CAD
CA00008619,2025-01-29,BR040,TLR-7594,C503973,cash deposit,1674.89,CAD
CA00000511,2025-01-19,BR002,TLR-7828,C502106,cash withdrawal,-771.03,CAD
CA00001668,2025-01-25,BR008,TLR-7981,C503580,cash deposit,444.21,CAD
CA00001235,2025-01-04,BR006,TLR-5826,C501773,cash withdrawal,1031.46,CAD
CA00000670,2025-01-29,BR003,TLR-7524,C501136,cash withdrawal,973.35,CAD
CA00001577,2025-01-14,BR008,TLR-1293,C501297,cash withdrawal,503.0,CAD
CA00000082,2025-01-22,BR001,TLR-2258,C500989,cash deposit,957.79,CAD
CA00006554,2025-01-26,BR033,TLR-3442,C502307,cash withdrawal,636.37,CAD
CA00008129,2025-01-19,BR040,TLR-8150,C502343,cash withdrawal,678.39,CAD
CA00006952,2025-01-10,BR035,TLR-2959,C500521,cash deposit,2060.59,CAD
CA00005348,2025-01-03,BR027,TLR-1402,C502824,cash deposit,166.53,CAD
CA00006865,2025-01-04,BR035,TLR-3640,C501613,cash withdrawal,1349.37,CAD
CA00006044,2025-01-16,BR031,TLR-5346,C500472,cash deposit,1278.16,CAD
CA00004575,2025-01-18,BR024,TLR-3018,C500093,cash deposit,459.61,CAD
CA00001394,2025-01-26,BR007,TLR-3468,C502076,cash deposit,1109.83,CAD
CA00006572,2025-01-04,BR033,TLR-9899,C503940,cash deposit,2505.81,CAD
CA00002366,2025-01-15,BR012,TLR-3808,C502963,cash deposit,2319.12,CAD
CA00000546,2025-01-09,BR003,TLR-7308,C503781,cash withdrawal,397.45,CAD
CA00001424,2025-01-15,BR007,TLR-2991,C500412,cash deposit,895.75,CAD
CA00005897,2025-01-05,BR030,TLR-4925,C503708,cash deposit,1384.06,CAD
CA00006049,2025-01-30,BR031,TLR-5712,C503014,cash withdrawal,414.65,CAD
CA00000445,2025-01-03,BR002,TLR-1733,C503335,cash withdrawal,-915.87,CAD
CA00004460,2025-01-26,BR024,TLR-8518,C502464,cash deposit,130.41,CAD
CA00005863,2025-01-06,BR030,TLR-7946,C503696,cash withdrawal,428.08,CAD
CA00003805,2025-01-19,BR019,TLR-2704,C503562,cash withdrawal,1749.35,CAD
CA00006191,2025-01-19,BR031,TLR-3546,C501993,cash withdrawal,411.89,CAD
CA00008669,2025-01-09,BR040,TLR-2915,C501020,cash withdrawal,2028.64,CAD
CA00005624,2025-01-23,BR029,TLR-8172,C503806,cash withdrawal,1671.92,CAD
CA00001693,2025-01-19,BR008,TLR-6478,C500833,cash deposit,1426.85,CAD
CA00005692,2025-01-21,BR029,TLR-7782,C501473,cash withdrawal,792.72,CAD
CA00000929,2025-01-26,BR004,TLR-3676,C502539,cash deposit,2213.6,CAD
CA00001616,2025-01-20,BR008,TLR-4832,C502517,cash withdrawal,990.5,CAD
CA00005553,2025-01-10,BR028,TLR-8774,C503154,cash deposit,2177.13,CAD
CA00002765,2025-01-01,BR015,TLR-6399,C500062,cash deposit,586.82,CAD
CA00007906,2025-01-09,BR039,TLR-7295,C500323,cash withdrawal,1548.19,CAD
CA00003061,2025-01-14,BR016,TLR-6001,C502093,cash deposit,500.11,CAD
CA00000955,2025-01-31,BR004,TLR-7314,C503698,cash deposit,416.9,CAD
CA00004774,2025-01-05,BR025,TLR-3438,C501889,cash deposit,722.04,CAD
CA00008316,2025-01-22,BR040,TLR-5734,C502902,cash deposit,1783.66,CAD
CA00008490,2025-01-06,BR040,TLR-3329,C502134,cash deposit,475.79,CAD
CA00001780,2025-01-24,BR008,TLR-2539,C500916,cash withdrawal,1811.59,CAD
CA00003386,2025-01-31,BR017,TLR-8570,C502333,cash deposit,1098.85,CAD
CA00000042,2025-01-04,BR001,TLR-5276,C503430,cash withdrawal,5092.76,CAD
CA00005508,2025-01-23,BR028,TLR-8744,C503482,cash deposit,1976.17,CAD
CA00001489,2025-01-03,BR007,TLR-7328,C500318,cash withdrawal,1025.0,CAD
CA00000465,2025-01-16,BR002,TLR-7218,C500711,cash withdrawal,-648.6,CAD
CA00002129,2025-01-13,BR011,TLR-4217,C500802,cash deposit,707.67,CAD
CA00005362,2025-01-17,BR027,TLR-4625,C500925,cash deposit,578.83,CAD
CA00000396,2025-01-30,BR002,TLR-5025,C500180,cash withdrawal,-357.9,CAD
CA00003348,2025-01-19,BR017,TLR-3956,C503699,cash deposit,232.85,CAD
CA00005206,2025-01-18,BR026,TLR-7606,C503952,cash deposit,738.36,CAD
CA00000123,2025-01-29,BR001,TLR-2189,C501549,cash deposit,2630.14,CAD
CA00001238,2025-01-13,BR006,TLR-5177,C501214,cash withdrawal,3141.87,CAD
CA00008424,2025-01-22,BR040,TLR-3558,C503192,cash withdrawal,1468.23,CAD
CA00006884,2025-01-25,BR035,TLR-5014,C501179,cash deposit,453.87,CAD
CA00006178,2025-01-03,BR031,TLR-4962,C500410,cash withdrawal,885.4,CAD
CA00000751,2025-01-06,BR004,TLR-5697,C502864,cash deposit,353.14,CAD
CA00001458,2025-01-04,BR007,TLR-4547,C502018,cash deposit,2562.45,CAD
CA00007079,2025-01-13,BR036,TLR-7630,C503382,cash deposit,194.67,CAD
CA00001303,2025-01-23,BR006,TLR-9135,C502221,cash deposit,594.39,CAD
CA00008060,2025-01-31,BR040,TLR-5620,C503196,cash deposit,1167.75,CAD
CA00005303,2025-01-10,BR027,TLR-3649,C503929,cash withdrawal,1196.61,CAD
CA00002060,2025-01-31,BR010,TLR-2479,C502538,cash deposit,4579.99,CAD
CA00001520,2025-01-16,BR007,TLR-6237,C500925,cash deposit,2596.46,CAD
CA00007138,2025-01-12,BR036,TLR-6019,C501020,cash withdrawal,572.16,CAD
CA00002304,2025-01-13,BR012,TLR-4579,C500503,cash deposit,1746.8,CAD
CA00005157,2025-01-31,BR026,TLR-1991,C502904,cash deposit,567.31,CAD
CA00006163,2025-01-26,BR031,TLR-6669,C501197,cash withdrawal,308.75,CAD
CA00000048,2025-01-22,BR001,TLR-5322,C500184,cash withdrawal,243.07,CAD
CA00007733,2025-01-19,BR038,TLR-3741,C501558,cash withdrawal,807.42,CAD
CA00007546,2025-01-10,BR037,TLR-1992,C501477,cash deposit,339.43,CAD
CA00007053,2025-01-10,BR036,TLR-9483,C502883,cash withdrawal,604.51,CAD
CA00005007,2025-01-14,BR026,TLR-7462,C501011,cash deposit,591.07,CAD
CA00003104,2025-01-24,BR016,TLR-5899,C500071,cash deposit,449.67,CAD
CA00006484,2025-01-09,BR033,TLR-8874,C503337,cash deposit,555.16,CAD
CA00008054,2025-01-05,BR040,TLR-8819,C503387,cash withdrawal,1122.31,CAD
CA00007929,2025-01-26,BR039,TLR-2390,C503108,cash deposit,2318.75,CAD
CA00002927,2025-01-14,BR015,TLR-8714,C503672,cash withdrawal,2297.72,CAD
CA00001667,2025-01-13,BR008,TLR-5962,C500823,cash withdrawal,720.92,CAD
CA00005848,2025-01-11,BR030,TLR-8673,C500661,cash withdrawal,413.4,CAD
CA00005989,2025-01-26,BR030,TLR-1414,C501737,cash deposit,414.42,CAD
CA00006149,2025-01-21,BR031,TLR-9637,C500838,cash withdrawal,898.89,CAD
CA00004327,2025-01-12,BR023,TLR-9382,C503968,cash deposit,1893.7,CAD
CA00008525,2025-01-25,BR040,TLR-8736,C503908,cash deposit,3522.73,CAD
CA00007012,2025-01-06,BR036,TLR-5023,C503478,cash withdrawal,519.56,CAD
CA00002465,2025-01-07,BR013,TLR-7267,C502906,cash deposit,1358.59,CAD
CA00001171,2025-01-07,BR006,TLR-9591,C502734,cash withdrawal,461.61,CAD
CA00007480,2025-01-06,BR037,TLR-4299,C500682,cash withdrawal,823.32,CAD
CA00002615,2025-01-27,BR014,TLR-9083,C500054,cash deposit,589.49,CAD
CA00005556,2025-01-19,BR029,TLR-7949,C501294,cash deposit,611.09,CAD
CA00003378,2025-01-06,BR017,TLR-7029,C502231,cash deposit,1308.26,CAD
CA00001541,2025-01-10,BR007,TLR-8484,C500634,cash withdrawal,944.14,CAD
CA00006108,2025-01-27,BR031,TLR-7403,C503485,cash withdrawal,885.55,CAD
CA00000178,2025-01-30,BR001,TLR-5870,C500232,cash withdrawal,1203.56,CAD
CA00005527,2025-01-13,BR028,TLR-8999,C501485,cash deposit,926.26,CAD
CA00004557,2025-01-06,BR024,TLR-6661,C502644,cash deposit,980.46,CAD
CA00007082,2025-01-05,BR036,TLR-5483,C501568,cash withdrawal,545.44,CAD
CA00001253,2025-01-28,BR006,TLR-4891,C501695,cash withdrawal,1129.83,CAD
CA00000923,2025-01-19,BR004,TLR-5774,C501478,cash deposit,1410.58,CAD
CA00004852,2025-01-01,BR025,TLR-6137,C502473,cash deposit,1744.57,CAD
CA00007311,2025-01-29,BR037,TLR-9366,C501385,cash withdrawal,311.56,CAD
CA00000729,2025-01-18,BR003,TLR-5570,C500594,cash withdrawal,246.87,CAD
CA00005384,2025-01-22,BR027,TLR-9302,C503802,cash deposit,1430.97,CAD
CA00001599,2025-01-12,BR008,TLR-1523,C503008,cash deposit,465.58,CAD
CA00000343,2025-01-07,BR002,TLR-8977,C503021,cash withdrawal,-450.39,CAD
CA00000345,2025-01-02,BR002,TLR-6776,C501558,cash deposit,799.34,CAD
CA00007820,2025-01-24,BR039,TLR-4373,C502443,cash withdrawal,2277.01,CAD
CA00007049,2025-01-09,BR036,TLR-4081,C501603,cash deposit,991.06,CAD
CA00000473,2025-01-14,BR002,TLR-9875,C501588,cash deposit,661.65,CAD
CA00008012,2025-01-25,BR040,TLR-6758,C502917,cash deposit,1980.03,CAD
CA00002824,2025-01-05,BR015,TLR-1427,C502669,cash withdrawal,1019.75,CAD
CA00000441,2025-01-19,BR002,TLR-6444,C503512,cash withdrawal,-845.92,CAD
CA00005170,2025-01-12,BR026,TLR-9862,C501503,cash deposit,1048.66,CAD
CA00002631,2025-01-06,BR014,TLR-9030,C501429,cash withdrawal,559.19,CAD
CA00006355,2025-01-24,BR032,TLR-6445,C500695,cash withdrawal,498.04,CAD
CA00000112,2025-01-17,BR001,TLR-9890,C501692,cash withdrawal,1192.46,CAD
CA00007008,2025-01-08,BR036,TLR-4788,C501676,cash deposit,356.84,CAD
CA00005155,2025-01-02,BR026,TLR-4164,C501962,cash withdrawal,-832.54,CAD
CA00000358,2025-01-30,BR002,TLR-9991,C503386,cash withdrawal,-980.82,CAD
CA00000310,2025-01-21,BR001,TLR-9147,C502090,cash withdrawal,1212.16,CAD
CA00000883,2025-01-29,BR004,TLR-9967,C502200,cash withdrawal,2096.86,CAD
CA00000192,2025-01-19,BR001,TLR-4094,C501521,cash withdrawal,528.62,CAD
CA00007452,2025-01-30,BR037,TLR-4505,C503667,cash deposit,2050.01,CAD
CA00001792,2025-01-27,BR009,TLR-1441,C501291,cash deposit,214.62,CAD
CA00005568,2025-01-26,BR029,TLR-5764,C503595,cash withdrawal,477.43,CAD
CA00005854,2025-01-23,BR030,TLR-1361,C500285,cash deposit,323.32,CAD
CA00000626,2025-01-19,BR003,TLR-4763,C503125,cash deposit,508.34,CAD
CA00004837,2025-01-13,BR025,TLR-1163,C500467,cash withdrawal,-2254.63,CAD
CA00005236,2025-01-09,BR026,TLR-8954,C502083,cash withdrawal,-866.29,CAD
CA00004176,2025-01-19,BR021,TLR-6152,C500053,cash withdrawal,4408.4,CAD
CA00002531,2025-01-05,BR014,TLR-3430,C502772,cash deposit,243.68,CAD
CA00001801,2025-01-07,BR009,TLR-4979,C503419,cash withdrawal,1001.49,CAD
CA00003869,2025-01-09,BR019,TLR-4470,C500001,cash withdrawal,1184.18,CAD
CA00007770,2025-01-01,BR038,TLR-7919,C500598,cash deposit,1292.35,CAD
CA00003707,2025-01-24,BR019,TLR-7065,C500784,cash withdrawal,998.73,CAD
CA00001329,2025-01-23,BR006,TLR-4924,C503809,cash deposit,3627.17,CAD
CA00007494,2025-01-30,BR037,TLR-3390,C503206,cash deposit,766.64,CAD
CA00002783,2025-01-26,BR015,TLR-3712,C501086,cash withdrawal,1258.56,CAD
CA00004523,2025-01-30,BR024,TLR-7192,C502460,cash withdrawal,1258.13,CAD
CA00006463,2025-01-02,BR033,TLR-6352,C501627,cash deposit,349.6,CAD
CA00004299,2025-01-15,BR022,TLR-9995,C502280,cash withdrawal,573.36,CAD
CA00005218,2025-01-02,BR026,TLR-3620,C502980,cash withdrawal,-1902.3,CAD
CA00003298,2025-01-01,BR017,TLR-8174,C503104,cash withdrawal,472.49,CAD
CA00002823,2025-01-17,BR015,TLR-2319,C503993,cash deposit,668.73,CAD
CA00007091,2025-01-01,BR036,TLR-7114,C503790,cash withdrawal,684.06,CAD
CA00006996,2025-01-21,BR035,TLR-8655,C502775,cash deposit,1315.7,CAD
CA00008589,2025-01-30,BR040,TLR-2865,C500117,cash deposit,898.4,CAD
CA00000837,2025-01-25,BR004,TLR-9369,C500972,cash withdrawal,623.66,CAD
CA00004143,2025-01-21,BR021,TLR-4387,C500235,cash withdrawal,1239.84,CAD
CA00002934,2025-01-12,BR015,TLR-6938,C501929,cash deposit,2403.41,CAD
CA00007859,2025-01-12,BR039,TLR-3742,C503725,cash withdrawal,719.98,CAD
CA00002890,2025-01-05,BR015,TLR-7032,C500155,cash deposit,2680.98,CAD
CA00002196,2025-01-12,BR012,TLR-6747,C500961,cash withdrawal,616.24,CAD
CA00003608,2025-01-01,BR019,TLR-6636,C501545,cash withdrawal,6166.84,CAD
CA00002123,2025-01-21,BR011,TLR-1651,C501959,cash deposit,1505.56,CAD
CA00001290,2025-01-16,BR006,TLR-9615,C503627,cash deposit,439.54,CAD
CA00006349,2025-01-20,BR032,TLR-9257,C500039,cash withdrawal,743.57,CAD
CA00004783,2025-01-16,BR025,TLR-8222,C502810,cash deposit,1711.92,CAD
CA00000479,2025-01-18,BR002,TLR-6341,C500177,cash deposit,1829.64,CAD
CA00007949,2025-01-28,BR039,TLR-4477,C500738,cash deposit,1018.16,CAD
CA00003569,2025-01-11,BR018,TLR-4863,C500647,cash withdrawal,789.52,CAD
CA00003177,2025-01-25,BR016,TLR-5726,C500868,cash withdrawal,3029.73,CAD
CA00001531,2025-01-22,BR007,TLR-6119,C500535,cash withdrawal,1169.21,CAD
CA00002990,2025-01-22,BR015,TLR-8326,C500505,cash withdrawal,1228.35,CAD
CA00008374,2025-01-12,BR040,TLR-1014,C500509,cash deposit,701.94,CAD
CA00004987,2025-01-22,BR025,TLR-2138,C503026,cash withdrawal,-771.99,CAD
CA00003071,2025-01-07,BR016,TLR-2472,C503537,cash deposit,1296.52,CAD
CA00001907,2025-01-04,BR009,TLR-9767,C500375,cash deposit,638.65,CAD
CA00001957,2025-01-08,BR010,TLR-1384,C500691,cash deposit,2829.74,CAD
CA00001713,2025-01-25,BR008,TLR-4211,C501831,cash deposit,1039.54,CAD
CA00007648,2025-01-14,BR038,TLR-9369,C502160,cash deposit,1475.02,CAD
CA00000956,2025-01-04,BR004,TLR-1647,C501316,cash withdrawal,1376.01,CAD
CA00004094,2025-01-26,BR021,TLR-5187,C501824,cash deposit,1033.13,CAD
CA00006849,2025-01-16,BR035,TLR-2365,C501852,cash withdrawal,453.99,CAD
CA00006994,2025-01-04,BR035,TLR-1245,C502966,cash deposit,1244.55,CAD
CA00006975,2025-01-17,BR035,TLR-4986,C500071,cash deposit,1316.63,CAD
CA00002220,2025-01-12,BR012,TLR-8207,C502320,cash deposit,1752.34,CAD
CA00005704,2025-01-23,BR030,TLR-7046,C503503,cash withdrawal,639.84,CAD
CA00001413,2025-01-21,BR007,TLR-8973,C503123,cash deposit,1198.62,CAD
CA00005774,2025-01-24,BR030,TLR-7073,C500576,cash withdrawal,427.33,CAD
CA00003974,2025-01-12,BR020,TLR-3291,C501222,cash deposit,650.02,USD
CA00005545,2025-01-20,BR028,TLR-7373,C502713,cash withdrawal,2696.95,CAD
CA00003723,2025-01-23,BR019,TLR-3041,C500321,cash deposit,2066.7,CAD
CA00002049,2025-01-28,BR010,TLR-5514,C503020,cash deposit,3081.72,CAD
CA00003833,2025-01-27,BR019,TLR-1154,C500347,cash withdrawal,695.39,CAD
CA00004591,2025-01-14,BR024,TLR-2595,C500413,cash deposit,862.82,CAD
CA00008646,2025-01-10,BR040,TLR-1190,C501250,cash deposit,570.98,CAD
CA00007706,2025-01-09,BR038,TLR-8979,C502427,cash deposit,839.44,CAD
CA00003078,2025-01-23,BR016,TLR-1994,C500652,cash deposit,978.59,CAD
CA00008198,2025-01-15,BR040,TLR-9592,C500112,cash deposit,779.93,CAD
CA00008125,2025-01-27,BR040,TLR-7590,C502338,cash withdrawal,598.21,CAD
CA00004914,2025-01-20,BR025,TLR-8385,C502029,cash withdrawal,-402.4,CAD
CA00008248,2025-01-23,BR040,TLR-5857,C501061,cash deposit,1674.95,CAD
CA00001246,2025-01-30,BR006,TLR-6570,C502055,cash withdrawal,1260.81,CAD
CA00007752,2025-01-29,BR038,TLR-4044,C503635,cash deposit,1129.93,CAD
CA00000158,2025-01-21,BR001,TLR-8139,C503062,cash deposit,777.34,CAD
CA00001959,2025-01-24,BR010,TLR-1429,C502314,cash withdrawal,1788.14,CAD
CA00002834,2025-01-08,BR015,TLR-3161,C501522,cash deposit,1167.32,CAD
CA00005074,2025-01-12,BR026,TLR-2145,C500834,cash deposit,756.61,CAD
CA00001519,2025-01-26,BR007,TLR-6115,C501031,cash deposit,2259.29,CAD
CA00003028,2025-01-21,BR016,TLR-2442,C500414,cash withdrawal,357.38,CAD
CA00005697,2025-01-29,BR030,TLR-8383,C501045,cash withdrawal,668.1,CAD
CA00007409,2025-01-26,BR037,TLR-1644,C500479,cash deposit,819.77,CAD
CA00007977,2025-01-17,BR039,TLR-3839,C501667,cash deposit,2088.54,CAD
CA00004903,2025-01-25,BR025,TLR-3543,C503769,cash deposit,333.91,CAD
CA00007935,2025-01-07,BR039,TLR-9292,C502407,cash withdrawal,440.35,CAD
CA00004825,2025-01-08,BR025,TLR-9955,C502646,cash deposit,2098.22,CAD
CA00003376,2025-01-15,BR017,TLR-1382,C501248,cash deposit,612.89,CAD
CA00002568,2025-01-05,BR014,TLR-1388,C500222,cash deposit,1065.03,CAD
CA00002675,2025-01-31,BR014,TLR-7748,C502034,cash withdrawal,849.13,CAD
CA00008220,2025-01-11,BR040,TLR-8575,C503828,cash deposit,279.18,CAD
CA00008483,2025-01-29,BR040,TLR-4174,C500858,cash deposit,770.5,CAD
CA00005278,2025-01-05,BR027,TLR-6000,C503284,cash deposit,1573.41,CAD
CA00001526,2025-01-13,BR007,TLR-9185,C502576,cash deposit,303.65,CAD
CA00007530,2025-01-16,BR037,TLR-2429,C500347,cash deposit,3339.36,CAD
CA00001901,2025-01-04,BR009,TLR-1708,C501433,cash withdrawal,1841.74,CAD
CA00004473,2025-01-03,BR024,TLR-4727,C503308,cash withdrawal,852.93,CAD
CA00001886,2025-01-23,BR009,TLR-1700,C503946,cash deposit,1042.98,CAD
CA00008590,2025-01-31,BR040,TLR-1648,C502233,cash withdrawal,510.35,CAD
CA00002337,2025-01-31,BR012,TLR-5145,C503127,cash deposit,772.25,CAD
CA00004045,2025-01-27,BR020,TLR-4400,C503321,cash deposit,746.2,USD
CA00003154,2025-01-11,BR016,TLR-2644,C502807,cash deposit,950.0,CAD
CA00006024,2025-01-24,BR031,TLR-1715,C500666,cash withdrawal,420.14,CAD
CA00000765,2025-01-18,BR004,TLR-9680,C502848,cash withdrawal,335.13,CAD
CA00008116,2025-01-25,BR040,TLR-3648,C502580,cash deposit,369.75,CAD
CA00007924,2025-01-29,BR039,TLR-7256,C501853,cash withdrawal,669.07,CAD
CA00002317,2025-01-25,BR012,TLR-6114,C503811,cash withdrawal,1128.09,CAD
CA00003279,2025-01-09,BR017,TLR-4664,C501324,cash deposit,698.73,CAD
CA00001392,2025-01-30,BR007,TLR-4647,C503299,cash deposit,866.06,CAD
CA00002750,2025-01-27,BR015,TLR-6700,C500886,cash deposit,4078.44,CAD
CA00002859,2025-01-24,BR015,TLR-6204,C501923,cash deposit,1163.93,CAD
CA00001714,2025-01-24,BR008,TLR-7727,C502821,cash withdrawal,787.55,CAD
CA00008594,2025-01-09,BR040,TLR-8450,C500522,cash deposit,650.94,CAD
CA00007400,2025-01-10,BR037,TLR-5507,C502130,cash deposit,3173.94,CAD
CA00005026,2025-01-23,BR026,TLR-3072,C501764,cash withdrawal,-802.12,CAD
CA00001435,2025-01-30,BR007,TLR-7359,C501680,cash deposit,141.82,CAD
CA00004366,2025-01-19,BR023,TLR-4918,C500961,cash deposit,635.26,CAD
CA00003849,2025-01-11,BR019,TLR-2219,C503046,cash deposit,3959.08,CAD
CA00000724,2025-01-18,BR003,TLR-5520,C501355,cash deposit,215.91,CAD
CA00006426,2025-01-15,BR032,TLR-1962,C502629,cash withdrawal,4185.7,CAD
CA00006097,2025-01-21,BR031,TLR-1297,C501376,cash withdrawal,1225.7,CAD
CA00006392,2025-01-01,BR032,TLR-9121,C501751,cash deposit,299.15,CAD
CA00005778,2025-01-01,BR030,TLR-8993,C501931,cash deposit,1243.31,CAD
CA00002424,2025-01-01,BR013,TLR-5137,C501928,cash withdrawal,2473.27,CAD
CA00005132,2025-01-07,BR026,TLR-2109,C501066,cash deposit,955.06,CAD
CA00000957,2025-01-08,BR004,TLR-1219,C502121,cash withdrawal,688.51,CAD
CA00005574,2025-01-31,BR029,TLR-9828,C500740,cash withdrawal,1596.96,CAD
CA00006462,2025-01-23,BR033,TLR-9727,C502173,cash withdrawal,224.26,CAD
CA00005867,2025-01-10,BR030,TLR-2617,C502515,cash deposit,1566.27,CAD
CA00001718,2025-01-05,BR008,TLR-3233,C501957,cash withdrawal,442.55,CAD
CA00002364,2025-01-28,BR012,TLR-8719,C503623,cash deposit,976.88,CAD
CA00005519,2025-01-23,BR028,TLR-5641,C501617,cash deposit,1176.73,CAD
CA00003155,2025-01-07,BR016,TLR-9088,C501762,cash deposit,704.46,CAD
CA00000544,2025-01-04,BR002,TLR-6974,C501343,cash withdrawal,-3237.57,CAD
CA00006877,2025-01-25,BR035,TLR-1521,C502692,cash deposit,583.57,CAD
CA00006768,2025-01-28,BR034,TLR-1530,C503517,cash withdrawal,220.68,CAD
CA00005137,2025-01-19,BR026,TLR-3482,C503060,cash deposit,765.55,CAD
CA00003984,2025-01-03,BR020,TLR-8742,C503968,cash withdrawal,737.36,USD
CA00004700,2025-01-17,BR024,TLR-2514,C502752,cash deposit,333.39,CAD
CA00004796,2025-01-06,BR025,TLR-7987,C503127,cash deposit,1513.03,CAD
CA00002695,2025-01-28,BR014,TLR-8074,C500986,cash deposit,981.1,CAD
CA00007170,2025-01-06,BR036,TLR-3444,C502498,cash withdrawal,789.17,CAD
CA00002751,2025-01-07,BR015,TLR-4353,C501576,cash deposit,762.97,CAD
CA00004913,2025-01-22,BR025,TLR-8393,C502283,cash withdrawal,-1255.72,CAD
CA00007013,2025-01-14,BR036,TLR-6160,C503690,cash deposit,886.94,CAD
CA00007496,2025-01-13,BR037,TLR-4363,C500063,cash withdrawal,357.51,CAD
CA00005211,2025-01-10,BR026,TLR-3998,C500641,cash deposit,399.18,CAD
CA00001993,2025-01-18,BR010,TLR-7887,C503810,cash withdrawal,926.88,CAD
CA00004824,2025-01-19,BR025,TLR-6154,C501457,cash deposit,684.29,CAD
CA00000408,2025-01-04,BR002,TLR-8503,C500908,cash deposit,353.95,CAD
CA00006193,2025-01-14,BR031,TLR-6579,C501408,cash deposit,307.16,CAD
CA00005504,2025-01-12,BR028,TLR-7174,C500035,cash deposit,889.11,CAD
CA00003632,2025-01-14,BR019,TLR-6030,C500079,cash withdrawal,576.07,CAD
CA00003543,2025-01-26,BR018,TLR-4387,C502193,cash withdrawal,1614.88,CAD
CA00000497,2025-01-26,BR002,TLR-9199,C501936,cash deposit,767.93,CAD
CA00007187,2025-01-07,BR036,TLR-9330,C501275,cash withdrawal,482.75,CAD
CA00004991,2025-01-09,BR026,TLR-9922,C503823,cash withdrawal,-278.87,CAD
CA00008539,2025-01-21,BR040,TLR-1046,C503319,cash withdrawal,861.55,CAD
CA00004579,2025-01-01,BR024,TLR-5824,C500900,cash withdrawal,883.72,CAD
CA00000006,2025-01-09,BR001,TLR-1610,C503884,cash deposit,1994.39,CAD
CA00007572,2025-01-04,BR037,TLR-8299,C501503,cash deposit,890.58,CAD
CA00002812,2025-01-14,BR015,TLR-7140,C502288,cash withdrawal,339.38,CAD
CA00002907,2025-01-21,BR015,TLR-1525,C500257,cash deposit,372.52,CAD
CA00008629,2025-01-05,BR040,TLR-6564,C501954,cash deposit,936.52,CAD
CA00005789,2025-01-29,BR030,TLR-4149,C503572,cash deposit,4045.96,CAD
CA00005741,2025-01-21,BR030,TLR-1670,C503857,cash deposit,2312.83,CAD
CA00001205,2025-01-13,BR006,TLR-5994,C500659,cash deposit,950.54,CAD
CA00000598,2025-01-09,BR003,TLR-2090,C503883,cash deposit,1188.21,CAD
CA00004305,2025-01-07,BR022,TLR-8732,C503296,cash deposit,488.48,CAD
CA00002280,2025-01-13,BR012,TLR-5155,C501225,cash withdrawal,754.5,CAD
CA00006144,2025-01-22,BR031,TLR-4600,C501999,cash deposit,1250.26,CAD
CA00001316,2025-01-07,BR006,TLR-1073,C501892,cash withdrawal,1443.96,CAD
CA00002134,2025-01-01,BR011,TLR-3504,C503518,cash deposit,874.41,CAD
CA00003025,2025-01-25,BR016,TLR-1752,C503467,cash withdrawal,889.2,CAD
CA00001467,2025-01-24,BR007,TLR-5086,C502147,cash withdrawal,678.64,CAD
CA00001547,2025-01-19,BR007,TLR-5585,C500894,cash withdrawal,2301.84,CAD
CA00008541,2025-01-11,BR040,TLR-3776,C500507,cash withdrawal,3440.78,CAD
CA00000186,2025-01-08,BR001,TLR-8475,C500745,cash withdrawal,1090.65,CAD
CA00002333,2025-01-08,BR012,TLR-3551,C502565,cash deposit,773.43,CAD
CA00002609,2025-01-18,BR014,TLR-3485,C503165,cash deposit,829.75,CAD
CA00000901,2025-01-14,BR004,TLR-2390,C502556,cash withdrawal,671.42,CAD
CA00002932,2025-01-18,BR015,TLR-5481,C501684,cash withdrawal,1277.66,CAD
CA00007579,2025-01-10,BR037,TLR-4479,C503096,cash deposit,1038.63,CAD
CA00001139,2025-01-25,BR006,TLR-3532,C501047,cash withdrawal,1437.52,CAD
CA00001854,2025-01-20,BR009,TLR-1813,C503670,cash withdrawal,1507.42,CAD
CA00000965,2025-01-14,BR004,TLR-6100,C500347,cash withdrawal,470.92,CAD
CA00002499,2025-01-09,BR013,TLR-1506,C501197,cash withdrawal,479.77,CAD
CA00004376,2025-01-12,BR023,TLR-2054,C502473,cash deposit,2591.54,CAD
CA00007931,2025-01-05,BR039,TLR-6272,C503623,cash withdrawal,1607.65,CAD
CA00002097,2025-01-03,BR011,TLR-5982,C501962,cash deposit,332.62,CAD
CA00000236,2025-01-17,BR001,TLR-1993,C501620,cash deposit,2387.56,CAD
CA00000726,2025-01-23,BR003,TLR-2115,C501064,cash withdrawal,2317.2,CAD
CA00007614,2025-01-28,BR038,TLR-2149,C503172,cash withdrawal,948.71,CAD
CA00000216,2025-01-15,BR001,TLR-1237,C503954,cash withdrawal,3337.16,CAD
CA00004209,2025-01-11,BR021,TLR-2607,C503160,cash deposit,350.61,CAD
CA00008058,2025-01-31,BR040,TLR-6894,C503036,cash deposit,549.18,CAD
CA00002188,2025-01-07,BR012,TLR-8607,C501994,cash withdrawal,642.06,CAD
CA00000370,2025-01-16,BR002,TLR-9835,C500092,cash withdrawal,-1808.24,CAD
CA00006200,2025-01-07,BR031,TLR-8205,C501843,cash deposit,582.77,CAD
CA00008131,2025-01-26,BR040,TLR-9902,C500600,cash deposit,1419.88,CAD
CA00006450,2025-01-03,BR033,TLR-5890,C500716,cash deposit,373.11,CAD
CA00004277,2025-01-20,BR022,TLR-9170,C503540,cash deposit,1185.35,CAD
CA00002684,2025-01-20,BR014,TLR-2384,C500259,cash deposit,260.81,CAD
CA00008136,2025-01-17,BR040,TLR-7005,C503062,cash withdrawal,1300.21,CAD
CA00004701,2025-01-14,BR024,TLR-5615,C502776,cash withdrawal,9855.26,CAD
CA00005959,2025-01-01,BR030,TLR-4527,C500963,cash withdrawal,2300.86,CAD
CA00007036,2025-01-28,BR036,TLR-8315,C502186,cash withdrawal,1538.25,CAD
CA00005408,2025-01-18,BR027,TLR-8312,C500831,cash deposit,1939.01,CAD
CA00002660,2025-01-09,BR014,TLR-4253,C503788,cash deposit,7293.6,CAD
CA00005634,2025-01-05,BR029,TLR-7425,C503133,cash withdrawal,258.53,CAD
CA00006362,2025-01-01,BR032,TLR-5341,C503719,cash deposit,1078.2,CAD
CA00003207,2025-01-20,BR017,TLR-9029,C502242,cash deposit,2310.35,CAD
CA00005577,2025-01-19,BR029,TLR-5593,C501681,cash deposit,2459.39,CAD
CA00005130,2025-01-19,BR026,TLR-6222,C503458,cash withdrawal,-845.77,CAD
CA00007611,2025-01-19,BR038,TLR-1973,C503254,cash deposit,1135.19,CAD
CA00005827,2025-01-14,BR030,TLR-1104,C502191,cash withdrawal,913.68,CAD
CA00008089,2025-01-04,BR040,TLR-2234,C501698,cash deposit,1020.6,CAD
CA00001363,2025-01-05,BR007,TLR-7235,C501373,cash withdrawal,1567.04,CAD
CA00006968,2025-01-19,BR035,TLR-4506,C502379,cash withdrawal,350.67,CAD
CA00005350,2025-01-19,BR027,TLR-3999,C502109,cash withdrawal,614.96,CAD
CA00003683,2025-01-06,BR019,TLR-6182,C502065,cash withdrawal,2066.2,CAD
CA00004512,2025-01-08,BR024,TLR-3021,C501721,cash withdrawal,725.04,CAD
CA00005037,2025-01-27,BR026,TLR-2029,C500140,cash deposit,556.87,CAD
CA00005685,2025-01-02,BR029,TLR-4932,C500769,cash withdrawal,887.88,CAD
CA00004431,2025-01-26,BR023,TLR-3534,C502849,cash deposit,439.81,CAD
CA00003239,2025-01-08,BR017,TLR-9480,C503326,cash withdrawal,437.67,CAD
CA00002462,2025-01-25,BR013,TLR-1349,C503550,cash deposit,1242.79,CAD
CA00000559,2025-01-26,BR003,TLR-7593,C501728,cash deposit,1563.38,CAD
CA00005913,2025-01-25,BR030,TLR-9613,C502877,cash withdrawal,931.06,CAD
CA00006086,2025-01-04,BR031,TLR-3815,C503068,cash withdrawal,962.68,CAD
CA00006495,2025-01-04,BR033,TLR-4956,C502697,cash deposit,465.92,CAD
CA00005208,2025-01-25,BR026,TLR-3076,C501339,cash withdrawal,-1050.52,CAD
CA00003808,2025-01-13,BR019,TLR-3082,C503327,cash withdrawal,918.62,CAD
CA00003669,2025-01-22,BR019,TLR-3423,C501570,cash withdrawal,1213.2,CAD
CA00007265,2025-01-24,BR036,TLR-5974,C502050,cash deposit,916.78,CAD
CA00000373,2025-01-13,BR002,TLR-4453,C500540,cash withdrawal,-990.16,CAD
CA00003987,2025-01-13,BR020,TLR-7712,C501976,cash withdrawal,373.77,USD
CA00005200,2025-01-18,BR026,TLR-9879,C500903,cash deposit,603.94,CAD
CA00002967,2025-01-30,BR015,TLR-6228,C500776,cash deposit,405.43,CAD
CA00001940,2025-01-26,BR010,TLR-9629,C500141,cash withdrawal,880.77,CAD
CA00001810,2025-01-28,BR009,TLR-2031,C500281,cash deposit,635.67,CAD
CA00008531,2025-01-26,BR040,TLR-1869,C502592,cash withdrawal,728.3,CAD
CA00006012,2025-01-03,BR031,TLR-5054,C501316,cash withdrawal,521.99,CAD
CA00008641,2025-01-31,BR040,TLR-4214,C502954,cash withdrawal,1462.34,CAD
CA00000079,2025-01-09,BR001,TLR-9574,C502629,cash withdrawal,2022.0,CAD
CA00002776,2025-01-03,BR015,TLR-2255,C502256,cash deposit,758.32,CAD
CA00006813,2025-01-17,BR035,TLR-6523,C503477,cash deposit,1087.49,CAD
CA00001477,2025-01-23,BR007,TLR-7039,C502535,cash withdrawal,1097.6,CAD
CA00006816,2025-01-26,BR035,TLR-9846,C500315,cash withdrawal,2137.21,CAD
CA00007737,2025-01-22,BR038,TLR-3202,C500084,cash withdrawal,2787.19,CAD
CA00001765,2025-01-17,BR008,TLR-3050,C502822,cash deposit,1294.53,CAD
CA00006479,2025-01-07,BR033,TLR-1627,C501309,cash withdrawal,942.67,CAD
CA00004268,2025-01-01,BR022,TLR-3926,C502914,cash withdrawal,4858.49,CAD
CA00000435,2025-01-20,BR002,TLR-1264,C500421,cash deposit,450.74,CAD
CA00008263,2025-01-18,BR040,TLR-1321,C502696,cash deposit,1730.78,CAD
CA00001505,2025-01-28,BR007,TLR-3201,C501088,cash withdrawal,1814.69,CAD
CA00004799,2025-01-26,BR025,TLR-2514,C500813,cash withdrawal,-1013.94,CAD
CA00001753,2025-01-09,BR008,TLR-2148,C501945,cash deposit,554.67,CAD
CA00002351,2025-01-13,BR012,TLR-6082,C502139,cash deposit,884.96,CAD
CA00000690,2025-01-23,BR003,TLR-7612,C502122,cash deposit,1241.89,CAD
CA00002745,2025-01-12,BR015,TLR-3284,C503230,cash deposit,435.1,CAD
CA00003545,2025-01-13,BR018,TLR-9131,C500863,cash deposit,1000.54,CAD
CA00000554,2025-01-21,BR003,TLR-4262,C500009,cash deposit,720.25,CAD
CA00002009,2025-01-10,BR010,TLR-2542,C501990,cash deposit,2685.79,CAD
CA00002633,2025-01-06,BR014,TLR-8015,C502989,cash withdrawal,331.57,CAD
CA00002554,2025-01-21,BR014,TLR-5055,C501845,cash withdrawal,1969.55,CAD
CA00006800,2025-01-08,BR035,TLR-3464,C501031,cash withdrawal,864.11,CAD
CA00002106,2025-01-20,BR011,TLR-1801,C500675,cash deposit,518.34,CAD
CA00002861,2025-01-18,BR015,TLR-5390,C500400,cash withdrawal,1209.33,CAD
CA00001728,2025-01-18,BR008,TLR-5986,C502660,cash deposit,785.85,CAD
CA00005228,2025-01-26,BR026,TLR-2450,C500604,cash withdrawal,-381.16,CAD
CA00004889,2025-01-22,BR025,TLR-6966,C500689,cash deposit,885.28,CAD
CA00005053,2025-01-11,BR026,TLR-7093,C501433,cash withdrawal,-930.0,CAD
CA00005552,2025-01-08,BR028,TLR-8133,C503576,cash withdrawal,438.49,CAD
CA00008247,2025-01-21,BR040,TLR-2634,C501019,cash withdrawal,1391.87,CAD
CA00002262,2025-01-30,BR012,TLR-9703,C501622,cash withdrawal,1158.77,CAD
CA00005734,2025-01-31,BR030,TLR-7624,C500066,cash withdrawal,1018.17,CAD
CA00007978,2025-01-22,BR040,TLR-2148,C500569,cash deposit,1092.15,CAD
CA00008049,2025-01-02,BR040,TLR-5439,C501013,cash withdrawal,927.48,CAD
CA00000569,2025-01-22,BR003,TLR-1245,C502668,cash withdrawal,1382.94,CAD
CA00006528,2025-01-24,BR033,TLR-9568,C501243,cash withdrawal,633.76,CAD
CA00005661,2025-01-23,BR029,TLR-3427,C501044,cash withdrawal,1002.81,CAD
CA00007962,2025-01-25,BR039,TLR-9386,C503669,cash withdrawal,1272.94,CAD
CA00003274,2025-01-04,BR017,TLR-2280,C503795,cash withdrawal,1443.26,CAD
CA00000417,2025-01-30,BR002,TLR-9543,C500574,cash deposit,2837.33,CAD
CA00007674,2025-01-07,BR038,TLR-1613,C501695,cash deposit,1952.95,CAD
CA00001842,2025-01-10,BR009,TLR-6641,C503259,cash withdrawal,343.74,CAD
CA00004009,2025-01-29,BR020,TLR-7471,C500526,cash deposit,888.38,USD
CA00005402,2025-01-14,BR027,TLR-9991,C503363,cash deposit,2305.01,CAD
CA00007705,2025-01-18,BR038,TLR-2455,C501798,cash withdrawal,1051.52,CAD
CA00007439,2025-01-02,BR037,TLR-4991,C500896,cash deposit,2562.18,CAD
CA00008246,2025-01-19,BR040,TLR-7359,C500387,cash withdrawal,1262.5,CAD
CA00008113,2025-01-09,BR040,TLR-3559,C503084,cash withdrawal,1271.21,CAD
CA00000948,2025-01-06,BR004,TLR-2773,C503067,cash deposit,823.87,CAD
CA00003966,2025-01-21,BR020,TLR-4165,C500142,cash withdrawal,321.3,USD
CA00005324,2025-01-09,BR027,TLR-3303,C500651,cash withdrawal,2374.33,CAD
CA00002643,2025-01-19,BR014,TLR-1428,C502610,cash deposit,970.99,CAD
CA00007010,2025-01-18,BR036,TLR-6183,C501192,cash deposit,617.28,CAD
CA00006583,2025-01-18,BR033,TLR-4374,C500739,cash withdrawal,233.05,CAD
CA00004446,2025-01-02,BR023,TLR-2218,C503957,cash withdrawal,984.24,CAD
CA00004122,2025-01-19,BR021,TLR-3105,C501850,cash deposit,743.87,CAD
CA00003834,2025-01-30,BR019,TLR-6794,C503216,cash deposit,193.88,CAD
CA00006419,2025-01-24,BR032,TLR-8017,C501547,cash withdrawal,889.07,CAD
CA00002384,2025-01-19,BR012,TLR-5272,C501070,cash deposit,860.29,CAD
CA00005663,2025-01-19,BR029,TLR-8995,C502019,cash withdrawal,3026.17,CAD
CA00002992,2025-01-20,BR015,TLR-9480,C501407,cash deposit,503.47,CAD
CA00000088,2025-01-09,BR001,TLR-6777,C502231,cash deposit,2376.49,CAD
CA00006147,2025-01-05,BR031,TLR-1616,C503293,cash withdrawal,957.8,CAD
CA00007369,2025-01-27,BR037,TLR-7820,C503272,cash withdrawal,1521.14,CAD
CA00007469,2025-01-12,BR037,TLR-1478,C502734,cash withdrawal,432.54,CAD
CA00007720,2025-01-04,BR038,TLR-5620,C502292,cash deposit,690.01,CAD
CA00003074,2025-01-12,BR016,TLR-7426,C502795,cash deposit,3766.04,CAD
CA00001412,2025-01-26,BR007,TLR-9307,C502020,cash deposit,2847.92,CAD
CA00003832,2025-01-11,BR019,TLR-6635,C502126,cash deposit,716.68,CAD
CA00000806,2025-01-22,BR004,TLR-5560,C503100,cash withdrawal,869.62,CAD
CA00004562,2025-01-28,BR024,TLR-3794,C503049,cash deposit,310.17,CAD
CA00008459,2025-01-30,BR040,TLR-9576,C503741,cash deposit,1781.27,CAD
CA00008551,2025-01-05,BR040,TLR-2357,C501376,cash withdrawal,2879.59,CAD
CA00006113,2025-01-18,BR031,TLR-6358,C501253,cash deposit,1450.02,CAD
CA00006226,2025-01-21,BR031,TLR-5932,C501833,cash deposit,723.76,CAD
CA00008004,2025-01-26,BR040,TLR-1446,C503588,cash withdrawal,710.51,CAD
CA00007680,2025-01-28,BR038,TLR-6435,C502351,cash withdrawal,767.71,CAD
CA00003498,2025-01-22,BR018,TLR-3865,C502293,cash deposit,807.58,CAD
CA00003372,2025-01-14,BR017,TLR-4624,C503380,cash deposit,784.12,CAD
CA00005811,2025-01-05,BR030,TLR-4228,C501599,cash deposit,519.01,CAD
CA00001711,2025-01-23,BR008,TLR-6259,C500364,cash deposit,3087.43,CAD
CA00006190,2025-01-04,BR031,TLR-7726,C503870,cash withdrawal,340.63,CAD
CA00002159,2025-01-24,BR011,TLR-5862,C501894,cash withdrawal,806.81,CAD
CA00002177,2025-01-30,BR012,TLR-5611,C500835,cash deposit,916.0,CAD
CA00001053,2025-01-07,BR005,TLR-6931,C500815,cash withdrawal,1651.6,CAD
CA00004876,2025-01-04,BR025,TLR-4118,C501049,cash deposit,1000.82,CAD
CA00005783,2025-01-30,BR030,TLR-7390,C502963,cash deposit,1380.13,CAD
CA00006508,2025-01-27,BR033,TLR-1411,C501583,cash deposit,987.82,CAD
CA00007485,2025-01-19,BR037,TLR-7593,C501193,cash withdrawal,997.29,CAD
CA00008453,2025-01-18,BR040,TLR-5518,C502931,cash deposit,947.68,CAD
CA00001035,2025-01-03,BR005,TLR-3792,C502023,cash withdrawal,2614.96,CAD
CA00002553,2025-01-31,BR014,TLR-9558,C501615,cash withdrawal,918.21,CAD
CA00004450,2025-01-03,BR024,TLR-3552,C500303,cash withdrawal,1658.02,CAD
CA00005056,2025-01-29,BR026,TLR-3313,C503039,cash deposit,377.67,CAD
CA00000367,2025-01-10,BR002,TLR-7208,C502717,cash deposit,1348.59,CAD
CA00005016,2025-01-17,BR026,TLR-5770,C502546,cash withdrawal,-1180.85,CAD
CA00002247,2025-01-22,BR012,TLR-2693,C501498,cash deposit,1563.21,CAD
CA00007124,2025-01-22,BR036,TLR-3870,C502053,cash withdrawal,475.61,CAD
CA00004419,2025-01-26,BR023,TLR-5875,C503893,cash deposit,842.68,CAD
CA00005676,2025-01-20,BR029,TLR-1992,C500582,cash withdrawal,912.57,CAD
CA00000888,2025-01-08,BR004,TLR-2253,C501800,cash withdrawal,782.99,CAD
CA00002758,2025-01-08,BR015,TLR-5963,C503606,cash deposit,963.93,CAD
CA00000354,2025-01-18,BR002,TLR-2550,C501105,cash withdrawal,-710.77,CAD
CA00000967,2025-01-05,BR004,TLR-7891,C501926,cash deposit,3751.6,CAD
CA00003380,2025-01-09,BR017,TLR-4599,C503230,cash deposit,812.15,CAD
CA00007006,2025-01-19,BR036,TLR-8506,C501496,cash deposit,2057.38,CAD
CA00005252,2025-01-06,BR027,TLR-4110,C502826,cash withdrawal,1079.47,CAD
CA00005046,2025-01-17,BR026,TLR-5297,C502713,cash deposit,477.07,CAD
CA00008194,2025-01-02,BR040,TLR-2051,C501658,cash withdrawal,2243.75,CAD
CA00004765,2025-01-29,BR025,TLR-7282,C500915,cash deposit,533.84,CAD
CA00007741,2025-01-16,BR038,TLR-9837,C502478,cash withdrawal,3125.86,CAD
CA00003388,2025-01-27,BR017,TLR-3431,C500711,cash deposit,1981.4,CAD
CA00001285,2025-01-10,BR006,TLR-8520,C500244,cash deposit,1156.07,CAD
CA00004026,2025-01-08,BR020,TLR-2218,C501756,cash deposit,995.14,USD
CA00007148,2025-01-26,BR036,TLR-6223,C500214,cash deposit,2996.15,CAD
CA00003395,2025-01-31,BR017,TLR-2020,C501739,cash deposit,261.94,CAD
CA00004021,2025-01-25,BR020,TLR-2152,C502941,cash withdrawal,989.89,USD
CA00008444,2025-01-22,BR040,TLR-6703,C503195,cash withdrawal,722.89,CAD
CA00005725,2025-01-18,BR030,TLR-5025,C503636,cash withdrawal,4619.43,CAD
CA00006693,2025-01-26,BR034,TLR-7019,C502435,cash deposit,550.75,CAD
CA00002789,2025-01-01,BR015,TLR-6417,C502784,cash deposit,408.47,CAD
CA00004174,2025-01-17,BR021,TLR-9562,C503884,cash deposit,535.72,CAD
CA00002727,2025-01-25,BR015,TLR-8192,C500448,cash deposit,537.64,CAD
CA00005089,2025-01-01,BR026,TLR-3308,C503295,cash withdrawal,-976.18,CAD
CA00000096,2025-01-07,BR001,TLR-9791,C502940,cash withdrawal,610.66,CAD
CA00007828,2025-01-07,BR039,TLR-1855,C503133,cash withdrawal,964.44,CAD
CA00000638,2025-01-08,BR003,TLR-4407,C503416,cash withdrawal,562.22,CAD
CA00004908,2025-01-24,BR025,TLR-5293,C502974,cash withdrawal,-301.01,CAD
CA00000984,2025-01-14,BR004,TLR-9017,C500189,cash deposit,814.19,CAD
CA00005399,2025-01-07,BR027,TLR-3381,C500829,cash deposit,2631.78,CAD
CA00004860,2025-01-28,BR025,TLR-1046,C500926,cash withdrawal,-563.25,CAD
CA00003606,2025-01-28,BR019,TLR-6185,C503095,cash deposit,718.02,CAD
CA00002595,2025-01-04,BR014,TLR-9603,C502566,cash withdrawal,965.75,CAD
CA00006237,2025-01-14,BR031,TLR-9047,C503083,cash withdrawal,1872.11,CAD
CA00005616,2025-01-10,BR029,TLR-5594,C502086,cash withdrawal,1144.3,CAD
CA00006386,2025-01-10,BR032,TLR-6404,C501852,cash deposit,1876.11,CAD
CA00007380,2025-01-11,BR037,TLR-4738,C503171,cash deposit,460.52,CAD
CA00000094,2025-01-23,BR001,TLR-6054,C503512,cash deposit,1944.12,CAD
CA00000695,2025-01-11,BR003,TLR-7417,C502484,cash withdrawal,1581.56,CAD
CA00001306,2025-01-16,BR006,TLR-3675,C502336,cash withdrawal,820.43,CAD
CA00003686,2025-01-20,BR019,TLR-9034,C501474,cash deposit,1642.48,CAD
CA00008195,2025-01-24,BR040,TLR-3347,C501856,cash withdrawal,1398.68,CAD
CA00002566,2025-01-17,BR014,TLR-6641,C501446,cash deposit,1284.43,CAD
CA00004333,2025-01-31,BR023,TLR-6251,C503014,cash withdrawal,2290.64,CAD
CA00004240,2025-01-21,BR021,TLR-5462,C500823,cash deposit,401.11,CAD
CA00008341,2025-01-09,BR040,TLR-1924,C500691,cash deposit,591.72,CAD
CA00001682,2025-01-03,BR008,TLR-9287,C503363,cash deposit,3752.71,CAD
CA00006939,2025-01-29,BR035,TLR-6684,C501415,cash withdrawal,887.95,CAD
CA00002469,2025-01-05,BR013,TLR-3707,C503888,cash withdrawal,648.79,CAD
CA00000413,2025-01-21,BR002,TLR-4576,C500313,cash withdrawal,-1994.86,CAD
CA00000657,2025-01-28,BR003,TLR-6561,C502279,cash deposit,3205.99,CAD
CA00000167,2025-01-20,BR001,TLR-7187,C502587,cash withdrawal,2189.68,CAD
CA00002770,2025-01-08,BR015,TLR-1905,C503940,cash withdrawal,779.55,CAD
CA00003611,2025-01-25,BR019,TLR-5627,C503595,cash withdrawal,965.3,CAD
CA00007185,2025-01-13,BR036,TLR-5494,C503386,cash deposit,1583.96,CAD
CA00004704,2025-01-11,BR024,TLR-7560,C503490,cash withdrawal,750.31,CAD
CA00001864,2025-01-08,BR009,TLR-9264,C500062,cash deposit,3087.08,CAD
CA00002791,2025-01-07,BR015,TLR-3918,C503548,cash withdrawal,824.14,CAD
CA00001397,2025-01-08,BR007,TLR-5227,C501770,cash withdrawal,3860.76,CAD
CA00007772,2025-01-09,BR038,TLR-2902,C503624,cash withdrawal,995.52,CAD
CA00008469,2025-01-01,BR040,TLR-2893,C503393,cash deposit,1684.06,CAD
CA00004636,2025-01-31,BR024,TLR-2958,C503517,cash deposit,629.7,CAD
CA00004963,2025-01-29,BR025,TLR-4171,C502299,cash deposit,770.12,CAD
CA00004844,2025-01-23,BR025,TLR-6687,C500635,cash deposit,384.68,CAD
CA00004758,2025-01-17,BR024,TLR-6330,C503598,cash deposit,1649.57,CAD
CA00001149,2025-01-11,BR006,TLR-7601,C500478,cash deposit,393.63,CAD
CA00008100,2025-01-11,BR040,TLR-2174,C502511,cash withdrawal,457.38,CAD
CA00005729,2025-01-21,BR030,TLR-3029,C501736,cash withdrawal,1232.86,CAD
CA00006720,2025-01-15,BR034,TLR-7421,C500188,cash withdrawal,1527.98,CAD
CA00002166,2025-01-27,BR011,TLR-4085,C501075,cash deposit,1027.95,CAD
CA00008452,2025-01-06,BR040,TLR-5008,C501841,cash deposit,1460.16,CAD
CA00002190,2025-01-01,BR012,TLR-4700,C500060,cash deposit,866.44,CAD
CA00004793,2025-01-31,BR025,TLR-5764,C503072,cash deposit,330.1,CAD
CA00004430,2025-01-06,BR023,TLR-7907,C500057,cash deposit,788.0,CAD
CA00002388,2025-01-17,BR012,TLR-5882,C503470,cash deposit,5011.92,CAD
CA00007740,2025-01-16,BR038,TLR-1661,C502268,cash deposit,330.55,CAD
CA00006358,2025-01-27,BR032,TLR-5940,C501376,cash withdrawal,1500.4,CAD
CA00007264,2025-01-08,BR036,TLR-1274,C503884,cash withdrawal,3538.62,CAD
CA00002829,2025-01-18,BR015,TLR-1581,C503509,cash deposit,1422.71,CAD
CA00005736,2025-01-02,BR030,TLR-2030,C503311,cash withdrawal,941.22,CAD
CA00000328,2025-01-02,BR002,TLR-7499,C502910,cash deposit,596.22,CAD
CA00006555,2025-01-10,BR033,TLR-2943,C503042,cash withdrawal,967.6,CAD
CA00006694,2025-01-02,BR034,TLR-3761,C500256,cash deposit,959.75,CAD
CA00000778,2025-01-04,BR004,TLR-6234,C501864,cash deposit,1605.79,CAD
CA00000462,2025-01-07,BR002,TLR-8978,C501460,cash withdrawal,-723.15,CAD
CA00006927,2025-01-27,BR035,TLR-2156,C500831,cash withdrawal,523.78,CAD
CA00007412,2025-01-15,BR037,TLR-1347,C501343,cash withdrawal,602.9,CAD
CA00007595,2025-01-16,BR038,TLR-7751,C503350,cash withdrawal,1233.94,CAD
CA00000334,2025-01-17,BR002,TLR-3329,C503673,cash deposit,496.94,CAD
CA00008677,2025-01-22,BR040,TLR-2120,C503361,cash deposit,1240.39,CAD
CA00000298,2025-01-09,BR001,TLR-8632,C503256,cash deposit,1593.11,CAD
CA00006368,2025-01-12,BR032,TLR-8395,C503978,cash deposit,876.71,CAD
CA00004057,2025-01-29,BR020,TLR-1351,C502618,cash deposit,182.94,USD
CA00002721,2025-01-08,BR014,TLR-5278,C502667,cash deposit,482.59,CAD
CA00002503,2025-01-05,BR014,TLR-6061,C502036,cash withdrawal,684.79,CAD
CA00008686,2025-01-31,BR040,TLR-5044,C500068,cash withdrawal,352.0,CAD
CA00006052,2025-01-08,BR031,TLR-1437,C500039,cash deposit,886.07,CAD
CA00001625,2025-01-12,BR008,TLR-3027,C500952,cash withdrawal,1134.74,CAD
CA00005043,2025-01-16,BR026,TLR-4971,C500576,cash deposit,661.32,CAD
CA00004537,2025-01-18,BR024,TLR-9480,C500167,cash withdrawal,825.02,CAD
CA00008064,2025-01-21,BR040,TLR-4100,C503040,cash withdrawal,3520.12,CAD
CA00004248,2025-01-10,BR021,TLR-8423,C502188,cash deposit,783.95,CAD
CA00005713,2025-01-15,BR030,TLR-1409,C500914,cash deposit,414.99,CAD
CA00006850,2025-01-30,BR035,TLR-7848,C500684,cash withdrawal,1649.19,CAD
CA00004648,2025-01-06,BR024,TLR-6591,C502102,cash deposit,749.89,CAD
CA00002853,2025-01-26,BR015,TLR-8150,C500348,cash deposit,401.37,CAD
CA00008292,2025-01-11,BR040,TLR-6144,C503334,cash deposit,1045.34,CAD
CA00004135,2025-01-19,BR021,TLR-5899,C502334,cash deposit,709.7,CAD
CA00005160,2025-01-14,BR026,TLR-5724,C503945,cash withdrawal,-1165.0,CAD
CA00003413,2025-01-01,BR017,TLR-4585,C501815,cash withdrawal,153.66,CAD
CA00001323,2025-01-25,BR006,TLR-4161,C500369,cash deposit,334.67,CAD
CA00007905,2025-01-11,BR039,TLR-3167,C501037,cash withdrawal,361.74,CAD
CA00003000,2025-01-21,BR015,TLR-1428,C503738,cash withdrawal,636.11,CAD
CA00004604,2025-01-26,BR024,TLR-5136,C502853,cash withdrawal,1213.14,CAD
CA00005035,2025-01-07,BR026,TLR-8562,C500487,cash deposit,2727.04,CAD
CA00002476,2025-01-26,BR013,TLR-3232,C501322,cash deposit,1654.36,CAD
CA00006901,2025-01-31,BR035,TLR-3487,C500471,cash withdrawal,345.85,CAD
CA00004052,2025-01-26,BR020,TLR-1550,C501803,cash withdrawal,2348.09,USD
CA00006731,2025-01-30,BR034,TLR-1492,C500466,cash withdrawal,429.33,CAD
CA00008187,2025-01-24,BR040,TLR-5333,C502392,cash deposit,3601.73,CAD
CA00006031,2025-01-07,BR031,TLR-6518,C502346,cash deposit,430.91,CAD
CA00004086,2025-01-24,BR021,TLR-9554,C500668,cash deposit,590.43,CAD
CA00002596,2025-01-22,BR014,TLR-5906,C501131,cash withdrawal,2727.28,CAD
CA00001770,2025-01-11,BR008,TLR-5326,C503872,cash withdrawal,1153.58,CAD
CA00001068,2025-01-18,BR005,TLR-2384,C502202,cash deposit,817.84,CAD
CA00006215,2025-01-27,BR031,TLR-3236,C502639,cash withdrawal,1091.15,CAD
CA00000005,2025-01-14,BR001,TLR-1510,C500524,cash deposit,1714.47,CAD
CA00007121,2025-01-23,BR036,TLR-3437,C503168,cash deposit,1052.52,CAD
CA00006234,2025-01-20,BR031,TLR-9526,C503870,cash withdrawal,775.37,CAD
CA00001229,2025-01-24,BR006,TLR-6875,C501046,cash withdrawal,1316.37,CAD
CA00001026,2025-01-14,BR005,TLR-9732,C501727,cash deposit,2236.06,CAD
CA00000267,2025-01-06,BR001,TLR-1157,C502172,cash deposit,1692.5,CAD
CA00008609,2025-01-28,BR040,TLR-1198,C501360,cash deposit,2953.96,CAD
CA00000159,2025-01-08,BR001,TLR-2128,C503971,cash deposit,727.22,CAD
CA00002795,2025-01-05,BR015,TLR-3121,C502006,cash deposit,2244.42,CAD
CA00000805,2025-01-01,BR004,TLR-3415,C500392,cash withdrawal,1360.07,CAD
CA00007270,2025-01-06,BR036,TLR-8910,C500248,cash deposit,1345.35,CAD
CA00000529,2025-01-29,BR002,TLR-1881,C503418,cash withdrawal,-588.05,CAD
CA00008340,2025-01-03,BR040,TLR-6833,C501444,cash deposit,389.86,CAD
CA00002042,2025-01-10,BR010,TLR-6677,C500296,cash withdrawal,796.76,CAD
CA00005144,2025-01-17,BR026,TLR-1955,C501331,cash deposit,1199.84,CAD
CA00005454,2025-01-15,BR028,TLR-8432,C502220,cash deposit,1482.99,CAD
CA00001767,2025-01-30,BR008,TLR-4966,C502568,cash deposit,571.93,CAD
CA00005605,2025-01-10,BR029,TLR-5243,C503318,cash withdrawal,775.72,CAD
CA00003291,2025-01-19,BR017,TLR-5245,C503719,cash deposit,313.73,CAD
CA00004836,2025-01-02,BR025,TLR-1930,C500004,cash withdrawal,-1888.76,CAD
CA00005215,2025-01-17,BR026,TLR-4138,C501520,cash withdrawal,-274.61,CAD
CA00008304,2025-01-26,BR040,TLR-7812,C500875,cash withdrawal,394.76,CAD
CA00006415,2025-01-22,BR032,TLR-9129,C500403,cash withdrawal,736.36,CAD
CA00005375,2025-01-22,BR027,TLR-4841,C502353,cash withdrawal,1800.08,CAD
CA00008472,2025-01-05,BR040,TLR-6465,C500291,cash withdrawal,294.72,CAD
CA00007973,2025-01-26,BR039,TLR-1409,C501568,cash deposit,601.53,CAD
CA00008454,2025-01-20,BR040,TLR-1498,C503858,cash deposit,1125.94,CAD
CA00001039,2025-01-29,BR005,TLR-5932,C502981,cash deposit,394.5,CAD
CA00001737,2025-01-10,BR008,TLR-1409,C500962,cash deposit,1346.62,CAD
CA00006210,2025-01-21,BR031,TLR-3884,C503118,cash withdrawal,629.47,CAD
CA00004138,2025-01-17,BR021,TLR-1640,C501023,cash deposit,712.24,CAD
CA00001636,2025-01-04,BR008,TLR-4486,C501738,cash deposit,2065.47,CAD
CA00002023,2025-01-20,BR010,TLR-7475,C501549,cash deposit,419.2,CAD
CA00008241,2025-01-11,BR040,TLR-5708,C501696,cash deposit,435.67,CAD
CA00003119,2025-01-18,BR016,TLR-4053,C503430,cash deposit,1195.42,CAD
CA00005156,2025-01-30,BR026,TLR-7029,C503000,cash withdrawal,-1446.37,CAD
CA00004151,2025-01-18,BR021,TLR-3162,C503822,cash withdrawal,1905.8,CAD
CA00005622,2025-01-23,BR029,TLR-9095,C502357,cash deposit,2139.1,CAD
CA00005057,2025-01-30,BR026,TLR-1145,C500185,cash deposit,1513.63,CAD
CA00005537,2025-01-20,BR028,TLR-3334,C501670,cash deposit,762.89,CAD
CA00005925,2025-01-05,BR030,TLR-4840,C501822,cash deposit,851.71,CAD
CA00008643,2025-01-01,BR040,TLR-6203,C500422,cash withdrawal,1529.97,CAD
CA00006159,2025-01-15,BR031,TLR-6320,C501867,cash withdrawal,487.82,CAD
CA00008109,2025-01-26,BR040,TLR-6180,C502098,cash withdrawal,1002.38,CAD
CA00002219,2025-01-07,BR012,TLR-4166,C501658,cash withdrawal,652.16,CAD
CA00008047,2025-01-18,BR040,TLR-6734,C501948,cash deposit,1149.78,CAD
CA00007533,2025-01-01,BR037,TLR-5721,C500383,cash withdrawal,2297.88,CAD
CA00003259,2025-01-15,BR017,TLR-2781,C501707,cash deposit,731.85,CAD
CA00006676,2025-01-11,BR034,TLR-2833,C501909,cash withdrawal,1326.23,CAD
CA00000491,2025-01-17,BR002,TLR-9158,C500702,cash withdrawal,-1091.23,CAD
CA00001628,2025-01-13,BR008,TLR-8962,C501421,cash withdrawal,1529.47,CAD
CA00003671,2025-01-09,BR019,TLR-3845,C500480,cash deposit,1700.1,CAD
CA00007071,2025-01-24,BR036,TLR-3032,C500182,cash withdrawal,947.33,CAD
CA00005244,2025-01-06,BR026,TLR-3445,C500655,cash withdrawal,-322.17,CAD
CA00004292,2025-01-18,BR022,TLR-1330,C502677,cash deposit,2087.25,CAD
CA00002611,2025-01-16,BR014,TLR-6386,C503174,cash deposit,3945.35,CAD
CA00008244,2025-01-11,BR040,TLR-3998,C500203,cash deposit,553.22,CAD
CA00001591,2025-01-28,BR008,TLR-9914,C503293,cash withdrawal,1493.71,CAD
CA00005363,2025-01-16,BR027,TLR-7297,C502337,cash withdrawal,587.95,CAD
CA00008683,2025-01-04,BR040,TLR-1043,C501807,cash deposit,686.0,CAD
CA00001825,2025-01-28,BR009,TLR-4499,C502631,cash withdrawal,1579.16,CAD
CA00000623,2025-01-30,BR003,TLR-1700,C502688,cash withdrawal,4625.1,CAD
CA00006620,2025-01-04,BR034,TLR-4879,C502173,cash deposit,626.25,CAD
CA00000825,2025-01-23,BR004,TLR-2916,C502800,cash deposit,193.51,CAD
CA00003698,2025-01-10,BR019,TLR-6592,C502695,cash withdrawal,1614.04,CAD
CA00007239,2025-01-24,BR036,TLR-8799,C502881,cash withdrawal,231.56,CAD
CA00007241,2025-01-07,BR036,TLR-5936,C501330,cash withdrawal,1255.32,CAD
CA00000856,2025-01-21,BR004,TLR-5771,C500026,cash withdrawal,346.78,CAD
CA00006250,2025-01-30,BR031,TLR-5544,C501610,cash withdrawal,463.49,CAD
CA00001571,2025-01-26,BR008,TLR-8858,C501440,cash deposit,436.92,CAD
CA00002689,2025-01-30,BR014,TLR-4649,C500095,cash withdrawal,1728.71,CAD
CA00007440,2025-01-18,BR037,TLR-3697,C503384,cash deposit,1365.67,CAD
CA00008464,2025-01-07,BR040,TLR-1427,C500555,cash deposit,1403.93,CAD
CA00001304,2025-01-13,BR006,TLR-7669,C502306,cash withdrawal,3125.77,CAD
CA00008426,2025-01-29,BR040,TLR-8243,C501270,cash deposit,1661.16,CAD
CA00000254,2025-01-16,BR001,TLR-5715,C503618,cash deposit,1730.86,CAD
CA00000533,2025-01-22,BR002,TLR-1886,C500457,cash deposit,2539.71,CAD
CA00002029,2025-01-12,BR010,TLR-4144,C501991,cash deposit,448.4,CAD
CA00003463,2025-01-20,BR018,TLR-7555,C501407,cash deposit,383.53,CAD
CA00007616,2025-01-13,BR038,TLR-4977,C502678,cash withdrawal,986.31,CAD
CA00006167,2025-01-20,BR031,TLR-2604,C500932,cash withdrawal,254.99,CAD
CA00005835,2025-01-07,BR030,TLR-7852,C501121,cash deposit,795.47,CAD
CA00005998,2025-01-04,BR030,TLR-8680,C501220,cash withdrawal,633.35,CAD
CA00004728,2025-01-09,BR024,TLR-1222,C501273,cash deposit,677.23,CAD
CA00005109,2025-01-21,BR026,TLR-9516,C502469,cash withdrawal,-3302.54,CAD
CA00002026,2025-01-03,BR010,TLR-1548,C502015,cash deposit,355.4,CAD
CA00000451,2025-01-24,BR002,TLR-7221,C501990,cash withdrawal,-1764.51,CAD
CA00000102,2025-01-15,BR001,TLR-1767,C500269,cash deposit,856.55,CAD
CA00002135,2025-01-11,BR011,TLR-3474,C503262,cash deposit,467.23,CAD
CA00005123,2025-01-22,BR026,TLR-1085,C501623,cash deposit,973.92,CAD
CA00006754,2025-01-23,BR034,TLR-2703,C503457,cash deposit,421.72,CAD
CA00005528,2025-01-05,BR028,TLR-4903,C503354,cash withdrawal,315.83,CAD
CA00005805,2025-01-15,BR030,TLR-1417,C501689,cash withdrawal,1482.5,CAD
CA00006719,2025-01-31,BR034,TLR-3881,C503497,cash deposit,1041.17,CAD
CA00003641,2025-01-03,BR019,TLR-7087,C502935,cash deposit,560.03,CAD
CA00005006,2025-01-25,BR026,TLR-9741,C502120,cash withdrawal,-400.49,CAD
CA00001876,2025-01-12,BR009,TLR-7334,C503249,cash deposit,973.94,CAD
CA00001097,2025-01-02,BR006,TLR-8277,C503042,cash withdrawal,485.65,CAD
CA00004497,2025-01-29,BR024,TLR-4728,C500389,cash withdrawal,596.69,CAD
CA00006121,2025-01-25,BR031,TLR-5123,C503989,cash withdrawal,1350.1,CAD
CA00000790,2025-01-10,BR004,TLR-6855,C503150,cash withdrawal,391.17,CAD
CA00003828,2025-01-25,BR019,TLR-8790,C500308,cash deposit,1865.36,CAD
CA00007115,2025-01-20,BR036,TLR-6798,C501717,cash deposit,1258.14,CAD
CA00007258,2025-01-20,BR036,TLR-2404,C500190,cash deposit,363.71,CAD
CA00005293,2025-01-23,BR027,TLR-7532,C501387,cash withdrawal,610.79,CAD
CA00000077,2025-01-10,BR001,TLR-5420,C503976,cash withdrawal,1449.85,CAD
CA00001726,2025-01-24,BR008,TLR-6785,C503104,cash deposit,480.89,CAD
CA00004297,2025-01-09,BR022,TLR-3215,C502193,cash withdrawal,948.99,CAD
CA00001464,2025-01-30,BR007,TLR-9799,C503984,cash withdrawal,809.8,CAD
CA00000163,2025-01-26,BR001,TLR-7418,C503632,cash withdrawal,529.02,CAD
CA00002213,2025-01-08,BR012,TLR-9638,C501959,cash withdrawal,268.53,CAD
CA00002281,2025-01-30,BR012,TLR-9380,C502340,cash withdrawal,1554.45,CAD
CA00000404,2025-01-18,BR002,TLR-2583,C500258,cash deposit,850.58,CAD
CA00005427,2025-01-30,BR028,TLR-4546,C501534,cash deposit,715.66,CAD
CA00008587,2025-01-15,BR040,TLR-8325,C503185,cash deposit,1599.63,CAD
CA00006752,2025-01-12,BR034,TLR-2589,C500157,cash deposit,826.13,CAD
CA00002057,2025-01-22,BR010,TLR-2272,C500348,cash withdrawal,2166.37,CAD
CA00007371,2025-01-30,BR037,TLR-9358,C503973,cash deposit,579.05,CAD
CA00000614,2025-01-11,BR003,TLR-9707,C500813,cash withdrawal,590.27,CAD
CA00003576,2025-01-13,BR019,TLR-8776,C502696,cash deposit,1690.57,CAD
CA00000143,2025-01-27,BR001,TLR-3031,C503342,cash withdrawal,443.04,CAD
CA00004099,2025-01-23,BR021,TLR-1234,C502752,cash withdrawal,804.38,CAD
CA00008303,2025-01-04,BR040,TLR-3731,C502736,cash deposit,376.87,CAD
CA00006941,2025-01-16,BR035,TLR-3609,C500848,cash withdrawal,853.46,CAD
CA00001603,2025-01-21,BR008,TLR-8213,C500150,cash withdrawal,473.91,CAD
CA00003265,2025-01-26,BR017,TLR-5642,C500465,cash deposit,381.87,CAD
CA00000458,2025-01-15,BR002,TLR-4688,C501552,cash withdrawal,-584.31,CAD
CA00001265,2025-01-31,BR006,TLR-8308,C503501,cash deposit,1209.86,CAD
CA00001843,2025-01-06,BR009,TLR-8256,C502599,cash withdrawal,449.58,CAD
CA00007627,2025-01-03,BR038,TLR-2530,C500802,cash withdrawal,689.67,CAD
CA00008228,2025-01-19,BR040,TLR-4906,C501504,cash deposit,2267.16,CAD
CA00007370,2025-01-10,BR037,TLR-1918,C502993,cash deposit,964.19,CAD
CA00006103,2025-01-25,BR031,TLR-5484,C500935,cash deposit,945.36,CAD
CA00004851,2025-01-09,BR025,TLR-6081,C502706,cash withdrawal,-367.41,CAD
CA00008462,2025-01-07,BR040,TLR-6785,C501722,cash deposit,567.77,CAD
CA00005871,2025-01-31,BR030,TLR-9792,C501884,cash deposit,611.02,CAD
CA00006013,2025-01-07,BR031,TLR-5306,C500103,cash withdrawal,1439.92,CAD
CA00000685,2025-01-05,BR003,TLR-1245,C501042,cash deposit,1105.46,CAD
CA00007348,2025-01-08,BR037,TLR-4968,C503900,cash withdrawal,335.85,CAD
CA00006034,2025-01-11,BR031,TLR-9218,C501683,cash deposit,1408.69,CAD
CA00006221,2025-01-12,BR031,TLR-1652,C501292,cash deposit,605.77,CAD
CA00000947,2025-01-02,BR004,TLR-7890,C503583,cash deposit,1337.0,CAD
CA00001218,2025-01-27,BR006,TLR-9837,C503418,cash deposit,474.89,CAD
CA00003202,2025-01-31,BR016,TLR-3318,C502162,cash withdrawal,772.45,CAD
CA00004183,2025-01-07,BR021,TLR-5326,C502421,cash deposit,1011.28,CAD
CA00004804,2025-01-22,BR025,TLR-8181,C500261,cash deposit,1642.61,CAD
CA00007443,2025-01-15,BR037,TLR-5687,C500093,cash deposit,559.61,CAD
CA00005112,2025-01-21,BR026,TLR-7412,C502565,cash withdrawal,-2009.72,CAD
CA00000938,2025-01-18,BR004,TLR-4294,C500958,cash withdrawal,863.01,CAD
CA00004951,2025-01-23,BR025,TLR-9236,C502073,cash withdrawal,-317.46,CAD
CA00006979,2025-01-31,BR035,TLR-5330,C503178,cash withdrawal,1372.87,CAD
CA00002679,2025-01-24,BR014,TLR-1150,C501822,cash deposit,1191.58,CAD
CA00005048,2025-01-07,BR026,TLR-5752,C500543,cash deposit,552.69,CAD
CA00005356,2025-01-21,BR027,TLR-3966,C501604,cash deposit,1114.22,CAD
CA00004950,2025-01-31,BR025,TLR-8791,C501230,cash withdrawal,-1238.37,CAD
CA00001284,2025-01-11,BR006,TLR-7024,C502660,cash withdrawal,2013.55,CAD
CA00000920,2025-01-03,BR004,TLR-1219,C500645,cash withdrawal,909.28,CAD
CA00000472,2025-01-09,BR002,TLR-6183,C501834,cash deposit,245.36,CAD
CA00000627,2025-01-15,BR003,TLR-3900,C502285,cash withdrawal,752.48,CAD
CA00005255,2025-01-19,BR027,TLR-5530,C500290,cash deposit,475.22,CAD
CA00001982,2025-01-31,BR010,TLR-2535,C503334,cash deposit,387.07,CAD
CA00003549,2025-01-19,BR018,TLR-6045,C501719,cash deposit,2224.74,CAD
CA00007757,2025-01-07,BR038,TLR-9610,C500261,cash withdrawal,1606.62,CAD
CA00007390,2025-01-26,BR037,TLR-4270,C503759,cash withdrawal,822.19,CAD
CA00002165,2025-01-04,BR011,TLR-3405,C500647,cash withdrawal,388.1,CAD
CA00004315,2025-01-28,BR022,TLR-6237,C503746,cash deposit,442.08,CAD
CA00007534,2025-01-03,BR037,TLR-1792,C503962,cash deposit,1279.91,CAD
CA00004261,2025-01-28,BR022,TLR-3171,C500399,cash deposit,1767.27,CAD
CA00004112,2025-01-16,BR021,TLR-7140,C502987,cash withdrawal,2795.45,CAD
CA00007582,2025-01-03,BR037,TLR-3441,C502412,cash withdrawal,1015.66,CAD
CA00005300,2025-01-01,BR027,TLR-2059,C501688,cash withdrawal,904.22,CAD
CA00006619,2025-01-20,BR034,TLR-3877,C500835,cash deposit,287.76,CAD
CA00003999,2025-01-29,BR020,TLR-8203,C500092,cash withdrawal,644.66,USD
CA00007164,2025-01-03,BR036,TLR-2116,C502149,cash withdrawal,1905.86,CAD
CA00005323,2025-01-15,BR027,TLR-2814,C503546,cash deposit,2336.72,CAD
CA00003506,2025-01-16,BR018,TLR-8475,C500368,cash deposit,438.68,CAD
CA00000173,2025-01-01,BR001,TLR-8426,C500832,cash deposit,1836.95,CAD
CA00000867,2025-01-10,BR004,TLR-3830,C501517,cash withdrawal,484.59,CAD
CA00007247,2025-01-24,BR036,TLR-6317,C500527,cash withdrawal,1484.25,CAD
CA00002639,2025-01-13,BR014,TLR-9551,C502291,cash deposit,1098.98,CAD
CA00006667,2025-01-20,BR034,TLR-3464,C503541,cash withdrawal,727.48,CAD
CA00004384,2025-01-08,BR023,TLR-7784,C501052,cash deposit,434.99,CAD
CA00008332,2025-01-25,BR040,TLR-9829,C501226,cash deposit,742.5,CAD
CA00008327,2025-01-19,BR040,TLR-7204,C500446,cash withdrawal,437.31,CAD
CA00001372,2025-01-11,BR007,TLR-6698,C503499,cash withdrawal,1607.88,CAD
CA00004280,2025-01-04,BR022,TLR-5529,C503305,cash deposit,3227.33,CAD
CA00003246,2025-01-17,BR017,TLR-5950,C503025,cash withdrawal,1119.63,CAD
CA00004563,2025-01-03,BR024,TLR-6696,C500419,cash deposit,830.76,CAD
CA00004056,2025-01-01,BR020,TLR-1324,C502794,cash deposit,698.33,USD
CA00005756,2025-01-28,BR030,TLR-8211,C501156,cash deposit,1330.22,CAD
CA00006892,2025-01-15,BR035,TLR-1976,C501183,cash withdrawal,1055.99,CAD
CA00005462,2025-01-11,BR028,TLR-1276,C502653,cash deposit,878.82,CAD
CA00007497,2025-01-26,BR037,TLR-8515,C502958,cash deposit,1024.51,CAD
CA00007568,2025-01-18,BR037,TLR-2141,C500060,cash withdrawal,2113.68,CAD
CA00003423,2025-01-27,BR017,TLR-2664,C501304,cash withdrawal,1852.78,CAD
CA00006156,2025-01-25,BR031,TLR-9243,C503987,cash deposit,1037.59,CAD
CA00001789,2025-01-14,BR008,TLR-1211,C500978,cash deposit,1004.54,CAD
CA00003666,2025-01-09,BR019,TLR-3685,C500469,cash deposit,419.33,CAD
CA00003069,2025-01-13,BR016,TLR-8355,C501906,cash withdrawal,384.67,CAD
CA00006812,2025-01-31,BR035,TLR-9704,C501003,cash deposit,2618.95,CAD
CA00002623,2025-01-14,BR014,TLR-2993,C501866,cash deposit,998.33,CAD
CA00004962,2025-01-14,BR025,TLR-1175,C500876,cash withdrawal,-878.01,CAD
CA00004485,2025-01-26,BR024,TLR-3676,C501736,cash withdrawal,1147.29,CAD
CA00006661,2025-01-24,BR034,TLR-8052,C500683,cash withdrawal,875.06,CAD
CA00001214,2025-01-27,BR006,TLR-1181,C500540,cash withdrawal,746.99,CAD
CA00007893,2025-01-26,BR039,TLR-2253,C503302,cash withdrawal,896.88,CAD
CA00003913,2025-01-05,BR020,TLR-9808,C502899,cash withdrawal,744.12,USD
CA00004320,2025-01-10,BR022,TLR-1358,C501524,cash withdrawal,600.35,CAD
CA00004225,2025-01-01,BR021,TLR-8479,C500470,cash withdrawal,952.66,CAD
CA00004517,2025-01-26,BR024,TLR-2590,C501484,cash withdrawal,3987.68,CAD
CA00004973,2025-01-24,BR025,TLR-5412,C503217,cash deposit,1922.94,CAD
CA00000869,2025-01-21,BR004,TLR-6408,C502235,cash withdrawal,871.28,CAD
CA00008160,2025-01-24,BR040,TLR-7889,C500879,cash withdrawal,2392.79,CAD
CA00008615,2025-01-25,BR040,TLR-9254,C502631,cash deposit,1058.23,CAD
CA00005794,2025-01-24,BR030,TLR-1050,C502557,cash withdrawal,565.68,CAD
CA00002158,2025-01-04,BR011,TLR-4309,C501503,cash deposit,824.06,CAD
CA00003201,2025-01-17,BR016,TLR-4883,C501467,cash withdrawal,732.8,CAD
CA00000453,2025-01-02,BR002,TLR-6993,C501108,cash deposit,5541.09,CAD
CA00006301,2025-01-02,BR032,TLR-2845,C502957,cash withdrawal,2000.35,CAD
CA00008406,2025-01-24,BR040,TLR-9870,C500471,cash withdrawal,1000.96,CAD
CA00004493,2025-01-03,BR024,TLR-1877,C501255,cash withdrawal,263.27,CAD
CA00007517,2025-01-24,BR037,TLR-2402,C501252,cash deposit,1159.31,CAD
CA00006935,2025-01-05,BR035,TLR-7987,C503687,cash deposit,1233.4,CAD
CA00007794,2025-01-10,BR039,TLR-7763,C501198,cash withdrawal,1826.99,CAD
CA00007214,2025-01-26,BR036,TLR-8754,C502680,cash withdrawal,914.32,CAD
CA00001140,2025-01-28,BR006,TLR-2932,C500789,cash withdrawal,2017.2,CAD
CA00002357,2025-01-26,BR012,TLR-7731,C503083,cash deposit,1470.68,CAD
CA00006859,2025-01-12,BR035,TLR-2658,C500590,cash deposit,1949.77,CAD
CA00000287,2025-01-19,BR001,TLR-5173,C502745,cash deposit,300.04,CAD
CA00001895,2025-01-19,BR009,TLR-3096,C502874,cash withdrawal,385.02,CAD
CA00004665,2025-01-07,BR024,TLR-7837,C501038,cash deposit,255.45,CAD
CA00008075,2025-01-22,BR040,TLR-8348,C503504,cash deposit,196.74,CAD
CA00008167,2025-01-16,BR040,TLR-6637,C502822,cash withdrawal,1107.04,CAD
CA00008653,2025-01-25,BR040,TLR-8828,C501722,cash withdrawal,1515.66,CAD
CA00005396,2025-01-04,BR027,TLR-6535,C500152,cash withdrawal,1068.7,CAD
CA00003760,2025-01-02,BR019,TLR-1419,C501922,cash deposit,875.98,CAD
CA00006826,2025-01-01,BR035,TLR-8213,C502032,cash withdrawal,535.97,CAD
CA00001420,2025-01-29,BR007,TLR-4813,C500780,cash withdrawal,921.09,CAD
CA00002680,2025-01-12,BR014,TLR-7319,C502896,cash deposit,142.93,CAD
CA00005262,2025-01-10,BR027,TLR-8468,C500138,cash deposit,4324.71,CAD
CA00000688,2025-01-20,BR003,TLR-2268,C502270,cash deposit,561.58,CAD
CA00008093,2025-01-22,BR040,TLR-6130,C503383,cash withdrawal,2417.49,CAD
CA00008521,2025-01-20,BR040,TLR-9651,C500978,cash deposit,1064.24,CAD
CA00004986,2025-01-12,BR025,TLR-2603,C501421,cash withdrawal,-904.56,CAD
CA00004687,2025-01-10,BR024,TLR-9989,C502542,cash withdrawal,2101.58,CAD
CA00003292,2025-01-01,BR017,TLR-3252,C501916,cash deposit,1760.98,CAD
CA00004979,2025-01-18,BR025,TLR-1466,C502010,cash withdrawal,-424.94,CAD
CA00000512,2025-01-28,BR002,TLR-3579,C503355,cash deposit,368.08,CAD
CA00005474,2025-01-14,BR028,TLR-7723,C501273,cash deposit,141.03,CAD
CA00003586,2025-01-25,BR019,TLR-9991,C500055,cash withdrawal,716.92,CAD
CA00004662,2025-01-21,BR024,TLR-4156,C500851,cash withdrawal,1196.2,CAD
CA00007942,2025-01-29,BR039,TLR-4714,C501909,cash withdrawal,1347.73,CAD
CA00002865,2025-01-05,BR015,TLR-2976,C502695,cash withdrawal,162.3,CAD
CA00003535,2025-01-27,BR018,TLR-9534,C502114,cash deposit,1419.8,CAD
CA00003009,2025-01-13,BR016,TLR-5081,C503929,cash deposit,921.24,CAD
CA00004666,2025-01-20,BR024,TLR-1181,C500191,cash deposit,1986.93,CAD
CA00001646,2025-01-18,BR008,TLR-3256,C503090,cash withdrawal,701.07,CAD
CA00004681,2025-01-06,BR024,TLR-6834,C500373,cash withdrawal,374.47,CAD
CA00007516,2025-01-22,BR037,TLR-6983,C502004,cash deposit,586.61,CAD
CA00002328,2025-01-30,BR012,TLR-5429,C503587,cash withdrawal,2292.14,CAD
CA00004354,2025-01-06,BR023,TLR-1441,C500388,cash deposit,575.6,CAD
CA00006224,2025-01-10,BR031,TLR-6061,C503178,cash deposit,1386.51,CAD
CA00005162,2025-01-10,BR026,TLR-8933,C503572,cash deposit,3087.85,CAD
CA00007426,2025-01-10,BR037,TLR-6232,C501140,cash deposit,3673.6,CAD
CA00000723,2025-01-16,BR003,TLR-7045,C502344,cash withdrawal,1345.4,CAD
CA00002236,2025-01-13,BR012,TLR-9569,C500923,cash deposit,627.85,CAD
CA00001891,2025-01-14,BR009,TLR-9504,C502562,cash deposit,697.21,CAD
CA00008239,2025-01-28,BR040,TLR-9336,C501452,cash deposit,395.31,CAD
CA00007089,2025-01-09,BR036,TLR-2324,C500764,cash withdrawal,1902.13,CAD
CA00000219,2025-01-26,BR001,TLR-9362,C501920,cash deposit,844.97,CAD
CA00002840,2025-01-16,BR015,TLR-3499,C501324,cash withdrawal,827.76,CAD
CA00005597,2025-01-16,BR029,TLR-7382,C501125,cash deposit,1250.8,CAD
CA00006838,2025-01-23,BR035,TLR-7066,C503569,cash withdrawal,2254.54,CAD
CA00002191,2025-01-23,BR012,TLR-3367,C500189,cash withdrawal,1107.88,CAD
CA00007917,2025-01-27,BR039,TLR-2990,C502522,cash withdrawal,1832.27,CAD
CA00004583,2025-01-14,BR024,TLR-9321,C502527,cash deposit,174.89,CAD
CA00004996,2025-01-06,BR026,TLR-5409,C502743,cash withdrawal,-1369.86,CAD
CA00005335,2025-01-08,BR027,TLR-8784,C502146,cash deposit,1272.85,CAD
CA00007235,2025-01-26,BR036,TLR-6787,C501692,cash deposit,2560.79,CAD
CA00004090,2025-01-02,BR021,TLR-5427,C500333,cash deposit,345.27,CAD
CA00007180,2025-01-03,BR036,TLR-6139,C503874,cash deposit,410.03,CAD
CA00007540,2025-01-02,BR037,TLR-3079,C501411,cash withdrawal,2059.21,CAD
CA00007083,2025-01-12,BR036,TLR-3963,C500814,cash withdrawal,525.34,CAD
CA00006132,2025-01-24,BR031,TLR-3769,C501139,cash withdrawal,3455.7,CAD
CA00001118,2025-01-16,BR006,TLR-8051,C503902,cash deposit,2113.14,CAD
CA00003817,2025-01-01,BR019,TLR-6863,C502224,cash deposit,572.58,CAD
CA00006621,2025-01-11,BR034,TLR-1305,C500445,cash withdrawal,685.62,CAD
CA00001706,2025-01-10,BR008,TLR-4290,C503255,cash withdrawal,1437.42,CAD
CA00005415,2025-01-16,BR027,TLR-2646,C502876,cash withdrawal,9440.15,CAD
CA00002846,2025-01-17,BR015,TLR-1235,C502686,cash deposit,2489.84,CAD
CA00005559,2025-01-02,BR029,TLR-5642,C502547,cash withdrawal,657.02,CAD
CA00003128,2025-01-02,BR016,TLR-5380,C503165,cash withdrawal,609.28,CAD
CA00008139,2025-01-24,BR040,TLR-9685,C502179,cash deposit,1611.96,CAD
CA00007753,2025-01-18,BR038,TLR-2923,C502048,cash deposit,370.06,CAD
CA00007536,2025-01-28,BR037,TLR-4823,C502729,cash deposit,547.33,CAD
CA00008281,2025-01-27,BR040,TLR-6686,C500131,cash withdrawal,1132.27,CAD
CA00000711,2025-01-18,BR003,TLR-6982,C500824,cash deposit,1248.11,CAD
CA00008484,2025-01-16,BR040,TLR-8471,C502362,cash deposit,1306.52,CAD
CA00003619,2025-01-31,BR019,TLR-6917,C500845,cash withdrawal,2947.18,CAD
CA00000306,2025-01-27,BR001,TLR-6166,C500317,cash deposit,1573.58,CAD
CA00008494,2025-01-26,BR040,TLR-9886,C501348,cash deposit,1630.19,CAD
CA00007240,2025-01-19,BR036,TLR-7760,C502773,cash withdrawal,1975.99,CAD
CA00000689,2025-01-04,BR003,TLR-9145,C502720,cash withdrawal,1327.8,CAD
CA00001750,2025-01-16,BR008,TLR-8774,C502773,cash deposit,1150.02,CAD
CA00002036,2025-01-10,BR010,TLR-8491,C501451,cash withdrawal,1171.35,CAD
CA00006695,2025-01-01,BR034,TLR-9411,C500384,cash deposit,1544.99,CAD
CA00007173,2025-01-27,BR036,TLR-1755,C501153,cash deposit,2486.25,CAD
CA00000977,2025-01-14,BR004,TLR-8332,C503299,cash deposit,1868.66,CAD
CA00000128,2025-01-08,BR001,TLR-9333,C500995,cash withdrawal,469.19,CAD
CA00000944,2025-01-30,BR004,TLR-6239,C501519,cash withdrawal,1081.27,CAD
CA00005971,2025-01-08,BR030,TLR-5579,C501873,cash withdrawal,393.26,CAD
CA00003923,2025-01-25,BR020,TLR-1577,C503214,cash deposit,578.56,USD
CA00006387,2025-01-08,BR032,TLR-3993,C501387,cash withdrawal,1063.54,CAD
CA00007140,2025-01-13,BR036,TLR-2180,C502943,cash deposit,3212.97,CAD
CA00008667,2025-01-30,BR040,TLR-8138,C500045,cash withdrawal,2898.22,CAD
CA00001575,2025-01-09,BR008,TLR-9779,C503944,cash withdrawal,589.49,CAD
CA00001998,2025-01-09,BR010,TLR-2784,C501967,cash deposit,2801.51,CAD
CA00003424,2025-01-20,BR017,TLR-1301,C502790,cash deposit,1372.94,CAD
CA00006769,2025-01-01,BR034,TLR-8931,C501858,cash deposit,1211.74,CAD
CA00006306,2025-01-08,BR032,TLR-9037,C502237,cash deposit,656.17,CAD
CA00007375,2025-01-22,BR037,TLR-3949,C502569,cash withdrawal,810.04,CAD
CA00001781,2025-01-29,BR008,TLR-9741,C503508,cash deposit,896.45,CAD
CA00006912,2025-01-22,BR035,TLR-4899,C501514,cash deposit,1608.8,CAD
CA00003443,2025-01-05,BR017,TLR-2724,C501826,cash withdrawal,727.08,CAD
CA00005152,2025-01-18,BR026,TLR-2219,C502867,cash withdrawal,-552.12,CAD
CA00003233,2025-01-10,BR017,TLR-7931,C502669,cash withdrawal,366.7,CAD
CA00006964,2025-01-18,BR035,TLR-8984,C503680,cash deposit,4214.64,CAD
CA00004246,2025-01-14,BR021,TLR-1517,C500800,cash deposit,4691.45,CAD
CA00003564,2025-01-04,BR018,TLR-7732,C503687,cash deposit,562.44,CAD
CA00000899,2025-01-07,BR004,TLR-1030,C503056,cash deposit,1521.91,CAD
CA00008588,2025-01-18,BR040,TLR-8320,C500896,cash deposit,1122.4,CAD
CA00008110,2025-01-19,BR040,TLR-3643,C503793,cash deposit,504.97,CAD
CA00006573,2025-01-02,BR033,TLR-2245,C502506,cash deposit,1457.49,CAD
CA00006557,2025-01-29,BR033,TLR-8933,C500183,cash deposit,1114.81,CAD
CA00000294,2025-01-26,BR001,TLR-4896,C503237,cash deposit,1357.3,CAD
CA00005753,2025-01-04,BR030,TLR-7672,C502727,cash withdrawal,1605.41,CAD
CA00002270,2025-01-04,BR012,TLR-5463,C500101,cash withdrawal,430.44,CAD
CA00007707,2025-01-31,BR038,TLR-3444,C503198,cash deposit,1522.07,CAD
CA00005368,2025-01-03,BR027,TLR-7515,C501382,cash deposit,2575.78,CAD
CA00004490,2025-01-09,BR024,TLR-9947,C500093,cash withdrawal,766.41,CAD
CA00007078,2025-01-16,BR036,TLR-9559,C501874,cash deposit,1120.66,CAD
CA00002125,2025-01-06,BR011,TLR-9927,C502206,cash deposit,1574.6,CAD
CA00000566,2025-01-29,BR003,TLR-6582,C503841,cash withdrawal,1391.4,CAD
CA00000500,2025-01-16,BR002,TLR-2068,C502374,cash deposit,2185.43,CAD
CA00008290,2025-01-16,BR040,TLR-7794,C500288,cash withdrawal,454.71,CAD
CA00005436,2025-01-06,BR028,TLR-7893,C501610,cash withdrawal,1386.85,CAD
CA00004818,2025-01-19,BR025,TLR-5425,C501342,cash withdrawal,-1274.97,CAD
CA00003662,2025-01-31,BR019,TLR-1312,C503408,cash deposit,406.77,CAD
CA00006235,2025-01-09,BR031,TLR-9206,C500276,cash deposit,1622.89,CAD
CA00005071,2025-01-08,BR026,TLR-6295,C500655,cash withdrawal,-266.1,CAD
CA00001437,2025-01-23,BR007,TLR-2573,C502451,cash deposit,2775.73,CAD
CA00000062,2025-01-02,BR001,TLR-2124,C503419,cash withdrawal,413.52,CAD
CA00004041,2025-01-27,BR020,TLR-5015,C500639,cash withdrawal,1519.77,USD
CA00000035,2025-01-12,BR001,TLR-4434,C501435,cash deposit,503.56,CAD
CA00000252,2025-01-01,BR001,TLR-2491,C503055,cash deposit,2655.9,CAD
CA00007368,2025-01-11,BR037,TLR-9837,C502662,cash withdrawal,667.84,CAD
CA00003513,2025-01-12,BR018,TLR-9475,C502660,cash withdrawal,355.17,CAD
CA00000251,2025-01-18,BR001,TLR-4328,C502421,cash deposit,304.39,CAD
CA00001083,2025-01-11,BR005,TLR-4133,C500557,cash deposit,1534.55,CAD
CA00005191,2025-01-31,BR026,TLR-6800,C501710,cash withdrawal,-2536.86,CAD
CA00005141,2025-01-10,BR026,TLR-1606,C501611,cash withdrawal,-1427.6,CAD
CA00000097,2025-01-14,BR001,TLR-5009,C500514,cash deposit,476.97,CAD
CA00004399,2025-01-26,BR023,TLR-9349,C500543,cash deposit,775.32,CAD
CA00001051,2025-01-13,BR005,TLR-9933,C503251,cash deposit,445.85,CAD
CA00004890,2025-01-29,BR025,TLR-2648,C503704,cash withdrawal,-457.66,CAD
CA00001697,2025-01-09,BR008,TLR-2442,C500799,cash deposit,793.34,CAD
CA00005621,2025-01-06,BR029,TLR-4590,C502194,cash withdrawal,1717.32,CAD
CA00002327,2025-01-27,BR012,TLR-2113,C500349,cash deposit,908.44,CAD
CA00002924,2025-01-21,BR015,TLR-4463,C501487,cash deposit,1596.51,CAD
CA00007805,2025-01-08,BR039,TLR-1186,C501246,cash deposit,4321.41,CAD
CA00004127,2025-01-30,BR021,TLR-5732,C501575,cash deposit,1648.62,CAD
CA00003921,2025-01-09,BR020,TLR-6489,C500870,cash deposit,1344.77,USD
CA00007991,2025-01-19,BR040,TLR-7213,C500314,cash withdrawal,288.85,CAD
CA00001791,2025-01-18,BR009,TLR-2428,C501608,cash deposit,483.43,CAD
CA00005002,2025-01-01,BR026,TLR-6843,C501714,cash withdrawal,-1046.72,CAD
CA00001838,2025-01-19,BR009,TLR-5613,C501121,cash deposit,404.86,CAD
CA00006595,2025-01-08,BR033,TLR-9849,C500026,cash withdrawal,465.33,CAD
CA00003897,2025-01-12,BR020,TLR-3550,C501658,cash withdrawal,3544.34,USD
CA00005712,2025-01-21,BR030,TLR-1471,C502983,cash deposit,939.69,CAD
CA00000637,2025-01-04,BR003,TLR-5488,C503790,cash withdrawal,1139.86,CAD
CA00006745,2025-01-24,BR034,TLR-9873,C501147,cash deposit,1170.38,CAD
CA00004920,2025-01-06,BR025,TLR-1887,C503423,cash withdrawal,-298.18,CAD
CA00002234,2025-01-29,BR012,TLR-8445,C500979,cash withdrawal,515.06,CAD
CA00007967,2025-01-17,BR039,TLR-1030,C500159,cash deposit,632.53,CAD
CA00007066,2025-01-04,BR036,TLR-6428,C500102,cash withdrawal,3071.41,CAD
CA00007072,2025-01-04,BR036,TLR-3022,C501634,cash deposit,2743.23,CAD
CA00002518,2025-01-08,BR014,TLR-2314,C500158,cash deposit,699.27,CAD
CA00004180,2025-01-19,BR021,TLR-5594,C502569,cash deposit,873.78,CAD
CA00006861,2025-01-17,BR035,TLR-5916,C500138,cash withdrawal,611.52,CAD
CA00001729,2025-01-01,BR008,TLR-2701,C500352,cash withdrawal,928.55,CAD
CA00001719,2025-01-26,BR008,TLR-5896,C500152,cash deposit,889.99,CAD
CA00000280,2025-01-18,BR001,TLR-8116,C501490,cash withdrawal,4286.28,CAD
CA00007086,2025-01-22,BR036,TLR-9603,C503410,cash deposit,1872.58,CAD
CA00004727,2025-01-06,BR024,TLR-9646,C503591,cash withdrawal,5460.29,CAD
CA00002608,2025-01-15,BR014,TLR-4768,C500503,cash deposit,276.22,CAD
CA00002441,2025-01-28,BR013,TLR-5411,C500623,cash deposit,944.89,CAD
CA00002642,2025-01-09,BR014,TLR-2513,C502938,cash deposit,332.7,CAD
CA00005042,2025-01-17,BR026,TLR-7570,C503159,cash deposit,1089.96,CAD
CA00001504,2025-01-19,BR007,TLR-9083,C501069,cash withdrawal,917.04,CAD
CA00006461,2025-01-23,BR033,TLR-7187,C501271,cash withdrawal,268.85,CAD
CA00004677,2025-01-19,BR024,TLR-6546,C501428,cash withdrawal,2879.56,CAD
CA00002813,2025-01-25,BR015,TLR-2067,C502080,cash deposit,1097.68,CAD
CA00003816,2025-01-06,BR019,TLR-9483,C502469,cash deposit,1306.78,CAD
CA00001648,2025-01-19,BR008,TLR-3794,C501508,cash withdrawal,1131.68,CAD
CA00001390,2025-01-13,BR007,TLR-1546,C500225,cash withdrawal,481.92,CAD
CA00004719,2025-01-11,BR024,TLR-3747,C501666,cash withdrawal,496.59,CAD
CA00002407,2025-01-15,BR013,TLR-3933,C500320,cash deposit,1348.99,CAD
CA00001704,2025-01-08,BR008,TLR-5998,C500880,cash withdrawal,786.13,CAD
CA00003319,2025-01-14,BR017,TLR-2303,C503620,cash deposit,1159.75,CAD
CA00008078,2025-01-03,BR040,TLR-4404,C503431,cash withdrawal,563.65,CAD
CA00002305,2025-01-31,BR012,TLR-7534,C503475,cash deposit,789.93,CAD
CA00005080,2025-01-25,BR026,TLR-9931,C500803,cash withdrawal,-969.34,CAD
CA00002140,2025-01-01,BR011,TLR-4495,C501154,cash deposit,908.04,CAD
CA00007803,2025-01-10,BR039,TLR-3760,C500584,cash withdrawal,587.21,CAD
CA00002264,2025-01-24,BR012,TLR-4979,C501582,cash deposit,2977.54,CAD
CA00007404,2025-01-21,BR037,TLR-4488,C503756,cash deposit,619.87,CAD
CA00001844,2025-01-13,BR009,TLR-4749,C501583,cash deposit,772.08,CAD
CA00000851,2025-01-12,BR004,TLR-5916,C502168,cash deposit,662.74,CAD
CA00001032,2025-01-02,BR005,TLR-6318,C500608,cash deposit,676.66,CAD
CA00001537,2025-01-17,BR007,TLR-9945,C502558,cash withdrawal,2142.47,CAD
CA00008053,2025-01-15,BR040,TLR-2973,C500627,cash withdrawal,1162.39,CAD
CA00003753,2025-01-13,BR019,TLR-4750,C503878,cash withdrawal,1767.44,CAD
CA00006452,2025-01-06,BR033,TLR-4579,C503684,cash deposit,382.81,CAD
CA00008508,2025-01-19,BR040,TLR-6939,C503109,cash withdrawal,722.56,CAD
CA00005678,2025-01-31,BR029,TLR-6446,C503715,cash withdrawal,769.22,CAD
CA00008175,2025-01-29,BR040,TLR-3894,C501647,cash withdrawal,705.99,CAD
CA00000998,2025-01-30,BR004,TLR-7663,C502966,cash withdrawal,481.73,CAD
CA00003086,2025-01-12,BR016,TLR-7611,C502663,cash deposit,924.28,CAD
CA00008549,2025-01-09,BR040,TLR-6259,C500097,cash withdrawal,1536.87,CAD
CA00006708,2025-01-01,BR034,TLR-6038,C501307,cash withdrawal,1111.52,CAD
CA00000618,2025-01-17,BR003,TLR-6385,C502908,cash withdrawal,3960.22,CAD
CA00007651,2025-01-01,BR038,TLR-1612,C503986,cash deposit,3279.83,CAD
CA00000081,2025-01-30,BR001,TLR-8022,C500376,cash deposit,950.45,CAD
CA00003049,2025-01-10,BR016,TLR-6466,C500103,cash deposit,798.81,CAD
CA00000063,2025-01-23,BR001,TLR-1054,C500410,cash deposit,377.24,CAD
CA00001095,2025-01-26,BR006,TLR-2275,C501817,cash withdrawal,976.77,CAD
CA00007471,2025-01-25,BR037,TLR-3987,C502516,cash withdrawal,823.99,CAD
CA00004442,2025-01-26,BR023,TLR-6376,C501697,cash withdrawal,1924.79,CAD
CA00003283,2025-01-18,BR017,TLR-4229,C502492,cash withdrawal,454.09,CAD
CA00003796,2025-01-30,BR019,TLR-5712,C502891,cash withdrawal,356.68,CAD
CA00006477,2025-01-03,BR033,TLR-4939,C502472,cash deposit,423.09,CAD
CA00005045,2025-01-29,BR026,TLR-4514,C503857,cash deposit,1321.91,CAD
CA00001771,2025-01-09,BR008,TLR-7947,C500018,cash withdrawal,651.39,CAD
CA00004372,2025-01-07,BR023,TLR-6619,C500289,cash withdrawal,531.47,CAD
CA00008386,2025-01-01,BR040,TLR-8236,C503317,cash withdrawal,376.0,CAD
CA00003165,2025-01-17,BR016,TLR-5142,C500261,cash withdrawal,299.06,CAD
CA00002320,2025-01-24,BR012,TLR-3136,C503441,cash deposit,1725.97,CAD
CA00001897,2025-01-22,BR009,TLR-6106,C502837,cash deposit,378.29,CAD
CA00008181,2025-01-05,BR040,TLR-8969,C503849,cash deposit,1252.48,CAD
CA00002367,2025-01-16,BR012,TLR-7074,C502907,cash deposit,5570.72,CAD
CA00006281,2025-01-05,BR032,TLR-4653,C502474,cash deposit,593.11,CAD
CA00004368,2025-01-04,BR023,TLR-1297,C503111,cash withdrawal,737.68,CAD
CA00001409,2025-01-16,BR007,TLR-5562,C503468,cash deposit,827.14,CAD
CA00006547,2025-01-19,BR033,TLR-5996,C502824,cash deposit,2855.88,CAD
CA00006897,2025-01-22,BR035,TLR-1979,C501675,cash deposit,1076.38,CAD
CA00005058,2025-01-08,BR026,TLR-7866,C502878,cash deposit,1366.25,CAD
CA00002580,2025-01-16,BR014,TLR-5913,C502710,cash deposit,1149.33,CAD
CA00003456,2025-01-22,BR017,TLR-8291,C503024,cash withdrawal,2150.22,CAD
CA00003145,2025-01-01,BR016,TLR-2291,C500767,cash deposit,1006.86,CAD
CA00008091,2025-01-08,BR040,TLR-7280,C500788,cash deposit,211.86,CAD
CA00008493,2025-01-30,BR040,TLR-9739,C503238,cash withdrawal,1037.95,CAD
CA00001348,2025-01-08,BR006,TLR-4374,C503438,cash withdrawal,939.35,CAD
CA00001296,2025-01-21,BR006,TLR-4010,C503360,cash deposit,771.89,CAD
CA00001197,2025-01-02,BR006,TLR-8848,C501915,cash deposit,566.98,CAD
CA00001811,2025-01-10,BR009,TLR-5869,C503181,cash withdrawal,755.08,CAD
CA00005258,2025-01-08,BR027,TLR-6626,C502372,cash deposit,744.63,CAD
CA00001336,2025-01-17,BR006,TLR-8132,C503980,cash withdrawal,1268.19,CAD
CA00005205,2025-01-19,BR026,TLR-4495,C502948,cash withdrawal,-1202.55,CAD
CA00002944,2025-01-11,BR015,TLR-7304,C500834,cash deposit,709.74,CAD
CA00006337,2025-01-11,BR032,TLR-9040,C500335,cash deposit,551.83,CAD
CA00004160,2025-01-11,BR021,TLR-3236,C501132,cash deposit,393.73,CAD
CA00005523,2025-01-04,BR028,TLR-4991,C500511,cash withdrawal,1094.29,CAD
CA00003903,2025-01-03,BR020,TLR-6517,C503386,cash deposit,1792.18,USD
CA00004237,2025-01-19,BR021,TLR-7310,C500506,cash withdrawal,477.23,CAD
CA00000555,2025-01-23,BR003,TLR-5284,C500662,cash withdrawal,1264.82,CAD
CA00000738,2025-01-03,BR003,TLR-6368,C500996,cash deposit,455.23,CAD
CA00008262,2025-01-08,BR040,TLR-5624,C500954,cash withdrawal,362.33,CAD
CA00002535,2025-01-12,BR014,TLR-2652,C502602,cash withdrawal,291.23,CAD
CA00008001,2025-01-25,BR040,TLR-9171,C501398,cash withdrawal,607.25,CAD
CA00004188,2025-01-09,BR021,TLR-9114,C502529,cash withdrawal,1175.68,CAD
CA00007293,2025-01-02,BR036,TLR-5759,C501737,cash deposit,1667.44,CAD
CA00006173,2025-01-21,BR031,TLR-4489,C503124,cash withdrawal,907.25,CAD
CA00004693,2025-01-20,BR024,TLR-6009,C501096,cash withdrawal,530.11,CAD
CA00007882,2025-01-27,BR039,TLR-8319,C501532,cash deposit,1118.43,CAD
CA00008633,2025-01-11,BR040,TLR-3458,C502084,cash deposit,305.52,CAD
CA00000378,2025-01-30,BR002,TLR-9093,C500949,cash deposit,1233.85,CAD
CA00003761,2025-01-28,BR019,TLR-6732,C503464,cash withdrawal,1037.42,CAD
CA00000276,2025-01-13,BR001,TLR-8271,C502813,cash withdrawal,371.33,CAD
CA00008221,2025-01-25,BR040,TLR-5603,C503902,cash withdrawal,1968.13,CAD
CA00008582,2025-01-10,BR040,TLR-6784,C502344,cash deposit,482.2,CAD
CA00000960,2025-01-05,BR004,TLR-3223,C503230,cash deposit,764.38,CAD
CA00000667,2025-01-17,BR003,TLR-9776,C502069,cash deposit,7189.98,CAD
CA00005186,2025-01-04,BR026,TLR-2431,C503864,cash withdrawal,-889.38,CAD
CA00003408,2025-01-06,BR017,TLR-1186,C502524,cash deposit,1155.29,CAD
CA00004932,2025-01-13,BR025,TLR-1841,C500483,cash withdrawal,-1251.15,CAD
CA00007936,2025-01-21,BR039,TLR-5222,C500354,cash deposit,1768.65,CAD
CA00001665,2025-01-17,BR008,TLR-6787,C500260,cash withdrawal,751.22,CAD
CA00000074,2025-01-10,BR001,TLR-4907,C501902,cash withdrawal,159.02,CAD
CA00004365,2025-01-23,BR023,TLR-1023,C501322,cash deposit,380.44,CAD
CA00001416,2025-01-09,BR007,TLR-9618,C503972,cash withdrawal,379.0,CAD
CA00006314,2025-01-19,BR032,TLR-3727,C502498,cash withdrawal,972.6,CAD
CA00002997,2025-01-24,BR015,TLR-9654,C500578,cash withdrawal,631.05,CAD
CA00005517,2025-01-17,BR028,TLR-4079,C500619,cash withdrawal,479.95,CAD
CA00001651,2025-01-11,BR008,TLR-9365,C503137,cash withdrawal,955.32,CAD
CA00007482,2025-01-18,BR037,TLR-2280,C502707,cash deposit,988.48,CAD
CA00004857,2025-01-21,BR025,TLR-2004,C500276,cash withdrawal,-1717.36,CAD
CA00007553,2025-01-04,BR037,TLR-8558,C501990,cash withdrawal,1489.7,CAD
CA00008169,2025-01-14,BR040,TLR-9554,C502223,cash withdrawal,808.41,CAD
CA00006992,2025-01-12,BR035,TLR-2413,C501440,cash withdrawal,732.62,CAD
CA00002616,2025-01-03,BR014,TLR-2336,C502202,cash deposit,862.01,CAD
CA00008601,2025-01-30,BR040,TLR-5519,C500712,cash deposit,639.02,CAD
CA00003360,2025-01-14,BR017,TLR-8589,C502211,cash withdrawal,2886.8,CAD
CA00005575,2025-01-29,BR029,TLR-1950,C500171,cash withdrawal,1922.82,CAD
CA00000467,2025-01-23,BR002,TLR-3754,C500835,cash deposit,337.59,CAD
CA00003333,2025-01-19,BR017,TLR-9329,C503105,cash deposit,1663.32,CAD
CA00007103,2025-01-17,BR036,TLR-2142,C503959,cash withdrawal,1678.84,CAD
CA00003797,2025-01-08,BR019,TLR-8429,C501025,cash deposit,942.02,CAD
CA00005398,2025-01-07,BR027,TLR-4634,C502681,cash withdrawal,695.8,CAD
CA00004639,2025-01-03,BR024,TLR-7396,C503574,cash deposit,980.19,CAD
CA00008052,2025-01-22,BR040,TLR-3428,C502155,cash deposit,448.36,CAD
CA00008397,2025-01-15,BR040,TLR-6595,C503267,cash withdrawal,1020.13,CAD
CA00007785,2025-01-19,BR039,TLR-7326,C502170,cash withdrawal,1353.05,CAD
CA00004020,2025-01-10,BR020,TLR-8482,C503410,cash withdrawal,307.32,USD
CA00000946,2025-01-06,BR004,TLR-5129,C501139,cash deposit,1346.34,CAD
CA00003667,2025-01-14,BR019,TLR-7310,C501976,cash withdrawal,3213.04,CAD
CA00005446,2025-01-30,BR028,TLR-8313,C502047,cash deposit,3447.5,CAD
CA00007277,2025-01-08,BR036,TLR-3966,C500331,cash withdrawal,626.94,CAD
CA00007075,2025-01-27,BR036,TLR-8518,C501047,cash withdrawal,589.83,CAD
CA00001535,2025-01-22,BR007,TLR-4809,C502336,cash deposit,3294.74,CAD
CA00004572,2025-01-24,BR024,TLR-7413,C501368,cash withdrawal,940.46,CAD
CA00006793,2025-01-28,BR035,TLR-4923,C500344,cash deposit,1114.54,CAD
CA00002775,2025-01-25,BR015,TLR-6027,C501360,cash withdrawal,398.7,CAD
CA00003573,2025-01-18,BR019,TLR-7478,C502648,cash withdrawal,538.28,CAD
CA00007184,2025-01-27,BR036,TLR-7050,C502216,cash deposit,1219.48,CAD
CA00002512,2025-01-22,BR014,TLR-6740,C503758,cash deposit,703.38,CAD
CA00008635,2025-01-02,BR040,TLR-7534,C503797,cash deposit,1212.4,CAD
CA00006746,2025-01-15,BR034,TLR-1785,C501128,cash deposit,855.31,CAD
CA00007607,2025-01-21,BR038,TLR-2127,C500623,cash deposit,284.52,CAD
CA00007159,2025-01-08,BR036,TLR-5827,C503903,cash withdrawal,792.42,CAD
CA00007503,2025-01-19,BR037,TLR-8067,C503519,cash withdrawal,2593.83,CAD
CA00004439,2025-01-17,BR023,TLR-6992,C503807,cash deposit,768.49,CAD
CA00002235,2025-01-09,BR012,TLR-7863,C500234,cash deposit,997.98,CAD
CA00000200,2025-01-21,BR001,TLR-9823,C500765,cash deposit,1235.83,CAD
CA00000866,2025-01-03,BR004,TLR-2341,C502131,cash deposit,1451.18,CAD
CA00001479,2025-01-16,BR007,TLR-2167,C501797,cash deposit,2852.34,CAD
CA00003959,2025-01-24,BR020,TLR-2501,C501152,cash deposit,887.67,USD
CA00005511,2025-01-14,BR028,TLR-5301,C502659,cash withdrawal,695.99,CAD
CA00008041,2025-01-10,BR040,TLR-7111,C502891,cash withdrawal,817.77,CAD
CA00004005,2025-01-20,BR020,TLR-8914,C501439,cash deposit,1895.44,USD
CA00003538,2025-01-20,BR018,TLR-3640,C500592,cash withdrawal,1223.26,CAD
CA00008096,2025-01-09,BR040,TLR-6397,C503565,cash deposit,495.4,CAD
CA00006867,2025-01-11,BR035,TLR-1503,C501721,cash withdrawal,1098.04,CAD
CA00005524,2025-01-16,BR028,TLR-2149,C501613,cash withdrawal,1257.97,CAD
CA00007177,2025-01-05,BR036,TLR-7621,C500975,cash deposit,1847.62,CAD
CA00003470,2025-01-15,BR018,TLR-4562,C503249,cash deposit,989.3,CAD
CA00002617,2025-01-31,BR014,TLR-6329,C503603,cash withdrawal,155.93,CAD
CA00007903,2025-01-30,BR039,TLR-6733,C503930,cash withdrawal,1843.53,CAD
CA00007845,2025-01-24,BR039,TLR-1546,C500569,cash withdrawal,1086.51,CAD
CA00002298,2025-01-16,BR012,TLR-4048,C501703,cash withdrawal,1006.39,CAD
CA00000484,2025-01-04,BR002,TLR-9258,C503520,cash deposit,1438.19,CAD
CA00003425,2025-01-16,BR017,TLR-8808,C502749,cash deposit,348.48,CAD
CA00004776,2025-01-03,BR025,TLR-2040,C503078,cash deposit,1700.16,CAD
CA00004080,2025-01-10,BR021,TLR-2104,C500645,cash withdrawal,1098.44,CAD
CA00000151,2025-01-11,BR001,TLR-6253,C500086,cash deposit,2223.76,CAD
CA00004502,2025-01-24,BR024,TLR-2862,C500865,cash deposit,231.96,CAD
CA00008660,2025-01-11,BR040,TLR-9538,C500763,cash withdrawal,1843.49,CAD
CA00007307,2025-01-27,BR037,TLR-9802,C503717,cash withdrawal,1199.01,CAD
CA00006596,2025-01-17,BR033,TLR-8431,C500914,cash deposit,3590.51,CAD
CA00005049,2025-01-05,BR026,TLR-3820,C503636,cash deposit,215.09,CAD
CA00002071,2025-01-12,BR010,TLR-7235,C502970,cash withdrawal,1051.12,CAD
CA00002311,2025-01-29,BR012,TLR-4650,C503489,cash withdrawal,2883.69,CAD
CA00006175,2025-01-12,BR031,TLR-5887,C501641,cash deposit,1045.22,CAD
CA00006331,2025-01-22,BR032,TLR-1620,C503371,cash deposit,619.77,CAD
CA00002667,2025-01-01,BR014,TLR-7657,C500241,cash deposit,925.21,CAD
CA00006919,2025-01-23,BR035,TLR-3023,C501140,cash deposit,1534.52,CAD
CA00005476,2025-01-16,BR028,TLR-6665,C502817,cash withdrawal,511.9,CAD
CA00004241,2025-01-08,BR021,TLR-9492,C502505,cash withdrawal,547.3,CAD
CA00007778,2025-01-02,BR039,TLR-9889,C503925,cash withdrawal,457.92,CAD
CA00008210,2025-01-26,BR040,TLR-5393,C500460,cash deposit,567.75,CAD
CA00001133,2025-01-27,BR006,TLR-1415,C502876,cash withdrawal,1051.7,CAD
CA00001892,2025-01-26,BR009,TLR-7802,C502656,cash withdrawal,1002.34,CAD
CA00002161,2025-01-01,BR011,TLR-1898,C500969,cash withdrawal,812.25,CAD
CA00002428,2025-01-07,BR013,TLR-8968,C502998,cash deposit,730.17,CAD
CA00006880,2025-01-19,BR035,TLR-6300,C502702,cash deposit,944.2,CAD
CA00002582,2025-01-01,BR014,TLR-7637,C500804,cash deposit,3195.62,CAD
CA00001850,2025-01-31,BR009,TLR-6671,C502110,cash deposit,1256.08,CAD
CA00003735,2025-01-15,BR019,TLR-7274,C500629,cash deposit,229.5,CAD
CA00002484,2025-01-16,BR013,TLR-4958,C501137,cash withdrawal,1333.37,CAD
CA00000599,2025-01-13,BR003,TLR-3443,C503025,cash withdrawal,1081.19,CAD
CA00005494,2025-01-08,BR028,TLR-3822,C501332,cash withdrawal,823.55,CAD
CA00000438,2025-01-09,BR002,TLR-3129,C502761,cash withdrawal,-750.23,CAD
CA00007498,2025-01-28,BR037,TLR-7201,C500719,cash withdrawal,3280.86,CAD
CA00002939,2025-01-04,BR015,TLR-2881,C500057,cash withdrawal,741.15,CAD
CA00007522,2025-01-23,BR037,TLR-1965,C501625,cash deposit,1796.37,CAD
CA00006261,2025-01-15,BR031,TLR-5502,C500318,cash withdrawal,640.83,CAD
CA00002912,2025-01-07,BR015,TLR-4722,C500936,cash withdrawal,1118.19,CAD
CA00000237,2025-01-17,BR001,TLR-1564,C502500,cash withdrawal,554.67,CAD
CA00001947,2025-01-05,BR010,TLR-2874,C500647,cash withdrawal,1123.1,CAD
CA00008312,2025-01-04,BR040,TLR-1654,C501207,cash withdrawal,747.92,CAD
CA00006205,2025-01-21,BR031,TLR-7357,C503647,cash withdrawal,960.52,CAD
CA00007267,2025-01-14,BR036,TLR-6225,C503896,cash withdrawal,860.99,CAD
CA00007557,2025-01-09,BR037,TLR-4191,C500239,cash deposit,636.22,CAD
CA00003067,2025-01-04,BR016,TLR-7799,C501555,cash deposit,2164.16,CAD
CA00003345,2025-01-24,BR017,TLR-6666,C503533,cash withdrawal,930.18,CAD
CA00001195,2025-01-27,BR006,TLR-1010,C500651,cash deposit,1420.44,CAD
CA00000828,2025-01-20,BR004,TLR-8810,C502558,cash withdrawal,679.11,CAD
CA00004846,2025-01-26,BR025,TLR-5671,C500671,cash withdrawal,-942.0,CAD
CA00001166,2025-01-14,BR006,TLR-3173,C500168,cash deposit,483.03,CAD
CA00000344,2025-01-01,BR002,TLR-1898,C502894,cash deposit,1034.26,CAD
CA00006181,2025-01-22,BR031,TLR-3618,C500366,cash withdrawal,720.96,CAD
CA00007178,2025-01-24,BR036,TLR-3844,C500440,cash withdrawal,896.33,CAD
CA00003830,2025-01-19,BR019,TLR-4184,C501693,cash withdrawal,781.02,CAD
CA00004942,2025-01-31,BR025,TLR-1567,C503052,cash deposit,400.31,CAD
CA00001611,2025-01-12,BR008,TLR-3220,C501650,cash deposit,1019.31,CAD
CA00001609,2025-01-09,BR008,TLR-7924,C500759,cash deposit,2009.03,CAD
CA00000405,2025-01-01,BR002,TLR-2472,C500860,cash withdrawal,-1708.2,CAD
CA00004542,2025-01-30,BR024,TLR-9319,C502561,cash deposit,517.32,CAD
CA00005437,2025-01-21,BR028,TLR-7313,C501718,cash deposit,724.57,CAD
CA00008478,2025-01-22,BR040,TLR-8045,C502058,cash withdrawal,1479.76,CAD
CA00007626,2025-01-23,BR038,TLR-5384,C502782,cash deposit,1548.63,CAD
CA00006393,2025-01-27,BR032,TLR-1519,C503527,cash deposit,728.75,CAD
CA00006029,2025-01-19,BR031,TLR-7082,C503129,cash withdrawal,1743.04,CAD
CA00004223,2025-01-22,BR021,TLR-6609,C502165,cash deposit,1408.53,CAD
CA00000759,2025-01-28,BR004,TLR-6919,C502283,cash withdrawal,338.97,CAD
CA00003785,2025-01-24,BR019,TLR-4893,C500004,cash withdrawal,1244.06,CAD
CA00008640,2025-01-11,BR040,TLR-4488,C501353,cash withdrawal,1193.65,CAD
CA00007359,2025-01-08,BR037,TLR-4262,C503102,cash withdrawal,454.29,CAD
CA00007826,2025-01-24,BR039,TLR-4687,C502049,cash withdrawal,1254.37,CAD
CA00008218,2025-01-04,BR040,TLR-6694,C500859,cash deposit,833.51,CAD
CA00002936,2025-01-09,BR015,TLR-5272,C500099,cash deposit,302.24,CAD
CA00000617,2025-01-12,BR003,TLR-2515,C503671,cash deposit,2538.56,CAD
CA00006594,2025-01-14,BR033,TLR-1003,C500644,cash deposit,912.26,CAD
CA00004332,2025-01-10,BR023,TLR-4722,C502150,cash withdrawal,654.83,CAD
CA00003384,2025-01-26,BR017,TLR-5201,C502355,cash deposit,698.53,CAD
CA00005651,2025-01-03,BR029,TLR-8121,C503827,cash withdrawal,821.94,CAD
CA00007604,2025-01-13,BR038,TLR-2025,C501340,cash deposit,1986.23,CAD
CA00008360,2025-01-17,BR040,TLR-6717,C501912,cash deposit,860.53,CAD
CA00002406,2025-01-30,BR013,TLR-7819,C502191,cash withdrawal,2793.39,CAD
CA00002314,2025-01-31,BR012,TLR-7730,C503696,cash deposit,1163.12,CAD
CA00008031,2025-01-25,BR040,TLR-5834,C500876,cash withdrawal,668.82,CAD
CA00004429,2025-01-08,BR023,TLR-4170,C500292,cash withdrawal,963.45,CAD
CA00001283,2025-01-16,BR006,TLR-3960,C502336,cash withdrawal,794.81,CAD
CA00006628,2025-01-13,BR034,TLR-3225,C500747,cash withdrawal,1525.3,CAD
CA00000332,2025-01-20,BR002,TLR-8586,C503742,cash withdrawal,-2461.45,CAD
CA00005600,2025-01-02,BR029,TLR-1709,C503516,cash deposit,1586.14,CAD
CA00007997,2025-01-31,BR040,TLR-9739,C500032,cash deposit,601.88,CAD
CA00002360,2025-01-23,BR012,TLR-6552,C501362,cash withdrawal,665.29,CAD
CA00003826,2025-01-13,BR019,TLR-1776,C503149,cash deposit,510.31,CAD
CA00008410,2025-01-12,BR040,TLR-4352,C501880,cash deposit,313.15,CAD
CA00006728,2025-01-05,BR034,TLR-7968,C501921,cash deposit,1427.65,CAD
CA00003647,2025-01-20,BR019,TLR-3520,C501648,cash withdrawal,790.66,CAD
CA00004564,2025-01-24,BR024,TLR-5181,C502951,cash withdrawal,902.32,CAD
CA00002451,2025-01-18,BR013,TLR-9605,C501274,cash deposit,2484.28,CAD
CA00004438,2025-01-13,BR023,TLR-4145,C503596,cash deposit,1265.97,CAD
CA00004313,2025-01-30,BR022,TLR-9690,C503789,cash withdrawal,1025.04,CAD
CA00007168,2025-01-02,BR036,TLR-3957,C503998,cash withdrawal,689.49,CAD
CA00007260,2025-01-27,BR036,TLR-9247,C503155,cash withdrawal,2255.94,CAD
CA00007502,2025-01-30,BR037,TLR-3541,C500989,cash withdrawal,882.23,CAD
CA00004669,2025-01-27,BR024,TLR-7295,C501637,cash withdrawal,347.33,CAD
CA00006560,2025-01-20,BR033,TLR-8942,C503234,cash deposit,1143.5,CAD
CA00002172,2025-01-16,BR012,TLR-5799,C503425,cash deposit,1713.05,CAD
CA00004169,2025-01-28,BR021,TLR-6194,C501869,cash deposit,1539.1,CAD
CA00006907,2025-01-02,BR035,TLR-5478,C501498,cash deposit,1522.85,CAD
CA00000223,2025-01-31,BR001,TLR-3977,C502452,cash deposit,1058.9,CAD
CA00002164,2025-01-14,BR011,TLR-9956,C501617,cash withdrawal,1140.63,CAD
CA00008402,2025-01-12,BR040,TLR-1919,C502964,cash withdrawal,736.93,CAD
CA00008324,2025-01-08,BR040,TLR-5623,C500951,cash deposit,531.91,CAD
CA00002436,2025-01-24,BR013,TLR-4940,C503633,cash deposit,524.62,CAD
CA00002904,2025-01-20,BR015,TLR-5162,C501123,cash withdrawal,363.72,CAD
CA00003938,2025-01-03,BR020,TLR-5938,C503252,cash deposit,1307.14,USD
CA00008088,2025-01-06,BR040,TLR-5293,C500281,cash withdrawal,553.02,CAD
CA00000032,2025-01-21,BR001,TLR-1623,C502056,cash deposit,270.76,CAD
CA00006601,2025-01-25,BR034,TLR-6698,C503914,cash deposit,1551.69,CAD
CA00002241,2025-01-20,BR012,TLR-6471,C503860,cash deposit,688.73,CAD
CA00001356,2025-01-07,BR007,TLR-1020,C500964,cash withdrawal,814.74,CAD
CA00006836,2025-01-11,BR035,TLR-1297,C501107,cash deposit,671.85,CAD
CA00007824,2025-01-10,BR039,TLR-4570,C502509,cash deposit,1259.03,CAD
CA00008359,2025-01-26,BR040,TLR-9563,C502997,cash withdrawal,175.59,CAD
CA00003778,2025-01-16,BR019,TLR-3685,C500338,cash deposit,634.6,CAD
CA00001047,2025-01-21,BR005,TLR-6023,C501229,cash deposit,470.3,CAD
CA00002651,2025-01-06,BR014,TLR-2494,C503255,cash deposit,271.59,CAD
CA00005544,2025-01-25,BR028,TLR-4610,C500283,cash withdrawal,294.97,CAD
CA00005951,2025-01-20,BR030,TLR-9747,C500740,cash withdrawal,614.07,CAD
CA00000737,2025-01-06,BR003,TLR-3510,C500114,cash deposit,729.88,CAD
CA00006299,2025-01-07,BR032,TLR-1259,C501960,cash deposit,2049.09,CAD
CA00008342,2025-01-08,BR040,TLR-7960,C503583,cash deposit,801.06,CAD
CA00003924,2025-01-23,BR020,TLR-7066,C503248,cash deposit,1172.59,USD
CA00003657,2025-01-30,BR019,TLR-7206,C502454,cash withdrawal,840.89,CAD
CA00005361,2025-01-20,BR027,TLR-8599,C502446,cash withdrawal,431.68,CAD
CA00001679,2025-01-12,BR008,TLR-4350,C502882,cash withdrawal,1423.23,CAD
CA00008272,2025-01-20,BR040,TLR-6022,C501315,cash deposit,443.79,CAD
CA00002100,2025-01-18,BR011,TLR-6539,C501775,cash withdrawal,657.86,CAD
CA00006878,2025-01-02,BR035,TLR-2809,C501904,cash withdrawal,1064.95,CAD
CA00004981,2025-01-14,BR025,TLR-4753,C502005,cash withdrawal,-1176.58,CAD
CA00000304,2025-01-31,BR001,TLR-6117,C501300,cash deposit,634.66,CAD
CA00006001,2025-01-02,BR030,TLR-2253,C503254,cash withdrawal,1165.63,CAD
CA00002008,2025-01-05,BR010,TLR-5804,C501957,cash deposit,1975.61,CAD
CA00001226,2025-01-08,BR006,TLR-2679,C501409,cash deposit,1846.79,CAD
CA00001430,2025-01-05,BR007,TLR-5960,C501398,cash deposit,1555.35,CAD
CA00006875,2025-01-28,BR035,TLR-2018,C502670,cash deposit,396.31,CAD
CA00004301,2025-01-28,BR022,TLR-2638,C502434,cash withdrawal,2212.07,CAD
CA00003752,2025-01-20,BR019,TLR-4938,C502942,cash deposit,747.91,CAD
CA00000231,2025-01-21,BR001,TLR-1988,C503548,cash deposit,418.79,CAD
CA00001402,2025-01-28,BR007,TLR-3151,C500201,cash deposit,1588.01,CAD
CA00004506,2025-01-14,BR024,TLR-6271,C501259,cash withdrawal,267.31,CAD
CA00000122,2025-01-27,BR001,TLR-4078,C501732,cash withdrawal,1427.47,CAD
CA00008188,2025-01-25,BR040,TLR-6399,C502018,cash deposit,1057.24,CAD
CA00000162,2025-01-02,BR001,TLR-1433,C502731,cash withdrawal,757.31,CAD
CA00005689,2025-01-03,BR029,TLR-9243,C500143,cash deposit,1772.38,CAD
CA00002055,2025-01-12,BR010,TLR-2414,C500412,cash deposit,828.82,CAD
CA00004308,2025-01-27,BR022,TLR-5760,C500450,cash withdrawal,4028.44,CAD
CA00005082,2025-01-03,BR026,TLR-5514,C501353,cash withdrawal,-527.95,CAD
CA00002625,2025-01-07,BR014,TLR-7710,C500541,cash deposit,425.6,CAD
CA00002325,2025-01-03,BR012,TLR-7778,C501279,cash deposit,884.32,CAD
CA00007755,2025-01-05,BR038,TLR-2980,C501046,cash withdrawal,1537.04,CAD
CA00005872,2025-01-09,BR030,TLR-2064,C500943,cash deposit,1143.23,CAD
CA00004597,2025-01-02,BR024,TLR-2355,C500122,cash withdrawal,842.69,CAD
CA00003920,2025-01-31,BR020,TLR-3621,C502809,cash withdrawal,203.79,USD
CA00003050,2025-01-24,BR016,TLR-2590,C501931,cash deposit,2609.11,CAD
CA00007226,2025-01-24,BR036,TLR-7671,C500728,cash deposit,437.11,CAD
CA00005601,2025-01-26,BR029,TLR-8088,C503276,cash deposit,1011.97,CAD
CA00001230,2025-01-08,BR006,TLR-8620,C500709,cash withdrawal,941.96,CAD
CA00008623,2025-01-01,BR040,TLR-9671,C503773,cash deposit,2078.98,CAD
CA00008423,2025-01-30,BR040,TLR-2536,C503567,cash withdrawal,890.74,CAD
CA00002096,2025-01-23,BR011,TLR-5574,C503923,cash withdrawal,600.99,CAD
CA00001492,2025-01-05,BR007,TLR-1413,C502714,cash deposit,372.8,CAD
CA00008321,2025-01-24,BR040,TLR-2498,C502990,cash withdrawal,954.76,CAD
CA00001264,2025-01-06,BR006,TLR-7915,C502824,cash deposit,1680.15,CAD
CA00001573,2025-01-15,BR008,TLR-6222,C502654,cash deposit,515.77,CAD
CA00004440,2025-01-17,BR023,TLR-5857,C501418,cash deposit,1092.37,CAD
CA00007853,2025-01-26,BR039,TLR-3139,C500203,cash deposit,2116.78,CAD
CA00001328,2025-01-16,BR006,TLR-5233,C501210,cash deposit,974.95,CAD
CA00003838,2025-01-11,BR019,TLR-8030,C503305,cash deposit,745.14,CAD
CA00005210,2025-01-23,BR026,TLR-5631,C500267,cash withdrawal,-1594.03,CAD
CA00003645,2025-01-17,BR019,TLR-4622,C500369,cash deposit,994.17,CAD
CA00008680,2025-01-18,BR040,TLR-4235,C501051,cash deposit,2153.54,CAD
CA00006854,2025-01-01,BR035,TLR-4352,C501706,cash deposit,6646.17,CAD
CA00002920,2025-01-08,BR015,TLR-6260,C500370,cash deposit,1270.68,CAD
CA00003944,2025-01-15,BR020,TLR-3510,C503495,cash deposit,1227.11,USD
CA00003321,2025-01-13,BR017,TLR-2750,C501978,cash withdrawal,577.07,CAD
CA00002373,2025-01-06,BR012,TLR-7241,C503191,cash deposit,389.63,CAD
CA00005974,2025-01-31,BR030,TLR-7329,C502923,cash deposit,1518.61,CAD
CA00002244,2025-01-13,BR012,TLR-6177,C500385,cash withdrawal,871.37,CAD
CA00002136,2025-01-14,BR011,TLR-4165,C503850,cash deposit,1742.64,CAD
CA00006493,2025-01-16,BR033,TLR-5950,C503321,cash withdrawal,2079.7,CAD
CA00002744,2025-01-14,BR015,TLR-8871,C501643,cash deposit,3769.77,CAD
CA00005299,2025-01-02,BR027,TLR-2734,C502950,cash withdrawal,498.87,CAD
CA00006743,2025-01-29,BR034,TLR-5722,C501326,cash deposit,1133.68,CAD
CA00005739,2025-01-08,BR030,TLR-1750,C502400,cash withdrawal,286.69,CAD
CA00001301,2025-01-16,BR006,TLR-7863,C502347,cash deposit,219.44,CAD
CA00001273,2025-01-08,BR006,TLR-5628,C503974,cash withdrawal,450.92,CAD
CA00006394,2025-01-04,BR032,TLR-5410,C503293,cash withdrawal,1657.71,CAD
CA00003821,2025-01-08,BR019,TLR-3489,C501442,cash deposit,959.87,CAD
CA00007076,2025-01-12,BR036,TLR-8787,C502424,cash deposit,2061.55,CAD
CA00005742,2025-01-17,BR030,TLR-4927,C503248,cash withdrawal,398.84,CAD
CA00006961,2025-01-24,BR035,TLR-8728,C503163,cash withdrawal,1940.34,CAD
CA00006873,2025-01-29,BR035,TLR-8961,C502170,cash withdrawal,352.64,CAD
CA00008350,2025-01-03,BR040,TLR-2457,C501970,cash deposit,5552.01,CAD
CA00000437,2025-01-06,BR002,TLR-7096,C500979,cash deposit,783.3,CAD
CA00005352,2025-01-28,BR027,TLR-8269,C501562,cash withdrawal,691.76,CAD
CA00006269,2025-01-23,BR031,TLR-7792,C500303,cash withdrawal,708.86,CAD
CA00006039,2025-01-04,BR031,TLR-4993,C502209,cash withdrawal,558.27,CAD
CA00008498,2025-01-17,BR040,TLR-7816,C502552,cash deposit,1376.83,CAD
CA00001881,2025-01-23,BR009,TLR-3270,C502620,cash deposit,584.6,CAD
CA00002979,2025-01-09,BR015,TLR-7017,C500935,cash deposit,782.31,CAD
CA00002738,2025-01-04,BR015,TLR-6009,C502711,cash deposit,1198.44,CAD
CA00004721,2025-01-19,BR024,TLR-6237,C501719,cash deposit,472.12,CAD
CA00006668,2025-01-16,BR034,TLR-1612,C503803,cash deposit,4532.35,CAD
CA00002143,2025-01-02,BR011,TLR-4587,C503824,cash deposit,1150.13,CAD
CA00002192,2025-01-31,BR012,TLR-6114,C501191,cash deposit,612.07,CAD
CA00003018,2025-01-15,BR016,TLR-8692,C501527,cash withdrawal,1872.34,CAD
CA00007525,2025-01-13,BR037,TLR-1310,C501564,cash deposit,591.68,CAD
CA00004126,2025-01-08,BR021,TLR-4867,C500853,cash deposit,947.72,CAD
CA00001820,2025-01-01,BR009,TLR-2294,C501236,cash deposit,1441.56,CAD
CA00006933,2025-01-29,BR035,TLR-3596,C500561,cash withdrawal,726.31,CAD
CA00000017,2025-01-29,BR001,TLR-4420,C503133,cash withdrawal,1460.67,CAD
CA00003802,2025-01-12,BR019,TLR-2384,C503624,cash deposit,147.86,CAD
CA00002926,2025-01-23,BR015,TLR-3271,C501804,cash withdrawal,1242.87,CAD
CA00004708,2025-01-02,BR024,TLR-4572,C501220,cash withdrawal,853.05,CAD
CA00008087,2025-01-03,BR040,TLR-1868,C501593,cash deposit,1205.19,CAD
CA00003764,2025-01-21,BR019,TLR-1402,C502269,cash withdrawal,237.99,CAD
CA00000839,2025-01-26,BR004,TLR-6400,C502544,cash withdrawal,748.7,CAD
CA00006033,2025-01-05,BR031,TLR-1632,C500451,cash deposit,903.1,CAD
CA00006447,2025-01-02,BR033,TLR-8501,C501485,cash deposit,432.22,CAD
CA00000663,2025-01-05,BR003,TLR-7313,C500492,cash withdrawal,515.54,CAD
CA00002383,2025-01-24,BR012,TLR-3432,C503583,cash withdrawal,984.21,CAD
CA00005662,2025-01-11,BR029,TLR-9545,C502449,cash withdrawal,628.01,CAD
CA00002757,2025-01-08,BR015,TLR-8251,C500373,cash withdrawal,815.01,CAD
CA00002955,2025-01-10,BR015,TLR-2582,C502766,cash withdrawal,533.13,CAD
CA00004141,2025-01-24,BR021,TLR-4592,C500284,cash deposit,1517.12,CAD
CA00005781,2025-01-05,BR030,TLR-8770,C500622,cash deposit,1675.15,CAD
CA00001432,2025-01-27,BR007,TLR-8086,C500379,cash deposit,1941.74,CAD
CA00000431,2025-01-29,BR002,TLR-3375,C500148,cash deposit,378.62,CAD
CA00006122,2025-01-14,BR031,TLR-8458,C502134,cash withdrawal,117.93,CAD
CA00008314,2025-01-21,BR040,TLR-9140,C501327,cash deposit,907.23,CAD
CA00004906,2025-01-03,BR025,TLR-1621,C501668,cash deposit,1015.54,CAD
CA00007052,2025-01-31,BR036,TLR-2523,C501714,cash withdrawal,1395.93,CAD
CA00001434,2025-01-09,BR007,TLR-1851,C503887,cash deposit,888.9,CAD
CA00005703,2025-01-16,BR030,TLR-2790,C503770,cash deposit,691.46,CAD
CA00004489,2025-01-15,BR024,TLR-9347,C500906,cash withdrawal,1557.7,CAD
CA00004912,2025-01-04,BR025,TLR-7760,C501753,cash withdrawal,-2518.48,CAD
CA00003556,2025-01-23,BR018,TLR-9024,C501502,cash withdrawal,894.03,CAD
CA00000494,2025-01-09,BR002,TLR-4256,C501032,cash deposit,662.67,CAD
CA00007787,2025-01-01,BR039,TLR-7718,C502646,cash withdrawal,722.56,CAD
CA00005668,2025-01-25,BR029,TLR-5766,C502988,cash withdrawal,1238.17,CAD
CA00004049,2025-01-30,BR020,TLR-2024,C500421,cash deposit,636.72,USD
CA00001683,2025-01-29,BR008,TLR-2447,C503979,cash deposit,2614.26,CAD
CA00006160,2025-01-01,BR031,TLR-3562,C501425,cash deposit,397.45,CAD
CA00002395,2025-01-31,BR012,TLR-3898,C502330,cash withdrawal,1116.23,CAD
CA00006231,2025-01-07,BR031,TLR-6010,C500101,cash withdrawal,530.57,CAD
CA00006402,2025-01-14,BR032,TLR-5430,C502561,cash withdrawal,381.09,CAD
CA00001254,2025-01-02,BR006,TLR-7646,C503480,cash deposit,705.63,CAD
CA00007064,2025-01-23,BR036,TLR-7974,C502620,cash withdrawal,386.04,CAD
CA00002426,2025-01-21,BR013,TLR-2243,C503132,cash withdrawal,707.7,CAD
CA00008044,2025-01-06,BR040,TLR-8823,C503301,cash withdrawal,1799.28,CAD
CA00001012,2025-01-04,BR004,TLR-6896,C501325,cash deposit,2213.71,CAD
CA00002940,2025-01-27,BR015,TLR-3909,C501807,cash withdrawal,723.18,CAD
CA00005909,2025-01-10,BR030,TLR-7619,C501926,cash deposit,1926.32,CAD
CA00008390,2025-01-05,BR040,TLR-4681,C501630,cash deposit,596.55,CAD
CA00002352,2025-01-01,BR012,TLR-8165,C500255,cash withdrawal,436.31,CAD
CA00007836,2025-01-26,BR039,TLR-2238,C500248,cash withdrawal,582.32,CAD
CA00000131,2025-01-05,BR001,TLR-7807,C503135,cash withdrawal,743.63,CAD
CA00008684,2025-01-06,BR040,TLR-3827,C501868,cash deposit,2111.3,CAD
CA00003811,2025-01-05,BR019,TLR-4876,C502865,cash deposit,1512.84,CAD
CA00003047,2025-01-10,BR016,TLR-6782,C502065,cash deposit,179.73,CAD
CA00003527,2025-01-27,BR018,TLR-3861,C501126,cash deposit,1030.9,CAD
CA00001939,2025-01-25,BR010,TLR-5461,C500129,cash withdrawal,1057.59,CAD
CA00001506,2025-01-10,BR007,TLR-9849,C501810,cash withdrawal,1677.92,CAD
CA00002316,2025-01-29,BR012,TLR-4913,C502757,cash deposit,369.83,CAD
CA00006603,2025-01-07,BR034,TLR-3023,C503511,cash withdrawal,506.6,CAD
CA00006649,2025-01-05,BR034,TLR-1011,C502711,cash deposit,1422.91,CAD
CA00008404,2025-01-10,BR040,TLR-4684,C501960,cash withdrawal,501.85,CAD
CA00005950,2025-01-04,BR030,TLR-4693,C500274,cash deposit,2320.67,CAD
CA00008086,2025-01-29,BR040,TLR-1993,C502021,cash withdrawal,1087.06,CAD
CA00001129,2025-01-10,BR006,TLR-7967,C502294,cash deposit,497.1,CAD
CA00001106,2025-01-03,BR006,TLR-5333,C501286,cash withdrawal,2509.17,CAD
CA00000365,2025-01-02,BR002,TLR-8486,C501060,cash withdrawal,-5196.9,CAD
CA00001241,2025-01-05,BR006,TLR-3730,C502955,cash deposit,1899.53,CAD
CA00008057,2025-01-27,BR040,TLR-1128,C503857,cash deposit,526.14,CAD
CA00001608,2025-01-10,BR008,TLR-6299,C503395,cash deposit,707.19,CAD
CA00006222,2025-01-19,BR031,TLR-6914,C502013,cash deposit,6793.14,CAD
CA00006764,2025-01-06,BR034,TLR-1542,C501063,cash withdrawal,1996.38,CAD
CA00001176,2025-01-05,BR006,TLR-5286,C501708,cash deposit,311.45,CAD
CA00004534,2025-01-21,BR024,TLR-6482,C501117,cash withdrawal,321.0,CAD
CA00004159,2025-01-24,BR021,TLR-1521,C500828,cash deposit,585.55,CAD
CA00005444,2025-01-22,BR028,TLR-9287,C501062,cash withdrawal,694.43,CAD
CA00001909,2025-01-01,BR009,TLR-7826,C500030,cash deposit,833.76,CAD
CA00008200,2025-01-30,BR040,TLR-3806,C500017,cash withdrawal,296.55,CAD
CA00005102,2025-01-31,BR026,TLR-4943,C502082,cash withdrawal,-486.68,CAD
CA00000894,2025-01-24,BR004,TLR-9151,C502661,cash deposit,998.65,CAD
CA00004402,2025-01-23,BR023,TLR-4225,C500407,cash deposit,854.67,CAD
CA00003148,2025-01-05,BR016,TLR-7473,C501226,cash deposit,764.36,CAD
CA00001050,2025-01-02,BR005,TLR-7093,C500430,cash deposit,1368.2,CAD
CA00002154,2025-01-28,BR011,TLR-2036,C500462,cash withdrawal,521.22,CAD
CA00005886,2025-01-01,BR030,TLR-2040,C501060,cash deposit,1053.77,CAD
CA00006948,2025-01-19,BR035,TLR-6487,C502142,cash deposit,1915.77,CAD
CA00007675,2025-01-07,BR038,TLR-7009,C501217,cash withdrawal,2725.73,CAD
CA00001281,2025-01-11,BR006,TLR-4615,C502446,cash deposit,1359.7,CAD
CA00000387,2025-01-05,BR002,TLR-9064,C500530,cash deposit,1318.14,CAD
CA00007272,2025-01-08,BR036,TLR-6187,C503977,cash withdrawal,736.87,CAD
CA00006047,2025-01-09,BR031,TLR-5871,C502664,cash withdrawal,1423.33,CAD
CA00008165,2025-01-03,BR040,TLR-2045,C500977,cash deposit,418.91,CAD
CA00008243,2025-01-25,BR040,TLR-5157,C501383,cash deposit,301.92,CAD
CA00007804,2025-01-07,BR039,TLR-1469,C500093,cash deposit,1135.67,CAD
CA00003882,2025-01-13,BR020,TLR-4268,C502077,cash deposit,395.63,USD
CA00006063,2025-01-21,BR031,TLR-4412,C501118,cash deposit,1197.01,CAD
CA00004705,2025-01-17,BR024,TLR-3174,C503436,cash withdrawal,1701.48,CAD
CA00004457,2025-01-22,BR024,TLR-5560,C500246,cash withdrawal,1838.84,CAD
CA00004870,2025-01-16,BR025,TLR-4484,C503531,cash deposit,2230.54,CAD
CA00007219,2025-01-11,BR036,TLR-8033,C503329,cash deposit,243.52,CAD
CA00002101,2025-01-25,BR011,TLR-4409,C502066,cash deposit,1299.45,CAD
CA00000804,2025-01-04,BR004,TLR-7382,C503639,cash withdrawal,995.67,CAD
CA00003531,2025-01-01,BR018,TLR-2469,C501368,cash deposit,472.08,CAD
CA00008602,2025-01-25,BR040,TLR-8213,C502922,cash withdrawal,479.1,CAD
CA00004470,2025-01-06,BR024,TLR-5935,C500695,cash deposit,1114.9,CAD
CA00008317,2025-01-03,BR040,TLR-7084,C500047,cash deposit,1578.12,CAD
CA00000463,2025-01-01,BR002,TLR-7807,C503439,cash deposit,274.21,CAD
CA00006624,2025-01-28,BR034,TLR-4047,C501872,cash withdrawal,831.85,CAD
CA00003260,2025-01-05,BR017,TLR-7184,C501215,cash deposit,428.77,CAD
CA00002551,2025-01-13,BR014,TLR-9224,C503238,cash withdrawal,626.81,CAD
CA00002773,2025-01-03,BR015,TLR-9307,C501190,cash withdrawal,362.88,CAD
CA00004256,2025-01-26,BR022,TLR-6295,C502490,cash withdrawal,557.25,CAD
CA00004748,2025-01-17,BR024,TLR-4391,C501434,cash deposit,1576.61,CAD
CA00001175,2025-01-26,BR006,TLR-9189,C500694,cash deposit,436.37,CAD
CA00004161,2025-01-15,BR021,TLR-5687,C500190,cash deposit,1127.67,CAD
CA00002375,2025-01-15,BR012,TLR-2655,C500979,cash withdrawal,544.03,CAD
CA00003042,2025-01-06,BR016,TLR-3887,C501677,cash withdrawal,967.91,CAD
CA00004318,2025-01-12,BR022,TLR-4805,C500243,cash deposit,1001.47,CAD
CA00003286,2025-01-09,BR017,TLR-2376,C500943,cash deposit,496.04,CAD
CA00004345,2025-01-06,BR023,TLR-5976,C503701,cash withdrawal,507.87,CAD
CA00004655,2025-01-30,BR024,TLR-4178,C502984,cash deposit,949.73,CAD
CA00003433,2025-01-16,BR017,TLR-8691,C501541,cash deposit,1113.94,CAD
CA00007047,2025-01-27,BR036,TLR-7027,C502233,cash deposit,1105.05,CAD
CA00006758,2025-01-10,BR034,TLR-4011,C503024,cash deposit,960.23,CAD
CA00007325,2025-01-25,BR037,TLR-2150,C501677,cash deposit,662.07,CAD
CA00006662,2025-01-23,BR034,TLR-2030,C501877,cash deposit,378.5,CAD
CA00006613,2025-01-10,BR034,TLR-6207,C501332,cash withdrawal,1075.45,CAD
CA00002387,2025-01-18,BR012,TLR-6871,C503827,cash deposit,639.36,CAD
CA00003116,2025-01-23,BR016,TLR-4820,C502769,cash deposit,574.79,CAD
CA00005515,2025-01-08,BR028,TLR-7450,C501555,cash withdrawal,1295.24,CAD
CA00001491,2025-01-13,BR007,TLR-5293,C503168,cash withdrawal,552.5,CAD
CA00007467,2025-01-21,BR037,TLR-6057,C501908,cash deposit,272.94,CAD
CA00000149,2025-01-25,BR001,TLR-5216,C503726,cash withdrawal,679.14,CAD
CA00004816,2025-01-25,BR025,TLR-5194,C501282,cash deposit,1673.71,CAD
CA00004546,2025-01-18,BR024,TLR-7660,C500738,cash withdrawal,429.73,CAD
CA00006432,2025-01-22,BR033,TLR-1458,C503173,cash withdrawal,881.29,CAD
CA00005105,2025-01-08,BR026,TLR-8356,C502132,cash withdrawal,-765.5,CAD
CA00000206,2025-01-24,BR001,TLR-4822,C500084,cash deposit,2254.33,CAD
CA00005466,2025-01-24,BR028,TLR-5332,C502779,cash deposit,909.28,CAD
CA00005744,2025-01-28,BR030,TLR-9807,C503007,cash withdrawal,608.7,CAD
CA00002542,2025-01-14,BR014,TLR-2957,C502618,cash deposit,2987.85,CAD
CA00000090,2025-01-20,BR001,TLR-3482,C502938,cash deposit,1611.52,CAD
CA00004828,2025-01-19,BR025,TLR-8404,C501653,cash withdrawal,-593.25,CAD
CA00003777,2025-01-03,BR019,TLR-5484,C501767,cash deposit,404.83,CAD
CA00003156,2025-01-21,BR016,TLR-8115,C501440,cash withdrawal,1321.81,CAD
CA00001812,2025-01-02,BR009,TLR-3191,C503646,cash withdrawal,876.42,CAD
CA00005839,2025-01-13,BR030,TLR-1053,C501463,cash deposit,1162.89,CAD
CA00005066,2025-01-10,BR026,TLR-8878,C500087,cash deposit,2298.44,CAD
CA00004609,2025-01-10,BR024,TLR-3323,C502089,cash withdrawal,332.22,CAD
CA00007655,2025-01-20,BR038,TLR-7683,C500431,cash withdrawal,910.61,CAD
CA00005940,2025-01-02,BR030,TLR-5506,C503378,cash deposit,2633.04,CAD
CA00000747,2025-01-05,BR003,TLR-4280,C502865,cash deposit,1944.5,CAD
CA00003792,2025-01-24,BR019,TLR-1027,C503507,cash deposit,469.31,CAD
CA00002802,2025-01-23,BR015,TLR-2357,C503338,cash withdrawal,1421.69,CAD
CA00002521,2025-01-25,BR014,TLR-5720,C503850,cash deposit,12735.87,CAD
CA00007472,2025-01-09,BR037,TLR-1853,C500620,cash withdrawal,702.25,CAD
CA00001501,2025-01-18,BR007,TLR-9791,C500871,cash deposit,339.84,CAD
CA00002472,2025-01-14,BR013,TLR-3380,C503735,cash deposit,1266.49,CAD
CA00002914,2025-01-13,BR015,TLR-9545,C500201,cash deposit,606.06,CAD
CA00006155,2025-01-31,BR031,TLR-2802,C501850,cash withdrawal,316.87,CAD
CA00004458,2025-01-04,BR024,TLR-9213,C502597,cash deposit,1331.61,CAD
CA00005919,2025-01-03,BR030,TLR-2554,C503809,cash withdrawal,1836.02,CAD
CA00001545,2025-01-31,BR007,TLR-9336,C503073,cash withdrawal,473.99,CAD
CA00004809,2025-01-03,BR025,TLR-7540,C502529,cash deposit,1267.71,CAD
CA00005360,2025-01-29,BR027,TLR-5436,C503146,cash deposit,304.07,CAD
CA00005966,2025-01-25,BR030,TLR-6393,C500197,cash deposit,1001.08,CAD
CA00002224,2025-01-16,BR012,TLR-2914,C501678,cash withdrawal,1264.0,CAD
CA00001946,2025-01-22,BR010,TLR-9953,C500099,cash withdrawal,725.39,CAD
CA00003285,2025-01-27,BR017,TLR-5193,C501296,cash withdrawal,764.81,CAD
CA00003916,2025-01-08,BR020,TLR-8286,C503233,cash withdrawal,855.76,USD
CA00006925,2025-01-30,BR035,TLR-3777,C501938,cash deposit,749.31,CAD
CA00000348,2025-01-14,BR002,TLR-2698,C503161,cash deposit,1452.83,CAD
CA00000239,2025-01-04,BR001,TLR-9087,C500464,cash deposit,2360.55,CAD
CA00003862,2025-01-12,BR019,TLR-6277,C502397,cash deposit,777.17,CAD
CA00002495,2025-01-17,BR013,TLR-9919,C501559,cash withdrawal,717.37,CAD
CA00008148,2025-01-22,BR040,TLR-6630,C503437,cash withdrawal,953.6,CAD
CA00002737,2025-01-03,BR015,TLR-1263,C502585,cash withdrawal,1974.14,CAD
CA00001044,2025-01-18,BR005,TLR-3177,C502293,cash withdrawal,495.58,CAD
CA00001076,2025-01-28,BR005,TLR-6225,C500131,cash deposit,835.03,CAD
CA00001598,2025-01-07,BR008,TLR-4099,C500926,cash withdrawal,2808.99,CAD
CA00007424,2025-01-16,BR037,TLR-6318,C502454,cash withdrawal,1854.55,CAD
CA00000588,2025-01-03,BR003,TLR-7259,C503973,cash deposit,1610.71,CAD
CA00005047,2025-01-20,BR026,TLR-6504,C503769,cash deposit,1594.72,CAD
CA00004003,2025-01-20,BR020,TLR-7131,C502590,cash withdrawal,4140.56,USD
CA00004353,2025-01-31,BR023,TLR-2173,C502696,cash withdrawal,1141.32,CAD
CA00007410,2025-01-20,BR037,TLR-2745,C500804,cash deposit,897.01,CAD
CA00006929,2025-01-01,BR035,TLR-6347,C503816,cash deposit,700.34,CAD
CA00006078,2025-01-22,BR031,TLR-8424,C501863,cash withdrawal,940.65,CAD
CA00003005,2025-01-23,BR016,TLR-6751,C501413,cash deposit,2177.55,CAD
CA00006412,2025-01-09,BR032,TLR-5438,C501620,cash withdrawal,509.31,CAD
CA00004373,2025-01-02,BR023,TLR-8596,C501031,cash withdrawal,1340.51,CAD
CA00008032,2025-01-27,BR040,TLR-3427,C503349,cash deposit,390.44,CAD
CA00003859,2025-01-18,BR019,TLR-9256,C503551,cash withdrawal,622.71,CAD
CA00004603,2025-01-20,BR024,TLR-6527,C502248,cash deposit,405.68,CAD
CA00002713,2025-01-27,BR014,TLR-3899,C503514,cash deposit,496.12,CAD
CA00001877,2025-01-05,BR009,TLR-8489,C501404,cash withdrawal,1346.5,CAD
CA00006112,2025-01-23,BR031,TLR-2805,C503522,cash withdrawal,1078.45,CAD
CA00000629,2025-01-31,BR003,TLR-7890,C501990,cash deposit,334.94,CAD
CA00008535,2025-01-08,BR040,TLR-9810,C500034,cash withdrawal,816.45,CAD
CA00006983,2025-01-13,BR035,TLR-1802,C500813,cash deposit,6174.03,CAD
CA00002393,2025-01-04,BR012,TLR-4764,C503110,cash withdrawal,1680.66,CAD
CA00002167,2025-01-28,BR012,TLR-5878,C503782,cash withdrawal,943.23,CAD
CA00001297,2025-01-22,BR006,TLR-7802,C500160,cash withdrawal,1098.9,CAD
CA00007551,2025-01-31,BR037,TLR-2347,C501872,cash deposit,1254.8,CAD
CA00002032,2025-01-31,BR010,TLR-7491,C503411,cash withdrawal,496.02,CAD
CA00002268,2025-01-28,BR012,TLR-1051,C503860,cash withdrawal,479.13,CAD
CA00005828,2025-01-10,BR030,TLR-7608,C503853,cash deposit,872.25,CAD
CA00000815,2025-01-31,BR004,TLR-8602,C503847,cash deposit,3217.75,CAD
CA00004002,2025-01-27,BR020,TLR-2554,C500105,cash deposit,796.45,USD
CA00001340,2025-01-22,BR006,TLR-8749,C501074,cash withdrawal,89.7,CAD
CA00000177,2025-01-24,BR001,TLR-1887,C500056,cash withdrawal,391.32,CAD
CA00000452,2025-01-18,BR002,TLR-8980,C502728,cash deposit,457.51,CAD
CA00003704,2025-01-15,BR019,TLR-8006,C503772,cash deposit,634.71,CAD
CA00000485,2025-01-31,BR002,TLR-8791,C500213,cash withdrawal,-673.1,CAD
CA00002508,2025-01-07,BR014,TLR-6442,C503573,cash deposit,780.2,CAD
CA00008512,2025-01-05,BR040,TLR-7027,C503956,cash deposit,1245.15,CAD
CA00005302,2025-01-04,BR027,TLR-4248,C500024,cash withdrawal,1646.1,CAD
CA00002640,2025-01-01,BR014,TLR-6430,C503373,cash deposit,950.61,CAD
CA00000604,2025-01-24,BR003,TLR-8573,C503138,cash withdrawal,1668.21,CAD
CA00003335,2025-01-01,BR017,TLR-2499,C500224,cash deposit,809.81,CAD
CA00004024,2025-01-30,BR020,TLR-9708,C502287,cash deposit,296.0,USD
CA00002605,2025-01-20,BR014,TLR-3740,C502918,cash deposit,609.47,CAD
CA00001335,2025-01-31,BR006,TLR-3106,C500455,cash deposit,848.17,CAD
CA00001745,2025-01-03,BR008,TLR-7713,C502179,cash withdrawal,602.69,CAD
CA00000572,2025-01-11,BR003,TLR-2641,C502913,cash deposit,1105.61,CAD
CA00006965,2025-01-25,BR035,TLR-1367,C501879,cash withdrawal,1702.59,CAD
CA00005896,2025-01-23,BR030,TLR-7588,C502811,cash withdrawal,1494.3,CAD
CA00000547,2025-01-14,BR003,TLR-2426,C500263,cash deposit,474.67,CAD
CA00001942,2025-01-19,BR010,TLR-3568,C501914,cash deposit,346.69,CAD
CA00002265,2025-01-22,BR012,TLR-8345,C501063,cash deposit,949.29,CAD
CA00007630,2025-01-03,BR038,TLR-8660,C501168,cash withdrawal,1723.72,CAD
CA00002139,2025-01-16,BR011,TLR-4944,C502418,cash withdrawal,576.82,CAD
CA00004255,2025-01-14,BR022,TLR-2001,C503066,cash deposit,838.21,CAD
CA00001724,2025-01-18,BR008,TLR-1637,C502091,cash withdrawal,699.66,CAD
CA00006980,2025-01-11,BR035,TLR-6567,C501676,cash deposit,1505.59,CAD
CA00000600,2025-01-16,BR003,TLR-3746,C503922,cash withdrawal,1808.36,CAD
CA00006294,2025-01-13,BR032,TLR-1466,C500728,cash withdrawal,342.16,CAD
CA00001917,2025-01-13,BR009,TLR-8697,C502056,cash withdrawal,3627.76,CAD
CA00003940,2025-01-19,BR020,TLR-1259,C503033,cash withdrawal,200.78,USD
CA00004970,2025-01-04,BR025,TLR-8317,C500485,cash withdrawal,-1468.85,CAD
CA00000078,2025-01-10,BR001,TLR-4439,C501404,cash deposit,4362.68,CAD
CA00002040,2025-01-17,BR010,TLR-7644,C503355,cash withdrawal,688.32,CAD
CA00006606,2025-01-22,BR034,TLR-9648,C503188,cash withdrawal,457.58,CAD
CA00004403,2025-01-07,BR023,TLR-4914,C503560,cash deposit,2220.83,CAD
CA00006896,2025-01-10,BR035,TLR-5897,C500607,cash withdrawal,698.21,CAD
CA00003429,2025-01-09,BR017,TLR-4943,C501454,cash withdrawal,1471.52,CAD
CA00000760,2025-01-24,BR004,TLR-4707,C501798,cash deposit,171.5,CAD
CA00006692,2025-01-03,BR034,TLR-1063,C501817,cash deposit,500.43,CAD
CA00005286,2025-01-08,BR027,TLR-7981,C502795,cash deposit,1201.93,CAD
CA00001382,2025-01-19,BR007,TLR-5389,C503253,cash deposit,1805.05,CAD
CA00004568,2025-01-04,BR024,TLR-1152,C503249,cash deposit,1982.63,CAD
CA00007202,2025-01-17,BR036,TLR-9258,C501163,cash withdrawal,2196.46,CAD
CA00002179,2025-01-05,BR012,TLR-8461,C501755,cash deposit,580.83,CAD
CA00008362,2025-01-11,BR040,TLR-6557,C502097,cash deposit,728.39,CAD
CA00008361,2025-01-29,BR040,TLR-6199,C500223,cash withdrawal,725.28,CAD
CA00000991,2025-01-18,BR004,TLR-8481,C503586,cash deposit,360.66,CAD
CA00003089,2025-01-05,BR016,TLR-3207,C501689,cash withdrawal,1020.17,CAD
CA00002301,2025-01-19,BR012,TLR-2187,C503073,cash withdrawal,723.84,CAD
CA00008514,2025-01-17,BR040,TLR-1382,C500833,cash deposit,1213.48,CAD
CA00007095,2025-01-03,BR036,TLR-2776,C500412,cash withdrawal,441.68,CAD
CA00003229,2025-01-17,BR017,TLR-6262,C501711,cash withdrawal,394.3,CAD
CA00004048,2025-01-29,BR020,TLR-2346,C501249,cash deposit,1505.55,USD
CA00006245,2025-01-04,BR031,TLR-1063,C503410,cash withdrawal,743.61,CAD
CA00006157,2025-01-22,BR031,TLR-3230,C501826,cash deposit,1155.1,CAD
CA00000245,2025-01-28,BR001,TLR-1900,C503122,cash deposit,1452.98,CAD
CA00006885,2025-01-20,BR035,TLR-7800,C500814,cash deposit,594.26,CAD
CA00004084,2025-01-07,BR021,TLR-5406,C502618,cash withdrawal,3582.56,CAD
CA00006465,2025-01-06,BR033,TLR-3129,C501822,cash deposit,1157.65,CAD
CA00002759,2025-01-18,BR015,TLR-2639,C502702,cash deposit,258.83,CAD
CA00007964,2025-01-02,BR039,TLR-4904,C501500,cash deposit,1749.36,CAD
CA00005430,2025-01-07,BR028,TLR-5177,C500525,cash deposit,651.41,CAD
CA00004047,2025-01-16,BR020,TLR-7129,C503467,cash deposit,1094.97,USD
CA00005432,2025-01-22,BR028,TLR-9782,C502568,cash withdrawal,376.56,CAD
CA00003290,2025-01-24,BR017,TLR-8723,C503153,cash deposit,511.25,CAD
CA00002170,2025-01-14,BR012,TLR-7801,C500498,cash withdrawal,837.85,CAD
CA00001468,2025-01-14,BR007,TLR-4291,C501770,cash withdrawal,420.5,CAD
CA00001311,2025-01-27,BR006,TLR-2270,C500187,cash deposit,752.71,CAD
CA00004718,2025-01-11,BR024,TLR-4136,C502608,cash withdrawal,317.02,CAD
CA00002380,2025-01-31,BR012,TLR-3002,C502756,cash withdrawal,586.84,CAD
CA00002031,2025-01-09,BR010,TLR-4703,C502104,cash withdrawal,1087.88,CAD
CA00002016,2025-01-21,BR010,TLR-6611,C503462,cash deposit,983.97,CAD
CA00000135,2025-01-02,BR001,TLR-5588,C501623,cash deposit,597.35,CAD
CA00007998,2025-01-15,BR040,TLR-6630,C501969,cash deposit,1088.11,CAD
CA00006351,2025-01-18,BR032,TLR-5568,C503893,cash deposit,552.91,CAD
CA00003831,2025-01-25,BR019,TLR-7555,C502532,cash deposit,1225.04,CAD
CA00007459,2025-01-22,BR037,TLR-5787,C501406,cash withdrawal,316.52,CAD
CA00007784,2025-01-06,BR039,TLR-7186,C501376,cash withdrawal,669.3,CAD
CA00001515,2025-01-21,BR007,TLR-8278,C502548,cash deposit,800.68,CAD
CA00003533,2025-01-12,BR018,TLR-2239,C503979,cash withdrawal,2303.85,CAD
CA00003970,2025-01-06,BR020,TLR-7641,C503089,cash withdrawal,1280.81,USD
CA00002203,2025-01-02,BR012,TLR-5692,C502593,cash deposit,416.03,CAD
CA00003045,2025-01-25,BR016,TLR-9113,C502225,cash deposit,1674.72,CAD
CA00002463,2025-01-19,BR013,TLR-8110,C503385,cash deposit,375.17,CAD
CA00006804,2025-01-23,BR035,TLR-8849,C500604,cash deposit,983.88,CAD
CA00004683,2025-01-12,BR024,TLR-8698,C500095,cash deposit,2327.55,CAD
CA00006563,2025-01-04,BR033,TLR-3795,C500642,cash withdrawal,1346.04,CAD
CA00007601,2025-01-15,BR038,TLR-6930,C503101,cash deposit,2131.62,CAD
CA00000369,2025-01-24,BR002,TLR-8226,C500938,cash deposit,1097.6,CAD
CA00000773,2025-01-13,BR004,TLR-5553,C502342,cash withdrawal,1534.49,CAD
CA00006067,2025-01-15,BR031,TLR-5078,C500353,cash withdrawal,595.89,CAD
CA00007725,2025-01-05,BR038,TLR-2715,C501346,cash withdrawal,2227.03,CAD
CA00003112,2025-01-10,BR016,TLR-9310,C502752,cash withdrawal,2141.9,CAD
CA00004254,2025-01-07,BR022,TLR-6338,C502614,cash deposit,797.31,CAD
CA00006748,2025-01-14,BR034,TLR-4596,C501390,cash deposit,873.22,CAD
CA00001459,2025-01-03,BR007,TLR-2406,C503927,cash withdrawal,1593.58,CAD
CA00003560,2025-01-24,BR018,TLR-8481,C503125,cash withdrawal,1757.14,CAD
CA00007564,2025-01-08,BR037,TLR-6075,C503510,cash withdrawal,2054.28,CAD
CA00002707,2025-01-05,BR014,TLR-1329,C501802,cash withdrawal,2131.92,CAD
CA00006883,2025-01-29,BR035,TLR-2373,C503734,cash deposit,4681.0,CAD
CA00000644,2025-01-13,BR003,TLR-7077,C503930,cash withdrawal,937.89,CAD
CA00001834,2025-01-15,BR009,TLR-8478,C500964,cash deposit,3115.29,CAD
CA00000241,2025-01-18,BR001,TLR-5826,C503690,cash deposit,453.62,CAD
CA00008050,2025-01-31,BR040,TLR-1875,C503603,cash withdrawal,1493.32,CAD
CA00005563,2025-01-20,BR029,TLR-3642,C502771,cash withdrawal,451.16,CAD
CA00000563,2025-01-03,BR003,TLR-9169,C502356,cash deposit,403.91,CAD
CA00008477,2025-01-03,BR040,TLR-2168,C502146,cash deposit,2385.57,CAD
CA00006002,2025-01-27,BR030,TLR-4035,C503972,cash withdrawal,4300.59,CAD
CA00006722,2025-01-02,BR034,TLR-8262,C502381,cash deposit,251.27,CAD
CA00001522,2025-01-30,BR007,TLR-4971,C502850,cash withdrawal,1021.22,CAD
CA00008605,2025-01-26,BR040,TLR-3337,C503654,cash withdrawal,256.03,CAD
CA00008482,2025-01-25,BR040,TLR-6068,C502368,cash deposit,714.53,CAD
CA00005732,2025-01-29,BR030,TLR-4658,C502032,cash deposit,859.42,CAD
CA00007781,2025-01-29,BR039,TLR-9304,C501293,cash withdrawal,3116.93,CAD
CA00008008,2025-01-21,BR040,TLR-5491,C500186,cash deposit,2194.72,CAD
CA00006236,2025-01-22,BR031,TLR-4385,C502999,cash deposit,1684.88,CAD
CA00000973,2025-01-15,BR004,TLR-2691,C503812,cash deposit,1493.01,CAD
CA00008286,2025-01-29,BR040,TLR-1116,C500487,cash deposit,510.61,CAD
CA00008524,2025-01-16,BR040,TLR-2646,C501872,cash deposit,1117.23,CAD
CA00001928,2025-01-23,BR009,TLR-9023,C503504,cash withdrawal,1130.16,CAD
CA00005956,2025-01-06,BR030,TLR-4168,C503430,cash withdrawal,357.37,CAD
CA00008219,2025-01-21,BR040,TLR-2762,C501199,cash withdrawal,796.64,CAD
CA00004565,2025-01-19,BR024,TLR-2656,C502004,cash deposit,432.04,CAD
CA00000749,2025-01-25,BR003,TLR-1248,C501576,cash withdrawal,419.28,CAD
CA00003558,2025-01-25,BR018,TLR-1589,C502988,cash deposit,515.09,CAD
CA00004628,2025-01-15,BR024,TLR-3231,C503585,cash deposit,1766.09,CAD
CA00002830,2025-01-16,BR015,TLR-6901,C502644,cash deposit,233.71,CAD
CA00005409,2025-01-20,BR027,TLR-8001,C501341,cash withdrawal,498.01,CAD
CA00007592,2025-01-02,BR038,TLR-1433,C503048,cash withdrawal,3679.83,CAD
CA00001717,2025-01-22,BR008,TLR-6814,C501431,cash deposit,939.74,CAD
CA00000536,2025-01-18,BR002,TLR-6715,C501650,cash deposit,591.05,CAD
CA00003488,2025-01-08,BR018,TLR-6393,C502077,cash withdrawal,663.87,CAD
CA00005315,2025-01-14,BR027,TLR-1579,C503367,cash deposit,392.56,CAD
CA00004394,2025-01-29,BR023,TLR-6123,C502738,cash deposit,1356.67,CAD
CA00007232,2025-01-12,BR036,TLR-8810,C500751,cash withdrawal,938.36,CAD
CA00006612,2025-01-02,BR034,TLR-1574,C500207,cash withdrawal,707.28,CAD
CA00000318,2025-01-06,BR001,TLR-8012,C503154,cash deposit,1114.88,CAD
CA00002335,2025-01-02,BR012,TLR-9482,C501912,cash deposit,3455.01,CAD
CA00006036,2025-01-05,BR031,TLR-6874,C502373,cash deposit,163.23,CAD
CA00000474,2025-01-25,BR002,TLR-4124,C503024,cash withdrawal,-1596.37,CAD
CA00006827,2025-01-29,BR035,TLR-6579,C500888,cash withdrawal,621.17,CAD
CA00006844,2025-01-28,BR035,TLR-5100,C503169,cash withdrawal,638.78,CAD
CA00004222,2025-01-14,BR021,TLR-2624,C501454,cash deposit,1495.12,CAD
CA00003289,2025-01-09,BR017,TLR-9440,C503266,cash deposit,1757.02,CAD
CA00002591,2025-01-27,BR014,TLR-5198,C502315,cash deposit,321.85,CAD
CA00003254,2025-01-06,BR017,TLR-9275,C503796,cash withdrawal,1595.87,CAD
CA00008268,2025-01-12,BR040,TLR-9204,C502715,cash deposit,1654.75,CAD
CA00004130,2025-01-03,BR021,TLR-4849,C502591,cash deposit,791.08,CAD
CA00001645,2025-01-13,BR008,TLR-5352,C501270,cash withdrawal,8899.72,CAD
CA00006196,2025-01-12,BR031,TLR-3658,C500320,cash deposit,403.57,CAD
CA00005988,2025-01-07,BR030,TLR-7643,C502693,cash deposit,869.84,CAD
CA00003370,2025-01-11,BR017,TLR-9478,C502377,cash deposit,881.19,CAD
CA00005560,2025-01-24,BR029,TLR-6193,C501088,cash withdrawal,351.73,CAD
CA00004691,2025-01-08,BR024,TLR-6521,C502894,cash withdrawal,1191.89,CAD
CA00007129,2025-01-19,BR036,TLR-8608,C503679,cash deposit,676.53,CAD
CA00004667,2025-01-11,BR024,TLR-8450,C501629,cash withdrawal,1545.01,CAD
CA00005831,2025-01-03,BR030,TLR-5330,C501399,cash deposit,581.18,CAD
CA00002086,2025-01-14,BR011,TLR-6209,C503675,cash deposit,2107.15,CAD
CA00001568,2025-01-04,BR007,TLR-8667,C500382,cash withdrawal,573.62,CAD
CA00001080,2025-01-09,BR005,TLR-4771,C503743,cash deposit,968.78,CAD
CA00003410,2025-01-01,BR017,TLR-9303,C501474,cash withdrawal,847.04,CAD
CA00004035,2025-01-29,BR020,TLR-4639,C502770,cash deposit,1516.95,USD
CA00008503,2025-01-08,BR040,TLR-3337,C501812,cash withdrawal,259.57,CAD
CA00006332,2025-01-26,BR032,TLR-6046,C500339,cash withdrawal,1572.0,CAD
CA00001366,2025-01-06,BR007,TLR-2692,C500777,cash withdrawal,465.01,CAD
CA00002157,2025-01-14,BR011,TLR-7390,C503830,cash deposit,796.79,CAD
CA00008003,2025-01-24,BR040,TLR-8668,C502478,cash withdrawal,713.46,CAD
CA00006607,2025-01-13,BR034,TLR-6594,C502424,cash deposit,1880.65,CAD
CA00000701,2025-01-30,BR003,TLR-7495,C503683,cash deposit,341.49,CAD
CA00007199,2025-01-23,BR036,TLR-6561,C502646,cash withdrawal,3190.44,CAD
CA00002292,2025-01-12,BR012,TLR-3824,C503518,cash deposit,587.02,CAD
CA00007051,2025-01-19,BR036,TLR-2726,C503855,cash withdrawal,912.12,CAD
CA00004608,2025-01-09,BR024,TLR-1331,C502879,cash withdrawal,720.83,CAD
CA00006403,2025-01-09,BR032,TLR-6960,C501053,cash deposit,1467.02,CAD
CA00002205,2025-01-28,BR012,TLR-1960,C503777,cash deposit,985.02,CAD
CA00004856,2025-01-12,BR025,TLR-7503,C502402,cash withdrawal,-780.57,CAD
CA00006506,2025-01-08,BR033,TLR-7634,C503808,cash deposit,323.24,CAD
CA00003551,2025-01-04,BR018,TLR-2443,C502045,cash deposit,1061.56,CAD
CA00004377,2025-01-01,BR023,TLR-2437,C500907,cash withdrawal,693.14,CAD
CA00000784,2025-01-05,BR004,TLR-3792,C503316,cash deposit,423.85,CAD
CA00002147,2025-01-27,BR011,TLR-3006,C500919,cash deposit,1209.5,CAD
CA00006135,2025-01-29,BR031,TLR-6273,C500537,cash deposit,251.97,CAD
CA00002246,2025-01-12,BR012,TLR-7989,C501705,cash withdrawal,716.01,CAD
CA00001362,2025-01-12,BR007,TLR-7797,C502316,cash deposit,460.84,CAD
CA00002872,2025-01-13,BR015,TLR-2749,C501336,cash withdrawal,848.22,CAD
CA00001731,2025-01-27,BR008,TLR-5785,C502315,cash deposit,504.44,CAD
CA00001244,2025-01-26,BR006,TLR-5963,C500458,cash withdrawal,1152.73,CAD
CA00000887,2025-01-11,BR004,TLR-4699,C500221,cash deposit,1460.46,CAD
CA00008573,2025-01-20,BR040,TLR-5874,C502463,cash withdrawal,2273.69,CAD
CA00002342,2025-01-20,BR012,TLR-4639,C501324,cash withdrawal,320.7,CAD
CA00004840,2025-01-21,BR025,TLR-1861,C502177,cash withdrawal,-841.2,CAD
CA00003431,2025-01-11,BR017,TLR-9113,C501004,cash deposit,2334.0,CAD
CA00000434,2025-01-07,BR002,TLR-8237,C500966,cash withdrawal,-703.68,CAD
CA00000853,2025-01-30,BR004,TLR-8228,C502265,cash withdrawal,2300.16,CAD
CA00004264,2025-01-20,BR022,TLR-1278,C503665,cash deposit,2121.42,CAD
CA00002614,2025-01-10,BR014,TLR-2208,C501287,cash withdrawal,4108.58,CAD
CA00003872,2025-01-17,BR019,TLR-6912,C503360,cash withdrawal,2804.72,CAD
CA00004079,2025-01-19,BR021,TLR-4972,C501855,cash deposit,3611.28,CAD
CA00008506,2025-01-05,BR040,TLR-8409,C502083,cash deposit,722.64,CAD
CA00006151,2025-01-10,BR031,TLR-3682,C500128,cash withdrawal,3136.67,CAD
CA00008377,2025-01-21,BR040,TLR-3251,C500749,cash withdrawal,297.99,CAD
CA00000448,2025-01-05,BR002,TLR-2785,C501865,cash deposit,505.16,CAD
CA00003367,2025-01-02,BR017,TLR-4868,C502515,cash withdrawal,1343.36,CAD
CA00001981,2025-01-03,BR010,TLR-3543,C502843,cash deposit,1324.44,CAD
CA00000818,2025-01-09,BR004,TLR-1395,C501355,cash withdrawal,2192.63,CAD
CA00006737,2025-01-17,BR034,TLR-5842,C503667,cash withdrawal,425.21,CAD
CA00005010,2025-01-03,BR026,TLR-6745,C500439,cash deposit,310.91,CAD
CA00006384,2025-01-31,BR032,TLR-1107,C501879,cash withdrawal,342.97,CAD
CA00004997,2025-01-13,BR026,TLR-7483,C503374,cash withdrawal,-627.97,CAD
CA00006616,2025-01-08,BR034,TLR-4247,C502058,cash deposit,1964.85,CAD
CA00001021,2025-01-26,BR004,TLR-8078,C503872,cash withdrawal,2200.19,CAD
CA00000958,2025-01-31,BR004,TLR-7256,C502800,cash deposit,929.87,CAD
CA00006483,2025-01-22,BR033,TLR-6278,C501154,cash withdrawal,360.35,CAD
CA00008209,2025-01-21,BR040,TLR-2461,C500365,cash withdrawal,1142.57,CAD
CA00008380,2025-01-02,BR040,TLR-4298,C500146,cash withdrawal,2633.78,CAD
CA00000750,2025-01-08,BR004,TLR-5779,C501445,cash withdrawal,1216.33,CAD
CA00001524,2025-01-07,BR007,TLR-5702,C502653,cash withdrawal,1230.51,CAD
CA00004751,2025-01-19,BR024,TLR-8742,C502000,cash withdrawal,753.81,CAD
CA00000191,2025-01-24,BR001,TLR-1819,C501266,cash withdrawal,1430.72,CAD
CA00004711,2025-01-29,BR024,TLR-8880,C501239,cash deposit,592.82,CAD
CA00003868,2025-01-28,BR019,TLR-8655,C501446,cash deposit,4690.74,CAD
CA00001251,2025-01-04,BR006,TLR-3130,C503606,cash deposit,1756.28,CAD
CA00001243,2025-01-14,BR006,TLR-4908,C503349,cash deposit,1496.49,CAD
CA00003313,2025-01-01,BR017,TLR-6253,C502781,cash withdrawal,647.38,CAD
CA00006130,2025-01-10,BR031,TLR-7711,C503758,cash deposit,242.82,CAD
CA00005284,2025-01-10,BR027,TLR-1104,C503548,cash deposit,628.61,CAD
CA00002726,2025-01-22,BR015,TLR-5122,C502422,cash deposit,790.51,CAD
CA00000673,2025-01-29,BR003,TLR-8824,C501410,cash deposit,1549.79,CAD
CA00000235,2025-01-22,BR001,TLR-8855,C501578,cash withdrawal,1832.87,CAD
CA00006037,2025-01-20,BR031,TLR-7812,C500443,cash deposit,546.73,CAD
CA00001292,2025-01-24,BR006,TLR-6196,C501008,cash deposit,1001.45,CAD
CA00007927,2025-01-23,BR039,TLR-3616,C502577,cash withdrawal,2501.59,CAD
CA00003308,2025-01-17,BR017,TLR-5861,C502635,cash deposit,1767.69,CAD
CA00005492,2025-01-31,BR028,TLR-7313,C500367,cash withdrawal,1076.14,CAD
CA00007142,2025-01-21,BR036,TLR-7827,C502035,cash deposit,846.72,CAD
CA00008542,2025-01-17,BR040,TLR-9195,C502321,cash withdrawal,324.86,CAD
CA00004939,2025-01-19,BR025,TLR-9666,C502462,cash withdrawal,-1775.42,CAD
CA00007249,2025-01-17,BR036,TLR-7609,C501588,cash deposit,592.64,CAD
CA00008178,2025-01-27,BR040,TLR-5732,C502427,cash withdrawal,2927.66,CAD
CA00006712,2025-01-26,BR034,TLR-2577,C502821,cash withdrawal,1221.26,CAD
CA00008344,2025-01-10,BR040,TLR-4553,C501551,cash withdrawal,605.45,CAD
CA00002836,2025-01-25,BR015,TLR-3805,C503010,cash withdrawal,918.8,CAD
CA00002045,2025-01-09,BR010,TLR-1623,C503313,cash withdrawal,1005.9,CAD
CA00000140,2025-01-23,BR001,TLR-7658,C501482,cash deposit,888.1,CAD
CA00007797,2025-01-28,BR039,TLR-9684,C501421,cash deposit,1584.63,CAD
CA00004787,2025-01-02,BR025,TLR-5200,C503701,cash deposit,3429.56,CAD
CA00002124,2025-01-24,BR011,TLR-4191,C503413,cash withdrawal,762.4,CAD
CA00008418,2025-01-18,BR040,TLR-4037,C501182,cash withdrawal,293.88,CAD
CA00006715,2025-01-05,BR034,TLR-4452,C503258,cash deposit,1939.5,CAD
CA00001314,2025-01-31,BR006,TLR-3809,C502286,cash withdrawal,2344.47,CAD
CA00002964,2025-01-19,BR015,TLR-4276,C500779,cash deposit,853.54,CAD
CA00003772,2025-01-14,BR019,TLR-7297,C500271,cash withdrawal,1092.94,CAD
CA00006568,2025-01-23,BR033,TLR-4625,C500747,cash withdrawal,1050.25,CAD
CA00001440,2025-01-19,BR007,TLR-8869,C503145,cash deposit,2191.99,CAD
CA00006531,2025-01-06,BR033,TLR-6394,C500035,cash withdrawal,1767.13,CAD
CA00003529,2025-01-26,BR018,TLR-4824,C500110,cash withdrawal,542.93,CAD
CA00004288,2025-01-07,BR022,TLR-3804,C502438,cash deposit,1184.1,CAD
CA00004317,2025-01-31,BR022,TLR-2798,C501897,cash withdrawal,587.26,CAD
CA00000263,2025-01-30,BR001,TLR-7730,C500205,cash deposit,3041.15,CAD
CA00005391,2025-01-28,BR027,TLR-3243,C500733,cash withdrawal,995.03,CAD
CA00002278,2025-01-09,BR012,TLR-3182,C502409,cash deposit,459.29,CAD
CA00002911,2025-01-26,BR015,TLR-9768,C501255,cash deposit,1476.25,CAD
CA00006516,2025-01-30,BR033,TLR-8097,C503467,cash withdrawal,1536.51,CAD
CA00000943,2025-01-05,BR004,TLR-8023,C500287,cash deposit,312.1,CAD
CA00004219,2025-01-02,BR021,TLR-6053,C501876,cash withdrawal,723.56,CAD
CA00002777,2025-01-16,BR015,TLR-2192,C502040,cash withdrawal,538.28,CAD
CA00002988,2025-01-03,BR015,TLR-1152,C500504,cash deposit,324.67,CAD
CA00006075,2025-01-21,BR031,TLR-1366,C500765,cash withdrawal,857.98,CAD
CA00004285,2025-01-21,BR022,TLR-4360,C503123,cash withdrawal,260.58,CAD
CA00007022,2025-01-30,BR036,TLR-4413,C500070,cash withdrawal,923.5,CAD
CA00004845,2025-01-05,BR025,TLR-3778,C502618,cash deposit,5575.02,CAD
CA00001423,2025-01-15,BR007,TLR-5591,C501730,cash deposit,522.41,CAD
CA00000492,2025-01-09,BR002,TLR-7355,C500645,cash withdrawal,-1240.35,CAD
CA00008063,2025-01-12,BR040,TLR-6841,C502661,cash withdrawal,935.42,CAD
CA00000674,2025-01-24,BR003,TLR-2730,C500648,cash deposit,303.64,CAD
CA00007062,2025-01-18,BR036,TLR-9924,C502407,cash withdrawal,575.18,CAD
CA00008126,2025-01-13,BR040,TLR-3518,C501425,cash withdrawal,1186.83,CAD
CA00002653,2025-01-23,BR014,TLR-6180,C501293,cash deposit,322.5,CAD
CA00007766,2025-01-25,BR038,TLR-6646,C503940,cash withdrawal,5800.07,CAD
CA00001063,2025-01-28,BR005,TLR-5826,C500852,cash withdrawal,1111.17,CAD
CA00007612,2025-01-25,BR038,TLR-7974,C500466,cash deposit,1449.0,CAD
CA00006729,2025-01-24,BR034,TLR-5783,C502305,cash withdrawal,2220.74,CAD
CA00002468,2025-01-20,BR013,TLR-3571,C500413,cash deposit,1614.79,CAD
CA00003310,2025-01-03,BR017,TLR-3969,C503292,cash withdrawal,1095.34,CAD
CA00003952,2025-01-26,BR020,TLR-2778,C500534,cash deposit,362.42,USD
CA00003587,2025-01-15,BR019,TLR-7456,C500867,cash deposit,582.73,CAD
CA00001983,2025-01-26,BR010,TLR-6370,C502564,cash withdrawal,5092.57,CAD
CA00003621,2025-01-19,BR019,TLR-6694,C500532,cash withdrawal,898.28,CAD
CA00001937,2025-01-08,BR010,TLR-1433,C500463,cash withdrawal,3667.51,CAD
CA00004605,2025-01-30,BR024,TLR-3580,C500878,cash withdrawal,826.42,CAD
CA00001944,2025-01-25,BR010,TLR-4175,C500595,cash deposit,1577.6,CAD
CA00006267,2025-01-10,BR031,TLR-2167,C500684,cash withdrawal,1046.87,CAD
CA00005518,2025-01-08,BR028,TLR-8363,C501381,cash withdrawal,1434.66,CAD
CA00006997,2025-01-23,BR035,TLR-4998,C500883,cash deposit,1012.44,CAD
CA00008396,2025-01-22,BR040,TLR-6315,C503905,cash withdrawal,911.5,CAD
CA00007934,2025-01-16,BR039,TLR-9473,C502025,cash deposit,732.9,CAD
CA00001567,2025-01-28,BR007,TLR-8646,C503050,cash withdrawal,768.65,CAD
CA00000959,2025-01-18,BR004,TLR-5050,C503528,cash withdrawal,562.49,CAD
CA00008155,2025-01-21,BR040,TLR-7449,C500262,cash deposit,3939.7,CAD
CA00005496,2025-01-10,BR028,TLR-6093,C502922,cash withdrawal,200.74,CAD
CA00005373,2025-01-28,BR027,TLR-7651,C502493,cash withdrawal,3185.11,CAD
CA00006411,2025-01-21,BR032,TLR-8665,C502011,cash deposit,936.82,CAD
CA00006413,2025-01-10,BR032,TLR-6079,C501826,cash withdrawal,1133.0,CAD
CA00000755,2025-01-15,BR004,TLR-6164,C500722,cash withdrawal,1258.35,CAD
CA00001476,2025-01-09,BR007,TLR-4363,C500740,cash withdrawal,188.46,CAD
CA00001548,2025-01-05,BR007,TLR-9798,C501172,cash withdrawal,699.74,CAD
CA00000203,2025-01-05,BR001,TLR-1244,C501711,cash withdrawal,1053.62,CAD
CA00002197,2025-01-12,BR012,TLR-6765,C500615,cash withdrawal,1036.41,CAD
CA00000897,2025-01-23,BR004,TLR-8186,C500038,cash deposit,494.76,CAD
CA00005488,2025-01-02,BR028,TLR-4703,C500961,cash withdrawal,400.03,CAD
CA00007687,2025-01-20,BR038,TLR-6447,C500220,cash deposit,449.91,CAD
CA00000386,2025-01-23,BR002,TLR-7045,C500108,cash deposit,1058.97,CAD
CA00001893,2025-01-11,BR009,TLR-9824,C500368,cash deposit,522.86,CAD
CA00005901,2025-01-25,BR030,TLR-4823,C500899,cash withdrawal,223.57,CAD
CA00006533,2025-01-27,BR033,TLR-6277,C500102,cash deposit,672.6,CAD
CA00000537,2025-01-23,BR002,TLR-9143,C502175,cash deposit,804.14,CAD
CA00005550,2025-01-20,BR028,TLR-6836,C503056,cash deposit,875.72,CAD
CA00002735,2025-01-29,BR015,TLR-1115,C503319,cash withdrawal,1230.31,CAD
CA00004879,2025-01-20,BR025,TLR-7322,C503523,cash withdrawal,-571.23,CAD
CA00000860,2025-01-26,BR004,TLR-6227,C503896,cash withdrawal,527.09,CAD
CA00008538,2025-01-05,BR040,TLR-2409,C500246,cash withdrawal,1309.51,CAD
CA00001443,2025-01-21,BR007,TLR-3327,C502782,cash withdrawal,668.84,CAD
CA00003126,2025-01-04,BR016,TLR-5172,C502739,cash deposit,970.13,CAD
CA00000257,2025-01-17,BR001,TLR-3322,C501577,cash deposit,551.15,CAD
CA00005054,2025-01-22,BR026,TLR-3911,C500209,cash withdrawal,-402.45,CAD
CA00004543,2025-01-26,BR024,TLR-5159,C502400,cash deposit,3346.46,CAD
CA00004488,2025-01-02,BR024,TLR-6442,C502859,cash withdrawal,629.0,CAD
CA00003334,2025-01-24,BR017,TLR-8723,C501764,cash deposit,2035.4,CAD
CA00003375,2025-01-16,BR017,TLR-8163,C503518,cash withdrawal,562.53,CAD
CA00006593,2025-01-28,BR033,TLR-8179,C501967,cash withdrawal,1719.95,CAD
CA00000719,2025-01-20,BR003,TLR-5204,C501304,cash withdrawal,1273.04,CAD
CA00001597,2025-01-25,BR008,TLR-1462,C500966,cash withdrawal,901.55,CAD
CA00005196,2025-01-25,BR026,TLR-6035,C500157,cash withdrawal,-937.89,CAD
CA00004055,2025-01-19,BR020,TLR-3063,C502185,cash deposit,486.19,USD
CA00006283,2025-01-13,BR032,TLR-5406,C503819,cash deposit,760.85,CAD
CA00004163,2025-01-03,BR021,TLR-1457,C503540,cash withdrawal,1329.08,CAD
CA00006788,2025-01-04,BR035,TLR-9441,C500085,cash deposit,1166.03,CAD
CA00008105,2025-01-19,BR040,TLR-3922,C503951,cash withdrawal,460.39,CAD
CA00001004,2025-01-30,BR004,TLR-4434,C501718,cash deposit,540.87,CAD
CA00004574,2025-01-20,BR024,TLR-8154,C501954,cash deposit,725.85,CAD
CA00007750,2025-01-14,BR038,TLR-4739,C501334,cash deposit,1029.41,CAD
CA00003365,2025-01-06,BR017,TLR-3464,C503202,cash deposit,817.01,CAD
CA00004006,2025-01-14,BR020,TLR-6453,C501548,cash deposit,1447.05,USD
CA00007799,2025-01-05,BR039,TLR-1039,C500608,cash withdrawal,453.41,CAD
CA00006738,2025-01-05,BR034,TLR-1745,C502698,cash deposit,472.16,CAD
CA00002025,2025-01-13,BR010,TLR-5402,C503135,cash withdrawal,362.42,CAD
CA00007196,2025-01-07,BR036,TLR-1398,C502805,cash deposit,798.32,CAD
CA00000553,2025-01-12,BR003,TLR-7643,C503327,cash deposit,787.44,CAD
CA00006514,2025-01-21,BR033,TLR-7751,C501982,cash deposit,3196.05,CAD
CA00000272,2025-01-23,BR001,TLR-9667,C502693,cash withdrawal,845.85,CAD
CA00000833,2025-01-30,BR004,TLR-3502,C502074,cash withdrawal,1060.16,CAD
CA00000297,2025-01-21,BR001,TLR-3323,C500127,cash deposit,287.3,CAD
CA00004642,2025-01-26,BR024,TLR-7871,C502748,cash withdrawal,925.32,CAD
CA00003812,2025-01-23,BR019,TLR-4473,C500275,cash deposit,315.96,CAD
CA00006109,2025-01-26,BR031,TLR-6782,C500705,cash deposit,739.38,CAD
CA00006714,2025-01-03,BR034,TLR-4512,C500234,cash deposit,194.65,CAD
CA00004064,2025-01-24,BR020,TLR-9616,C503786,cash withdrawal,690.32,USD
CA00000509,2025-01-19,BR002,TLR-9401,C501029,cash withdrawal,-1212.16,CAD
CA00000364,2025-01-11,BR002,TLR-3203,C500028,cash withdrawal,-640.73,CAD
CA00001890,2025-01-30,BR009,TLR-4791,C501565,cash withdrawal,2729.51,CAD
CA00000320,2025-01-08,BR001,TLR-7041,C501749,cash withdrawal,848.87,CAD
CA00002128,2025-01-21,BR011,TLR-2896,C502936,cash withdrawal,2369.25,CAD
CA00007566,2025-01-22,BR037,TLR-1792,C502652,cash withdrawal,1303.21,CAD
CA00000793,2025-01-26,BR004,TLR-2206,C501690,cash withdrawal,1403.12,CAD
CA00008353,2025-01-16,BR040,TLR-4349,C500441,cash deposit,1042.9,CAD
CA00006656,2025-01-12,BR034,TLR-3661,C503124,cash withdrawal,3855.48,CAD
CA00000366,2025-01-09,BR002,TLR-8791,C503441,cash deposit,2236.81,CAD
CA00003118,2025-01-03,BR016,TLR-1678,C501811,cash deposit,1176.32,CAD
CA00000046,2025-01-14,BR001,TLR-3433,C502236,cash withdrawal,1065.26,CAD
CA00003724,2025-01-09,BR019,TLR-5985,C503614,cash withdrawal,1353.79,CAD
CA00002529,2025-01-18,BR014,TLR-2174,C502643,cash withdrawal,460.83,CAD
CA00006338,2025-01-10,BR032,TLR-9481,C501263,cash withdrawal,1899.86,CAD
CA00001193,2025-01-30,BR006,TLR-5948,C502984,cash deposit,486.8,CAD
CA00008150,2025-01-08,BR040,TLR-4527,C501683,cash withdrawal,1868.12,CAD
CA00000574,2025-01-01,BR003,TLR-4844,C503513,cash deposit,635.29,CAD
CA00003055,2025-01-24,BR016,TLR-6553,C503666,cash deposit,2429.54,CAD
CA00008179,2025-01-05,BR040,TLR-7956,C502151,cash deposit,1310.65,CAD
CA00000440,2025-01-14,BR002,TLR-1351,C503761,cash deposit,728.3,CAD
CA00003995,2025-01-02,BR020,TLR-2575,C503343,cash withdrawal,1253.49,USD
CA00000108,2025-01-11,BR001,TLR-9675,C501558,cash withdrawal,836.21,CAD
CA00004738,2025-01-13,BR024,TLR-1985,C502395,cash deposit,853.86,CAD
CA00008025,2025-01-22,BR040,TLR-4210,C501139,cash withdrawal,747.54,CAD
CA00005181,2025-01-17,BR026,TLR-5091,C503974,cash withdrawal,-1433.72,CAD
CA00003215,2025-01-07,BR017,TLR-1643,C503288,cash deposit,551.26,CAD
CA00004907,2025-01-16,BR025,TLR-3839,C500835,cash deposit,1613.24,CAD
CA00002734,2025-01-10,BR015,TLR-5025,C500601,cash deposit,588.42,CAD
CA00000567,2025-01-07,BR003,TLR-9866,C501465,cash deposit,2564.43,CAD
CA00053282,2025-01-21,BR009,TLR-6321,W984799,cash deposit,239.89,CAD
CA00005068,2025-01-27,BR026,TLR-9985,C501296,cash withdrawal,-1937.92,CAD
CA00007939,2025-01-31,BR039,TLR-8883,C502846,cash withdrawal,807.4,CAD
CA00004016,2025-01-10,BR020,TLR-3327,C501813,cash withdrawal,315.82,USD
CA00008631,2025-01-30,BR040,TLR-7109,C501796,cash withdrawal,752.32,CAD
CA00003340,2025-01-28,BR017,TLR-2276,C503132,cash withdrawal,1076.42,CAD
CA00004833,2025-01-13,BR025,TLR-3226,C503772,cash withdrawal,-844.61,CAD
CA00003048,2025-01-07,BR016,TLR-9358,C502032,cash deposit,319.25,CAD
CA00008642,2025-01-01,BR040,TLR-2565,C501587,cash deposit,889.63,CAD
CA00002141,2025-01-14,BR011,TLR-4702,C501347,cash withdrawal,703.39,CAD
CA00005506,2025-01-18,BR028,TLR-9537,C503188,cash deposit,953.76,CAD
CA00002534,2025-01-15,BR014,TLR-7230,C503936,cash deposit,1089.05,CAD
CA00000797,2025-01-12,BR004,TLR-4544,C503463,cash deposit,2958.95,CAD
CA00003208,2025-01-21,BR017,TLR-9669,C503704,cash deposit,1342.4,CAD
CA00000999,2025-01-11,BR004,TLR-6015,C500862,cash deposit,382.77,CAD
CA00008576,2025-01-09,BR040,TLR-3672,C503862,cash withdrawal,168.2,CAD
CA00004207,2025-01-18,BR021,TLR-2805,C500491,cash deposit,439.35,CAD
CA00007376,2025-01-13,BR037,TLR-6141,C500458,cash deposit,2639.93,CAD
CA00004167,2025-01-26,BR021,TLR-8677,C503381,cash deposit,921.13,CAD
CA00004843,2025-01-14,BR025,TLR-9610,C503345,cash deposit,1055.71,CAD
CA00001887,2025-01-11,BR009,TLR-7680,C501638,cash deposit,930.72,CAD
CA00002604,2025-01-19,BR014,TLR-4197,C501269,cash deposit,658.69,CAD
CA00001525,2025-01-27,BR007,TLR-2585,C502625,cash withdrawal,723.17,CAD
CA00005604,2025-01-21,BR029,TLR-1334,C503380,cash deposit,622.75,CAD
CA00005490,2025-01-17,BR028,TLR-8226,C503415,cash withdrawal,2096.15,CAD
CA00004420,2025-01-22,BR023,TLR-8819,C501744,cash withdrawal,523.06,CAD
CA00000281,2025-01-02,BR001,TLR-7723,C502785,cash withdrawal,1359.05,CAD
CA00001708,2025-01-08,BR008,TLR-2127,C503716,cash deposit,1412.66,CAD
CA00000041,2025-01-08,BR001,TLR-5004,C502091,cash withdrawal,1752.88,CAD
CA00008441,2025-01-27,BR040,TLR-8232,C501742,cash withdrawal,1988.29,CAD
CA00003509,2025-01-22,BR018,TLR-7878,C500914,cash deposit,2101.46,CAD
CA00008097,2025-01-01,BR040,TLR-1790,C502024,cash deposit,332.92,CAD
CA00004741,2025-01-16,BR024,TLR-5540,C500441,cash deposit,311.2,CAD
CA00001109,2025-01-15,BR006,TLR-1061,C503193,cash withdrawal,1611.77,CAD
CA00001447,2025-01-13,BR007,TLR-8559,C500364,cash deposit,2156.99,CAD
CA00007255,2025-01-20,BR036,TLR-3180,C503081,cash deposit,1347.71,CAD
CA00004663,2025-01-09,BR024,TLR-6646,C503601,cash deposit,286.84,CAD
CA00006376,2025-01-14,BR032,TLR-1498,C502425,cash withdrawal,1209.0,CAD
CA00004929,2025-01-13,BR025,TLR-4499,C500995,cash deposit,1220.2,CAD
CA00005084,2025-01-18,BR026,TLR-9151,C500486,cash deposit,621.59,CAD
CA00007691,2025-01-16,BR038,TLR-8853,C500256,cash deposit,220.11,CAD
CA00008108,2025-01-05,BR040,TLR-4923,C501311,cash deposit,1340.08,CAD
CA00005580,2025-01-31,BR029,TLR-3573,C501706,cash withdrawal,537.67,CAD
CA00005100,2025-01-29,BR026,TLR-8311,C502180,cash deposit,1208.19,CAD
CA00003655,2025-01-28,BR019,TLR-1653,C500260,cash deposit,981.91,CAD
CA00001821,2025-01-14,BR009,TLR-4540,C503334,cash deposit,628.09,CAD
CA00004187,2025-01-28,BR021,TLR-3735,C502230,cash withdrawal,694.37,CAD
CA00004076,2025-01-11,BR020,TLR-4621,C501958,cash withdrawal,806.56,USD
CA00004152,2025-01-10,BR021,TLR-3133,C502654,cash deposit,1110.62,CAD
CA00008630,2025-01-07,BR040,TLR-3030,C500079,cash deposit,514.22,CAD
CA00005984,2025-01-20,BR030,TLR-8409,C501662,cash deposit,1175.73,CAD
CA00002323,2025-01-12,BR012,TLR-8775,C502017,cash withdrawal,294.43,CAD
CA00004724,2025-01-07,BR024,TLR-6874,C502750,cash deposit,341.81,CAD
CA00007548,2025-01-31,BR037,TLR-1654,C500942,cash deposit,2119.52,CAD
CA00000575,2025-01-21,BR003,TLR-9678,C500162,cash withdrawal,565.63,CAD
CA00000085,2025-01-21,BR001,TLR-7202,C501232,cash withdrawal,1777.01,CAD
CA00008120,2025-01-07,BR040,TLR-4628,C500136,cash withdrawal,1300.39,CAD
CA00003658,2025-01-11,BR019,TLR-7765,C501272,cash deposit,490.81,CAD
CA00004319,2025-01-06,BR022,TLR-4901,C502837,cash withdrawal,834.5,CAD
CA00001913,2025-01-10,BR009,TLR-9058,C501691,cash deposit,383.23,CAD
CA00004865,2025-01-11,BR025,TLR-7231,C500487,cash deposit,3634.64,CAD
CA00002965,2025-01-09,BR015,TLR-7849,C502704,cash deposit,553.87,CAD
CA00006275,2025-01-08,BR031,TLR-9978,C501326,cash withdrawal,1293.25,CAD
CA00000258,2025-01-29,BR001,TLR-5143,C501047,cash deposit,645.56,CAD
CA00007100,2025-01-12,BR036,TLR-4832,C503364,cash deposit,1396.57,CAD
CA00002928,2025-01-18,BR015,TLR-9122,C502572,cash deposit,601.22,CAD
CA00006535,2025-01-09,BR033,TLR-3988,C500439,cash deposit,1838.07,CAD
CA00001079,2025-01-09,BR005,TLR-7668,C503092,cash withdrawal,896.64,CAD
CA00002204,2025-01-19,BR012,TLR-2713,C500370,cash deposit,1652.02,CAD
CA00007188,2025-01-06,BR036,TLR-9485,C502139,cash withdrawal,880.12,CAD
CA00004154,2025-01-26,BR021,TLR-8168,C501759,cash deposit,1967.36,CAD
CA00005146,2025-01-19,BR026,TLR-3308,C501965,cash withdrawal,-1075.7,CAD
CA00004548,2025-01-12,BR024,TLR-7944,C500102,cash deposit,1974.89,CAD
CA00008662,2025-01-23,BR040,TLR-3667,C501794,cash deposit,671.77,CAD
CA00006688,2025-01-31,BR034,TLR-8016,C503330,cash deposit,3037.32,CAD
CA00007961,2025-01-20,BR039,TLR-8790,C502733,cash withdrawal,602.31,CAD
CA00004538,2025-01-15,BR024,TLR-3721,C503691,cash withdrawal,1392.34,CAD
CA00007910,2025-01-03,BR039,TLR-3913,C502315,cash deposit,2836.06,CAD
CA00008337,2025-01-08,BR040,TLR-4957,C501985,cash withdrawal,363.31,CAD
CA00003221,2025-01-13,BR017,TLR-3224,C501057,cash deposit,1747.12,CAD
CA00006321,2025-01-28,BR032,TLR-6376,C503276,cash deposit,382.64,CAD
CA00007891,2025-01-29,BR039,TLR-1535,C500288,cash deposit,717.15,CAD
CA00001157,2025-01-17,BR006,TLR-5850,C501841,cash withdrawal,2954.23,CAD
CA00000846,2025-01-14,BR004,TLR-2939,C501491,cash withdrawal,2157.4,CAD
CA00001309,2025-01-15,BR006,TLR-5222,C501005,cash withdrawal,606.79,CAD
CA00007562,2025-01-18,BR037,TLR-7382,C503718,cash deposit,793.04,CAD
CA00003332,2025-01-01,BR017,TLR-4878,C502663,cash deposit,627.33,CAD
CA00006711,2025-01-28,BR034,TLR-1968,C502592,cash withdrawal,736.97,CAD
CA00001099,2025-01-05,BR006,TLR-9179,C501642,cash deposit,2013.71,CAD
CA00004878,2025-01-31,BR025,TLR-5472,C502206,cash deposit,1249.74,CAD
CA00000936,2025-01-26,BR004,TLR-6101,C502460,cash withdrawal,3613.95,CAD
CA00005020,2025-01-26,BR026,TLR-5587,C503891,cash withdrawal,-109.48,CAD
CA00003105,2025-01-23,BR016,TLR-2550,C502233,cash withdrawal,2403.52,CAD
CA00002044,2025-01-12,BR010,TLR-5416,C500839,cash withdrawal,768.39,CAD
CA00000323,2025-01-05,BR002,TLR-5500,C502719,cash deposit,1276.55,CAD
CA00003567,2025-01-14,BR018,TLR-7722,C501787,cash deposit,1263.6,CAD
CA00005522,2025-01-08,BR028,TLR-9048,C502038,cash deposit,3698.11,CAD
CA00003383,2025-01-06,BR017,TLR-3171,C501499,cash deposit,1458.69,CAD
CA00004325,2025-01-21,BR023,TLR-3600,C503523,cash withdrawal,1036.88,CAD
CA00006645,2025-01-02,BR034,TLR-1021,C502163,cash withdrawal,323.36,CAD
CA00004406,2025-01-25,BR023,TLR-8486,C500850,cash withdrawal,1297.85,CAD
CA00007457,2025-01-30,BR037,TLR-6927,C503941,cash deposit,1003.91,CAD
CA00004178,2025-01-03,BR021,TLR-5952,C502239,cash withdrawal,941.17,CAD
CA00003516,2025-01-02,BR018,TLR-5074,C502676,cash deposit,719.71,CAD
CA00001145,2025-01-26,BR006,TLR-2419,C502998,cash deposit,1027.73,CAD
CA00000209,2025-01-22,BR001,TLR-6100,C503180,cash withdrawal,549.77,CAD
CA00007248,2025-01-05,BR036,TLR-9183,C503295,cash deposit,445.1,CAD
CA00005319,2025-01-02,BR027,TLR-4798,C500239,cash deposit,1382.13,CAD
CA00001974,2025-01-06,BR010,TLR-6652,C500986,cash deposit,758.54,CAD
CA00006179,2025-01-28,BR031,TLR-4277,C503861,cash withdrawal,576.16,CAD
CA00008275,2025-01-28,BR040,TLR-5061,C501831,cash deposit,1259.75,CAD
CA00004413,2025-01-01,BR023,TLR-2136,C503859,cash deposit,1494.89,CAD
CA00003033,2025-01-26,BR016,TLR-9258,C500794,cash deposit,1567.41,CAD
CA00007119,2025-01-07,BR036,TLR-2451,C501115,cash deposit,2531.83,CAD
CA00004905,2025-01-24,BR025,TLR-7761,C503875,cash withdrawal,-1329.18,CAD
CA00000981,2025-01-01,BR004,TLR-8463,C502875,cash withdrawal,4791.7,CAD
CA00008090,2025-01-07,BR040,TLR-8642,C500982,cash deposit,2597.66,CAD
CA00004881,2025-01-13,BR025,TLR-7722,C501278,cash withdrawal,-1470.95,CAD
CA00002577,2025-01-06,BR014,TLR-5213,C500228,cash deposit,1261.73,CAD
CA00001200,2025-01-08,BR006,TLR-9406,C500897,cash deposit,2436.25,CAD
CA00000857,2025-01-25,BR004,TLR-4133,C503105,cash withdrawal,1018.75,CAD
CA00006150,2025-01-30,BR031,TLR-5550,C500084,cash deposit,2089.82,CAD
CA00006329,2025-01-30,BR032,TLR-2798,C500468,cash deposit,1474.0,CAD
CA00000301,2025-01-06,BR001,TLR-8881,C500002,cash withdrawal,615.63,CAD
CA00000211,2025-01-06,BR001,TLR-2764,C501765,cash deposit,1109.25,CAD
CA00001758,2025-01-08,BR008,TLR-2152,C502302,cash withdrawal,374.0,CAD
CA00005192,2025-01-18,BR026,TLR-7093,C500345,cash deposit,1478.62,CAD
CA00004095,2025-01-03,BR021,TLR-4182,C502666,cash withdrawal,5727.09,CAD
CA00006765,2025-01-29,BR034,TLR-6027,C500912,cash deposit,1443.51,CAD
CA00005382,2025-01-26,BR027,TLR-8721,C500532,cash withdrawal,1037.54,CAD
CA00006542,2025-01-24,BR033,TLR-3415,C500752,cash deposit,1636.85,CAD
CA00005787,2025-01-04,BR030,TLR-1977,C501611,cash deposit,745.85,CAD
CA00000385,2025-01-30,BR002,TLR-7029,C501684,cash withdrawal,-1398.05,CAD
CA00001165,2025-01-21,BR006,TLR-5574,C500134,cash withdrawal,502.85,CAD
CA00003347,2025-01-04,BR017,TLR-2210,C501139,cash deposit,821.16,CAD
CA00006672,2025-01-24,BR034,TLR-7875,C501800,cash deposit,796.91,CAD
CA00000099,2025-01-01,BR001,TLR-9494,C500576,cash deposit,1012.78,CAD
CA00007176,2025-01-15,BR036,TLR-4066,C502086,cash withdrawal,811.66,CAD
CA00003585,2025-01-02,BR019,TLR-7769,C500333,cash deposit,495.72,CAD
CA00001341,2025-01-04,BR006,TLR-2556,C502118,cash deposit,1499.73,CAD
CA00008355,2025-01-26,BR040,TLR-9649,C502352,cash deposit,286.77,CAD
CA00002090,2025-01-30,BR011,TLR-5348,C502840,cash withdrawal,1585.7,CAD
CA00004910,2025-01-12,BR025,TLR-1803,C502785,cash withdrawal,-1550.74,CAD
CA00003837,2025-01-02,BR019,TLR-9855,C503274,cash withdrawal,1294.39,CAD
CA00005306,2025-01-08,BR027,TLR-2524,C500209,cash withdrawal,1467.29,CAD
CA00003287,2025-01-03,BR017,TLR-4182,C501785,cash withdrawal,1691.8,CAD
CA00005612,2025-01-22,BR029,TLR-4717,C503739,cash withdrawal,405.22,CAD
CA00008211,2025-01-26,BR040,TLR-2171,C503713,cash deposit,1357.96,CAD
CA00000117,2025-01-24,BR001,TLR-9234,C503966,cash deposit,6846.83,CAD
CA00006970,2025-01-23,BR035,TLR-2171,C501641,cash deposit,2596.47,CAD
CA00003241,2025-01-06,BR017,TLR-9605,C500181,cash withdrawal,784.31,CAD
CA00000271,2025-01-09,BR001,TLR-4893,C501530,cash withdrawal,1701.46,CAD
CA00007335,2025-01-09,BR037,TLR-2516,C502099,cash deposit,307.09,CAD
CA00003339,2025-01-19,BR017,TLR-5072,C500249,cash withdrawal,685.21,CAD
CA00002722,2025-01-26,BR015,TLR-9885,C503183,cash withdrawal,1676.59,CAD
CA00001349,2025-01-23,BR006,TLR-8938,C503250,cash withdrawal,1676.2,CAD
CA00003737,2025-01-02,BR019,TLR-9610,C500354,cash withdrawal,5514.03,CAD
CA00003917,2025-01-27,BR020,TLR-3930,C503897,cash deposit,1805.87,USD
CA00003867,2025-01-05,BR019,TLR-8319,C503290,cash deposit,1506.45,CAD
CA00004872,2025-01-04,BR025,TLR-9757,C500363,cash withdrawal,-2089.93,CAD
CA00005482,2025-01-26,BR028,TLR-8901,C500457,cash withdrawal,837.38,CAD
CA00004278,2025-01-26,BR022,TLR-9311,C501585,cash withdrawal,597.86,CAD
CA00003871,2025-01-19,BR019,TLR-5230,C503183,cash deposit,966.61,CAD
CA00002014,2025-01-25,BR010,TLR-5576,C503191,cash withdrawal,498.27,CAD
CA00007181,2025-01-30,BR036,TLR-2323,C503640,cash withdrawal,936.82,CAD
CA00006700,2025-01-17,BR034,TLR-8806,C500118,cash withdrawal,906.98,CAD
CA00002513,2025-01-07,BR014,TLR-1466,C502028,cash deposit,684.97,CAD
CA00005443,2025-01-18,BR028,TLR-7796,C500140,cash withdrawal,3469.44,CAD
CA00007729,2025-01-26,BR038,TLR-6425,C501138,cash deposit,712.86,CAD
CA00006369,2025-01-22,BR032,TLR-2344,C502793,cash withdrawal,1251.5,CAD
CA00003598,2025-01-03,BR019,TLR-1453,C501687,cash withdrawal,3017.16,CAD
CA00007692,2025-01-23,BR038,TLR-1928,C503212,cash deposit,409.83,CAD
CA00007542,2025-01-08,BR037,TLR-7318,C500968,cash deposit,742.89,CAD
CA00006286,2025-01-17,BR032,TLR-3893,C502959,cash deposit,918.97,CAD
CA00008666,2025-01-15,BR040,TLR-5582,C501851,cash deposit,2854.58,CAD
CA00001123,2025-01-09,BR006,TLR-8297,C502911,cash deposit,1622.74,CAD
CA00008557,2025-01-16,BR040,TLR-1992,C503792,cash withdrawal,1172.33,CAD
CA00008468,2025-01-24,BR040,TLR-3092,C501745,cash withdrawal,1043.35,CAD
CA00006808,2025-01-13,BR035,TLR-2435,C503826,cash withdrawal,484.48,CAD
CA00000156,2025-01-03,BR001,TLR-9034,C502284,cash withdrawal,1555.69,CAD
CA00007246,2025-01-24,BR036,TLR-5379,C502490,cash deposit,2249.79,CAD
CA00007835,2025-01-16,BR039,TLR-5599,C502618,cash withdrawal,441.93,CAD
CA00005567,2025-01-10,BR029,TLR-1911,C500837,cash withdrawal,688.24,CAD
CA00008519,2025-01-06,BR040,TLR-4677,C500855,cash deposit,748.88,CAD
CA00003178,2025-01-16,BR016,TLR-4781,C500512,cash withdrawal,1543.53,CAD
CA00004437,2025-01-07,BR023,TLR-7567,C503204,cash withdrawal,1684.79,CAD
CA00001236,2025-01-22,BR006,TLR-1699,C502509,cash withdrawal,1793.71,CAD
CA00002450,2025-01-15,BR013,TLR-3883,C502555,cash withdrawal,879.45,CAD
CA00006957,2025-01-05,BR035,TLR-9598,C503719,cash deposit,1181.69,CAD
CA00002331,2025-01-19,BR012,TLR-8141,C501912,cash deposit,431.47,CAD
CA00001898,2025-01-22,BR009,TLR-7856,C503062,cash withdrawal,1752.37,CAD
CA00005213,2025-01-03,BR026,TLR-6927,C503800,cash deposit,477.51,CAD
CA00008048,2025-01-30,BR040,TLR-8565,C503576,cash deposit,1888.53,CAD
CA00001404,2025-01-23,BR007,TLR-5426,C501490,cash deposit,1751.31,CAD
CA00004612,2025-01-23,BR024,TLR-4878,C502034,cash withdrawal,417.48,CAD
CA00001373,2025-01-03,BR007,TLR-1992,C501677,cash withdrawal,257.71,CAD
CA00003510,2025-01-29,BR018,TLR-3059,C502559,cash deposit,1502.58,CAD
CA00001681,2025-01-10,BR008,TLR-7810,C501655,cash withdrawal,1626.67,CAD
CA00000314,2025-01-25,BR001,TLR-6162,C501524,cash deposit,1075.61,CAD
CA00001963,2025-01-01,BR010,TLR-8026,C502854,cash deposit,1858.18,CAD
CA00006406,2025-01-27,BR032,TLR-6765,C501746,cash withdrawal,171.91,CAD
CA00004593,2025-01-11,BR024,TLR-3424,C501939,cash deposit,478.12,CAD
CA00006891,2025-01-07,BR035,TLR-3182,C500339,cash withdrawal,778.04,CAD
CA00008056,2025-01-19,BR040,TLR-1474,C501712,cash deposit,780.41,CAD
CA00006454,2025-01-15,BR033,TLR-4776,C502874,cash deposit,166.75,CAD
CA00002807,2025-01-15,BR015,TLR-6103,C503787,cash deposit,882.68,CAD
CA00007379,2025-01-29,BR037,TLR-3428,C501210,cash deposit,650.39,CAD
CA00007403,2025-01-22,BR037,TLR-9305,C500219,cash deposit,910.66,CAD
CA00004291,2025-01-16,BR022,TLR-9082,C502554,cash withdrawal,874.58,CAD
CA00006041,2025-01-05,BR031,TLR-3749,C501879,cash withdrawal,1969.16,CAD
CA00003763,2025-01-17,BR019,TLR-3061,C502350,cash deposit,487.63,CAD
CA00003422,2025-01-04,BR017,TLR-3007,C500287,cash deposit,727.66,CAD
CA00000335,2025-01-20,BR002,TLR-6115,C503142,cash deposit,1198.19,CAD
CA00008416,2025-01-18,BR040,TLR-1195,C503864,cash withdrawal,1057.57,CAD
CA00003652,2025-01-20,BR019,TLR-6272,C503034,cash deposit,1602.12,CAD
CA00000154,2025-01-28,BR001,TLR-8889,C500894,cash deposit,510.82,CAD
CA00001158,2025-01-28,BR006,TLR-3223,C500404,cash withdrawal,1408.52,CAD
CA00008544,2025-01-05,BR040,TLR-4042,C502504,cash deposit,1921.64,CAD
CA00008408,2025-01-06,BR040,TLR-3634,C501970,cash deposit,266.43,CAD
CA00007950,2025-01-17,BR039,TLR-5129,C502926,cash deposit,1189.05,CAD
CA00004279,2025-01-20,BR022,TLR-8887,C503074,cash withdrawal,1224.5,CAD
CA00001643,2025-01-02,BR008,TLR-3084,C502072,cash deposit,1305.87,CAD
CA00004066,2025-01-19,BR020,TLR-3101,C502685,cash withdrawal,222.94,USD
CA00008061,2025-01-22,BR040,TLR-9891,C503721,cash deposit,2133.41,CAD
CA00001528,2025-01-05,BR007,TLR-8700,C500307,cash withdrawal,445.69,CAD
CA00007149,2025-01-13,BR036,TLR-1521,C503284,cash deposit,869.66,CAD
CA00007422,2025-01-31,BR037,TLR-9975,C502588,cash withdrawal,1302.33,CAD
CA00002774,2025-01-22,BR015,TLR-9440,C502789,cash deposit,1158.78,CAD
CA00000993,2025-01-23,BR004,TLR-5155,C503780,cash deposit,2039.37,CAD
CA00005087,2025-01-06,BR026,TLR-4596,C502391,cash deposit,495.99,CAD
CA00001587,2025-01-09,BR008,TLR-8709,C500342,cash withdrawal,683.56,CAD
CA00002285,2025-01-25,BR012,TLR-5175,C502385,cash withdrawal,346.31,CAD
CA00006523,2025-01-15,BR033,TLR-5056,C501198,cash deposit,2111.62,CAD
CA00006282,2025-01-29,BR032,TLR-4743,C501661,cash withdrawal,2584.59,CAD
CA00001461,2025-01-30,BR007,TLR-6331,C503660,cash withdrawal,1467.7,CAD
CA00006326,2025-01-12,BR032,TLR-3697,C503727,cash deposit,1872.11,CAD
CA00003609,2025-01-28,BR019,TLR-5349,C500032,cash deposit,1331.25,CAD
CA00002400,2025-01-30,BR013,TLR-5172,C502464,cash deposit,1671.07,CAD
CA00003824,2025-01-02,BR019,TLR-9957,C502122,cash withdrawal,221.54,CAD
CA00002322,2025-01-04,BR012,TLR-6300,C502201,cash withdrawal,548.51,CAD
CA00002452,2025-01-05,BR013,TLR-9338,C501440,cash withdrawal,2971.71,CAD
CA00003006,2025-01-12,BR016,TLR-4563,C503512,cash deposit,499.58,CAD
CA00002634,2025-01-14,BR014,TLR-1668,C503283,cash withdrawal,776.01,CAD
CA00000024,2025-01-01,BR001,TLR-6841,C501511,cash withdrawal,749.98,CAD
CA00006680,2025-01-09,BR034,TLR-1425,C503815,cash withdrawal,480.99,CAD
CA00006504,2025-01-30,BR033,TLR-5564,C502942,cash deposit,534.12,CAD
CA00003875,2025-01-10,BR019,TLR-3705,C501261,cash deposit,706.21,CAD
CA00002138,2025-01-18,BR011,TLR-1734,C500587,cash withdrawal,644.45,CAD
CA00003120,2025-01-17,BR016,TLR-7972,C500638,cash deposit,1300.71,CAD
CA00005167,2025-01-06,BR026,TLR-9055,C501792,cash deposit,707.29,CAD
CA00005117,2025-01-22,BR026,TLR-4549,C500841,cash withdrawal,-326.81,CAD
CA00008569,2025-01-14,BR040,TLR-2734,C501496,cash deposit,657.89,CAD
CA00006367,2025-01-31,BR032,TLR-8766,C503147,cash withdrawal,2030.63,CAD
CA00001074,2025-01-06,BR005,TLR-5316,C503164,cash deposit,4886.14,CAD
CA00000605,2025-01-23,BR003,TLR-4212,C501800,cash deposit,1053.76,CAD
CA00006845,2025-01-24,BR035,TLR-8250,C502258,cash withdrawal,299.3,CAD
CA00003661,2025-01-21,BR019,TLR-8732,C500583,cash deposit,497.47,CAD
CA00004924,2025-01-18,BR025,TLR-5245,C502212,cash withdrawal,-411.66,CAD
CA00000018,2025-01-06,BR001,TLR-6478,C500719,cash deposit,2250.52,CAD
CA00003390,2025-01-15,BR017,TLR-4891,C500588,cash deposit,1132.67,CAD
CA00004801,2025-01-11,BR025,TLR-3378,C503117,cash deposit,726.53,CAD
CA00006934,2025-01-04,BR035,TLR-3106,C500355,cash deposit,684.36,CAD
CA00002620,2025-01-03,BR014,TLR-5963,C503467,cash withdrawal,321.93,CAD
CA00000624,2025-01-26,BR003,TLR-4270,C501324,cash deposit,443.12,CAD
CA00003908,2025-01-07,BR020,TLR-5566,C503579,cash withdrawal,736.03,USD
CA00002275,2025-01-28,BR012,TLR-7548,C503589,cash deposit,1656.93,CAD
CA00004499,2025-01-15,BR024,TLR-7638,C502458,cash withdrawal,913.89,CAD
CA00003379,2025-01-29,BR017,TLR-5542,C501839,cash withdrawal,5867.53,CAD
CA00008456,2025-01-28,BR040,TLR-3177,C503817,cash withdrawal,646.82,CAD
CA00000564,2025-01-29,BR003,TLR-9440,C501983,cash deposit,1162.27,CAD
CA00007213,2025-01-09,BR036,TLR-2963,C502369,cash withdrawal,342.84,CAD
CA00006790,2025-01-21,BR035,TLR-3352,C501421,cash withdrawal,1930.95,CAD
CA00007373,2025-01-23,BR037,TLR-4193,C502854,cash deposit,1403.35,CAD
CA00000383,2025-01-11,BR002,TLR-8516,C501457,cash deposit,346.82,CAD
CA00001222,2025-01-19,BR006,TLR-3785,C501283,cash deposit,784.05,CAD
CA00001308,2025-01-26,BR006,TLR-5232,C502506,cash deposit,270.71,CAD
CA00002198,2025-01-09,BR012,TLR-1374,C500341,cash withdrawal,759.84,CAD
CA00004726,2025-01-01,BR024,TLR-2214,C502155,cash deposit,2008.59,CAD
CA00006371,2025-01-21,BR032,TLR-6061,C503858,cash withdrawal,639.26,CAD
CA00002390,2025-01-16,BR012,TLR-7384,C501398,cash deposit,1828.96,CAD
CA00003256,2025-01-18,BR017,TLR-6393,C503915,cash withdrawal,1645.6,CAD
CA00005372,2025-01-02,BR027,TLR-6016,C501081,cash withdrawal,3530.68,CAD
CA00002831,2025-01-19,BR015,TLR-2055,C500473,cash deposit,428.8,CAD
CA00004866,2025-01-22,BR025,TLR-8788,C503818,cash withdrawal,-1021.03,CAD
CA00004784,2025-01-14,BR025,TLR-5773,C501015,cash deposit,515.9,CAD
CA00003715,2025-01-05,BR019,TLR-7198,C500772,cash withdrawal,386.74,CAD
CA00006137,2025-01-14,BR031,TLR-4178,C500976,cash withdrawal,317.44,CAD
CA00001873,2025-01-23,BR009,TLR-2168,C503510,cash deposit,2064.21,CAD
CA00001232,2025-01-07,BR006,TLR-2143,C501573,cash deposit,1862.42,CAD
CA00004274,2025-01-16,BR022,TLR-8986,C502101,cash withdrawal,1151.41,CAD
CA00008132,2025-01-19,BR040,TLR-8391,C503720,cash deposit,2019.19,CAD
CA00003620,2025-01-27,BR019,TLR-8278,C501412,cash withdrawal,1536.51,CAD
CA00005233,2025-01-26,BR026,TLR-1238,C501282,cash deposit,3091.72,CAD
CA00001353,2025-01-28,BR006,TLR-9724,C502135,cash withdrawal,318.45,CAD
CA00005406,2025-01-04,BR027,TLR-9452,C503800,cash withdrawal,871.68,CAD
CA00005997,2025-01-16,BR030,TLR-3723,C501682,cash deposit,894.75,CAD
CA00007598,2025-01-08,BR038,TLR-8932,C502477,cash withdrawal,1150.98,CAD
CA00007210,2025-01-07,BR036,TLR-7322,C503397,cash deposit,391.26,CAD
CA00005602,2025-01-17,BR029,TLR-6408,C500445,cash deposit,1399.67,CAD
CA00001715,2025-01-28,BR008,TLR-9268,C502462,cash deposit,1069.97,CAD
CA00004909,2025-01-03,BR025,TLR-1741,C503318,cash withdrawal,-493.2,CAD
CA00007253,2025-01-22,BR036,TLR-3371,C502587,cash deposit,711.96,CAD
CA00004226,2025-01-05,BR021,TLR-8192,C500327,cash deposit,402.66,CAD
CA00003445,2025-01-27,BR017,TLR-8835,C503790,cash withdrawal,951.85,CAD
CA00001543,2025-01-30,BR007,TLR-1752,C501169,cash deposit,292.22,CAD
CA00000009,2025-01-21,BR001,TLR-2359,C501392,cash withdrawal,1043.44,CAD
CA00002072,2025-01-13,BR010,TLR-9824,C503947,cash withdrawal,1412.28,CAD
CA00008208,2025-01-18,BR040,TLR-4520,C503178,cash withdrawal,571.87,CAD
CA00007117,2025-01-26,BR036,TLR-1610,C502363,cash deposit,230.34,CAD
CA00007563,2025-01-29,BR037,TLR-3467,C503765,cash withdrawal,631.16,CAD
CA00007229,2025-01-01,BR036,TLR-2226,C503813,cash withdrawal,1926.41,CAD
CA00002871,2025-01-01,BR015,TLR-7361,C501631,cash deposit,199.52,CAD
CA00001263,2025-01-19,BR006,TLR-5933,C501771,cash deposit,1686.25,CAD
CA00005911,2025-01-14,BR030,TLR-8577,C502082,cash withdrawal,892.85,CAD
CA00000265,2025-01-09,BR001,TLR-7500,C501483,cash deposit,1171.13,CAD
CA00003276,2025-01-29,BR017,TLR-9118,C501927,cash withdrawal,1719.05,CAD
CA00001398,2025-01-24,BR007,TLR-3084,C501135,cash deposit,749.91,CAD
CA00001695,2025-01-23,BR008,TLR-8860,C500346,cash withdrawal,3415.92,CAD
CA00006395,2025-01-03,BR032,TLR-6400,C501614,cash withdrawal,1893.56,CAD
CA00008450,2025-01-13,BR040,TLR-9853,C501355,cash withdrawal,1073.24,CAD
CA00006445,2025-01-25,BR033,TLR-9526,C500307,cash deposit,335.91,CAD
CA00000447,2025-01-26,BR002,TLR-1622,C501499,cash withdrawal,-931.74,CAD
CA00001965,2025-01-24,BR010,TLR-9643,C501394,cash deposit,1401.22,CAD
CA00001581,2025-01-20,BR008,TLR-3091,C501474,cash deposit,656.26,CAD
CA00006589,2025-01-04,BR033,TLR-2612,C502929,cash deposit,1757.39,CAD
CA00002416,2025-01-22,BR013,TLR-9137,C501150,cash withdrawal,381.74,CAD
CA00001293,2025-01-07,BR006,TLR-3265,C503335,cash withdrawal,6487.68,CAD
CA00001455,2025-01-27,BR007,TLR-6817,C503787,cash deposit,537.22,CAD
CA00001866,2025-01-13,BR009,TLR-3791,C501994,cash deposit,4085.39,CAD
CA00008203,2025-01-24,BR040,TLR-4618,C500948,cash deposit,814.35,CAD
CA00002434,2025-01-07,BR013,TLR-6523,C503722,cash deposit,1208.7,CAD
CA00005635,2025-01-12,BR029,TLR-5756,C500256,cash deposit,744.11,CAD
CA00007360,2025-01-27,BR037,TLR-3787,C502958,cash deposit,2225.36,CAD
CA00001037,2025-01-23,BR005,TLR-6856,C500852,cash withdrawal,2847.44,CAD
CA00000329,2025-01-08,BR002,TLR-9094,C503928,cash withdrawal,-1575.75,CAD
CA00004958,2025-01-11,BR025,TLR-9508,C500793,cash withdrawal,-875.03,CAD
CA00000375,2025-01-28,BR002,TLR-5414,C502979,cash deposit,2111.17,CAD
CA00004520,2025-01-14,BR024,TLR-9785,C503588,cash withdrawal,621.29,CAD
CA00006268,2025-01-21,BR031,TLR-5041,C500982,cash deposit,869.33,CAD
CA00006272,2025-01-05,BR031,TLR-8422,C500334,cash deposit,755.43,CAD
CA00000982,2025-01-24,BR004,TLR-7936,C501796,cash withdrawal,756.64,CAD
CA00008283,2025-01-06,BR040,TLR-3838,C500309,cash deposit,794.6,CAD
CA00002670,2025-01-10,BR014,TLR-1700,C503361,cash deposit,930.53,CAD
CA00006420,2025-01-17,BR032,TLR-6761,C500348,cash withdrawal,726.77,CAD
CA00006520,2025-01-19,BR033,TLR-3455,C501127,cash deposit,1203.55,CAD
CA00002941,2025-01-07,BR015,TLR-1702,C503548,cash deposit,1346.98,CAD
CA00005383,2025-01-23,BR027,TLR-2190,C503108,cash deposit,1260.16,CAD
CA00000269,2025-01-28,BR001,TLR-7439,C500283,cash deposit,1190.76,CAD
CA00000945,2025-01-09,BR004,TLR-8528,C502899,cash withdrawal,588.22,CAD
CA00000153,2025-01-20,BR001,TLR-7581,C500048,cash withdrawal,646.81,CAD
CA00006345,2025-01-31,BR032,TLR-9191,C503788,cash deposit,1464.53,CAD
CA00003139,2025-01-09,BR016,TLR-6614,C500004,cash deposit,331.54,CAD
CA00000543,2025-01-07,BR002,TLR-4413,C503792,cash deposit,160.52,CAD
CA00001137,2025-01-30,BR006,TLR-4524,C500445,cash deposit,1661.77,CAD
CA00006271,2025-01-18,BR031,TLR-8333,C501520,cash withdrawal,923.37,CAD
CA00004739,2025-01-22,BR024,TLR-1444,C500041,cash deposit,1957.63,CAD
CA00004448,2025-01-26,BR024,TLR-4366,C500330,cash withdrawal,864.65,CAD
CA00003103,2025-01-30,BR016,TLR-6020,C503248,cash deposit,205.42,CAD
CA00007840,2025-01-20,BR039,TLR-7409,C500144,cash withdrawal,925.85,CAD
CA00008516,2025-01-10,BR040,TLR-1900,C503876,cash deposit,4437.71,CAD
CA00004773,2025-01-10,BR025,TLR-9501,C502619,cash deposit,317.13,CAD
CA00007635,2025-01-19,BR038,TLR-1905,C503625,cash deposit,1026.0,CAD
CA00007754,2025-01-04,BR038,TLR-9872,C503802,cash withdrawal,268.91,CAD
CA00006021,2025-01-18,BR031,TLR-6279,C501252,cash withdrawal,513.49,CAD
CA00006609,2025-01-22,BR034,TLR-7426,C503358,cash deposit,514.0,CAD
CA00002794,2025-01-20,BR015,TLR-9074,C502192,cash deposit,4216.49,CAD
CA00007483,2025-01-06,BR037,TLR-7898,C501319,cash deposit,1048.78,CAD
CA00002379,2025-01-07,BR012,TLR-3895,C501820,cash deposit,1101.45,CAD
CA00005061,2025-01-28,BR026,TLR-7089,C503229,cash withdrawal,-2400.58,CAD
CA00000439,2025-01-29,BR002,TLR-8346,C502649,cash deposit,728.9,CAD
CA00000966,2025-01-02,BR004,TLR-9526,C501272,cash deposit,1723.54,CAD
CA00000660,2025-01-08,BR003,TLR-2009,C501582,cash deposit,2535.45,CAD
CA00004638,2025-01-24,BR024,TLR-6758,C503852,cash withdrawal,1046.63,CAD
CA00003167,2025-01-30,BR016,TLR-8787,C500326,cash deposit,839.32,CAD
CA00006932,2025-01-24,BR035,TLR-7158,C503356,cash withdrawal,727.36,CAD
CA00007250,2025-01-22,BR036,TLR-5579,C501991,cash withdrawal,859.3,CAD
CA00003976,2025-01-16,BR020,TLR-7066,C502457,cash deposit,1041.83,USD
CA00000030,2025-01-29,BR001,TLR-2094,C503595,cash withdrawal,956.71,CAD
CA00007291,2025-01-01,BR036,TLR-3052,C502636,cash deposit,1823.21,CAD
CA00001320,2025-01-11,BR006,TLR-3580,C500975,cash withdrawal,1754.27,CAD
CA00003605,2025-01-23,BR019,TLR-3683,C502641,cash withdrawal,433.76,CAD
CA00006476,2025-01-02,BR033,TLR-6384,C501327,cash deposit,810.69,CAD
CA00000507,2025-01-23,BR002,TLR-3858,C501470,cash withdrawal,-552.63,CAD
CA00006544,2025-01-15,BR033,TLR-4357,C500635,cash deposit,1888.79,CAD
CA00003932,2025-01-07,BR020,TLR-1028,C502737,cash deposit,584.5,USD
CA00005113,2025-01-13,BR026,TLR-3480,C502318,cash withdrawal,-1360.26,CAD
CA00000513,2025-01-21,BR002,TLR-2388,C500095,cash withdrawal,-542.54,CAD
CA00006527,2025-01-04,BR033,TLR-2633,C500119,cash deposit,2711.35,CAD
CA00000454,2025-01-02,BR002,TLR-5230,C502246,cash deposit,312.84,CAD
CA00005898,2025-01-28,BR030,TLR-5034,C501909,cash withdrawal,1842.17,CAD
CA00002782,2025-01-22,BR015,TLR-6639,C501589,cash withdrawal,1703.44,CAD
CA00001558,2025-01-17,BR007,TLR-9130,C500005,cash deposit,1426.07,CAD
CA00002588,2025-01-29,BR014,TLR-4158,C502741,cash deposit,883.75,CAD
CA00007834,2025-01-18,BR039,TLR-8553,C501434,cash withdrawal,3682.88,CAD
CA00007195,2025-01-31,BR036,TLR-3476,C500962,cash deposit,568.38,CAD
CA00008330,2025-01-01,BR040,TLR-3712,C501100,cash deposit,1051.07,CAD
CA00004737,2025-01-11,BR024,TLR-8883,C503188,cash deposit,3207.82,CAD
CA00002321,2025-01-09,BR012,TLR-7176,C503954,cash deposit,2072.99,CAD
CA00006751,2025-01-11,BR034,TLR-2116,C502324,cash deposit,971.69,CAD
CA00006062,2025-01-27,BR031,TLR-8956,C503585,cash withdrawal,692.33,CAD
CA00008016,2025-01-30,BR040,TLR-2948,C501001,cash withdrawal,1160.17,CAD
CA00007365,2025-01-11,BR037,TLR-1219,C502080,cash withdrawal,991.68,CAD
CA00002586,2025-01-07,BR014,TLR-5300,C503190,cash withdrawal,720.64,CAD
CA00002085,2025-01-17,BR011,TLR-1671,C500039,cash withdrawal,1878.47,CAD
CA00000218,2025-01-12,BR001,TLR-9567,C501898,cash withdrawal,993.45,CAD
CA00007810,2025-01-03,BR039,TLR-9758,C500237,cash deposit,464.64,CAD
CA00006604,2025-01-03,BR034,TLR-9345,C503343,cash withdrawal,1358.24,CAD
CA00003099,2025-01-18,BR016,TLR-1812,C500668,cash withdrawal,1823.54,CAD
CA00002466,2025-01-21,BR013,TLR-4821,C502849,cash deposit,2019.68,CAD
CA00000736,2025-01-09,BR003,TLR-6793,C501648,cash deposit,1614.62,CAD
CA00007749,2025-01-19,BR038,TLR-8785,C500911,cash withdrawal,2000.97,CAD
CA00002443,2025-01-09,BR013,TLR-1363,C502369,cash deposit,145.83,CAD
CA00006040,2025-01-11,BR031,TLR-7136,C501196,cash withdrawal,328.42,CAD
CA00007628,2025-01-26,BR038,TLR-6590,C503768,cash withdrawal,692.98,CAD
CA00001470,2025-01-11,BR007,TLR-9420,C503142,cash deposit,969.53,CAD
CA00002398,2025-01-28,BR013,TLR-5691,C502786,cash deposit,170.73,CAD
CA00001590,2025-01-01,BR008,TLR-8237,C502362,cash withdrawal,1338.9,CAD
CA00003188,2025-01-17,BR016,TLR-3130,C501738,cash withdrawal,776.13,CAD
CA00008196,2025-01-30,BR040,TLR-1788,C501281,cash deposit,1135.84,CAD
CA00003870,2025-01-26,BR019,TLR-4313,C502509,cash deposit,495.39,CAD
CA00002594,2025-01-20,BR014,TLR-4109,C503862,cash withdrawal,540.72,CAD
CA00002223,2025-01-20,BR012,TLR-6580,C502424,cash deposit,581.28,CAD
CA00000488,2025-01-08,BR002,TLR-8181,C503763,cash withdrawal,-467.83,CAD
CA00001132,2025-01-23,BR006,TLR-9462,C500451,cash deposit,1389.11,CAD
CA00005250,2025-01-18,BR026,TLR-6212,C502038,cash withdrawal,-1311.18,CAD
CA00001257,2025-01-28,BR006,TLR-3985,C500054,cash deposit,848.91,CAD
CA00006300,2025-01-13,BR032,TLR-5377,C503445,cash deposit,778.88,CAD
CA00007346,2025-01-26,BR037,TLR-4852,C501235,cash withdrawal,309.11,CAD
CA00007244,2025-01-21,BR036,TLR-8103,C502738,cash deposit,726.02,CAD
CA00002022,2025-01-01,BR010,TLR-7114,C500146,cash withdrawal,432.2,CAD
CA00001091,2025-01-16,BR006,TLR-2456,C503487,cash deposit,881.36,CAD
CA00000796,2025-01-02,BR004,TLR-9539,C502237,cash deposit,4745.78,CAD
CA00007096,2025-01-24,BR036,TLR-4529,C500348,cash deposit,3379.25,CAD
CA00006978,2025-01-31,BR035,TLR-7518,C501152,cash withdrawal,1309.72,CAD
CA00006675,2025-01-09,BR034,TLR-6895,C501248,cash withdrawal,2161.1,CAD
CA00005251,2025-01-04,BR027,TLR-5793,C503672,cash withdrawal,656.75,CAD
CA00000926,2025-01-27,BR004,TLR-6233,C501399,cash withdrawal,410.02,CAD
CA00005347,2025-01-28,BR027,TLR-8694,C503743,cash withdrawal,631.02,CAD
CA00006116,2025-01-14,BR031,TLR-2901,C501827,cash withdrawal,958.92,CAD
CA00008458,2025-01-10,BR040,TLR-3523,C501367,cash deposit,577.85,CAD
CA00007407,2025-01-29,BR037,TLR-5883,C502531,cash withdrawal,836.02,CAD
CA00002729,2025-01-02,BR015,TLR-2745,C501788,cash withdrawal,1076.1,CAD
CA00007959,2025-01-09,BR039,TLR-9564,C501198,cash deposit,594.66,CAD
CA00003478,2025-01-04,BR018,TLR-7015,C501647,cash withdrawal,2047.03,CAD
CA00007295,2025-01-21,BR036,TLR-8655,C503355,cash deposit,547.21,CAD
CA00005820,2025-01-26,BR030,TLR-6621,C503844,cash withdrawal,1610.27,CAD
CA00005801,2025-01-21,BR030,TLR-5171,C501663,cash deposit,2030.87,CAD
CA00008562,2025-01-02,BR040,TLR-7531,C501270,cash withdrawal,522.33,CAD
CA00000703,2025-01-01,BR003,TLR-9116,C500300,cash withdrawal,518.45,CAD
CA00001973,2025-01-27,BR010,TLR-6874,C503965,cash deposit,2032.19,CAD
CA00002442,2025-01-12,BR013,TLR-5184,C503209,cash withdrawal,292.47,CAD
CA00006940,2025-01-05,BR035,TLR-5812,C501111,cash deposit,395.4,CAD
CA00007430,2025-01-02,BR037,TLR-1802,C503691,cash deposit,771.75,CAD
CA00007885,2025-01-17,BR039,TLR-9377,C501976,cash withdrawal,568.8,CAD
CA00008409,2025-01-07,BR040,TLR-3974,C501441,cash deposit,986.19,CAD
CA00005939,2025-01-27,BR030,TLR-2822,C503602,cash withdrawal,1412.78,CAD
CA00004449,2025-01-04,BR024,TLR-1723,C501315,cash withdrawal,863.02,CAD
CA00008315,2025-01-08,BR040,TLR-5395,C501991,cash withdrawal,517.95,CAD
CA00006888,2025-01-05,BR035,TLR-3102,C503627,cash withdrawal,1540.05,CAD
CA00002632,2025-01-30,BR014,TLR-1320,C500114,cash deposit,449.39,CAD
CA00002435,2025-01-13,BR013,TLR-5880,C502708,cash deposit,821.17,CAD
CA00004074,2025-01-16,BR020,TLR-6887,C502977,cash deposit,239.21,USD
CA00000705,2025-01-07,BR003,TLR-2897,C500358,cash deposit,500.8,CAD
CA00000480,2025-01-01,BR002,TLR-8488,C503468,cash withdrawal,-604.43,CAD
CA00005183,2025-01-26,BR026,TLR-5793,C500648,cash deposit,553.33,CAD
CA00002901,2025-01-26,BR015,TLR-8167,C501660,cash withdrawal,892.6,CAD
CA00006184,2025-01-15,BR031,TLR-6930,C502271,cash withdrawal,387.14,CAD
CA00005510,2025-01-20,BR028,TLR-1153,C501360,cash deposit,952.83,CAD
CA00001910,2025-01-06,BR009,TLR-3297,C501428,cash deposit,2814.05,CAD
CA00004408,2025-01-17,BR023,TLR-4247,C502606,cash withdrawal,894.65,CAD
CA00005640,2025-01-13,BR029,TLR-5337,C501308,cash withdrawal,1178.6,CAD
CA00005253,2025-01-19,BR027,TLR-1163,C500879,cash withdrawal,1784.91,CAD
CA00000347,2025-01-03,BR002,TLR-4973,C502261,cash deposit,878.22,CAD
CA00001031,2025-01-22,BR005,TLR-9067,C501394,cash deposit,2547.65,CAD
CA00000552,2025-01-04,BR003,TLR-5694,C501264,cash withdrawal,1636.3,CAD
CA00005190,2025-01-13,BR026,TLR-4529,C500110,cash withdrawal,-424.5,CAD
CA00006682,2025-01-15,BR034,TLR-2469,C500216,cash withdrawal,1618.28,CAD
CA00004882,2025-01-20,BR025,TLR-7625,C502800,cash deposit,953.4,CAD
CA00007748,2025-01-23,BR038,TLR-3128,C503854,cash withdrawal,617.0,CAD
CA00007396,2025-01-09,BR037,TLR-7605,C500890,cash deposit,1214.28,CAD
CA00005924,2025-01-12,BR030,TLR-6083,C503694,cash withdrawal,2308.46,CAD
CA00002107,2025-01-09,BR011,TLR-4790,C500681,cash deposit,2685.36,CAD
CA00003080,2025-01-29,BR016,TLR-7187,C502247,cash withdrawal,1099.66,CAD
CA00006802,2025-01-23,BR035,TLR-7911,C502028,cash deposit,1021.34,CAD
CA00003123,2025-01-03,BR016,TLR-8089,C500847,cash withdrawal,1570.27,CAD
CA00007756,2025-01-02,BR038,TLR-3916,C503336,cash deposit,546.07,CAD
CA00002063,2025-01-05,BR010,TLR-8926,C503633,cash withdrawal,1147.53,CAD
CA00004478,2025-01-19,BR024,TLR-5829,C502529,cash deposit,568.03,CAD
CA00008621,2025-01-14,BR040,TLR-6032,C501691,cash withdrawal,929.23,CAD
CA00007904,2025-01-07,BR039,TLR-9120,C502644,cash withdrawal,1400.49,CAD
CA00005005,2025-01-31,BR026,TLR-1809,C500406,cash deposit,5416.9,CAD
CA00004329,2025-01-30,BR023,TLR-5777,C503309,cash deposit,517.3,CAD
CA00006204,2025-01-19,BR031,TLR-6531,C503054,cash withdrawal,678.28,CAD
CA00003153,2025-01-19,BR016,TLR-8012,C501635,cash deposit,2006.14,CAD
CA00006005,2025-01-27,BR030,TLR-1464,C500469,cash deposit,798.12,CAD
CA00006569,2025-01-04,BR033,TLR-3118,C502920,cash withdrawal,657.1,CAD
CA00006202,2025-01-13,BR031,TLR-5663,C503140,cash deposit,340.95,CAD
CA00004181,2025-01-02,BR021,TLR-9991,C500329,cash withdrawal,718.8,CAD
CA00007871,2025-01-18,BR039,TLR-5292,C503804,cash withdrawal,2426.46,CAD
CA00004684,2025-01-24,BR024,TLR-3366,C502822,cash deposit,923.61,CAD
CA00000620,2025-01-12,BR003,TLR-3404,C502304,cash withdrawal,502.3,CAD
CA00002494,2025-01-17,BR013,TLR-7860,C500707,cash deposit,1843.19,CAD
CA00006761,2025-01-26,BR034,TLR-1391,C501374,cash deposit,2651.58,CAD
CA00007183,2025-01-02,BR036,TLR-3815,C501882,cash withdrawal,442.92,CAD
CA00000305,2025-01-18,BR001,TLR-1326,C500542,cash withdrawal,1318.51,CAD
CA00002012,2025-01-31,BR010,TLR-9300,C501645,cash deposit,1243.07,CAD
CA00002906,2025-01-01,BR015,TLR-9951,C502037,cash withdrawal,1140.59,CAD
CA00005718,2025-01-25,BR030,TLR-4288,C500960,cash withdrawal,1130.15,CAD
CA00007145,2025-01-26,BR036,TLR-6498,C500164,cash deposit,3684.33,CAD
CA00008094,2025-01-25,BR040,TLR-4159,C500170,cash deposit,816.46,CAD
CA00008528,2025-01-06,BR040,TLR-3558,C500999,cash deposit,2653.24,CAD
CA00001585,2025-01-11,BR008,TLR-7147,C503129,cash deposit,1109.19,CAD
CA00007515,2025-01-18,BR037,TLR-3611,C503165,cash withdrawal,1796.48,CAD
CA00006862,2025-01-11,BR035,TLR-2953,C501494,cash withdrawal,1243.0,CAD
CA00000093,2025-01-26,BR001,TLR-3258,C500157,cash deposit,857.82,CAD
CA00007254,2025-01-16,BR036,TLR-1296,C501896,cash withdrawal,249.47,CAD
CA00002048,2025-01-20,BR010,TLR-9961,C501391,cash withdrawal,2077.31,CAD
CA00004259,2025-01-15,BR022,TLR-3641,C500111,cash deposit,2104.46,CAD
CA00005791,2025-01-07,BR030,TLR-1615,C500046,cash deposit,1786.07,CAD
CA00007460,2025-01-11,BR037,TLR-5164,C503563,cash withdrawal,745.28,CAD
CA00003727,2025-01-29,BR019,TLR-9054,C503079,cash deposit,2288.16,CAD
CA00003052,2025-01-27,BR016,TLR-3578,C501035,cash deposit,394.32,CAD
CA00004213,2025-01-18,BR021,TLR-9897,C502235,cash withdrawal,2546.0,CAD
CA00004200,2025-01-28,BR021,TLR-9623,C501190,cash withdrawal,1696.52,CAD
CA00003590,2025-01-16,BR019,TLR-2120,C503301,cash deposit,591.38,CAD
CA00008584,2025-01-15,BR040,TLR-6169,C502460,cash withdrawal,317.38,CAD
CA00008112,2025-01-10,BR040,TLR-8768,C501546,cash deposit,1186.11,CAD
CA00004977,2025-01-12,BR025,TLR-2364,C502195,cash withdrawal,-664.23,CAD
CA00001647,2025-01-06,BR008,TLR-9065,C500829,cash deposit,1432.62,CAD
CA00002895,2025-01-29,BR015,TLR-6184,C502243,cash deposit,1374.95,CAD
CA00004298,2025-01-05,BR022,TLR-4550,C501617,cash withdrawal,943.21,CAD
CA00006536,2025-01-18,BR033,TLR-9006,C500682,cash withdrawal,1348.34,CAD
CA00007314,2025-01-22,BR037,TLR-3594,C500180,cash deposit,357.05,CAD
CA00005507,2025-01-03,BR028,TLR-3670,C502042,cash deposit,1247.56,CAD
CA00000912,2025-01-01,BR004,TLR-4427,C500664,cash withdrawal,1305.45,CAD
CA00006709,2025-01-09,BR034,TLR-6512,C501411,cash withdrawal,760.16,CAD
CA00001288,2025-01-03,BR006,TLR-1438,C503418,cash withdrawal,492.59,CAD
CA00002504,2025-01-06,BR014,TLR-2069,C500628,cash deposit,3261.33,CAD
CA00000532,2025-01-16,BR002,TLR-3077,C502693,cash withdrawal,-641.62,CAD
CA00006377,2025-01-20,BR032,TLR-6466,C503729,cash withdrawal,1315.11,CAD
CA00004477,2025-01-16,BR024,TLR-9853,C503329,cash deposit,3459.46,CAD
CA00005031,2025-01-13,BR026,TLR-5596,C500090,cash withdrawal,-851.74,CAD
CA00000757,2025-01-28,BR004,TLR-9475,C501937,cash withdrawal,413.79,CAD
CA00002261,2025-01-29,BR012,TLR-5458,C501640,cash withdrawal,1320.89,CAD
CA00006464,2025-01-11,BR033,TLR-5821,C500748,cash deposit,2884.99,CAD
CA00008010,2025-01-10,BR040,TLR-9500,C501022,cash deposit,490.36,CAD
CA00003134,2025-01-28,BR016,TLR-6426,C500980,cash deposit,661.79,CAD
CA00004515,2025-01-05,BR024,TLR-6438,C501684,cash deposit,257.06,CAD
CA00004595,2025-01-14,BR024,TLR-2515,C501788,cash deposit,403.37,CAD
CA00000357,2025-01-19,BR002,TLR-8621,C500211,cash deposit,1681.61,CAD
CA00000709,2025-01-20,BR003,TLR-3007,C501828,cash deposit,318.32,CAD
CA00007109,2025-01-07,BR036,TLR-4623,C503491,cash deposit,911.44,CAD
CA00004312,2025-01-06,BR022,TLR-9186,C502806,cash withdrawal,2030.41,CAD
CA00000444,2025-01-08,BR002,TLR-1538,C502308,cash withdrawal,-550.71,CAD
CA00006194,2025-01-29,BR031,TLR-7603,C503876,cash withdrawal,299.6,CAD
CA00001761,2025-01-10,BR008,TLR-6164,C503955,cash deposit,2607.35,CAD
CA00004830,2025-01-10,BR025,TLR-4052,C500181,cash deposit,2071.89,CAD
CA00005221,2025-01-17,BR026,TLR-1479,C500900,cash withdrawal,-1078.27,CAD
CA00008235,2025-01-16,BR040,TLR-8791,C503967,cash deposit,1048.02,CAD
CA00007481,2025-01-30,BR037,TLR-7833,C500548,cash withdrawal,635.14,CAD
CA00003562,2025-01-05,BR018,TLR-9219,C502127,cash withdrawal,704.31,CAD
CA00008019,2025-01-29,BR040,TLR-1383,C502546,cash deposit,2700.44,CAD
CA00001670,2025-01-26,BR008,TLR-7644,C503507,cash withdrawal,1972.12,CAD
CA00006602,2025-01-06,BR034,TLR-2043,C502788,cash withdrawal,696.05,CAD
CA00007654,2025-01-09,BR038,TLR-8994,C500020,cash withdrawal,443.26,CAD
CA00005249,2025-01-30,BR026,TLR-3379,C502073,cash deposit,1544.8,CAD
CA00005855,2025-01-29,BR030,TLR-9506,C503406,cash withdrawal,1554.31,CAD
CA00005097,2025-01-21,BR026,TLR-9743,C500331,cash withdrawal,-2032.59,CAD
CA00007490,2025-01-13,BR037,TLR-6065,C503446,cash withdrawal,1160.13,CAD
CA00002449,2025-01-02,BR013,TLR-6440,C501554,cash withdrawal,1029.53,CAD
CA00000781,2025-01-20,BR004,TLR-4543,C500751,cash withdrawal,1416.1,CAD
CA00007150,2025-01-21,BR036,TLR-4592,C500083,cash deposit,1658.83,CAD
CA00006902,2025-01-30,BR035,TLR-3876,C502407,cash withdrawal,665.36,CAD
CA00006295,2025-01-29,BR032,TLR-3492,C503606,cash deposit,442.41,CAD
CA00000678,2025-01-20,BR003,TLR-4447,C502668,cash deposit,1198.53,CAD
CA00000067,2025-01-03,BR001,TLR-6952,C501278,cash deposit,1094.98,CAD
CA00002522,2025-01-06,BR014,TLR-4470,C500233,cash withdrawal,972.69,CAD
CA00005248,2025-01-04,BR026,TLR-8925,C500608,cash withdrawal,-2467.08,CAD
CA00003171,2025-01-12,BR016,TLR-1911,C503176,cash deposit,492.1,CAD
CA00003749,2025-01-08,BR019,TLR-3885,C501211,cash deposit,1332.61,CAD
CA00005423,2025-01-17,BR028,TLR-9140,C502435,cash deposit,3359.02,CAD
CA00007658,2025-01-21,BR038,TLR-4706,C502348,cash deposit,2976.9,CAD
CA00001446,2025-01-11,BR007,TLR-6984,C500963,cash withdrawal,391.31,CAD
CA00003152,2025-01-07,BR016,TLR-6068,C502061,cash withdrawal,356.32,CAD
CA00002080,2025-01-05,BR010,TLR-7747,C503729,cash withdrawal,1333.68,CAD
CA00001633,2025-01-22,BR008,TLR-2347,C503233,cash deposit,1534.14,CAD
CA00003306,2025-01-25,BR017,TLR-3926,C502747,cash withdrawal,550.58,CAD
CA00005051,2025-01-11,BR026,TLR-6966,C502650,cash deposit,519.73,CAD
CA00001418,2025-01-29,BR007,TLR-8609,C501171,cash deposit,7473.27,CAD
CA00005166,2025-01-28,BR026,TLR-2735,C500687,cash withdrawal,-413.38,CAD
CA00004421,2025-01-23,BR023,TLR-5810,C500513,cash withdrawal,2621.62,CAD
CA00001411,2025-01-24,BR007,TLR-8746,C500446,cash deposit,1259.96,CAD
CA00003863,2025-01-18,BR019,TLR-7208,C501525,cash deposit,1476.05,CAD
CA00000840,2025-01-05,BR004,TLR-5013,C503049,cash withdrawal,303.91,CAD
CA00003568,2025-01-24,BR018,TLR-9489,C501071,cash deposit,1143.44,CAD
CA00005149,2025-01-24,BR026,TLR-1873,C502882,cash withdrawal,-2217.89,CAD
CA00001514,2025-01-28,BR007,TLR-2956,C501656,cash deposit,1190.98,CAD
CA00002037,2025-01-16,BR010,TLR-7201,C503693,cash withdrawal,1297.22,CAD
CA00003236,2025-01-21,BR017,TLR-2903,C503823,cash withdrawal,1000.04,CAD
CA00007242,2025-01-09,BR036,TLR-1350,C500922,cash withdrawal,691.61,CAD
CA00001294,2025-01-17,BR006,TLR-5891,C503773,cash withdrawal,1046.65,CAD
CA00007495,2025-01-10,BR037,TLR-6767,C501825,cash withdrawal,419.56,CAD
CA00004938,2025-01-18,BR025,TLR-5747,C500039,cash withdrawal,-1339.63,CAD
CA00002539,2025-01-08,BR014,TLR-6907,C502033,cash deposit,1755.06,CAD
CA00000807,2025-01-08,BR004,TLR-5571,C501456,cash deposit,661.64,CAD
CA00007388,2025-01-01,BR037,TLR-1713,C503914,cash deposit,793.3,CAD
CA00008240,2025-01-02,BR040,TLR-9651,C502736,cash deposit,1724.49,CAD
CA00007084,2025-01-08,BR036,TLR-3259,C501066,cash deposit,937.78,CAD
CA00006296,2025-01-23,BR032,TLR-1171,C501165,cash deposit,980.23,CAD
CA00004444,2025-01-30,BR023,TLR-5806,C501557,cash withdrawal,2334.09,CAD
CA00002169,2025-01-21,BR012,TLR-8596,C500458,cash withdrawal,941.17,CAD
CA00001295,2025-01-27,BR006,TLR-1241,C502713,cash withdrawal,1719.34,CAD
CA00003626,2025-01-23,BR019,TLR-7855,C503073,cash deposit,2276.18,CAD
CA00005308,2025-01-06,BR027,TLR-2064,C503087,cash withdrawal,1639.61,CAD
CA00003282,2025-01-15,BR017,TLR-5172,C500673,cash deposit,1142.02,CAD
CA00003238,2025-01-29,BR017,TLR-8517,C503028,cash withdrawal,2069.36,CAD
CA00005295,2025-01-17,BR027,TLR-5849,C503935,cash withdrawal,908.01,CAD
CA00004777,2025-01-23,BR025,TLR-5272,C501424,cash withdrawal,-238.62,CAD
CA00008381,2025-01-06,BR040,TLR-8707,C500807,cash deposit,1508.66,CAD
CA00004976,2025-01-11,BR025,TLR-6406,C500880,cash deposit,726.72,CAD
CA00001380,2025-01-16,BR007,TLR-5949,C503419,cash withdrawal,947.31,CAD
CA00005259,2025-01-12,BR027,TLR-5188,C503586,cash withdrawal,1243.52,CAD
CA00007433,2025-01-01,BR037,TLR-2372,C502437,cash deposit,1948.92,CAD
CA00005283,2025-01-16,BR027,TLR-3400,C500692,cash deposit,681.21,CAD
CA00002195,2025-01-17,BR012,TLR-9279,C500851,cash deposit,1115.69,CAD
CA00001486,2025-01-21,BR007,TLR-8152,C500354,cash withdrawal,424.16,CAD
CA00003373,2025-01-16,BR017,TLR-1255,C502327,cash deposit,3639.44,CAD
CA00007902,2025-01-18,BR039,TLR-3411,C502359,cash deposit,1125.07,CAD
CA00007685,2025-01-28,BR038,TLR-4038,C503292,cash withdrawal,1740.77,CAD
CA00005565,2025-01-15,BR029,TLR-6952,C500132,cash withdrawal,1285.99,CAD
CA00003701,2025-01-02,BR019,TLR-3883,C503683,cash deposit,463.24,CAD
CA00006585,2025-01-11,BR033,TLR-5500,C502384,cash withdrawal,718.6,CAD
CA00006430,2025-01-30,BR033,TLR-3281,C501106,cash withdrawal,584.05,CAD
CA00005177,2025-01-02,BR026,TLR-1365,C501070,cash withdrawal,-739.38,CAD
CA00002626,2025-01-16,BR014,TLR-9620,C502858,cash withdrawal,2209.76,CAD
CA00008436,2025-01-21,BR040,TLR-1607,C500523,cash withdrawal,637.1,CAD
CA00002105,2025-01-21,BR011,TLR-7866,C500837,cash withdrawal,663.76,CAD
CA00008513,2025-01-26,BR040,TLR-9378,C502647,cash deposit,171.7,CAD
CA00006823,2025-01-31,BR035,TLR-5771,C500125,cash withdrawal,1158.8,CAD
CA00007558,2025-01-15,BR037,TLR-3987,C503271,cash withdrawal,814.12,CAD
CA00003732,2025-01-13,BR019,TLR-2174,C503024,cash deposit,2543.17,CAD
CA00006706,2025-01-01,BR034,TLR-3844,C503146,cash deposit,2807.96,CAD
CA00001835,2025-01-21,BR009,TLR-2656,C503567,cash deposit,627.8,CAD
CA00004243,2025-01-24,BR021,TLR-5132,C503160,cash withdrawal,427.05,CAD
CA00003255,2025-01-04,BR017,TLR-1467,C501366,cash withdrawal,751.99,CAD
CA00006408,2025-01-10,BR032,TLR-2013,C500704,cash deposit,1315.48,CAD
CA00007414,2025-01-06,BR037,TLR-6768,C501561,cash deposit,1443.1,CAD
CA00007068,2025-01-18,BR036,TLR-4992,C502455,cash withdrawal,812.48,CAD
CA00007128,2025-01-31,BR036,TLR-5807,C502039,cash withdrawal,1521.04,CAD
CA00005869,2025-01-30,BR030,TLR-5719,C501026,cash deposit,1331.09,CAD
CA00003791,2025-01-19,BR019,TLR-1526,C501829,cash deposit,681.56,CAD
CA00004616,2025-01-01,BR024,TLR-7831,C502682,cash deposit,1184.57,CAD
CA00006038,2025-01-22,BR031,TLR-7939,C503347,cash withdrawal,439.92,CAD
CA00005021,2025-01-13,BR026,TLR-7134,C503689,cash deposit,671.87,CAD
CA00008151,2025-01-31,BR040,TLR-2141,C503224,cash deposit,943.46,CAD
CA00004886,2025-01-04,BR025,TLR-9610,C503423,cash withdrawal,-5131.24,CAD
CA00004703,2025-01-25,BR024,TLR-8381,C503575,cash withdrawal,701.41,CAD
CA00006500,2025-01-07,BR033,TLR-2619,C503075,cash withdrawal,268.9,CAD
CA00004398,2025-01-23,BR023,TLR-2308,C501172,cash deposit,1275.08,CAD
CA00007809,2025-01-03,BR039,TLR-1681,C502548,cash deposit,1528.0,CAD
CA00004524,2025-01-14,BR024,TLR-6693,C502052,cash deposit,643.9,CAD
CA00004491,2025-01-02,BR024,TLR-4296,C503030,cash withdrawal,199.23,CAD
CA00001339,2025-01-17,BR006,TLR-8878,C503810,cash deposit,681.96,CAD
CA00007928,2025-01-22,BR039,TLR-6325,C500583,cash deposit,721.42,CAD
CA00007442,2025-01-20,BR037,TLR-7649,C503893,cash deposit,960.3,CAD
CA00000924,2025-01-16,BR004,TLR-2995,C501739,cash deposit,2180.65,CAD
CA00002222,2025-01-08,BR012,TLR-4112,C501223,cash withdrawal,457.79,CAD
CA00004652,2025-01-24,BR024,TLR-3945,C500398,cash withdrawal,712.93,CAD
CA00006821,2025-01-05,BR035,TLR-2883,C503352,cash deposit,2591.89,CAD
CA00004867,2025-01-11,BR025,TLR-9585,C501922,cash deposit,361.35,CAD
CA00007093,2025-01-14,BR036,TLR-8653,C503618,cash deposit,652.47,CAD
CA00002528,2025-01-03,BR014,TLR-6068,C502401,cash deposit,2120.2,CAD
CA00008465,2025-01-21,BR040,TLR-4600,C502608,cash withdrawal,385.22,CAD
CA00005818,2025-01-01,BR030,TLR-2545,C500016,cash deposit,1898.47,CAD
CA00007622,2025-01-28,BR038,TLR-8350,C500279,cash deposit,2986.78,CAD
CA00007507,2025-01-27,BR037,TLR-3635,C500849,cash withdrawal,574.19,CAD
CA00003654,2025-01-16,BR019,TLR-2768,C503891,cash withdrawal,987.99,CAD
CA00007672,2025-01-29,BR038,TLR-7258,C502814,cash deposit,770.46,CAD
CA00005458,2025-01-25,BR028,TLR-3189,C501457,cash withdrawal,623.63,CAD
CA00000031,2025-01-10,BR001,TLR-8586,C502907,cash deposit,350.11,CAD
CA00003815,2025-01-15,BR019,TLR-1583,C503343,cash withdrawal,459.95,CAD
CA00000754,2025-01-27,BR004,TLR-8793,C501395,cash deposit,1740.23,CAD
CA00007510,2025-01-03,BR037,TLR-3591,C502454,cash withdrawal,560.5,CAD
CA00008328,2025-01-07,BR040,TLR-2677,C501240,cash deposit,718.3,CAD
CA00002900,2025-01-06,BR015,TLR-9737,C502872,cash withdrawal,2043.74,CAD
CA00004059,2025-01-18,BR020,TLR-4965,C502949,cash withdrawal,813.47,USD
CA00000033,2025-01-04,BR001,TLR-4274,C501089,cash withdrawal,1397.5,CAD
CA00006091,2025-01-27,BR031,TLR-8885,C500118,cash withdrawal,3327.86,CAD
CA00007920,2025-01-19,BR039,TLR-2915,C502600,cash deposit,313.99,CAD
CA00002509,2025-01-18,BR014,TLR-8568,C503513,cash deposit,513.7,CAD
CA00008176,2025-01-02,BR040,TLR-2100,C500498,cash deposit,992.79,CAD
CA00007822,2025-01-08,BR039,TLR-1101,C502119,cash deposit,590.64,CAD
CA00003680,2025-01-28,BR019,TLR-9302,C503206,cash deposit,494.49,CAD
CA00005336,2025-01-01,BR027,TLR-2029,C500213,cash withdrawal,897.86,CAD
CA00003905,2025-01-22,BR020,TLR-6968,C503084,cash deposit,594.21,USD
CA00000679,2025-01-03,BR003,TLR-3952,C503508,cash deposit,1037.76,CAD
CA00005977,2025-01-04,BR030,TLR-5721,C503256,cash withdrawal,1069.62,CAD
CA00001699,2025-01-06,BR008,TLR-2953,C501297,cash withdrawal,1235.61,CAD
CA00005225,2025-01-23,BR026,TLR-9235,C500489,cash deposit,419.3,CAD
CA00002866,2025-01-23,BR015,TLR-6682,C500230,cash deposit,1132.07,CAD
CA00000505,2025-01-28,BR002,TLR-3053,C502869,cash deposit,1176.48,CAD
CA00002672,2025-01-04,BR014,TLR-8426,C502005,cash deposit,584.01,CAD
CA00005326,2025-01-27,BR027,TLR-3726,C503695,cash withdrawal,326.81,CAD
CA00005682,2025-01-12,BR029,TLR-9845,C502528,cash deposit,1639.74,CAD
CA00002850,2025-01-05,BR015,TLR-9771,C503161,cash deposit,1831.28,CAD
CA00002319,2025-01-03,BR012,TLR-8832,C500388,cash withdrawal,2930.05,CAD
CA00003787,2025-01-01,BR019,TLR-7868,C500028,cash withdrawal,560.85,CAD
CA00001000,2025-01-24,BR004,TLR-7210,C503657,cash deposit,2036.94,CAD
CA00004236,2025-01-21,BR021,TLR-8577,C501210,cash withdrawal,1685.3,CAD
CA00004633,2025-01-12,BR024,TLR-2392,C500406,cash withdrawal,1369.34,CAD
CA00004104,2025-01-18,BR021,TLR-3398,C502759,cash deposit,287.63,CAD
CA00000087,2025-01-29,BR001,TLR-8979,C503024,cash withdrawal,1267.58,CAD
CA00000351,2025-01-03,BR002,TLR-7452,C500614,cash deposit,1682.02,CAD
CA00004436,2025-01-31,BR023,TLR-4244,C500364,cash withdrawal,2415.59,CAD
CA00000019,2025-01-21,BR001,TLR-6282,C503862,cash withdrawal,301.97,CAD
CA00001262,2025-01-13,BR006,TLR-5114,C501366,cash deposit,337.77,CAD
CA00007573,2025-01-02,BR037,TLR-2540,C503432,cash deposit,1650.28,CAD
CA00006785,2025-01-11,BR035,TLR-9001,C503887,cash deposit,1107.72,CAD
CA00003350,2025-01-04,BR017,TLR-2934,C500759,cash deposit,606.43,CAD
CA00006848,2025-01-02,BR035,TLR-3455,C500124,cash deposit,696.64,CAD
CA00003251,2025-01-16,BR017,TLR-7595,C500788,cash withdrawal,636.23,CAD
CA00003630,2025-01-18,BR019,TLR-3586,C502565,cash deposit,869.92,CAD
CA00006472,2025-01-03,BR033,TLR-9459,C503677,cash withdrawal,459.61,CAD
CA00003523,2025-01-22,BR018,TLR-8531,C502406,cash withdrawal,2236.27,CAD
CA00007664,2025-01-12,BR038,TLR-1594,C500792,cash deposit,565.28,CAD
CA00004462,2025-01-03,BR024,TLR-3222,C500693,cash withdrawal,2019.31,CAD
CA00002821,2025-01-23,BR015,TLR-5134,C500303,cash withdrawal,1444.21,CAD
CA00008193,2025-01-05,BR040,TLR-6174,C501474,cash withdrawal,1736.21,CAD
CA00006050,2025-01-31,BR031,TLR-6050,C503155,cash withdrawal,1458.85,CAD
CA00008142,2025-01-05,BR040,TLR-2110,C500590,cash withdrawal,712.02,CAD
CA00008690,2025-01-02,BR040,TLR-1203,C500134,cash withdrawal,1709.69,CAD
CA00007366,2025-01-27,BR037,TLR-5480,C500686,cash deposit,993.3,CAD
CA00005955,2025-01-27,BR030,TLR-4130,C500642,cash deposit,377.99,CAD
CA00002816,2025-01-17,BR015,TLR-9574,C500117,cash deposit,1163.64,CAD
CA00006658,2025-01-08,BR034,TLR-1763,C502347,cash deposit,682.07,CAD
CA00003336,2025-01-04,BR017,TLR-1296,C503922,cash withdrawal,1647.3,CAD
CA00006158,2025-01-22,BR031,TLR-7481,C500358,cash deposit,606.37,CAD
CA00006655,2025-01-24,BR034,TLR-7879,C503559,cash deposit,2213.61,CAD
CA00003895,2025-01-11,BR020,TLR-1674,C502251,cash deposit,501.11,USD
CA00006311,2025-01-30,BR032,TLR-9177,C501031,cash withdrawal,606.08,CAD
CA00007015,2025-01-26,BR036,TLR-5921,C500509,cash withdrawal,995.04,CAD
CA00001274,2025-01-29,BR006,TLR-3227,C503326,cash deposit,1858.65,CAD
CA00006048,2025-01-01,BR031,TLR-3383,C503159,cash withdrawal,309.51,CAD
CA00007555,2025-01-20,BR037,TLR-7827,C502173,cash withdrawal,1515.38,CAD
CA00003961,2025-01-28,BR020,TLR-6421,C501720,cash deposit,1026.63,USD
CA00008592,2025-01-01,BR040,TLR-7218,C501330,cash withdrawal,1569.26,CAD
CA00007535,2025-01-27,BR037,TLR-9752,C503205,cash withdrawal,1940.44,CAD
CA00005514,2025-01-12,BR028,TLR-1375,C500784,cash deposit,1609.65,CAD
CA00002910,2025-01-28,BR015,TLR-1714,C502135,cash deposit,3342.01,CAD
CA00000422,2025-01-03,BR002,TLR-1299,C502968,cash withdrawal,-1038.07,CAD
CA00000136,2025-01-20,BR001,TLR-8963,C502389,cash withdrawal,640.53,CAD
CA00007589,2025-01-31,BR037,TLR-3141,C502589,cash deposit,586.82,CAD
CA00001381,2025-01-22,BR007,TLR-2576,C503313,cash withdrawal,846.49,CAD
CA00001906,2025-01-29,BR009,TLR-9252,C500430,cash withdrawal,729.33,CAD
CA00004623,2025-01-01,BR024,TLR-3737,C503134,cash deposit,508.88,CAD
CA00000242,2025-01-20,BR001,TLR-6317,C503971,cash withdrawal,709.51,CAD
CA00004974,2025-01-18,BR025,TLR-4811,C500988,cash deposit,1070.36,CAD
CA00003679,2025-01-15,BR019,TLR-2882,C502930,cash deposit,726.72,CAD
CA00006429,2025-01-16,BR033,TLR-6573,C502224,cash withdrawal,969.45,CAD
CA00008267,2025-01-07,BR040,TLR-8717,C501769,cash deposit,436.03,CAD
CA00008392,2025-01-15,BR040,TLR-3662,C503153,cash deposit,1068.1,CAD
CA00001511,2025-01-21,BR007,TLR-6433,C501550,cash withdrawal,627.66,CAD
CA00001038,2025-01-30,BR005,TLR-3251,C500553,cash withdrawal,1707.98,CAD
CA00007990,2025-01-23,BR040,TLR-3304,C500741,cash deposit,208.29,CAD
CA00002368,2025-01-08,BR012,TLR-7898,C500038,cash deposit,3186.42,CAD
CA00004272,2025-01-14,BR022,TLR-2875,C500164,cash deposit,752.07,CAD
CA00003385,2025-01-22,BR017,TLR-5037,C500609,cash withdrawal,334.53,CAD
CA00002676,2025-01-07,BR014,TLR-1431,C502153,cash withdrawal,552.47,CAD
CA00001008,2025-01-01,BR004,TLR-1174,C500433,cash deposit,1314.62,CAD
CA00007105,2025-01-26,BR036,TLR-3024,C501681,cash withdrawal,2394.65,CAD
CA00003751,2025-01-15,BR019,TLR-2082,C501729,cash deposit,486.35,CAD
CA00005931,2025-01-11,BR030,TLR-7361,C500030,cash deposit,211.92,CAD
CA00001048,2025-01-20,BR005,TLR-5676,C503761,cash deposit,3695.65,CAD
CA00008257,2025-01-11,BR040,TLR-2026,C500267,cash deposit,1104.84,CAD
CA00003253,2025-01-25,BR017,TLR-4300,C500295,cash withdrawal,1152.95,CAD
CA00000812,2025-01-28,BR004,TLR-6481,C502426,cash withdrawal,699.05,CAD
CA00001466,2025-01-29,BR007,TLR-6381,C500025,cash deposit,555.29,CAD
CA00007415,2025-01-03,BR037,TLR-1137,C503644,cash deposit,1274.38,CAD
CA00003601,2025-01-10,BR019,TLR-1981,C503044,cash deposit,711.46,CAD
CA00000707,2025-01-25,BR003,TLR-9682,C501941,cash deposit,544.27,CAD
CA00003719,2025-01-25,BR019,TLR-3307,C503311,cash withdrawal,247.69,CAD
CA00000184,2025-01-21,BR001,TLR-6849,C503993,cash withdrawal,1899.4,CAD
CA00008403,2025-01-24,BR040,TLR-8191,C502189,cash deposit,856.91,CAD
CA00004752,2025-01-06,BR024,TLR-5239,C502597,cash withdrawal,643.43,CAD
CA00000029,2025-01-30,BR001,TLR-1550,C502952,cash deposit,774.81,CAD
CA00006110,2025-01-25,BR031,TLR-6808,C502392,cash deposit,1131.37,CAD
CA00004982,2025-01-25,BR025,TLR-7802,C503916,cash deposit,389.87,CAD
CA00005696,2025-01-15,BR030,TLR-4358,C503899,cash withdrawal,3101.98,CAD
CA00007441,2025-01-01,BR037,TLR-9347,C502810,cash withdrawal,877.6,CAD
CA00004682,2025-01-21,BR024,TLR-2061,C501996,cash deposit,2953.04,CAD
CA00006166,2025-01-14,BR031,TLR-9807,C500533,cash withdrawal,1441.02,CAD
CA00002668,2025-01-18,BR014,TLR-8396,C500013,cash withdrawal,503.94,CAD
CA00007918,2025-01-19,BR039,TLR-1371,C501031,cash deposit,1278.87,CAD
CA00007453,2025-01-29,BR037,TLR-3117,C503124,cash deposit,929.71,CAD
CA00003248,2025-01-05,BR017,TLR-8000,C502109,cash deposit,370.34,CAD
CA00002162,2025-01-10,BR011,TLR-4117,C501309,cash withdrawal,2318.3,CAD
CA00000164,2025-01-16,BR001,TLR-2005,C503286,cash deposit,2485.76,CAD
CA00005501,2025-01-08,BR028,TLR-7567,C501601,cash withdrawal,1550.68,CAD
CA00007909,2025-01-31,BR039,TLR-3606,C500125,cash deposit,858.03,CAD
CA00003642,2025-01-15,BR019,TLR-7870,C501778,cash withdrawal,714.46,CAD
CA00007690,2025-01-10,BR038,TLR-7653,C503568,cash withdrawal,316.29,CAD
CA00001045,2025-01-28,BR005,TLR-2427,C501735,cash deposit,262.2,CAD
CA00007751,2025-01-20,BR038,TLR-9039,C503447,cash withdrawal,1806.0,CAD
CA00004474,2025-01-13,BR024,TLR-6199,C501546,cash deposit,872.37,CAD
CA00006217,2025-01-19,BR031,TLR-7193,C502177,cash deposit,3608.1,CAD
CA00002290,2025-01-31,BR012,TLR-4439,C502330,cash withdrawal,1213.67,CAD
CA00001317,2025-01-23,BR006,TLR-4946,C501213,cash deposit,1164.37,CAD
CA00003919,2025-01-28,BR020,TLR-6153,C503445,cash deposit,413.82,USD
CA00002526,2025-01-26,BR014,TLR-2245,C503820,cash deposit,1073.47,CAD
CA00004967,2025-01-06,BR025,TLR-7441,C501165,cash deposit,479.31,CAD
CA00002255,2025-01-06,BR012,TLR-7151,C502026,cash deposit,369.62,CAD
CA00003930,2025-01-04,BR020,TLR-5557,C501534,cash deposit,716.04,USD
CA00003400,2025-01-26,BR017,TLR-5903,C502685,cash deposit,617.09,CAD
CA00000542,2025-01-06,BR002,TLR-3751,C500565,cash withdrawal,-911.73,CAD
CA00007175,2025-01-13,BR036,TLR-8326,C501494,cash deposit,679.2,CAD
CA00003141,2025-01-29,BR016,TLR-9856,C501195,cash deposit,906.32,CAD
CA00000802,2025-01-29,BR004,TLR-7617,C502545,cash deposit,2114.17,CAD
CA00001533,2025-01-23,BR007,TLR-9784,C500847,cash withdrawal,119.9,CAD
CA00004659,2025-01-01,BR024,TLR-3077,C501620,cash deposit,492.06,CAD
CA00003790,2025-01-06,BR019,TLR-1079,C501367,cash withdrawal,1769.98,CAD
CA00000753,2025-01-01,BR004,TLR-6065,C502625,cash withdrawal,903.28,CAD
CA00002732,2025-01-10,BR015,TLR-6736,C501259,cash deposit,409.27,CAD
CA00006904,2025-01-18,BR035,TLR-4948,C503602,cash withdrawal,1175.05,CAD
CA00000215,2025-01-01,BR001,TLR-2212,C502234,cash withdrawal,412.63,CAD
CA00001836,2025-01-23,BR009,TLR-8459,C500201,cash deposit,995.69,CAD
CA00007838,2025-01-31,BR039,TLR-8822,C501954,cash deposit,662.75,CAD
CA00004849,2025-01-25,BR025,TLR-9528,C503074,cash withdrawal,-92.08,CAD
CA00006101,2025-01-14,BR031,TLR-2153,C500173,cash withdrawal,613.58,CAD
CA00007025,2025-01-23,BR036,TLR-2403,C503355,cash withdrawal,1074.82,CAD
CA00004061,2025-01-13,BR020,TLR-2267,C502694,cash deposit,511.03,USD
CA00000120,2025-01-25,BR001,TLR-5965,C503866,cash deposit,926.35,CAD
CA00001178,2025-01-15,BR006,TLR-8722,C503686,cash withdrawal,526.45,CAD
CA00002111,2025-01-02,BR011,TLR-8664,C500139,cash deposit,1456.38,CAD
CA00005240,2025-01-13,BR026,TLR-1203,C501042,cash deposit,1314.86,CAD
CA00000732,2025-01-09,BR003,TLR-5330,C503406,cash withdrawal,1299.17,CAD
CA00006070,2025-01-08,BR031,TLR-8698,C500493,cash withdrawal,5313.47,CAD
CA00002209,2025-01-19,BR012,TLR-6963,C503358,cash withdrawal,2943.82,CAD
CA00000686,2025-01-16,BR003,TLR-7820,C501580,cash withdrawal,496.43,CAD
CA00001223,2025-01-09,BR006,TLR-6886,C501681,cash withdrawal,1336.58,CAD
CA00005657,2025-01-13,BR029,TLR-4160,C500805,cash deposit,924.47,CAD
CA00001583,2025-01-22,BR008,TLR-3716,C501017,cash deposit,744.02,CAD
CA00005715,2025-01-15,BR030,TLR-3877,C503185,cash withdrawal,464.17,CAD
CA00003007,2025-01-31,BR016,TLR-2412,C500887,cash deposit,575.36,CAD
CA00001966,2025-01-23,BR010,TLR-6372,C500907,cash withdrawal,227.86,CAD
CA00007437,2025-01-04,BR037,TLR-1128,C502241,cash deposit,1275.78,CAD
CA00008177,2025-01-16,BR040,TLR-7800,C500281,cash deposit,3146.66,CAD
CA00002685,2025-01-17,BR014,TLR-2753,C501841,cash deposit,220.76,CAD
CA00004761,2025-01-09,BR024,TLR-7696,C502423,cash deposit,1306.62,CAD
CA00008285,2025-01-21,BR040,TLR-6820,C503521,cash withdrawal,701.63,CAD
CA00006651,2025-01-05,BR034,TLR-1748,C501120,cash withdrawal,651.17,CAD
CA00007350,2025-01-31,BR037,TLR-3333,C503924,cash withdrawal,1502.75,CAD
CA00000520,2025-01-05,BR002,TLR-1686,C501355,cash deposit,940.05,CAD
CA00002389,2025-01-22,BR012,TLR-7350,C501185,cash withdrawal,343.34,CAD
CA00003062,2025-01-02,BR016,TLR-4309,C500058,cash withdrawal,2448.5,CAD
CA00005698,2025-01-17,BR030,TLR-5514,C502229,cash deposit,1235.37,CAD
CA00003272,2025-01-30,BR017,TLR-9137,C500142,cash withdrawal,955.71,CAD
CA00001782,2025-01-28,BR008,TLR-5567,C503698,cash deposit,557.7,CAD
CA00002332,2025-01-09,BR012,TLR-2345,C503136,cash withdrawal,474.09,CAD
CA00008505,2025-01-12,BR040,TLR-9987,C502583,cash deposit,1170.19,CAD
CA00006353,2025-01-28,BR032,TLR-1904,C501493,cash withdrawal,1878.12,CAD
CA00007723,2025-01-19,BR038,TLR-3430,C501746,cash withdrawal,836.52,CAD
CA00006128,2025-01-09,BR031,TLR-5268,C503025,cash withdrawal,736.48,CAD
CA00006532,2025-01-23,BR033,TLR-8927,C500494,cash withdrawal,1094.92,CAD
CA00001813,2025-01-26,BR009,TLR-3787,C502976,cash deposit,429.25,CAD
CA00005765,2025-01-24,BR030,TLR-5678,C503471,cash withdrawal,1743.07,CAD
CA00006631,2025-01-12,BR034,TLR-9304,C501720,cash withdrawal,352.42,CAD
CA00001764,2025-01-07,BR008,TLR-3664,C501829,cash withdrawal,802.07,CAD
CA00006847,2025-01-29,BR035,TLR-8143,C503846,cash withdrawal,580.83,CAD
CA00008280,2025-01-19,BR040,TLR-9104,C503449,cash deposit,1808.17,CAD
CA00000418,2025-01-20,BR002,TLR-2591,C503838,cash deposit,504.3,CAD
CA00000190,2025-01-01,BR001,TLR-5599,C502653,cash deposit,468.58,CAD
CA00003402,2025-01-27,BR017,TLR-5336,C502619,cash withdrawal,684.79,CAD
CA00000288,2025-01-15,BR001,TLR-4314,C503578,cash deposit,370.48,CAD
CA00000714,2025-01-19,BR003,TLR-2920,C501964,cash deposit,1024.25,CAD
CA00000902,2025-01-03,BR004,TLR-1359,C500958,cash withdrawal,757.47,CAD
CA00004829,2025-01-14,BR025,TLR-5638,C500286,cash deposit,610.91,CAD
CA00001399,2025-01-20,BR007,TLR-6166,C501399,cash deposit,1614.45,CAD
CA00004651,2025-01-31,BR024,TLR-8432,C500367,cash deposit,423.77,CAD
CA00007212,2025-01-09,BR036,TLR-4334,C503969,cash withdrawal,3610.7,CAD
CA00001918,2025-01-04,BR009,TLR-7402,C500524,cash deposit,353.39,CAD
CA00007274,2025-01-13,BR036,TLR-4555,C500512,cash withdrawal,664.0,CAD
CA00003451,2025-01-07,BR017,TLR-1468,C503390,cash deposit,578.07,CAD
CA00004342,2025-01-01,BR023,TLR-9526,C503275,cash deposit,1369.8,CAD
CA00002742,2025-01-12,BR015,TLR-9849,C502844,cash withdrawal,621.17,CAD
CA00007508,2025-01-18,BR037,TLR-1193,C501406,cash withdrawal,994.51,CAD
CA00000895,2025-01-10,BR004,TLR-3847,C502292,cash withdrawal,386.92,CAD
CA00005379,2025-01-17,BR027,TLR-8173,C502957,cash withdrawal,176.91,CAD
CA00005364,2025-01-27,BR027,TLR-9844,C503154,cash deposit,359.49,CAD
CA00004000,2025-01-23,BR020,TLR-2621,C502823,cash withdrawal,1634.53,USD
CA00003907,2025-01-23,BR020,TLR-7358,C503412,cash withdrawal,1790.25,USD
CA00008517,2025-01-25,BR040,TLR-7064,C500771,cash deposit,3350.65,CAD
CA00003088,2025-01-20,BR016,TLR-2353,C503200,cash deposit,844.43,CAD
CA00001584,2025-01-02,BR008,TLR-9993,C503418,cash withdrawal,4354.48,CAD
CA00004988,2025-01-04,BR025,TLR-8698,C503559,cash withdrawal,-449.22,CAD
CA00000905,2025-01-02,BR004,TLR-3979,C500143,cash deposit,1443.11,CAD
CA00004423,2025-01-26,BR023,TLR-8947,C500183,cash withdrawal,988.23,CAD
CA00007916,2025-01-29,BR039,TLR-2275,C500063,cash deposit,1740.11,CAD
CA00000008,2025-01-01,BR001,TLR-3671,C502644,cash deposit,1031.1,CAD
CA00003262,2025-01-13,BR017,TLR-4831,C500500,cash deposit,2860.9,CAD
CA00002599,2025-01-11,BR014,TLR-1263,C500423,cash deposit,1823.25,CAD
CA00004389,2025-01-10,BR023,TLR-6400,C501926,cash deposit,2599.24,CAD
CA00005330,2025-01-31,BR027,TLR-7761,C500890,cash deposit,939.36,CAD
CA00008197,2025-01-10,BR040,TLR-4209,C502788,cash deposit,233.57,CAD
CA00003504,2025-01-11,BR018,TLR-4115,C503645,cash deposit,3397.58,CAD
CA00008038,2025-01-31,BR040,TLR-8592,C501218,cash withdrawal,2141.81,CAD
CA00007948,2025-01-07,BR039,TLR-2468,C502274,cash withdrawal,1602.91,CAD
CA00002881,2025-01-29,BR015,TLR-4078,C501332,cash deposit,2808.05,CAD
CA00006617,2025-01-09,BR034,TLR-8007,C503250,cash withdrawal,762.48,CAD
CA00007179,2025-01-11,BR036,TLR-9650,C503504,cash deposit,1702.83,CAD
CA00003956,2025-01-14,BR020,TLR-3807,C500879,cash withdrawal,1049.82,USD
CA00008634,2025-01-30,BR040,TLR-4481,C501346,cash deposit,835.36,CAD
CA00000374,2025-01-03,BR002,TLR-1018,C500078,cash withdrawal,-674.68,CAD
CA00006998,2025-01-18,BR035,TLR-7053,C502048,cash withdrawal,2704.25,CAD
CA00004850,2025-01-31,BR025,TLR-2791,C502943,cash deposit,790.2,CAD
CA00006903,2025-01-12,BR035,TLR-3389,C502505,cash withdrawal,2246.53,CAD
CA00000118,2025-01-31,BR001,TLR-7752,C500342,cash withdrawal,466.63,CAD
CA00002978,2025-01-07,BR015,TLR-8087,C500176,cash deposit,2328.94,CAD
CA00001550,2025-01-21,BR007,TLR-6098,C501256,cash deposit,386.34,CAD
CA00003981,2025-01-31,BR020,TLR-2227,C502461,cash deposit,306.82,USD
CA00005965,2025-01-26,BR030,TLR-1876,C501655,cash withdrawal,1052.7,CAD
CA00007863,2025-01-09,BR039,TLR-6875,C503009,cash deposit,1524.43,CAD
CA00005928,2025-01-18,BR030,TLR-2105,C501616,cash withdrawal,725.93,CAD
CA00005450,2025-01-06,BR028,TLR-7021,C501588,cash deposit,577.41,CAD
CA00001932,2025-01-24,BR010,TLR-1091,C503552,cash withdrawal,2507.1,CAD
CA00001065,2025-01-08,BR005,TLR-5862,C503894,cash deposit,2500.06,CAD
CA00004806,2025-01-16,BR025,TLR-9685,C503148,cash withdrawal,-565.79,CAD
CA00003706,2025-01-31,BR019,TLR-8717,C502195,cash withdrawal,777.79,CAD
CA00001840,2025-01-04,BR009,TLR-3552,C501402,cash withdrawal,1954.02,CAD
CA00003530,2025-01-21,BR018,TLR-5833,C503076,cash deposit,496.96,CAD
CA00001357,2025-01-26,BR007,TLR-5542,C503714,cash deposit,1087.45,CAD
CA00003315,2025-01-26,BR017,TLR-8950,C500813,cash deposit,685.55,CAD
CA00002543,2025-01-28,BR014,TLR-4391,C500808,cash deposit,1330.23,CAD
CA00003942,2025-01-26,BR020,TLR-4749,C503325,cash deposit,1222.95,USD
CA00006803,2025-01-05,BR035,TLR-7331,C501989,cash deposit,664.75,CAD
CA00006469,2025-01-31,BR033,TLR-7541,C503149,cash withdrawal,1290.56,CAD
CA00007529,2025-01-08,BR037,TLR-1555,C503278,cash deposit,819.99,CAD
CA00000971,2025-01-08,BR004,TLR-3544,C502495,cash withdrawal,1299.47,CAD
CA00004832,2025-01-22,BR025,TLR-6344,C501975,cash deposit,1219.0,CAD
CA00004561,2025-01-10,BR024,TLR-2708,C502381,cash withdrawal,6249.69,CAD
CA00008254,2025-01-16,BR040,TLR-1506,C501622,cash deposit,1285.04,CAD
CA00002237,2025-01-29,BR012,TLR-6927,C501652,cash deposit,372.42,CAD
CA00002973,2025-01-16,BR015,TLR-5014,C501051,cash deposit,2362.2,CAD
CA00001572,2025-01-27,BR008,TLR-6524,C501428,cash deposit,1089.83,CAD
CA00007487,2025-01-24,BR037,TLR-3409,C500230,cash deposit,632.12,CAD
CA00004060,2025-01-15,BR020,TLR-6133,C502789,cash withdrawal,626.19,USD
CA00007911,2025-01-31,BR039,TLR-5354,C503007,cash withdrawal,1100.07,CAD
CA00006876,2025-01-08,BR035,TLR-8991,C501691,cash withdrawal,380.62,CAD
CA00005530,2025-01-19,BR028,TLR-7529,C502153,cash withdrawal,1834.23,CAD
CA00002712,2025-01-14,BR014,TLR-2318,C501757,cash deposit,334.13,CAD
CA00000138,2025-01-09,BR001,TLR-5510,C502393,cash deposit,1552.23,CAD
CA00004709,2025-01-03,BR024,TLR-6545,C503600,cash withdrawal,528.82,CAD
CA00005875,2025-01-23,BR030,TLR-9262,C501858,cash deposit,6998.71,CAD
CA00006460,2025-01-31,BR033,TLR-5668,C500362,cash withdrawal,878.21,CAD
CA00000836,2025-01-22,BR004,TLR-7472,C500137,cash deposit,484.4,CAD
CA00004559,2025-01-29,BR024,TLR-9398,C500463,cash deposit,362.89,CAD
CA00003346,2025-01-02,BR017,TLR-3681,C502678,cash deposit,1354.13,CAD
CA00004800,2025-01-19,BR025,TLR-4057,C503405,cash withdrawal,-190.01,CAD
CA00004980,2025-01-26,BR025,TLR-2528,C503221,cash withdrawal,-269.03,CAD
CA00003550,2025-01-11,BR018,TLR-7560,C503895,cash deposit,3145.5,CAD
CA00003703,2025-01-04,BR019,TLR-3302,C500946,cash withdrawal,227.27,CAD
CA00005351,2025-01-25,BR027,TLR-6244,C500768,cash withdrawal,803.85,CAD
CA00001912,2025-01-11,BR009,TLR-2883,C500171,cash withdrawal,653.27,CAD
CA00002669,2025-01-26,BR014,TLR-5107,C503044,cash withdrawal,455.19,CAD
CA00002432,2025-01-11,BR013,TLR-5115,C500002,cash deposit,1018.65,CAD
CA00001033,2025-01-31,BR005,TLR-9586,C502065,cash withdrawal,1472.66,CAD
CA00005737,2025-01-17,BR030,TLR-7151,C503345,cash withdrawal,393.73,CAD
CA00004810,2025-01-30,BR025,TLR-6599,C501183,cash withdrawal,-1198.59,CAD
CA00001720,2025-01-09,BR008,TLR-2695,C500332,cash deposit,1597.61,CAD
CA00006316,2025-01-24,BR032,TLR-2593,C500446,cash withdrawal,846.2,CAD
