TransactionID,Date,BranchCode,TellerID,CustomerID,TransactionType,Amount,Currency
CA00020594,2025-03-27,BR015,TLR-4196,C500213,cash withdrawal,929.7,CAD
CA00023809,2025-03-30,BR031,TLR-5694,C500045,cash deposit,1145.53,CAD
CA00023009,2025-03-01,BR027,TLR-2867,C501760,cash deposit,649.4,CAD
CA00021071,2025-03-16,BR017,TLR-4776,C502773,cash deposit,1594.02,CAD
CA00018227,2025-03-11,BR002,TLR-8391,C502985,cash deposit,445.45,CAD
CA00017910,2025-03-05,BR001,TLR-5146,C502402,cash withdrawal,633.69,CAD
CA00018901,2025-03-08,BR006,TLR-1467,C503916,cash withdrawal,2722.77,CAD
CA00020176,2025-03-04,BR012,TLR-3101,C501529,cash deposit,2750.35,CAD
CA00025500,2025-03-23,BR039,TLR-2691,C501100,cash deposit,1136.58,CAD
CA00022440,2025-03-29,BR024,TLR-3116,C500493,cash withdrawal,2244.65,CAD
CA00022046,2025-03-03,BR023,TLR-7956,C503951,cash deposit,387.47,CAD
CA00023866,2025-03-29,BR031,TLR-7377,C502974,cash withdrawal,560.58,CAD
CA00021892,2025-03-17,BR021,TLR-3720,C502915,cash deposit,1124.9,CAD
CA00025490,2025-03-07,BR039,TLR-9625,C502301,cash deposit,1294.36,CAD
CA00022560,2025-03-27,BR025,TLR-6695,C503171,cash deposit,1455.5,CAD
CA00025112,2025-03-08,BR037,TLR-9658,C500250,cash withdrawal,3548.09,CAD
CA00023153,2025-03-13,BR028,TLR-1453,C502225,cash withdrawal,378.31,CAD
CA00025111,2025-03-07,BR037,TLR-6269,C502562,cash deposit,615.99,CAD
CA00025273,2025-03-31,BR038,TLR-3815,C502576,cash withdrawal,464.89,CAD
CA00024752,2025-03-07,BR036,TLR-4611,C500501,cash withdrawal,1835.8,CAD
CA00026172,2025-03-23,BR040,TLR-4653,C501698,cash withdrawal,839.82,CAD
CA00026349,2025-03-03,BR040,TLR-7517,C501831,cash withdrawal,2018.01,CAD
CA00021910,2025-03-10,BR021,TLR-8858,C501005,cash withdrawal,1259.95,CAD
CA00022237,2025-03-05,BR024,TLR-8440,C502680,cash deposit,1585.17,CAD
CA00022540,2025-03-19,BR025,TLR-6160,C500085,cash withdrawal,-1423.97,CAD
CA00021109,2025-03-27,BR017,TLR-9846,C503593,cash withdrawal,296.72,CAD
CA00024107,2025-03-02,BR033,TLR-5626,C503557,cash deposit,797.06,CAD
CA00017841,2025-03-05,BR001,TLR-3673,C500690,cash deposit,1927.88,CAD
CA00023079,2025-03-20,BR027,TLR-3075,C502644,cash deposit,1420.47,CAD
CA00020746,2025-03-23,BR015,TLR-3302,C501935,cash deposit,626.43,CAD
CA00022819,2025-03-29,BR026,TLR-7420,C501628,cash withdrawal,-1345.19,CAD
CA00022609,2025-03-13,BR025,TLR-7136,C503931,cash withdrawal,-751.42,CAD
CA00024092,2025-03-27,BR033,TLR-3658,C503700,cash withdrawal,542.79,CAD
CA00017844,2025-03-24,BR001,TLR-9963,C503641,cash withdrawal,491.98,CAD
CA00024774,2025-03-18,BR036,TLR-5736,C502394,cash withdrawal,1575.1,CAD
CA00018182,2025-03-02,BR002,TLR-2246,C502762,cash deposit,907.65,CAD
CA00025207,2025-03-14,BR037,TLR-8605,C500313,cash withdrawal,1921.15,CAD
CA00024330,2025-03-28,BR034,TLR-8543,C502489,cash deposit,1584.48,CAD
CA00017843,2025-03-14,BR001,TLR-6087,C501772,cash withdrawal,469.24,CAD
CA00020306,2025-03-04,BR014,TLR-3460,C502327,cash withdrawal,371.75,CAD
CA00024104,2025-03-20,BR033,TLR-9503,C500488,cash withdrawal,437.09,CAD
CA00021098,2025-03-10,BR017,TLR-7542,C501181,cash deposit,435.98,CAD
CA00024158,2025-03-12,BR033,TLR-9385,C502371,cash withdrawal,311.97,CAD
CA00024132,2025-03-14,BR033,TLR-7496,C500809,cash deposit,3242.06,CAD
CA00020239,2025-03-24,BR013,TLR-6100,C503256,cash withdrawal,295.65,CAD
CA00021510,2025-03-20,BR019,TLR-4140,C502496,cash deposit,1025.93,CAD
CA00022564,2025-03-25,BR025,TLR-5460,C500842,cash deposit,391.22,CAD
CA00022621,2025-03-15,BR025,TLR-3269,C500018,cash deposit,453.38,CAD
CA00022041,2025-03-11,BR023,TLR-5281,C500131,cash withdrawal,1605.78,CAD
CA00024873,2025-03-12,BR036,TLR-2046,C502857,cash deposit,1174.75,CAD
CA00024828,2025-03-12,BR036,TLR-9347,C503224,cash withdrawal,230.96,CAD
CA00022993,2025-03-18,BR027,TLR-6767,C501599,cash withdrawal,3506.69,CAD
CA00023540,2025-03-08,BR030,TLR-1148,C502365,cash deposit,1938.93,CAD
CA00026381,2025-03-21,BR040,TLR-8704,C503391,cash withdrawal,2971.88,CAD
CA00025686,2025-03-15,BR040,TLR-8970,C500926,cash deposit,449.82,CAD
CA00025953,2025-03-04,BR040,TLR-5359,C501082,cash withdrawal,339.05,CAD
CA00020479,2025-03-15,BR014,TLR-1222,C503464,cash withdrawal,2903.82,CAD
CA00020735,2025-03-30,BR015,TLR-5237,C503272,cash withdrawal,1380.43,CAD
CA00024232,2025-03-12,BR033,TLR-2513,C501941,cash deposit,1298.72,CAD
CA00025065,2025-03-30,BR037,TLR-8109,C500622,cash deposit,1889.17,CAD
CA00017721,2025-03-30,BR001,TLR-6553,C502892,cash withdrawal,632.83,CAD
CA00024892,2025-03-31,BR036,TLR-6081,C503100,cash withdrawal,732.29,CAD
CA00019952,2025-03-19,BR012,TLR-7930,C503053,cash withdrawal,466.47,CAD
CA00020864,2025-03-23,BR016,TLR-1526,C501444,cash withdrawal,595.04,CAD
CA00023375,2025-03-23,BR030,TLR-1821,C501709,cash withdrawal,894.33,CAD
CA00025319,2025-03-31,BR038,TLR-8321,C503660,cash withdrawal,2511.14,CAD
CA00018833,2025-03-27,BR006,TLR-4495,C500534,cash withdrawal,890.59,CAD
CA00022377,2025-03-24,BR024,TLR-8632,C502788,cash deposit,688.71,CAD
CA00022763,2025-03-04,BR026,TLR-8282,C501447,cash deposit,1293.54,CAD
CA00019276,2025-03-23,BR007,TLR-7844,C502118,cash withdrawal,2107.76,CAD
CA00026181,2025-03-29,BR040,TLR-2628,C501914,cash withdrawal,1324.47,CAD
CA00023322,2025-03-26,BR029,TLR-2816,C503886,cash deposit,786.72,CAD
CA00026233,2025-03-20,BR040,TLR-7987,C502479,cash withdrawal,3745.17,CAD
CA00020015,2025-03-04,BR012,TLR-5066,C501597,cash withdrawal,2122.73,CAD
CA00026513,2025-03-01,BR040,TLR-2444,C503976,cash withdrawal,720.28,CAD
CA00026053,2025-03-19,BR040,TLR-8717,C501934,cash deposit,277.03,CAD
CA00025579,2025-03-08,BR039,TLR-3700,C501849,cash deposit,1040.21,CAD
CA00025036,2025-03-25,BR037,TLR-7711,C500644,cash deposit,494.87,CAD
CA00018623,2025-03-03,BR004,TLR-2366,C503387,cash withdrawal,393.69,CAD
CA00023287,2025-03-15,BR029,TLR-2193,C503405,cash withdrawal,1897.5,CAD
CA00025013,2025-03-26,BR037,TLR-2476,C503574,cash withdrawal,561.36,CAD
CA00026474,2025-03-16,BR040,TLR-1157,C500369,cash withdrawal,833.43,CAD
CA00019803,2025-03-14,BR010,TLR-4861,C503921,cash withdrawal,1700.23,CAD
CA00024223,2025-03-12,BR033,TLR-8691,C503092,cash deposit,1298.0,CAD
CA00020323,2025-03-08,BR014,TLR-2813,C503899,cash deposit,696.13,CAD
CA00017945,2025-03-27,BR001,TLR-3112,C502249,cash deposit,2095.85,CAD
CA00022912,2025-03-04,BR027,TLR-7997,C500378,cash withdrawal,589.79,CAD
CA00026277,2025-03-06,BR040,TLR-4789,C500848,cash withdrawal,969.49,CAD
CA00025931,2025-03-10,BR040,TLR-6648,C502083,cash deposit,1466.76,CAD
CA00022048,2025-03-28,BR023,TLR-4744,C503599,cash deposit,2108.74,CAD
CA00023595,2025-03-24,BR030,TLR-4810,C501304,cash withdrawal,1063.57,CAD
CA00024737,2025-03-14,BR036,TLR-5173,C502118,cash withdrawal,1055.74,CAD
CA00020936,2025-03-24,BR016,TLR-5719,C502045,cash withdrawal,687.83,CAD
CA00019018,2025-03-14,BR006,TLR-7931,C501292,cash deposit,779.76,CAD
CA00019239,2025-03-28,BR007,TLR-4964,C502902,cash withdrawal,885.82,CAD
CA00021096,2025-03-30,BR017,TLR-6188,C500904,cash deposit,676.35,CAD
CA00024731,2025-03-28,BR036,TLR-9905,C501709,cash withdrawal,758.53,CAD
CA00022581,2025-03-08,BR025,TLR-6040,C503692,cash withdrawal,-2161.49,CAD
CA00019450,2025-03-18,BR008,TLR-7310,C503611,cash withdrawal,1318.61,CAD
CA00021734,2025-03-31,BR020,TLR-9348,C500195,cash withdrawal,1591.5,USD
CA00026382,2025-03-13,BR040,TLR-7158,C502609,cash withdrawal,640.86,CAD
CA00021672,2025-03-07,BR020,TLR-5016,C503852,cash withdrawal,534.66,USD
CA00019074,2025-03-21,BR007,TLR-7411,C501520,cash withdrawal,245.84,CAD
CA00021901,2025-03-08,BR021,TLR-2292,C501920,cash withdrawal,1462.02,CAD
CA00024142,2025-03-28,BR033,TLR-2182,C501552,cash withdrawal,567.82,CAD
CA00018059,2025-03-28,BR002,TLR-6943,C501411,cash withdrawal,-830.59,CAD
CA00024896,2025-03-07,BR036,TLR-6910,C502874,cash deposit,1857.83,CAD
CA00023726,2025-03-24,BR031,TLR-8482,C503636,cash deposit,1503.15,CAD
CA00026315,2025-03-26,BR040,TLR-1176,C503970,cash withdrawal,1723.28,CAD
CA00018314,2025-03-03,BR003,TLR-3575,C501717,cash deposit,792.77,CAD
CA00024819,2025-03-23,BR036,TLR-1075,C500439,cash withdrawal,908.05,CAD
CA00019494,2025-03-19,BR008,TLR-8732,C503393,cash withdrawal,1294.79,CAD
CA00025429,2025-03-09,BR038,TLR-7498,C501113,cash withdrawal,3153.52,CAD
CA00018276,2025-03-24,BR003,TLR-3293,C503896,cash withdrawal,1013.22,CAD
CA00025316,2025-03-31,BR038,TLR-3541,C503813,cash deposit,584.43,CAD
CA00026429,2025-03-21,BR040,TLR-7692,C503665,cash deposit,253.89,CAD
CA00019722,2025-03-24,BR009,TLR-9395,C503623,cash withdrawal,614.77,CAD
CA00022105,2025-03-29,BR023,TLR-2302,C502014,cash withdrawal,2682.31,CAD
CA00021026,2025-03-20,BR017,TLR-9951,C503482,cash withdrawal,4087.63,CAD
CA00021742,2025-03-14,BR020,TLR-8375,C502142,cash deposit,599.25,USD
CA00017913,2025-03-20,BR001,TLR-2998,C500428,cash withdrawal,1135.52,CAD
CA00019452,2025-03-04,BR008,TLR-3171,C502548,cash withdrawal,341.27,CAD
CA00018396,2025-03-29,BR003,TLR-5747,C500760,cash deposit,163.24,CAD
CA00026017,2025-03-21,BR040,TLR-5366,C502448,cash deposit,838.51,CAD
CA00025408,2025-03-26,BR038,TLR-4596,C503809,cash deposit,343.16,CAD
CA00023958,2025-03-13,BR032,TLR-8839,C500176,cash deposit,280.57,CAD
CA00025459,2025-03-26,BR038,TLR-5298,C501295,cash withdrawal,357.15,CAD
CA00018775,2025-03-09,BR005,TLR-4380,C503373,cash withdrawal,383.37,CAD
CA00022047,2025-03-13,BR023,TLR-5802,C501152,cash deposit,1855.18,CAD
CA00018033,2025-03-07,BR002,TLR-7503,C503076,cash withdrawal,-790.44,CAD
CA00019011,2025-03-24,BR006,TLR-4001,C500408,cash deposit,1130.73,CAD
CA00025247,2025-03-27,BR037,TLR-6022,C502344,cash withdrawal,1715.88,CAD
CA00023984,2025-03-21,BR032,TLR-3570,C501053,cash withdrawal,1479.84,CAD
CA00019950,2025-03-17,BR012,TLR-4796,C502695,cash withdrawal,1590.07,CAD
CA00022386,2025-03-04,BR024,TLR-7180,C501981,cash deposit,819.88,CAD
CA00025854,2025-03-16,BR040,TLR-9533,C500742,cash withdrawal,362.46,CAD
CA00022383,2025-03-24,BR024,TLR-5754,C500001,cash withdrawal,1381.9,CAD
CA00023120,2025-03-19,BR028,TLR-2624,C500303,cash withdrawal,528.62,CAD
CA00022974,2025-03-21,BR027,TLR-9615,C503599,cash withdrawal,432.05,CAD
CA00019091,2025-03-30,BR007,TLR-9259,C502893,cash withdrawal,547.05,CAD
CA00018648,2025-03-14,BR004,TLR-1493,C500312,cash withdrawal,388.83,CAD
CA00023675,2025-03-25,BR031,TLR-5414,C500207,cash deposit,358.25,CAD
CA00022966,2025-03-18,BR027,TLR-6490,C501438,cash deposit,1008.45,CAD
CA00024611,2025-03-17,BR035,TLR-3590,C500899,cash withdrawal,1201.88,CAD
CA00022230,2025-03-21,BR024,TLR-6347,C503297,cash withdrawal,650.13,CAD
CA00022111,2025-03-18,BR023,TLR-6963,C501354,cash withdrawal,629.71,CAD
CA00019746,2025-03-14,BR010,TLR-6035,C502600,cash withdrawal,414.25,CAD
CA00025876,2025-03-17,BR040,TLR-1950,C502405,cash deposit,1225.68,CAD
CA00026558,2025-03-26,BR040,TLR-6587,C501752,cash deposit,744.16,CAD
CA00025728,2025-03-25,BR040,TLR-8628,C503621,cash withdrawal,585.75,CAD
CA00020260,2025-03-13,BR013,TLR-4509,C501157,cash deposit,1622.64,CAD
CA00018457,2025-03-06,BR003,TLR-9114,C502855,cash deposit,735.59,CAD
CA00023214,2025-03-29,BR028,TLR-8142,C503573,cash deposit,1616.97,CAD
CA00025641,2025-03-11,BR039,TLR-2445,C503547,cash withdrawal,661.26,CAD
CA00021956,2025-03-15,BR022,TLR-8431,C501706,cash deposit,3767.69,CAD
CA00024945,2025-03-22,BR036,TLR-3225,C503926,cash deposit,2941.1,CAD
CA00020616,2025-03-27,BR015,TLR-3862,C501282,cash withdrawal,1379.27,CAD
CA00023258,2025-03-13,BR029,TLR-4504,C500454,cash deposit,1085.36,CAD
CA00020881,2025-03-30,BR016,TLR-4266,C500775,cash withdrawal,2160.51,CAD
CA00023932,2025-03-18,BR032,TLR-3050,C500010,cash withdrawal,2332.85,CAD
CA00021318,2025-03-18,BR018,TLR-6096,C500215,cash withdrawal,1491.19,CAD
CA00024665,2025-03-11,BR036,TLR-1697,C503793,cash withdrawal,1021.25,CAD
CA00021560,2025-03-02,BR019,TLR-2033,C503379,cash deposit,1016.5,CAD
CA00022563,2025-03-09,BR025,TLR-5874,C500600,cash withdrawal,-502.89,CAD
CA00018183,2025-03-07,BR002,TLR-1901,C501335,cash deposit,3307.97,CAD
CA00023703,2025-03-07,BR031,TLR-6940,C502390,cash withdrawal,762.72,CAD
CA00022863,2025-03-02,BR026,TLR-2673,C503229,cash withdrawal,-2167.86,CAD
CA00019166,2025-03-11,BR007,TLR-2921,C502551,cash withdrawal,1413.6,CAD
CA00020960,2025-03-27,BR017,TLR-4039,C503371,cash deposit,1275.16,CAD
CA00021342,2025-03-19,BR019,TLR-4325,C502822,cash deposit,1516.09,CAD
CA00025699,2025-03-29,BR040,TLR-1859,C501846,cash withdrawal,849.37,CAD
CA00025149,2025-03-01,BR037,TLR-8324,C501812,cash deposit,631.68,CAD
CA00022973,2025-03-22,BR027,TLR-8792,C502149,cash deposit,2141.52,CAD
CA00022811,2025-03-26,BR026,TLR-8527,C500922,cash deposit,1725.56,CAD
CA00021384,2025-03-18,BR019,TLR-5020,C500760,cash withdrawal,853.99,CAD
CA00019409,2025-03-30,BR008,TLR-7003,C502186,cash deposit,755.06,CAD
CA00023670,2025-03-21,BR031,TLR-4442,C502977,cash withdrawal,1097.65,CAD
CA00024637,2025-03-05,BR035,TLR-7646,C503218,cash deposit,924.0,CAD
CA00021536,2025-03-08,BR019,TLR-9336,C503966,cash deposit,989.49,CAD
CA00025382,2025-03-17,BR038,TLR-3606,C501672,cash deposit,1127.31,CAD
CA00025444,2025-03-18,BR038,TLR-5920,C500709,cash deposit,2869.58,CAD
CA00025346,2025-03-14,BR038,TLR-9607,C502671,cash withdrawal,814.77,CAD
CA00023938,2025-03-22,BR032,TLR-6230,C502649,cash withdrawal,292.7,CAD
CA00020170,2025-03-23,BR012,TLR-4720,C501796,cash deposit,2064.11,CAD
CA00025269,2025-03-30,BR038,TLR-4193,C503760,cash withdrawal,752.54,CAD
CA00025339,2025-03-27,BR038,TLR-3555,C500045,cash deposit,238.12,CAD
CA00024272,2025-03-07,BR034,TLR-7689,C500485,cash withdrawal,583.16,CAD
CA00019553,2025-03-02,BR009,TLR-8151,C503757,cash deposit,464.05,CAD
CA00017821,2025-03-12,BR001,TLR-1242,C502981,cash withdrawal,785.43,CAD
CA00024817,2025-03-27,BR036,TLR-8744,C500584,cash deposit,823.24,CAD
CA00023749,2025-03-26,BR031,TLR-3263,C501809,cash withdrawal,613.93,CAD
CA00024034,2025-03-30,BR032,TLR-8781,C503847,cash withdrawal,498.88,CAD
CA00017943,2025-03-22,BR001,TLR-1582,C503883,cash deposit,836.24,CAD
CA00022999,2025-03-10,BR027,TLR-7489,C503134,cash deposit,1900.59,CAD
CA00019190,2025-03-03,BR007,TLR-8850,C501940,cash withdrawal,718.61,CAD
CA00024204,2025-03-13,BR033,TLR-4046,C501059,cash deposit,1961.98,CAD
CA00021078,2025-03-22,BR017,TLR-5064,C501934,cash withdrawal,260.2,CAD
CA00018347,2025-03-21,BR003,TLR-2440,C502777,cash deposit,380.85,CAD
CA00018037,2025-03-28,BR002,TLR-9612,C503232,cash deposit,858.09,CAD
CA00025966,2025-03-24,BR040,TLR-4675,C501509,cash deposit,323.85,CAD
CA00020169,2025-03-19,BR012,TLR-7858,C500627,cash withdrawal,657.82,CAD
CA00020432,2025-03-20,BR014,TLR-6051,C503988,cash withdrawal,707.43,CAD
CA00017791,2025-03-06,BR001,TLR-6496,C501179,cash withdrawal,2707.42,CAD
CA00021658,2025-03-14,BR020,TLR-4771,C501381,cash deposit,814.76,USD
CA00023610,2025-03-30,BR030,TLR-1902,C503706,cash deposit,476.59,CAD
CA00019227,2025-03-18,BR007,TLR-2039,C501400,cash withdrawal,856.51,CAD
CA00023551,2025-03-16,BR030,TLR-1249,C500097,cash withdrawal,666.03,CAD
CA00024811,2025-03-28,BR036,TLR-6291,C502933,cash deposit,317.41,CAD
CA00025185,2025-03-19,BR037,TLR-6719,C501832,cash deposit,1765.92,CAD
CA00021893,2025-03-25,BR021,TLR-2050,C500480,cash deposit,2743.18,CAD
CA00018194,2025-03-13,BR002,TLR-5050,C501742,cash deposit,1452.1,CAD
CA00022004,2025-03-14,BR022,TLR-2339,C500153,cash withdrawal,1862.52,CAD
CA00021058,2025-03-18,BR017,TLR-8576,C500176,cash withdrawal,2276.8,CAD
CA00022212,2025-03-11,BR024,TLR-8226,C500036,cash deposit,4563.35,CAD
CA00024558,2025-03-03,BR035,TLR-4579,C503933,cash deposit,418.95,CAD
CA00025026,2025-03-02,BR037,TLR-2085,C501818,cash withdrawal,552.79,CAD
CA00021218,2025-03-11,BR018,TLR-3827,C501299,cash deposit,935.56,CAD
CA00025683,2025-03-07,BR040,TLR-6749,C501494,cash deposit,822.59,CAD
CA00022698,2025-03-31,BR026,TLR-8436,C503372,cash withdrawal,-909.44,CAD
CA00018139,2025-03-03,BR002,TLR-3279,C502665,cash deposit,2678.48,CAD
CA00021173,2025-03-26,BR017,TLR-8278,C500958,cash deposit,510.07,CAD
CA00018704,2025-03-09,BR004,TLR-8997,C503422,cash deposit,480.28,CAD
CA00023621,2025-03-21,BR030,TLR-7219,C501080,cash withdrawal,1580.78,CAD
CA00024530,2025-03-25,BR035,TLR-9041,C500419,cash withdrawal,1979.76,CAD
CA00024233,2025-03-20,BR033,TLR-5104,C500741,cash withdrawal,409.07,CAD
CA00022133,2025-03-29,BR023,TLR-6434,C501745,cash deposit,1427.72,CAD
CA00021681,2025-03-24,BR020,TLR-1459,C500429,cash withdrawal,390.19,USD
CA00026353,2025-03-12,BR040,TLR-4700,C503028,cash deposit,1352.48,CAD
CA00021370,2025-03-16,BR019,TLR-8333,C502339,cash deposit,789.26,CAD
CA00021228,2025-03-19,BR018,TLR-5240,C501872,cash deposit,193.83,CAD
CA00023238,2025-03-12,BR029,TLR-8512,C501924,cash deposit,516.42,CAD
CA00022446,2025-03-24,BR025,TLR-2948,C501159,cash withdrawal,-4469.53,CAD
CA00020609,2025-03-13,BR015,TLR-3179,C501921,cash deposit,2341.98,CAD
CA00023499,2025-03-10,BR030,TLR-4172,C501216,cash deposit,420.15,CAD
CA00023508,2025-03-14,BR030,TLR-3297,C502089,cash deposit,1244.27,CAD
CA00020258,2025-03-13,BR013,TLR-8956,C502896,cash deposit,635.49,CAD
CA00020889,2025-03-24,BR016,TLR-9744,C500731,cash withdrawal,1775.06,CAD
CA00017771,2025-03-10,BR001,TLR-7135,C500177,cash deposit,560.95,CAD
CA00024795,2025-03-18,BR036,TLR-7112,C503976,cash deposit,647.42,CAD
CA00019804,2025-03-26,BR010,TLR-5496,C502141,cash withdrawal,498.48,CAD
CA00026524,2025-03-24,BR040,TLR-2797,C503025,cash deposit,381.69,CAD
CA00020872,2025-03-10,BR016,TLR-9189,C500760,cash withdrawal,737.98,CAD
CA00021975,2025-03-07,BR022,TLR-3033,C502050,cash deposit,1898.52,CAD
CA00025162,2025-03-06,BR037,TLR-7978,C503407,cash withdrawal,2882.72,CAD
CA00017929,2025-03-30,BR001,TLR-3306,C501612,cash withdrawal,1372.87,CAD
CA00019475,2025-03-15,BR008,TLR-3501,C501805,cash deposit,1649.81,CAD
CA00019832,2025-03-28,BR010,TLR-8676,C501710,cash deposit,603.41,CAD
CA00022291,2025-03-24,BR024,TLR-8307,C500165,cash withdrawal,1962.82,CAD
CA00025061,2025-03-29,BR037,TLR-4976,C500921,cash deposit,968.36,CAD
CA00018010,2025-03-15,BR001,TLR-2812,C501179,cash withdrawal,280.13,CAD
CA00023513,2025-03-08,BR030,TLR-7993,C500275,cash withdrawal,967.64,CAD
CA00018384,2025-03-19,BR003,TLR-2750,C502541,cash withdrawal,1548.8,CAD
CA00023751,2025-03-05,BR031,TLR-4707,C501643,cash withdrawal,577.11,CAD
CA00018453,2025-03-19,BR003,TLR-9300,C503386,cash deposit,2151.25,CAD
CA00021438,2025-03-02,BR019,TLR-9557,C501287,cash deposit,931.67,CAD
CA00025560,2025-03-17,BR039,TLR-9874,C502325,cash withdrawal,1415.38,CAD
CA00024559,2025-03-27,BR035,TLR-4859,C501550,cash deposit,4098.3,CAD
CA00023532,2025-03-12,BR030,TLR-4204,C501837,cash deposit,1990.2,CAD
CA00020254,2025-03-20,BR013,TLR-5098,C502739,cash withdrawal,475.22,CAD
CA00022728,2025-03-07,BR026,TLR-9712,C503149,cash withdrawal,-1671.67,CAD
CA00024401,2025-03-07,BR034,TLR-2182,C502296,cash deposit,855.77,CAD
CA00024405,2025-03-22,BR035,TLR-6446,C503862,cash withdrawal,1430.89,CAD
CA00020838,2025-03-25,BR016,TLR-9151,C502106,cash deposit,676.95,CAD
CA00025984,2025-03-18,BR040,TLR-1655,C502016,cash withdrawal,969.31,CAD
CA00020861,2025-03-26,BR016,TLR-3649,C500823,cash withdrawal,377.62,CAD
CA00021264,2025-03-23,BR018,TLR-8539,C500461,cash deposit,507.86,CAD
CA00025586,2025-03-06,BR039,TLR-7102,C503522,cash deposit,2505.81,CAD
CA00017883,2025-03-25,BR001,TLR-2587,C502074,cash deposit,280.37,CAD
CA00018932,2025-03-26,BR006,TLR-7297,C501716,cash deposit,983.2,CAD
CA00023987,2025-03-23,BR032,TLR-5046,C503123,cash withdrawal,982.37,CAD
CA00019012,2025-03-02,BR006,TLR-9486,C501177,cash withdrawal,320.22,CAD
CA00025697,2025-03-28,BR040,TLR-2660,C502510,cash deposit,794.66,CAD
CA00025327,2025-03-03,BR038,TLR-1547,C500858,cash withdrawal,298.85,CAD
CA00022880,2025-03-26,BR026,TLR-2254,C500056,cash deposit,1677.94,CAD
CA00019061,2025-03-18,BR007,TLR-6841,C503284,cash withdrawal,505.18,CAD
CA00018766,2025-03-16,BR005,TLR-4192,C500761,cash withdrawal,718.15,CAD
CA00018067,2025-03-13,BR002,TLR-4479,C503358,cash withdrawal,-1677.51,CAD
CA00020918,2025-03-01,BR016,TLR-4062,C503499,cash withdrawal,1824.67,CAD
CA00021738,2025-03-24,BR020,TLR-9373,C503707,cash deposit,582.64,USD
CA00025460,2025-03-06,BR038,TLR-8428,C503696,cash deposit,568.45,CAD
CA00024508,2025-03-09,BR035,TLR-8284,C500355,cash withdrawal,952.97,CAD
CA00018315,2025-03-29,BR003,TLR-8702,C503163,cash withdrawal,1113.66,CAD
CA00024825,2025-03-09,BR036,TLR-4695,C503437,cash deposit,1358.01,CAD
CA00019241,2025-03-04,BR007,TLR-6087,C500670,cash deposit,1183.75,CAD
CA00019512,2025-03-13,BR008,TLR-2877,C502562,cash deposit,741.02,CAD
CA00023201,2025-03-27,BR028,TLR-4877,C501348,cash withdrawal,874.16,CAD
CA00019871,2025-03-16,BR010,TLR-6036,C500996,cash deposit,789.24,CAD
CA00019615,2025-03-24,BR009,TLR-2980,C500586,cash withdrawal,907.58,CAD
CA00020446,2025-03-19,BR014,TLR-9810,C503960,cash withdrawal,936.2,CAD
CA00021627,2025-03-20,BR020,TLR-2005,C500708,cash withdrawal,1577.39,USD
CA00017901,2025-03-09,BR001,TLR-7307,C500582,cash deposit,433.13,CAD
CA00018375,2025-03-15,BR003,TLR-9617,C501645,cash withdrawal,1868.41,CAD
CA00026192,2025-03-30,BR040,TLR-9201,C502768,cash withdrawal,2450.71,CAD
CA00023556,2025-03-23,BR030,TLR-2483,C502457,cash deposit,633.48,CAD
CA00019071,2025-03-18,BR007,TLR-2523,C503855,cash deposit,258.61,CAD
CA00024970,2025-03-22,BR036,TLR-4804,C501188,cash deposit,1140.81,CAD
CA00019054,2025-03-11,BR006,TLR-5930,C503569,cash withdrawal,2914.86,CAD
CA00026489,2025-03-22,BR040,TLR-6975,C500600,cash withdrawal,623.48,CAD
CA00025142,2025-03-17,BR037,TLR-2098,C502696,cash withdrawal,1341.34,CAD
CA00020249,2025-03-21,BR013,TLR-4200,C500796,cash deposit,731.07,CAD
CA00020648,2025-03-22,BR015,TLR-3355,C501948,cash deposit,668.14,CAD
CA00019324,2025-03-22,BR008,TLR-8610,C500803,cash withdrawal,964.97,CAD
CA00025937,2025-03-18,BR040,TLR-4527,C502684,cash withdrawal,359.25,CAD
CA00021495,2025-03-02,BR019,TLR-1548,C501710,cash deposit,223.42,CAD
CA00022077,2025-03-22,BR023,TLR-7400,C502857,cash withdrawal,1292.47,CAD
CA00019521,2025-03-04,BR009,TLR-4435,C501331,cash withdrawal,529.97,CAD
CA00020069,2025-03-28,BR012,TLR-5072,C500886,cash deposit,1989.85,CAD
CA00023479,2025-03-29,BR030,TLR-9772,C502576,cash deposit,1487.79,CAD
CA00021743,2025-03-31,BR020,TLR-8137,C500214,cash withdrawal,559.45,USD
CA00023100,2025-03-08,BR027,TLR-5726,C503663,cash withdrawal,9729.83,CAD
CA00020722,2025-03-22,BR015,TLR-8758,C503199,cash withdrawal,3021.52,CAD
CA00022361,2025-03-29,BR024,TLR-3749,C502383,cash withdrawal,342.22,CAD
CA00020274,2025-03-22,BR014,TLR-9255,C501775,cash withdrawal,308.74,CAD
CA00022836,2025-03-28,BR026,TLR-5031,C502598,cash deposit,374.91,CAD
CA00018676,2025-03-30,BR004,TLR-2615,C500515,cash withdrawal,3643.1,CAD
CA00025030,2025-03-25,BR037,TLR-3927,C502672,cash deposit,596.39,CAD
CA00026281,2025-03-16,BR040,TLR-8999,C503066,cash deposit,456.2,CAD
CA00022677,2025-03-22,BR026,TLR-7946,C502948,cash deposit,1687.34,CAD
CA00023445,2025-03-20,BR030,TLR-6029,C501075,cash withdrawal,440.98,CAD
CA00026384,2025-03-13,BR040,TLR-4733,C500507,cash withdrawal,1335.92,CAD
CA00017708,2025-03-16,BR001,TLR-4583,C502711,cash withdrawal,1361.45,CAD
CA00023560,2025-03-27,BR030,TLR-7959,C503037,cash deposit,2740.74,CAD
CA00020580,2025-03-13,BR015,TLR-6603,C500263,cash deposit,810.15,CAD
CA00020294,2025-03-01,BR014,TLR-7282,C503803,cash withdrawal,2251.33,CAD
CA00018268,2025-03-16,BR003,TLR-9280,C501859,cash deposit,1036.1,CAD
CA00025985,2025-03-28,BR040,TLR-6223,C501307,cash deposit,1876.25,CAD
CA00021822,2025-03-02,BR021,TLR-6043,C501327,cash withdrawal,757.39,CAD
CA00019286,2025-03-02,BR008,TLR-1845,C503568,cash withdrawal,674.57,CAD
CA00018605,2025-03-08,BR004,TLR-4829,C501227,cash deposit,786.41,CAD
CA00025976,2025-03-13,BR040,TLR-9488,C503763,cash withdrawal,3473.3,CAD
CA00019976,2025-03-27,BR012,TLR-3222,C502401,cash deposit,637.22,CAD
CA00017794,2025-03-02,BR001,TLR-5852,C500498,cash withdrawal,788.02,CAD
CA00023833,2025-03-21,BR031,TLR-7690,C502318,cash deposit,921.29,CAD
CA00024688,2025-03-03,BR036,TLR-6814,C502719,cash deposit,540.61,CAD
CA00025223,2025-03-25,BR037,TLR-8276,C502379,cash withdrawal,1222.98,CAD
CA00022874,2025-03-10,BR026,TLR-9553,C503302,cash withdrawal,-258.46,CAD
CA00020218,2025-03-01,BR013,TLR-2236,C503779,cash deposit,667.45,CAD
CA00019031,2025-03-20,BR006,TLR-6135,C500399,cash withdrawal,798.83,CAD
CA00024482,2025-03-20,BR035,TLR-9151,C500656,cash withdrawal,1324.09,CAD
CA00021693,2025-03-19,BR020,TLR-3672,C500872,cash withdrawal,1865.2,USD
CA00021871,2025-03-31,BR021,TLR-1091,C500382,cash withdrawal,295.57,CAD
CA00023113,2025-03-08,BR028,TLR-4316,C503487,cash deposit,1440.85,CAD
CA00024412,2025-03-29,BR035,TLR-6851,C502484,cash deposit,507.92,CAD
CA00024311,2025-03-14,BR034,TLR-9255,C500151,cash deposit,558.45,CAD
CA00018906,2025-03-17,BR006,TLR-1610,C500672,cash deposit,504.13,CAD
CA00022618,2025-03-28,BR025,TLR-7837,C501855,cash deposit,708.9,CAD
CA00018549,2025-03-04,BR004,TLR-6230,C501427,cash deposit,269.28,CAD
CA00021655,2025-03-06,BR020,TLR-5033,C502407,cash withdrawal,423.76,USD
CA00026074,2025-03-08,BR040,TLR-8390,C502232,cash withdrawal,931.69,CAD
CA00026241,2025-03-22,BR040,TLR-1145,C501281,cash withdrawal,1059.22,CAD
CA00024928,2025-03-13,BR036,TLR-4446,C500231,cash withdrawal,487.03,CAD
CA00021474,2025-03-05,BR019,TLR-3306,C503036,cash deposit,1229.15,CAD
CA00020857,2025-03-03,BR016,TLR-6617,C502032,cash deposit,1303.58,CAD
CA00019489,2025-03-15,BR008,TLR-7789,C500324,cash withdrawal,3048.17,CAD
CA00021998,2025-03-05,BR022,TLR-3749,C503588,cash withdrawal,1216.92,CAD
CA00019567,2025-03-10,BR009,TLR-6120,C500546,cash deposit,286.29,CAD
CA00022663,2025-03-13,BR026,TLR-2799,C500879,cash deposit,705.83,CAD
CA00023899,2025-03-03,BR031,TLR-5705,C502563,cash deposit,2632.56,CAD
CA00022326,2025-03-11,BR024,TLR-4295,C500381,cash withdrawal,735.38,CAD
CA00024792,2025-03-04,BR036,TLR-5728,C500566,cash deposit,500.29,CAD
CA00026160,2025-03-14,BR040,TLR-3694,C502970,cash deposit,609.18,CAD
CA00025420,2025-03-18,BR038,TLR-1636,C503157,cash deposit,556.77,CAD
CA00018364,2025-03-12,BR003,TLR-9383,C503548,cash deposit,1918.47,CAD
CA00021988,2025-03-09,BR022,TLR-7794,C500263,cash deposit,1025.41,CAD
CA00019918,2025-03-17,BR011,TLR-8847,C503857,cash deposit,1380.37,CAD
CA00019634,2025-03-01,BR009,TLR-8962,C502869,cash withdrawal,573.98,CAD
CA00019005,2025-03-22,BR006,TLR-1322,C501670,cash deposit,514.82,CAD
CA00021916,2025-03-31,BR021,TLR-6492,C500956,cash withdrawal,3162.54,CAD
CA00021131,2025-03-25,BR017,TLR-7198,C501653,cash withdrawal,911.39,CAD
CA00024535,2025-03-03,BR035,TLR-6274,C503998,cash withdrawal,623.67,CAD
CA00018839,2025-03-02,BR006,TLR-1318,C501176,cash withdrawal,2110.26,CAD
CA00017900,2025-03-18,BR001,TLR-9818,C503108,cash deposit,967.54,CAD
CA00023186,2025-03-04,BR028,TLR-1131,C503535,cash deposit,396.29,CAD
CA00022045,2025-03-11,BR023,TLR-8205,C500359,cash withdrawal,555.92,CAD
CA00019361,2025-03-06,BR008,TLR-7773,C502969,cash deposit,2310.17,CAD
CA00025098,2025-03-20,BR037,TLR-3374,C502317,cash withdrawal,1078.76,CAD
CA00021968,2025-03-12,BR022,TLR-8760,C502061,cash deposit,2657.66,CAD
CA00023996,2025-03-27,BR032,TLR-2478,C502960,cash withdrawal,1045.09,CAD
CA00023125,2025-03-15,BR028,TLR-7276,C501736,cash deposit,745.74,CAD
CA00023422,2025-03-22,BR030,TLR-3728,C500458,cash withdrawal,1198.98,CAD
CA00023151,2025-03-02,BR028,TLR-2275,C503098,cash withdrawal,667.68,CAD
CA00022877,2025-03-23,BR026,TLR-8565,C501214,cash withdrawal,-967.88,CAD
CA00019150,2025-03-22,BR007,TLR-5961,C500653,cash withdrawal,826.62,CAD
CA00019683,2025-03-07,BR009,TLR-2679,C500587,cash withdrawal,682.25,CAD
CA00019817,2025-03-29,BR010,TLR-2203,C500886,cash deposit,705.96,CAD
CA00018296,2025-03-16,BR003,TLR-6716,C500606,cash withdrawal,1285.01,CAD
CA00021065,2025-03-26,BR017,TLR-7275,C500032,cash withdrawal,1283.38,CAD
CA00022348,2025-03-04,BR024,TLR-2672,C502289,cash withdrawal,860.77,CAD
CA00023495,2025-03-13,BR030,TLR-3831,C500487,cash withdrawal,690.71,CAD
CA00022839,2025-03-24,BR026,TLR-3009,C500010,cash deposit,1534.73,CAD
CA00026408,2025-03-13,BR040,TLR-2357,C503513,cash withdrawal,1147.51,CAD
CA00020418,2025-03-16,BR014,TLR-9872,C502625,cash deposit,252.36,CAD
CA00026336,2025-03-11,BR040,TLR-6260,C500004,cash deposit,846.52,CAD
CA00024221,2025-03-18,BR033,TLR-6862,C500150,cash deposit,232.15,CAD
CA00023260,2025-03-01,BR029,TLR-2507,C500290,cash deposit,779.09,CAD
CA00018292,2025-03-05,BR003,TLR-7912,C503015,cash deposit,904.55,CAD
CA00020732,2025-03-16,BR015,TLR-7016,C501000,cash deposit,2381.0,CAD
CA00023468,2025-03-09,BR030,TLR-1535,C503917,cash deposit,810.67,CAD
CA00026034,2025-03-28,BR040,TLR-6976,C503242,cash withdrawal,685.62,CAD
CA00025894,2025-03-07,BR040,TLR-3263,C501686,cash withdrawal,346.84,CAD
CA00018710,2025-03-17,BR004,TLR-3818,C502392,cash deposit,3104.4,CAD
CA00022723,2025-03-03,BR026,TLR-5653,C500936,cash deposit,927.8,CAD
CA00020572,2025-03-31,BR015,TLR-9534,C502198,cash deposit,904.83,CAD
CA00025005,2025-03-16,BR037,TLR-4659,C501039,cash deposit,1860.48,CAD
CA00022005,2025-03-27,BR022,TLR-2147,C502785,cash deposit,1044.72,CAD
CA00020975,2025-03-04,BR017,TLR-4831,C503006,cash deposit,2489.82,CAD
CA00017988,2025-03-14,BR001,TLR-2204,C503666,cash deposit,743.21,CAD
CA00024513,2025-03-26,BR035,TLR-9747,C501421,cash deposit,858.42,CAD
CA00019235,2025-03-24,BR007,TLR-9394,C500519,cash withdrawal,1245.95,CAD
CA00017975,2025-03-19,BR001,TLR-7731,C503364,cash deposit,817.29,CAD
CA00021692,2025-03-10,BR020,TLR-3341,C503861,cash deposit,559.55,USD
CA00021167,2025-03-07,BR017,TLR-2517,C503799,cash deposit,144.27,CAD
CA00024984,2025-03-24,BR037,TLR-6304,C503694,cash withdrawal,5662.37,CAD
CA00020219,2025-03-19,BR013,TLR-1421,C503920,cash deposit,665.8,CAD
CA00021641,2025-03-28,BR020,TLR-8652,C503050,cash withdrawal,909.63,USD
CA00021246,2025-03-24,BR018,TLR-5579,C503402,cash deposit,678.92,CAD
CA00019528,2025-03-24,BR009,TLR-2771,C501323,cash withdrawal,875.78,CAD
CA00022664,2025-03-09,BR026,TLR-7474,C502562,cash withdrawal,-1002.84,CAD
CA00019650,2025-03-26,BR009,TLR-7401,C503975,cash deposit,674.5,CAD
CA00025426,2025-03-14,BR038,TLR-4240,C503932,cash withdrawal,269.02,CAD
CA00018108,2025-03-16,BR002,TLR-9581,C500575,cash deposit,647.41,CAD
CA00024248,2025-03-29,BR034,TLR-7792,C501436,cash deposit,1699.47,CAD
CA00025178,2025-03-21,BR037,TLR-4731,C503445,cash deposit,1194.85,CAD
CA00026549,2025-03-19,BR040,TLR-3492,C502953,cash withdrawal,1086.91,CAD
CA00021423,2025-03-30,BR019,TLR-8521,C500754,cash deposit,636.45,CAD
CA00024357,2025-03-01,BR034,TLR-2606,C503103,cash deposit,1228.94,CAD
CA00021841,2025-03-25,BR021,TLR-9241,C501205,cash withdrawal,1904.93,CAD
CA00020775,2025-03-07,BR016,TLR-3023,C500676,cash deposit,1122.81,CAD
CA00020704,2025-03-18,BR015,TLR-1424,C501454,cash withdrawal,736.08,CAD
CA00018190,2025-03-02,BR002,TLR-7867,C503640,cash withdrawal,-555.43,CAD
CA00024433,2025-03-30,BR035,TLR-1406,C502692,cash deposit,386.04,CAD
CA00019333,2025-03-04,BR008,TLR-7757,C501732,cash withdrawal,605.57,CAD
CA00025293,2025-03-30,BR038,TLR-4132,C501242,cash deposit,1851.99,CAD
CA00022246,2025-03-27,BR024,TLR-4537,C501117,cash withdrawal,941.19,CAD
CA00023447,2025-03-07,BR030,TLR-2199,C500765,cash deposit,372.76,CAD
CA00024439,2025-03-31,BR035,TLR-5243,C502852,cash deposit,1927.19,CAD
CA00018888,2025-03-09,BR006,TLR-1087,C503101,cash withdrawal,360.06,CAD
CA00021526,2025-03-25,BR019,TLR-1105,C500675,cash withdrawal,345.13,CAD
CA00019862,2025-03-24,BR010,TLR-4446,C500628,cash deposit,865.0,CAD
CA00024618,2025-03-03,BR035,TLR-5238,C503835,cash withdrawal,882.99,CAD
CA00018223,2025-03-04,BR002,TLR-5672,C502974,cash deposit,841.13,CAD
CA00019063,2025-03-07,BR007,TLR-3608,C500055,cash withdrawal,3943.63,CAD
CA00025093,2025-03-26,BR037,TLR-8409,C501927,cash withdrawal,456.59,CAD
CA00025070,2025-03-07,BR037,TLR-3551,C503832,cash deposit,1105.33,CAD
CA00019006,2025-03-16,BR006,TLR-5301,C500690,cash deposit,3549.61,CAD
CA00021985,2025-03-14,BR022,TLR-9527,C503024,cash deposit,395.37,CAD
CA00025674,2025-03-02,BR039,TLR-8536,C503267,cash deposit,426.69,CAD
CA00026100,2025-03-31,BR040,TLR-9429,C501443,cash deposit,2190.05,CAD
CA00018476,2025-03-24,BR004,TLR-9241,C501582,cash deposit,1268.54,CAD
CA00022459,2025-03-13,BR025,TLR-8145,C501470,cash withdrawal,-504.12,CAD
CA00021804,2025-03-23,BR021,TLR-4365,C502615,cash deposit,657.61,CAD
CA00024875,2025-03-07,BR036,TLR-4474,C502144,cash deposit,250.54,CAD
CA00018221,2025-03-21,BR002,TLR-7145,C503687,cash deposit,3135.89,CAD
CA00022447,2025-03-27,BR025,TLR-1518,C503537,cash withdrawal,-1401.74,CAD
CA00025407,2025-03-17,BR038,TLR-4882,C501592,cash withdrawal,839.9,CAD
CA00021842,2025-03-04,BR021,TLR-6852,C502549,cash withdrawal,911.99,CAD
CA00022731,2025-03-29,BR026,TLR-5826,C502843,cash withdrawal,-566.92,CAD
CA00018470,2025-03-19,BR004,TLR-7395,C502910,cash deposit,831.2,CAD
CA00021115,2025-03-21,BR017,TLR-8251,C502846,cash deposit,491.64,CAD
CA00021545,2025-03-27,BR019,TLR-3941,C502498,cash withdrawal,2203.62,CAD
CA00020512,2025-03-07,BR014,TLR-7029,C502963,cash deposit,331.95,CAD
CA00025332,2025-03-06,BR038,TLR-2632,C500374,cash deposit,1291.01,CAD
CA00022245,2025-03-28,BR024,TLR-3021,C502684,cash deposit,646.88,CAD
CA00019752,2025-03-06,BR010,TLR-5781,C502433,cash withdrawal,793.7,CAD
CA00026437,2025-03-16,BR040,TLR-2417,C503072,cash withdrawal,907.88,CAD
CA00017903,2025-03-25,BR001,TLR-1382,C502433,cash deposit,600.74,CAD
CA00024075,2025-03-16,BR033,TLR-4720,C500061,cash withdrawal,776.89,CAD
CA00019108,2025-03-07,BR007,TLR-7871,C501160,cash deposit,1486.62,CAD
CA00020010,2025-03-16,BR012,TLR-5295,C503677,cash deposit,2004.53,CAD
CA00019102,2025-03-29,BR007,TLR-1175,C503068,cash withdrawal,468.18,CAD
CA00022958,2025-03-31,BR027,TLR-5387,C501226,cash withdrawal,556.05,CAD
CA00021535,2025-03-31,BR019,TLR-3163,C500034,cash deposit,651.87,CAD
CA00024629,2025-03-26,BR035,TLR-6970,C501583,cash withdrawal,2106.5,CAD
CA00018294,2025-03-25,BR003,TLR-1221,C501940,cash deposit,1304.26,CAD
CA00024638,2025-03-22,BR035,TLR-4810,C502030,cash deposit,1012.05,CAD
CA00022983,2025-03-29,BR027,TLR-4934,C500051,cash withdrawal,373.6,CAD
CA00022180,2025-03-26,BR024,TLR-1459,C501441,cash withdrawal,390.83,CAD
CA00026503,2025-03-15,BR040,TLR-4888,C501073,cash withdrawal,566.27,CAD
CA00024793,2025-03-27,BR036,TLR-2342,C502826,cash deposit,681.93,CAD
CA00021592,2025-03-11,BR020,TLR-1126,C502186,cash deposit,1364.57,USD
CA00017956,2025-03-09,BR001,TLR-9462,C500478,cash deposit,1340.78,CAD
CA00023203,2025-03-21,BR028,TLR-1657,C501026,cash deposit,859.9,CAD
CA00021908,2025-03-16,BR021,TLR-1152,C503699,cash deposit,1479.0,CAD
CA00024053,2025-03-12,BR032,TLR-1731,C502257,cash withdrawal,487.38,CAD
CA00022936,2025-03-18,BR027,TLR-9843,C503909,cash withdrawal,302.06,CAD
CA00021445,2025-03-31,BR019,TLR-1068,C500975,cash deposit,516.14,CAD
CA00024197,2025-03-22,BR033,TLR-8213,C501444,cash deposit,225.26,CAD
CA00025288,2025-03-03,BR038,TLR-8689,C500228,cash deposit,739.36,CAD
CA00025283,2025-03-21,BR038,TLR-3797,C503793,cash deposit,415.22,CAD
CA00018326,2025-03-24,BR003,TLR-2117,C501167,cash withdrawal,1844.08,CAD
CA00025221,2025-03-28,BR037,TLR-1500,C503027,cash withdrawal,815.54,CAD
CA00019585,2025-03-15,BR009,TLR-6379,C500205,cash withdrawal,4899.97,CAD
CA00026148,2025-03-18,BR040,TLR-1707,C500226,cash deposit,547.19,CAD
CA00023652,2025-03-14,BR030,TLR-8416,C503088,cash deposit,1194.9,CAD
CA00024770,2025-03-01,BR036,TLR-2038,C502853,cash withdrawal,589.26,CAD
CA00024010,2025-03-17,BR032,TLR-9281,C503040,cash deposit,825.75,CAD
CA00019230,2025-03-30,BR007,TLR-8002,C500024,cash withdrawal,1486.76,CAD
CA00022970,2025-03-14,BR027,TLR-3652,C503951,cash withdrawal,837.47,CAD
CA00018635,2025-03-31,BR004,TLR-1225,C503578,cash withdrawal,884.24,CAD
CA00023791,2025-03-27,BR031,TLR-4296,C501953,cash deposit,903.46,CAD
CA00023773,2025-03-31,BR031,TLR-2145,C500218,cash deposit,350.69,CAD
CA00018500,2025-03-07,BR004,TLR-1180,C503824,cash deposit,167.74,CAD
CA00020830,2025-03-07,BR016,TLR-9722,C502052,cash withdrawal,1371.6,CAD
CA00023187,2025-03-07,BR028,TLR-9657,C501315,cash withdrawal,877.3,CAD
CA00018157,2025-03-22,BR002,TLR-9943,C501579,cash deposit,755.07,CAD
CA00022060,2025-03-11,BR023,TLR-9553,C503455,cash withdrawal,1605.43,CAD
CA00019593,2025-03-09,BR009,TLR-4146,C500831,cash deposit,255.67,CAD
CA00025150,2025-03-11,BR037,TLR-8555,C503452,cash withdrawal,498.06,CAD
CA00020768,2025-03-12,BR016,TLR-4365,C500311,cash deposit,1527.5,CAD
CA00025776,2025-03-13,BR040,TLR-5294,C502269,cash deposit,182.54,CAD
CA00021929,2025-03-07,BR021,TLR-3755,C502691,cash deposit,1319.71,CAD
CA00023762,2025-03-28,BR031,TLR-4273,C501018,cash deposit,997.1,CAD
CA00020248,2025-03-25,BR013,TLR-6256,C500201,cash deposit,439.4,CAD
CA00019609,2025-03-11,BR009,TLR-2650,C502812,cash withdrawal,1048.04,CAD
CA00024564,2025-03-27,BR035,TLR-4585,C503674,cash deposit,491.09,CAD
CA00023817,2025-03-10,BR031,TLR-5039,C500455,cash withdrawal,370.45,CAD
CA00026014,2025-03-23,BR040,TLR-2745,C501897,cash deposit,490.84,CAD
CA00023451,2025-03-13,BR030,TLR-8630,C500948,cash deposit,505.56,CAD
CA00023014,2025-03-31,BR027,TLR-1145,C502169,cash deposit,854.16,CAD
CA00020656,2025-03-15,BR015,TLR-9708,C500267,cash withdrawal,739.51,CAD
CA00020504,2025-03-25,BR014,TLR-3634,C501018,cash deposit,378.89,CAD
CA00021133,2025-03-11,BR017,TLR-6399,C501285,cash deposit,2370.67,CAD
CA00021368,2025-03-13,BR019,TLR-7545,C502372,cash withdrawal,1938.76,CAD
CA00022923,2025-03-13,BR027,TLR-4912,C501134,cash withdrawal,5130.54,CAD
CA00024003,2025-03-07,BR032,TLR-8103,C503387,cash deposit,984.39,CAD
CA00024161,2025-03-30,BR033,TLR-9654,C500718,cash withdrawal,457.53,CAD
CA00020397,2025-03-04,BR014,TLR-1498,C502476,cash deposit,1726.8,CAD
CA00018466,2025-03-10,BR004,TLR-3244,C501380,cash deposit,2445.69,CAD
CA00026487,2025-03-07,BR040,TLR-8759,C501906,cash deposit,392.85,CAD
CA00022466,2025-03-30,BR025,TLR-7327,C501576,cash deposit,822.04,CAD
CA00024754,2025-03-10,BR036,TLR-4426,C500735,cash deposit,365.02,CAD
CA00021292,2025-03-02,BR018,TLR-9469,C501371,cash deposit,581.08,CAD
CA00017921,2025-03-16,BR001,TLR-8804,C503571,cash deposit,518.02,CAD
CA00025335,2025-03-06,BR038,TLR-7820,C502806,cash deposit,653.56,CAD
CA00023373,2025-03-26,BR030,TLR-7831,C500431,cash withdrawal,7134.7,CAD
CA00021372,2025-03-01,BR019,TLR-4224,C500859,cash withdrawal,408.25,CAD
CA00021617,2025-03-31,BR020,TLR-8457,C502749,cash withdrawal,2524.07,USD
CA00023552,2025-03-30,BR030,TLR-5567,C501896,cash deposit,798.31,CAD
CA00025174,2025-03-10,BR037,TLR-4680,C503633,cash withdrawal,746.82,CAD
CA00019070,2025-03-04,BR007,TLR-7837,C503853,cash withdrawal,882.84,CAD
CA00025176,2025-03-11,BR037,TLR-9418,C501520,cash withdrawal,1456.07,CAD
CA00023429,2025-03-24,BR030,TLR-9873,C500776,cash deposit,647.11,CAD
CA00021146,2025-03-08,BR017,TLR-8286,C501691,cash deposit,456.51,CAD
CA00026486,2025-03-02,BR040,TLR-6043,C500929,cash deposit,1729.57,CAD
CA00023571,2025-03-03,BR030,TLR-6932,C503793,cash withdrawal,767.14,CAD
CA00019215,2025-03-21,BR007,TLR-1246,C502851,cash deposit,844.51,CAD
CA00021290,2025-03-25,BR018,TLR-1147,C502708,cash deposit,203.42,CAD
CA00026236,2025-03-27,BR040,TLR-5677,C501844,cash deposit,1932.38,CAD
CA00020046,2025-03-28,BR012,TLR-2819,C501388,cash withdrawal,821.23,CAD
CA00022916,2025-03-28,BR027,TLR-1407,C502301,cash withdrawal,1631.46,CAD
CA00026553,2025-03-02,BR040,TLR-6759,C500126,cash deposit,758.68,CAD
CA00025041,2025-03-08,BR037,TLR-2617,C501005,cash deposit,517.23,CAD
CA00020591,2025-03-21,BR015,TLR-4296,C501573,cash deposit,1486.81,CAD
CA00017884,2025-03-06,BR001,TLR-2860,C500713,cash withdrawal,540.87,CAD
CA00018004,2025-03-09,BR001,TLR-2856,C500283,cash deposit,2381.7,CAD
CA00021755,2025-03-23,BR020,TLR-6272,C502569,cash withdrawal,2066.38,USD
CA00020225,2025-03-04,BR013,TLR-6649,C503146,cash withdrawal,3053.26,CAD
CA00024455,2025-03-29,BR035,TLR-6253,C501609,cash deposit,3101.16,CAD
CA00017908,2025-03-03,BR001,TLR-2365,C501447,cash withdrawal,510.22,CAD
CA00025168,2025-03-21,BR037,TLR-2741,C503044,cash withdrawal,796.61,CAD
CA00025183,2025-03-01,BR037,TLR-7787,C501500,cash withdrawal,1014.67,CAD
CA00026041,2025-03-26,BR040,TLR-3913,C502284,cash deposit,541.29,CAD
CA00021666,2025-03-09,BR020,TLR-2756,C501814,cash withdrawal,420.07,USD
CA00020499,2025-03-18,BR014,TLR-2607,C501465,cash withdrawal,393.68,CAD
CA00024278,2025-03-08,BR034,TLR-4714,C501763,cash withdrawal,643.3,CAD
CA00026209,2025-03-10,BR040,TLR-3205,C501042,cash deposit,427.2,CAD
CA00025478,2025-03-15,BR039,TLR-5895,C500371,cash deposit,2199.21,CAD
CA00025766,2025-03-23,BR040,TLR-8879,C500249,cash withdrawal,916.34,CAD
CA00024707,2025-03-23,BR036,TLR-6455,C500548,cash withdrawal,1229.57,CAD
CA00020163,2025-03-09,BR012,TLR-9283,C500427,cash withdrawal,2722.0,CAD
CA00020530,2025-03-24,BR015,TLR-9978,C503461,cash withdrawal,2136.49,CAD
CA00024191,2025-03-03,BR033,TLR-8670,C502835,cash withdrawal,2458.02,CAD
CA00017973,2025-03-19,BR001,TLR-2673,C502207,cash withdrawal,3607.31,CAD
CA00025155,2025-03-04,BR037,TLR-2259,C503039,cash deposit,390.9,CAD
CA00024253,2025-03-30,BR034,TLR-7611,C503102,cash deposit,580.67,CAD
CA00019758,2025-03-25,BR010,TLR-1860,C502842,cash deposit,1120.11,CAD
CA00025760,2025-03-23,BR040,TLR-5205,C501487,cash withdrawal,788.43,CAD
CA00018002,2025-03-10,BR001,TLR-1554,C500174,cash withdrawal,2296.68,CAD
CA00023673,2025-03-20,BR031,TLR-8280,C502752,cash withdrawal,388.81,CAD
CA00019480,2025-03-26,BR008,TLR-5628,C500067,cash withdrawal,1186.14,CAD
CA00019506,2025-03-03,BR008,TLR-4812,C501460,cash withdrawal,2853.91,CAD
CA00020336,2025-03-04,BR014,TLR-6539,C501573,cash withdrawal,1893.43,CAD
CA00024087,2025-03-04,BR033,TLR-7499,C502205,cash withdrawal,567.18,CAD
CA00022718,2025-03-22,BR026,TLR-9300,C502521,cash withdrawal,-485.06,CAD
CA00017937,2025-03-20,BR001,TLR-2759,C503763,cash withdrawal,1495.57,CAD
CA00018845,2025-03-08,BR006,TLR-9479,C501099,cash withdrawal,1530.49,CAD
CA00019181,2025-03-14,BR007,TLR-2494,C502849,cash withdrawal,667.34,CAD
CA00025695,2025-03-01,BR040,TLR-4663,C502394,cash deposit,258.18,CAD
CA00020506,2025-03-24,BR014,TLR-1288,C501008,cash withdrawal,610.85,CAD
CA00020465,2025-03-31,BR014,TLR-8160,C502850,cash deposit,812.09,CAD
CA00020079,2025-03-06,BR012,TLR-4330,C501140,cash deposit,1363.27,CAD
CA00021366,2025-03-31,BR019,TLR-6778,C503769,cash withdrawal,411.59,CAD
CA00025129,2025-03-29,BR037,TLR-7102,C503429,cash withdrawal,843.91,CAD
CA00020292,2025-03-18,BR014,TLR-5078,C502702,cash deposit,2119.86,CAD
CA00026314,2025-03-14,BR040,TLR-4264,C503778,cash deposit,663.0,CAD
CA00026566,2025-03-04,BR040,TLR-6137,C503057,cash withdrawal,1618.54,CAD
CA00026222,2025-03-19,BR040,TLR-6146,C501986,cash deposit,774.32,CAD
CA00025643,2025-03-27,BR039,TLR-4957,C502513,cash deposit,2312.88,CAD
CA00019404,2025-03-19,BR008,TLR-8418,C502187,cash deposit,657.72,CAD
CA00018231,2025-03-28,BR002,TLR-4304,C502772,cash deposit,373.18,CAD
CA00021258,2025-03-11,BR018,TLR-1920,C501854,cash deposit,2021.28,CAD
CA00022034,2025-03-02,BR022,TLR-6541,C502227,cash deposit,718.61,CAD
CA00026230,2025-03-12,BR040,TLR-2249,C501010,cash deposit,2204.68,CAD
CA00024249,2025-03-14,BR034,TLR-3734,C500300,cash deposit,688.03,CAD
CA00022171,2025-03-28,BR024,TLR-9348,C501206,cash deposit,1681.56,CAD
CA00022092,2025-03-03,BR023,TLR-7662,C503725,cash deposit,1559.35,CAD
CA00018987,2025-03-30,BR006,TLR-5010,C502466,cash withdrawal,484.92,CAD
CA00025603,2025-03-18,BR039,TLR-8914,C500138,cash withdrawal,877.82,CAD
CA00023864,2025-03-19,BR031,TLR-9527,C503829,cash withdrawal,1942.09,CAD
CA00020587,2025-03-22,BR015,TLR-1048,C501230,cash withdrawal,450.87,CAD
CA00019203,2025-03-28,BR007,TLR-8474,C502464,cash withdrawal,659.97,CAD
CA00020064,2025-03-10,BR012,TLR-8040,C501709,cash deposit,1475.88,CAD
CA00018594,2025-03-24,BR004,TLR-9971,C502555,cash deposit,452.26,CAD
CA00019471,2025-03-03,BR008,TLR-6783,C503491,cash withdrawal,1004.93,CAD
CA00024130,2025-03-14,BR033,TLR-7728,C500400,cash withdrawal,1240.01,CAD
CA00022157,2025-03-03,BR024,TLR-5926,C500717,cash deposit,1045.84,CAD
CA00022305,2025-03-20,BR024,TLR-8426,C501900,cash withdrawal,1570.48,CAD
CA00020171,2025-03-29,BR012,TLR-4430,C500301,cash deposit,1097.41,CAD
CA00021095,2025-03-29,BR017,TLR-9915,C502987,cash deposit,433.1,CAD
CA00020183,2025-03-08,BR013,TLR-5083,C503597,cash withdrawal,415.93,CAD
CA00023970,2025-03-31,BR032,TLR-7776,C503562,cash deposit,1179.2,CAD
CA00017950,2025-03-23,BR001,TLR-3617,C502218,cash deposit,311.92,CAD
CA00023525,2025-03-08,BR030,TLR-7359,C501435,cash deposit,810.0,CAD
CA00018880,2025-03-30,BR006,TLR-9998,C502567,cash withdrawal,928.83,CAD
CA00019408,2025-03-06,BR008,TLR-8543,C501411,cash withdrawal,2007.5,CAD
CA00023858,2025-03-08,BR031,TLR-6785,C502996,cash withdrawal,735.91,CAD
CA00026330,2025-03-26,BR040,TLR-4949,C502559,cash deposit,328.45,CAD
CA00017964,2025-03-23,BR001,TLR-2097,C502851,cash withdrawal,147.94,CAD
CA00020146,2025-03-07,BR012,TLR-6579,C503384,cash deposit,607.29,CAD
CA00025639,2025-03-06,BR039,TLR-5645,C503399,cash withdrawal,1210.43,CAD
CA00022312,2025-03-06,BR024,TLR-6397,C500553,cash withdrawal,1624.04,CAD
CA00025245,2025-03-18,BR037,TLR-2373,C502686,cash deposit,2156.98,CAD
CA00021688,2025-03-14,BR020,TLR-5030,C502779,cash withdrawal,668.41,USD
CA00022076,2025-03-01,BR023,TLR-4249,C502392,cash deposit,655.29,CAD
CA00021925,2025-03-30,BR021,TLR-5270,C501769,cash withdrawal,283.93,CAD
CA00017906,2025-03-23,BR001,TLR-8298,C500206,cash withdrawal,1410.08,CAD
CA00025732,2025-03-25,BR040,TLR-4459,C502984,cash deposit,1022.14,CAD
CA00020047,2025-03-16,BR012,TLR-9407,C500633,cash withdrawal,734.94,CAD
CA00023683,2025-03-16,BR031,TLR-8678,C503538,cash withdrawal,551.11,CAD
CA00025340,2025-03-11,BR038,TLR-8484,C502329,cash withdrawal,1006.67,CAD
CA00017837,2025-03-02,BR001,TLR-3694,C500498,cash deposit,198.58,CAD
CA00018455,2025-03-23,BR003,TLR-2430,C503846,cash deposit,602.92,CAD
CA00019068,2025-03-16,BR007,TLR-9512,C501806,cash deposit,217.48,CAD
CA00025179,2025-03-27,BR037,TLR-3457,C501116,cash withdrawal,1635.29,CAD
CA00023316,2025-03-21,BR029,TLR-2513,C503486,cash withdrawal,1804.05,CAD
CA00025704,2025-03-05,BR040,TLR-2851,C501107,cash deposit,1479.5,CAD
CA00024877,2025-03-30,BR036,TLR-1378,C500438,cash deposit,292.06,CAD
CA00019856,2025-03-20,BR010,TLR-1751,C500147,cash withdrawal,274.76,CAD
CA00019211,2025-03-24,BR007,TLR-1794,C503205,cash deposit,3260.15,CAD
CA00026095,2025-03-02,BR040,TLR-7565,C501646,cash deposit,359.95,CAD
CA00020927,2025-03-16,BR016,TLR-2381,C500785,cash withdrawal,778.41,CAD
CA00023271,2025-03-14,BR029,TLR-2394,C503904,cash deposit,2735.5,CAD
CA00021472,2025-03-23,BR019,TLR-4991,C502253,cash deposit,373.22,CAD
CA00026416,2025-03-14,BR040,TLR-2680,C502459,cash withdrawal,2016.61,CAD
CA00021668,2025-03-16,BR020,TLR-6324,C501163,cash deposit,352.29,USD
CA00024461,2025-03-08,BR035,TLR-7902,C503377,cash withdrawal,884.09,CAD
CA00017922,2025-03-13,BR001,TLR-3047,C500420,cash withdrawal,459.32,CAD
CA00024301,2025-03-09,BR034,TLR-4758,C500553,cash withdrawal,2552.19,CAD
CA00021656,2025-03-01,BR020,TLR-7487,C503961,cash withdrawal,446.05,USD
CA00020571,2025-03-27,BR015,TLR-8068,C503903,cash deposit,1204.71,CAD
CA00020739,2025-03-31,BR015,TLR-2302,C502415,cash deposit,1168.17,CAD
CA00025230,2025-03-21,BR037,TLR-5897,C503390,cash withdrawal,1928.71,CAD
CA00017914,2025-03-05,BR001,TLR-6528,C503039,cash deposit,2438.22,CAD
CA00025124,2025-03-27,BR037,TLR-7727,C502588,cash withdrawal,2234.69,CAD
CA00021013,2025-03-30,BR017,TLR-4395,C502104,cash withdrawal,507.06,CAD
CA00025553,2025-03-30,BR039,TLR-9045,C500406,cash withdrawal,1110.92,CAD
CA00021045,2025-03-17,BR017,TLR-2421,C503092,cash deposit,866.92,CAD
CA00019378,2025-03-07,BR008,TLR-4524,C500692,cash withdrawal,4068.81,CAD
CA00022639,2025-03-11,BR025,TLR-7950,C502298,cash withdrawal,-808.53,CAD
CA00021650,2025-03-09,BR020,TLR-2271,C503228,cash withdrawal,973.31,USD
CA00020987,2025-03-05,BR017,TLR-6620,C503879,cash deposit,525.18,CAD
CA00023868,2025-03-16,BR031,TLR-5634,C501980,cash deposit,722.93,CAD
CA00023036,2025-03-29,BR027,TLR-8014,C501002,cash deposit,792.55,CAD
CA00026494,2025-03-13,BR040,TLR-7505,C502476,cash withdrawal,1142.5,CAD
CA00018328,2025-03-16,BR003,TLR-7004,C500518,cash deposit,1053.88,CAD
CA00017935,2025-03-11,BR001,TLR-5314,C502499,cash withdrawal,1211.32,CAD
CA00021203,2025-03-30,BR017,TLR-2766,C500917,cash deposit,737.48,CAD
CA00022082,2025-03-11,BR023,TLR-7308,C500413,cash deposit,638.87,CAD
CA00025653,2025-03-01,BR039,TLR-7633,C503093,cash withdrawal,1556.94,CAD
CA00024435,2025-03-24,BR035,TLR-8095,C502784,cash deposit,301.88,CAD
CA00020150,2025-03-08,BR012,TLR-6686,C501144,cash deposit,1615.51,CAD
CA00019798,2025-03-25,BR010,TLR-1521,C501045,cash deposit,2332.38,CAD
CA00020522,2025-03-20,BR015,TLR-5032,C503151,cash withdrawal,4169.01,CAD
CA00022713,2025-03-27,BR026,TLR-5124,C502527,cash withdrawal,-952.0,CAD
CA00019307,2025-03-24,BR008,TLR-5776,C503412,cash withdrawal,655.14,CAD
CA00019768,2025-03-12,BR010,TLR-8798,C503175,cash withdrawal,650.32,CAD
CA00023949,2025-03-07,BR032,TLR-9478,C502540,cash withdrawal,3152.17,CAD
CA00026545,2025-03-07,BR040,TLR-6860,C501163,cash withdrawal,858.38,CAD
CA00019439,2025-03-27,BR008,TLR-2192,C501347,cash deposit,802.35,CAD
CA00023016,2025-03-22,BR027,TLR-7703,C503723,cash deposit,1002.39,CAD
CA00018105,2025-03-24,BR002,TLR-1445,C503732,cash withdrawal,-928.45,CAD
CA00024450,2025-03-14,BR035,TLR-8151,C503066,cash deposit,390.35,CAD
CA00020720,2025-03-30,BR015,TLR-7590,C500671,cash deposit,1290.03,CAD
CA00020640,2025-03-14,BR015,TLR-1786,C502283,cash withdrawal,3044.19,CAD
CA00019275,2025-03-17,BR007,TLR-4789,C502439,cash deposit,838.41,CAD
CA00025011,2025-03-21,BR037,TLR-4542,C500793,cash withdrawal,685.3,CAD
CA00019946,2025-03-21,BR011,TLR-4610,C502480,cash deposit,2866.52,CAD
CA00022016,2025-03-19,BR022,TLR-1873,C502687,cash withdrawal,1415.0,CAD
CA00022689,2025-03-06,BR026,TLR-7506,C502919,cash withdrawal,-691.83,CAD
CA00024826,2025-03-10,BR036,TLR-4913,C501261,cash deposit,533.3,CAD
CA00024843,2025-03-31,BR036,TLR-8225,C502983,cash withdrawal,480.22,CAD
CA00020410,2025-03-29,BR014,TLR-3182,C502968,cash deposit,873.45,CAD
CA00022170,2025-03-09,BR024,TLR-7246,C502596,cash withdrawal,847.88,CAD
CA00018006,2025-03-05,BR001,TLR-1516,C503315,cash deposit,858.72,CAD
CA00023667,2025-03-27,BR031,TLR-7542,C501669,cash withdrawal,278.05,CAD
CA00021543,2025-03-31,BR019,TLR-8630,C500419,cash deposit,1841.36,CAD
CA00024830,2025-03-03,BR036,TLR-4804,C500252,cash deposit,1314.57,CAD
CA00020719,2025-03-24,BR015,TLR-9935,C502655,cash deposit,633.84,CAD
CA00025694,2025-03-22,BR040,TLR-6405,C500445,cash deposit,390.4,CAD
CA00023669,2025-03-28,BR031,TLR-3433,C503592,cash withdrawal,2411.8,CAD
CA00020582,2025-03-20,BR015,TLR-9262,C502541,cash deposit,893.13,CAD
CA00020519,2025-03-30,BR015,TLR-4063,C500887,cash withdrawal,1509.21,CAD
CA00021849,2025-03-06,BR021,TLR-2440,C502882,cash deposit,815.94,CAD
CA00019806,2025-03-10,BR010,TLR-5514,C502350,cash deposit,1013.19,CAD
CA00023127,2025-03-20,BR028,TLR-9514,C501106,cash withdrawal,853.26,CAD
CA00019765,2025-03-25,BR010,TLR-1073,C501125,cash withdrawal,719.38,CAD
CA00024579,2025-03-22,BR035,TLR-1788,C502649,cash withdrawal,2549.81,CAD
CA00023590,2025-03-25,BR030,TLR-8932,C503081,cash deposit,634.26,CAD
CA00026009,2025-03-09,BR040,TLR-3720,C503473,cash withdrawal,1212.99,CAD
CA00024375,2025-03-18,BR034,TLR-8589,C503884,cash deposit,1322.67,CAD
CA00023172,2025-03-04,BR028,TLR-6625,C501613,cash withdrawal,2049.77,CAD
CA00022498,2025-03-25,BR025,TLR-2694,C500261,cash withdrawal,-970.53,CAD
CA00025665,2025-03-01,BR039,TLR-7199,C500297,cash deposit,711.55,CAD
CA00022102,2025-03-10,BR023,TLR-5190,C500932,cash deposit,1330.26,CAD
CA00024367,2025-03-18,BR034,TLR-4920,C501168,cash withdrawal,861.6,CAD
CA00026044,2025-03-29,BR040,TLR-6207,C502142,cash withdrawal,2303.12,CAD
CA00018488,2025-03-22,BR004,TLR-7046,C502792,cash deposit,577.1,CAD
CA00018774,2025-03-17,BR005,TLR-3704,C501230,cash deposit,447.66,CAD
CA00024512,2025-03-20,BR035,TLR-5464,C502688,cash withdrawal,235.87,CAD
CA00024434,2025-03-24,BR035,TLR-6028,C503094,cash deposit,320.79,CAD
CA00018985,2025-03-21,BR006,TLR-2262,C502763,cash withdrawal,1227.26,CAD
CA00020898,2025-03-13,BR016,TLR-1729,C503123,cash deposit,855.38,CAD
CA00019956,2025-03-25,BR012,TLR-7491,C501958,cash deposit,716.92,CAD
CA00023654,2025-03-05,BR030,TLR-5389,C502122,cash withdrawal,2134.94,CAD
CA00022602,2025-03-02,BR025,TLR-1054,C502625,cash withdrawal,-1510.0,CAD
CA00019510,2025-03-30,BR008,TLR-2615,C502815,cash withdrawal,1695.32,CAD
CA00018266,2025-03-12,BR003,TLR-4315,C503607,cash deposit,1067.76,CAD
CA00023564,2025-03-11,BR030,TLR-7696,C502013,cash deposit,636.44,CAD
CA00019470,2025-03-23,BR008,TLR-2786,C503318,cash withdrawal,1646.52,CAD
CA00022996,2025-03-28,BR027,TLR-2710,C500831,cash withdrawal,3895.62,CAD
CA00019571,2025-03-14,BR009,TLR-6359,C501286,cash withdrawal,2579.95,CAD
CA00024963,2025-03-03,BR036,TLR-3631,C500789,cash deposit,169.16,CAD
CA00022745,2025-03-28,BR026,TLR-7564,C502111,cash withdrawal,-493.79,CAD
CA00019992,2025-03-13,BR012,TLR-1641,C500737,cash withdrawal,4264.4,CAD
CA00018121,2025-03-31,BR002,TLR-5987,C501812,cash withdrawal,-2267.65,CAD
CA00018529,2025-03-25,BR004,TLR-8397,C501029,cash deposit,450.13,CAD
CA00021273,2025-03-20,BR018,TLR-3922,C501009,cash withdrawal,237.31,CAD
CA00020492,2025-03-27,BR014,TLR-3237,C503703,cash deposit,322.86,CAD
CA00026423,2025-03-23,BR040,TLR-9590,C501714,cash withdrawal,1631.47,CAD
CA00018942,2025-03-11,BR006,TLR-8851,C500576,cash withdrawal,573.37,CAD
CA00019139,2025-03-11,BR007,TLR-1612,C501278,cash withdrawal,744.51,CAD
CA00022285,2025-03-25,BR024,TLR-2118,C503869,cash deposit,363.16,CAD
CA00024876,2025-03-04,BR036,TLR-5602,C503751,cash withdrawal,971.08,CAD
CA00025928,2025-03-10,BR040,TLR-9532,C503527,cash deposit,752.43,CAD
CA00017789,2025-03-24,BR001,TLR-8461,C502335,cash deposit,175.78,CAD
CA00022284,2025-03-17,BR024,TLR-2242,C503486,cash withdrawal,2623.8,CAD
CA00018081,2025-03-24,BR002,TLR-5189,C503140,cash withdrawal,-157.89,CAD
CA00019793,2025-03-02,BR010,TLR-9954,C502490,cash withdrawal,591.33,CAD
CA00023512,2025-03-21,BR030,TLR-9536,C502585,cash withdrawal,493.38,CAD
CA00024323,2025-03-15,BR034,TLR-4956,C500041,cash withdrawal,1733.36,CAD
CA00026124,2025-03-13,BR040,TLR-5020,C501796,cash deposit,1608.06,CAD
CA00017759,2025-03-25,BR001,TLR-3762,C500230,cash withdrawal,3869.33,CAD
CA00023991,2025-03-20,BR032,TLR-8339,C503254,cash deposit,678.29,CAD
CA00020714,2025-03-02,BR015,TLR-5397,C500934,cash deposit,742.03,CAD
CA00017952,2025-03-11,BR001,TLR-2599,C501729,cash withdrawal,1923.22,CAD
CA00021266,2025-03-18,BR018,TLR-6217,C501136,cash withdrawal,704.77,CAD
CA00020058,2025-03-19,BR012,TLR-3742,C502958,cash deposit,706.95,CAD
CA00023506,2025-03-20,BR030,TLR-4328,C501403,cash withdrawal,541.85,CAD
CA00024975,2025-03-30,BR036,TLR-6811,C501243,cash deposit,446.18,CAD
CA00020289,2025-03-02,BR014,TLR-3639,C500613,cash withdrawal,2701.82,CAD
CA00024981,2025-03-21,BR037,TLR-8267,C501752,cash deposit,1042.12,CAD
CA00020590,2025-03-12,BR015,TLR-3505,C500675,cash deposit,1613.15,CAD
CA00019291,2025-03-28,BR008,TLR-1475,C503134,cash withdrawal,2015.18,CAD
CA00017980,2025-03-10,BR001,TLR-1424,C503829,cash deposit,1214.85,CAD
CA00023650,2025-03-19,BR030,TLR-3078,C500459,cash deposit,1355.96,CAD
CA00019788,2025-03-20,BR010,TLR-1044,C500415,cash withdrawal,2104.01,CAD
CA00018090,2025-03-06,BR002,TLR-7263,C500771,cash deposit,622.47,CAD
CA00026364,2025-03-26,BR040,TLR-5691,C501479,cash deposit,259.68,CAD
CA00022346,2025-03-12,BR024,TLR-5631,C503183,cash deposit,1614.05,CAD
CA00019625,2025-03-29,BR009,TLR-6501,C502262,cash deposit,289.91,CAD
CA00024119,2025-03-14,BR033,TLR-9181,C501777,cash withdrawal,5333.96,CAD
CA00025476,2025-03-04,BR039,TLR-7630,C500348,cash withdrawal,586.02,CAD
CA00024777,2025-03-12,BR036,TLR-5527,C501920,cash deposit,1600.74,CAD
CA00019138,2025-03-12,BR007,TLR-9877,C500941,cash deposit,673.35,CAD
CA00021377,2025-03-21,BR019,TLR-5639,C501129,cash deposit,1806.13,CAD
CA00024894,2025-03-21,BR036,TLR-6764,C501523,cash withdrawal,823.71,CAD
CA00025806,2025-03-08,BR040,TLR-8998,C503873,cash deposit,483.55,CAD
CA00026021,2025-03-08,BR040,TLR-1966,C500561,cash deposit,590.48,CAD
CA00025095,2025-03-31,BR037,TLR-1418,C501527,cash withdrawal,797.84,CAD
CA00022613,2025-03-12,BR025,TLR-4587,C500402,cash deposit,1584.54,CAD
CA00024338,2025-03-10,BR034,TLR-6637,C501877,cash deposit,1212.66,CAD
CA00026145,2025-03-04,BR040,TLR-8698,C500288,cash deposit,964.54,CAD
CA00021714,2025-03-12,BR020,TLR-5103,C500976,cash deposit,553.05,USD
CA00024393,2025-03-05,BR034,TLR-1558,C501143,cash deposit,458.85,CAD
CA00024712,2025-03-12,BR036,TLR-8651,C502716,cash deposit,628.93,CAD
CA00020533,2025-03-16,BR015,TLR-5295,C502902,cash withdrawal,2465.59,CAD
CA00021605,2025-03-12,BR020,TLR-8843,C501123,cash withdrawal,254.58,USD
CA00021984,2025-03-21,BR022,TLR-2914,C500442,cash deposit,504.15,CAD
CA00023763,2025-03-26,BR031,TLR-8813,C503183,cash deposit,2397.84,CAD
CA00023474,2025-03-21,BR030,TLR-7333,C503807,cash deposit,1206.71,CAD
CA00025166,2025-03-19,BR037,TLR-9680,C501884,cash withdrawal,474.74,CAD
CA00018365,2025-03-27,BR003,TLR-3846,C500118,cash deposit,542.74,CAD
CA00025253,2025-03-12,BR038,TLR-9372,C501843,cash deposit,1286.87,CAD
CA00020544,2025-03-16,BR015,TLR-8616,C503891,cash withdrawal,309.51,CAD
CA00018128,2025-03-26,BR002,TLR-8442,C502233,cash withdrawal,-378.15,CAD
CA00018179,2025-03-27,BR002,TLR-4799,C501602,cash withdrawal,-2548.34,CAD
CA00022625,2025-03-21,BR025,TLR-4817,C503212,cash withdrawal,-444.14,CAD
CA00019418,2025-03-16,BR008,TLR-3444,C502559,cash deposit,163.61,CAD
CA00024917,2025-03-21,BR036,TLR-9541,C503706,cash deposit,955.6,CAD
CA00025714,2025-03-29,BR040,TLR-3791,C503721,cash deposit,151.2,CAD
CA00026200,2025-03-17,BR040,TLR-6796,C502739,cash withdrawal,2930.58,CAD
CA00017963,2025-03-23,BR001,TLR-5888,C503451,cash withdrawal,1153.58,CAD
CA00019328,2025-03-04,BR008,TLR-3906,C500648,cash deposit,812.55,CAD
CA00019347,2025-03-23,BR008,TLR-1926,C503112,cash withdrawal,3543.44,CAD
CA00020105,2025-03-04,BR012,TLR-2534,C502183,cash deposit,817.58,CAD
CA00022678,2025-03-05,BR026,TLR-5336,C501446,cash withdrawal,-1150.69,CAD
CA00019594,2025-03-25,BR009,TLR-3161,C503372,cash deposit,668.99,CAD
CA00021029,2025-03-06,BR017,TLR-9761,C500756,cash deposit,1074.43,CAD
CA00026139,2025-03-14,BR040,TLR-8433,C501314,cash deposit,422.19,CAD
CA00021378,2025-03-20,BR019,TLR-4117,C500483,cash withdrawal,1562.0,CAD
CA00023216,2025-03-20,BR028,TLR-6133,C503704,cash withdrawal,195.02,CAD
CA00024353,2025-03-14,BR034,TLR-6771,C502353,cash deposit,1753.35,CAD
CA00017880,2025-03-26,BR001,TLR-5919,C500794,cash deposit,796.26,CAD
CA00023846,2025-03-02,BR031,TLR-7516,C500163,cash withdrawal,611.75,CAD
CA00024554,2025-03-26,BR035,TLR-3807,C501837,cash withdrawal,1180.98,CAD
CA00024570,2025-03-02,BR035,TLR-8105,C503323,cash deposit,1012.17,CAD
CA00025537,2025-03-27,BR039,TLR-6221,C503410,cash withdrawal,601.9,CAD
CA00018495,2025-03-30,BR004,TLR-8467,C500360,cash deposit,1249.64,CAD
CA00026373,2025-03-01,BR040,TLR-5200,C502538,cash withdrawal,1515.76,CAD
CA00024858,2025-03-12,BR036,TLR-6207,C501360,cash withdrawal,576.6,CAD
CA00023505,2025-03-08,BR030,TLR-6839,C503678,cash withdrawal,1538.21,CAD
CA00019652,2025-03-31,BR009,TLR-2784,C500606,cash deposit,1114.51,CAD
CA00025091,2025-03-03,BR037,TLR-9520,C502227,cash withdrawal,1412.23,CAD
CA00018596,2025-03-07,BR004,TLR-9066,C501198,cash withdrawal,905.56,CAD
CA00023463,2025-03-05,BR030,TLR-3418,C501434,cash withdrawal,1410.65,CAD
CA00019064,2025-03-18,BR007,TLR-2577,C503101,cash deposit,1153.84,CAD
CA00018103,2025-03-26,BR002,TLR-6042,C502669,cash deposit,1600.6,CAD
CA00023315,2025-03-19,BR029,TLR-1613,C503350,cash withdrawal,1165.39,CAD
CA00017915,2025-03-13,BR001,TLR-7165,C501052,cash deposit,1924.33,CAD
CA00018099,2025-03-29,BR002,TLR-5552,C500514,cash deposit,1441.55,CAD
CA00018840,2025-03-19,BR006,TLR-4102,C501719,cash deposit,750.04,CAD
CA00025960,2025-03-20,BR040,TLR-7358,C501782,cash deposit,436.35,CAD
CA00026444,2025-03-01,BR040,TLR-3207,C502552,cash withdrawal,1562.45,CAD
CA00023088,2025-03-08,BR027,TLR-1877,C503611,cash withdrawal,2181.03,CAD
CA00024265,2025-03-27,BR034,TLR-9534,C500549,cash deposit,522.16,CAD
CA00021038,2025-03-11,BR017,TLR-1611,C500848,cash deposit,685.09,CAD
CA00023385,2025-03-27,BR030,TLR-9870,C501424,cash withdrawal,1120.8,CAD
CA00021179,2025-03-11,BR017,TLR-1584,C501315,cash withdrawal,1448.21,CAD
CA00025951,2025-03-24,BR040,TLR-9857,C502189,cash deposit,776.32,CAD
CA00025712,2025-03-22,BR040,TLR-4535,C503777,cash withdrawal,959.34,CAD
CA00025838,2025-03-29,BR040,TLR-3818,C501137,cash withdrawal,527.81,CAD
CA00020546,2025-03-02,BR015,TLR-8666,C501207,cash withdrawal,693.07,CAD
CA00024351,2025-03-02,BR034,TLR-2990,C500031,cash withdrawal,1158.62,CAD
CA00024630,2025-03-14,BR035,TLR-5658,C501591,cash deposit,1085.37,CAD
CA00019556,2025-03-18,BR009,TLR-7614,C502840,cash withdrawal,2703.52,CAD
CA00018111,2025-03-12,BR002,TLR-9687,C502605,cash withdrawal,-822.18,CAD
CA00022426,2025-03-11,BR024,TLR-5079,C503773,cash deposit,1454.59,CAD
CA00018716,2025-03-17,BR004,TLR-9126,C501068,cash withdrawal,718.6,CAD
CA00021240,2025-03-03,BR018,TLR-2356,C503223,cash deposit,648.6,CAD
CA00020579,2025-03-20,BR015,TLR-5286,C500603,cash deposit,650.79,CAD
CA00024768,2025-03-30,BR036,TLR-6354,C502293,cash deposit,707.93,CAD
CA00019831,2025-03-10,BR010,TLR-9593,C503631,cash deposit,718.68,CAD
CA00021189,2025-03-07,BR017,TLR-9772,C501854,cash deposit,655.95,CAD
CA00021120,2025-03-29,BR017,TLR-5227,C501294,cash deposit,2157.18,CAD
CA00019597,2025-03-30,BR009,TLR-3254,C500612,cash deposit,345.16,CAD
CA00022859,2025-03-05,BR026,TLR-1005,C503974,cash withdrawal,-935.55,CAD
CA00025761,2025-03-22,BR040,TLR-8285,C500324,cash deposit,817.9,CAD
CA00018570,2025-03-23,BR004,TLR-7933,C503766,cash withdrawal,3356.24,CAD
CA00024466,2025-03-03,BR035,TLR-6515,C503428,cash deposit,1420.44,CAD
CA00021033,2025-03-25,BR017,TLR-3357,C500814,cash withdrawal,1300.02,CAD
CA00020212,2025-03-25,BR013,TLR-6136,C501922,cash deposit,882.92,CAD
CA00019783,2025-03-17,BR010,TLR-9322,C502529,cash deposit,1670.8,CAD
CA00022496,2025-03-02,BR025,TLR-3497,C500554,cash withdrawal,-1316.59,CAD
CA00025342,2025-03-04,BR038,TLR-6985,C502274,cash withdrawal,2294.76,CAD
CA00022436,2025-03-24,BR024,TLR-6853,C502763,cash deposit,1293.59,CAD
CA00023301,2025-03-31,BR029,TLR-3003,C500246,cash deposit,765.35,CAD
CA00022172,2025-03-17,BR024,TLR-9860,C500010,cash withdrawal,830.27,CAD
CA00025986,2025-03-03,BR040,TLR-9860,C500987,cash deposit,1573.7,CAD
CA00025961,2025-03-12,BR040,TLR-7750,C503584,cash deposit,1863.87,CAD
CA00025612,2025-03-30,BR039,TLR-5513,C500818,cash deposit,758.53,CAD
CA00025487,2025-03-02,BR039,TLR-2351,C503210,cash deposit,311.44,CAD
CA00023872,2025-03-02,BR031,TLR-2857,C503858,cash deposit,1398.99,CAD
CA00021745,2025-03-11,BR020,TLR-2845,C503039,cash withdrawal,454.4,USD
CA00025670,2025-03-16,BR039,TLR-4044,C501257,cash deposit,1125.38,CAD
CA00024545,2025-03-17,BR035,TLR-8627,C503688,cash withdrawal,736.27,CAD
CA00022823,2025-03-29,BR026,TLR-9721,C500385,cash withdrawal,-913.26,CAD
CA00018085,2025-03-10,BR002,TLR-7773,C500903,cash deposit,600.12,CAD
CA00021808,2025-03-28,BR021,TLR-4343,C501701,cash deposit,4177.1,CAD
CA00019720,2025-03-05,BR009,TLR-5363,C502762,cash deposit,1389.26,CAD
CA00022727,2025-03-05,BR026,TLR-9962,C500223,cash withdrawal,-491.37,CAD
CA00026235,2025-03-16,BR040,TLR-7081,C501305,cash deposit,776.05,CAD
CA00022922,2025-03-01,BR027,TLR-3225,C501408,cash deposit,2421.31,CAD
CA00023840,2025-03-27,BR031,TLR-5349,C501218,cash withdrawal,632.99,CAD
CA00024962,2025-03-30,BR036,TLR-3922,C500520,cash deposit,1176.3,CAD
CA00018825,2025-03-08,BR006,TLR-1751,C503131,cash withdrawal,761.62,CAD
CA00018056,2025-03-11,BR002,TLR-5971,C501961,cash deposit,799.38,CAD
CA00020573,2025-03-19,BR015,TLR-2684,C501210,cash deposit,1641.85,CAD
CA00020130,2025-03-17,BR012,TLR-9262,C502550,cash deposit,1759.19,CAD
CA00020444,2025-03-22,BR014,TLR-5762,C502183,cash withdrawal,1506.83,CAD
CA00020095,2025-03-02,BR012,TLR-8440,C500328,cash withdrawal,707.51,CAD
CA00018573,2025-03-24,BR004,TLR-8915,C500492,cash deposit,397.77,CAD
CA00026025,2025-03-09,BR040,TLR-6264,C502810,cash deposit,611.02,CAD
CA00024978,2025-03-04,BR037,TLR-7635,C503885,cash withdrawal,191.9,CAD
CA00022742,2025-03-22,BR026,TLR-2456,C502958,cash deposit,1408.4,CAD
CA00025861,2025-03-04,BR040,TLR-8734,C501555,cash deposit,1172.43,CAD
CA00023702,2025-03-29,BR031,TLR-8057,C503839,cash withdrawal,315.27,CAD
CA00024185,2025-03-21,BR033,TLR-6890,C501357,cash deposit,2852.52,CAD
CA00024992,2025-03-06,BR037,TLR-5301,C503542,cash deposit,1878.67,CAD
CA00023832,2025-03-22,BR031,TLR-2878,C502455,cash deposit,1327.6,CAD
CA00022429,2025-03-09,BR024,TLR-2157,C503436,cash withdrawal,1251.41,CAD
CA00018682,2025-03-11,BR004,TLR-7860,C502833,cash deposit,4171.49,CAD
CA00022831,2025-03-19,BR026,TLR-3562,C503989,cash deposit,534.53,CAD
CA00025032,2025-03-15,BR037,TLR-6972,C501022,cash deposit,519.86,CAD
CA00024522,2025-03-31,BR035,TLR-9205,C503810,cash deposit,445.88,CAD
CA00021011,2025-03-25,BR017,TLR-9075,C500806,cash deposit,1270.18,CAD
CA00026254,2025-03-21,BR040,TLR-1862,C501654,cash withdrawal,5093.66,CAD
CA00024716,2025-03-10,BR036,TLR-4633,C501625,cash withdrawal,1549.86,CAD
CA00021685,2025-03-20,BR020,TLR-3111,C501545,cash deposit,242.56,USD
CA00023449,2025-03-27,BR030,TLR-7020,C500234,cash withdrawal,2183.99,CAD
CA00017715,2025-03-04,BR001,TLR-5060,C501457,cash deposit,803.24,CAD
CA00020383,2025-03-07,BR014,TLR-8571,C500300,cash deposit,1453.87,CAD
CA00025201,2025-03-18,BR037,TLR-8667,C501218,cash withdrawal,1868.68,CAD
CA00018087,2025-03-19,BR002,TLR-9713,C502859,cash deposit,751.35,CAD
CA00018301,2025-03-26,BR003,TLR-5104,C502201,cash deposit,661.96,CAD
CA00022774,2025-03-30,BR026,TLR-7475,C501664,cash withdrawal,-1464.82,CAD
CA00024880,2025-03-03,BR036,TLR-4480,C502556,cash deposit,1446.14,CAD
CA00023929,2025-03-18,BR032,TLR-4876,C503543,cash withdrawal,576.2,CAD
CA00022178,2025-03-30,BR024,TLR-1952,C503734,cash deposit,715.74,CAD
CA00017930,2025-03-10,BR001,TLR-8549,C500930,cash deposit,406.6,CAD
CA00019488,2025-03-28,BR008,TLR-4036,C503655,cash withdrawal,519.49,CAD
CA00024607,2025-03-30,BR035,TLR-1377,C503048,cash withdrawal,1191.97,CAD
CA00018052,2025-03-05,BR002,TLR-4781,C501158,cash withdrawal,-504.07,CAD
CA00019991,2025-03-09,BR012,TLR-8440,C502725,cash withdrawal,1729.46,CAD
CA00025158,2025-03-05,BR037,TLR-6629,C501908,cash deposit,510.63,CAD
CA00022571,2025-03-09,BR025,TLR-9064,C503053,cash withdrawal,-1459.26,CAD
CA00025624,2025-03-22,BR039,TLR-5077,C500572,cash withdrawal,2214.09,CAD
CA00020783,2025-03-03,BR016,TLR-7507,C503867,cash deposit,1440.74,CAD
CA00022379,2025-03-14,BR024,TLR-1454,C500996,cash deposit,1250.78,CAD
CA00023135,2025-03-28,BR028,TLR-5237,C503275,cash withdrawal,1077.18,CAD
CA00025900,2025-03-14,BR040,TLR-2500,C502323,cash deposit,1408.48,CAD
CA00023697,2025-03-20,BR031,TLR-9213,C500473,cash deposit,601.27,CAD
CA00018912,2025-03-26,BR006,TLR-2201,C502285,cash deposit,1101.45,CAD
CA00023935,2025-03-04,BR032,TLR-3389,C502487,cash deposit,1237.06,CAD
CA00023277,2025-03-18,BR029,TLR-6498,C500620,cash withdrawal,2035.54,CAD
CA00023937,2025-03-16,BR032,TLR-2744,C502067,cash withdrawal,339.97,CAD
CA00023515,2025-03-24,BR030,TLR-5291,C503079,cash withdrawal,1487.58,CAD
CA00026136,2025-03-28,BR040,TLR-4359,C503146,cash withdrawal,2234.05,CAD
CA00020188,2025-03-03,BR013,TLR-9911,C500591,cash deposit,1352.27,CAD
CA00018990,2025-03-24,BR006,TLR-4141,C503553,cash deposit,3631.04,CAD
CA00021553,2025-03-27,BR019,TLR-9414,C501522,cash withdrawal,890.04,CAD
CA00018770,2025-03-18,BR005,TLR-7269,C500509,cash withdrawal,1705.25,CAD
CA00019586,2025-03-03,BR009,TLR-4786,C502049,cash withdrawal,543.29,CAD
CA00021882,2025-03-16,BR021,TLR-2772,C500515,cash withdrawal,2761.67,CAD
CA00025771,2025-03-13,BR040,TLR-2553,C501100,cash deposit,1082.51,CAD
CA00022976,2025-03-13,BR027,TLR-5187,C501681,cash deposit,390.01,CAD
CA00020765,2025-03-12,BR016,TLR-6203,C503434,cash deposit,1580.57,CAD
CA00024930,2025-03-09,BR036,TLR-1114,C503764,cash deposit,464.85,CAD
CA00021459,2025-03-26,BR019,TLR-1971,C502271,cash withdrawal,1611.94,CAD
CA00024743,2025-03-06,BR036,TLR-4781,C502240,cash withdrawal,1394.99,CAD
CA00018673,2025-03-24,BR004,TLR-5373,C503310,cash deposit,709.01,CAD
CA00025539,2025-03-08,BR039,TLR-3870,C500805,cash withdrawal,187.88,CAD
CA00024048,2025-03-02,BR032,TLR-7400,C503052,cash withdrawal,324.15,CAD
CA00020976,2025-03-14,BR017,TLR-7879,C503431,cash withdrawal,287.56,CAD
CA00019598,2025-03-16,BR009,TLR-2009,C502098,cash deposit,1085.86,CAD
CA00020426,2025-03-28,BR014,TLR-1809,C501109,cash deposit,700.51,CAD
CA00019337,2025-03-01,BR008,TLR-8317,C500934,cash withdrawal,4188.84,CAD
CA00019202,2025-03-08,BR007,TLR-2205,C503583,cash deposit,648.69,CAD
CA00024108,2025-03-14,BR033,TLR-1299,C500665,cash withdrawal,987.27,CAD
CA00025134,2025-03-02,BR037,TLR-4193,C500926,cash deposit,760.34,CAD
CA00020286,2025-03-12,BR014,TLR-6362,C502142,cash deposit,661.4,CAD
CA00024937,2025-03-27,BR036,TLR-4851,C503868,cash withdrawal,2196.01,CAD
CA00019674,2025-03-04,BR009,TLR-1836,C503099,cash deposit,441.76,CAD
CA00018043,2025-03-29,BR002,TLR-9263,C500414,cash withdrawal,-1012.53,CAD
CA00023658,2025-03-16,BR030,TLR-7819,C500779,cash withdrawal,752.37,CAD
CA00019021,2025-03-29,BR006,TLR-7873,C502377,cash deposit,477.07,CAD
CA00018432,2025-03-07,BR003,TLR-7178,C501794,cash deposit,609.17,CAD
CA00024102,2025-03-28,BR033,TLR-8062,C502691,cash deposit,299.73,CAD
CA00019081,2025-03-08,BR007,TLR-3127,C502717,cash deposit,906.59,CAD
CA00018914,2025-03-29,BR006,TLR-3360,C501716,cash deposit,1440.69,CAD
CA00017859,2025-03-13,BR001,TLR-4605,C500762,cash deposit,408.76,CAD
CA00022715,2025-03-24,BR026,TLR-8291,C502836,cash deposit,632.45,CAD
CA00026248,2025-03-11,BR040,TLR-2109,C500991,cash deposit,671.92,CAD
CA00022243,2025-03-26,BR024,TLR-7749,C503662,cash withdrawal,2201.67,CAD
CA00025233,2025-03-14,BR037,TLR-4505,C501681,cash withdrawal,1009.72,CAD
CA00020398,2025-03-13,BR014,TLR-3316,C502524,cash deposit,3213.27,CAD
CA00022183,2025-03-09,BR024,TLR-7623,C503931,cash withdrawal,2947.25,CAD
CA00020996,2025-03-12,BR017,TLR-2471,C500462,cash deposit,657.49,CAD
CA00021085,2025-03-26,BR017,TLR-2528,C503605,cash deposit,2063.89,CAD
CA00022616,2025-03-20,BR025,TLR-3668,C502197,cash withdrawal,-319.0,CAD
CA00020014,2025-03-12,BR012,TLR-2667,C503356,cash deposit,541.42,CAD
CA00022153,2025-03-20,BR023,TLR-8392,C501237,cash withdrawal,906.94,CAD
CA00025883,2025-03-05,BR040,TLR-2566,C501743,cash deposit,588.67,CAD
CA00026394,2025-03-25,BR040,TLR-3072,C502932,cash withdrawal,304.14,CAD
CA00019865,2025-03-27,BR010,TLR-1406,C500332,cash deposit,1953.97,CAD
CA00018701,2025-03-02,BR004,TLR-6542,C501296,cash deposit,278.32,CAD
CA00018168,2025-03-17,BR002,TLR-2241,C500899,cash deposit,1264.89,CAD
CA00025772,2025-03-01,BR040,TLR-5473,C501928,cash withdrawal,795.44,CAD
CA00021006,2025-03-14,BR017,TLR-1074,C503334,cash withdrawal,379.37,CAD
CA00018693,2025-03-06,BR004,TLR-4432,C502988,cash deposit,830.64,CAD
CA00018022,2025-03-21,BR002,TLR-1905,C502000,cash deposit,3752.49,CAD
CA00023743,2025-03-09,BR031,TLR-2483,C503878,cash deposit,517.27,CAD
CA00022933,2025-03-10,BR027,TLR-8841,C502782,cash deposit,749.18,CAD
CA00023830,2025-03-17,BR031,TLR-4033,C501340,cash deposit,824.44,CAD
CA00018948,2025-03-08,BR006,TLR-5341,C502550,cash deposit,2840.46,CAD
CA00025790,2025-03-10,BR040,TLR-4669,C500475,cash deposit,570.42,CAD
CA00020070,2025-03-24,BR012,TLR-3693,C500569,cash deposit,2735.73,CAD
CA00020025,2025-03-13,BR012,TLR-5350,C501937,cash deposit,2336.32,CAD
CA00026380,2025-03-17,BR040,TLR-6182,C500960,cash deposit,910.02,CAD
CA00023850,2025-03-24,BR031,TLR-2330,C502148,cash deposit,290.43,CAD
CA00020757,2025-03-12,BR015,TLR-6666,C503322,cash withdrawal,1563.03,CAD
CA00025596,2025-03-25,BR039,TLR-2073,C503714,cash deposit,294.79,CAD
CA00020060,2025-03-14,BR012,TLR-4341,C501662,cash deposit,246.45,CAD
CA00018427,2025-03-29,BR003,TLR-9300,C500979,cash withdrawal,287.6,CAD
CA00020601,2025-03-04,BR015,TLR-1283,C502657,cash deposit,410.47,CAD
CA00023423,2025-03-23,BR030,TLR-6577,C501997,cash deposit,887.07,CAD
CA00025368,2025-03-14,BR038,TLR-7520,C501860,cash withdrawal,1206.04,CAD
CA00023951,2025-03-07,BR032,TLR-9366,C500724,cash withdrawal,692.85,CAD
CA00023181,2025-03-05,BR028,TLR-8356,C503500,cash deposit,1309.24,CAD
CA00019116,2025-03-11,BR007,TLR-8699,C501828,cash withdrawal,2692.85,CAD
CA00020514,2025-03-29,BR014,TLR-2298,C501153,cash deposit,2532.48,CAD
CA00024682,2025-03-20,BR036,TLR-9545,C502697,cash withdrawal,962.03,CAD
CA00026130,2025-03-01,BR040,TLR-1741,C501887,cash deposit,747.73,CAD
CA00025418,2025-03-22,BR038,TLR-4087,C502497,cash withdrawal,661.94,CAD
CA00022800,2025-03-05,BR026,TLR-1831,C501229,cash withdrawal,-430.16,CAD
CA00020067,2025-03-03,BR012,TLR-1598,C502371,cash deposit,930.83,CAD
CA00019604,2025-03-25,BR009,TLR-7912,C503904,cash withdrawal,1138.44,CAD
CA00023756,2025-03-16,BR031,TLR-3970,C503844,cash deposit,666.34,CAD
CA00021411,2025-03-04,BR019,TLR-1305,C500331,cash deposit,994.14,CAD
CA00023213,2025-03-28,BR028,TLR-2902,C501291,cash withdrawal,961.84,CAD
CA00019996,2025-03-26,BR012,TLR-1336,C500322,cash withdrawal,2186.19,CAD
CA00020650,2025-03-29,BR015,TLR-1506,C501919,cash deposit,356.62,CAD
CA00018633,2025-03-24,BR004,TLR-7101,C503929,cash withdrawal,1133.96,CAD
CA00023559,2025-03-14,BR030,TLR-2394,C503761,cash deposit,1070.27,CAD
CA00023493,2025-03-28,BR030,TLR-2211,C503339,cash withdrawal,763.55,CAD
CA00023529,2025-03-30,BR030,TLR-3096,C501681,cash deposit,1682.33,CAD
CA00025634,2025-03-22,BR039,TLR-9039,C500889,cash withdrawal,1625.23,CAD
CA00026319,2025-03-23,BR040,TLR-5036,C501979,cash withdrawal,1959.97,CAD
CA00022670,2025-03-17,BR026,TLR-5322,C502280,cash deposit,915.32,CAD
CA00024577,2025-03-12,BR035,TLR-9046,C500425,cash deposit,1016.4,CAD
CA00023235,2025-03-31,BR028,TLR-5037,C500928,cash withdrawal,1467.58,CAD
CA00020832,2025-03-22,BR016,TLR-2129,C500930,cash deposit,597.39,CAD
CA00021003,2025-03-14,BR017,TLR-1418,C503309,cash withdrawal,1465.91,CAD
CA00020731,2025-03-20,BR015,TLR-7604,C503527,cash withdrawal,2671.04,CAD
CA00019561,2025-03-04,BR009,TLR-1824,C500919,cash withdrawal,952.69,CAD
CA00019443,2025-03-18,BR008,TLR-7079,C500223,cash deposit,338.32,CAD
CA00023031,2025-03-12,BR027,TLR-2734,C503975,cash deposit,175.3,CAD
CA00025903,2025-03-25,BR040,TLR-6969,C502156,cash withdrawal,1684.61,CAD
CA00025421,2025-03-06,BR038,TLR-5135,C503430,cash deposit,772.86,CAD
CA00019427,2025-03-29,BR008,TLR-6376,C501873,cash withdrawal,1534.02,CAD
CA00019314,2025-03-20,BR008,TLR-4742,C503079,cash deposit,1819.85,CAD
CA00024235,2025-03-20,BR033,TLR-2809,C500403,cash withdrawal,2278.09,CAD
CA00021155,2025-03-04,BR017,TLR-7252,C501314,cash withdrawal,2688.57,CAD
CA00018649,2025-03-29,BR004,TLR-2554,C502129,cash deposit,248.26,CAD
CA00026375,2025-03-21,BR040,TLR-7892,C502679,cash deposit,1083.69,CAD
CA00026008,2025-03-14,BR040,TLR-2212,C501169,cash deposit,1860.72,CAD
CA00019647,2025-03-24,BR009,TLR-7921,C501585,cash withdrawal,2170.48,CAD
CA00022376,2025-03-04,BR024,TLR-2079,C501242,cash deposit,2472.11,CAD
CA00021618,2025-03-19,BR020,TLR-7070,C501480,cash withdrawal,1723.32,USD
CA00022547,2025-03-19,BR025,TLR-6430,C502785,cash deposit,1345.61,CAD
CA00024136,2025-03-14,BR033,TLR-7362,C503228,cash withdrawal,1576.11,CAD
CA00020977,2025-03-16,BR017,TLR-4959,C500601,cash deposit,454.66,CAD
CA00023134,2025-03-08,BR028,TLR-3760,C502345,cash deposit,2257.09,CAD
CA00023344,2025-03-05,BR029,TLR-2596,C501623,cash deposit,1032.07,CAD
CA00026389,2025-03-13,BR040,TLR-3671,C503419,cash deposit,1214.69,CAD
CA00018378,2025-03-13,BR003,TLR-8459,C502133,cash deposit,321.82,CAD
CA00022445,2025-03-07,BR025,TLR-3156,C501522,cash withdrawal,-261.28,CAD
CA00022303,2025-03-11,BR024,TLR-3143,C500351,cash deposit,414.53,CAD
CA00024809,2025-03-15,BR036,TLR-5505,C500590,cash deposit,3243.06,CAD
CA00024359,2025-03-14,BR034,TLR-5017,C503566,cash deposit,528.67,CAD
CA00023715,2025-03-16,BR031,TLR-3867,C503966,cash deposit,2284.33,CAD
CA00022918,2025-03-15,BR027,TLR-9924,C501813,cash deposit,831.13,CAD
CA00026161,2025-03-26,BR040,TLR-5779,C502369,cash deposit,674.49,CAD
CA00023138,2025-03-25,BR028,TLR-9417,C500776,cash deposit,602.05,CAD
CA00021759,2025-03-24,BR020,TLR-3861,C503194,cash deposit,1006.05,USD
CA00024571,2025-03-22,BR035,TLR-8625,C502530,cash withdrawal,427.33,CAD
CA00022550,2025-03-23,BR025,TLR-9905,C502385,cash deposit,1232.65,CAD
CA00024772,2025-03-20,BR036,TLR-6258,C500604,cash withdrawal,3823.53,CAD
CA00018049,2025-03-10,BR002,TLR-1111,C502988,cash deposit,660.76,CAD
CA00023090,2025-03-18,BR027,TLR-6550,C502183,cash withdrawal,1441.27,CAD
CA00019234,2025-03-14,BR007,TLR-8684,C502664,cash withdrawal,1660.32,CAD
CA00024220,2025-03-20,BR033,TLR-4695,C502726,cash withdrawal,743.12,CAD
CA00025946,2025-03-13,BR040,TLR-2193,C500904,cash deposit,662.19,CAD
CA00022772,2025-03-22,BR026,TLR-9293,C500456,cash withdrawal,-879.67,CAD
CA00022925,2025-03-07,BR027,TLR-8926,C503834,cash withdrawal,3381.13,CAD
CA00018692,2025-03-02,BR004,TLR-7392,C502419,cash withdrawal,1327.39,CAD
CA00017719,2025-03-18,BR001,TLR-7526,C502340,cash deposit,600.14,CAD
CA00018132,2025-03-09,BR002,TLR-6949,C503256,cash deposit,673.34,CAD
CA00017768,2025-03-07,BR001,TLR-6851,C500836,cash withdrawal,838.7,CAD
CA00022229,2025-03-25,BR024,TLR-3789,C503382,cash withdrawal,1071.31,CAD
CA00018654,2025-03-19,BR004,TLR-2559,C502749,cash deposit,846.71,CAD
CA00019517,2025-03-09,BR009,TLR-7955,C503221,cash deposit,2862.45,CAD
CA00021813,2025-03-21,BR021,TLR-9063,C502856,cash deposit,1102.04,CAD
CA00020246,2025-03-23,BR013,TLR-5199,C501469,cash withdrawal,5656.84,CAD
CA00021460,2025-03-23,BR019,TLR-6708,C503305,cash withdrawal,2533.36,CAD
CA00024847,2025-03-27,BR036,TLR-7224,C500058,cash deposit,503.98,CAD
CA00019277,2025-03-20,BR007,TLR-1093,C502300,cash withdrawal,914.13,CAD
CA00021744,2025-03-28,BR020,TLR-7895,C503558,cash withdrawal,1023.11,USD
CA00021241,2025-03-06,BR018,TLR-6968,C503624,cash withdrawal,548.19,CAD
CA00026174,2025-03-19,BR040,TLR-1293,C502184,cash withdrawal,1081.05,CAD
CA00022510,2025-03-04,BR025,TLR-3906,C503206,cash deposit,1616.24,CAD
CA00025042,2025-03-24,BR037,TLR-3280,C503995,cash withdrawal,209.4,CAD
CA00019140,2025-03-29,BR007,TLR-6531,C500374,cash withdrawal,559.92,CAD
CA00022873,2025-03-11,BR026,TLR-8432,C501063,cash withdrawal,-556.62,CAD
CA00025038,2025-03-21,BR037,TLR-2469,C502786,cash withdrawal,2109.94,CAD
CA00019931,2025-03-14,BR011,TLR-3186,C503199,cash deposit,973.13,CAD
CA00019719,2025-03-28,BR009,TLR-6815,C500952,cash withdrawal,1679.64,CAD
CA00019287,2025-03-14,BR008,TLR-2113,C501129,cash deposit,1595.9,CAD
CA00021762,2025-03-16,BR020,TLR-2111,C503049,cash deposit,930.98,USD
CA00021280,2025-03-05,BR018,TLR-9129,C501633,cash withdrawal,325.23,CAD
CA00019797,2025-03-02,BR010,TLR-3509,C502344,cash deposit,457.42,CAD
CA00026440,2025-03-26,BR040,TLR-8331,C500148,cash withdrawal,775.02,CAD
CA00021936,2025-03-01,BR021,TLR-6567,C500417,cash deposit,854.5,CAD
CA00026523,2025-03-18,BR040,TLR-2563,C500928,cash deposit,399.65,CAD
CA00019120,2025-03-31,BR007,TLR-7978,C500022,cash withdrawal,344.03,CAD
CA00022982,2025-03-05,BR027,TLR-4248,C500397,cash deposit,1624.73,CAD
CA00021622,2025-03-15,BR020,TLR-4332,C501143,cash deposit,803.83,USD
CA00023184,2025-03-27,BR028,TLR-1588,C500475,cash deposit,275.31,CAD
CA00025018,2025-03-15,BR037,TLR-2487,C503680,cash deposit,563.23,CAD
CA00023827,2025-03-07,BR031,TLR-7634,C501337,cash withdrawal,720.9,CAD
CA00019280,2025-03-12,BR008,TLR-5619,C502244,cash deposit,1197.43,CAD
CA00019461,2025-03-23,BR008,TLR-4381,C503529,cash deposit,3134.92,CAD
CA00020290,2025-03-31,BR014,TLR-2749,C500411,cash deposit,1208.56,CAD
CA00023755,2025-03-09,BR031,TLR-5029,C503598,cash withdrawal,583.88,CAD
CA00019904,2025-03-15,BR011,TLR-6067,C502844,cash withdrawal,2157.58,CAD
CA00023807,2025-03-04,BR031,TLR-9392,C503960,cash withdrawal,1902.2,CAD
CA00019013,2025-03-20,BR006,TLR-5195,C501913,cash deposit,942.94,CAD
CA00025782,2025-03-24,BR040,TLR-2431,C501252,cash withdrawal,1133.69,CAD
CA00023008,2025-03-22,BR027,TLR-9425,C502706,cash withdrawal,351.11,CAD
CA00021568,2025-03-08,BR019,TLR-2596,C503936,cash deposit,471.88,CAD
CA00024643,2025-03-26,BR035,TLR-8044,C503871,cash withdrawal,384.03,CAD
CA00017744,2025-03-16,BR001,TLR-7159,C500276,cash deposit,265.51,CAD
CA00020074,2025-03-08,BR012,TLR-5979,C501642,cash withdrawal,681.26,CAD
CA00021412,2025-03-04,BR019,TLR-8142,C502344,cash withdrawal,1362.95,CAD
CA00025543,2025-03-22,BR039,TLR-7622,C501935,cash withdrawal,254.5,CAD
CA00024167,2025-03-16,BR033,TLR-2284,C501083,cash withdrawal,760.06,CAD
CA00024259,2025-03-07,BR034,TLR-6864,C500683,cash deposit,1720.52,CAD
CA00023363,2025-03-30,BR029,TLR-6221,C501384,cash deposit,688.28,CAD
CA00023459,2025-03-01,BR030,TLR-2257,C502277,cash withdrawal,209.06,CAD
CA00018340,2025-03-30,BR003,TLR-2610,C500719,cash withdrawal,2439.57,CAD
CA00025197,2025-03-03,BR037,TLR-2340,C502089,cash withdrawal,1063.36,CAD
CA00022003,2025-03-07,BR022,TLR-7357,C502321,cash deposit,1314.57,CAD
CA00026058,2025-03-01,BR040,TLR-3969,C503650,cash deposit,556.07,CAD
CA00020388,2025-03-04,BR014,TLR-6304,C503340,cash withdrawal,894.62,CAD
CA00025494,2025-03-29,BR039,TLR-7307,C503396,cash deposit,368.22,CAD
CA00026439,2025-03-25,BR040,TLR-5626,C501353,cash deposit,696.74,CAD
CA00023584,2025-03-14,BR030,TLR-6795,C500761,cash deposit,860.81,CAD
CA00019182,2025-03-14,BR007,TLR-8589,C502869,cash deposit,1492.29,CAD
CA00020681,2025-03-03,BR015,TLR-3372,C503892,cash deposit,1752.65,CAD
CA00019743,2025-03-29,BR010,TLR-1860,C500592,cash deposit,238.62,CAD
CA00026362,2025-03-09,BR040,TLR-9942,C501345,cash deposit,1784.28,CAD
CA00019403,2025-03-15,BR008,TLR-5662,C502336,cash deposit,681.77,CAD
CA00024155,2025-03-14,BR033,TLR-3973,C503589,cash withdrawal,1245.93,CAD
CA00021089,2025-03-25,BR017,TLR-9597,C500888,cash deposit,929.48,CAD
CA00018405,2025-03-18,BR003,TLR-7622,C502784,cash withdrawal,1329.89,CAD
CA00019735,2025-03-08,BR010,TLR-3241,C500982,cash withdrawal,926.2,CAD
CA00018874,2025-03-12,BR006,TLR-6056,C500095,cash withdrawal,1334.55,CAD
CA00019756,2025-03-03,BR010,TLR-8187,C503456,cash deposit,809.33,CAD
CA00023409,2025-03-13,BR030,TLR-6233,C502124,cash deposit,894.27,CAD
CA00025299,2025-03-24,BR038,TLR-8770,C502760,cash deposit,577.66,CAD
CA00022803,2025-03-09,BR026,TLR-2911,C501955,cash withdrawal,-675.11,CAD
CA00019368,2025-03-12,BR008,TLR-6427,C501975,cash deposit,1780.4,CAD
CA00023606,2025-03-01,BR030,TLR-1856,C503297,cash withdrawal,1011.2,CAD
CA00026108,2025-03-21,BR040,TLR-8009,C503550,cash deposit,251.74,CAD
CA00019872,2025-03-19,BR010,TLR-6912,C500617,cash deposit,1017.93,CAD
CA00018797,2025-03-13,BR006,TLR-9086,C500737,cash deposit,927.93,CAD
CA00021625,2025-03-15,BR020,TLR-1647,C501614,cash deposit,1062.7,USD
CA00018138,2025-03-21,BR002,TLR-1306,C503638,cash deposit,1004.47,CAD
CA00022132,2025-03-25,BR023,TLR-6406,C500642,cash withdrawal,2016.53,CAD
CA00024846,2025-03-08,BR036,TLR-1994,C502314,cash deposit,746.69,CAD
CA00021726,2025-03-29,BR020,TLR-3701,C502192,cash withdrawal,653.54,USD
CA00024044,2025-03-04,BR032,TLR-5065,C501745,cash deposit,441.06,CAD
CA00022814,2025-03-23,BR026,TLR-9941,C503624,cash deposit,2086.54,CAD
CA00025657,2025-03-13,BR039,TLR-4112,C502347,cash withdrawal,888.11,CAD
CA00018666,2025-03-01,BR004,TLR-2998,C500074,cash withdrawal,1996.66,CAD
CA00023156,2025-03-19,BR028,TLR-2737,C500276,cash deposit,796.53,CAD
CA00018875,2025-03-31,BR006,TLR-3493,C502625,cash withdrawal,845.22,CAD
CA00022182,2025-03-04,BR024,TLR-5245,C502408,cash withdrawal,2178.66,CAD
CA00021020,2025-03-01,BR017,TLR-6199,C500035,cash deposit,2506.57,CAD
CA00019329,2025-03-21,BR008,TLR-2196,C500581,cash deposit,1176.25,CAD
CA00018435,2025-03-11,BR003,TLR-8539,C501422,cash withdrawal,3310.7,CAD
CA00024387,2025-03-08,BR034,TLR-7180,C501291,cash deposit,3833.48,CAD
CA00022124,2025-03-30,BR023,TLR-9739,C502951,cash withdrawal,692.55,CAD
CA00024938,2025-03-06,BR036,TLR-2140,C501398,cash withdrawal,1543.76,CAD
CA00018073,2025-03-24,BR002,TLR-3920,C502057,cash deposit,5606.89,CAD
CA00020770,2025-03-29,BR016,TLR-5966,C503926,cash deposit,727.15,CAD
CA00025271,2025-03-08,BR038,TLR-8033,C503456,cash deposit,1738.61,CAD
CA00025390,2025-03-15,BR038,TLR-2134,C500286,cash withdrawal,258.32,CAD
CA00020138,2025-03-19,BR012,TLR-6694,C503892,cash withdrawal,676.82,CAD
CA00026421,2025-03-23,BR040,TLR-4033,C500931,cash deposit,1672.38,CAD
CA00018744,2025-03-08,BR005,TLR-5166,C502011,cash deposit,820.48,CAD
CA00018368,2025-03-12,BR003,TLR-2339,C503483,cash deposit,566.51,CAD
CA00018601,2025-03-05,BR004,TLR-4097,C503836,cash deposit,1643.06,CAD
CA00026076,2025-03-26,BR040,TLR-5786,C503994,cash withdrawal,529.21,CAD
CA00020406,2025-03-01,BR014,TLR-2839,C501338,cash withdrawal,1116.21,CAD
CA00020110,2025-03-03,BR012,TLR-5368,C502041,cash deposit,594.08,CAD
CA00024244,2025-03-06,BR034,TLR-7649,C501793,cash deposit,501.96,CAD
CA00022244,2025-03-26,BR024,TLR-6965,C501148,cash withdrawal,1484.44,CAD
CA00021391,2025-03-15,BR019,TLR-6118,C501357,cash deposit,905.54,CAD
CA00026229,2025-03-28,BR040,TLR-7508,C500939,cash deposit,881.83,CAD
CA00021559,2025-03-15,BR019,TLR-1033,C502267,cash withdrawal,1247.91,CAD
CA00025819,2025-03-14,BR040,TLR-8374,C501041,cash withdrawal,1768.09,CAD
CA00020597,2025-03-05,BR015,TLR-6782,C500536,cash withdrawal,1373.99,CAD
CA00023767,2025-03-28,BR031,TLR-9158,C500800,cash withdrawal,1552.59,CAD
CA00023003,2025-03-12,BR027,TLR-9488,C501959,cash withdrawal,446.06,CAD
CA00026441,2025-03-08,BR040,TLR-2485,C501181,cash deposit,1435.14,CAD
CA00022250,2025-03-16,BR024,TLR-7304,C501814,cash withdrawal,529.88,CAD
CA00019706,2025-03-12,BR009,TLR-7438,C500965,cash withdrawal,1222.98,CAD
CA00019180,2025-03-24,BR007,TLR-4205,C501595,cash deposit,870.36,CAD
CA00020129,2025-03-08,BR012,TLR-5455,C501669,cash deposit,1413.52,CAD
CA00022651,2025-03-17,BR026,TLR-6695,C503224,cash withdrawal,-870.17,CAD
CA00017825,2025-03-20,BR001,TLR-8119,C502634,cash deposit,1015.34,CAD
CA00018503,2025-03-05,BR004,TLR-1270,C501339,cash withdrawal,1350.11,CAD
CA00017917,2025-03-14,BR001,TLR-2773,C500659,cash deposit,479.23,CAD
CA00022514,2025-03-26,BR025,TLR-2573,C500654,cash deposit,2153.52,CAD
CA00026189,2025-03-16,BR040,TLR-6048,C502955,cash deposit,846.5,CAD
CA00020685,2025-03-09,BR015,TLR-4722,C503878,cash deposit,885.44,CAD
CA00025480,2025-03-13,BR039,TLR-3721,C501088,cash withdrawal,1420.22,CAD
CA00021140,2025-03-25,BR017,TLR-4292,C502083,cash withdrawal,1133.89,CAD
CA00018163,2025-03-23,BR002,TLR-5137,C500772,cash deposit,1055.4,CAD
CA00026528,2025-03-15,BR040,TLR-9819,C502378,cash withdrawal,722.44,CAD
CA00018507,2025-03-30,BR004,TLR-5621,C501673,cash deposit,1175.97,CAD
CA00017692,2025-03-16,BR001,TLR-7390,C500183,cash withdrawal,1250.93,CAD
CA00023353,2025-03-31,BR029,TLR-1359,C501378,cash withdrawal,1085.8,CAD
CA00024374,2025-03-22,BR034,TLR-7935,C501011,cash withdrawal,2970.31,CAD
CA00022480,2025-03-03,BR025,TLR-3114,C500308,cash withdrawal,-347.31,CAD
CA00021227,2025-03-17,BR018,TLR-6761,C500500,cash deposit,1169.12,CAD
CA00026138,2025-03-29,BR040,TLR-4807,C503532,cash deposit,363.2,CAD
CA00021834,2025-03-31,BR021,TLR-3322,C500862,cash deposit,1356.21,CAD
CA00018414,2025-03-11,BR003,TLR-2549,C502560,cash withdrawal,1457.91,CAD
CA00020515,2025-03-17,BR015,TLR-8658,C500276,cash deposit,435.72,CAD
CA00022709,2025-03-10,BR026,TLR-3262,C502279,cash withdrawal,-675.3,CAD
CA00025182,2025-03-21,BR037,TLR-3845,C503133,cash deposit,1136.4,CAD
CA00024415,2025-03-01,BR035,TLR-5026,C503078,cash deposit,325.51,CAD
CA00025193,2025-03-09,BR037,TLR-4857,C501703,cash deposit,565.77,CAD
CA00018862,2025-03-28,BR006,TLR-8619,C500548,cash withdrawal,617.15,CAD
CA00024644,2025-03-06,BR035,TLR-6964,C502062,cash withdrawal,3269.19,CAD
CA00020062,2025-03-26,BR012,TLR-5751,C502112,cash deposit,508.55,CAD
CA00026537,2025-03-28,BR040,TLR-3484,C500718,cash deposit,3649.79,CAD
CA00024802,2025-03-27,BR036,TLR-2784,C500234,cash deposit,1173.21,CAD
CA00025684,2025-03-14,BR040,TLR-9977,C500870,cash withdrawal,2704.29,CAD
CA00017705,2025-03-09,BR001,TLR-8063,C501777,cash withdrawal,365.5,CAD
CA00019345,2025-03-06,BR008,TLR-9483,C500425,cash deposit,1557.58,CAD
CA00020091,2025-03-30,BR012,TLR-9597,C500297,cash withdrawal,2154.02,CAD
CA00018872,2025-03-09,BR006,TLR-5952,C500007,cash deposit,3993.19,CAD
CA00022036,2025-03-23,BR022,TLR-4049,C503767,cash withdrawal,4346.74,CAD
CA00023193,2025-03-27,BR028,TLR-7271,C503914,cash withdrawal,178.59,CAD
CA00023381,2025-03-12,BR030,TLR-2847,C502866,cash withdrawal,622.99,CAD
CA00019438,2025-03-05,BR008,TLR-2125,C502003,cash deposit,287.43,CAD
CA00021735,2025-03-19,BR020,TLR-8573,C503478,cash withdrawal,566.54,USD
CA00024089,2025-03-17,BR033,TLR-5652,C501800,cash withdrawal,1232.74,CAD
CA00020103,2025-03-26,BR012,TLR-1809,C500364,cash withdrawal,1482.72,CAD
CA00024647,2025-03-29,BR035,TLR-1808,C502389,cash withdrawal,764.69,CAD
CA00019909,2025-03-05,BR011,TLR-4373,C503146,cash deposit,268.14,CAD
CA00022897,2025-03-21,BR026,TLR-8687,C503999,cash withdrawal,-2162.48,CAD
CA00022479,2025-03-30,BR025,TLR-4266,C501939,cash deposit,2173.39,CAD
CA00021906,2025-03-03,BR021,TLR-6797,C501713,cash deposit,871.02,CAD
CA00018027,2025-03-08,BR002,TLR-4428,C503179,cash withdrawal,-240.99,CAD
CA00024199,2025-03-24,BR033,TLR-8191,C503437,cash withdrawal,1248.52,CAD
CA00021751,2025-03-22,BR020,TLR-2568,C502455,cash withdrawal,286.48,USD
CA00019127,2025-03-19,BR007,TLR-4451,C502675,cash withdrawal,1068.72,CAD
CA00019039,2025-03-12,BR006,TLR-4009,C500308,cash withdrawal,1274.81,CAD
CA00023891,2025-03-25,BR031,TLR-3886,C501984,cash deposit,507.2,CAD
CA00022643,2025-03-23,BR026,TLR-4349,C502615,cash withdrawal,-477.15,CAD
CA00023915,2025-03-21,BR031,TLR-9484,C502256,cash withdrawal,1010.33,CAD
CA00020693,2025-03-22,BR015,TLR-2077,C503897,cash deposit,600.56,CAD
CA00020847,2025-03-16,BR016,TLR-9826,C502978,cash deposit,407.48,CAD
CA00020538,2025-03-04,BR015,TLR-1150,C503500,cash deposit,374.04,CAD
CA00022681,2025-03-07,BR026,TLR-5556,C502773,cash deposit,414.27,CAD
CA00026505,2025-03-19,BR040,TLR-5516,C502676,cash withdrawal,1263.48,CAD
CA00026300,2025-03-10,BR040,TLR-9696,C501794,cash deposit,697.13,CAD
CA00020674,2025-03-05,BR015,TLR-3394,C502174,cash withdrawal,326.63,CAD
CA00023019,2025-03-12,BR027,TLR-4824,C502832,cash withdrawal,627.47,CAD
CA00024109,2025-03-07,BR033,TLR-7393,C502418,cash deposit,3532.64,CAD
CA00020001,2025-03-21,BR012,TLR-2361,C502940,cash withdrawal,1101.25,CAD
CA00025025,2025-03-10,BR037,TLR-6213,C501117,cash deposit,1134.57,CAD
CA00020441,2025-03-01,BR014,TLR-3813,C503488,cash deposit,943.46,CAD
CA00021169,2025-03-23,BR017,TLR-1169,C502324,cash withdrawal,487.82,CAD
CA00021262,2025-03-25,BR018,TLR-1131,C501084,cash deposit,1634.39,CAD
CA00021008,2025-03-17,BR017,TLR-5512,C503482,cash deposit,414.82,CAD
CA00024129,2025-03-23,BR033,TLR-2438,C500809,cash deposit,485.9,CAD
CA00023266,2025-03-06,BR029,TLR-1529,C500020,cash withdrawal,243.11,CAD
CA00025540,2025-03-03,BR039,TLR-1463,C500880,cash withdrawal,1443.56,CAD
CA00024103,2025-03-26,BR033,TLR-3828,C502280,cash withdrawal,714.85,CAD
CA00023357,2025-03-02,BR029,TLR-6552,C502854,cash deposit,448.58,CAD
CA00025856,2025-03-23,BR040,TLR-8964,C503053,cash deposit,1416.36,CAD
CA00018007,2025-03-21,BR001,TLR-8678,C500547,cash withdrawal,1361.01,CAD
CA00021853,2025-03-16,BR021,TLR-9280,C500198,cash deposit,1990.06,CAD
CA00021636,2025-03-23,BR020,TLR-9620,C501500,cash deposit,1240.36,USD
CA00023927,2025-03-12,BR032,TLR-8201,C501120,cash withdrawal,205.13,CAD
CA00021351,2025-03-19,BR019,TLR-8154,C502420,cash withdrawal,2313.68,CAD
CA00023382,2025-03-25,BR030,TLR-7664,C503330,cash withdrawal,740.56,CAD
CA00021224,2025-03-30,BR018,TLR-8597,C502710,cash withdrawal,550.08,CAD
CA00023787,2025-03-11,BR031,TLR-9299,C500756,cash withdrawal,858.35,CAD
CA00021995,2025-03-23,BR022,TLR-9487,C500549,cash deposit,698.95,CAD
CA00020358,2025-03-13,BR014,TLR-1786,C500730,cash withdrawal,192.65,CAD
CA00026405,2025-03-09,BR040,TLR-3853,C501598,cash withdrawal,1692.28,CAD
CA00022844,2025-03-20,BR026,TLR-9659,C502226,cash withdrawal,-1240.13,CAD
CA00018979,2025-03-03,BR006,TLR-1200,C503906,cash withdrawal,299.09,CAD
CA00023327,2025-03-16,BR029,TLR-7689,C503633,cash deposit,1537.61,CAD
CA00018569,2025-03-09,BR004,TLR-4019,C500010,cash withdrawal,718.46,CAD
CA00025855,2025-03-04,BR040,TLR-1420,C503912,cash deposit,1305.28,CAD
CA00022298,2025-03-17,BR024,TLR-8864,C501941,cash withdrawal,1454.33,CAD
CA00017998,2025-03-11,BR001,TLR-4361,C500563,cash deposit,1110.1,CAD
CA00023220,2025-03-26,BR028,TLR-8956,C503320,cash deposit,1975.36,CAD
CA00023890,2025-03-19,BR031,TLR-4944,C503830,cash withdrawal,1554.26,CAD
CA00023083,2025-03-26,BR027,TLR-5843,C501761,cash deposit,692.02,CAD
CA00023643,2025-03-24,BR030,TLR-9307,C500670,cash withdrawal,913.05,CAD
CA00022626,2025-03-16,BR025,TLR-6122,C502044,cash deposit,4401.87,CAD
CA00017968,2025-03-03,BR001,TLR-5624,C502496,cash deposit,1291.75,CAD
CA00024550,2025-03-26,BR035,TLR-2034,C503235,cash deposit,2268.95,CAD
CA00026072,2025-03-11,BR040,TLR-4289,C500691,cash deposit,1221.43,CAD
CA00017764,2025-03-04,BR001,TLR-9821,C503815,cash withdrawal,733.82,CAD
CA00026112,2025-03-11,BR040,TLR-8681,C500688,cash deposit,2577.56,CAD
CA00023888,2025-03-30,BR031,TLR-7125,C502532,cash deposit,2698.61,CAD
CA00021698,2025-03-20,BR020,TLR-7335,C502011,cash deposit,305.83,USD
CA00018140,2025-03-23,BR002,TLR-2950,C501926,cash deposit,1041.11,CAD
CA00020961,2025-03-27,BR017,TLR-9082,C501142,cash withdrawal,856.67,CAD
CA00018512,2025-03-19,BR004,TLR-9413,C501044,cash withdrawal,325.71,CAD
CA00024178,2025-03-17,BR033,TLR-2241,C502573,cash deposit,607.38,CAD
CA00020337,2025-03-03,BR014,TLR-2932,C500225,cash withdrawal,898.71,CAD
CA00024006,2025-03-23,BR032,TLR-4487,C500400,cash deposit,728.35,CAD
CA00020435,2025-03-09,BR014,TLR-6288,C502121,cash withdrawal,2022.89,CAD
CA00022320,2025-03-03,BR024,TLR-5992,C500544,cash deposit,165.75,CAD
CA00020551,2025-03-11,BR015,TLR-5672,C502602,cash withdrawal,1901.3,CAD
CA00025160,2025-03-27,BR037,TLR-6957,C501768,cash withdrawal,217.21,CAD
CA00024056,2025-03-09,BR032,TLR-6097,C500909,cash withdrawal,546.92,CAD
CA00023288,2025-03-03,BR029,TLR-1964,C500327,cash deposit,3396.86,CAD
CA00017730,2025-03-24,BR001,TLR-4747,C502237,cash withdrawal,4234.59,CAD
CA00020263,2025-03-11,BR013,TLR-9989,C500692,cash withdrawal,2121.76,CAD
CA00025010,2025-03-24,BR037,TLR-7092,C500092,cash withdrawal,422.76,CAD
CA00019741,2025-03-13,BR010,TLR-9472,C501836,cash withdrawal,351.38,CAD
CA00021489,2025-03-20,BR019,TLR-8201,C502961,cash withdrawal,1784.9,CAD
CA00019936,2025-03-01,BR011,TLR-8538,C501796,cash withdrawal,1644.04,CAD
CA00021248,2025-03-10,BR018,TLR-8175,C500546,cash withdrawal,1963.55,CAD
CA00024362,2025-03-03,BR034,TLR-5724,C502158,cash withdrawal,1667.24,CAD
CA00023104,2025-03-31,BR028,TLR-4690,C502752,cash deposit,1305.3,CAD
CA00021251,2025-03-04,BR018,TLR-9034,C501627,cash deposit,620.69,CAD
CA00019638,2025-03-30,BR009,TLR-6556,C503828,cash withdrawal,893.04,CAD
CA00021594,2025-03-02,BR020,TLR-7347,C502187,cash deposit,560.02,USD
CA00022807,2025-03-23,BR026,TLR-2585,C500056,cash withdrawal,-863.88,CAD
CA00024039,2025-03-15,BR032,TLR-7649,C503740,cash deposit,745.22,CAD
CA00025797,2025-03-30,BR040,TLR-1767,C501756,cash withdrawal,1809.44,CAD
CA00023925,2025-03-05,BR032,TLR-9313,C502977,cash withdrawal,364.33,CAD
CA00024837,2025-03-27,BR036,TLR-1054,C500649,cash withdrawal,3691.88,CAD
CA00024887,2025-03-16,BR036,TLR-1996,C502342,cash deposit,683.29,CAD
CA00024668,2025-03-25,BR036,TLR-5860,C503866,cash withdrawal,370.35,CAD
CA00023894,2025-03-16,BR031,TLR-1466,C502618,cash withdrawal,649.97,CAD
CA00023802,2025-03-08,BR031,TLR-2275,C502799,cash withdrawal,506.36,CAD
CA00026257,2025-03-22,BR040,TLR-5953,C501928,cash deposit,1114.36,CAD
CA00021676,2025-03-27,BR020,TLR-6474,C503712,cash deposit,1336.68,USD
CA00021870,2025-03-22,BR021,TLR-3653,C500845,cash withdrawal,1176.46,CAD
CA00024601,2025-03-30,BR035,TLR-2641,C500634,cash withdrawal,1427.66,CAD
CA00021518,2025-03-28,BR019,TLR-8584,C503706,cash deposit,874.58,CAD
CA00019098,2025-03-04,BR007,TLR-6536,C500769,cash deposit,1044.87,CAD
CA00018012,2025-03-27,BR001,TLR-9904,C501252,cash deposit,2255.25,CAD
CA00025690,2025-03-27,BR040,TLR-6250,C503437,cash withdrawal,3896.11,CAD
CA00019885,2025-03-26,BR010,TLR-5136,C503623,cash deposit,571.91,CAD
CA00026443,2025-03-16,BR040,TLR-7542,C500686,cash deposit,1000.48,CAD
CA00018574,2025-03-05,BR004,TLR-7314,C503464,cash deposit,1254.11,CAD
CA00022775,2025-03-13,BR026,TLR-5980,C500641,cash deposit,560.53,CAD
CA00019852,2025-03-20,BR010,TLR-7252,C501634,cash withdrawal,309.73,CAD
CA00021719,2025-03-23,BR020,TLR-8095,C503673,cash deposit,3068.63,USD
CA00018690,2025-03-03,BR004,TLR-2139,C503682,cash deposit,978.18,CAD
CA00021722,2025-03-30,BR020,TLR-8657,C502332,cash withdrawal,891.78,USD
CA00025702,2025-03-05,BR040,TLR-7135,C501734,cash deposit,5834.41,CAD
CA00019929,2025-03-24,BR011,TLR-6167,C500474,cash deposit,1589.69,CAD
CA00018970,2025-03-12,BR006,TLR-8533,C500882,cash withdrawal,715.34,CAD
CA00019171,2025-03-21,BR007,TLR-7988,C501445,cash withdrawal,674.94,CAD
CA00023494,2025-03-08,BR030,TLR-2549,C502538,cash deposit,1474.01,CAD
CA00022279,2025-03-31,BR024,TLR-3448,C503429,cash withdrawal,2354.62,CAD
CA00018178,2025-03-19,BR002,TLR-1255,C503514,cash withdrawal,-377.92,CAD
CA00017787,2025-03-06,BR001,TLR-8811,C502473,cash deposit,1315.83,CAD
CA00022087,2025-03-20,BR023,TLR-5952,C501934,cash deposit,1616.71,CAD
CA00022501,2025-03-11,BR025,TLR-2057,C502907,cash deposit,909.16,CAD
CA00022260,2025-03-19,BR024,TLR-4499,C503779,cash deposit,960.4,CAD
CA00023312,2025-03-30,BR029,TLR-1599,C502399,cash withdrawal,576.29,CAD
CA00019651,2025-03-02,BR009,TLR-2463,C501884,cash deposit,170.24,CAD
CA00018941,2025-03-08,BR006,TLR-6849,C500370,cash withdrawal,406.04,CAD
CA00022673,2025-03-19,BR026,TLR-7943,C502689,cash withdrawal,-421.32,CAD
CA00020703,2025-03-01,BR015,TLR-4166,C502842,cash withdrawal,2834.66,CAD
CA00020184,2025-03-19,BR013,TLR-6086,C501332,cash withdrawal,932.34,CAD
CA00022961,2025-03-12,BR027,TLR-9890,C501339,cash deposit,1149.69,CAD
CA00024751,2025-03-25,BR036,TLR-5720,C503165,cash deposit,2126.58,CAD
CA00018808,2025-03-16,BR006,TLR-3266,C502761,cash withdrawal,405.35,CAD
CA00021494,2025-03-15,BR019,TLR-5792,C501428,cash deposit,1768.47,CAD
CA00018558,2025-03-18,BR004,TLR-4225,C503280,cash deposit,1128.29,CAD
CA00024060,2025-03-08,BR032,TLR-8389,C501787,cash deposit,597.99,CAD
CA00023037,2025-03-03,BR027,TLR-4821,C501902,cash deposit,958.23,CAD
CA00025450,2025-03-15,BR038,TLR-5164,C500306,cash withdrawal,1492.92,CAD
CA00023534,2025-03-10,BR030,TLR-3489,C500858,cash deposit,666.97,CAD
CA00025512,2025-03-05,BR039,TLR-3100,C502183,cash deposit,1216.53,CAD
CA00026262,2025-03-18,BR040,TLR-4786,C503230,cash deposit,2639.5,CAD
CA00021741,2025-03-23,BR020,TLR-4456,C500336,cash withdrawal,954.42,USD
CA00019628,2025-03-28,BR009,TLR-1628,C500454,cash deposit,1962.2,CAD
CA00021858,2025-03-14,BR021,TLR-1100,C501495,cash deposit,1522.81,CAD
CA00020802,2025-03-08,BR016,TLR-7663,C500939,cash deposit,1679.66,CAD
CA00025053,2025-03-28,BR037,TLR-2230,C500737,cash deposit,1456.69,CAD
CA00018681,2025-03-03,BR004,TLR-6022,C501470,cash deposit,650.44,CAD
CA00020024,2025-03-14,BR012,TLR-2498,C503775,cash deposit,1166.14,CAD
CA00021848,2025-03-25,BR021,TLR-3764,C500365,cash deposit,366.3,CAD
CA00024586,2025-03-27,BR035,TLR-4130,C500385,cash withdrawal,867.08,CAD
CA00024614,2025-03-02,BR035,TLR-4777,C500022,cash withdrawal,1062.98,CAD
CA00023437,2025-03-16,BR030,TLR-4808,C503053,cash deposit,2459.29,CAD
CA00025591,2025-03-29,BR039,TLR-4724,C502656,cash deposit,1748.48,CAD
CA00021287,2025-03-16,BR018,TLR-5427,C500256,cash deposit,862.69,CAD
CA00017797,2025-03-02,BR001,TLR-7786,C500432,cash withdrawal,4193.11,CAD
CA00019551,2025-03-08,BR009,TLR-9094,C500807,cash withdrawal,517.38,CAD
CA00019097,2025-03-25,BR007,TLR-8069,C500201,cash deposit,1956.07,CAD
CA00021220,2025-03-11,BR018,TLR-6342,C501375,cash withdrawal,795.77,CAD
CA00017809,2025-03-09,BR001,TLR-7590,C502739,cash withdrawal,447.72,CAD
CA00022187,2025-03-01,BR024,TLR-6729,C501908,cash deposit,662.43,CAD
CA00024497,2025-03-05,BR035,TLR-5283,C501600,cash deposit,1001.22,CAD
CA00021597,2025-03-20,BR020,TLR-4720,C503544,cash deposit,182.97,USD
CA00022543,2025-03-13,BR025,TLR-2484,C502700,cash withdrawal,-2419.93,CAD
CA00017810,2025-03-10,BR001,TLR-2700,C501395,cash deposit,1717.41,CAD
CA00022597,2025-03-25,BR025,TLR-3092,C501773,cash deposit,365.04,CAD
CA00018283,2025-03-30,BR003,TLR-3431,C503520,cash withdrawal,1715.79,CAD
CA00019121,2025-03-06,BR007,TLR-3693,C503641,cash deposit,220.0,CAD
CA00022817,2025-03-21,BR026,TLR-6974,C502681,cash withdrawal,-4164.21,CAD
CA00024722,2025-03-16,BR036,TLR-8088,C501648,cash deposit,584.23,CAD
CA00026415,2025-03-11,BR040,TLR-2948,C503517,cash deposit,857.26,CAD
CA00025663,2025-03-11,BR039,TLR-5888,C503712,cash withdrawal,5296.7,CAD
CA00020394,2025-03-19,BR014,TLR-7659,C502062,cash deposit,926.38,CAD
CA00018934,2025-03-03,BR006,TLR-1353,C501746,cash deposit,465.19,CAD
CA00021502,2025-03-16,BR019,TLR-5651,C502976,cash withdrawal,603.14,CAD
CA00020206,2025-03-11,BR013,TLR-4203,C502978,cash deposit,1824.14,CAD
CA00024431,2025-03-30,BR035,TLR-8759,C500116,cash withdrawal,3612.35,CAD
CA00018047,2025-03-06,BR002,TLR-3176,C501271,cash withdrawal,-2060.04,CAD
CA00023028,2025-03-31,BR027,TLR-5307,C500664,cash deposit,1088.97,CAD
CA00022107,2025-03-19,BR023,TLR-5494,C500696,cash deposit,2100.83,CAD
CA00022147,2025-03-14,BR023,TLR-1713,C501003,cash deposit,1557.35,CAD
CA00026105,2025-03-19,BR040,TLR-4669,C500645,cash withdrawal,919.7,CAD
CA00021069,2025-03-02,BR017,TLR-1517,C501883,cash deposit,460.63,CAD
CA00024841,2025-03-01,BR036,TLR-4740,C503299,cash deposit,785.4,CAD
CA00025528,2025-03-03,BR039,TLR-4124,C503840,cash withdrawal,1239.67,CAD
CA00023352,2025-03-03,BR029,TLR-9819,C501886,cash withdrawal,846.42,CAD
CA00018417,2025-03-13,BR003,TLR-2541,C500550,cash withdrawal,2121.09,CAD
CA00023923,2025-03-17,BR032,TLR-6474,C502010,cash withdrawal,520.51,CAD
CA00024334,2025-03-02,BR034,TLR-2395,C502565,cash withdrawal,1143.01,CAD
CA00017927,2025-03-25,BR001,TLR-9314,C500397,cash withdrawal,2142.32,CAD
CA00018211,2025-03-10,BR002,TLR-3664,C503966,cash withdrawal,-971.07,CAD
CA00021304,2025-03-09,BR018,TLR-2229,C501554,cash withdrawal,4186.98,CAD
CA00021562,2025-03-06,BR019,TLR-5316,C502085,cash deposit,1493.82,CAD
CA00023821,2025-03-25,BR031,TLR-2136,C500924,cash deposit,1494.62,CAD
CA00025445,2025-03-05,BR038,TLR-9241,C500708,cash withdrawal,503.04,CAD
CA00024897,2025-03-29,BR036,TLR-9956,C500233,cash deposit,1313.64,CAD
CA00020328,2025-03-12,BR014,TLR-2396,C503729,cash withdrawal,550.31,CAD
CA00023774,2025-03-25,BR031,TLR-7172,C500942,cash deposit,903.43,CAD
CA00024143,2025-03-09,BR033,TLR-5015,C502972,cash withdrawal,4148.06,CAD
CA00022924,2025-03-03,BR027,TLR-8964,C503615,cash withdrawal,999.76,CAD
CA00025189,2025-03-13,BR037,TLR-9775,C502431,cash deposit,557.48,CAD
CA00025503,2025-03-08,BR039,TLR-1295,C501247,cash deposit,286.44,CAD
CA00020917,2025-03-15,BR016,TLR-3547,C502201,cash deposit,971.82,CAD
CA00022782,2025-03-17,BR026,TLR-1594,C500015,cash deposit,1528.58,CAD
CA00023132,2025-03-11,BR028,TLR-4661,C501039,cash deposit,351.38,CAD
CA00020127,2025-03-01,BR012,TLR-7109,C500604,cash withdrawal,950.09,CAD
CA00022196,2025-03-27,BR024,TLR-1878,C502853,cash deposit,1289.26,CAD
CA00024599,2025-03-17,BR035,TLR-2855,C500065,cash deposit,656.39,CAD
CA00019400,2025-03-08,BR008,TLR-9850,C501566,cash withdrawal,6349.16,CAD
CA00025048,2025-03-27,BR037,TLR-9731,C501216,cash withdrawal,331.13,CAD
CA00021087,2025-03-22,BR017,TLR-1166,C501416,cash deposit,646.79,CAD
CA00017790,2025-03-19,BR001,TLR-2246,C501220,cash withdrawal,514.81,CAD
CA00026570,2025-03-03,BR040,TLR-6085,C501419,cash withdrawal,2104.84,CAD
CA00024696,2025-03-10,BR036,TLR-2307,C501027,cash deposit,1703.23,CAD
CA00018614,2025-03-09,BR004,TLR-9464,C503565,cash withdrawal,279.34,CAD
CA00026399,2025-03-09,BR040,TLR-6500,C503639,cash deposit,1039.5,CAD
CA00020595,2025-03-14,BR015,TLR-7403,C500264,cash withdrawal,1216.34,CAD
CA00022109,2025-03-25,BR023,TLR-7337,C500405,cash deposit,2574.48,CAD
CA00026033,2025-03-13,BR040,TLR-5831,C502631,cash deposit,986.21,CAD
CA00017960,2025-03-06,BR001,TLR-1660,C501034,cash withdrawal,274.13,CAD
CA00022419,2025-03-11,BR024,TLR-4529,C500857,cash withdrawal,1601.4,CAD
CA00022901,2025-03-23,BR026,TLR-9489,C502610,cash deposit,949.37,CAD
CA00022417,2025-03-30,BR024,TLR-1148,C503463,cash withdrawal,726.93,CAD
CA00018590,2025-03-19,BR004,TLR-9412,C503181,cash deposit,505.01,CAD
CA00022736,2025-03-31,BR026,TLR-4356,C501346,cash withdrawal,-1637.7,CAD
CA00018801,2025-03-09,BR006,TLR-2959,C501484,cash deposit,905.17,CAD
CA00018645,2025-03-10,BR004,TLR-6229,C502688,cash withdrawal,876.4,CAD
CA00024565,2025-03-17,BR035,TLR-9784,C502980,cash deposit,519.25,CAD
CA00024982,2025-03-05,BR037,TLR-4972,C502693,cash withdrawal,558.39,CAD
CA00018321,2025-03-03,BR003,TLR-6163,C502175,cash withdrawal,487.8,CAD
CA00025328,2025-03-06,BR038,TLR-1323,C501647,cash withdrawal,626.98,CAD
CA00019393,2025-03-21,BR008,TLR-8870,C502942,cash withdrawal,677.91,CAD
CA00024734,2025-03-30,BR036,TLR-2896,C501514,cash withdrawal,1038.19,CAD
CA00019614,2025-03-23,BR009,TLR-3281,C502448,cash deposit,421.59,CAD
CA00017877,2025-03-19,BR001,TLR-4269,C503630,cash withdrawal,988.91,CAD
CA00023696,2025-03-12,BR031,TLR-6659,C500485,cash withdrawal,930.1,CAD
CA00020142,2025-03-18,BR012,TLR-8329,C503809,cash withdrawal,1095.38,CAD
CA00019131,2025-03-03,BR007,TLR-5095,C501611,cash deposit,1052.88,CAD
CA00022642,2025-03-02,BR026,TLR-3580,C501383,cash withdrawal,-512.05,CAD
CA00019533,2025-03-01,BR009,TLR-2745,C501005,cash deposit,250.33,CAD
CA00020666,2025-03-26,BR015,TLR-7344,C503482,cash deposit,1992.6,CAD
CA00024610,2025-03-04,BR035,TLR-7521,C503818,cash withdrawal,564.15,CAD
CA00018319,2025-03-13,BR003,TLR-2631,C502758,cash deposit,5602.44,CAD
CA00022099,2025-03-23,BR023,TLR-3957,C502701,cash deposit,1145.82,CAD
CA00019162,2025-03-18,BR007,TLR-1836,C500494,cash deposit,3046.25,CAD
CA00019679,2025-03-23,BR009,TLR-1966,C500195,cash withdrawal,2049.15,CAD
CA00018896,2025-03-15,BR006,TLR-2482,C501925,cash withdrawal,594.83,CAD
CA00018291,2025-03-29,BR003,TLR-5155,C503548,cash deposit,780.76,CAD
CA00024021,2025-03-01,BR032,TLR-5997,C501470,cash withdrawal,1193.19,CAD
CA00020087,2025-03-25,BR012,TLR-1293,C501395,cash withdrawal,852.93,CAD
CA00018040,2025-03-29,BR002,TLR-3751,C501718,cash withdrawal,-1312.88,CAD
CA00021621,2025-03-19,BR020,TLR-8688,C500695,cash withdrawal,1047.41,USD
CA00021682,2025-03-09,BR020,TLR-5549,C501450,cash withdrawal,211.29,USD
CA00019748,2025-03-24,BR010,TLR-2628,C500031,cash deposit,3987.88,CAD
CA00018851,2025-03-08,BR006,TLR-3059,C503280,cash deposit,1748.32,CAD
CA00018400,2025-03-31,BR003,TLR-9581,C502871,cash withdrawal,1543.89,CAD
CA00019358,2025-03-19,BR008,TLR-9367,C501691,cash deposit,1492.15,CAD
CA00018021,2025-03-10,BR001,TLR-8560,C502959,cash withdrawal,273.82,CAD
CA00019987,2025-03-15,BR012,TLR-4125,C503871,cash deposit,137.58,CAD
CA00020403,2025-03-12,BR014,TLR-7863,C500747,cash deposit,584.34,CAD
CA00019262,2025-03-02,BR007,TLR-3252,C501896,cash withdrawal,1211.05,CAD
CA00018820,2025-03-14,BR006,TLR-5923,C503291,cash deposit,2337.3,CAD
CA00024268,2025-03-24,BR034,TLR-1306,C502465,cash withdrawal,1609.49,CAD
CA00023947,2025-03-03,BR032,TLR-4437,C500961,cash deposit,1449.66,CAD
CA00018236,2025-03-15,BR002,TLR-2407,C502677,cash deposit,1162.54,CAD
CA00019251,2025-03-11,BR007,TLR-5996,C502648,cash withdrawal,1307.2,CAD
CA00018110,2025-03-25,BR002,TLR-6619,C502188,cash deposit,465.92,CAD
CA00020925,2025-03-08,BR016,TLR-4220,C500765,cash deposit,799.35,CAD
CA00023190,2025-03-29,BR028,TLR-8980,C503775,cash deposit,229.41,CAD
CA00025827,2025-03-21,BR040,TLR-9515,C503542,cash deposit,578.82,CAD
CA00023600,2025-03-25,BR030,TLR-2014,C500094,cash withdrawal,1430.25,CAD
CA00018123,2025-03-06,BR002,TLR-5863,C503640,cash withdrawal,-766.33,CAD
CA00022039,2025-03-23,BR022,TLR-9121,C502394,cash withdrawal,871.55,CAD
CA00021859,2025-03-04,BR021,TLR-3960,C502537,cash deposit,1852.27,CAD
CA00024345,2025-03-27,BR034,TLR-2610,C501260,cash deposit,194.75,CAD
CA00026175,2025-03-01,BR040,TLR-3246,C503320,cash withdrawal,1267.17,CAD
CA00021949,2025-03-05,BR021,TLR-5223,C503768,cash deposit,1324.15,CAD
CA00022850,2025-03-18,BR026,TLR-6985,C501716,cash withdrawal,-1275.35,CAD
CA00021333,2025-03-05,BR018,TLR-7336,C502181,cash deposit,1592.76,CAD
CA00018793,2025-03-24,BR005,TLR-4197,C500540,cash deposit,480.51,CAD
CA00023192,2025-03-26,BR028,TLR-9540,C501461,cash withdrawal,744.78,CAD
CA00023707,2025-03-23,BR031,TLR-2507,C502056,cash deposit,1419.83,CAD
CA00025304,2025-03-26,BR038,TLR-6141,C502035,cash deposit,497.22,CAD
CA00021740,2025-03-15,BR020,TLR-7739,C501179,cash deposit,335.84,USD
CA00018733,2025-03-18,BR005,TLR-7815,C502446,cash deposit,695.8,CAD
CA00022940,2025-03-21,BR027,TLR-3171,C502911,cash deposit,745.17,CAD
CA00021395,2025-03-03,BR019,TLR-9625,C502218,cash deposit,699.4,CAD
CA00020907,2025-03-27,BR016,TLR-5306,C503475,cash deposit,546.37,CAD
CA00019057,2025-03-25,BR007,TLR-4287,C500916,cash withdrawal,1441.42,CAD
CA00023834,2025-03-21,BR031,TLR-1943,C503265,cash withdrawal,658.76,CAD
CA00023725,2025-03-05,BR031,TLR-7709,C502109,cash deposit,551.57,CAD
CA00019673,2025-03-05,BR009,TLR-7071,C500550,cash deposit,1962.1,CAD
CA00021285,2025-03-15,BR018,TLR-9129,C501023,cash deposit,851.77,CAD
CA00023010,2025-03-14,BR027,TLR-9727,C503671,cash deposit,406.7,CAD
CA00020810,2025-03-06,BR016,TLR-1879,C500721,cash deposit,766.63,CAD
CA00025374,2025-03-29,BR038,TLR-3355,C502657,cash withdrawal,2184.81,CAD
CA00026162,2025-03-08,BR040,TLR-2628,C501378,cash withdrawal,1335.97,CAD
CA00026211,2025-03-16,BR040,TLR-9870,C500141,cash withdrawal,1508.16,CAD
CA00018977,2025-03-07,BR006,TLR-9325,C500528,cash deposit,324.36,CAD
CA00026082,2025-03-04,BR040,TLR-4956,C500048,cash withdrawal,498.84,CAD
CA00022926,2025-03-05,BR027,TLR-2609,C503618,cash withdrawal,821.77,CAD
CA00025366,2025-03-27,BR038,TLR-7251,C501914,cash withdrawal,590.18,CAD
CA00021939,2025-03-23,BR021,TLR-9327,C503010,cash withdrawal,1665.62,CAD
CA00023918,2025-03-28,BR031,TLR-7386,C502622,cash deposit,2876.02,CAD
CA00026568,2025-03-27,BR040,TLR-6009,C500633,cash withdrawal,1123.0,CAD
CA00022020,2025-03-18,BR022,TLR-6176,C501009,cash deposit,831.13,CAD
CA00023371,2025-03-25,BR030,TLR-9726,C500645,cash withdrawal,1735.0,CAD
CA00024260,2025-03-04,BR034,TLR-6670,C502628,cash withdrawal,1254.6,CAD
CA00018822,2025-03-12,BR006,TLR-8283,C502450,cash withdrawal,2695.26,CAD
CA00020772,2025-03-05,BR016,TLR-7715,C502018,cash deposit,2692.91,CAD
CA00020315,2025-03-20,BR014,TLR-8462,C501053,cash deposit,355.63,CAD
CA00017812,2025-03-17,BR001,TLR-2700,C503564,cash withdrawal,784.3,CAD
CA00021787,2025-03-22,BR021,TLR-8308,C501955,cash withdrawal,893.86,CAD
CA00021409,2025-03-25,BR019,TLR-8363,C502102,cash withdrawal,1272.78,CAD
CA00025252,2025-03-27,BR038,TLR-7966,C503452,cash deposit,643.74,CAD
CA00024271,2025-03-26,BR034,TLR-2881,C500392,cash deposit,1657.02,CAD
CA00021005,2025-03-29,BR017,TLR-7188,C500921,cash deposit,919.02,CAD
CA00019184,2025-03-11,BR007,TLR-3280,C500697,cash withdrawal,1695.66,CAD
CA00023874,2025-03-06,BR031,TLR-2045,C503644,cash withdrawal,1723.51,CAD
CA00026401,2025-03-25,BR040,TLR-3346,C503283,cash deposit,506.81,CAD
CA00026519,2025-03-18,BR040,TLR-7417,C502104,cash withdrawal,1110.6,CAD
CA00019795,2025-03-31,BR010,TLR-1389,C500877,cash withdrawal,2352.72,CAD
CA00022757,2025-03-17,BR026,TLR-8625,C502830,cash deposit,333.79,CAD
CA00025474,2025-03-09,BR038,TLR-1876,C503157,cash withdrawal,1535.32,CAD
CA00021582,2025-03-25,BR020,TLR-8972,C503944,cash deposit,137.0,USD
CA00018225,2025-03-08,BR002,TLR-3986,C500011,cash withdrawal,-1130.35,CAD
CA00022052,2025-03-19,BR023,TLR-2780,C501339,cash deposit,394.0,CAD
CA00020012,2025-03-28,BR012,TLR-3807,C503965,cash withdrawal,1452.36,CAD
CA00020914,2025-03-11,BR016,TLR-1757,C502639,cash deposit,1102.02,CAD
CA00020789,2025-03-13,BR016,TLR-5121,C502366,cash deposit,886.69,CAD
CA00019445,2025-03-02,BR008,TLR-6787,C501162,cash withdrawal,664.11,CAD
CA00023618,2025-03-04,BR030,TLR-7726,C500522,cash deposit,1271.16,CAD
CA00019543,2025-03-27,BR009,TLR-8920,C501202,cash withdrawal,169.78,CAD
CA00020167,2025-03-25,BR012,TLR-6525,C503103,cash withdrawal,612.88,CAD
CA00024279,2025-03-01,BR034,TLR-4218,C503579,cash withdrawal,3281.73,CAD
CA00020396,2025-03-24,BR014,TLR-1215,C501029,cash deposit,782.54,CAD
CA00025593,2025-03-07,BR039,TLR-7304,C503588,cash deposit,252.81,CAD
CA00025926,2025-03-17,BR040,TLR-2162,C501048,cash deposit,1508.43,CAD
CA00024211,2025-03-28,BR033,TLR-6368,C503928,cash deposit,1075.86,CAD
CA00025792,2025-03-02,BR040,TLR-9490,C500795,cash deposit,222.4,CAD
CA00019032,2025-03-07,BR006,TLR-1222,C501835,cash deposit,1805.39,CAD
CA00024578,2025-03-16,BR035,TLR-9667,C502031,cash deposit,1044.25,CAD
CA00022776,2025-03-31,BR026,TLR-8830,C501465,cash withdrawal,-677.03,CAD
CA00019859,2025-03-30,BR010,TLR-4018,C502385,cash withdrawal,940.74,CAD
CA00019669,2025-03-30,BR009,TLR-5123,C501819,cash withdrawal,570.09,CAD
CA00018578,2025-03-16,BR004,TLR-6714,C502585,cash deposit,1325.75,CAD
CA00018613,2025-03-01,BR004,TLR-5378,C503700,cash deposit,1187.21,CAD
CA00023775,2025-03-19,BR031,TLR-2755,C502838,cash deposit,598.08,CAD
CA00023488,2025-03-18,BR030,TLR-9915,C502160,cash withdrawal,950.14,CAD
CA00018325,2025-03-07,BR003,TLR-8544,C500920,cash withdrawal,1982.26,CAD
CA00020459,2025-03-01,BR014,TLR-8754,C500211,cash deposit,412.25,CAD
CA00023122,2025-03-18,BR028,TLR-8621,C503676,cash withdrawal,203.76,CAD
CA00021032,2025-03-18,BR017,TLR-4130,C503780,cash deposit,1411.85,CAD
CA00021297,2025-03-30,BR018,TLR-2406,C502686,cash deposit,555.62,CAD
CA00021413,2025-03-06,BR019,TLR-7438,C503212,cash deposit,1723.72,CAD
CA00026515,2025-03-01,BR040,TLR-5720,C502819,cash deposit,575.86,CAD
CA00017865,2025-03-07,BR001,TLR-8909,C500092,cash deposit,610.66,CAD
CA00018634,2025-03-16,BR004,TLR-9056,C502757,cash deposit,1991.45,CAD
CA00022484,2025-03-10,BR025,TLR-9787,C501105,cash withdrawal,-1496.96,CAD
CA00023533,2025-03-30,BR030,TLR-8890,C500986,cash withdrawal,546.75,CAD
CA00020795,2025-03-29,BR016,TLR-8759,C502949,cash deposit,1580.93,CAD
CA00022833,2025-03-27,BR026,TLR-1302,C502563,cash withdrawal,-737.93,CAD
CA00024335,2025-03-21,BR034,TLR-1029,C501350,cash withdrawal,1658.79,CAD
CA00023364,2025-03-17,BR030,TLR-9752,C500602,cash deposit,1099.78,CAD
CA00023859,2025-03-23,BR031,TLR-5078,C500498,cash deposit,2782.83,CAD
CA00025609,2025-03-21,BR039,TLR-6359,C501598,cash deposit,690.76,CAD
CA00020865,2025-03-29,BR016,TLR-8509,C503071,cash withdrawal,2413.63,CAD
CA00018181,2025-03-08,BR002,TLR-5245,C503016,cash withdrawal,-1044.94,CAD
CA00023426,2025-03-22,BR030,TLR-3208,C501084,cash deposit,657.26,CAD
CA00022215,2025-03-07,BR024,TLR-3290,C502120,cash deposit,630.7,CAD
CA00021066,2025-03-10,BR017,TLR-2647,C500897,cash withdrawal,1331.91,CAD
CA00019819,2025-03-15,BR010,TLR-2625,C501104,cash withdrawal,1840.64,CAD
CA00023075,2025-03-18,BR027,TLR-2049,C501508,cash deposit,896.05,CAD
CA00024844,2025-03-16,BR036,TLR-7014,C503829,cash withdrawal,1884.04,CAD
CA00018243,2025-03-30,BR003,TLR-7085,C500810,cash deposit,275.08,CAD
CA00020725,2025-03-01,BR015,TLR-8033,C501276,cash withdrawal,1660.55,CAD
CA00020581,2025-03-27,BR015,TLR-8051,C503110,cash deposit,665.38,CAD
CA00026451,2025-03-29,BR040,TLR-9884,C503037,cash withdrawal,870.56,CAD
CA00025881,2025-03-27,BR040,TLR-5640,C500316,cash deposit,1191.07,CAD
CA00020329,2025-03-18,BR014,TLR-2629,C503044,cash deposit,963.01,CAD
CA00021037,2025-03-24,BR017,TLR-5503,C501293,cash deposit,801.02,CAD
CA00025717,2025-03-23,BR040,TLR-3595,C501497,cash withdrawal,325.2,CAD
CA00020019,2025-03-10,BR012,TLR-1087,C501789,cash deposit,414.32,CAD
CA00022104,2025-03-19,BR023,TLR-6997,C503508,cash withdrawal,487.2,CAD
CA00024113,2025-03-10,BR033,TLR-6581,C503473,cash deposit,838.46,CAD
CA00022554,2025-03-05,BR025,TLR-5534,C501975,cash withdrawal,-147.26,CAD
CA00019212,2025-03-07,BR007,TLR-8215,C501229,cash deposit,129.21,CAD
CA00021344,2025-03-25,BR019,TLR-2208,C501098,cash withdrawal,868.24,CAD
CA00022627,2025-03-23,BR025,TLR-7690,C502873,cash deposit,1191.3,CAD
CA00018669,2025-03-23,BR004,TLR-6869,C501719,cash withdrawal,613.21,CAD
CA00024203,2025-03-03,BR033,TLR-5816,C500968,cash deposit,418.02,CAD
CA00023418,2025-03-21,BR030,TLR-3726,C502340,cash withdrawal,694.37,CAD
CA00018828,2025-03-12,BR006,TLR-8052,C500004,cash deposit,1681.68,CAD
CA00018443,2025-03-20,BR003,TLR-4412,C500762,cash deposit,1032.93,CAD
CA00025971,2025-03-05,BR040,TLR-9266,C500392,cash withdrawal,2523.29,CAD
CA00023411,2025-03-14,BR030,TLR-4186,C503194,cash withdrawal,679.87,CAD
CA00018720,2025-03-06,BR004,TLR-1531,C501683,cash deposit,793.82,CAD
CA00025662,2025-03-02,BR039,TLR-4302,C502575,cash deposit,4603.88,CAD
CA00023944,2025-03-19,BR032,TLR-4047,C503940,cash withdrawal,2841.69,CAD
CA00018754,2025-03-17,BR005,TLR-8499,C500535,cash withdrawal,1120.56,CAD
CA00024587,2025-03-31,BR035,TLR-3217,C500124,cash withdrawal,623.6,CAD
CA00022721,2025-03-23,BR026,TLR-8302,C502322,cash withdrawal,-2140.28,CAD
CA00022413,2025-03-13,BR024,TLR-8438,C502330,cash withdrawal,368.8,CAD
CA00018935,2025-03-17,BR006,TLR-8307,C503182,cash deposit,346.67,CAD
CA00018252,2025-03-28,BR003,TLR-1622,C503879,cash deposit,856.13,CAD
CA00018593,2025-03-11,BR004,TLR-5845,C503575,cash withdrawal,1936.13,CAD
CA00026234,2025-03-21,BR040,TLR-7918,C501158,cash deposit,539.92,CAD
CA00018164,2025-03-18,BR002,TLR-5009,C503433,cash withdrawal,-656.0,CAD
CA00020831,2025-03-29,BR016,TLR-4293,C501348,cash withdrawal,2306.07,CAD
CA00019725,2025-03-05,BR009,TLR-4504,C503823,cash deposit,1158.21,CAD
CA00025345,2025-03-15,BR038,TLR-5934,C501311,cash withdrawal,839.55,CAD
CA00020623,2025-03-06,BR015,TLR-2179,C501504,cash deposit,893.34,CAD
CA00021490,2025-03-05,BR019,TLR-4949,C500806,cash withdrawal,718.84,CAD
CA00026328,2025-03-08,BR040,TLR-2341,C502863,cash deposit,699.1,CAD
CA00023882,2025-03-12,BR031,TLR-3794,C500932,cash deposit,521.38,CAD
CA00024605,2025-03-01,BR035,TLR-9601,C502957,cash deposit,1847.02,CAD
CA00017949,2025-03-31,BR001,TLR-3202,C501790,cash deposit,860.48,CAD
CA00019513,2025-03-23,BR009,TLR-3243,C501720,cash withdrawal,192.58,CAD
CA00025648,2025-03-14,BR039,TLR-2569,C500956,cash deposit,2271.93,CAD
CA00023376,2025-03-10,BR030,TLR-5186,C502245,cash deposit,856.94,CAD
CA00022434,2025-03-01,BR024,TLR-3476,C501537,cash withdrawal,2610.77,CAD
CA00020928,2025-03-21,BR016,TLR-3987,C501770,cash deposit,533.09,CAD
CA00018726,2025-03-11,BR005,TLR-8512,C501944,cash deposit,750.98,CAD
CA00025846,2025-03-28,BR040,TLR-5786,C502456,cash withdrawal,416.43,CAD
CA00024604,2025-03-06,BR035,TLR-8197,C501953,cash deposit,1186.28,CAD
CA00020118,2025-03-16,BR012,TLR-7005,C502846,cash withdrawal,981.34,CAD
CA00025839,2025-03-19,BR040,TLR-9163,C500094,cash deposit,4713.74,CAD
CA00022483,2025-03-09,BR025,TLR-8485,C503087,cash deposit,809.08,CAD
CA00023239,2025-03-02,BR029,TLR-3014,C503442,cash deposit,1208.29,CAD
CA00025320,2025-03-13,BR038,TLR-9521,C500313,cash deposit,489.04,CAD
CA00018685,2025-03-05,BR004,TLR-9507,C502129,cash deposit,1077.71,CAD
CA00020297,2025-03-22,BR014,TLR-5801,C501290,cash withdrawal,391.42,CAD
CA00023986,2025-03-05,BR032,TLR-5366,C500512,cash deposit,685.43,CAD
CA00024521,2025-03-08,BR035,TLR-9014,C502892,cash withdrawal,1075.22,CAD
CA00022353,2025-03-01,BR024,TLR-4193,C503886,cash withdrawal,1542.08,CAD
CA00026377,2025-03-23,BR040,TLR-4718,C503738,cash deposit,616.65,CAD
CA00017804,2025-03-04,BR001,TLR-6072,C503864,cash deposit,595.72,CAD
CA00018436,2025-03-09,BR003,TLR-8278,C502936,cash withdrawal,278.45,CAD
CA00023907,2025-03-03,BR031,TLR-4701,C500614,cash withdrawal,982.36,CAD
CA00023281,2025-03-01,BR029,TLR-2767,C503176,cash deposit,2056.09,CAD
CA00025970,2025-03-13,BR040,TLR-3330,C503491,cash deposit,918.47,CAD
CA00024845,2025-03-18,BR036,TLR-9772,C502052,cash withdrawal,201.75,CAD
CA00018424,2025-03-11,BR003,TLR-7097,C500393,cash deposit,1142.01,CAD
CA00018437,2025-03-13,BR003,TLR-9870,C502993,cash deposit,763.28,CAD
CA00017866,2025-03-25,BR001,TLR-7615,C500846,cash deposit,623.62,CAD
CA00019501,2025-03-26,BR008,TLR-5913,C501335,cash withdrawal,1817.78,CAD
CA00019483,2025-03-20,BR008,TLR-7279,C501929,cash deposit,646.91,CAD
CA00025414,2025-03-21,BR038,TLR-9878,C501362,cash deposit,822.19,CAD
CA00026153,2025-03-02,BR040,TLR-7677,C502512,cash deposit,723.85,CAD
CA00021320,2025-03-05,BR018,TLR-4159,C500812,cash deposit,1332.05,CAD
CA00020339,2025-03-30,BR014,TLR-1529,C503439,cash deposit,1568.26,CAD
CA00019462,2025-03-14,BR008,TLR-8842,C500609,cash withdrawal,489.31,CAD
CA00022169,2025-03-30,BR024,TLR-9083,C503323,cash deposit,994.89,CAD
CA00019456,2025-03-19,BR008,TLR-2024,C503111,cash withdrawal,1334.68,CAD
CA00019302,2025-03-19,BR008,TLR-3160,C500129,cash withdrawal,1374.89,CAD
CA00024082,2025-03-14,BR033,TLR-8051,C502941,cash withdrawal,489.35,CAD
CA00023475,2025-03-24,BR030,TLR-1505,C502801,cash withdrawal,2476.55,CAD
CA00023276,2025-03-29,BR029,TLR-4148,C503669,cash withdrawal,1339.34,CAD
CA00017898,2025-03-05,BR001,TLR-7331,C500085,cash withdrawal,1372.21,CAD
CA00025542,2025-03-18,BR039,TLR-6648,C500554,cash deposit,1086.24,CAD
CA00024422,2025-03-08,BR035,TLR-2103,C501828,cash deposit,1354.16,CAD
CA00024154,2025-03-02,BR033,TLR-2772,C501118,cash withdrawal,281.81,CAD
CA00019523,2025-03-14,BR009,TLR-8210,C503138,cash withdrawal,438.5,CAD
CA00020862,2025-03-22,BR016,TLR-4547,C501913,cash withdrawal,3733.17,CAD
CA00018477,2025-03-30,BR004,TLR-9782,C500323,cash withdrawal,717.14,CAD
CA00019459,2025-03-19,BR008,TLR-9175,C502821,cash deposit,1441.59,CAD
CA00018806,2025-03-24,BR006,TLR-1100,C502220,cash deposit,831.76,CAD
CA00025566,2025-03-27,BR039,TLR-9033,C503521,cash withdrawal,1144.44,CAD
CA00020557,2025-03-06,BR015,TLR-6994,C503056,cash withdrawal,665.77,CAD
CA00025968,2025-03-28,BR040,TLR-5889,C502688,cash deposit,1610.75,CAD
CA00020763,2025-03-15,BR016,TLR-9600,C502902,cash deposit,552.98,CAD
CA00023199,2025-03-19,BR028,TLR-6911,C500929,cash withdrawal,2005.58,CAD
CA00020845,2025-03-02,BR016,TLR-1895,C503595,cash withdrawal,1104.76,CAD
CA00024141,2025-03-10,BR033,TLR-4307,C502980,cash deposit,179.77,CAD
CA00023636,2025-03-27,BR030,TLR-6517,C502685,cash withdrawal,1073.21,CAD
CA00019283,2025-03-22,BR008,TLR-6225,C501037,cash deposit,324.52,CAD
CA00022492,2025-03-05,BR025,TLR-3803,C500875,cash deposit,785.44,CAD
CA00026094,2025-03-04,BR040,TLR-1321,C503176,cash withdrawal,1475.33,CAD
CA00022534,2025-03-25,BR025,TLR-7685,C502745,cash deposit,1161.22,CAD
CA00018370,2025-03-12,BR003,TLR-1577,C503725,cash withdrawal,1017.64,CAD
CA00021505,2025-03-12,BR019,TLR-9348,C502741,cash withdrawal,1075.06,CAD
CA00021319,2025-03-19,BR018,TLR-6095,C501938,cash withdrawal,597.43,CAD
CA00020629,2025-03-30,BR015,TLR-4787,C501104,cash withdrawal,841.36,CAD
CA00018751,2025-03-03,BR005,TLR-1772,C500631,cash withdrawal,351.16,CAD
CA00021814,2025-03-05,BR021,TLR-7318,C500385,cash deposit,644.11,CAD
CA00022065,2025-03-21,BR023,TLR-9656,C500911,cash withdrawal,1427.87,CAD
CA00021585,2025-03-03,BR020,TLR-5975,C503509,cash withdrawal,473.49,USD
CA00024720,2025-03-24,BR036,TLR-4126,C501002,cash deposit,432.63,CAD
CA00018624,2025-03-06,BR004,TLR-8200,C500970,cash withdrawal,384.53,CAD
CA00024299,2025-03-04,BR034,TLR-5578,C501128,cash deposit,1669.95,CAD
CA00022798,2025-03-11,BR026,TLR-6088,C501662,cash withdrawal,-718.69,CAD
CA00019327,2025-03-23,BR008,TLR-2223,C502419,cash withdrawal,1550.65,CAD
CA00022449,2025-03-08,BR025,TLR-6304,C503441,cash deposit,670.58,CAD
CA00019520,2025-03-23,BR009,TLR-7194,C502306,cash deposit,1916.61,CAD
CA00018075,2025-03-14,BR002,TLR-6058,C503370,cash deposit,786.57,CAD
CA00026135,2025-03-07,BR040,TLR-9434,C500252,cash withdrawal,1609.97,CAD
CA00019048,2025-03-17,BR006,TLR-2124,C501694,cash deposit,1293.92,CAD
CA00022068,2025-03-25,BR023,TLR-1684,C503663,cash withdrawal,2088.19,CAD
CA00022375,2025-03-22,BR024,TLR-7252,C502680,cash withdrawal,825.01,CAD
CA00020374,2025-03-06,BR014,TLR-3365,C503562,cash withdrawal,1061.71,CAD
CA00021477,2025-03-07,BR019,TLR-8820,C501963,cash withdrawal,967.78,CAD
CA00021957,2025-03-26,BR022,TLR-7336,C502719,cash withdrawal,331.13,CAD
CA00020716,2025-03-03,BR015,TLR-4860,C503999,cash withdrawal,1193.48,CAD
CA00021573,2025-03-29,BR019,TLR-6573,C503172,cash withdrawal,499.01,CAD
CA00024026,2025-03-31,BR032,TLR-9969,C502629,cash withdrawal,1474.13,CAD
CA00019702,2025-03-08,BR009,TLR-8952,C503081,cash deposit,1168.36,CAD
CA00021820,2025-03-04,BR021,TLR-5617,C500795,cash withdrawal,953.88,CAD
CA00019681,2025-03-26,BR009,TLR-3726,C501188,cash deposit,2374.98,CAD
CA00021099,2025-03-27,BR017,TLR-9769,C500184,cash deposit,1179.05,CAD
CA00025017,2025-03-16,BR037,TLR-7926,C501617,cash withdrawal,6063.0,CAD
CA00025645,2025-03-24,BR039,TLR-1513,C502110,cash withdrawal,1079.95,CAD
CA00020101,2025-03-26,BR012,TLR-3510,C502659,cash deposit,764.38,CAD
CA00021997,2025-03-22,BR022,TLR-6036,C501081,cash deposit,1360.42,CAD
CA00020817,2025-03-29,BR016,TLR-8300,C501087,cash deposit,2410.76,CAD
CA00024650,2025-03-22,BR035,TLR-3593,C500196,cash withdrawal,826.61,CAD
CA00018782,2025-03-21,BR005,TLR-1029,C503522,cash deposit,1471.64,CAD
CA00021181,2025-03-09,BR017,TLR-1382,C502069,cash deposit,1238.88,CAD
CA00020041,2025-03-21,BR012,TLR-4164,C503962,cash deposit,1558.83,CAD
CA00022384,2025-03-11,BR024,TLR-9925,C501698,cash withdrawal,609.68,CAD
CA00024017,2025-03-02,BR032,TLR-3219,C502407,cash deposit,1284.04,CAD
CA00018377,2025-03-16,BR003,TLR-6979,C500852,cash withdrawal,727.74,CAD
CA00021436,2025-03-30,BR019,TLR-3522,C503124,cash deposit,1946.92,CAD
CA00024343,2025-03-02,BR034,TLR-3819,C500571,cash deposit,1114.69,CAD
CA00022310,2025-03-01,BR024,TLR-8258,C503905,cash deposit,1849.52,CAD
CA00021009,2025-03-23,BR017,TLR-3362,C503571,cash withdrawal,1251.58,CAD
CA00025945,2025-03-13,BR040,TLR-3787,C500244,cash withdrawal,698.71,CAD
CA00020553,2025-03-10,BR015,TLR-5783,C500306,cash withdrawal,545.91,CAD
CA00025118,2025-03-04,BR037,TLR-2814,C503059,cash withdrawal,1331.59,CAD
CA00018509,2025-03-20,BR004,TLR-8894,C501833,cash deposit,1534.04,CAD
CA00021765,2025-03-29,BR020,TLR-7814,C500416,cash deposit,1373.55,USD
CA00025630,2025-03-05,BR039,TLR-3778,C502606,cash withdrawal,1246.99,CAD
CA00019223,2025-03-24,BR007,TLR-5021,C500717,cash deposit,861.68,CAD
CA00021365,2025-03-17,BR019,TLR-6209,C502225,cash deposit,644.0,CAD
CA00018272,2025-03-28,BR003,TLR-5043,C500199,cash withdrawal,540.51,CAD
CA00025027,2025-03-14,BR037,TLR-8582,C501476,cash withdrawal,1605.36,CAD
CA00026133,2025-03-26,BR040,TLR-8643,C501482,cash withdrawal,416.1,CAD
CA00023805,2025-03-20,BR031,TLR-6777,C502038,cash withdrawal,338.74,CAD
CA00022089,2025-03-02,BR023,TLR-3630,C503449,cash deposit,1468.0,CAD
CA00020639,2025-03-01,BR015,TLR-3011,C503035,cash deposit,758.91,CAD
CA00021362,2025-03-22,BR019,TLR-8421,C502829,cash withdrawal,760.03,CAD
CA00024282,2025-03-28,BR034,TLR-3808,C502532,cash deposit,276.64,CAD
CA00020599,2025-03-01,BR015,TLR-4462,C500957,cash withdrawal,884.98,CAD
CA00020545,2025-03-14,BR015,TLR-6248,C502406,cash deposit,1032.89,CAD
CA00018960,2025-03-03,BR006,TLR-8978,C502940,cash withdrawal,2297.48,CAD
CA00018524,2025-03-01,BR004,TLR-9729,C500761,cash withdrawal,1636.46,CAD
CA00018360,2025-03-08,BR003,TLR-9826,C503195,cash deposit,334.24,CAD
CA00018665,2025-03-07,BR004,TLR-8601,C500530,cash deposit,1218.9,CAD
CA00021758,2025-03-30,BR020,TLR-6964,C503625,cash withdrawal,575.34,USD
CA00024551,2025-03-09,BR035,TLR-7655,C500734,cash deposit,656.27,CAD
CA00018341,2025-03-05,BR003,TLR-9260,C503334,cash withdrawal,1608.22,CAD
CA00025068,2025-03-05,BR037,TLR-2519,C502450,cash deposit,791.19,CAD
CA00025370,2025-03-27,BR038,TLR-3017,C502125,cash deposit,1629.61,CAD
CA00024382,2025-03-09,BR034,TLR-7090,C501759,cash withdrawal,677.09,CAD
CA00018653,2025-03-10,BR004,TLR-7534,C503051,cash deposit,1101.86,CAD
CA00025626,2025-03-12,BR039,TLR-6570,C501601,cash withdrawal,1242.52,CAD
CA00017833,2025-03-08,BR001,TLR-8111,C502606,cash withdrawal,1554.0,CAD
CA00025076,2025-03-27,BR037,TLR-8083,C502183,cash deposit,429.89,CAD
CA00017970,2025-03-02,BR001,TLR-6904,C502101,cash deposit,1016.92,CAD
CA00024458,2025-03-15,BR035,TLR-6672,C502800,cash deposit,1111.96,CAD
CA00021252,2025-03-24,BR018,TLR-1763,C500044,cash withdrawal,726.58,CAD
CA00020375,2025-03-19,BR014,TLR-5142,C500247,cash deposit,900.8,CAD
CA00024045,2025-03-15,BR032,TLR-9451,C500732,cash withdrawal,2230.21,CAD
CA00021088,2025-03-01,BR017,TLR-4956,C503747,cash deposit,1464.39,CAD
CA00018876,2025-03-15,BR006,TLR-5139,C500783,cash deposit,1873.22,CAD
CA00019540,2025-03-14,BR009,TLR-5985,C503797,cash withdrawal,2348.67,CAD
CA00021183,2025-03-22,BR017,TLR-6325,C503550,cash deposit,697.81,CAD
CA00021955,2025-03-23,BR022,TLR-8783,C500761,cash deposit,2962.64,CAD
CA00018130,2025-03-19,BR002,TLR-4338,C501089,cash deposit,2227.1,CAD
CA00025740,2025-03-18,BR040,TLR-1534,C502112,cash withdrawal,321.4,CAD
CA00023981,2025-03-03,BR032,TLR-7650,C500589,cash withdrawal,1579.83,CAD
CA00021238,2025-03-23,BR018,TLR-7029,C501616,cash withdrawal,1515.04,CAD
CA00025161,2025-03-10,BR037,TLR-4255,C503879,cash deposit,688.76,CAD
CA00020059,2025-03-09,BR012,TLR-4197,C501759,cash withdrawal,607.28,CAD
CA00024669,2025-03-11,BR036,TLR-6558,C500852,cash withdrawal,628.61,CAD
CA00019967,2025-03-11,BR012,TLR-2271,C501230,cash withdrawal,825.79,CAD
CA00021634,2025-03-12,BR020,TLR-4466,C502917,cash deposit,464.51,USD
CA00018295,2025-03-02,BR003,TLR-3467,C502019,cash withdrawal,1515.14,CAD
CA00024426,2025-03-22,BR035,TLR-6605,C500259,cash deposit,1351.32,CAD
CA00022726,2025-03-14,BR026,TLR-8568,C502638,cash withdrawal,-718.82,CAD
CA00020287,2025-03-04,BR014,TLR-7516,C503561,cash withdrawal,801.94,CAD
CA00022738,2025-03-01,BR026,TLR-8289,C503778,cash deposit,1675.28,CAD
CA00026431,2025-03-14,BR040,TLR-3042,C500187,cash withdrawal,326.24,CAD
CA00024763,2025-03-18,BR036,TLR-2984,C500730,cash withdrawal,477.59,CAD
CA00019826,2025-03-11,BR010,TLR-8829,C500729,cash deposit,2623.21,CAD
CA00022223,2025-03-23,BR024,TLR-5208,C501884,cash withdrawal,877.88,CAD
CA00025927,2025-03-27,BR040,TLR-6434,C503632,cash withdrawal,128.67,CAD
CA00026156,2025-03-04,BR040,TLR-4202,C501508,cash deposit,863.64,CAD
CA00019370,2025-03-01,BR008,TLR-7720,C500086,cash deposit,1187.27,CAD
CA00021736,2025-03-13,BR020,TLR-8916,C502802,cash deposit,580.34,USD
CA00021837,2025-03-11,BR021,TLR-6085,C502056,cash deposit,800.03,CAD
CA00019902,2025-03-21,BR011,TLR-1965,C502883,cash withdrawal,1784.61,CAD
CA00020867,2025-03-20,BR016,TLR-5645,C501874,cash deposit,175.22,CAD
CA00024106,2025-03-03,BR033,TLR-8073,C503589,cash deposit,219.99,CAD
CA00021819,2025-03-12,BR021,TLR-8325,C500183,cash deposit,1509.72,CAD
CA00025291,2025-03-14,BR038,TLR-4625,C501526,cash deposit,1368.15,CAD
CA00020541,2025-03-09,BR015,TLR-8634,C503374,cash withdrawal,821.24,CAD
CA00023561,2025-03-17,BR030,TLR-3729,C500587,cash withdrawal,1379.07,CAD
CA00023662,2025-03-22,BR030,TLR-8562,C503100,cash deposit,894.56,CAD
CA00022391,2025-03-10,BR024,TLR-2617,C503393,cash withdrawal,4032.38,CAD
CA00018013,2025-03-19,BR001,TLR-7260,C500080,cash deposit,567.77,CAD
CA00020611,2025-03-29,BR015,TLR-9543,C501770,cash withdrawal,565.34,CAD
CA00026530,2025-03-21,BR040,TLR-8586,C501940,cash deposit,1337.21,CAD
CA00023574,2025-03-23,BR030,TLR-8981,C500037,cash withdrawal,724.84,CAD
CA00023207,2025-03-07,BR028,TLR-3276,C500754,cash deposit,1171.03,CAD
CA00021728,2025-03-29,BR020,TLR-1430,C503919,cash withdrawal,768.56,USD
CA00025762,2025-03-04,BR040,TLR-9754,C500467,cash deposit,2520.26,CAD
CA00023359,2025-03-16,BR029,TLR-5327,C501647,cash withdrawal,357.06,CAD
CA00024901,2025-03-12,BR036,TLR-7995,C500482,cash withdrawal,1229.15,CAD
CA00022898,2025-03-26,BR026,TLR-8640,C500877,cash withdrawal,-1301.46,CAD
CA00024660,2025-03-17,BR036,TLR-7477,C502414,cash deposit,827.53,CAD
CA00024201,2025-03-07,BR033,TLR-1466,C502416,cash withdrawal,1248.04,CAD
CA00019415,2025-03-31,BR008,TLR-7026,C503525,cash withdrawal,1041.53,CAD
CA00021172,2025-03-20,BR017,TLR-3393,C503522,cash deposit,627.76,CAD
CA00025602,2025-03-10,BR039,TLR-2261,C501275,cash deposit,888.22,CAD
CA00020165,2025-03-15,BR012,TLR-2834,C503270,cash deposit,1721.81,CAD
CA00022943,2025-03-28,BR027,TLR-8175,C502974,cash deposit,706.08,CAD
CA00020869,2025-03-30,BR016,TLR-5469,C501959,cash deposit,776.13,CAD
CA00023060,2025-03-16,BR027,TLR-8490,C502518,cash deposit,713.08,CAD
CA00018011,2025-03-05,BR001,TLR-2063,C502079,cash withdrawal,553.81,CAD
CA00025884,2025-03-28,BR040,TLR-1138,C500558,cash withdrawal,696.26,CAD
CA00022598,2025-03-01,BR025,TLR-3911,C503597,cash deposit,577.53,CAD
CA00024537,2025-03-20,BR035,TLR-9295,C503017,cash withdrawal,694.25,CAD
CA00023240,2025-03-14,BR029,TLR-4323,C500124,cash deposit,1550.4,CAD
CA00022555,2025-03-28,BR025,TLR-1443,C500256,cash deposit,1222.81,CAD
CA00022865,2025-03-21,BR026,TLR-7765,C500829,cash deposit,502.06,CAD
CA00018080,2025-03-01,BR002,TLR-4285,C503963,cash withdrawal,-483.31,CAD
CA00018587,2025-03-10,BR004,TLR-4804,C503060,cash withdrawal,3238.29,CAD
CA00022856,2025-03-26,BR026,TLR-2847,C502038,cash deposit,557.96,CAD
CA00018632,2025-03-13,BR004,TLR-3584,C501595,cash withdrawal,1339.53,CAD
CA00021028,2025-03-11,BR017,TLR-1484,C502052,cash withdrawal,1462.61,CAD
CA00020618,2025-03-21,BR015,TLR-4189,C502443,cash withdrawal,861.19,CAD
CA00025933,2025-03-08,BR040,TLR-7484,C503722,cash deposit,2079.86,CAD
CA00023267,2025-03-05,BR029,TLR-1057,C500992,cash deposit,2147.77,CAD
CA00020696,2025-03-22,BR015,TLR-7368,C503459,cash withdrawal,1116.99,CAD
CA00020282,2025-03-24,BR014,TLR-1093,C503916,cash withdrawal,1236.16,CAD
CA00023303,2025-03-07,BR029,TLR-7894,C500152,cash deposit,2092.74,CAD
CA00018727,2025-03-19,BR005,TLR-2139,C501378,cash deposit,3094.38,CAD
CA00023964,2025-03-30,BR032,TLR-5080,C500969,cash withdrawal,671.11,CAD
CA00022606,2025-03-18,BR025,TLR-7934,C503548,cash deposit,613.69,CAD
CA00017959,2025-03-29,BR001,TLR-3360,C503435,cash withdrawal,1816.64,CAD
CA00020747,2025-03-09,BR015,TLR-2411,C501011,cash deposit,2260.77,CAD
CA00024453,2025-03-27,BR035,TLR-3422,C500042,cash deposit,1031.72,CAD
CA00021780,2025-03-14,BR021,TLR-3889,C503105,cash withdrawal,1302.42,CAD
CA00026331,2025-03-02,BR040,TLR-3119,C501733,cash deposit,1154.53,CAD
CA00023782,2025-03-11,BR031,TLR-7390,C501877,cash withdrawal,1749.51,CAD
CA00021994,2025-03-25,BR022,TLR-4683,C503254,cash withdrawal,998.92,CAD
CA00018639,2025-03-18,BR004,TLR-1632,C503262,cash withdrawal,1164.65,CAD
CA00025659,2025-03-16,BR039,TLR-4281,C503765,cash withdrawal,1456.93,CAD
CA00022568,2025-03-26,BR025,TLR-1697,C501255,cash deposit,341.93,CAD
CA00024086,2025-03-28,BR033,TLR-6065,C501465,cash deposit,1510.18,CAD
CA00022645,2025-03-29,BR026,TLR-9488,C503952,cash withdrawal,-615.17,CAD
CA00018165,2025-03-28,BR002,TLR-3487,C503522,cash deposit,2625.12,CAD
CA00025410,2025-03-05,BR038,TLR-4087,C501423,cash withdrawal,472.74,CAD
CA00022490,2025-03-14,BR025,TLR-2341,C500490,cash withdrawal,-280.71,CAD
CA00021928,2025-03-12,BR021,TLR-3205,C503630,cash deposit,1673.51,CAD
CA00017697,2025-03-08,BR001,TLR-4646,C500038,cash deposit,1201.88,CAD
CA00023680,2025-03-05,BR031,TLR-1021,C503283,cash deposit,155.53,CAD
CA00023191,2025-03-20,BR028,TLR-7620,C502986,cash withdrawal,1057.69,CAD
CA00021018,2025-03-21,BR017,TLR-1672,C500461,cash deposit,831.39,CAD
CA00017731,2025-03-25,BR001,TLR-5861,C502862,cash deposit,347.67,CAD
CA00022299,2025-03-22,BR024,TLR-7290,C500281,cash withdrawal,425.75,CAD
CA00026134,2025-03-16,BR040,TLR-2438,C500868,cash withdrawal,661.54,CAD
CA00018442,2025-03-15,BR003,TLR-7231,C503365,cash deposit,340.87,CAD
CA00025538,2025-03-11,BR039,TLR-5182,C500328,cash deposit,797.54,CAD
CA00024974,2025-03-18,BR036,TLR-8850,C500009,cash withdrawal,502.89,CAD
CA00023969,2025-03-07,BR032,TLR-1847,C500123,cash withdrawal,904.28,CAD
CA00025569,2025-03-04,BR039,TLR-7874,C501376,cash withdrawal,3638.43,CAD
CA00026462,2025-03-14,BR040,TLR-2172,C501689,cash withdrawal,1855.28,CAD
CA00026316,2025-03-15,BR040,TLR-3619,C500273,cash deposit,311.24,CAD
CA00020252,2025-03-06,BR013,TLR-9002,C502216,cash deposit,1072.3,CAD
CA00019997,2025-03-31,BR012,TLR-1279,C500252,cash deposit,1254.88,CAD
CA00026271,2025-03-03,BR040,TLR-6830,C503425,cash deposit,1013.12,CAD
CA00024659,2025-03-04,BR036,TLR-7723,C502609,cash deposit,551.77,CAD
CA00022370,2025-03-14,BR024,TLR-2726,C500071,cash withdrawal,638.24,CAD
CA00025060,2025-03-06,BR037,TLR-1036,C502339,cash deposit,1255.52,CAD
CA00021760,2025-03-12,BR020,TLR-4072,C500915,cash deposit,203.18,USD
CA00020948,2025-03-27,BR016,TLR-1996,C502721,cash deposit,1726.01,CAD
CA00018786,2025-03-31,BR005,TLR-2249,C501424,cash withdrawal,964.76,CAD
CA00018841,2025-03-30,BR006,TLR-7173,C502089,cash withdrawal,4058.48,CAD
CA00019244,2025-03-23,BR007,TLR-3303,C503886,cash deposit,557.83,CAD
CA00024744,2025-03-10,BR036,TLR-7442,C503385,cash deposit,119.89,CAD
CA00019841,2025-03-20,BR010,TLR-9980,C502843,cash withdrawal,1002.77,CAD
CA00020455,2025-03-08,BR014,TLR-5287,C501911,cash withdrawal,1160.09,CAD
CA00026020,2025-03-18,BR040,TLR-8906,C502901,cash deposit,2746.94,CAD
CA00024174,2025-03-21,BR033,TLR-8069,C501134,cash withdrawal,1098.52,CAD
CA00018772,2025-03-09,BR005,TLR-5099,C500429,cash deposit,983.59,CAD
CA00018450,2025-03-22,BR003,TLR-5506,C500209,cash deposit,1788.62,CAD
CA00017983,2025-03-12,BR001,TLR-5059,C503789,cash deposit,265.3,CAD
CA00025552,2025-03-26,BR039,TLR-7284,C502462,cash deposit,813.57,CAD
CA00020799,2025-03-08,BR016,TLR-7326,C501644,cash deposit,651.05,CAD
CA00024258,2025-03-19,BR034,TLR-6405,C502938,cash deposit,1853.87,CAD
CA00026178,2025-03-08,BR040,TLR-7423,C500470,cash withdrawal,1840.16,CAD
CA00020754,2025-03-24,BR015,TLR-6589,C501810,cash withdrawal,3464.98,CAD
CA00022199,2025-03-17,BR024,TLR-8075,C500775,cash withdrawal,1810.62,CAD
CA00018042,2025-03-22,BR002,TLR-8016,C500295,cash withdrawal,-3480.95,CAD
CA00026357,2025-03-28,BR040,TLR-3346,C502633,cash deposit,724.5,CAD
CA00022906,2025-03-16,BR027,TLR-7403,C502093,cash deposit,2440.99,CAD
CA00023102,2025-03-28,BR028,TLR-7963,C502127,cash withdrawal,3480.23,CAD
CA00025270,2025-03-07,BR038,TLR-3959,C500592,cash deposit,491.27,CAD
CA00022778,2025-03-07,BR026,TLR-6170,C502962,cash deposit,1794.1,CAD
CA00021117,2025-03-28,BR017,TLR-7387,C500841,cash deposit,919.46,CAD
CA00018510,2025-03-06,BR004,TLR-3959,C503377,cash withdrawal,1002.49,CAD
CA00017924,2025-03-12,BR001,TLR-9036,C500249,cash deposit,852.68,CAD
CA00025601,2025-03-24,BR039,TLR-7137,C502123,cash withdrawal,805.2,CAD
CA00019124,2025-03-27,BR007,TLR-1184,C501796,cash deposit,897.31,CAD
CA00019824,2025-03-14,BR010,TLR-6489,C501166,cash withdrawal,4921.17,CAD
CA00022985,2025-03-27,BR027,TLR-7897,C501922,cash deposit,1842.05,CAD
CA00026245,2025-03-12,BR040,TLR-6185,C503717,cash deposit,860.08,CAD
CA00026182,2025-03-06,BR040,TLR-5899,C502797,cash deposit,836.03,CAD
CA00023750,2025-03-28,BR031,TLR-1835,C503561,cash deposit,1935.26,CAD
CA00023799,2025-03-13,BR031,TLR-4196,C501534,cash withdrawal,1099.04,CAD
CA00018159,2025-03-06,BR002,TLR-1252,C501617,cash withdrawal,-2977.89,CAD
CA00025817,2025-03-16,BR040,TLR-4017,C500037,cash withdrawal,3993.17,CAD
CA00020808,2025-03-31,BR016,TLR-6386,C502356,cash deposit,743.11,CAD
CA00025565,2025-03-26,BR039,TLR-6447,C502774,cash withdrawal,164.75,CAD
CA00024028,2025-03-01,BR032,TLR-9192,C503318,cash deposit,550.93,CAD
CA00026369,2025-03-12,BR040,TLR-1806,C500567,cash withdrawal,1196.49,CAD
CA00024798,2025-03-22,BR036,TLR-4435,C500567,cash withdrawal,1402.2,CAD
CA00024902,2025-03-16,BR036,TLR-6698,C500113,cash withdrawal,411.99,CAD
CA00019814,2025-03-11,BR010,TLR-8098,C502218,cash withdrawal,629.32,CAD
CA00023649,2025-03-26,BR030,TLR-8452,C503051,cash withdrawal,466.14,CAD
CA00020362,2025-03-24,BR014,TLR-1368,C503479,cash withdrawal,992.61,CAD
CA00020255,2025-03-27,BR013,TLR-5380,C501491,cash withdrawal,3066.02,CAD
CA00023227,2025-03-06,BR028,TLR-1517,C500057,cash deposit,158.94,CAD
CA00020229,2025-03-17,BR013,TLR-9179,C503233,cash deposit,371.88,CAD
CA00024973,2025-03-17,BR036,TLR-3727,C500198,cash deposit,1507.32,CAD
CA00024854,2025-03-30,BR036,TLR-9639,C500263,cash withdrawal,1985.21,CAD
CA00022121,2025-03-18,BR023,TLR-2691,C501422,cash withdrawal,1304.38,CAD
CA00024675,2025-03-28,BR036,TLR-1962,C502345,cash deposit,199.04,CAD
CA00025471,2025-03-04,BR038,TLR-1249,C500008,cash deposit,2843.58,CAD
CA00023015,2025-03-10,BR027,TLR-6206,C503481,cash withdrawal,1308.84,CAD
CA00024879,2025-03-11,BR036,TLR-5066,C500873,cash withdrawal,1093.95,CAD
CA00019352,2025-03-07,BR008,TLR-3568,C500119,cash withdrawal,1440.64,CAD
CA00018209,2025-03-13,BR002,TLR-1247,C502808,cash withdrawal,-741.76,CAD
CA00022002,2025-03-31,BR022,TLR-5496,C500270,cash deposit,489.01,CAD
CA00025275,2025-03-12,BR038,TLR-3084,C501491,cash deposit,2398.09,CAD
CA00019636,2025-03-27,BR009,TLR-2556,C500222,cash withdrawal,515.23,CAD
CA00023308,2025-03-06,BR029,TLR-8487,C501888,cash withdrawal,1813.44,CAD
CA00017871,2025-03-05,BR001,TLR-3062,C501950,cash withdrawal,1056.96,CAD
CA00025938,2025-03-30,BR040,TLR-8768,C500694,cash withdrawal,1171.46,CAD
CA00025908,2025-03-13,BR040,TLR-6667,C500713,cash withdrawal,716.52,CAD
CA00020738,2025-03-10,BR015,TLR-7375,C501058,cash withdrawal,2470.06,CAD
CA00020039,2025-03-08,BR012,TLR-8109,C502297,cash deposit,1996.03,CAD
CA00024829,2025-03-13,BR036,TLR-4322,C500374,cash deposit,827.66,CAD
CA00020401,2025-03-04,BR014,TLR-5118,C503897,cash deposit,349.28,CAD
CA00024219,2025-03-09,BR033,TLR-2773,C502385,cash withdrawal,1977.66,CAD
CA00024761,2025-03-31,BR036,TLR-8078,C501734,cash deposit,549.43,CAD
CA00024794,2025-03-27,BR036,TLR-1397,C503816,cash deposit,859.28,CAD
CA00019020,2025-03-18,BR006,TLR-4936,C500997,cash deposit,1528.9,CAD
CA00021830,2025-03-01,BR021,TLR-5621,C500804,cash withdrawal,934.15,CAD
CA00025651,2025-03-27,BR039,TLR-4590,C502699,cash deposit,1004.54,CAD
CA00020473,2025-03-20,BR014,TLR-2773,C500493,cash deposit,361.5,CAD
CA00019300,2025-03-27,BR008,TLR-9118,C502629,cash deposit,490.7,CAD
CA00022717,2025-03-12,BR026,TLR-4808,C500814,cash deposit,1574.87,CAD
CA00018106,2025-03-09,BR002,TLR-6459,C501788,cash withdrawal,-1008.24,CAD
CA00019233,2025-03-06,BR007,TLR-4476,C500098,cash deposit,312.36,CAD
CA00018611,2025-03-16,BR004,TLR-2574,C502955,cash deposit,946.02,CAD
CA00020049,2025-03-17,BR012,TLR-9055,C501770,cash deposit,378.33,CAD
CA00022640,2025-03-04,BR025,TLR-2250,C501483,cash withdrawal,-913.95,CAD
CA00020540,2025-03-18,BR015,TLR-3644,C503097,cash deposit,2878.56,CAD
CA00019847,2025-03-03,BR010,TLR-6387,C503693,cash withdrawal,2518.41,CAD
CA00023811,2025-03-31,BR031,TLR-9854,C502186,cash withdrawal,479.27,CAD
CA00020873,2025-03-20,BR016,TLR-1901,C500116,cash withdrawal,809.26,CAD
CA00019774,2025-03-01,BR010,TLR-8646,C501203,cash withdrawal,732.49,CAD
CA00026127,2025-03-04,BR040,TLR-1804,C501455,cash deposit,427.35,CAD
CA00026151,2025-03-09,BR040,TLR-1984,C501703,cash deposit,1072.95,CAD
CA00022465,2025-03-28,BR025,TLR-8373,C503595,cash deposit,1196.78,CAD
CA00023112,2025-03-01,BR028,TLR-9586,C503965,cash withdrawal,160.26,CAD
CA00018881,2025-03-05,BR006,TLR-5578,C500294,cash deposit,996.02,CAD
CA00018219,2025-03-19,BR002,TLR-6418,C501322,cash deposit,1187.65,CAD
CA00018420,2025-03-03,BR003,TLR-5807,C501777,cash withdrawal,1294.57,CAD
CA00021441,2025-03-26,BR019,TLR-7967,C503672,cash deposit,1137.1,CAD
CA00025188,2025-03-17,BR037,TLR-3536,C500931,cash deposit,1511.59,CAD
CA00019094,2025-03-11,BR007,TLR-2308,C502746,cash deposit,1607.42,CAD
CA00023165,2025-03-19,BR028,TLR-2484,C500753,cash withdrawal,2354.46,CAD
CA00023960,2025-03-04,BR032,TLR-6650,C502277,cash deposit,1224.79,CAD
CA00021878,2025-03-22,BR021,TLR-4661,C502618,cash deposit,553.77,CAD
CA00019542,2025-03-11,BR009,TLR-9260,C502885,cash deposit,630.24,CAD
CA00019110,2025-03-22,BR007,TLR-7345,C500705,cash deposit,1411.27,CAD
CA00017693,2025-03-18,BR001,TLR-3032,C503204,cash withdrawal,2434.61,CAD
CA00023869,2025-03-10,BR031,TLR-5843,C501538,cash deposit,3411.8,CAD
CA00020736,2025-03-25,BR015,TLR-1873,C502209,cash deposit,2851.04,CAD
CA00023966,2025-03-01,BR032,TLR-4780,C501168,cash withdrawal,1368.7,CAD
CA00025152,2025-03-10,BR037,TLR-8879,C500982,cash withdrawal,959.66,CAD
CA00019981,2025-03-26,BR012,TLR-8006,C503507,cash deposit,1106.61,CAD
CA00021121,2025-03-25,BR017,TLR-4680,C503740,cash withdrawal,240.22,CAD
CA00019988,2025-03-08,BR012,TLR-8603,C502617,cash deposit,2482.72,CAD
CA00021792,2025-03-17,BR021,TLR-5744,C500356,cash withdrawal,189.39,CAD
CA00020633,2025-03-07,BR015,TLR-3900,C500105,cash deposit,900.26,CAD
CA00022309,2025-03-26,BR024,TLR-7082,C501383,cash deposit,1605.89,CAD
CA00023758,2025-03-11,BR031,TLR-2994,C503341,cash withdrawal,941.66,CAD
CA00025448,2025-03-15,BR038,TLR-2789,C501703,cash withdrawal,264.71,CAD
CA00019392,2025-03-18,BR008,TLR-9870,C502901,cash withdrawal,3104.96,CAD
CA00024238,2025-03-21,BR033,TLR-9617,C503188,cash withdrawal,424.54,CAD
CA00021608,2025-03-16,BR020,TLR-4017,C501076,cash deposit,127.09,USD
CA00025199,2025-03-01,BR037,TLR-5131,C501379,cash withdrawal,1619.65,CAD
CA00022561,2025-03-16,BR025,TLR-4352,C503139,cash deposit,1664.38,CAD
CA00023813,2025-03-19,BR031,TLR-7484,C500844,cash withdrawal,788.97,CAD
CA00022556,2025-03-21,BR025,TLR-6525,C503923,cash withdrawal,-914.62,CAD
CA00018566,2025-03-21,BR004,TLR-3833,C503392,cash deposit,3115.82,CAD
CA00021233,2025-03-13,BR018,TLR-5927,C501701,cash withdrawal,477.79,CAD
CA00018101,2025-03-20,BR002,TLR-6503,C503026,cash deposit,1349.15,CAD
CA00019454,2025-03-21,BR008,TLR-8678,C502173,cash withdrawal,1178.65,CAD
CA00021884,2025-03-20,BR021,TLR-7951,C503338,cash withdrawal,1281.69,CAD
CA00026391,2025-03-05,BR040,TLR-7656,C503529,cash withdrawal,3789.98,CAD
CA00019639,2025-03-20,BR009,TLR-3726,C503388,cash deposit,341.83,CAD
CA00023211,2025-03-20,BR028,TLR-6564,C502075,cash withdrawal,992.84,CAD
CA00018760,2025-03-09,BR005,TLR-6728,C500671,cash deposit,2684.73,CAD
CA00024964,2025-03-16,BR036,TLR-1873,C501752,cash withdrawal,693.81,CAD
CA00018752,2025-03-01,BR005,TLR-5102,C500991,cash withdrawal,1511.71,CAD
CA00018826,2025-03-08,BR006,TLR-6294,C503624,cash deposit,1111.4,CAD
CA00023262,2025-03-19,BR029,TLR-2756,C500174,cash deposit,1355.55,CAD
CA00024730,2025-03-18,BR036,TLR-3672,C502492,cash deposit,3263.97,CAD
CA00019092,2025-03-11,BR007,TLR-8876,C501174,cash deposit,647.59,CAD
CA00024446,2025-03-19,BR035,TLR-3952,C503028,cash deposit,206.64,CAD
CA00023870,2025-03-05,BR031,TLR-7382,C502557,cash withdrawal,3178.46,CAD
CA00026000,2025-03-30,BR040,TLR-8456,C501901,cash withdrawal,263.19,CAD
CA00018668,2025-03-28,BR004,TLR-5643,C500158,cash withdrawal,1394.06,CAD
CA00021422,2025-03-25,BR019,TLR-5011,C503382,cash deposit,1550.5,CAD
CA00024326,2025-03-21,BR034,TLR-9914,C503797,cash withdrawal,574.43,CAD
CA00018738,2025-03-28,BR005,TLR-2484,C500671,cash deposit,1444.41,CAD
CA00022629,2025-03-22,BR025,TLR-3341,C502503,cash withdrawal,-5958.14,CAD
CA00026418,2025-03-17,BR040,TLR-5486,C503694,cash withdrawal,396.52,CAD
CA00021245,2025-03-05,BR018,TLR-8785,C500053,cash deposit,575.34,CAD
CA00019042,2025-03-14,BR006,TLR-7497,C501205,cash deposit,971.94,CAD
CA00023642,2025-03-17,BR030,TLR-4575,C501746,cash deposit,524.01,CAD
CA00018916,2025-03-29,BR006,TLR-6870,C502240,cash deposit,1245.84,CAD
CA00018114,2025-03-15,BR002,TLR-8895,C501202,cash deposit,770.66,CAD
CA00021193,2025-03-21,BR017,TLR-9674,C503357,cash withdrawal,308.27,CAD
CA00026556,2025-03-22,BR040,TLR-9538,C501385,cash withdrawal,589.81,CAD
CA00019584,2025-03-29,BR009,TLR-6306,C503084,cash deposit,450.61,CAD
CA00025164,2025-03-25,BR037,TLR-9545,C503597,cash withdrawal,976.34,CAD
CA00021509,2025-03-29,BR019,TLR-3636,C503552,cash deposit,378.3,CAD
CA00021190,2025-03-23,BR017,TLR-9257,C502444,cash withdrawal,1325.3,CAD
CA00019922,2025-03-23,BR011,TLR-5367,C500448,cash deposit,1073.42,CAD
CA00023302,2025-03-18,BR029,TLR-7069,C501750,cash withdrawal,1196.62,CAD
CA00025251,2025-03-08,BR038,TLR-3626,C502041,cash withdrawal,2807.19,CAD
CA00018954,2025-03-12,BR006,TLR-7779,C501480,cash deposit,2202.29,CAD
CA00024920,2025-03-20,BR036,TLR-8327,C502013,cash deposit,815.61,CAD
CA00026114,2025-03-19,BR040,TLR-1886,C503248,cash withdrawal,2285.81,CAD
CA00019738,2025-03-12,BR010,TLR-6554,C502111,cash withdrawal,4764.39,CAD
CA00018142,2025-03-13,BR002,TLR-3205,C501232,cash withdrawal,-1103.62,CAD
CA00019582,2025-03-31,BR009,TLR-8583,C500717,cash withdrawal,2460.11,CAD
CA00022593,2025-03-06,BR025,TLR-8130,C502515,cash deposit,924.92,CAD
CA00021361,2025-03-15,BR019,TLR-2321,C502873,cash deposit,1591.17,CAD
CA00019690,2025-03-04,BR009,TLR-5385,C503912,cash withdrawal,740.55,CAD
CA00019247,2025-03-13,BR007,TLR-2645,C503028,cash deposit,1212.97,CAD
CA00026501,2025-03-22,BR040,TLR-7752,C501233,cash withdrawal,943.97,CAD
CA00026050,2025-03-03,BR040,TLR-4813,C501260,cash withdrawal,1436.55,CAD
CA00019123,2025-03-20,BR007,TLR-1298,C502650,cash deposit,780.82,CAD
CA00023209,2025-03-22,BR028,TLR-2735,C503968,cash deposit,809.82,CAD
CA00019468,2025-03-03,BR008,TLR-4973,C500217,cash withdrawal,2006.14,CAD
CA00022909,2025-03-22,BR027,TLR-7220,C500876,cash deposit,645.41,CAD
CA00020324,2025-03-07,BR014,TLR-2055,C502956,cash withdrawal,645.43,CAD
CA00019421,2025-03-25,BR008,TLR-5106,C503517,cash withdrawal,589.94,CAD
CA00021128,2025-03-14,BR017,TLR-7748,C501913,cash withdrawal,1647.3,CAD
CA00026010,2025-03-02,BR040,TLR-5141,C502655,cash withdrawal,3296.21,CAD
CA00021529,2025-03-20,BR019,TLR-5649,C503120,cash deposit,375.55,CAD
CA00024281,2025-03-22,BR034,TLR-6638,C503608,cash withdrawal,441.41,CAD
CA00022641,2025-03-20,BR025,TLR-4505,C500790,cash withdrawal,-773.65,CAD
CA00018553,2025-03-02,BR004,TLR-2742,C502010,cash deposit,1111.7,CAD
CA00018217,2025-03-22,BR002,TLR-4057,C501355,cash deposit,348.69,CAD
CA00022261,2025-03-14,BR024,TLR-6279,C501769,cash deposit,1908.84,CAD
CA00018069,2025-03-09,BR002,TLR-5394,C500812,cash withdrawal,-881.6,CAD
CA00025705,2025-03-29,BR040,TLR-4483,C501652,cash withdrawal,705.72,CAD
CA00021483,2025-03-21,BR019,TLR-9985,C502129,cash withdrawal,673.3,CAD
CA00019016,2025-03-18,BR006,TLR-2420,C500546,cash withdrawal,439.81,CAD
CA00017711,2025-03-16,BR001,TLR-9370,C503588,cash deposit,689.11,CAD
CA00018657,2025-03-25,BR004,TLR-9200,C503696,cash withdrawal,263.37,CAD
CA00021811,2025-03-07,BR021,TLR-2830,C503966,cash withdrawal,2488.85,CAD
CA00018597,2025-03-31,BR004,TLR-8688,C500538,cash deposit,557.36,CAD
CA00021550,2025-03-10,BR019,TLR-8839,C503994,cash deposit,592.24,CAD
CA00023919,2025-03-23,BR031,TLR-7619,C503467,cash withdrawal,886.79,CAD
CA00024519,2025-03-19,BR035,TLR-9908,C500496,cash withdrawal,254.07,CAD
CA00018930,2025-03-12,BR006,TLR-9612,C502317,cash deposit,834.57,CAD
CA00026317,2025-03-05,BR040,TLR-3991,C501317,cash deposit,1522.42,CAD
CA00019990,2025-03-27,BR012,TLR-7083,C503653,cash deposit,899.72,CAD
CA00026187,2025-03-16,BR040,TLR-4118,C503616,cash withdrawal,1052.27,CAD
CA00021299,2025-03-05,BR018,TLR-2776,C500250,cash withdrawal,2647.02,CAD
CA00025679,2025-03-02,BR039,TLR-1235,C501505,cash deposit,1068.42,CAD
CA00020425,2025-03-13,BR014,TLR-5512,C501785,cash deposit,1321.66,CAD
CA00023695,2025-03-13,BR031,TLR-3382,C500754,cash withdrawal,510.75,CAD
CA00025835,2025-03-09,BR040,TLR-3080,C502199,cash deposit,194.49,CAD
CA00019242,2025-03-10,BR007,TLR-5994,C502863,cash deposit,1199.87,CAD
CA00019861,2025-03-08,BR010,TLR-3352,C503917,cash deposit,714.39,CAD
CA00022120,2025-03-10,BR023,TLR-7339,C500228,cash withdrawal,1161.73,CAD
CA00022141,2025-03-24,BR023,TLR-7372,C502381,cash withdrawal,897.18,CAD
CA00025146,2025-03-26,BR037,TLR-9711,C502247,cash withdrawal,1700.23,CAD
CA00020730,2025-03-06,BR015,TLR-6708,C503911,cash withdrawal,538.39,CAD
CA00026002,2025-03-07,BR040,TLR-2374,C501925,cash withdrawal,739.16,CAD
CA00023179,2025-03-09,BR028,TLR-8816,C501597,cash deposit,1389.69,CAD
CA00020942,2025-03-27,BR016,TLR-8205,C503191,cash deposit,390.09,CAD
CA00020016,2025-03-18,BR012,TLR-2754,C500784,cash withdrawal,1177.81,CAD
CA00026231,2025-03-05,BR040,TLR-2208,C501227,cash deposit,963.49,CAD
CA00021293,2025-03-28,BR018,TLR-7580,C502084,cash deposit,1372.06,CAD
CA00020125,2025-03-10,BR012,TLR-2138,C501849,cash withdrawal,721.57,CAD
CA00020237,2025-03-18,BR013,TLR-2124,C502759,cash deposit,415.87,CAD
CA00021208,2025-03-05,BR017,TLR-3803,C500109,cash deposit,1621.74,CAD
CA00022476,2025-03-22,BR025,TLR-7035,C502413,cash deposit,759.27,CAD
CA00020503,2025-03-05,BR014,TLR-6759,C502337,cash withdrawal,576.05,CAD
CA00021358,2025-03-28,BR019,TLR-5494,C502387,cash deposit,858.11,CAD
CA00019757,2025-03-18,BR010,TLR-1158,C500100,cash withdrawal,438.56,CAD
CA00018456,2025-03-23,BR003,TLR-4021,C500237,cash withdrawal,1372.99,CAD
CA00025087,2025-03-06,BR037,TLR-5419,C500450,cash withdrawal,655.21,CAD
CA00024208,2025-03-02,BR033,TLR-4362,C502144,cash withdrawal,1209.19,CAD
CA00018491,2025-03-03,BR004,TLR-1471,C501664,cash deposit,983.12,CAD
CA00026132,2025-03-02,BR040,TLR-6980,C503521,cash deposit,795.79,CAD
CA00023917,2025-03-20,BR031,TLR-1689,C500699,cash deposit,1355.24,CAD
CA00018656,2025-03-16,BR004,TLR-5655,C503374,cash withdrawal,1448.14,CAD
CA00022007,2025-03-24,BR022,TLR-5917,C501127,cash withdrawal,1076.97,CAD
CA00025872,2025-03-04,BR040,TLR-6792,C502127,cash withdrawal,1357.82,CAD
CA00021015,2025-03-18,BR017,TLR-8972,C502006,cash deposit,363.79,CAD
CA00023320,2025-03-19,BR029,TLR-8357,C500457,cash deposit,1566.27,CAD
CA00019763,2025-03-01,BR010,TLR-9335,C502754,cash deposit,496.49,CAD
CA00020466,2025-03-19,BR014,TLR-3615,C501085,cash deposit,936.18,CAD
CA00022615,2025-03-30,BR025,TLR-6967,C501666,cash withdrawal,-1657.08,CAD
CA00025443,2025-03-06,BR038,TLR-9515,C501306,cash deposit,1967.4,CAD
CA00025673,2025-03-02,BR039,TLR-9284,C501965,cash deposit,2096.81,CAD
CA00023553,2025-03-08,BR030,TLR-2276,C501584,cash deposit,1799.74,CAD
CA00018084,2025-03-31,BR002,TLR-5308,C502448,cash withdrawal,-283.9,CAD
CA00018749,2025-03-27,BR005,TLR-2149,C502139,cash withdrawal,2028.72,CAD
CA00018672,2025-03-14,BR004,TLR-9421,C500488,cash deposit,3952.55,CAD
CA00023296,2025-03-15,BR029,TLR-4794,C502595,cash withdrawal,3163.94,CAD
CA00020488,2025-03-10,BR014,TLR-2964,C503725,cash deposit,487.87,CAD
CA00021429,2025-03-23,BR019,TLR-9190,C502684,cash deposit,411.43,CAD
CA00018798,2025-03-06,BR006,TLR-4983,C501944,cash withdrawal,549.94,CAD
CA00025125,2025-03-06,BR037,TLR-8543,C500338,cash deposit,429.73,CAD
CA00018712,2025-03-14,BR004,TLR-9592,C500625,cash withdrawal,388.72,CAD
CA00025298,2025-03-27,BR038,TLR-1684,C502893,cash withdrawal,475.26,CAD
CA00020021,2025-03-05,BR012,TLR-2791,C503585,cash withdrawal,297.68,CAD
CA00021139,2025-03-23,BR017,TLR-8342,C501093,cash withdrawal,576.36,CAD
CA00020626,2025-03-19,BR015,TLR-7168,C502155,cash withdrawal,1001.38,CAD
CA00021520,2025-03-11,BR019,TLR-2118,C501177,cash deposit,234.84,CAD
CA00023310,2025-03-15,BR029,TLR-8210,C500977,cash deposit,1999.05,CAD
CA00018559,2025-03-18,BR004,TLR-8265,C502781,cash deposit,224.06,CAD
CA00022160,2025-03-20,BR024,TLR-4610,C500919,cash withdrawal,437.79,CAD
CA00021696,2025-03-20,BR020,TLR-5724,C503189,cash deposit,1380.81,USD
CA00024662,2025-03-09,BR036,TLR-1401,C502421,cash withdrawal,474.75,CAD
CA00025384,2025-03-02,BR038,TLR-6162,C501505,cash withdrawal,525.26,CAD
CA00025204,2025-03-08,BR037,TLR-3997,C502853,cash deposit,761.98,CAD
CA00021680,2025-03-20,BR020,TLR-1634,C503697,cash withdrawal,528.51,USD
CA00026269,2025-03-31,BR040,TLR-7222,C503887,cash deposit,1037.15,CAD
CA00018785,2025-03-18,BR005,TLR-7490,C500352,cash withdrawal,275.25,CAD
CA00019435,2025-03-07,BR008,TLR-6073,C502596,cash withdrawal,333.69,CAD
CA00018214,2025-03-23,BR002,TLR-3184,C503407,cash withdrawal,-455.7,CAD
CA00018848,2025-03-01,BR006,TLR-5042,C500875,cash withdrawal,765.78,CAD
CA00024013,2025-03-29,BR032,TLR-6398,C503842,cash deposit,2100.97,CAD
CA00026571,2025-03-18,BR040,TLR-9498,C502712,cash deposit,3272.84,CAD
CA00026413,2025-03-24,BR040,TLR-1308,C501991,cash deposit,972.24,CAD
CA00017695,2025-03-01,BR001,TLR-1228,C500393,cash deposit,621.95,CAD
CA00026216,2025-03-17,BR040,TLR-4401,C500213,cash withdrawal,908.1,CAD
CA00021756,2025-03-26,BR020,TLR-4009,C501647,cash deposit,620.95,USD
CA00024590,2025-03-03,BR035,TLR-1043,C500504,cash withdrawal,2408.23,CAD
CA00021311,2025-03-14,BR018,TLR-3398,C502417,cash withdrawal,396.35,CAD
CA00024998,2025-03-01,BR037,TLR-3174,C501413,cash withdrawal,1179.03,CAD
CA00020072,2025-03-07,BR012,TLR-3048,C500345,cash deposit,302.07,CAD
CA00021789,2025-03-09,BR021,TLR-4822,C503796,cash withdrawal,706.65,CAD
CA00024500,2025-03-16,BR035,TLR-5878,C503711,cash withdrawal,1485.35,CAD
CA00025741,2025-03-01,BR040,TLR-6554,C502677,cash deposit,722.96,CAD
CA00021381,2025-03-09,BR019,TLR-2606,C500727,cash deposit,988.58,CAD
CA00022049,2025-03-03,BR023,TLR-7093,C500704,cash deposit,879.64,CAD
CA00025979,2025-03-28,BR040,TLR-1222,C501797,cash deposit,693.71,CAD
CA00018173,2025-03-27,BR002,TLR-4156,C503263,cash withdrawal,-1122.23,CAD
CA00024762,2025-03-14,BR036,TLR-9375,C500432,cash deposit,1047.94,CAD
CA00021927,2025-03-25,BR021,TLR-5837,C500109,cash deposit,495.42,CAD
CA00017706,2025-03-14,BR001,TLR-9818,C503569,cash deposit,442.33,CAD
CA00023520,2025-03-24,BR030,TLR-3649,C502702,cash deposit,1323.9,CAD
CA00020878,2025-03-19,BR016,TLR-3680,C503713,cash withdrawal,787.62,CAD
CA00023103,2025-03-29,BR028,TLR-7903,C500412,cash withdrawal,637.53,CAD
CA00020821,2025-03-22,BR016,TLR-4060,C502641,cash deposit,573.22,CAD
CA00019691,2025-03-15,BR009,TLR-5101,C501516,cash deposit,566.52,CAD
CA00026450,2025-03-19,BR040,TLR-3042,C503195,cash deposit,1164.0,CAD
CA00025777,2025-03-04,BR040,TLR-3812,C503840,cash withdrawal,716.06,CAD
CA00022232,2025-03-10,BR024,TLR-6979,C500742,cash withdrawal,670.7,CAD
CA00021846,2025-03-31,BR021,TLR-7242,C502353,cash withdrawal,1865.97,CAD
CA00018675,2025-03-08,BR004,TLR-6675,C503066,cash deposit,1058.18,CAD
CA00021007,2025-03-30,BR017,TLR-1544,C501580,cash deposit,213.65,CAD
CA00019762,2025-03-18,BR010,TLR-6644,C502204,cash deposit,491.43,CAD
CA00020675,2025-03-21,BR015,TLR-6630,C503400,cash withdrawal,655.12,CAD
CA00023694,2025-03-31,BR031,TLR-4804,C503888,cash deposit,2883.21,CAD
CA00025449,2025-03-31,BR038,TLR-8919,C502018,cash withdrawal,946.58,CAD
CA00018842,2025-03-06,BR006,TLR-3035,C500043,cash withdrawal,630.78,CAD
CA00025050,2025-03-21,BR037,TLR-6568,C501186,cash withdrawal,770.63,CAD
CA00019532,2025-03-13,BR009,TLR-5394,C501435,cash deposit,437.9,CAD
CA00017862,2025-03-25,BR001,TLR-1970,C502889,cash deposit,1821.93,CAD
CA00019549,2025-03-27,BR009,TLR-4002,C501444,cash withdrawal,1178.45,CAD
CA00019023,2025-03-05,BR006,TLR-8272,C501715,cash deposit,551.19,CAD
CA00024542,2025-03-15,BR035,TLR-2555,C501385,cash withdrawal,3022.17,CAD
CA00023116,2025-03-18,BR028,TLR-7520,C501131,cash deposit,440.8,CAD
CA00023803,2025-03-21,BR031,TLR-7309,C501235,cash withdrawal,672.85,CAD
CA00021702,2025-03-02,BR020,TLR-9067,C502899,cash deposit,1458.51,USD
CA00021776,2025-03-17,BR021,TLR-6433,C501790,cash withdrawal,730.51,CAD
CA00020608,2025-03-02,BR015,TLR-9199,C502301,cash withdrawal,347.4,CAD
CA00019780,2025-03-02,BR010,TLR-6161,C501653,cash deposit,835.08,CAD
CA00021405,2025-03-12,BR019,TLR-6024,C501975,cash deposit,2042.95,CAD
CA00021952,2025-03-15,BR021,TLR-2705,C501087,cash deposit,1752.69,CAD
CA00022637,2025-03-24,BR025,TLR-7223,C503631,cash deposit,1431.45,CAD
CA00019252,2025-03-24,BR007,TLR-5584,C502389,cash withdrawal,346.97,CAD
CA00021330,2025-03-09,BR018,TLR-7081,C503723,cash deposit,1238.48,CAD
CA00021334,2025-03-28,BR018,TLR-6456,C501155,cash withdrawal,601.16,CAD
CA00025882,2025-03-28,BR040,TLR-7372,C503276,cash withdrawal,2208.44,CAD
CA00021163,2025-03-19,BR017,TLR-4890,C503788,cash deposit,301.78,CAD
CA00019429,2025-03-24,BR008,TLR-9329,C502849,cash withdrawal,880.03,CAD
CA00025885,2025-03-31,BR040,TLR-4308,C501243,cash deposit,228.97,CAD
CA00025433,2025-03-20,BR038,TLR-2833,C501916,cash withdrawal,1328.83,CAD
CA00020149,2025-03-13,BR012,TLR-4547,C502073,cash withdrawal,732.99,CAD
CA00017799,2025-03-06,BR001,TLR-7051,C502358,cash deposit,863.24,CAD
CA00019572,2025-03-13,BR009,TLR-3184,C502388,cash withdrawal,415.1,CAD
CA00022293,2025-03-19,BR024,TLR-3377,C502242,cash deposit,1051.71,CAD
CA00021662,2025-03-07,BR020,TLR-9929,C501256,cash deposit,314.52,USD
CA00024468,2025-03-24,BR035,TLR-9481,C500057,cash withdrawal,269.84,CAD
CA00023394,2025-03-15,BR030,TLR-4428,C501454,cash withdrawal,1752.16,CAD
CA00021903,2025-03-14,BR021,TLR-8225,C500102,cash deposit,422.56,CAD
CA00024175,2025-03-04,BR033,TLR-2993,C500539,cash withdrawal,1989.42,CAD
CA00024934,2025-03-30,BR036,TLR-4282,C500291,cash deposit,1679.42,CAD
CA00024454,2025-03-10,BR035,TLR-1205,C500434,cash deposit,844.64,CAD
CA00017991,2025-03-31,BR001,TLR-7154,C503627,cash withdrawal,443.74,CAD
CA00018097,2025-03-24,BR002,TLR-9147,C501329,cash deposit,845.87,CAD
CA00018192,2025-03-24,BR002,TLR-6559,C500536,cash withdrawal,-328.13,CAD
CA00019225,2025-03-11,BR007,TLR-2279,C500276,cash deposit,263.09,CAD
CA00020900,2025-03-31,BR016,TLR-2968,C502642,cash deposit,1698.97,CAD
CA00020833,2025-03-25,BR016,TLR-6342,C502616,cash deposit,843.66,CAD
CA00023338,2025-03-02,BR029,TLR-3859,C501641,cash withdrawal,402.92,CAD
CA00024864,2025-03-08,BR036,TLR-3950,C502723,cash withdrawal,935.96,CAD
CA00018346,2025-03-12,BR003,TLR-9449,C503946,cash withdrawal,2708.08,CAD
CA00021862,2025-03-18,BR021,TLR-7666,C500270,cash deposit,757.16,CAD
CA00022165,2025-03-24,BR024,TLR-9936,C503432,cash deposit,500.88,CAD
CA00018433,2025-03-28,BR003,TLR-9718,C502790,cash deposit,1455.79,CAD
CA00022771,2025-03-26,BR026,TLR-1462,C503820,cash withdrawal,-1031.73,CAD
CA00022051,2025-03-21,BR023,TLR-6144,C500215,cash withdrawal,1822.91,CAD
CA00018161,2025-03-23,BR002,TLR-7404,C500711,cash deposit,1571.85,CAD
CA00020321,2025-03-16,BR014,TLR-8682,C500568,cash deposit,2313.24,CAD
CA00023391,2025-03-20,BR030,TLR-6260,C503116,cash deposit,883.94,CAD
CA00022635,2025-03-25,BR025,TLR-6237,C501502,cash withdrawal,-437.91,CAD
CA00023706,2025-03-23,BR031,TLR-4660,C502748,cash deposit,3048.64,CAD
CA00024418,2025-03-12,BR035,TLR-7452,C502350,cash withdrawal,2244.98,CAD
CA00023565,2025-03-18,BR030,TLR-8583,C502947,cash withdrawal,4096.34,CAD
CA00026250,2025-03-02,BR040,TLR-6308,C501389,cash withdrawal,1737.12,CAD
CA00017766,2025-03-16,BR001,TLR-7058,C500753,cash deposit,844.67,CAD
CA00021963,2025-03-31,BR022,TLR-2655,C500142,cash deposit,1401.25,CAD
CA00023096,2025-03-06,BR027,TLR-1155,C500189,cash withdrawal,9365.68,CAD
CA00026368,2025-03-25,BR040,TLR-1514,C501408,cash deposit,432.4,CAD
CA00026511,2025-03-13,BR040,TLR-7980,C501768,cash withdrawal,240.06,CAD
CA00020250,2025-03-01,BR013,TLR-1086,C501578,cash withdrawal,451.88,CAD
CA00023305,2025-03-28,BR029,TLR-8329,C503836,cash deposit,4589.33,CAD
CA00017965,2025-03-09,BR001,TLR-7259,C503048,cash deposit,320.9,CAD
CA00019781,2025-03-01,BR010,TLR-6402,C502330,cash withdrawal,454.7,CAD
CA00024047,2025-03-26,BR032,TLR-6547,C500218,cash withdrawal,241.26,CAD
CA00026001,2025-03-15,BR040,TLR-1876,C503425,cash withdrawal,207.18,CAD
CA00018621,2025-03-29,BR004,TLR-4276,C502048,cash withdrawal,1029.19,CAD
CA00020670,2025-03-17,BR015,TLR-5979,C501979,cash deposit,2513.36,CAD
CA00021475,2025-03-08,BR019,TLR-7694,C500267,cash withdrawal,350.7,CAD
CA00025723,2025-03-29,BR040,TLR-5366,C500218,cash deposit,667.28,CAD
CA00020637,2025-03-25,BR015,TLR-3668,C503557,cash withdrawal,1719.38,CAD
CA00019665,2025-03-16,BR009,TLR-3819,C502229,cash deposit,361.42,CAD
CA00022562,2025-03-20,BR025,TLR-5703,C502006,cash deposit,2470.99,CAD
CA00020548,2025-03-27,BR015,TLR-7329,C500406,cash withdrawal,1332.63,CAD
CA00022526,2025-03-17,BR025,TLR-9434,C502845,cash withdrawal,-761.65,CAD
CA00024225,2025-03-25,BR033,TLR-3049,C502571,cash deposit,769.94,CAD
CA00019670,2025-03-21,BR009,TLR-3146,C500246,cash withdrawal,927.98,CAD
CA00023033,2025-03-13,BR027,TLR-8577,C503642,cash deposit,672.25,CAD
CA00020663,2025-03-12,BR015,TLR-7995,C502431,cash withdrawal,4157.89,CAD
CA00018836,2025-03-27,BR006,TLR-8714,C503476,cash withdrawal,536.24,CAD
CA00018957,2025-03-13,BR006,TLR-1641,C503667,cash withdrawal,3767.09,CAD
CA00024898,2025-03-11,BR036,TLR-8216,C501987,cash deposit,1758.08,CAD
CA00021546,2025-03-16,BR019,TLR-9914,C502755,cash deposit,1286.06,CAD
CA00018199,2025-03-11,BR002,TLR-7318,C500695,cash withdrawal,-1923.48,CAD
CA00018038,2025-03-03,BR002,TLR-4256,C503815,cash deposit,2034.65,CAD
CA00020604,2025-03-27,BR015,TLR-3109,C503460,cash withdrawal,802.31,CAD
CA00018689,2025-03-26,BR004,TLR-2871,C502313,cash withdrawal,3820.24,CAD
CA00019897,2025-03-23,BR010,TLR-4109,C500420,cash deposit,2298.19,CAD
CA00026479,2025-03-15,BR040,TLR-4294,C500112,cash withdrawal,515.22,CAD
CA00021097,2025-03-31,BR017,TLR-3388,C502726,cash withdrawal,767.08,CAD
CA00023124,2025-03-10,BR028,TLR-8373,C502903,cash withdrawal,523.67,CAD
CA00019163,2025-03-09,BR007,TLR-9496,C500071,cash withdrawal,658.09,CAD
CA00018784,2025-03-13,BR005,TLR-4568,C503722,cash deposit,690.55,CAD
CA00022690,2025-03-25,BR026,TLR-9719,C503539,cash deposit,2546.35,CAD
CA00024212,2025-03-09,BR033,TLR-1652,C500265,cash withdrawal,355.41,CAD
CA00025731,2025-03-11,BR040,TLR-6023,C502747,cash withdrawal,493.6,CAD
CA00021307,2025-03-31,BR018,TLR-7051,C503001,cash withdrawal,876.5,CAD
CA00024865,2025-03-20,BR036,TLR-2171,C501088,cash deposit,426.56,CAD
CA00018616,2025-03-25,BR004,TLR-4607,C503013,cash deposit,1646.59,CAD
CA00026397,2025-03-19,BR040,TLR-4520,C501245,cash withdrawal,328.49,CAD
CA00020126,2025-03-24,BR012,TLR-3709,C503233,cash deposit,537.26,CAD
CA00024914,2025-03-26,BR036,TLR-1202,C502681,cash withdrawal,1714.6,CAD
CA00025904,2025-03-15,BR040,TLR-2148,C501165,cash deposit,616.12,CAD
CA00020897,2025-03-30,BR016,TLR-1432,C503676,cash withdrawal,400.36,CAD
CA00024598,2025-03-08,BR035,TLR-7200,C502467,cash deposit,1528.92,CAD
CA00018141,2025-03-16,BR002,TLR-7929,C503849,cash deposit,979.24,CAD
CA00022684,2025-03-09,BR026,TLR-4348,C502003,cash withdrawal,-1617.27,CAD
CA00022397,2025-03-23,BR024,TLR-2475,C501294,cash withdrawal,415.55,CAD
CA00024068,2025-03-21,BR033,TLR-2628,C501988,cash withdrawal,799.23,CAD
CA00018870,2025-03-30,BR006,TLR-6798,C501334,cash deposit,1525.85,CAD
CA00022143,2025-03-14,BR023,TLR-5297,C502147,cash withdrawal,1404.95,CAD
CA00026092,2025-03-14,BR040,TLR-6703,C500657,cash withdrawal,2536.84,CAD
CA00020539,2025-03-25,BR015,TLR-4211,C500356,cash deposit,849.47,CAD
CA00018879,2025-03-27,BR006,TLR-2364,C501349,cash deposit,2000.86,CAD
CA00023056,2025-03-01,BR027,TLR-2829,C501063,cash deposit,514.66,CAD
CA00021349,2025-03-27,BR019,TLR-4930,C502826,cash deposit,2092.02,CAD
CA00025706,2025-03-28,BR040,TLR-3440,C501092,cash withdrawal,531.62,CAD
CA00022342,2025-03-05,BR024,TLR-6332,C501052,cash withdrawal,1176.81,CAD
CA00018444,2025-03-02,BR003,TLR-7389,C503255,cash withdrawal,1239.36,CAD
CA00018867,2025-03-26,BR006,TLR-5273,C503647,cash withdrawal,1507.37,CAD
CA00020177,2025-03-27,BR012,TLR-3547,C500041,cash deposit,753.92,CAD
CA00026289,2025-03-19,BR040,TLR-6125,C501186,cash withdrawal,898.39,CAD
CA00024842,2025-03-24,BR036,TLR-4108,C502729,cash withdrawal,737.54,CAD
CA00026455,2025-03-27,BR040,TLR-3771,C501784,cash withdrawal,310.51,CAD
CA00019966,2025-03-28,BR012,TLR-7437,C501938,cash deposit,3489.1,CAD
CA00020202,2025-03-14,BR013,TLR-7703,C503355,cash withdrawal,1959.04,CAD
CA00021600,2025-03-05,BR020,TLR-3849,C500620,cash withdrawal,316.38,USD
CA00026146,2025-03-06,BR040,TLR-8197,C500162,cash withdrawal,563.3,CAD
CA00020416,2025-03-18,BR014,TLR-5245,C503819,cash withdrawal,807.73,CAD
CA00018257,2025-03-19,BR003,TLR-5000,C501970,cash withdrawal,1929.19,CAD
CA00022269,2025-03-20,BR024,TLR-8196,C502621,cash withdrawal,2120.53,CAD
CA00023549,2025-03-20,BR030,TLR-2883,C502585,cash deposit,2347.83,CAD
CA00021340,2025-03-19,BR019,TLR-2886,C501283,cash withdrawal,1894.6,CAD
CA00025249,2025-03-05,BR038,TLR-6745,C502030,cash withdrawal,960.68,CAD
CA00020341,2025-03-03,BR014,TLR-3756,C503100,cash withdrawal,143.73,CAD
CA00025660,2025-03-16,BR039,TLR-9953,C503360,cash withdrawal,729.36,CAD
CA00025089,2025-03-30,BR037,TLR-7980,C503963,cash deposit,729.03,CAD
CA00019666,2025-03-01,BR009,TLR-3134,C503427,cash withdrawal,1644.01,CAD
CA00018195,2025-03-30,BR002,TLR-2919,C503275,cash withdrawal,-1143.31,CAD
CA00018197,2025-03-20,BR002,TLR-1006,C502372,cash deposit,857.16,CAD
CA00023269,2025-03-03,BR029,TLR-6743,C501220,cash withdrawal,2427.73,CAD
CA00021530,2025-03-11,BR019,TLR-1146,C502160,cash withdrawal,820.12,CAD
CA00020217,2025-03-18,BR013,TLR-9981,C503916,cash deposit,178.68,CAD
CA00024924,2025-03-21,BR036,TLR-6614,C503919,cash withdrawal,850.57,CAD
CA00018725,2025-03-14,BR005,TLR-7512,C500307,cash deposit,1041.14,CAD
CA00023483,2025-03-01,BR030,TLR-1148,C500688,cash withdrawal,3126.12,CAD
CA00018776,2025-03-03,BR005,TLR-6036,C503709,cash withdrawal,1340.69,CAD
CA00020102,2025-03-15,BR012,TLR-7392,C502861,cash deposit,1351.12,CAD
CA00025312,2025-03-15,BR038,TLR-4713,C501825,cash withdrawal,656.78,CAD
CA00018564,2025-03-30,BR004,TLR-2637,C500721,cash withdrawal,691.31,CAD
CA00022022,2025-03-31,BR022,TLR-2299,C503296,cash deposit,1130.22,CAD
CA00024483,2025-03-14,BR035,TLR-3110,C501084,cash deposit,2293.75,CAD
CA00019447,2025-03-27,BR008,TLR-5504,C503906,cash withdrawal,876.49,CAD
CA00017904,2025-03-12,BR001,TLR-1449,C502312,cash withdrawal,739.32,CAD
CA00018235,2025-03-27,BR002,TLR-8753,C503358,cash withdrawal,-384.84,CAD
CA00020420,2025-03-12,BR014,TLR-7693,C503431,cash deposit,962.0,CAD
CA00026447,2025-03-21,BR040,TLR-7383,C502423,cash withdrawal,1297.06,CAD
CA00020032,2025-03-27,BR012,TLR-9268,C500545,cash withdrawal,880.76,CAD
CA00018373,2025-03-08,BR003,TLR-5164,C501080,cash withdrawal,508.79,CAD
CA00022042,2025-03-10,BR023,TLR-6161,C500242,cash deposit,1565.66,CAD
CA00022475,2025-03-07,BR025,TLR-7433,C500699,cash withdrawal,-403.71,CAD
CA00019296,2025-03-19,BR008,TLR-8657,C501783,cash deposit,776.33,CAD
CA00024166,2025-03-21,BR033,TLR-1281,C501271,cash withdrawal,2595.46,CAD
CA00026436,2025-03-27,BR040,TLR-2751,C502588,cash withdrawal,705.67,CAD
CA00019372,2025-03-06,BR008,TLR-5479,C502409,cash deposit,492.42,CAD
CA00017835,2025-03-30,BR001,TLR-8101,C500344,cash deposit,2192.78,CAD
CA00020930,2025-03-18,BR016,TLR-5643,C500715,cash deposit,1258.89,CAD
CA00023329,2025-03-03,BR029,TLR-7260,C500551,cash withdrawal,854.6,CAD
CA00020625,2025-03-08,BR015,TLR-1980,C503203,cash deposit,357.44,CAD
CA00021684,2025-03-25,BR020,TLR-9662,C502710,cash withdrawal,420.78,USD
CA00025755,2025-03-04,BR040,TLR-2602,C503986,cash withdrawal,1103.52,CAD
CA00020952,2025-03-05,BR016,TLR-4478,C500187,cash withdrawal,288.01,CAD
CA00018008,2025-03-27,BR001,TLR-2331,C500361,cash deposit,489.17,CAD
CA00018175,2025-03-15,BR002,TLR-5760,C501074,cash withdrawal,-631.67,CAD
CA00024562,2025-03-15,BR035,TLR-5787,C502990,cash withdrawal,339.03,CAD
CA00020182,2025-03-27,BR013,TLR-6921,C503258,cash withdrawal,273.59,CAD
CA00026203,2025-03-09,BR040,TLR-9086,C501067,cash deposit,779.48,CAD
CA00018937,2025-03-14,BR006,TLR-4532,C502256,cash withdrawal,652.43,CAD
CA00023737,2025-03-27,BR031,TLR-6179,C503194,cash deposit,1348.22,CAD
CA00018561,2025-03-31,BR004,TLR-5865,C502375,cash deposit,10453.05,CAD
CA00018677,2025-03-31,BR004,TLR-6262,C500618,cash withdrawal,3526.2,CAD
CA00022628,2025-03-10,BR025,TLR-6536,C503480,cash deposit,2274.4,CAD
CA00025456,2025-03-28,BR038,TLR-4801,C501474,cash withdrawal,444.36,CAD
CA00020108,2025-03-01,BR012,TLR-1253,C500265,cash deposit,3506.4,CAD
CA00024993,2025-03-31,BR037,TLR-6512,C500041,cash withdrawal,1005.35,CAD
CA00024911,2025-03-11,BR036,TLR-4937,C500686,cash deposit,1541.7,CAD
CA00024714,2025-03-07,BR036,TLR-9402,C501978,cash deposit,410.29,CAD
CA00023806,2025-03-02,BR031,TLR-5947,C503909,cash withdrawal,272.07,CAD
CA00024698,2025-03-17,BR036,TLR-8743,C503945,cash deposit,797.64,CAD
CA00025934,2025-03-22,BR040,TLR-7672,C502000,cash withdrawal,1204.33,CAD
CA00025637,2025-03-15,BR039,TLR-9189,C501379,cash deposit,1907.82,CAD
CA00022352,2025-03-28,BR024,TLR-2304,C500589,cash deposit,280.58,CAD
CA00024122,2025-03-07,BR033,TLR-7244,C500564,cash deposit,657.22,CAD
CA00022331,2025-03-29,BR024,TLR-2586,C501000,cash withdrawal,460.42,CAD
CA00025649,2025-03-09,BR039,TLR-1450,C501427,cash withdrawal,1750.48,CAD
CA00022759,2025-03-17,BR026,TLR-5458,C501875,cash withdrawal,-386.8,CAD
CA00021394,2025-03-09,BR019,TLR-2182,C501099,cash deposit,2111.1,CAD
CA00019812,2025-03-21,BR010,TLR-2217,C503552,cash withdrawal,1878.43,CAD
CA00023317,2025-03-20,BR029,TLR-5419,C503671,cash withdrawal,1314.7,CAD
CA00025959,2025-03-20,BR040,TLR-4676,C503273,cash withdrawal,868.74,CAD
CA00018830,2025-03-15,BR006,TLR-6976,C502691,cash withdrawal,741.64,CAD
CA00026372,2025-03-12,BR040,TLR-4042,C503409,cash withdrawal,1716.21,CAD
CA00023950,2025-03-01,BR032,TLR-6838,C502150,cash deposit,1461.07,CAD
CA00021795,2025-03-28,BR021,TLR-5360,C501825,cash deposit,1449.05,CAD
CA00026054,2025-03-22,BR040,TLR-9649,C503812,cash deposit,614.08,CAD
CA00019958,2025-03-10,BR012,TLR-4664,C503440,cash deposit,311.92,CAD
CA00018155,2025-03-27,BR002,TLR-1372,C502918,cash deposit,3371.08,CAD
CA00023464,2025-03-05,BR030,TLR-7813,C503357,cash withdrawal,1483.8,CAD
CA00025305,2025-03-30,BR038,TLR-9265,C501619,cash deposit,641.77,CAD
CA00024948,2025-03-16,BR036,TLR-3730,C500864,cash deposit,1025.65,CAD
CA00019592,2025-03-03,BR009,TLR-2075,C501009,cash withdrawal,790.24,CAD
CA00025211,2025-03-28,BR037,TLR-4168,C500675,cash deposit,725.3,CAD
CA00023040,2025-03-23,BR027,TLR-1508,C500337,cash withdrawal,1066.92,CAD
CA00021249,2025-03-19,BR018,TLR-5813,C500699,cash deposit,1548.69,CAD
CA00021414,2025-03-01,BR019,TLR-7868,C501682,cash withdrawal,774.53,CAD
CA00020742,2025-03-14,BR015,TLR-8612,C500758,cash deposit,2261.7,CAD
CA00017941,2025-03-17,BR001,TLR-3469,C502760,cash withdrawal,258.84,CAD
CA00025021,2025-03-31,BR037,TLR-1315,C501531,cash withdrawal,680.29,CAD
CA00022146,2025-03-02,BR023,TLR-8060,C500841,cash withdrawal,1586.42,CAD
CA00017751,2025-03-30,BR001,TLR-5244,C501360,cash deposit,2690.06,CAD
CA00026478,2025-03-02,BR040,TLR-7954,C500710,cash withdrawal,718.03,CAD
CA00020464,2025-03-11,BR014,TLR-4112,C502365,cash withdrawal,786.53,CAD
CA00025499,2025-03-09,BR039,TLR-6044,C503501,cash deposit,539.41,CAD
CA00019613,2025-03-20,BR009,TLR-5462,C502269,cash withdrawal,725.8,CAD
CA00018783,2025-03-15,BR005,TLR-7174,C500163,cash withdrawal,2569.44,CAD
CA00021057,2025-03-12,BR017,TLR-3526,C500979,cash deposit,847.4,CAD
CA00021689,2025-03-20,BR020,TLR-7218,C501894,cash deposit,2867.09,USD
CA00020707,2025-03-28,BR015,TLR-3705,C500865,cash withdrawal,705.06,CAD
CA00017996,2025-03-04,BR001,TLR-4305,C500138,cash withdrawal,644.29,CAD
CA00017923,2025-03-09,BR001,TLR-6550,C500577,cash deposit,1475.86,CAD
CA00018814,2025-03-05,BR006,TLR-5068,C503034,cash deposit,1239.93,CAD
CA00020534,2025-03-26,BR015,TLR-9837,C502017,cash withdrawal,459.35,CAD
CA00018280,2025-03-03,BR003,TLR-3637,C503793,cash withdrawal,2146.1,CAD
CA00025317,2025-03-26,BR038,TLR-6948,C501251,cash deposit,438.79,CAD
CA00026507,2025-03-21,BR040,TLR-6059,C501173,cash withdrawal,1095.21,CAD
CA00024189,2025-03-03,BR033,TLR-6864,C502403,cash deposit,1095.39,CAD
CA00023956,2025-03-16,BR032,TLR-1461,C501155,cash withdrawal,932.38,CAD
CA00024023,2025-03-13,BR032,TLR-1170,C501529,cash withdrawal,2237.85,CAD
CA00022423,2025-03-19,BR024,TLR-8384,C501778,cash deposit,962.42,CAD
CA00020837,2025-03-21,BR016,TLR-6170,C500703,cash withdrawal,1134.66,CAD
CA00018889,2025-03-02,BR006,TLR-8165,C500031,cash withdrawal,336.37,CAD
CA00023847,2025-03-30,BR031,TLR-7895,C503484,cash withdrawal,588.81,CAD
CA00021647,2025-03-18,BR020,TLR-2955,C503102,cash deposit,1281.91,USD
CA00025554,2025-03-27,BR039,TLR-9199,C501272,cash deposit,1443.56,CAD
CA00018966,2025-03-19,BR006,TLR-7770,C501019,cash deposit,1153.68,CAD
CA00020886,2025-03-16,BR016,TLR-2705,C503589,cash withdrawal,515.16,CAD
CA00018789,2025-03-02,BR005,TLR-2071,C502188,cash withdrawal,591.77,CAD
CA00022211,2025-03-05,BR024,TLR-3537,C501947,cash withdrawal,648.79,CAD
CA00024705,2025-03-21,BR036,TLR-1846,C503262,cash deposit,2445.83,CAD
CA00020302,2025-03-04,BR014,TLR-1534,C502346,cash withdrawal,839.68,CAD
CA00017727,2025-03-09,BR001,TLR-4566,C503644,cash deposit,237.75,CAD
CA00025244,2025-03-06,BR037,TLR-2447,C500573,cash deposit,545.5,CAD
CA00018222,2025-03-17,BR002,TLR-8798,C501971,cash deposit,1681.81,CAD
CA00025482,2025-03-04,BR039,TLR-5645,C501570,cash deposit,1052.91,CAD
CA00020348,2025-03-28,BR014,TLR-2279,C500141,cash withdrawal,1443.68,CAD
CA00019380,2025-03-17,BR008,TLR-6031,C501120,cash deposit,899.51,CAD
CA00026078,2025-03-18,BR040,TLR-3397,C503977,cash deposit,1805.07,CAD
CA00021770,2025-03-31,BR020,TLR-2244,C500108,cash deposit,606.52,USD
CA00019880,2025-03-16,BR010,TLR-2493,C502766,cash withdrawal,4823.07,CAD
CA00023403,2025-03-22,BR030,TLR-3093,C502718,cash deposit,1128.64,CAD
CA00022920,2025-03-19,BR027,TLR-1701,C501339,cash withdrawal,357.69,CAD
CA00026342,2025-03-21,BR040,TLR-6874,C501210,cash deposit,514.95,CAD
CA00026266,2025-03-20,BR040,TLR-1994,C500084,cash withdrawal,337.09,CAD
CA00018739,2025-03-09,BR005,TLR-8279,C502153,cash withdrawal,757.84,CAD
CA00025318,2025-03-15,BR038,TLR-9514,C501680,cash withdrawal,1148.08,CAD
CA00019749,2025-03-09,BR010,TLR-4772,C503172,cash withdrawal,664.18,CAD
CA00026093,2025-03-07,BR040,TLR-3904,C500511,cash deposit,1012.45,CAD
CA00023274,2025-03-15,BR029,TLR-6300,C503238,cash withdrawal,2338.37,CAD
CA00020243,2025-03-31,BR013,TLR-2201,C500381,cash withdrawal,541.51,CAD
CA00019957,2025-03-24,BR012,TLR-9147,C501375,cash withdrawal,1418.57,CAD
CA00023042,2025-03-23,BR027,TLR-8088,C502871,cash deposit,341.72,CAD
CA00023326,2025-03-27,BR029,TLR-7450,C500128,cash deposit,2064.23,CAD
CA00020489,2025-03-11,BR014,TLR-2698,C503190,cash deposit,633.25,CAD
CA00025403,2025-03-02,BR038,TLR-7436,C503178,cash withdrawal,457.16,CAD
CA00025430,2025-03-10,BR038,TLR-4311,C500295,cash deposit,1304.4,CAD
CA00019960,2025-03-02,BR012,TLR-9006,C500219,cash withdrawal,155.0,CAD
CA00021453,2025-03-24,BR019,TLR-8541,C500213,cash deposit,1719.23,CAD
CA00025635,2025-03-09,BR039,TLR-2252,C502101,cash withdrawal,2871.23,CAD
CA00021898,2025-03-19,BR021,TLR-7829,C501046,cash withdrawal,2900.89,CAD
CA00022422,2025-03-14,BR024,TLR-5739,C503762,cash withdrawal,646.94,CAD
CA00026302,2025-03-18,BR040,TLR-2362,C500015,cash withdrawal,1837.31,CAD
CA00017962,2025-03-30,BR001,TLR-2291,C503883,cash withdrawal,794.31,CAD
CA00019339,2025-03-11,BR008,TLR-7571,C503918,cash deposit,1184.65,CAD
CA00021231,2025-03-16,BR018,TLR-4124,C501226,cash withdrawal,650.31,CAD
CA00026292,2025-03-31,BR040,TLR-9763,C501446,cash withdrawal,5910.03,CAD
CA00023842,2025-03-16,BR031,TLR-9075,C502414,cash deposit,6787.18,CAD
CA00018465,2025-03-28,BR004,TLR-3414,C503590,cash withdrawal,444.33,CAD
CA00019590,2025-03-19,BR009,TLR-6207,C501561,cash deposit,3557.41,CAD
CA00025385,2025-03-12,BR038,TLR-6541,C500040,cash withdrawal,714.63,CAD
CA00018678,2025-03-23,BR004,TLR-1930,C503061,cash deposit,900.34,CAD
CA00020542,2025-03-10,BR015,TLR-4368,C500684,cash withdrawal,1369.76,CAD
CA00023548,2025-03-02,BR030,TLR-2286,C502382,cash withdrawal,1218.77,CAD
CA00022636,2025-03-31,BR025,TLR-5363,C501029,cash deposit,336.75,CAD
CA00022769,2025-03-28,BR026,TLR-9260,C501045,cash withdrawal,-868.88,CAD
CA00026168,2025-03-30,BR040,TLR-6900,C502721,cash withdrawal,9036.7,CAD
CA00021418,2025-03-02,BR019,TLR-1770,C503449,cash withdrawal,304.61,CAD
CA00023123,2025-03-11,BR028,TLR-5414,C501585,cash deposit,328.85,CAD
CA00022264,2025-03-05,BR024,TLR-7613,C503552,cash deposit,359.88,CAD
CA00021162,2025-03-20,BR017,TLR-1830,C501833,cash withdrawal,1266.89,CAD
CA00020673,2025-03-26,BR015,TLR-3534,C501604,cash withdrawal,1043.69,CAD
CA00023971,2025-03-16,BR032,TLR-1204,C501843,cash withdrawal,522.47,CAD
CA00019270,2025-03-05,BR007,TLR-1260,C502548,cash withdrawal,304.18,CAD
CA00025757,2025-03-25,BR040,TLR-6176,C501415,cash deposit,710.18,CAD
CA00019038,2025-03-08,BR006,TLR-5957,C502997,cash withdrawal,1351.94,CAD
CA00019933,2025-03-15,BR011,TLR-8643,C502977,cash deposit,1378.64,CAD
CA00025109,2025-03-22,BR037,TLR-1736,C501109,cash withdrawal,2701.37,CAD
CA00022478,2025-03-27,BR025,TLR-3393,C503509,cash deposit,1422.42,CAD
CA00022300,2025-03-18,BR024,TLR-2840,C501253,cash withdrawal,461.6,CAD
CA00018203,2025-03-28,BR002,TLR-8590,C500338,cash withdrawal,-762.85,CAD
CA00018627,2025-03-31,BR004,TLR-2159,C500114,cash deposit,1739.81,CAD
CA00020354,2025-03-15,BR014,TLR-8018,C502314,cash deposit,336.7,CAD
CA00019115,2025-03-02,BR007,TLR-9198,C502485,cash deposit,1228.77,CAD
CA00023693,2025-03-07,BR031,TLR-2721,C502379,cash withdrawal,967.82,CAD
CA00023687,2025-03-23,BR031,TLR-1572,C503418,cash withdrawal,579.92,CAD
CA00019761,2025-03-08,BR010,TLR-8582,C501659,cash withdrawal,1862.72,CAD
CA00024628,2025-03-13,BR035,TLR-6650,C501823,cash deposit,2794.14,CAD
CA00021930,2025-03-16,BR021,TLR-9838,C502026,cash withdrawal,688.12,CAD
CA00023550,2025-03-13,BR030,TLR-3286,C503699,cash withdrawal,1708.41,CAD
CA00019566,2025-03-11,BR009,TLR-8543,C502636,cash withdrawal,151.76,CAD
CA00018821,2025-03-16,BR006,TLR-2714,C503295,cash deposit,2248.26,CAD
CA00023630,2025-03-25,BR030,TLR-8074,C500439,cash withdrawal,467.71,CAD
CA00025698,2025-03-22,BR040,TLR-8896,C500497,cash deposit,1839.69,CAD
CA00024032,2025-03-01,BR032,TLR-3137,C501462,cash withdrawal,368.72,CAD
CA00022458,2025-03-05,BR025,TLR-7046,C501449,cash deposit,1095.26,CAD
CA00023853,2025-03-03,BR031,TLR-5005,C500792,cash withdrawal,1718.94,CAD
CA00018198,2025-03-27,BR002,TLR-8124,C503993,cash deposit,1114.77,CAD
CA00021346,2025-03-19,BR019,TLR-9471,C503992,cash withdrawal,828.36,CAD
CA00024640,2025-03-30,BR035,TLR-2051,C503228,cash deposit,656.77,CAD
CA00018127,2025-03-23,BR002,TLR-2938,C501517,cash deposit,405.87,CAD
CA00017982,2025-03-21,BR001,TLR-6632,C501345,cash withdrawal,1745.69,CAD
CA00022882,2025-03-14,BR026,TLR-8405,C503283,cash deposit,2292.27,CAD
CA00024955,2025-03-20,BR036,TLR-8486,C501274,cash deposit,256.3,CAD
CA00024804,2025-03-16,BR036,TLR-2399,C500473,cash withdrawal,1020.89,CAD
CA00023896,2025-03-15,BR031,TLR-2416,C501485,cash withdrawal,742.29,CAD
CA00021860,2025-03-14,BR021,TLR-4727,C502653,cash withdrawal,2230.2,CAD
CA00018730,2025-03-26,BR005,TLR-6943,C500555,cash deposit,3711.08,CAD
CA00019603,2025-03-14,BR009,TLR-8965,C501694,cash deposit,977.82,CAD
CA00020780,2025-03-02,BR016,TLR-8561,C503930,cash withdrawal,648.67,CAD
CA00022915,2025-03-08,BR027,TLR-9811,C502252,cash withdrawal,513.57,CAD
CA00022151,2025-03-14,BR023,TLR-9447,C500210,cash deposit,2560.48,CAD
CA00019076,2025-03-21,BR007,TLR-6569,C503648,cash withdrawal,3035.57,CAD
CA00019284,2025-03-15,BR008,TLR-6711,C501070,cash deposit,1392.83,CAD
CA00022599,2025-03-12,BR025,TLR-8383,C500647,cash deposit,3420.46,CAD
CA00025090,2025-03-18,BR037,TLR-5738,C500666,cash withdrawal,1095.09,CAD
CA00020701,2025-03-17,BR015,TLR-3223,C500334,cash withdrawal,1427.38,CAD
CA00021092,2025-03-23,BR017,TLR-3002,C502876,cash deposit,447.82,CAD
CA00025708,2025-03-28,BR040,TLR-9636,C503490,cash deposit,1572.56,CAD
CA00023783,2025-03-02,BR031,TLR-4877,C500452,cash withdrawal,2040.45,CAD
CA00023247,2025-03-29,BR029,TLR-2045,C500588,cash deposit,229.41,CAD
CA00021555,2025-03-23,BR019,TLR-3914,C503574,cash deposit,648.72,CAD
CA00023246,2025-03-29,BR029,TLR-9161,C501361,cash withdrawal,2924.92,CAD
CA00021286,2025-03-18,BR018,TLR-2510,C500221,cash deposit,1024.32,CAD
CA00019266,2025-03-23,BR007,TLR-5571,C503068,cash withdrawal,375.58,CAD
CA00023768,2025-03-30,BR031,TLR-3775,C501361,cash withdrawal,895.39,CAD
CA00021040,2025-03-06,BR017,TLR-7229,C502802,cash deposit,2676.63,CAD
CA00026426,2025-03-22,BR040,TLR-7439,C503620,cash deposit,1478.35,CAD
CA00024487,2025-03-14,BR035,TLR-1058,C502871,cash withdrawal,1070.88,CAD
CA00018864,2025-03-12,BR006,TLR-3947,C502761,cash deposit,747.3,CAD
CA00021720,2025-03-30,BR020,TLR-6732,C502433,cash withdrawal,233.17,USD
CA00026290,2025-03-21,BR040,TLR-9992,C503780,cash deposit,672.57,CAD
CA00020951,2025-03-12,BR016,TLR-8991,C501363,cash deposit,1144.41,CAD
CA00021041,2025-03-27,BR017,TLR-9118,C503732,cash deposit,962.04,CAD
CA00021967,2025-03-11,BR022,TLR-5554,C501810,cash deposit,498.74,CAD
CA00024677,2025-03-16,BR036,TLR-7297,C503599,cash withdrawal,1064.39,CAD
CA00021056,2025-03-10,BR017,TLR-6169,C502453,cash deposit,1210.77,CAD
CA00025915,2025-03-06,BR040,TLR-9724,C500618,cash withdrawal,1252.14,CAD
CA00023052,2025-03-21,BR027,TLR-6407,C503783,cash withdrawal,878.47,CAD
CA00026019,2025-03-25,BR040,TLR-9038,C503154,cash withdrawal,810.61,CAD
CA00019257,2025-03-18,BR007,TLR-2359,C503332,cash withdrawal,1798.17,CAD
CA00024615,2025-03-22,BR035,TLR-3146,C500384,cash deposit,3667.22,CAD
CA00022888,2025-03-25,BR026,TLR-8106,C503256,cash withdrawal,-1039.26,CAD
CA00025432,2025-03-04,BR038,TLR-3538,C503300,cash deposit,334.34,CAD
CA00021654,2025-03-04,BR020,TLR-3014,C500493,cash deposit,630.38,USD
CA00017732,2025-03-23,BR001,TLR-5000,C503548,cash deposit,1224.64,CAD
CA00020803,2025-03-25,BR016,TLR-8827,C501213,cash withdrawal,382.43,CAD
CA00025458,2025-03-15,BR038,TLR-2175,C503042,cash deposit,678.57,CAD
CA00025491,2025-03-27,BR039,TLR-3063,C502381,cash deposit,1488.36,CAD
CA00024941,2025-03-13,BR036,TLR-1740,C501430,cash withdrawal,4993.16,CAD
CA00020723,2025-03-15,BR015,TLR-2289,C502422,cash withdrawal,1454.22,CAD
CA00018791,2025-03-12,BR005,TLR-3452,C501230,cash deposit,1261.92,CAD
CA00022327,2025-03-11,BR024,TLR-1464,C503103,cash deposit,1841.07,CAD
CA00019953,2025-03-16,BR012,TLR-6814,C503327,cash withdrawal,368.79,CAD
CA00019114,2025-03-24,BR007,TLR-1277,C503954,cash withdrawal,949.29,CAD
CA00018401,2025-03-06,BR003,TLR-3802,C500843,cash withdrawal,1833.27,CAD
CA00026308,2025-03-24,BR040,TLR-7332,C501648,cash withdrawal,3629.09,CAD
CA00017896,2025-03-01,BR001,TLR-2806,C501821,cash deposit,424.46,CAD
CA00019405,2025-03-06,BR008,TLR-3665,C502338,cash deposit,405.63,CAD
CA00021404,2025-03-28,BR019,TLR-3783,C501204,cash withdrawal,1868.8,CAD
CA00024995,2025-03-12,BR037,TLR-6874,C501065,cash deposit,1008.95,CAD
CA00020216,2025-03-20,BR013,TLR-8074,C502221,cash deposit,520.32,CAD
CA00019496,2025-03-15,BR008,TLR-7120,C502961,cash deposit,975.76,CAD
CA00021623,2025-03-18,BR020,TLR-6970,C502730,cash deposit,659.31,USD
CA00018205,2025-03-12,BR002,TLR-6481,C503980,cash withdrawal,-1222.67,CAD
CA00021226,2025-03-05,BR018,TLR-8405,C502267,cash withdrawal,1065.61,CAD
CA00018104,2025-03-13,BR002,TLR-4579,C503667,cash withdrawal,-759.18,CAD
CA00024127,2025-03-27,BR033,TLR-8919,C500680,cash withdrawal,1729.42,CAD
CA00023790,2025-03-30,BR031,TLR-9544,C502983,cash deposit,235.14,CAD
CA00024822,2025-03-02,BR036,TLR-8345,C500210,cash withdrawal,1884.89,CAD
CA00025074,2025-03-20,BR037,TLR-3882,C501992,cash deposit,918.74,CAD
CA00026142,2025-03-02,BR040,TLR-8227,C501638,cash deposit,1591.88,CAD
CA00026533,2025-03-24,BR040,TLR-5510,C503919,cash deposit,837.64,CAD
CA00023614,2025-03-03,BR030,TLR-8644,C503502,cash withdrawal,334.39,CAD
CA00026280,2025-03-07,BR040,TLR-9745,C501742,cash withdrawal,557.55,CAD
CA00022815,2025-03-12,BR026,TLR-9406,C502022,cash withdrawal,-851.23,CAD
CA00017944,2025-03-08,BR001,TLR-3961,C503943,cash withdrawal,227.31,CAD
CA00026438,2025-03-01,BR040,TLR-7298,C503518,cash deposit,526.39,CAD
CA00021847,2025-03-16,BR021,TLR-4713,C500153,cash deposit,2459.67,CAD
CA00020135,2025-03-09,BR012,TLR-4576,C503110,cash withdrawal,879.24,CAD
CA00018201,2025-03-07,BR002,TLR-3145,C502230,cash deposit,1128.68,CAD
CA00024666,2025-03-31,BR036,TLR-8081,C500319,cash deposit,851.66,CAD
CA00025863,2025-03-09,BR040,TLR-3130,C500508,cash deposit,977.12,CAD
CA00018810,2025-03-23,BR006,TLR-3151,C503722,cash withdrawal,1778.59,CAD
CA00018351,2025-03-27,BR003,TLR-4754,C500831,cash withdrawal,421.72,CAD
CA00019269,2025-03-28,BR007,TLR-9517,C503903,cash deposit,2055.27,CAD
CA00022990,2025-03-19,BR027,TLR-6910,C501491,cash withdrawal,1226.73,CAD
CA00022575,2025-03-25,BR025,TLR-9673,C503337,cash deposit,1629.2,CAD
CA00023142,2025-03-07,BR028,TLR-3928,C500664,cash withdrawal,1003.53,CAD
CA00018241,2025-03-20,BR003,TLR-5774,C501697,cash withdrawal,2114.72,CAD
CA00019477,2025-03-09,BR008,TLR-8440,C501139,cash withdrawal,668.25,CAD
CA00017874,2025-03-15,BR001,TLR-2352,C503255,cash withdrawal,1196.24,CAD
CA00024065,2025-03-26,BR032,TLR-5622,C503388,cash withdrawal,983.16,CAD
CA00020671,2025-03-11,BR015,TLR-7118,C502981,cash withdrawal,663.17,CAD
CA00019214,2025-03-14,BR007,TLR-2202,C503290,cash withdrawal,5296.12,CAD
CA00020589,2025-03-23,BR015,TLR-6147,C500684,cash deposit,544.85,CAD
CA00018802,2025-03-18,BR006,TLR-3042,C502986,cash deposit,771.01,CAD
CA00018602,2025-03-20,BR004,TLR-4498,C502882,cash deposit,936.1,CAD
CA00019568,2025-03-31,BR009,TLR-7705,C501373,cash deposit,242.01,CAD
CA00018336,2025-03-27,BR003,TLR-7148,C500799,cash withdrawal,2282.36,CAD
CA00020134,2025-03-04,BR012,TLR-6423,C502812,cash deposit,1166.07,CAD
CA00023713,2025-03-10,BR031,TLR-6878,C501663,cash deposit,1018.83,CAD
CA00022307,2025-03-25,BR024,TLR-2662,C500877,cash deposit,560.85,CAD
CA00023786,2025-03-25,BR031,TLR-7667,C503796,cash withdrawal,1426.7,CAD
CA00024670,2025-03-28,BR036,TLR-5015,C500240,cash deposit,856.7,CAD
CA00025644,2025-03-16,BR039,TLR-7779,C500099,cash deposit,2676.98,CAD
CA00022389,2025-03-05,BR024,TLR-1435,C502501,cash withdrawal,418.64,CAD
CA00025595,2025-03-09,BR039,TLR-6658,C500638,cash withdrawal,2532.22,CAD
CA00023760,2025-03-10,BR031,TLR-1373,C502197,cash withdrawal,1498.41,CAD
CA00022056,2025-03-10,BR023,TLR-9546,C502664,cash withdrawal,566.21,CAD
CA00023819,2025-03-02,BR031,TLR-5818,C501312,cash deposit,426.21,CAD
CA00021775,2025-03-12,BR021,TLR-4869,C501131,cash deposit,942.16,CAD
CA00021101,2025-03-10,BR017,TLR-2631,C502534,cash deposit,1201.25,CAD
CA00018844,2025-03-23,BR006,TLR-1467,C502637,cash deposit,710.01,CAD
CA00019463,2025-03-03,BR008,TLR-2338,C501657,cash withdrawal,669.99,CAD
CA00020592,2025-03-29,BR015,TLR-7820,C502397,cash deposit,733.39,CAD
CA00025281,2025-03-01,BR038,TLR-2004,C501201,cash withdrawal,668.12,CAD
CA00021168,2025-03-17,BR017,TLR-5512,C500793,cash deposit,917.97,CAD
CA00020472,2025-03-08,BR014,TLR-3731,C501044,cash withdrawal,452.74,CAD
CA00021137,2025-03-13,BR017,TLR-5067,C502610,cash withdrawal,469.06,CAD
CA00018431,2025-03-22,BR003,TLR-5530,C502653,cash withdrawal,1717.97,CAD
CA00018585,2025-03-02,BR004,TLR-5576,C503950,cash withdrawal,1217.87,CAD
CA00019485,2025-03-04,BR008,TLR-6790,C503230,cash withdrawal,937.94,CAD
CA00024882,2025-03-20,BR036,TLR-8961,C500308,cash withdrawal,1238.61,CAD
CA00021782,2025-03-17,BR021,TLR-6671,C500068,cash deposit,166.84,CAD
CA00022158,2025-03-01,BR024,TLR-6641,C503396,cash withdrawal,1859.58,CAD
CA00018147,2025-03-13,BR002,TLR-5739,C502901,cash deposit,370.35,CAD
CA00021602,2025-03-07,BR020,TLR-3662,C500681,cash withdrawal,622.0,USD
CA00025891,2025-03-20,BR040,TLR-7839,C500022,cash deposit,1265.35,CAD
CA00022968,2025-03-16,BR027,TLR-5756,C503176,cash withdrawal,1399.81,CAD
CA00021371,2025-03-25,BR019,TLR-1735,C503267,cash deposit,1226.67,CAD
CA00019620,2025-03-03,BR009,TLR-9171,C501009,cash withdrawal,1922.99,CAD
CA00025069,2025-03-15,BR037,TLR-9130,C502226,cash deposit,914.46,CAD
CA00020003,2025-03-17,BR012,TLR-5607,C503355,cash withdrawal,1192.97,CAD
CA00025488,2025-03-13,BR039,TLR-6524,C500875,cash withdrawal,409.56,CAD
CA00019354,2025-03-04,BR008,TLR-8314,C503091,cash deposit,2212.09,CAD
CA00021584,2025-03-05,BR020,TLR-6525,C502434,cash withdrawal,955.69,USD
CA00022854,2025-03-07,BR026,TLR-1861,C502272,cash withdrawal,-545.96,CAD
CA00024096,2025-03-24,BR033,TLR-1384,C501650,cash deposit,336.04,CAD
CA00019497,2025-03-23,BR008,TLR-7335,C500975,cash deposit,461.59,CAD
CA00026221,2025-03-28,BR040,TLR-3836,C501153,cash withdrawal,1087.63,CAD
CA00025422,2025-03-02,BR038,TLR-9686,C501113,cash withdrawal,429.39,CAD
CA00025200,2025-03-20,BR037,TLR-9100,C502736,cash deposit,1403.69,CAD
CA00025434,2025-03-07,BR038,TLR-8781,C503777,cash deposit,950.84,CAD
CA00020453,2025-03-06,BR014,TLR-3332,C502547,cash deposit,408.32,CAD
CA00025633,2025-03-03,BR039,TLR-2147,C500150,cash deposit,790.32,CAD
CA00022553,2025-03-26,BR025,TLR-7878,C502535,cash deposit,1154.97,CAD
CA00024140,2025-03-07,BR033,TLR-1744,C503096,cash withdrawal,1372.65,CAD
CA00018162,2025-03-21,BR002,TLR-1059,C502471,cash withdrawal,-328.28,CAD
CA00020280,2025-03-21,BR014,TLR-2366,C502576,cash withdrawal,859.61,CAD
CA00022818,2025-03-17,BR026,TLR-1263,C502678,cash withdrawal,-584.58,CAD
CA00019577,2025-03-01,BR009,TLR-4524,C503555,cash deposit,414.32,CAD
CA00022083,2025-03-22,BR023,TLR-8652,C501621,cash withdrawal,780.04,CAD
CA00020075,2025-03-27,BR012,TLR-4805,C500124,cash deposit,3183.38,CAD
CA00021660,2025-03-05,BR020,TLR-7937,C500867,cash withdrawal,720.1,USD
CA00024390,2025-03-12,BR034,TLR-7486,C501745,cash withdrawal,1126.54,CAD
CA00025235,2025-03-27,BR037,TLR-6529,C500035,cash withdrawal,357.2,CAD
CA00021699,2025-03-12,BR020,TLR-7366,C500762,cash withdrawal,467.0,USD
CA00024595,2025-03-08,BR035,TLR-4702,C501278,cash withdrawal,775.59,CAD
CA00024708,2025-03-15,BR036,TLR-5846,C501318,cash deposit,1832.87,CAD
CA00022603,2025-03-24,BR025,TLR-8535,C500599,cash withdrawal,-580.13,CAD
CA00022804,2025-03-01,BR026,TLR-3186,C502445,cash deposit,1085.69,CAD
CA00020950,2025-03-03,BR016,TLR-3921,C501467,cash deposit,489.79,CAD
CA00022366,2025-03-20,BR024,TLR-3574,C501368,cash withdrawal,1138.01,CAD
CA00021317,2025-03-19,BR018,TLR-7020,C503669,cash withdrawal,754.92,CAD
CA00026287,2025-03-23,BR040,TLR-7682,C500342,cash withdrawal,746.61,CAD
CA00021177,2025-03-14,BR017,TLR-5961,C503269,cash withdrawal,2369.87,CAD
CA00020910,2025-03-29,BR016,TLR-4019,C500868,cash deposit,954.54,CAD
CA00019303,2025-03-21,BR008,TLR-8322,C501553,cash deposit,3643.36,CAD
CA00026564,2025-03-02,BR040,TLR-7936,C503794,cash withdrawal,323.06,CAD
CA00022427,2025-03-23,BR024,TLR-9165,C501857,cash withdrawal,740.41,CAD
CA00023661,2025-03-16,BR030,TLR-6663,C501716,cash withdrawal,520.72,CAD
CA00019079,2025-03-09,BR007,TLR-5086,C501142,cash deposit,3112.45,CAD
CA00026325,2025-03-04,BR040,TLR-3502,C503634,cash deposit,619.36,CAD
CA00021524,2025-03-26,BR019,TLR-6977,C502164,cash withdrawal,461.24,CAD
CA00023438,2025-03-24,BR030,TLR-9867,C503291,cash deposit,533.51,CAD
CA00022577,2025-03-19,BR025,TLR-9404,C501025,cash deposit,284.5,CAD
CA00018278,2025-03-09,BR003,TLR-9086,C503727,cash deposit,1864.8,CAD
CA00025396,2025-03-24,BR038,TLR-1258,C500480,cash deposit,458.38,CAD
CA00019820,2025-03-19,BR010,TLR-9746,C500225,cash deposit,1526.98,CAD
CA00026573,2025-03-05,BR040,TLR-5688,C503589,cash deposit,1742.88,CAD
CA00019084,2025-03-06,BR007,TLR-1281,C501136,cash withdrawal,550.12,CAD
CA00017747,2025-03-14,BR001,TLR-3458,C502087,cash deposit,1714.88,CAD
CA00023428,2025-03-24,BR030,TLR-3216,C501119,cash deposit,579.58,CAD
CA00021522,2025-03-17,BR019,TLR-3393,C501289,cash deposit,1524.18,CAD
CA00017802,2025-03-10,BR001,TLR-4792,C503154,cash deposit,2878.84,CAD
CA00023436,2025-03-29,BR030,TLR-3640,C503767,cash deposit,591.23,CAD
CA00020638,2025-03-12,BR015,TLR-2163,C501616,cash deposit,504.62,CAD
CA00020436,2025-03-02,BR014,TLR-8931,C500093,cash withdrawal,297.06,CAD
CA00019892,2025-03-07,BR010,TLR-7764,C502704,cash withdrawal,675.99,CAD
CA00024414,2025-03-28,BR035,TLR-3174,C502991,cash withdrawal,172.57,CAD
CA00022262,2025-03-21,BR024,TLR-8777,C503530,cash deposit,675.4,CAD
CA00025218,2025-03-05,BR037,TLR-9515,C500910,cash deposit,707.95,CAD
CA00025034,2025-03-25,BR037,TLR-8328,C503891,cash deposit,1653.27,CAD
CA00025389,2025-03-08,BR038,TLR-5803,C500411,cash deposit,1665.43,CAD
CA00021644,2025-03-07,BR020,TLR-3250,C503354,cash deposit,819.35,USD
CA00023957,2025-03-12,BR032,TLR-9612,C501258,cash withdrawal,896.5,CAD
CA00021103,2025-03-29,BR017,TLR-2836,C502708,cash withdrawal,1062.44,CAD
CA00022362,2025-03-11,BR024,TLR-9235,C502768,cash deposit,1572.08,CAD
CA00022587,2025-03-10,BR025,TLR-6005,C503366,cash deposit,1902.67,CAD
CA00017750,2025-03-08,BR001,TLR-6059,C501329,cash withdrawal,933.36,CAD
CA00025122,2025-03-01,BR037,TLR-4312,C500501,cash deposit,923.5,CAD
CA00021275,2025-03-10,BR018,TLR-2923,C501043,cash deposit,1218.35,CAD
CA00019726,2025-03-04,BR009,TLR-2169,C500030,cash withdrawal,394.18,CAD
CA00024780,2025-03-06,BR036,TLR-6795,C500072,cash withdrawal,1579.98,CAD
CA00022889,2025-03-22,BR026,TLR-4236,C501604,cash withdrawal,-784.82,CAD
CA00019446,2025-03-24,BR008,TLR-2958,C501639,cash deposit,4684.13,CAD
CA00021204,2025-03-26,BR017,TLR-9716,C503260,cash deposit,531.97,CAD
CA00026469,2025-03-23,BR040,TLR-2339,C502779,cash deposit,632.59,CAD
CA00021210,2025-03-31,BR017,TLR-7927,C503211,cash deposit,1580.56,CAD
CA00020096,2025-03-28,BR012,TLR-1768,C501476,cash deposit,252.29,CAD
CA00021990,2025-03-08,BR022,TLR-4628,C503403,cash withdrawal,284.93,CAD
CA00018592,2025-03-13,BR004,TLR-4553,C501252,cash deposit,1420.09,CAD
CA00024890,2025-03-06,BR036,TLR-1818,C502507,cash withdrawal,2599.76,CAD
CA00018925,2025-03-01,BR006,TLR-9645,C500239,cash withdrawal,1620.81,CAD
CA00021454,2025-03-03,BR019,TLR-4183,C501561,cash withdrawal,2872.83,CAD
CA00018254,2025-03-25,BR003,TLR-1047,C500067,cash deposit,1098.24,CAD
CA00024784,2025-03-23,BR036,TLR-1641,C502681,cash deposit,1700.85,CAD
CA00025506,2025-03-21,BR039,TLR-8150,C503412,cash withdrawal,790.54,CAD
CA00021014,2025-03-17,BR017,TLR-5911,C501019,cash withdrawal,1386.53,CAD
CA00024767,2025-03-06,BR036,TLR-6259,C503988,cash deposit,1055.11,CAD
CA00026337,2025-03-28,BR040,TLR-8218,C500434,cash deposit,725.82,CAD
CA00021046,2025-03-16,BR017,TLR-1297,C501843,cash deposit,443.02,CAD
CA00026508,2025-03-08,BR040,TLR-5628,C502933,cash withdrawal,2009.99,CAD
CA00021941,2025-03-01,BR021,TLR-8044,C503634,cash withdrawal,561.98,CAD
CA00024176,2025-03-13,BR033,TLR-6649,C503832,cash deposit,1372.01,CAD
CA00022875,2025-03-05,BR026,TLR-6936,C501807,cash deposit,490.92,CAD
CA00021667,2025-03-17,BR020,TLR-3255,C501159,cash withdrawal,938.99,USD
CA00022189,2025-03-13,BR024,TLR-6536,C503284,cash withdrawal,408.99,CAD
CA00021042,2025-03-14,BR017,TLR-6990,C503851,cash deposit,275.65,CAD
CA00018973,2025-03-29,BR006,TLR-7782,C501188,cash deposit,339.3,CAD
CA00020778,2025-03-18,BR016,TLR-8484,C503121,cash deposit,1341.25,CAD
CA00019769,2025-03-21,BR010,TLR-7194,C502061,cash deposit,581.26,CAD
CA00021451,2025-03-26,BR019,TLR-7776,C503598,cash withdrawal,882.23,CAD
CA00023047,2025-03-28,BR027,TLR-4030,C500677,cash withdrawal,899.56,CAD
CA00020937,2025-03-01,BR016,TLR-3184,C501354,cash deposit,224.76,CAD
CA00020966,2025-03-24,BR017,TLR-8455,C503442,cash withdrawal,370.82,CAD
CA00019476,2025-03-28,BR008,TLR-2055,C502836,cash deposit,899.65,CAD
CA00021452,2025-03-29,BR019,TLR-1480,C501420,cash withdrawal,1194.17,CAD
CA00022280,2025-03-29,BR024,TLR-1097,C501945,cash deposit,586.21,CAD
CA00020326,2025-03-01,BR014,TLR-7828,C502335,cash deposit,437.47,CAD
CA00017815,2025-03-16,BR001,TLR-8370,C501881,cash withdrawal,313.34,CAD
CA00023265,2025-03-10,BR029,TLR-8819,C502330,cash withdrawal,1292.24,CAD
CA00024394,2025-03-30,BR034,TLR-3828,C500023,cash deposit,1802.11,CAD
CA00023698,2025-03-06,BR031,TLR-8216,C501314,cash withdrawal,271.62,CAD
CA00026244,2025-03-28,BR040,TLR-5407,C503985,cash withdrawal,1018.58,CAD
CA00023228,2025-03-06,BR028,TLR-7361,C503160,cash deposit,376.31,CAD
CA00023862,2025-03-02,BR031,TLR-6457,C502712,cash deposit,285.18,CAD
CA00018571,2025-03-05,BR004,TLR-4579,C502223,cash deposit,1144.28,CAD
CA00021147,2025-03-09,BR017,TLR-2761,C501017,cash withdrawal,528.2,CAD
CA00020816,2025-03-06,BR016,TLR-2329,C501082,cash withdrawal,1632.9,CAD
CA00021114,2025-03-26,BR017,TLR-9550,C500754,cash withdrawal,1671.69,CAD
CA00019326,2025-03-08,BR008,TLR-7107,C502744,cash deposit,610.61,CAD
CA00021687,2025-03-02,BR020,TLR-1850,C502827,cash deposit,221.59,USD
CA00026004,2025-03-12,BR040,TLR-4781,C502569,cash deposit,1276.34,CAD
CA00021979,2025-03-29,BR022,TLR-3688,C503592,cash withdrawal,1059.69,CAD
CA00023963,2025-03-10,BR032,TLR-4419,C500379,cash deposit,122.51,CAD
CA00026493,2025-03-12,BR040,TLR-6830,C502170,cash deposit,4179.44,CAD
CA00024002,2025-03-11,BR032,TLR-4246,C500399,cash withdrawal,1059.89,CAD
CA00025551,2025-03-24,BR039,TLR-1057,C501156,cash deposit,1548.37,CAD
CA00023855,2025-03-02,BR031,TLR-1743,C503465,cash deposit,612.4,CAD
CA00018449,2025-03-23,BR003,TLR-8734,C501786,cash deposit,602.41,CAD
CA00020123,2025-03-29,BR012,TLR-7449,C503290,cash deposit,1475.55,CAD
CA00024254,2025-03-24,BR034,TLR-5763,C501313,cash withdrawal,300.22,CAD
CA00021965,2025-03-31,BR022,TLR-6928,C500750,cash withdrawal,632.31,CAD
CA00022849,2025-03-15,BR026,TLR-5621,C502022,cash deposit,997.71,CAD
CA00023126,2025-03-01,BR028,TLR-5144,C500294,cash withdrawal,1047.43,CAD
CA00021314,2025-03-08,BR018,TLR-1510,C503767,cash deposit,552.43,CAD
CA00020307,2025-03-23,BR014,TLR-8567,C500953,cash withdrawal,653.51,CAD
CA00020559,2025-03-02,BR015,TLR-1821,C500465,cash withdrawal,1464.13,CAD
CA00024573,2025-03-12,BR035,TLR-2330,C500947,cash withdrawal,286.62,CAD
CA00023082,2025-03-25,BR027,TLR-2363,C501203,cash withdrawal,2043.22,CAD
CA00021478,2025-03-04,BR019,TLR-5457,C503120,cash withdrawal,637.5,CAD
CA00021367,2025-03-19,BR019,TLR-7931,C503743,cash withdrawal,476.84,CAD
CA00025696,2025-03-31,BR040,TLR-9794,C503133,cash deposit,662.56,CAD
CA00021640,2025-03-12,BR020,TLR-7476,C501296,cash withdrawal,1187.34,USD
CA00026492,2025-03-30,BR040,TLR-2138,C500625,cash withdrawal,899.17,CAD
CA00024436,2025-03-17,BR035,TLR-9457,C502942,cash deposit,2985.09,CAD
CA00019701,2025-03-03,BR009,TLR-9207,C501981,cash deposit,572.78,CAD
CA00019698,2025-03-30,BR009,TLR-1923,C503199,cash deposit,772.01,CAD
CA00019845,2025-03-17,BR010,TLR-9118,C501052,cash deposit,1813.51,CAD
CA00019943,2025-03-04,BR011,TLR-6200,C500093,cash deposit,1151.74,CAD
CA00022306,2025-03-06,BR024,TLR-9898,C503198,cash deposit,478.57,CAD
CA00017726,2025-03-24,BR001,TLR-1936,C502234,cash deposit,840.9,CAD
CA00023448,2025-03-15,BR030,TLR-3242,C503242,cash deposit,1184.42,CAD
CA00024490,2025-03-20,BR035,TLR-1044,C501849,cash withdrawal,1655.98,CAD
CA00026206,2025-03-24,BR040,TLR-3469,C501078,cash deposit,788.08,CAD
CA00026504,2025-03-29,BR040,TLR-3644,C501695,cash withdrawal,7736.69,CAD
CA00018434,2025-03-31,BR003,TLR-9471,C500218,cash deposit,871.43,CAD
CA00024381,2025-03-07,BR034,TLR-5946,C502823,cash withdrawal,1287.03,CAD
CA00017955,2025-03-27,BR001,TLR-7988,C501045,cash withdrawal,1629.11,CAD
CA00021633,2025-03-06,BR020,TLR-4294,C502766,cash deposit,765.54,USD
CA00020651,2025-03-13,BR015,TLR-9620,C501160,cash deposit,737.42,CAD
CA00021282,2025-03-13,BR018,TLR-7343,C502803,cash withdrawal,164.93,CAD
CA00022521,2025-03-14,BR025,TLR-8424,C501014,cash withdrawal,-636.01,CAD
CA00025744,2025-03-23,BR040,TLR-3370,C501507,cash deposit,5209.7,CAD
CA00024582,2025-03-07,BR035,TLR-5802,C500562,cash withdrawal,2298.82,CAD
CA00022980,2025-03-22,BR027,TLR-2004,C501449,cash withdrawal,614.93,CAD
CA00020826,2025-03-09,BR016,TLR-7715,C501264,cash deposit,1213.02,CAD
CA00025638,2025-03-01,BR039,TLR-9838,C500442,cash withdrawal,653.13,CAD
CA00019999,2025-03-16,BR012,TLR-5507,C501370,cash deposit,906.78,CAD
CA00018468,2025-03-06,BR004,TLR-8820,C502308,cash deposit,1373.91,CAD
CA00022821,2025-03-06,BR026,TLR-4761,C503725,cash deposit,1529.39,CAD
CA00026424,2025-03-13,BR040,TLR-1203,C502718,cash withdrawal,1425.93,CAD
CA00026512,2025-03-30,BR040,TLR-2344,C501307,cash withdrawal,1282.63,CAD
CA00025687,2025-03-23,BR040,TLR-6245,C502759,cash withdrawal,421.88,CAD
CA00022600,2025-03-15,BR025,TLR-9827,C501915,cash deposit,2699.45,CAD
CA00023933,2025-03-22,BR032,TLR-5261,C503536,cash deposit,1394.02,CAD
CA00021403,2025-03-27,BR019,TLR-4152,C500368,cash deposit,1697.95,CAD
CA00023242,2025-03-01,BR029,TLR-8345,C503531,cash withdrawal,599.7,CAD
CA00024355,2025-03-21,BR034,TLR-7693,C502531,cash deposit,1302.76,CAD
CA00017694,2025-03-28,BR001,TLR-5287,C501623,cash deposit,1050.97,CAD
CA00025570,2025-03-07,BR039,TLR-7077,C503316,cash withdrawal,2832.51,CAD
CA00022301,2025-03-20,BR024,TLR-4179,C502939,cash withdrawal,1033.34,CAD
CA00025024,2025-03-15,BR037,TLR-7102,C501541,cash withdrawal,546.53,CAD
CA00025314,2025-03-12,BR038,TLR-4829,C503566,cash withdrawal,854.49,CAD
CA00020154,2025-03-17,BR012,TLR-2017,C500111,cash withdrawal,835.33,CAD
CA00022614,2025-03-19,BR025,TLR-5972,C501345,cash deposit,412.23,CAD
CA00025334,2025-03-15,BR038,TLR-6425,C503482,cash withdrawal,1176.09,CAD
CA00018550,2025-03-18,BR004,TLR-3861,C503863,cash deposit,1814.88,CAD
CA00018303,2025-03-15,BR003,TLR-1929,C503549,cash deposit,1352.08,CAD
CA00026214,2025-03-24,BR040,TLR-1809,C501621,cash withdrawal,987.35,CAD
CA00024322,2025-03-11,BR034,TLR-2948,C500404,cash deposit,1420.65,CAD
CA00021315,2025-03-21,BR018,TLR-6826,C503125,cash withdrawal,623.99,CAD
CA00023084,2025-03-24,BR027,TLR-8448,C502757,cash withdrawal,174.41,CAD
CA00018153,2025-03-04,BR002,TLR-4980,C501255,cash withdrawal,-328.45,CAD
CA00020056,2025-03-08,BR012,TLR-6535,C501213,cash deposit,2167.42,CAD
CA00023249,2025-03-27,BR029,TLR-6564,C502893,cash deposit,914.9,CAD
CA00026531,2025-03-24,BR040,TLR-6876,C503452,cash withdrawal,777.89,CAD
CA00020686,2025-03-19,BR015,TLR-6054,C502489,cash withdrawal,1683.22,CAD
CA00025510,2025-03-05,BR039,TLR-8827,C501370,cash deposit,1181.2,CAD
CA00019293,2025-03-31,BR008,TLR-7080,C503442,cash deposit,573.38,CAD
CA00020523,2025-03-27,BR015,TLR-8587,C501042,cash withdrawal,687.61,CAD
CA00021876,2025-03-18,BR021,TLR-5664,C502630,cash withdrawal,2148.92,CAD
CA00023690,2025-03-22,BR031,TLR-7666,C503283,cash deposit,2518.26,CAD
CA00019888,2025-03-31,BR010,TLR-5879,C502721,cash deposit,4295.1,CAD
CA00024985,2025-03-25,BR037,TLR-1356,C502339,cash withdrawal,404.92,CAD
CA00017869,2025-03-29,BR001,TLR-8576,C503867,cash deposit,992.2,CAD
CA00026015,2025-03-08,BR040,TLR-4205,C503784,cash deposit,584.88,CAD
CA00022008,2025-03-08,BR022,TLR-1248,C502791,cash deposit,1619.64,CAD
CA00025516,2025-03-13,BR039,TLR-9961,C502835,cash deposit,1393.69,CAD
CA00017849,2025-03-08,BR001,TLR-2608,C500736,cash withdrawal,1839.63,CAD
CA00025357,2025-03-14,BR038,TLR-4645,C503142,cash withdrawal,1238.34,CAD
CA00025646,2025-03-25,BR039,TLR-4190,C503794,cash deposit,2614.46,CAD
CA00017995,2025-03-09,BR001,TLR-9907,C503692,cash deposit,748.12,CAD
CA00022080,2025-03-05,BR023,TLR-5196,C500787,cash withdrawal,1448.35,CAD
CA00020223,2025-03-30,BR013,TLR-1204,C501906,cash withdrawal,661.19,CAD
CA00017847,2025-03-05,BR001,TLR-5197,C501689,cash withdrawal,460.56,CAD
CA00019632,2025-03-08,BR009,TLR-9011,C500965,cash deposit,365.85,CAD
CA00025709,2025-03-17,BR040,TLR-4544,C500205,cash withdrawal,353.29,CAD
CA00020457,2025-03-13,BR014,TLR-7288,C501211,cash withdrawal,683.46,CAD
CA00024823,2025-03-13,BR036,TLR-6512,C503703,cash withdrawal,2580.97,CAD
CA00021781,2025-03-03,BR021,TLR-7800,C503066,cash withdrawal,905.83,CAD
CA00019096,2025-03-07,BR007,TLR-8511,C501904,cash deposit,1157.97,CAD
CA00022058,2025-03-23,BR023,TLR-9582,C503764,cash withdrawal,453.93,CAD
CA00026470,2025-03-05,BR040,TLR-4095,C502293,cash withdrawal,1717.6,CAD
CA00026164,2025-03-09,BR040,TLR-7659,C502668,cash deposit,1440.82,CAD
CA00022194,2025-03-30,BR024,TLR-2816,C500253,cash withdrawal,1751.2,CAD
CA00024782,2025-03-23,BR036,TLR-3794,C503146,cash withdrawal,2767.07,CAD
CA00022797,2025-03-12,BR026,TLR-8594,C500437,cash withdrawal,-1497.46,CAD
CA00022021,2025-03-29,BR022,TLR-9912,C501655,cash deposit,2033.56,CAD
CA00017699,2025-03-19,BR001,TLR-5657,C501241,cash deposit,347.15,CAD
CA00022409,2025-03-17,BR024,TLR-7527,C500490,cash deposit,1383.81,CAD
CA00024990,2025-03-15,BR037,TLR-5318,C502772,cash withdrawal,1150.55,CAD
CA00020402,2025-03-13,BR014,TLR-1518,C500195,cash withdrawal,3665.74,CAD
CA00018471,2025-03-08,BR004,TLR-3544,C502875,cash withdrawal,827.28,CAD
CA00021970,2025-03-13,BR022,TLR-5589,C501309,cash withdrawal,1683.52,CAD
CA00017885,2025-03-08,BR001,TLR-6643,C500099,cash deposit,752.67,CAD
CA00020709,2025-03-03,BR015,TLR-4264,C502707,cash deposit,2522.86,CAD
CA00018261,2025-03-11,BR003,TLR-3372,C501819,cash withdrawal,1432.18,CAD
CA00020750,2025-03-23,BR015,TLR-6483,C500917,cash withdrawal,1285.91,CAD
CA00018212,2025-03-08,BR002,TLR-6699,C500650,cash withdrawal,-4291.59,CAD
CA00019877,2025-03-15,BR010,TLR-4744,C501858,cash deposit,4777.13,CAD
CA00025778,2025-03-07,BR040,TLR-3706,C500352,cash withdrawal,383.17,CAD
CA00022596,2025-03-14,BR025,TLR-3800,C503106,cash deposit,1040.58,CAD
CA00018051,2025-03-03,BR002,TLR-5951,C503860,cash withdrawal,-1601.89,CAD
CA00019876,2025-03-24,BR010,TLR-6070,C503217,cash withdrawal,231.39,CAD
CA00021557,2025-03-02,BR019,TLR-6329,C501079,cash deposit,1202.88,CAD
CA00022505,2025-03-03,BR025,TLR-7909,C503669,cash deposit,319.06,CAD
CA00020156,2025-03-10,BR012,TLR-9451,C502680,cash deposit,461.01,CAD
CA00023486,2025-03-18,BR030,TLR-4328,C502612,cash deposit,1326.55,CAD
CA00017860,2025-03-30,BR001,TLR-5594,C501943,cash deposit,1548.47,CAD
CA00021019,2025-03-12,BR017,TLR-8071,C502706,cash deposit,902.34,CAD
CA00020109,2025-03-19,BR012,TLR-9270,C500781,cash deposit,1135.16,CAD
CA00026067,2025-03-31,BR040,TLR-5871,C502127,cash withdrawal,202.07,CAD
CA00020166,2025-03-22,BR012,TLR-1028,C500610,cash deposit,1501.4,CAD
CA00019857,2025-03-01,BR010,TLR-2626,C501747,cash deposit,1790.36,CAD
CA00018629,2025-03-28,BR004,TLR-5362,C500049,cash deposit,1105.82,CAD
CA00019285,2025-03-30,BR008,TLR-1439,C502442,cash withdrawal,458.91,CAD
CA00022703,2025-03-20,BR026,TLR-7940,C501563,cash deposit,1069.28,CAD
CA00021164,2025-03-19,BR017,TLR-9427,C502959,cash deposit,1100.74,CAD
CA00020178,2025-03-25,BR012,TLR-5881,C501918,cash withdrawal,1019.64,CAD
CA00023477,2025-03-10,BR030,TLR-8034,C500111,cash withdrawal,626.56,CAD
CA00022150,2025-03-22,BR023,TLR-5241,C503668,cash withdrawal,1008.49,CAD
CA00019290,2025-03-07,BR008,TLR-2261,C501269,cash deposit,762.35,CAD
CA00023619,2025-03-14,BR030,TLR-1025,C503814,cash withdrawal,803.1,CAD
CA00018962,2025-03-24,BR006,TLR-2067,C501559,cash deposit,1083.35,CAD
CA00024364,2025-03-15,BR034,TLR-3308,C501996,cash withdrawal,413.96,CAD
CA00020753,2025-03-06,BR015,TLR-2511,C501736,cash deposit,953.46,CAD
CA00021313,2025-03-12,BR018,TLR-3792,C502363,cash deposit,1393.12,CAD
CA00018753,2025-03-09,BR005,TLR-3098,C503466,cash deposit,1169.6,CAD
CA00020660,2025-03-13,BR015,TLR-4960,C500767,cash deposit,818.36,CAD
CA00025828,2025-03-22,BR040,TLR-8641,C501540,cash withdrawal,500.34,CAD
CA00024781,2025-03-25,BR036,TLR-1042,C503050,cash deposit,380.67,CAD
CA00022255,2025-03-26,BR024,TLR-4911,C503608,cash withdrawal,1309.92,CAD
CA00017792,2025-03-30,BR001,TLR-9059,C501524,cash deposit,393.52,CAD
CA00023295,2025-03-18,BR029,TLR-9413,C503714,cash withdrawal,1339.85,CAD
CA00024247,2025-03-30,BR034,TLR-3031,C503967,cash deposit,635.29,CAD
CA00020646,2025-03-28,BR015,TLR-8776,C503162,cash deposit,809.28,CAD
CA00021052,2025-03-05,BR017,TLR-9853,C501919,cash deposit,849.65,CAD
CA00026011,2025-03-06,BR040,TLR-2428,C500916,cash withdrawal,930.81,CAD
CA00021532,2025-03-22,BR019,TLR-1319,C503239,cash deposit,383.24,CAD
CA00026358,2025-03-30,BR040,TLR-3737,C502545,cash deposit,855.78,CAD
CA00024525,2025-03-22,BR035,TLR-9796,C503215,cash withdrawal,1509.96,CAD
CA00023039,2025-03-23,BR027,TLR-5616,C503586,cash deposit,1444.41,CAD
CA00025935,2025-03-11,BR040,TLR-9871,C500903,cash withdrawal,1837.69,CAD
CA00018894,2025-03-13,BR006,TLR-5091,C500272,cash withdrawal,1906.22,CAD
CA00018603,2025-03-23,BR004,TLR-7103,C501197,cash deposit,515.37,CAD
CA00025833,2025-03-20,BR040,TLR-6359,C501084,cash deposit,310.96,CAD
CA00019199,2025-03-20,BR007,TLR-7296,C502604,cash deposit,1094.83,CAD
CA00019830,2025-03-25,BR010,TLR-7944,C500254,cash deposit,814.54,CAD
CA00026376,2025-03-19,BR040,TLR-4435,C500767,cash withdrawal,1565.46,CAD
CA00025215,2025-03-04,BR037,TLR-3391,C500122,cash deposit,414.07,CAD
CA00024425,2025-03-05,BR035,TLR-4346,C503096,cash withdrawal,1121.63,CAD
CA00023119,2025-03-13,BR028,TLR-6666,C501313,cash deposit,537.64,CAD
CA00025147,2025-03-04,BR037,TLR-3390,C500074,cash withdrawal,704.08,CAD
CA00026475,2025-03-19,BR040,TLR-9814,C500148,cash withdrawal,532.06,CAD
CA00023567,2025-03-29,BR030,TLR-1220,C502475,cash withdrawal,1786.49,CAD
CA00025843,2025-03-02,BR040,TLR-7513,C503707,cash withdrawal,473.5,CAD
CA00022214,2025-03-31,BR024,TLR-9750,C500147,cash withdrawal,370.02,CAD
CA00024491,2025-03-06,BR035,TLR-6646,C501920,cash deposit,357.29,CAD
CA00018860,2025-03-13,BR006,TLR-5967,C503918,cash withdrawal,520.4,CAD
CA00020081,2025-03-09,BR012,TLR-3794,C503528,cash deposit,1736.28,CAD
CA00025785,2025-03-25,BR040,TLR-9287,C502414,cash withdrawal,2253.39,CAD
CA00026270,2025-03-23,BR040,TLR-7829,C501101,cash withdrawal,286.68,CAD
CA00020111,2025-03-30,BR012,TLR-9274,C500567,cash deposit,1238.95,CAD
CA00018595,2025-03-07,BR004,TLR-3915,C501744,cash withdrawal,429.52,CAD
CA00018769,2025-03-23,BR005,TLR-6986,C502454,cash withdrawal,691.57,CAD
CA00023948,2025-03-27,BR032,TLR-3788,C503765,cash withdrawal,384.34,CAD
CA00018687,2025-03-28,BR004,TLR-1741,C502151,cash deposit,2149.96,CAD
CA00019589,2025-03-03,BR009,TLR-5784,C503001,cash deposit,471.44,CAD
CA00025897,2025-03-22,BR040,TLR-1828,C501607,cash withdrawal,984.78,CAD
CA00022765,2025-03-18,BR026,TLR-1465,C503641,cash deposit,1324.39,CAD
CA00022341,2025-03-04,BR024,TLR-1099,C502731,cash deposit,911.34,CAD
CA00018320,2025-03-14,BR003,TLR-9543,C500832,cash withdrawal,1616.96,CAD
CA00018126,2025-03-02,BR002,TLR-3139,C503542,cash withdrawal,-1725.12,CAD
CA00020667,2025-03-23,BR015,TLR-6623,C500169,cash deposit,881.97,CAD
CA00021750,2025-03-03,BR020,TLR-3680,C501656,cash deposit,589.69,USD
CA00020759,2025-03-15,BR015,TLR-9015,C502695,cash deposit,628.4,CAD
CA00019535,2025-03-16,BR009,TLR-2311,C503977,cash withdrawal,946.39,CAD
CA00020895,2025-03-16,BR016,TLR-3588,C502111,cash withdrawal,489.0,CAD
CA00021538,2025-03-12,BR019,TLR-4731,C502626,cash withdrawal,861.08,CAD
CA00025710,2025-03-12,BR040,TLR-7688,C500098,cash deposit,2235.96,CAD
CA00022488,2025-03-18,BR025,TLR-9548,C503682,cash deposit,1117.61,CAD
CA00024602,2025-03-19,BR035,TLR-4337,C503339,cash deposit,1078.4,CAD
CA00026104,2025-03-23,BR040,TLR-9306,C502403,cash deposit,1834.87,CAD
CA00024198,2025-03-16,BR033,TLR-9836,C500660,cash withdrawal,570.27,CAD
CA00021827,2025-03-31,BR021,TLR-6072,C501795,cash withdrawal,2130.82,CAD
CA00024131,2025-03-04,BR033,TLR-1877,C501522,cash withdrawal,1010.26,CAD
CA00024874,2025-03-15,BR036,TLR-2753,C502696,cash deposit,742.59,CAD
CA00020874,2025-03-13,BR016,TLR-6694,C502171,cash deposit,230.97,CAD
CA00020055,2025-03-25,BR012,TLR-5329,C500405,cash deposit,1684.09,CAD
CA00025338,2025-03-31,BR038,TLR-3354,C501795,cash withdrawal,1421.1,CAD
CA00023985,2025-03-22,BR032,TLR-4078,C502040,cash deposit,364.86,CAD
CA00018032,2025-03-05,BR002,TLR-8258,C500688,cash withdrawal,-524.36,CAD
CA00018091,2025-03-16,BR002,TLR-2511,C500691,cash deposit,425.46,CAD
CA00023861,2025-03-19,BR031,TLR-3036,C502176,cash deposit,1051.46,CAD
CA00023930,2025-03-18,BR032,TLR-7125,C502768,cash deposit,1601.75,CAD
CA00018380,2025-03-13,BR003,TLR-5499,C500756,cash withdrawal,2045.59,CAD
CA00022826,2025-03-28,BR026,TLR-1887,C503982,cash deposit,1533.72,CAD
CA00022687,2025-03-18,BR026,TLR-9620,C502667,cash withdrawal,-4506.52,CAD
CA00018039,2025-03-14,BR002,TLR-7486,C500903,cash withdrawal,-938.78,CAD
CA00025326,2025-03-01,BR038,TLR-3857,C500681,cash deposit,2291.32,CAD
CA00020891,2025-03-08,BR016,TLR-1789,C501176,cash withdrawal,2332.48,CAD
CA00018149,2025-03-18,BR002,TLR-3022,C503058,cash deposit,2345.62,CAD
CA00019794,2025-03-17,BR010,TLR-7360,C502515,cash withdrawal,837.61,CAD
CA00023089,2025-03-24,BR027,TLR-2617,C502641,cash withdrawal,764.23,CAD
CA00024871,2025-03-12,BR036,TLR-3144,C500243,cash deposit,1561.02,CAD
CA00025597,2025-03-25,BR039,TLR-9627,C501885,cash withdrawal,545.38,CAD
CA00018193,2025-03-03,BR002,TLR-2879,C500656,cash deposit,464.87,CAD
CA00018817,2025-03-14,BR006,TLR-4832,C503336,cash withdrawal,659.57,CAD
CA00021030,2025-03-12,BR017,TLR-4240,C503571,cash deposit,940.67,CAD
CA00018410,2025-03-09,BR003,TLR-5663,C501799,cash deposit,1226.31,CAD
CA00025632,2025-03-21,BR039,TLR-2488,C503850,cash withdrawal,1043.24,CAD
CA00025920,2025-03-09,BR040,TLR-6756,C503706,cash withdrawal,250.37,CAD
CA00026312,2025-03-02,BR040,TLR-5808,C501495,cash withdrawal,686.81,CAD
CA00025992,2025-03-16,BR040,TLR-2877,C502066,cash withdrawal,424.56,CAD
CA00019910,2025-03-02,BR011,TLR-3870,C500351,cash deposit,1022.02,CAD
CA00022517,2025-03-14,BR025,TLR-4656,C500473,cash deposit,1757.46,CAD
CA00018423,2025-03-15,BR003,TLR-7539,C501494,cash deposit,648.41,CAD
CA00025932,2025-03-24,BR040,TLR-5159,C503541,cash withdrawal,751.88,CAD
CA00026032,2025-03-31,BR040,TLR-8077,C503952,cash withdrawal,1204.39,CAD
CA00020574,2025-03-26,BR015,TLR-8003,C500629,cash withdrawal,1713.19,CAD
CA00025371,2025-03-09,BR038,TLR-7834,C503562,cash deposit,1248.48,CAD
CA00017703,2025-03-27,BR001,TLR-9867,C503854,cash withdrawal,662.0,CAD
CA00021716,2025-03-19,BR020,TLR-7418,C500310,cash deposit,855.54,USD
CA00026359,2025-03-29,BR040,TLR-4990,C500192,cash deposit,498.26,CAD
CA00018773,2025-03-09,BR005,TLR-1533,C503256,cash deposit,274.5,CAD
CA00020678,2025-03-09,BR015,TLR-4889,C501936,cash withdrawal,2693.76,CAD
CA00019633,2025-03-03,BR009,TLR-3602,C500235,cash deposit,846.95,CAD
CA00019219,2025-03-09,BR007,TLR-9128,C501223,cash deposit,1134.22,CAD
CA00020734,2025-03-20,BR015,TLR-7182,C500338,cash deposit,997.77,CAD
CA00021922,2025-03-19,BR021,TLR-7040,C500934,cash deposit,1525.92,CAD
CA00023300,2025-03-17,BR029,TLR-7827,C502152,cash deposit,3328.76,CAD
CA00023976,2025-03-14,BR032,TLR-8992,C500636,cash withdrawal,923.87,CAD
CA00018015,2025-03-17,BR001,TLR-1332,C500662,cash withdrawal,271.3,CAD
CA00017958,2025-03-09,BR001,TLR-3160,C502629,cash withdrawal,876.19,CAD
CA00023613,2025-03-04,BR030,TLR-5827,C503393,cash deposit,1309.38,CAD
CA00025033,2025-03-03,BR037,TLR-6115,C502905,cash deposit,944.09,CAD
CA00019677,2025-03-09,BR009,TLR-1893,C500330,cash withdrawal,493.5,CAD
CA00020984,2025-03-10,BR017,TLR-3932,C503019,cash deposit,739.78,CAD
CA00018866,2025-03-24,BR006,TLR-9498,C500462,cash withdrawal,718.9,CAD
CA00024685,2025-03-03,BR036,TLR-4184,C502893,cash deposit,455.1,CAD
CA00025282,2025-03-24,BR038,TLR-9781,C500390,cash withdrawal,1895.64,CAD
CA00025880,2025-03-24,BR040,TLR-5792,C503029,cash deposit,603.87,CAD
CA00025627,2025-03-06,BR039,TLR-2970,C500284,cash withdrawal,828.56,CAD
CA00019402,2025-03-12,BR008,TLR-6463,C503246,cash deposit,897.37,CAD
CA00021401,2025-03-26,BR019,TLR-9276,C503796,cash deposit,1077.16,CAD
CA00026543,2025-03-13,BR040,TLR-9595,C503829,cash deposit,612.56,CAD
CA00024059,2025-03-11,BR032,TLR-8866,C500926,cash withdrawal,1249.58,CAD
CA00024116,2025-03-23,BR033,TLR-5710,C500563,cash withdrawal,517.52,CAD
CA00025834,2025-03-27,BR040,TLR-7211,C502937,cash withdrawal,1255.86,CAD
CA00020197,2025-03-24,BR013,TLR-6022,C501825,cash deposit,398.19,CAD
CA00025743,2025-03-14,BR040,TLR-2978,C502070,cash deposit,895.25,CAD
CA00023511,2025-03-07,BR030,TLR-6231,C502860,cash withdrawal,1307.11,CAD
CA00021469,2025-03-13,BR019,TLR-7932,C502528,cash deposit,2953.59,CAD
CA00025650,2025-03-05,BR039,TLR-1595,C500237,cash deposit,1589.86,CAD
CA00022573,2025-03-28,BR025,TLR-4215,C501677,cash deposit,3415.03,CAD
CA00024356,2025-03-09,BR034,TLR-9571,C501861,cash deposit,1034.93,CAD
CA00025613,2025-03-08,BR039,TLR-3346,C500895,cash deposit,781.41,CAD
CA00025315,2025-03-30,BR038,TLR-5288,C500491,cash withdrawal,762.01,CAD
CA00018224,2025-03-06,BR002,TLR-9501,C502940,cash withdrawal,-189.95,CAD
CA00022123,2025-03-30,BR023,TLR-8536,C501831,cash deposit,781.74,CAD
CA00023924,2025-03-10,BR032,TLR-8381,C503337,cash deposit,795.04,CAD
CA00025713,2025-03-12,BR040,TLR-5406,C501849,cash deposit,1585.07,CAD
CA00025661,2025-03-23,BR039,TLR-3659,C501517,cash withdrawal,912.35,CAD
CA00022828,2025-03-08,BR026,TLR-6664,C503233,cash withdrawal,-1121.4,CAD
CA00020744,2025-03-30,BR015,TLR-1957,C501165,cash withdrawal,782.69,CAD
CA00019331,2025-03-28,BR008,TLR-1550,C500063,cash withdrawal,656.68,CAD
CA00017926,2025-03-17,BR001,TLR-2670,C501877,cash withdrawal,1009.1,CAD
CA00019938,2025-03-25,BR011,TLR-1424,C501289,cash withdrawal,3482.71,CAD
CA00022781,2025-03-30,BR026,TLR-5806,C500397,cash deposit,1313.67,CAD
CA00022841,2025-03-22,BR026,TLR-7550,C500936,cash deposit,785.7,CAD
CA00021222,2025-03-27,BR018,TLR-3729,C500066,cash deposit,2290.7,CAD
CA00019663,2025-03-18,BR009,TLR-2590,C501252,cash deposit,432.22,CAD
CA00023491,2025-03-06,BR030,TLR-4514,C503664,cash withdrawal,1952.67,CAD
CA00026086,2025-03-16,BR040,TLR-8503,C501678,cash deposit,1763.86,CAD
CA00023592,2025-03-27,BR030,TLR-3562,C501336,cash deposit,1928.78,CAD
CA00021108,2025-03-24,BR017,TLR-2539,C501953,cash withdrawal,610.17,CAD
CA00022224,2025-03-18,BR024,TLR-5849,C503941,cash withdrawal,504.41,CAD
CA00018525,2025-03-19,BR004,TLR-7130,C501182,cash withdrawal,561.93,CAD
CA00019983,2025-03-03,BR012,TLR-2149,C503427,cash deposit,902.24,CAD
CA00026251,2025-03-11,BR040,TLR-7847,C503533,cash deposit,1059.02,CAD
CA00018518,2025-03-27,BR004,TLR-1143,C500566,cash withdrawal,668.81,CAD
CA00025967,2025-03-12,BR040,TLR-7856,C503466,cash deposit,969.61,CAD
CA00019458,2025-03-30,BR008,TLR-2773,C500115,cash withdrawal,888.97,CAD
CA00019989,2025-03-06,BR012,TLR-1641,C502306,cash withdrawal,526.42,CAD
CA00020377,2025-03-14,BR014,TLR-6869,C502628,cash deposit,953.32,CAD
CA00019413,2025-03-19,BR008,TLR-7108,C503781,cash withdrawal,964.15,CAD
CA00023006,2025-03-01,BR027,TLR-9278,C502309,cash withdrawal,757.28,CAD
CA00020782,2025-03-11,BR016,TLR-8114,C500753,cash withdrawal,790.27,CAD
CA00020997,2025-03-10,BR017,TLR-1690,C502572,cash withdrawal,1524.13,CAD
CA00026122,2025-03-29,BR040,TLR-5785,C501269,cash deposit,1075.93,CAD
CA00017758,2025-03-28,BR001,TLR-8114,C503505,cash withdrawal,1086.21,CAD
CA00021799,2025-03-03,BR021,TLR-9313,C502348,cash deposit,642.19,CAD
CA00023566,2025-03-01,BR030,TLR-6796,C502620,cash deposit,2263.87,CAD
CA00017823,2025-03-10,BR001,TLR-4150,C501939,cash deposit,939.71,CAD
CA00023368,2025-03-25,BR030,TLR-2308,C503325,cash withdrawal,4023.01,CAD
CA00021586,2025-03-14,BR020,TLR-7840,C500827,cash deposit,320.73,USD
CA00024137,2025-03-10,BR033,TLR-9966,C501431,cash deposit,755.47,CAD
CA00017824,2025-03-25,BR001,TLR-1328,C501985,cash withdrawal,1996.26,CAD
CA00022067,2025-03-26,BR023,TLR-9911,C502030,cash deposit,237.91,CAD
CA00019712,2025-03-14,BR009,TLR-6675,C503221,cash withdrawal,873.45,CAD
CA00025568,2025-03-03,BR039,TLR-2245,C502828,cash withdrawal,589.29,CAD
CA00025401,2025-03-16,BR038,TLR-3430,C500092,cash deposit,342.14,CAD
CA00025911,2025-03-15,BR040,TLR-4553,C502071,cash deposit,782.84,CAD
CA00019100,2025-03-26,BR007,TLR-5594,C502605,cash withdrawal,514.22,CAD
CA00020624,2025-03-25,BR015,TLR-9487,C500852,cash withdrawal,272.76,CAD
CA00020875,2025-03-26,BR016,TLR-8201,C501488,cash withdrawal,2236.7,CAD
CA00019118,2025-03-10,BR007,TLR-8319,C502269,cash deposit,731.84,CAD
CA00021947,2025-03-08,BR021,TLR-7516,C500296,cash withdrawal,325.55,CAD
CA00025052,2025-03-21,BR037,TLR-2938,C501309,cash withdrawal,832.45,CAD
CA00026098,2025-03-11,BR040,TLR-4093,C501498,cash deposit,1023.41,CAD
CA00025226,2025-03-08,BR037,TLR-1891,C501469,cash deposit,2215.88,CAD
CA00021327,2025-03-13,BR018,TLR-3610,C501733,cash deposit,1791.7,CAD
CA00018496,2025-03-19,BR004,TLR-8587,C502244,cash deposit,2337.47,CAD
CA00021805,2025-03-23,BR021,TLR-9761,C502485,cash deposit,1557.03,CAD
CA00022347,2025-03-27,BR024,TLR-2442,C501275,cash withdrawal,1934.62,CAD
CA00026352,2025-03-17,BR040,TLR-1806,C501972,cash deposit,1162.07,CAD
CA00025642,2025-03-14,BR039,TLR-4407,C503369,cash deposit,741.61,CAD
CA00019544,2025-03-08,BR009,TLR-2627,C500955,cash withdrawal,3553.67,CAD
CA00026049,2025-03-18,BR040,TLR-6248,C502699,cash deposit,391.71,CAD
CA00026046,2025-03-21,BR040,TLR-4198,C503587,cash deposit,1458.26,CAD
CA00019875,2025-03-17,BR010,TLR-4393,C501263,cash withdrawal,1057.63,CAD
CA00024702,2025-03-14,BR036,TLR-2117,C502886,cash withdrawal,384.42,CAD
CA00022743,2025-03-12,BR026,TLR-4107,C502605,cash deposit,707.46,CAD
CA00021435,2025-03-04,BR019,TLR-6397,C500915,cash withdrawal,3661.74,CAD
CA00025749,2025-03-05,BR040,TLR-2976,C503837,cash withdrawal,556.4,CAD
CA00019514,2025-03-20,BR009,TLR-6348,C501013,cash deposit,311.09,CAD
CA00025007,2025-03-20,BR037,TLR-9329,C501148,cash withdrawal,870.74,CAD
CA00021626,2025-03-13,BR020,TLR-9142,C503821,cash withdrawal,893.15,USD
CA00022725,2025-03-21,BR026,TLR-6926,C501143,cash withdrawal,-705.45,CAD
CA00026036,2025-03-31,BR040,TLR-5229,C500399,cash deposit,660.11,CAD
CA00022604,2025-03-01,BR025,TLR-1355,C500587,cash deposit,1839.4,CAD
CA00023502,2025-03-08,BR030,TLR-2901,C502388,cash withdrawal,3782.71,CAD
CA00025836,2025-03-29,BR040,TLR-7474,C500203,cash deposit,537.07,CAD
CA00024711,2025-03-24,BR036,TLR-8451,C500641,cash deposit,2332.28,CAD
CA00020787,2025-03-28,BR016,TLR-9597,C502911,cash deposit,805.67,CAD
CA00024332,2025-03-05,BR034,TLR-2246,C500669,cash deposit,326.24,CAD
CA00022340,2025-03-19,BR024,TLR-4060,C502087,cash deposit,609.64,CAD
CA00025916,2025-03-06,BR040,TLR-7600,C503396,cash deposit,767.23,CAD
CA00022202,2025-03-31,BR024,TLR-1870,C503776,cash deposit,1392.98,CAD
CA00024451,2025-03-26,BR035,TLR-1968,C501307,cash deposit,1302.59,CAD
CA00019141,2025-03-15,BR007,TLR-3615,C502543,cash withdrawal,786.67,CAD
CA00023379,2025-03-13,BR030,TLR-9991,C500531,cash withdrawal,538.63,CAD
CA00026184,2025-03-06,BR040,TLR-3545,C503990,cash deposit,1423.01,CAD
CA00020155,2025-03-02,BR012,TLR-2324,C503095,cash withdrawal,506.75,CAD
CA00019753,2025-03-11,BR010,TLR-7345,C502592,cash withdrawal,2084.91,CAD
CA00019974,2025-03-27,BR012,TLR-9892,C500346,cash deposit,5338.57,CAD
CA00019878,2025-03-14,BR010,TLR-7660,C501096,cash withdrawal,1666.58,CAD
CA00024400,2025-03-01,BR034,TLR-4446,C502920,cash deposit,1189.97,CAD
CA00021116,2025-03-30,BR017,TLR-3644,C503092,cash deposit,1588.15,CAD
CA00026069,2025-03-22,BR040,TLR-9546,C501186,cash deposit,431.42,CAD
CA00024676,2025-03-08,BR036,TLR-6739,C503820,cash deposit,893.81,CAD
CA00022515,2025-03-06,BR025,TLR-9337,C503210,cash withdrawal,-1412.18,CAD
CA00019661,2025-03-21,BR009,TLR-5034,C500944,cash deposit,485.82,CAD
CA00022050,2025-03-18,BR023,TLR-7237,C502599,cash deposit,99.31,CAD
CA00018679,2025-03-22,BR004,TLR-5364,C502122,cash deposit,1603.9,CAD
CA00026387,2025-03-24,BR040,TLR-6465,C501587,cash withdrawal,161.63,CAD
CA00019529,2025-03-30,BR009,TLR-3942,C502320,cash deposit,1084.7,CAD
CA00021708,2025-03-11,BR020,TLR-8900,C503821,cash withdrawal,1895.34,USD
CA00018187,2025-03-28,BR002,TLR-2186,C502247,cash withdrawal,-1061.35,CAD
CA00023735,2025-03-15,BR031,TLR-1497,C502899,cash deposit,5938.65,CAD
CA00023681,2025-03-11,BR031,TLR-2146,C503656,cash withdrawal,1449.77,CAD
CA00023342,2025-03-06,BR029,TLR-6761,C501009,cash withdrawal,1279.32,CAD
CA00025323,2025-03-15,BR038,TLR-5467,C501810,cash withdrawal,508.47,CAD
CA00021840,2025-03-08,BR021,TLR-5805,C502037,cash deposit,401.84,CAD
CA00026137,2025-03-01,BR040,TLR-8578,C501321,cash withdrawal,3892.61,CAD
CA00019472,2025-03-05,BR008,TLR-2953,C501669,cash deposit,550.34,CAD
CA00026063,2025-03-10,BR040,TLR-2935,C501995,cash withdrawal,464.41,CAD
CA00022896,2025-03-12,BR026,TLR-8072,C502109,cash deposit,413.66,CAD
CA00018641,2025-03-20,BR004,TLR-1805,C501440,cash deposit,372.03,CAD
CA00018413,2025-03-17,BR003,TLR-5611,C500873,cash deposit,605.25,CAD
CA00021763,2025-03-17,BR020,TLR-8320,C502569,cash deposit,1536.05,USD
CA00021034,2025-03-12,BR017,TLR-6263,C503216,cash withdrawal,1245.53,CAD
CA00024395,2025-03-23,BR034,TLR-1183,C501008,cash withdrawal,5103.31,CAD
CA00018189,2025-03-09,BR002,TLR-5665,C500030,cash deposit,1045.3,CAD
CA00020564,2025-03-31,BR015,TLR-6589,C502007,cash withdrawal,1578.19,CAD
CA00024020,2025-03-21,BR032,TLR-2177,C502209,cash deposit,3689.45,CAD
CA00022236,2025-03-24,BR024,TLR-7549,C502245,cash withdrawal,1746.37,CAD
CA00021465,2025-03-09,BR019,TLR-9792,C503585,cash withdrawal,742.55,CAD
CA00018025,2025-03-26,BR002,TLR-6281,C500934,cash withdrawal,-825.15,CAD
CA00025577,2025-03-28,BR039,TLR-3556,C500014,cash deposit,1335.01,CAD
CA00023108,2025-03-21,BR028,TLR-7956,C503170,cash withdrawal,281.59,CAD
CA00018933,2025-03-19,BR006,TLR-3148,C503683,cash deposit,712.97,CAD
CA00021611,2025-03-26,BR020,TLR-4971,C501843,cash deposit,724.58,USD
CA00021779,2025-03-17,BR021,TLR-4585,C500449,cash withdrawal,1039.53,CAD
CA00017966,2025-03-17,BR001,TLR-1228,C501247,cash withdrawal,560.03,CAD
CA00021778,2025-03-22,BR021,TLR-6766,C500759,cash deposit,1198.33,CAD
CA00022649,2025-03-15,BR026,TLR-6246,C501209,cash withdrawal,-412.94,CAD
CA00019522,2025-03-11,BR009,TLR-2032,C503192,cash withdrawal,2294.67,CAD
CA00023742,2025-03-01,BR031,TLR-9147,C501917,cash deposit,1193.42,CAD
CA00023273,2025-03-14,BR029,TLR-7374,C502054,cash deposit,388.7,CAD
CA00024481,2025-03-02,BR035,TLR-1526,C501182,cash deposit,826.64,CAD
CA00019330,2025-03-01,BR008,TLR-6681,C502251,cash withdrawal,796.4,CAD
CA00018861,2025-03-11,BR006,TLR-9385,C503227,cash withdrawal,2018.62,CAD
CA00024324,2025-03-15,BR034,TLR-5067,C501561,cash withdrawal,1271.82,CAD
CA00025604,2025-03-03,BR039,TLR-8918,C500510,cash deposit,726.16,CAD
CA00022867,2025-03-28,BR026,TLR-2980,C501606,cash deposit,1093.38,CAD
CA00022432,2025-03-18,BR024,TLR-3745,C501638,cash deposit,628.33,CAD
CA00021324,2025-03-13,BR018,TLR-4087,C501079,cash withdrawal,1704.28,CAD
CA00022891,2025-03-05,BR026,TLR-6798,C500783,cash deposit,3069.62,CAD
CA00019595,2025-03-05,BR009,TLR-3907,C503982,cash withdrawal,156.12,CAD
CA00019024,2025-03-01,BR006,TLR-1928,C502864,cash withdrawal,153.35,CAD
CA00023711,2025-03-14,BR031,TLR-8982,C500705,cash deposit,904.93,CAD
CA00021223,2025-03-06,BR018,TLR-8106,C500900,cash withdrawal,210.85,CAD
CA00021243,2025-03-21,BR018,TLR-2089,C502694,cash deposit,3956.15,CAD
CA00017722,2025-03-08,BR001,TLR-3816,C503151,cash deposit,943.5,CAD
CA00020005,2025-03-29,BR012,TLR-3248,C500482,cash deposit,2232.74,CAD
CA00018016,2025-03-16,BR001,TLR-5941,C502581,cash withdrawal,521.85,CAD
CA00024517,2025-03-12,BR035,TLR-1738,C500009,cash withdrawal,113.66,CAD
CA00020387,2025-03-28,BR014,TLR-1502,C500001,cash withdrawal,1085.69,CAD
CA00018522,2025-03-27,BR004,TLR-2055,C500936,cash withdrawal,1313.1,CAD
CA00023557,2025-03-05,BR030,TLR-4851,C502598,cash deposit,1848.81,CAD
CA00019932,2025-03-03,BR011,TLR-9382,C502473,cash withdrawal,2027.98,CAD
CA00021191,2025-03-23,BR017,TLR-4233,C501976,cash deposit,708.95,CAD
CA00024411,2025-03-08,BR035,TLR-3339,C501647,cash withdrawal,578.6,CAD
CA00020448,2025-03-01,BR014,TLR-2647,C501729,cash withdrawal,1611.42,CAD
CA00025972,2025-03-19,BR040,TLR-9880,C502967,cash deposit,828.44,CAD
CA00019035,2025-03-31,BR006,TLR-6469,C501969,cash withdrawal,453.91,CAD
CA00021086,2025-03-29,BR017,TLR-7667,C502005,cash withdrawal,1391.92,CAD
CA00022913,2025-03-25,BR027,TLR-4781,C500075,cash deposit,1235.35,CAD
CA00025077,2025-03-07,BR037,TLR-8197,C502955,cash deposit,2607.99,CAD
CA00019737,2025-03-30,BR010,TLR-4706,C503429,cash withdrawal,508.79,CAD
CA00025988,2025-03-29,BR040,TLR-9483,C500929,cash deposit,1744.51,CAD
CA00019261,2025-03-30,BR007,TLR-7446,C502132,cash withdrawal,664.9,CAD
CA00020333,2025-03-22,BR014,TLR-7274,C503165,cash deposit,3125.38,CAD
CA00025799,2025-03-09,BR040,TLR-1484,C500818,cash withdrawal,929.81,CAD
CA00021587,2025-03-06,BR020,TLR-8610,C501703,cash deposit,351.99,USD
CA00025825,2025-03-12,BR040,TLR-2522,C502445,cash withdrawal,2158.1,CAD
CA00021606,2025-03-19,BR020,TLR-2146,C501807,cash deposit,1802.28,USD
CA00026333,2025-03-15,BR040,TLR-9143,C500280,cash withdrawal,713.43,CAD
CA00022487,2025-03-20,BR025,TLR-1290,C502038,cash withdrawal,-4809.59,CAD
CA00023304,2025-03-28,BR029,TLR-5790,C500569,cash withdrawal,1516.56,CAD
CA00021242,2025-03-28,BR018,TLR-7385,C500582,cash withdrawal,1764.74,CAD
CA00024812,2025-03-17,BR036,TLR-2635,C501967,cash withdrawal,7712.57,CAD
CA00018779,2025-03-21,BR005,TLR-9784,C503856,cash withdrawal,1628.45,CAD
CA00026201,2025-03-31,BR040,TLR-9729,C503384,cash deposit,733.51,CAD
CA00022073,2025-03-24,BR023,TLR-2972,C503476,cash deposit,370.53,CAD
CA00024968,2025-03-30,BR036,TLR-4635,C500369,cash deposit,684.19,CAD
CA00025279,2025-03-07,BR038,TLR-9703,C502857,cash deposit,1126.97,CAD
CA00022177,2025-03-24,BR024,TLR-9375,C501248,cash withdrawal,1387.55,CAD
CA00019879,2025-03-28,BR010,TLR-6149,C501467,cash deposit,1599.17,CAD
CA00025058,2025-03-15,BR037,TLR-6970,C500814,cash withdrawal,636.75,CAD
CA00021468,2025-03-13,BR019,TLR-9666,C500689,cash withdrawal,461.52,CAD
CA00025295,2025-03-21,BR038,TLR-3470,C503977,cash deposit,2127.28,CAD
CA00018361,2025-03-28,BR003,TLR-1397,C503742,cash deposit,952.56,CAD
CA00025103,2025-03-13,BR037,TLR-8888,C500827,cash withdrawal,1803.11,CAD
CA00017704,2025-03-22,BR001,TLR-4410,C502219,cash deposit,776.4,CAD
CA00020045,2025-03-03,BR012,TLR-7892,C500980,cash deposit,763.58,CAD
CA00024396,2025-03-09,BR034,TLR-2728,C500524,cash deposit,1006.17,CAD
CA00023345,2025-03-17,BR029,TLR-6623,C500864,cash withdrawal,998.42,CAD
CA00026042,2025-03-16,BR040,TLR-8232,C502365,cash withdrawal,440.18,CAD
CA00017785,2025-03-28,BR001,TLR-2628,C501015,cash withdrawal,660.7,CAD
CA00020226,2025-03-27,BR013,TLR-3183,C501023,cash deposit,756.45,CAD
CA00022355,2025-03-07,BR024,TLR-6193,C502898,cash deposit,644.57,CAD
CA00019281,2025-03-31,BR008,TLR-8735,C501079,cash deposit,600.12,CAD
CA00018166,2025-03-06,BR002,TLR-4168,C503668,cash withdrawal,-3860.52,CAD
CA00021976,2025-03-03,BR022,TLR-2551,C501881,cash withdrawal,793.81,CAD
CA00020776,2025-03-04,BR016,TLR-5856,C500561,cash deposit,8248.2,CAD
CA00025599,2025-03-24,BR039,TLR-3148,C501737,cash deposit,1525.97,CAD
CA00019318,2025-03-26,BR008,TLR-5546,C500953,cash withdrawal,243.61,CAD
CA00018409,2025-03-08,BR003,TLR-5971,C501356,cash deposit,1452.05,CAD
CA00019985,2025-03-13,BR012,TLR-9335,C501891,cash deposit,3630.64,CAD
CA00017925,2025-03-06,BR001,TLR-8822,C503343,cash withdrawal,1060.68,CAD
CA00022584,2025-03-13,BR025,TLR-4364,C500328,cash deposit,645.51,CAD
CA00023691,2025-03-31,BR031,TLR-7570,C503130,cash deposit,2936.3,CAD
CA00023388,2025-03-18,BR030,TLR-4624,C503257,cash deposit,3076.41,CAD
CA00017813,2025-03-10,BR001,TLR-6336,C501298,cash deposit,283.66,CAD
CA00024899,2025-03-10,BR036,TLR-4731,C500016,cash deposit,551.37,CAD
CA00018659,2025-03-05,BR004,TLR-7033,C502214,cash deposit,922.37,CAD
CA00025821,2025-03-23,BR040,TLR-8309,C501629,cash deposit,1386.99,CAD
CA00026158,2025-03-09,BR040,TLR-1381,C502415,cash deposit,1678.52,CAD
CA00025783,2025-03-16,BR040,TLR-3384,C503348,cash deposit,475.98,CAD
CA00019734,2025-03-24,BR010,TLR-9411,C501192,cash deposit,1205.61,CAD
CA00020437,2025-03-26,BR014,TLR-6312,C500763,cash deposit,631.54,CAD
CA00022506,2025-03-04,BR025,TLR-1615,C502266,cash deposit,459.84,CAD
CA00023674,2025-03-11,BR031,TLR-7356,C502435,cash deposit,1681.77,CAD
CA00021284,2025-03-09,BR018,TLR-8560,C502611,cash deposit,599.36,CAD
CA00019869,2025-03-19,BR010,TLR-1151,C503078,cash withdrawal,1122.14,CAD
CA00023358,2025-03-19,BR029,TLR-8299,C503778,cash deposit,2426.33,CAD
CA00020275,2025-03-19,BR014,TLR-4161,C503947,cash deposit,437.78,CAD
CA00026150,2025-03-07,BR040,TLR-4241,C503557,cash deposit,633.93,CAD
CA00026073,2025-03-06,BR040,TLR-5381,C502579,cash withdrawal,363.55,CAD
CA00026240,2025-03-24,BR040,TLR-1318,C503714,cash deposit,1410.44,CAD
CA00018568,2025-03-23,BR004,TLR-1688,C500805,cash withdrawal,1018.27,CAD
CA00018626,2025-03-18,BR004,TLR-3826,C500631,cash withdrawal,426.07,CAD
CA00020137,2025-03-28,BR012,TLR-1867,C501564,cash deposit,619.13,CAD
CA00019550,2025-03-30,BR009,TLR-1356,C500981,cash deposit,1374.73,CAD
CA00022802,2025-03-21,BR026,TLR-5466,C503428,cash deposit,1099.39,CAD
CA00023885,2025-03-04,BR031,TLR-5059,C500173,cash deposit,585.36,CAD
CA00021569,2025-03-30,BR019,TLR-7223,C503308,cash deposit,1235.32,CAD
CA00025006,2025-03-01,BR037,TLR-2913,C501422,cash withdrawal,321.75,CAD
CA00017994,2025-03-04,BR001,TLR-6712,C500743,cash deposit,1430.95,CAD
CA00020819,2025-03-04,BR016,TLR-7061,C500278,cash withdrawal,2128.83,CAD
CA00021630,2025-03-29,BR020,TLR-5278,C500329,cash deposit,715.9,USD
CA00023554,2025-03-14,BR030,TLR-6981,C503742,cash deposit,703.39,CAD
CA00019086,2025-03-29,BR007,TLR-2046,C502886,cash withdrawal,398.25,CAD
CA00023997,2025-03-08,BR032,TLR-6200,C503276,cash withdrawal,289.77,CAD
CA00022131,2025-03-06,BR023,TLR-3758,C502286,cash deposit,1470.53,CAD
CA00020967,2025-03-10,BR017,TLR-9976,C501940,cash deposit,962.18,CAD
CA00020566,2025-03-05,BR015,TLR-7827,C502029,cash deposit,748.22,CAD
CA00019660,2025-03-29,BR009,TLR-5772,C502496,cash deposit,938.25,CAD
CA00018464,2025-03-13,BR004,TLR-9148,C501455,cash deposit,1612.14,CAD
CA00021406,2025-03-05,BR019,TLR-6349,C503096,cash deposit,2349.79,CAD
CA00022733,2025-03-30,BR026,TLR-4574,C502173,cash deposit,386.51,CAD
CA00023011,2025-03-11,BR027,TLR-7280,C501645,cash withdrawal,601.43,CAD
CA00021798,2025-03-07,BR021,TLR-5617,C500664,cash deposit,1579.87,CAD
CA00022995,2025-03-20,BR027,TLR-5007,C503740,cash deposit,627.15,CAD
CA00022374,2025-03-01,BR024,TLR-3379,C500186,cash deposit,752.72,CAD
CA00024055,2025-03-18,BR032,TLR-6616,C501930,cash deposit,1005.27,CAD
CA00018316,2025-03-29,BR003,TLR-2870,C502204,cash withdrawal,1018.76,CAD
CA00022516,2025-03-28,BR025,TLR-8919,C501199,cash withdrawal,-787.18,CAD
CA00022667,2025-03-26,BR026,TLR-5414,C502540,cash withdrawal,-694.42,CAD
CA00023558,2025-03-14,BR030,TLR-5416,C501443,cash deposit,1092.02,CAD
CA00019259,2025-03-26,BR007,TLR-4446,C503681,cash withdrawal,577.29,CAD
CA00024038,2025-03-24,BR032,TLR-3823,C503629,cash deposit,889.33,CAD
CA00018152,2025-03-11,BR002,TLR-8113,C502466,cash withdrawal,-661.44,CAD
CA00025544,2025-03-03,BR039,TLR-9344,C503391,cash deposit,982.88,CAD
CA00025535,2025-03-25,BR039,TLR-1165,C503344,cash withdrawal,395.01,CAD
CA00023137,2025-03-19,BR028,TLR-8660,C500371,cash withdrawal,4770.45,CAD
CA00020090,2025-03-29,BR012,TLR-3916,C503976,cash deposit,707.12,CAD
CA00018982,2025-03-11,BR006,TLR-1734,C502962,cash withdrawal,2266.5,CAD
CA00022686,2025-03-31,BR026,TLR-9604,C503822,cash withdrawal,-1456.97,CAD
CA00019640,2025-03-14,BR009,TLR-9877,C501044,cash withdrawal,636.95,CAD
CA00024012,2025-03-27,BR032,TLR-2183,C501916,cash deposit,2241.71,CAD
CA00018706,2025-03-06,BR004,TLR-4983,C503320,cash withdrawal,755.84,CAD
CA00024918,2025-03-28,BR036,TLR-2141,C501535,cash deposit,1383.32,CAD
CA00018274,2025-03-28,BR003,TLR-6340,C500667,cash deposit,408.14,CAD
CA00019921,2025-03-10,BR011,TLR-1719,C503296,cash withdrawal,1751.39,CAD
CA00025287,2025-03-26,BR038,TLR-2655,C502031,cash withdrawal,562.7,CAD
CA00021083,2025-03-28,BR017,TLR-9037,C501751,cash withdrawal,724.15,CAD
CA00021899,2025-03-12,BR021,TLR-5265,C500034,cash withdrawal,425.28,CAD
CA00020848,2025-03-06,BR016,TLR-1475,C503125,cash deposit,1609.21,CAD
CA00023880,2025-03-20,BR031,TLR-3695,C503242,cash deposit,732.33,CAD
CA00019348,2025-03-31,BR008,TLR-3930,C500805,cash deposit,3414.5,CAD
CA00021433,2025-03-30,BR019,TLR-1727,C502245,cash deposit,2268.51,CAD
CA00024538,2025-03-04,BR035,TLR-3609,C501338,cash withdrawal,557.05,CAD
CA00018312,2025-03-23,BR003,TLR-6624,C502378,cash withdrawal,1710.41,CAD
CA00026279,2025-03-12,BR040,TLR-4135,C501290,cash withdrawal,1629.33,CAD
CA00025848,2025-03-24,BR040,TLR-7583,C503778,cash deposit,1670.0,CAD
CA00026185,2025-03-16,BR040,TLR-4011,C501539,cash withdrawal,988.49,CAD
CA00020664,2025-03-04,BR015,TLR-5229,C501648,cash deposit,817.71,CAD
CA00022090,2025-03-14,BR023,TLR-8710,C500345,cash deposit,1124.31,CAD
CA00019906,2025-03-28,BR011,TLR-6887,C500044,cash withdrawal,3625.13,CAD
CA00018834,2025-03-20,BR006,TLR-5743,C503090,cash deposit,1812.71,CAD
CA00023013,2025-03-24,BR027,TLR-8087,C502822,cash deposit,1262.59,CAD
CA00022917,2025-03-03,BR027,TLR-1248,C501930,cash withdrawal,999.25,CAD
CA00023789,2025-03-19,BR031,TLR-6302,C502675,cash withdrawal,748.35,CAD
CA00022467,2025-03-13,BR025,TLR-6846,C501902,cash withdrawal,-296.02,CAD
CA00021279,2025-03-08,BR018,TLR-2984,C501223,cash deposit,877.2,CAD
CA00020276,2025-03-18,BR014,TLR-7513,C500607,cash deposit,563.2,CAD
CA00018191,2025-03-23,BR002,TLR-6691,C503925,cash deposit,578.75,CAD
CA00023860,2025-03-10,BR031,TLR-9383,C503922,cash deposit,3443.44,CAD
CA00018940,2025-03-15,BR006,TLR-4129,C502907,cash withdrawal,1627.9,CAD
CA00023722,2025-03-09,BR031,TLR-2028,C500055,cash withdrawal,959.42,CAD
CA00022714,2025-03-01,BR026,TLR-9655,C502886,cash deposit,1240.11,CAD
CA00018981,2025-03-19,BR006,TLR-1586,C503449,cash deposit,3641.13,CAD
CA00020620,2025-03-11,BR015,TLR-9945,C500894,cash deposit,321.99,CAD
CA00025742,2025-03-08,BR040,TLR-6725,C503938,cash deposit,1605.0,CAD
CA00019490,2025-03-27,BR008,TLR-2906,C500930,cash deposit,2558.36,CAD
CA00025784,2025-03-15,BR040,TLR-9004,C502070,cash withdrawal,1321.28,CAD
CA00018544,2025-03-05,BR004,TLR-2116,C503193,cash deposit,1267.43,CAD
CA00020999,2025-03-12,BR017,TLR-6299,C501188,cash withdrawal,658.04,CAD
CA00026180,2025-03-25,BR040,TLR-2658,C500067,cash deposit,1860.56,CAD
CA00019423,2025-03-03,BR008,TLR-2092,C502441,cash withdrawal,2767.01,CAD
CA00018469,2025-03-20,BR004,TLR-9030,C500976,cash deposit,809.99,CAD
CA00024150,2025-03-16,BR033,TLR-9081,C500116,cash deposit,2310.18,CAD
CA00022935,2025-03-24,BR027,TLR-2108,C501104,cash withdrawal,1364.49,CAD
CA00026120,2025-03-10,BR040,TLR-3742,C502359,cash withdrawal,1492.35,CAD
CA00025083,2025-03-14,BR037,TLR-2909,C500187,cash withdrawal,1018.09,CAD
CA00019711,2025-03-09,BR009,TLR-5084,C500966,cash withdrawal,1355.43,CAD
CA00021187,2025-03-31,BR017,TLR-6671,C502628,cash deposit,1810.14,CAD
CA00025919,2025-03-18,BR040,TLR-7186,C503104,cash withdrawal,1542.55,CAD
CA00022739,2025-03-05,BR026,TLR-9023,C500490,cash withdrawal,-303.25,CAD
CA00018298,2025-03-16,BR003,TLR-1770,C500121,cash withdrawal,321.17,CAD
CA00018811,2025-03-11,BR006,TLR-6696,C502452,cash deposit,366.54,CAD
CA00022228,2025-03-21,BR024,TLR-2094,C501170,cash withdrawal,1458.01,CAD
CA00019912,2025-03-27,BR011,TLR-4095,C503365,cash deposit,849.3,CAD
CA00019148,2025-03-01,BR007,TLR-6368,C501231,cash withdrawal,3634.45,CAD
CA00019606,2025-03-22,BR009,TLR-7674,C501230,cash withdrawal,1705.07,CAD
CA00020710,2025-03-19,BR015,TLR-9057,C500377,cash withdrawal,636.59,CAD
CA00021124,2025-03-08,BR017,TLR-2596,C502082,cash deposit,1564.87,CAD
CA00022588,2025-03-28,BR025,TLR-7583,C503007,cash deposit,1415.96,CAD
CA00021766,2025-03-04,BR020,TLR-3256,C500042,cash deposit,1200.48,USD
CA00023599,2025-03-17,BR030,TLR-3869,C501019,cash deposit,1746.82,CAD
CA00021276,2025-03-15,BR018,TLR-8226,C500570,cash deposit,589.5,CAD
CA00022921,2025-03-06,BR027,TLR-7386,C503962,cash deposit,182.83,CAD
CA00021110,2025-03-01,BR017,TLR-9861,C500187,cash deposit,922.16,CAD
CA00026165,2025-03-30,BR040,TLR-4954,C503950,cash deposit,1342.83,CAD
CA00018293,2025-03-22,BR003,TLR-4725,C500798,cash deposit,1954.21,CAD
CA00020447,2025-03-17,BR014,TLR-2708,C503155,cash withdrawal,404.13,CAD
CA00020916,2025-03-11,BR016,TLR-7004,C500852,cash withdrawal,2175.82,CAD
CA00026247,2025-03-01,BR040,TLR-8058,C502047,cash withdrawal,1314.73,CAD
CA00025092,2025-03-15,BR037,TLR-4312,C503756,cash deposit,584.28,CAD
CA00019583,2025-03-14,BR009,TLR-9929,C501462,cash deposit,1788.93,CAD
CA00019103,2025-03-10,BR007,TLR-2141,C503989,cash deposit,4573.25,CAD
CA00019106,2025-03-26,BR007,TLR-6174,C502820,cash deposit,556.02,CAD
CA00018307,2025-03-25,BR003,TLR-9372,C502891,cash withdrawal,2554.03,CAD
CA00020691,2025-03-25,BR015,TLR-6858,C503704,cash withdrawal,356.4,CAD
CA00021127,2025-03-20,BR017,TLR-6847,C501459,cash withdrawal,455.13,CAD
CA00021153,2025-03-24,BR017,TLR-7340,C503813,cash deposit,2474.27,CAD
CA00022062,2025-03-20,BR023,TLR-2709,C503244,cash withdrawal,1958.5,CAD
CA00022184,2025-03-04,BR024,TLR-9345,C501879,cash deposit,1374.02,CAD
CA00022638,2025-03-30,BR025,TLR-4625,C501334,cash withdrawal,-1336.57,CAD
CA00020257,2025-03-28,BR013,TLR-2927,C502054,cash withdrawal,798.16,CAD
CA00019560,2025-03-16,BR009,TLR-3860,C503605,cash deposit,601.74,CAD
CA00023416,2025-03-02,BR030,TLR-3979,C501637,cash withdrawal,1171.89,CAD
CA00025858,2025-03-01,BR040,TLR-7944,C501955,cash deposit,1414.3,CAD
CA00024463,2025-03-04,BR035,TLR-4590,C500366,cash withdrawal,355.18,CAD
CA00023221,2025-03-27,BR028,TLR-9543,C502020,cash withdrawal,1193.18,CAD
CA00023496,2025-03-20,BR030,TLR-3553,C503867,cash deposit,2143.8,CAD
CA00019784,2025-03-02,BR010,TLR-9250,C500723,cash deposit,788.97,CAD
CA00023455,2025-03-05,BR030,TLR-3900,C501669,cash withdrawal,232.31,CAD
CA00018498,2025-03-28,BR004,TLR-5036,C502588,cash withdrawal,604.33,CAD
CA00026412,2025-03-04,BR040,TLR-9887,C501327,cash deposit,3201.55,CAD
CA00023395,2025-03-19,BR030,TLR-5242,C503466,cash deposit,413.13,CAD
CA00024181,2025-03-10,BR033,TLR-3625,C500166,cash withdrawal,1878.96,CAD
CA00019937,2025-03-24,BR011,TLR-5305,C503548,cash deposit,1495.36,CAD
CA00021844,2025-03-08,BR021,TLR-5610,C501762,cash withdrawal,1632.34,CAD
CA00023321,2025-03-07,BR029,TLR-6206,C501483,cash deposit,621.46,CAD
CA00024347,2025-03-23,BR034,TLR-6617,C503110,cash deposit,1343.8,CAD
CA00024689,2025-03-07,BR036,TLR-7240,C502148,cash deposit,1574.41,CAD
CA00019659,2025-03-30,BR009,TLR-8570,C501625,cash deposit,904.95,CAD
CA00022824,2025-03-26,BR026,TLR-8696,C503247,cash deposit,691.22,CAD
CA00023854,2025-03-12,BR031,TLR-6079,C501579,cash withdrawal,699.19,CAD
CA00023195,2025-03-01,BR028,TLR-7602,C500159,cash withdrawal,690.89,CAD
CA00026407,2025-03-20,BR040,TLR-8962,C500257,cash withdrawal,581.8,CAD
CA00026056,2025-03-09,BR040,TLR-8774,C501928,cash deposit,1021.26,CAD
CA00021566,2025-03-03,BR019,TLR-9156,C501052,cash deposit,900.06,CAD
CA00022044,2025-03-05,BR023,TLR-2262,C500398,cash withdrawal,701.82,CAD
CA00023952,2025-03-15,BR032,TLR-4873,C503781,cash deposit,566.1,CAD
CA00019095,2025-03-07,BR007,TLR-7777,C501241,cash withdrawal,2065.16,CAD
CA00026052,2025-03-25,BR040,TLR-8928,C503871,cash withdrawal,4772.34,CAD
CA00018949,2025-03-21,BR006,TLR-9097,C503567,cash deposit,638.19,CAD
CA00020190,2025-03-29,BR013,TLR-3372,C502463,cash withdrawal,363.8,CAD
CA00022668,2025-03-02,BR026,TLR-8256,C501049,cash deposit,1170.46,CAD
CA00019882,2025-03-05,BR010,TLR-5877,C500661,cash withdrawal,222.63,CAD
CA00017867,2025-03-19,BR001,TLR-5780,C500065,cash deposit,1823.09,CAD
CA00018093,2025-03-08,BR002,TLR-2609,C501989,cash withdrawal,-1013.39,CAD
CA00026038,2025-03-16,BR040,TLR-2256,C503772,cash withdrawal,4904.78,CAD
CA00019294,2025-03-11,BR008,TLR-4547,C503647,cash withdrawal,271.15,CAD
CA00021504,2025-03-02,BR019,TLR-6068,C503871,cash deposit,1918.27,CAD
CA00022608,2025-03-06,BR025,TLR-6637,C500603,cash withdrawal,-852.66,CAD
CA00020147,2025-03-25,BR012,TLR-2024,C500692,cash deposit,653.28,CAD
CA00024695,2025-03-11,BR036,TLR-4607,C500162,cash deposit,1036.16,CAD
CA00025824,2025-03-05,BR040,TLR-5255,C502642,cash withdrawal,2414.93,CAD
CA00023623,2025-03-10,BR030,TLR-1423,C501496,cash withdrawal,441.96,CAD
CA00025031,2025-03-03,BR037,TLR-1481,C500382,cash withdrawal,1966.59,CAD
CA00021141,2025-03-23,BR017,TLR-4898,C503981,cash withdrawal,343.08,CAD
CA00022136,2025-03-27,BR023,TLR-7200,C502122,cash deposit,1237.16,CAD
CA00025780,2025-03-13,BR040,TLR-1932,C503216,cash deposit,667.84,CAD
CA00019850,2025-03-30,BR010,TLR-7085,C503367,cash withdrawal,1130.4,CAD
CA00022989,2025-03-25,BR027,TLR-9789,C503293,cash deposit,1614.08,CAD
CA00020854,2025-03-15,BR016,TLR-8434,C501872,cash deposit,1715.04,CAD
CA00017741,2025-03-25,BR001,TLR-3648,C501446,cash deposit,427.31,CAD
CA00025353,2025-03-10,BR038,TLR-5258,C502076,cash withdrawal,1226.2,CAD
CA00024078,2025-03-31,BR033,TLR-3168,C502140,cash deposit,632.06,CAD
CA00023377,2025-03-12,BR030,TLR-4513,C502807,cash deposit,4596.04,CAD
CA00020563,2025-03-12,BR015,TLR-5570,C500529,cash deposit,633.34,CAD
CA00025475,2025-03-04,BR039,TLR-6084,C501199,cash withdrawal,2221.28,CAD
CA00017916,2025-03-19,BR001,TLR-1550,C500543,cash withdrawal,1299.39,CAD
CA00024423,2025-03-07,BR035,TLR-4690,C501244,cash withdrawal,1343.17,CAD
CA00022218,2025-03-23,BR024,TLR-2208,C502167,cash deposit,680.74,CAD
CA00020657,2025-03-05,BR015,TLR-5073,C502394,cash withdrawal,1750.23,CAD
CA00020672,2025-03-27,BR015,TLR-9750,C502262,cash withdrawal,497.27,CAD
CA00025800,2025-03-13,BR040,TLR-9666,C501418,cash deposit,858.41,CAD
CA00023983,2025-03-27,BR032,TLR-5590,C501590,cash deposit,847.05,CAD
CA00022722,2025-03-29,BR026,TLR-8374,C502337,cash deposit,975.34,CAD
CA00017890,2025-03-24,BR001,TLR-6236,C503268,cash withdrawal,3262.92,CAD
CA00023585,2025-03-31,BR030,TLR-7201,C503022,cash withdrawal,744.98,CAD
CA00025774,2025-03-01,BR040,TLR-6147,C501613,cash deposit,357.0,CAD
CA00025730,2025-03-08,BR040,TLR-9424,C501418,cash withdrawal,549.23,CAD
CA00024813,2025-03-14,BR036,TLR-6599,C501393,cash deposit,901.94,CAD
CA00023366,2025-03-02,BR030,TLR-6436,C503635,cash deposit,420.65,CAD
CA00024041,2025-03-11,BR032,TLR-8955,C500904,cash withdrawal,1432.87,CAD
CA00022420,2025-03-10,BR024,TLR-1200,C503610,cash withdrawal,1995.23,CAD
CA00025255,2025-03-27,BR038,TLR-4747,C500897,cash deposit,2917.05,CAD
CA00024242,2025-03-22,BR034,TLR-9664,C500649,cash withdrawal,849.98,CAD
CA00023367,2025-03-22,BR030,TLR-7965,C502978,cash withdrawal,488.27,CAD
CA00019376,2025-03-08,BR008,TLR-4657,C502689,cash deposit,939.31,CAD
CA00024164,2025-03-07,BR033,TLR-3806,C500961,cash deposit,512.2,CAD
CA00025775,2025-03-16,BR040,TLR-8549,C503627,cash withdrawal,974.22,CAD
CA00025216,2025-03-08,BR037,TLR-6455,C503785,cash deposit,1237.2,CAD
CA00019833,2025-03-27,BR010,TLR-7122,C502273,cash withdrawal,1501.36,CAD
CA00019135,2025-03-16,BR007,TLR-9042,C502791,cash withdrawal,1519.31,CAD
CA00024489,2025-03-12,BR035,TLR-3185,C501265,cash deposit,785.44,CAD
CA00020740,2025-03-25,BR015,TLR-7001,C500961,cash withdrawal,1529.06,CAD
CA00018117,2025-03-24,BR002,TLR-9546,C501729,cash deposit,705.34,CAD
CA00025123,2025-03-29,BR037,TLR-6427,C503493,cash withdrawal,398.27,CAD
CA00022716,2025-03-18,BR026,TLR-9420,C502704,cash withdrawal,-330.18,CAD
CA00019416,2025-03-02,BR008,TLR-8876,C500333,cash deposit,2083.24,CAD
CA00018343,2025-03-07,BR003,TLR-6171,C503515,cash withdrawal,965.07,CAD
CA00025055,2025-03-06,BR037,TLR-2073,C501096,cash deposit,885.46,CAD
CA00017882,2025-03-16,BR001,TLR-6698,C500712,cash deposit,1730.87,CAD
CA00024074,2025-03-19,BR033,TLR-3850,C502123,cash withdrawal,877.33,CAD
CA00025555,2025-03-09,BR039,TLR-4229,C502147,cash deposit,1006.83,CAD
CA00018780,2025-03-25,BR005,TLR-5660,C500147,cash withdrawal,4166.78,CAD
CA00020610,2025-03-20,BR015,TLR-9020,C501490,cash withdrawal,1153.63,CAD
CA00022853,2025-03-31,BR026,TLR-2888,C501534,cash withdrawal,-361.42,CAD
CA00021747,2025-03-03,BR020,TLR-4347,C500068,cash deposit,397.09,USD
CA00018907,2025-03-28,BR006,TLR-8010,C500142,cash deposit,2643.11,CAD
CA00019745,2025-03-01,BR010,TLR-3250,C500587,cash deposit,1309.88,CAD
CA00021675,2025-03-14,BR020,TLR-3904,C502588,cash deposit,1815.97,USD
CA00019516,2025-03-17,BR009,TLR-8955,C503211,cash withdrawal,941.67,CAD
CA00021791,2025-03-22,BR021,TLR-5881,C502676,cash deposit,305.77,CAD
CA00026361,2025-03-12,BR040,TLR-4843,C501445,cash deposit,1446.41,CAD
CA00022012,2025-03-13,BR022,TLR-9400,C502419,cash deposit,280.17,CAD
CA00025511,2025-03-12,BR039,TLR-9585,C501805,cash withdrawal,1996.94,CAD
CA00017780,2025-03-12,BR001,TLR-6588,C503615,cash deposit,345.1,CAD
CA00022043,2025-03-27,BR023,TLR-5694,C500892,cash withdrawal,264.55,CAD
CA00026340,2025-03-27,BR040,TLR-7384,C501812,cash withdrawal,614.39,CAD
CA00020061,2025-03-25,BR012,TLR-1772,C502718,cash withdrawal,2482.84,CAD
CA00024066,2025-03-30,BR032,TLR-1782,C502151,cash withdrawal,1258.22,CAD
CA00018480,2025-03-13,BR004,TLR-7409,C502231,cash withdrawal,847.3,CAD
CA00026406,2025-03-20,BR040,TLR-7544,C503731,cash deposit,1732.09,CAD
CA00025381,2025-03-29,BR038,TLR-7416,C503884,cash deposit,2682.45,CAD
CA00018484,2025-03-25,BR004,TLR-4436,C503982,cash withdrawal,2032.27,CAD
CA00024835,2025-03-26,BR036,TLR-1188,C501918,cash withdrawal,1360.6,CAD
CA00024560,2025-03-20,BR035,TLR-6207,C500081,cash withdrawal,489.19,CAD
CA00024314,2025-03-18,BR034,TLR-8714,C500608,cash deposit,3334.87,CAD
CA00022552,2025-03-10,BR025,TLR-1472,C500053,cash deposit,1521.53,CAD
CA00018504,2025-03-28,BR004,TLR-5832,C500129,cash withdrawal,1366.26,CAD
CA00021527,2025-03-10,BR019,TLR-9181,C501946,cash deposit,561.87,CAD
CA00024445,2025-03-18,BR035,TLR-6654,C501383,cash deposit,2163.94,CAD
CA00019526,2025-03-10,BR009,TLR-9286,C501671,cash deposit,1169.52,CAD
CA00020502,2025-03-29,BR014,TLR-3189,C503791,cash withdrawal,1513.33,CAD
CA00026304,2025-03-01,BR040,TLR-7916,C500169,cash withdrawal,214.26,CAD
CA00024563,2025-03-31,BR035,TLR-8623,C502305,cash deposit,562.37,CAD
CA00025816,2025-03-11,BR040,TLR-9131,C500661,cash deposit,808.78,CAD
CA00019672,2025-03-23,BR009,TLR-6374,C501747,cash deposit,996.8,CAD
CA00023378,2025-03-12,BR030,TLR-4320,C500887,cash deposit,962.55,CAD
CA00022872,2025-03-18,BR026,TLR-8355,C502806,cash deposit,2026.37,CAD
CA00025143,2025-03-08,BR037,TLR-3731,C500158,cash withdrawal,1293.1,CAD
CA00026284,2025-03-10,BR040,TLR-7651,C503609,cash deposit,829.24,CAD
CA00019653,2025-03-13,BR009,TLR-1997,C502835,cash deposit,1155.76,CAD
CA00025135,2025-03-02,BR037,TLR-2801,C501044,cash withdrawal,1520.7,CAD
CA00021074,2025-03-28,BR017,TLR-5777,C503088,cash deposit,252.54,CAD
CA00025483,2025-03-09,BR039,TLR-4672,C501956,cash withdrawal,521.17,CAD
CA00024419,2025-03-28,BR035,TLR-1301,C500024,cash withdrawal,1446.83,CAD
CA00025376,2025-03-12,BR038,TLR-7726,C502718,cash withdrawal,582.79,CAD
CA00022394,2025-03-09,BR024,TLR-2162,C501212,cash withdrawal,1093.38,CAD
CA00024063,2025-03-28,BR032,TLR-2493,C502908,cash deposit,672.47,CAD
CA00019425,2025-03-17,BR008,TLR-1973,C503368,cash withdrawal,533.31,CAD
CA00021239,2025-03-09,BR018,TLR-8875,C502148,cash withdrawal,2261.65,CAD
CA00019714,2025-03-16,BR009,TLR-9319,C500927,cash withdrawal,838.33,CAD
CA00018980,2025-03-27,BR006,TLR-6985,C500183,cash withdrawal,411.78,CAD
CA00024526,2025-03-07,BR035,TLR-2255,C503311,cash withdrawal,1245.76,CAD
CA00021700,2025-03-07,BR020,TLR-5951,C503451,cash deposit,314.49,USD
CA00024494,2025-03-26,BR035,TLR-4259,C502720,cash withdrawal,353.51,CAD
CA00024860,2025-03-18,BR036,TLR-7409,C501880,cash deposit,1278.9,CAD
CA00017716,2025-03-27,BR001,TLR-2207,C502516,cash withdrawal,565.4,CAD
CA00025220,2025-03-14,BR037,TLR-4913,C500068,cash deposit,543.37,CAD
CA00021070,2025-03-11,BR017,TLR-8960,C502101,cash deposit,877.61,CAD
CA00022656,2025-03-01,BR026,TLR-4573,C503659,cash deposit,2118.45,CAD
CA00021580,2025-03-30,BR020,TLR-8889,C503188,cash withdrawal,374.04,USD
CA00019829,2025-03-03,BR010,TLR-7599,C501134,cash deposit,2882.6,CAD
CA00019499,2025-03-05,BR008,TLR-4801,C500591,cash withdrawal,1887.81,CAD
CA00024315,2025-03-17,BR034,TLR-2907,C500673,cash withdrawal,1043.01,CAD
CA00017737,2025-03-28,BR001,TLR-8841,C502114,cash withdrawal,1929.77,CAD
CA00018978,2025-03-14,BR006,TLR-4988,C502188,cash deposit,142.68,CAD
CA00024031,2025-03-29,BR032,TLR-2945,C502696,cash withdrawal,1392.69,CAD
CA00024872,2025-03-18,BR036,TLR-5552,C500258,cash withdrawal,1280.01,CAD
CA00018884,2025-03-02,BR006,TLR-8966,C502641,cash withdrawal,3772.15,CAD
CA00024309,2025-03-15,BR034,TLR-9433,C501410,cash withdrawal,601.9,CAD
CA00018513,2025-03-27,BR004,TLR-6283,C502587,cash withdrawal,780.19,CAD
CA00019173,2025-03-11,BR007,TLR-4930,C502112,cash deposit,493.37,CAD
CA00023677,2025-03-31,BR031,TLR-6668,C501373,cash withdrawal,397.66,CAD
CA00024976,2025-03-07,BR036,TLR-8459,C500368,cash withdrawal,1751.75,CAD
CA00025721,2025-03-04,BR040,TLR-1719,C501552,cash withdrawal,480.36,CAD
CA00019492,2025-03-14,BR008,TLR-5976,C501627,cash withdrawal,654.01,CAD
CA00019297,2025-03-01,BR008,TLR-9374,C500536,cash deposit,1149.71,CAD
CA00021683,2025-03-04,BR020,TLR-6716,C503416,cash deposit,845.92,USD
CA00018028,2025-03-05,BR002,TLR-7327,C502097,cash deposit,751.41,CAD
CA00018501,2025-03-20,BR004,TLR-8510,C500104,cash withdrawal,1181.82,CAD
CA00022905,2025-03-23,BR026,TLR-7174,C501977,cash withdrawal,-817.13,CAD
CA00018745,2025-03-11,BR005,TLR-4207,C500321,cash deposit,1110.43,CAD
CA00024110,2025-03-04,BR033,TLR-1068,C500843,cash deposit,668.31,CAD
CA00020451,2025-03-17,BR014,TLR-1008,C501437,cash deposit,1976.26,CAD
CA00020030,2025-03-11,BR012,TLR-9150,C500346,cash withdrawal,588.36,CAD
CA00026239,2025-03-20,BR040,TLR-6827,C502410,cash deposit,821.87,CAD
CA00017718,2025-03-23,BR001,TLR-2921,C501458,cash withdrawal,2634.2,CAD
CA00022843,2025-03-04,BR026,TLR-7162,C500051,cash deposit,891.04,CAD
CA00024773,2025-03-12,BR036,TLR-3604,C502221,cash withdrawal,931.09,CAD
CA00025509,2025-03-08,BR039,TLR-6684,C501609,cash deposit,943.4,CAD
CA00025066,2025-03-01,BR037,TLR-7437,C501330,cash deposit,1841.87,CAD
CA00020181,2025-03-18,BR013,TLR-2595,C502901,cash withdrawal,524.82,CAD
CA00020500,2025-03-21,BR014,TLR-2529,C500161,cash withdrawal,813.78,CAD
CA00019428,2025-03-18,BR008,TLR-6550,C500902,cash deposit,957.22,CAD
CA00025998,2025-03-17,BR040,TLR-8638,C503439,cash withdrawal,398.29,CAD
CA00023085,2025-03-05,BR027,TLR-2236,C503844,cash deposit,334.54,CAD
CA00019509,2025-03-04,BR008,TLR-4541,C502288,cash withdrawal,967.22,CAD
CA00017961,2025-03-23,BR001,TLR-4823,C503808,cash deposit,581.5,CAD
CA00026490,2025-03-23,BR040,TLR-9853,C502026,cash withdrawal,3245.08,CAD
CA00017784,2025-03-06,BR001,TLR-5556,C503622,cash deposit,745.5,CAD
CA00021473,2025-03-25,BR019,TLR-8350,C502270,cash deposit,1423.88,CAD
CA00025582,2025-03-18,BR039,TLR-2733,C501830,cash withdrawal,959.94,CAD
CA00024342,2025-03-30,BR034,TLR-1645,C501536,cash deposit,497.13,CAD
CA00021277,2025-03-08,BR018,TLR-8077,C502180,cash deposit,3030.05,CAD
CA00018115,2025-03-22,BR002,TLR-6957,C503521,cash deposit,915.6,CAD
CA00021581,2025-03-21,BR020,TLR-1698,C503924,cash withdrawal,695.7,USD
CA00025736,2025-03-08,BR040,TLR-2329,C502017,cash withdrawal,2032.57,CAD
CA00020098,2025-03-27,BR012,TLR-8214,C500146,cash withdrawal,1295.3,CAD
CA00025770,2025-03-14,BR040,TLR-4541,C501000,cash withdrawal,812.41,CAD
CA00021481,2025-03-21,BR019,TLR-6557,C500514,cash deposit,569.6,CAD
CA00018382,2025-03-18,BR003,TLR-5873,C503702,cash deposit,1271.31,CAD
CA00021657,2025-03-07,BR020,TLR-9171,C500294,cash withdrawal,847.04,USD
CA00022200,2025-03-05,BR024,TLR-1035,C503409,cash deposit,1080.48,CAD
CA00023622,2025-03-03,BR030,TLR-8830,C500926,cash withdrawal,2017.55,CAD
CA00020695,2025-03-08,BR015,TLR-7865,C500054,cash deposit,417.73,CAD
CA00019343,2025-03-08,BR008,TLR-6494,C501517,cash withdrawal,1310.61,CAD
CA00019349,2025-03-27,BR008,TLR-5737,C501080,cash deposit,1476.3,CAD
CA00021399,2025-03-07,BR019,TLR-5172,C502341,cash deposit,2232.71,CAD
CA00021943,2025-03-17,BR021,TLR-9254,C501545,cash deposit,1190.82,CAD
CA00019395,2025-03-29,BR008,TLR-9459,C501433,cash withdrawal,1116.51,CAD
CA00026101,2025-03-25,BR040,TLR-1844,C502754,cash withdrawal,479.91,CAD
CA00021107,2025-03-21,BR017,TLR-9231,C500039,cash withdrawal,935.56,CAD
CA00022952,2025-03-18,BR027,TLR-9076,C501445,cash withdrawal,486.63,CAD
CA00018547,2025-03-03,BR004,TLR-5807,C500717,cash withdrawal,1223.39,CAD
CA00019077,2025-03-14,BR007,TLR-8325,C503593,cash withdrawal,1547.11,CAD
CA00025910,2025-03-29,BR040,TLR-9471,C502552,cash deposit,1876.25,CAD
CA00022197,2025-03-12,BR024,TLR-5286,C503142,cash withdrawal,226.2,CAD
CA00024796,2025-03-21,BR036,TLR-9900,C501014,cash withdrawal,1014.37,CAD
CA00021350,2025-03-06,BR019,TLR-9055,C500855,cash deposit,1158.22,CAD
CA00019684,2025-03-26,BR009,TLR-3909,C501813,cash deposit,480.43,CAD
CA00023337,2025-03-22,BR029,TLR-6948,C501825,cash withdrawal,735.63,CAD
CA00019948,2025-03-05,BR011,TLR-3794,C500031,cash withdrawal,930.48,CAD
CA00018116,2025-03-19,BR002,TLR-1504,C500587,cash withdrawal,-1520.34,CAD
CA00019557,2025-03-30,BR009,TLR-7743,C503819,cash withdrawal,355.85,CAD
CA00026202,2025-03-31,BR040,TLR-5772,C501212,cash withdrawal,1212.87,CAD
CA00018533,2025-03-08,BR004,TLR-5178,C501469,cash withdrawal,826.4,CAD
CA00026005,2025-03-07,BR040,TLR-3522,C503161,cash withdrawal,1887.99,CAD
CA00023863,2025-03-09,BR031,TLR-3715,C503332,cash withdrawal,1587.02,CAD
CA00022356,2025-03-11,BR024,TLR-7229,C501628,cash withdrawal,952.95,CAD
CA00021978,2025-03-18,BR022,TLR-3655,C500617,cash deposit,2613.99,CAD
CA00022495,2025-03-10,BR025,TLR-1589,C502656,cash withdrawal,-11609.34,CAD
CA00018107,2025-03-12,BR002,TLR-6808,C503395,cash withdrawal,-1096.49,CAD
CA00018335,2025-03-03,BR003,TLR-5293,C503190,cash deposit,1537.25,CAD
CA00020318,2025-03-01,BR014,TLR-2192,C502019,cash withdrawal,1149.19,CAD
CA00024289,2025-03-09,BR034,TLR-8314,C500094,cash deposit,1730.52,CAD
CA00017767,2025-03-28,BR001,TLR-5286,C500973,cash deposit,1061.6,CAD
CA00025943,2025-03-21,BR040,TLR-1254,C502555,cash deposit,1122.15,CAD
CA00018120,2025-03-09,BR002,TLR-7438,C502620,cash withdrawal,-343.26,CAD
CA00021867,2025-03-23,BR021,TLR-4928,C503004,cash withdrawal,1010.98,CAD
CA00018258,2025-03-05,BR003,TLR-6517,C502263,cash withdrawal,621.98,CAD
CA00023194,2025-03-20,BR028,TLR-3242,C500118,cash withdrawal,1479.0,CAD
CA00023647,2025-03-09,BR030,TLR-5498,C500223,cash deposit,528.4,CAD
CA00020989,2025-03-07,BR017,TLR-4997,C501155,cash deposit,1072.09,CAD
CA00018885,2025-03-12,BR006,TLR-2410,C503420,cash withdrawal,692.98,CAD
CA00023992,2025-03-05,BR032,TLR-6922,C500265,cash withdrawal,156.77,CAD
CA00023306,2025-03-08,BR029,TLR-9067,C500593,cash withdrawal,3196.13,CAD
CA00022987,2025-03-06,BR027,TLR-6885,C503269,cash withdrawal,257.87,CAD
CA00022403,2025-03-09,BR024,TLR-9612,C500297,cash deposit,1258.67,CAD
CA00021272,2025-03-26,BR018,TLR-3270,C500414,cash withdrawal,774.11,CAD
CA00020600,2025-03-27,BR015,TLR-6221,C500625,cash withdrawal,6478.84,CAD
CA00017838,2025-03-20,BR001,TLR-7366,C501796,cash deposit,7760.55,CAD
CA00021802,2025-03-03,BR021,TLR-9035,C503699,cash deposit,1261.37,CAD
CA00018003,2025-03-20,BR001,TLR-5742,C501128,cash deposit,579.27,CAD
CA00021090,2025-03-04,BR017,TLR-2165,C503777,cash deposit,832.96,CAD
CA00017846,2025-03-16,BR001,TLR-1234,C501200,cash withdrawal,390.59,CAD
CA00020665,2025-03-26,BR015,TLR-8812,C500625,cash deposit,2214.72,CAD
CA00025852,2025-03-16,BR040,TLR-6455,C502347,cash withdrawal,666.04,CAD
CA00022000,2025-03-25,BR022,TLR-1432,C502150,cash deposit,720.77,CAD
CA00024701,2025-03-10,BR036,TLR-7837,C500821,cash withdrawal,353.03,CAD
CA00024778,2025-03-06,BR036,TLR-2901,C501477,cash withdrawal,2860.75,CAD
CA00021415,2025-03-12,BR019,TLR-4606,C502994,cash deposit,181.03,CAD
CA00026546,2025-03-07,BR040,TLR-5405,C502063,cash deposit,4427.56,CAD
CA00021888,2025-03-17,BR021,TLR-8024,C503866,cash withdrawal,1343.98,CAD
CA00018150,2025-03-04,BR002,TLR-9160,C501616,cash withdrawal,-2855.61,CAD
CA00025206,2025-03-15,BR037,TLR-3783,C503890,cash deposit,920.94,CAD
CA00020705,2025-03-21,BR015,TLR-1984,C503111,cash withdrawal,1301.3,CAD
CA00026400,2025-03-26,BR040,TLR-6136,C500379,cash withdrawal,517.74,CAD
CA00018823,2025-03-29,BR006,TLR-4591,C500823,cash withdrawal,910.35,CAD
CA00023617,2025-03-10,BR030,TLR-2799,C500479,cash withdrawal,749.65,CAD
CA00021157,2025-03-07,BR017,TLR-3875,C500037,cash withdrawal,2943.48,CAD
CA00021746,2025-03-18,BR020,TLR-5782,C501802,cash deposit,945.81,USD
CA00026378,2025-03-10,BR040,TLR-1194,C501007,cash deposit,884.67,CAD
CA00025392,2025-03-07,BR038,TLR-3148,C503090,cash withdrawal,2467.76,CAD
CA00020880,2025-03-02,BR016,TLR-6377,C501346,cash withdrawal,368.29,CAD
CA00019899,2025-03-20,BR011,TLR-7818,C502716,cash deposit,559.36,CAD
CA00019278,2025-03-03,BR007,TLR-4581,C503422,cash withdrawal,897.25,CAD
CA00022070,2025-03-06,BR023,TLR-2993,C501570,cash deposit,2761.51,CAD
CA00022154,2025-03-19,BR023,TLR-8524,C501418,cash deposit,669.34,CAD
CA00018563,2025-03-14,BR004,TLR-5999,C500701,cash deposit,651.7,CAD
CA00024274,2025-03-23,BR034,TLR-4855,C500760,cash deposit,3535.56,CAD
CA00023543,2025-03-26,BR030,TLR-5920,C503520,cash withdrawal,1910.33,CAD
CA00023562,2025-03-21,BR030,TLR-9128,C503067,cash deposit,980.91,CAD
CA00023117,2025-03-21,BR028,TLR-5557,C502064,cash deposit,1285.84,CAD
CA00019731,2025-03-04,BR010,TLR-7836,C502800,cash withdrawal,1821.2,CAD
CA00025153,2025-03-05,BR037,TLR-3472,C501294,cash withdrawal,1338.07,CAD
CA00023072,2025-03-29,BR027,TLR-7932,C503459,cash withdrawal,439.35,CAD
CA00017786,2025-03-20,BR001,TLR-8511,C500048,cash deposit,1637.41,CAD
CA00021068,2025-03-01,BR017,TLR-3801,C503105,cash deposit,3191.09,CAD
CA00018267,2025-03-01,BR003,TLR-5579,C500692,cash deposit,1021.36,CAD
CA00020293,2025-03-09,BR014,TLR-4260,C502924,cash withdrawal,1191.16,CAD
CA00021664,2025-03-26,BR020,TLR-9275,C501155,cash withdrawal,789.65,USD
CA00019249,2025-03-29,BR007,TLR-7716,C500704,cash deposit,298.17,CAD
CA00022493,2025-03-29,BR025,TLR-9391,C500665,cash withdrawal,-526.95,CAD
CA00019264,2025-03-26,BR007,TLR-2780,C501146,cash withdrawal,495.84,CAD
CA00021615,2025-03-05,BR020,TLR-5158,C501079,cash deposit,337.55,USD
CA00023139,2025-03-18,BR028,TLR-2438,C500502,cash withdrawal,1783.6,CAD
CA00018717,2025-03-11,BR004,TLR-9363,C501985,cash deposit,468.48,CAD
CA00026414,2025-03-10,BR040,TLR-7118,C500442,cash deposit,755.65,CAD
CA00023975,2025-03-12,BR032,TLR-3247,C503253,cash withdrawal,920.12,CAD
CA00019391,2025-03-08,BR008,TLR-9611,C501277,cash deposit,672.69,CAD
CA00019530,2025-03-23,BR009,TLR-3578,C500438,cash deposit,990.11,CAD
CA00021646,2025-03-28,BR020,TLR-4996,C503908,cash deposit,382.99,USD
CA00021796,2025-03-02,BR021,TLR-1412,C502772,cash withdrawal,1688.33,CAD
CA00025377,2025-03-03,BR038,TLR-5128,C500979,cash withdrawal,1154.83,CAD
CA00021337,2025-03-14,BR018,TLR-8154,C503566,cash withdrawal,1918.27,CAD
CA00025746,2025-03-21,BR040,TLR-3291,C500352,cash withdrawal,364.78,CAD
CA00019353,2025-03-24,BR008,TLR-5211,C502592,cash withdrawal,1008.31,CAD
CA00024869,2025-03-13,BR036,TLR-5942,C503592,cash withdrawal,1634.29,CAD
CA00023851,2025-03-13,BR031,TLR-3180,C501528,cash withdrawal,836.8,CAD
CA00018207,2025-03-25,BR002,TLR-6439,C500876,cash deposit,508.63,CAD
CA00023716,2025-03-18,BR031,TLR-6517,C503837,cash withdrawal,721.77,CAD
CA00019119,2025-03-07,BR007,TLR-8937,C501097,cash withdrawal,1830.41,CAD
CA00021202,2025-03-06,BR017,TLR-2171,C500685,cash withdrawal,1000.37,CAD
CA00024801,2025-03-22,BR036,TLR-8739,C501481,cash withdrawal,907.44,CAD
CA00025564,2025-03-24,BR039,TLR-9868,C503512,cash deposit,773.2,CAD
CA00018390,2025-03-06,BR003,TLR-3837,C502123,cash withdrawal,283.31,CAD
CA00020136,2025-03-17,BR012,TLR-2525,C502035,cash deposit,726.96,CAD
CA00023729,2025-03-08,BR031,TLR-6376,C503874,cash deposit,5566.25,CAD
CA00021945,2025-03-22,BR021,TLR-4936,C503881,cash deposit,4934.34,CAD
CA00018630,2025-03-03,BR004,TLR-6999,C503999,cash deposit,1214.58,CAD
CA00026267,2025-03-10,BR040,TLR-3899,C503897,cash deposit,250.69,CAD
CA00020993,2025-03-26,BR017,TLR-8672,C502314,cash withdrawal,1725.66,CAD
CA00022711,2025-03-15,BR026,TLR-1911,C500236,cash deposit,2126.92,CAD
CA00023778,2025-03-24,BR031,TLR-1852,C500472,cash deposit,482.63,CAD
CA00026539,2025-03-01,BR040,TLR-8551,C503108,cash deposit,1491.63,CAD
CA00021437,2025-03-22,BR019,TLR-7369,C502198,cash withdrawal,1303.42,CAD
CA00023769,2025-03-23,BR031,TLR-5938,C501101,cash deposit,443.43,CAD
CA00023764,2025-03-16,BR031,TLR-3485,C502878,cash withdrawal,1319.29,CAD
CA00020114,2025-03-08,BR012,TLR-6186,C500948,cash withdrawal,712.83,CAD
CA00020116,2025-03-09,BR012,TLR-1519,C500091,cash deposit,584.43,CAD
CA00023101,2025-03-09,BR028,TLR-5686,C500916,cash withdrawal,1100.77,CAD
CA00026288,2025-03-16,BR040,TLR-9981,C500934,cash deposit,1367.64,CAD
CA00023231,2025-03-14,BR028,TLR-7835,C503273,cash deposit,1955.08,CAD
CA00024408,2025-03-01,BR035,TLR-5361,C503651,cash deposit,976.32,CAD
CA00019723,2025-03-03,BR009,TLR-8245,C500610,cash deposit,760.77,CAD
CA00021298,2025-03-07,BR018,TLR-4137,C501719,cash withdrawal,1283.45,CAD
CA00021432,2025-03-24,BR019,TLR-4630,C501572,cash withdrawal,6316.56,CAD
CA00021010,2025-03-31,BR017,TLR-4847,C501485,cash withdrawal,383.49,CAD
CA00019851,2025-03-25,BR010,TLR-9095,C502403,cash withdrawal,1020.02,CAD
CA00020508,2025-03-19,BR014,TLR-5043,C501074,cash withdrawal,2040.72,CAD
CA00026261,2025-03-15,BR040,TLR-2897,C501957,cash deposit,1990.97,CAD
CA00019491,2025-03-27,BR008,TLR-7217,C503932,cash deposit,1408.52,CAD
CA00020990,2025-03-26,BR017,TLR-8027,C502260,cash deposit,505.49,CAD
CA00024910,2025-03-12,BR036,TLR-5516,C500241,cash withdrawal,771.73,CAD
CA00020998,2025-03-30,BR017,TLR-9334,C503714,cash deposit,4561.37,CAD
CA00019802,2025-03-11,BR010,TLR-8178,C503694,cash deposit,433.96,CAD
CA00024037,2025-03-27,BR032,TLR-4177,C501294,cash deposit,633.15,CAD
CA00024033,2025-03-02,BR032,TLR-2348,C503084,cash deposit,1881.43,CAD
CA00024261,2025-03-12,BR034,TLR-6768,C501579,cash withdrawal,1195.21,CAD
CA00024576,2025-03-06,BR035,TLR-7729,C500781,cash withdrawal,673.72,CAD
CA00019894,2025-03-05,BR010,TLR-1447,C500773,cash withdrawal,1876.65,CAD
CA00021271,2025-03-17,BR018,TLR-4899,C500526,cash deposit,2692.25,CAD
CA00021561,2025-03-07,BR019,TLR-2190,C501328,cash deposit,2243.47,CAD
CA00026012,2025-03-29,BR040,TLR-4598,C501255,cash withdrawal,1097.7,CAD
CA00022538,2025-03-27,BR025,TLR-4500,C503527,cash withdrawal,-2085.44,CAD
CA00020935,2025-03-21,BR016,TLR-5561,C500177,cash withdrawal,296.86,CAD
CA00017888,2025-03-15,BR001,TLR-2884,C501670,cash withdrawal,1209.09,CAD
CA00024787,2025-03-09,BR036,TLR-6871,C503430,cash withdrawal,5032.15,CAD
CA00021326,2025-03-15,BR018,TLR-9402,C503860,cash withdrawal,996.59,CAD
CA00020373,2025-03-23,BR014,TLR-5504,C502313,cash deposit,742.57,CAD
CA00018348,2025-03-10,BR003,TLR-8494,C501757,cash deposit,1276.55,CAD
CA00020496,2025-03-05,BR014,TLR-2879,C501137,cash deposit,1060.32,CAD
CA00021421,2025-03-29,BR019,TLR-8864,C500295,cash deposit,3499.49,CAD
CA00018459,2025-03-22,BR004,TLR-4230,C500721,cash withdrawal,1446.89,CAD
CA00020690,2025-03-11,BR015,TLR-7032,C502479,cash withdrawal,1669.59,CAD
CA00023347,2025-03-27,BR029,TLR-1048,C503891,cash deposit,329.48,CAD
CA00017770,2025-03-02,BR001,TLR-9064,C503953,cash withdrawal,1645.13,CAD
CA00025859,2025-03-28,BR040,TLR-6311,C502400,cash withdrawal,523.61,CAD
CA00025084,2025-03-05,BR037,TLR-4214,C503463,cash deposit,629.15,CAD
CA00021338,2025-03-27,BR018,TLR-3388,C501834,cash deposit,375.47,CAD
CA00020483,2025-03-25,BR014,TLR-6377,C502535,cash deposit,2376.49,CAD
CA00018764,2025-03-19,BR005,TLR-8720,C502188,cash deposit,2534.33,CAD
CA00019051,2025-03-22,BR006,TLR-7563,C502068,cash deposit,551.22,CAD
CA00023576,2025-03-27,BR030,TLR-3066,C502482,cash deposit,2350.25,CAD
CA00020285,2025-03-16,BR014,TLR-9674,C501157,cash withdrawal,1645.42,CAD
CA00019356,2025-03-13,BR008,TLR-1900,C503502,cash withdrawal,324.66,CAD
CA00024218,2025-03-10,BR033,TLR-1630,C500451,cash deposit,2151.22,CAD
CA00017857,2025-03-21,BR001,TLR-9154,C503578,cash withdrawal,875.47,CAD
CA00025256,2025-03-12,BR038,TLR-5716,C502437,cash withdrawal,3191.63,CAD
CA00020084,2025-03-30,BR012,TLR-8008,C503346,cash deposit,1607.26,CAD
CA00022112,2025-03-25,BR023,TLR-4486,C502324,cash deposit,2085.32,CAD
CA00020727,2025-03-31,BR015,TLR-1006,C501069,cash withdrawal,108.18,CAD
CA00020923,2025-03-04,BR016,TLR-1251,C502629,cash withdrawal,276.88,CAD
CA00023798,2025-03-08,BR031,TLR-6719,C502516,cash deposit,629.86,CAD
CA00023668,2025-03-05,BR031,TLR-3843,C500962,cash withdrawal,1125.82,CAD
CA00026088,2025-03-08,BR040,TLR-4344,C502389,cash withdrawal,1616.14,CAD
CA00024115,2025-03-13,BR033,TLR-8263,C503707,cash withdrawal,1351.07,CAD
CA00021940,2025-03-18,BR021,TLR-5385,C503121,cash deposit,970.5,CAD
CA00018997,2025-03-21,BR006,TLR-3939,C503463,cash withdrawal,552.97,CAD
CA00019901,2025-03-28,BR011,TLR-4888,C503291,cash deposit,870.72,CAD
CA00021912,2025-03-03,BR021,TLR-8940,C502367,cash withdrawal,397.44,CAD
CA00026227,2025-03-16,BR040,TLR-5322,C500384,cash withdrawal,488.39,CAD
CA00023660,2025-03-03,BR030,TLR-2391,C502391,cash withdrawal,323.04,CAD
CA00018493,2025-03-14,BR004,TLR-4339,C500423,cash deposit,3078.18,CAD
CA00018703,2025-03-17,BR004,TLR-9635,C500631,cash withdrawal,3457.96,CAD
CA00024609,2025-03-14,BR035,TLR-6952,C502872,cash withdrawal,2340.27,CAD
CA00020198,2025-03-25,BR013,TLR-5368,C502937,cash deposit,547.97,CAD
CA00021800,2025-03-08,BR021,TLR-5917,C502653,cash deposit,1083.64,CAD
CA00019050,2025-03-30,BR006,TLR-3955,C503675,cash withdrawal,967.86,CAD
CA00022938,2025-03-31,BR027,TLR-6046,C500611,cash deposit,1912.34,CAD
CA00026243,2025-03-31,BR040,TLR-8535,C503361,cash withdrawal,465.0,CAD
CA00022513,2025-03-25,BR025,TLR-2930,C503678,cash deposit,1122.13,CAD
CA00018767,2025-03-20,BR005,TLR-8206,C501777,cash deposit,1305.73,CAD
CA00024836,2025-03-14,BR036,TLR-7552,C503610,cash deposit,435.07,CAD
CA00024788,2025-03-27,BR036,TLR-2502,C500255,cash deposit,1921.42,CAD
CA00018018,2025-03-04,BR001,TLR-6360,C502729,cash deposit,1317.98,CAD
CA00019970,2025-03-25,BR012,TLR-7438,C503838,cash withdrawal,2670.44,CAD
CA00025130,2025-03-25,BR037,TLR-7518,C500732,cash deposit,1860.55,CAD
CA00022069,2025-03-30,BR023,TLR-8321,C501984,cash deposit,1068.65,CAD
CA00025037,2025-03-29,BR037,TLR-6587,C501177,cash withdrawal,408.91,CAD
CA00022038,2025-03-20,BR022,TLR-5002,C503566,cash withdrawal,938.93,CAD
CA00019810,2025-03-17,BR010,TLR-2149,C501313,cash deposit,1131.25,CAD
CA00021308,2025-03-18,BR018,TLR-5731,C500520,cash deposit,2582.03,CAD
CA00018526,2025-03-10,BR004,TLR-4393,C501422,cash deposit,4445.55,CAD
CA00020080,2025-03-08,BR012,TLR-4075,C500767,cash deposit,2156.58,CAD
CA00026521,2025-03-12,BR040,TLR-6718,C501241,cash withdrawal,4576.69,CAD
CA00019724,2025-03-09,BR009,TLR-8306,C502127,cash deposit,1445.64,CAD
CA00026155,2025-03-21,BR040,TLR-3310,C502379,cash withdrawal,1919.95,CAD
CA00020683,2025-03-08,BR015,TLR-5660,C500367,cash deposit,461.33,CAD
CA00018617,2025-03-24,BR004,TLR-9082,C500562,cash withdrawal,664.31,CAD
CA00024337,2025-03-22,BR034,TLR-9920,C501538,cash withdrawal,403.56,CAD
CA00021774,2025-03-10,BR021,TLR-7128,C500476,cash deposit,344.73,CAD
CA00018057,2025-03-12,BR002,TLR-7406,C503960,cash withdrawal,-1398.82,CAD
CA00026196,2025-03-13,BR040,TLR-8573,C501708,cash deposit,993.71,CAD
CA00023118,2025-03-14,BR028,TLR-9475,C501071,cash withdrawal,1400.99,CAD
CA00018220,2025-03-05,BR002,TLR-5935,C500914,cash withdrawal,-535.36,CAD
CA00018248,2025-03-09,BR003,TLR-7249,C502748,cash withdrawal,329.41,CAD
CA00019955,2025-03-01,BR012,TLR-2859,C503798,cash deposit,2245.98,CAD
CA00018965,2025-03-19,BR006,TLR-5037,C501683,cash withdrawal,875.25,CAD
CA00024170,2025-03-10,BR033,TLR-7713,C503006,cash deposit,1928.97,CAD
CA00021601,2025-03-27,BR020,TLR-1919,C501564,cash withdrawal,66.38,USD
CA00020119,2025-03-24,BR012,TLR-9863,C501046,cash deposit,3243.12,CAD
CA00020349,2025-03-05,BR014,TLR-4691,C500243,cash withdrawal,836.02,CAD
CA00018415,2025-03-02,BR003,TLR-3303,C501597,cash deposit,1479.18,CAD
CA00021653,2025-03-19,BR020,TLR-5541,C501308,cash withdrawal,1037.92,USD
CA00020879,2025-03-11,BR016,TLR-1030,C500138,cash withdrawal,1038.38,CAD
CA00020698,2025-03-02,BR015,TLR-9930,C502524,cash deposit,972.78,CAD
CA00024378,2025-03-03,BR034,TLR-5651,C501952,cash withdrawal,1313.51,CAD
CA00019760,2025-03-21,BR010,TLR-7868,C503511,cash deposit,1188.47,CAD
CA00025768,2025-03-06,BR040,TLR-8635,C501860,cash deposit,1800.15,CAD
CA00025169,2025-03-04,BR037,TLR-7735,C502460,cash withdrawal,2121.71,CAD
CA00022332,2025-03-07,BR024,TLR-4583,C502988,cash deposit,353.02,CAD
CA00018707,2025-03-08,BR004,TLR-3429,C502769,cash deposit,2740.35,CAD
CA00020366,2025-03-31,BR014,TLR-3212,C502501,cash withdrawal,6817.54,CAD
CA00022789,2025-03-09,BR026,TLR-9866,C501781,cash withdrawal,-1652.95,CAD
CA00024613,2025-03-20,BR035,TLR-2648,C500892,cash withdrawal,518.39,CAD
CA00022525,2025-03-13,BR025,TLR-8174,C501380,cash withdrawal,-2070.89,CAD
CA00022944,2025-03-28,BR027,TLR-4612,C503267,cash deposit,385.84,CAD
CA00019431,2025-03-20,BR008,TLR-5396,C501874,cash deposit,1433.47,CAD
CA00024213,2025-03-30,BR033,TLR-4646,C501197,cash deposit,760.63,CAD
CA00021515,2025-03-24,BR019,TLR-5020,C501518,cash withdrawal,558.27,CAD
CA00025654,2025-03-07,BR039,TLR-4986,C501720,cash deposit,1565.96,CAD
CA00021205,2025-03-31,BR017,TLR-3574,C501712,cash withdrawal,853.39,CAD
CA00024807,2025-03-06,BR036,TLR-4604,C500389,cash deposit,2136.77,CAD
CA00020890,2025-03-22,BR016,TLR-8016,C503508,cash withdrawal,1840.73,CAD
CA00018887,2025-03-25,BR006,TLR-4359,C501505,cash withdrawal,997.34,CAD
CA00026350,2025-03-06,BR040,TLR-1819,C502370,cash withdrawal,424.35,CAD
CA00020835,2025-03-15,BR016,TLR-8422,C503968,cash withdrawal,351.6,CAD
CA00019759,2025-03-18,BR010,TLR-3048,C503488,cash withdrawal,1042.93,CAD
CA00020458,2025-03-29,BR014,TLR-1248,C500065,cash withdrawal,363.81,CAD
CA00024430,2025-03-03,BR035,TLR-9363,C503283,cash withdrawal,599.48,CAD
CA00018913,2025-03-06,BR006,TLR-9992,C500041,cash deposit,358.11,CAD
CA00024042,2025-03-22,BR032,TLR-2214,C500858,cash deposit,1528.65,CAD
CA00024399,2025-03-20,BR034,TLR-3192,C501567,cash withdrawal,824.85,CAD
CA00018854,2025-03-25,BR006,TLR-7420,C501641,cash deposit,1270.09,CAD
CA00025795,2025-03-17,BR040,TLR-8582,C503511,cash deposit,402.44,CAD
CA00021296,2025-03-27,BR018,TLR-4454,C500926,cash deposit,1320.6,CAD
CA00019218,2025-03-12,BR007,TLR-1286,C501162,cash deposit,2113.67,CAD
CA00026525,2025-03-29,BR040,TLR-1502,C501816,cash withdrawal,1091.44,CAD
CA00022537,2025-03-23,BR025,TLR-5279,C501625,cash deposit,777.39,CAD
CA00018599,2025-03-22,BR004,TLR-6929,C502267,cash deposit,295.61,CAD
CA00024908,2025-03-27,BR036,TLR-5179,C501788,cash deposit,1693.61,CAD
CA00022842,2025-03-11,BR026,TLR-8113,C503713,cash withdrawal,-2008.65,CAD
CA00025284,2025-03-28,BR038,TLR-2970,C500412,cash withdrawal,855.73,CAD
CA00025351,2025-03-04,BR038,TLR-9624,C501608,cash deposit,722.93,CAD
CA00023712,2025-03-27,BR031,TLR-4763,C500164,cash withdrawal,1780.83,CAD
CA00023656,2025-03-21,BR030,TLR-4872,C501339,cash withdrawal,1331.05,CAD
CA00023535,2025-03-17,BR030,TLR-9232,C501385,cash withdrawal,444.31,CAD
CA00019807,2025-03-02,BR010,TLR-8503,C503288,cash deposit,717.05,CAD
CA00021697,2025-03-06,BR020,TLR-5415,C503256,cash withdrawal,1136.99,USD
CA00021831,2025-03-19,BR021,TLR-1263,C503687,cash deposit,2033.95,CAD
CA00021294,2025-03-23,BR018,TLR-1406,C500488,cash withdrawal,812.7,CAD
CA00023087,2025-03-18,BR027,TLR-6383,C502577,cash withdrawal,649.12,CAD
CA00020700,2025-03-07,BR015,TLR-2451,C503880,cash withdrawal,1096.09,CAD
CA00024095,2025-03-28,BR033,TLR-1099,C502283,cash deposit,899.06,CAD
CA00025711,2025-03-27,BR040,TLR-2552,C500037,cash withdrawal,604.52,CAD
CA00017714,2025-03-27,BR001,TLR-3541,C503628,cash withdrawal,1565.71,CAD
CA00023229,2025-03-24,BR028,TLR-6880,C500360,cash withdrawal,776.61,CAD
CA00026459,2025-03-31,BR040,TLR-4193,C500668,cash withdrawal,1126.74,CAD
CA00026367,2025-03-03,BR040,TLR-6020,C500373,cash deposit,2151.69,CAD
CA00018741,2025-03-22,BR005,TLR-4028,C503688,cash deposit,615.36,CAD
CA00023095,2025-03-05,BR027,TLR-4404,C500851,cash withdrawal,9355.94,CAD
CA00021971,2025-03-31,BR022,TLR-6311,C501015,cash deposit,2391.58,CAD
CA00019133,2025-03-29,BR007,TLR-3601,C503047,cash deposit,1099.91,CAD
CA00020632,2025-03-18,BR015,TLR-9206,C500789,cash withdrawal,1454.37,CAD
CA00025515,2025-03-29,BR039,TLR-2110,C502374,cash withdrawal,1557.77,CAD
CA00017778,2025-03-12,BR001,TLR-4300,C500918,cash deposit,493.54,CAD
CA00021511,2025-03-29,BR019,TLR-3274,C501484,cash withdrawal,1879.14,CAD
CA00023634,2025-03-09,BR030,TLR-4987,C501388,cash deposit,2124.65,CAD
CA00025815,2025-03-11,BR040,TLR-5707,C503192,cash deposit,572.65,CAD
CA00021260,2025-03-19,BR018,TLR-6112,C501144,cash deposit,5223.19,CAD
CA00019155,2025-03-18,BR007,TLR-2331,C501532,cash withdrawal,228.52,CAD
CA00018891,2025-03-23,BR006,TLR-3147,C502095,cash deposit,1071.98,CAD
CA00021022,2025-03-29,BR017,TLR-2043,C501403,cash deposit,707.28,CAD
CA00023021,2025-03-24,BR027,TLR-5383,C502968,cash withdrawal,1643.8,CAD
CA00017850,2025-03-24,BR001,TLR-2923,C501509,cash withdrawal,1270.21,CAD
CA00021917,2025-03-28,BR021,TLR-2809,C501916,cash deposit,197.54,CAD
CA00020812,2025-03-28,BR016,TLR-7328,C503812,cash withdrawal,2925.33,CAD
CA00022928,2025-03-26,BR027,TLR-3470,C503947,cash deposit,2308.76,CAD
CA00019292,2025-03-25,BR008,TLR-1801,C501252,cash deposit,761.75,CAD
CA00024552,2025-03-23,BR035,TLR-8362,C503992,cash withdrawal,3073.83,CAD
CA00025563,2025-03-10,BR039,TLR-3445,C500478,cash withdrawal,4715.14,CAD
CA00024857,2025-03-22,BR036,TLR-8063,C500740,cash deposit,1083.13,CAD
CA00023236,2025-03-24,BR028,TLR-1064,C501901,cash withdrawal,6024.94,CAD
CA00018610,2025-03-14,BR004,TLR-2611,C500010,cash deposit,1281.19,CAD
CA00026016,2025-03-08,BR040,TLR-2799,C501626,cash deposit,1122.75,CAD
CA00026075,2025-03-02,BR040,TLR-7787,C503813,cash withdrawal,1973.1,CAD
CA00026491,2025-03-09,BR040,TLR-6242,C500692,cash withdrawal,715.43,CAD
CA00019304,2025-03-17,BR008,TLR-9693,C501475,cash withdrawal,2103.08,CAD
CA00022868,2025-03-02,BR026,TLR-5619,C502044,cash deposit,645.09,CAD
CA00019887,2025-03-18,BR010,TLR-6933,C501063,cash withdrawal,152.26,CAD
CA00019687,2025-03-20,BR009,TLR-5016,C501727,cash withdrawal,463.68,CAD
CA00023404,2025-03-06,BR030,TLR-5664,C500254,cash withdrawal,933.97,CAD
CA00021376,2025-03-12,BR019,TLR-7909,C502665,cash deposit,468.03,CAD
CA00022825,2025-03-23,BR026,TLR-7290,C503722,cash withdrawal,-1246.34,CAD
CA00026246,2025-03-03,BR040,TLR-4085,C500546,cash withdrawal,616.45,CAD
CA00026386,2025-03-20,BR040,TLR-5033,C502561,cash deposit,1467.55,CAD
CA00022421,2025-03-06,BR024,TLR-8867,C503866,cash deposit,1845.95,CAD
CA00020298,2025-03-11,BR014,TLR-9492,C503442,cash deposit,1366.42,CAD
CA00022163,2025-03-22,BR024,TLR-9762,C503850,cash deposit,851.47,CAD
CA00025105,2025-03-11,BR037,TLR-8654,C500165,cash deposit,792.37,CAD
CA00017707,2025-03-24,BR001,TLR-3800,C501345,cash withdrawal,1295.48,CAD
CA00024516,2025-03-11,BR035,TLR-8620,C501861,cash deposit,418.58,CAD
CA00025830,2025-03-12,BR040,TLR-3570,C502210,cash withdrawal,1194.05,CAD
CA00020654,2025-03-29,BR015,TLR-3996,C501064,cash withdrawal,3242.99,CAD
CA00018711,2025-03-14,BR004,TLR-6707,C503925,cash deposit,544.86,CAD
CA00025748,2025-03-10,BR040,TLR-6858,C503870,cash withdrawal,1497.39,CAD
CA00021458,2025-03-20,BR019,TLR-7478,C502404,cash deposit,824.45,CAD
CA00020311,2025-03-12,BR014,TLR-5584,C501440,cash withdrawal,700.88,CAD
CA00018728,2025-03-01,BR005,TLR-4442,C502986,cash withdrawal,499.8,CAD
CA00019525,2025-03-10,BR009,TLR-2897,C501545,cash deposit,734.13,CAD
CA00022838,2025-03-17,BR026,TLR-7845,C501868,cash withdrawal,-1181.99,CAD
CA00025666,2025-03-03,BR039,TLR-9624,C501715,cash deposit,1191.43,CAD
CA00021931,2025-03-27,BR021,TLR-9103,C502651,cash deposit,523.02,CAD
CA00024727,2025-03-31,BR036,TLR-3113,C503641,cash deposit,381.93,CAD
CA00023128,2025-03-21,BR028,TLR-3017,C503654,cash deposit,1016.04,CAD
CA00024855,2025-03-18,BR036,TLR-9850,C500723,cash withdrawal,759.75,CAD
CA00019622,2025-03-28,BR009,TLR-2365,C503779,cash withdrawal,643.33,CAD
CA00025752,2025-03-18,BR040,TLR-7091,C503788,cash deposit,689.26,CAD
CA00024904,2025-03-13,BR036,TLR-3266,C501146,cash deposit,266.88,CAD
CA00023456,2025-03-20,BR030,TLR-4429,C500663,cash withdrawal,1745.93,CAD
CA00020941,2025-03-09,BR016,TLR-5163,C500724,cash withdrawal,2197.78,CAD
CA00018020,2025-03-03,BR001,TLR-3171,C501928,cash withdrawal,496.15,CAD
CA00025484,2025-03-13,BR039,TLR-5248,C502453,cash deposit,687.86,CAD
CA00024704,2025-03-21,BR036,TLR-4126,C501469,cash deposit,1228.84,CAD
CA00018534,2025-03-22,BR004,TLR-1794,C502001,cash withdrawal,1390.18,CAD
CA00019656,2025-03-27,BR009,TLR-5931,C501186,cash deposit,1237.69,CAD
CA00017907,2025-03-31,BR001,TLR-5695,C501979,cash withdrawal,1908.6,CAD
CA00022193,2025-03-11,BR024,TLR-4968,C502926,cash deposit,866.94,CAD
CA00024019,2025-03-28,BR032,TLR-4408,C503172,cash deposit,2076.64,CAD
CA00020931,2025-03-21,BR016,TLR-2846,C502837,cash withdrawal,569.57,CAD
CA00020630,2025-03-04,BR015,TLR-7204,C501481,cash deposit,463.44,CAD
CA00020327,2025-03-17,BR014,TLR-9815,C500359,cash deposit,976.47,CAD
CA00018171,2025-03-02,BR002,TLR-6478,C502422,cash withdrawal,-1996.96,CAD
CA00020351,2025-03-24,BR014,TLR-7285,C503095,cash withdrawal,505.34,CAD
CA00023824,2025-03-08,BR031,TLR-5573,C503587,cash deposit,2515.21,CAD
CA00018005,2025-03-15,BR001,TLR-2041,C502614,cash withdrawal,439.71,CAD
CA00024101,2025-03-25,BR033,TLR-3015,C501198,cash withdrawal,664.32,CAD
CA00025862,2025-03-20,BR040,TLR-7202,C501974,cash deposit,353.79,CAD
CA00026334,2025-03-20,BR040,TLR-3346,C503851,cash deposit,300.02,CAD
CA00024180,2025-03-04,BR033,TLR-9642,C503901,cash withdrawal,610.73,CAD
CA00026232,2025-03-11,BR040,TLR-1154,C500947,cash withdrawal,743.17,CAD
CA00020717,2025-03-23,BR015,TLR-4493,C503687,cash withdrawal,1032.98,CAD
CA00022910,2025-03-27,BR027,TLR-4833,C500816,cash withdrawal,678.77,CAD
CA00017782,2025-03-20,BR001,TLR-9555,C503371,cash deposit,1312.38,CAD
CA00024267,2025-03-02,BR034,TLR-4676,C503576,cash withdrawal,1905.01,CAD
CA00018215,2025-03-02,BR002,TLR-1774,C502977,cash deposit,306.96,CAD
CA00021424,2025-03-15,BR019,TLR-3195,C501846,cash withdrawal,1206.43,CAD
CA00020393,2025-03-07,BR014,TLR-4010,C503810,cash withdrawal,1234.24,CAD
CA00022166,2025-03-06,BR024,TLR-3870,C500410,cash withdrawal,1929.39,CAD
CA00019460,2025-03-29,BR008,TLR-9402,C503904,cash deposit,404.22,CAD
CA00018792,2025-03-02,BR005,TLR-1307,C502634,cash deposit,1766.77,CAD
CA00022491,2025-03-27,BR025,TLR-2451,C501484,cash deposit,1305.84,CAD
CA00025236,2025-03-17,BR037,TLR-7508,C501374,cash withdrawal,567.33,CAD
CA00023978,2025-03-24,BR032,TLR-2851,C500127,cash withdrawal,1276.51,CAD
CA00025180,2025-03-03,BR037,TLR-9247,C503450,cash deposit,656.09,CAD
CA00022477,2025-03-03,BR025,TLR-9123,C500174,cash deposit,181.83,CAD
CA00020733,2025-03-11,BR015,TLR-3036,C500190,cash deposit,1294.37,CAD
CA00022754,2025-03-06,BR026,TLR-3127,C503154,cash deposit,433.23,CAD
CA00024623,2025-03-14,BR035,TLR-6814,C502957,cash deposit,567.98,CAD
CA00025753,2025-03-30,BR040,TLR-5633,C501580,cash withdrawal,1362.22,CAD
CA00017713,2025-03-22,BR001,TLR-5470,C501491,cash withdrawal,861.95,CAD
CA00025008,2025-03-06,BR037,TLR-4069,C503080,cash withdrawal,1390.87,CAD
CA00025789,2025-03-11,BR040,TLR-4187,C503614,cash deposit,909.91,CAD
CA00022582,2025-03-29,BR025,TLR-8949,C501664,cash deposit,607.08,CAD
CA00023071,2025-03-07,BR027,TLR-8157,C501129,cash deposit,720.92,CAD
CA00023157,2025-03-19,BR028,TLR-2747,C500067,cash deposit,1337.7,CAD
CA00019751,2025-03-03,BR010,TLR-7133,C502615,cash withdrawal,718.34,CAD
CA00026195,2025-03-22,BR040,TLR-1573,C501547,cash deposit,1307.44,CAD
CA00026255,2025-03-23,BR040,TLR-2088,C501520,cash deposit,1065.42,CAD
CA00018034,2025-03-16,BR002,TLR-6565,C501542,cash withdrawal,-856.0,CAD
CA00023801,2025-03-22,BR031,TLR-7419,C502461,cash deposit,544.95,CAD
CA00025375,2025-03-05,BR038,TLR-6551,C502155,cash withdrawal,284.79,CAD
CA00026327,2025-03-18,BR040,TLR-1628,C503703,cash withdrawal,2565.41,CAD
CA00017933,2025-03-03,BR001,TLR-6709,C501103,cash deposit,450.57,CAD
CA00025583,2025-03-02,BR039,TLR-5259,C500519,cash deposit,767.57,CAD
CA00019073,2025-03-30,BR007,TLR-6324,C502865,cash withdrawal,5704.3,CAD
CA00020471,2025-03-21,BR014,TLR-7365,C503601,cash deposit,347.53,CAD
CA00022812,2025-03-03,BR026,TLR-9849,C501712,cash deposit,872.84,CAD
CA00023333,2025-03-29,BR029,TLR-2097,C500510,cash withdrawal,494.49,CAD
CA00019260,2025-03-24,BR007,TLR-1535,C500619,cash withdrawal,1574.01,CAD
CA00024950,2025-03-13,BR036,TLR-9606,C503109,cash withdrawal,4170.13,CAD
CA00023392,2025-03-14,BR030,TLR-1817,C500966,cash deposit,2412.13,CAD
CA00018311,2025-03-15,BR003,TLR-3310,C501270,cash deposit,998.78,CAD
CA00022221,2025-03-31,BR024,TLR-4544,C500061,cash deposit,1314.27,CAD
CA00025548,2025-03-09,BR039,TLR-7042,C502987,cash withdrawal,1996.63,CAD
CA00024385,2025-03-23,BR034,TLR-5060,C502372,cash withdrawal,1021.21,CAD
CA00026070,2025-03-06,BR040,TLR-4800,C502381,cash deposit,1016.81,CAD
CA00019009,2025-03-15,BR006,TLR-5600,C501062,cash withdrawal,2106.13,CAD
CA00020554,2025-03-28,BR015,TLR-3789,C503650,cash withdrawal,2427.08,CAD
CA00023433,2025-03-10,BR030,TLR-3747,C500990,cash deposit,874.53,CAD
CA00022502,2025-03-19,BR025,TLR-1291,C501839,cash deposit,734.59,CAD
CA00020427,2025-03-23,BR014,TLR-9746,C503302,cash withdrawal,948.97,CAD
CA00020360,2025-03-23,BR014,TLR-7119,C502878,cash deposit,1224.77,CAD
CA00018939,2025-03-29,BR006,TLR-2728,C502751,cash deposit,614.92,CAD
CA00024070,2025-03-30,BR033,TLR-4581,C501466,cash withdrawal,1298.37,CAD
CA00025669,2025-03-17,BR039,TLR-4814,C502563,cash withdrawal,802.8,CAD
CA00018309,2025-03-17,BR003,TLR-8087,C500303,cash withdrawal,2773.94,CAD
CA00021396,2025-03-05,BR019,TLR-2751,C500161,cash deposit,247.86,CAD
CA00022730,2025-03-04,BR026,TLR-3397,C501330,cash withdrawal,-2546.44,CAD
CA00022532,2025-03-07,BR025,TLR-1034,C501056,cash withdrawal,-629.38,CAD
CA00018674,2025-03-03,BR004,TLR-1839,C500286,cash deposit,2302.09,CAD
CA00023720,2025-03-04,BR031,TLR-7161,C503188,cash withdrawal,743.01,CAD
CA00024832,2025-03-31,BR036,TLR-8112,C501273,cash deposit,911.84,CAD
CA00022024,2025-03-06,BR022,TLR-3033,C500984,cash deposit,198.88,CAD
CA00022085,2025-03-16,BR023,TLR-3656,C501141,cash deposit,1894.75,CAD
CA00024036,2025-03-20,BR032,TLR-6612,C502919,cash withdrawal,782.2,CAD
CA00022297,2025-03-06,BR024,TLR-1779,C501568,cash withdrawal,1012.9,CAD
CA00020868,2025-03-06,BR016,TLR-9968,C502740,cash withdrawal,1079.99,CAD
CA00022794,2025-03-23,BR026,TLR-7197,C502916,cash deposit,2801.27,CAD
CA00021537,2025-03-24,BR019,TLR-1557,C500968,cash withdrawal,441.97,CAD
CA00022439,2025-03-31,BR024,TLR-6182,C503663,cash deposit,519.33,CAD
CA00024616,2025-03-19,BR035,TLR-2648,C502782,cash deposit,1359.64,CAD
CA00019440,2025-03-19,BR008,TLR-1013,C501917,cash deposit,338.54,CAD
CA00021572,2025-03-02,BR019,TLR-3248,C501567,cash deposit,750.67,CAD
CA00020424,2025-03-30,BR014,TLR-4511,C500045,cash withdrawal,3340.62,CAD
CA00024133,2025-03-21,BR033,TLR-2642,C500184,cash withdrawal,1002.19,CAD
CA00019979,2025-03-03,BR012,TLR-3162,C501832,cash withdrawal,716.4,CAD
CA00020820,2025-03-28,BR016,TLR-2649,C500826,cash withdrawal,1342.75,CAD
CA00023154,2025-03-22,BR028,TLR-8488,C502079,cash deposit,383.13,CAD
CA00026047,2025-03-16,BR040,TLR-2525,C503552,cash withdrawal,1650.52,CAD
CA00019167,2025-03-13,BR007,TLR-2151,C502210,cash deposit,243.05,CAD
CA00020943,2025-03-07,BR016,TLR-7621,C502459,cash deposit,366.94,CAD
CA00018511,2025-03-06,BR004,TLR-2226,C503578,cash deposit,564.25,CAD
CA00020344,2025-03-22,BR014,TLR-6087,C502453,cash deposit,1141.83,CAD
CA00019718,2025-03-15,BR009,TLR-7605,C502465,cash withdrawal,142.27,CAD
CA00018355,2025-03-10,BR003,TLR-9221,C500082,cash withdrawal,860.11,CAD
CA00017701,2025-03-15,BR001,TLR-2372,C502222,cash deposit,304.81,CAD
CA00021410,2025-03-11,BR019,TLR-4225,C502672,cash withdrawal,1054.18,CAD
CA00023838,2025-03-11,BR031,TLR-6247,C501383,cash deposit,325.6,CAD
CA00026040,2025-03-30,BR040,TLR-8521,C502478,cash deposit,447.22,CAD
CA00020622,2025-03-16,BR015,TLR-2184,C503587,cash deposit,1083.28,CAD
CA00021993,2025-03-18,BR022,TLR-4712,C501180,cash deposit,171.69,CAD
CA00021012,2025-03-30,BR017,TLR-2716,C500027,cash deposit,2111.61,CAD
CA00019596,2025-03-14,BR009,TLR-7583,C503850,cash deposit,2126.48,CAD
CA00017909,2025-03-02,BR001,TLR-1947,C502822,cash deposit,896.52,CAD
CA00020851,2025-03-14,BR016,TLR-1501,C503725,cash deposit,7142.39,CAD
CA00017856,2025-03-10,BR001,TLR-7482,C503564,cash withdrawal,937.31,CAD
CA00017934,2025-03-18,BR001,TLR-8791,C500928,cash deposit,1111.55,CAD
CA00020357,2025-03-24,BR014,TLR-2708,C501243,cash deposit,771.92,CAD
CA00025965,2025-03-07,BR040,TLR-6497,C501338,cash deposit,1361.08,CAD
CA00020612,2025-03-03,BR015,TLR-5612,C501948,cash withdrawal,2309.79,CAD
CA00022272,2025-03-03,BR024,TLR-9338,C502059,cash deposit,1168.43,CAD
CA00021267,2025-03-05,BR018,TLR-7690,C502268,cash deposit,1791.84,CAD
CA00020903,2025-03-02,BR016,TLR-2675,C500230,cash deposit,1096.65,CAD
CA00019204,2025-03-27,BR007,TLR-4078,C500870,cash deposit,911.81,CAD
CA00021875,2025-03-04,BR021,TLR-1989,C502068,cash withdrawal,354.4,CAD
CA00023264,2025-03-29,BR029,TLR-6526,C502035,cash deposit,755.53,CAD
CA00020543,2025-03-18,BR015,TLR-4070,C500499,cash withdrawal,766.78,CAD
CA00017763,2025-03-05,BR001,TLR-9341,C500350,cash withdrawal,1128.51,CAD
CA00026324,2025-03-01,BR040,TLR-9763,C500845,cash withdrawal,2253.11,CAD
CA00026177,2025-03-07,BR040,TLR-6923,C501384,cash deposit,1383.82,CAD
CA00024755,2025-03-19,BR036,TLR-6443,C500113,cash deposit,113.68,CAD
CA00019534,2025-03-01,BR009,TLR-5370,C503356,cash deposit,365.55,CAD
CA00019750,2025-03-09,BR010,TLR-4770,C502816,cash withdrawal,569.04,CAD
CA00025133,2025-03-16,BR037,TLR-7378,C503566,cash deposit,700.9,CAD
CA00018809,2025-03-12,BR006,TLR-1737,C503663,cash withdrawal,222.86,CAD
CA00024655,2025-03-14,BR036,TLR-8533,C503066,cash deposit,654.69,CAD
CA00018371,2025-03-28,BR003,TLR-9345,C500803,cash withdrawal,997.49,CAD
CA00023129,2025-03-05,BR028,TLR-7715,C503888,cash deposit,1566.75,CAD
CA00018169,2025-03-09,BR002,TLR-6368,C502158,cash deposit,1813.59,CAD
CA00019308,2025-03-02,BR008,TLR-5131,C502383,cash deposit,826.4,CAD
CA00021643,2025-03-31,BR020,TLR-1404,C500804,cash withdrawal,1679.38,USD
CA00018460,2025-03-07,BR004,TLR-3505,C503291,cash withdrawal,1047.29,CAD
CA00020316,2025-03-21,BR014,TLR-7510,C503976,cash deposit,335.81,CAD
CA00024926,2025-03-31,BR036,TLR-8747,C503452,cash deposit,915.35,CAD
CA00018001,2025-03-14,BR001,TLR-2293,C500974,cash deposit,954.78,CAD
CA00023362,2025-03-26,BR029,TLR-3811,C500972,cash deposit,785.3,CAD
CA00017733,2025-03-28,BR001,TLR-9758,C503531,cash deposit,1206.86,CAD
CA00018946,2025-03-10,BR006,TLR-5796,C500734,cash deposit,1362.25,CAD
CA00021857,2025-03-03,BR021,TLR-7128,C503106,cash withdrawal,519.5,CAD
CA00025875,2025-03-30,BR040,TLR-1845,C501887,cash withdrawal,713.79,CAD
CA00021023,2025-03-29,BR017,TLR-1897,C500799,cash withdrawal,678.57,CAD
CA00020115,2025-03-21,BR012,TLR-7619,C503588,cash deposit,2676.01,CAD
CA00019085,2025-03-27,BR007,TLR-1360,C503269,cash withdrawal,2347.43,CAD
CA00022071,2025-03-22,BR023,TLR-1775,C501247,cash withdrawal,762.62,CAD
CA00023682,2025-03-22,BR031,TLR-3118,C502579,cash withdrawal,1358.89,CAD
CA00021663,2025-03-02,BR020,TLR-5450,C502287,cash withdrawal,515.42,USD
CA00019942,2025-03-13,BR011,TLR-2924,C500960,cash withdrawal,616.55,CAD
CA00025365,2025-03-24,BR038,TLR-8178,C502388,cash withdrawal,1033.86,CAD
CA00019645,2025-03-15,BR009,TLR-6483,C500099,cash withdrawal,1191.23,CAD
CA00021821,2025-03-25,BR021,TLR-1773,C500984,cash deposit,672.5,CAD
CA00024406,2025-03-05,BR035,TLR-6596,C500151,cash deposit,496.19,CAD
CA00022292,2025-03-24,BR024,TLR-2665,C501213,cash withdrawal,1484.84,CAD
CA00022528,2025-03-28,BR025,TLR-8233,C500973,cash withdrawal,-1099.02,CAD
CA00019046,2025-03-26,BR006,TLR-3338,C500338,cash deposit,2924.43,CAD
CA00019305,2025-03-29,BR008,TLR-9809,C502881,cash deposit,361.16,CAD
CA00022565,2025-03-17,BR025,TLR-1188,C500017,cash withdrawal,-742.92,CAD
CA00019842,2025-03-02,BR010,TLR-2032,C501802,cash deposit,2222.96,CAD
CA00023012,2025-03-09,BR027,TLR-6478,C500602,cash deposit,245.22,CAD
CA00020575,2025-03-29,BR015,TLR-5920,C501459,cash deposit,951.34,CAD
CA00021856,2025-03-06,BR021,TLR-4826,C503090,cash deposit,460.12,CAD
CA00022653,2025-03-07,BR026,TLR-5313,C501498,cash deposit,259.94,CAD
CA00022094,2025-03-19,BR023,TLR-2922,C503256,cash deposit,1393.58,CAD
CA00018393,2025-03-27,BR003,TLR-5209,C502436,cash withdrawal,844.95,CAD
CA00021570,2025-03-12,BR019,TLR-6003,C503782,cash withdrawal,1167.74,CAD
CA00025578,2025-03-19,BR039,TLR-1324,C500843,cash withdrawal,2448.28,CAD
CA00022473,2025-03-18,BR025,TLR-4584,C500866,cash withdrawal,-3447.31,CAD
CA00025039,2025-03-10,BR037,TLR-4143,C500101,cash deposit,1490.07,CAD
CA00026218,2025-03-12,BR040,TLR-2072,C502668,cash deposit,2088.73,CAD
CA00024273,2025-03-14,BR034,TLR-8271,C502307,cash withdrawal,993.55,CAD
CA00024881,2025-03-17,BR036,TLR-1699,C501222,cash deposit,1889.8,CAD
CA00026294,2025-03-27,BR040,TLR-4352,C503697,cash withdrawal,1859.31,CAD
CA00018735,2025-03-28,BR005,TLR-3238,C502130,cash withdrawal,873.28,CAD
CA00023167,2025-03-15,BR028,TLR-4024,C500025,cash deposit,836.25,CAD
CA00024241,2025-03-13,BR034,TLR-2719,C502830,cash deposit,791.93,CAD
CA00021786,2025-03-11,BR021,TLR-5968,C503536,cash withdrawal,1576.75,CAD
CA00019411,2025-03-26,BR008,TLR-9310,C502302,cash withdrawal,2063.37,CAD
CA00024206,2025-03-02,BR033,TLR-3965,C501659,cash deposit,2069.08,CAD
CA00019846,2025-03-13,BR010,TLR-9518,C500073,cash withdrawal,1119.32,CAD
CA00022351,2025-03-06,BR024,TLR-8748,C503301,cash withdrawal,461.43,CAD
CA00025364,2025-03-20,BR038,TLR-1085,C500402,cash withdrawal,4651.58,CAD
CA00022790,2025-03-15,BR026,TLR-2287,C501330,cash deposit,975.76,CAD
CA00023282,2025-03-09,BR029,TLR-4739,C502540,cash withdrawal,339.26,CAD
CA00020261,2025-03-18,BR013,TLR-9499,C501013,cash withdrawal,1430.69,CAD
CA00025114,2025-03-26,BR037,TLR-6842,C503201,cash withdrawal,2607.76,CAD
CA00019860,2025-03-12,BR010,TLR-6523,C501187,cash withdrawal,7991.73,CAD
CA00022142,2025-03-18,BR023,TLR-5263,C503564,cash deposit,879.65,CAD
CA00017928,2025-03-13,BR001,TLR-7871,C500413,cash deposit,574.6,CAD
CA00020011,2025-03-25,BR012,TLR-7025,C503293,cash deposit,1869.74,CAD
CA00021678,2025-03-29,BR020,TLR-3476,C501647,cash withdrawal,340.45,USD
CA00023457,2025-03-30,BR030,TLR-5208,C501939,cash deposit,1098.39,CAD
CA00018053,2025-03-04,BR002,TLR-5662,C502183,cash deposit,1485.2,CAD
CA00026249,2025-03-10,BR040,TLR-7839,C503713,cash deposit,1787.06,CAD
CA00025343,2025-03-21,BR038,TLR-8119,C503374,cash deposit,5676.0,CAD
CA00020235,2025-03-25,BR013,TLR-1470,C501591,cash withdrawal,2224.05,CAD
CA00018759,2025-03-06,BR005,TLR-2594,C503792,cash withdrawal,618.54,CAD
CA00018756,2025-03-20,BR005,TLR-5819,C502847,cash deposit,920.99,CAD
CA00025655,2025-03-09,BR039,TLR-6705,C502597,cash deposit,1108.06,CAD
CA00022185,2025-03-06,BR024,TLR-7563,C500772,cash withdrawal,540.82,CAD
CA00019710,2025-03-23,BR009,TLR-6695,C503148,cash withdrawal,429.38,CAD
CA00019437,2025-03-26,BR008,TLR-5835,C502047,cash withdrawal,1631.98,CAD
CA00020438,2025-03-13,BR014,TLR-2259,C503062,cash withdrawal,185.21,CAD
CA00021818,2025-03-25,BR021,TLR-6146,C500472,cash deposit,1501.64,CAD
CA00021825,2025-03-18,BR021,TLR-9294,C502971,cash withdrawal,169.35,CAD
CA00020774,2025-03-09,BR016,TLR-4671,C501876,cash deposit,496.17,CAD
CA00023664,2025-03-20,BR031,TLR-3946,C503979,cash deposit,1043.07,CAD
CA00025947,2025-03-18,BR040,TLR-7820,C503227,cash deposit,1794.55,CAD
CA00018583,2025-03-03,BR004,TLR-6183,C502451,cash withdrawal,136.85,CAD
CA00020777,2025-03-01,BR016,TLR-8608,C501026,cash deposit,524.2,CAD
CA00022388,2025-03-11,BR024,TLR-9784,C503879,cash withdrawal,2242.01,CAD
CA00025486,2025-03-14,BR039,TLR-4074,C500679,cash deposit,390.1,CAD
CA00024561,2025-03-17,BR035,TLR-1108,C503867,cash withdrawal,2307.29,CAD
CA00026256,2025-03-31,BR040,TLR-4992,C503426,cash withdrawal,899.78,CAD
CA00020645,2025-03-19,BR015,TLR-4017,C501741,cash withdrawal,735.15,CAD
CA00023023,2025-03-12,BR027,TLR-1023,C503137,cash withdrawal,793.16,CAD
CA00019503,2025-03-09,BR008,TLR-1893,C500462,cash deposit,739.89,CAD
CA00024147,2025-03-18,BR033,TLR-9051,C500809,cash deposit,1393.28,CAD
CA00023094,2025-03-11,BR027,TLR-8467,C500155,cash deposit,9768.07,CAD
CA00017999,2025-03-12,BR001,TLR-5086,C502756,cash withdrawal,1072.45,CAD
CA00022249,2025-03-13,BR024,TLR-2881,C503217,cash deposit,1332.27,CAD
CA00018158,2025-03-11,BR002,TLR-3587,C503037,cash withdrawal,-614.15,CAD
CA00022720,2025-03-16,BR026,TLR-5629,C500757,cash withdrawal,-771.8,CAD
CA00022962,2025-03-29,BR027,TLR-6258,C501742,cash deposit,1741.31,CAD
CA00022646,2025-03-18,BR026,TLR-6194,C503468,cash deposit,497.56,CAD
CA00021268,2025-03-15,BR018,TLR-3012,C501879,cash deposit,2134.59,CAD
CA00021446,2025-03-15,BR019,TLR-3298,C500521,cash withdrawal,393.08,CAD
CA00026464,2025-03-13,BR040,TLR-6113,C501917,cash deposit,792.11,CAD
CA00020677,2025-03-27,BR015,TLR-5764,C502130,cash deposit,540.78,CAD
CA00022876,2025-03-20,BR026,TLR-9823,C501505,cash withdrawal,-1975.71,CAD
CA00024004,2025-03-21,BR032,TLR-9368,C501009,cash withdrawal,732.98,CAD
CA00022452,2025-03-10,BR025,TLR-9770,C503673,cash withdrawal,-2344.89,CAD
CA00022700,2025-03-22,BR026,TLR-8365,C500550,cash withdrawal,-473.15,CAD
CA00018489,2025-03-27,BR004,TLR-7615,C500741,cash deposit,352.83,CAD
CA00020430,2025-03-06,BR014,TLR-2464,C501766,cash withdrawal,666.02,CAD
CA00018079,2025-03-04,BR002,TLR-1285,C501705,cash withdrawal,-1226.93,CAD
CA00018421,2025-03-13,BR003,TLR-3468,C501581,cash deposit,1244.75,CAD
CA00021977,2025-03-13,BR022,TLR-7561,C503565,cash withdrawal,1108.83,CAD
CA00021455,2025-03-13,BR019,TLR-9697,C501290,cash withdrawal,297.9,CAD
CA00023348,2025-03-05,BR029,TLR-3013,C502493,cash deposit,394.36,CAD
CA00024646,2025-03-16,BR035,TLR-1812,C503113,cash deposit,667.9,CAD
CA00024302,2025-03-03,BR034,TLR-1875,C501101,cash withdrawal,277.47,CAD
CA00025102,2025-03-04,BR037,TLR-9738,C501640,cash withdrawal,1137.0,CAD
CA00020659,2025-03-10,BR015,TLR-2700,C500197,cash deposit,2094.68,CAD
CA00019944,2025-03-12,BR011,TLR-4911,C501317,cash deposit,1838.86,CAD
CA00023219,2025-03-11,BR028,TLR-8524,C500581,cash withdrawal,2839.61,CAD
CA00019373,2025-03-01,BR008,TLR-6952,C503732,cash deposit,1331.64,CAD
CA00022288,2025-03-05,BR024,TLR-1229,C502144,cash deposit,745.88,CAD
CA00021160,2025-03-15,BR017,TLR-8623,C503271,cash deposit,930.82,CAD
CA00020053,2025-03-30,BR012,TLR-3749,C502788,cash deposit,423.47,CAD
CA00026048,2025-03-18,BR040,TLR-4255,C501263,cash deposit,2156.3,CAD
CA00025818,2025-03-28,BR040,TLR-2519,C502802,cash deposit,1634.23,CAD
CA00025623,2025-03-21,BR039,TLR-1851,C503653,cash withdrawal,563.66,CAD
CA00020737,2025-03-13,BR015,TLR-9228,C501953,cash withdrawal,1603.61,CAD
CA00024634,2025-03-10,BR035,TLR-6861,C500467,cash withdrawal,506.52,CAD
CA00023143,2025-03-18,BR028,TLR-4441,C501530,cash deposit,867.33,CAD
CA00020031,2025-03-20,BR012,TLR-9489,C501928,cash withdrawal,356.63,CAD
CA00020876,2025-03-09,BR016,TLR-9881,C503465,cash withdrawal,668.48,CAD
CA00018349,2025-03-16,BR003,TLR-6787,C500251,cash deposit,779.31,CAD
CA00021063,2025-03-16,BR017,TLR-5274,C501593,cash withdrawal,983.64,CAD
CA00025758,2025-03-21,BR040,TLR-7532,C502573,cash withdrawal,4935.76,CAD
CA00022023,2025-03-25,BR022,TLR-2173,C503289,cash deposit,881.14,CAD
CA00022317,2025-03-06,BR024,TLR-4100,C500209,cash withdrawal,1208.7,CAD
CA00018794,2025-03-19,BR005,TLR-3286,C500074,cash deposit,2175.46,CAD
CA00021119,2025-03-28,BR017,TLR-6047,C501302,cash withdrawal,1906.32,CAD
CA00025837,2025-03-01,BR040,TLR-8845,C503954,cash withdrawal,1492.15,CAD
CA00025202,2025-03-29,BR037,TLR-7698,C502008,cash withdrawal,1480.07,CAD
CA00018026,2025-03-20,BR002,TLR-8308,C502561,cash withdrawal,-666.63,CAD
CA00023857,2025-03-11,BR031,TLR-8574,C500585,cash withdrawal,406.18,CAD
CA00024923,2025-03-05,BR036,TLR-3335,C500602,cash withdrawal,171.14,CAD
CA00020909,2025-03-24,BR016,TLR-5191,C501639,cash deposit,1196.4,CAD
CA00021060,2025-03-16,BR017,TLR-4919,C500311,cash deposit,677.99,CAD
CA00024657,2025-03-05,BR036,TLR-1451,C503515,cash deposit,566.04,CAD
CA00019815,2025-03-26,BR010,TLR-4855,C503696,cash deposit,1112.54,CAD
CA00017827,2025-03-21,BR001,TLR-9339,C503252,cash deposit,530.13,CAD
CA00023444,2025-03-21,BR030,TLR-4318,C503471,cash withdrawal,4265.37,CAD
CA00026291,2025-03-02,BR040,TLR-6692,C500336,cash deposit,800.93,CAD
CA00019164,2025-03-03,BR007,TLR-7684,C500838,cash deposit,1249.87,CAD
CA00021257,2025-03-24,BR018,TLR-1943,C500197,cash withdrawal,908.07,CAD
CA00017875,2025-03-15,BR001,TLR-5094,C501245,cash deposit,637.21,CAD
CA00019052,2025-03-06,BR006,TLR-9904,C500748,cash withdrawal,2468.15,CAD
CA00020454,2025-03-14,BR014,TLR-3488,C501141,cash withdrawal,1405.0,CAD
CA00026555,2025-03-31,BR040,TLR-2314,C501391,cash deposit,1253.03,CAD
CA00022430,2025-03-11,BR024,TLR-1049,C502926,cash withdrawal,1269.6,CAD
CA00025254,2025-03-10,BR038,TLR-2451,C500272,cash withdrawal,949.99,CAD
CA00026420,2025-03-27,BR040,TLR-9162,C502565,cash deposit,738.98,CAD
CA00020794,2025-03-19,BR016,TLR-9208,C501532,cash withdrawal,1180.56,CAD
CA00018083,2025-03-01,BR002,TLR-1493,C500756,cash deposit,1111.39,CAD
CA00019495,2025-03-21,BR008,TLR-9650,C501723,cash deposit,1049.25,CAD
CA00024619,2025-03-11,BR035,TLR-1933,C500666,cash withdrawal,363.37,CAD
CA00017845,2025-03-28,BR001,TLR-6120,C503410,cash deposit,655.46,CAD
CA00019554,2025-03-25,BR009,TLR-7171,C500130,cash withdrawal,402.55,CAD
CA00025311,2025-03-12,BR038,TLR-8459,C501970,cash withdrawal,725.37,CAD
CA00025481,2025-03-07,BR039,TLR-9281,C501303,cash withdrawal,830.61,CAD
CA00026449,2025-03-03,BR040,TLR-4610,C501162,cash withdrawal,2490.51,CAD
CA00019159,2025-03-22,BR007,TLR-8778,C500044,cash deposit,1468.15,CAD
CA00025974,2025-03-09,BR040,TLR-5994,C500186,cash deposit,396.15,CAD
CA00019858,2025-03-07,BR010,TLR-6906,C501841,cash withdrawal,2323.47,CAD
CA00023879,2025-03-15,BR031,TLR-4811,C503942,cash deposit,728.82,CAD
CA00020859,2025-03-02,BR016,TLR-7119,C502789,cash deposit,761.11,CAD
CA00023686,2025-03-27,BR031,TLR-2825,C503356,cash deposit,1426.11,CAD
CA00024349,2025-03-02,BR034,TLR-9609,C501084,cash deposit,633.23,CAD
CA00025909,2025-03-28,BR040,TLR-4755,C502987,cash deposit,933.5,CAD
CA00023757,2025-03-22,BR031,TLR-8535,C501419,cash withdrawal,699.77,CAD
CA00021225,2025-03-22,BR018,TLR-4338,C501923,cash withdrawal,3717.57,CAD
CA00019072,2025-03-10,BR007,TLR-1074,C502742,cash deposit,4122.1,CAD
CA00022611,2025-03-31,BR025,TLR-7343,C502627,cash deposit,2803.59,CAD
CA00022622,2025-03-25,BR025,TLR-8339,C500554,cash deposit,897.98,CAD
CA00023772,2025-03-16,BR031,TLR-3367,C500849,cash deposit,2617.87,CAD
CA00023982,2025-03-24,BR032,TLR-8772,C501710,cash deposit,1670.08,CAD
CA00024111,2025-03-05,BR033,TLR-8569,C503601,cash deposit,532.33,CAD
CA00026341,2025-03-22,BR040,TLR-1937,C500402,cash withdrawal,822.28,CAD
CA00024304,2025-03-15,BR034,TLR-2790,C501686,cash withdrawal,1374.74,CAD
CA00019156,2025-03-04,BR007,TLR-6595,C503750,cash deposit,805.51,CAD
CA00026276,2025-03-15,BR040,TLR-2732,C502542,cash deposit,347.96,CAD
CA00019792,2025-03-17,BR010,TLR-7324,C501375,cash withdrawal,726.72,CAD
CA00018804,2025-03-08,BR006,TLR-8603,C501092,cash withdrawal,2378.4,CAD
CA00025167,2025-03-31,BR037,TLR-6880,C502608,cash withdrawal,639.17,CAD
CA00021091,2025-03-24,BR017,TLR-2598,C501131,cash deposit,670.81,CAD
CA00018777,2025-03-15,BR005,TLR-9385,C502146,cash withdrawal,2388.29,CAD
CA00020773,2025-03-06,BR016,TLR-1555,C503232,cash withdrawal,1230.59,CAD
CA00025802,2025-03-25,BR040,TLR-6691,C500380,cash withdrawal,1294.95,CAD
CA00020708,2025-03-01,BR015,TLR-4664,C501498,cash withdrawal,2396.91,CAD
CA00023051,2025-03-10,BR027,TLR-2465,C501960,cash deposit,1787.25,CAD
CA00022661,2025-03-23,BR026,TLR-2191,C502732,cash deposit,1024.0,CAD
CA00019694,2025-03-04,BR009,TLR-8903,C501999,cash deposit,1133.94,CAD
CA00022179,2025-03-31,BR024,TLR-1949,C503041,cash withdrawal,1270.25,CAD
CA00021200,2025-03-17,BR017,TLR-2569,C502865,cash withdrawal,345.82,CAD
CA00023746,2025-03-18,BR031,TLR-4277,C501825,cash withdrawal,557.94,CAD
CA00023441,2025-03-19,BR030,TLR-8871,C501531,cash deposit,1283.05,CAD
CA00024437,2025-03-03,BR035,TLR-5328,C501414,cash deposit,476.29,CAD
CA00019344,2025-03-06,BR008,TLR-7888,C501442,cash withdrawal,1135.4,CAD
CA00022592,2025-03-07,BR025,TLR-3852,C503436,cash withdrawal,-1078.87,CAD
CA00024790,2025-03-11,BR036,TLR-6944,C500153,cash withdrawal,6095.58,CAD
CA00025409,2025-03-21,BR038,TLR-5987,C502563,cash deposit,728.31,CAD
CA00020694,2025-03-08,BR015,TLR-3184,C501972,cash deposit,883.53,CAD
CA00023130,2025-03-26,BR028,TLR-1366,C500350,cash deposit,450.59,CAD
CA00020268,2025-03-01,BR013,TLR-9392,C500869,cash withdrawal,469.87,CAD
CA00020647,2025-03-02,BR015,TLR-9608,C501859,cash withdrawal,1428.34,CAD
CA00018154,2025-03-17,BR002,TLR-8116,C503101,cash withdrawal,-757.71,CAD
CA00019747,2025-03-11,BR010,TLR-7901,C503467,cash withdrawal,1076.38,CAD
CA00024285,2025-03-15,BR034,TLR-3692,C501627,cash deposit,394.26,CAD
CA00023430,2025-03-22,BR030,TLR-7033,C500917,cash withdrawal,925.09,CAD
CA00019782,2025-03-30,BR010,TLR-3791,C500717,cash deposit,1958.95,CAD
CA00021960,2025-03-05,BR022,TLR-5276,C503042,cash deposit,928.79,CAD
CA00017868,2025-03-30,BR001,TLR-7173,C500019,cash deposit,860.32,CAD
CA00017788,2025-03-17,BR001,TLR-2136,C500771,cash withdrawal,387.66,CAD
CA00019962,2025-03-09,BR012,TLR-7311,C502850,cash deposit,949.14,CAD
CA00024850,2025-03-06,BR036,TLR-5365,C502472,cash deposit,1188.33,CAD
CA00021428,2025-03-24,BR019,TLR-4283,C502724,cash deposit,746.53,CAD
CA00018290,2025-03-26,BR003,TLR-7847,C502569,cash withdrawal,1501.6,CAD
CA00020002,2025-03-02,BR012,TLR-7684,C502068,cash deposit,409.65,CAD
CA00020148,2025-03-05,BR012,TLR-2608,C500524,cash deposit,320.25,CAD
CA00021188,2025-03-11,BR017,TLR-3176,C501651,cash withdrawal,1324.01,CAD
CA00025265,2025-03-13,BR038,TLR-9379,C503013,cash deposit,356.82,CAD
CA00022949,2025-03-15,BR027,TLR-9406,C500384,cash deposit,300.04,CAD
CA00024625,2025-03-10,BR035,TLR-1367,C503209,cash deposit,580.25,CAD
CA00020863,2025-03-12,BR016,TLR-7322,C500840,cash deposit,3155.6,CAD
CA00019482,2025-03-13,BR008,TLR-6981,C500223,cash withdrawal,1130.88,CAD
CA00022485,2025-03-29,BR025,TLR-7370,C503070,cash withdrawal,-1213.04,CAD
CA00019366,2025-03-30,BR008,TLR-1412,C500818,cash deposit,1106.97,CAD
CA00023962,2025-03-21,BR032,TLR-8123,C502340,cash deposit,341.74,CAD
CA00023504,2025-03-21,BR030,TLR-6131,C503432,cash withdrawal,467.33,CAD
CA00020972,2025-03-07,BR017,TLR-4278,C500140,cash withdrawal,1012.23,CAD
CA00018284,2025-03-03,BR003,TLR-6288,C502097,cash deposit,2946.54,CAD
CA00021295,2025-03-22,BR018,TLR-4399,C502046,cash deposit,693.93,CAD
CA00018543,2025-03-25,BR004,TLR-9624,C501889,cash withdrawal,1486.53,CAD
CA00022295,2025-03-11,BR024,TLR-1142,C500455,cash deposit,1371.78,CAD
CA00018637,2025-03-07,BR004,TLR-8416,C503723,cash deposit,1061.1,CAD
CA00022335,2025-03-10,BR024,TLR-7290,C503925,cash withdrawal,1566.04,CAD
CA00026102,2025-03-25,BR040,TLR-1191,C503086,cash deposit,805.94,CAD
CA00020304,2025-03-28,BR014,TLR-5939,C502515,cash withdrawal,520.37,CAD
CA00019058,2025-03-12,BR007,TLR-3104,C500138,cash withdrawal,351.85,CAD
CA00022470,2025-03-25,BR025,TLR-6016,C502548,cash deposit,933.49,CAD
CA00023270,2025-03-26,BR029,TLR-9306,C502665,cash deposit,1237.38,CAD
CA00018233,2025-03-16,BR002,TLR-3162,C500444,cash deposit,922.93,CAD
CA00018237,2025-03-18,BR002,TLR-6295,C501481,cash withdrawal,-515.24,CAD
CA00019518,2025-03-27,BR009,TLR-9586,C500736,cash deposit,1792.3,CAD
CA00021614,2025-03-04,BR020,TLR-5652,C501120,cash deposit,342.37,USD
CA00020236,2025-03-05,BR013,TLR-8831,C500395,cash deposit,1501.79,CAD
CA00018062,2025-03-17,BR002,TLR-6556,C503609,cash deposit,494.24,CAD
CA00023837,2025-03-06,BR031,TLR-1947,C503557,cash deposit,523.77,CAD
CA00026365,2025-03-28,BR040,TLR-5701,C501838,cash withdrawal,218.47,CAD
CA00017905,2025-03-13,BR001,TLR-9048,C503690,cash deposit,3151.13,CAD
CA00022634,2025-03-20,BR025,TLR-8023,C503395,cash withdrawal,-1776.86,CAD
CA00025877,2025-03-16,BR040,TLR-4531,C503518,cash withdrawal,613.58,CAD
CA00023843,2025-03-01,BR031,TLR-2727,C503348,cash withdrawal,1135.94,CAD
CA00025640,2025-03-23,BR039,TLR-5742,C503236,cash deposit,439.21,CAD
CA00022349,2025-03-24,BR024,TLR-6985,C502689,cash deposit,257.46,CAD
CA00024386,2025-03-27,BR034,TLR-8581,C502003,cash withdrawal,420.16,CAD
CA00019498,2025-03-11,BR008,TLR-5195,C503796,cash withdrawal,987.23,CAD
CA00025949,2025-03-25,BR040,TLR-1012,C500460,cash withdrawal,669.76,CAD
CA00024549,2025-03-29,BR035,TLR-8633,C501868,cash withdrawal,204.96,CAD
CA00019771,2025-03-29,BR010,TLR-4761,C503374,cash deposit,449.67,CAD
CA00018902,2025-03-29,BR006,TLR-4360,C502281,cash withdrawal,1442.82,CAD
CA00024370,2025-03-07,BR034,TLR-8465,C503002,cash deposit,1002.4,CAD
CA00021613,2025-03-28,BR020,TLR-8794,C500344,cash withdrawal,395.6,USD
CA00020486,2025-03-23,BR014,TLR-8624,C500097,cash withdrawal,337.28,CAD
CA00018723,2025-03-25,BR005,TLR-2702,C503377,cash withdrawal,862.82,CAD
CA00020938,2025-03-04,BR016,TLR-8968,C501933,cash withdrawal,2287.48,CAD
CA00021961,2025-03-15,BR022,TLR-4019,C503638,cash withdrawal,553.28,CAD
CA00024584,2025-03-01,BR035,TLR-6733,C503032,cash withdrawal,778.76,CAD
CA00021999,2025-03-26,BR022,TLR-3162,C501760,cash withdrawal,776.14,CAD
CA00022482,2025-03-13,BR025,TLR-1869,C502086,cash withdrawal,-1034.94,CAD
CA00019975,2025-03-01,BR012,TLR-9309,C502753,cash deposit,534.63,CAD
CA00021118,2025-03-18,BR017,TLR-2082,C503493,cash deposit,1161.64,CAD
CA00021982,2025-03-15,BR022,TLR-1473,C503182,cash withdrawal,658.72,CAD
CA00024457,2025-03-01,BR035,TLR-6479,C501742,cash withdrawal,361.63,CAD
CA00019695,2025-03-25,BR009,TLR-6342,C502433,cash withdrawal,2191.56,CAD
CA00020634,2025-03-02,BR015,TLR-4431,C501729,cash deposit,343.12,CAD
CA00023182,2025-03-27,BR028,TLR-3367,C501607,cash deposit,1302.44,CAD
CA00019007,2025-03-25,BR006,TLR-1980,C502370,cash withdrawal,1888.27,CAD
CA00023609,2025-03-24,BR030,TLR-3083,C500269,cash deposit,1062.66,CAD
CA00021374,2025-03-13,BR019,TLR-1645,C502636,cash deposit,846.68,CAD
CA00019001,2025-03-12,BR006,TLR-3291,C501171,cash deposit,1324.19,CAD
CA00020038,2025-03-08,BR012,TLR-1712,C502815,cash deposit,590.24,CAD
CA00019507,2025-03-22,BR008,TLR-6862,C500397,cash deposit,486.77,CAD
CA00017919,2025-03-08,BR001,TLR-7084,C503989,cash withdrawal,922.68,CAD
CA00022869,2025-03-22,BR026,TLR-2508,C503811,cash deposit,294.1,CAD
CA00021701,2025-03-08,BR020,TLR-3481,C503363,cash withdrawal,1950.88,USD
CA00022712,2025-03-19,BR026,TLR-2287,C502605,cash deposit,797.31,CAD
CA00025489,2025-03-21,BR039,TLR-4156,C501795,cash deposit,1153.25,CAD
CA00022251,2025-03-01,BR024,TLR-1795,C502612,cash withdrawal,850.76,CAD
CA00017938,2025-03-23,BR001,TLR-6703,C502731,cash deposit,684.47,CAD
CA00023114,2025-03-16,BR028,TLR-1657,C502660,cash withdrawal,678.88,CAD
CA00020726,2025-03-03,BR015,TLR-2618,C502880,cash withdrawal,923.21,CAD
CA00022793,2025-03-18,BR026,TLR-7482,C501258,cash deposit,1828.89,CAD
CA00023484,2025-03-15,BR030,TLR-2111,C503325,cash deposit,940.44,CAD
CA00025464,2025-03-11,BR038,TLR-9608,C500815,cash deposit,1001.12,CAD
CA00023765,2025-03-29,BR031,TLR-1422,C503618,cash deposit,1029.43,CAD
CA00021398,2025-03-22,BR019,TLR-4023,C502736,cash deposit,3038.0,CAD
CA00019419,2025-03-10,BR008,TLR-2855,C503218,cash deposit,624.22,CAD
CA00021645,2025-03-27,BR020,TLR-9687,C503226,cash withdrawal,1439.84,USD
CA00019923,2025-03-05,BR011,TLR-2724,C502855,cash deposit,610.07,CAD
CA00025023,2025-03-02,BR037,TLR-7097,C502498,cash deposit,722.37,CAD
CA00026154,2025-03-11,BR040,TLR-4484,C500083,cash deposit,1077.61,CAD
CA00026343,2025-03-28,BR040,TLR-4257,C500191,cash deposit,937.64,CAD
CA00025435,2025-03-24,BR038,TLR-5474,C502670,cash deposit,543.34,CAD
CA00022278,2025-03-16,BR024,TLR-8459,C503598,cash deposit,473.99,CAD
CA00024524,2025-03-31,BR035,TLR-5256,C503600,cash deposit,852.68,CAD
CA00022567,2025-03-28,BR025,TLR-6914,C502051,cash deposit,426.34,CAD
CA00021883,2025-03-16,BR021,TLR-9062,C501717,cash withdrawal,1361.39,CAD
CA00020201,2025-03-11,BR013,TLR-5853,C502161,cash deposit,2945.59,CAD
CA00026432,2025-03-26,BR040,TLR-9142,C503894,cash deposit,1509.14,CAD
CA00022345,2025-03-09,BR024,TLR-3748,C502680,cash withdrawal,1872.84,CAD
CA00025141,2025-03-30,BR037,TLR-7299,C503056,cash withdrawal,242.27,CAD
CA00022753,2025-03-06,BR026,TLR-8437,C502694,cash withdrawal,-1143.43,CAD
CA00019697,2025-03-03,BR009,TLR-9116,C500333,cash deposit,4839.29,CAD
CA00023926,2025-03-17,BR032,TLR-7954,C501863,cash deposit,838.54,CAD
CA00026205,2025-03-06,BR040,TLR-8525,C500514,cash deposit,1657.85,CAD
CA00019511,2025-03-19,BR008,TLR-4309,C500482,cash deposit,465.72,CAD
CA00021408,2025-03-16,BR019,TLR-5294,C503717,cash withdrawal,435.9,CAD
CA00025379,2025-03-15,BR038,TLR-7657,C500081,cash withdrawal,877.53,CAD
CA00020242,2025-03-06,BR013,TLR-8869,C502864,cash withdrawal,663.37,CAD
CA00025177,2025-03-23,BR037,TLR-2442,C503371,cash withdrawal,2448.67,CAD
CA00021891,2025-03-29,BR021,TLR-5875,C502135,cash withdrawal,342.9,CAD
CA00024496,2025-03-27,BR035,TLR-4480,C503366,cash deposit,458.91,CAD
CA00025691,2025-03-24,BR040,TLR-7719,C503285,cash withdrawal,2232.49,CAD
CA00023147,2025-03-13,BR028,TLR-5119,C500548,cash withdrawal,1530.56,CAD
CA00023170,2025-03-15,BR028,TLR-4926,C501946,cash withdrawal,872.76,CAD
CA00018591,2025-03-17,BR004,TLR-5969,C501504,cash deposit,880.17,CAD
CA00021902,2025-03-11,BR021,TLR-9538,C500025,cash deposit,2880.12,CAD
CA00017808,2025-03-02,BR001,TLR-5078,C502315,cash deposit,324.3,CAD
CA00024687,2025-03-14,BR036,TLR-8493,C502945,cash withdrawal,1893.06,CAD
CA00021669,2025-03-05,BR020,TLR-9945,C503462,cash withdrawal,973.26,USD
CA00018636,2025-03-07,BR004,TLR-2215,C502570,cash withdrawal,364.86,CAD
CA00022546,2025-03-19,BR025,TLR-5984,C503255,cash deposit,1063.68,CAD
CA00022601,2025-03-12,BR025,TLR-9079,C501327,cash deposit,614.35,CAD
CA00021165,2025-03-10,BR017,TLR-6872,C503875,cash withdrawal,2070.37,CAD
CA00020314,2025-03-08,BR014,TLR-6291,C500766,cash deposit,1658.65,CAD
CA00021767,2025-03-20,BR020,TLR-5399,C500754,cash withdrawal,917.11,USD
CA00023523,2025-03-04,BR030,TLR-7864,C500626,cash withdrawal,1424.6,CAD
CA00020009,2025-03-26,BR012,TLR-8210,C503122,cash deposit,1817.7,CAD
CA00018929,2025-03-01,BR006,TLR-7952,C503048,cash withdrawal,463.15,CAD
CA00021507,2025-03-19,BR019,TLR-1038,C500005,cash withdrawal,1555.04,CAD
CA00024806,2025-03-19,BR036,TLR-3732,C502273,cash deposit,1366.41,CAD
CA00018406,2025-03-25,BR003,TLR-5315,C501971,cash withdrawal,1034.45,CAD
CA00017724,2025-03-04,BR001,TLR-2666,C503508,cash withdrawal,3551.7,CAD
CA00025120,2025-03-21,BR037,TLR-7647,C503011,cash withdrawal,1211.68,CAD
CA00026183,2025-03-15,BR040,TLR-2021,C503425,cash withdrawal,773.55,CAD
CA00020945,2025-03-23,BR016,TLR-9763,C503499,cash withdrawal,895.06,CAD
CA00022456,2025-03-30,BR025,TLR-9643,C502586,cash deposit,2842.22,CAD
CA00018244,2025-03-23,BR003,TLR-9188,C502900,cash withdrawal,2198.39,CAD
CA00022213,2025-03-23,BR024,TLR-3623,C500141,cash withdrawal,558.28,CAD
CA00021637,2025-03-13,BR020,TLR-5810,C503352,cash withdrawal,1261.43,USD
CA00018359,2025-03-07,BR003,TLR-2036,C501133,cash deposit,738.04,CAD
CA00022054,2025-03-29,BR023,TLR-8699,C503407,cash withdrawal,913.97,CAD
CA00025625,2025-03-05,BR039,TLR-3453,C502477,cash deposit,2661.12,CAD
CA00019657,2025-03-04,BR009,TLR-4064,C502133,cash withdrawal,2230.84,CAD
CA00018758,2025-03-12,BR005,TLR-7296,C500930,cash withdrawal,416.55,CAD
CA00025942,2025-03-17,BR040,TLR-8078,C503535,cash deposit,243.47,CAD
CA00019502,2025-03-05,BR008,TLR-7117,C501060,cash deposit,1234.05,CAD
CA00019969,2025-03-04,BR012,TLR-2778,C503985,cash deposit,2268.36,CAD
CA00019867,2025-03-09,BR010,TLR-5336,C501962,cash withdrawal,1183.73,CAD
CA00022286,2025-03-18,BR024,TLR-3751,C500481,cash withdrawal,1279.09,CAD
CA00022145,2025-03-10,BR023,TLR-8247,C500620,cash deposit,779.52,CAD
CA00019132,2025-03-16,BR007,TLR-8113,C503749,cash withdrawal,1819.39,CAD
CA00023045,2025-03-06,BR027,TLR-3526,C502500,cash deposit,449.78,CAD
CA00025352,2025-03-08,BR038,TLR-3428,C500111,cash deposit,431.55,CAD
CA00023912,2025-03-17,BR031,TLR-7247,C501970,cash deposit,1664.09,CAD
CA00020956,2025-03-04,BR016,TLR-4297,C501842,cash withdrawal,2995.94,CAD
CA00026051,2025-03-06,BR040,TLR-9480,C502109,cash withdrawal,876.73,CAD
CA00022431,2025-03-28,BR024,TLR-1891,C503551,cash withdrawal,1254.35,CAD
CA00024940,2025-03-24,BR036,TLR-7706,C502257,cash withdrawal,3230.42,CAD
CA00025628,2025-03-23,BR039,TLR-9517,C503264,cash withdrawal,1688.73,CAD
CA00022967,2025-03-17,BR027,TLR-7677,C501353,cash deposit,2580.01,CAD
CA00024303,2025-03-23,BR034,TLR-5907,C500102,cash deposit,906.11,CAD
CA00023920,2025-03-21,BR031,TLR-4543,C501393,cash deposit,3937.62,CAD
CA00020517,2025-03-04,BR015,TLR-2596,C501161,cash deposit,484.21,CAD
CA00024690,2025-03-15,BR036,TLR-6737,C503213,cash deposit,1012.4,CAD
CA00019386,2025-03-23,BR008,TLR-5440,C502449,cash withdrawal,792.86,CAD
CA00024245,2025-03-16,BR034,TLR-6945,C503339,cash withdrawal,1603.29,CAD
CA00026107,2025-03-12,BR040,TLR-9394,C503960,cash withdrawal,627.33,CAD
CA00019374,2025-03-25,BR008,TLR-4161,C503018,cash withdrawal,361.96,CAD
CA00017828,2025-03-01,BR001,TLR-9258,C501772,cash deposit,430.0,CAD
CA00025671,2025-03-29,BR039,TLR-6171,C502981,cash deposit,1036.72,CAD
CA00023766,2025-03-18,BR031,TLR-7210,C503147,cash withdrawal,1282.74,CAD
CA00018064,2025-03-07,BR002,TLR-1632,C502804,cash withdrawal,-787.34,CAD
CA00023826,2025-03-23,BR031,TLR-1198,C500062,cash withdrawal,1133.29,CAD
CA00024416,2025-03-31,BR035,TLR-6552,C501347,cash withdrawal,970.85,CAD
CA00026419,2025-03-11,BR040,TLR-1857,C501947,cash withdrawal,466.18,CAD
CA00024472,2025-03-24,BR035,TLR-3568,C502025,cash withdrawal,2139.46,CAD
CA00026309,2025-03-27,BR040,TLR-9524,C502683,cash withdrawal,739.59,CAD
CA00024252,2025-03-01,BR034,TLR-3704,C501323,cash deposit,1183.74,CAD
CA00020356,2025-03-01,BR014,TLR-4960,C501374,cash withdrawal,401.36,CAD
CA00024834,2025-03-14,BR036,TLR-5542,C502630,cash withdrawal,524.73,CAD
CA00018662,2025-03-10,BR004,TLR-5098,C501082,cash withdrawal,1822.45,CAD
CA00024120,2025-03-12,BR033,TLR-8270,C500324,cash deposit,1280.13,CAD
CA00019504,2025-03-10,BR008,TLR-1560,C502723,cash withdrawal,997.12,CAD
CA00025787,2025-03-08,BR040,TLR-4086,C501528,cash deposit,507.21,CAD
CA00021877,2025-03-24,BR021,TLR-4736,C500127,cash deposit,1729.03,CAD
CA00023629,2025-03-21,BR030,TLR-3613,C501804,cash deposit,1098.81,CAD
CA00025492,2025-03-06,BR039,TLR-5836,C500650,cash deposit,752.06,CAD
CA00023425,2025-03-08,BR030,TLR-1211,C500016,cash withdrawal,156.44,CAD
CA00018743,2025-03-25,BR005,TLR-9363,C501495,cash deposit,730.93,CAD
CA00023889,2025-03-21,BR031,TLR-2352,C500860,cash withdrawal,949.6,CAD
CA00025809,2025-03-26,BR040,TLR-7193,C501198,cash withdrawal,1566.33,CAD
CA00018517,2025-03-22,BR004,TLR-3882,C503255,cash withdrawal,226.74,CAD
CA00024246,2025-03-06,BR034,TLR-6384,C500217,cash withdrawal,370.78,CAD
CA00021705,2025-03-19,BR020,TLR-8214,C502531,cash withdrawal,287.32,USD
CA00023197,2025-03-16,BR028,TLR-8898,C500641,cash deposit,1046.89,CAD
CA00018086,2025-03-10,BR002,TLR-3317,C501136,cash withdrawal,-507.22,CAD
CA00018144,2025-03-27,BR002,TLR-7795,C500192,cash deposit,244.91,CAD
CA00020390,2025-03-09,BR014,TLR-1057,C500075,cash deposit,630.12,CAD
CA00018379,2025-03-11,BR003,TLR-7741,C502803,cash withdrawal,1862.12,CAD
CA00018958,2025-03-30,BR006,TLR-6863,C500924,cash withdrawal,796.66,CAD
CA00020756,2025-03-24,BR015,TLR-7892,C501029,cash withdrawal,1109.64,CAD
CA00023330,2025-03-16,BR029,TLR-1417,C502698,cash withdrawal,2635.94,CAD
CA00022734,2025-03-04,BR026,TLR-7011,C502560,cash withdrawal,-1237.2,CAD
CA00020220,2025-03-18,BR013,TLR-6784,C502733,cash withdrawal,543.56,CAD
CA00022748,2025-03-05,BR026,TLR-2195,C503409,cash withdrawal,-751.67,CAD
CA00023086,2025-03-29,BR027,TLR-1762,C500866,cash deposit,741.52,CAD
CA00019934,2025-03-24,BR011,TLR-8974,C502394,cash deposit,2328.08,CAD
CA00024369,2025-03-21,BR034,TLR-3584,C503544,cash deposit,1910.22,CAD
CA00022233,2025-03-21,BR024,TLR-3043,C502835,cash withdrawal,996.96,CAD
CA00020922,2025-03-08,BR016,TLR-8750,C502451,cash withdrawal,730.39,CAD
CA00023415,2025-03-11,BR030,TLR-9092,C502429,cash deposit,1037.26,CAD
CA00020204,2025-03-07,BR013,TLR-1769,C502904,cash withdrawal,952.64,CAD
CA00021048,2025-03-12,BR017,TLR-2582,C502558,cash withdrawal,625.36,CAD
CA00024889,2025-03-31,BR036,TLR-1948,C503393,cash deposit,470.95,CAD
CA00026157,2025-03-01,BR040,TLR-8252,C503814,cash withdrawal,623.91,CAD
CA00018541,2025-03-17,BR004,TLR-1870,C503950,cash deposit,2648.29,CAD
CA00020133,2025-03-10,BR012,TLR-3219,C500359,cash withdrawal,2593.67,CAD
CA00020371,2025-03-31,BR014,TLR-3017,C501681,cash withdrawal,743.23,CAD
CA00020073,2025-03-31,BR012,TLR-5368,C500229,cash deposit,324.48,CAD
CA00025395,2025-03-30,BR038,TLR-8816,C503491,cash deposit,1196.74,CAD
CA00022657,2025-03-16,BR026,TLR-3726,C500794,cash deposit,2551.79,CAD
CA00022428,2025-03-16,BR024,TLR-3906,C501003,cash deposit,2179.77,CAD
CA00024432,2025-03-26,BR035,TLR-8639,C503229,cash withdrawal,468.72,CAD
CA00018938,2025-03-08,BR006,TLR-3591,C503984,cash withdrawal,594.19,CAD
CA00023146,2025-03-30,BR028,TLR-9621,C503939,cash withdrawal,1166.03,CAD
CA00023527,2025-03-02,BR030,TLR-5742,C501825,cash deposit,1413.85,CAD
CA00026529,2025-03-30,BR040,TLR-3509,C501491,cash deposit,1282.49,CAD
CA00023820,2025-03-01,BR031,TLR-4560,C501732,cash withdrawal,2398.75,CAD
CA00020228,2025-03-26,BR013,TLR-2058,C502066,cash withdrawal,861.78,CAD
CA00022683,2025-03-21,BR026,TLR-6702,C501183,cash deposit,763.34,CAD
CA00023612,2025-03-29,BR030,TLR-1042,C503798,cash withdrawal,543.77,CAD
CA00021182,2025-03-15,BR017,TLR-9163,C501422,cash deposit,1673.16,CAD
CA00025545,2025-03-31,BR039,TLR-6219,C501352,cash withdrawal,663.07,CAD
CA00020965,2025-03-31,BR017,TLR-3448,C501288,cash withdrawal,430.52,CAD
CA00018708,2025-03-29,BR004,TLR-2435,C501957,cash deposit,6268.15,CAD
CA00023185,2025-03-16,BR028,TLR-5114,C501126,cash deposit,826.27,CAD
CA00020018,2025-03-04,BR012,TLR-4909,C500849,cash deposit,1844.5,CAD
CA00020537,2025-03-07,BR015,TLR-8496,C502923,cash withdrawal,5125.15,CAD
CA00023435,2025-03-25,BR030,TLR-4217,C501586,cash withdrawal,732.51,CAD
CA00025457,2025-03-04,BR038,TLR-5568,C503733,cash deposit,572.9,CAD
CA00018514,2025-03-08,BR004,TLR-2384,C501732,cash deposit,1403.22,CAD
CA00020843,2025-03-18,BR016,TLR-8096,C500118,cash deposit,1202.72,CAD
CA00019843,2025-03-31,BR010,TLR-3117,C500228,cash withdrawal,1325.84,CAD
CA00020509,2025-03-26,BR014,TLR-5802,C500595,cash withdrawal,381.67,CAD
CA00017979,2025-03-25,BR001,TLR-6407,C501497,cash deposit,378.94,CAD
CA00023311,2025-03-12,BR029,TLR-5075,C501518,cash withdrawal,2713.91,CAD
CA00021954,2025-03-28,BR022,TLR-9371,C501045,cash withdrawal,766.68,CAD
CA00022289,2025-03-25,BR024,TLR-4657,C500436,cash withdrawal,1698.43,CAD
CA00023343,2025-03-30,BR029,TLR-3924,C500528,cash withdrawal,2332.89,CAD
CA00020078,2025-03-06,BR012,TLR-1514,C500041,cash deposit,1071.18,CAD
CA00019881,2025-03-23,BR010,TLR-2950,C500708,cash deposit,802.56,CAD
CA00023648,2025-03-11,BR030,TLR-7662,C501298,cash deposit,495.5,CAD
CA00020082,2025-03-13,BR012,TLR-3835,C500539,cash deposit,1130.25,CAD
CA00020439,2025-03-22,BR014,TLR-7917,C500056,cash withdrawal,619.29,CAD
CA00020468,2025-03-19,BR014,TLR-9278,C500839,cash withdrawal,1039.82,CAD
CA00026007,2025-03-16,BR040,TLR-6212,C501356,cash withdrawal,1890.32,CAD
CA00024090,2025-03-13,BR033,TLR-8810,C503317,cash deposit,818.63,CAD
CA00025747,2025-03-27,BR040,TLR-2155,C502101,cash withdrawal,1783.96,CAD
CA00020790,2025-03-18,BR016,TLR-9713,C501065,cash deposit,1057.83,CAD
CA00018297,2025-03-30,BR003,TLR-5990,C500856,cash withdrawal,1275.36,CAD
CA00018588,2025-03-10,BR004,TLR-8339,C501328,cash withdrawal,1061.52,CAD
CA00025514,2025-03-31,BR039,TLR-1449,C502846,cash withdrawal,625.37,CAD
CA00019137,2025-03-30,BR007,TLR-2360,C503349,cash deposit,338.3,CAD
CA00023313,2025-03-16,BR029,TLR-9600,C502570,cash deposit,900.47,CAD
CA00019569,2025-03-31,BR009,TLR-1075,C500979,cash deposit,431.15,CAD
CA00026547,2025-03-12,BR040,TLR-4041,C500602,cash withdrawal,418.26,CAD
CA00026207,2025-03-10,BR040,TLR-2154,C502999,cash deposit,426.0,CAD
CA00019334,2025-03-23,BR008,TLR-2698,C500840,cash deposit,1930.22,CAD
CA00020076,2025-03-10,BR012,TLR-8995,C501516,cash withdrawal,1263.74,CAD
CA00024816,2025-03-26,BR036,TLR-7090,C501058,cash deposit,512.67,CAD
CA00023158,2025-03-27,BR028,TLR-6676,C501770,cash deposit,1094.25,CAD
CA00026456,2025-03-06,BR040,TLR-7191,C501174,cash deposit,3327.49,CAD
CA00019136,2025-03-19,BR007,TLR-1874,C502731,cash deposit,388.47,CAD
CA00024775,2025-03-06,BR036,TLR-7192,C502675,cash withdrawal,250.86,CAD
CA00023188,2025-03-30,BR028,TLR-8358,C500459,cash deposit,523.24,CAD
CA00025989,2025-03-30,BR040,TLR-7903,C501550,cash deposit,2611.43,CAD
CA00024097,2025-03-19,BR033,TLR-8325,C502650,cash deposit,1120.5,CAD
CA00024438,2025-03-06,BR035,TLR-1241,C503726,cash withdrawal,524.5,CAD
CA00024956,2025-03-02,BR036,TLR-8742,C501440,cash withdrawal,3955.08,CAD
CA00023024,2025-03-19,BR027,TLR-1128,C501167,cash deposit,1132.43,CAD
CA00019186,2025-03-23,BR007,TLR-9824,C502593,cash withdrawal,678.03,CAD
CA00017779,2025-03-19,BR001,TLR-2469,C501119,cash deposit,522.28,CAD
CA00022900,2025-03-12,BR026,TLR-8246,C501454,cash withdrawal,-867.32,CAD
CA00024989,2025-03-24,BR037,TLR-9328,C501336,cash withdrawal,4273.71,CAD
CA00021732,2025-03-26,BR020,TLR-1202,C500075,cash withdrawal,660.43,USD
CA00025868,2025-03-06,BR040,TLR-3583,C503913,cash withdrawal,1622.46,CAD
CA00024250,2025-03-04,BR034,TLR-2761,C503579,cash deposit,1354.9,CAD
CA00019130,2025-03-02,BR007,TLR-4689,C503646,cash withdrawal,119.69,CAD
CA00018640,2025-03-25,BR004,TLR-2245,C501600,cash deposit,953.74,CAD
CA00026003,2025-03-04,BR040,TLR-2809,C502626,cash withdrawal,929.07,CAD
CA00025280,2025-03-11,BR038,TLR-7385,C503258,cash withdrawal,1667.15,CAD
CA00023955,2025-03-02,BR032,TLR-7122,C502669,cash deposit,1469.25,CAD
CA00026514,2025-03-29,BR040,TLR-6642,C502123,cash withdrawal,1145.03,CAD
CA00017757,2025-03-07,BR001,TLR-8621,C503346,cash withdrawal,2897.74,CAD
CA00017762,2025-03-14,BR001,TLR-7164,C501206,cash withdrawal,1138.9,CAD
CA00023253,2025-03-13,BR029,TLR-8812,C502824,cash deposit,2458.78,CAD
CA00018122,2025-03-22,BR002,TLR-8944,C500810,cash withdrawal,-1574.38,CAD
CA00017834,2025-03-30,BR001,TLR-3887,C503564,cash deposit,1465.66,CAD
CA00023279,2025-03-06,BR029,TLR-2780,C501345,cash deposit,448.45,CAD
CA00020994,2025-03-30,BR017,TLR-7604,C503185,cash withdrawal,579.92,CAD
CA00020022,2025-03-31,BR012,TLR-7036,C500664,cash withdrawal,1127.55,CAD
CA00025331,2025-03-21,BR038,TLR-7315,C501379,cash deposit,301.54,CAD
CA00024420,2025-03-07,BR035,TLR-8873,C502254,cash deposit,376.22,CAD
CA00024321,2025-03-15,BR034,TLR-3792,C500394,cash deposit,1622.54,CAD
CA00022354,2025-03-26,BR024,TLR-4483,C501719,cash deposit,577.06,CAD
CA00022195,2025-03-10,BR024,TLR-7776,C501814,cash deposit,3004.96,CAD
CA00023536,2025-03-23,BR030,TLR-3858,C503523,cash withdrawal,961.81,CAD
CA00020849,2025-03-14,BR016,TLR-1300,C500370,cash withdrawal,716.54,CAD
CA00019417,2025-03-22,BR008,TLR-7057,C501428,cash deposit,917.84,CAD
CA00018407,2025-03-24,BR003,TLR-9063,C501889,cash deposit,1977.66,CAD
CA00021659,2025-03-06,BR020,TLR-6152,C503236,cash withdrawal,508.68,USD
CA00026535,2025-03-08,BR040,TLR-7094,C501654,cash deposit,1254.79,CAD
CA00022316,2025-03-29,BR024,TLR-5488,C500297,cash deposit,3204.99,CAD
CA00024672,2025-03-06,BR036,TLR-2111,C501415,cash withdrawal,694.61,CAD
CA00020785,2025-03-12,BR016,TLR-7788,C503679,cash withdrawal,2158.47,CAD
CA00021508,2025-03-05,BR019,TLR-2440,C501799,cash deposit,806.52,CAD
CA00018988,2025-03-26,BR006,TLR-8935,C502417,cash withdrawal,449.97,CAD
CA00021542,2025-03-06,BR019,TLR-4420,C502612,cash withdrawal,565.75,CAD
CA00025468,2025-03-02,BR038,TLR-3858,C502431,cash withdrawal,794.3,CAD
CA00019823,2025-03-21,BR010,TLR-7848,C502398,cash withdrawal,1444.98,CAD
CA00019350,2025-03-17,BR008,TLR-5449,C502791,cash deposit,300.83,CAD
CA00019688,2025-03-16,BR009,TLR-8194,C501200,cash deposit,1201.06,CAD
CA00020385,2025-03-03,BR014,TLR-6568,C500972,cash deposit,821.19,CAD
CA00019479,2025-03-23,BR008,TLR-7343,C501089,cash deposit,1483.35,CAD
CA00023434,2025-03-11,BR030,TLR-3763,C501879,cash deposit,2822.35,CAD
CA00025436,2025-03-15,BR038,TLR-2681,C503036,cash deposit,632.07,CAD
CA00019729,2025-03-15,BR010,TLR-8910,C503706,cash withdrawal,989.63,CAD
CA00018762,2025-03-05,BR005,TLR-4364,C500911,cash deposit,595.74,CAD
CA00024379,2025-03-09,BR034,TLR-6158,C501097,cash withdrawal,688.0,CAD
CA00021709,2025-03-26,BR020,TLR-1808,C501126,cash withdrawal,1772.63,USD
CA00018255,2025-03-26,BR003,TLR-3919,C501576,cash deposit,1083.18,CAD
CA00026410,2025-03-09,BR040,TLR-7967,C501501,cash deposit,477.35,CAD
CA00018658,2025-03-24,BR004,TLR-1000,C500977,cash withdrawal,617.99,CAD
CA00021631,2025-03-07,BR020,TLR-7185,C501144,cash withdrawal,987.03,USD
CA00017800,2025-03-24,BR001,TLR-5712,C502509,cash withdrawal,4687.99,CAD
CA00024893,2025-03-14,BR036,TLR-7931,C501185,cash withdrawal,1033.52,CAD
CA00020570,2025-03-19,BR015,TLR-1725,C503059,cash deposit,2432.9,CAD
CA00018908,2025-03-04,BR006,TLR-4111,C500831,cash deposit,831.3,CAD
CA00019224,2025-03-15,BR007,TLR-8744,C502434,cash deposit,815.63,CAD
CA00019903,2025-03-03,BR011,TLR-1662,C502562,cash deposit,2035.36,CAD
CA00023062,2025-03-26,BR027,TLR-7513,C503911,cash withdrawal,448.76,CAD
CA00023046,2025-03-04,BR027,TLR-5791,C501663,cash deposit,1302.44,CAD
CA00023867,2025-03-25,BR031,TLR-8746,C501458,cash withdrawal,438.3,CAD
CA00024791,2025-03-28,BR036,TLR-6147,C503233,cash withdrawal,1079.0,CAD
CA00025213,2025-03-26,BR037,TLR-6483,C500060,cash withdrawal,761.27,CAD
CA00024156,2025-03-19,BR033,TLR-1907,C500682,cash deposit,541.34,CAD
CA00020381,2025-03-07,BR014,TLR-3843,C502691,cash withdrawal,585.39,CAD
CA00023372,2025-03-26,BR030,TLR-4327,C501719,cash withdrawal,436.05,CAD
CA00023939,2025-03-05,BR032,TLR-3751,C500325,cash withdrawal,2325.87,CAD
CA00024557,2025-03-23,BR035,TLR-7544,C503665,cash deposit,6696.35,CAD
CA00022075,2025-03-23,BR023,TLR-9390,C502186,cash withdrawal,855.84,CAD
CA00025264,2025-03-30,BR038,TLR-3536,C501582,cash deposit,588.46,CAD
CA00018994,2025-03-15,BR006,TLR-5991,C500087,cash withdrawal,1205.05,CAD
CA00025322,2025-03-08,BR038,TLR-6283,C500305,cash deposit,485.79,CAD
CA00020121,2025-03-11,BR012,TLR-3035,C500392,cash deposit,564.03,CAD
CA00020456,2025-03-28,BR014,TLR-8734,C500899,cash deposit,745.14,CAD
CA00023268,2025-03-01,BR029,TLR-3192,C503363,cash withdrawal,1073.23,CAD
CA00019908,2025-03-23,BR011,TLR-9139,C500935,cash withdrawal,526.0,CAD
CA00023178,2025-03-23,BR028,TLR-9506,C500129,cash withdrawal,1253.42,CAD
CA00018508,2025-03-10,BR004,TLR-6918,C503119,cash withdrawal,557.39,CAD
CA00026306,2025-03-31,BR040,TLR-3732,C502709,cash withdrawal,3628.61,CAD
CA00026473,2025-03-04,BR040,TLR-3988,C502567,cash withdrawal,1561.88,CAD
CA00022945,2025-03-11,BR027,TLR-3092,C502884,cash deposit,1265.13,CAD
CA00018350,2025-03-26,BR003,TLR-6706,C502672,cash deposit,363.71,CAD
CA00020404,2025-03-13,BR014,TLR-6585,C501273,cash withdrawal,1070.25,CAD
CA00022693,2025-03-28,BR026,TLR-5337,C503262,cash deposit,314.85,CAD
CA00025440,2025-03-30,BR038,TLR-7332,C503408,cash deposit,572.73,CAD
CA00019641,2025-03-15,BR009,TLR-2420,C500190,cash deposit,424.25,CAD
CA00025664,2025-03-25,BR039,TLR-1308,C503291,cash deposit,419.91,CAD
CA00023290,2025-03-23,BR029,TLR-6045,C500798,cash deposit,626.87,CAD
CA00026264,2025-03-19,BR040,TLR-3053,C500462,cash deposit,2465.25,CAD
CA00023205,2025-03-10,BR028,TLR-2071,C501128,cash withdrawal,2786.07,CAD
CA00020766,2025-03-13,BR016,TLR-2482,C502925,cash withdrawal,1121.75,CAD
CA00018403,2025-03-17,BR003,TLR-5342,C501948,cash deposit,723.46,CAD
CA00018748,2025-03-19,BR005,TLR-5472,C501377,cash withdrawal,703.27,CAD
CA00017831,2025-03-03,BR001,TLR-7816,C502660,cash deposit,1020.18,CAD
CA00025914,2025-03-14,BR040,TLR-4538,C502685,cash withdrawal,1899.84,CAD
CA00020029,2025-03-29,BR012,TLR-1057,C500162,cash withdrawal,2945.54,CAD
CA00023255,2025-03-01,BR029,TLR-1307,C501405,cash deposit,171.53,CAD
CA00025619,2025-03-26,BR039,TLR-2883,C501888,cash withdrawal,2901.53,CAD
CA00021138,2025-03-02,BR017,TLR-1442,C502334,cash deposit,2397.06,CAD
CA00026552,2025-03-03,BR040,TLR-5991,C501687,cash withdrawal,173.77,CAD
CA00019721,2025-03-03,BR009,TLR-1477,C503093,cash withdrawal,206.09,CAD
CA00020946,2025-03-09,BR016,TLR-5305,C501970,cash withdrawal,266.05,CAD
CA00023160,2025-03-25,BR028,TLR-1755,C503415,cash withdrawal,1539.42,CAD
CA00020855,2025-03-10,BR016,TLR-4910,C502678,cash deposit,757.09,CAD
CA00021471,2025-03-06,BR019,TLR-8084,C501560,cash deposit,450.72,CAD
CA00021607,2025-03-12,BR020,TLR-8714,C503890,cash withdrawal,2603.42,USD
CA00021612,2025-03-07,BR020,TLR-7582,C500112,cash deposit,599.04,USD
CA00019229,2025-03-26,BR007,TLR-4993,C502266,cash withdrawal,2374.18,CAD
CA00020748,2025-03-01,BR015,TLR-6562,C500103,cash deposit,3146.03,CAD
CA00019382,2025-03-25,BR008,TLR-5703,C502096,cash withdrawal,1478.11,CAD
CA00019618,2025-03-14,BR009,TLR-2021,C500888,cash deposit,758.71,CAD
CA00020724,2025-03-02,BR015,TLR-4502,C502277,cash withdrawal,627.12,CAD
CA00019401,2025-03-31,BR008,TLR-9106,C503907,cash withdrawal,653.33,CAD
CA00025043,2025-03-24,BR037,TLR-7874,C502583,cash deposit,351.79,CAD
CA00024277,2025-03-09,BR034,TLR-1008,C500522,cash withdrawal,1143.62,CAD
CA00018565,2025-03-12,BR004,TLR-5164,C503755,cash withdrawal,1001.04,CAD
CA00022500,2025-03-14,BR025,TLR-6498,C502070,cash deposit,1036.04,CAD
CA00026559,2025-03-29,BR040,TLR-5936,C503226,cash deposit,1360.3,CAD
CA00021201,2025-03-29,BR017,TLR-4761,C501500,cash withdrawal,878.7,CAD
CA00020702,2025-03-31,BR015,TLR-6396,C500980,cash deposit,2592.21,CAD
CA00019905,2025-03-21,BR011,TLR-2328,C503620,cash deposit,1924.39,CAD
CA00019870,2025-03-31,BR010,TLR-1908,C500432,cash withdrawal,715.98,CAD
CA00023524,2025-03-26,BR030,TLR-9054,C502894,cash deposit,2635.02,CAD
CA00020233,2025-03-25,BR013,TLR-5276,C501222,cash deposit,578.55,CAD
CA00020798,2025-03-09,BR016,TLR-4546,C501004,cash withdrawal,1026.42,CAD
CA00025870,2025-03-05,BR040,TLR-3152,C502281,cash deposit,2453.58,CAD
CA00021534,2025-03-08,BR019,TLR-3282,C500545,cash deposit,1373.07,CAD
CA00025738,2025-03-08,BR040,TLR-6918,C501258,cash deposit,220.22,CAD
CA00017892,2025-03-31,BR001,TLR-5382,C502387,cash withdrawal,2141.2,CAD
CA00020858,2025-03-04,BR016,TLR-4698,C501934,cash withdrawal,565.2,CAD
CA00019432,2025-03-09,BR008,TLR-7584,C501724,cash withdrawal,464.43,CAD
CA00020409,2025-03-22,BR014,TLR-8089,C503186,cash withdrawal,543.54,CAD
CA00018729,2025-03-02,BR005,TLR-5853,C500668,cash deposit,938.88,CAD
CA00018425,2025-03-16,BR003,TLR-3258,C502387,cash withdrawal,1855.11,CAD
CA00020065,2025-03-30,BR012,TLR-5896,C503258,cash withdrawal,1962.91,CAD
CA00019340,2025-03-12,BR008,TLR-1706,C500474,cash deposit,538.66,CAD
CA00022770,2025-03-13,BR026,TLR-9059,C501264,cash deposit,1180.1,CAD
CA00025380,2025-03-06,BR038,TLR-3441,C500642,cash withdrawal,385.04,CAD
CA00022620,2025-03-10,BR025,TLR-6345,C502615,cash deposit,1057.12,CAD
CA00025536,2025-03-24,BR039,TLR-7311,C500434,cash withdrawal,322.25,CAD
CA00018950,2025-03-26,BR006,TLR-7489,C501840,cash withdrawal,1067.12,CAD
CA00022810,2025-03-15,BR026,TLR-7500,C500097,cash deposit,1705.05,CAD
CA00018556,2025-03-06,BR004,TLR-7860,C500866,cash withdrawal,948.68,CAD
CA00025473,2025-03-11,BR038,TLR-4205,C500955,cash deposit,573.4,CAD
CA00020954,2025-03-28,BR016,TLR-4203,C500298,cash deposit,878.88,CAD
CA00017872,2025-03-15,BR001,TLR-9303,C502612,cash deposit,1910.81,CAD
CA00025446,2025-03-04,BR038,TLR-9136,C502906,cash deposit,703.15,CAD
CA00024831,2025-03-25,BR036,TLR-1859,C501810,cash withdrawal,776.84,CAD
CA00019844,2025-03-12,BR010,TLR-8035,C500286,cash withdrawal,1547.51,CAD
CA00022369,2025-03-02,BR024,TLR-9006,C500831,cash withdrawal,656.4,CAD
CA00026111,2025-03-14,BR040,TLR-4771,C503288,cash deposit,833.3,CAD
CA00025889,2025-03-26,BR040,TLR-8138,C502246,cash withdrawal,501.13,CAD
CA00020957,2025-03-16,BR017,TLR-4347,C500331,cash withdrawal,1276.86,CAD
CA00024397,2025-03-11,BR034,TLR-3613,C503969,cash withdrawal,500.14,CAD
CA00024163,2025-03-14,BR033,TLR-8825,C501217,cash deposit,2091.61,CAD
CA00025378,2025-03-05,BR038,TLR-2645,C501875,cash deposit,328.67,CAD
CA00020342,2025-03-03,BR014,TLR-1552,C503115,cash deposit,1314.83,CAD
CA00026128,2025-03-04,BR040,TLR-8787,C500382,cash deposit,1775.36,CAD
CA00020688,2025-03-22,BR015,TLR-2567,C501476,cash withdrawal,897.56,CAD
CA00019453,2025-03-24,BR008,TLR-7651,C502814,cash withdrawal,1197.3,CAD
CA00021355,2025-03-17,BR019,TLR-9773,C502792,cash withdrawal,4118.51,CAD
CA00018113,2025-03-03,BR002,TLR-6605,C501914,cash deposit,1670.81,CAD
CA00018186,2025-03-23,BR002,TLR-5094,C503767,cash deposit,653.52,CAD
CA00026140,2025-03-25,BR040,TLR-2897,C501582,cash deposit,1675.33,CAD
CA00025668,2025-03-21,BR039,TLR-1554,C501586,cash withdrawal,964.54,CAD
CA00025044,2025-03-19,BR037,TLR-5487,C500303,cash deposit,1613.01,CAD
CA00024407,2025-03-21,BR035,TLR-7637,C500273,cash withdrawal,212.45,CAD
CA00017709,2025-03-28,BR001,TLR-2901,C502724,cash deposit,1796.6,CAD
CA00021209,2025-03-23,BR017,TLR-7249,C501974,cash deposit,2323.96,CAD
CA00025727,2025-03-30,BR040,TLR-9539,C501168,cash deposit,2130.12,CAD
CA00018344,2025-03-10,BR003,TLR-4193,C501334,cash withdrawal,513.42,CAD
CA00024424,2025-03-28,BR035,TLR-4051,C502908,cash deposit,672.09,CAD
CA00018557,2025-03-04,BR004,TLR-9340,C500744,cash deposit,1035.69,CAD
CA00024456,2025-03-18,BR035,TLR-2374,C501256,cash withdrawal,1368.52,CAD
CA00024184,2025-03-03,BR033,TLR-6161,C503508,cash withdrawal,913.98,CAD
CA00017881,2025-03-17,BR001,TLR-7563,C500941,cash withdrawal,2000.1,CAD
CA00018972,2025-03-22,BR006,TLR-1660,C503220,cash deposit,566.17,CAD
CA00023568,2025-03-19,BR030,TLR-7726,C501219,cash deposit,1402.34,CAD
CA00025208,2025-03-16,BR037,TLR-6103,C501026,cash deposit,1516.5,CAD
CA00025210,2025-03-07,BR037,TLR-2797,C500095,cash withdrawal,360.43,CAD
CA00021325,2025-03-30,BR018,TLR-5891,C501741,cash withdrawal,673.47,CAD
CA00025237,2025-03-08,BR037,TLR-1828,C501207,cash withdrawal,1009.22,CAD
CA00023998,2025-03-14,BR032,TLR-7875,C503138,cash deposit,1224.29,CAD
CA00022486,2025-03-09,BR025,TLR-9995,C501407,cash deposit,884.01,CAD
CA00022367,2025-03-02,BR024,TLR-3436,C500643,cash withdrawal,461.94,CAD
CA00018050,2025-03-01,BR002,TLR-2653,C503169,cash deposit,680.58,CAD
CA00024190,2025-03-11,BR033,TLR-9859,C500032,cash deposit,707.74,CAD
CA00025912,2025-03-02,BR040,TLR-4600,C500779,cash deposit,1069.0,CAD
CA00025805,2025-03-25,BR040,TLR-7041,C503912,cash withdrawal,1053.92,CAD
CA00022287,2025-03-12,BR024,TLR-2327,C503475,cash deposit,3359.02,CAD
CA00019178,2025-03-07,BR007,TLR-2911,C500055,cash withdrawal,2019.15,CAD
CA00018148,2025-03-05,BR002,TLR-9788,C500603,cash withdrawal,-346.37,CAD
CA00020187,2025-03-05,BR013,TLR-8104,C500152,cash deposit,1258.46,CAD
CA00024057,2025-03-09,BR032,TLR-2117,C503266,cash deposit,693.8,CAD
CA00022091,2025-03-27,BR023,TLR-2547,C500577,cash withdrawal,246.61,CAD
CA00024194,2025-03-14,BR033,TLR-5018,C503408,cash withdrawal,848.44,CAD
CA00019893,2025-03-05,BR010,TLR-5098,C502716,cash withdrawal,702.69,CAD
CA00025113,2025-03-08,BR037,TLR-1455,C501587,cash withdrawal,1318.14,CAD
CA00023471,2025-03-01,BR030,TLR-6587,C503203,cash withdrawal,5479.33,CAD
CA00026326,2025-03-22,BR040,TLR-9389,C502012,cash deposit,1711.13,CAD
CA00025527,2025-03-09,BR039,TLR-4100,C501234,cash withdrawal,2162.19,CAD
CA00022871,2025-03-31,BR026,TLR-4168,C501059,cash withdrawal,-335.7,CAD
CA00024750,2025-03-28,BR036,TLR-7012,C503754,cash deposit,946.23,CAD
CA00023871,2025-03-03,BR031,TLR-2974,C500341,cash withdrawal,2749.9,CAD
CA00022975,2025-03-02,BR027,TLR-2141,C500654,cash deposit,729.61,CAD
CA00025465,2025-03-04,BR038,TLR-7289,C501860,cash deposit,1207.07,CAD
CA00023759,2025-03-18,BR031,TLR-2720,C500096,cash deposit,558.15,CAD
CA00022281,2025-03-16,BR024,TLR-8483,C503537,cash withdrawal,469.64,CAD
CA00026265,2025-03-03,BR040,TLR-3785,C503846,cash deposit,902.83,CAD
CA00021595,2025-03-19,BR020,TLR-9260,C503424,cash withdrawal,678.88,USD
CA00024566,2025-03-29,BR035,TLR-9485,C500128,cash deposit,1505.0,CAD
CA00023110,2025-03-13,BR028,TLR-5316,C500032,cash deposit,1793.13,CAD
CA00026068,2025-03-29,BR040,TLR-2824,C501720,cash deposit,842.74,CAD
CA00022497,2025-03-20,BR025,TLR-7507,C501797,cash deposit,386.78,CAD
CA00022444,2025-03-16,BR025,TLR-1582,C501155,cash withdrawal,-1742.52,CAD
CA00022972,2025-03-12,BR027,TLR-2419,C503328,cash deposit,289.38,CAD
CA00018963,2025-03-10,BR006,TLR-1107,C502076,cash deposit,1250.95,CAD
CA00023884,2025-03-30,BR031,TLR-6844,C501916,cash deposit,315.95,CAD
CA00022884,2025-03-24,BR026,TLR-3720,C502573,cash deposit,929.61,CAD
CA00025879,2025-03-11,BR040,TLR-5732,C500394,cash withdrawal,196.41,CAD
CA00022188,2025-03-30,BR024,TLR-2221,C503334,cash withdrawal,2110.56,CAD
CA00026055,2025-03-24,BR040,TLR-6020,C502283,cash withdrawal,580.23,CAD
CA00020128,2025-03-05,BR012,TLR-4786,C500774,cash withdrawal,277.86,CAD
CA00017861,2025-03-10,BR001,TLR-4641,C501925,cash deposit,727.61,CAD
CA00023054,2025-03-06,BR027,TLR-5378,C503777,cash withdrawal,1003.12,CAD
CA00024022,2025-03-12,BR032,TLR-3150,C501720,cash deposit,1135.02,CAD
CA00022785,2025-03-02,BR026,TLR-3950,C501485,cash withdrawal,-1358.55,CAD
CA00026310,2025-03-26,BR040,TLR-1010,C501087,cash deposit,293.95,CAD
CA00018289,2025-03-02,BR003,TLR-2145,C501865,cash deposit,1796.17,CAD
CA00018332,2025-03-30,BR003,TLR-3996,C503298,cash withdrawal,2329.61,CAD
CA00026506,2025-03-23,BR040,TLR-3322,C503706,cash deposit,2303.6,CAD
CA00017795,2025-03-30,BR001,TLR-6413,C503492,cash withdrawal,2059.25,CAD
CA00025344,2025-03-04,BR038,TLR-9150,C502900,cash deposit,509.73,CAD
CA00019399,2025-03-10,BR008,TLR-1277,C502240,cash withdrawal,689.24,CAD
CA00023466,2025-03-02,BR030,TLR-8155,C503176,cash deposit,709.68,CAD
CA00025823,2025-03-06,BR040,TLR-7068,C502815,cash withdrawal,1433.8,CAD
CA00023945,2025-03-12,BR032,TLR-5838,C501220,cash deposit,785.02,CAD
CA00025508,2025-03-11,BR039,TLR-3453,C503537,cash deposit,800.67,CAD
CA00021348,2025-03-20,BR019,TLR-8780,C500068,cash deposit,265.58,CAD
CA00020476,2025-03-09,BR014,TLR-3924,C503458,cash deposit,3964.06,CAD
CA00021516,2025-03-13,BR019,TLR-4967,C501473,cash deposit,417.26,CAD
CA00020277,2025-03-08,BR014,TLR-6240,C503321,cash withdrawal,1992.66,CAD
CA00021885,2025-03-07,BR021,TLR-1013,C502635,cash withdrawal,996.39,CAD
CA00021363,2025-03-06,BR019,TLR-3984,C500506,cash deposit,1517.48,CAD
CA00023717,2025-03-20,BR031,TLR-2903,C502080,cash deposit,1713.85,CAD
CA00020598,2025-03-02,BR015,TLR-1560,C502217,cash deposit,1271.0,CAD
CA00022392,2025-03-13,BR024,TLR-7440,C502081,cash deposit,766.26,CAD
CA00026099,2025-03-12,BR040,TLR-3958,C500317,cash deposit,1355.17,CAD
CA00025793,2025-03-20,BR040,TLR-8931,C503838,cash withdrawal,1259.27,CAD
CA00024365,2025-03-10,BR034,TLR-5589,C502209,cash deposit,698.99,CAD
CA00019740,2025-03-14,BR010,TLR-8132,C502202,cash deposit,1803.37,CAD
CA00023284,2025-03-19,BR029,TLR-4258,C500518,cash deposit,454.19,CAD
CA00019179,2025-03-14,BR007,TLR-2575,C502177,cash withdrawal,1914.56,CAD
CA00026345,2025-03-02,BR040,TLR-3350,C500954,cash deposit,1802.82,CAD
CA00020970,2025-03-12,BR017,TLR-1561,C503028,cash deposit,2321.62,CAD
CA00020450,2025-03-28,BR014,TLR-2186,C501502,cash deposit,1337.62,CAD
CA00021174,2025-03-07,BR017,TLR-4115,C500959,cash withdrawal,1147.29,CAD
CA00025292,2025-03-31,BR038,TLR-3893,C503673,cash deposit,319.15,CAD
CA00021757,2025-03-09,BR020,TLR-1113,C502327,cash withdrawal,332.89,USD
CA00021184,2025-03-17,BR017,TLR-4584,C501828,cash deposit,1310.58,CAD
CA00023980,2025-03-08,BR032,TLR-6587,C502378,cash withdrawal,2160.61,CAD
CA00021810,2025-03-16,BR021,TLR-1122,C502680,cash withdrawal,1367.64,CAD
CA00020844,2025-03-28,BR016,TLR-9232,C501952,cash deposit,857.57,CAD
CA00017738,2025-03-16,BR001,TLR-7792,C502673,cash deposit,937.12,CAD
CA00018440,2025-03-10,BR003,TLR-2577,C503888,cash deposit,2301.71,CAD
CA00024240,2025-03-26,BR033,TLR-3371,C503425,cash withdrawal,977.22,CAD
CA00024270,2025-03-28,BR034,TLR-2199,C502819,cash withdrawal,2536.26,CAD
CA00024815,2025-03-29,BR036,TLR-9457,C501685,cash withdrawal,1885.65,CAD
CA00026538,2025-03-31,BR040,TLR-6816,C501256,cash deposit,336.44,CAD
CA00021392,2025-03-28,BR019,TLR-5273,C500898,cash deposit,639.08,CAD
CA00021896,2025-03-04,BR021,TLR-9842,C501096,cash deposit,1045.88,CAD
CA00024043,2025-03-05,BR032,TLR-7203,C502558,cash deposit,624.88,CAD
CA00024094,2025-03-10,BR033,TLR-7529,C500208,cash withdrawal,2863.09,CAD
CA00017743,2025-03-08,BR001,TLR-9366,C502305,cash withdrawal,605.29,CAD
CA00023380,2025-03-10,BR030,TLR-1510,C502757,cash deposit,1038.15,CAD
CA00023111,2025-03-18,BR028,TLR-4661,C501407,cash withdrawal,5870.37,CAD
CA00023041,2025-03-18,BR027,TLR-1382,C500118,cash deposit,1017.24,CAD
CA00019379,2025-03-08,BR008,TLR-5721,C503133,cash deposit,521.16,CAD
CA00019448,2025-03-27,BR008,TLR-5911,C503446,cash withdrawal,439.54,CAD
CA00024868,2025-03-07,BR036,TLR-6192,C503270,cash deposit,1685.44,CAD
CA00020347,2025-03-02,BR014,TLR-7524,C503161,cash withdrawal,701.95,CAD
CA00024172,2025-03-01,BR033,TLR-6894,C500728,cash withdrawal,1557.66,CAD
CA00018612,2025-03-27,BR004,TLR-7814,C503709,cash deposit,564.37,CAD
CA00018429,2025-03-16,BR003,TLR-6226,C503787,cash deposit,1077.53,CAD
CA00017775,2025-03-28,BR001,TLR-2282,C502856,cash deposit,828.87,CAD
CA00020279,2025-03-01,BR014,TLR-4755,C501185,cash deposit,539.02,CAD
CA00018327,2025-03-28,BR003,TLR-2692,C503032,cash deposit,599.31,CAD
CA00026296,2025-03-01,BR040,TLR-6091,C502509,cash withdrawal,278.02,CAD
CA00025907,2025-03-10,BR040,TLR-7056,C500252,cash withdrawal,702.84,CAD
CA00024988,2025-03-26,BR037,TLR-7948,C503607,cash deposit,1166.26,CAD
CA00018416,2025-03-21,BR003,TLR-6090,C501489,cash withdrawal,744.44,CAD
CA00026347,2025-03-15,BR040,TLR-2280,C502922,cash withdrawal,1491.94,CAD
CA00020983,2025-03-14,BR017,TLR-4126,C503087,cash deposit,1337.48,CAD
CA00026516,2025-03-29,BR040,TLR-4366,C503305,cash withdrawal,659.79,CAD
CA00024224,2025-03-15,BR033,TLR-7636,C503269,cash withdrawal,1188.55,CAD
CA00024568,2025-03-01,BR035,TLR-6868,C500667,cash deposit,3330.49,CAD
CA00021866,2025-03-23,BR021,TLR-6885,C501392,cash deposit,1064.99,CAD
CA00019478,2025-03-12,BR008,TLR-7889,C502824,cash deposit,1136.14,CAD
CA00023319,2025-03-20,BR029,TLR-8719,C500421,cash deposit,917.49,CAD
CA00022363,2025-03-23,BR024,TLR-7587,C500070,cash deposit,2790.7,CAD
CA00023218,2025-03-14,BR028,TLR-3370,C503919,cash withdrawal,857.95,CAD
CA00025899,2025-03-20,BR040,TLR-1935,C503445,cash deposit,453.0,CAD
CA00019727,2025-03-30,BR009,TLR-3913,C500900,cash deposit,1485.82,CAD
CA00026390,2025-03-31,BR040,TLR-8646,C500455,cash withdrawal,311.78,CAD
CA00023077,2025-03-09,BR027,TLR-1277,C501584,cash withdrawal,1049.79,CAD
CA00020300,2025-03-25,BR014,TLR-4689,C500252,cash deposit,697.1,CAD
CA00020431,2025-03-26,BR014,TLR-1411,C502278,cash withdrawal,1273.18,CAD
CA00020379,2025-03-19,BR014,TLR-4685,C502194,cash deposit,1420.85,CAD
CA00017942,2025-03-21,BR001,TLR-1494,C501135,cash deposit,1758.24,CAD
CA00018863,2025-03-24,BR006,TLR-1424,C501812,cash deposit,790.07,CAD
CA00024340,2025-03-10,BR034,TLR-1544,C500472,cash withdrawal,2314.06,CAD
CA00022119,2025-03-03,BR023,TLR-6782,C502448,cash deposit,3102.22,CAD
CA00018857,2025-03-07,BR006,TLR-8310,C502428,cash deposit,356.16,CAD
CA00023048,2025-03-27,BR027,TLR-9046,C503577,cash withdrawal,2371.75,CAD
CA00024371,2025-03-05,BR034,TLR-1621,C503144,cash deposit,2230.49,CAD
CA00023107,2025-03-21,BR028,TLR-1801,C500357,cash withdrawal,406.14,CAD
CA00018472,2025-03-15,BR004,TLR-3658,C500329,cash deposit,1285.94,CAD
CA00025276,2025-03-21,BR038,TLR-6443,C501494,cash deposit,634.52,CAD
CA00018246,2025-03-06,BR003,TLR-2588,C501589,cash deposit,4239.57,CAD
CA00021771,2025-03-05,BR020,TLR-6039,C503412,cash withdrawal,1174.4,USD
CA00025954,2025-03-21,BR040,TLR-3911,C503477,cash deposit,433.65,CAD
CA00023133,2025-03-12,BR028,TLR-6158,C502454,cash withdrawal,1058.43,CAD
CA00024645,2025-03-02,BR035,TLR-5651,C501347,cash deposit,633.47,CAD
CA00026152,2025-03-24,BR040,TLR-4535,C501149,cash deposit,1096.22,CAD
CA00026259,2025-03-15,BR040,TLR-5798,C501708,cash withdrawal,1138.13,CAD
CA00017817,2025-03-16,BR001,TLR-2121,C502558,cash withdrawal,926.96,CAD
CA00023251,2025-03-31,BR029,TLR-7915,C503849,cash deposit,1933.98,CAD
CA00021549,2025-03-11,BR019,TLR-7995,C501089,cash deposit,2886.79,CAD
CA00021017,2025-03-12,BR017,TLR-7185,C501930,cash withdrawal,408.01,CAD
CA00023597,2025-03-09,BR030,TLR-6268,C502026,cash deposit,490.87,CAD
CA00021123,2025-03-07,BR017,TLR-6436,C503229,cash withdrawal,1604.49,CAD
CA00019913,2025-03-26,BR011,TLR-6349,C500560,cash withdrawal,1086.91,CAD
CA00023877,2025-03-21,BR031,TLR-3898,C500250,cash withdrawal,1744.79,CAD
CA00024776,2025-03-24,BR036,TLR-9828,C503409,cash deposit,1087.89,CAD
CA00024738,2025-03-28,BR036,TLR-7858,C503927,cash withdrawal,687.47,CAD
CA00020764,2025-03-25,BR016,TLR-7196,C502299,cash deposit,452.96,CAD
CA00022412,2025-03-19,BR024,TLR-2174,C501038,cash deposit,1642.3,CAD
CA00025419,2025-03-04,BR038,TLR-4199,C500193,cash withdrawal,1812.47,CAD
CA00021300,2025-03-06,BR018,TLR-9902,C501028,cash deposit,783.29,CAD
CA00019994,2025-03-04,BR012,TLR-6449,C501354,cash deposit,4119.05,CAD
CA00023414,2025-03-12,BR030,TLR-4889,C501434,cash withdrawal,999.54,CAD
CA00024051,2025-03-11,BR032,TLR-4284,C502033,cash withdrawal,2785.45,CAD
CA00020985,2025-03-29,BR017,TLR-3272,C502858,cash withdrawal,2832.88,CAD
CA00023057,2025-03-07,BR027,TLR-8062,C500211,cash withdrawal,547.07,CAD
CA00025217,2025-03-22,BR037,TLR-5210,C503484,cash withdrawal,816.66,CAD
CA00019078,2025-03-17,BR007,TLR-8011,C502774,cash deposit,1334.56,CAD
CA00021393,2025-03-06,BR019,TLR-6094,C501807,cash deposit,1030.58,CAD
CA00018494,2025-03-14,BR004,TLR-3730,C503192,cash deposit,581.06,CAD
CA00019744,2025-03-25,BR010,TLR-4394,C500975,cash deposit,1056.74,CAD
CA00021076,2025-03-01,BR017,TLR-3384,C500399,cash deposit,1244.02,CAD
CA00020143,2025-03-06,BR012,TLR-4954,C501674,cash deposit,1388.62,CAD
CA00020308,2025-03-24,BR014,TLR-5866,C503478,cash deposit,733.82,CAD
CA00019375,2025-03-26,BR008,TLR-2026,C502306,cash deposit,384.1,CAD
CA00025804,2025-03-29,BR040,TLR-7177,C502443,cash deposit,989.22,CAD
CA00019667,2025-03-22,BR009,TLR-2962,C502299,cash withdrawal,349.12,CAD
CA00025062,2025-03-20,BR037,TLR-9051,C501993,cash withdrawal,939.02,CAD
CA00020493,2025-03-09,BR014,TLR-8310,C501678,cash withdrawal,485.08,CAD
CA00023140,2025-03-03,BR028,TLR-6266,C500389,cash deposit,835.18,CAD
CA00019839,2025-03-10,BR010,TLR-4033,C500559,cash deposit,1515.16,CAD
CA00018402,2025-03-17,BR003,TLR-8552,C500379,cash deposit,539.81,CAD
CA00023081,2025-03-05,BR027,TLR-9646,C500009,cash withdrawal,706.74,CAD
CA00023946,2025-03-02,BR032,TLR-9705,C501282,cash deposit,1055.5,CAD
CA00020020,2025-03-03,BR012,TLR-1915,C501062,cash withdrawal,557.37,CAD
CA00018452,2025-03-15,BR003,TLR-3765,C500829,cash deposit,3504.73,CAD
CA00019941,2025-03-15,BR011,TLR-3418,C503448,cash withdrawal,728.54,CAD
CA00022270,2025-03-09,BR024,TLR-9859,C501030,cash deposit,1382.24,CAD
CA00021583,2025-03-12,BR020,TLR-4345,C502663,cash withdrawal,1007.77,USD
CA00023898,2025-03-21,BR031,TLR-3808,C502610,cash deposit,687.69,CAD
CA00021283,2025-03-07,BR018,TLR-6053,C502957,cash deposit,1283.69,CAD
CA00025955,2025-03-03,BR040,TLR-6408,C503152,cash deposit,183.83,CAD
CA00019786,2025-03-26,BR010,TLR-1138,C500535,cash deposit,453.21,CAD
CA00026303,2025-03-08,BR040,TLR-2126,C502683,cash deposit,2227.49,CAD
CA00021347,2025-03-08,BR019,TLR-8534,C501537,cash deposit,620.46,CAD
CA00018369,2025-03-18,BR003,TLR-6593,C502876,cash deposit,984.61,CAD
CA00025580,2025-03-12,BR039,TLR-6920,C501677,cash withdrawal,280.99,CAD
CA00020655,2025-03-22,BR015,TLR-5179,C502174,cash deposit,1210.18,CAD
CA00022139,2025-03-18,BR023,TLR-4607,C503425,cash deposit,305.5,CAD
CA00019109,2025-03-10,BR007,TLR-9167,C503004,cash deposit,873.01,CAD
CA00024368,2025-03-15,BR034,TLR-6556,C503178,cash deposit,3634.62,CAD
CA00019105,2025-03-19,BR007,TLR-4650,C502866,cash withdrawal,2479.17,CAD
CA00022570,2025-03-21,BR025,TLR-7262,C501029,cash deposit,917.78,CAD
CA00023148,2025-03-13,BR028,TLR-6593,C503307,cash deposit,1024.86,CAD
CA00017967,2025-03-15,BR001,TLR-9253,C500296,cash deposit,3314.33,CAD
CA00020846,2025-03-29,BR016,TLR-7676,C501044,cash withdrawal,367.6,CAD
CA00023334,2025-03-18,BR029,TLR-5598,C503792,cash withdrawal,1984.39,CAD
CA00017698,2025-03-08,BR001,TLR-4390,C502698,cash deposit,1723.47,CAD
CA00017739,2025-03-30,BR001,TLR-2139,C501394,cash withdrawal,1546.94,CAD
CA00021278,2025-03-30,BR018,TLR-9917,C502921,cash withdrawal,1992.66,CAD
CA00019915,2025-03-07,BR011,TLR-9627,C503060,cash withdrawal,420.99,CAD
CA00023886,2025-03-02,BR031,TLR-7496,C502250,cash deposit,715.55,CAD
CA00019363,2025-03-06,BR008,TLR-1261,C501476,cash deposit,2903.47,CAD
CA00018137,2025-03-24,BR002,TLR-1127,C501502,cash withdrawal,-942.23,CAD
CA00018919,2025-03-22,BR006,TLR-6873,C500879,cash withdrawal,2266.08,CAD
CA00019003,2025-03-18,BR006,TLR-7894,C502473,cash deposit,388.62,CAD
CA00026023,2025-03-08,BR040,TLR-1338,C501277,cash withdrawal,1425.97,CAD
CA00019385,2025-03-28,BR008,TLR-4716,C500240,cash withdrawal,1763.86,CAD
CA00022948,2025-03-12,BR027,TLR-8448,C503516,cash deposit,1850.84,CAD
CA00021920,2025-03-08,BR021,TLR-7164,C500518,cash deposit,785.59,CAD
CA00018486,2025-03-24,BR004,TLR-8738,C503140,cash withdrawal,544.3,CAD
CA00025277,2025-03-03,BR038,TLR-9345,C503927,cash deposit,1378.39,CAD
CA00024327,2025-03-22,BR034,TLR-8432,C503678,cash withdrawal,2736.86,CAD
CA00025019,2025-03-26,BR037,TLR-4461,C500032,cash deposit,1215.81,CAD
CA00020758,2025-03-11,BR015,TLR-7883,C502390,cash withdrawal,3603.81,CAD
CA00021269,2025-03-23,BR018,TLR-8546,C500714,cash deposit,2833.25,CAD
CA00023719,2025-03-04,BR031,TLR-1338,C500028,cash deposit,1484.98,CAD
CA00026295,2025-03-28,BR040,TLR-3727,C503889,cash deposit,3906.8,CAD
CA00024757,2025-03-21,BR036,TLR-9200,C503069,cash deposit,1259.44,CAD
CA00023386,2025-03-06,BR030,TLR-4810,C503258,cash withdrawal,317.18,CAD
CA00020305,2025-03-22,BR014,TLR-1188,C503145,cash deposit,1039.33,CAD
CA00022784,2025-03-05,BR026,TLR-8263,C501598,cash withdrawal,-1925.25,CAD
CA00022885,2025-03-27,BR026,TLR-8172,C503639,cash deposit,571.76,CAD
CA00023092,2025-03-25,BR027,TLR-2682,C501476,cash withdrawal,9407.73,CAD
CA00020751,2025-03-14,BR015,TLR-7997,C501584,cash deposit,2022.47,CAD
CA00025136,2025-03-02,BR037,TLR-3660,C503902,cash deposit,1237.0,CAD
CA00024935,2025-03-19,BR036,TLR-1990,C501194,cash deposit,622.88,CAD
CA00018715,2025-03-01,BR004,TLR-8277,C503257,cash withdrawal,2892.59,CAD
CA00024929,2025-03-18,BR036,TLR-9087,C503776,cash deposit,561.05,CAD
CA00018285,2025-03-17,BR003,TLR-3611,C502037,cash deposit,1678.82,CAD
CA00018847,2025-03-08,BR006,TLR-9135,C501502,cash deposit,646.07,CAD
CA00022827,2025-03-21,BR026,TLR-2117,C503744,cash deposit,1956.85,CAD
CA00018816,2025-03-06,BR006,TLR-5986,C503321,cash withdrawal,1622.93,CAD
CA00024071,2025-03-29,BR033,TLR-4692,C502681,cash deposit,837.61,CAD
CA00026404,2025-03-02,BR040,TLR-8399,C501146,cash deposit,508.93,CAD
CA00020605,2025-03-06,BR015,TLR-9046,C502991,cash deposit,700.7,CAD
CA00019658,2025-03-15,BR009,TLR-2688,C500892,cash deposit,538.28,CAD
CA00019338,2025-03-21,BR008,TLR-8073,C501144,cash deposit,1616.12,CAD
CA00019925,2025-03-03,BR011,TLR-7118,C502548,cash withdrawal,1303.5,CAD
CA00023063,2025-03-05,BR027,TLR-5485,C500106,cash deposit,1617.69,CAD
CA00023232,2025-03-31,BR028,TLR-4515,C502242,cash withdrawal,1059.43,CAD
CA00019537,2025-03-27,BR009,TLR-4383,C503314,cash withdrawal,977.18,CAD
CA00022013,2025-03-04,BR022,TLR-2746,C503203,cash withdrawal,1153.75,CAD
CA00020365,2025-03-13,BR014,TLR-3339,C501379,cash deposit,467.48,CAD
CA00019891,2025-03-11,BR010,TLR-4370,C501449,cash withdrawal,555.07,CAD
CA00020469,2025-03-01,BR014,TLR-6236,C501875,cash deposit,1534.38,CAD
CA00020241,2025-03-20,BR013,TLR-3669,C503318,cash withdrawal,372.37,CAD
CA00023679,2025-03-16,BR031,TLR-4528,C501272,cash deposit,273.88,CAD
CA00023174,2025-03-28,BR028,TLR-6729,C503712,cash deposit,2525.14,CAD
CA00024306,2025-03-25,BR034,TLR-6690,C502622,cash deposit,650.87,CAD
CA00024986,2025-03-11,BR037,TLR-1075,C500908,cash withdrawal,676.17,CAD
CA00023481,2025-03-30,BR030,TLR-1522,C503747,cash withdrawal,684.78,CAD
CA00024493,2025-03-17,BR035,TLR-6514,C500315,cash deposit,1741.06,CAD
CA00022258,2025-03-24,BR024,TLR-1297,C502354,cash deposit,852.98,CAD
CA00023002,2025-03-13,BR027,TLR-7798,C502054,cash withdrawal,1264.03,CAD
CA00020569,2025-03-29,BR015,TLR-6050,C502798,cash deposit,693.03,CAD
CA00023064,2025-03-09,BR027,TLR-9625,C502083,cash deposit,1273.71,CAD
CA00026562,2025-03-12,BR040,TLR-3681,C500521,cash deposit,851.87,CAD
CA00019835,2025-03-07,BR010,TLR-1701,C503003,cash deposit,1319.66,CAD
CA00024818,2025-03-09,BR036,TLR-2939,C500830,cash deposit,998.11,CAD
CA00018376,2025-03-31,BR003,TLR-6416,C502742,cash deposit,1003.88,CAD
CA00019093,2025-03-25,BR007,TLR-1523,C501766,cash deposit,1541.29,CAD
CA00020434,2025-03-16,BR014,TLR-7745,C503662,cash deposit,762.82,CAD
CA00018967,2025-03-07,BR006,TLR-6985,C501197,cash deposit,1279.03,CAD
CA00023580,2025-03-04,BR030,TLR-5698,C500432,cash withdrawal,1765.89,CAD
CA00022126,2025-03-02,BR023,TLR-4560,C500270,cash withdrawal,1149.87,CAD
CA00024226,2025-03-11,BR033,TLR-2071,C503777,cash deposit,522.56,CAD
CA00025115,2025-03-07,BR037,TLR-3660,C500789,cash deposit,597.89,CAD
CA00019282,2025-03-06,BR008,TLR-7109,C501402,cash withdrawal,1011.33,CAD
CA00019014,2025-03-15,BR006,TLR-7412,C502408,cash deposit,541.04,CAD
CA00026275,2025-03-27,BR040,TLR-9591,C502749,cash withdrawal,2546.43,CAD
CA00024377,2025-03-30,BR034,TLR-2127,C501585,cash withdrawal,750.54,CAD
CA00024052,2025-03-01,BR032,TLR-2527,C500434,cash deposit,490.56,CAD
CA00024477,2025-03-27,BR035,TLR-3536,C500995,cash deposit,473.57,CAD
CA00024674,2025-03-24,BR036,TLR-5515,C502010,cash deposit,480.19,CAD
CA00019170,2025-03-15,BR007,TLR-6537,C502893,cash deposit,209.79,CAD
CA00020568,2025-03-07,BR015,TLR-8135,C500028,cash deposit,1876.65,CAD
CA00020649,2025-03-24,BR015,TLR-3303,C502458,cash deposit,1333.83,CAD
CA00023318,2025-03-18,BR029,TLR-8984,C502094,cash deposit,722.65,CAD
CA00019161,2025-03-12,BR007,TLR-7552,C502792,cash withdrawal,330.97,CAD
CA00023796,2025-03-12,BR031,TLR-8517,C503941,cash deposit,313.61,CAD
CA00018077,2025-03-03,BR002,TLR-4571,C500431,cash withdrawal,-501.52,CAD
CA00017873,2025-03-18,BR001,TLR-4201,C500971,cash withdrawal,2778.15,CAD
CA00025081,2025-03-30,BR037,TLR-7348,C502824,cash withdrawal,1156.3,CAD
CA00026425,2025-03-13,BR040,TLR-9216,C501793,cash deposit,758.42,CAD
CA00024112,2025-03-18,BR033,TLR-6215,C500562,cash deposit,1807.54,CAD
CA00022252,2025-03-10,BR024,TLR-8672,C501053,cash withdrawal,1879.7,CAD
CA00026466,2025-03-20,BR040,TLR-9802,C502985,cash withdrawal,988.99,CAD
CA00024739,2025-03-02,BR036,TLR-8593,C503037,cash deposit,1648.14,CAD
CA00021717,2025-03-27,BR020,TLR-8986,C500303,cash withdrawal,436.05,USD
CA00019930,2025-03-31,BR011,TLR-9122,C500350,cash withdrawal,3849.9,CAD
CA00023070,2025-03-23,BR027,TLR-3268,C501797,cash withdrawal,501.5,CAD
CA00022140,2025-03-05,BR023,TLR-8194,C502846,cash deposit,2861.92,CAD
CA00021593,2025-03-17,BR020,TLR-5314,C500041,cash deposit,586.78,USD
CA00024987,2025-03-28,BR037,TLR-4652,C503961,cash deposit,1066.74,CAD
CA00019030,2025-03-25,BR006,TLR-9849,C502960,cash deposit,1629.36,CAD
CA00022589,2025-03-26,BR025,TLR-2620,C502771,cash deposit,299.33,CAD
CA00018722,2025-03-21,BR005,TLR-2827,C502241,cash deposit,332.67,CAD
CA00024764,2025-03-12,BR036,TLR-6567,C500727,cash deposit,272.38,CAD
CA00023004,2025-03-12,BR027,TLR-9426,C502945,cash withdrawal,1985.45,CAD
CA00021886,2025-03-06,BR021,TLR-8155,C503871,cash deposit,199.89,CAD
CA00022254,2025-03-21,BR024,TLR-2667,C502270,cash withdrawal,899.29,CAD
CA00019821,2025-03-19,BR010,TLR-8818,C500506,cash deposit,2283.87,CAD
CA00020995,2025-03-24,BR017,TLR-6035,C501006,cash deposit,1282.69,CAD
CA00025869,2025-03-04,BR040,TLR-6667,C502129,cash deposit,434.17,CAD
CA00024448,2025-03-03,BR035,TLR-9757,C500346,cash deposit,713.69,CAD
CA00021624,2025-03-13,BR020,TLR-6664,C503566,cash deposit,174.06,USD
CA00021826,2025-03-17,BR021,TLR-6665,C502581,cash deposit,1146.81,CAD
CA00019195,2025-03-24,BR007,TLR-3228,C502147,cash deposit,2148.81,CAD
CA00022977,2025-03-09,BR027,TLR-6648,C500201,cash withdrawal,820.73,CAD
CA00021388,2025-03-26,BR019,TLR-6207,C502812,cash deposit,2713.86,CAD
CA00019117,2025-03-14,BR007,TLR-6892,C500743,cash deposit,1415.91,CAD
CA00021817,2025-03-25,BR021,TLR-1425,C502966,cash withdrawal,797.66,CAD
CA00022647,2025-03-06,BR026,TLR-3141,C501349,cash withdrawal,-1195.73,CAD
CA00020460,2025-03-08,BR014,TLR-4560,C500498,cash withdrawal,539.42,CAD
CA00019800,2025-03-01,BR010,TLR-3976,C503097,cash deposit,959.58,CAD
CA00025329,2025-03-01,BR038,TLR-7515,C503014,cash withdrawal,732.42,CAD
CA00018216,2025-03-11,BR002,TLR-2248,C503452,cash deposit,200.62,CAD
CA00018112,2025-03-28,BR002,TLR-8942,C502966,cash deposit,951.33,CAD
CA00025550,2025-03-05,BR039,TLR-6148,C500200,cash withdrawal,5428.56,CAD
CA00019209,2025-03-24,BR007,TLR-1051,C501149,cash withdrawal,766.57,CAD
CA00024440,2025-03-31,BR035,TLR-3122,C503229,cash withdrawal,388.99,CAD
CA00019010,2025-03-15,BR006,TLR-5876,C501334,cash withdrawal,929.4,CAD
CA00022125,2025-03-12,BR023,TLR-5793,C503475,cash withdrawal,405.14,CAD
CA00021845,2025-03-06,BR021,TLR-4388,C501929,cash deposit,443.5,CAD
CA00022758,2025-03-14,BR026,TLR-7400,C503368,cash withdrawal,-3641.97,CAD
CA00021887,2025-03-13,BR021,TLR-6508,C501999,cash withdrawal,4047.46,CAD
CA00017948,2025-03-06,BR001,TLR-2007,C501411,cash withdrawal,560.28,CAD
CA00022192,2025-03-07,BR024,TLR-1857,C500160,cash withdrawal,4998.98,CAD
CA00018430,2025-03-03,BR003,TLR-5703,C503052,cash withdrawal,1355.59,CAD
CA00025715,2025-03-20,BR040,TLR-6629,C500598,cash deposit,1051.55,CAD
CA00017832,2025-03-10,BR001,TLR-8171,C503929,cash withdrawal,617.99,CAD
CA00025425,2025-03-20,BR038,TLR-4155,C501029,cash withdrawal,1795.23,CAD
CA00023615,2025-03-28,BR030,TLR-6231,C500581,cash deposit,608.99,CAD
CA00020973,2025-03-12,BR017,TLR-5495,C501403,cash deposit,398.49,CAD
CA00025438,2025-03-10,BR038,TLR-3426,C500347,cash withdrawal,1555.56,CAD
CA00018664,2025-03-04,BR004,TLR-6042,C501960,cash withdrawal,3575.35,CAD
CA00025957,2025-03-17,BR040,TLR-3354,C503375,cash withdrawal,528.07,CAD
CA00024651,2025-03-31,BR035,TLR-9667,C503275,cash deposit,5444.32,CAD
CA00026344,2025-03-25,BR040,TLR-2744,C503164,cash withdrawal,576.34,CAD
CA00024243,2025-03-29,BR034,TLR-4850,C503666,cash withdrawal,789.04,CAD
CA00022624,2025-03-17,BR025,TLR-5884,C502067,cash withdrawal,-4111.64,CAD
CA00018497,2025-03-26,BR004,TLR-4022,C502002,cash deposit,1031.01,CAD
CA00024149,2025-03-15,BR033,TLR-1378,C502152,cash deposit,1467.56,CAD
CA00024849,2025-03-17,BR036,TLR-1594,C503946,cash deposit,1300.02,CAD
CA00017798,2025-03-29,BR001,TLR-5645,C503458,cash deposit,3397.3,CAD
CA00024325,2025-03-24,BR034,TLR-9017,C501614,cash deposit,1336.31,CAD
CA00024331,2025-03-20,BR034,TLR-7806,C502599,cash withdrawal,821.04,CAD
CA00026471,2025-03-04,BR040,TLR-8928,C503565,cash deposit,1239.99,CAD
CA00021564,2025-03-13,BR019,TLR-4172,C503620,cash withdrawal,3911.07,CAD
CA00026272,2025-03-21,BR040,TLR-9213,C501292,cash withdrawal,1611.56,CAD
CA00022323,2025-03-15,BR024,TLR-7153,C502942,cash withdrawal,274.6,CAD
CA00022523,2025-03-05,BR025,TLR-8812,C500123,cash withdrawal,-927.39,CAD
CA00025803,2025-03-11,BR040,TLR-9900,C501252,cash withdrawal,505.91,CAD
CA00018210,2025-03-07,BR002,TLR-8403,C502714,cash deposit,1802.51,CAD
CA00023700,2025-03-17,BR031,TLR-7071,C503601,cash deposit,596.2,CAD
CA00022209,2025-03-30,BR024,TLR-5828,C502620,cash deposit,422.07,CAD
CA00025558,2025-03-20,BR039,TLR-4513,C500908,cash withdrawal,1459.87,CAD
CA00020140,2025-03-31,BR012,TLR-4781,C501340,cash deposit,1498.73,CAD
CA00021049,2025-03-21,BR017,TLR-7540,C500544,cash withdrawal,1862.74,CAD
CA00018017,2025-03-29,BR001,TLR-2375,C503666,cash withdrawal,239.9,CAD
CA00024469,2025-03-03,BR035,TLR-8192,C503470,cash deposit,487.76,CAD
CA00021094,2025-03-11,BR017,TLR-3795,C501100,cash withdrawal,2365.53,CAD
CA00023990,2025-03-21,BR032,TLR-6189,C503654,cash deposit,953.36,CAD
CA00023198,2025-03-11,BR028,TLR-5283,C502957,cash deposit,1019.01,CAD
CA00019515,2025-03-07,BR009,TLR-1687,C502714,cash deposit,3826.36,CAD
CA00017729,2025-03-14,BR001,TLR-3038,C501477,cash withdrawal,1755.29,CAD
CA00022084,2025-03-20,BR023,TLR-7861,C501908,cash deposit,1797.95,CAD
CA00020423,2025-03-17,BR014,TLR-6967,C500804,cash withdrawal,1904.93,CAD
CA00026131,2025-03-21,BR040,TLR-7024,C501761,cash withdrawal,400.6,CAD
CA00021051,2025-03-06,BR017,TLR-6710,C503504,cash deposit,1368.8,CAD
CA00019945,2025-03-13,BR011,TLR-9936,C502042,cash deposit,711.67,CAD
CA00020852,2025-03-06,BR016,TLR-2256,C500382,cash deposit,2011.04,CAD
CA00019067,2025-03-23,BR007,TLR-4818,C500091,cash deposit,569.81,CAD
CA00025056,2025-03-19,BR037,TLR-5599,C502445,cash withdrawal,1350.43,CAD
CA00025325,2025-03-23,BR038,TLR-9424,C502820,cash withdrawal,2090.65,CAD
CA00019961,2025-03-22,BR012,TLR-3712,C502341,cash deposit,789.29,CAD
CA00024145,2025-03-14,BR033,TLR-6896,C501155,cash deposit,1480.56,CAD
CA00018638,2025-03-26,BR004,TLR-3644,C503563,cash withdrawal,988.49,CAD
CA00024460,2025-03-22,BR035,TLR-7418,C502609,cash withdrawal,808.89,CAD
CA00020244,2025-03-09,BR013,TLR-9809,C501200,cash deposit,2800.45,CAD
CA00021450,2025-03-31,BR019,TLR-4554,C501259,cash deposit,1197.79,CAD
CA00025337,2025-03-03,BR038,TLR-1083,C502281,cash withdrawal,994.71,CAD
CA00018686,2025-03-12,BR004,TLR-8368,C503864,cash withdrawal,392.84,CAD
CA00025796,2025-03-30,BR040,TLR-4935,C502252,cash withdrawal,1693.53,CAD
CA00026463,2025-03-26,BR040,TLR-2493,C500318,cash withdrawal,624.88,CAD
CA00018408,2025-03-20,BR003,TLR-2927,C500295,cash deposit,837.3,CAD
CA00019075,2025-03-08,BR007,TLR-2825,C501776,cash deposit,551.41,CAD
CA00022173,2025-03-17,BR024,TLR-4653,C500505,cash deposit,454.67,CAD
CA00024486,2025-03-18,BR035,TLR-1860,C503416,cash withdrawal,934.65,CAD
CA00023770,2025-03-02,BR031,TLR-1549,C502249,cash deposit,7282.79,CAD
CA00022680,2025-03-03,BR026,TLR-5003,C502835,cash withdrawal,-1044.16,CAD
CA00021024,2025-03-30,BR017,TLR-4645,C500842,cash deposit,678.69,CAD
CA00022644,2025-03-06,BR026,TLR-1590,C500901,cash withdrawal,-429.4,CAD
CA00019346,2025-03-05,BR008,TLR-8556,C500033,cash deposit,644.3,CAD
CA00021944,2025-03-13,BR021,TLR-8094,C503972,cash deposit,426.1,CAD
CA00025890,2025-03-26,BR040,TLR-7587,C503574,cash withdrawal,1062.35,CAD
CA00021416,2025-03-05,BR019,TLR-8396,C501995,cash withdrawal,527.86,CAD
CA00020495,2025-03-07,BR014,TLR-7547,C503497,cash withdrawal,1582.52,CAD
CA00017783,2025-03-05,BR001,TLR-9172,C503264,cash withdrawal,2169.99,CAD
CA00018076,2025-03-19,BR002,TLR-2668,C503116,cash deposit,602.99,CAD
CA00023943,2025-03-25,BR032,TLR-1332,C501175,cash withdrawal,1130.91,CAD
CA00023248,2025-03-24,BR029,TLR-7607,C500687,cash withdrawal,1102.49,CAD
CA00025498,2025-03-20,BR039,TLR-3717,C503287,cash withdrawal,2159.31,CAD
CA00018184,2025-03-12,BR002,TLR-2380,C501806,cash deposit,797.47,CAD
CA00018795,2025-03-27,BR005,TLR-7923,C502843,cash withdrawal,467.68,CAD
CA00025423,2025-03-14,BR038,TLR-6860,C501749,cash deposit,1363.19,CAD
CA00021150,2025-03-06,BR017,TLR-6181,C500162,cash deposit,604.31,CAD
CA00024617,2025-03-04,BR035,TLR-6128,C500095,cash deposit,2525.39,CAD
CA00021235,2025-03-06,BR018,TLR-4827,C500204,cash deposit,2363.26,CAD
CA00024735,2025-03-05,BR036,TLR-8749,C503806,cash deposit,400.44,CAD
CA00022594,2025-03-02,BR025,TLR-5379,C500242,cash deposit,548.76,CAD
CA00019524,2025-03-04,BR009,TLR-6777,C500968,cash withdrawal,859.07,CAD
CA00022401,2025-03-18,BR024,TLR-8713,C503585,cash withdrawal,644.25,CAD
CA00025982,2025-03-08,BR040,TLR-5999,C503801,cash deposit,551.53,CAD
CA00019043,2025-03-29,BR006,TLR-4223,C502793,cash deposit,1318.49,CAD
CA00023718,2025-03-11,BR031,TLR-8826,C501348,cash deposit,3236.97,CAD
CA00021711,2025-03-15,BR020,TLR-9366,C501543,cash withdrawal,703.18,USD
CA00021456,2025-03-14,BR019,TLR-6806,C502033,cash withdrawal,825.58,CAD
CA00022508,2025-03-08,BR025,TLR-2632,C500154,cash withdrawal,-1282.48,CAD
CA00018835,2025-03-22,BR006,TLR-2455,C502481,cash deposit,1055.07,CAD
CA00025412,2025-03-01,BR038,TLR-8622,C501766,cash deposit,729.63,CAD
CA00020284,2025-03-29,BR014,TLR-5594,C500563,cash deposit,603.76,CAD
CA00018971,2025-03-14,BR006,TLR-4692,C503456,cash withdrawal,1514.46,CAD
CA00022659,2025-03-02,BR026,TLR-8511,C501018,cash withdrawal,-741.52,CAD
CA00021953,2025-03-03,BR022,TLR-8872,C503564,cash deposit,1493.68,CAD
CA00017710,2025-03-04,BR001,TLR-3455,C503743,cash deposit,708.46,CAD
CA00024295,2025-03-30,BR034,TLR-9094,C503235,cash withdrawal,839.28,CAD
CA00024177,2025-03-25,BR033,TLR-7608,C501731,cash deposit,1113.12,CAD
CA00023370,2025-03-31,BR030,TLR-9828,C500775,cash withdrawal,670.84,CAD
CA00024632,2025-03-09,BR035,TLR-2767,C501814,cash deposit,1236.9,CAD
CA00019322,2025-03-22,BR008,TLR-6338,C500366,cash deposit,364.95,CAD
CA00021207,2025-03-16,BR017,TLR-4564,C500827,cash withdrawal,504.12,CAD
CA00019779,2025-03-09,BR010,TLR-4882,C502137,cash withdrawal,283.9,CAD
CA00021082,2025-03-05,BR017,TLR-7098,C501683,cash deposit,748.14,CAD
CA00021217,2025-03-25,BR017,TLR-3938,C503258,cash withdrawal,1153.54,CAD
CA00021329,2025-03-31,BR018,TLR-2431,C503007,cash withdrawal,298.5,CAD
CA00024077,2025-03-10,BR033,TLR-6402,C503563,cash withdrawal,1031.25,CAD
CA00025853,2025-03-06,BR040,TLR-9955,C502739,cash deposit,414.78,CAD
CA00020247,2025-03-18,BR013,TLR-1973,C502301,cash deposit,1139.14,CAD
CA00023355,2025-03-02,BR029,TLR-6933,C501626,cash withdrawal,850.16,CAD
CA00018837,2025-03-14,BR006,TLR-6748,C501062,cash deposit,1193.8,CAD
CA00021790,2025-03-06,BR021,TLR-8305,C503299,cash withdrawal,682.96,CAD
CA00022580,2025-03-27,BR025,TLR-4247,C503983,cash deposit,600.18,CAD
CA00026534,2025-03-21,BR040,TLR-6938,C500333,cash deposit,827.9,CAD
CA00018131,2025-03-23,BR002,TLR-7581,C501826,cash withdrawal,-354.12,CAD
CA00021345,2025-03-17,BR019,TLR-2328,C501432,cash withdrawal,1340.45,CAD
CA00021135,2025-03-15,BR017,TLR-8819,C503068,cash deposit,984.67,CAD
CA00021552,2025-03-16,BR019,TLR-9566,C501629,cash withdrawal,910.82,CAD
CA00026561,2025-03-09,BR040,TLR-1790,C501369,cash deposit,1289.77,CAD
CA00026454,2025-03-22,BR040,TLR-8703,C500508,cash withdrawal,838.58,CAD
CA00019662,2025-03-28,BR009,TLR-5562,C502414,cash withdrawal,2123.86,CAD
CA00021039,2025-03-12,BR017,TLR-7144,C502412,cash deposit,348.44,CAD
CA00025479,2025-03-28,BR039,TLR-7258,C501662,cash withdrawal,2131.44,CAD
CA00017820,2025-03-06,BR001,TLR-5859,C501379,cash deposit,1133.5,CAD
CA00021186,2025-03-24,BR017,TLR-7488,C502232,cash withdrawal,1149.68,CAD
CA00025502,2025-03-24,BR039,TLR-1622,C502168,cash deposit,717.4,CAD
CA00025532,2025-03-25,BR039,TLR-3871,C503076,cash deposit,3253.73,CAD
CA00025798,2025-03-05,BR040,TLR-5693,C500110,cash deposit,773.46,CAD
CA00023995,2025-03-05,BR032,TLR-1736,C500385,cash deposit,1393.56,CAD
CA00025820,2025-03-21,BR040,TLR-6674,C501060,cash withdrawal,2264.25,CAD
CA00022028,2025-03-29,BR022,TLR-3873,C503087,cash deposit,890.24,CAD
CA00019129,2025-03-28,BR007,TLR-4297,C502220,cash withdrawal,1302.14,CAD
CA00025678,2025-03-11,BR039,TLR-6263,C502807,cash deposit,988.0,CAD
CA00019034,2025-03-16,BR006,TLR-8356,C503391,cash withdrawal,1085.21,CAD
CA00021832,2025-03-10,BR021,TLR-1748,C502760,cash deposit,2934.12,CAD
CA00019389,2025-03-17,BR008,TLR-5748,C503583,cash withdrawal,3654.57,CAD
CA00018044,2025-03-29,BR002,TLR-3810,C501168,cash deposit,516.79,CAD
CA00018996,2025-03-10,BR006,TLR-8291,C501751,cash withdrawal,1399.68,CAD
CA00023150,2025-03-08,BR028,TLR-2199,C503966,cash deposit,290.14,CAD
CA00025453,2025-03-22,BR038,TLR-2875,C500354,cash deposit,934.1,CAD
CA00023839,2025-03-12,BR031,TLR-5108,C500258,cash withdrawal,410.2,CAD
CA00019216,2025-03-02,BR007,TLR-1061,C502536,cash deposit,244.48,CAD
CA00026427,2025-03-25,BR040,TLR-2978,C501222,cash withdrawal,498.25,CAD
CA00020272,2025-03-21,BR013,TLR-2665,C502856,cash withdrawal,377.53,CAD
CA00022548,2025-03-29,BR025,TLR-8307,C502635,cash withdrawal,-1271.73,CAD
CA00023365,2025-03-30,BR030,TLR-9468,C500272,cash deposit,1146.49,CAD
CA00018240,2025-03-04,BR003,TLR-2498,C502766,cash deposit,518.05,CAD
CA00025572,2025-03-29,BR039,TLR-5418,C502662,cash withdrawal,497.15,CAD
CA00022773,2025-03-23,BR026,TLR-7858,C502477,cash withdrawal,-1143.1,CAD
CA00021425,2025-03-05,BR019,TLR-4014,C501534,cash deposit,723.13,CAD
CA00019611,2025-03-26,BR009,TLR-3370,C501449,cash withdrawal,1287.89,CAD
CA00024480,2025-03-23,BR035,TLR-5715,C501600,cash withdrawal,1402.38,CAD
CA00021236,2025-03-20,BR018,TLR-6673,C500253,cash deposit,1538.73,CAD
CA00026077,2025-03-01,BR040,TLR-6884,C503589,cash deposit,2923.92,CAD
CA00017752,2025-03-18,BR001,TLR-2289,C501425,cash deposit,1619.09,CAD
CA00019886,2025-03-11,BR010,TLR-6983,C503910,cash deposit,350.27,CAD
CA00026393,2025-03-07,BR040,TLR-7600,C500431,cash withdrawal,1577.09,CAD
CA00021148,2025-03-26,BR017,TLR-1440,C500700,cash deposit,592.78,CAD
CA00018265,2025-03-04,BR003,TLR-5309,C501212,cash deposit,2053.12,CAD
CA00021942,2025-03-23,BR021,TLR-3666,C501068,cash withdrawal,913.38,CAD
CA00024944,2025-03-03,BR036,TLR-3000,C503008,cash withdrawal,352.6,CAD
CA00018609,2025-03-30,BR004,TLR-9652,C501453,cash deposit,899.95,CAD
CA00018176,2025-03-23,BR002,TLR-1000,C503466,cash withdrawal,-1968.49,CAD
CA00025387,2025-03-02,BR038,TLR-8346,C500565,cash deposit,1558.05,CAD
CA00023026,2025-03-09,BR027,TLR-1403,C502381,cash deposit,431.37,CAD
CA00020267,2025-03-30,BR013,TLR-5736,C501687,cash deposit,1128.07,CAD
CA00019838,2025-03-12,BR010,TLR-8618,C501695,cash deposit,450.6,CAD
CA00024207,2025-03-16,BR033,TLR-5303,C502376,cash withdrawal,3531.9,CAD
CA00020270,2025-03-01,BR013,TLR-5979,C501824,cash deposit,157.06,CAD
CA00020151,2025-03-23,BR012,TLR-4377,C502690,cash deposit,477.27,CAD
CA00024346,2025-03-10,BR034,TLR-2353,C500328,cash deposit,1425.02,CAD
CA00018838,2025-03-27,BR006,TLR-9690,C500441,cash deposit,1303.39,CAD
CA00021156,2025-03-18,BR017,TLR-5122,C500695,cash withdrawal,1116.6,CAD
CA00023639,2025-03-12,BR030,TLR-1565,C501894,cash deposit,978.57,CAD
CA00019538,2025-03-06,BR009,TLR-6507,C501226,cash deposit,1248.03,CAD
CA00019359,2025-03-14,BR008,TLR-8780,C501608,cash deposit,821.64,CAD
CA00025294,2025-03-20,BR038,TLR-8206,C503447,cash deposit,1726.83,CAD
CA00021084,2025-03-11,BR017,TLR-2819,C502152,cash withdrawal,930.83,CAD
CA00024509,2025-03-01,BR035,TLR-8068,C500352,cash withdrawal,328.61,CAD
CA00021270,2025-03-29,BR018,TLR-3189,C500787,cash withdrawal,850.97,CAD
CA00026526,2025-03-31,BR040,TLR-7030,C501411,cash withdrawal,1314.58,CAD
CA00022682,2025-03-10,BR026,TLR-3077,C501529,cash withdrawal,-924.66,CAD
CA00022026,2025-03-14,BR022,TLR-8093,C503153,cash deposit,334.23,CAD
CA00023331,2025-03-28,BR029,TLR-6596,C502168,cash deposit,667.17,CAD
CA00025589,2025-03-20,BR039,TLR-5605,C501257,cash deposit,308.96,CAD
CA00025003,2025-03-11,BR037,TLR-6792,C500956,cash deposit,1914.52,CAD
CA00023936,2025-03-06,BR032,TLR-6803,C501266,cash deposit,2296.91,CAD
CA00022696,2025-03-24,BR026,TLR-1910,C501988,cash withdrawal,-2703.95,CAD
CA00024444,2025-03-11,BR035,TLR-8881,C503224,cash deposit,1266.53,CAD
CA00023398,2025-03-01,BR030,TLR-9367,C502979,cash deposit,1552.43,CAD
CA00023294,2025-03-08,BR029,TLR-1555,C502802,cash deposit,633.4,CAD
CA00026226,2025-03-27,BR040,TLR-6197,C501822,cash withdrawal,861.5,CAD
CA00024384,2025-03-12,BR034,TLR-5545,C501024,cash withdrawal,506.05,CAD
CA00024196,2025-03-11,BR033,TLR-2501,C503885,cash deposit,2304.96,CAD
CA00019111,2025-03-01,BR007,TLR-6991,C500123,cash deposit,665.7,CAD
CA00020346,2025-03-02,BR014,TLR-1492,C500581,cash withdrawal,1267.53,CAD
CA00022358,2025-03-25,BR024,TLR-4595,C500746,cash withdrawal,528.72,CAD
CA00022450,2025-03-23,BR025,TLR-4840,C500237,cash deposit,2647.96,CAD
CA00017954,2025-03-04,BR001,TLR-1042,C503552,cash withdrawal,1001.92,CAD
CA00025094,2025-03-07,BR037,TLR-6330,C502444,cash withdrawal,784.6,CAD
CA00023627,2025-03-11,BR030,TLR-2896,C501291,cash deposit,416.68,CAD
CA00026430,2025-03-31,BR040,TLR-1270,C503787,cash withdrawal,669.05,CAD
CA00025676,2025-03-18,BR039,TLR-2062,C501090,cash deposit,1200.73,CAD
CA00023007,2025-03-08,BR027,TLR-7444,C502135,cash deposit,504.17,CAD
CA00018944,2025-03-30,BR006,TLR-1991,C501567,cash deposit,2941.72,CAD
CA00023823,2025-03-24,BR031,TLR-9342,C503474,cash deposit,239.4,CAD
CA00018688,2025-03-08,BR004,TLR-6500,C500205,cash deposit,317.16,CAD
CA00023393,2025-03-11,BR030,TLR-9777,C502053,cash deposit,2624.26,CAD
CA00023545,2025-03-23,BR030,TLR-4919,C502586,cash withdrawal,1081.55,CAD
CA00023522,2025-03-14,BR030,TLR-9313,C500456,cash withdrawal,1402.42,CAD
CA00023738,2025-03-30,BR031,TLR-7372,C500605,cash deposit,609.89,CAD
CA00018742,2025-03-20,BR005,TLR-2115,C501237,cash deposit,334.46,CAD
CA00023390,2025-03-27,BR030,TLR-9833,C500201,cash deposit,2026.62,CAD
CA00021440,2025-03-16,BR019,TLR-1746,C500350,cash deposit,437.08,CAD
CA00018831,2025-03-31,BR006,TLR-7271,C502489,cash deposit,2075.98,CAD
CA00017855,2025-03-16,BR001,TLR-8777,C500913,cash withdrawal,1350.34,CAD
CA00024789,2025-03-28,BR036,TLR-1225,C502359,cash deposit,888.75,CAD
CA00020797,2025-03-01,BR016,TLR-8289,C501635,cash withdrawal,587.07,CAD
CA00019238,2025-03-27,BR007,TLR-6213,C502745,cash withdrawal,2378.11,CAD
CA00020912,2025-03-13,BR016,TLR-9098,C503130,cash deposit,771.03,CAD
CA00022031,2025-03-14,BR022,TLR-1153,C501317,cash withdrawal,615.37,CAD
CA00020186,2025-03-03,BR013,TLR-9659,C500271,cash withdrawal,995.6,CAD
CA00025097,2025-03-29,BR037,TLR-2264,C503687,cash withdrawal,460.46,CAD
CA00025219,2025-03-17,BR037,TLR-1048,C501664,cash withdrawal,715.91,CAD
CA00017717,2025-03-07,BR001,TLR-4545,C500736,cash withdrawal,307.74,CAD
CA00020505,2025-03-18,BR014,TLR-6975,C503691,cash deposit,324.62,CAD
CA00022590,2025-03-12,BR025,TLR-9307,C502581,cash deposit,586.24,CAD
CA00024567,2025-03-28,BR035,TLR-3128,C503471,cash withdrawal,1198.49,CAD
CA00020614,2025-03-20,BR015,TLR-5170,C503387,cash deposit,914.27,CAD
CA00021992,2025-03-22,BR022,TLR-3881,C503977,cash withdrawal,355.37,CAD
CA00024471,2025-03-01,BR035,TLR-4480,C501412,cash withdrawal,842.87,CAD
CA00018737,2025-03-08,BR005,TLR-8641,C503374,cash withdrawal,1049.72,CAD
CA00022115,2025-03-31,BR023,TLR-6803,C502645,cash deposit,501.76,CAD
CA00021301,2025-03-03,BR018,TLR-7774,C500760,cash deposit,892.44,CAD
CA00025677,2025-03-04,BR039,TLR-3258,C503542,cash deposit,1359.27,CAD
CA00024620,2025-03-01,BR035,TLR-3858,C501187,cash withdrawal,636.93,CAD
CA00020372,2025-03-15,BR014,TLR-5686,C503548,cash withdrawal,2521.32,CAD
CA00018386,2025-03-15,BR003,TLR-6900,C500220,cash deposit,3520.09,CAD
CA00021407,2025-03-25,BR019,TLR-3790,C502308,cash deposit,677.93,CAD
CA00024008,2025-03-21,BR032,TLR-1018,C503814,cash withdrawal,4515.01,CAD
CA00022096,2025-03-26,BR023,TLR-6843,C500807,cash deposit,1145.81,CAD
CA00017740,2025-03-18,BR001,TLR-8791,C503817,cash withdrawal,761.26,CAD
CA00022527,2025-03-13,BR025,TLR-6383,C502586,cash withdrawal,-568.98,CAD
CA00022175,2025-03-24,BR024,TLR-3865,C503525,cash deposit,1398.27,CAD
CA00022519,2025-03-30,BR025,TLR-3629,C502047,cash withdrawal,-357.67,CAD
CA00021417,2025-03-18,BR019,TLR-8944,C501987,cash withdrawal,431.89,CAD
CA00024083,2025-03-24,BR033,TLR-9146,C500743,cash withdrawal,779.15,CAD
CA00025990,2025-03-09,BR040,TLR-2705,C502846,cash deposit,2476.25,CAD
CA00021609,2025-03-03,BR020,TLR-3336,C501772,cash deposit,312.26,USD
CA00020077,2025-03-01,BR012,TLR-6046,C502031,cash deposit,663.07,CAD
CA00019559,2025-03-17,BR009,TLR-3680,C500564,cash deposit,1443.78,CAD
CA00020027,2025-03-30,BR012,TLR-4308,C503897,cash deposit,940.23,CAD
CA00017773,2025-03-29,BR001,TLR-5734,C501065,cash withdrawal,703.24,CAD
CA00022238,2025-03-22,BR024,TLR-5494,C503528,cash deposit,274.25,CAD
CA00024470,2025-03-14,BR035,TLR-3378,C502092,cash deposit,1181.75,CAD
CA00023038,2025-03-15,BR027,TLR-3031,C501331,cash withdrawal,900.59,CAD
CA00024732,2025-03-10,BR036,TLR-2883,C501883,cash withdrawal,748.97,CAD
CA00024354,2025-03-28,BR034,TLR-1685,C500888,cash deposit,649.37,CAD
CA00024740,2025-03-26,BR036,TLR-1996,C500574,cash withdrawal,451.35,CAD
CA00022762,2025-03-04,BR026,TLR-4848,C502922,cash deposit,287.97,CAD
CA00020828,2025-03-19,BR016,TLR-7599,C503049,cash deposit,530.33,CAD
CA00022536,2025-03-21,BR025,TLR-2786,C500874,cash deposit,911.43,CAD
CA00020964,2025-03-21,BR017,TLR-9413,C502141,cash withdrawal,2677.83,CAD
CA00024403,2025-03-24,BR034,TLR-6715,C502591,cash withdrawal,496.87,CAD
CA00022531,2025-03-20,BR025,TLR-4237,C502629,cash deposit,1218.25,CAD
CA00024256,2025-03-05,BR034,TLR-3674,C502805,cash withdrawal,809.78,CAD
CA00024506,2025-03-17,BR035,TLR-8155,C503841,cash withdrawal,193.18,CAD
CA00023546,2025-03-09,BR030,TLR-4221,C503272,cash withdrawal,229.02,CAD
CA00025851,2025-03-02,BR040,TLR-5378,C501752,cash withdrawal,2268.13,CAD
CA00022847,2025-03-14,BR026,TLR-9156,C500364,cash deposit,699.24,CAD
CA00018092,2025-03-19,BR002,TLR-2109,C500898,cash withdrawal,-582.6,CAD
CA00023498,2025-03-02,BR030,TLR-2328,C500874,cash withdrawal,784.56,CAD
CA00018869,2025-03-28,BR006,TLR-4897,C500736,cash withdrawal,546.9,CAD
CA00024856,2025-03-14,BR036,TLR-2500,C503561,cash deposit,880.43,CAD
CA00024054,2025-03-14,BR032,TLR-8506,C503275,cash withdrawal,623.86,CAD
CA00019836,2025-03-12,BR010,TLR-6727,C503868,cash deposit,1776.94,CAD
CA00025040,2025-03-29,BR037,TLR-9114,C501419,cash deposit,2517.64,CAD
CA00024286,2025-03-09,BR034,TLR-1749,C501988,cash deposit,2385.28,CAD
CA00019236,2025-03-20,BR007,TLR-5099,C503017,cash withdrawal,684.85,CAD
CA00026446,2025-03-14,BR040,TLR-5838,C503077,cash withdrawal,744.65,CAD
CA00022707,2025-03-21,BR026,TLR-4772,C501053,cash deposit,785.64,CAD
CA00019578,2025-03-21,BR009,TLR-8523,C501383,cash withdrawal,184.73,CAD
CA00019017,2025-03-07,BR006,TLR-6294,C503139,cash withdrawal,1731.87,CAD
CA00023601,2025-03-21,BR030,TLR-6731,C503744,cash deposit,401.04,CAD
CA00018924,2025-03-09,BR006,TLR-4747,C502019,cash withdrawal,1311.59,CAD
CA00022017,2025-03-06,BR022,TLR-3474,C502119,cash deposit,568.45,CAD
CA00019708,2025-03-06,BR009,TLR-6623,C502442,cash withdrawal,911.67,CAD
CA00024222,2025-03-28,BR033,TLR-6493,C501983,cash deposit,474.21,CAD
CA00026080,2025-03-06,BR040,TLR-4256,C502038,cash deposit,2008.16,CAD
CA00020974,2025-03-09,BR017,TLR-3965,C502685,cash deposit,969.9,CAD
CA00021517,2025-03-18,BR019,TLR-1396,C500261,cash withdrawal,473.93,CAD
CA00019449,2025-03-24,BR008,TLR-6197,C502301,cash withdrawal,3215.24,CAD
CA00018554,2025-03-25,BR004,TLR-3598,C501393,cash withdrawal,216.65,CAD
CA00026481,2025-03-12,BR040,TLR-2545,C502586,cash withdrawal,354.66,CAD
CA00025259,2025-03-07,BR038,TLR-7366,C502648,cash deposit,801.13,CAD
CA00018781,2025-03-08,BR005,TLR-5336,C503348,cash deposit,197.37,CAD
CA00018302,2025-03-12,BR003,TLR-9985,C502722,cash withdrawal,1758.96,CAD
CA00023893,2025-03-25,BR031,TLR-7038,C501404,cash withdrawal,232.43,CAD
CA00020856,2025-03-29,BR016,TLR-2424,C502572,cash withdrawal,532.41,CAD
CA00021158,2025-03-04,BR017,TLR-5650,C503410,cash deposit,896.64,CAD
CA00025981,2025-03-12,BR040,TLR-5853,C503849,cash withdrawal,2094.29,CAD
CA00024476,2025-03-01,BR035,TLR-3047,C500794,cash deposit,1278.34,CAD
CA00018089,2025-03-24,BR002,TLR-1239,C502837,cash withdrawal,-1248.49,CAD
CA00024533,2025-03-03,BR035,TLR-5875,C501815,cash withdrawal,660.17,CAD
CA00018385,2025-03-22,BR003,TLR-7454,C503723,cash deposit,155.93,CAD
CA00023747,2025-03-06,BR031,TLR-7874,C503183,cash deposit,2597.63,CAD
CA00020940,2025-03-26,BR016,TLR-1516,C500170,cash withdrawal,604.01,CAD
CA00020959,2025-03-24,BR017,TLR-3453,C502506,cash withdrawal,2679.45,CAD
CA00023940,2025-03-07,BR032,TLR-6378,C501851,cash deposit,2563.36,CAD
CA00019855,2025-03-08,BR010,TLR-4672,C502167,cash deposit,2385.22,CAD
CA00021797,2025-03-13,BR021,TLR-6638,C502434,cash withdrawal,746.81,CAD
CA00017691,2025-03-13,BR001,TLR-6213,C500467,cash withdrawal,4991.19,CAD
CA00023528,2025-03-12,BR030,TLR-6604,C502168,cash deposit,630.03,CAD
CA00025517,2025-03-27,BR039,TLR-7382,C500543,cash deposit,693.53,CAD
CA00023424,2025-03-24,BR030,TLR-2850,C502125,cash deposit,1074.62,CAD
CA00019355,2025-03-31,BR008,TLR-8064,C503792,cash withdrawal,505.85,CAD
CA00019630,2025-03-27,BR009,TLR-7483,C500278,cash withdrawal,1632.32,CAD
CA00018799,2025-03-10,BR006,TLR-8537,C502510,cash deposit,1440.48,CAD
CA00025313,2025-03-31,BR038,TLR-2691,C502338,cash deposit,1276.32,CAD
CA00026299,2025-03-02,BR040,TLR-4944,C500561,cash deposit,1146.66,CAD
CA00022914,2025-03-07,BR027,TLR-8016,C501362,cash deposit,933.11,CAD
CA00019274,2025-03-19,BR007,TLR-6696,C503493,cash deposit,313.54,CAD
CA00018763,2025-03-10,BR005,TLR-3559,C502939,cash withdrawal,612.63,CAD
CA00025361,2025-03-16,BR038,TLR-5090,C501955,cash deposit,406.49,CAD
CA00017720,2025-03-13,BR001,TLR-4950,C502937,cash deposit,777.8,CAD
CA00023462,2025-03-14,BR030,TLR-7048,C502299,cash withdrawal,274.41,CAD
CA00023844,2025-03-27,BR031,TLR-9611,C501573,cash withdrawal,1325.96,CAD
CA00020490,2025-03-16,BR014,TLR-2245,C501785,cash withdrawal,1389.31,CAD
CA00017951,2025-03-05,BR001,TLR-5101,C500432,cash withdrawal,1681.82,CAD
CA00018552,2025-03-11,BR004,TLR-9307,C503057,cash withdrawal,2331.45,CAD
CA00021855,2025-03-24,BR021,TLR-5122,C500956,cash deposit,1097.16,CAD
CA00021673,2025-03-17,BR020,TLR-3948,C501105,cash deposit,1537.93,USD
CA00019008,2025-03-21,BR006,TLR-8549,C501219,cash withdrawal,1225.37,CAD
CA00022402,2025-03-06,BR024,TLR-9409,C503599,cash withdrawal,1283.57,CAD
CA00023961,2025-03-13,BR032,TLR-6471,C501229,cash withdrawal,1187.29,CAD
CA00023709,2025-03-04,BR031,TLR-7046,C500369,cash withdrawal,1753.4,CAD
CA00023169,2025-03-17,BR028,TLR-2443,C501142,cash withdrawal,559.7,CAD
CA00025886,2025-03-23,BR040,TLR-4568,C500450,cash withdrawal,1287.65,CAD
CA00018897,2025-03-06,BR006,TLR-7686,C502475,cash deposit,1946.29,CAD
CA00022932,2025-03-23,BR027,TLR-3956,C502257,cash withdrawal,1001.11,CAD
CA00024700,2025-03-13,BR036,TLR-1649,C501746,cash withdrawal,1754.23,CAD
CA00025751,2025-03-17,BR040,TLR-3853,C501786,cash deposit,1498.82,CAD
CA00024479,2025-03-09,BR035,TLR-4860,C502563,cash deposit,1040.27,CAD
CA00022220,2025-03-08,BR024,TLR-5462,C503356,cash withdrawal,1144.12,CAD
CA00019570,2025-03-03,BR009,TLR-1386,C503790,cash deposit,1189.98,CAD
CA00020317,2025-03-20,BR014,TLR-9792,C503965,cash withdrawal,1234.48,CAD
CA00019580,2025-03-09,BR009,TLR-1657,C501904,cash deposit,569.52,CAD
CA00019457,2025-03-13,BR008,TLR-7636,C502412,cash deposit,774.94,CAD
CA00019552,2025-03-20,BR009,TLR-1228,C503832,cash deposit,591.95,CAD
CA00019407,2025-03-31,BR008,TLR-3552,C500107,cash withdrawal,2514.59,CAD
CA00025656,2025-03-29,BR039,TLR-3264,C502238,cash withdrawal,2131.39,CAD
CA00018736,2025-03-17,BR005,TLR-5180,C501723,cash deposit,1736.9,CAD
CA00019198,2025-03-23,BR007,TLR-9283,C502544,cash deposit,607.9,CAD
CA00021715,2025-03-15,BR020,TLR-4905,C502821,cash withdrawal,4833.55,USD
CA00021230,2025-03-13,BR018,TLR-7171,C500855,cash deposit,463.01,CAD
CA00023400,2025-03-27,BR030,TLR-1282,C502842,cash withdrawal,2652.02,CAD
CA00021861,2025-03-20,BR021,TLR-6323,C500037,cash withdrawal,408.99,CAD
CA00023115,2025-03-18,BR028,TLR-6768,C503352,cash deposit,346.49,CAD
CA00026371,2025-03-28,BR040,TLR-1388,C503344,cash withdrawal,421.47,CAD
CA00025567,2025-03-30,BR039,TLR-3778,C503244,cash deposit,974.29,CAD
CA00021983,2025-03-20,BR022,TLR-5257,C501389,cash deposit,680.3,CAD
CA00024654,2025-03-01,BR035,TLR-1547,C501587,cash deposit,1627.86,CAD
CA00022991,2025-03-30,BR027,TLR-7428,C500134,cash deposit,3387.49,CAD
CA00021577,2025-03-16,BR019,TLR-5922,C500556,cash withdrawal,1178.87,CAD
CA00020363,2025-03-15,BR014,TLR-2456,C501207,cash deposit,273.86,CAD
CA00021216,2025-03-03,BR017,TLR-1972,C501757,cash withdrawal,303.24,CAD
CA00019279,2025-03-23,BR008,TLR-2964,C501069,cash withdrawal,1121.92,CAD
CA00021132,2025-03-09,BR017,TLR-6778,C501510,cash deposit,676.03,CAD
CA00025388,2025-03-01,BR038,TLR-2622,C501736,cash withdrawal,360.46,CAD
CA00024117,2025-03-31,BR033,TLR-5948,C501258,cash deposit,4609.87,CAD
CA00018374,2025-03-25,BR003,TLR-2666,C501539,cash deposit,3466.37,CAD
CA00021829,2025-03-14,BR021,TLR-6604,C502731,cash withdrawal,4622.41,CAD
CA00020463,2025-03-08,BR014,TLR-9209,C501316,cash withdrawal,1948.97,CAD
CA00025248,2025-03-16,BR037,TLR-3292,C501156,cash deposit,1048.09,CAD
CA00025956,2025-03-12,BR040,TLR-3787,C501469,cash deposit,986.72,CAD
CA00017946,2025-03-04,BR001,TLR-8906,C500092,cash withdrawal,340.42,CAD
CA00017911,2025-03-23,BR001,TLR-7563,C501444,cash withdrawal,332.8,CAD
CA00024293,2025-03-06,BR034,TLR-4737,C500501,cash deposit,353.6,CAD
CA00024227,2025-03-18,BR033,TLR-6269,C501363,cash deposit,792.78,CAD
CA00023030,2025-03-22,BR027,TLR-8716,C503597,cash deposit,682.83,CAD
CA00020100,2025-03-09,BR012,TLR-2566,C503247,cash deposit,1082.98,CAD
CA00019505,2025-03-12,BR008,TLR-6857,C501792,cash deposit,632.31,CAD
CA00025865,2025-03-09,BR040,TLR-2562,C501934,cash deposit,1017.06,CAD
CA00019197,2025-03-30,BR007,TLR-8018,C502814,cash withdrawal,2171.39,CAD
CA00022311,2025-03-16,BR024,TLR-6650,C500432,cash withdrawal,952.39,CAD
CA00021850,2025-03-27,BR021,TLR-4357,C501421,cash deposit,1257.97,CAD
CA00020000,2025-03-08,BR012,TLR-8145,C502260,cash deposit,664.68,CAD
CA00021100,2025-03-22,BR017,TLR-1013,C501093,cash withdrawal,406.14,CAD
CA00025145,2025-03-12,BR037,TLR-1067,C500840,cash deposit,1994.39,CAD
CA00024574,2025-03-30,BR035,TLR-6372,C503025,cash withdrawal,555.92,CAD
CA00018354,2025-03-03,BR003,TLR-8257,C500364,cash withdrawal,903.49,CAD
CA00022462,2025-03-27,BR025,TLR-7019,C500713,cash withdrawal,-2234.39,CAD
CA00018204,2025-03-28,BR002,TLR-9266,C502182,cash deposit,721.5,CAD
CA00022729,2025-03-21,BR026,TLR-2885,C500299,cash withdrawal,-1033.53,CAD
CA00020367,2025-03-28,BR014,TLR-7739,C501007,cash withdrawal,4357.73,CAD
CA00021336,2025-03-25,BR018,TLR-6766,C501785,cash deposit,817.69,CAD
CA00022443,2025-03-17,BR024,TLR-9454,C501172,cash withdrawal,977.14,CAD
CA00023603,2025-03-29,BR030,TLR-1654,C502108,cash withdrawal,499.47,CAD
CA00025895,2025-03-09,BR040,TLR-2786,C502232,cash withdrawal,1948.67,CAD
CA00021731,2025-03-07,BR020,TLR-1321,C501619,cash withdrawal,183.11,USD
CA00022360,2025-03-03,BR024,TLR-5997,C501436,cash withdrawal,2101.2,CAD
CA00023563,2025-03-03,BR030,TLR-7742,C503196,cash withdrawal,800.42,CAD
CA00017977,2025-03-18,BR001,TLR-8601,C501297,cash deposit,2056.92,CAD
CA00026220,2025-03-18,BR040,TLR-3563,C501985,cash deposit,3025.57,CAD
CA00025428,2025-03-06,BR038,TLR-4090,C503285,cash deposit,453.61,CAD
CA00018330,2025-03-05,BR003,TLR-5385,C500596,cash deposit,574.17,CAD
CA00018560,2025-03-26,BR004,TLR-2913,C501532,cash deposit,1010.4,CAD
CA00025529,2025-03-10,BR039,TLR-6568,C503046,cash deposit,2637.45,CAD
CA00023633,2025-03-08,BR030,TLR-4267,C502649,cash deposit,939.89,CAD
CA00021102,2025-03-13,BR017,TLR-8589,C500417,cash deposit,893.46,CAD
CA00021590,2025-03-17,BR020,TLR-2301,C500588,cash withdrawal,1061.17,USD
CA00022364,2025-03-09,BR024,TLR-5826,C500538,cash deposit,6869.58,CAD
CA00019972,2025-03-15,BR012,TLR-8520,C500737,cash withdrawal,1869.59,CAD
CA00020642,2025-03-06,BR015,TLR-4282,C501960,cash deposit,1436.24,CAD
CA00018631,2025-03-29,BR004,TLR-1951,C503481,cash withdrawal,1002.1,CAD
CA00025239,2025-03-29,BR037,TLR-1703,C503395,cash withdrawal,1249.26,CAD
CA00023017,2025-03-11,BR027,TLR-9793,C503865,cash deposit,388.63,CAD
CA00026445,2025-03-14,BR040,TLR-8603,C503463,cash withdrawal,791.26,CAD
CA00021548,2025-03-10,BR019,TLR-6014,C500406,cash deposit,1177.98,CAD
CA00025214,2025-03-05,BR037,TLR-9429,C502758,cash deposit,895.71,CAD
CA00017774,2025-03-31,BR001,TLR-6754,C500908,cash withdrawal,1804.85,CAD
CA00024361,2025-03-03,BR034,TLR-4301,C501959,cash withdrawal,295.86,CAD
CA00023285,2025-03-31,BR029,TLR-7463,C502053,cash deposit,1767.13,CAD
CA00018539,2025-03-03,BR004,TLR-2842,C500958,cash deposit,939.29,CAD
CA00025547,2025-03-03,BR039,TLR-7945,C500009,cash deposit,690.42,CAD
CA00020266,2025-03-12,BR013,TLR-3569,C503739,cash withdrawal,585.04,CAD
CA00026499,2025-03-24,BR040,TLR-7382,C500143,cash deposit,278.1,CAD
CA00023941,2025-03-31,BR032,TLR-8836,C500129,cash withdrawal,3336.49,CAD
CA00023217,2025-03-21,BR028,TLR-2717,C501190,cash deposit,2050.13,CAD
CA00020920,2025-03-11,BR016,TLR-4867,C502729,cash withdrawal,1015.13,CAD
CA00024621,2025-03-04,BR035,TLR-5775,C501375,cash deposit,603.07,CAD
CA00023196,2025-03-16,BR028,TLR-8436,C501970,cash deposit,2429.78,CAD
CA00025718,2025-03-04,BR040,TLR-4384,C500782,cash withdrawal,2673.17,CAD
CA00022277,2025-03-18,BR024,TLR-8974,C500691,cash withdrawal,1350.74,CAD
CA00024575,2025-03-15,BR035,TLR-6063,C500101,cash withdrawal,1191.09,CAD
CA00024128,2025-03-21,BR033,TLR-7719,C500246,cash withdrawal,1835.06,CAD
CA00025906,2025-03-19,BR040,TLR-7301,C502616,cash deposit,737.83,CAD
CA00018807,2025-03-31,BR006,TLR-1716,C503481,cash deposit,1824.85,CAD
CA00019964,2025-03-27,BR012,TLR-7634,C500275,cash deposit,1331.97,CAD
CA00023297,2025-03-25,BR029,TLR-2132,C500700,cash withdrawal,592.67,CAD
CA00022116,2025-03-12,BR023,TLR-5697,C502286,cash deposit,821.55,CAD
CA00022666,2025-03-02,BR026,TLR-1413,C500240,cash deposit,1089.77,CAD
CA00018260,2025-03-06,BR003,TLR-2887,C503683,cash withdrawal,2619.95,CAD
CA00025995,2025-03-08,BR040,TLR-3473,C503664,cash deposit,260.4,CAD
CA00019441,2025-03-02,BR008,TLR-5972,C501396,cash withdrawal,1133.98,CAD
CA00018651,2025-03-15,BR004,TLR-2951,C503517,cash withdrawal,829.44,CAD
CA00019575,2025-03-06,BR009,TLR-2801,C503369,cash deposit,2239.1,CAD
CA00019258,2025-03-24,BR007,TLR-9428,C501855,cash withdrawal,1655.83,CAD
CA00018936,2025-03-11,BR006,TLR-7718,C502798,cash withdrawal,2338.25,CAD
CA00021628,2025-03-15,BR020,TLR-5027,C503354,cash withdrawal,1167.41,USD
CA00019015,2025-03-23,BR006,TLR-8647,C500482,cash deposit,740.09,CAD
CA00019027,2025-03-12,BR006,TLR-1788,C503958,cash deposit,339.33,CAD
CA00019426,2025-03-12,BR008,TLR-3523,C501186,cash withdrawal,1378.34,CAD
CA00023280,2025-03-01,BR029,TLR-7881,C500243,cash withdrawal,1106.57,CAD
CA00018030,2025-03-31,BR002,TLR-1891,C502828,cash deposit,462.39,CAD
CA00019144,2025-03-17,BR007,TLR-1601,C500153,cash withdrawal,1034.77,CAD
CA00026366,2025-03-19,BR040,TLR-8624,C500861,cash deposit,2496.99,CAD
CA00019646,2025-03-27,BR009,TLR-5439,C501365,cash deposit,5588.31,CAD
CA00023482,2025-03-18,BR030,TLR-6388,C501077,cash deposit,1594.02,CAD
CA00023383,2025-03-10,BR030,TLR-7179,C502790,cash withdrawal,1090.48,CAD
CA00025106,2025-03-26,BR037,TLR-6523,C502191,cash withdrawal,732.52,CAD
CA00024473,2025-03-14,BR035,TLR-7219,C502143,cash withdrawal,700.59,CAD
CA00018868,2025-03-19,BR006,TLR-1314,C501651,cash deposit,1422.89,CAD
CA00023396,2025-03-11,BR030,TLR-4519,C502293,cash withdrawal,2317.6,CAD
CA00017755,2025-03-24,BR001,TLR-9097,C503503,cash withdrawal,873.47,CAD
CA00020527,2025-03-16,BR015,TLR-3099,C501456,cash deposit,444.21,CAD
CA00020494,2025-03-24,BR014,TLR-7979,C501416,cash withdrawal,612.86,CAD
CA00018098,2025-03-15,BR002,TLR-7668,C501685,cash withdrawal,-1573.8,CAD
CA00020153,2025-03-24,BR012,TLR-1099,C501474,cash deposit,794.01,CAD
CA00021025,2025-03-01,BR017,TLR-9412,C503064,cash deposit,1723.44,CAD
CA00021951,2025-03-12,BR021,TLR-1986,C501823,cash withdrawal,848.71,CAD
CA00023578,2025-03-08,BR030,TLR-7247,C501829,cash deposit,859.22,CAD
CA00023620,2025-03-18,BR030,TLR-4972,C502285,cash deposit,1506.54,CAD
CA00018485,2025-03-09,BR004,TLR-3102,C500984,cash deposit,6110.53,CAD
CA00021492,2025-03-08,BR019,TLR-1805,C502757,cash deposit,633.57,CAD
CA00019558,2025-03-18,BR009,TLR-1671,C501982,cash withdrawal,128.61,CAD
CA00023848,2025-03-17,BR031,TLR-4875,C502492,cash withdrawal,924.33,CAD
CA00021484,2025-03-29,BR019,TLR-5243,C501232,cash withdrawal,907.97,CAD
CA00021493,2025-03-16,BR019,TLR-4315,C501468,cash withdrawal,1008.5,CAD
CA00023458,2025-03-05,BR030,TLR-5412,C502058,cash withdrawal,4472.75,CAD
CA00020085,2025-03-15,BR012,TLR-3191,C503137,cash deposit,356.61,CAD
CA00019693,2025-03-23,BR009,TLR-6042,C500614,cash deposit,1125.78,CAD
CA00024536,2025-03-09,BR035,TLR-2439,C500734,cash deposit,273.15,CAD
CA00020949,2025-03-04,BR016,TLR-4024,C503522,cash deposit,1367.41,CAD
CA00025606,2025-03-28,BR039,TLR-3713,C502257,cash deposit,2145.44,CAD
CA00017974,2025-03-28,BR001,TLR-4563,C501911,cash withdrawal,1056.49,CAD
CA00026460,2025-03-19,BR040,TLR-7408,C503923,cash deposit,1964.49,CAD
CA00023261,2025-03-17,BR029,TLR-2882,C500643,cash withdrawal,1920.06,CAD
CA00025764,2025-03-03,BR040,TLR-6004,C502679,cash withdrawal,1421.58,CAD
CA00024499,2025-03-09,BR035,TLR-2922,C500985,cash deposit,478.3,CAD
CA00024000,2025-03-24,BR032,TLR-8185,C500710,cash deposit,1003.27,CAD
CA00025099,2025-03-09,BR037,TLR-9151,C502285,cash deposit,1881.28,CAD
CA00023025,2025-03-20,BR027,TLR-6751,C502549,cash deposit,4536.43,CAD
CA00019834,2025-03-27,BR010,TLR-9778,C500662,cash deposit,1547.95,CAD
CA00020596,2025-03-23,BR015,TLR-2476,C500722,cash withdrawal,881.35,CAD
CA00019246,2025-03-12,BR007,TLR-3153,C501733,cash deposit,1089.49,CAD
CA00022862,2025-03-15,BR026,TLR-5626,C501818,cash deposit,1295.53,CAD
CA00018411,2025-03-10,BR003,TLR-1877,C502299,cash withdrawal,1628.4,CAD
CA00025844,2025-03-30,BR040,TLR-3320,C500592,cash deposit,1179.16,CAD
CA00018516,2025-03-24,BR004,TLR-9194,C500851,cash withdrawal,465.43,CAD
CA00021106,2025-03-06,BR017,TLR-8553,C501130,cash deposit,206.16,CAD
CA00025610,2025-03-04,BR039,TLR-6474,C503466,cash withdrawal,1108.13,CAD
CA00021175,2025-03-07,BR017,TLR-3706,C500632,cash withdrawal,863.06,CAD
CA00018242,2025-03-30,BR003,TLR-6260,C502979,cash withdrawal,4502.95,CAD
CA00021143,2025-03-07,BR017,TLR-4554,C502497,cash withdrawal,601.65,CAD
CA00024467,2025-03-21,BR035,TLR-7937,C501571,cash withdrawal,1204.73,CAD
CA00019469,2025-03-30,BR008,TLR-8937,C500248,cash withdrawal,2661.75,CAD
CA00025227,2025-03-21,BR037,TLR-7956,C500008,cash deposit,2188.43,CAD
CA00025703,2025-03-29,BR040,TLR-6434,C502648,cash deposit,552.02,CAD
CA00021969,2025-03-18,BR022,TLR-9017,C500040,cash deposit,853.13,CAD
CA00021710,2025-03-14,BR020,TLR-6587,C503065,cash deposit,753.69,USD
CA00021889,2025-03-07,BR021,TLR-6752,C503399,cash withdrawal,393.46,CAD
CA00023569,2025-03-19,BR030,TLR-1721,C502852,cash deposit,1424.24,CAD
CA00018397,2025-03-11,BR003,TLR-9673,C502792,cash withdrawal,1281.47,CAD
CA00023226,2025-03-31,BR028,TLR-4849,C500105,cash withdrawal,515.39,CAD
CA00018031,2025-03-20,BR002,TLR-4746,C500321,cash deposit,251.63,CAD
CA00023967,2025-03-14,BR032,TLR-9181,C500084,cash withdrawal,924.17,CAD
CA00020771,2025-03-22,BR016,TLR-4266,C500950,cash deposit,3035.01,CAD
CA00018915,2025-03-19,BR006,TLR-5731,C503397,cash deposit,1270.34,CAD
CA00023399,2025-03-24,BR030,TLR-1567,C501378,cash withdrawal,1207.97,CAD
CA00023979,2025-03-03,BR032,TLR-7190,C501304,cash deposit,3361.01,CAD
CA00023638,2025-03-01,BR030,TLR-2005,C500148,cash withdrawal,2151.23,CAD
CA00022890,2025-03-30,BR026,TLR-3680,C501854,cash deposit,689.7,CAD
CA00021966,2025-03-29,BR022,TLR-6708,C500384,cash withdrawal,843.33,CAD
CA00024475,2025-03-11,BR035,TLR-1296,C502115,cash withdrawal,919.49,CAD
CA00025022,2025-03-03,BR037,TLR-5773,C501239,cash withdrawal,672.41,CAD
CA00022063,2025-03-05,BR023,TLR-4412,C503617,cash deposit,233.46,CAD
CA00023384,2025-03-02,BR030,TLR-6235,C501882,cash deposit,621.69,CAD
CA00023665,2025-03-06,BR031,TLR-1707,C501274,cash withdrawal,323.7,CAD
CA00019579,2025-03-31,BR009,TLR-6999,C503026,cash withdrawal,417.06,CAD
CA00023731,2025-03-27,BR031,TLR-1909,C502222,cash deposit,1036.57,CAD
CA00020227,2025-03-25,BR013,TLR-6952,C500772,cash withdrawal,828.02,CAD
CA00023454,2025-03-02,BR030,TLR-4645,C502183,cash deposit,3584.63,CAD
CA00023309,2025-03-19,BR029,TLR-4042,C503780,cash deposit,605.93,CAD
CA00026458,2025-03-06,BR040,TLR-3361,C502074,cash withdrawal,1758.65,CAD
CA00017839,2025-03-15,BR001,TLR-3989,C500802,cash withdrawal,280.64,CAD
CA00025009,2025-03-27,BR037,TLR-1223,C500294,cash deposit,2051.5,CAD
CA00024656,2025-03-12,BR036,TLR-9377,C501544,cash deposit,3530.79,CAD
CA00020097,2025-03-08,BR012,TLR-8725,C503123,cash deposit,3092.19,CAD
CA00023928,2025-03-16,BR032,TLR-9501,C502356,cash deposit,669.16,CAD
CA00024921,2025-03-11,BR036,TLR-4195,C502941,cash deposit,697.68,CAD
CA00018895,2025-03-24,BR006,TLR-5375,C502387,cash deposit,1675.49,CAD
CA00019927,2025-03-10,BR011,TLR-9773,C501110,cash deposit,935.9,CAD
CA00024464,2025-03-27,BR035,TLR-3090,C500674,cash deposit,5626.41,CAD
CA00021332,2025-03-15,BR018,TLR-7872,C503551,cash withdrawal,576.05,CAD
CA00023259,2025-03-02,BR029,TLR-3450,C501996,cash deposit,1367.13,CAD
CA00022779,2025-03-15,BR026,TLR-5967,C501878,cash deposit,2138.35,CAD
CA00022168,2025-03-26,BR024,TLR-8606,C502601,cash withdrawal,1990.52,CAD
CA00025452,2025-03-06,BR038,TLR-3169,C501615,cash deposit,1200.23,CAD
CA00025963,2025-03-26,BR040,TLR-7507,C503873,cash deposit,2176.54,CAD
CA00019271,2025-03-29,BR007,TLR-9729,C501857,cash deposit,537.05,CAD
CA00022216,2025-03-23,BR024,TLR-5300,C503803,cash deposit,644.62,CAD
CA00019907,2025-03-01,BR011,TLR-5251,C503901,cash withdrawal,1254.62,CAD
CA00023692,2025-03-15,BR031,TLR-9492,C500868,cash deposit,2887.2,CAD
CA00018119,2025-03-14,BR002,TLR-9558,C503302,cash deposit,240.54,CAD
CA00019873,2025-03-21,BR010,TLR-6362,C501611,cash withdrawal,588.18,CAD
CA00020470,2025-03-11,BR014,TLR-7861,C501303,cash withdrawal,204.74,CAD
CA00018473,2025-03-15,BR004,TLR-8432,C501700,cash deposit,431.22,CAD
CA00022830,2025-03-06,BR026,TLR-3075,C501964,cash withdrawal,-2130.05,CAD
CA00023470,2025-03-04,BR030,TLR-2724,C502396,cash withdrawal,1097.49,CAD
CA00022385,2025-03-01,BR024,TLR-7756,C503334,cash withdrawal,258.45,CAD
CA00024336,2025-03-03,BR034,TLR-4873,C503904,cash withdrawal,590.13,CAD
CA00023289,2025-03-30,BR029,TLR-4717,C500844,cash withdrawal,2489.47,CAD
CA00021234,2025-03-08,BR018,TLR-7414,C501279,cash deposit,1253.45,CAD
CA00024144,2025-03-30,BR033,TLR-2895,C500166,cash withdrawal,487.53,CAD
CA00021431,2025-03-30,BR019,TLR-2178,C500461,cash deposit,517.51,CAD
CA00025842,2025-03-25,BR040,TLR-6330,C501350,cash withdrawal,1404.45,CAD
CA00021360,2025-03-19,BR019,TLR-9724,C502472,cash deposit,489.64,CAD
CA00026059,2025-03-01,BR040,TLR-8806,C500266,cash deposit,1212.0,CAD
CA00024652,2025-03-14,BR035,TLR-2589,C502698,cash withdrawal,573.59,CAD
CA00019222,2025-03-28,BR007,TLR-8563,C502749,cash withdrawal,2189.69,CAD
CA00021339,2025-03-26,BR018,TLR-3214,C503924,cash deposit,1210.7,CAD
CA00025941,2025-03-12,BR040,TLR-2099,C501023,cash deposit,333.87,CAD
CA00025154,2025-03-20,BR037,TLR-5926,C502639,cash withdrawal,1677.49,CAD
CA00024217,2025-03-22,BR033,TLR-4148,C503748,cash withdrawal,912.51,CAD
CA00017986,2025-03-16,BR001,TLR-1332,C502114,cash withdrawal,1119.47,CAD
CA00025302,2025-03-05,BR038,TLR-6454,C502825,cash deposit,913.24,CAD
CA00024721,2025-03-14,BR036,TLR-4321,C501948,cash withdrawal,606.87,CAD
CA00025263,2025-03-19,BR038,TLR-9812,C501476,cash withdrawal,2159.6,CAD
CA00024979,2025-03-08,BR037,TLR-5169,C502221,cash withdrawal,1988.43,CAD
CA00021974,2025-03-17,BR022,TLR-4198,C502993,cash withdrawal,444.57,CAD
CA00021919,2025-03-10,BR021,TLR-4722,C501911,cash withdrawal,828.42,CAD
CA00022695,2025-03-20,BR026,TLR-8562,C501635,cash deposit,1257.96,CAD
CA00017748,2025-03-19,BR001,TLR-3969,C503917,cash withdrawal,795.08,CAD
CA00025447,2025-03-07,BR038,TLR-6165,C502034,cash withdrawal,633.5,CAD
CA00026403,2025-03-27,BR040,TLR-7456,C500960,cash deposit,948.38,CAD
CA00020532,2025-03-15,BR015,TLR-8171,C501073,cash deposit,1446.14,CAD
CA00019158,2025-03-05,BR007,TLR-1300,C502328,cash withdrawal,1228.62,CAD
CA00019002,2025-03-31,BR006,TLR-4871,C500830,cash withdrawal,2952.54,CAD
CA00022027,2025-03-26,BR022,TLR-9525,C503466,cash deposit,3364.17,CAD
CA00020944,2025-03-18,BR016,TLR-8185,C503572,cash withdrawal,1127.53,CAD
CA00020399,2025-03-22,BR014,TLR-8421,C501778,cash deposit,787.44,CAD
CA00021880,2025-03-14,BR021,TLR-8188,C503494,cash deposit,641.77,CAD
CA00025035,2025-03-06,BR037,TLR-8456,C503956,cash deposit,1122.98,CAD
CA00022489,2025-03-27,BR025,TLR-6356,C501749,cash withdrawal,-1429.73,CAD
CA00018202,2025-03-08,BR002,TLR-9223,C500272,cash deposit,539.16,CAD
CA00022029,2025-03-26,BR022,TLR-8759,C501371,cash deposit,730.47,CAD
CA00025349,2025-03-28,BR038,TLR-8604,C501989,cash withdrawal,2173.81,CAD
CA00021950,2025-03-02,BR021,TLR-9372,C500917,cash deposit,646.63,CAD
CA00025404,2025-03-16,BR038,TLR-2729,C503032,cash withdrawal,613.52,CAD
CA00019623,2025-03-03,BR009,TLR-3857,C501858,cash withdrawal,551.47,CAD
CA00023579,2025-03-17,BR030,TLR-3655,C502295,cash deposit,715.81,CAD
CA00019467,2025-03-22,BR008,TLR-7146,C503250,cash withdrawal,1241.52,CAD
CA00017776,2025-03-17,BR001,TLR-6574,C503830,cash deposit,515.21,CAD
CA00024459,2025-03-13,BR035,TLR-1535,C501749,cash deposit,234.61,CAD
CA00024504,2025-03-14,BR035,TLR-4129,C503887,cash withdrawal,418.27,CAD
CA00023931,2025-03-23,BR032,TLR-4286,C501113,cash withdrawal,2823.12,CAD
CA00022129,2025-03-10,BR023,TLR-2180,C502577,cash deposit,1403.85,CAD
CA00019142,2025-03-17,BR007,TLR-5912,C502387,cash deposit,442.8,CAD
CA00023204,2025-03-30,BR028,TLR-2445,C500648,cash deposit,1387.11,CAD
CA00019982,2025-03-28,BR012,TLR-9438,C503757,cash withdrawal,2209.53,CAD
CA00022971,2025-03-17,BR027,TLR-8570,C501807,cash withdrawal,480.26,CAD
CA00024859,2025-03-05,BR036,TLR-9109,C501326,cash withdrawal,2356.62,CAD
CA00020320,2025-03-24,BR014,TLR-2062,C500845,cash deposit,272.94,CAD
CA00019022,2025-03-12,BR006,TLR-9041,C500957,cash withdrawal,1056.98,CAD
CA00026217,2025-03-17,BR040,TLR-8051,C501496,cash deposit,1429.18,CAD
CA00019616,2025-03-24,BR009,TLR-9634,C503690,cash deposit,815.61,CAD
CA00019206,2025-03-31,BR007,TLR-4795,C502228,cash deposit,1502.15,CAD
CA00022408,2025-03-01,BR024,TLR-3471,C500810,cash withdrawal,1504.09,CAD
CA00017806,2025-03-18,BR001,TLR-8104,C501135,cash deposit,301.47,CAD
CA00019562,2025-03-31,BR009,TLR-8644,C502800,cash deposit,2013.15,CAD
CA00023080,2025-03-28,BR027,TLR-5797,C503348,cash deposit,3100.63,CAD
CA00019971,2025-03-05,BR012,TLR-4683,C502164,cash deposit,710.15,CAD
CA00024588,2025-03-30,BR035,TLR-6717,C502001,cash deposit,513.61,CAD
CA00018527,2025-03-06,BR004,TLR-2115,C503573,cash withdrawal,714.52,CAD
CA00024503,2025-03-12,BR035,TLR-5132,C500973,cash withdrawal,749.65,CAD
CA00023034,2025-03-13,BR027,TLR-9342,C501900,cash withdrawal,1101.69,CAD
CA00024182,2025-03-30,BR033,TLR-9759,C500683,cash deposit,363.69,CAD
CA00022425,2025-03-27,BR024,TLR-8479,C500977,cash deposit,252.08,CAD
CA00020124,2025-03-19,BR012,TLR-9300,C502699,cash withdrawal,680.79,CAD
CA00024376,2025-03-19,BR034,TLR-8763,C501473,cash deposit,3196.72,CAD
CA00019253,2025-03-09,BR007,TLR-1134,C502301,cash deposit,1206.26,CAD
CA00025187,2025-03-19,BR037,TLR-1289,C503817,cash deposit,723.37,CAD
CA00022304,2025-03-14,BR024,TLR-2955,C503358,cash withdrawal,1229.05,CAD
CA00025222,2025-03-02,BR037,TLR-6636,C501605,cash deposit,596.39,CAD
CA00024593,2025-03-04,BR035,TLR-1915,C503232,cash withdrawal,979.86,CAD
CA00017989,2025-03-08,BR001,TLR-4480,C503004,cash deposit,1207.7,CAD
CA00023467,2025-03-04,BR030,TLR-2105,C503959,cash withdrawal,1251.17,CAD
CA00020122,2025-03-01,BR012,TLR-3423,C502149,cash deposit,1087.55,CAD
CA00026089,2025-03-23,BR040,TLR-7921,C502153,cash withdrawal,1062.93,CAD
CA00020221,2025-03-23,BR013,TLR-7485,C502459,cash deposit,724.91,CAD
CA00018663,2025-03-19,BR004,TLR-5259,C503040,cash deposit,471.27,CAD
CA00018277,2025-03-19,BR003,TLR-2480,C503043,cash deposit,817.77,CAD
CA00018953,2025-03-27,BR006,TLR-1530,C501951,cash deposit,2064.29,CAD
CA00017891,2025-03-03,BR001,TLR-9001,C502893,cash deposit,244.65,CAD
CA00019889,2025-03-27,BR010,TLR-4492,C503374,cash withdrawal,318.14,CAD
CA00025518,2025-03-18,BR039,TLR-2714,C502325,cash withdrawal,544.8,CAD
CA00024927,2025-03-03,BR036,TLR-7016,C502712,cash deposit,380.45,CAD
CA00024148,2025-03-15,BR033,TLR-8827,C502392,cash deposit,677.41,CAD
CA00025308,2025-03-14,BR038,TLR-2324,C500855,cash withdrawal,2994.54,CAD
CA00024352,2025-03-06,BR034,TLR-9928,C501489,cash deposit,1575.46,CAD
CA00024192,2025-03-13,BR033,TLR-5306,C502002,cash deposit,583.22,CAD
CA00018358,2025-03-17,BR003,TLR-3127,C500619,cash deposit,1628.24,CAD
CA00024085,2025-03-14,BR033,TLR-7623,C503754,cash withdrawal,632.35,CAD
CA00022806,2025-03-02,BR026,TLR-5797,C503831,cash withdrawal,-1219.02,CAD
CA00017761,2025-03-23,BR001,TLR-5257,C500967,cash withdrawal,472.61,CAD
CA00022706,2025-03-30,BR026,TLR-5580,C501223,cash deposit,475.23,CAD
CA00019090,2025-03-14,BR007,TLR-5521,C500626,cash deposit,164.75,CAD
CA00021513,2025-03-21,BR019,TLR-6211,C500132,cash withdrawal,474.76,CAD
CA00024076,2025-03-22,BR033,TLR-2173,C503102,cash withdrawal,1148.4,CAD
CA00020986,2025-03-25,BR017,TLR-5663,C502256,cash deposit,935.46,CAD
CA00021519,2025-03-16,BR019,TLR-8573,C503428,cash deposit,635.41,CAD
CA00018322,2025-03-14,BR003,TLR-6926,C502199,cash withdrawal,1048.16,CAD
CA00018921,2025-03-21,BR006,TLR-4666,C501835,cash withdrawal,701.1,CAD
CA00023581,2025-03-18,BR030,TLR-5884,C503613,cash withdrawal,664.34,CAD
CA00024126,2025-03-15,BR033,TLR-5426,C500748,cash withdrawal,1662.91,CAD
CA00021807,2025-03-31,BR021,TLR-7981,C500281,cash deposit,691.38,CAD
CA00020350,2025-03-07,BR014,TLR-8314,C500836,cash deposit,447.33,CAD
CA00018000,2025-03-28,BR001,TLR-6117,C500804,cash deposit,1889.73,CAD
CA00024447,2025-03-27,BR035,TLR-5842,C500967,cash deposit,559.16,CAD
CA00020921,2025-03-27,BR016,TLR-8180,C501167,cash withdrawal,850.93,CAD
CA00021093,2025-03-16,BR017,TLR-1435,C500679,cash withdrawal,717.04,CAD
CA00018271,2025-03-05,BR003,TLR-2273,C503924,cash deposit,1259.86,CAD
CA00020781,2025-03-14,BR016,TLR-3364,C500329,cash deposit,1062.39,CAD
CA00024040,2025-03-08,BR032,TLR-3481,C500137,cash deposit,2244.07,CAD
CA00024255,2025-03-22,BR034,TLR-7602,C500759,cash deposit,700.87,CAD
CA00022481,2025-03-15,BR025,TLR-5708,C502269,cash deposit,1144.42,CAD
CA00023168,2025-03-04,BR028,TLR-1342,C500462,cash deposit,833.68,CAD
CA00023852,2025-03-08,BR031,TLR-9952,C503634,cash withdrawal,339.92,CAD
CA00023531,2025-03-05,BR030,TLR-7322,C503255,cash deposit,831.56,CAD
CA00017840,2025-03-28,BR001,TLR-7078,C501455,cash withdrawal,795.69,CAD
CA00024300,2025-03-13,BR034,TLR-3821,C502369,cash withdrawal,615.66,CAD
CA00018989,2025-03-13,BR006,TLR-7565,C503989,cash withdrawal,1620.13,CAD
CA00024511,2025-03-10,BR035,TLR-4326,C503160,cash deposit,683.07,CAD
CA00022822,2025-03-21,BR026,TLR-5187,C500761,cash deposit,2324.83,CAD
CA00018232,2025-03-29,BR002,TLR-5191,C501709,cash withdrawal,-442.46,CAD
CA00021002,2025-03-19,BR017,TLR-7274,C502600,cash deposit,460.75,CAD
CA00021496,2025-03-26,BR019,TLR-6011,C503084,cash withdrawal,897.39,CAD
CA00025268,2025-03-09,BR038,TLR-4292,C503906,cash withdrawal,680.86,CAD
CA00026208,2025-03-31,BR040,TLR-2246,C503670,cash withdrawal,770.3,CAD
CA00025983,2025-03-05,BR040,TLR-2611,C502380,cash deposit,1267.18,CAD
CA00026323,2025-03-04,BR040,TLR-8992,C502470,cash deposit,2268.66,CAD
CA00025598,2025-03-11,BR039,TLR-6529,C501201,cash withdrawal,1315.03,CAD
CA00023977,2025-03-16,BR032,TLR-1434,C502607,cash deposit,1298.31,CAD
CA00020164,2025-03-06,BR012,TLR-4820,C501955,cash withdrawal,1386.04,CAD
CA00025680,2025-03-25,BR039,TLR-8078,C503759,cash withdrawal,538.61,CAD
CA00023503,2025-03-14,BR030,TLR-6262,C500465,cash deposit,1998.76,CAD
CA00019602,2025-03-17,BR009,TLR-1448,C500190,cash deposit,1201.45,CAD
CA00020805,2025-03-18,BR016,TLR-2937,C502313,cash withdrawal,792.02,CAD
CA00018800,2025-03-01,BR006,TLR-2467,C502519,cash withdrawal,629.54,CAD
CA00022057,2025-03-25,BR023,TLR-1353,C501794,cash deposit,1631.31,CAD
CA00020175,2025-03-10,BR012,TLR-8887,C501541,cash deposit,1148.42,CAD
CA00018300,2025-03-28,BR003,TLR-4248,C500044,cash deposit,1184.31,CAD
CA00019176,2025-03-31,BR007,TLR-1373,C503412,cash withdrawal,500.27,CAD
CA00019642,2025-03-03,BR009,TLR-6003,C501494,cash withdrawal,1279.64,CAD
CA00025533,2025-03-17,BR039,TLR-3468,C503493,cash deposit,530.88,CAD
CA00018878,2025-03-03,BR006,TLR-2128,C503248,cash withdrawal,837.71,CAD
CA00019200,2025-03-05,BR007,TLR-7530,C501425,cash withdrawal,1093.0,CAD
CA00019451,2025-03-28,BR008,TLR-5635,C503709,cash deposit,885.16,CAD
CA00019486,2025-03-26,BR008,TLR-2183,C500879,cash withdrawal,650.67,CAD
CA00019367,2025-03-22,BR008,TLR-2902,C502391,cash deposit,1044.31,CAD
CA00021588,2025-03-28,BR020,TLR-1562,C501227,cash deposit,433.15,USD
CA00018023,2025-03-30,BR002,TLR-9904,C502636,cash deposit,2157.09,CAD
CA00025336,2025-03-24,BR038,TLR-1417,C500701,cash deposit,940.24,CAD
CA00019231,2025-03-01,BR007,TLR-7700,C501692,cash deposit,614.27,CAD
CA00024624,2025-03-06,BR035,TLR-4138,C502323,cash withdrawal,716.25,CAD
CA00018082,2025-03-09,BR002,TLR-6181,C503753,cash deposit,936.52,CAD
CA00023292,2025-03-18,BR029,TLR-7151,C503436,cash withdrawal,1580.84,CAD
CA00019531,2025-03-20,BR009,TLR-5722,C500297,cash deposit,1197.08,CAD
CA00025398,2025-03-30,BR038,TLR-6400,C501541,cash withdrawal,818.33,CAD
CA00021356,2025-03-06,BR019,TLR-1909,C500008,cash withdrawal,620.44,CAD
CA00024671,2025-03-12,BR036,TLR-5972,C500754,cash withdrawal,647.18,CAD
CA00022903,2025-03-30,BR026,TLR-3126,C500093,cash deposit,491.84,CAD
CA00019601,2025-03-12,BR009,TLR-5880,C503578,cash deposit,1346.55,CAD
CA00023442,2025-03-30,BR030,TLR-7894,C502863,cash withdrawal,1787.39,CAD
CA00022809,2025-03-20,BR026,TLR-4249,C501019,cash deposit,2095.13,CAD
CA00018721,2025-03-03,BR004,TLR-2265,C503342,cash withdrawal,556.2,CAD
CA00023714,2025-03-15,BR031,TLR-3882,C501313,cash deposit,211.77,CAD
CA00022308,2025-03-12,BR024,TLR-7543,C503737,cash withdrawal,1231.68,CAD
CA00022078,2025-03-07,BR023,TLR-7615,C503115,cash withdrawal,1069.34,CAD
CA00024009,2025-03-02,BR032,TLR-3187,C500564,cash deposit,1226.93,CAD
CA00020806,2025-03-05,BR016,TLR-9405,C503580,cash deposit,1866.05,CAD
CA00020804,2025-03-06,BR016,TLR-8897,C500097,cash withdrawal,1940.77,CAD
CA00018418,2025-03-26,BR003,TLR-4043,C502781,cash withdrawal,650.93,CAD
CA00024001,2025-03-04,BR032,TLR-1315,C500218,cash withdrawal,1886.89,CAD
CA00025246,2025-03-17,BR037,TLR-3842,C503093,cash deposit,2536.6,CAD
CA00025810,2025-03-02,BR040,TLR-5619,C503015,cash withdrawal,2082.74,CAD
CA00025605,2025-03-12,BR039,TLR-3119,C502983,cash deposit,325.82,CAD
CA00017918,2025-03-29,BR001,TLR-8836,C500035,cash deposit,1883.32,CAD
CA00022796,2025-03-19,BR026,TLR-5126,C501318,cash withdrawal,-4510.48,CAD
CA00026037,2025-03-14,BR040,TLR-9881,C503529,cash deposit,1188.59,CAD
CA00019250,2025-03-23,BR007,TLR-6888,C503167,cash withdrawal,1359.68,CAD
CA00024697,2025-03-12,BR036,TLR-8270,C503670,cash deposit,708.89,CAD
CA00026311,2025-03-10,BR040,TLR-2995,C501259,cash deposit,1249.53,CAD
CA00023323,2025-03-02,BR029,TLR-4533,C502760,cash withdrawal,1801.67,CAD
CA00020413,2025-03-15,BR014,TLR-2514,C503305,cash withdrawal,720.8,CAD
CA00026149,2025-03-20,BR040,TLR-6306,C501891,cash withdrawal,3273.06,CAD
CA00025520,2025-03-23,BR039,TLR-6653,C501998,cash withdrawal,984.35,CAD
CA00021386,2025-03-04,BR019,TLR-1687,C501324,cash withdrawal,732.86,CAD
CA00023671,2025-03-07,BR031,TLR-4351,C500659,cash withdrawal,834.02,CAD
CA00019713,2025-03-09,BR009,TLR-5768,C502993,cash withdrawal,1978.27,CAD
CA00023066,2025-03-07,BR027,TLR-4693,C503436,cash withdrawal,3560.41,CAD
CA00019412,2025-03-16,BR008,TLR-9391,C503410,cash withdrawal,3635.22,CAD
CA00019624,2025-03-15,BR009,TLR-9497,C501025,cash deposit,556.76,CAD
CA00022953,2025-03-08,BR027,TLR-7290,C501106,cash withdrawal,321.69,CAD
CA00021604,2025-03-10,BR020,TLR-2620,C503369,cash withdrawal,510.65,USD
CA00018479,2025-03-09,BR004,TLR-5467,C503296,cash deposit,671.28,CAD
CA00018697,2025-03-22,BR004,TLR-8483,C500344,cash deposit,401.5,CAD
CA00018540,2025-03-24,BR004,TLR-3894,C502113,cash withdrawal,1985.78,CAD
CA00021895,2025-03-14,BR021,TLR-6828,C501633,cash withdrawal,1356.15,CAD
CA00018074,2025-03-14,BR002,TLR-7866,C502149,cash deposit,1212.14,CAD
CA00023001,2025-03-12,BR027,TLR-7016,C501609,cash withdrawal,699.96,CAD
CA00020368,2025-03-21,BR014,TLR-3547,C503633,cash deposit,889.91,CAD
CA00025549,2025-03-14,BR039,TLR-8771,C501816,cash withdrawal,5938.59,CAD
CA00019591,2025-03-12,BR009,TLR-4164,C502884,cash deposit,1023.49,CAD
CA00023275,2025-03-09,BR029,TLR-4575,C501624,cash deposit,1115.66,CAD
CA00018642,2025-03-01,BR004,TLR-3610,C502808,cash withdrawal,803.25,CAD
CA00021833,2025-03-11,BR021,TLR-6754,C500812,cash deposit,333.79,CAD
CA00021498,2025-03-06,BR019,TLR-7958,C501984,cash withdrawal,604.59,CAD
CA00024520,2025-03-12,BR035,TLR-3278,C501810,cash withdrawal,699.35,CAD
CA00024449,2025-03-22,BR035,TLR-2118,C503915,cash deposit,523.02,CAD
CA00024631,2025-03-22,BR035,TLR-9805,C500674,cash deposit,666.79,CAD
CA00019149,2025-03-07,BR007,TLR-5330,C500782,cash withdrawal,977.47,CAD
CA00018732,2025-03-13,BR005,TLR-8978,C501120,cash withdrawal,1102.41,CAD
CA00024833,2025-03-27,BR036,TLR-5499,C502467,cash deposit,1077.9,CAD
CA00025274,2025-03-16,BR038,TLR-5783,C500276,cash withdrawal,826.91,CAD
CA00021255,2025-03-10,BR018,TLR-2455,C500622,cash deposit,5025.68,CAD
CA00023490,2025-03-22,BR030,TLR-9960,C501116,cash withdrawal,1598.36,CAD
CA00024583,2025-03-05,BR035,TLR-9722,C503272,cash withdrawal,3482.15,CAD
CA00021221,2025-03-28,BR018,TLR-7657,C503933,cash deposit,1866.31,CAD
CA00024413,2025-03-21,BR035,TLR-6384,C502185,cash withdrawal,1014.94,CAD
CA00024290,2025-03-06,BR034,TLR-3503,C501982,cash deposit,1082.48,CAD
CA00020411,2025-03-07,BR014,TLR-9397,C501019,cash deposit,724.62,CAD
CA00026087,2025-03-26,BR040,TLR-7633,C501505,cash deposit,792.73,CAD
CA00020526,2025-03-05,BR015,TLR-6143,C501020,cash deposit,590.08,CAD
CA00023225,2025-03-11,BR028,TLR-8333,C503006,cash deposit,3525.58,CAD
CA00022576,2025-03-10,BR025,TLR-7182,C503791,cash withdrawal,-1203.83,CAD
CA00023354,2025-03-22,BR029,TLR-1089,C502142,cash withdrawal,984.25,CAD
CA00024799,2025-03-01,BR036,TLR-3231,C500775,cash deposit,1121.66,CAD
CA00025735,2025-03-21,BR040,TLR-2310,C501194,cash deposit,1220.97,CAD
CA00023055,2025-03-22,BR027,TLR-2032,C502435,cash deposit,1812.38,CAD
CA00025831,2025-03-29,BR040,TLR-2270,C501369,cash deposit,2020.97,CAD
CA00025373,2025-03-09,BR038,TLR-5530,C501804,cash deposit,472.55,CAD
CA00018581,2025-03-31,BR004,TLR-5974,C503544,cash withdrawal,754.69,CAD
CA00026084,2025-03-18,BR040,TLR-8148,C502936,cash deposit,720.25,CAD
CA00018724,2025-03-13,BR005,TLR-5639,C502022,cash withdrawal,1987.17,CAD
CA00026143,2025-03-17,BR040,TLR-1074,C502363,cash withdrawal,4724.71,CAD
CA00025067,2025-03-07,BR037,TLR-7501,C503560,cash deposit,2364.75,CAD
CA00022318,2025-03-30,BR024,TLR-1558,C503985,cash withdrawal,837.89,CAD
CA00021691,2025-03-24,BR020,TLR-3787,C501465,cash withdrawal,1460.97,USD
CA00021616,2025-03-07,BR020,TLR-5844,C500827,cash deposit,155.31,USD
CA00022866,2025-03-25,BR026,TLR-9098,C502945,cash withdrawal,-636.13,CAD
CA00023663,2025-03-25,BR030,TLR-4999,C500952,cash withdrawal,277.63,CAD
CA00025794,2025-03-09,BR040,TLR-5150,C500888,cash deposit,375.53,CAD
CA00025525,2025-03-18,BR039,TLR-1516,C502661,cash deposit,462.91,CAD
CA00024215,2025-03-07,BR033,TLR-7958,C501304,cash withdrawal,650.73,CAD
CA00025307,2025-03-02,BR038,TLR-6099,C503335,cash deposit,394.29,CAD
CA00018160,2025-03-22,BR002,TLR-5634,C503548,cash deposit,1022.31,CAD
CA00023968,2025-03-08,BR032,TLR-1796,C503928,cash withdrawal,2229.86,CAD
CA00020433,2025-03-06,BR014,TLR-5662,C503608,cash withdrawal,1322.73,CAD
CA00019998,2025-03-18,BR012,TLR-9082,C501344,cash deposit,482.26,CAD
CA00025369,2025-03-03,BR038,TLR-4079,C503847,cash deposit,905.99,CAD
CA00019053,2025-03-29,BR006,TLR-4530,C500906,cash withdrawal,2131.87,CAD
CA00021915,2025-03-16,BR021,TLR-6994,C502693,cash withdrawal,616.47,CAD
CA00020576,2025-03-29,BR015,TLR-1592,C502452,cash deposit,2928.04,CAD
CA00020269,2025-03-25,BR013,TLR-4470,C502374,cash withdrawal,1283.41,CAD
CA00025354,2025-03-11,BR038,TLR-9041,C501851,cash deposit,1838.82,CAD
CA00018305,2025-03-05,BR003,TLR-8209,C502192,cash deposit,1010.71,CAD
CA00021044,2025-03-03,BR017,TLR-5265,C502372,cash withdrawal,702.03,CAD
CA00017912,2025-03-29,BR001,TLR-1420,C501075,cash deposit,405.12,CAD
CA00018428,2025-03-28,BR003,TLR-4927,C501268,cash deposit,550.32,CAD
CA00022957,2025-03-02,BR027,TLR-1735,C502058,cash withdrawal,590.66,CAD
CA00025257,2025-03-17,BR038,TLR-6564,C502659,cash withdrawal,1533.49,CAD
CA00026179,2025-03-26,BR040,TLR-6875,C502019,cash withdrawal,1301.28,CAD
CA00019627,2025-03-09,BR009,TLR-4709,C502292,cash deposit,2134.07,CAD
CA00021619,2025-03-17,BR020,TLR-4115,C502844,cash withdrawal,553.17,USD
CA00017879,2025-03-20,BR001,TLR-3754,C503103,cash deposit,669.5,CAD
CA00021080,2025-03-20,BR017,TLR-6626,C501903,cash withdrawal,1203.97,CAD
CA00019087,2025-03-11,BR007,TLR-4926,C502614,cash withdrawal,4443.03,CAD
CA00025205,2025-03-14,BR037,TLR-2794,C501127,cash withdrawal,2019.49,CAD
CA00018048,2025-03-17,BR002,TLR-9023,C503753,cash deposit,2487.42,CAD
CA00025918,2025-03-25,BR040,TLR-9001,C503480,cash deposit,1021.64,CAD
CA00019390,2025-03-23,BR008,TLR-6380,C502937,cash withdrawal,800.34,CAD
CA00018530,2025-03-25,BR004,TLR-9404,C500745,cash deposit,1281.18,CAD
CA00020636,2025-03-09,BR015,TLR-2735,C501455,cash deposit,869.63,CAD
CA00017754,2025-03-11,BR001,TLR-8888,C501516,cash withdrawal,3751.35,CAD
CA00021244,2025-03-28,BR018,TLR-3308,C501043,cash withdrawal,926.53,CAD
CA00017830,2025-03-09,BR001,TLR-3164,C503656,cash withdrawal,1363.85,CAD
CA00020658,2025-03-24,BR015,TLR-3968,C502006,cash deposit,682.94,CAD
CA00019682,2025-03-27,BR009,TLR-5897,C503223,cash deposit,486.1,CAD
CA00023159,2025-03-06,BR028,TLR-4177,C501867,cash deposit,269.02,CAD
CA00022851,2025-03-30,BR026,TLR-1461,C502497,cash deposit,539.22,CAD
CA00026453,2025-03-14,BR040,TLR-6405,C502813,cash withdrawal,960.51,CAD
CA00020443,2025-03-01,BR014,TLR-7505,C500832,cash withdrawal,319.95,CAD
CA00018620,2025-03-07,BR004,TLR-8817,C503752,cash deposit,2156.75,CAD
CA00022595,2025-03-07,BR025,TLR-2044,C502462,cash deposit,632.46,CAD
CA00018481,2025-03-13,BR004,TLR-2578,C502134,cash withdrawal,1505.51,CAD
CA00019047,2025-03-22,BR006,TLR-8372,C500758,cash deposit,759.32,CAD
CA00021302,2025-03-26,BR018,TLR-8226,C500781,cash deposit,1401.08,CAD
CA00019649,2025-03-10,BR009,TLR-8449,C500763,cash deposit,965.9,CAD
CA00021031,2025-03-07,BR017,TLR-7952,C501206,cash deposit,788.74,CAD
CA00023074,2025-03-14,BR027,TLR-9647,C503631,cash deposit,590.78,CAD
CA00023913,2025-03-17,BR031,TLR-2070,C502174,cash deposit,1908.36,CAD
CA00022654,2025-03-07,BR026,TLR-3351,C500872,cash deposit,997.36,CAD
CA00024510,2025-03-16,BR035,TLR-5810,C503372,cash withdrawal,604.21,CAD
CA00019573,2025-03-07,BR009,TLR-4747,C502594,cash deposit,1528.43,CAD
CA00023593,2025-03-02,BR030,TLR-3651,C503581,cash deposit,987.52,CAD
CA00026356,2025-03-27,BR040,TLR-4965,C503006,cash withdrawal,1088.25,CAD
CA00021958,2025-03-28,BR022,TLR-4143,C503627,cash deposit,702.23,CAD
CA00023608,2025-03-04,BR030,TLR-1189,C500819,cash deposit,1547.97,CAD
CA00022399,2025-03-18,BR024,TLR-8777,C502510,cash deposit,1517.0,CAD
CA00025358,2025-03-24,BR038,TLR-8324,C502333,cash withdrawal,510.1,CAD
CA00026190,2025-03-02,BR040,TLR-1790,C500852,cash withdrawal,959.51,CAD
CA00025940,2025-03-12,BR040,TLR-8982,C502686,cash withdrawal,1176.86,CAD
CA00019442,2025-03-11,BR008,TLR-3111,C501167,cash withdrawal,1795.82,CAD
CA00019576,2025-03-27,BR009,TLR-9847,C502122,cash withdrawal,953.98,CAD
CA00025175,2025-03-15,BR037,TLR-5115,C502412,cash deposit,304.06,CAD
CA00024296,2025-03-07,BR034,TLR-9521,C501607,cash deposit,1579.1,CAD
CA00022190,2025-03-26,BR024,TLR-3645,C501534,cash withdrawal,871.44,CAD
CA00021195,2025-03-30,BR017,TLR-9753,C503162,cash deposit,569.02,CAD
CA00019313,2025-03-09,BR008,TLR-7498,C502904,cash withdrawal,1789.63,CAD
CA00023105,2025-03-01,BR028,TLR-9089,C502886,cash deposit,870.41,CAD
CA00020419,2025-03-18,BR014,TLR-6865,C502446,cash deposit,497.98,CAD
CA00020172,2025-03-20,BR012,TLR-1824,C500057,cash withdrawal,1251.98,CAD
CA00023476,2025-03-30,BR030,TLR-6378,C502040,cash deposit,535.25,CAD
CA00018206,2025-03-30,BR002,TLR-2700,C502961,cash deposit,1817.67,CAD
CA00020905,2025-03-06,BR016,TLR-4009,C502013,cash withdrawal,884.22,CAD
CA00024726,2025-03-30,BR036,TLR-7393,C500019,cash withdrawal,919.44,CAD
CA00025546,2025-03-16,BR039,TLR-8411,C503817,cash deposit,1839.89,CAD
CA00018357,2025-03-02,BR003,TLR-4002,C501931,cash deposit,519.06,CAD
CA00019397,2025-03-23,BR008,TLR-1644,C503797,cash deposit,490.96,CAD
CA00025303,2025-03-04,BR038,TLR-6210,C500160,cash withdrawal,890.02,CAD
CA00024909,2025-03-05,BR036,TLR-1634,C500703,cash deposit,5099.33,CAD
CA00021923,2025-03-21,BR021,TLR-4781,C503897,cash withdrawal,1162.62,CAD
CA00023616,2025-03-25,BR030,TLR-6493,C501504,cash withdrawal,2091.72,CAD
CA00021670,2025-03-28,BR020,TLR-7217,C503116,cash withdrawal,691.14,USD
CA00020556,2025-03-03,BR015,TLR-3827,C502283,cash withdrawal,565.31,CAD
CA00026121,2025-03-31,BR040,TLR-7776,C502501,cash withdrawal,255.89,CAD
CA00020662,2025-03-06,BR015,TLR-7753,C503866,cash withdrawal,705.39,CAD
CA00023460,2025-03-10,BR030,TLR-4037,C501115,cash withdrawal,973.45,CAD
CA00021665,2025-03-27,BR020,TLR-2934,C501460,cash deposit,1399.79,USD
CA00021964,2025-03-04,BR022,TLR-1413,C502147,cash withdrawal,1992.24,CAD
CA00024603,2025-03-06,BR035,TLR-7195,C502174,cash deposit,1434.36,CAD
CA00018145,2025-03-15,BR002,TLR-6701,C500909,cash withdrawal,-777.53,CAD
CA00026569,2025-03-10,BR040,TLR-4814,C500538,cash withdrawal,320.47,CAD
CA00018506,2025-03-15,BR004,TLR-1965,C502999,cash deposit,614.94,CAD
CA00020934,2025-03-22,BR016,TLR-5821,C502512,cash withdrawal,2869.64,CAD
CA00021214,2025-03-12,BR017,TLR-1907,C500779,cash withdrawal,1542.88,CAD
CA00023461,2025-03-10,BR030,TLR-7027,C500493,cash deposit,1895.09,CAD
CA00020555,2025-03-30,BR015,TLR-4205,C503731,cash deposit,562.64,CAD
CA00019825,2025-03-31,BR010,TLR-8026,C501516,cash withdrawal,682.03,CAD
CA00025850,2025-03-15,BR040,TLR-7964,C503637,cash deposit,1610.6,CAD
CA00021073,2025-03-14,BR017,TLR-5098,C503177,cash deposit,425.35,CAD
CA00019984,2025-03-25,BR012,TLR-6017,C503366,cash deposit,728.48,CAD
CA00018548,2025-03-10,BR004,TLR-8884,C500487,cash deposit,2162.68,CAD
CA00025260,2025-03-25,BR038,TLR-6093,C502827,cash deposit,718.79,CAD
CA00025756,2025-03-01,BR040,TLR-9812,C502569,cash deposit,730.8,CAD
CA00025427,2025-03-12,BR038,TLR-5679,C502641,cash deposit,488.15,CAD
CA00021247,2025-03-11,BR018,TLR-4842,C503812,cash deposit,3755.23,CAD
CA00021768,2025-03-19,BR020,TLR-8151,C503026,cash withdrawal,542.81,USD
CA00019316,2025-03-12,BR008,TLR-9191,C501975,cash deposit,1060.42,CAD
CA00018671,2025-03-20,BR004,TLR-6483,C501292,cash withdrawal,262.46,CAD
CA00025526,2025-03-17,BR039,TLR-1420,C501512,cash deposit,1413.33,CAD
CA00018014,2025-03-22,BR001,TLR-6009,C503994,cash withdrawal,1852.22,CAD
CA00020429,2025-03-06,BR014,TLR-7109,C500211,cash withdrawal,1084.12,CAD
CA00022675,2025-03-02,BR026,TLR-3558,C502399,cash withdrawal,-1211.0,CAD
CA00018918,2025-03-16,BR006,TLR-4436,C503911,cash deposit,406.54,CAD
CA00023539,2025-03-29,BR030,TLR-1168,C500265,cash deposit,898.61,CAD
CA00023299,2025-03-19,BR029,TLR-2578,C500298,cash withdrawal,1971.9,CAD
CA00018282,2025-03-17,BR003,TLR-6347,C503667,cash withdrawal,1317.85,CAD
CA00020205,2025-03-01,BR013,TLR-3463,C503555,cash deposit,1245.62,CAD
CA00020982,2025-03-02,BR017,TLR-2664,C500801,cash deposit,1795.88,CAD
CA00020933,2025-03-10,BR016,TLR-7834,C500674,cash withdrawal,1588.85,CAD
CA00026064,2025-03-24,BR040,TLR-7444,C501791,cash withdrawal,278.75,CAD
CA00019175,2025-03-20,BR007,TLR-6856,C503903,cash withdrawal,669.06,CAD
CA00021206,2025-03-15,BR017,TLR-4052,C501444,cash withdrawal,468.96,CAD
CA00026550,2025-03-08,BR040,TLR-1298,C500978,cash deposit,420.67,CAD
CA00023093,2025-03-17,BR027,TLR-9951,C502856,cash withdrawal,9573.85,CAD
CA00020510,2025-03-28,BR014,TLR-9139,C503918,cash withdrawal,1401.07,CAD
CA00018029,2025-03-07,BR002,TLR-1247,C500870,cash deposit,1180.96,CAD
CA00024581,2025-03-05,BR035,TLR-7688,C502938,cash withdrawal,204.18,CAD
CA00026520,2025-03-21,BR040,TLR-3469,C500429,cash withdrawal,1509.07,CAD
CA00020343,2025-03-07,BR014,TLR-9127,C502520,cash deposit,812.09,CAD
CA00017753,2025-03-02,BR001,TLR-4408,C501720,cash withdrawal,676.15,CAD
CA00022464,2025-03-27,BR025,TLR-9138,C501490,cash withdrawal,-728.26,CAD
CA00025719,2025-03-23,BR040,TLR-8497,C502145,cash deposit,4474.61,CAD
CA00020271,2025-03-23,BR013,TLR-7280,C500451,cash deposit,701.43,CAD
CA00018604,2025-03-05,BR004,TLR-6439,C500057,cash withdrawal,1110.5,CAD
CA00019777,2025-03-20,BR010,TLR-1100,C502676,cash withdrawal,3439.19,CAD
CA00020461,2025-03-21,BR014,TLR-2815,C502629,cash withdrawal,1491.85,CAD
CA00024288,2025-03-08,BR034,TLR-9946,C500799,cash withdrawal,472.96,CAD
CA00021523,2025-03-26,BR019,TLR-5119,C502535,cash deposit,1937.33,CAD
CA00021980,2025-03-03,BR022,TLR-8742,C501643,cash deposit,880.73,CAD
CA00025534,2025-03-29,BR039,TLR-7086,C503978,cash deposit,949.54,CAD
CA00026485,2025-03-04,BR040,TLR-1103,C500023,cash withdrawal,2206.92,CAD
CA00019928,2025-03-25,BR011,TLR-8135,C503739,cash deposit,582.43,CAD
CA00021540,2025-03-17,BR019,TLR-6584,C500735,cash withdrawal,1295.94,CAD
CA00022275,2025-03-15,BR024,TLR-4108,C501286,cash deposit,1175.91,CAD
CA00024193,2025-03-17,BR033,TLR-5791,C502463,cash withdrawal,673.93,CAD
CA00023180,2025-03-18,BR028,TLR-7026,C501258,cash withdrawal,901.82,CAD
CA00019951,2025-03-25,BR012,TLR-5850,C500397,cash withdrawal,1603.65,CAD
CA00020174,2025-03-10,BR012,TLR-8551,C503156,cash deposit,1184.04,CAD
CA00023856,2025-03-09,BR031,TLR-7203,C501822,cash deposit,838.07,CAD
CA00025922,2025-03-15,BR040,TLR-1734,C501583,cash withdrawal,1678.37,CAD
CA00018253,2025-03-10,BR003,TLR-2084,C502669,cash withdrawal,621.04,CAD
CA00021061,2025-03-30,BR017,TLR-8771,C501148,cash withdrawal,1922.9,CAD
CA00023171,2025-03-31,BR028,TLR-6002,C502985,cash withdrawal,1868.6,CAD
CA00025801,2025-03-15,BR040,TLR-5104,C501814,cash withdrawal,618.12,CAD
CA00022174,2025-03-26,BR024,TLR-6568,C501761,cash withdrawal,601.04,CAD
CA00018333,2025-03-24,BR003,TLR-4709,C503106,cash withdrawal,2192.1,CAD
CA00025493,2025-03-21,BR039,TLR-4823,C501938,cash withdrawal,1594.91,CAD
CA00025607,2025-03-06,BR039,TLR-9362,C502482,cash withdrawal,762.46,CAD
CA00022607,2025-03-08,BR025,TLR-9338,C502702,cash deposit,563.52,CAD
CA00024951,2025-03-07,BR036,TLR-4050,C502834,cash deposit,2540.8,CAD
CA00023230,2025-03-14,BR028,TLR-2151,C502003,cash withdrawal,1734.29,CAD
CA00022752,2025-03-01,BR026,TLR-2244,C503401,cash withdrawal,-933.55,CAD
CA00023922,2025-03-14,BR031,TLR-9118,C502936,cash withdrawal,1657.81,CAD
CA00024276,2025-03-24,BR034,TLR-4887,C502581,cash deposit,3568.23,CAD
CA00023340,2025-03-25,BR029,TLR-6082,C501744,cash withdrawal,1247.67,CAD
CA00017897,2025-03-26,BR001,TLR-8627,C501526,cash deposit,1015.08,CAD
CA00022533,2025-03-19,BR025,TLR-9549,C502257,cash withdrawal,-2788.45,CAD
CA00021565,2025-03-23,BR019,TLR-5797,C503038,cash deposit,247.07,CAD
CA00025012,2025-03-13,BR037,TLR-2369,C500847,cash deposit,2239.97,CAD
CA00018419,2025-03-01,BR003,TLR-9828,C503283,cash withdrawal,365.36,CAD
CA00024410,2025-03-27,BR035,TLR-7326,C500069,cash deposit,1575.1,CAD
CA00020796,2025-03-14,BR016,TLR-9662,C503505,cash deposit,1017.67,CAD
CA00022114,2025-03-08,BR023,TLR-8444,C503836,cash withdrawal,836.79,CAD
CA00023407,2025-03-30,BR030,TLR-9829,C500445,cash deposit,1737.07,CAD
CA00020669,2025-03-20,BR015,TLR-1039,C503224,cash deposit,2693.82,CAD
CA00025172,2025-03-29,BR037,TLR-7592,C500442,cash deposit,416.39,CAD
CA00021485,2025-03-25,BR019,TLR-2017,C503800,cash deposit,693.72,CAD
CA00025950,2025-03-30,BR040,TLR-5331,C503009,cash withdrawal,466.94,CAD
CA00018095,2025-03-05,BR002,TLR-2898,C502526,cash withdrawal,-2994.11,CAD
CA00026354,2025-03-20,BR040,TLR-6362,C502509,cash deposit,1632.67,CAD
CA00021721,2025-03-22,BR020,TLR-2176,C503575,cash withdrawal,255.69,USD
CA00023223,2025-03-26,BR028,TLR-2413,C502609,cash deposit,619.42,CAD
CA00022579,2025-03-02,BR025,TLR-5560,C500012,cash deposit,1223.5,CAD
CA00026286,2025-03-21,BR040,TLR-2059,C503096,cash deposit,433.94,CAD
CA00020602,2025-03-29,BR015,TLR-2246,C500274,cash withdrawal,619.44,CAD
CA00017886,2025-03-25,BR001,TLR-6204,C500349,cash withdrawal,1149.11,CAD
CA00018959,2025-03-10,BR006,TLR-2668,C503528,cash deposit,3070.86,CAD
CA00025997,2025-03-19,BR040,TLR-5525,C500880,cash deposit,852.27,CAD
CA00026278,2025-03-17,BR040,TLR-4044,C500998,cash withdrawal,659.2,CAD
CA00021793,2025-03-21,BR021,TLR-6418,C501404,cash deposit,770.8,CAD
CA00018545,2025-03-20,BR004,TLR-2925,C503546,cash deposit,1697.58,CAD
CA00021000,2025-03-03,BR017,TLR-3878,C501270,cash deposit,1010.47,CAD
CA00024673,2025-03-07,BR036,TLR-9875,C503385,cash withdrawal,1742.19,CAD
CA00020291,2025-03-16,BR014,TLR-5684,C500084,cash withdrawal,1120.54,CAD
CA00020815,2025-03-18,BR016,TLR-9854,C501235,cash withdrawal,837.08,CAD
CA00020104,2025-03-15,BR012,TLR-2104,C502839,cash withdrawal,663.05,CAD
CA00026560,2025-03-07,BR040,TLR-8516,C500102,cash deposit,2897.68,CAD
CA00019919,2025-03-27,BR011,TLR-4441,C501110,cash deposit,3844.25,CAD
CA00023328,2025-03-08,BR029,TLR-7196,C500542,cash withdrawal,294.45,CAD
CA00020926,2025-03-16,BR016,TLR-2886,C503894,cash deposit,1390.82,CAD
CA00021444,2025-03-15,BR019,TLR-7326,C500260,cash withdrawal,253.45,CAD
CA00025165,2025-03-04,BR037,TLR-6106,C502143,cash deposit,1728.43,CAD
CA00018761,2025-03-10,BR005,TLR-9429,C502965,cash deposit,848.73,CAD
CA00021869,2025-03-11,BR021,TLR-4193,C502710,cash deposit,3531.01,CAD
CA00023183,2025-03-16,BR028,TLR-2882,C500719,cash deposit,978.65,CAD
CA00018172,2025-03-24,BR002,TLR-1873,C500969,cash deposit,4506.24,CAD
CA00023591,2025-03-24,BR030,TLR-1923,C500140,cash deposit,898.87,CAD
CA00019500,2025-03-25,BR008,TLR-2458,C502609,cash withdrawal,1365.54,CAD
CA00024683,2025-03-27,BR036,TLR-9037,C502698,cash withdrawal,850.41,CAD
CA00019973,2025-03-09,BR012,TLR-3036,C500560,cash withdrawal,837.2,CAD
CA00024747,2025-03-17,BR036,TLR-4914,C500640,cash deposit,880.2,CAD
CA00021149,2025-03-25,BR017,TLR-2397,C500782,cash withdrawal,677.12,CAD
CA00020484,2025-03-19,BR014,TLR-7486,C500726,cash withdrawal,1170.9,CAD
CA00018478,2025-03-01,BR004,TLR-2796,C502155,cash withdrawal,866.96,CAD
CA00025267,2025-03-25,BR038,TLR-7037,C502390,cash withdrawal,1312.8,CAD
CA00019863,2025-03-22,BR010,TLR-2666,C501987,cash deposit,1044.42,CAD
CA00018463,2025-03-24,BR004,TLR-6861,C500894,cash withdrawal,2892.72,CAD
CA00022740,2025-03-08,BR026,TLR-4138,C503155,cash withdrawal,-547.9,CAD
CA00022837,2025-03-29,BR026,TLR-4660,C501680,cash withdrawal,-1160.06,CAD
CA00018747,2025-03-12,BR005,TLR-2755,C503146,cash withdrawal,737.88,CAD
CA00023145,2025-03-23,BR028,TLR-9507,C501670,cash deposit,763.99,CAD
CA00024947,2025-03-07,BR036,TLR-1489,C500088,cash withdrawal,2091.95,CAD
CA00019026,2025-03-21,BR006,TLR-4978,C500084,cash deposit,1450.36,CAD
CA00020525,2025-03-04,BR015,TLR-6781,C503616,cash deposit,1447.49,CAD
CA00018226,2025-03-02,BR002,TLR-3870,C503747,cash deposit,224.12,CAD
CA00019151,2025-03-08,BR007,TLR-5322,C500167,cash deposit,680.97,CAD
CA00024760,2025-03-22,BR036,TLR-9106,C500367,cash withdrawal,1157.37,CAD
CA00026301,2025-03-06,BR040,TLR-4645,C503993,cash withdrawal,954.04,CAD
CA00018700,2025-03-28,BR004,TLR-5805,C502447,cash deposit,3509.95,CAD
CA00020209,2025-03-03,BR013,TLR-4839,C500330,cash withdrawal,2310.4,CAD
CA00024996,2025-03-21,BR037,TLR-8009,C500817,cash deposit,644.55,CAD
CA00018850,2025-03-29,BR006,TLR-9962,C500781,cash withdrawal,933.37,CAD
CA00021397,2025-03-05,BR019,TLR-3490,C501790,cash deposit,1026.53,CAD
CA00024485,2025-03-09,BR035,TLR-8235,C502187,cash deposit,413.82,CAD
CA00024931,2025-03-24,BR036,TLR-2654,C501769,cash withdrawal,953.51,CAD
CA00025310,2025-03-23,BR038,TLR-9604,C501786,cash withdrawal,2203.34,CAD
CA00021486,2025-03-31,BR019,TLR-4756,C502654,cash deposit,1258.94,CAD
CA00025212,2025-03-31,BR037,TLR-7287,C500251,cash withdrawal,714.97,CAD
CA00021497,2025-03-20,BR019,TLR-8773,C501753,cash withdrawal,1191.43,CAD
CA00017992,2025-03-14,BR001,TLR-3849,C501968,cash deposit,3617.24,CAD
CA00025936,2025-03-01,BR040,TLR-7431,C501402,cash withdrawal,802.62,CAD
CA00023144,2025-03-17,BR028,TLR-7869,C503391,cash deposit,1319.04,CAD
CA00022156,2025-03-15,BR023,TLR-1556,C501347,cash deposit,1164.4,CAD
CA00023283,2025-03-26,BR029,TLR-3295,C503577,cash deposit,3457.54,CAD
CA00018755,2025-03-02,BR005,TLR-9967,C500797,cash deposit,485.26,CAD
CA00018898,2025-03-17,BR006,TLR-8832,C501129,cash deposit,1175.95,CAD
CA00020558,2025-03-16,BR015,TLR-8003,C502772,cash deposit,3073.99,CAD
CA00023555,2025-03-14,BR030,TLR-5035,C501828,cash deposit,1513.08,CAD
CA00017984,2025-03-20,BR001,TLR-9257,C502903,cash withdrawal,1023.31,CAD
CA00021379,2025-03-16,BR019,TLR-3919,C500025,cash deposit,2448.65,CAD
CA00026321,2025-03-31,BR040,TLR-8996,C503896,cash withdrawal,524.05,CAD
CA00019320,2025-03-03,BR008,TLR-4970,C501588,cash withdrawal,1523.29,CAD
CA00025383,2025-03-24,BR038,TLR-1017,C502020,cash deposit,292.91,CAD
CA00025987,2025-03-24,BR040,TLR-8412,C500992,cash withdrawal,806.4,CAD
CA00019607,2025-03-12,BR009,TLR-3463,C502213,cash deposit,1549.43,CAD
CA00025203,2025-03-06,BR037,TLR-9265,C501964,cash withdrawal,1178.69,CAD
CA00023644,2025-03-28,BR030,TLR-6663,C502142,cash deposit,1044.06,CAD
CA00022992,2025-03-01,BR027,TLR-9945,C502921,cash deposit,892.05,CAD
CA00024756,2025-03-31,BR036,TLR-7887,C500138,cash deposit,654.42,CAD
CA00023473,2025-03-19,BR030,TLR-8671,C503686,cash deposit,1392.65,CAD
CA00023547,2025-03-06,BR030,TLR-3966,C503470,cash withdrawal,3310.0,CAD
CA00022951,2025-03-13,BR027,TLR-9794,C501339,cash deposit,533.37,CAD
CA00018992,2025-03-31,BR006,TLR-3344,C502550,cash withdrawal,1512.83,CAD
CA00021075,2025-03-07,BR017,TLR-2299,C501796,cash deposit,2805.33,CAD
CA00024492,2025-03-20,BR035,TLR-3700,C502665,cash withdrawal,2807.78,CAD
CA00026106,2025-03-06,BR040,TLR-3824,C503172,cash withdrawal,688.52,CAD
CA00019914,2025-03-27,BR011,TLR-2022,C503320,cash deposit,675.41,CAD
CA00022001,2025-03-14,BR022,TLR-6165,C500424,cash deposit,1042.84,CAD
CA00020232,2025-03-26,BR013,TLR-3074,C501067,cash deposit,945.68,CAD
CA00025866,2025-03-25,BR040,TLR-2296,C503787,cash withdrawal,4444.88,CAD
CA00024297,2025-03-10,BR034,TLR-4402,C502564,cash deposit,3745.47,CAD
CA00025507,2025-03-26,BR039,TLR-8694,C502027,cash deposit,1037.92,CAD
CA00018096,2025-03-21,BR002,TLR-9563,C502297,cash deposit,2432.94,CAD
CA00025658,2025-03-16,BR039,TLR-5971,C500590,cash withdrawal,1736.31,CAD
CA00022461,2025-03-26,BR025,TLR-3978,C502330,cash deposit,2141.2,CAD
CA00019587,2025-03-11,BR009,TLR-6467,C500275,cash deposit,893.77,CAD
CA00020560,2025-03-27,BR015,TLR-2234,C503556,cash deposit,7003.89,CAD
CA00023785,2025-03-04,BR031,TLR-1294,C500425,cash withdrawal,1688.67,CAD
CA00021725,2025-03-03,BR020,TLR-2860,C500858,cash deposit,537.89,USD
CA00018445,2025-03-14,BR003,TLR-6171,C501327,cash deposit,1467.65,CAD
CA00023237,2025-03-01,BR028,TLR-8604,C503689,cash withdrawal,475.56,CAD
CA00018909,2025-03-17,BR006,TLR-2669,C503729,cash deposit,449.16,CAD
CA00019336,2025-03-28,BR008,TLR-2885,C502611,cash withdrawal,538.98,CAD
CA00017811,2025-03-31,BR001,TLR-5372,C501143,cash withdrawal,684.57,CAD
CA00022241,2025-03-17,BR024,TLR-4504,C500842,cash deposit,346.58,CAD
CA00021991,2025-03-09,BR022,TLR-1677,C502067,cash deposit,2666.24,CAD
CA00023841,2025-03-29,BR031,TLR-3541,C502561,cash withdrawal,974.36,CAD
CA00020613,2025-03-08,BR015,TLR-8994,C503939,cash withdrawal,334.87,CAD
CA00024307,2025-03-15,BR034,TLR-4574,C502291,cash withdrawal,2735.6,CAD
CA00026532,2025-03-05,BR040,TLR-5607,C503117,cash withdrawal,1366.38,CAD
CA00023921,2025-03-01,BR031,TLR-4444,C502144,cash deposit,1100.98,CAD
CA00022322,2025-03-26,BR024,TLR-6424,C501436,cash deposit,2595.85,CAD
CA00022093,2025-03-04,BR023,TLR-1990,C502670,cash deposit,1470.8,CAD
CA00025309,2025-03-07,BR038,TLR-8070,C500666,cash deposit,548.63,CAD
CA00025240,2025-03-12,BR037,TLR-1188,C503231,cash withdrawal,341.79,CAD
CA00019801,2025-03-11,BR010,TLR-6509,C502862,cash withdrawal,2602.92,CAD
CA00019183,2025-03-15,BR007,TLR-5520,C502283,cash withdrawal,152.87,CAD
CA00022648,2025-03-29,BR026,TLR-8389,C502272,cash withdrawal,-1819.55,CAD
CA00021918,2025-03-19,BR021,TLR-7034,C501769,cash withdrawal,497.42,CAD
CA00026467,2025-03-13,BR040,TLR-2578,C502479,cash deposit,994.48,CAD
CA00020860,2025-03-29,BR016,TLR-7330,C502558,cash deposit,565.15,CAD
CA00026297,2025-03-26,BR040,TLR-7494,C501304,cash deposit,1209.36,CAD
CA00021305,2025-03-27,BR018,TLR-5690,C501692,cash deposit,3084.69,CAD
CA00025045,2025-03-17,BR037,TLR-7031,C502139,cash deposit,1924.78,CAD
CA00021639,2025-03-27,BR020,TLR-1179,C500981,cash deposit,2123.78,USD
CA00021047,2025-03-10,BR017,TLR-7763,C500209,cash withdrawal,254.3,CAD
CA00026540,2025-03-31,BR040,TLR-3118,C500510,cash withdrawal,3276.67,CAD
CA00019342,2025-03-29,BR008,TLR-5507,C500844,cash withdrawal,209.1,CAD
CA00024316,2025-03-14,BR034,TLR-6220,C501844,cash deposit,848.41,CAD
CA00020033,2025-03-13,BR012,TLR-3986,C500536,cash withdrawal,1457.09,CAD
CA00017836,2025-03-17,BR001,TLR-5856,C502416,cash withdrawal,2678.36,CAD
CA00024462,2025-03-31,BR035,TLR-8298,C502540,cash deposit,1564.85,CAD
CA00021864,2025-03-14,BR021,TLR-4119,C503624,cash withdrawal,1499.59,CAD
CA00019541,2025-03-08,BR009,TLR-6782,C503428,cash withdrawal,964.19,CAD
CA00022893,2025-03-11,BR026,TLR-9243,C502544,cash deposit,1082.2,CAD
CA00025808,2025-03-23,BR040,TLR-8093,C501716,cash deposit,703.02,CAD
CA00025138,2025-03-29,BR037,TLR-4460,C501061,cash withdrawal,791.88,CAD
CA00053293,2025-03-07,BR004,TLR-9415,W978662,cash deposit,370.77,CAD
CA00019493,2025-03-06,BR008,TLR-8750,C503056,cash withdrawal,655.31,CAD
CA00021704,2025-03-29,BR020,TLR-3746,C503981,cash withdrawal,771.52,USD
CA00020162,2025-03-18,BR012,TLR-4945,C502993,cash withdrawal,4293.35,CAD
CA00024961,2025-03-19,BR036,TLR-6070,C500806,cash withdrawal,726.1,CAD
CA00024667,2025-03-22,BR036,TLR-8516,C502081,cash withdrawal,1115.44,CAD
CA00020958,2025-03-30,BR017,TLR-7462,C503751,cash withdrawal,961.68,CAD
CA00019703,2025-03-31,BR009,TLR-1821,C501344,cash deposit,1130.93,CAD
CA00020194,2025-03-06,BR013,TLR-8112,C500441,cash deposit,2471.41,CAD
CA00024839,2025-03-27,BR036,TLR-9404,C503912,cash withdrawal,1270.22,CAD
CA00018734,2025-03-04,BR005,TLR-1681,C503730,cash withdrawal,623.93,CAD
CA00024216,2025-03-26,BR033,TLR-9577,C502653,cash deposit,1078.65,CAD
CA00018771,2025-03-13,BR005,TLR-2111,C502090,cash deposit,1032.4,CAD
CA00021921,2025-03-06,BR021,TLR-9520,C503711,cash withdrawal,889.32,CAD
CA00025631,2025-03-18,BR039,TLR-9832,C503537,cash withdrawal,592.93,CAD
CA00019668,2025-03-30,BR009,TLR-7479,C501310,cash deposit,428.4,CAD
CA00018102,2025-03-12,BR002,TLR-2147,C503099,cash deposit,449.79,CAD
CA00024153,2025-03-14,BR033,TLR-5754,C501923,cash withdrawal,733.17,CAD
CA00020240,2025-03-30,BR013,TLR-5459,C502784,cash deposit,849.74,CAD
CA00025692,2025-03-31,BR040,TLR-4004,C502288,cash deposit,1216.53,CAD
CA00025874,2025-03-06,BR040,TLR-9407,C502083,cash withdrawal,1192.63,CAD
CA00020335,2025-03-26,BR014,TLR-4947,C501350,cash deposit,372.01,CAD
CA00022749,2025-03-03,BR026,TLR-1318,C500603,cash deposit,423.36,CAD
CA00022591,2025-03-30,BR025,TLR-2552,C501179,cash withdrawal,-592.25,CAD
CA00024505,2025-03-08,BR035,TLR-1723,C501394,cash deposit,836.58,CAD
CA00023904,2025-03-08,BR031,TLR-5157,C503892,cash deposit,954.96,CAD
CA00022406,2025-03-13,BR024,TLR-2121,C501470,cash withdrawal,586.77,CAD
CA00024977,2025-03-24,BR037,TLR-4209,C500621,cash deposit,2216.15,CAD
CA00025082,2025-03-30,BR037,TLR-5251,C503744,cash deposit,415.36,CAD
CA00026527,2025-03-26,BR040,TLR-5980,C502648,cash deposit,1006.69,CAD
CA00026348,2025-03-01,BR040,TLR-6026,C502100,cash deposit,268.85,CAD
CA00023666,2025-03-21,BR031,TLR-9554,C500557,cash deposit,443.66,CAD
CA00019940,2025-03-20,BR011,TLR-5133,C503738,cash withdrawal,355.42,CAD
CA00025116,2025-03-24,BR037,TLR-1694,C500565,cash deposit,1408.35,CAD
CA00019626,2025-03-26,BR009,TLR-2167,C500335,cash deposit,2253.52,CAD
CA00021256,2025-03-28,BR018,TLR-7859,C500457,cash withdrawal,1610.31,CAD
CA00020112,2025-03-18,BR012,TLR-4357,C500098,cash deposit,1887.48,CAD
CA00024308,2025-03-28,BR034,TLR-1272,C501868,cash deposit,1227.32,CAD
CA00022852,2025-03-06,BR026,TLR-4044,C503371,cash deposit,762.27,CAD
CA00026212,2025-03-27,BR040,TLR-7913,C502290,cash deposit,2968.71,CAD
CA00022997,2025-03-23,BR027,TLR-4167,C503264,cash withdrawal,1240.38,CAD
CA00018391,2025-03-04,BR003,TLR-8703,C501167,cash deposit,2413.73,CAD
CA00025413,2025-03-05,BR038,TLR-2772,C503627,cash withdrawal,1859.55,CAD
CA00024018,2025-03-17,BR032,TLR-1003,C502723,cash deposit,574.11,CAD
CA00019676,2025-03-19,BR009,TLR-3396,C500163,cash withdrawal,1513.01,CAD
CA00024541,2025-03-21,BR035,TLR-4438,C503711,cash deposit,445.15,CAD
CA00025847,2025-03-18,BR040,TLR-3771,C502217,cash deposit,1372.85,CAD
CA00023575,2025-03-15,BR030,TLR-7278,C502200,cash withdrawal,1244.16,CAD
CA00020713,2025-03-23,BR015,TLR-3153,C501988,cash deposit,2927.91,CAD
CA00025225,2025-03-29,BR037,TLR-8788,C501367,cash deposit,807.38,CAD
CA00021427,2025-03-05,BR019,TLR-8322,C503324,cash deposit,1410.57,CAD
CA00024228,2025-03-24,BR033,TLR-6493,C500731,cash deposit,1798.64,CAD
CA00020007,2025-03-28,BR012,TLR-1863,C500937,cash deposit,840.48,CAD
CA00018877,2025-03-05,BR006,TLR-5481,C500462,cash withdrawal,1115.27,CAD
CA00020668,2025-03-06,BR015,TLR-9296,C501471,cash deposit,1148.64,CAD
CA00017803,2025-03-08,BR001,TLR-3385,C500440,cash deposit,1487.2,CAD
CA00025241,2025-03-14,BR037,TLR-2454,C502107,cash deposit,763.67,CAD
CA00021198,2025-03-20,BR017,TLR-1040,C503362,cash deposit,513.31,CAD
CA00025682,2025-03-26,BR040,TLR-5794,C502349,cash deposit,1133.87,CAD
CA00026123,2025-03-25,BR040,TLR-1343,C500587,cash withdrawal,6659.65,CAD
CA00018133,2025-03-10,BR002,TLR-4137,C502157,cash deposit,1033.93,CAD
CA00018917,2025-03-26,BR006,TLR-3740,C501361,cash deposit,2728.9,CAD
CA00025826,2025-03-24,BR040,TLR-2048,C502438,cash deposit,1279.52,CAD
CA00023812,2025-03-07,BR031,TLR-3564,C503264,cash withdrawal,875.76,CAD
CA00020412,2025-03-21,BR014,TLR-8402,C502985,cash withdrawal,2078.18,CAD
CA00022205,2025-03-10,BR024,TLR-8790,C503978,cash deposit,2876.06,CAD
CA00023570,2025-03-08,BR030,TLR-9269,C501777,cash deposit,642.5,CAD
CA00023631,2025-03-05,BR030,TLR-5890,C501599,cash withdrawal,1735.72,CAD
CA00023369,2025-03-21,BR030,TLR-9919,C502606,cash withdrawal,2530.38,CAD
CA00021491,2025-03-21,BR019,TLR-3176,C502967,cash deposit,1270.39,CAD
CA00019916,2025-03-02,BR011,TLR-8381,C501714,cash withdrawal,454.32,CAD
CA00019388,2025-03-27,BR008,TLR-1000,C502804,cash deposit,944.72,CAD
CA00024810,2025-03-07,BR036,TLR-7716,C500618,cash withdrawal,1505.63,CAD
CA00017858,2025-03-06,BR001,TLR-5260,C503309,cash withdrawal,456.63,CAD
CA00025461,2025-03-20,BR038,TLR-7538,C502772,cash withdrawal,1372.47,CAD
CA00021185,2025-03-12,BR017,TLR-2436,C503101,cash withdrawal,532.8,CAD
CA00020913,2025-03-18,BR016,TLR-9595,C501814,cash deposit,2209.18,CAD
CA00018824,2025-03-14,BR006,TLR-3937,C500350,cash withdrawal,826.52,CAD
CA00023701,2025-03-19,BR031,TLR-6384,C501304,cash deposit,1066.82,CAD
CA00020947,2025-03-29,BR016,TLR-8797,C500683,cash withdrawal,521.31,CAD
CA00020013,2025-03-17,BR012,TLR-9762,C503047,cash deposit,1145.19,CAD
CA00023878,2025-03-24,BR031,TLR-1330,C502773,cash deposit,1927.68,CAD
CA00023061,2025-03-25,BR027,TLR-5413,C503210,cash withdrawal,1510.49,CAD
CA00017947,2025-03-07,BR001,TLR-7381,C500767,cash withdrawal,680.17,CAD
CA00022222,2025-03-23,BR024,TLR-4740,C501585,cash deposit,1147.23,CAD
CA00021528,2025-03-05,BR019,TLR-4662,C501305,cash withdrawal,920.91,CAD
CA00021638,2025-03-23,BR020,TLR-1569,C500295,cash withdrawal,188.52,USD
CA00022117,2025-03-22,BR023,TLR-5666,C502753,cash withdrawal,439.56,CAD
CA00021835,2025-03-19,BR021,TLR-4986,C501310,cash withdrawal,423.89,CAD
CA00019189,2025-03-22,BR007,TLR-1912,C500337,cash withdrawal,805.48,CAD
CA00026541,2025-03-20,BR040,TLR-2750,C500024,cash deposit,3060.46,CAD
CA00017745,2025-03-24,BR001,TLR-7967,C503969,cash withdrawal,1350.42,CAD
CA00024648,2025-03-20,BR035,TLR-3985,C502985,cash withdrawal,1281.94,CAD
CA00022118,2025-03-09,BR023,TLR-6240,C500754,cash deposit,253.75,CAD
CA00024699,2025-03-17,BR036,TLR-2631,C500925,cash deposit,220.13,CAD
CA00023224,2025-03-26,BR028,TLR-6335,C503749,cash withdrawal,861.05,CAD
CA00026045,2025-03-18,BR040,TLR-3625,C502844,cash deposit,717.96,CAD
CA00020376,2025-03-08,BR014,TLR-4079,C502299,cash withdrawal,1433.23,CAD
CA00022544,2025-03-29,BR025,TLR-8660,C503479,cash deposit,2205.84,CAD
CA00020051,2025-03-08,BR012,TLR-2752,C503868,cash withdrawal,671.28,CAD
CA00025001,2025-03-07,BR037,TLR-1040,C502684,cash withdrawal,807.48,CAD
CA00023761,2025-03-03,BR031,TLR-3643,C502844,cash withdrawal,916.2,CAD
CA00021171,2025-03-24,BR017,TLR-5776,C501280,cash deposit,430.93,CAD
CA00020222,2025-03-29,BR013,TLR-2224,C502482,cash deposit,857.01,CAD
CA00018094,2025-03-11,BR002,TLR-3401,C502850,cash deposit,1787.18,CAD
CA00021081,2025-03-27,BR017,TLR-5340,C501138,cash withdrawal,2311.09,CAD
CA00021981,2025-03-24,BR022,TLR-3051,C500311,cash deposit,3527.27,CAD
CA00021021,2025-03-11,BR017,TLR-6580,C501621,cash withdrawal,1904.17,CAD
CA00022294,2025-03-28,BR024,TLR-2677,C501721,cash withdrawal,1897.48,CAD
CA00025584,2025-03-06,BR039,TLR-6493,C500237,cash deposit,1626.05,CAD
CA00017818,2025-03-26,BR001,TLR-9931,C502019,cash withdrawal,1074.49,CAD
CA00025812,2025-03-02,BR040,TLR-2635,C502941,cash withdrawal,1080.11,CAD
CA00019306,2025-03-18,BR008,TLR-7401,C503595,cash withdrawal,3056.19,CAD
CA00022204,2025-03-07,BR024,TLR-4240,C502101,cash withdrawal,2032.15,CAD
CA00021563,2025-03-15,BR019,TLR-5796,C503175,cash deposit,3661.99,CAD
CA00018695,2025-03-16,BR004,TLR-5886,C501916,cash withdrawal,1253.12,CAD
CA00025541,2025-03-10,BR039,TLR-6830,C503462,cash deposit,1890.77,CAD
CA00024969,2025-03-04,BR036,TLR-6954,C503416,cash deposit,1101.96,CAD
CA00018174,2025-03-10,BR002,TLR-7165,C502729,cash withdrawal,-573.17,CAD
CA00017723,2025-03-30,BR001,TLR-3688,C500992,cash withdrawal,4216.67,CAD
CA00025470,2025-03-16,BR038,TLR-9045,C502988,cash withdrawal,701.23,CAD
CA00023771,2025-03-25,BR031,TLR-3597,C503873,cash withdrawal,1192.2,CAD
CA00023272,2025-03-27,BR029,TLR-4244,C500121,cash withdrawal,2233.04,CAD
CA00024888,2025-03-15,BR036,TLR-2399,C503350,cash withdrawal,877.58,CAD
CA00018245,2025-03-01,BR003,TLR-6065,C500438,cash deposit,997.94,CAD
CA00025991,2025-03-08,BR040,TLR-1472,C500633,cash deposit,418.1,CAD
CA00022545,2025-03-21,BR025,TLR-6647,C502336,cash deposit,312.54,CAD
CA00020824,2025-03-16,BR016,TLR-8665,C502234,cash deposit,1038.56,CAD
CA00024135,2025-03-03,BR033,TLR-4332,C503881,cash withdrawal,561.33,CAD
CA00019335,2025-03-10,BR008,TLR-8706,C501736,cash deposit,292.07,CAD
CA00026497,2025-03-20,BR040,TLR-2482,C503105,cash deposit,633.98,CAD
CA00023901,2025-03-07,BR031,TLR-3735,C503313,cash deposit,2771.5,CAD
CA00024328,2025-03-31,BR034,TLR-2991,C503354,cash deposit,396.2,CAD
CA00019188,2025-03-01,BR007,TLR-4103,C501079,cash deposit,923.76,CAD
CA00023069,2025-03-27,BR027,TLR-1111,C501220,cash withdrawal,1586.02,CAD
CA00019160,2025-03-18,BR007,TLR-7529,C501556,cash withdrawal,1511.86,CAD
CA00025873,2025-03-28,BR040,TLR-6615,C500649,cash withdrawal,570.05,CAD
CA00022820,2025-03-03,BR026,TLR-6675,C501607,cash withdrawal,-1543.19,CAD
CA00023500,2025-03-06,BR030,TLR-2034,C502742,cash withdrawal,1187.63,CAD
CA00022315,2025-03-09,BR024,TLR-9451,C501402,cash withdrawal,2243.15,CAD
CA00019574,2025-03-03,BR009,TLR-4141,C502520,cash deposit,924.08,CAD
CA00023800,2025-03-28,BR031,TLR-8265,C500074,cash deposit,803.2,CAD
CA00021642,2025-03-18,BR020,TLR-6424,C503431,cash withdrawal,1634.23,USD
CA00022881,2025-03-13,BR026,TLR-9919,C502482,cash deposit,309.75,CAD
CA00025405,2025-03-28,BR038,TLR-8457,C502917,cash withdrawal,631.56,CAD
CA00022959,2025-03-31,BR027,TLR-3223,C503559,cash withdrawal,2238.98,CAD
CA00017940,2025-03-31,BR001,TLR-5114,C502777,cash withdrawal,746.44,CAD
CA00023408,2025-03-28,BR030,TLR-8157,C503145,cash withdrawal,1351.43,CAD
CA00019033,2025-03-15,BR006,TLR-3044,C503656,cash deposit,640.24,CAD
CA00019466,2025-03-14,BR008,TLR-2982,C500426,cash withdrawal,2173.06,CAD
CA00018366,2025-03-30,BR003,TLR-9233,C503741,cash deposit,1341.37,CAD
CA00025096,2025-03-05,BR037,TLR-3554,C501125,cash deposit,100.54,CAD
CA00025720,2025-03-02,BR040,TLR-9340,C500445,cash deposit,1181.61,CAD
CA00019545,2025-03-20,BR009,TLR-4092,C502729,cash withdrawal,540.15,CAD
CA00019474,2025-03-25,BR008,TLR-1235,C502975,cash deposit,356.0,CAD
CA00025892,2025-03-11,BR040,TLR-8713,C501917,cash withdrawal,1123.84,CAD
CA00024546,2025-03-20,BR035,TLR-4070,C502953,cash deposit,3257.79,CAD
CA00023776,2025-03-07,BR031,TLR-6913,C500411,cash withdrawal,1234.04,CAD
CA00022767,2025-03-23,BR026,TLR-8267,C502211,cash withdrawal,-1165.37,CAD
CA00020210,2025-03-07,BR013,TLR-8352,C500177,cash withdrawal,948.78,CAD
CA00021677,2025-03-20,BR020,TLR-2528,C503966,cash deposit,271.7,USD
CA00024803,2025-03-20,BR036,TLR-3384,C503043,cash withdrawal,397.1,CAD
CA00026169,2025-03-07,BR040,TLR-4378,C500891,cash deposit,695.73,CAD
CA00023521,2025-03-30,BR030,TLR-4920,C501558,cash withdrawal,355.7,CAD
CA00018827,2025-03-10,BR006,TLR-7086,C503054,cash withdrawal,3751.53,CAD
CA00021863,2025-03-30,BR021,TLR-7170,C503975,cash deposit,1765.32,CAD
CA00021237,2025-03-26,BR018,TLR-3784,C502347,cash withdrawal,970.09,CAD
CA00025497,2025-03-05,BR039,TLR-8609,C503103,cash withdrawal,875.43,CAD
CA00020386,2025-03-18,BR014,TLR-3316,C501467,cash withdrawal,3079.48,CAD
CA00019546,2025-03-15,BR009,TLR-5874,C501619,cash deposit,2340.84,CAD
CA00025242,2025-03-06,BR037,TLR-8171,C502109,cash withdrawal,981.85,CAD
CA00023583,2025-03-10,BR030,TLR-9083,C503972,cash withdrawal,845.65,CAD
CA00019104,2025-03-23,BR007,TLR-8040,C501306,cash deposit,326.83,CAD
CA00023598,2025-03-09,BR030,TLR-9291,C500147,cash withdrawal,508.88,CAD
CA00022697,2025-03-08,BR026,TLR-4979,C500712,cash deposit,2162.08,CAD
CA00023233,2025-03-11,BR028,TLR-2927,C501833,cash withdrawal,805.8,CAD
CA00020352,2025-03-25,BR014,TLR-9585,C501261,cash deposit,722.91,CAD
CA00023780,2025-03-23,BR031,TLR-7229,C501029,cash withdrawal,2476.37,CAD
CA00026163,2025-03-17,BR040,TLR-9654,C500453,cash deposit,1415.1,CAD
CA00024495,2025-03-18,BR035,TLR-4511,C502746,cash deposit,902.49,CAD
CA00024886,2025-03-15,BR036,TLR-7732,C503792,cash deposit,1054.94,CAD
CA00021335,2025-03-13,BR018,TLR-9226,C501684,cash deposit,2399.1,CAD
CA00019732,2025-03-27,BR010,TLR-4907,C502018,cash deposit,775.63,CAD
CA00023109,2025-03-01,BR028,TLR-4675,C503637,cash deposit,302.8,CAD
CA00018698,2025-03-29,BR004,TLR-9706,C502636,cash withdrawal,1739.63,CAD
CA00023222,2025-03-04,BR028,TLR-5199,C501414,cash withdrawal,634.4,CAD
CA00025622,2025-03-29,BR039,TLR-3110,C503435,cash withdrawal,715.05,CAD
CA00025629,2025-03-23,BR039,TLR-7549,C500387,cash deposit,391.74,CAD
CA00024771,2025-03-28,BR036,TLR-2128,C503876,cash withdrawal,674.26,CAD
CA00025733,2025-03-19,BR040,TLR-5374,C503943,cash withdrawal,403.55,CAD
CA00024049,2025-03-01,BR032,TLR-2042,C500900,cash withdrawal,1037.0,CAD
CA00018058,2025-03-03,BR002,TLR-7747,C503780,cash deposit,1259.62,CAD
CA00023816,2025-03-15,BR031,TLR-3666,C503812,cash deposit,608.1,CAD
CA00022081,2025-03-13,BR023,TLR-6983,C501479,cash deposit,197.45,CAD
CA00024548,2025-03-31,BR035,TLR-5986,C501247,cash withdrawal,1028.85,CAD
CA00023405,2025-03-29,BR030,TLR-4964,C500668,cash withdrawal,468.62,CAD
CA00024717,2025-03-21,BR036,TLR-5173,C503110,cash deposit,291.33,CAD
CA00024168,2025-03-14,BR033,TLR-9540,C500296,cash deposit,352.35,CAD
CA00018270,2025-03-24,BR003,TLR-6290,C503104,cash deposit,995.61,CAD
CA00022904,2025-03-24,BR026,TLR-3090,C503618,cash deposit,628.24,CAD
CA00018832,2025-03-15,BR006,TLR-6244,C502448,cash deposit,3704.92,CAD
CA00022405,2025-03-27,BR024,TLR-5989,C503350,cash withdrawal,812.26,CAD
CA00019036,2025-03-31,BR006,TLR-6372,C503115,cash deposit,1442.59,CAD
CA00024999,2025-03-30,BR037,TLR-7904,C502692,cash deposit,344.23,CAD
CA00024861,2025-03-28,BR036,TLR-6069,C501425,cash withdrawal,544.87,CAD
CA00025685,2025-03-07,BR040,TLR-1470,C502427,cash withdrawal,2289.8,CAD
CA00022887,2025-03-30,BR026,TLR-9093,C501871,cash deposit,1168.01,CAD
CA00026509,2025-03-26,BR040,TLR-8490,C501174,cash withdrawal,843.8,CAD
CA00024114,2025-03-16,BR033,TLR-4433,C503124,cash deposit,3311.42,CAD
CA00025791,2025-03-14,BR040,TLR-8202,C500365,cash deposit,841.98,CAD
CA00026118,2025-03-12,BR040,TLR-9312,C502007,cash deposit,1273.18,CAD
CA00022319,2025-03-10,BR024,TLR-7595,C502188,cash deposit,975.04,CAD
CA00023645,2025-03-04,BR030,TLR-9278,C501201,cash deposit,673.52,CAD
CA00024474,2025-03-31,BR035,TLR-2831,C503745,cash withdrawal,884.08,CAD
CA00019243,2025-03-05,BR007,TLR-1820,C500447,cash withdrawal,1807.46,CAD
CA00019240,2025-03-21,BR007,TLR-1975,C502790,cash deposit,1041.66,CAD
CA00018247,2025-03-28,BR003,TLR-3120,C500157,cash withdrawal,1478.66,CAD
CA00021463,2025-03-04,BR019,TLR-8989,C501197,cash deposit,595.46,CAD
CA00020036,2025-03-19,BR012,TLR-4280,C502807,cash deposit,670.59,CAD
CA00022511,2025-03-25,BR025,TLR-1639,C500323,cash deposit,679.02,CAD
CA00022764,2025-03-19,BR026,TLR-1871,C501638,cash deposit,199.79,CAD
CA00023162,2025-03-28,BR028,TLR-5182,C501326,cash withdrawal,505.4,CAD
CA00023164,2025-03-01,BR028,TLR-5755,C503980,cash deposit,2231.67,CAD
CA00018598,2025-03-27,BR004,TLR-9539,C501194,cash deposit,989.47,CAD
CA00024007,2025-03-24,BR032,TLR-8842,C501071,cash deposit,540.14,CAD
CA00025573,2025-03-27,BR039,TLR-6980,C502358,cash deposit,732.26,CAD
CA00021152,2025-03-24,BR017,TLR-9686,C501967,cash withdrawal,1936.7,CAD
CA00026388,2025-03-12,BR040,TLR-2514,C503150,cash deposit,281.96,CAD
CA00019044,2025-03-11,BR006,TLR-4910,C500532,cash withdrawal,2300.8,CAD
CA00019226,2025-03-24,BR007,TLR-6296,C500455,cash withdrawal,1481.65,CAD
CA00023883,2025-03-15,BR031,TLR-3792,C500466,cash deposit,763.83,CAD
CA00021794,2025-03-10,BR021,TLR-4654,C502777,cash withdrawal,969.63,CAD
CA00026498,2025-03-23,BR040,TLR-6292,C500384,cash withdrawal,464.17,CAD
CA00021291,2025-03-15,BR018,TLR-1694,C500856,cash deposit,752.09,CAD
CA00021514,2025-03-10,BR019,TLR-5022,C503771,cash withdrawal,570.08,CAD
CA00024946,2025-03-09,BR036,TLR-9773,C500246,cash deposit,1148.05,CAD
CA00022660,2025-03-31,BR026,TLR-6023,C502262,cash deposit,688.79,CAD
CA00021420,2025-03-22,BR019,TLR-1829,C502687,cash deposit,1262.39,CAD
CA00024540,2025-03-07,BR035,TLR-3666,C503044,cash withdrawal,922.09,CAD
CA00018778,2025-03-30,BR005,TLR-5813,C502695,cash deposit,1865.49,CAD
CA00020141,2025-03-07,BR012,TLR-6900,C503420,cash withdrawal,2601.96,CAD
CA00025355,2025-03-02,BR038,TLR-7257,C502036,cash withdrawal,556.55,CAD
CA00026392,2025-03-01,BR040,TLR-3499,C501287,cash withdrawal,1429.39,CAD
CA00024580,2025-03-16,BR035,TLR-4747,C501215,cash deposit,355.9,CAD
CA00018352,2025-03-09,BR003,TLR-4233,C500162,cash withdrawal,474.01,CAD
CA00023389,2025-03-21,BR030,TLR-4806,C503659,cash deposit,4570.44,CAD
CA00018482,2025-03-30,BR004,TLR-1545,C502967,cash withdrawal,511.75,CAD
CA00026031,2025-03-25,BR040,TLR-5899,C500007,cash withdrawal,445.97,CAD
CA00021389,2025-03-17,BR019,TLR-2246,C500984,cash withdrawal,1577.33,CAD
CA00025080,2025-03-04,BR037,TLR-4377,C502031,cash deposit,1569.02,CAD
CA00017976,2025-03-12,BR001,TLR-6678,C502797,cash withdrawal,757.92,CAD
CA00023131,2025-03-05,BR028,TLR-8051,C503133,cash deposit,1110.79,CAD
CA00021443,2025-03-31,BR019,TLR-3259,C501667,cash deposit,1290.96,CAD
CA00021004,2025-03-23,BR017,TLR-5939,C502400,cash withdrawal,572.12,CAD
CA00019299,2025-03-26,BR008,TLR-4877,C503521,cash deposit,1528.53,CAD
CA00025224,2025-03-06,BR037,TLR-5591,C500183,cash withdrawal,973.53,CAD
CA00021352,2025-03-26,BR019,TLR-8310,C503355,cash deposit,229.05,CAD
CA00023724,2025-03-02,BR031,TLR-4770,C501017,cash deposit,1114.11,CAD
CA00024733,2025-03-16,BR036,TLR-6677,C502385,cash deposit,2335.91,CAD
CA00024058,2025-03-13,BR032,TLR-8822,C502009,cash deposit,1649.05,CAD
CA00020179,2025-03-23,BR012,TLR-8004,C501380,cash deposit,1054.08,CAD
CA00023836,2025-03-18,BR031,TLR-5949,C503435,cash deposit,2129.1,CAD
CA00022441,2025-03-17,BR024,TLR-7467,C501459,cash withdrawal,3978.86,CAD
CA00020296,2025-03-23,BR014,TLR-6196,C500705,cash deposit,521.4,CAD
CA00018955,2025-03-19,BR006,TLR-8450,C501148,cash deposit,719.7,CAD
CA00017742,2025-03-14,BR001,TLR-9254,C503411,cash deposit,695.35,CAD
CA00019037,2025-03-15,BR006,TLR-1916,C501123,cash withdrawal,587.5,CAD
CA00024159,2025-03-06,BR033,TLR-8820,C500907,cash deposit,1336.66,CAD
CA00026346,2025-03-13,BR040,TLR-7407,C500861,cash deposit,4311.14,CAD
CA00020528,2025-03-24,BR015,TLR-2422,C502803,cash deposit,1131.35,CAD
CA00026465,2025-03-01,BR040,TLR-9714,C502385,cash withdrawal,1218.98,CAD
CA00022704,2025-03-20,BR026,TLR-1070,C501661,cash deposit,563.76,CAD
CA00025611,2025-03-25,BR039,TLR-4979,C501427,cash deposit,1592.47,CAD
CA00021959,2025-03-16,BR022,TLR-9341,C503534,cash withdrawal,1522.96,CAD
CA00019775,2025-03-26,BR010,TLR-4958,C502279,cash deposit,238.46,CAD
CA00021806,2025-03-27,BR021,TLR-2991,C503864,cash withdrawal,1019.28,CAD
CA00019191,2025-03-04,BR007,TLR-8287,C502752,cash withdrawal,702.21,CAD
CA00018475,2025-03-21,BR004,TLR-4905,C501092,cash withdrawal,658.11,CAD
CA00024895,2025-03-06,BR036,TLR-3029,C500982,cash withdrawal,1729.69,CAD
CA00025559,2025-03-17,BR039,TLR-3853,C500604,cash deposit,1848.6,CAD
CA00018458,2025-03-20,BR003,TLR-3771,C503458,cash deposit,571.76,CAD
CA00021232,2025-03-19,BR018,TLR-2761,C503415,cash withdrawal,1870.23,CAD
CA00021589,2025-03-01,BR020,TLR-5865,C501368,cash deposit,331.37,USD
CA00024972,2025-03-02,BR036,TLR-7058,C501035,cash deposit,852.12,CAD
CA00017939,2025-03-10,BR001,TLR-6350,C503833,cash deposit,660.21,CAD
CA00026273,2025-03-03,BR040,TLR-2203,C503890,cash deposit,1339.22,CAD
CA00024820,2025-03-26,BR036,TLR-8327,C503527,cash withdrawal,780.52,CAD
CA00018438,2025-03-09,BR003,TLR-9877,C502983,cash deposit,502.8,CAD
CA00020535,2025-03-08,BR015,TLR-6147,C501990,cash withdrawal,219.54,CAD
CA00021598,2025-03-11,BR020,TLR-5993,C501959,cash deposit,593.79,USD
CA00026006,2025-03-31,BR040,TLR-1605,C500876,cash deposit,504.99,CAD
CA00025522,2025-03-09,BR039,TLR-7284,C501201,cash deposit,680.27,CAD
CA00019089,2025-03-15,BR007,TLR-7160,C501415,cash withdrawal,279.07,CAD
CA00024118,2025-03-29,BR033,TLR-5677,C501249,cash withdrawal,438.21,CAD
CA00026028,2025-03-29,BR040,TLR-3982,C501327,cash deposit,849.53,CAD
CA00022787,2025-03-26,BR026,TLR-8669,C501781,cash withdrawal,-3078.37,CAD
CA00025917,2025-03-02,BR040,TLR-8378,C501594,cash withdrawal,1361.4,CAD
CA00020915,2025-03-23,BR016,TLR-4698,C501727,cash withdrawal,664.72,CAD
CA00022198,2025-03-30,BR024,TLR-4310,C502963,cash withdrawal,1548.71,CAD
CA00025198,2025-03-21,BR037,TLR-2457,C502708,cash withdrawal,593.72,CAD
CA00021462,2025-03-22,BR019,TLR-7292,C500560,cash withdrawal,872.97,CAD
CA00026285,2025-03-30,BR040,TLR-2722,C500128,cash withdrawal,1058.77,CAD
CA00021145,2025-03-20,BR017,TLR-3931,C500854,cash deposit,1219.71,CAD
CA00020391,2025-03-31,BR014,TLR-7789,C503846,cash deposit,321.66,CAD
CA00021229,2025-03-11,BR018,TLR-2205,C503880,cash withdrawal,1299.76,CAD
CA00020211,2025-03-27,BR013,TLR-6082,C502946,cash withdrawal,329.48,CAD
CA00022499,2025-03-10,BR025,TLR-9401,C500120,cash deposit,708.46,CAD
CA00025592,2025-03-31,BR039,TLR-9233,C500929,cash withdrawal,745.12,CAD
CA00020481,2025-03-06,BR014,TLR-9412,C501898,cash deposit,4067.02,CAD
CA00023916,2025-03-04,BR031,TLR-9044,C500457,cash withdrawal,514.81,CAD
CA00021503,2025-03-25,BR019,TLR-4614,C500323,cash withdrawal,259.03,CAD
CA00022122,2025-03-07,BR023,TLR-9174,C500919,cash deposit,715.29,CAD
CA00020040,2025-03-13,BR012,TLR-1783,C502063,cash withdrawal,1369.0,CAD
CA00022522,2025-03-13,BR025,TLR-9006,C502969,cash deposit,756.91,CAD
CA00022407,2025-03-28,BR024,TLR-8799,C500165,cash withdrawal,1531.77,CAD
CA00022860,2025-03-09,BR026,TLR-9548,C502885,cash withdrawal,-1759.02,CAD
CA00018304,2025-03-22,BR003,TLR-6733,C502777,cash withdrawal,184.6,CAD
CA00022365,2025-03-02,BR024,TLR-5227,C502436,cash deposit,1104.57,CAD
CA00020841,2025-03-23,BR016,TLR-3560,C500567,cash withdrawal,1710.77,CAD
CA00025137,2025-03-09,BR037,TLR-4471,C500015,cash deposit,378.17,CAD
CA00022103,2025-03-25,BR023,TLR-6528,C503217,cash withdrawal,4499.46,CAD
CA00023517,2025-03-03,BR030,TLR-1102,C502354,cash withdrawal,836.93,CAD
CA00024649,2025-03-08,BR035,TLR-7671,C501045,cash withdrawal,474.7,CAD
CA00022242,2025-03-04,BR024,TLR-5862,C502770,cash deposit,883.65,CAD
CA00023485,2025-03-22,BR030,TLR-3322,C503887,cash withdrawal,1576.07,CAD
CA00023176,2025-03-12,BR028,TLR-2819,C500532,cash withdrawal,1014.01,CAD
CA00022908,2025-03-12,BR027,TLR-1606,C502104,cash withdrawal,1006.17,CAD
CA00026079,2025-03-20,BR040,TLR-1460,C503487,cash withdrawal,2727.28,CAD
CA00018136,2025-03-06,BR002,TLR-4878,C503614,cash withdrawal,-768.13,CAD
CA00026030,2025-03-11,BR040,TLR-7144,C502008,cash withdrawal,366.8,CAD
CA00023020,2025-03-26,BR027,TLR-7457,C501111,cash withdrawal,607.94,CAD
CA00023141,2025-03-23,BR028,TLR-7657,C501517,cash withdrawal,1837.63,CAD
CA00022324,2025-03-25,BR024,TLR-7396,C501063,cash deposit,2212.3,CAD
CA00019317,2025-03-03,BR008,TLR-6491,C502875,cash withdrawal,799.54,CAD
CA00021461,2025-03-02,BR019,TLR-6070,C500653,cash deposit,1053.33,CAD
CA00021054,2025-03-01,BR017,TLR-8485,C500302,cash deposit,454.67,CAD
CA00019040,2025-03-22,BR006,TLR-6782,C503024,cash withdrawal,619.88,CAD
CA00021851,2025-03-20,BR021,TLR-6816,C501226,cash deposit,1071.9,CAD
CA00025750,2025-03-05,BR040,TLR-4162,C501977,cash deposit,884.4,CAD
CA00018813,2025-03-10,BR006,TLR-7100,C501943,cash withdrawal,470.59,CAD
CA00024501,2025-03-10,BR035,TLR-4795,C500869,cash withdrawal,2713.5,CAD
CA00020586,2025-03-26,BR015,TLR-5071,C501467,cash withdrawal,1221.01,CAD
CA00020131,2025-03-24,BR012,TLR-7093,C501778,cash withdrawal,1979.82,CAD
CA00024257,2025-03-01,BR034,TLR-6571,C503635,cash withdrawal,1055.92,CAD
CA00023465,2025-03-12,BR030,TLR-1961,C500327,cash deposit,587.83,CAD
CA00026029,2025-03-10,BR040,TLR-2954,C502837,cash deposit,890.32,CAD
CA00023902,2025-03-09,BR031,TLR-9386,C502027,cash deposit,490.88,CAD
CA00023049,2025-03-20,BR027,TLR-2981,C502665,cash withdrawal,775.1,CAD
CA00026035,2025-03-20,BR040,TLR-4001,C502046,cash withdrawal,5426.06,CAD
CA00025119,2025-03-23,BR037,TLR-8446,C501114,cash withdrawal,3573.58,CAD
CA00024883,2025-03-23,BR036,TLR-5550,C503274,cash withdrawal,492.94,CAD
CA00023420,2025-03-12,BR030,TLR-7214,C503965,cash deposit,2397.92,CAD
CA00023653,2025-03-22,BR030,TLR-6335,C503030,cash deposit,985.71,CAD
CA00022941,2025-03-26,BR027,TLR-1413,C503532,cash withdrawal,218.91,CAD
CA00019112,2025-03-01,BR007,TLR-3478,C501463,cash deposit,647.14,CAD
CA00024317,2025-03-05,BR034,TLR-6537,C500427,cash withdrawal,615.36,CAD
CA00024870,2025-03-06,BR036,TLR-9732,C502009,cash withdrawal,3361.82,CAD
CA00019739,2025-03-03,BR010,TLR-5112,C502745,cash withdrawal,1361.55,CAD
CA00025437,2025-03-13,BR038,TLR-3769,C500543,cash withdrawal,1757.78,CAD
CA00019588,2025-03-25,BR009,TLR-7732,C500436,cash deposit,716.85,CAD
CA00024231,2025-03-22,BR033,TLR-3507,C502198,cash deposit,2025.88,CAD
CA00025523,2025-03-12,BR039,TLR-5554,C502224,cash deposit,3433.92,CAD
CA00020050,2025-03-13,BR012,TLR-3237,C501467,cash deposit,206.28,CAD
CA00018819,2025-03-24,BR006,TLR-3829,C503179,cash deposit,655.62,CAD
CA00024753,2025-03-30,BR036,TLR-8437,C502792,cash withdrawal,519.78,CAD
CA00020607,2025-03-08,BR015,TLR-5398,C500180,cash deposit,1151.63,CAD
CA00021784,2025-03-16,BR021,TLR-3292,C503071,cash deposit,2556.73,CAD
CA00021754,2025-03-20,BR020,TLR-3448,C502975,cash deposit,216.04,USD
CA00024029,2025-03-18,BR032,TLR-6616,C500476,cash deposit,476.39,CAD
CA00020561,2025-03-21,BR015,TLR-6259,C501239,cash deposit,3913.02,CAD
CA00023646,2025-03-26,BR030,TLR-6706,C500484,cash withdrawal,703.26,CAD
CA00017736,2025-03-28,BR001,TLR-2630,C500641,cash withdrawal,2014.78,CAD
CA00024840,2025-03-02,BR036,TLR-6040,C500462,cash withdrawal,2932.92,CAD
CA00024635,2025-03-13,BR035,TLR-5598,C503012,cash withdrawal,625.04,CAD
CA00023005,2025-03-07,BR027,TLR-4573,C500899,cash withdrawal,535.8,CAD
CA00019263,2025-03-20,BR007,TLR-6960,C501220,cash deposit,933.44,CAD
CA00022652,2025-03-04,BR026,TLR-7433,C503507,cash deposit,602.13,CAD
CA00024035,2025-03-21,BR032,TLR-5249,C502076,cash withdrawal,886.31,CAD
CA00026339,2025-03-28,BR040,TLR-4117,C503544,cash deposit,1682.98,CAD
CA00023788,2025-03-27,BR031,TLR-1310,C502975,cash withdrawal,566.07,CAD
CA00019312,2025-03-02,BR008,TLR-8471,C503711,cash deposit,857.98,CAD
CA00017899,2025-03-02,BR001,TLR-6926,C503346,cash withdrawal,715.52,CAD
CA00025822,2025-03-08,BR040,TLR-5330,C501468,cash deposit,291.72,CAD
CA00024200,2025-03-19,BR033,TLR-4058,C503563,cash deposit,1339.33,CAD
CA00021924,2025-03-27,BR021,TLR-4139,C503049,cash withdrawal,327.15,CAD
CA00018951,2025-03-28,BR006,TLR-8641,C500291,cash deposit,1007.19,CAD
CA00020791,2025-03-23,BR016,TLR-5170,C502502,cash withdrawal,435.47,CAD
CA00020853,2025-03-13,BR016,TLR-8307,C501156,cash withdrawal,1286.67,CAD
CA00020408,2025-03-07,BR014,TLR-7781,C500051,cash withdrawal,2953.19,CAD
CA00025186,2025-03-24,BR037,TLR-6480,C503410,cash withdrawal,653.98,CAD
CA00026193,2025-03-21,BR040,TLR-1619,C500814,cash deposit,552.76,CAD
CA00024960,2025-03-01,BR036,TLR-1987,C503519,cash deposit,1366.94,CAD
CA00020501,2025-03-17,BR014,TLR-7911,C501193,cash withdrawal,1329.21,CAD
CA00024915,2025-03-04,BR036,TLR-1586,C502399,cash withdrawal,1059.5,CAD
CA00019789,2025-03-10,BR010,TLR-8231,C502921,cash deposit,162.57,CAD
CA00019172,2025-03-29,BR007,TLR-7481,C502705,cash withdrawal,1370.94,CAD
CA00020107,2025-03-04,BR012,TLR-9404,C500535,cash withdrawal,1233.1,CAD
CA00022520,2025-03-19,BR025,TLR-1340,C502136,cash deposit,1492.56,CAD
CA00023586,2025-03-09,BR030,TLR-1179,C500644,cash withdrawal,1438.55,CAD
CA00017712,2025-03-20,BR001,TLR-9862,C503797,cash deposit,2426.7,CAD
CA00020259,2025-03-19,BR013,TLR-2963,C503601,cash withdrawal,1936.53,CAD
CA00020215,2025-03-22,BR013,TLR-4013,C503122,cash deposit,1210.97,CAD
CA00019805,2025-03-05,BR010,TLR-9218,C500358,cash deposit,1645.98,CAD
CA00019742,2025-03-07,BR010,TLR-3525,C502523,cash withdrawal,4859.61,CAD
CA00020485,2025-03-04,BR014,TLR-7932,C502557,cash withdrawal,979.03,CAD
CA00019548,2025-03-12,BR009,TLR-7715,C501743,cash withdrawal,867.03,CAD
CA00020606,2025-03-27,BR015,TLR-6312,C503704,cash withdrawal,3774.42,CAD
CA00020578,2025-03-01,BR015,TLR-4214,C501824,cash deposit,248.54,CAD
CA00024641,2025-03-21,BR035,TLR-7371,C500975,cash withdrawal,703.33,CAD
CA00026204,2025-03-02,BR040,TLR-3967,C500525,cash withdrawal,1318.23,CAD
CA00024529,2025-03-17,BR035,TLR-9656,C501644,cash withdrawal,2823.68,CAD
CA00019289,2025-03-08,BR008,TLR-7010,C500805,cash withdrawal,824.28,CAD
CA00017932,2025-03-24,BR001,TLR-6602,C500834,cash deposit,605.29,CAD
CA00023974,2025-03-03,BR032,TLR-1294,C501786,cash deposit,1692.69,CAD
CA00023825,2025-03-31,BR031,TLR-6100,C501273,cash withdrawal,1083.04,CAD
CA00023728,2025-03-03,BR031,TLR-4836,C501721,cash withdrawal,984.49,CAD
CA00019791,2025-03-13,BR010,TLR-4444,C502422,cash withdrawal,970.44,CAD
CA00021192,2025-03-11,BR017,TLR-2801,C503472,cash deposit,446.6,CAD
CA00024333,2025-03-03,BR034,TLR-2669,C501370,cash deposit,1319.25,CAD
CA00020273,2025-03-26,BR014,TLR-7059,C502513,cash withdrawal,1137.75,CAD
CA00024953,2025-03-05,BR036,TLR-6277,C501407,cash deposit,1366.63,CAD
CA00022302,2025-03-13,BR024,TLR-7345,C500846,cash deposit,1238.22,CAD
CA00020953,2025-03-30,BR016,TLR-5381,C501534,cash deposit,1313.23,CAD
CA00022939,2025-03-13,BR027,TLR-2805,C503277,cash deposit,2108.24,CAD
CA00020378,2025-03-23,BR014,TLR-7373,C501506,cash deposit,594.35,CAD
CA00019890,2025-03-13,BR010,TLR-5688,C502019,cash deposit,293.66,CAD
CA00021773,2025-03-04,BR020,TLR-4266,C500817,cash deposit,602.99,USD
CA00026159,2025-03-15,BR040,TLR-6786,C502088,cash deposit,427.82,CAD
CA00022507,2025-03-18,BR025,TLR-1431,C503472,cash withdrawal,-2210.68,CAD
CA00020978,2025-03-14,BR017,TLR-9571,C503049,cash deposit,1321.46,CAD
CA00021900,2025-03-26,BR021,TLR-6358,C501391,cash deposit,2057.24,CAD
CA00022357,2025-03-10,BR024,TLR-2163,C501464,cash withdrawal,841.54,CAD
CA00022504,2025-03-13,BR025,TLR-1064,C503911,cash deposit,2109.93,CAD
CA00026500,2025-03-23,BR040,TLR-9660,C501444,cash deposit,655.04,CAD
CA00018394,2025-03-28,BR003,TLR-8825,C502989,cash withdrawal,2197.65,CAD
CA00022276,2025-03-23,BR024,TLR-2897,C501004,cash deposit,1091.09,CAD
CA00019165,2025-03-30,BR007,TLR-3886,C502848,cash withdrawal,2541.69,CAD
CA00024532,2025-03-20,BR035,TLR-5345,C501558,cash deposit,1010.27,CAD
CA00020842,2025-03-17,BR016,TLR-4504,C501610,cash deposit,3003.28,CAD
CA00022883,2025-03-01,BR026,TLR-9863,C500227,cash deposit,2207.91,CAD
CA00024138,2025-03-22,BR033,TLR-2001,C501711,cash withdrawal,790.96,CAD
CA00022724,2025-03-01,BR026,TLR-7605,C500906,cash deposit,858.29,CAD
CA00020784,2025-03-26,BR016,TLR-7315,C500265,cash deposit,916.05,CAD
CA00018788,2025-03-11,BR005,TLR-7300,C503039,cash withdrawal,1274.63,CAD
CA00020407,2025-03-23,BR014,TLR-5194,C503247,cash deposit,1692.64,CAD
CA00026219,2025-03-05,BR040,TLR-1397,C502890,cash deposit,2247.08,CAD
CA00019221,2025-03-16,BR007,TLR-6898,C501590,cash withdrawal,1917.62,CAD
CA00025813,2025-03-26,BR040,TLR-7974,C501614,cash withdrawal,696.71,CAD
CA00021043,2025-03-04,BR017,TLR-9490,C502361,cash deposit,546.85,CAD
CA00023993,2025-03-02,BR032,TLR-1745,C502269,cash deposit,561.29,CAD
CA00022744,2025-03-20,BR026,TLR-5976,C501879,cash deposit,1180.97,CAD
CA00026242,2025-03-01,BR040,TLR-6528,C502551,cash withdrawal,1674.91,CAD
CA00026482,2025-03-30,BR040,TLR-5410,C502570,cash withdrawal,642.71,CAD
CA00023604,2025-03-24,BR030,TLR-7391,C503022,cash deposit,721.4,CAD
CA00023161,2025-03-15,BR028,TLR-4731,C503494,cash deposit,661.19,CAD
CA00018019,2025-03-15,BR001,TLR-9215,C500898,cash withdrawal,1654.08,CAD
CA00022396,2025-03-31,BR024,TLR-4545,C502159,cash deposit,696.47,CAD
CA00019248,2025-03-08,BR007,TLR-8956,C503043,cash withdrawal,474.67,CAD
CA00026237,2025-03-13,BR040,TLR-4523,C503157,cash withdrawal,184.12,CAD
CA00025944,2025-03-10,BR040,TLR-5156,C500606,cash deposit,2357.1,CAD
CA00023487,2025-03-14,BR030,TLR-6508,C501896,cash withdrawal,992.72,CAD
CA00022878,2025-03-08,BR026,TLR-6048,C502370,cash withdrawal,-1451.85,CAD
CA00024121,2025-03-18,BR033,TLR-9523,C501404,cash withdrawal,668.18,CAD
CA00024251,2025-03-18,BR034,TLR-3862,C501499,cash deposit,722.97,CAD
CA00022235,2025-03-11,BR024,TLR-9897,C500518,cash deposit,888.82,CAD
CA00020380,2025-03-12,BR014,TLR-1536,C503937,cash deposit,2269.75,CAD
CA00023741,2025-03-30,BR031,TLR-7485,C503187,cash withdrawal,167.63,CAD
CA00021211,2025-03-28,BR017,TLR-9543,C502525,cash deposit,225.98,CAD
CA00021541,2025-03-13,BR019,TLR-9211,C502359,cash deposit,5512.21,CAD
CA00024067,2025-03-27,BR032,TLR-3979,C501352,cash withdrawal,1306.67,CAD
CA00023254,2025-03-20,BR029,TLR-7705,C503643,cash deposit,825.24,CAD
CA00023401,2025-03-25,BR030,TLR-1140,C502322,cash deposit,748.05,CAD
CA00021525,2025-03-16,BR019,TLR-5033,C503133,cash withdrawal,380.24,CAD
CA00024866,2025-03-17,BR036,TLR-2716,C502231,cash withdrawal,1033.86,CAD
CA00021824,2025-03-30,BR021,TLR-9765,C500092,cash deposit,1188.7,CAD
CA00021987,2025-03-31,BR022,TLR-4901,C501090,cash deposit,539.23,CAD
CA00020200,2025-03-29,BR013,TLR-3893,C501965,cash deposit,936.26,CAD
CA00022551,2025-03-13,BR025,TLR-7684,C502477,cash deposit,1783.98,CAD
CA00024710,2025-03-16,BR036,TLR-4220,C503869,cash withdrawal,2615.85,CAD
CA00024997,2025-03-26,BR037,TLR-7242,C501059,cash deposit,308.07,CAD
CA00020822,2025-03-04,BR016,TLR-1481,C502325,cash deposit,731.71,CAD
CA00018920,2025-03-01,BR006,TLR-2645,C501975,cash deposit,356.11,CAD
CA00025059,2025-03-30,BR037,TLR-5724,C501429,cash withdrawal,773.57,CAD
CA00019301,2025-03-26,BR008,TLR-5698,C503121,cash withdrawal,1822.99,CAD
CA00024046,2025-03-26,BR032,TLR-1326,C503467,cash withdrawal,1547.35,CAD
CA00019196,2025-03-23,BR007,TLR-4613,C500465,cash withdrawal,302.86,CAD
CA00024165,2025-03-13,BR033,TLR-5436,C500976,cash deposit,704.87,CAD
CA00018855,2025-03-02,BR006,TLR-9402,C502974,cash deposit,477.55,CAD
CA00022239,2025-03-01,BR024,TLR-4267,C500884,cash deposit,745.97,CAD
CA00020063,2025-03-09,BR012,TLR-2386,C501761,cash withdrawal,408.72,CAD
CA00020584,2025-03-09,BR015,TLR-7609,C502276,cash deposit,605.56,CAD
CA00025652,2025-03-10,BR039,TLR-9874,C503607,cash withdrawal,1974.7,CAD
CA00026293,2025-03-23,BR040,TLR-4006,C502758,cash withdrawal,558.25,CAD
CA00022558,2025-03-03,BR025,TLR-3030,C503918,cash deposit,1110.58,CAD
CA00026544,2025-03-27,BR040,TLR-3444,C503335,cash deposit,2584.91,CAD
CA00017971,2025-03-02,BR001,TLR-9413,C502847,cash withdrawal,1952.79,CAD
CA00020405,2025-03-26,BR014,TLR-7714,C500781,cash deposit,777.8,CAD
CA00019194,2025-03-30,BR007,TLR-5013,C500605,cash withdrawal,603.03,CAD
CA00025192,2025-03-11,BR037,TLR-5676,C503252,cash withdrawal,764.58,CAD
CA00019619,2025-03-25,BR009,TLR-8128,C500907,cash withdrawal,1560.03,CAD
CA00021836,2025-03-10,BR021,TLR-8631,C500544,cash withdrawal,1768.95,CAD
CA00022149,2025-03-06,BR023,TLR-1288,C503505,cash withdrawal,1042.23,CAD
CA00021874,2025-03-12,BR021,TLR-3488,C501923,cash deposit,1321.12,CAD
CA00019464,2025-03-15,BR008,TLR-3931,C502340,cash deposit,1617.22,CAD
CA00018923,2025-03-15,BR006,TLR-8358,C502804,cash withdrawal,1275.89,CAD
CA00018035,2025-03-09,BR002,TLR-3603,C502226,cash withdrawal,-426.92,CAD
CA00021341,2025-03-08,BR019,TLR-6248,C501155,cash withdrawal,1359.12,CAD
CA00020487,2025-03-08,BR014,TLR-9328,C503951,cash withdrawal,1163.34,CAD
CA00017876,2025-03-20,BR001,TLR-6318,C503023,cash withdrawal,1227.05,CAD
CA00019420,2025-03-19,BR008,TLR-2245,C500625,cash withdrawal,2564.95,CAD
CA00025363,2025-03-14,BR038,TLR-3168,C501077,cash withdrawal,547.09,CAD
CA00024569,2025-03-17,BR035,TLR-2735,C501312,cash withdrawal,334.24,CAD
CA00025128,2025-03-26,BR037,TLR-4885,C500727,cash deposit,429.75,CAD
CA00019648,2025-03-15,BR009,TLR-1296,C501085,cash deposit,356.03,CAD
CA00021737,2025-03-31,BR020,TLR-3183,C502675,cash withdrawal,1051.57,USD
CA00019272,2025-03-01,BR007,TLR-6452,C502125,cash withdrawal,1650.74,CAD
CA00025196,2025-03-04,BR037,TLR-4035,C500713,cash withdrawal,421.25,CAD
CA00021254,2025-03-14,BR018,TLR-2311,C501389,cash withdrawal,382.94,CAD
CA00018694,2025-03-04,BR004,TLR-3436,C502777,cash deposit,754.21,CAD
CA00025463,2025-03-31,BR038,TLR-3082,C502679,cash deposit,759.76,CAD
CA00024404,2025-03-05,BR034,TLR-9260,C503000,cash deposit,374.63,CAD
CA00019631,2025-03-28,BR009,TLR-2776,C502711,cash withdrawal,461.05,CAD
CA00019581,2025-03-14,BR009,TLR-6559,C503233,cash withdrawal,984.82,CAD
CA00018768,2025-03-11,BR005,TLR-3421,C503202,cash deposit,1944.12,CAD
CA00026502,2025-03-04,BR040,TLR-1592,C500796,cash withdrawal,1071.69,CAD
CA00024633,2025-03-05,BR035,TLR-9817,C503205,cash withdrawal,1104.31,CAD
CA00018655,2025-03-23,BR004,TLR-2867,C500926,cash deposit,1034.93,CAD
CA00022334,2025-03-05,BR024,TLR-5969,C503790,cash deposit,1603.99,CAD
CA00020340,2025-03-17,BR014,TLR-3589,C502649,cash withdrawal,140.49,CAD
CA00024366,2025-03-24,BR034,TLR-8401,C503237,cash withdrawal,653.87,CAD
CA00022835,2025-03-27,BR026,TLR-2297,C503378,cash withdrawal,-2577.09,CAD
CA00022226,2025-03-05,BR024,TLR-5720,C502187,cash withdrawal,1917.68,CAD
CA00020516,2025-03-12,BR015,TLR-9804,C500891,cash deposit,3160.59,CAD
CA00020325,2025-03-26,BR014,TLR-2090,C502110,cash withdrawal,2464.27,CAD
CA00022337,2025-03-22,BR024,TLR-8704,C501905,cash withdrawal,1910.71,CAD
CA00024783,2025-03-17,BR036,TLR-8148,C501826,cash deposit,797.26,CAD
CA00023733,2025-03-06,BR031,TLR-3293,C501416,cash deposit,270.03,CAD
CA00025028,2025-03-10,BR037,TLR-9762,C500791,cash withdrawal,274.36,CAD
CA00020706,2025-03-14,BR015,TLR-7810,C503051,cash deposit,643.29,CAD
CA00024622,2025-03-27,BR035,TLR-3388,C503801,cash deposit,5003.05,CAD
CA00020906,2025-03-07,BR016,TLR-1968,C501300,cash withdrawal,726.56,CAD
CA00020389,2025-03-23,BR014,TLR-9039,C502136,cash deposit,470.68,CAD
CA00019536,2025-03-13,BR009,TLR-6645,C500815,cash withdrawal,314.2,CAD
CA00022098,2025-03-10,BR023,TLR-6480,C503228,cash deposit,380.41,CAD
CA00018746,2025-03-11,BR005,TLR-2652,C501818,cash deposit,851.21,CAD
CA00025964,2025-03-26,BR040,TLR-3480,C501962,cash deposit,1163.59,CAD
CA00023068,2025-03-31,BR027,TLR-7043,C501531,cash withdrawal,1009.71,CAD
CA00023640,2025-03-25,BR030,TLR-5813,C500178,cash deposit,929.49,CAD
CA00025840,2025-03-26,BR040,TLR-8859,C500326,cash withdrawal,393.21,CAD
CA00025156,2025-03-12,BR037,TLR-4614,C502477,cash deposit,262.39,CAD
CA00019637,2025-03-16,BR009,TLR-1468,C503063,cash withdrawal,522.99,CAD
CA00025788,2025-03-17,BR040,TLR-2206,C500981,cash withdrawal,776.64,CAD
CA00018805,2025-03-26,BR006,TLR-9156,C501809,cash deposit,288.88,CAD
CA00026567,2025-03-05,BR040,TLR-8883,C501345,cash withdrawal,558.31,CAD
CA00023781,2025-03-28,BR031,TLR-1917,C500510,cash deposit,1625.98,CAD
CA00022371,2025-03-14,BR024,TLR-2283,C500863,cash deposit,315.12,CAD
CA00019696,2025-03-17,BR009,TLR-8113,C500966,cash deposit,432.51,CAD
CA00020811,2025-03-13,BR016,TLR-7840,C500807,cash deposit,659.05,CAD
CA00018426,2025-03-07,BR003,TLR-6823,C500809,cash withdrawal,427.26,CAD
CA00018065,2025-03-21,BR002,TLR-1125,C503923,cash withdrawal,-217.56,CAD
CA00024093,2025-03-23,BR033,TLR-5143,C502592,cash deposit,851.44,CAD
CA00021803,2025-03-02,BR021,TLR-7359,C501298,cash deposit,1112.21,CAD
CA00024724,2025-03-24,BR036,TLR-5117,C500948,cash deposit,886.09,CAD
CA00022578,2025-03-17,BR025,TLR-6390,C501578,cash deposit,2132.22,CAD
CA00022395,2025-03-18,BR024,TLR-2670,C500081,cash deposit,2827.53,CAD
CA00024933,2025-03-06,BR036,TLR-6253,C503018,cash deposit,1255.23,CAD
CA00025400,2025-03-23,BR038,TLR-7486,C503604,cash withdrawal,571.11,CAD
CA00022231,2025-03-20,BR024,TLR-7237,C502993,cash deposit,675.42,CAD
CA00023439,2025-03-30,BR030,TLR-5676,C503232,cash deposit,710.05,CAD
CA00022474,2025-03-13,BR025,TLR-8742,C502736,cash withdrawal,-231.55,CAD
CA00022442,2025-03-19,BR024,TLR-6805,C500419,cash withdrawal,734.87,CAD
CA00024344,2025-03-02,BR034,TLR-5516,C501078,cash deposit,1134.62,CAD
CA00024391,2025-03-16,BR034,TLR-7797,C501650,cash withdrawal,1184.15,CAD
CA00020265,2025-03-18,BR013,TLR-9108,C502267,cash deposit,269.04,CAD
CA00024236,2025-03-09,BR033,TLR-6155,C500634,cash deposit,1123.59,CAD
CA00025362,2025-03-31,BR038,TLR-8764,C503130,cash withdrawal,1700.59,CAD
CA00020652,2025-03-18,BR015,TLR-3694,C501276,cash deposit,477.33,CAD
CA00023538,2025-03-15,BR030,TLR-3758,C503500,cash deposit,1227.02,CAD
CA00018262,2025-03-13,BR003,TLR-7606,C501351,cash withdrawal,1713.23,CAD
CA00025231,2025-03-03,BR037,TLR-7090,C502510,cash withdrawal,960.0,CAD
CA00019154,2025-03-01,BR007,TLR-9209,C500181,cash withdrawal,958.32,CAD
CA00024692,2025-03-27,BR036,TLR-3727,C503937,cash withdrawal,439.37,CAD
CA00023431,2025-03-14,BR030,TLR-1019,C502943,cash deposit,996.49,CAD
CA00021521,2025-03-15,BR019,TLR-6470,C503608,cash deposit,1252.32,CAD
CA00021142,2025-03-17,BR017,TLR-5232,C503325,cash deposit,243.77,CAD
CA00025289,2025-03-20,BR038,TLR-3213,C500643,cash deposit,451.99,CAD
CA00026188,2025-03-06,BR040,TLR-5471,C503764,cash deposit,357.15,CAD
CA00018363,2025-03-06,BR003,TLR-3455,C500312,cash deposit,1099.87,CAD
CA00020521,2025-03-31,BR015,TLR-8336,C500154,cash withdrawal,251.86,CAD
CA00025372,2025-03-10,BR038,TLR-7156,C502657,cash withdrawal,840.71,CAD
CA00018239,2025-03-25,BR003,TLR-8991,C500095,cash deposit,1037.37,CAD
CA00026477,2025-03-02,BR040,TLR-2186,C500249,cash withdrawal,772.92,CAD
CA00026125,2025-03-06,BR040,TLR-7706,C503622,cash deposit,1577.13,CAD
CA00023875,2025-03-05,BR031,TLR-4815,C500733,cash deposit,753.02,CAD
CA00019898,2025-03-16,BR010,TLR-4335,C502807,cash deposit,1743.1,CAD
CA00018575,2025-03-23,BR004,TLR-6826,C502766,cash deposit,543.27,CAD
CA00025086,2025-03-10,BR037,TLR-6843,C501545,cash deposit,1317.8,CAD
CA00025148,2025-03-07,BR037,TLR-1847,C503762,cash withdrawal,1455.45,CAD
CA00026268,2025-03-23,BR040,TLR-2565,C502356,cash withdrawal,2020.04,CAD
CA00022455,2025-03-06,BR025,TLR-4261,C500987,cash withdrawal,-1447.0,CAD
CA00022011,2025-03-14,BR022,TLR-8156,C502359,cash deposit,135.35,CAD
CA00020562,2025-03-26,BR015,TLR-3978,C503020,cash deposit,365.31,CAD
CA00022219,2025-03-01,BR024,TLR-9201,C501283,cash deposit,2136.2,CAD
CA00017993,2025-03-31,BR001,TLR-1674,C500559,cash withdrawal,1946.86,CAD
CA00017985,2025-03-26,BR001,TLR-2866,C503932,cash withdrawal,2271.09,CAD
CA00024958,2025-03-24,BR036,TLR-5560,C503659,cash deposit,910.98,CAD
CA00019986,2025-03-03,BR012,TLR-4022,C503277,cash withdrawal,655.16,CAD
CA00020699,2025-03-16,BR015,TLR-2480,C501052,cash withdrawal,1264.78,CAD
CA00021749,2025-03-10,BR020,TLR-3914,C503084,cash deposit,1144.67,USD
CA00020779,2025-03-22,BR016,TLR-8974,C500334,cash deposit,931.09,CAD
CA00022672,2025-03-14,BR026,TLR-4629,C503042,cash deposit,1390.67,CAD
CA00023356,2025-03-09,BR029,TLR-3610,C503713,cash deposit,437.35,CAD
CA00019383,2025-03-29,BR008,TLR-2383,C501916,cash withdrawal,1445.55,CAD
CA00024152,2025-03-01,BR033,TLR-1412,C502613,cash deposit,798.0,CAD
CA00017978,2025-03-10,BR001,TLR-1488,C502731,cash deposit,685.73,CAD
CA00025296,2025-03-21,BR038,TLR-4869,C502682,cash deposit,1033.3,CAD
CA00022978,2025-03-11,BR027,TLR-5349,C503662,cash deposit,1336.54,CAD
CA00019610,2025-03-07,BR009,TLR-9418,C501337,cash deposit,875.57,CAD
CA00020635,2025-03-05,BR015,TLR-3783,C500803,cash withdrawal,593.18,CAD
CA00020924,2025-03-10,BR016,TLR-5587,C500801,cash deposit,2270.8,CAD
CA00019704,2025-03-15,BR009,TLR-6610,C501207,cash withdrawal,830.88,CAD
CA00022010,2025-03-03,BR022,TLR-3849,C501521,cash deposit,550.23,CAD
CA00023417,2025-03-30,BR030,TLR-7839,C503623,cash withdrawal,1221.34,CAD
CA00020028,2025-03-16,BR012,TLR-3356,C500970,cash withdrawal,238.32,CAD
CA00025020,2025-03-31,BR037,TLR-7717,C503485,cash withdrawal,734.01,CAD
CA00021430,2025-03-10,BR019,TLR-5892,C503543,cash deposit,1239.12,CAD
CA00019394,2025-03-17,BR008,TLR-5171,C500953,cash deposit,1223.83,CAD
CA00023582,2025-03-02,BR030,TLR-6544,C501294,cash withdrawal,1566.52,CAD
CA00022761,2025-03-28,BR026,TLR-7887,C502973,cash withdrawal,-444.64,CAD
CA00023212,2025-03-24,BR028,TLR-9537,C503977,cash withdrawal,860.67,CAD
CA00022079,2025-03-07,BR023,TLR-5419,C502154,cash withdrawal,1092.88,CAD
CA00024596,2025-03-05,BR035,TLR-1264,C502067,cash deposit,1809.51,CAD
CA00018156,2025-03-25,BR002,TLR-6841,C503253,cash withdrawal,-1240.32,CAD
CA00018308,2025-03-13,BR003,TLR-6352,C501278,cash withdrawal,710.19,CAD
CA00022701,2025-03-11,BR026,TLR-9803,C500031,cash deposit,1192.02,CAD
CA00026238,2025-03-21,BR040,TLR-4423,C500344,cash withdrawal,1190.24,CAD
CA00026144,2025-03-16,BR040,TLR-4769,C500293,cash withdrawal,963.38,CAD
CA00019980,2025-03-31,BR012,TLR-3777,C501032,cash deposit,383.51,CAD
CA00022137,2025-03-21,BR023,TLR-8159,C500717,cash deposit,2473.6,CAD
CA00019146,2025-03-13,BR007,TLR-3025,C502382,cash deposit,1284.83,CAD
CA00020330,2025-03-21,BR014,TLR-7016,C502516,cash deposit,1696.39,CAD
CA00021196,2025-03-18,BR017,TLR-5012,C502377,cash deposit,997.19,CAD
CA00018045,2025-03-12,BR002,TLR-7304,C501390,cash withdrawal,-774.13,CAD
CA00019924,2025-03-12,BR011,TLR-2465,C503745,cash deposit,2371.31,CAD
CA00023727,2025-03-15,BR031,TLR-2185,C503066,cash withdrawal,1416.98,CAD
CA00020792,2025-03-05,BR016,TLR-7756,C503068,cash withdrawal,1697.12,CAD
CA00024329,2025-03-26,BR034,TLR-8409,C500506,cash deposit,824.37,CAD
CA00022381,2025-03-17,BR024,TLR-8103,C500831,cash deposit,2100.6,CAD
CA00019773,2025-03-23,BR010,TLR-1536,C500614,cash withdrawal,936.05,CAD
CA00025393,2025-03-03,BR038,TLR-1931,C501352,cash withdrawal,1520.58,CAD
CA00021547,2025-03-13,BR019,TLR-7395,C501853,cash deposit,261.84,CAD
CA00026026,2025-03-12,BR040,TLR-4587,C501384,cash withdrawal,746.98,CAD
CA00025636,2025-03-23,BR039,TLR-4618,C500312,cash deposit,1855.77,CAD
CA00021136,2025-03-09,BR017,TLR-1170,C500846,cash deposit,605.17,CAD
CA00020549,2025-03-29,BR015,TLR-6982,C503906,cash deposit,302.17,CAD
CA00021556,2025-03-18,BR019,TLR-9116,C500753,cash withdrawal,750.41,CAD
CA00019715,2025-03-07,BR009,TLR-6564,C500424,cash withdrawal,1877.37,CAD
CA00023704,2025-03-03,BR031,TLR-3196,C500791,cash deposit,1247.48,CAD
CA00020037,2025-03-19,BR012,TLR-9961,C502826,cash withdrawal,1307.92,CAD
CA00024157,2025-03-17,BR033,TLR-9033,C501480,cash deposit,711.57,CAD
CA00020980,2025-03-06,BR017,TLR-1310,C501571,cash withdrawal,221.47,CAD
CA00020679,2025-03-05,BR015,TLR-5243,C501399,cash deposit,2215.98,CAD
CA00025667,2025-03-28,BR039,TLR-9491,C503039,cash withdrawal,1065.79,CAD
CA00024098,2025-03-09,BR033,TLR-5469,C500648,cash withdrawal,617.45,CAD
CA00018968,2025-03-02,BR006,TLR-4033,C500957,cash withdrawal,1469.63,CAD
CA00022161,2025-03-22,BR024,TLR-3296,C503018,cash deposit,553.26,CAD
CA00022290,2025-03-21,BR024,TLR-3931,C502694,cash deposit,1063.24,CAD
CA00018318,2025-03-20,BR003,TLR-9282,C502450,cash deposit,633.45,CAD
CA00023121,2025-03-20,BR028,TLR-2246,C502962,cash withdrawal,1425.61,CAD
CA00024266,2025-03-19,BR034,TLR-6098,C503310,cash withdrawal,2045.86,CAD
CA00018922,2025-03-26,BR006,TLR-5929,C501232,cash deposit,2588.49,CAD
CA00022965,2025-03-01,BR027,TLR-1126,C500864,cash deposit,572.36,CAD
CA00021852,2025-03-02,BR021,TLR-9825,C502144,cash deposit,472.62,CAD
CA00020888,2025-03-09,BR016,TLR-6339,C503216,cash withdrawal,218.05,CAD
CA00019487,2025-03-17,BR008,TLR-1795,C500111,cash withdrawal,1637.6,CAD
CA00023155,2025-03-13,BR028,TLR-4242,C501126,cash deposit,936.57,CAD
CA00023794,2025-03-02,BR031,TLR-7331,C503141,cash deposit,3102.85,CAD
CA00026141,2025-03-18,BR040,TLR-6615,C500444,cash withdrawal,1971.87,CAD
CA00019147,2025-03-05,BR007,TLR-5390,C503225,cash withdrawal,1240.66,CAD
CA00020760,2025-03-01,BR015,TLR-8266,C503277,cash withdrawal,2670.75,CAD
CA00019177,2025-03-18,BR007,TLR-9990,C503528,cash withdrawal,703.47,CAD
CA00017826,2025-03-21,BR001,TLR-7366,C500717,cash withdrawal,596.95,CAD
CA00020094,2025-03-28,BR012,TLR-8916,C500295,cash withdrawal,1501.35,CAD
CA00024725,2025-03-29,BR036,TLR-1135,C501718,cash deposit,109.96,CAD
CA00022053,2025-03-15,BR023,TLR-7278,C501188,cash deposit,4426.25,CAD
CA00022986,2025-03-03,BR027,TLR-8300,C503884,cash deposit,1378.44,CAD
CA00025973,2025-03-15,BR040,TLR-8489,C501058,cash withdrawal,2299.55,CAD
CA00022955,2025-03-03,BR027,TLR-1432,C500694,cash deposit,2219.3,CAD
CA00025524,2025-03-09,BR039,TLR-1405,C502595,cash withdrawal,3756.17,CAD
CA00023450,2025-03-16,BR030,TLR-7447,C503874,cash deposit,1030.85,CAD
CA00026060,2025-03-11,BR040,TLR-3207,C500029,cash deposit,1788.67,CAD
CA00026081,2025-03-24,BR040,TLR-5658,C502561,cash deposit,630.21,CAD
CA00022786,2025-03-22,BR026,TLR-1426,C502523,cash deposit,994.08,CAD
CA00025647,2025-03-27,BR039,TLR-6200,C503662,cash withdrawal,1253.37,CAD
CA00020301,2025-03-21,BR014,TLR-6582,C501085,cash withdrawal,196.47,CAD
CA00023659,2025-03-22,BR030,TLR-6088,C500401,cash deposit,771.28,CAD
CA00023544,2025-03-28,BR030,TLR-8049,C501016,cash withdrawal,647.53,CAD
CA00018986,2025-03-15,BR006,TLR-9138,C503861,cash deposit,434.14,CAD
CA00025594,2025-03-02,BR039,TLR-3156,C502413,cash withdrawal,765.13,CAD
CA00020092,2025-03-13,BR012,TLR-1228,C501119,cash deposit,1357.16,CAD
CA00022127,2025-03-23,BR023,TLR-7343,C500901,cash deposit,1548.79,CAD
CA00018387,2025-03-30,BR003,TLR-9800,C502151,cash deposit,714.81,CAD
CA00025171,2025-03-14,BR037,TLR-4128,C503484,cash withdrawal,953.92,CAD
CA00025261,2025-03-18,BR038,TLR-6233,C503444,cash withdrawal,1313.06,CAD
CA00019671,2025-03-08,BR009,TLR-6429,C503455,cash deposit,794.96,CAD
CA00023346,2025-03-21,BR029,TLR-7237,C503955,cash deposit,9182.51,CAD
CA00025871,2025-03-24,BR040,TLR-8697,C500161,cash withdrawal,1930.48,CAD
CA00019854,2025-03-27,BR010,TLR-5866,C503569,cash deposit,330.3,CAD
CA00023745,2025-03-05,BR031,TLR-5917,C500749,cash withdrawal,678.8,CAD
CA00018483,2025-03-04,BR004,TLR-8754,C500611,cash deposit,822.55,CAD
CA00023965,2025-03-22,BR032,TLR-3886,C502074,cash withdrawal,3438.81,CAD
CA00024162,2025-03-14,BR033,TLR-8492,C501045,cash withdrawal,582.78,CAD
CA00024863,2025-03-15,BR036,TLR-6256,C503926,cash deposit,812.89,CAD
CA00022658,2025-03-16,BR026,TLR-5062,C503321,cash deposit,689.87,CAD
CA00026090,2025-03-22,BR040,TLR-8189,C501477,cash deposit,1698.89,CAD
CA00025173,2025-03-12,BR037,TLR-7503,C501163,cash withdrawal,6061.26,CAD
CA00020929,2025-03-12,BR016,TLR-7851,C503036,cash withdrawal,415.03,CAD
CA00026483,2025-03-29,BR040,TLR-2443,C500088,cash withdrawal,2858.24,CAD
CA00022788,2025-03-08,BR026,TLR-7236,C500827,cash deposit,652.64,CAD
CA00024585,2025-03-26,BR035,TLR-5851,C502181,cash deposit,583.62,CAD
CA00023480,2025-03-11,BR030,TLR-2343,C502808,cash withdrawal,1589.58,CAD
CA00020498,2025-03-02,BR014,TLR-2332,C500239,cash deposit,879.59,CAD
CA00025262,2025-03-20,BR038,TLR-8470,C500822,cash withdrawal,868.21,CAD
CA00019963,2025-03-31,BR012,TLR-6300,C501499,cash withdrawal,1485.51,CAD
CA00020475,2025-03-29,BR014,TLR-3721,C503321,cash withdrawal,1386.94,CAD
CA00020042,2025-03-03,BR012,TLR-8812,C503482,cash withdrawal,1133.5,CAD
CA00024916,2025-03-12,BR036,TLR-9652,C500723,cash deposit,1522.9,CAD
CA00021062,2025-03-25,BR017,TLR-6605,C500480,cash deposit,1453.2,CAD
CA00021439,2025-03-24,BR019,TLR-8650,C500380,cash deposit,385.67,CAD
CA00019678,2025-03-10,BR009,TLR-8998,C503425,cash withdrawal,744.31,CAD
CA00020988,2025-03-15,BR017,TLR-8702,C501888,cash deposit,669.32,CAD
CA00018306,2025-03-20,BR003,TLR-6047,C501280,cash withdrawal,446.34,CAD
CA00023808,2025-03-06,BR031,TLR-6846,C501893,cash deposit,879.32,CAD
CA00020231,2025-03-25,BR013,TLR-4285,C501031,cash withdrawal,7673.91,CAD
CA00026557,2025-03-04,BR040,TLR-3178,C501845,cash deposit,1438.14,CAD
CA00024769,2025-03-06,BR036,TLR-2832,C502141,cash withdrawal,546.24,CAD
CA00025402,2025-03-25,BR038,TLR-4416,C500976,cash withdrawal,291.55,CAD
CA00021259,2025-03-09,BR018,TLR-5060,C500823,cash withdrawal,732.88,CAD
CA00022650,2025-03-20,BR026,TLR-5497,C502095,cash deposit,4163.71,CAD
CA00019709,2025-03-12,BR009,TLR-8866,C500285,cash withdrawal,937.63,CAD
CA00023779,2025-03-15,BR031,TLR-6074,C501391,cash withdrawal,755.6,CAD
CA00017895,2025-03-28,BR001,TLR-7135,C503922,cash withdrawal,1651.87,CAD
CA00025786,2025-03-05,BR040,TLR-8794,C500064,cash withdrawal,2589.79,CAD
CA00024851,2025-03-08,BR036,TLR-9843,C503700,cash withdrawal,324.22,CAD
CA00022006,2025-03-24,BR022,TLR-7884,C502807,cash deposit,596.33,CAD
CA00023795,2025-03-27,BR031,TLR-7318,C502489,cash withdrawal,703.23,CAD
CA00024478,2025-03-25,BR035,TLR-4515,C502584,cash deposit,750.76,CAD
CA00022400,2025-03-07,BR024,TLR-1337,C500146,cash deposit,416.35,CAD
CA00020093,2025-03-22,BR012,TLR-5022,C503487,cash withdrawal,1313.19,CAD
CA00021554,2025-03-01,BR019,TLR-9321,C503243,cash deposit,1655.13,CAD
CA00019895,2025-03-11,BR010,TLR-4120,C501187,cash deposit,657.73,CAD
CA00024123,2025-03-14,BR033,TLR-4630,C501657,cash withdrawal,1236.99,CAD
CA00020334,2025-03-06,BR014,TLR-1777,C500699,cash deposit,1529.64,CAD
CA00021533,2025-03-05,BR019,TLR-8760,C502767,cash deposit,753.73,CAD
CA00021591,2025-03-28,BR020,TLR-4570,C500058,cash deposit,209.31,USD
CA00021567,2025-03-03,BR019,TLR-6784,C502780,cash deposit,2149.37,CAD
CA00020191,2025-03-21,BR013,TLR-6579,C502257,cash withdrawal,910.25,CAD
CA00020550,2025-03-31,BR015,TLR-5674,C501815,cash withdrawal,767.39,CAD
CA00020474,2025-03-19,BR014,TLR-2288,C500947,cash deposit,2325.18,CAD
CA00018337,2025-03-02,BR003,TLR-8740,C501686,cash deposit,1779.65,CAD
CA00023202,2025-03-25,BR028,TLR-3750,C500543,cash withdrawal,793.65,CAD
CA00024518,2025-03-15,BR035,TLR-6287,C502165,cash withdrawal,375.95,CAD
CA00022359,2025-03-28,BR024,TLR-3468,C500945,cash deposit,546.74,CAD
CA00018984,2025-03-24,BR006,TLR-1325,C500373,cash withdrawal,1965.53,CAD
CA00024188,2025-03-25,BR033,TLR-7464,C502565,cash withdrawal,360.33,CAD
CA00019268,2025-03-30,BR007,TLR-1503,C500272,cash deposit,145.64,CAD
CA00020497,2025-03-26,BR014,TLR-8792,C501615,cash deposit,805.92,CAD
CA00018765,2025-03-17,BR005,TLR-1919,C501077,cash deposit,1135.46,CAD
CA00026027,2025-03-31,BR040,TLR-3648,C502828,cash withdrawal,1071.11,CAD
CA00020902,2025-03-25,BR016,TLR-3922,C501938,cash deposit,743.41,CAD
CA00018024,2025-03-28,BR002,TLR-9572,C502796,cash withdrawal,-1315.4,CAD
CA00017990,2025-03-03,BR001,TLR-1234,C501473,cash withdrawal,2703.09,CAD
CA00023215,2025-03-30,BR028,TLR-6516,C502799,cash withdrawal,827.02,CAD
CA00020173,2025-03-10,BR012,TLR-2740,C500007,cash deposit,582.52,CAD
CA00026109,2025-03-06,BR040,TLR-4153,C500359,cash deposit,556.7,CAD
CA00020238,2025-03-11,BR013,TLR-5829,C503289,cash withdrawal,1644.27,CAD
CA00025672,2025-03-03,BR039,TLR-8060,C501672,cash deposit,267.92,CAD
CA00021328,2025-03-15,BR018,TLR-7260,C502296,cash withdrawal,1849.01,CAD
CA00022088,2025-03-09,BR023,TLR-5657,C502822,cash deposit,1150.05,CAD
CA00019767,2025-03-15,BR010,TLR-7796,C500922,cash deposit,1025.5,CAD
CA00018812,2025-03-19,BR006,TLR-6662,C503604,cash deposit,2447.71,CAD
CA00024572,2025-03-14,BR035,TLR-5970,C502893,cash withdrawal,1323.86,CAD
CA00018829,2025-03-04,BR006,TLR-7782,C501494,cash deposit,359.17,CAD
CA00021180,2025-03-13,BR017,TLR-7556,C500663,cash withdrawal,479.9,CAD
CA00021470,2025-03-19,BR019,TLR-5898,C501916,cash withdrawal,2242.17,CAD
CA00024912,2025-03-21,BR036,TLR-2832,C502427,cash withdrawal,1436.11,CAD
CA00019643,2025-03-23,BR009,TLR-4793,C503068,cash deposit,1270.26,CAD
CA00019555,2025-03-24,BR009,TLR-6641,C501807,cash withdrawal,1089.29,CAD
CA00022719,2025-03-04,BR026,TLR-1597,C503973,cash withdrawal,-817.29,CAD
CA00023406,2025-03-18,BR030,TLR-8476,C503472,cash withdrawal,1702.64,CAD
CA00022586,2025-03-06,BR025,TLR-8760,C500122,cash deposit,1423.9,CAD
CA00021053,2025-03-18,BR017,TLR-7898,C501139,cash deposit,3211.88,CAD
CA00025485,2025-03-12,BR039,TLR-9389,C503813,cash deposit,1161.96,CAD
CA00018071,2025-03-05,BR002,TLR-4259,C501463,cash deposit,756.69,CAD
CA00021649,2025-03-16,BR020,TLR-6707,C503580,cash deposit,723.4,USD
CA00021170,2025-03-24,BR017,TLR-7763,C503672,cash deposit,545.47,CAD
CA00026476,2025-03-07,BR040,TLR-5069,C502786,cash withdrawal,421.44,CAD
CA00023973,2025-03-08,BR032,TLR-7150,C500316,cash deposit,438.14,CAD
CA00024030,2025-03-20,BR032,TLR-9012,C502676,cash withdrawal,1008.81,CAD
CA00017842,2025-03-23,BR001,TLR-2291,C500580,cash deposit,1060.27,CAD
CA00020829,2025-03-11,BR016,TLR-9127,C501800,cash deposit,1575.95,CAD
CA00022669,2025-03-12,BR026,TLR-8495,C503430,cash withdrawal,-1033.93,CAD
CA00017852,2025-03-21,BR001,TLR-9863,C500815,cash deposit,829.17,CAD
CA00023076,2025-03-05,BR027,TLR-2619,C502652,cash withdrawal,2055.38,CAD
CA00018893,2025-03-13,BR006,TLR-7303,C500917,cash withdrawal,1080.36,CAD
CA00023835,2025-03-25,BR031,TLR-9396,C503658,cash deposit,429.53,CAD
CA00020161,2025-03-11,BR012,TLR-6968,C502567,cash deposit,1683.51,CAD
CA00020462,2025-03-06,BR014,TLR-6375,C501111,cash withdrawal,935.27,CAD
CA00023058,2025-03-27,BR027,TLR-4120,C502939,cash withdrawal,2651.13,CAD
CA00021551,2025-03-18,BR019,TLR-6226,C502697,cash deposit,2754.82,CAD
CA00020981,2025-03-09,BR017,TLR-8106,C500745,cash deposit,2180.06,CAD
CA00022009,2025-03-30,BR022,TLR-4709,C501153,cash withdrawal,2706.44,CAD
CA00023736,2025-03-06,BR031,TLR-7524,C502201,cash deposit,649.49,CAD
CA00023208,2025-03-24,BR028,TLR-6120,C503565,cash withdrawal,1891.89,CAD
CA00022064,2025-03-30,BR023,TLR-6320,C500278,cash deposit,320.09,CAD
CA00025132,2025-03-25,BR037,TLR-2877,C503183,cash deposit,6159.95,CAD
CA00020004,2025-03-05,BR012,TLR-3535,C500553,cash withdrawal,3438.25,CAD
CA00022410,2025-03-06,BR024,TLR-3040,C503898,cash deposit,2167.25,CAD
CA00023497,2025-03-20,BR030,TLR-6974,C500523,cash deposit,1132.94,CAD
CA00020882,2025-03-06,BR016,TLR-6723,C500667,cash withdrawal,767.75,CAD
CA00024922,2025-03-19,BR036,TLR-6037,C500391,cash deposit,469.68,CAD
CA00018718,2025-03-08,BR004,TLR-1059,C503909,cash deposit,249.6,CAD
CA00023710,2025-03-13,BR031,TLR-5949,C503935,cash deposit,971.08,CAD
CA00020588,2025-03-25,BR015,TLR-7737,C500903,cash deposit,958.0,CAD
CA00021996,2025-03-21,BR022,TLR-7419,C501058,cash deposit,846.66,CAD
CA00022705,2025-03-08,BR026,TLR-6749,C501436,cash withdrawal,-2029.9,CAD
CA00021788,2025-03-19,BR021,TLR-9626,C501914,cash deposit,2706.95,CAD
CA00024678,2025-03-26,BR036,TLR-2306,C500722,cash deposit,279.63,CAD
CA00024797,2025-03-16,BR036,TLR-5150,C502171,cash deposit,532.2,CAD
CA00023286,2025-03-04,BR029,TLR-5291,C500157,cash withdrawal,794.67,CAD
CA00021934,2025-03-06,BR021,TLR-8648,C502278,cash withdrawal,4138.86,CAD
CA00019082,2025-03-28,BR007,TLR-6685,C503212,cash deposit,475.73,CAD
CA00019185,2025-03-25,BR007,TLR-6517,C503440,cash withdrawal,566.01,CAD
CA00020919,2025-03-01,BR016,TLR-3132,C503711,cash deposit,243.98,CAD
CA00023374,2025-03-06,BR030,TLR-5777,C501476,cash deposit,927.1,CAD
CA00024441,2025-03-15,BR035,TLR-2142,C503450,cash deposit,3268.09,CAD
CA00024681,2025-03-30,BR036,TLR-3297,C502227,cash withdrawal,338.2,CAD
CA00026194,2025-03-08,BR040,TLR-6047,C500321,cash withdrawal,3632.61,CAD
CA00025000,2025-03-30,BR037,TLR-3533,C501831,cash deposit,1056.71,CAD
CA00018586,2025-03-04,BR004,TLR-6961,C501779,cash withdrawal,1624.53,CAD
CA00020641,2025-03-28,BR015,TLR-4325,C501893,cash deposit,1511.47,CAD
CA00026433,2025-03-22,BR040,TLR-8030,C501483,cash withdrawal,1151.7,CAD
CA00018279,2025-03-06,BR003,TLR-2544,C500951,cash deposit,343.32,CAD
CA00021375,2025-03-25,BR019,TLR-6952,C503839,cash deposit,3485.59,CAD
CA00022343,2025-03-22,BR024,TLR-1164,C500092,cash withdrawal,111.99,CAD
CA00022061,2025-03-22,BR023,TLR-2619,C502633,cash deposit,1185.01,CAD
CA00020676,2025-03-19,BR015,TLR-5686,C500800,cash withdrawal,5628.25,CAD
CA00020361,2025-03-16,BR014,TLR-4114,C501453,cash withdrawal,762.42,CAD
CA00018288,2025-03-28,BR003,TLR-8298,C503811,cash deposit,2670.21,CAD
CA00019827,2025-03-26,BR010,TLR-4834,C500590,cash withdrawal,878.5,CAD
CA00020480,2025-03-23,BR014,TLR-8544,C503359,cash deposit,2663.68,CAD
CA00019208,2025-03-29,BR007,TLR-8109,C502955,cash deposit,704.33,CAD
CA00025347,2025-03-12,BR038,TLR-3092,C502514,cash withdrawal,470.29,CAD
CA00021072,2025-03-05,BR017,TLR-4568,C502383,cash deposit,1391.4,CAD
CA00023641,2025-03-24,BR030,TLR-1531,C500906,cash withdrawal,1369.75,CAD
CA00020728,2025-03-27,BR015,TLR-8499,C500382,cash withdrawal,1982.81,CAD
CA00020583,2025-03-27,BR015,TLR-8391,C500450,cash deposit,1604.66,CAD
CA00018313,2025-03-30,BR003,TLR-3960,C501694,cash deposit,1108.74,CAD
CA00026322,2025-03-08,BR040,TLR-5246,C503109,cash withdrawal,1326.43,CAD
CA00022435,2025-03-17,BR024,TLR-7986,C502296,cash deposit,242.19,CAD
CA00023934,2025-03-13,BR032,TLR-2946,C500273,cash withdrawal,365.78,CAD
CA00023078,2025-03-08,BR027,TLR-1720,C502899,cash deposit,359.1,CAD
CA00018882,2025-03-23,BR006,TLR-6948,C500482,cash deposit,337.13,CAD
CA00018580,2025-03-10,BR004,TLR-3206,C501336,cash deposit,1694.06,CAD
CA00023136,2025-03-04,BR028,TLR-3267,C500375,cash deposit,753.23,CAD
CA00020788,2025-03-27,BR016,TLR-3162,C502042,cash deposit,895.63,CAD
CA00022451,2025-03-13,BR025,TLR-9295,C502997,cash withdrawal,-2295.99,CAD
CA00021712,2025-03-04,BR020,TLR-8141,C503019,cash deposit,685.93,USD
CA00024741,2025-03-25,BR036,TLR-5884,C500478,cash withdrawal,968.8,CAD
CA00019319,2025-03-17,BR008,TLR-1615,C501736,cash deposit,751.2,CAD
CA00023804,2025-03-19,BR031,TLR-8658,C500097,cash withdrawal,897.04,CAD
CA00025521,2025-03-07,BR039,TLR-6495,C503721,cash deposit,1406.22,CAD
CA00024766,2025-03-17,BR036,TLR-4891,C502711,cash withdrawal,1207.5,CAD
CA00025367,2025-03-09,BR038,TLR-2322,C503025,cash withdrawal,1851.8,CAD
CA00018859,2025-03-27,BR006,TLR-1304,C502284,cash deposit,351.35,CAD
CA00018928,2025-03-16,BR006,TLR-3618,C502670,cash deposit,1826.11,CAD
CA00022832,2025-03-31,BR026,TLR-9657,C501270,cash deposit,1027.08,CAD
CA00022128,2025-03-01,BR023,TLR-4319,C501328,cash deposit,679.93,CAD
CA00020106,2025-03-02,BR012,TLR-3286,C503226,cash deposit,316.16,CAD
CA00022530,2025-03-31,BR025,TLR-3442,C500316,cash deposit,1308.13,CAD
CA00019853,2025-03-16,BR010,TLR-5419,C501953,cash deposit,1127.91,CAD
CA00024824,2025-03-14,BR036,TLR-8312,C501818,cash deposit,721.83,CAD
CA00021001,2025-03-16,BR017,TLR-4042,C502256,cash withdrawal,567.1,CAD
CA00020524,2025-03-17,BR015,TLR-9033,C503920,cash deposit,1284.33,CAD
CA00019705,2025-03-16,BR009,TLR-1429,C500325,cash withdrawal,471.89,CAD
CA00024715,2025-03-28,BR036,TLR-9813,C503368,cash deposit,347.94,CAD
CA00021447,2025-03-22,BR019,TLR-8620,C500735,cash deposit,1396.61,CAD
CA00024884,2025-03-31,BR036,TLR-6577,C502845,cash deposit,1086.88,CAD
CA00026305,2025-03-21,BR040,TLR-2921,C503149,cash withdrawal,1255.68,CAD
CA00022899,2025-03-09,BR026,TLR-4128,C501356,cash deposit,668.56,CAD
CA00019799,2025-03-12,BR010,TLR-2826,C503333,cash withdrawal,1199.62,CAD
CA00025016,2025-03-14,BR037,TLR-7271,C502897,cash deposit,611.08,CAD
CA00020230,2025-03-25,BR013,TLR-7856,C503562,cash withdrawal,2566.7,CAD
CA00026395,2025-03-15,BR040,TLR-6721,C500040,cash withdrawal,2220.28,CAD
CA00017816,2025-03-15,BR001,TLR-2842,C503519,cash withdrawal,614.58,CAD
CA00026061,2025-03-06,BR040,TLR-9919,C503024,cash deposit,1063.93,CAD
CA00019122,2025-03-07,BR007,TLR-5406,C501196,cash deposit,688.12,CAD
CA00021579,2025-03-09,BR020,TLR-8309,C503075,cash deposit,1032.89,USD
CA00026110,2025-03-12,BR040,TLR-3894,C500027,cash withdrawal,218.69,CAD
CA00020834,2025-03-04,BR016,TLR-9141,C501831,cash deposit,746.8,CAD
CA00026461,2025-03-03,BR040,TLR-1444,C500829,cash withdrawal,2106.77,CAD
CA00019134,2025-03-26,BR007,TLR-8113,C501623,cash withdrawal,701.97,CAD
CA00019310,2025-03-24,BR008,TLR-2711,C503416,cash withdrawal,6430.09,CAD
CA00025170,2025-03-07,BR037,TLR-3584,C500414,cash withdrawal,3523.28,CAD
CA00022206,2025-03-24,BR024,TLR-3659,C500935,cash deposit,836.59,CAD
CA00020491,2025-03-24,BR014,TLR-1930,C502410,cash withdrawal,391.1,CAD
CA00019692,2025-03-08,BR009,TLR-4439,C503203,cash deposit,4110.4,CAD
CA00026435,2025-03-08,BR040,TLR-8018,C503035,cash deposit,1212.2,CAD
CA00022469,2025-03-15,BR025,TLR-5965,C503105,cash deposit,518.62,CAD
CA00024011,2025-03-28,BR032,TLR-9385,C501494,cash withdrawal,543.74,CAD
CA00023452,2025-03-06,BR030,TLR-1615,C500395,cash withdrawal,2559.12,CAD
CA00026398,2025-03-25,BR040,TLR-2172,C501305,cash withdrawal,1450.63,CAD
CA00019362,2025-03-16,BR008,TLR-4481,C501765,cash withdrawal,1512.76,CAD
CA00025190,2025-03-20,BR037,TLR-1092,C502791,cash withdrawal,1054.95,CAD
CA00024936,2025-03-26,BR036,TLR-3552,C501536,cash withdrawal,2342.27,CAD
CA00023626,2025-03-14,BR030,TLR-2364,C501181,cash deposit,1100.18,CAD
CA00026223,2025-03-07,BR040,TLR-6601,C500308,cash deposit,1040.01,CAD
CA00022816,2025-03-25,BR026,TLR-5112,C503055,cash withdrawal,-547.82,CAD
CA00020992,2025-03-30,BR017,TLR-8226,C500994,cash deposit,357.69,CAD
CA00020313,2025-03-28,BR014,TLR-6387,C501526,cash withdrawal,774.04,CAD
CA00023831,2025-03-07,BR031,TLR-4699,C501642,cash deposit,1573.02,CAD
CA00021531,2025-03-31,BR019,TLR-6145,C503022,cash withdrawal,948.8,CAD
CA00022960,2025-03-27,BR027,TLR-5494,C502071,cash deposit,1031.28,CAD
CA00023537,2025-03-14,BR030,TLR-4769,C502197,cash deposit,414.77,CAD
CA00023099,2025-03-09,BR027,TLR-1151,C502256,cash withdrawal,9788.66,CAD
CA00022969,2025-03-07,BR027,TLR-9906,C502784,cash deposit,1590.89,CAD
CA00020800,2025-03-20,BR016,TLR-4369,C503914,cash deposit,1800.06,CAD
CA00018589,2025-03-27,BR004,TLR-3056,C503657,cash withdrawal,595.48,CAD
CA00026173,2025-03-03,BR040,TLR-8909,C501302,cash withdrawal,2172.19,CAD
CA00024594,2025-03-09,BR035,TLR-3799,C501016,cash deposit,728.2,CAD
CA00023432,2025-03-10,BR030,TLR-4610,C503255,cash withdrawal,1633.47,CAD
CA00022203,2025-03-08,BR024,TLR-1630,C500696,cash deposit,1422.68,CAD
CA00020883,2025-03-15,BR016,TLR-1291,C503668,cash deposit,1256.58,CAD
CA00018250,2025-03-01,BR003,TLR-6759,C503981,cash deposit,603.85,CAD
CA00023815,2025-03-11,BR031,TLR-8460,C503632,cash withdrawal,665.36,CAD
CA00023572,2025-03-05,BR030,TLR-7485,C501875,cash withdrawal,3461.2,CAD
CA00053294,2025-03-22,BR034,TLR-5781,W942982,cash deposit,772.17,CAD
CA00021306,2025-03-16,BR018,TLR-6345,C500969,cash deposit,617.38,CAD
CA00018719,2025-03-20,BR004,TLR-5655,C501407,cash withdrawal,693.14,CAD
CA00024980,2025-03-28,BR037,TLR-9694,C501791,cash deposit,1453.97,CAD
CA00021576,2025-03-21,BR019,TLR-8626,C500596,cash withdrawal,1403.96,CAD
CA00022259,2025-03-03,BR024,TLR-5991,C503768,cash withdrawal,3608.19,CAD
CA00020303,2025-03-05,BR014,TLR-1718,C503998,cash deposit,1230.31,CAD
CA00022424,2025-03-24,BR024,TLR-9322,C501176,cash withdrawal,759.54,CAD
CA00018281,2025-03-14,BR003,TLR-1825,C500010,cash deposit,997.76,CAD
CA00025994,2025-03-02,BR040,TLR-9516,C500044,cash withdrawal,278.74,CAD
CA00023518,2025-03-30,BR030,TLR-8881,C503178,cash deposit,2926.41,CAD
CA00026083,2025-03-05,BR040,TLR-5906,C503962,cash deposit,700.06,CAD
CA00018608,2025-03-27,BR004,TLR-2537,C501328,cash withdrawal,734.1,CAD
CA00021382,2025-03-21,BR019,TLR-8078,C501866,cash withdrawal,1711.43,CAD
CA00020043,2025-03-04,BR012,TLR-9449,C501261,cash withdrawal,663.42,CAD
CA00018910,2025-03-09,BR006,TLR-5347,C500250,cash deposit,1057.46,CAD
CA00020991,2025-03-17,BR017,TLR-6896,C503273,cash withdrawal,2697.03,CAD
CA00020529,2025-03-29,BR015,TLR-1633,C502540,cash withdrawal,1339.49,CAD
CA00018167,2025-03-27,BR002,TLR-6510,C500033,cash withdrawal,-4383.92,CAD
CA00025391,2025-03-25,BR038,TLR-7920,C500656,cash withdrawal,707.32,CAD
CA00023421,2025-03-08,BR030,TLR-8330,C503998,cash withdrawal,783.38,CAD
CA00021989,2025-03-31,BR022,TLR-9380,C503785,cash deposit,1808.44,CAD
CA00022130,2025-03-18,BR023,TLR-6911,C501455,cash deposit,3853.46,CAD
CA00022756,2025-03-24,BR026,TLR-8924,C503436,cash deposit,1832.57,CAD
CA00020969,2025-03-26,BR017,TLR-8541,C503022,cash withdrawal,700.36,CAD
CA00019080,2025-03-01,BR007,TLR-8572,C503545,cash deposit,771.67,CAD
CA00025228,2025-03-02,BR037,TLR-4601,C503641,cash deposit,825.09,CAD
CA00019433,2025-03-23,BR008,TLR-7798,C503823,cash withdrawal,1658.2,CAD
CA00020801,2025-03-28,BR016,TLR-4548,C502134,cash withdrawal,655.87,CAD
CA00023708,2025-03-29,BR031,TLR-6137,C501019,cash deposit,739.75,CAD
CA00024528,2025-03-27,BR035,TLR-6897,C502404,cash withdrawal,393.68,CAD
CA00020761,2025-03-03,BR015,TLR-4871,C502679,cash withdrawal,848.26,CAD
CA00018381,2025-03-27,BR003,TLR-3910,C503075,cash withdrawal,845.33,CAD
CA00022799,2025-03-09,BR026,TLR-6415,C503808,cash deposit,1371.75,CAD
CA00022509,2025-03-07,BR025,TLR-2838,C502608,cash deposit,1227.54,CAD
CA00019519,2025-03-25,BR009,TLR-5650,C500485,cash deposit,843.88,CAD
CA00023748,2025-03-31,BR031,TLR-3771,C502061,cash deposit,582.11,CAD
CA00019455,2025-03-26,BR008,TLR-1833,C500941,cash withdrawal,2736.61,CAD
CA00020422,2025-03-17,BR014,TLR-4094,C501864,cash withdrawal,1079.34,CAD
CA00024966,2025-03-10,BR036,TLR-8907,C501357,cash deposit,512.2,CAD
CA00025394,2025-03-04,BR038,TLR-9793,C500604,cash deposit,1126.15,CAD
CA00022950,2025-03-23,BR027,TLR-6176,C501593,cash withdrawal,1004.17,CAD
CA00024932,2025-03-21,BR036,TLR-3851,C501957,cash deposit,248.36,CAD
CA00024838,2025-03-06,BR036,TLR-2332,C502765,cash deposit,655.76,CAD
CA00018070,2025-03-20,BR002,TLR-6611,C502769,cash deposit,267.79,CAD
CA00023163,2025-03-17,BR028,TLR-7723,C502311,cash deposit,745.22,CAD
CA00024283,2025-03-06,BR034,TLR-9834,C503202,cash withdrawal,3161.41,CAD
CA00020870,2025-03-08,BR016,TLR-6435,C501114,cash withdrawal,1234.45,CAD
CA00021215,2025-03-03,BR017,TLR-2689,C501248,cash withdrawal,994.16,CAD
CA00024320,2025-03-01,BR034,TLR-1276,C501054,cash deposit,541.51,CAD
CA00023018,2025-03-09,BR027,TLR-7281,C501672,cash deposit,5863.76,CAD
CA00019232,2025-03-04,BR007,TLR-7036,C502306,cash withdrawal,152.64,CAD
CA00019168,2025-03-10,BR007,TLR-1575,C500273,cash deposit,501.91,CAD
CA00019776,2025-03-04,BR010,TLR-9948,C500480,cash deposit,766.59,CAD
CA00023651,2025-03-28,BR030,TLR-1837,C500045,cash deposit,1067.14,CAD
CA00024151,2025-03-02,BR033,TLR-6914,C502959,cash withdrawal,972.39,CAD
CA00022947,2025-03-21,BR027,TLR-3730,C501531,cash withdrawal,639.7,CAD
CA00023942,2025-03-20,BR032,TLR-1467,C501382,cash deposit,1270.99,CAD
CA00018892,2025-03-08,BR006,TLR-7536,C502279,cash deposit,613.44,CAD
CA00022610,2025-03-25,BR025,TLR-7919,C502719,cash deposit,208.61,CAD
CA00018060,2025-03-12,BR002,TLR-5249,C502941,cash withdrawal,-1667.6,CAD
CA00021938,2025-03-02,BR021,TLR-1225,C500455,cash withdrawal,742.1,CAD
CA00024779,2025-03-04,BR036,TLR-2476,C503415,cash withdrawal,526.82,CAD
CA00024484,2025-03-03,BR035,TLR-8241,C501901,cash withdrawal,1196.36,CAD
CA00022541,2025-03-26,BR025,TLR-6619,C503821,cash deposit,306.42,CAD
CA00025725,2025-03-21,BR040,TLR-2793,C500927,cash withdrawal,941.23,CAD
CA00025575,2025-03-14,BR039,TLR-3502,C503975,cash deposit,1306.16,CAD
CA00053296,2025-03-25,BR040,TLR-2826,W960613,cash withdrawal,471.26,CAD
CA00025773,2025-03-30,BR040,TLR-4048,C501785,cash deposit,1399.96,CAD
CA00022539,2025-03-23,BR025,TLR-8699,C503980,cash withdrawal,-1183.39,CAD
CA00018652,2025-03-25,BR004,TLR-5582,C501422,cash withdrawal,403.53,CAD
CA00026428,2025-03-06,BR040,TLR-2779,C500973,cash withdrawal,923.46,CAD
CA00022282,2025-03-15,BR024,TLR-4391,C501842,cash deposit,1983.43,CAD
CA00019644,2025-03-17,BR009,TLR-2920,C503491,cash deposit,335.72,CAD
CA00024061,2025-03-02,BR032,TLR-7706,C502298,cash withdrawal,731.71,CAD
CA00020839,2025-03-20,BR016,TLR-2624,C503606,cash withdrawal,779.69,CAD
CA00022138,2025-03-12,BR023,TLR-7324,C502768,cash deposit,1194.2,CAD
CA00024230,2025-03-05,BR033,TLR-4890,C503020,cash deposit,416.02,CAD
CA00018787,2025-03-20,BR005,TLR-6978,C503778,cash deposit,1116.44,CAD
CA00018883,2025-03-08,BR006,TLR-7355,C500660,cash deposit,752.68,CAD
CA00019900,2025-03-19,BR011,TLR-7450,C500310,cash withdrawal,10244.83,CAD
CA00018383,2025-03-29,BR003,TLR-4606,C503038,cash deposit,635.49,CAD
CA00020718,2025-03-15,BR015,TLR-7010,C503307,cash deposit,1173.08,CAD
CA00020193,2025-03-15,BR013,TLR-5103,C502338,cash withdrawal,724.78,CAD
CA00018446,2025-03-26,BR003,TLR-3789,C502456,cash withdrawal,788.87,CAD
CA00022574,2025-03-14,BR025,TLR-2920,C502678,cash withdrawal,-1738.27,CAD
CA00023752,2025-03-20,BR031,TLR-5726,C503491,cash deposit,1298.27,CAD
CA00018338,2025-03-18,BR003,TLR-2738,C500041,cash deposit,1745.92,CAD
CA00025587,2025-03-04,BR039,TLR-9784,C503919,cash withdrawal,1199.09,CAD
CA00024748,2025-03-30,BR036,TLR-2477,C503701,cash deposit,1076.5,CAD
CA00023489,2025-03-20,BR030,TLR-6127,C502145,cash deposit,1927.2,CAD
CA00017801,2025-03-11,BR001,TLR-6221,C503277,cash deposit,757.32,CAD
CA00020769,2025-03-10,BR016,TLR-7797,C501946,cash withdrawal,2093.31,CAD
CA00020603,2025-03-02,BR015,TLR-8545,C501627,cash withdrawal,948.1,CAD
CA00024785,2025-03-07,BR036,TLR-8054,C500512,cash withdrawal,1002.39,CAD
CA00021289,2025-03-23,BR018,TLR-3947,C502263,cash deposit,718.62,CAD
CA00025455,2025-03-06,BR038,TLR-2096,C501758,cash deposit,695.91,CAD
CA00025864,2025-03-19,BR040,TLR-6077,C500411,cash deposit,2680.88,CAD
CA00019205,2025-03-18,BR007,TLR-2741,C501417,cash deposit,977.72,CAD
CA00020939,2025-03-13,BR016,TLR-4480,C502299,cash deposit,1102.99,CAD
CA00020180,2025-03-30,BR013,TLR-7492,C501895,cash deposit,388.54,CAD
CA00021962,2025-03-21,BR022,TLR-6539,C501209,cash withdrawal,988.9,CAD
CA00024373,2025-03-23,BR034,TLR-7528,C501100,cash deposit,3397.52,CAD
CA00024339,2025-03-08,BR034,TLR-1008,C501338,cash withdrawal,1324.27,CAD
CA00020893,2025-03-26,BR016,TLR-4263,C501135,cash deposit,311.9,CAD
CA00026260,2025-03-28,BR040,TLR-3985,C502427,cash deposit,530.3,CAD
CA00024514,2025-03-25,BR035,TLR-9216,C501514,cash deposit,724.6,CAD
CA00021125,2025-03-04,BR017,TLR-3831,C502110,cash deposit,1624.86,CAD
CA00026320,2025-03-23,BR040,TLR-6612,C502708,cash deposit,1083.49,CAD
CA00023530,2025-03-31,BR030,TLR-1097,C501066,cash withdrawal,1725.39,CAD
CA00022994,2025-03-29,BR027,TLR-6418,C500694,cash deposit,1049.2,CAD
CA00020866,2025-03-15,BR016,TLR-7829,C500450,cash withdrawal,1665.65,CAD
CA00025194,2025-03-02,BR037,TLR-7627,C502498,cash deposit,383.26,CAD
CA00023705,2025-03-11,BR031,TLR-4687,C501766,cash withdrawal,1169.11,CAD
CA00022314,2025-03-10,BR024,TLR-7004,C502381,cash withdrawal,492.07,CAD
CA00024608,2025-03-01,BR035,TLR-9111,C503599,cash deposit,619.19,CAD
CA00021448,2025-03-28,BR019,TLR-2325,C502380,cash withdrawal,300.89,CAD
CA00023029,2025-03-21,BR027,TLR-7433,C503042,cash deposit,549.84,CAD
CA00026522,2025-03-15,BR040,TLR-2994,C502012,cash deposit,412.94,CAD
CA00021539,2025-03-28,BR019,TLR-6754,C501548,cash deposit,2477.56,CAD
CA00022329,2025-03-13,BR024,TLR-3513,C500543,cash withdrawal,604.07,CAD
CA00018709,2025-03-08,BR004,TLR-4388,C500035,cash deposit,924.48,CAD
CA00018269,2025-03-26,BR003,TLR-2178,C501389,cash withdrawal,618.85,CAD
CA00021937,2025-03-17,BR021,TLR-1317,C501788,cash withdrawal,1692.35,CAD
CA00021809,2025-03-01,BR021,TLR-6407,C502082,cash deposit,492.37,CAD
CA00021126,2025-03-25,BR017,TLR-5702,C500479,cash withdrawal,1948.92,CAD
CA00023307,2025-03-30,BR029,TLR-2101,C503042,cash withdrawal,1141.14,CAD
CA00018852,2025-03-25,BR006,TLR-3572,C500438,cash withdrawal,516.98,CAD
CA00023587,2025-03-19,BR030,TLR-6378,C502002,cash withdrawal,1225.1,CAD
CA00020353,2025-03-28,BR014,TLR-4866,C502193,cash withdrawal,776.14,CAD
CA00025417,2025-03-06,BR038,TLR-6795,C503832,cash deposit,1988.45,CAD
CA00023637,2025-03-29,BR030,TLR-6405,C503076,cash withdrawal,819.06,CAD
CA00020278,2025-03-24,BR014,TLR-9287,C502886,cash withdrawal,1115.0,CAD
CA00020963,2025-03-26,BR017,TLR-4997,C500529,cash withdrawal,1839.69,CAD
CA00018398,2025-03-25,BR003,TLR-4117,C501912,cash withdrawal,2659.97,CAD
CA00025181,2025-03-12,BR037,TLR-1905,C503890,cash withdrawal,383.86,CAD
CA00020160,2025-03-11,BR012,TLR-9334,C503584,cash deposit,434.9,CAD
CA00021812,2025-03-27,BR021,TLR-3757,C502485,cash deposit,1950.46,CAD
CA00023822,2025-03-03,BR031,TLR-4435,C503384,cash deposit,535.25,CAD
CA00019654,2025-03-31,BR009,TLR-7690,C501051,cash withdrawal,575.42,CAD
CA00021253,2025-03-26,BR018,TLR-9539,C503640,cash deposit,1624.54,CAD
CA00026574,2025-03-21,BR040,TLR-6612,C503395,cash withdrawal,193.72,CAD
CA00024171,2025-03-15,BR033,TLR-2898,C500617,cash deposit,489.31,CAD
CA00023067,2025-03-08,BR027,TLR-1240,C501153,cash deposit,321.15,CAD
CA00018317,2025-03-29,BR003,TLR-7164,C500605,cash withdrawal,1227.43,CAD
CA00024358,2025-03-28,BR034,TLR-6282,C501742,cash deposit,3144.04,CAD
CA00026166,2025-03-14,BR040,TLR-1629,C500865,cash withdrawal,328.57,CAD
CA00026117,2025-03-23,BR040,TLR-4812,C502504,cash withdrawal,1529.02,CAD
CA00021783,2025-03-26,BR021,TLR-6597,C500496,cash deposit,426.25,CAD
CA00023873,2025-03-13,BR031,TLR-6698,C502836,cash deposit,531.02,CAD
CA00019245,2025-03-28,BR007,TLR-2706,C500009,cash deposit,166.64,CAD
CA00023256,2025-03-20,BR029,TLR-1251,C502743,cash withdrawal,1167.83,CAD
CA00018849,2025-03-12,BR006,TLR-2929,C501066,cash deposit,2833.67,CAD
CA00022617,2025-03-07,BR025,TLR-7704,C500726,cash withdrawal,-421.77,CAD
CA00026186,2025-03-30,BR040,TLR-4354,C500028,cash deposit,1965.53,CAD
CA00017760,2025-03-04,BR001,TLR-3073,C500559,cash deposit,1013.48,CAD
CA00025117,2025-03-27,BR037,TLR-2447,C501856,cash withdrawal,1358.98,CAD
CA00020331,2025-03-26,BR014,TLR-4855,C502663,cash withdrawal,1274.67,CAD
CA00023897,2025-03-13,BR031,TLR-9235,C501076,cash withdrawal,933.04,CAD
CA00025100,2025-03-11,BR037,TLR-5392,C501057,cash deposit,602.52,CAD
CA00021161,2025-03-30,BR017,TLR-6452,C501828,cash deposit,543.63,CAD
CA00019255,2025-03-12,BR007,TLR-7009,C500256,cash deposit,843.99,CAD
CA00021059,2025-03-21,BR017,TLR-4649,C502115,cash withdrawal,340.59,CAD
CA00019062,2025-03-06,BR007,TLR-7858,C500903,cash deposit,856.13,CAD
CA00024800,2025-03-19,BR036,TLR-7707,C502509,cash deposit,468.2,CAD
CA00022931,2025-03-29,BR027,TLR-6288,C503152,cash deposit,822.63,CAD
CA00025333,2025-03-25,BR038,TLR-5332,C503587,cash deposit,396.08,CAD
CA00022708,2025-03-08,BR026,TLR-7626,C501636,cash deposit,875.94,CAD
CA00018259,2025-03-12,BR003,TLR-2566,C503593,cash withdrawal,842.78,CAD
CA00018251,2025-03-17,BR003,TLR-5333,C502441,cash withdrawal,1614.24,CAD
CA00019796,2025-03-31,BR010,TLR-2252,C503853,cash deposit,2170.2,CAD
CA00024556,2025-03-01,BR035,TLR-5182,C502413,cash deposit,1691.29,CAD
CA00025121,2025-03-19,BR037,TLR-3151,C501683,cash deposit,3184.97,CAD
CA00020345,2025-03-15,BR014,TLR-9607,C500960,cash deposit,3429.69,CAD
CA00018538,2025-03-23,BR004,TLR-5709,C501991,cash withdrawal,427.68,CAD
CA00019107,2025-03-02,BR007,TLR-4797,C502268,cash withdrawal,1251.04,CAD
CA00018515,2025-03-12,BR004,TLR-6107,C501193,cash withdrawal,806.6,CAD
CA00017848,2025-03-13,BR001,TLR-9472,C501747,cash withdrawal,1176.46,CAD
CA00020083,2025-03-29,BR012,TLR-6725,C500423,cash deposit,1551.69,CAD
CA00018324,2025-03-04,BR003,TLR-7606,C500087,cash deposit,448.02,CAD
CA00025571,2025-03-31,BR039,TLR-3733,C502460,cash withdrawal,1548.36,CAD
CA00025101,2025-03-28,BR037,TLR-7210,C502862,cash deposit,2505.47,CAD
CA00025386,2025-03-22,BR038,TLR-1049,C502907,cash withdrawal,724.36,CAD
CA00017725,2025-03-07,BR001,TLR-8832,C502929,cash deposit,381.54,CAD
CA00018461,2025-03-06,BR004,TLR-6283,C500422,cash withdrawal,1140.72,CAD
CA00024903,2025-03-08,BR036,TLR-6777,C502461,cash withdrawal,1205.94,CAD
CA00022741,2025-03-08,BR026,TLR-6378,C500116,cash deposit,2604.0,CAD
CA00024079,2025-03-09,BR033,TLR-6184,C501693,cash deposit,2172.41,CAD
CA00023526,2025-03-24,BR030,TLR-3319,C503912,cash deposit,838.6,CAD
CA00023492,2025-03-23,BR030,TLR-4431,C501488,cash withdrawal,455.47,CAD
CA00024105,2025-03-21,BR033,TLR-4473,C502449,cash withdrawal,2908.58,CAD
CA00022671,2025-03-29,BR026,TLR-8789,C502912,cash deposit,825.43,CAD
CA00024173,2025-03-27,BR033,TLR-1175,C501062,cash deposit,382.95,CAD
CA00026518,2025-03-15,BR040,TLR-7702,C503458,cash deposit,674.62,CAD
CA00017756,2025-03-12,BR001,TLR-1090,C500365,cash deposit,744.98,CAD
CA00018956,2025-03-03,BR006,TLR-7728,C501891,cash withdrawal,4134.16,CAD
CA00018661,2025-03-10,BR004,TLR-3747,C500890,cash withdrawal,818.01,CAD
CA00024814,2025-03-02,BR036,TLR-6742,C501285,cash withdrawal,620.66,CAD
CA00018286,2025-03-26,BR003,TLR-7766,C502603,cash deposit,385.6,CAD
CA00026096,2025-03-16,BR040,TLR-8718,C500095,cash deposit,2191.7,CAD
CA00025893,2025-03-12,BR040,TLR-6822,C503394,cash deposit,957.27,CAD
CA00021303,2025-03-06,BR018,TLR-1678,C501316,cash withdrawal,505.31,CAD
CA00020955,2025-03-22,BR016,TLR-2446,C502454,cash withdrawal,1635.1,CAD
CA00020017,2025-03-30,BR012,TLR-8705,C500674,cash withdrawal,721.38,CAD
CA00023744,2025-03-25,BR031,TLR-7053,C500411,cash withdrawal,763.84,CAD
CA00018579,2025-03-25,BR004,TLR-1723,C501927,cash withdrawal,687.6,CAD
CA00025258,2025-03-30,BR038,TLR-1874,C501851,cash withdrawal,2788.57,CAD
CA00018528,2025-03-25,BR004,TLR-6197,C500653,cash withdrawal,715.95,CAD
CA00025513,2025-03-22,BR039,TLR-1630,C500377,cash withdrawal,1247.14,CAD
CA00019201,2025-03-22,BR007,TLR-8750,C502380,cash deposit,3563.91,CAD
CA00023678,2025-03-23,BR031,TLR-4033,C501485,cash deposit,951.36,CAD
CA00023360,2025-03-30,BR029,TLR-5876,C500992,cash withdrawal,3303.38,CAD
CA00026062,2025-03-02,BR040,TLR-6327,C500636,cash deposit,6187.36,CAD
CA00019237,2025-03-14,BR007,TLR-9651,C500312,cash deposit,818.36,CAD
CA00017696,2025-03-26,BR001,TLR-7111,C503343,cash withdrawal,866.44,CAD
CA00021620,2025-03-22,BR020,TLR-3884,C500213,cash withdrawal,702.38,USD
CA00018670,2025-03-16,BR004,TLR-8370,C503324,cash withdrawal,1442.06,CAD
CA00022155,2025-03-22,BR023,TLR-5360,C502948,cash deposit,1844.24,CAD
CA00025191,2025-03-23,BR037,TLR-8903,C501776,cash withdrawal,529.54,CAD
CA00026171,2025-03-26,BR040,TLR-7635,C500991,cash withdrawal,534.57,CAD
CA00023177,2025-03-07,BR028,TLR-9135,C502770,cash deposit,595.35,CAD
CA00026039,2025-03-27,BR040,TLR-7833,C502459,cash deposit,1023.41,CAD
CA00022418,2025-03-31,BR024,TLR-9516,C500753,cash withdrawal,333.14,CAD
CA00025556,2025-03-02,BR039,TLR-3346,C500712,cash withdrawal,628.79,CAD
CA00025769,2025-03-04,BR040,TLR-1311,C503446,cash deposit,766.18,CAD
CA00024759,2025-03-14,BR036,TLR-7011,C503350,cash withdrawal,2524.54,CAD
CA00023189,2025-03-31,BR028,TLR-2977,C501036,cash withdrawal,399.37,CAD
CA00021986,2025-03-15,BR022,TLR-8821,C501681,cash withdrawal,271.39,CAD
CA00018342,2025-03-09,BR003,TLR-9434,C502407,cash deposit,755.86,CAD
CA00022144,2025-03-19,BR023,TLR-7090,C502702,cash deposit,550.35,CAD
CA00018607,2025-03-27,BR004,TLR-8913,C500400,cash withdrawal,457.02,CAD
CA00024627,2025-03-07,BR035,TLR-3549,C500224,cash withdrawal,1280.72,CAD
CA00021926,2025-03-08,BR021,TLR-1582,C501801,cash withdrawal,3510.5,CAD
CA00023478,2025-03-09,BR030,TLR-3231,C502301,cash deposit,426.51,CAD
CA00019465,2025-03-24,BR008,TLR-9960,C501646,cash withdrawal,232.85,CAD
CA00020089,2025-03-23,BR012,TLR-6627,C502183,cash withdrawal,2133.08,CAD
CA00026225,2025-03-29,BR040,TLR-2859,C500775,cash withdrawal,1097.58,CAD
CA00024706,2025-03-20,BR036,TLR-4334,C501192,cash withdrawal,527.16,CAD
CA00023043,2025-03-31,BR027,TLR-7489,C502537,cash deposit,3509.28,CAD
CA00019041,2025-03-30,BR006,TLR-7457,C503102,cash deposit,267.48,CAD
CA00020224,2025-03-28,BR013,TLR-3310,C502182,cash withdrawal,252.45,CAD
CA00019884,2025-03-09,BR010,TLR-3478,C500654,cash withdrawal,1671.61,CAD
CA00022055,2025-03-14,BR023,TLR-1281,C501337,cash withdrawal,188.39,CAD
CA00024187,2025-03-07,BR033,TLR-6395,C502159,cash withdrawal,414.63,CAD
CA00026113,2025-03-23,BR040,TLR-3397,C500417,cash withdrawal,1136.96,CAD
CA00017851,2025-03-28,BR001,TLR-6563,C503353,cash deposit,608.4,CAD
CA00026360,2025-03-19,BR040,TLR-8059,C501462,cash deposit,387.25,CAD
CA00020680,2025-03-22,BR015,TLR-5114,C500888,cash withdrawal,2423.19,CAD
CA00021603,2025-03-15,BR020,TLR-5758,C501995,cash deposit,904.2,USD
CA00025014,2025-03-08,BR037,TLR-8878,C500710,cash withdrawal,1379.92,CAD
CA00019689,2025-03-06,BR009,TLR-1951,C503550,cash deposit,881.06,CAD
CA00023516,2025-03-23,BR030,TLR-1022,C502803,cash withdrawal,298.43,CAD
CA00025888,2025-03-14,BR040,TLR-8381,C502742,cash deposit,3213.84,CAD
CA00022227,2025-03-25,BR024,TLR-7210,C500417,cash deposit,2068.46,CAD
CA00019605,2025-03-05,BR009,TLR-5179,C503281,cash deposit,587.49,CAD
CA00022437,2025-03-03,BR024,TLR-2341,C502424,cash deposit,496.64,CAD
CA00025901,2025-03-04,BR040,TLR-1206,C503198,cash deposit,647.83,CAD
CA00022266,2025-03-16,BR024,TLR-2045,C503931,cash withdrawal,160.38,CAD
CA00023250,2025-03-24,BR029,TLR-7874,C503383,cash withdrawal,1010.58,CAD
CA00023905,2025-03-23,BR031,TLR-7492,C501053,cash withdrawal,932.52,CAD
CA00019364,2025-03-28,BR008,TLR-1266,C503685,cash deposit,4392.29,CAD
CA00018546,2025-03-18,BR004,TLR-4329,C500953,cash withdrawal,1580.64,CAD
CA00023443,2025-03-06,BR030,TLR-8752,C501434,cash withdrawal,783.52,CAD
CA00018334,2025-03-02,BR003,TLR-6037,C501055,cash deposit,789.22,CAD
CA00023022,2025-03-18,BR027,TLR-9915,C502120,cash deposit,1877.0,CAD
CA00019772,2025-03-24,BR010,TLR-3007,C502381,cash withdrawal,576.63,CAD
CA00019101,2025-03-20,BR007,TLR-9877,C503949,cash withdrawal,1036.17,CAD
CA00019128,2025-03-15,BR007,TLR-1425,C501817,cash deposit,1426.76,CAD
CA00026024,2025-03-09,BR040,TLR-3601,C502125,cash withdrawal,1455.33,CAD
CA00018713,2025-03-17,BR004,TLR-6965,C503238,cash deposit,1221.49,CAD
CA00022208,2025-03-19,BR024,TLR-6535,C502235,cash deposit,3340.72,CAD
CA00025266,2025-03-01,BR038,TLR-2312,C503559,cash deposit,1104.04,CAD
CA00025902,2025-03-15,BR040,TLR-3801,C500194,cash withdrawal,1171.62,CAD
CA00019193,2025-03-30,BR007,TLR-9928,C501107,cash deposit,543.98,CAD
CA00020440,2025-03-16,BR014,TLR-8112,C503840,cash deposit,933.62,CAD
CA00025431,2025-03-25,BR038,TLR-4183,C502618,cash deposit,111.25,CAD
CA00019125,2025-03-31,BR007,TLR-1786,C501301,cash deposit,537.81,CAD
CA00022619,2025-03-23,BR025,TLR-2782,C503745,cash withdrawal,-1554.43,CAD
CA00024186,2025-03-30,BR033,TLR-7854,C500861,cash deposit,762.77,CAD
CA00021843,2025-03-11,BR021,TLR-6011,C501171,cash deposit,1459.98,CAD
CA00019371,2025-03-07,BR008,TLR-5448,C501563,cash withdrawal,1889.29,CAD
CA00026282,2025-03-03,BR040,TLR-1729,C500221,cash deposit,385.22,CAD
CA00025350,2025-03-16,BR038,TLR-7405,C502970,cash deposit,306.91,CAD
CA00026129,2025-03-31,BR040,TLR-1594,C501142,cash withdrawal,1902.99,CAD
CA00020827,2025-03-06,BR016,TLR-6004,C503283,cash withdrawal,430.46,CAD
CA00023335,2025-03-02,BR029,TLR-7462,C501068,cash deposit,1451.13,CAD
CA00021973,2025-03-04,BR022,TLR-3263,C501911,cash withdrawal,457.28,CAD
CA00023097,2025-03-13,BR027,TLR-1504,C500163,cash deposit,9359.62,CAD
CA00025867,2025-03-31,BR040,TLR-5098,C500442,cash deposit,612.27,CAD
CA00020749,2025-03-05,BR015,TLR-4330,C500308,cash deposit,1268.24,CAD
CA00023797,2025-03-27,BR031,TLR-1632,C501955,cash deposit,1265.62,CAD
CA00020477,2025-03-24,BR014,TLR-9511,C501569,cash withdrawal,2173.52,CAD
CA00022755,2025-03-11,BR026,TLR-3859,C503156,cash withdrawal,-668.26,CAD
CA00021506,2025-03-04,BR019,TLR-4102,C500940,cash deposit,3816.13,CAD
CA00024081,2025-03-16,BR033,TLR-4023,C501075,cash deposit,454.43,CAD
CA00018625,2025-03-20,BR004,TLR-7200,C501116,cash withdrawal,375.05,CAD
CA00023446,2025-03-23,BR030,TLR-7351,C502601,cash withdrawal,1420.33,CAD
CA00024713,2025-03-31,BR036,TLR-6740,C501756,cash deposit,1871.06,CAD
CA00018372,2025-03-29,BR003,TLR-8075,C501535,cash withdrawal,662.82,CAD
CA00025739,2025-03-24,BR040,TLR-8086,C501189,cash deposit,1015.77,CAD
CA00017931,2025-03-08,BR001,TLR-8333,C500532,cash withdrawal,1031.17,CAD
CA00021718,2025-03-28,BR020,TLR-3981,C502863,cash deposit,984.81,USD
CA00020911,2025-03-05,BR016,TLR-7749,C503581,cash deposit,3568.8,CAD
CA00022747,2025-03-18,BR026,TLR-4803,C501104,cash deposit,628.21,CAD
CA00021610,2025-03-05,BR020,TLR-2365,C501177,cash deposit,788.4,USD
CA00021703,2025-03-18,BR020,TLR-1217,C503995,cash withdrawal,1053.32,USD
CA00019311,2025-03-16,BR008,TLR-9491,C503272,cash withdrawal,5612.6,CAD
CA00025962,2025-03-14,BR040,TLR-5917,C500581,cash withdrawal,2047.21,CAD
CA00018185,2025-03-29,BR002,TLR-6280,C500741,cash deposit,8988.19,CAD
CA00018952,2025-03-03,BR006,TLR-1778,C501594,cash deposit,401.66,CAD
CA00026411,2025-03-31,BR040,TLR-5988,C500429,cash withdrawal,1270.05,CAD
CA00023453,2025-03-03,BR030,TLR-2383,C502112,cash withdrawal,1156.84,CAD
CA00022792,2025-03-12,BR026,TLR-6259,C503642,cash deposit,591.87,CAD
CA00023210,2025-03-07,BR028,TLR-1609,C502079,cash deposit,489.86,CAD
CA00021442,2025-03-10,BR019,TLR-9851,C501829,cash deposit,928.18,CAD
CA00019049,2025-03-28,BR006,TLR-2217,C502512,cash deposit,989.67,CAD
CA00021067,2025-03-14,BR017,TLR-7007,C502287,cash deposit,1036.93,CAD
CA00018615,2025-03-30,BR004,TLR-5646,C502756,cash withdrawal,628.55,CAD
CA00024234,2025-03-04,BR033,TLR-5801,C502714,cash withdrawal,230.14,CAD
CA00018537,2025-03-20,BR004,TLR-1627,C502618,cash withdrawal,451.98,CAD
CA00022110,2025-03-24,BR023,TLR-9432,C501925,cash withdrawal,3017.18,CAD
CA00022702,2025-03-10,BR026,TLR-5622,C500590,cash withdrawal,-698.55,CAD
CA00019267,2025-03-24,BR007,TLR-8717,C501473,cash deposit,2605.35,CAD
CA00019716,2025-03-08,BR009,TLR-4833,C500480,cash deposit,1130.51,CAD
CA00019473,2025-03-29,BR008,TLR-2165,C502658,cash deposit,1615.1,CAD
CA00023206,2025-03-24,BR028,TLR-7617,C503327,cash withdrawal,1382.93,CAD
CA00023625,2025-03-03,BR030,TLR-6284,C500015,cash withdrawal,2329.71,CAD
CA00018151,2025-03-01,BR002,TLR-9038,C501383,cash withdrawal,-757.02,CAD
CA00018567,2025-03-19,BR004,TLR-9397,C503478,cash withdrawal,214.67,CAD
CA00020621,2025-03-23,BR015,TLR-5382,C500017,cash withdrawal,3810.36,CAD
CA00018180,2025-03-29,BR002,TLR-8285,C503487,cash withdrawal,-518.71,CAD
CA00022135,2025-03-17,BR023,TLR-5884,C502122,cash deposit,1748.14,CAD
CA00022699,2025-03-08,BR026,TLR-2073,C501725,cash withdrawal,-1263.51,CAD
CA00020536,2025-03-03,BR015,TLR-6701,C502095,cash withdrawal,2040.56,CAD
CA00022954,2025-03-29,BR027,TLR-6958,C502169,cash withdrawal,538.28,CAD
CA00020319,2025-03-28,BR014,TLR-8949,C500573,cash deposit,5864.42,CAD
CA00019436,2025-03-18,BR008,TLR-9268,C502145,cash withdrawal,583.85,CAD
CA00020871,2025-03-18,BR016,TLR-7456,C502100,cash withdrawal,6830.1,CAD
CA00024388,2025-03-28,BR034,TLR-7050,C502496,cash deposit,575.5,CAD
CA00025250,2025-03-07,BR038,TLR-4848,C500647,cash deposit,805.4,CAD
CA00018858,2025-03-22,BR006,TLR-7600,C502724,cash withdrawal,980.3,CAD
CA00025763,2025-03-02,BR040,TLR-6871,C503079,cash deposit,1049.96,CAD
CA00026338,2025-03-24,BR040,TLR-3647,C502337,cash deposit,2701.37,CAD
CA00053295,2025-03-26,BR036,TLR-2711,W987120,cash withdrawal,265.21,CAD
CA00023655,2025-03-25,BR030,TLR-7267,C501737,cash withdrawal,858.84,CAD
CA00021364,2025-03-19,BR019,TLR-6424,C501544,cash withdrawal,1251.19,CAD
CA00025108,2025-03-13,BR037,TLR-8111,C500880,cash deposit,198.02,CAD
CA00025140,2025-03-19,BR037,TLR-9368,C501426,cash withdrawal,408.98,CAD
CA00025088,2025-03-16,BR037,TLR-5090,C503077,cash deposit,601.95,CAD
CA00026253,2025-03-04,BR040,TLR-5631,C503676,cash withdrawal,3933.03,CAD
CA00024287,2025-03-23,BR034,TLR-9521,C501973,cash deposit,2160.82,CAD
CA00026452,2025-03-17,BR040,TLR-9942,C502491,cash deposit,1000.28,CAD
CA00021733,2025-03-07,BR020,TLR-7729,C501697,cash deposit,809.17,USD
CA00025724,2025-03-20,BR040,TLR-2704,C503089,cash deposit,626.71,CAD
CA00025707,2025-03-10,BR040,TLR-4567,C501073,cash deposit,1689.82,CAD
CA00019357,2025-03-10,BR008,TLR-3801,C500286,cash deposit,918.94,CAD
CA00022777,2025-03-20,BR026,TLR-3665,C500301,cash deposit,217.85,CAD
CA00022691,2025-03-26,BR026,TLR-3950,C501222,cash deposit,1328.07,CAD
CA00022162,2025-03-30,BR024,TLR-6312,C502330,cash deposit,961.96,CAD
CA00024852,2025-03-18,BR036,TLR-7466,C501516,cash withdrawal,1667.42,CAD
CA00025306,2025-03-20,BR038,TLR-6724,C500116,cash deposit,727.05,CAD
CA00020745,2025-03-26,BR015,TLR-6995,C501193,cash deposit,4815.13,CAD
CA00018519,2025-03-18,BR004,TLR-1846,C503361,cash deposit,2427.63,CAD
CA00025131,2025-03-04,BR037,TLR-2157,C500198,cash withdrawal,853.97,CAD
CA00018146,2025-03-30,BR002,TLR-9581,C502299,cash withdrawal,-143.45,CAD
CA00024318,2025-03-13,BR034,TLR-9436,C502984,cash withdrawal,679.47,CAD
CA00017893,2025-03-31,BR001,TLR-4862,C501969,cash withdrawal,1237.21,CAD
CA00026434,2025-03-06,BR040,TLR-5687,C501714,cash withdrawal,1515.41,CAD
CA00023175,2025-03-22,BR028,TLR-8336,C502365,cash withdrawal,1403.1,CAD
CA00022737,2025-03-09,BR026,TLR-5758,C502607,cash withdrawal,-1008.07,CAD
CA00018499,2025-03-07,BR004,TLR-7202,C501985,cash deposit,2181.7,CAD
CA00026126,2025-03-04,BR040,TLR-4755,C502609,cash deposit,1348.21,CAD
CA00022025,2025-03-16,BR022,TLR-5201,C502981,cash withdrawal,412.89,CAD
CA00024275,2025-03-09,BR034,TLR-1611,C500973,cash withdrawal,540.87,CAD
CA00025557,2025-03-31,BR039,TLR-1835,C503759,cash withdrawal,642.1,CAD
CA00023740,2025-03-18,BR031,TLR-4710,C500260,cash deposit,939.31,CAD
CA00019790,2025-03-02,BR010,TLR-5716,C502231,cash withdrawal,2416.29,CAD
CA00018646,2025-03-07,BR004,TLR-9143,C503530,cash withdrawal,497.71,CAD
CA00026551,2025-03-04,BR040,TLR-8002,C500081,cash deposit,1384.53,CAD
CA00021105,2025-03-04,BR017,TLR-8021,C502022,cash withdrawal,493.14,CAD
CA00025243,2025-03-22,BR037,TLR-9736,C500034,cash deposit,1000.48,CAD
CA00020684,2025-03-07,BR015,TLR-3237,C500235,cash withdrawal,608.68,CAD
CA00022033,2025-03-14,BR022,TLR-4795,C500393,cash deposit,493.21,CAD
CA00018404,2025-03-08,BR003,TLR-3556,C501404,cash deposit,2002.6,CAD
CA00021426,2025-03-05,BR019,TLR-7264,C500514,cash deposit,368.42,CAD
CA00026472,2025-03-06,BR040,TLR-5863,C501410,cash withdrawal,1226.05,CAD
CA00024507,2025-03-12,BR035,TLR-2517,C501422,cash withdrawal,940.2,CAD
CA00020322,2025-03-18,BR014,TLR-6938,C501335,cash deposit,472.45,CAD
CA00022015,2025-03-17,BR022,TLR-4444,C502583,cash deposit,700.66,CAD
CA00021499,2025-03-04,BR019,TLR-5785,C501260,cash withdrawal,244.73,CAD
CA00026396,2025-03-11,BR040,TLR-3596,C501368,cash deposit,1788.18,CAD
CA00018582,2025-03-14,BR004,TLR-2562,C500640,cash deposit,2836.94,CAD
CA00024805,2025-03-22,BR036,TLR-5111,C501986,cash deposit,366.19,CAD
CA00024709,2025-03-11,BR036,TLR-4402,C502093,cash deposit,1172.68,CAD
CA00022472,2025-03-15,BR025,TLR-8455,C502771,cash deposit,694.76,CAD
CA00020896,2025-03-20,BR016,TLR-2267,C501410,cash withdrawal,1053.12,CAD
CA00019911,2025-03-06,BR011,TLR-8576,C503891,cash withdrawal,1237.24,CAD
CA00024124,2025-03-27,BR033,TLR-6285,C502798,cash deposit,1420.1,CAD
CA00018650,2025-03-21,BR004,TLR-4975,C503066,cash deposit,1838.83,CAD
CA00024967,2025-03-14,BR036,TLR-4684,C502977,cash deposit,2165.7,CAD
CA00024636,2025-03-10,BR035,TLR-5504,C501546,cash withdrawal,192.11,CAD
CA00018911,2025-03-28,BR006,TLR-9909,C501749,cash withdrawal,2069.69,CAD
CA00024209,2025-03-09,BR033,TLR-2708,C502123,cash withdrawal,1828.23,CAD
CA00025621,2025-03-31,BR039,TLR-5938,C502434,cash withdrawal,729.51,CAD
CA00025163,2025-03-03,BR037,TLR-1074,C502208,cash deposit,1141.63,CAD
CA00025439,2025-03-19,BR038,TLR-8819,C503969,cash deposit,1110.59,CAD
CA00024488,2025-03-11,BR035,TLR-1636,C503115,cash withdrawal,1434.85,CAD
CA00024372,2025-03-03,BR034,TLR-2865,C503497,cash deposit,497.63,CAD
CA00020631,2025-03-30,BR015,TLR-5400,C503117,cash withdrawal,2709.69,CAD
CA00020715,2025-03-07,BR015,TLR-1854,C500922,cash deposit,352.21,CAD
CA00024907,2025-03-13,BR036,TLR-4455,C503066,cash deposit,3238.25,CAD
CA00024765,2025-03-23,BR036,TLR-7250,C503968,cash deposit,1595.14,CAD
CA00022268,2025-03-01,BR024,TLR-6801,C503193,cash deposit,647.63,CAD
CA00024398,2025-03-05,BR034,TLR-5292,C500645,cash deposit,2812.5,CAD
CA00025878,2025-03-13,BR040,TLR-5503,C501331,cash deposit,450.62,CAD
CA00020617,2025-03-22,BR015,TLR-5754,C503215,cash deposit,568.4,CAD
CA00025330,2025-03-21,BR038,TLR-3543,C502977,cash withdrawal,105.96,CAD
CA00024642,2025-03-06,BR035,TLR-8145,C503957,cash deposit,2500.98,CAD
CA00020467,2025-03-05,BR014,TLR-3406,C503249,cash withdrawal,3213.3,CAD
CA00020057,2025-03-20,BR012,TLR-6979,C502466,cash withdrawal,662.12,CAD
CA00023278,2025-03-02,BR029,TLR-6911,C502805,cash deposit,1286.67,CAD
CA00018143,2025-03-22,BR002,TLR-4554,C500792,cash deposit,1959.46,CAD
CA00019608,2025-03-29,BR009,TLR-7355,C503299,cash withdrawal,1052.9,CAD
CA00022585,2025-03-03,BR025,TLR-1668,C500452,cash withdrawal,-1072.51,CAD
CA00019617,2025-03-11,BR009,TLR-9034,C500454,cash deposit,348.76,CAD
CA00020762,2025-03-12,BR015,TLR-7561,C502408,cash deposit,723.62,CAD
CA00017863,2025-03-30,BR001,TLR-1467,C501702,cash deposit,282.78,CAD
CA00023000,2025-03-19,BR027,TLR-5331,C502325,cash deposit,324.87,CAD
CA00019700,2025-03-26,BR009,TLR-4222,C501190,cash deposit,626.26,CAD
CA00025495,2025-03-29,BR039,TLR-4154,C500913,cash withdrawal,847.51,CAD
CA00021713,2025-03-29,BR020,TLR-9428,C503599,cash deposit,755.64,USD
CA00024853,2025-03-27,BR036,TLR-6269,C503698,cash withdrawal,995.57,CAD
CA00018447,2025-03-30,BR003,TLR-9376,C500922,cash withdrawal,4811.36,CAD
CA00024262,2025-03-06,BR034,TLR-2797,C500201,cash deposit,1288.42,CAD
CA00021353,2025-03-31,BR019,TLR-2457,C500287,cash withdrawal,1395.37,CAD
CA00021739,2025-03-30,BR020,TLR-3797,C503753,cash deposit,1301.44,USD
CA00018865,2025-03-09,BR006,TLR-2137,C502864,cash withdrawal,584.49,CAD
CA00023887,2025-03-27,BR031,TLR-3894,C502672,cash withdrawal,622.2,CAD
CA00019169,2025-03-22,BR007,TLR-6343,C500718,cash deposit,481.27,CAD
CA00021905,2025-03-21,BR021,TLR-5428,C500465,cash deposit,559.67,CAD
CA00022902,2025-03-09,BR026,TLR-7175,C500209,cash withdrawal,-567.84,CAD
CA00018803,2025-03-05,BR006,TLR-7113,C500337,cash deposit,846.21,CAD
CA00017997,2025-03-24,BR001,TLR-1621,C502394,cash deposit,744.97,CAD
CA00020071,2025-03-12,BR012,TLR-2401,C503533,cash withdrawal,1108.35,CAD
CA00024014,2025-03-28,BR032,TLR-5117,C502100,cash withdrawal,1788.51,CAD
CA00020196,2025-03-06,BR013,TLR-3250,C503003,cash withdrawal,878.22,CAD
CA00024965,2025-03-17,BR036,TLR-2599,C502162,cash withdrawal,2384.71,CAD
CA00021144,2025-03-05,BR017,TLR-7008,C501369,cash withdrawal,1921.11,CAD
CA00019265,2025-03-27,BR007,TLR-4586,C503732,cash withdrawal,850.72,CAD
CA00022393,2025-03-04,BR024,TLR-7156,C502551,cash deposit,753.46,CAD
CA00020904,2025-03-23,BR016,TLR-3683,C500530,cash deposit,2028.95,CAD
CA00019939,2025-03-27,BR011,TLR-2243,C502153,cash deposit,1983.8,CAD
CA00022438,2025-03-31,BR024,TLR-3640,C502301,cash withdrawal,3162.04,CAD
CA00025857,2025-03-29,BR040,TLR-5034,C503046,cash deposit,251.44,CAD
CA00022633,2025-03-19,BR025,TLR-9302,C502207,cash deposit,806.1,CAD
CA00024062,2025-03-31,BR032,TLR-2504,C503633,cash withdrawal,391.1,CAD
CA00020195,2025-03-03,BR013,TLR-1009,C503058,cash withdrawal,1323.38,CAD
CA00021599,2025-03-19,BR020,TLR-5938,C502216,cash deposit,1464.29,USD
CA00022248,2025-03-18,BR024,TLR-8669,C502289,cash deposit,1901.6,CAD
CA00021652,2025-03-09,BR020,TLR-3058,C503710,cash withdrawal,1014.42,USD
CA00019406,2025-03-21,BR008,TLR-9066,C501764,cash deposit,262.25,CAD
CA00022879,2025-03-28,BR026,TLR-3775,C500366,cash withdrawal,-2000.3,CAD
CA00019309,2025-03-27,BR008,TLR-4339,C503963,cash deposit,586.88,CAD
CA00018068,2025-03-01,BR002,TLR-1411,C502955,cash deposit,1192.91,CAD
CA00022861,2025-03-05,BR026,TLR-6798,C500426,cash deposit,1035.23,CAD
CA00022894,2025-03-01,BR026,TLR-1583,C501614,cash deposit,760.3,CAD
CA00022937,2025-03-21,BR027,TLR-8394,C501828,cash deposit,377.02,CAD
CA00021055,2025-03-01,BR017,TLR-6894,C500618,cash deposit,3468.06,CAD
CA00025689,2025-03-26,BR040,TLR-1284,C501366,cash deposit,1522.75,CAD
CA00021467,2025-03-08,BR019,TLR-3778,C503601,cash withdrawal,580.91,CAD
CA00018109,2025-03-25,BR002,TLR-8176,C503026,cash withdrawal,-462.03,CAD
CA00018009,2025-03-30,BR001,TLR-7160,C503529,cash withdrawal,294.19,CAD
CA00021661,2025-03-04,BR020,TLR-2076,C502765,cash deposit,895.34,USD
CA00017936,2025-03-07,BR001,TLR-8166,C501351,cash deposit,8930.63,CAD
CA00026071,2025-03-30,BR040,TLR-8654,C502323,cash deposit,509.62,CAD
CA00026191,2025-03-03,BR040,TLR-2652,C503721,cash withdrawal,433.85,CAD
CA00025576,2025-03-25,BR039,TLR-5124,C502758,cash deposit,2571.18,CAD
CA00021815,2025-03-23,BR021,TLR-7364,C501410,cash withdrawal,2636.81,CAD
CA00025948,2025-03-23,BR040,TLR-5020,C503674,cash withdrawal,492.84,CAD
CA00023588,2025-03-09,BR030,TLR-8225,C501545,cash withdrawal,1486.38,CAD
CA00018871,2025-03-15,BR006,TLR-6384,C503806,cash withdrawal,1903.12,CAD
CA00018490,2025-03-27,BR004,TLR-1696,C500439,cash withdrawal,404.23,CAD
CA00021935,2025-03-23,BR021,TLR-3357,C503891,cash withdrawal,3655.65,CAD
CA00019273,2025-03-25,BR007,TLR-3464,C501703,cash withdrawal,601.24,CAD
CA00022339,2025-03-20,BR024,TLR-9448,C503174,cash deposit,2508.47,CAD
CA00023059,2025-03-15,BR027,TLR-3834,C500919,cash deposit,663.6,CAD
CA00021727,2025-03-01,BR020,TLR-2742,C503164,cash withdrawal,792.4,USD
CA00025451,2025-03-15,BR038,TLR-6337,C502380,cash deposit,2264.59,CAD
CA00022549,2025-03-06,BR025,TLR-2579,C502567,cash deposit,739.86,CAD
CA00024679,2025-03-16,BR036,TLR-6534,C503215,cash deposit,2172.66,CAD
CA00018523,2025-03-12,BR004,TLR-3940,C502481,cash deposit,1363.56,CAD
CA00023989,2025-03-27,BR032,TLR-7589,C502416,cash withdrawal,425.34,CAD
CA00021434,2025-03-27,BR019,TLR-6949,C500969,cash withdrawal,396.0,CAD
CA00024319,2025-03-10,BR034,TLR-6868,C503333,cash withdrawal,512.83,CAD
CA00025496,2025-03-03,BR039,TLR-5031,C500273,cash withdrawal,833.01,CAD
CA00020159,2025-03-01,BR012,TLR-3747,C500797,cash withdrawal,551.05,CAD
CA00024952,2025-03-23,BR036,TLR-5151,C503273,cash deposit,432.94,CAD
CA00018196,2025-03-17,BR002,TLR-6522,C503561,cash deposit,756.9,CAD
CA00026548,2025-03-07,BR040,TLR-3029,C500420,cash deposit,1625.19,CAD
CA00020415,2025-03-26,BR014,TLR-1284,C501629,cash deposit,447.21,CAD
CA00020152,2025-03-21,BR012,TLR-9052,C502797,cash withdrawal,1257.84,CAD
CA00018439,2025-03-04,BR003,TLR-1105,C503033,cash deposit,1190.58,CAD
CA00025829,2025-03-16,BR040,TLR-6636,C500976,cash deposit,892.71,CAD
CA00019256,2025-03-12,BR007,TLR-4981,C502646,cash deposit,790.38,CAD
CA00019811,2025-03-25,BR010,TLR-2297,C502170,cash withdrawal,1318.08,CAD
CA00020384,2025-03-16,BR014,TLR-3270,C500939,cash deposit,528.56,CAD
CA00025110,2025-03-28,BR037,TLR-5304,C500995,cash deposit,686.75,CAD
CA00024091,2025-03-23,BR033,TLR-6718,C502747,cash withdrawal,764.36,CAD
CA00017772,2025-03-12,BR001,TLR-2100,C502598,cash withdrawal,561.61,CAD
CA00021359,2025-03-08,BR019,TLR-7518,C500001,cash withdrawal,879.69,CAD
CA00025272,2025-03-03,BR038,TLR-4117,C500818,cash withdrawal,535.82,CAD
CA00022350,2025-03-31,BR024,TLR-6269,C503403,cash withdrawal,360.82,CAD
CA00024380,2025-03-07,BR034,TLR-6278,C503789,cash deposit,280.68,CAD
CA00018975,2025-03-11,BR006,TLR-7772,C500150,cash withdrawal,133.6,CAD
CA00023909,2025-03-23,BR031,TLR-6195,C500872,cash withdrawal,1303.33,CAD
CA00023607,2025-03-29,BR030,TLR-1979,C503191,cash withdrawal,984.07,CAD
CA00026409,2025-03-17,BR040,TLR-5254,C501244,cash withdrawal,500.22,CAD
CA00025505,2025-03-09,BR039,TLR-3219,C503074,cash deposit,557.0,CAD
CA00019088,2025-03-19,BR007,TLR-7959,C501270,cash withdrawal,1113.47,CAD
CA00024703,2025-03-10,BR036,TLR-5592,C501956,cash withdrawal,508.01,CAD
CA00020825,2025-03-28,BR016,TLR-7841,C501750,cash deposit,2188.38,CAD
CA00020428,2025-03-08,BR014,TLR-2104,C503275,cash withdrawal,1575.88,CAD
CA00022655,2025-03-19,BR026,TLR-3759,C503784,cash withdrawal,-612.76,CAD
CA00017765,2025-03-26,BR001,TLR-4783,C500775,cash withdrawal,467.68,CAD
CA00024942,2025-03-29,BR036,TLR-2227,C500840,cash deposit,437.92,CAD
CA00022542,2025-03-13,BR025,TLR-1910,C502776,cash withdrawal,-1144.13,CAD
CA00018740,2025-03-23,BR005,TLR-1066,C500163,cash withdrawal,399.59,CAD
CA00019325,2025-03-05,BR008,TLR-2759,C501461,cash deposit,1281.41,CAD
CA00025029,2025-03-06,BR037,TLR-7432,C500178,cash withdrawal,728.4,CAD
CA00025887,2025-03-05,BR040,TLR-5171,C500888,cash withdrawal,1109.04,CAD
CA00023573,2025-03-05,BR030,TLR-6389,C500808,cash deposit,1088.21,CAD
CA00019730,2025-03-21,BR010,TLR-5126,C500890,cash deposit,807.29,CAD
CA00018555,2025-03-13,BR004,TLR-3255,C503451,cash deposit,659.08,CAD
CA00018815,2025-03-08,BR006,TLR-2870,C502452,cash deposit,1206.88,CAD
CA00026488,2025-03-29,BR040,TLR-7564,C501937,cash deposit,1105.87,CAD
CA00019864,2025-03-05,BR010,TLR-7327,C502993,cash deposit,926.86,CAD
CA00024341,2025-03-05,BR034,TLR-8530,C501892,cash deposit,1141.24,CAD
CA00022167,2025-03-01,BR024,TLR-9299,C503895,cash deposit,2800.06,CAD
CA00022919,2025-03-20,BR027,TLR-4184,C503068,cash deposit,545.06,CAD
CA00020692,2025-03-06,BR015,TLR-9834,C502134,cash deposit,1046.3,CAD
CA00020117,2025-03-08,BR012,TLR-3953,C501712,cash deposit,1254.45,CAD
CA00024292,2025-03-13,BR034,TLR-7408,C502771,cash deposit,3778.5,CAD
CA00025562,2025-03-02,BR039,TLR-7622,C503293,cash withdrawal,618.91,CAD
CA00020008,2025-03-15,BR012,TLR-4392,C500207,cash deposit,1235.53,CAD
CA00023972,2025-03-08,BR032,TLR-8065,C500968,cash withdrawal,426.83,CAD
CA00024664,2025-03-26,BR036,TLR-7440,C500428,cash deposit,994.66,CAD
CA00017889,2025-03-12,BR001,TLR-7279,C500440,cash withdrawal,438.29,CAD
CA00023723,2025-03-08,BR031,TLR-4912,C500306,cash withdrawal,769.72,CAD
CA00024885,2025-03-15,BR036,TLR-6146,C503616,cash deposit,310.2,CAD
CA00024543,2025-03-30,BR035,TLR-8436,C501688,cash deposit,388.9,CAD
CA00024305,2025-03-12,BR034,TLR-3066,C503821,cash withdrawal,243.16,CAD
CA00024515,2025-03-09,BR035,TLR-7820,C500861,cash deposit,1687.02,CAD
CA00024502,2025-03-09,BR035,TLR-9907,C501508,cash deposit,967.72,CAD
CA00021686,2025-03-08,BR020,TLR-7806,C500890,cash deposit,331.19,USD
CA00026065,2025-03-09,BR040,TLR-7973,C500577,cash deposit,1749.43,CAD
CA00018323,2025-03-07,BR003,TLR-4975,C501793,cash withdrawal,1670.8,CAD
CA00025075,2025-03-30,BR037,TLR-5570,C503954,cash deposit,2486.4,CAD
CA00023402,2025-03-23,BR030,TLR-1816,C501254,cash withdrawal,2238.46,CAD
CA00025722,2025-03-23,BR040,TLR-5819,C500334,cash deposit,2944.78,CAD
CA00021635,2025-03-24,BR020,TLR-4725,C501608,cash deposit,1537.32,USD
CA00024991,2025-03-29,BR037,TLR-5862,C500620,cash withdrawal,436.09,CAD
CA00019187,2025-03-16,BR007,TLR-3127,C500992,cash deposit,218.41,CAD
CA00022846,2025-03-26,BR026,TLR-4003,C503432,cash withdrawal,-2598.53,CAD
CA00018600,2025-03-24,BR004,TLR-1080,C500478,cash deposit,769.07,CAD
CA00021752,2025-03-20,BR020,TLR-4525,C500082,cash withdrawal,1325.68,USD
CA00019920,2025-03-30,BR011,TLR-5438,C503128,cash deposit,3567.05,CAD
CA00020689,2025-03-29,BR015,TLR-3254,C503534,cash deposit,278.1,CAD
CA00018170,2025-03-24,BR002,TLR-3126,C502608,cash withdrawal,-2858.28,CAD
CA00022981,2025-03-03,BR027,TLR-6207,C502459,cash withdrawal,447.63,CAD
CA00018208,2025-03-29,BR002,TLR-6998,C502960,cash deposit,820.86,CAD
CA00022751,2025-03-18,BR026,TLR-1545,C502620,cash withdrawal,-430.13,CAD
CA00019755,2025-03-25,BR010,TLR-9913,C500570,cash deposit,1966.37,CAD
CA00019029,2025-03-31,BR006,TLR-7768,C503342,cash deposit,1105.7,CAD
CA00023721,2025-03-18,BR031,TLR-6647,C500180,cash deposit,723.9,CAD
CA00019069,2025-03-22,BR007,TLR-6679,C503598,cash deposit,3320.13,CAD
CA00020661,2025-03-08,BR015,TLR-8621,C502186,cash withdrawal,1127.91,CAD
CA00022911,2025-03-24,BR027,TLR-4589,C502838,cash withdrawal,2175.68,CAD
CA00025726,2025-03-24,BR040,TLR-2848,C502534,cash withdrawal,369.4,CAD
CA00022416,2025-03-20,BR024,TLR-6194,C502423,cash deposit,698.62,CAD
CA00018088,2025-03-05,BR002,TLR-5483,C500743,cash withdrawal,-1129.08,CAD
CA00024064,2025-03-29,BR032,TLR-4837,C502286,cash withdrawal,335.87,CAD
CA00020507,2025-03-22,BR014,TLR-1147,C500506,cash withdrawal,1880.61,CAD
CA00023876,2025-03-18,BR031,TLR-8956,C501239,cash withdrawal,904.32,CAD
CA00024160,2025-03-20,BR033,TLR-7197,C502252,cash withdrawal,1160.06,CAD
CA00020145,2025-03-17,BR012,TLR-3047,C500200,cash withdrawal,1435.76,CAD
CA00020644,2025-03-29,BR015,TLR-4100,C503676,cash withdrawal,289.04,CAD
CA00025441,2025-03-06,BR038,TLR-7419,C502285,cash withdrawal,341.14,CAD
CA00019822,2025-03-02,BR010,TLR-4066,C500759,cash deposit,1531.33,CAD
CA00023632,2025-03-12,BR030,TLR-3006,C503905,cash deposit,1810.76,CAD
CA00019717,2025-03-22,BR009,TLR-3654,C500456,cash deposit,602.89,CAD
CA00023152,2025-03-11,BR028,TLR-1921,C501352,cash withdrawal,240.19,CAD
CA00022557,2025-03-09,BR025,TLR-7398,C502711,cash deposit,971.1,CAD
CA00024417,2025-03-08,BR035,TLR-1635,C500316,cash withdrawal,437.79,CAD
CA00024214,2025-03-04,BR033,TLR-6596,C502018,cash deposit,356.12,CAD
CA00025781,2025-03-23,BR040,TLR-2674,C501359,cash deposit,2090.77,CAD
CA00022404,2025-03-27,BR024,TLR-6959,C500044,cash deposit,1654.15,CAD
CA00018353,2025-03-23,BR003,TLR-8363,C502559,cash withdrawal,663.96,CAD
CA00024389,2025-03-22,BR034,TLR-9057,C502044,cash withdrawal,251.58,CAD
CA00022040,2025-03-28,BR023,TLR-6572,C502682,cash deposit,469.75,CAD
CA00018263,2025-03-31,BR003,TLR-3640,C500669,cash withdrawal,884.49,CAD
CA00018392,2025-03-29,BR003,TLR-1463,C503802,cash deposit,982.29,CAD
CA00019866,2025-03-06,BR010,TLR-4086,C503375,cash deposit,1380.4,CAD
CA00019935,2025-03-12,BR011,TLR-5354,C500769,cash deposit,706.13,CAD
CA00025759,2025-03-20,BR040,TLR-8548,C501456,cash deposit,2074.53,CAD
CA00024591,2025-03-02,BR035,TLR-4301,C502421,cash deposit,692.65,CAD
CA00026563,2025-03-12,BR040,TLR-7938,C503477,cash deposit,630.14,CAD
CA00025841,2025-03-09,BR040,TLR-4266,C503536,cash withdrawal,440.12,CAD
CA00020520,2025-03-25,BR015,TLR-2483,C501062,cash withdrawal,642.88,CAD
CA00018054,2025-03-19,BR002,TLR-3235,C501785,cash deposit,1473.88,CAD
CA00024294,2025-03-02,BR034,TLR-1928,C502318,cash withdrawal,1277.22,CAD
CA00025104,2025-03-02,BR037,TLR-5213,C502512,cash deposit,2275.52,CAD
CA00017819,2025-03-16,BR001,TLR-1709,C500675,cash withdrawal,912.91,CAD
CA00022750,2025-03-26,BR026,TLR-1953,C502085,cash deposit,10820.31,CAD
CA00022895,2025-03-08,BR026,TLR-1869,C500319,cash deposit,921.29,CAD
CA00023501,2025-03-04,BR030,TLR-9433,C503799,cash deposit,1182.66,CAD
CA00019840,2025-03-30,BR010,TLR-6264,C501966,cash withdrawal,677.5,CAD
CA00022529,2025-03-25,BR025,TLR-7950,C500291,cash withdrawal,-2217.56,CAD
CA00020901,2025-03-29,BR016,TLR-2577,C500406,cash deposit,339.26,CAD
CA00025681,2025-03-13,BR039,TLR-7069,C503472,cash withdrawal,1495.03,CAD
CA00018228,2025-03-24,BR002,TLR-9285,C501946,cash deposit,436.27,CAD
CA00024027,2025-03-05,BR032,TLR-2234,C500181,cash withdrawal,539.5,CAD
CA00025234,2025-03-23,BR037,TLR-6433,C502828,cash withdrawal,2534.33,CAD
CA00019995,2025-03-21,BR012,TLR-6666,C501157,cash withdrawal,2452.98,CAD
CA00025348,2025-03-27,BR038,TLR-7222,C501715,cash deposit,1181.04,CAD
CA00020034,2025-03-08,BR012,TLR-5832,C502800,cash deposit,477.4,CAD
CA00018072,2025-03-08,BR002,TLR-4556,C503199,cash deposit,2813.78,CAD
CA00023350,2025-03-30,BR029,TLR-6816,C502887,cash withdrawal,1487.74,CAD
CA00019959,2025-03-03,BR012,TLR-9680,C500854,cash withdrawal,2008.88,CAD
CA00021839,2025-03-17,BR021,TLR-1570,C501600,cash deposit,829.76,CAD
CA00020310,2025-03-10,BR014,TLR-3323,C503254,cash withdrawal,403.25,CAD
CA00023410,2025-03-22,BR030,TLR-7024,C502177,cash withdrawal,637.83,CAD
CA00022271,2025-03-12,BR024,TLR-1310,C502022,cash deposit,3684.39,CAD
CA00023244,2025-03-30,BR029,TLR-3627,C503269,cash deposit,1449.01,CAD
CA00019321,2025-03-28,BR008,TLR-6627,C500294,cash deposit,532.59,CAD
CA00019207,2025-03-19,BR007,TLR-4996,C502850,cash withdrawal,5854.33,CAD
CA00022518,2025-03-15,BR025,TLR-9314,C502277,cash deposit,717.42,CAD
CA00025615,2025-03-22,BR039,TLR-6365,C502073,cash deposit,984.3,CAD
CA00018691,2025-03-01,BR004,TLR-4041,C501806,cash deposit,2468.6,CAD
CA00019444,2025-03-26,BR008,TLR-6019,C501328,cash withdrawal,726.87,CAD
CA00017870,2025-03-10,BR001,TLR-7178,C500776,cash deposit,552.58,CAD
CA00021690,2025-03-14,BR020,TLR-1220,C500102,cash deposit,2151.06,USD
CA00021748,2025-03-25,BR020,TLR-2386,C500594,cash deposit,801.14,USD
CA00024183,2025-03-17,BR033,TLR-3965,C503702,cash withdrawal,1010.35,CAD
CA00022433,2025-03-13,BR024,TLR-7208,C503320,cash deposit,1292.16,CAD
CA00021629,2025-03-13,BR020,TLR-5357,C502170,cash deposit,242.49,USD
CA00023073,2025-03-25,BR027,TLR-3248,C502052,cash deposit,449.19,CAD
CA00025737,2025-03-12,BR040,TLR-2943,C501887,cash withdrawal,240.93,CAD
CA00024544,2025-03-15,BR035,TLR-6529,C501555,cash deposit,2054.71,CAD
CA00025079,2025-03-31,BR037,TLR-5598,C500366,cash withdrawal,638.96,CAD
CA00020086,2025-03-02,BR012,TLR-1315,C500022,cash withdrawal,511.36,CAD
CA00023234,2025-03-25,BR028,TLR-4079,C502487,cash withdrawal,1138.06,CAD
CA00025002,2025-03-06,BR037,TLR-7915,C503522,cash deposit,845.93,CAD
CA00019599,2025-03-14,BR009,TLR-4315,C503574,cash deposit,342.1,CAD
CA00025701,2025-03-18,BR040,TLR-9243,C503981,cash withdrawal,640.2,CAD
CA00019837,2025-03-18,BR010,TLR-5045,C500365,cash deposit,813.37,CAD
CA00022101,2025-03-13,BR023,TLR-4700,C500904,cash withdrawal,794.2,CAD
CA00018230,2025-03-30,BR002,TLR-4116,C502136,cash deposit,892.63,CAD
CA00025896,2025-03-15,BR040,TLR-6487,C500195,cash withdrawal,1153.87,CAD
CA00017734,2025-03-31,BR001,TLR-9937,C501059,cash deposit,590.4,CAD
CA00020295,2025-03-11,BR014,TLR-4474,C503891,cash deposit,940.8,CAD
CA00017735,2025-03-26,BR001,TLR-6801,C501415,cash deposit,1326.68,CAD
CA00021479,2025-03-15,BR019,TLR-1719,C503383,cash withdrawal,854.41,CAD
CA00018900,2025-03-28,BR006,TLR-5167,C503523,cash withdrawal,2065.62,CAD
CA00023577,2025-03-14,BR030,TLR-4944,C500174,cash withdrawal,856.62,CAD
CA00018036,2025-03-20,BR002,TLR-5069,C500448,cash withdrawal,-239.98,CAD
CA00022191,2025-03-17,BR024,TLR-5772,C503920,cash deposit,776.89,CAD
CA00024073,2025-03-30,BR033,TLR-6894,C500074,cash withdrawal,989.44,CAD
CA00020158,2025-03-16,BR012,TLR-8109,C503595,cash withdrawal,1198.34,CAD
CA00023472,2025-03-29,BR030,TLR-4456,C503850,cash withdrawal,537.34,CAD
CA00018890,2025-03-23,BR006,TLR-5569,C502533,cash deposit,575.42,CAD
CA00025195,2025-03-06,BR037,TLR-9192,C503596,cash deposit,1221.43,CAD
CA00018502,2025-03-28,BR004,TLR-9488,C503469,cash deposit,439.27,CAD
CA00021816,2025-03-11,BR021,TLR-2829,C502632,cash deposit,980.22,CAD
CA00018535,2025-03-02,BR004,TLR-1032,C501102,cash withdrawal,1113.7,CAD
CA00026496,2025-03-01,BR040,TLR-3437,C503085,cash withdrawal,500.61,CAD
CA00022454,2025-03-12,BR025,TLR-7313,C503431,cash deposit,789.47,CAD
CA00023427,2025-03-13,BR030,TLR-3015,C502575,cash deposit,2167.61,CAD
CA00025462,2025-03-29,BR038,TLR-3802,C502677,cash deposit,2046.11,CAD
CA00018606,2025-03-02,BR004,TLR-4554,C500429,cash deposit,620.61,CAD
CA00017807,2025-03-24,BR001,TLR-2609,C503564,cash deposit,779.94,CAD
CA00022964,2025-03-30,BR027,TLR-2263,C500985,cash withdrawal,2097.51,CAD
CA00024939,2025-03-16,BR036,TLR-1451,C500100,cash deposit,1182.67,CAD
CA00024125,2025-03-04,BR033,TLR-1529,C500224,cash deposit,665.61,CAD
CA00023611,2025-03-10,BR030,TLR-6126,C500870,cash deposit,332.75,CAD
CA00018542,2025-03-10,BR004,TLR-4638,C502542,cash deposit,571.83,CAD
CA00024050,2025-03-19,BR032,TLR-2924,C502410,cash deposit,3227.45,CAD
CA00026210,2025-03-20,BR040,TLR-3891,C503792,cash deposit,273.04,CAD
CA00019481,2025-03-22,BR008,TLR-3864,C502719,cash withdrawal,1021.37,CAD
CA00025126,2025-03-15,BR037,TLR-5404,C503954,cash deposit,321.61,CAD
CA00019484,2025-03-08,BR008,TLR-7362,C502272,cash withdrawal,590.55,CAD
CA00022059,2025-03-24,BR023,TLR-3969,C501217,cash deposit,639.16,CAD
CA00019298,2025-03-24,BR008,TLR-7262,C500570,cash withdrawal,1152.33,CAD
CA00022108,2025-03-25,BR023,TLR-1020,C501960,cash withdrawal,772.55,CAD
CA00018213,2025-03-23,BR002,TLR-7442,C501067,cash withdrawal,-1792.14,CAD
CA00024653,2025-03-30,BR035,TLR-3478,C502687,cash deposit,3174.23,CAD
CA00024971,2025-03-09,BR036,TLR-9917,C503443,cash deposit,1627.65,CAD
CA00021838,2025-03-09,BR021,TLR-8670,C501841,cash deposit,1532.9,CAD
CA00018331,2025-03-04,BR003,TLR-3539,C502903,cash withdrawal,1334.0,CAD
CA00020593,2025-03-25,BR015,TLR-9450,C503752,cash deposit,1370.14,CAD
CA00020185,2025-03-16,BR013,TLR-5188,C503139,cash withdrawal,165.31,CAD
CA00021400,2025-03-26,BR019,TLR-7110,C501391,cash withdrawal,419.37,CAD
CA00018790,2025-03-18,BR005,TLR-1383,C503098,cash withdrawal,3340.2,CAD
CA00022014,2025-03-04,BR022,TLR-2410,C502400,cash withdrawal,2013.54,CAD
CA00019707,2025-03-29,BR009,TLR-2832,C503799,cash deposit,1120.22,CAD
CA00020786,2025-03-16,BR016,TLR-8571,C500825,cash deposit,1294.56,CAD
CA00018124,2025-03-12,BR002,TLR-2516,C501826,cash deposit,1427.59,CAD
CA00020813,2025-03-17,BR016,TLR-5924,C501176,cash withdrawal,861.25,CAD
CA00023865,2025-03-20,BR031,TLR-5294,C500921,cash deposit,1180.15,CAD
CA00018964,2025-03-06,BR006,TLR-7031,C501677,cash deposit,561.04,CAD
CA00020513,2025-03-31,BR014,TLR-3678,C501741,cash deposit,1663.55,CAD
CA00025716,2025-03-27,BR040,TLR-1377,C501086,cash withdrawal,180.98,CAD
CA00019917,2025-03-04,BR011,TLR-2013,C501585,cash withdrawal,1005.3,CAD
CA00024639,2025-03-15,BR035,TLR-2574,C502335,cash deposit,2463.25,CAD
CA00024429,2025-03-29,BR035,TLR-4628,C500056,cash deposit,638.48,CAD
CA00019153,2025-03-06,BR007,TLR-3711,C500411,cash withdrawal,3088.41,CAD
CA00018129,2025-03-19,BR002,TLR-2817,C503777,cash withdrawal,-2232.12,CAD
CA00018135,2025-03-16,BR002,TLR-4388,C501178,cash deposit,920.53,CAD
CA00025209,2025-03-23,BR037,TLR-8570,C503034,cash deposit,830.75,CAD
CA00022685,2025-03-30,BR026,TLR-6314,C501786,cash withdrawal,-1195.5,CAD
CA00024452,2025-03-11,BR035,TLR-6998,C501334,cash withdrawal,514.61,CAD
CA00019809,2025-03-22,BR010,TLR-8333,C503463,cash deposit,1679.35,CAD
CA00019968,2025-03-23,BR012,TLR-7964,C503730,cash deposit,1183.62,CAD
CA00025588,2025-03-26,BR039,TLR-7050,C502762,cash withdrawal,332.15,CAD
CA00020793,2025-03-28,BR016,TLR-9075,C500763,cash deposit,192.57,CAD
CA00018367,2025-03-26,BR003,TLR-8277,C502541,cash withdrawal,828.22,CAD
CA00022572,2025-03-29,BR025,TLR-6476,C502547,cash deposit,1707.61,CAD
CA00019384,2025-03-01,BR008,TLR-3276,C502073,cash withdrawal,406.04,CAD
CA00019045,2025-03-24,BR006,TLR-2638,C503873,cash withdrawal,453.44,CAD
CA00017822,2025-03-28,BR001,TLR-8801,C500885,cash withdrawal,1529.81,CAD
CA00025860,2025-03-07,BR040,TLR-5345,C500875,cash deposit,3544.45,CAD
CA00022330,2025-03-28,BR024,TLR-4777,C500963,cash deposit,376.13,CAD
CA00022321,2025-03-13,BR024,TLR-6753,C500205,cash withdrawal,1429.18,CAD
CA00023252,2025-03-16,BR029,TLR-4146,C500438,cash withdrawal,1370.93,CAD
CA00021263,2025-03-08,BR018,TLR-2798,C503503,cash deposit,1323.47,CAD
CA00022035,2025-03-14,BR022,TLR-6636,C501389,cash withdrawal,745.25,CAD
CA00023954,2025-03-29,BR032,TLR-6307,C503712,cash deposit,1273.25,CAD
CA00019056,2025-03-27,BR007,TLR-6837,C502667,cash deposit,3576.11,CAD
CA00019818,2025-03-26,BR010,TLR-6541,C500900,cash withdrawal,1261.41,CAD
CA00026442,2025-03-16,BR040,TLR-2752,C502478,cash deposit,1625.7,CAD
CA00023959,2025-03-21,BR032,TLR-2347,C503655,cash withdrawal,868.26,CAD
CA00025047,2025-03-15,BR037,TLR-1724,C500507,cash deposit,616.54,CAD
CA00020836,2025-03-13,BR016,TLR-2814,C500801,cash withdrawal,2504.94,CAD
CA00026335,2025-03-23,BR040,TLR-7797,C502063,cash deposit,2394.48,CAD
CA00020840,2025-03-15,BR016,TLR-2322,C502086,cash withdrawal,1516.46,CAD
CA00023257,2025-03-04,BR029,TLR-1951,C503517,cash deposit,806.14,CAD
CA00022694,2025-03-29,BR026,TLR-7728,C500624,cash withdrawal,-1481.76,CAD
CA00021632,2025-03-28,BR020,TLR-7313,C500897,cash deposit,1507.13,USD
CA00020144,2025-03-24,BR012,TLR-1406,C501437,cash deposit,213.65,CAD
CA00018572,2025-03-19,BR004,TLR-1406,C500198,cash withdrawal,293.74,CAD
CA00026116,2025-03-27,BR040,TLR-1654,C503631,cash deposit,1156.26,CAD
CA00021651,2025-03-17,BR020,TLR-5006,C500296,cash deposit,3818.87,USD
CA00020567,2025-03-25,BR015,TLR-3102,C502019,cash withdrawal,1620.31,CAD
CA00026198,2025-03-13,BR040,TLR-2907,C501788,cash deposit,664.26,CAD
CA00024600,2025-03-29,BR035,TLR-5671,C501136,cash withdrawal,396.42,CAD
CA00018644,2025-03-21,BR004,TLR-3550,C503565,cash withdrawal,1343.09,CAD
CA00024728,2025-03-19,BR036,TLR-1710,C501173,cash withdrawal,843.1,CAD
CA00022463,2025-03-13,BR025,TLR-4123,C500411,cash withdrawal,-2341.45,CAD
CA00022688,2025-03-21,BR026,TLR-2302,C503490,cash deposit,471.24,CAD
CA00025958,2025-03-20,BR040,TLR-7700,C502281,cash deposit,780.25,CAD
CA00026495,2025-03-21,BR040,TLR-5566,C503593,cash withdrawal,507.42,CAD
CA00019254,2025-03-14,BR007,TLR-3902,C503383,cash withdrawal,874.32,CAD
CA00021250,2025-03-28,BR018,TLR-9793,C502240,cash deposit,434.51,CAD
CA00018856,2025-03-26,BR006,TLR-8365,C503592,cash deposit,942.14,CAD
CA00023413,2025-03-27,BR030,TLR-6488,C503248,cash deposit,2216.97,CAD
CA00019365,2025-03-22,BR008,TLR-2671,C502976,cash deposit,1989.75,CAD
CA00025969,2025-03-08,BR040,TLR-9951,C503432,cash withdrawal,1496.85,CAD
CA00025049,2025-03-20,BR037,TLR-6223,C501985,cash withdrawal,511.23,CAD
CA00025999,2025-03-28,BR040,TLR-2731,C503055,cash withdrawal,3332.84,CAD
CA00019126,2025-03-02,BR007,TLR-9330,C502133,cash withdrawal,523.52,CAD
CA00019947,2025-03-18,BR011,TLR-2419,C502755,cash deposit,505.49,CAD
CA00023999,2025-03-31,BR032,TLR-7118,C500449,cash withdrawal,570.78,CAD
CA00021872,2025-03-25,BR021,TLR-7676,C501428,cash deposit,734.16,CAD
CA00021881,2025-03-30,BR021,TLR-1850,C501038,cash withdrawal,1388.05,CAD
CA00020113,2025-03-28,BR012,TLR-4559,C501218,cash deposit,3155.15,CAD
CA00019686,2025-03-25,BR009,TLR-9790,C502719,cash withdrawal,514.8,CAD
CA00024527,2025-03-05,BR035,TLR-1137,C502003,cash deposit,827.28,CAD
CA00018229,2025-03-08,BR002,TLR-9676,C501433,cash deposit,1737.04,CAD
CA00025054,2025-03-18,BR037,TLR-8577,C503577,cash withdrawal,856.87,CAD
CA00023624,2025-03-30,BR030,TLR-2212,C501504,cash withdrawal,1101.08,CAD
CA00019699,2025-03-29,BR009,TLR-8056,C500052,cash deposit,1129.27,CAD
CA00018750,2025-03-15,BR005,TLR-6807,C503764,cash withdrawal,634.03,CAD
CA00026115,2025-03-31,BR040,TLR-4761,C501306,cash deposit,740.76,CAD
CA00021322,2025-03-02,BR018,TLR-5930,C500437,cash withdrawal,1214.29,CAD
CA00020370,2025-03-02,BR014,TLR-9567,C500203,cash deposit,1254.73,CAD
CA00025341,2025-03-28,BR038,TLR-5789,C500203,cash deposit,2913.82,CAD
CA00023699,2025-03-28,BR031,TLR-1105,C501892,cash deposit,1401.19,CAD
CA00021854,2025-03-22,BR021,TLR-4732,C503143,cash deposit,961.77,CAD
CA00024239,2025-03-02,BR033,TLR-3814,C500483,cash deposit,810.93,CAD
CA00024891,2025-03-02,BR036,TLR-7656,C502099,cash deposit,1155.35,CAD
CA00018118,2025-03-31,BR002,TLR-8565,C503012,cash withdrawal,-695.72,CAD
CA00018238,2025-03-06,BR003,TLR-7344,C502082,cash deposit,2935.03,CAD
CA00022086,2025-03-25,BR023,TLR-5953,C501475,cash deposit,774.12,CAD
CA00021823,2025-03-16,BR021,TLR-8358,C502121,cash deposit,2153.88,CAD
CA00021387,2025-03-26,BR019,TLR-6591,C500704,cash deposit,623.36,CAD
CA00018200,2025-03-26,BR002,TLR-6716,C503651,cash withdrawal,-425.93,CAD
CA00021501,2025-03-10,BR019,TLR-9656,C502201,cash withdrawal,1031.19,CAD
CA00018618,2025-03-28,BR004,TLR-8837,C503561,cash deposit,358.84,CAD
CA00019680,2025-03-19,BR009,TLR-1650,C500743,cash deposit,309.47,CAD
CA00026510,2025-03-11,BR040,TLR-5530,C502979,cash deposit,875.94,CAD
CA00024080,2025-03-22,BR033,TLR-9037,C500087,cash deposit,1352.11,CAD
CA00019766,2025-03-16,BR010,TLR-6844,C501059,cash withdrawal,1200.73,CAD
CA00025939,2025-03-31,BR040,TLR-2309,C500049,cash withdrawal,2424.71,CAD
CA00024821,2025-03-02,BR036,TLR-7507,C500332,cash withdrawal,1554.65,CAD
CA00023397,2025-03-12,BR030,TLR-5162,C503208,cash deposit,683.01,CAD
CA00025073,2025-03-18,BR037,TLR-6539,C500852,cash withdrawal,1149.18,CAD
CA00025285,2025-03-25,BR038,TLR-9073,C501588,cash withdrawal,1376.01,CAD
CA00023332,2025-03-18,BR029,TLR-1095,C500964,cash withdrawal,186.77,CAD
CA00017746,2025-03-07,BR001,TLR-9687,C502255,cash deposit,801.68,CAD
CA00018899,2025-03-07,BR006,TLR-1270,C502380,cash withdrawal,2818.89,CAD
CA00024913,2025-03-12,BR036,TLR-3193,C500725,cash deposit,1154.35,CAD
CA00025807,2025-03-19,BR040,TLR-4420,C500916,cash deposit,1906.57,CAD
CA00020908,2025-03-07,BR016,TLR-7570,C501176,cash withdrawal,1149.55,CAD
CA00021933,2025-03-24,BR021,TLR-1460,C500873,cash deposit,933.77,CAD
CA00021079,2025-03-23,BR017,TLR-5179,C502695,cash deposit,1277.03,CAD
CA00021194,2025-03-21,BR017,TLR-7396,C502120,cash deposit,866.99,CAD
CA00026448,2025-03-19,BR040,TLR-6206,C500090,cash deposit,1050.99,CAD
CA00025406,2025-03-22,BR038,TLR-1370,C500797,cash deposit,322.65,CAD
CA00018310,2025-03-31,BR003,TLR-3446,C501625,cash deposit,3254.76,CAD
CA00024786,2025-03-17,BR036,TLR-3378,C501883,cash withdrawal,2660.06,CAD
CA00018448,2025-03-06,BR003,TLR-8832,C502685,cash deposit,356.42,CAD
CA00018577,2025-03-08,BR004,TLR-8928,C500726,cash withdrawal,1239.97,CAD
CA00020823,2025-03-24,BR016,TLR-1102,C503819,cash deposit,655.13,CAD
CA00019143,2025-03-29,BR007,TLR-1178,C501990,cash deposit,586.48,CAD
CA00021753,2025-03-11,BR020,TLR-1074,C501344,cash deposit,784.19,USD
CA00024905,2025-03-05,BR036,TLR-4948,C502250,cash deposit,1130.47,CAD
CA00026351,2025-03-24,BR040,TLR-7371,C500734,cash withdrawal,721.35,CAD
CA00020531,2025-03-18,BR015,TLR-9975,C502355,cash deposit,708.16,CAD
CA00023263,2025-03-15,BR029,TLR-7865,C500231,cash withdrawal,1041.62,CAD
CA00018947,2025-03-05,BR006,TLR-8378,C501460,cash deposit,439.93,CAD
CA00025501,2025-03-02,BR039,TLR-9439,C502435,cash deposit,554.38,CAD
CA00022801,2025-03-30,BR026,TLR-9758,C503331,cash withdrawal,-339.52,CAD
CA00018995,2025-03-31,BR006,TLR-9694,C500983,cash withdrawal,2518.96,CAD
CA00025600,2025-03-08,BR039,TLR-7937,C503208,cash deposit,1283.8,CAD
CA00019736,2025-03-27,BR010,TLR-4643,C502443,cash withdrawal,613.94,CAD
CA00020006,2025-03-13,BR012,TLR-1863,C503764,cash withdrawal,1082.8,CAD
CA00023166,2025-03-11,BR028,TLR-3947,C500325,cash withdrawal,2327.63,CAD
CA00020552,2025-03-15,BR015,TLR-3137,C502176,cash deposit,860.38,CAD
CA00024742,2025-03-30,BR036,TLR-1416,C500269,cash withdrawal,1306.46,CAD
CA00021197,2025-03-16,BR017,TLR-9115,C503851,cash deposit,353.67,CAD
CA00023387,2025-03-02,BR030,TLR-6226,C500671,cash withdrawal,1053.54,CAD
CA00022368,2025-03-18,BR024,TLR-9388,C501623,cash deposit,1768.77,CAD
CA00021724,2025-03-29,BR020,TLR-4799,C501968,cash withdrawal,631.79,USD
CA00021331,2025-03-26,BR018,TLR-9620,C500410,cash withdrawal,389.21,CAD
CA00024723,2025-03-18,BR036,TLR-7313,C500315,cash deposit,1632.86,CAD
CA00021828,2025-03-05,BR021,TLR-4223,C503119,cash deposit,497.92,CAD
CA00025814,2025-03-16,BR040,TLR-8204,C502515,cash withdrawal,1443.86,CAD
CA00019563,2025-03-15,BR009,TLR-3512,C502254,cash withdrawal,840.4,CAD
CA00017887,2025-03-27,BR001,TLR-8561,C500339,cash withdrawal,1974.59,CAD
CA00023065,2025-03-17,BR027,TLR-1971,C502951,cash withdrawal,730.98,CAD
CA00024612,2025-03-16,BR035,TLR-8065,C501031,cash deposit,684.31,CAD
CA00020054,2025-03-21,BR012,TLR-1540,C502818,cash deposit,906.6,CAD
CA00018873,2025-03-05,BR006,TLR-1877,C502238,cash deposit,2149.04,CAD
CA00022632,2025-03-29,BR025,TLR-6260,C502931,cash withdrawal,-1107.37,CAD
CA00020807,2025-03-10,BR016,TLR-7077,C500849,cash deposit,919.22,CAD
CA00026274,2025-03-29,BR040,TLR-1795,C501217,cash deposit,1005.43,CAD
CA00020585,2025-03-09,BR015,TLR-4200,C502447,cash withdrawal,1232.16,CAD
CA00019000,2025-03-19,BR006,TLR-6130,C501024,cash deposit,2407.59,CAD
CA00025229,2025-03-23,BR037,TLR-8175,C501479,cash deposit,2628.22,CAD
CA00023341,2025-03-27,BR029,TLR-1023,C502984,cash withdrawal,523.64,CAD
CA00024534,2025-03-03,BR035,TLR-9376,C503602,cash withdrawal,1644.87,CAD
CA00019332,2025-03-21,BR008,TLR-5844,C501372,cash deposit,325.65,CAD
CA00025693,2025-03-08,BR040,TLR-1604,C503958,cash withdrawal,1403.03,CAD
CA00023994,2025-03-31,BR032,TLR-9768,C501580,cash deposit,1547.05,CAD
CA00022074,2025-03-12,BR023,TLR-7214,C503868,cash deposit,645.15,CAD
CA00022274,2025-03-23,BR024,TLR-7555,C503965,cash deposit,592.75,CAD
CA00021159,2025-03-12,BR017,TLR-5695,C500917,cash deposit,2640.75,CAD
CA00020168,2025-03-31,BR012,TLR-6336,C501558,cash deposit,736.5,CAD
CA00022783,2025-03-31,BR026,TLR-2560,C502530,cash withdrawal,-635.88,CAD
CA00024925,2025-03-13,BR036,TLR-5334,C502068,cash withdrawal,2105.26,CAD
CA00026199,2025-03-08,BR040,TLR-1217,C502878,cash deposit,1811.62,CAD
CA00019965,2025-03-07,BR012,TLR-7922,C500168,cash withdrawal,678.94,CAD
CA00019113,2025-03-11,BR007,TLR-1852,C502229,cash withdrawal,1623.66,CAD
CA00022848,2025-03-31,BR026,TLR-7950,C501999,cash deposit,917.68,CAD
CA00025416,2025-03-05,BR038,TLR-6891,C500324,cash withdrawal,710.03,CAD
CA00023032,2025-03-02,BR027,TLR-2095,C500794,cash deposit,192.0,CAD
CA00018622,2025-03-20,BR004,TLR-6960,C502963,cash deposit,1518.58,CAD
CA00021402,2025-03-13,BR019,TLR-3518,C500869,cash withdrawal,346.57,CAD
CA00021482,2025-03-19,BR019,TLR-1046,C501720,cash deposit,1207.25,CAD
CA00026370,2025-03-17,BR040,TLR-2803,C502045,cash withdrawal,629.53,CAD
CA00022296,2025-03-12,BR024,TLR-4902,C500540,cash withdrawal,1083.03,CAD
CA00026313,2025-03-16,BR040,TLR-7909,C501302,cash withdrawal,838.63,CAD
CA00026170,2025-03-01,BR040,TLR-2158,C500172,cash deposit,213.98,CAD
CA00023881,2025-03-28,BR031,TLR-5597,C501743,cash withdrawal,1538.79,CAD
CA00024746,2025-03-07,BR036,TLR-3868,C502814,cash deposit,1269.98,CAD
CA00024291,2025-03-11,BR034,TLR-9776,C503070,cash deposit,261.68,CAD
CA00022382,2025-03-24,BR024,TLR-3837,C502304,cash withdrawal,1558.25,CAD
CA00024146,2025-03-15,BR033,TLR-6370,C502979,cash deposit,1939.01,CAD
CA00024994,2025-03-17,BR037,TLR-7498,C500428,cash withdrawal,1375.74,CAD
CA00019059,2025-03-08,BR007,TLR-7585,C501573,cash deposit,1058.9,CAD
CA00019728,2025-03-08,BR009,TLR-3632,C501003,cash withdrawal,1934.88,CAD
CA00024428,2025-03-12,BR035,TLR-2044,C503746,cash deposit,1497.63,CAD
CA00023739,2025-03-10,BR031,TLR-7623,C502481,cash withdrawal,1518.7,CAD
CA00024312,2025-03-18,BR034,TLR-4513,C501938,cash withdrawal,834.93,CAD
CA00020213,2025-03-05,BR013,TLR-9031,C503824,cash deposit,430.91,CAD
CA00021288,2025-03-19,BR018,TLR-1735,C503651,cash deposit,3918.84,CAD
CA00023810,2025-03-26,BR031,TLR-1334,C502488,cash withdrawal,691.66,CAD
CA00023602,2025-03-31,BR030,TLR-5980,C503770,cash withdrawal,742.85,CAD
CA00020682,2025-03-05,BR015,TLR-9305,C503234,cash withdrawal,946.05,CAD
CA00019410,2025-03-14,BR008,TLR-2194,C502715,cash withdrawal,1255.74,CAD
CA00022313,2025-03-11,BR024,TLR-2921,C502129,cash withdrawal,1120.36,CAD
CA00022338,2025-03-02,BR024,TLR-1665,C502108,cash deposit,1161.49,CAD
CA00025051,2025-03-18,BR037,TLR-1418,C501350,cash deposit,2020.31,CAD
CA00020743,2025-03-07,BR015,TLR-2023,C501213,cash withdrawal,772.37,CAD
CA00019004,2025-03-09,BR006,TLR-7957,C500869,cash withdrawal,1026.43,CAD
CA00022623,2025-03-21,BR025,TLR-4477,C503001,cash deposit,3752.47,CAD
CA00026329,2025-03-16,BR040,TLR-1782,C503533,cash withdrawal,1885.54,CAD
CA00025004,2025-03-10,BR037,TLR-4097,C500413,cash deposit,1219.01,CAD
CA00019398,2025-03-01,BR008,TLR-3046,C503262,cash deposit,689.48,CAD
CA00020364,2025-03-12,BR014,TLR-6265,C503156,cash deposit,1523.92,CAD
CA00025411,2025-03-29,BR038,TLR-9069,C502658,cash deposit,2090.35,CAD
CA00025675,2025-03-03,BR039,TLR-4996,C502241,cash deposit,1021.65,CAD
CA00024237,2025-03-08,BR033,TLR-3196,C500442,cash deposit,656.68,CAD
CA00018683,2025-03-21,BR004,TLR-2590,C500593,cash deposit,2033.08,CAD
CA00021122,2025-03-31,BR017,TLR-9910,C500986,cash deposit,341.75,CAD
CA00025144,2025-03-16,BR037,TLR-6523,C501999,cash deposit,1929.74,CAD
CA00020026,2025-03-03,BR012,TLR-4050,C500714,cash deposit,868.41,CAD
CA00026283,2025-03-30,BR040,TLR-7228,C500839,cash withdrawal,1408.47,CAD
CA00023339,2025-03-29,BR029,TLR-2155,C500369,cash withdrawal,786.97,CAD
CA00020809,2025-03-21,BR016,TLR-3373,C503179,cash withdrawal,417.82,CAD
CA00021457,2025-03-04,BR019,TLR-1936,C500524,cash deposit,1097.59,CAD
CA00023605,2025-03-24,BR030,TLR-2566,C500008,cash deposit,920.58,CAD
CA00020369,2025-03-19,BR014,TLR-4155,C500780,cash deposit,381.18,CAD
CA00025590,2025-03-31,BR039,TLR-7813,C502291,cash deposit,1816.1,CAD
CA00018063,2025-03-27,BR002,TLR-4800,C502653,cash withdrawal,-766.23,CAD
CA00024350,2025-03-03,BR034,TLR-7774,C500015,cash deposit,555.62,CAD
CA00019220,2025-03-17,BR007,TLR-2126,C500517,cash withdrawal,734.32,CAD
CA00026197,2025-03-17,BR040,TLR-7491,C501695,cash withdrawal,544.44,CAD
CA00022732,2025-03-27,BR026,TLR-5902,C501737,cash deposit,511.64,CAD
CA00020752,2025-03-05,BR015,TLR-7503,C500849,cash withdrawal,502.72,CAD
CA00023988,2025-03-24,BR032,TLR-7329,C502269,cash deposit,866.99,CAD
CA00025064,2025-03-23,BR037,TLR-4769,C500046,cash withdrawal,871.67,CAD
CA00024680,2025-03-27,BR036,TLR-9012,C502640,cash deposit,603.75,CAD
CA00022460,2025-03-10,BR025,TLR-8785,C503575,cash withdrawal,-1529.51,CAD
CA00017749,2025-03-12,BR001,TLR-8373,C503403,cash withdrawal,640.31,CAD
CA00021373,2025-03-14,BR019,TLR-6106,C500941,cash withdrawal,1617.92,CAD
CA00021865,2025-03-28,BR021,TLR-3038,C500192,cash deposit,341.3,CAD
CA00018714,2025-03-02,BR004,TLR-5458,C503756,cash deposit,507.71,CAD
CA00018680,2025-03-17,BR004,TLR-6351,C501211,cash deposit,1292.42,CAD
CA00026480,2025-03-26,BR040,TLR-7279,C500654,cash withdrawal,513.7,CAD
CA00019883,2025-03-07,BR010,TLR-6462,C502003,cash withdrawal,412.11,CAD
CA00018234,2025-03-26,BR002,TLR-9315,C502400,cash deposit,673.45,CAD
CA00018699,2025-03-19,BR004,TLR-5980,C502543,cash deposit,1602.14,CAD
CA00023828,2025-03-07,BR031,TLR-9380,C500116,cash deposit,661.53,CAD
CA00024553,2025-03-26,BR035,TLR-6123,C500217,cash withdrawal,1934.93,CAD
CA00022113,2025-03-21,BR023,TLR-7445,C502794,cash withdrawal,723.15,CAD
CA00022283,2025-03-26,BR024,TLR-9074,C500096,cash deposit,1512.32,CAD
CA00022176,2025-03-20,BR024,TLR-7526,C502960,cash withdrawal,717.69,CAD
CA00021707,2025-03-19,BR020,TLR-3150,C503479,cash withdrawal,785.03,USD
CA00018684,2025-03-24,BR004,TLR-6013,C502223,cash withdrawal,2916.77,CAD
CA00017957,2025-03-30,BR001,TLR-2143,C503112,cash deposit,2004.3,CAD
CA00025467,2025-03-23,BR038,TLR-2354,C500472,cash withdrawal,503.48,CAD
CA00022535,2025-03-02,BR025,TLR-9709,C502428,cash deposit,2522.06,CAD
CA00022829,2025-03-24,BR026,TLR-5132,C501232,cash deposit,459.62,CAD
CA00023507,2025-03-19,BR030,TLR-3878,C502771,cash withdrawal,731.36,CAD
CA00020767,2025-03-08,BR016,TLR-8020,C501193,cash deposit,1509.21,CAD
CA00019424,2025-03-04,BR008,TLR-9308,C501088,cash deposit,465.86,CAD
CA00020157,2025-03-31,BR012,TLR-6414,C501414,cash deposit,2002.82,CAD
CA00020382,2025-03-16,BR014,TLR-4053,C501677,cash withdrawal,596.68,CAD
CA00018389,2025-03-01,BR003,TLR-3643,C502593,cash deposit,1417.63,CAD
CA00019099,2025-03-12,BR007,TLR-6353,C502795,cash deposit,1167.85,CAD
CA00022676,2025-03-29,BR026,TLR-1935,C501789,cash withdrawal,-473.18,CAD
CA00022929,2025-03-29,BR027,TLR-4414,C502590,cash withdrawal,823.59,CAD
CA00025811,2025-03-26,BR040,TLR-3323,C501366,cash deposit,2377.14,CAD
CA00020627,2025-03-27,BR015,TLR-5580,C503834,cash withdrawal,1936.85,CAD
CA00022072,2025-03-09,BR023,TLR-3717,C503006,cash deposit,601.24,CAD
CA00023324,2025-03-27,BR029,TLR-2873,C502894,cash withdrawal,300.86,CAD
CA00020088,2025-03-27,BR012,TLR-8525,C501103,cash deposit,353.52,CAD
CA00020048,2025-03-15,BR012,TLR-8285,C501915,cash deposit,786.91,CAD
CA00024269,2025-03-09,BR034,TLR-1750,C500609,cash deposit,769.04,CAD
CA00025057,2025-03-01,BR037,TLR-4165,C500509,cash withdrawal,659.56,CAD
CA00024348,2025-03-12,BR034,TLR-2643,C501850,cash deposit,700.01,CAD
CA00018422,2025-03-31,BR003,TLR-4356,C502548,cash withdrawal,1818.8,CAD
CA00026258,2025-03-26,BR040,TLR-4239,C502530,cash deposit,1052.39,CAD
CA00022934,2025-03-07,BR027,TLR-7051,C503713,cash deposit,1030.08,CAD
CA00024072,2025-03-02,BR033,TLR-9189,C502618,cash withdrawal,994.72,CAD
CA00018993,2025-03-11,BR006,TLR-9658,C501465,cash withdrawal,705.26,CAD
CA00020262,2025-03-20,BR013,TLR-9532,C500867,cash withdrawal,546.81,CAD
CA00023753,2025-03-29,BR031,TLR-8208,C502643,cash deposit,1180.2,CAD
CA00023734,2025-03-28,BR031,TLR-4573,C500310,cash deposit,697.55,CAD
CA00019351,2025-03-25,BR008,TLR-3189,C500535,cash withdrawal,294.41,CAD
CA00024827,2025-03-15,BR036,TLR-1572,C503844,cash deposit,1219.08,CAD
CA00023730,2025-03-16,BR031,TLR-3878,C500782,cash deposit,4524.87,CAD
CA00021390,2025-03-05,BR019,TLR-5844,C503225,cash deposit,198.03,CAD
CA00019315,2025-03-15,BR008,TLR-6487,C503424,cash withdrawal,1042.77,CAD
CA00019954,2025-03-15,BR012,TLR-8809,C502679,cash withdrawal,338.67,CAD
CA00022963,2025-03-08,BR027,TLR-4826,C503343,cash deposit,283.83,CAD
CA00021036,2025-03-03,BR017,TLR-2497,C502102,cash withdrawal,753.16,CAD
CA00021419,2025-03-10,BR019,TLR-7622,C503205,cash withdrawal,1782.56,CAD
CA00025832,2025-03-28,BR040,TLR-7964,C502635,cash withdrawal,1728.55,CAD
CA00025898,2025-03-09,BR040,TLR-8800,C500700,cash withdrawal,1223.81,CAD
CA00024465,2025-03-04,BR035,TLR-1093,C502431,cash deposit,1484.27,CAD
CA00022398,2025-03-30,BR024,TLR-5990,C501822,cash deposit,532.66,CAD
CA00024280,2025-03-12,BR034,TLR-6053,C501204,cash deposit,1084.23,CAD
CA00025977,2025-03-18,BR040,TLR-3536,C502368,cash withdrawal,1305.34,CAD
CA00022805,2025-03-31,BR026,TLR-8109,C503802,cash withdrawal,-358.06,CAD
CA00023106,2025-03-20,BR028,TLR-2128,C501527,cash withdrawal,1441.41,CAD
CA00018339,2025-03-27,BR003,TLR-7504,C502344,cash deposit,1390.48,CAD
CA00021321,2025-03-18,BR018,TLR-5472,C503409,cash deposit,517.39,CAD
CA00021077,2025-03-07,BR017,TLR-1997,C503772,cash deposit,419.3,CAD
CA00025616,2025-03-24,BR039,TLR-2564,C501670,cash deposit,2781.5,CAD
CA00021575,2025-03-28,BR019,TLR-8700,C503176,cash withdrawal,1029.82,CAD
CA00024383,2025-03-16,BR034,TLR-8718,C500192,cash withdrawal,1984.29,CAD
CA00023243,2025-03-26,BR029,TLR-7858,C500495,cash withdrawal,1728.65,CAD
CA00022630,2025-03-18,BR025,TLR-5310,C503463,cash withdrawal,-259.42,CAD
CA00019770,2025-03-15,BR010,TLR-6876,C503983,cash withdrawal,1741.79,CAD
CA00019978,2025-03-17,BR012,TLR-8517,C503461,cash withdrawal,415.8,CAD
CA00024264,2025-03-02,BR034,TLR-8247,C502678,cash deposit,1046.34,CAD
CA00022468,2025-03-13,BR025,TLR-3609,C503174,cash withdrawal,-1324.97,CAD
CA00022735,2025-03-31,BR026,TLR-4597,C502710,cash withdrawal,-1009.92,CAD
CA00017702,2025-03-26,BR001,TLR-5742,C502770,cash deposit,5357.63,CAD
CA00018886,2025-03-09,BR006,TLR-3462,C500605,cash withdrawal,1511.86,CAD
CA00025127,2025-03-11,BR037,TLR-9786,C501138,cash withdrawal,731.99,CAD
CA00025585,2025-03-23,BR039,TLR-2217,C501740,cash deposit,674.09,CAD
CA00021480,2025-03-09,BR019,TLR-7669,C501463,cash deposit,1176.66,CAD
CA00020894,2025-03-01,BR016,TLR-2114,C503367,cash withdrawal,1827.52,CAD
CA00022791,2025-03-31,BR026,TLR-1132,C501296,cash withdrawal,-2000.75,CAD
CA00022984,2025-03-11,BR027,TLR-2692,C502582,cash deposit,355.41,CAD
CA00024298,2025-03-30,BR034,TLR-8192,C501908,cash withdrawal,278.03,CAD
CA00019733,2025-03-07,BR010,TLR-3416,C501040,cash withdrawal,1089.79,CAD
CA00017777,2025-03-08,BR001,TLR-7562,C501957,cash withdrawal,583.12,CAD
CA00020511,2025-03-13,BR014,TLR-9742,C503119,cash withdrawal,445.62,CAD
CA00021648,2025-03-24,BR020,TLR-2472,C503662,cash deposit,864.07,USD
CA00022631,2025-03-03,BR025,TLR-6571,C502170,cash withdrawal,-2451.86,CAD
CA00021369,2025-03-05,BR019,TLR-1224,C502817,cash withdrawal,4349.93,CAD
CA00019808,2025-03-26,BR010,TLR-2300,C503985,cash withdrawal,234.54,CAD
CA00026147,2025-03-10,BR040,TLR-8516,C502217,cash withdrawal,937.69,CAD
CA00019066,2025-03-25,BR007,TLR-6680,C502678,cash withdrawal,460.63,CAD
CA00022097,2025-03-11,BR023,TLR-1939,C501779,cash withdrawal,2556.41,CAD
CA00022448,2025-03-21,BR025,TLR-6117,C502866,cash withdrawal,-1771.94,CAD
CA00021199,2025-03-27,BR017,TLR-9469,C500513,cash withdrawal,921.58,CAD
CA00020643,2025-03-06,BR015,TLR-1915,C502104,cash deposit,2811.19,CAD
CA00020741,2025-03-13,BR015,TLR-8937,C500191,cash deposit,1774.33,CAD
CA00018487,2025-03-02,BR004,TLR-3584,C501133,cash deposit,2999.58,CAD
CA00025015,2025-03-15,BR037,TLR-7304,C502961,cash withdrawal,612.98,CAD
CA00026252,2025-03-26,BR040,TLR-8214,C500084,cash deposit,1511.32,CAD
CA00019764,2025-03-14,BR010,TLR-4097,C502844,cash deposit,5289.11,CAD
CA00025071,2025-03-07,BR037,TLR-7652,C503425,cash withdrawal,226.19,CAD
CA00018945,2025-03-19,BR006,TLR-7723,C501242,cash deposit,1398.89,CAD
CA00025574,2025-03-25,BR039,TLR-8024,C503011,cash deposit,3189.73,CAD
CA00025466,2025-03-24,BR038,TLR-7850,C500532,cash deposit,2946.8,CAD
CA00053292,2025-03-30,BR007,TLR-7356,W941765,cash deposit,517.57,CAD
CA00020338,2025-03-18,BR014,TLR-6714,C503102,cash deposit,530.56,CAD
CA00025980,2025-03-20,BR040,TLR-9390,C502340,cash deposit,870.52,CAD
CA00018467,2025-03-08,BR004,TLR-6196,C502194,cash withdrawal,1610.8,CAD
CA00019157,2025-03-02,BR007,TLR-7537,C502289,cash deposit,373.18,CAD
CA00023628,2025-03-26,BR030,TLR-7166,C500434,cash deposit,871.48,CAD
CA00018943,2025-03-06,BR006,TLR-8729,C502337,cash withdrawal,283.95,CAD
CA00020850,2025-03-14,BR016,TLR-3755,C503419,cash deposit,1295.08,CAD
CA00017920,2025-03-19,BR001,TLR-4852,C503520,cash deposit,1933.61,CAD
CA00026402,2025-03-12,BR040,TLR-6351,C500565,cash deposit,655.31,CAD
CA00025530,2025-03-29,BR039,TLR-2159,C503808,cash deposit,5486.45,CAD
CA00020309,2025-03-05,BR014,TLR-2911,C503666,cash deposit,431.93,CAD
CA00023829,2025-03-23,BR031,TLR-2346,C500923,cash withdrawal,623.99,CAD
CA00024729,2025-03-30,BR036,TLR-1110,C500094,cash deposit,658.17,CAD
CA00019848,2025-03-12,BR010,TLR-4003,C501502,cash deposit,1298.56,CAD
CA00024310,2025-03-24,BR034,TLR-8556,C501394,cash deposit,1541.78,CAD
CA00021354,2025-03-08,BR019,TLR-6313,C501076,cash withdrawal,1321.05,CAD
CA00026363,2025-03-23,BR040,TLR-6036,C503109,cash withdrawal,1161.16,CAD
CA00025297,2025-03-08,BR038,TLR-6576,C503809,cash deposit,986.47,CAD
CA00021868,2025-03-08,BR021,TLR-5689,C502700,cash withdrawal,779.31,CAD
CA00025620,2025-03-29,BR039,TLR-1104,C502980,cash deposit,1131.19,CAD
CA00024263,2025-03-18,BR034,TLR-7125,C502286,cash withdrawal,1448.37,CAD
CA00019565,2025-03-27,BR009,TLR-4903,C502339,cash deposit,565.54,CAD
CA00023510,2025-03-17,BR030,TLR-1461,C500955,cash withdrawal,275.48,CAD
CA00019868,2025-03-17,BR010,TLR-4769,C502939,cash withdrawal,2948.75,CAD
CA00019874,2025-03-09,BR010,TLR-5741,C503596,cash deposit,1790.04,CAD
CA00021265,2025-03-24,BR018,TLR-7612,C503135,cash deposit,847.13,CAD
CA00020962,2025-03-31,BR017,TLR-5646,C500122,cash deposit,658.44,CAD
CA00020482,2025-03-29,BR014,TLR-7153,C500695,cash deposit,294.31,CAD
CA00024555,2025-03-18,BR035,TLR-2798,C502815,cash deposit,1030.0,CAD
CA00020044,2025-03-11,BR012,TLR-5361,C501223,cash withdrawal,706.15,CAD
CA00022612,2025-03-27,BR025,TLR-2631,C503442,cash withdrawal,-369.38,CAD
CA00024539,2025-03-01,BR035,TLR-5205,C502182,cash withdrawal,506.96,CAD
CA00022032,2025-03-18,BR022,TLR-1432,C502786,cash deposit,721.27,CAD
CA00018395,2025-03-02,BR003,TLR-4177,C501077,cash deposit,1378.68,CAD
CA00022373,2025-03-19,BR024,TLR-9101,C502816,cash deposit,896.39,CAD
CA00021761,2025-03-22,BR020,TLR-4858,C501211,cash withdrawal,471.01,USD
CA00020392,2025-03-04,BR014,TLR-9528,C501203,cash deposit,1589.63,CAD
CA00025531,2025-03-03,BR039,TLR-6266,C502640,cash deposit,622.89,CAD
CA00022886,2025-03-27,BR026,TLR-4654,C500967,cash deposit,1270.26,CAD
CA00017894,2025-03-05,BR001,TLR-8302,C502404,cash withdrawal,529.05,CAD
CA00024427,2025-03-27,BR035,TLR-7741,C502932,cash withdrawal,377.58,CAD
CA00022411,2025-03-03,BR024,TLR-7772,C501275,cash withdrawal,1086.77,CAD
CA00025415,2025-03-06,BR038,TLR-2068,C501936,cash deposit,951.12,CAD
CA00024808,2025-03-11,BR036,TLR-6974,C500634,cash deposit,381.37,CAD
CA00026263,2025-03-04,BR040,TLR-4847,C500253,cash withdrawal,1585.56,CAD
CA00023469,2025-03-14,BR030,TLR-8679,C500479,cash withdrawal,725.36,CAD
CA00023293,2025-03-25,BR029,TLR-7728,C503906,cash deposit,756.28,CAD
CA00022159,2025-03-25,BR024,TLR-7910,C501956,cash deposit,658.07,CAD
CA00020288,2025-03-05,BR014,TLR-2346,C500168,cash withdrawal,1915.06,CAD
CA00025397,2025-03-05,BR038,TLR-7876,C502187,cash withdrawal,229.89,CAD
CA00024442,2025-03-20,BR035,TLR-5640,C501200,cash deposit,840.22,CAD
CA00020256,2025-03-01,BR013,TLR-6129,C500176,cash deposit,314.57,CAD
CA00022333,2025-03-26,BR024,TLR-2960,C500891,cash deposit,849.71,CAD
CA00026385,2025-03-18,BR040,TLR-1943,C501138,cash withdrawal,575.89,CAD
CA00023906,2025-03-13,BR031,TLR-3739,C501862,cash deposit,431.44,CAD
CA00024658,2025-03-13,BR036,TLR-4255,C503670,cash withdrawal,1755.47,CAD
CA00024205,2025-03-29,BR033,TLR-1301,C500616,cash deposit,244.59,CAD
CA00025063,2025-03-14,BR037,TLR-7445,C501636,cash deposit,837.69,CAD
CA00022415,2025-03-02,BR024,TLR-8764,C500879,cash deposit,2094.69,CAD
CA00023440,2025-03-31,BR030,TLR-1965,C503235,cash withdrawal,1641.14,CAD
CA00026536,2025-03-22,BR040,TLR-5006,C502503,cash deposit,759.93,CAD
CA00026213,2025-03-19,BR040,TLR-1080,C501469,cash deposit,538.3,CAD
CA00022512,2025-03-14,BR025,TLR-1165,C501774,cash deposit,1041.81,CAD
CA00021879,2025-03-10,BR021,TLR-5836,C502583,cash withdrawal,2005.85,CAD
CA00019228,2025-03-18,BR007,TLR-3939,C503612,cash withdrawal,2196.58,CAD
CA00018177,2025-03-06,BR002,TLR-7816,C500294,cash withdrawal,-952.6,CAD
CA00023814,2025-03-05,BR031,TLR-2921,C501574,cash withdrawal,812.6,CAD
CA00020253,2025-03-12,BR013,TLR-6119,C501245,cash deposit,695.81,CAD
CA00025975,2025-03-01,BR040,TLR-3910,C502821,cash deposit,978.16,CAD
CA00018905,2025-03-14,BR006,TLR-6272,C502674,cash withdrawal,3832.64,CAD
CA00022605,2025-03-11,BR025,TLR-7977,C501299,cash withdrawal,-222.11,CAD
CA00026332,2025-03-12,BR040,TLR-4885,C503266,cash withdrawal,674.17,CAD
CA00018521,2025-03-13,BR004,TLR-1604,C500129,cash deposit,326.74,CAD
CA00024862,2025-03-23,BR036,TLR-6843,C502990,cash deposit,641.14,CAD
CA00019600,2025-03-10,BR009,TLR-8018,C500303,cash deposit,972.33,CAD
CA00022834,2025-03-14,BR026,TLR-4369,C502125,cash withdrawal,-749.43,CAD
CA00025581,2025-03-24,BR039,TLR-9663,C503483,cash deposit,2939.42,CAD
CA00021027,2025-03-09,BR017,TLR-4981,C501710,cash withdrawal,477.68,CAD
CA00022566,2025-03-19,BR025,TLR-4125,C500539,cash withdrawal,-646.71,CAD
CA00018853,2025-03-08,BR006,TLR-3481,C500710,cash withdrawal,214.79,CAD
CA00022569,2025-03-07,BR025,TLR-7135,C502135,cash deposit,1262.25,CAD
CA00021914,2025-03-29,BR021,TLR-7889,C503474,cash deposit,665.78,CAD
CA00026167,2025-03-24,BR040,TLR-5931,C500021,cash deposit,868.89,CAD
CA00018188,2025-03-07,BR002,TLR-2590,C500513,cash withdrawal,-2875.92,CAD
CA00022325,2025-03-27,BR024,TLR-8097,C501810,cash withdrawal,600.41,CAD
CA00025399,2025-03-06,BR038,TLR-4073,C502762,cash deposit,509.28,CAD
CA00022998,2025-03-18,BR027,TLR-5616,C502255,cash deposit,681.22,CAD
CA00020208,2025-03-21,BR013,TLR-6712,C503327,cash deposit,996.97,CAD
CA00021694,2025-03-21,BR020,TLR-7928,C501392,cash withdrawal,913.79,USD
CA00022152,2025-03-10,BR023,TLR-7225,C503125,cash deposit,780.26,CAD
CA00024719,2025-03-02,BR036,TLR-2164,C502857,cash withdrawal,1582.07,CAD
CA00022524,2025-03-13,BR025,TLR-8280,C501830,cash withdrawal,-1896.09,CAD
CA00022344,2025-03-09,BR024,TLR-2967,C503781,cash deposit,2282.63,CAD
CA00020442,2025-03-22,BR014,TLR-3011,C500495,cash deposit,154.38,CAD
CA00020283,2025-03-28,BR014,TLR-5559,C501753,cash deposit,726.68,CAD
CA00017781,2025-03-05,BR001,TLR-8963,C500112,cash withdrawal,458.11,CAD
CA00021512,2025-03-13,BR019,TLR-5271,C502499,cash deposit,922.4,CAD
CA00024443,2025-03-21,BR035,TLR-1457,C501975,cash deposit,1421.81,CAD
CA00018061,2025-03-12,BR002,TLR-8491,C502948,cash deposit,4479.23,CAD
CA00019381,2025-03-10,BR008,TLR-2677,C500485,cash deposit,909.75,CAD
CA00023684,2025-03-19,BR031,TLR-6656,C503784,cash deposit,530.11,CAD
CA00019055,2025-03-19,BR006,TLR-7880,C500711,cash withdrawal,890.39,CAD
CA00019813,2025-03-15,BR010,TLR-7238,C500020,cash deposit,1359.34,CAD
CA00022240,2025-03-27,BR024,TLR-4501,C501021,cash withdrawal,2380.97,CAD
CA00019213,2025-03-04,BR007,TLR-9198,C501325,cash withdrawal,2612.67,CAD
CA00022930,2025-03-09,BR027,TLR-6504,C502837,cash deposit,222.46,CAD
CA00023173,2025-03-13,BR028,TLR-2655,C502225,cash deposit,985.75,CAD
CA00018492,2025-03-27,BR004,TLR-9905,C500859,cash deposit,1579.48,CAD
CA00018696,2025-03-24,BR004,TLR-2742,C503830,cash withdrawal,435.4,CAD
CA00020312,2025-03-03,BR014,TLR-6420,C501268,cash deposit,223.19,CAD
CA00023050,2025-03-19,BR027,TLR-6565,C503546,cash withdrawal,858.94,CAD
CA00026091,2025-03-11,BR040,TLR-3006,C503514,cash withdrawal,1452.41,CAD
CA00022256,2025-03-22,BR024,TLR-1293,C503867,cash deposit,2025.27,CAD
CA00021050,2025-03-14,BR017,TLR-1742,C501623,cash deposit,2946.41,CAD
CA00018999,2025-03-07,BR006,TLR-8241,C502835,cash withdrawal,1574.34,CAD
CA00018643,2025-03-05,BR004,TLR-3723,C500738,cash withdrawal,3009.36,CAD
CA00018388,2025-03-05,BR003,TLR-9288,C503405,cash withdrawal,576.39,CAD
CA00017854,2025-03-13,BR001,TLR-3866,C502251,cash withdrawal,740.5,CAD
CA00026517,2025-03-31,BR040,TLR-5083,C501209,cash withdrawal,2621.18,CAD
CA00025085,2025-03-31,BR037,TLR-1099,C502109,cash deposit,764.8,CAD
CA00022234,2025-03-23,BR024,TLR-7681,C501492,cash withdrawal,1238.67,CAD
CA00019430,2025-03-22,BR008,TLR-6299,C501989,cash withdrawal,2835.84,CAD
CA00020971,2025-03-16,BR017,TLR-3322,C500893,cash withdrawal,1445.47,CAD
CA00021706,2025-03-01,BR020,TLR-2819,C502328,cash withdrawal,426.59,USD
CA00021578,2025-03-22,BR020,TLR-7085,C503253,cash deposit,1104.19,USD
CA00024906,2025-03-30,BR036,TLR-1583,C500327,cash withdrawal,529.2,CAD
CA00025290,2025-03-28,BR038,TLR-9750,C500167,cash deposit,1369.2,CAD
CA00019664,2025-03-03,BR009,TLR-9679,C503170,cash deposit,2004.3,CAD
CA00021281,2025-03-25,BR018,TLR-9316,C503152,cash deposit,1467.55,CAD
CA00024016,2025-03-06,BR032,TLR-4137,C503109,cash withdrawal,519.52,CAD
CA00020755,2025-03-23,BR015,TLR-9613,C501197,cash withdrawal,2317.83,CAD
CA00020068,2025-03-17,BR012,TLR-5635,C503302,cash deposit,291.51,CAD
CA00019508,2025-03-09,BR008,TLR-6612,C500147,cash deposit,794.91,CAD
CA00018531,2025-03-27,BR004,TLR-3102,C502840,cash deposit,558.13,CAD
CA00021112,2025-03-21,BR017,TLR-5541,C501284,cash deposit,4043.53,CAD
CA00022471,2025-03-16,BR025,TLR-1331,C500355,cash withdrawal,-1061.28,CAD
CA00023098,2025-03-18,BR027,TLR-1390,C503898,cash deposit,9177.54,CAD
CA00020264,2025-03-07,BR013,TLR-6778,C503232,cash deposit,1082.3,CAD
CA00026018,2025-03-27,BR040,TLR-2303,C503961,cash withdrawal,746.53,CAD
CA00021488,2025-03-05,BR019,TLR-8414,C501307,cash deposit,1521.71,CAD
CA00022247,2025-03-24,BR024,TLR-9117,C502465,cash withdrawal,1142.21,CAD
CA00022181,2025-03-06,BR024,TLR-6418,C503193,cash withdrawal,1172.75,CAD
CA00024684,2025-03-30,BR036,TLR-9840,C502960,cash withdrawal,326.37,CAD
CA00018660,2025-03-25,BR004,TLR-7207,C502268,cash withdrawal,922.07,CAD
CA00020615,2025-03-31,BR015,TLR-1426,C501157,cash deposit,1807.06,CAD
CA00023314,2025-03-16,BR029,TLR-5394,C501855,cash deposit,3211.52,CAD
CA00024195,2025-03-02,BR033,TLR-5339,C502263,cash deposit,416.36,CAD
CA00020877,2025-03-22,BR016,TLR-6516,C500239,cash deposit,2774.21,CAD
CA00017902,2025-03-14,BR001,TLR-2338,C503534,cash deposit,1489.79,CAD
CA00018927,2025-03-31,BR006,TLR-2669,C502204,cash deposit,1368.63,CAD
CA00017805,2025-03-20,BR001,TLR-8117,C502512,cash withdrawal,2377.6,CAD
CA00020577,2025-03-11,BR015,TLR-8745,C501486,cash withdrawal,1625.03,CAD
CA00020192,2025-03-14,BR013,TLR-1409,C502571,cash withdrawal,385.15,CAD
CA00023419,2025-03-26,BR030,TLR-5389,C501942,cash withdrawal,679.03,CAD
CA00023509,2025-03-29,BR030,TLR-1384,C501020,cash withdrawal,630.75,CAD
CA00026022,2025-03-15,BR040,TLR-8371,C502192,cash withdrawal,1021.37,CAD
CA00019396,2025-03-06,BR008,TLR-7012,C502750,cash deposit,6257.82,CAD
CA00021466,2025-03-01,BR019,TLR-5694,C502618,cash deposit,656.4,CAD
CA00017987,2025-03-13,BR001,TLR-7822,C501580,cash deposit,2019.78,CAD
CA00022095,2025-03-27,BR023,TLR-5210,C500277,cash deposit,1308.41,CAD
CA00020619,2025-03-16,BR015,TLR-8359,C502208,cash deposit,515.0,CAD
CA00021178,2025-03-06,BR017,TLR-5837,C501036,cash deposit,632.17,CAD
CA00020066,2025-03-27,BR012,TLR-6910,C500921,cash deposit,986.36,CAD
CA00025424,2025-03-06,BR038,TLR-8036,C503996,cash deposit,729.27,CAD
CA00025921,2025-03-29,BR040,TLR-5386,C503051,cash deposit,1030.03,CAD
CA00021801,2025-03-27,BR021,TLR-8943,C503500,cash withdrawal,742.41,CAD
CA00023910,2025-03-14,BR031,TLR-8586,C501685,cash deposit,276.9,CAD
CA00018329,2025-03-19,BR003,TLR-3583,C503409,cash withdrawal,703.02,CAD
CA00023793,2025-03-20,BR031,TLR-1676,C500819,cash deposit,948.45,CAD
CA00018931,2025-03-26,BR006,TLR-6240,C502729,cash withdrawal,1389.69,CAD
CA00018041,2025-03-04,BR002,TLR-3427,C500551,cash withdrawal,-894.77,CAD
CA00021261,2025-03-13,BR018,TLR-6781,C503480,cash deposit,788.04,CAD
CA00023091,2025-03-15,BR027,TLR-4578,C502579,cash deposit,9733.44,CAD
CA00018287,2025-03-04,BR003,TLR-3971,C501922,cash withdrawal,1389.98,CAD
CA00019675,2025-03-20,BR009,TLR-5313,C503185,cash withdrawal,782.83,CAD
CA00018926,2025-03-04,BR006,TLR-6660,C502182,cash deposit,794.23,CAD
CA00023914,2025-03-30,BR031,TLR-5424,C500891,cash deposit,1272.09,CAD
CA00025301,2025-03-15,BR038,TLR-5494,C501690,cash withdrawal,1034.25,CAD
CA00022134,2025-03-01,BR023,TLR-4439,C500613,cash deposit,374.11,CAD
CA00019217,2025-03-10,BR007,TLR-9972,C503562,cash withdrawal,982.21,CAD
CA00021129,2025-03-06,BR017,TLR-3577,C501544,cash withdrawal,405.01,CAD
CA00021176,2025-03-08,BR017,TLR-6756,C500505,cash deposit,1016.08,CAD
CA00021894,2025-03-20,BR021,TLR-3631,C501745,cash deposit,421.41,CAD
CA00023676,2025-03-25,BR031,TLR-5353,C501374,cash withdrawal,254.98,CAD
CA00019369,2025-03-29,BR008,TLR-4240,C503688,cash withdrawal,1150.89,CAD
CA00017796,2025-03-28,BR001,TLR-7882,C502330,cash withdrawal,1209.29,CAD
CA00024749,2025-03-03,BR036,TLR-4206,C500049,cash deposit,1069.79,CAD
CA00025700,2025-03-12,BR040,TLR-7763,C500052,cash withdrawal,3619.33,CAD
CA00023542,2025-03-25,BR030,TLR-4566,C502291,cash deposit,889.4,CAD
CA00022692,2025-03-08,BR026,TLR-6237,C500308,cash deposit,321.74,CAD
CA00022217,2025-03-05,BR024,TLR-5147,C500104,cash withdrawal,518.24,CAD
CA00019152,2025-03-10,BR007,TLR-2300,C503314,cash deposit,290.33,CAD
CA00025734,2025-03-05,BR040,TLR-4256,C500109,cash withdrawal,646.72,CAD
CA00018345,2025-03-29,BR003,TLR-3044,C503934,cash withdrawal,2004.65,CAD
CA00025614,2025-03-24,BR039,TLR-6560,C503658,cash withdrawal,693.15,CAD
CA00025845,2025-03-23,BR040,TLR-9962,C502473,cash withdrawal,1289.73,CAD
CA00023672,2025-03-24,BR031,TLR-5073,C503453,cash deposit,156.46,CAD
CA00018961,2025-03-01,BR006,TLR-2110,C503874,cash withdrawal,927.35,CAD
CA00020887,2025-03-12,BR016,TLR-1936,C501825,cash withdrawal,2794.66,CAD
CA00024745,2025-03-19,BR036,TLR-5744,C502103,cash deposit,515.78,CAD
CA00024954,2025-03-08,BR036,TLR-5921,C501564,cash withdrawal,461.64,CAD
CA00022390,2025-03-17,BR024,TLR-6441,C500100,cash withdrawal,1622.26,CAD
CA00019210,2025-03-13,BR007,TLR-7104,C502593,cash deposit,1108.51,CAD
CA00025442,2025-03-16,BR038,TLR-2790,C501700,cash withdrawal,962.96,CAD
CA00017728,2025-03-24,BR001,TLR-6414,C501999,cash withdrawal,259.17,CAD
CA00022037,2025-03-30,BR022,TLR-2065,C503031,cash withdrawal,1640.66,CAD
CA00020052,2025-03-16,BR012,TLR-5594,C501963,cash withdrawal,2306.4,CAD
CA00019341,2025-03-23,BR008,TLR-8558,C500492,cash withdrawal,857.3,CAD
CA00022380,2025-03-17,BR024,TLR-1671,C501925,cash deposit,1027.01,CAD
CA00023241,2025-03-01,BR029,TLR-1236,C500604,cash withdrawal,923.58,CAD
CA00022857,2025-03-21,BR026,TLR-1284,C502597,cash deposit,534.75,CAD
CA00023514,2025-03-05,BR030,TLR-4771,C503222,cash withdrawal,830.78,CAD
CA00022503,2025-03-18,BR025,TLR-8179,C500546,cash withdrawal,-1117.69,CAD
CA00023688,2025-03-12,BR031,TLR-1828,C501923,cash deposit,1028.41,CAD
CA00024099,2025-03-23,BR033,TLR-2392,C503306,cash withdrawal,675.44,CAD
CA00024088,2025-03-13,BR033,TLR-6046,C502916,cash withdrawal,712.85,CAD
CA00019422,2025-03-30,BR008,TLR-2803,C501167,cash deposit,377.39,CAD
CA00021219,2025-03-21,BR018,TLR-7618,C501622,cash deposit,514.3,CAD
CA00021476,2025-03-31,BR019,TLR-5321,C501980,cash withdrawal,844.32,CAD
CA00022766,2025-03-17,BR026,TLR-9318,C502231,cash withdrawal,-848.15,CAD
CA00021544,2025-03-16,BR019,TLR-9063,C501138,cash withdrawal,2213.11,CAD
CA00021873,2025-03-28,BR021,TLR-7906,C503429,cash withdrawal,1222.6,CAD
CA00025278,2025-03-21,BR038,TLR-5325,C500105,cash withdrawal,350.6,CAD
CA00022253,2025-03-02,BR024,TLR-1664,C502169,cash deposit,724.88,CAD
CA00025454,2025-03-19,BR038,TLR-3674,C500255,cash deposit,830.73,CAD
CA00019621,2025-03-28,BR009,TLR-2483,C502841,cash deposit,840.47,CAD
CA00020899,2025-03-13,BR016,TLR-5168,C502814,cash withdrawal,521.75,CAD
CA00021035,2025-03-10,BR017,TLR-6891,C500493,cash deposit,716.85,CAD
CA00018843,2025-03-18,BR006,TLR-8998,C501682,cash deposit,587.28,CAD
CA00022030,2025-03-10,BR022,TLR-3436,C500129,cash deposit,1492.22,CAD
CA00022263,2025-03-01,BR024,TLR-9944,C500914,cash withdrawal,1015.93,CAD
CA00025072,2025-03-07,BR037,TLR-5741,C502590,cash deposit,2322.98,CAD
CA00019926,2025-03-11,BR011,TLR-8394,C503646,cash deposit,2819.17,CAD
CA00024943,2025-03-29,BR036,TLR-7770,C500307,cash withdrawal,1315.09,CAD
CA00017864,2025-03-12,BR001,TLR-9167,C500963,cash deposit,403.67,CAD
CA00021449,2025-03-21,BR019,TLR-5726,C501915,cash deposit,544.87,CAD
CA00021323,2025-03-25,BR018,TLR-6321,C501044,cash withdrawal,1147.15,CAD
CA00022760,2025-03-17,BR026,TLR-4044,C501099,cash withdrawal,-1884.95,CAD
CA00021151,2025-03-21,BR017,TLR-3569,C501579,cash deposit,670.72,CAD
CA00022210,2025-03-26,BR024,TLR-3856,C503653,cash withdrawal,296.87,CAD
CA00023657,2025-03-31,BR030,TLR-5546,C501078,cash deposit,319.21,CAD
CA00024015,2025-03-09,BR032,TLR-4960,C502405,cash deposit,1031.1,CAD
CA00019993,2025-03-17,BR012,TLR-7859,C501639,cash withdrawal,2674.11,CAD
CA00023149,2025-03-14,BR028,TLR-4006,C502155,cash deposit,1270.74,CAD
CA00022710,2025-03-14,BR026,TLR-9273,C500707,cash deposit,792.7,CAD
CA00023035,2025-03-29,BR027,TLR-9399,C501540,cash withdrawal,906.24,CAD
CA00025618,2025-03-31,BR039,TLR-4444,C502158,cash withdrawal,1963.42,CAD
CA00024983,2025-03-10,BR037,TLR-8319,C503229,cash deposit,3724.44,CAD
CA00022907,2025-03-27,BR027,TLR-2174,C500661,cash withdrawal,576.68,CAD
CA00019295,2025-03-08,BR008,TLR-5264,C503327,cash deposit,1575.53,CAD
CA00021212,2025-03-05,BR017,TLR-1873,C502466,cash deposit,900.68,CAD
CA00017878,2025-03-29,BR001,TLR-5496,C503566,cash deposit,914.3,CAD
CA00021911,2025-03-02,BR021,TLR-2124,C501321,cash deposit,1673.85,CAD
CA00020417,2025-03-02,BR014,TLR-3929,C500118,cash deposit,898.42,CAD
CA00020355,2025-03-31,BR014,TLR-7499,C501726,cash deposit,619.87,CAD
CA00019787,2025-03-02,BR010,TLR-5320,C503610,cash withdrawal,2096.13,CAD
CA00026457,2025-03-23,BR040,TLR-3009,C500357,cash deposit,1770.8,CAD
CA00018903,2025-03-22,BR006,TLR-2293,C502498,cash deposit,3307.35,CAD
CA00025765,2025-03-08,BR040,TLR-1903,C502134,cash withdrawal,1137.84,CAD
CA00024229,2025-03-28,BR033,TLR-5801,C501644,cash withdrawal,2500.25,CAD
CA00018731,2025-03-27,BR005,TLR-4549,C500463,cash withdrawal,1146.61,CAD
CA00021130,2025-03-17,BR017,TLR-7259,C501969,cash deposit,378.93,CAD
CA00023732,2025-03-29,BR031,TLR-3028,C500536,cash deposit,221.89,CAD
CA00018451,2025-03-09,BR003,TLR-1634,C503267,cash deposit,447.42,CAD
CA00023818,2025-03-07,BR031,TLR-6097,C501035,cash deposit,681.1,CAD
CA00022066,2025-03-08,BR023,TLR-4699,C501444,cash deposit,265.79,CAD
CA00022679,2025-03-30,BR026,TLR-7843,C503962,cash deposit,777.79,CAD
CA00019028,2025-03-15,BR006,TLR-9257,C501602,cash withdrawal,372.33,CAD
CA00025157,2025-03-26,BR037,TLR-1616,C500975,cash withdrawal,1094.06,CAD
CA00019949,2025-03-20,BR011,TLR-1035,C501359,cash deposit,1743.51,CAD
CA00023689,2025-03-08,BR031,TLR-3561,C503701,cash deposit,4497.18,CAD
CA00020299,2025-03-07,BR014,TLR-3601,C503952,cash deposit,445.83,CAD
CA00023845,2025-03-29,BR031,TLR-1223,C501629,cash withdrawal,878.65,CAD
CA00025324,2025-03-22,BR038,TLR-3282,C501154,cash deposit,279.61,CAD
CA00026374,2025-03-26,BR040,TLR-8138,C503614,cash deposit,695.83,CAD
CA00026103,2025-03-04,BR040,TLR-5823,C501334,cash deposit,1583.42,CAD
CA00026215,2025-03-29,BR040,TLR-3702,C503321,cash deposit,3990.86,CAD
CA00017814,2025-03-09,BR001,TLR-5779,C500276,cash withdrawal,474.73,CAD
CA00021312,2025-03-16,BR018,TLR-4601,C500457,cash withdrawal,1830.46,CAD
CA00019360,2025-03-13,BR008,TLR-8772,C500358,cash withdrawal,2566.78,CAD
CA00024589,2025-03-23,BR035,TLR-3150,C503983,cash deposit,910.82,CAD
CA00024202,2025-03-27,BR033,TLR-7121,C502922,cash withdrawal,1304.23,CAD
CA00023685,2025-03-26,BR031,TLR-6303,C502688,cash withdrawal,661.39,CAD
CA00024718,2025-03-11,BR036,TLR-4746,C500436,cash deposit,1003.01,CAD
CA00021890,2025-03-14,BR021,TLR-3412,C503556,cash withdrawal,1831.06,CAD
CA00020449,2025-03-12,BR014,TLR-1274,C503914,cash withdrawal,831.93,CAD
CA00021729,2025-03-30,BR020,TLR-7422,C501890,cash deposit,1380.42,USD
CA00021383,2025-03-05,BR019,TLR-4896,C503684,cash deposit,1154.55,CAD
CA00021274,2025-03-25,BR018,TLR-7634,C500107,cash deposit,1572.64,CAD
CA00025519,2025-03-10,BR039,TLR-3899,C503046,cash withdrawal,1169.89,CAD
CA00020628,2025-03-15,BR015,TLR-9427,C503471,cash withdrawal,1183.46,CAD
CA00022019,2025-03-22,BR022,TLR-5211,C500710,cash withdrawal,244.81,CAD
CA00018705,2025-03-30,BR004,TLR-2096,C501652,cash deposit,417.41,CAD
CA00018796,2025-03-26,BR006,TLR-6116,C503527,cash deposit,637.97,CAD
CA00021464,2025-03-04,BR019,TLR-5769,C502378,cash withdrawal,8940.06,CAD
CA00021166,2025-03-19,BR017,TLR-7038,C501622,cash deposit,361.61,CAD
CA00020697,2025-03-02,BR015,TLR-3141,C502113,cash withdrawal,1176.44,CAD
CA00024663,2025-03-16,BR036,TLR-6571,C500579,cash deposit,658.91,CAD
CA00026542,2025-03-27,BR040,TLR-7360,C502619,cash deposit,269.73,CAD
CA00020653,2025-03-29,BR015,TLR-4734,C501968,cash withdrawal,1915.36,CAD
CA00018264,2025-03-04,BR003,TLR-4097,C500499,cash deposit,895.63,CAD
CA00023298,2025-03-11,BR029,TLR-2000,C501166,cash withdrawal,807.96,CAD
CA00022018,2025-03-26,BR022,TLR-3617,C502128,cash withdrawal,966.7,CAD
CA00021385,2025-03-01,BR019,TLR-2440,C501960,cash deposit,348.64,CAD
CA00019387,2025-03-10,BR008,TLR-8974,C503671,cash withdrawal,194.78,CAD
CA00024084,2025-03-08,BR033,TLR-7171,C501822,cash deposit,3423.91,CAD
CA00020281,2025-03-19,BR014,TLR-3750,C500403,cash withdrawal,1075.45,CAD
CA00018520,2025-03-16,BR004,TLR-2788,C501208,cash withdrawal,467.18,CAD
CA00023541,2025-03-01,BR030,TLR-4563,C502888,cash withdrawal,907.24,CAD
CA00018100,2025-03-09,BR002,TLR-4610,C502794,cash withdrawal,-569.81,CAD
CA00019612,2025-03-31,BR009,TLR-8565,C500336,cash withdrawal,448.41,CAD
CA00022665,2025-03-22,BR026,TLR-9385,C503674,cash deposit,1043.52,CAD
CA00024661,2025-03-16,BR036,TLR-9363,C503403,cash deposit,856.86,CAD
CA00021695,2025-03-05,BR020,TLR-5965,C503629,cash deposit,588.08,USD
CA00026307,2025-03-08,BR040,TLR-8016,C502483,cash deposit,996.48,CAD
CA00020565,2025-03-24,BR015,TLR-8784,C500607,cash withdrawal,2518.93,CAD
CA00022378,2025-03-07,BR024,TLR-7570,C501190,cash deposit,1190.54,CAD
CA00020518,2025-03-08,BR015,TLR-7281,C503821,cash withdrawal,204.91,CAD
CA00019019,2025-03-18,BR006,TLR-2857,C502230,cash deposit,1075.5,CAD
CA00025688,2025-03-24,BR040,TLR-7140,C503557,cash withdrawal,904.83,CAD
CA00018983,2025-03-09,BR006,TLR-5467,C500136,cash deposit,1651.94,CAD
CA00025046,2025-03-29,BR037,TLR-3743,C501830,cash withdrawal,1885.12,CAD
CA00025925,2025-03-16,BR040,TLR-9771,C501297,cash deposit,974.17,CAD
CA00025139,2025-03-01,BR037,TLR-4382,C501590,cash withdrawal,331.51,CAD
CA00023351,2025-03-31,BR029,TLR-7556,C501721,cash deposit,2188.71,CAD
CA00019564,2025-03-28,BR009,TLR-8521,C501366,cash deposit,954.83,CAD
CA00020452,2025-03-01,BR014,TLR-5935,C503500,cash deposit,536.7,CAD
CA00022583,2025-03-01,BR025,TLR-4590,C500061,cash withdrawal,-638.1,CAD
CA00025184,2025-03-16,BR037,TLR-9839,C503431,cash deposit,1184.58,CAD
CA00020884,2025-03-05,BR016,TLR-3756,C501038,cash deposit,1233.35,CAD
CA00019414,2025-03-19,BR008,TLR-6811,C503976,cash withdrawal,928.92,CAD
CA00024360,2025-03-07,BR034,TLR-7421,C501726,cash withdrawal,956.06,CAD
CA00018066,2025-03-01,BR002,TLR-3437,C501851,cash deposit,556.98,CAD
CA00021309,2025-03-25,BR018,TLR-8244,C500602,cash deposit,1409.35,CAD
CA00021913,2025-03-11,BR021,TLR-7664,C500018,cash withdrawal,580.97,CAD
CA00025472,2025-03-07,BR038,TLR-5187,C500152,cash deposit,1729.11,CAD
CA00024597,2025-03-10,BR035,TLR-5248,C501299,cash withdrawal,509.66,CAD
CA00023892,2025-03-22,BR031,TLR-3226,C500628,cash withdrawal,620.59,CAD
CA00022207,2025-03-15,BR024,TLR-1726,C501353,cash deposit,1891.39,CAD
CA00018454,2025-03-17,BR003,TLR-5534,C500846,cash withdrawal,1125.06,CAD
CA00021316,2025-03-11,BR018,TLR-6470,C501009,cash deposit,864.54,CAD
CA00020712,2025-03-02,BR015,TLR-6567,C500089,cash deposit,2011.16,CAD
CA00022662,2025-03-09,BR026,TLR-9147,C503221,cash deposit,377.01,CAD
CA00023336,2025-03-22,BR029,TLR-7576,C503082,cash deposit,919.14,CAD
CA00022956,2025-03-11,BR027,TLR-7852,C502561,cash deposit,777.76,CAD
CA00022988,2025-03-26,BR027,TLR-2560,C502213,cash withdrawal,595.17,CAD
CA00025561,2025-03-04,BR039,TLR-8115,C502522,cash withdrawal,314.3,CAD
CA00021571,2025-03-07,BR019,TLR-3874,C501171,cash withdrawal,1624.45,CAD
CA00022808,2025-03-02,BR026,TLR-2246,C503262,cash withdrawal,-1790.22,CAD
CA00018474,2025-03-16,BR004,TLR-4447,C501921,cash withdrawal,888.1,CAD
CA00020932,2025-03-18,BR016,TLR-9806,C502010,cash deposit,1385.33,CAD
CA00022186,2025-03-18,BR024,TLR-8172,C501140,cash deposit,670.73,CAD
CA00026057,2025-03-06,BR040,TLR-1007,C502041,cash deposit,492.34,CAD
CA00018441,2025-03-26,BR003,TLR-6613,C501143,cash deposit,843.85,CAD
CA00024409,2025-03-30,BR035,TLR-2994,C503786,cash deposit,754.55,CAD
CA00024139,2025-03-06,BR033,TLR-1047,C502428,cash deposit,1059.62,CAD
CA00024686,2025-03-30,BR036,TLR-5201,C500660,cash withdrawal,2644.67,CAD
CA00022164,2025-03-07,BR024,TLR-7502,C502324,cash deposit,1317.57,CAD
CA00021500,2025-03-02,BR019,TLR-5288,C501292,cash withdrawal,630.58,CAD
CA00024606,2025-03-13,BR035,TLR-3072,C501297,cash deposit,371.3,CAD
CA00023519,2025-03-02,BR030,TLR-3083,C503784,cash withdrawal,1990.93,CAD
CA00025849,2025-03-03,BR040,TLR-5798,C501945,cash withdrawal,1961.69,CAD
CA00018399,2025-03-22,BR003,TLR-6265,C501173,cash withdrawal,1413.88,CAD
CA00018046,2025-03-14,BR002,TLR-9759,C501337,cash deposit,1053.86,CAD
CA00018462,2025-03-13,BR004,TLR-7216,C503390,cash deposit,517.91,CAD
CA00021487,2025-03-30,BR019,TLR-2218,C501721,cash withdrawal,826.34,CAD
CA00018969,2025-03-31,BR006,TLR-5338,C500522,cash deposit,491.07,CAD
CA00023784,2025-03-08,BR031,TLR-1249,C500779,cash deposit,1383.13,CAD
CA00025469,2025-03-04,BR038,TLR-9420,C500083,cash deposit,1776.3,CAD
CA00023044,2025-03-15,BR027,TLR-8802,C501420,cash withdrawal,1999.63,CAD
CA00022453,2025-03-24,BR025,TLR-2920,C502129,cash deposit,667.79,CAD
CA00024736,2025-03-11,BR036,TLR-2734,C501337,cash deposit,307.92,CAD
CA00025232,2025-03-27,BR037,TLR-1947,C502626,cash deposit,2321.18,CAD
CA00021907,2025-03-01,BR021,TLR-3906,C500222,cash deposit,2248.42,CAD
CA00018702,2025-03-24,BR004,TLR-1228,C500923,cash withdrawal,1189.02,CAD
CA00024867,2025-03-22,BR036,TLR-4589,C500915,cash deposit,919.66,CAD
CA00024392,2025-03-08,BR034,TLR-3272,C501039,cash deposit,1151.85,CAD
CA00025754,2025-03-29,BR040,TLR-4157,C502180,cash withdrawal,1878.71,CAD
CA00023903,2025-03-06,BR031,TLR-2536,C502621,cash deposit,2218.26,CAD
CA00020207,2025-03-25,BR013,TLR-8439,C503711,cash withdrawal,2018.55,CAD
CA00020395,2025-03-24,BR014,TLR-2067,C500261,cash deposit,2874.38,CAD
CA00025107,2025-03-27,BR037,TLR-8187,C502190,cash deposit,875.12,CAD
CA00023594,2025-03-10,BR030,TLR-1002,C500268,cash deposit,470.36,CAD
CA00021772,2025-03-30,BR020,TLR-7057,C503952,cash withdrawal,224.49,USD
CA00022892,2025-03-18,BR026,TLR-6685,C500485,cash withdrawal,-2117.98,CAD
CA00019778,2025-03-14,BR010,TLR-2188,C502160,cash deposit,451.61,CAD
CA00023361,2025-03-08,BR029,TLR-3882,C502874,cash deposit,658.75,CAD
CA00022273,2025-03-19,BR024,TLR-5267,C500151,cash withdrawal,1563.86,CAD
CA00025993,2025-03-16,BR040,TLR-6619,C501710,cash withdrawal,323.49,CAD
CA00020199,2025-03-06,BR013,TLR-7215,C501789,cash deposit,5582.9,CAD
CA00024284,2025-03-23,BR034,TLR-5037,C501278,cash deposit,476.33,CAD
CA00025779,2025-03-11,BR040,TLR-1287,C500597,cash deposit,638.1,CAD
CA00018991,2025-03-20,BR006,TLR-7868,C503468,cash withdrawal,323.92,CAD
CA00021134,2025-03-09,BR017,TLR-1218,C500574,cash deposit,935.13,CAD
CA00021213,2025-03-17,BR017,TLR-2919,C502780,cash deposit,527.28,CAD
CA00023596,2025-03-18,BR030,TLR-6344,C501879,cash withdrawal,2162.43,CAD
CA00022387,2025-03-06,BR024,TLR-9201,C500851,cash withdrawal,1967.55,CAD
CA00022855,2025-03-28,BR026,TLR-4220,C501971,cash deposit,975.78,CAD
CA00023895,2025-03-20,BR031,TLR-2575,C500557,cash withdrawal,2815.31,CAD
CA00019629,2025-03-14,BR009,TLR-2401,C502861,cash deposit,2086.28,CAD
CA00026572,2025-03-05,BR040,TLR-1377,C503195,cash withdrawal,2610.62,CAD
CA00022780,2025-03-11,BR026,TLR-2916,C503522,cash deposit,1537.87,CAD
CA00020721,2025-03-09,BR015,TLR-8970,C502889,cash withdrawal,545.9,CAD
CA00026176,2025-03-25,BR040,TLR-2747,C502091,cash deposit,434.78,CAD
CA00020547,2025-03-20,BR015,TLR-2343,C503341,cash deposit,935.35,CAD
CA00020892,2025-03-10,BR016,TLR-9535,C502957,cash withdrawal,617.66,CAD
CA00025359,2025-03-14,BR038,TLR-5556,C503972,cash deposit,795.74,CAD
CA00020332,2025-03-31,BR014,TLR-6279,C502500,cash deposit,864.39,CAD
CA00017700,2025-03-28,BR001,TLR-1354,C500780,cash withdrawal,329.05,CAD
CA00021016,2025-03-22,BR017,TLR-2574,C501847,cash withdrawal,264.52,CAD
CA00024531,2025-03-12,BR035,TLR-4055,C501019,cash withdrawal,1605.36,CAD
CA00021679,2025-03-23,BR020,TLR-1524,C502836,cash deposit,1239.04,USD
CA00024179,2025-03-21,BR033,TLR-9317,C501432,cash withdrawal,942.59,CAD
CA00018647,2025-03-14,BR004,TLR-7166,C503908,cash withdrawal,424.79,CAD
CA00023589,2025-03-19,BR030,TLR-4721,C503780,cash deposit,205.41,CAD
CA00018134,2025-03-20,BR002,TLR-5920,C503496,cash deposit,2111.23,CAD
CA00021909,2025-03-13,BR021,TLR-2060,C500170,cash deposit,733.44,CAD
CA00022927,2025-03-10,BR027,TLR-7754,C503724,cash deposit,591.69,CAD
CA00025300,2025-03-15,BR038,TLR-9584,C503255,cash deposit,659.57,CAD
CA00018412,2025-03-17,BR003,TLR-6178,C502155,cash withdrawal,809.47,CAD
CA00018532,2025-03-06,BR004,TLR-3577,C503039,cash deposit,357.69,CAD
CA00022336,2025-03-21,BR024,TLR-1165,C503617,cash deposit,1573.95,CAD
CA00021357,2025-03-28,BR019,TLR-7836,C500681,cash withdrawal,306.07,CAD
CA00022106,2025-03-11,BR023,TLR-8354,C500288,cash withdrawal,566.02,CAD
CA00022148,2025-03-26,BR023,TLR-9225,C502435,cash withdrawal,1806.55,CAD
CA00020214,2025-03-19,BR013,TLR-8754,C503085,cash withdrawal,322.55,CAD
CA00021380,2025-03-08,BR019,TLR-7516,C503720,cash deposit,2944.48,CAD
CA00025924,2025-03-23,BR040,TLR-8503,C500129,cash withdrawal,1061.5,CAD
CA00024069,2025-03-13,BR033,TLR-1823,C501850,cash withdrawal,1510.29,CAD
CA00024848,2025-03-15,BR036,TLR-4314,C501353,cash deposit,2913.44,CAD
CA00020023,2025-03-12,BR012,TLR-9120,C503658,cash withdrawal,357.44,CAD
CA00021064,2025-03-03,BR017,TLR-8124,C500562,cash withdrawal,2182.91,CAD
CA00026468,2025-03-03,BR040,TLR-6155,C503849,cash withdrawal,719.62,CAD
CA00025923,2025-03-07,BR040,TLR-7453,C502481,cash withdrawal,1595.48,CAD
CA00025477,2025-03-13,BR039,TLR-3842,C503207,cash deposit,418.18,CAD
CA00019434,2025-03-20,BR008,TLR-5518,C502827,cash deposit,1138.19,CAD
CA00024959,2025-03-25,BR036,TLR-5298,C501460,cash deposit,563.46,CAD
CA00025151,2025-03-04,BR037,TLR-5691,C500322,cash deposit,1245.78,CAD
CA00017953,2025-03-22,BR001,TLR-5872,C500909,cash deposit,753.78,CAD
CA00019685,2025-03-06,BR009,TLR-2903,C500350,cash deposit,795.82,CAD
CA00026355,2025-03-19,BR040,TLR-7694,C501826,cash deposit,836.21,CAD
CA00024100,2025-03-25,BR033,TLR-1031,C503031,cash withdrawal,573.98,CAD
CA00018562,2025-03-13,BR004,TLR-4013,C503115,cash deposit,839.47,CAD
CA00024363,2025-03-14,BR034,TLR-9153,C500233,cash withdrawal,658.04,CAD
CA00022813,2025-03-14,BR026,TLR-8281,C503947,cash deposit,952.04,CAD
CA00025238,2025-03-23,BR037,TLR-7102,C503054,cash deposit,542.41,CAD
CA00024900,2025-03-20,BR036,TLR-6131,C500399,cash deposit,386.05,CAD
CA00023200,2025-03-29,BR028,TLR-8210,C501209,cash deposit,831.04,CAD
CA00022414,2025-03-04,BR024,TLR-3353,C500426,cash withdrawal,1450.32,CAD
CA00023325,2025-03-08,BR029,TLR-4452,C500036,cash withdrawal,1271.67,CAD
CA00018273,2025-03-29,BR003,TLR-4317,C503128,cash withdrawal,1247.2,CAD
CA00025159,2025-03-02,BR037,TLR-1047,C503637,cash withdrawal,2640.05,CAD
CA00019977,2025-03-29,BR012,TLR-3572,C502128,cash withdrawal,2904.73,CAD
CA00019828,2025-03-22,BR010,TLR-1472,C500235,cash withdrawal,804.74,CAD
CA00024134,2025-03-29,BR033,TLR-1938,C501519,cash deposit,488.1,CAD
CA00026484,2025-03-08,BR040,TLR-7389,C503136,cash deposit,1257.62,CAD
CA00024626,2025-03-13,BR035,TLR-1682,C503126,cash withdrawal,1417.54,CAD
CA00024919,2025-03-23,BR036,TLR-5780,C502004,cash withdrawal,1236.61,CAD
CA00017853,2025-03-05,BR001,TLR-5374,C501623,cash withdrawal,1089.68,CAD
CA00022979,2025-03-19,BR027,TLR-8582,C501555,cash deposit,3009.89,CAD
CA00020729,2025-03-21,BR015,TLR-2450,C500673,cash withdrawal,1279.62,CAD
CA00020818,2025-03-08,BR016,TLR-9547,C503687,cash deposit,173.31,CAD
CA00017829,2025-03-17,BR001,TLR-7284,C502157,cash withdrawal,1022.22,CAD
CA00018976,2025-03-27,BR006,TLR-2683,C500715,cash withdrawal,379.46,CAD
CA00017769,2025-03-07,BR001,TLR-7984,C503242,cash deposit,753.22,CAD
CA00021310,2025-03-29,BR018,TLR-3950,C501351,cash withdrawal,1064.55,CAD
CA00020400,2025-03-03,BR014,TLR-8581,C501231,cash deposit,339.59,CAD
CA00018904,2025-03-30,BR006,TLR-3102,C500518,cash deposit,711.67,CAD
CA00024210,2025-03-22,BR033,TLR-1461,C502140,cash withdrawal,1463.87,CAD
CA00019174,2025-03-23,BR007,TLR-4118,C500376,cash deposit,797.07,CAD
CA00018576,2025-03-29,BR004,TLR-7365,C502709,cash withdrawal,683.12,CAD
CA00018275,2025-03-24,BR003,TLR-2488,C501649,cash deposit,1527.73,CAD
CA00025913,2025-03-15,BR040,TLR-3214,C502398,cash deposit,2691.53,CAD
CA00019025,2025-03-20,BR006,TLR-3535,C500175,cash withdrawal,1498.81,CAD
CA00022559,2025-03-05,BR025,TLR-4285,C502933,cash deposit,671.9,CAD
CA00021104,2025-03-21,BR017,TLR-7026,C502737,cash deposit,544.52,CAD
CA00024498,2025-03-23,BR035,TLR-4337,C500912,cash withdrawal,1722.2,CAD
CA00017972,2025-03-21,BR001,TLR-2662,C503397,cash deposit,3535.98,CAD
CA00018078,2025-03-09,BR002,TLR-1151,C503208,cash deposit,555.12,CAD
CA00018256,2025-03-28,BR003,TLR-6602,C503199,cash deposit,975.8,CAD
CA00026043,2025-03-11,BR040,TLR-2612,C501088,cash deposit,973.58,CAD
CA00025504,2025-03-27,BR039,TLR-7559,C501913,cash deposit,401.65,CAD
CA00022746,2025-03-07,BR026,TLR-1740,C502741,cash deposit,1459.34,CAD
CA00025952,2025-03-13,BR040,TLR-4737,C501705,cash withdrawal,1099.82,CAD
CA00019065,2025-03-23,BR007,TLR-6227,C503928,cash deposit,514.07,CAD
CA00021574,2025-03-09,BR019,TLR-9533,C502351,cash withdrawal,3319.05,CAD
CA00022267,2025-03-25,BR024,TLR-4667,C503033,cash deposit,1384.73,CAD
CA00025905,2025-03-14,BR040,TLR-4025,C503056,cash withdrawal,1307.09,CAD
CA00021897,2025-03-09,BR021,TLR-6959,C502350,cash deposit,1173.45,CAD
CA00018299,2025-03-14,BR003,TLR-4501,C503553,cash withdrawal,779.2,CAD
CA00018667,2025-03-26,BR004,TLR-9559,C503921,cash withdrawal,1317.8,CAD
CA00021777,2025-03-08,BR021,TLR-7718,C502898,cash deposit,3163.38,CAD
CA00018619,2025-03-10,BR004,TLR-8815,C501110,cash withdrawal,989.83,CAD
CA00019083,2025-03-08,BR007,TLR-8032,C503302,cash withdrawal,1028.52,CAD
CA00026318,2025-03-27,BR040,TLR-1995,C501236,cash deposit,923.97,CAD
CA00018998,2025-03-31,BR006,TLR-2927,C502873,cash withdrawal,1409.32,CAD
CA00022328,2025-03-23,BR024,TLR-8257,C502486,cash withdrawal,927.37,CAD
CA00020120,2025-03-08,BR012,TLR-5979,C500528,cash withdrawal,1381.03,CAD
CA00018846,2025-03-19,BR006,TLR-3077,C500568,cash withdrawal,3555.96,CAD
CA00019323,2025-03-14,BR008,TLR-2789,C503682,cash withdrawal,234.5,CAD
CA00021769,2025-03-20,BR020,TLR-9435,C501128,cash withdrawal,1593.46,USD
CA00025996,2025-03-17,BR040,TLR-9860,C502382,cash deposit,1314.28,CAD
CA00020478,2025-03-27,BR014,TLR-5943,C500231,cash deposit,854.08,CAD
CA00020132,2025-03-05,BR012,TLR-7998,C501088,cash withdrawal,487.04,CAD
CA00022768,2025-03-07,BR026,TLR-5547,C501738,cash deposit,1765.39,CAD
CA00021972,2025-03-02,BR022,TLR-8494,C501118,cash deposit,1691.84,CAD
CA00019635,2025-03-02,BR009,TLR-9772,C500784,cash withdrawal,2547.37,CAD
CA00019145,2025-03-27,BR007,TLR-5835,C503359,cash withdrawal,2698.4,CAD
CA00026417,2025-03-22,BR040,TLR-6598,C503172,cash withdrawal,1345.26,CAD
CA00018818,2025-03-19,BR006,TLR-4767,C501660,cash withdrawal,689.75,CAD
CA00026565,2025-03-23,BR040,TLR-1155,C502892,cash withdrawal,764.58,CAD
CA00023953,2025-03-18,BR032,TLR-1268,C503638,cash withdrawal,706.3,CAD
CA00020234,2025-03-23,BR013,TLR-1400,C502671,cash deposit,504.82,CAD
CA00023777,2025-03-03,BR031,TLR-3636,C502873,cash withdrawal,711.26,CAD
CA00020245,2025-03-23,BR013,TLR-5016,C500908,cash deposit,754.54,CAD
CA00017793,2025-03-06,BR001,TLR-1798,C502908,cash withdrawal,1504.56,CAD
CA00024421,2025-03-18,BR035,TLR-6782,C501516,cash withdrawal,2019.68,CAD
CA00018125,2025-03-09,BR002,TLR-5322,C502005,cash withdrawal,-751.09,CAD
CA00022457,2025-03-01,BR025,TLR-6837,C501337,cash withdrawal,-1099.28,CAD
CA00024949,2025-03-18,BR036,TLR-6091,C502003,cash deposit,1091.5,CAD
CA00022840,2025-03-11,BR026,TLR-4705,C500914,cash deposit,923.8,CAD
CA00024957,2025-03-18,BR036,TLR-9808,C501617,cash withdrawal,1026.67,CAD
CA00021154,2025-03-13,BR017,TLR-3940,C500222,cash deposit,547.35,CAD
CA00020979,2025-03-04,BR017,TLR-5083,C501985,cash withdrawal,536.55,CAD
CA00019060,2025-03-25,BR007,TLR-4816,C501492,cash deposit,2555.72,CAD
CA00023900,2025-03-26,BR031,TLR-1930,C502160,cash deposit,531.78,CAD
CA00023849,2025-03-30,BR031,TLR-7201,C500336,cash withdrawal,680.49,CAD
CA00023349,2025-03-24,BR029,TLR-8927,C503886,cash withdrawal,1039.54,CAD
CA00025745,2025-03-17,BR040,TLR-5870,C501814,cash deposit,1511.5,CAD
CA00021558,2025-03-09,BR019,TLR-9344,C503429,cash withdrawal,235.09,CAD
CA00018218,2025-03-01,BR002,TLR-3701,C502455,cash withdrawal,-1786.45,CAD
CA00019655,2025-03-12,BR009,TLR-4496,C502126,cash withdrawal,704.84,CAD
CA00026228,2025-03-08,BR040,TLR-8765,C503440,cash deposit,951.44,CAD
CA00018249,2025-03-14,BR003,TLR-5620,C503906,cash deposit,1967.76,CAD
CA00023908,2025-03-27,BR031,TLR-6008,C500075,cash deposit,914.03,CAD
CA00019754,2025-03-12,BR010,TLR-5021,C503075,cash withdrawal,2007.92,CAD
CA00025078,2025-03-15,BR037,TLR-1925,C502162,cash deposit,736.4,CAD
CA00025929,2025-03-16,BR040,TLR-6534,C502867,cash deposit,990.36,CAD
CA00022257,2025-03-11,BR024,TLR-6818,C503240,cash deposit,3763.87,CAD
CA00025767,2025-03-10,BR040,TLR-1408,C502067,cash withdrawal,2132.48,CAD
CA00019288,2025-03-08,BR008,TLR-3411,C503254,cash deposit,589.31,CAD
CA00020099,2025-03-24,BR012,TLR-1047,C502065,cash deposit,959.7,CAD
CA00022674,2025-03-26,BR026,TLR-5617,C502580,cash deposit,398.01,CAD
CA00018551,2025-03-04,BR004,TLR-1639,C500224,cash withdrawal,1172.2,CAD
CA00026554,2025-03-28,BR040,TLR-4435,C500856,cash withdrawal,631.32,CAD
CA00024758,2025-03-18,BR036,TLR-4597,C502001,cash withdrawal,935.05,CAD
CA00018757,2025-03-01,BR005,TLR-2625,C503786,cash deposit,431.25,CAD
CA00024691,2025-03-04,BR036,TLR-3053,C503626,cash deposit,2899.25,CAD
CA00026013,2025-03-16,BR040,TLR-7903,C502098,cash deposit,225.51,CAD
CA00024547,2025-03-16,BR035,TLR-1150,C503255,cash withdrawal,576.16,CAD
CA00019547,2025-03-15,BR009,TLR-7376,C501773,cash withdrawal,871.99,CAD
CA00018584,2025-03-19,BR004,TLR-7974,C500610,cash deposit,3218.1,CAD
CA00021730,2025-03-29,BR020,TLR-9550,C500827,cash withdrawal,1069.67,USD
CA00026097,2025-03-25,BR040,TLR-6957,C501947,cash deposit,884.05,CAD
CA00026119,2025-03-23,BR040,TLR-7676,C503146,cash withdrawal,1307.26,CAD
CA00017969,2025-03-16,BR001,TLR-7783,C501537,cash deposit,480.99,CAD
CA00020139,2025-03-02,BR012,TLR-8741,C503141,cash withdrawal,2237.14,CAD
CA00019816,2025-03-22,BR010,TLR-3021,C503739,cash deposit,322.73,CAD
CA00021932,2025-03-24,BR021,TLR-8088,C503455,cash withdrawal,1783.77,CAD
CA00022265,2025-03-05,BR024,TLR-1897,C503769,cash deposit,3469.94,CAD
CA00019539,2025-03-03,BR009,TLR-5277,C501908,cash deposit,845.11,CAD
CA00019896,2025-03-08,BR010,TLR-1976,C500902,cash withdrawal,204.35,CAD
CA00026383,2025-03-09,BR040,TLR-9786,C501712,cash withdrawal,1373.31,CAD
CA00022942,2025-03-25,BR027,TLR-4212,C502901,cash withdrawal,2010.48,CAD
CA00025608,2025-03-23,BR039,TLR-9759,C502792,cash withdrawal,645.68,CAD
CA00025360,2025-03-24,BR038,TLR-3722,C503942,cash withdrawal,1752.03,CAD
CA00020251,2025-03-15,BR013,TLR-6845,C500812,cash deposit,738.39,CAD
CA00021764,2025-03-28,BR020,TLR-9984,C501393,cash withdrawal,701.25,USD
CA00024169,2025-03-14,BR033,TLR-2866,C501831,cash withdrawal,1476.21,CAD
CA00022795,2025-03-18,BR026,TLR-6423,C500845,cash withdrawal,-445.71,CAD
CA00025930,2025-03-22,BR040,TLR-8105,C501470,cash deposit,397.59,CAD
CA00020189,2025-03-10,BR013,TLR-2446,C503514,cash deposit,1085.92,CAD
CA00020445,2025-03-08,BR014,TLR-5945,C502926,cash withdrawal,707.2,CAD
CA00025978,2025-03-27,BR040,TLR-1230,C502190,cash deposit,2640.06,CAD
CA00019849,2025-03-03,BR010,TLR-9077,C502458,cash withdrawal,213.8,CAD
CA00020359,2025-03-16,BR014,TLR-6955,C501848,cash withdrawal,3116.8,CAD
CA00020421,2025-03-30,BR014,TLR-5874,C502667,cash withdrawal,487.88,CAD
CA00021904,2025-03-01,BR021,TLR-4594,C502071,cash withdrawal,1367.58,CAD
CA00021674,2025-03-07,BR020,TLR-7988,C503819,cash deposit,722.06,USD
CA00026085,2025-03-08,BR040,TLR-2133,C502682,cash deposit,254.87,CAD
CA00020035,2025-03-23,BR012,TLR-9937,C503806,cash withdrawal,1216.09,CAD
CA00019785,2025-03-29,BR010,TLR-9031,C501216,cash withdrawal,1164.49,CAD
CA00023027,2025-03-16,BR027,TLR-1256,C503154,cash withdrawal,690.9,CAD
CA00020711,2025-03-27,BR015,TLR-9161,C500829,cash deposit,355.55,CAD
CA00020687,2025-03-19,BR015,TLR-6778,C501449,cash deposit,387.32,CAD
CA00025729,2025-03-31,BR040,TLR-2178,C503584,cash deposit,1106.18,CAD
CA00025286,2025-03-29,BR038,TLR-5171,C502043,cash withdrawal,310.17,CAD
CA00025356,2025-03-30,BR038,TLR-7302,C503303,cash withdrawal,1295.85,CAD
CA00026422,2025-03-28,BR040,TLR-9734,C503528,cash deposit,2026.43,CAD
CA00022494,2025-03-19,BR025,TLR-6280,C502740,cash withdrawal,-656.09,CAD
CA00023053,2025-03-06,BR027,TLR-4342,C500902,cash withdrawal,154.9,CAD
CA00021596,2025-03-25,BR020,TLR-8549,C500823,cash deposit,4386.15,USD
CA00021723,2025-03-05,BR020,TLR-8265,C501522,cash withdrawal,1129.83,USD
CA00020203,2025-03-15,BR013,TLR-9554,C500496,cash withdrawal,2495.63,CAD
CA00021343,2025-03-14,BR019,TLR-2941,C502096,cash withdrawal,1034.38,CAD
CA00019377,2025-03-03,BR008,TLR-2565,C500929,cash withdrawal,1385.42,CAD
CA00018628,2025-03-01,BR004,TLR-7290,C500659,cash withdrawal,773.69,CAD
CA00023911,2025-03-16,BR031,TLR-8923,C501107,cash withdrawal,702.27,CAD
CA00026298,2025-03-19,BR040,TLR-3803,C500267,cash deposit,758.94,CAD
CA00025321,2025-03-20,BR038,TLR-1583,C501444,cash withdrawal,1055.72,CAD
CA00023792,2025-03-13,BR031,TLR-5290,C502585,cash withdrawal,618.52,CAD
CA00021946,2025-03-06,BR021,TLR-7837,C503971,cash deposit,750.07,CAD
CA00024878,2025-03-29,BR036,TLR-7815,C502221,cash deposit,749.11,CAD
CA00020968,2025-03-18,BR017,TLR-5173,C502770,cash deposit,677.43,CAD
CA00024523,2025-03-25,BR035,TLR-8162,C503985,cash withdrawal,1944.36,CAD
CA00024024,2025-03-19,BR032,TLR-1375,C503124,cash withdrawal,1346.17,CAD
CA00021785,2025-03-03,BR021,TLR-3508,C501205,cash deposit,1755.36,CAD
CA00019527,2025-03-29,BR009,TLR-5728,C503871,cash deposit,1865.73,CAD
CA00021113,2025-03-12,BR017,TLR-3492,C502171,cash withdrawal,2052.99,CAD
CA00023291,2025-03-07,BR029,TLR-8688,C501870,cash withdrawal,948.02,CAD
CA00018505,2025-03-07,BR004,TLR-3724,C503162,cash deposit,1646.98,CAD
CA00020414,2025-03-01,BR014,TLR-1670,C502938,cash deposit,876.68,CAD
CA00023635,2025-03-27,BR030,TLR-3399,C503819,cash withdrawal,867.34,CAD
CA00022100,2025-03-17,BR023,TLR-9170,C503926,cash withdrawal,1785.58,CAD
CA00024694,2025-03-26,BR036,TLR-8728,C500871,cash withdrawal,1892.0,CAD
CA00024592,2025-03-19,BR035,TLR-2976,C501797,cash deposit,1057.11,CAD
CA00021948,2025-03-03,BR021,TLR-5396,C500868,cash withdrawal,812.3,CAD
CA00022858,2025-03-08,BR026,TLR-7238,C500550,cash withdrawal,-1344.92,CAD
CA00026224,2025-03-23,BR040,TLR-4762,C503944,cash deposit,834.46,CAD
CA00018536,2025-03-23,BR004,TLR-9031,C500109,cash withdrawal,1443.69,CAD
CA00025617,2025-03-01,BR039,TLR-8806,C501596,cash withdrawal,900.29,CAD
CA00022372,2025-03-25,BR024,TLR-1177,C500687,cash deposit,1158.35,CAD
CA00018055,2025-03-06,BR002,TLR-7737,C502565,cash deposit,1303.79,CAD
CA00021111,2025-03-29,BR017,TLR-9185,C501257,cash withdrawal,1219.04,CAD
CA00019192,2025-03-23,BR007,TLR-6368,C500535,cash deposit,1165.17,CAD
CA00024005,2025-03-24,BR032,TLR-1544,C502932,cash withdrawal,1375.35,CAD
CA00022870,2025-03-31,BR026,TLR-5162,C501485,cash withdrawal,-1715.03,CAD
CA00018362,2025-03-04,BR003,TLR-9604,C501973,cash withdrawal,1119.86,CAD
CA00024313,2025-03-05,BR034,TLR-5616,C500222,cash withdrawal,1676.78,CAD
CA00023245,2025-03-07,BR029,TLR-3761,C502855,cash deposit,2321.64,CAD
CA00022845,2025-03-09,BR026,TLR-8802,C502144,cash withdrawal,-856.3,CAD
CA00024025,2025-03-02,BR032,TLR-7746,C500998,cash deposit,720.59,CAD
CA00022946,2025-03-05,BR027,TLR-9423,C503005,cash deposit,1313.97,CAD
CA00024402,2025-03-21,BR034,TLR-7964,C502415,cash deposit,466.17,CAD
CA00022864,2025-03-26,BR026,TLR-4896,C500819,cash deposit,1050.95,CAD
CA00021671,2025-03-19,BR020,TLR-2460,C502230,cash withdrawal,519.32,USD
CA00020885,2025-03-12,BR016,TLR-1035,C500163,cash deposit,414.32,CAD
CA00026066,2025-03-16,BR040,TLR-3937,C503724,cash withdrawal,1025.05,CAD
CA00018974,2025-03-06,BR006,TLR-5902,C503138,cash deposit,1026.52,CAD
CA00023754,2025-03-23,BR031,TLR-9928,C502474,cash deposit,1179.34,CAD
CA00018356,2025-03-31,BR003,TLR-2764,C501974,cash deposit,2717.43,CAD
CA00023412,2025-03-23,BR030,TLR-5909,C502624,cash withdrawal,733.74,CAD
CA00020814,2025-03-08,BR016,TLR-9195,C500384,cash deposit,1312.19,CAD
CA00017981,2025-03-26,BR001,TLR-1586,C502308,cash deposit,927.22,CAD
CA00022201,2025-03-03,BR024,TLR-3303,C501494,cash deposit,402.86,CAD
CA00022225,2025-03-10,BR024,TLR-1152,C500412,cash withdrawal,523.53,CAD
CA00026379,2025-03-28,BR040,TLR-3363,C500374,cash deposit,3213.67,CAD
CA00024693,2025-03-25,BR036,TLR-1125,C500414,cash withdrawal,1493.28,CAD
