TransactionID,Date,BranchCode,CustomerID,TellerID,Amount,TransactionType,Currency
CA00012355,2025-02-22,BR019,C500082,TLR-6699,956.35,cash deposit,CAD
CA00008948,2025-02-17,BR001,C500628,TLR-8431,322.1,cash deposit,CAD
CA00012148,2025-02-18,BR017,C500741,TLR-3029,742.06,cash withdrawal,CAD
CA00010089,2025-02-06,BR007,C501169,TLR-8547,2413.71,cash deposit,CAD
CA00010069,2025-02-21,BR007,C503307,TLR-2562,1271.17,cash deposit,CAD
CA00012441,2025-02-28,BR019,C500266,TLR-8387,912.01,cash deposit,CAD
CA00016539,2025-02-06,BR039,C501401,TLR-3388,1367.39,cash deposit,CAD
CA00011666,2025-02-08,BR015,C501315,TLR-1176,1035.64,cash withdrawal,CAD
CA00011317,2025-02-22,BR014,C501581,TLR-7767,423.93,cash deposit,CAD
CA00010728,2025-02-26,BR010,C503526,TLR-6229,1050.13,cash withdrawal,CAD
CA00016771,2025-02-25,BR040,C503144,TLR-6823,403.46,cash deposit,CAD
CA00013486,2025-02-15,BR025,C503753,TLR-5679,482.93,cash deposit,CAD
CA00010435,2025-02-09,BR008,C500193,TLR-5021,657.28,cash withdrawal,CAD
CA00009295,2025-02-24,BR003,C500678,TLR-1835,302.44,cash deposit,CAD
CA00016538,2025-02-07,BR039,C500382,TLR-8683,584.75,cash deposit,CAD
CA00015079,2025-02-21,BR032,C500808,TLR-7541,7509.64,cash deposit,CAD
CA00010497,2025-02-16,BR008,C501415,TLR-7420,2062.22,cash deposit,CAD
CA00015704,2025-02-14,BR036,C501541,TLR-5653,1473.86,cash withdrawal,CAD
CA00013195,2025-02-11,BR024,C501808,TLR-9595,893.47,cash withdrawal,CAD
CA00008811,2025-02-13,BR001,C500196,TLR-5396,847.92,cash deposit,CAD
CA00009177,2025-02-18,BR002,C503451,TLR-8194,-1055.03,cash withdrawal,CAD
CA00012385,2025-02-23,BR019,C503647,TLR-6971,931.04,cash withdrawal,CAD
CA00010639,2025-02-17,BR009,C503083,TLR-9158,2288.75,cash withdrawal,CAD
CA00012098,2025-02-25,BR017,C500753,TLR-6735,291.17,cash withdrawal,CAD
CA00015763,2025-02-05,BR036,C503849,TLR-1917,2316.2,cash withdrawal,CAD
CA00013253,2025-02-16,BR024,C500109,TLR-7700,2533.15,cash deposit,CAD
CA00014505,2025-02-03,BR030,C501298,TLR-8453,1943.4,cash withdrawal,CAD
CA00017685,2025-02-18,BR040,C503112,TLR-8982,535.33,cash withdrawal,CAD
CA00016266,2025-02-22,BR038,C502272,TLR-6926,1373.33,cash deposit,CAD
CA00015134,2025-02-10,BR033,C501758,TLR-7450,1227.62,cash deposit,CAD
CA00009387,2025-02-17,BR003,C501468,TLR-9058,1016.08,cash deposit,CAD
CA00015426,2025-02-14,BR034,C502668,TLR-8995,633.08,cash deposit,CAD
CA00010423,2025-02-08,BR008,C500755,TLR-3506,2490.08,cash withdrawal,CAD
CA00012999,2025-02-07,BR022,C500389,TLR-4263,1581.69,cash deposit,CAD
CA00009054,2025-02-03,BR002,C502055,TLR-9983,834.95,cash deposit,CAD
CA00012840,2025-02-11,BR021,C503699,TLR-1811,1108.14,cash deposit,CAD
CA00009260,2025-02-08,BR003,C500719,TLR-1359,562.76,cash withdrawal,CAD
CA00009882,2025-02-09,BR006,C500456,TLR-6233,366.86,cash deposit,CAD
CA00012917,2025-02-07,BR021,C503815,TLR-2320,757.66,cash withdrawal,CAD
CA00013729,2025-02-11,BR026,C502294,TLR-2480,616.69,cash deposit,CAD
CA00010614,2025-02-06,BR009,C503629,TLR-2865,1829.46,cash deposit,CAD
CA00011954,2025-02-16,BR017,C502070,TLR-4076,4039.31,cash deposit,CAD
CA00013797,2025-02-16,BR026,C502177,TLR-1053,430.58,cash deposit,CAD
CA00014072,2025-02-05,BR027,C501791,TLR-5177,3950.19,cash withdrawal,CAD
CA00011936,2025-02-03,BR016,C500446,TLR-7322,742.0,cash deposit,CAD
CA00009140,2025-02-20,BR002,C502451,TLR-3448,5368.01,cash deposit,CAD
CA00013291,2025-02-12,BR024,C500317,TLR-8644,545.58,cash deposit,CAD
CA00015136,2025-02-21,BR033,C501218,TLR-6058,550.08,cash deposit,CAD
CA00013492,2025-02-22,BR025,C501264,TLR-1130,-1265.72,cash withdrawal,CAD
CA00008828,2025-02-05,BR001,C501446,TLR-7335,2851.02,cash withdrawal,CAD
CA00013783,2025-02-09,BR026,C501753,TLR-9304,-239.81,cash withdrawal,CAD
CA00010535,2025-02-05,BR009,C502909,TLR-2845,1707.06,cash withdrawal,CAD
CA00014755,2025-02-12,BR031,C500524,TLR-9030,198.65,cash deposit,CAD
CA00010779,2025-02-03,BR010,C501490,TLR-2481,1487.67,cash deposit,CAD
CA00016875,2025-02-09,BR040,C500125,TLR-6292,3418.57,cash deposit,CAD
CA00014411,2025-02-17,BR030,C500387,TLR-4386,1521.52,cash deposit,CAD
CA00016210,2025-02-23,BR037,C501605,TLR-3234,1260.33,cash deposit,CAD
CA00014843,2025-02-02,BR031,C501376,TLR-4274,309.46,cash withdrawal,CAD
CA00015754,2025-02-01,BR036,C502283,TLR-3899,1233.72,cash deposit,CAD
CA00010160,2025-02-22,BR007,C501365,TLR-3622,9859.05,cash withdrawal,CAD
CA00014645,2025-02-19,BR030,C502538,TLR-7230,1554.69,cash deposit,CAD
CA00017684,2025-02-03,BR040,C503757,TLR-2694,1345.36,cash deposit,CAD
CA00013137,2025-02-24,BR023,C502208,TLR-5471,656.05,cash deposit,CAD
CA00014568,2025-02-22,BR030,C502665,TLR-4088,1954.22,cash deposit,CAD
CA00010547,2025-02-28,BR009,C502628,TLR-6488,1060.27,cash withdrawal,CAD
CA00011282,2025-02-27,BR014,C500370,TLR-9063,739.74,cash deposit,CAD
CA00012696,2025-02-10,BR020,C503542,TLR-1657,728.66,cash deposit,USD
CA00015541,2025-02-05,BR035,C500254,TLR-9658,469.84,cash deposit,CAD
CA00011376,2025-02-09,BR014,C500018,TLR-7862,2229.96,cash deposit,CAD
CA00016181,2025-02-02,BR037,C502071,TLR-9755,395.53,cash withdrawal,CAD
CA00015349,2025-02-18,BR034,C500942,TLR-2229,1563.55,cash withdrawal,CAD
CA00017287,2025-02-04,BR040,C501911,TLR-7609,878.16,cash withdrawal,CAD
CA00017531,2025-02-03,BR040,C502324,TLR-6362,533.77,cash withdrawal,CAD
CA00015347,2025-02-04,BR034,C503838,TLR-6582,524.67,cash withdrawal,CAD
CA00014444,2025-02-05,BR030,C503102,TLR-2794,715.37,cash deposit,CAD
CA00010173,2025-02-12,BR007,C501078,TLR-9016,1375.06,cash withdrawal,CAD
CA00015094,2025-02-16,BR032,C502791,TLR-1875,995.51,cash deposit,CAD
CA00012682,2025-02-04,BR020,C503573,TLR-8374,372.23,cash withdrawal,USD
CA00008897,2025-02-25,BR001,C503202,TLR-6529,1447.08,cash withdrawal,CAD
CA00013655,2025-02-22,BR025,C503920,TLR-7174,3910.39,cash deposit,CAD
CA00014346,2025-02-28,BR029,C503986,TLR-2062,263.09,cash deposit,CAD
CA00012791,2025-02-18,BR021,C503602,TLR-1056,1654.07,cash withdrawal,CAD
CA00010277,2025-02-11,BR007,C500780,TLR-8024,1070.27,cash deposit,CAD
CA00013979,2025-02-23,BR027,C503097,TLR-6539,643.79,cash withdrawal,CAD
CA00017438,2025-02-05,BR040,C500234,TLR-9256,303.93,cash deposit,CAD
CA00013360,2025-02-04,BR024,C502229,TLR-4792,691.05,cash withdrawal,CAD
CA00012080,2025-02-16,BR017,C501188,TLR-6758,767.58,cash withdrawal,CAD
CA00012554,2025-02-24,BR019,C500560,TLR-5626,985.25,cash withdrawal,CAD
CA00010753,2025-02-03,BR010,C503109,TLR-8812,671.52,cash deposit,CAD
CA00013465,2025-02-22,BR025,C502463,TLR-7796,998.82,cash deposit,CAD
CA00013057,2025-02-11,BR023,C502795,TLR-4362,2216.82,cash withdrawal,CAD
CA00012979,2025-02-18,BR022,C503850,TLR-8544,579.02,cash deposit,CAD
CA00013250,2025-02-05,BR024,C502423,TLR-6184,1531.61,cash deposit,CAD
CA00012695,2025-02-19,BR020,C501999,TLR-4580,480.64,cash deposit,USD
CA00016729,2025-02-04,BR040,C503952,TLR-7360,1595.78,cash withdrawal,CAD
CA00015669,2025-02-07,BR035,C500372,TLR-9222,624.87,cash deposit,CAD
CA00013254,2025-02-27,BR024,C501182,TLR-6698,716.61,cash withdrawal,CAD
CA00016703,2025-02-14,BR040,C503796,TLR-8960,785.53,cash deposit,CAD
CA00015042,2025-02-26,BR032,C500214,TLR-6862,2583.26,cash deposit,CAD
CA00012455,2025-02-07,BR019,C500005,TLR-9002,1195.99,cash deposit,CAD
CA00013475,2025-02-05,BR025,C501482,TLR-6772,359.56,cash deposit,CAD
CA00012462,2025-02-10,BR019,C502859,TLR-7019,1021.6,cash withdrawal,CAD
CA00014584,2025-02-07,BR030,C500223,TLR-5714,800.93,cash withdrawal,CAD
CA00016341,2025-02-10,BR038,C500409,TLR-1695,2831.97,cash withdrawal,CAD
CA00013386,2025-02-28,BR024,C501942,TLR-2828,444.67,cash deposit,CAD
CA00013265,2025-02-22,BR024,C501768,TLR-4638,2594.01,cash deposit,CAD
CA00009127,2025-02-06,BR002,C501456,TLR-9581,1113.61,cash deposit,CAD
CA00010092,2025-02-13,BR007,C502311,TLR-7904,1266.96,cash deposit,CAD
CA00016482,2025-02-10,BR039,C502042,TLR-3945,1362.67,cash withdrawal,CAD
CA00015115,2025-02-24,BR033,C503130,TLR-3257,792.73,cash withdrawal,CAD
CA00012689,2025-02-25,BR020,C500099,TLR-6533,966.92,cash withdrawal,USD
CA00017624,2025-02-10,BR040,C501379,TLR-1914,1628.94,cash deposit,CAD
CA00012915,2025-02-10,BR021,C500165,TLR-5643,556.86,cash withdrawal,CAD
CA00015239,2025-02-07,BR033,C502335,TLR-6609,161.19,cash deposit,CAD
CA00008700,2025-02-20,BR001,C503743,TLR-6232,320.16,cash withdrawal,CAD
CA00014100,2025-02-24,BR027,C500057,TLR-8633,9328.54,cash withdrawal,CAD
CA00010913,2025-02-24,BR012,C501323,TLR-3532,2979.2,cash withdrawal,CAD
CA00015953,2025-02-09,BR036,C503807,TLR-5672,2245.81,cash deposit,CAD
CA00009779,2025-02-09,BR006,C500429,TLR-3095,1912.9,cash withdrawal,CAD
CA00010490,2025-02-08,BR008,C501427,TLR-2564,1120.67,cash deposit,CAD
CA00011400,2025-02-10,BR014,C501115,TLR-3183,2203.71,cash withdrawal,CAD
CA00014661,2025-02-19,BR030,C502031,TLR-5266,335.16,cash deposit,CAD
CA00010826,2025-02-13,BR010,C501446,TLR-2567,1165.79,cash deposit,CAD
CA00012987,2025-02-25,BR022,C503342,TLR-8522,446.62,cash deposit,CAD
CA00013550,2025-02-26,BR025,C503408,TLR-5414,-1058.13,cash withdrawal,CAD
CA00009822,2025-02-11,BR006,C501163,TLR-4266,3615.15,cash deposit,CAD
CA00015830,2025-02-22,BR036,C503732,TLR-7806,1023.53,cash deposit,CAD
CA00016245,2025-02-13,BR037,C500901,TLR-5349,716.63,cash deposit,CAD
CA00016756,2025-02-16,BR040,C501847,TLR-8831,520.33,cash deposit,CAD
CA00010088,2025-02-09,BR007,C502734,TLR-1737,452.9,cash deposit,CAD
CA00008784,2025-02-26,BR001,C502651,TLR-6978,868.54,cash withdrawal,CAD
CA00010896,2025-02-07,BR011,C500453,TLR-2680,1812.32,cash withdrawal,CAD
CA00013102,2025-02-10,BR023,C502964,TLR-3472,2061.38,cash deposit,CAD
CA00016653,2025-02-14,BR039,C501960,TLR-5142,1862.97,cash withdrawal,CAD
CA00014955,2025-02-26,BR031,C500744,TLR-7464,1693.4,cash withdrawal,CAD
CA00015717,2025-02-26,BR036,C501034,TLR-5586,1162.87,cash withdrawal,CAD
CA00014889,2025-02-25,BR031,C501192,TLR-5601,240.57,cash deposit,CAD
CA00010616,2025-02-27,BR009,C500729,TLR-8903,1140.93,cash withdrawal,CAD
CA00017406,2025-02-04,BR040,C500414,TLR-5129,954.32,cash deposit,CAD
CA00010198,2025-02-24,BR007,C503112,TLR-9766,624.03,cash withdrawal,CAD
CA00014199,2025-02-14,BR028,C502198,TLR-9833,2713.36,cash withdrawal,CAD
CA00015003,2025-02-17,BR032,C503113,TLR-3720,1745.13,cash withdrawal,CAD
CA00017643,2025-02-13,BR040,C503940,TLR-4309,1279.55,cash deposit,CAD
CA00015894,2025-02-25,BR036,C500366,TLR-4648,1639.57,cash deposit,CAD
CA00008773,2025-02-26,BR001,C502199,TLR-1681,4661.4,cash withdrawal,CAD
CA00009032,2025-02-11,BR002,C503755,TLR-6418,-1583.2,cash withdrawal,CAD
CA00011621,2025-02-26,BR015,C501512,TLR-5471,1339.01,cash deposit,CAD
CA00015490,2025-02-15,BR035,C500965,TLR-9258,757.11,cash withdrawal,CAD
CA00016057,2025-02-26,BR037,C501965,TLR-3634,1621.61,cash withdrawal,CAD
CA00010457,2025-02-17,BR008,C500043,TLR-4024,676.31,cash withdrawal,CAD
CA00010708,2025-02-18,BR010,C503233,TLR-9240,1023.62,cash withdrawal,CAD
CA00016762,2025-02-19,BR040,C501486,TLR-4432,982.04,cash withdrawal,CAD
CA00009102,2025-02-14,BR002,C502054,TLR-9623,1569.32,cash deposit,CAD
CA00013878,2025-02-02,BR026,C503092,TLR-7975,1174.56,cash deposit,CAD
CA00017298,2025-02-05,BR040,C500290,TLR-5030,604.1,cash deposit,CAD
CA00013013,2025-02-21,BR022,C501111,TLR-5053,940.07,cash deposit,CAD
CA00009072,2025-02-24,BR002,C502756,TLR-5937,3148.61,cash deposit,CAD
CA00010710,2025-02-26,BR010,C502485,TLR-4029,357.9,cash deposit,CAD
CA00016794,2025-02-03,BR040,C502467,TLR-7676,796.81,cash deposit,CAD
CA00008829,2025-02-07,BR001,C501299,TLR-9160,2906.14,cash deposit,CAD
CA00015123,2025-02-18,BR033,C503997,TLR-2274,158.63,cash withdrawal,CAD
CA00014938,2025-02-13,BR031,C501234,TLR-4754,621.19,cash withdrawal,CAD
CA00011643,2025-02-27,BR015,C501902,TLR-2414,1835.23,cash deposit,CAD
CA00009396,2025-02-04,BR003,C503946,TLR-2473,345.69,cash withdrawal,CAD
CA00011959,2025-02-16,BR017,C503705,TLR-1872,1336.32,cash withdrawal,CAD
CA00015613,2025-02-28,BR035,C502698,TLR-5325,1857.27,cash withdrawal,CAD
CA00012319,2025-02-09,BR019,C503257,TLR-6296,340.64,cash deposit,CAD
CA00011506,2025-02-20,BR015,C503614,TLR-6100,684.08,cash deposit,CAD
CA00017210,2025-02-09,BR040,C501523,TLR-3797,863.33,cash deposit,CAD
CA00011340,2025-02-28,BR014,C500747,TLR-2991,1747.6,cash deposit,CAD
CA00017206,2025-02-15,BR040,C502820,TLR-8123,905.86,cash withdrawal,CAD
CA00011415,2025-02-01,BR014,C502132,TLR-5475,1691.5,cash deposit,CAD
CA00012163,2025-02-28,BR017,C502866,TLR-5129,561.3,cash withdrawal,CAD
CA00015808,2025-02-12,BR036,C502063,TLR-6500,3531.55,cash withdrawal,CAD
CA00012659,2025-02-07,BR020,C503549,TLR-3722,2587.32,cash withdrawal,USD
CA00015199,2025-02-24,BR033,C502673,TLR-7724,1557.72,cash withdrawal,CAD
CA00015826,2025-02-13,BR036,C500246,TLR-6379,1618.22,cash deposit,CAD
CA00012873,2025-02-01,BR021,C503165,TLR-1495,917.7,cash deposit,CAD
CA00010365,2025-02-24,BR008,C503854,TLR-2443,518.03,cash withdrawal,CAD
CA00009340,2025-02-03,BR003,C502725,TLR-5609,2569.24,cash withdrawal,CAD
CA00010763,2025-02-18,BR010,C502617,TLR-4596,920.14,cash withdrawal,CAD
CA00009511,2025-02-04,BR004,C500627,TLR-1622,3700.16,cash deposit,CAD
CA00011907,2025-02-01,BR016,C501483,TLR-9709,673.46,cash withdrawal,CAD
CA00014659,2025-02-27,BR030,C500754,TLR-7623,644.22,cash deposit,CAD
CA00014445,2025-02-13,BR030,C500070,TLR-3448,1527.53,cash deposit,CAD
CA00012723,2025-02-09,BR020,C501920,TLR-7226,571.91,cash deposit,USD
CA00015695,2025-02-18,BR036,C501685,TLR-6950,2333.54,cash deposit,CAD
CA00014714,2025-02-06,BR031,C501634,TLR-8765,1713.33,cash withdrawal,CAD
CA00013658,2025-02-17,BR025,C503493,TLR-4005,-507.67,cash withdrawal,CAD
CA00016843,2025-02-24,BR040,C502461,TLR-4566,490.54,cash withdrawal,CAD
CA00011111,2025-02-07,BR012,C501627,TLR-6166,540.53,cash withdrawal,CAD
CA00013177,2025-02-28,BR024,C502780,TLR-9860,2846.06,cash deposit,CAD
CA00014113,2025-02-14,BR028,C501609,TLR-3202,1177.29,cash withdrawal,CAD
CA00017054,2025-02-08,BR040,C502341,TLR-1473,745.02,cash withdrawal,CAD
CA00012774,2025-02-07,BR021,C501247,TLR-3260,380.18,cash deposit,CAD
CA00053287,2025-02-17,BR032,W926886,TLR-5395,234.58,cash withdrawal,CAD
CA00009992,2025-02-15,BR006,C501057,TLR-3573,1509.35,cash withdrawal,CAD
CA00009099,2025-02-26,BR002,C501426,TLR-4744,1380.6,cash deposit,CAD
CA00017014,2025-02-25,BR040,C502856,TLR-6996,607.63,cash deposit,CAD
CA00016659,2025-02-19,BR040,C501187,TLR-8165,1422.83,cash withdrawal,CAD
CA00009999,2025-02-05,BR006,C503392,TLR-4310,1667.65,cash deposit,CAD
CA00015069,2025-02-10,BR032,C500050,TLR-3348,934.74,cash withdrawal,CAD
CA00015919,2025-02-14,BR036,C501993,TLR-3585,2231.81,cash deposit,CAD
CA00011674,2025-02-02,BR015,C500260,TLR-9134,509.35,cash deposit,CAD
CA00010552,2025-02-23,BR009,C501263,TLR-1298,807.54,cash withdrawal,CAD
CA00015037,2025-02-08,BR032,C503205,TLR-3850,717.98,cash deposit,CAD
CA00016424,2025-02-13,BR038,C502599,TLR-8427,966.78,cash deposit,CAD
CA00010006,2025-02-21,BR006,C502014,TLR-2757,1378.72,cash withdrawal,CAD
CA00010460,2025-02-12,BR008,C503905,TLR-9306,2779.08,cash deposit,CAD
CA00014833,2025-02-26,BR031,C501552,TLR-1069,1152.1,cash withdrawal,CAD
CA00011471,2025-02-27,BR015,C501896,TLR-7544,1129.59,cash withdrawal,CAD
CA00011430,2025-02-16,BR015,C502706,TLR-7288,860.24,cash deposit,CAD
CA00012650,2025-02-07,BR020,C502832,TLR-8049,879.18,cash deposit,USD
CA00011098,2025-02-28,BR012,C501688,TLR-8394,503.37,cash withdrawal,CAD
CA00010534,2025-02-02,BR009,C502157,TLR-6415,975.87,cash withdrawal,CAD
CA00014653,2025-02-08,BR030,C501914,TLR-6485,1144.93,cash withdrawal,CAD
CA00009349,2025-02-01,BR003,C500356,TLR-5870,767.68,cash withdrawal,CAD
CA00011625,2025-02-10,BR015,C503549,TLR-5267,1471.79,cash deposit,CAD
CA00017524,2025-02-18,BR040,C500151,TLR-2221,616.59,cash deposit,CAD
CA00014921,2025-02-13,BR031,C503085,TLR-3040,1683.8,cash deposit,CAD
CA00008789,2025-02-09,BR001,C501336,TLR-8976,1321.33,cash deposit,CAD
CA00010857,2025-02-16,BR011,C502084,TLR-9214,404.71,cash withdrawal,CAD
CA00012977,2025-02-27,BR022,C502022,TLR-3421,866.3,cash deposit,CAD
CA00011778,2025-02-14,BR016,C503960,TLR-1027,903.6,cash deposit,CAD
CA00010585,2025-02-19,BR009,C503940,TLR-4766,4513.56,cash withdrawal,CAD
CA00009394,2025-02-06,BR003,C503190,TLR-1125,1313.52,cash deposit,CAD
CA00017043,2025-02-24,BR040,C502888,TLR-3708,505.48,cash deposit,CAD
CA00015278,2025-02-21,BR033,C501933,TLR-5957,736.41,cash withdrawal,CAD
CA00010838,2025-02-28,BR010,C500292,TLR-7119,2533.49,cash withdrawal,CAD
CA00016684,2025-02-18,BR040,C503847,TLR-3131,458.55,cash deposit,CAD
CA00015526,2025-02-02,BR035,C502349,TLR-6997,497.98,cash withdrawal,CAD
CA00016642,2025-02-09,BR039,C503783,TLR-8635,1219.29,cash withdrawal,CAD
CA00012869,2025-02-21,BR021,C500055,TLR-7293,419.35,cash withdrawal,CAD
CA00011261,2025-02-28,BR014,C500628,TLR-4786,3387.73,cash withdrawal,CAD
CA00014893,2025-02-04,BR031,C501029,TLR-8519,270.38,cash deposit,CAD
CA00012952,2025-02-23,BR021,C500161,TLR-5736,545.06,cash deposit,CAD
CA00010910,2025-02-24,BR012,C503310,TLR-1490,1340.21,cash withdrawal,CAD
CA00016979,2025-02-28,BR040,C502554,TLR-4421,1401.82,cash deposit,CAD
CA00016634,2025-02-06,BR039,C500903,TLR-4567,1719.64,cash withdrawal,CAD
CA00009129,2025-02-21,BR002,C500388,TLR-6431,1518.02,cash deposit,CAD
CA00009991,2025-02-05,BR006,C502332,TLR-9804,445.31,cash deposit,CAD
CA00014776,2025-02-04,BR031,C502398,TLR-9505,337.29,cash withdrawal,CAD
CA00013460,2025-02-14,BR025,C500622,TLR-1009,-1202.85,cash withdrawal,CAD
CA00015494,2025-02-08,BR035,C500552,TLR-9785,1276.86,cash deposit,CAD
CA00017492,2025-02-17,BR040,C503253,TLR-1470,238.13,cash deposit,CAD
CA00010804,2025-02-19,BR010,C503308,TLR-4862,449.51,cash deposit,CAD
CA00013536,2025-02-22,BR025,C502004,TLR-5424,-885.83,cash withdrawal,CAD
CA00008840,2025-02-11,BR001,C500964,TLR-5468,934.38,cash deposit,CAD
CA00008747,2025-02-17,BR001,C502977,TLR-2601,1223.13,cash deposit,CAD
CA00015725,2025-02-07,BR036,C502157,TLR-2507,1668.68,cash withdrawal,CAD
CA00010975,2025-02-11,BR012,C501764,TLR-9561,1664.21,cash withdrawal,CAD
CA00016571,2025-02-09,BR039,C501583,TLR-2264,886.63,cash withdrawal,CAD
CA00015737,2025-02-14,BR036,C500511,TLR-7609,357.11,cash withdrawal,CAD
CA00016246,2025-02-27,BR037,C501661,TLR-4807,789.93,cash deposit,CAD
CA00013885,2025-02-13,BR026,C503426,TLR-1668,600.99,cash deposit,CAD
CA00012204,2025-02-07,BR018,C502213,TLR-3211,406.69,cash deposit,CAD
CA00010402,2025-02-02,BR008,C500194,TLR-1417,723.28,cash deposit,CAD
CA00013883,2025-02-06,BR026,C501841,TLR-6307,-812.17,cash withdrawal,CAD
CA00015862,2025-02-12,BR036,C501034,TLR-1069,3160.58,cash withdrawal,CAD
CA00015851,2025-02-13,BR036,C503763,TLR-9982,1773.86,cash deposit,CAD
CA00014269,2025-02-23,BR029,C500942,TLR-5625,712.15,cash deposit,CAD
CA00010610,2025-02-03,BR009,C502637,TLR-4917,948.26,cash withdrawal,CAD
CA00017331,2025-02-27,BR040,C503765,TLR-6175,200.24,cash withdrawal,CAD
CA00015015,2025-02-02,BR032,C500760,TLR-8514,1396.85,cash withdrawal,CAD
CA00011198,2025-02-03,BR013,C501418,TLR-6825,1506.5,cash withdrawal,CAD
CA00008991,2025-02-13,BR001,C500318,TLR-4343,931.34,cash withdrawal,CAD
CA00011826,2025-02-25,BR016,C501600,TLR-8668,970.85,cash deposit,CAD
CA00014416,2025-02-22,BR030,C503172,TLR-4059,821.26,cash deposit,CAD
CA00015179,2025-02-27,BR033,C502801,TLR-4260,2100.27,cash deposit,CAD
CA00014816,2025-02-11,BR031,C503471,TLR-5223,400.99,cash deposit,CAD
CA00009820,2025-02-18,BR006,C503647,TLR-6164,6183.79,cash deposit,CAD
CA00017430,2025-02-24,BR040,C502109,TLR-3073,1074.22,cash deposit,CAD
CA00017329,2025-02-09,BR040,C503308,TLR-6043,865.82,cash withdrawal,CAD
CA00017327,2025-02-10,BR040,C502286,TLR-5429,916.66,cash withdrawal,CAD
CA00016801,2025-02-21,BR040,C503670,TLR-7321,626.68,cash deposit,CAD
CA00009481,2025-02-01,BR004,C500760,TLR-1627,1278.94,cash withdrawal,CAD
CA00011986,2025-02-03,BR017,C503439,TLR-8882,1458.8,cash withdrawal,CAD
CA00017100,2025-02-15,BR040,C503576,TLR-2876,1715.16,cash withdrawal,CAD
CA00012993,2025-02-21,BR022,C500968,TLR-2902,2265.48,cash deposit,CAD
CA00012141,2025-02-24,BR017,C503506,TLR-4572,856.19,cash deposit,CAD
CA00014914,2025-02-19,BR031,C503579,TLR-2024,637.23,cash withdrawal,CAD
CA00014016,2025-02-27,BR027,C502544,TLR-3599,709.01,cash deposit,CAD
CA00011208,2025-02-12,BR013,C502325,TLR-4477,438.63,cash deposit,CAD
CA00009693,2025-02-13,BR005,C501585,TLR-6750,1291.98,cash deposit,CAD
CA00012776,2025-02-24,BR021,C503060,TLR-6970,930.78,cash deposit,CAD
CA00011513,2025-02-03,BR015,C503955,TLR-5026,3219.9,cash deposit,CAD
CA00010953,2025-02-09,BR012,C502596,TLR-1913,785.77,cash deposit,CAD
CA00009200,2025-02-25,BR003,C503709,TLR-5158,1381.33,cash deposit,CAD
CA00015616,2025-02-12,BR035,C502226,TLR-5601,1645.53,cash deposit,CAD
CA00015859,2025-02-22,BR036,C500331,TLR-8650,1100.44,cash withdrawal,CAD
CA00009000,2025-02-25,BR001,C500602,TLR-1341,661.93,cash deposit,CAD
CA00015222,2025-02-05,BR033,C500414,TLR-2145,557.01,cash deposit,CAD
CA00014826,2025-02-20,BR031,C502399,TLR-3054,1574.89,cash withdrawal,CAD
CA00013892,2025-02-02,BR026,C501806,TLR-9429,-863.47,cash withdrawal,CAD
CA00012281,2025-02-12,BR018,C501958,TLR-1876,1609.44,cash deposit,CAD
CA00015670,2025-02-18,BR035,C500507,TLR-2604,736.51,cash withdrawal,CAD
CA00009351,2025-02-06,BR003,C502887,TLR-6291,241.98,cash deposit,CAD
CA00015817,2025-02-07,BR036,C502505,TLR-2065,3016.79,cash withdrawal,CAD
CA00012738,2025-02-24,BR020,C503538,TLR-6422,665.48,cash withdrawal,USD
CA00011314,2025-02-02,BR014,C501834,TLR-8358,2054.75,cash withdrawal,CAD
CA00015790,2025-02-21,BR036,C502137,TLR-3904,2186.6,cash deposit,CAD
CA00012601,2025-02-17,BR020,C501867,TLR-5641,334.51,cash deposit,USD
CA00009031,2025-02-03,BR002,C501703,TLR-8251,681.99,cash deposit,CAD
CA00012418,2025-02-04,BR019,C503097,TLR-9508,737.02,cash withdrawal,CAD
CA00016906,2025-02-04,BR040,C500017,TLR-8969,2181.83,cash deposit,CAD
CA00013683,2025-02-21,BR026,C503274,TLR-9180,-1272.38,cash withdrawal,CAD
CA00010729,2025-02-23,BR010,C500326,TLR-3630,537.44,cash deposit,CAD
CA00011245,2025-02-03,BR014,C502762,TLR-9466,441.75,cash deposit,CAD
CA00015774,2025-02-08,BR036,C502407,TLR-6822,990.64,cash deposit,CAD
CA00012761,2025-02-04,BR020,C500856,TLR-8702,866.82,cash withdrawal,USD
CA00016178,2025-02-17,BR037,C502503,TLR-5719,895.49,cash deposit,CAD
CA00010199,2025-02-21,BR007,C503186,TLR-8220,1312.79,cash deposit,CAD
CA00017365,2025-02-27,BR040,C503783,TLR-7706,428.49,cash withdrawal,CAD
CA00014515,2025-02-12,BR030,C501794,TLR-5949,712.82,cash withdrawal,CAD
CA00011120,2025-02-23,BR012,C502786,TLR-7958,447.8,cash withdrawal,CAD
CA00014672,2025-02-23,BR030,C501128,TLR-8071,409.91,cash withdrawal,CAD
CA00015748,2025-02-15,BR036,C500313,TLR-3872,692.13,cash deposit,CAD
CA00011121,2025-02-19,BR012,C502073,TLR-5284,259.26,cash deposit,CAD
CA00015158,2025-02-25,BR033,C500223,TLR-4114,1327.73,cash deposit,CAD
CA00015764,2025-02-07,BR036,C500121,TLR-5500,405.07,cash deposit,CAD
CA00009088,2025-02-03,BR002,C501790,TLR-6120,-429.59,cash withdrawal,CAD
CA00016409,2025-02-14,BR038,C500739,TLR-9806,1314.12,cash withdrawal,CAD
CA00014033,2025-02-10,BR027,C501707,TLR-3701,1331.0,cash deposit,CAD
CA00015175,2025-02-22,BR033,C503443,TLR-7770,1963.42,cash deposit,CAD
CA00016465,2025-02-22,BR039,C501183,TLR-8688,762.66,cash deposit,CAD
CA00008869,2025-02-01,BR001,C502327,TLR-3049,920.48,cash deposit,CAD
CA00013506,2025-02-25,BR025,C503639,TLR-5619,-354.47,cash withdrawal,CAD
CA00011963,2025-02-14,BR017,C500518,TLR-4658,997.49,cash withdrawal,CAD
CA00008719,2025-02-21,BR001,C500288,TLR-8089,839.14,cash deposit,CAD
CA00012922,2025-02-18,BR021,C502627,TLR-2771,282.48,cash deposit,CAD
CA00017171,2025-02-19,BR040,C500107,TLR-5467,1123.11,cash deposit,CAD
CA00016549,2025-02-25,BR039,C503444,TLR-1562,2632.65,cash deposit,CAD
CA00014160,2025-02-21,BR028,C501614,TLR-9521,243.51,cash withdrawal,CAD
CA00014932,2025-02-01,BR031,C503457,TLR-8119,823.69,cash withdrawal,CAD
CA00011196,2025-02-28,BR013,C500501,TLR-4507,1571.45,cash deposit,CAD
CA00016321,2025-02-22,BR038,C501651,TLR-6627,1393.46,cash withdrawal,CAD
CA00014103,2025-02-09,BR028,C500788,TLR-1642,991.69,cash withdrawal,CAD
CA00008863,2025-02-27,BR001,C502561,TLR-4616,1693.65,cash deposit,CAD
CA00009220,2025-02-26,BR003,C503686,TLR-1320,3985.65,cash withdrawal,CAD
CA00012036,2025-02-26,BR017,C501729,TLR-6549,560.15,cash deposit,CAD
CA00012218,2025-02-19,BR018,C503224,TLR-9932,1230.14,cash deposit,CAD
CA00015448,2025-02-08,BR034,C502609,TLR-1325,1878.17,cash withdrawal,CAD
CA00012037,2025-02-28,BR017,C501687,TLR-4282,838.49,cash withdrawal,CAD
CA00015401,2025-02-07,BR034,C501675,TLR-8445,468.13,cash deposit,CAD
CA00014256,2025-02-17,BR029,C503190,TLR-8752,1401.85,cash withdrawal,CAD
CA00012641,2025-02-11,BR020,C500886,TLR-4674,426.81,cash withdrawal,USD
CA00009358,2025-02-15,BR003,C501396,TLR-2933,1538.05,cash withdrawal,CAD
CA00010005,2025-02-08,BR006,C500497,TLR-6338,305.03,cash deposit,CAD
CA00013476,2025-02-18,BR025,C503843,TLR-6913,351.34,cash deposit,CAD
CA00014159,2025-02-14,BR028,C501807,TLR-2112,248.7,cash withdrawal,CAD
CA00015261,2025-02-24,BR033,C503763,TLR-8348,1127.54,cash deposit,CAD
CA00011752,2025-02-24,BR016,C501220,TLR-4689,389.15,cash deposit,CAD
CA00017252,2025-02-14,BR040,C502457,TLR-4026,1361.17,cash deposit,CAD
CA00010560,2025-02-28,BR009,C501500,TLR-4827,2404.99,cash withdrawal,CAD
CA00010955,2025-02-28,BR012,C502040,TLR-3459,1902.05,cash withdrawal,CAD
CA00012242,2025-02-05,BR018,C502628,TLR-7872,2448.27,cash withdrawal,CAD
CA00017498,2025-02-13,BR040,C501015,TLR-9173,5407.51,cash deposit,CAD
CA00010001,2025-02-18,BR006,C502087,TLR-4271,640.13,cash withdrawal,CAD
CA00008967,2025-02-18,BR001,C501437,TLR-9160,618.46,cash deposit,CAD
CA00013727,2025-02-20,BR026,C503037,TLR-8629,-327.02,cash withdrawal,CAD
CA00013969,2025-02-22,BR027,C503217,TLR-9217,789.16,cash withdrawal,CAD
CA00013066,2025-02-15,BR023,C502208,TLR-2321,962.95,cash deposit,CAD
CA00015672,2025-02-17,BR035,C500981,TLR-4580,701.93,cash deposit,CAD
CA00011465,2025-02-25,BR015,C502948,TLR-6971,673.11,cash withdrawal,CAD
CA00015029,2025-02-18,BR032,C500769,TLR-7912,689.27,cash deposit,CAD
CA00009035,2025-02-20,BR002,C503533,TLR-1849,1215.86,cash deposit,CAD
CA00016915,2025-02-23,BR040,C500760,TLR-4891,780.11,cash deposit,CAD
CA00012079,2025-02-23,BR017,C501539,TLR-3844,821.65,cash withdrawal,CAD
CA00015539,2025-02-24,BR035,C501687,TLR-2765,388.02,cash withdrawal,CAD
CA00010108,2025-02-21,BR007,C500242,TLR-5342,387.78,cash deposit,CAD
CA00016418,2025-02-06,BR038,C503991,TLR-9115,1732.99,cash withdrawal,CAD
CA00017134,2025-02-20,BR040,C502086,TLR-1769,455.05,cash deposit,CAD
CA00014708,2025-02-01,BR030,C503683,TLR-4071,846.02,cash withdrawal,CAD
CA00010668,2025-02-16,BR010,C502898,TLR-7760,822.03,cash deposit,CAD
CA00014823,2025-02-22,BR031,C500303,TLR-3874,1726.79,cash withdrawal,CAD
CA00012802,2025-02-28,BR021,C501960,TLR-5403,3645.37,cash deposit,CAD
CA00012877,2025-02-14,BR021,C501541,TLR-5545,3232.54,cash withdrawal,CAD
CA00011066,2025-02-02,BR012,C500815,TLR-5788,1456.32,cash deposit,CAD
CA00015313,2025-02-27,BR034,C500138,TLR-9483,1631.15,cash withdrawal,CAD
CA00011258,2025-02-24,BR014,C500807,TLR-4492,4704.6,cash deposit,CAD
CA00009064,2025-02-19,BR002,C500059,TLR-7263,1780.03,cash deposit,CAD
CA00015573,2025-02-17,BR035,C503891,TLR-9029,2121.72,cash withdrawal,CAD
CA00017148,2025-02-08,BR040,C501061,TLR-5740,450.41,cash deposit,CAD
CA00016463,2025-02-12,BR039,C501941,TLR-1685,908.26,cash withdrawal,CAD
CA00011237,2025-02-01,BR014,C502182,TLR-2051,930.56,cash withdrawal,CAD
CA00016779,2025-02-08,BR040,C501127,TLR-6537,1248.35,cash withdrawal,CAD
CA00012812,2025-02-05,BR021,C503531,TLR-7801,329.47,cash deposit,CAD
CA00015414,2025-02-12,BR034,C501706,TLR-4320,3302.77,cash withdrawal,CAD
CA00011244,2025-02-25,BR014,C502013,TLR-4452,1415.86,cash withdrawal,CAD
CA00014187,2025-02-23,BR028,C501750,TLR-5027,931.93,cash deposit,CAD
CA00015836,2025-02-22,BR036,C501094,TLR-5648,967.32,cash deposit,CAD
CA00014945,2025-02-07,BR031,C500635,TLR-2422,481.59,cash deposit,CAD
CA00011294,2025-02-03,BR014,C502656,TLR-2623,4799.91,cash deposit,CAD
CA00012852,2025-02-09,BR021,C501235,TLR-4353,344.78,cash withdrawal,CAD
CA00013852,2025-02-17,BR026,C503962,TLR-5053,-355.11,cash withdrawal,CAD
CA00016869,2025-02-09,BR040,C501760,TLR-7961,1039.47,cash withdrawal,CAD
CA00015794,2025-02-22,BR036,C502287,TLR-8839,1178.98,cash deposit,CAD
CA00010820,2025-02-20,BR010,C501086,TLR-5791,1318.05,cash withdrawal,CAD
CA00008989,2025-02-03,BR001,C502239,TLR-2541,572.25,cash deposit,CAD
CA00009737,2025-02-02,BR005,C501618,TLR-1256,754.92,cash withdrawal,CAD
CA00016577,2025-02-01,BR039,C500843,TLR-4236,5082.54,cash deposit,CAD
CA00011552,2025-02-27,BR015,C502066,TLR-3662,1650.02,cash deposit,CAD
CA00011724,2025-02-03,BR016,C502227,TLR-3304,936.45,cash deposit,CAD
CA00016020,2025-02-12,BR037,C501348,TLR-1222,875.75,cash deposit,CAD
CA00010169,2025-02-17,BR007,C503212,TLR-6734,712.5,cash deposit,CAD
CA00013828,2025-02-22,BR026,C503260,TLR-2340,266.92,cash deposit,CAD
CA00016037,2025-02-26,BR037,C502163,TLR-3017,707.48,cash withdrawal,CAD
CA00015858,2025-02-27,BR036,C500574,TLR-3617,1812.52,cash deposit,CAD
CA00014553,2025-02-15,BR030,C500872,TLR-7027,337.1,cash withdrawal,CAD
CA00009582,2025-02-13,BR004,C500132,TLR-1705,953.98,cash deposit,CAD
CA00013763,2025-02-19,BR026,C503453,TLR-4637,-1005.42,cash withdrawal,CAD
CA00011655,2025-02-10,BR015,C501207,TLR-9281,965.61,cash deposit,CAD
CA00017228,2025-02-21,BR040,C502278,TLR-6879,1174.57,cash withdrawal,CAD
CA00011640,2025-02-08,BR015,C500381,TLR-6146,772.05,cash deposit,CAD
CA00016860,2025-02-08,BR040,C500518,TLR-4195,549.38,cash deposit,CAD
CA00017439,2025-02-04,BR040,C503012,TLR-4868,490.95,cash deposit,CAD
CA00009847,2025-02-14,BR006,C502520,TLR-9091,1037.4,cash deposit,CAD
CA00017330,2025-02-04,BR040,C501306,TLR-2207,1419.23,cash withdrawal,CAD
CA00012849,2025-02-23,BR021,C500167,TLR-5841,1363.42,cash deposit,CAD
CA00012274,2025-02-21,BR018,C503572,TLR-1080,408.18,cash deposit,CAD
CA00009980,2025-02-06,BR006,C503183,TLR-9087,2678.08,cash deposit,CAD
CA00009259,2025-02-22,BR003,C503574,TLR-1109,1130.41,cash withdrawal,CAD
CA00010246,2025-02-23,BR007,C500544,TLR-8091,1227.41,cash deposit,CAD
CA00008831,2025-02-11,BR001,C501398,TLR-6601,4382.55,cash deposit,CAD
CA00010051,2025-02-24,BR006,C503484,TLR-5868,253.88,cash withdrawal,CAD
CA00015990,2025-02-07,BR037,C500711,TLR-6365,493.6,cash deposit,CAD
CA00009646,2025-02-25,BR004,C500244,TLR-9775,582.2,cash deposit,CAD
CA00011295,2025-02-16,BR014,C501578,TLR-4626,1292.08,cash withdrawal,CAD
CA00009144,2025-02-05,BR002,C501039,TLR-8662,-1279.54,cash withdrawal,CAD
CA00015160,2025-02-07,BR033,C500941,TLR-5505,143.12,cash deposit,CAD
CA00013359,2025-02-09,BR024,C503752,TLR-8098,509.96,cash deposit,CAD
CA00008945,2025-02-16,BR001,C501912,TLR-7969,788.23,cash withdrawal,CAD
CA00014632,2025-02-03,BR030,C501193,TLR-7534,296.98,cash deposit,CAD
CA00010528,2025-02-17,BR008,C502867,TLR-2354,2485.23,cash deposit,CAD
CA00014385,2025-02-18,BR029,C503950,TLR-8629,1190.35,cash withdrawal,CAD
CA00015121,2025-02-07,BR033,C502400,TLR-2338,1806.18,cash deposit,CAD
CA00012486,2025-02-18,BR019,C503880,TLR-3758,1095.87,cash deposit,CAD
CA00015084,2025-02-12,BR032,C502740,TLR-2892,539.73,cash deposit,CAD
CA00015850,2025-02-01,BR036,C501033,TLR-2147,1830.11,cash withdrawal,CAD
CA00017231,2025-02-04,BR040,C502903,TLR-6487,700.13,cash withdrawal,CAD
CA00009265,2025-02-25,BR003,C500476,TLR-8121,1810.11,cash withdrawal,CAD
CA00010241,2025-02-14,BR007,C500657,TLR-6809,578.79,cash deposit,CAD
CA00016496,2025-02-12,BR039,C502599,TLR-3033,1485.01,cash withdrawal,CAD
CA00010855,2025-02-21,BR011,C502301,TLR-6031,799.38,cash deposit,CAD
CA00010351,2025-02-03,BR008,C503176,TLR-3728,559.59,cash withdrawal,CAD
CA00014329,2025-02-08,BR029,C503610,TLR-2083,1960.7,cash withdrawal,CAD
CA00011759,2025-02-08,BR016,C502365,TLR-4495,470.69,cash withdrawal,CAD
CA00012364,2025-02-27,BR019,C503284,TLR-3394,916.48,cash withdrawal,CAD
CA00011271,2025-02-15,BR014,C500954,TLR-6804,277.29,cash withdrawal,CAD
CA00013634,2025-02-04,BR025,C500875,TLR-4999,281.71,cash deposit,CAD
CA00014532,2025-02-20,BR030,C503041,TLR-3734,398.53,cash withdrawal,CAD
CA00016516,2025-02-15,BR039,C503764,TLR-5951,9427.56,cash deposit,CAD
CA00008988,2025-02-22,BR001,C501636,TLR-1766,2276.37,cash deposit,CAD
CA00012349,2025-02-20,BR019,C500159,TLR-9867,1976.68,cash withdrawal,CAD
CA00014706,2025-02-15,BR030,C502587,TLR-2200,682.03,cash deposit,CAD
CA00014288,2025-02-23,BR029,C501359,TLR-4326,352.97,cash withdrawal,CAD
CA00016259,2025-02-05,BR038,C502463,TLR-4581,778.12,cash withdrawal,CAD
CA00013917,2025-02-02,BR027,C501161,TLR-2348,1087.94,cash deposit,CAD
CA00016000,2025-02-02,BR037,C503215,TLR-3352,1353.37,cash deposit,CAD
CA00009116,2025-02-14,BR002,C501300,TLR-2346,-7160.97,cash withdrawal,CAD
CA00017476,2025-02-19,BR040,C503160,TLR-1277,872.88,cash deposit,CAD
CA00011900,2025-02-05,BR016,C501927,TLR-2401,1365.02,cash deposit,CAD
CA00009963,2025-02-18,BR006,C500943,TLR-9221,532.81,cash withdrawal,CAD
CA00014794,2025-02-09,BR031,C503829,TLR-2165,1507.84,cash withdrawal,CAD
CA00011718,2025-02-23,BR016,C501954,TLR-5567,1087.91,cash deposit,CAD
CA00014677,2025-02-03,BR030,C501588,TLR-7994,1695.75,cash withdrawal,CAD
CA00008728,2025-02-19,BR001,C502074,TLR-8174,190.11,cash deposit,CAD
CA00011477,2025-02-20,BR015,C502542,TLR-6932,1320.32,cash deposit,CAD
CA00017085,2025-02-03,BR040,C501169,TLR-6000,1047.94,cash withdrawal,CAD
CA00013749,2025-02-11,BR026,C501891,TLR-8665,2131.12,cash deposit,CAD
CA00012152,2025-02-24,BR017,C501523,TLR-5228,1066.11,cash deposit,CAD
CA00014319,2025-02-16,BR029,C503978,TLR-3652,1141.47,cash deposit,CAD
CA00015607,2025-02-07,BR035,C500460,TLR-5804,703.6,cash withdrawal,CAD
CA00012339,2025-02-18,BR019,C502673,TLR-1929,717.92,cash withdrawal,CAD
CA00013029,2025-02-08,BR022,C500929,TLR-4448,507.25,cash withdrawal,CAD
CA00017259,2025-02-22,BR040,C502015,TLR-4080,2171.28,cash deposit,CAD
CA00010889,2025-02-11,BR011,C500803,TLR-2406,652.43,cash withdrawal,CAD
CA00017180,2025-02-27,BR040,C503050,TLR-4528,833.19,cash withdrawal,CAD
CA00013792,2025-02-23,BR026,C503703,TLR-8086,256.68,cash deposit,CAD
CA00014533,2025-02-19,BR030,C501504,TLR-6212,2932.2,cash withdrawal,CAD
CA00016735,2025-02-22,BR040,C501274,TLR-5890,2007.63,cash withdrawal,CAD
CA00013982,2025-02-24,BR027,C502854,TLR-3502,406.48,cash withdrawal,CAD
CA00013288,2025-02-10,BR024,C503094,TLR-1187,674.2,cash deposit,CAD
CA00013542,2025-02-25,BR025,C502379,TLR-6409,1960.14,cash deposit,CAD
CA00014253,2025-02-14,BR029,C501582,TLR-1006,641.82,cash deposit,CAD
CA00014273,2025-02-06,BR029,C500111,TLR-4329,921.78,cash withdrawal,CAD
CA00009850,2025-02-28,BR006,C500748,TLR-9013,1711.53,cash withdrawal,CAD
CA00014181,2025-02-24,BR028,C502565,TLR-4486,315.33,cash deposit,CAD
CA00017484,2025-02-14,BR040,C502030,TLR-7509,561.89,cash deposit,CAD
CA00015712,2025-02-22,BR036,C501535,TLR-6719,1530.32,cash deposit,CAD
CA00014830,2025-02-19,BR031,C501600,TLR-8456,652.6,cash withdrawal,CAD
CA00016981,2025-02-18,BR040,C502509,TLR-2439,501.31,cash withdrawal,CAD
CA00015497,2025-02-17,BR035,C501377,TLR-3771,1024.89,cash withdrawal,CAD
CA00011008,2025-02-07,BR012,C500581,TLR-1282,1183.15,cash withdrawal,CAD
CA00016533,2025-02-13,BR039,C502971,TLR-5601,596.76,cash deposit,CAD
CA00011233,2025-02-09,BR014,C502964,TLR-8975,3669.65,cash deposit,CAD
CA00009507,2025-02-06,BR004,C503350,TLR-3375,585.18,cash deposit,CAD
CA00009369,2025-02-09,BR003,C502721,TLR-2770,527.72,cash withdrawal,CAD
CA00014249,2025-02-21,BR029,C502190,TLR-2212,2874.24,cash withdrawal,CAD
CA00017320,2025-02-22,BR040,C502266,TLR-6646,313.4,cash withdrawal,CAD
CA00011016,2025-02-08,BR012,C502066,TLR-5153,938.25,cash deposit,CAD
CA00010323,2025-02-15,BR008,C502316,TLR-8500,1667.0,cash deposit,CAD
CA00016745,2025-02-21,BR040,C500354,TLR-5401,350.91,cash deposit,CAD
CA00011721,2025-02-20,BR016,C500130,TLR-6930,1310.89,cash deposit,CAD
CA00016071,2025-02-14,BR037,C503402,TLR-3173,632.91,cash deposit,CAD
CA00011076,2025-02-25,BR012,C503769,TLR-1809,1208.36,cash deposit,CAD
CA00015197,2025-02-05,BR033,C503935,TLR-3755,474.84,cash withdrawal,CAD
CA00014839,2025-02-10,BR031,C502557,TLR-3121,745.21,cash deposit,CAD
CA00016289,2025-02-06,BR038,C500798,TLR-5013,680.74,cash deposit,CAD
CA00010957,2025-02-28,BR012,C503093,TLR-1363,1910.68,cash withdrawal,CAD
CA00013615,2025-02-04,BR025,C501137,TLR-7646,-402.32,cash withdrawal,CAD
CA00009918,2025-02-02,BR006,C502972,TLR-2038,986.62,cash deposit,CAD
CA00009381,2025-02-08,BR003,C501826,TLR-3277,370.16,cash withdrawal,CAD
CA00011958,2025-02-12,BR017,C501507,TLR-8644,2104.02,cash deposit,CAD
CA00012513,2025-02-03,BR019,C503850,TLR-6874,315.53,cash withdrawal,CAD
CA00013579,2025-02-27,BR025,C502733,TLR-9715,-1352.63,cash withdrawal,CAD
CA00011189,2025-02-23,BR013,C501612,TLR-1950,434.76,cash deposit,CAD
CA00012094,2025-02-28,BR017,C503628,TLR-1654,665.81,cash deposit,CAD
CA00011145,2025-02-01,BR013,C500817,TLR-7723,761.85,cash withdrawal,CAD
CA00010135,2025-02-06,BR007,C502293,TLR-3312,295.56,cash withdrawal,CAD
CA00014712,2025-02-22,BR030,C502772,TLR-4609,3903.83,cash withdrawal,CAD
CA00014414,2025-02-08,BR030,C500282,TLR-9383,1166.45,cash withdrawal,CAD
CA00012768,2025-02-25,BR021,C501168,TLR-6166,245.16,cash deposit,CAD
CA00014003,2025-02-19,BR027,C500089,TLR-6191,314.39,cash withdrawal,CAD
CA00011641,2025-02-03,BR015,C501506,TLR-2766,489.85,cash deposit,CAD
CA00009528,2025-02-05,BR004,C501962,TLR-9933,875.61,cash deposit,CAD
CA00014122,2025-02-28,BR028,C501751,TLR-3602,378.5,cash deposit,CAD
CA00017141,2025-02-20,BR040,C501861,TLR-5540,564.23,cash deposit,CAD
CA00016161,2025-02-05,BR037,C501892,TLR-7933,233.19,cash deposit,CAD
CA00011536,2025-02-19,BR015,C503732,TLR-8949,576.52,cash withdrawal,CAD
CA00016900,2025-02-07,BR040,C503588,TLR-7820,498.2,cash deposit,CAD
CA00014572,2025-02-11,BR030,C502558,TLR-2122,1119.3,cash deposit,CAD
CA00015762,2025-02-28,BR036,C502158,TLR-3103,1067.25,cash deposit,CAD
CA00012162,2025-02-15,BR017,C503008,TLR-7354,384.77,cash deposit,CAD
CA00011473,2025-02-11,BR015,C502107,TLR-5449,1290.07,cash deposit,CAD
CA00011375,2025-02-13,BR014,C500341,TLR-4575,566.06,cash deposit,CAD
CA00013129,2025-02-20,BR023,C500453,TLR-8731,2381.91,cash deposit,CAD
CA00015950,2025-02-21,BR036,C502205,TLR-9803,2191.35,cash deposit,CAD
CA00012909,2025-02-10,BR021,C501040,TLR-6939,672.7,cash deposit,CAD
CA00015340,2025-02-17,BR034,C502423,TLR-8808,598.11,cash deposit,CAD
CA00010186,2025-02-28,BR007,C500517,TLR-2430,1020.77,cash deposit,CAD
CA00015551,2025-02-10,BR035,C501872,TLR-7351,920.18,cash deposit,CAD
CA00015445,2025-02-03,BR034,C502442,TLR-1471,2680.66,cash deposit,CAD
CA00013340,2025-02-25,BR024,C502192,TLR-2688,947.63,cash deposit,CAD
CA00014948,2025-02-18,BR031,C503248,TLR-9575,846.59,cash withdrawal,CAD
CA00013243,2025-02-07,BR024,C502055,TLR-4183,1433.0,cash deposit,CAD
CA00017266,2025-02-08,BR040,C501531,TLR-6852,1083.44,cash deposit,CAD
CA00011738,2025-02-19,BR016,C502763,TLR-4915,609.42,cash deposit,CAD
CA00010811,2025-02-11,BR010,C500439,TLR-7149,560.77,cash deposit,CAD
CA00012928,2025-02-12,BR021,C502762,TLR-8306,666.83,cash withdrawal,CAD
CA00014010,2025-02-10,BR027,C500208,TLR-1388,1817.3,cash withdrawal,CAD
CA00011212,2025-02-07,BR013,C501288,TLR-8145,1175.24,cash withdrawal,CAD
CA00015596,2025-02-28,BR035,C501911,TLR-7452,1608.65,cash withdrawal,CAD
CA00009724,2025-02-14,BR005,C502375,TLR-7395,919.37,cash withdrawal,CAD
CA00010282,2025-02-03,BR007,C502067,TLR-9786,1476.35,cash withdrawal,CAD
CA00012718,2025-02-12,BR020,C500853,TLR-5961,656.33,cash withdrawal,USD
CA00017658,2025-02-26,BR040,C502964,TLR-1482,1316.32,cash deposit,CAD
CA00014781,2025-02-02,BR031,C503097,TLR-9613,1191.78,cash deposit,CAD
CA00010364,2025-02-09,BR008,C502186,TLR-6453,2346.18,cash deposit,CAD
CA00017177,2025-02-17,BR040,C502367,TLR-1228,722.63,cash withdrawal,CAD
CA00015256,2025-02-06,BR033,C500494,TLR-3443,1679.47,cash deposit,CAD
CA00016865,2025-02-04,BR040,C500077,TLR-2337,407.16,cash withdrawal,CAD
CA00010132,2025-02-19,BR007,C500424,TLR-9707,820.9,cash deposit,CAD
CA00013528,2025-02-21,BR025,C502661,TLR-2031,339.11,cash deposit,CAD
CA00010734,2025-02-02,BR010,C500340,TLR-1132,1018.19,cash withdrawal,CAD
CA00009294,2025-02-11,BR003,C503767,TLR-8790,1536.4,cash deposit,CAD
CA00010019,2025-02-17,BR006,C503384,TLR-2117,1373.36,cash deposit,CAD
CA00014990,2025-02-04,BR032,C503532,TLR-1656,703.2,cash withdrawal,CAD
CA00015782,2025-02-24,BR036,C500649,TLR-2915,1021.12,cash deposit,CAD
CA00015052,2025-02-11,BR032,C501936,TLR-6633,482.81,cash deposit,CAD
CA00009864,2025-02-08,BR006,C501277,TLR-3665,495.16,cash withdrawal,CAD
CA00009728,2025-02-09,BR005,C501412,TLR-9234,1899.61,cash withdrawal,CAD
CA00012407,2025-02-15,BR019,C501923,TLR-9690,1077.15,cash withdrawal,CAD
CA00015908,2025-02-02,BR036,C501789,TLR-1994,519.07,cash withdrawal,CAD
CA00010087,2025-02-07,BR007,C503798,TLR-2719,1072.26,cash deposit,CAD
CA00016970,2025-02-04,BR040,C501768,TLR-1798,782.28,cash withdrawal,CAD
CA00009057,2025-02-14,BR002,C501106,TLR-6344,1124.98,cash deposit,CAD
CA00010477,2025-02-06,BR008,C501026,TLR-7914,1139.2,cash deposit,CAD
CA00010653,2025-02-17,BR010,C503952,TLR-5081,935.69,cash withdrawal,CAD
CA00009047,2025-02-13,BR002,C500978,TLR-5040,428.6,cash deposit,CAD
CA00010143,2025-02-17,BR007,C500245,TLR-6231,936.95,cash withdrawal,CAD
CA00009094,2025-02-19,BR002,C500122,TLR-1935,661.24,cash deposit,CAD
CA00008926,2025-02-23,BR001,C502516,TLR-8872,847.61,cash deposit,CAD
CA00012479,2025-02-12,BR019,C500779,TLR-2490,232.44,cash withdrawal,CAD
CA00009042,2025-02-01,BR002,C501299,TLR-6143,-1195.52,cash withdrawal,CAD
CA00017429,2025-02-24,BR040,C503370,TLR-9680,909.74,cash deposit,CAD
CA00012010,2025-02-05,BR017,C503031,TLR-6547,633.47,cash withdrawal,CAD
CA00016425,2025-02-11,BR038,C502908,TLR-8484,3430.9,cash deposit,CAD
CA00015354,2025-02-19,BR034,C500068,TLR-2179,1298.62,cash deposit,CAD
CA00016657,2025-02-26,BR040,C502346,TLR-6173,491.77,cash deposit,CAD
CA00015132,2025-02-28,BR033,C502657,TLR-9851,524.14,cash withdrawal,CAD
CA00015275,2025-02-19,BR033,C501957,TLR-5730,1066.27,cash withdrawal,CAD
CA00014972,2025-02-24,BR031,C502084,TLR-7926,1413.62,cash deposit,CAD
CA00010109,2025-02-25,BR007,C502108,TLR-7779,497.96,cash withdrawal,CAD
CA00011423,2025-02-09,BR014,C500193,TLR-2797,423.14,cash deposit,CAD
CA00012126,2025-02-08,BR017,C500973,TLR-2711,581.62,cash withdrawal,CAD
CA00010952,2025-02-20,BR012,C502259,TLR-5362,1597.48,cash withdrawal,CAD
CA00014310,2025-02-04,BR029,C503043,TLR-5141,2340.94,cash deposit,CAD
CA00016567,2025-02-08,BR039,C501044,TLR-2428,2693.07,cash withdrawal,CAD
CA00015164,2025-02-05,BR033,C500840,TLR-5965,534.13,cash deposit,CAD
CA00009642,2025-02-28,BR004,C503825,TLR-7468,524.86,cash deposit,CAD
CA00015671,2025-02-18,BR035,C500993,TLR-1694,157.01,cash deposit,CAD
CA00017359,2025-02-10,BR040,C502071,TLR-2123,1395.66,cash deposit,CAD
CA00009281,2025-02-06,BR003,C501397,TLR-5099,1033.53,cash withdrawal,CAD
CA00017196,2025-02-17,BR040,C503624,TLR-4645,2856.23,cash deposit,CAD
CA00009736,2025-02-06,BR005,C502416,TLR-4379,882.63,cash deposit,CAD
CA00009632,2025-02-10,BR004,C501874,TLR-1098,507.19,cash withdrawal,CAD
CA00017419,2025-02-07,BR040,C502580,TLR-1517,1677.57,cash deposit,CAD
CA00016810,2025-02-07,BR040,C500465,TLR-3169,1324.53,cash withdrawal,CAD
CA00016287,2025-02-01,BR038,C502152,TLR-1966,862.27,cash withdrawal,CAD
CA00013261,2025-02-14,BR024,C502714,TLR-3385,2837.16,cash withdrawal,CAD
CA00011584,2025-02-15,BR015,C500810,TLR-8213,1860.48,cash withdrawal,CAD
CA00016337,2025-02-02,BR038,C502608,TLR-9364,304.84,cash withdrawal,CAD
CA00011656,2025-02-19,BR015,C500277,TLR-4013,1864.33,cash deposit,CAD
CA00010384,2025-02-06,BR008,C500644,TLR-5087,386.18,cash withdrawal,CAD
CA00017285,2025-02-25,BR040,C503842,TLR-6007,1066.6,cash withdrawal,CAD
CA00014832,2025-02-06,BR031,C503357,TLR-5121,979.24,cash withdrawal,CAD
CA00014300,2025-02-24,BR029,C502216,TLR-7384,261.85,cash withdrawal,CAD
CA00014531,2025-02-18,BR030,C501166,TLR-3858,968.83,cash withdrawal,CAD
CA00016271,2025-02-23,BR038,C502285,TLR-1054,2129.59,cash deposit,CAD
CA00010252,2025-02-01,BR007,C502398,TLR-8776,545.32,cash deposit,CAD
CA00015920,2025-02-03,BR036,C501252,TLR-7445,942.24,cash withdrawal,CAD
CA00011096,2025-02-04,BR012,C501043,TLR-9796,3604.03,cash withdrawal,CAD
CA00017090,2025-02-27,BR040,C501099,TLR-8045,351.75,cash withdrawal,CAD
CA00016134,2025-02-19,BR037,C502007,TLR-4790,1130.23,cash deposit,CAD
CA00014215,2025-02-26,BR028,C502466,TLR-1971,918.32,cash deposit,CAD
CA00015362,2025-02-19,BR034,C501893,TLR-9678,1407.08,cash deposit,CAD
CA00012051,2025-02-04,BR017,C502175,TLR-1471,3676.27,cash withdrawal,CAD
CA00017440,2025-02-11,BR040,C503050,TLR-1724,759.01,cash withdrawal,CAD
CA00013141,2025-02-13,BR023,C502556,TLR-4278,1414.7,cash deposit,CAD
CA00012685,2025-02-17,BR020,C500781,TLR-6097,1145.07,cash deposit,USD
CA00013440,2025-02-24,BR025,C500315,TLR-9117,920.34,cash deposit,CAD
CA00013381,2025-02-17,BR024,C501002,TLR-2241,1137.61,cash deposit,CAD
CA00014762,2025-02-19,BR031,C502613,TLR-6547,1492.47,cash withdrawal,CAD
CA00014291,2025-02-04,BR029,C501270,TLR-3414,418.26,cash deposit,CAD
CA00016005,2025-02-26,BR037,C501182,TLR-3049,1191.94,cash deposit,CAD
CA00017401,2025-02-19,BR040,C502833,TLR-8277,422.5,cash deposit,CAD
CA00012032,2025-02-08,BR017,C500081,TLR-5153,2574.65,cash withdrawal,CAD
CA00009527,2025-02-09,BR004,C501912,TLR-5419,814.16,cash deposit,CAD
CA00015663,2025-02-13,BR035,C503081,TLR-1807,1369.44,cash deposit,CAD
CA00014971,2025-02-11,BR031,C502487,TLR-7722,1202.99,cash deposit,CAD
CA00016734,2025-02-11,BR040,C501052,TLR-1579,526.33,cash deposit,CAD
CA00008875,2025-02-24,BR001,C500355,TLR-4994,862.54,cash deposit,CAD
CA00016710,2025-02-13,BR040,C500529,TLR-2476,1315.06,cash withdrawal,CAD
CA00011085,2025-02-11,BR012,C502892,TLR-6310,677.04,cash withdrawal,CAD
CA00009509,2025-02-06,BR004,C502484,TLR-4764,716.51,cash withdrawal,CAD
CA00011662,2025-02-11,BR015,C502543,TLR-4315,270.86,cash withdrawal,CAD
CA00016399,2025-02-05,BR038,C501224,TLR-8125,534.61,cash withdrawal,CAD
CA00013970,2025-02-06,BR027,C501196,TLR-2089,416.03,cash deposit,CAD
CA00013300,2025-02-19,BR024,C503218,TLR-4423,2850.45,cash deposit,CAD
CA00009696,2025-02-05,BR005,C500699,TLR-5684,838.67,cash deposit,CAD
CA00015460,2025-02-17,BR035,C500086,TLR-1707,711.17,cash withdrawal,CAD
CA00013524,2025-02-25,BR025,C502924,TLR-9020,201.1,cash deposit,CAD
CA00011183,2025-02-08,BR013,C503562,TLR-8648,509.41,cash withdrawal,CAD
CA00009185,2025-02-18,BR003,C500861,TLR-6538,216.45,cash deposit,CAD
CA00011520,2025-02-25,BR015,C503805,TLR-5378,1306.71,cash deposit,CAD
CA00012021,2025-02-18,BR017,C501734,TLR-9698,1239.7,cash deposit,CAD
CA00013868,2025-02-06,BR026,C503163,TLR-3369,-2454.13,cash withdrawal,CAD
CA00014854,2025-02-10,BR031,C502938,TLR-3529,354.34,cash deposit,CAD
CA00010549,2025-02-07,BR009,C501091,TLR-3927,951.99,cash deposit,CAD
CA00009253,2025-02-09,BR003,C503143,TLR-3731,238.37,cash deposit,CAD
CA00012739,2025-02-19,BR020,C502614,TLR-5540,249.52,cash withdrawal,USD
CA00013724,2025-02-02,BR026,C502635,TLR-3918,2312.7,cash deposit,CAD
CA00013119,2025-02-16,BR023,C500039,TLR-7150,593.94,cash withdrawal,CAD
CA00011438,2025-02-21,BR015,C500399,TLR-7221,1938.62,cash deposit,CAD
CA00011446,2025-02-22,BR015,C502796,TLR-5099,520.93,cash deposit,CAD
CA00010928,2025-02-20,BR012,C501743,TLR-3360,1368.29,cash deposit,CAD
CA00009808,2025-02-24,BR006,C501298,TLR-8332,376.45,cash deposit,CAD
CA00017129,2025-02-19,BR040,C500549,TLR-5904,119.99,cash withdrawal,CAD
CA00016044,2025-02-16,BR037,C500364,TLR-7433,761.37,cash deposit,CAD
CA00015436,2025-02-16,BR034,C500127,TLR-1437,296.12,cash withdrawal,CAD
CA00016279,2025-02-18,BR038,C500578,TLR-7918,743.84,cash withdrawal,CAD
CA00014621,2025-02-09,BR030,C500515,TLR-6096,374.66,cash withdrawal,CAD
CA00010034,2025-02-05,BR006,C501740,TLR-6786,1688.62,cash withdrawal,CAD
CA00013020,2025-02-05,BR022,C500491,TLR-7232,803.67,cash deposit,CAD
CA00009590,2025-02-14,BR004,C502600,TLR-3083,1634.38,cash deposit,CAD
CA00009489,2025-02-26,BR004,C503379,TLR-6784,973.5,cash withdrawal,CAD
CA00010345,2025-02-27,BR008,C503563,TLR-9263,1165.85,cash deposit,CAD
CA00015559,2025-02-18,BR035,C503864,TLR-5450,1380.27,cash deposit,CAD
CA00017092,2025-02-21,BR040,C501710,TLR-5924,1034.44,cash withdrawal,CAD
CA00013379,2025-02-20,BR024,C501047,TLR-2419,987.59,cash deposit,CAD
CA00017258,2025-02-06,BR040,C502951,TLR-1226,332.23,cash deposit,CAD
CA00008885,2025-02-23,BR001,C502626,TLR-5296,1557.37,cash withdrawal,CAD
CA00012459,2025-02-05,BR019,C501685,TLR-5168,889.25,cash deposit,CAD
CA00012106,2025-02-01,BR017,C500856,TLR-4322,1854.56,cash deposit,CAD
CA00010421,2025-02-25,BR008,C503215,TLR-1956,1537.93,cash deposit,CAD
CA00009750,2025-02-01,BR005,C501895,TLR-8704,903.37,cash deposit,CAD
CA00014814,2025-02-17,BR031,C501341,TLR-2534,591.98,cash withdrawal,CAD
CA00011836,2025-02-08,BR016,C503662,TLR-7555,580.92,cash withdrawal,CAD
CA00011223,2025-02-05,BR013,C503171,TLR-2617,627.35,cash deposit,CAD
CA00012201,2025-02-14,BR018,C503679,TLR-3282,968.19,cash withdrawal,CAD
CA00013699,2025-02-15,BR026,C503268,TLR-4081,2246.39,cash deposit,CAD
CA00011831,2025-02-25,BR016,C500113,TLR-3631,503.65,cash withdrawal,CAD
CA00010468,2025-02-17,BR008,C502835,TLR-1993,1434.3,cash deposit,CAD
CA00016358,2025-02-07,BR038,C503290,TLR-5083,828.95,cash deposit,CAD
CA00015846,2025-02-17,BR036,C500906,TLR-2424,6010.47,cash withdrawal,CAD
CA00009845,2025-02-28,BR006,C500271,TLR-4124,714.5,cash deposit,CAD
CA00012444,2025-02-07,BR019,C500409,TLR-6854,961.02,cash deposit,CAD
CA00012736,2025-02-09,BR020,C501185,TLR-7566,1164.29,cash deposit,USD
CA00013905,2025-02-23,BR026,C502296,TLR-6354,-2054.59,cash withdrawal,CAD
CA00010947,2025-02-21,BR012,C503246,TLR-8648,744.29,cash deposit,CAD
CA00017326,2025-02-23,BR040,C501988,TLR-6446,2843.26,cash deposit,CAD
CA00014541,2025-02-11,BR030,C501918,TLR-6112,994.4,cash deposit,CAD
CA00010122,2025-02-12,BR007,C501983,TLR-3497,1647.12,cash deposit,CAD
CA00014294,2025-02-23,BR029,C500645,TLR-3489,1140.06,cash withdrawal,CAD
CA00012862,2025-02-11,BR021,C500257,TLR-3352,1430.34,cash deposit,CAD
CA00009615,2025-02-21,BR004,C502022,TLR-1922,2916.18,cash withdrawal,CAD
CA00013976,2025-02-14,BR027,C503761,TLR-6842,2000.53,cash deposit,CAD
CA00015102,2025-02-08,BR032,C501492,TLR-2241,1636.92,cash deposit,CAD
CA00016115,2025-02-19,BR037,C500193,TLR-5652,583.33,cash withdrawal,CAD
CA00011219,2025-02-26,BR013,C501881,TLR-6222,2622.42,cash withdrawal,CAD
CA00015622,2025-02-06,BR035,C500428,TLR-4760,2377.31,cash deposit,CAD
CA00013178,2025-02-27,BR024,C501058,TLR-5484,631.11,cash withdrawal,CAD
CA00010578,2025-02-14,BR009,C503010,TLR-5109,1074.69,cash deposit,CAD
CA00008738,2025-02-04,BR001,C503293,TLR-8119,1162.91,cash deposit,CAD
CA00015475,2025-02-25,BR035,C501045,TLR-6317,4824.84,cash withdrawal,CAD
CA00015149,2025-02-20,BR033,C503667,TLR-6706,638.0,cash withdrawal,CAD
CA00015698,2025-02-22,BR036,C502627,TLR-1028,843.35,cash deposit,CAD
CA00014361,2025-02-10,BR029,C503913,TLR-9363,1995.77,cash withdrawal,CAD
CA00009829,2025-02-23,BR006,C503466,TLR-8901,443.65,cash withdrawal,CAD
CA00009524,2025-02-07,BR004,C500820,TLR-4767,366.43,cash deposit,CAD
CA00011240,2025-02-26,BR014,C501089,TLR-3960,793.56,cash withdrawal,CAD
CA00008905,2025-02-07,BR001,C501683,TLR-6271,1475.67,cash withdrawal,CAD
CA00010709,2025-02-12,BR010,C503109,TLR-2611,472.87,cash withdrawal,CAD
CA00015647,2025-02-19,BR035,C502803,TLR-5428,1051.46,cash deposit,CAD
CA00009078,2025-02-28,BR002,C503022,TLR-4451,-3408.22,cash withdrawal,CAD
CA00015645,2025-02-08,BR035,C501373,TLR-4251,284.61,cash withdrawal,CAD
CA00014716,2025-02-23,BR031,C502429,TLR-9135,1261.44,cash withdrawal,CAD
CA00010422,2025-02-26,BR008,C500623,TLR-2099,3524.24,cash withdrawal,CAD
CA00008777,2025-02-14,BR001,C500813,TLR-2887,590.09,cash deposit,CAD
CA00010206,2025-02-13,BR007,C500354,TLR-2611,835.13,cash deposit,CAD
CA00011758,2025-02-09,BR016,C501088,TLR-4706,846.39,cash withdrawal,CAD
CA00011879,2025-02-06,BR016,C503446,TLR-3945,1149.64,cash withdrawal,CAD
CA00012858,2025-02-04,BR021,C503962,TLR-1612,1203.4,cash deposit,CAD
CA00017630,2025-02-16,BR040,C503401,TLR-9550,1209.53,cash withdrawal,CAD
CA00014355,2025-02-02,BR029,C501449,TLR-5555,198.18,cash withdrawal,CAD
CA00011871,2025-02-09,BR016,C503431,TLR-8964,1775.04,cash withdrawal,CAD
CA00016505,2025-02-25,BR039,C501661,TLR-3624,877.76,cash withdrawal,CAD
CA00017190,2025-02-08,BR040,C501163,TLR-2747,754.33,cash deposit,CAD
CA00008984,2025-02-01,BR001,C501811,TLR-7285,2015.12,cash deposit,CAD
CA00016646,2025-02-07,BR039,C501036,TLR-5175,639.98,cash deposit,CAD
CA00011580,2025-02-26,BR015,C501116,TLR-2704,1891.87,cash withdrawal,CAD
CA00014313,2025-02-05,BR029,C503041,TLR-2978,803.84,cash withdrawal,CAD
CA00016551,2025-02-12,BR039,C502072,TLR-8617,1964.94,cash deposit,CAD
CA00014142,2025-02-10,BR028,C503927,TLR-4056,838.82,cash withdrawal,CAD
CA00014440,2025-02-02,BR030,C503498,TLR-7711,1202.0,cash withdrawal,CAD
CA00015331,2025-02-09,BR034,C501512,TLR-5886,438.3,cash deposit,CAD
CA00016643,2025-02-01,BR039,C500552,TLR-2954,829.37,cash withdrawal,CAD
CA00011235,2025-02-02,BR014,C503518,TLR-1538,808.9,cash withdrawal,CAD
CA00009203,2025-02-16,BR003,C501821,TLR-8987,744.31,cash withdrawal,CAD
CA00016148,2025-02-19,BR037,C503411,TLR-2243,1095.49,cash deposit,CAD
CA00016310,2025-02-20,BR038,C500642,TLR-3675,1057.34,cash deposit,CAD
CA00010279,2025-02-15,BR007,C503562,TLR-9210,2238.38,cash deposit,CAD
CA00008734,2025-02-19,BR001,C503835,TLR-3948,529.44,cash withdrawal,CAD
CA00014473,2025-02-25,BR030,C502696,TLR-4052,2906.77,cash withdrawal,CAD
CA00012248,2025-02-26,BR018,C502492,TLR-1212,1635.53,cash deposit,CAD
CA00013834,2025-02-16,BR026,C503333,TLR-7730,-1097.96,cash withdrawal,CAD
CA00011690,2025-02-01,BR015,C500953,TLR-8485,2923.09,cash withdrawal,CAD
CA00017297,2025-02-28,BR040,C503278,TLR-4205,2232.96,cash deposit,CAD
CA00014855,2025-02-18,BR031,C502542,TLR-6196,933.0,cash deposit,CAD
CA00015885,2025-02-07,BR036,C502713,TLR-5107,1070.77,cash withdrawal,CAD
CA00014127,2025-02-28,BR028,C500108,TLR-7595,1754.15,cash deposit,CAD
CA00009551,2025-02-25,BR004,C501613,TLR-7093,298.18,cash withdrawal,CAD
CA00010965,2025-02-28,BR012,C501622,TLR-2480,1594.44,cash deposit,CAD
CA00012713,2025-02-01,BR020,C501374,TLR-5314,526.77,cash deposit,USD
CA00011989,2025-02-11,BR017,C500481,TLR-9349,766.82,cash withdrawal,CAD
CA00015386,2025-02-21,BR034,C501929,TLR-5333,1164.22,cash deposit,CAD
CA00014922,2025-02-24,BR031,C500737,TLR-1096,1022.88,cash deposit,CAD
CA00013839,2025-02-15,BR026,C501808,TLR-9286,-3056.14,cash withdrawal,CAD
CA00011419,2025-02-08,BR014,C502032,TLR-6241,4416.26,cash withdrawal,CAD
CA00011878,2025-02-11,BR016,C503340,TLR-9812,1572.07,cash withdrawal,CAD
CA00010723,2025-02-05,BR010,C501183,TLR-7960,1069.05,cash deposit,CAD
CA00012314,2025-02-24,BR019,C502563,TLR-2340,2302.0,cash deposit,CAD
CA00013157,2025-02-16,BR023,C503792,TLR-4940,1430.3,cash deposit,CAD
CA00012390,2025-02-20,BR019,C501480,TLR-2500,858.86,cash withdrawal,CAD
CA00016968,2025-02-01,BR040,C502266,TLR-3856,803.56,cash withdrawal,CAD
CA00017061,2025-02-13,BR040,C501320,TLR-4579,473.29,cash deposit,CAD
CA00010300,2025-02-16,BR008,C500743,TLR-1867,2251.84,cash withdrawal,CAD
CA00009393,2025-02-26,BR003,C502970,TLR-8598,1267.14,cash deposit,CAD
CA00010745,2025-02-14,BR010,C500264,TLR-9666,2485.33,cash withdrawal,CAD
CA00012722,2025-02-07,BR020,C503224,TLR-1525,648.94,cash withdrawal,USD
CA00016780,2025-02-28,BR040,C500363,TLR-9025,852.97,cash deposit,CAD
CA00011048,2025-02-16,BR012,C501825,TLR-2310,393.44,cash deposit,CAD
CA00011297,2025-02-04,BR014,C501891,TLR-2037,1596.84,cash withdrawal,CAD
CA00014508,2025-02-19,BR030,C502160,TLR-7704,631.05,cash withdrawal,CAD
CA00012543,2025-02-22,BR019,C500438,TLR-6437,471.3,cash withdrawal,CAD
CA00010600,2025-02-10,BR009,C500802,TLR-6649,3701.2,cash deposit,CAD
CA00010602,2025-02-02,BR009,C500308,TLR-5684,1066.88,cash deposit,CAD
CA00012591,2025-02-19,BR019,C502978,TLR-7584,479.99,cash deposit,CAD
CA00017332,2025-02-09,BR040,C502940,TLR-7564,1491.47,cash deposit,CAD
CA00012707,2025-02-13,BR020,C501488,TLR-8711,2727.83,cash deposit,USD
CA00009570,2025-02-13,BR004,C501963,TLR-3540,370.0,cash withdrawal,CAD
CA00010556,2025-02-10,BR009,C500764,TLR-9188,2443.62,cash deposit,CAD
CA00017412,2025-02-13,BR040,C501675,TLR-1741,829.25,cash withdrawal,CAD
CA00017459,2025-02-09,BR040,C500310,TLR-7636,737.36,cash deposit,CAD
CA00012637,2025-02-15,BR020,C501401,TLR-1846,1746.96,cash deposit,USD
CA00014867,2025-02-07,BR031,C503624,TLR-3631,373.18,cash deposit,CAD
CA00016951,2025-02-24,BR040,C501102,TLR-2552,2922.04,cash withdrawal,CAD
CA00017008,2025-02-20,BR040,C503320,TLR-1711,1573.25,cash deposit,CAD
CA00015286,2025-02-01,BR034,C500868,TLR-9834,1781.87,cash withdrawal,CAD
CA00014980,2025-02-11,BR032,C502644,TLR-4645,2257.63,cash deposit,CAD
CA00016458,2025-02-07,BR039,C503447,TLR-6590,744.14,cash withdrawal,CAD
CA00011058,2025-02-08,BR012,C501654,TLR-7169,620.06,cash deposit,CAD
CA00015544,2025-02-14,BR035,C501647,TLR-6376,522.47,cash deposit,CAD
CA00016770,2025-02-12,BR040,C503509,TLR-6213,946.68,cash withdrawal,CAD
CA00013232,2025-02-24,BR024,C503687,TLR-6355,446.74,cash deposit,CAD
CA00009503,2025-02-08,BR004,C503994,TLR-7952,4758.76,cash deposit,CAD
CA00009440,2025-02-02,BR004,C501549,TLR-4231,633.59,cash withdrawal,CAD
CA00010287,2025-02-23,BR008,C502642,TLR-2126,957.69,cash withdrawal,CAD
CA00017025,2025-02-12,BR040,C502873,TLR-9407,575.4,cash withdrawal,CAD
CA00012618,2025-02-02,BR020,C503703,TLR-1443,942.26,cash withdrawal,USD
CA00009910,2025-02-22,BR006,C503305,TLR-5550,680.89,cash withdrawal,CAD
CA00009124,2025-02-23,BR002,C502274,TLR-2614,-2886.59,cash withdrawal,CAD
CA00009441,2025-02-26,BR004,C501583,TLR-6397,602.74,cash deposit,CAD
CA00009251,2025-02-17,BR003,C500427,TLR-7850,805.82,cash deposit,CAD
CA00010935,2025-02-02,BR012,C501905,TLR-1616,717.15,cash deposit,CAD
CA00008915,2025-02-26,BR001,C500969,TLR-7396,1314.45,cash deposit,CAD
CA00010355,2025-02-04,BR008,C500128,TLR-5032,115.09,cash deposit,CAD
CA00014196,2025-02-21,BR028,C500320,TLR-9640,318.98,cash deposit,CAD
CA00014032,2025-02-17,BR027,C500948,TLR-5467,1087.9,cash deposit,CAD
CA00013429,2025-02-12,BR024,C500631,TLR-4787,870.98,cash deposit,CAD
CA00009556,2025-02-27,BR004,C501620,TLR-9123,859.97,cash withdrawal,CAD
CA00015753,2025-02-20,BR036,C502697,TLR-5314,793.57,cash deposit,CAD
CA00010681,2025-02-07,BR010,C503377,TLR-9342,553.94,cash withdrawal,CAD
CA00009602,2025-02-28,BR004,C500518,TLR-3598,904.31,cash deposit,CAD
CA00012267,2025-02-06,BR018,C500619,TLR-7676,1380.31,cash withdrawal,CAD
CA00013696,2025-02-10,BR026,C501377,TLR-1950,1709.44,cash deposit,CAD
CA00015902,2025-02-12,BR036,C501276,TLR-6329,1899.27,cash withdrawal,CAD
CA00014451,2025-02-01,BR030,C502691,TLR-9176,453.28,cash deposit,CAD
CA00011812,2025-02-01,BR016,C502757,TLR-9887,1751.96,cash deposit,CAD
CA00013886,2025-02-11,BR026,C503814,TLR-8875,-514.81,cash withdrawal,CAD
CA00014107,2025-02-25,BR028,C503716,TLR-6530,2460.98,cash deposit,CAD
CA00008706,2025-02-15,BR001,C501923,TLR-9002,1754.11,cash deposit,CAD
CA00010768,2025-02-02,BR010,C501680,TLR-6643,260.0,cash deposit,CAD
CA00015088,2025-02-17,BR032,C503410,TLR-2389,395.1,cash withdrawal,CAD
CA00011742,2025-02-02,BR016,C503630,TLR-1930,329.61,cash deposit,CAD
CA00013449,2025-02-10,BR025,C502090,TLR-8287,-1197.27,cash withdrawal,CAD
CA00011904,2025-02-12,BR016,C503188,TLR-9092,1169.8,cash deposit,CAD
CA00016009,2025-02-27,BR037,C500535,TLR-4473,1180.57,cash withdrawal,CAD
CA00013101,2025-02-06,BR023,C501850,TLR-7296,1939.49,cash withdrawal,CAD
CA00012415,2025-02-14,BR019,C502109,TLR-8658,1421.35,cash withdrawal,CAD
CA00014177,2025-02-03,BR028,C503174,TLR-2629,1240.3,cash withdrawal,CAD
CA00014884,2025-02-26,BR031,C502635,TLR-1912,918.83,cash deposit,CAD
CA00016169,2025-02-08,BR037,C500583,TLR-2746,700.45,cash withdrawal,CAD
CA00011731,2025-02-25,BR016,C502588,TLR-7297,788.13,cash withdrawal,CAD
CA00010604,2025-02-18,BR009,C500828,TLR-7684,747.85,cash withdrawal,CAD
CA00015524,2025-02-22,BR035,C503196,TLR-8633,1220.65,cash deposit,CAD
CA00009087,2025-02-28,BR002,C501024,TLR-5600,-1944.7,cash withdrawal,CAD
CA00014299,2025-02-01,BR029,C502489,TLR-2570,1251.16,cash withdrawal,CAD
CA00017099,2025-02-19,BR040,C500978,TLR-9990,1139.59,cash withdrawal,CAD
CA00017434,2025-02-04,BR040,C502021,TLR-4166,1593.0,cash withdrawal,CAD
CA00013967,2025-02-04,BR027,C503370,TLR-4533,1760.08,cash deposit,CAD
CA00017072,2025-02-07,BR040,C503171,TLR-5716,1233.0,cash deposit,CAD
CA00010315,2025-02-02,BR008,C502912,TLR-5785,265.68,cash deposit,CAD
CA00012143,2025-02-17,BR017,C503332,TLR-9978,2615.68,cash withdrawal,CAD
CA00011537,2025-02-25,BR015,C503959,TLR-5024,2101.46,cash withdrawal,CAD
CA00013096,2025-02-23,BR023,C501975,TLR-9904,646.41,cash withdrawal,CAD
CA00016901,2025-02-02,BR040,C502992,TLR-3199,1610.91,cash deposit,CAD
CA00010524,2025-02-23,BR008,C502565,TLR-4923,301.54,cash withdrawal,CAD
CA00016723,2025-02-16,BR040,C501494,TLR-9107,3061.64,cash withdrawal,CAD
CA00014241,2025-02-06,BR028,C502686,TLR-8672,3577.02,cash withdrawal,CAD
CA00013582,2025-02-25,BR025,C501834,TLR-8964,2387.94,cash deposit,CAD
CA00013777,2025-02-11,BR026,C500389,TLR-5574,-442.54,cash withdrawal,CAD
CA00012902,2025-02-11,BR021,C500889,TLR-1161,513.11,cash deposit,CAD
CA00013510,2025-02-20,BR025,C501518,TLR-2725,-600.81,cash withdrawal,CAD
CA00011343,2025-02-22,BR014,C501366,TLR-6827,383.24,cash withdrawal,CAD
CA00015629,2025-02-27,BR035,C501717,TLR-3221,954.39,cash deposit,CAD
CA00010926,2025-02-18,BR012,C501915,TLR-8590,1050.08,cash deposit,CAD
CA00014015,2025-02-27,BR027,C502878,TLR-1558,771.04,cash withdrawal,CAD
CA00013097,2025-02-22,BR023,C500941,TLR-1292,576.12,cash withdrawal,CAD
CA00011919,2025-02-03,BR016,C501280,TLR-6973,1579.81,cash withdrawal,CAD
CA00015605,2025-02-04,BR035,C500858,TLR-4092,619.18,cash deposit,CAD
CA00013450,2025-02-12,BR025,C502982,TLR-2651,341.87,cash deposit,CAD
CA00013577,2025-02-05,BR025,C500990,TLR-5994,-1286.7,cash withdrawal,CAD
CA00010854,2025-02-19,BR011,C503011,TLR-6563,2697.41,cash deposit,CAD
CA00017205,2025-02-19,BR040,C502010,TLR-3985,968.01,cash deposit,CAD
CA00012105,2025-02-01,BR017,C500871,TLR-1993,1066.07,cash withdrawal,CAD
CA00012823,2025-02-11,BR021,C502941,TLR-6701,356.35,cash deposit,CAD
CA00009749,2025-02-19,BR005,C502692,TLR-3797,566.75,cash withdrawal,CAD
CA00011277,2025-02-24,BR014,C501530,TLR-1389,1501.9,cash deposit,CAD
CA00013508,2025-02-02,BR025,C500477,TLR-1882,3732.0,cash deposit,CAD
CA00013720,2025-02-22,BR026,C502973,TLR-1613,-578.91,cash withdrawal,CAD
CA00013816,2025-02-10,BR026,C503501,TLR-4484,-820.1,cash withdrawal,CAD
CA00013902,2025-02-28,BR026,C500558,TLR-9930,797.7,cash deposit,CAD
CA00012633,2025-02-28,BR020,C503988,TLR-3192,250.83,cash deposit,USD
CA00012192,2025-02-07,BR018,C501990,TLR-4456,1460.87,cash deposit,CAD
CA00010427,2025-02-25,BR008,C503881,TLR-5648,935.62,cash withdrawal,CAD
CA00015533,2025-02-06,BR035,C500775,TLR-1633,603.01,cash deposit,CAD
CA00016444,2025-02-14,BR039,C502260,TLR-2907,1131.44,cash withdrawal,CAD
CA00015332,2025-02-25,BR034,C502328,TLR-5456,907.88,cash deposit,CAD
CA00014511,2025-02-17,BR030,C502825,TLR-6375,3314.83,cash deposit,CAD
CA00016451,2025-02-08,BR039,C503137,TLR-5601,1269.87,cash withdrawal,CAD
CA00017418,2025-02-07,BR040,C502655,TLR-8074,1611.02,cash withdrawal,CAD
CA00017540,2025-02-24,BR040,C500682,TLR-4452,760.72,cash deposit,CAD
CA00011892,2025-02-11,BR016,C500070,TLR-8054,942.92,cash withdrawal,CAD
CA00011017,2025-02-01,BR012,C500188,TLR-3159,1155.41,cash deposit,CAD
CA00013167,2025-02-27,BR024,C502941,TLR-8393,1102.0,cash withdrawal,CAD
CA00012819,2025-02-16,BR021,C502220,TLR-7221,2181.52,cash deposit,CAD
CA00011073,2025-02-05,BR012,C501929,TLR-9787,1903.57,cash deposit,CAD
CA00016244,2025-02-22,BR037,C501094,TLR-7816,230.89,cash deposit,CAD
CA00011503,2025-02-15,BR015,C502277,TLR-2816,1898.97,cash deposit,CAD
CA00012502,2025-02-21,BR019,C501945,TLR-1636,4792.23,cash withdrawal,CAD
CA00013140,2025-02-22,BR023,C502516,TLR-9650,1489.61,cash deposit,CAD
CA00009312,2025-02-10,BR003,C501206,TLR-6631,1319.03,cash deposit,CAD
CA00014212,2025-02-25,BR028,C501368,TLR-3308,1051.81,cash withdrawal,CAD
CA00012225,2025-02-04,BR018,C502111,TLR-8951,506.84,cash deposit,CAD
CA00014599,2025-02-24,BR030,C502224,TLR-5008,445.25,cash deposit,CAD
CA00009631,2025-02-09,BR004,C501128,TLR-5822,4418.62,cash withdrawal,CAD
CA00014710,2025-02-05,BR030,C502841,TLR-1198,1302.24,cash deposit,CAD
CA00015841,2025-02-09,BR036,C503911,TLR-1016,611.05,cash deposit,CAD
CA00015587,2025-02-05,BR035,C503745,TLR-2224,2174.79,cash withdrawal,CAD
CA00013530,2025-02-24,BR025,C501513,TLR-4835,373.67,cash deposit,CAD
CA00015032,2025-02-10,BR032,C502859,TLR-1300,284.27,cash deposit,CAD
CA00015580,2025-02-12,BR035,C502517,TLR-2071,1622.73,cash withdrawal,CAD
CA00015546,2025-02-12,BR035,C501444,TLR-1208,762.52,cash deposit,CAD
CA00016522,2025-02-28,BR039,C500312,TLR-3907,337.24,cash deposit,CAD
CA00010532,2025-02-01,BR009,C501294,TLR-5484,585.0,cash withdrawal,CAD
CA00014999,2025-02-21,BR032,C503186,TLR-5293,529.97,cash deposit,CAD
CA00017584,2025-02-26,BR040,C501941,TLR-3479,1666.56,cash deposit,CAD
CA00017683,2025-02-01,BR040,C503060,TLR-9789,2239.61,cash withdrawal,CAD
CA00010765,2025-02-03,BR010,C502362,TLR-3658,1954.18,cash deposit,CAD
CA00013263,2025-02-14,BR024,C502956,TLR-1686,2146.29,cash withdrawal,CAD
CA00008999,2025-02-01,BR001,C501350,TLR-2607,206.44,cash deposit,CAD
CA00014552,2025-02-14,BR030,C500699,TLR-4431,1074.33,cash deposit,CAD
CA00015599,2025-02-09,BR035,C503319,TLR-8997,291.11,cash withdrawal,CAD
CA00014014,2025-02-15,BR027,C500275,TLR-6284,1205.74,cash deposit,CAD
CA00016934,2025-02-11,BR040,C503197,TLR-9160,1240.99,cash deposit,CAD
CA00010988,2025-02-17,BR012,C500441,TLR-4346,1290.83,cash deposit,CAD
CA00008907,2025-02-05,BR001,C501071,TLR-9136,1849.16,cash withdrawal,CAD
CA00009566,2025-02-17,BR004,C500108,TLR-3716,1325.51,cash withdrawal,CAD
CA00016699,2025-02-18,BR040,C501594,TLR-4695,909.65,cash deposit,CAD
CA00012564,2025-02-15,BR019,C500634,TLR-6706,932.43,cash withdrawal,CAD
CA00013357,2025-02-07,BR024,C502707,TLR-2543,1356.23,cash withdrawal,CAD
CA00017176,2025-02-01,BR040,C502221,TLR-7232,759.85,cash deposit,CAD
CA00015686,2025-02-23,BR035,C500955,TLR-2762,1835.79,cash withdrawal,CAD
CA00011330,2025-02-05,BR014,C502207,TLR-4628,920.36,cash deposit,CAD
CA00014924,2025-02-24,BR031,C500298,TLR-1533,1127.13,cash deposit,CAD
CA00010261,2025-02-12,BR007,C503873,TLR-1744,1826.2,cash deposit,CAD
CA00009533,2025-02-20,BR004,C503730,TLR-7271,1153.88,cash withdrawal,CAD
CA00017217,2025-02-16,BR040,C503303,TLR-8356,549.0,cash withdrawal,CAD
CA00012166,2025-02-12,BR017,C503411,TLR-2153,673.8,cash withdrawal,CAD
CA00017619,2025-02-10,BR040,C503830,TLR-5867,266.71,cash withdrawal,CAD
CA00012470,2025-02-02,BR019,C502209,TLR-4070,3807.96,cash deposit,CAD
CA00012183,2025-02-27,BR018,C501571,TLR-8318,4906.88,cash withdrawal,CAD
CA00011155,2025-02-09,BR013,C502629,TLR-6290,458.33,cash deposit,CAD
CA00013223,2025-02-07,BR024,C500380,TLR-7115,1293.38,cash withdrawal,CAD
CA00013955,2025-02-28,BR027,C500188,TLR-9793,537.07,cash withdrawal,CAD
CA00015759,2025-02-20,BR036,C502446,TLR-2632,305.95,cash deposit,CAD
CA00013416,2025-02-11,BR024,C502522,TLR-7884,762.41,cash deposit,CAD
CA00012597,2025-02-11,BR020,C502162,TLR-6245,5359.56,cash withdrawal,USD
CA00015655,2025-02-01,BR035,C500009,TLR-5094,750.85,cash withdrawal,CAD
CA00014634,2025-02-06,BR030,C500523,TLR-4355,633.13,cash deposit,CAD
CA00012857,2025-02-06,BR021,C503796,TLR-9814,491.89,cash deposit,CAD
CA00012690,2025-02-05,BR020,C503600,TLR-8208,591.68,cash withdrawal,USD
CA00014629,2025-02-12,BR030,C503394,TLR-8998,951.23,cash deposit,CAD
CA00008806,2025-02-08,BR001,C500998,TLR-2080,561.17,cash withdrawal,CAD
CA00016495,2025-02-01,BR039,C502861,TLR-7725,754.31,cash withdrawal,CAD
CA00010094,2025-02-27,BR007,C503086,TLR-1332,3336.94,cash withdrawal,CAD
CA00015899,2025-02-13,BR036,C500418,TLR-1476,1465.85,cash deposit,CAD
CA00010624,2025-02-04,BR009,C503343,TLR-4771,598.3,cash deposit,CAD
CA00010682,2025-02-04,BR010,C501563,TLR-3593,425.34,cash deposit,CAD
CA00013277,2025-02-20,BR024,C501453,TLR-2286,1209.46,cash deposit,CAD
CA00014074,2025-02-19,BR027,C503624,TLR-5769,1455.86,cash withdrawal,CAD
CA00016331,2025-02-15,BR038,C501582,TLR-8881,1590.42,cash deposit,CAD
CA00016648,2025-02-09,BR039,C502223,TLR-6351,407.0,cash deposit,CAD
CA00012043,2025-02-18,BR017,C503244,TLR-1029,731.04,cash withdrawal,CAD
CA00012272,2025-02-22,BR018,C503687,TLR-5476,1617.35,cash withdrawal,CAD
CA00010028,2025-02-28,BR006,C503538,TLR-3543,830.99,cash deposit,CAD
CA00017208,2025-02-20,BR040,C503735,TLR-9446,269.78,cash deposit,CAD
CA00011417,2025-02-04,BR014,C500667,TLR-9456,1255.7,cash withdrawal,CAD
CA00011334,2025-02-25,BR014,C503823,TLR-5531,983.51,cash deposit,CAD
CA00011298,2025-02-14,BR014,C501533,TLR-9992,2900.01,cash deposit,CAD
CA00011658,2025-02-15,BR015,C500714,TLR-9320,695.34,cash deposit,CAD
CA00015845,2025-02-16,BR036,C500502,TLR-3475,1490.04,cash deposit,CAD
CA00014576,2025-02-24,BR030,C501768,TLR-8830,551.98,cash deposit,CAD
CA00011352,2025-02-18,BR014,C503967,TLR-4061,291.72,cash deposit,CAD
CA00012724,2025-02-01,BR020,C501488,TLR-7947,1955.79,cash withdrawal,USD
CA00014030,2025-02-10,BR027,C500134,TLR-4944,1142.71,cash withdrawal,CAD
CA00009206,2025-02-02,BR003,C500785,TLR-9211,2188.57,cash deposit,CAD
CA00013459,2025-02-16,BR025,C500543,TLR-8052,979.45,cash deposit,CAD
CA00012430,2025-02-17,BR019,C500023,TLR-9284,457.3,cash deposit,CAD
CA00015592,2025-02-21,BR035,C500825,TLR-9965,3053.57,cash deposit,CAD
CA00009740,2025-02-12,BR005,C502542,TLR-5632,547.64,cash withdrawal,CAD
CA00009559,2025-02-20,BR004,C503699,TLR-4016,781.05,cash deposit,CAD
CA00010791,2025-02-11,BR010,C500553,TLR-8088,2690.65,cash deposit,CAD
CA00009518,2025-02-16,BR004,C500006,TLR-4354,414.77,cash withdrawal,CAD
CA00008963,2025-02-14,BR001,C501607,TLR-7001,1274.63,cash withdrawal,CAD
CA00015109,2025-02-25,BR032,C503874,TLR-1664,1225.18,cash deposit,CAD
CA00013753,2025-02-15,BR026,C503503,TLR-2230,782.43,cash deposit,CAD
CA00009450,2025-02-03,BR004,C503556,TLR-9115,1578.85,cash withdrawal,CAD
CA00014243,2025-02-05,BR028,C503335,TLR-7090,871.69,cash withdrawal,CAD
CA00011818,2025-02-17,BR016,C503864,TLR-5349,522.87,cash deposit,CAD
CA00010867,2025-02-25,BR011,C501560,TLR-5007,398.58,cash deposit,CAD
CA00015439,2025-02-02,BR034,C503962,TLR-1964,327.86,cash withdrawal,CAD
CA00009209,2025-02-07,BR003,C501193,TLR-2366,1244.81,cash withdrawal,CAD
CA00010228,2025-02-01,BR007,C501011,TLR-4304,198.4,cash withdrawal,CAD
CA00015204,2025-02-21,BR033,C501063,TLR-3039,782.87,cash deposit,CAD
CA00015741,2025-02-13,BR036,C500744,TLR-5365,717.4,cash withdrawal,CAD
CA00010480,2025-02-22,BR008,C502091,TLR-1909,872.5,cash withdrawal,CAD
CA00015306,2025-02-05,BR034,C503359,TLR-4222,1471.97,cash withdrawal,CAD
CA00013316,2025-02-13,BR024,C502955,TLR-5696,2260.03,cash deposit,CAD
CA00011441,2025-02-15,BR015,C500658,TLR-1941,1564.53,cash withdrawal,CAD
CA00014056,2025-02-14,BR027,C503723,TLR-7762,1079.97,cash deposit,CAD
CA00013278,2025-02-12,BR024,C501736,TLR-1699,1391.75,cash deposit,CAD
CA00011213,2025-02-26,BR013,C503376,TLR-6322,1055.6,cash withdrawal,CAD
CA00011558,2025-02-17,BR015,C500735,TLR-2946,4058.89,cash deposit,CAD
CA00015988,2025-02-17,BR037,C502752,TLR-2081,533.21,cash deposit,CAD
CA00011881,2025-02-10,BR016,C502924,TLR-1858,1601.73,cash deposit,CAD
CA00012229,2025-02-17,BR018,C502977,TLR-9727,1616.86,cash deposit,CAD
CA00011539,2025-02-08,BR015,C502778,TLR-7713,555.9,cash deposit,CAD
CA00009974,2025-02-25,BR006,C500667,TLR-7075,474.14,cash deposit,CAD
CA00015223,2025-02-22,BR033,C502397,TLR-8540,447.07,cash deposit,CAD
CA00009798,2025-02-02,BR006,C503157,TLR-6964,890.56,cash deposit,CAD
CA00016260,2025-02-28,BR038,C503530,TLR-2982,278.28,cash deposit,CAD
CA00010027,2025-02-05,BR006,C502769,TLR-8816,204.16,cash deposit,CAD
CA00010588,2025-02-27,BR009,C502998,TLR-7784,2460.58,cash deposit,CAD
CA00016902,2025-02-23,BR040,C502897,TLR-1786,650.36,cash deposit,CAD
CA00015098,2025-02-07,BR032,C500529,TLR-4471,1488.73,cash deposit,CAD
CA00010114,2025-02-22,BR007,C503297,TLR-5505,532.06,cash deposit,CAD
CA00014232,2025-02-07,BR028,C500665,TLR-8743,1397.59,cash deposit,CAD
CA00015411,2025-02-06,BR034,C502059,TLR-2846,919.76,cash deposit,CAD
CA00010923,2025-02-04,BR012,C500562,TLR-1221,864.12,cash deposit,CAD
CA00016219,2025-02-27,BR037,C500896,TLR-7227,457.97,cash deposit,CAD
CA00010783,2025-02-19,BR010,C503026,TLR-2276,1274.51,cash withdrawal,CAD
CA00013433,2025-02-04,BR024,C501533,TLR-6493,3158.36,cash deposit,CAD
CA00010033,2025-02-22,BR006,C500189,TLR-2500,244.88,cash deposit,CAD
CA00008960,2025-02-12,BR001,C502804,TLR-5201,2731.73,cash withdrawal,CAD
CA00013857,2025-02-27,BR026,C501622,TLR-1963,612.34,cash deposit,CAD
CA00017243,2025-02-27,BR040,C502975,TLR-6360,965.35,cash deposit,CAD
CA00012310,2025-02-01,BR019,C503308,TLR-7976,1949.57,cash withdrawal,CAD
CA00009800,2025-02-09,BR006,C500450,TLR-6263,1924.92,cash withdrawal,CAD
CA00011397,2025-02-22,BR014,C500198,TLR-5154,2009.32,cash withdrawal,CAD
CA00013523,2025-02-04,BR025,C503076,TLR-9477,547.03,cash deposit,CAD
CA00013596,2025-02-27,BR025,C500790,TLR-4803,-2142.55,cash withdrawal,CAD
CA00012039,2025-02-03,BR017,C501217,TLR-7136,921.89,cash deposit,CAD
CA00016325,2025-02-15,BR038,C502418,TLR-7767,1888.9,cash withdrawal,CAD
CA00017414,2025-02-12,BR040,C502494,TLR-7222,593.19,cash deposit,CAD
CA00014084,2025-02-21,BR027,C502913,TLR-7465,2377.03,cash deposit,CAD
CA00012027,2025-02-12,BR017,C500962,TLR-3545,978.75,cash deposit,CAD
CA00010358,2025-02-19,BR008,C500714,TLR-5562,414.85,cash withdrawal,CAD
CA00014446,2025-02-27,BR030,C501797,TLR-1259,1074.66,cash withdrawal,CAD
CA00014964,2025-02-06,BR031,C502072,TLR-5797,3046.03,cash withdrawal,CAD
CA00009754,2025-02-25,BR005,C500335,TLR-2105,1153.56,cash withdrawal,CAD
CA00011150,2025-02-14,BR013,C503364,TLR-8717,2815.22,cash withdrawal,CAD
CA00009831,2025-02-21,BR006,C502305,TLR-9613,2242.19,cash deposit,CAD
CA00015674,2025-02-14,BR035,C500334,TLR-8243,1294.5,cash withdrawal,CAD
CA00015010,2025-02-04,BR032,C501447,TLR-3185,1280.17,cash deposit,CAD
CA00017671,2025-02-18,BR040,C501458,TLR-9809,518.44,cash deposit,CAD
CA00013189,2025-02-20,BR024,C503043,TLR-3338,2262.13,cash deposit,CAD
CA00013331,2025-02-06,BR024,C500644,TLR-9996,2163.97,cash withdrawal,CAD
CA00014545,2025-02-14,BR030,C501159,TLR-5873,1836.66,cash withdrawal,CAD
CA00009189,2025-02-17,BR003,C503381,TLR-7543,1286.6,cash withdrawal,CAD
CA00017227,2025-02-11,BR040,C500484,TLR-4293,860.58,cash deposit,CAD
CA00016724,2025-02-15,BR040,C501379,TLR-8863,281.25,cash withdrawal,CAD
CA00009350,2025-02-26,BR003,C500141,TLR-4819,3788.11,cash deposit,CAD
CA00017575,2025-02-23,BR040,C502310,TLR-1503,745.54,cash deposit,CAD
CA00013445,2025-02-10,BR025,C500578,TLR-4755,2129.92,cash deposit,CAD
CA00010231,2025-02-25,BR007,C501127,TLR-7011,1524.8,cash deposit,CAD
CA00015139,2025-02-12,BR033,C501631,TLR-8750,978.51,cash deposit,CAD
CA00012475,2025-02-08,BR019,C501937,TLR-7631,676.25,cash withdrawal,CAD
CA00015773,2025-02-20,BR036,C500111,TLR-2554,2077.33,cash withdrawal,CAD
CA00014408,2025-02-11,BR030,C501626,TLR-1011,1583.43,cash deposit,CAD
CA00012842,2025-02-21,BR021,C500164,TLR-3503,927.98,cash withdrawal,CAD
CA00012207,2025-02-01,BR018,C500558,TLR-8380,371.93,cash deposit,CAD
CA00009997,2025-02-25,BR006,C503830,TLR-5603,591.44,cash deposit,CAD
CA00014282,2025-02-04,BR029,C500190,TLR-3271,271.74,cash withdrawal,CAD
CA00013348,2025-02-03,BR024,C500160,TLR-6635,315.41,cash deposit,CAD
CA00013617,2025-02-02,BR025,C500329,TLR-2206,786.24,cash deposit,CAD
CA00014626,2025-02-22,BR030,C500016,TLR-4753,2267.47,cash withdrawal,CAD
CA00014386,2025-02-22,BR029,C500647,TLR-2181,320.83,cash deposit,CAD
CA00013206,2025-02-13,BR024,C502862,TLR-1800,2300.33,cash withdrawal,CAD
CA00012270,2025-02-27,BR018,C500934,TLR-9321,1364.38,cash withdrawal,CAD
CA00016739,2025-02-02,BR040,C500623,TLR-6604,441.55,cash withdrawal,CAD
CA00009861,2025-02-18,BR006,C503780,TLR-2697,1736.67,cash deposit,CAD
CA00011122,2025-02-04,BR012,C501228,TLR-5799,882.98,cash withdrawal,CAD
CA00013520,2025-02-08,BR025,C501051,TLR-5334,-6778.72,cash withdrawal,CAD
CA00009948,2025-02-12,BR006,C501663,TLR-8042,1571.92,cash deposit,CAD
CA00011053,2025-02-15,BR012,C501192,TLR-9874,965.13,cash withdrawal,CAD
CA00017626,2025-02-25,BR040,C500522,TLR-3323,884.21,cash deposit,CAD
CA00016174,2025-02-13,BR037,C503390,TLR-5297,1919.26,cash deposit,CAD
CA00015534,2025-02-12,BR035,C503130,TLR-6975,388.97,cash deposit,CAD
CA00015631,2025-02-19,BR035,C502884,TLR-4224,1928.5,cash withdrawal,CAD
CA00014768,2025-02-18,BR031,C501004,TLR-3911,795.58,cash deposit,CAD
CA00010065,2025-02-22,BR007,C501242,TLR-6275,588.38,cash withdrawal,CAD
CA00015746,2025-02-13,BR036,C503211,TLR-8480,2150.59,cash withdrawal,CAD
CA00011517,2025-02-02,BR015,C501023,TLR-1545,121.68,cash deposit,CAD
CA00011618,2025-02-26,BR015,C502508,TLR-4261,828.51,cash withdrawal,CAD
CA00016697,2025-02-05,BR040,C503651,TLR-5290,1569.43,cash withdrawal,CAD
CA00014045,2025-02-11,BR027,C502653,TLR-4445,2308.39,cash deposit,CAD
CA00016130,2025-02-27,BR037,C500322,TLR-6570,966.03,cash deposit,CAD
CA00010025,2025-02-26,BR006,C500253,TLR-3762,421.27,cash deposit,CAD
CA00014566,2025-02-20,BR030,C501334,TLR-2379,696.43,cash withdrawal,CAD
CA00009536,2025-02-17,BR004,C501313,TLR-9408,1620.3,cash withdrawal,CAD
CA00012497,2025-02-22,BR019,C503712,TLR-7818,940.33,cash withdrawal,CAD
CA00015462,2025-02-20,BR035,C501842,TLR-7370,463.43,cash deposit,CAD
CA00009263,2025-02-06,BR003,C500534,TLR-5392,420.85,cash deposit,CAD
CA00017262,2025-02-23,BR040,C500245,TLR-8440,2746.08,cash deposit,CAD
CA00011359,2025-02-20,BR014,C502467,TLR-1714,337.03,cash deposit,CAD
CA00010023,2025-02-09,BR006,C503118,TLR-2261,3700.09,cash deposit,CAD
CA00017182,2025-02-04,BR040,C502413,TLR-6691,406.13,cash deposit,CAD
CA00011946,2025-02-03,BR017,C503817,TLR-5731,1933.32,cash deposit,CAD
CA00014151,2025-02-08,BR028,C501267,TLR-6563,430.03,cash deposit,CAD
CA00014700,2025-02-06,BR030,C501427,TLR-9178,2089.51,cash withdrawal,CAD
CA00011766,2025-02-05,BR016,C500794,TLR-6863,921.51,cash withdrawal,CAD
CA00017520,2025-02-18,BR040,C500163,TLR-9944,570.41,cash deposit,CAD
CA00011115,2025-02-14,BR012,C502829,TLR-9513,798.94,cash withdrawal,CAD
CA00014412,2025-02-20,BR030,C500059,TLR-1103,784.07,cash withdrawal,CAD
CA00010080,2025-02-20,BR007,C501569,TLR-1028,283.17,cash withdrawal,CAD
CA00013227,2025-02-18,BR024,C502025,TLR-3730,900.26,cash withdrawal,CAD
CA00009121,2025-02-09,BR002,C501058,TLR-6108,-1047.12,cash withdrawal,CAD
CA00017653,2025-02-18,BR040,C503394,TLR-1841,1250.72,cash withdrawal,CAD
CA00012753,2025-02-08,BR020,C503692,TLR-6199,1248.73,cash withdrawal,USD
CA00009791,2025-02-20,BR006,C503481,TLR-7001,1216.47,cash deposit,CAD
CA00016931,2025-02-21,BR040,C501572,TLR-9327,1154.68,cash withdrawal,CAD
CA00014906,2025-02-12,BR031,C503843,TLR-7915,224.87,cash deposit,CAD
CA00013453,2025-02-23,BR025,C503868,TLR-7368,900.33,cash deposit,CAD
CA00011394,2025-02-04,BR014,C501065,TLR-1105,1782.4,cash withdrawal,CAD
CA00014547,2025-02-03,BR030,C500425,TLR-6981,791.74,cash withdrawal,CAD
CA00012031,2025-02-22,BR017,C501792,TLR-9341,2391.47,cash withdrawal,CAD
CA00011308,2025-02-12,BR014,C503593,TLR-3875,3264.23,cash deposit,CAD
CA00012729,2025-02-05,BR020,C502490,TLR-4736,1048.7,cash withdrawal,USD
CA00008815,2025-02-17,BR001,C500244,TLR-7460,1951.34,cash withdrawal,CAD
CA00013082,2025-02-25,BR023,C502282,TLR-1391,672.97,cash deposit,CAD
CA00013586,2025-02-28,BR025,C502360,TLR-6011,-934.21,cash withdrawal,CAD
CA00013956,2025-02-06,BR027,C500566,TLR-1020,682.19,cash deposit,CAD
CA00009427,2025-02-09,BR004,C502996,TLR-1158,2153.44,cash withdrawal,CAD
CA00017290,2025-02-26,BR040,C500369,TLR-1810,971.34,cash deposit,CAD
CA00011142,2025-02-18,BR012,C501791,TLR-3496,414.99,cash deposit,CAD
CA00011612,2025-02-01,BR015,C503720,TLR-7380,1215.51,cash deposit,CAD
CA00014125,2025-02-10,BR028,C503934,TLR-9050,377.17,cash deposit,CAD
CA00015075,2025-02-02,BR032,C502233,TLR-4592,825.84,cash deposit,CAD
CA00015103,2025-02-14,BR032,C500718,TLR-3378,1337.74,cash withdrawal,CAD
CA00015649,2025-02-15,BR035,C502957,TLR-3278,898.09,cash deposit,CAD
CA00011595,2025-02-13,BR015,C502615,TLR-9064,699.92,cash deposit,CAD
CA00016258,2025-02-22,BR038,C501667,TLR-4600,598.52,cash deposit,CAD
CA00014683,2025-02-21,BR030,C503997,TLR-1406,1455.42,cash deposit,CAD
CA00010431,2025-02-20,BR008,C503775,TLR-8475,2431.44,cash deposit,CAD
CA00010929,2025-02-19,BR012,C501141,TLR-7784,1303.67,cash withdrawal,CAD
CA00010969,2025-02-18,BR012,C500528,TLR-7979,1503.05,cash deposit,CAD
CA00013027,2025-02-18,BR022,C501484,TLR-3353,1738.66,cash deposit,CAD
CA00010255,2025-02-07,BR007,C500677,TLR-2664,919.33,cash deposit,CAD
CA00017403,2025-02-28,BR040,C500903,TLR-8625,678.91,cash deposit,CAD
CA00015193,2025-02-18,BR033,C503932,TLR-2784,2112.39,cash deposit,CAD
CA00011574,2025-02-08,BR015,C502776,TLR-9411,1941.66,cash deposit,CAD
CA00017639,2025-02-09,BR040,C502676,TLR-3600,1547.26,cash deposit,CAD
CA00016167,2025-02-09,BR037,C501768,TLR-4182,1910.59,cash deposit,CAD
CA00012193,2025-02-27,BR018,C500939,TLR-4778,3772.09,cash deposit,CAD
CA00016717,2025-02-20,BR040,C501048,TLR-1618,726.3,cash deposit,CAD
CA00011527,2025-02-15,BR015,C500038,TLR-9300,3081.66,cash withdrawal,CAD
CA00013147,2025-02-20,BR023,C501942,TLR-1064,268.62,cash withdrawal,CAD
CA00014767,2025-02-17,BR031,C503420,TLR-8125,1095.75,cash withdrawal,CAD
CA00015442,2025-02-11,BR034,C500656,TLR-4538,1042.51,cash deposit,CAD
CA00015958,2025-02-23,BR036,C501877,TLR-7016,1375.0,cash withdrawal,CAD
CA00016492,2025-02-01,BR039,C502171,TLR-1045,532.17,cash withdrawal,CAD
CA00009868,2025-02-04,BR006,C500445,TLR-7822,552.0,cash withdrawal,CAD
CA00016013,2025-02-14,BR037,C503845,TLR-4541,658.35,cash deposit,CAD
CA00013005,2025-02-11,BR022,C503963,TLR-1700,611.45,cash withdrawal,CAD
CA00009264,2025-02-12,BR003,C500254,TLR-5685,2061.89,cash deposit,CAD
CA00009679,2025-02-28,BR004,C502281,TLR-2742,1389.76,cash deposit,CAD
CA00013407,2025-02-13,BR024,C500642,TLR-4890,838.63,cash withdrawal,CAD
CA00016725,2025-02-24,BR040,C501899,TLR-7101,471.52,cash withdrawal,CAD
CA00015135,2025-02-21,BR033,C501744,TLR-2591,506.64,cash deposit,CAD
CA00014379,2025-02-20,BR029,C500780,TLR-1773,4224.85,cash deposit,CAD
CA00012215,2025-02-20,BR018,C500477,TLR-7218,1178.7,cash deposit,CAD
CA00009143,2025-02-13,BR002,C502716,TLR-2956,1457.34,cash deposit,CAD
CA00011388,2025-02-14,BR014,C500384,TLR-6955,483.21,cash deposit,CAD
CA00013296,2025-02-22,BR024,C502467,TLR-3129,2089.64,cash deposit,CAD
CA00010458,2025-02-05,BR008,C502188,TLR-8411,1351.42,cash deposit,CAD
CA00010675,2025-02-15,BR010,C502994,TLR-2565,234.99,cash withdrawal,CAD
CA00011889,2025-02-09,BR016,C503620,TLR-8902,1550.96,cash withdrawal,CAD
CA00011201,2025-02-22,BR013,C500287,TLR-9456,118.73,cash withdrawal,CAD
CA00017189,2025-02-07,BR040,C502967,TLR-2250,651.85,cash deposit,CAD
CA00013964,2025-02-20,BR027,C500742,TLR-3856,263.16,cash withdrawal,CAD
CA00011177,2025-02-18,BR013,C503786,TLR-1939,543.76,cash withdrawal,CAD
CA00011431,2025-02-11,BR015,C500838,TLR-8827,918.88,cash withdrawal,CAD
CA00012678,2025-02-25,BR020,C503409,TLR-5767,644.45,cash withdrawal,USD
CA00014039,2025-02-28,BR027,C503285,TLR-8367,920.83,cash withdrawal,CAD
CA00012526,2025-02-24,BR019,C501193,TLR-8570,1791.7,cash deposit,CAD
CA00009561,2025-02-12,BR004,C501532,TLR-8475,2517.87,cash deposit,CAD
CA00010487,2025-02-04,BR008,C502760,TLR-3811,572.81,cash deposit,CAD
CA00013377,2025-02-06,BR024,C503466,TLR-9120,482.22,cash withdrawal,CAD
CA00014600,2025-02-04,BR030,C503245,TLR-4720,426.22,cash deposit,CAD
CA00014863,2025-02-06,BR031,C502113,TLR-2025,992.71,cash deposit,CAD
CA00011113,2025-02-01,BR012,C501873,TLR-1574,599.01,cash withdrawal,CAD
CA00011882,2025-02-09,BR016,C500134,TLR-6811,1267.14,cash deposit,CAD
CA00010268,2025-02-23,BR007,C502252,TLR-7366,753.55,cash deposit,CAD
CA00012850,2025-02-20,BR021,C500285,TLR-3959,871.22,cash withdrawal,CAD
CA00010399,2025-02-14,BR008,C503658,TLR-3276,636.81,cash deposit,CAD
CA00012600,2025-02-27,BR020,C502279,TLR-8714,2326.2,cash withdrawal,USD
CA00012456,2025-02-25,BR019,C503808,TLR-1845,757.14,cash withdrawal,CAD
CA00015328,2025-02-01,BR034,C502771,TLR-4967,705.83,cash deposit,CAD
CA00010210,2025-02-03,BR007,C501262,TLR-9280,1207.54,cash deposit,CAD
CA00016423,2025-02-25,BR038,C503615,TLR-8586,339.27,cash withdrawal,CAD
CA00014174,2025-02-23,BR028,C502214,TLR-9037,412.2,cash deposit,CAD
CA00009708,2025-02-07,BR005,C500511,TLR-4353,1396.2,cash withdrawal,CAD
CA00014194,2025-02-12,BR028,C503880,TLR-7000,612.62,cash deposit,CAD
CA00015372,2025-02-08,BR034,C501302,TLR-8268,1445.01,cash deposit,CAD
CA00012329,2025-02-22,BR019,C501933,TLR-6099,505.24,cash deposit,CAD
CA00009005,2025-02-02,BR002,C501393,TLR-3995,1098.45,cash deposit,CAD
CA00011802,2025-02-22,BR016,C501891,TLR-4884,218.12,cash deposit,CAD
CA00014759,2025-02-22,BR031,C502713,TLR-4951,2273.51,cash withdrawal,CAD
CA00015212,2025-02-03,BR033,C500617,TLR-7774,1270.5,cash withdrawal,CAD
CA00009837,2025-02-24,BR006,C500982,TLR-7372,949.52,cash deposit,CAD
CA00053291,2025-02-02,BR017,W992233,TLR-9207,251.22,cash deposit,CAD
CA00016553,2025-02-24,BR039,C501757,TLR-7666,1094.74,cash deposit,CAD
CA00009026,2025-02-27,BR002,C501288,TLR-7571,591.95,cash deposit,CAD
CA00014744,2025-02-07,BR031,C501466,TLR-4260,968.91,cash withdrawal,CAD
CA00015486,2025-02-28,BR035,C500379,TLR-8434,863.37,cash deposit,CAD
CA00014674,2025-02-04,BR030,C503759,TLR-3530,2328.24,cash withdrawal,CAD
CA00010713,2025-02-23,BR010,C500114,TLR-2223,1229.78,cash withdrawal,CAD
CA00009436,2025-02-16,BR004,C500245,TLR-6043,584.64,cash withdrawal,CAD
CA00010301,2025-02-03,BR008,C502619,TLR-5808,263.23,cash withdrawal,CAD
CA00012081,2025-02-14,BR017,C500414,TLR-2800,945.44,cash deposit,CAD
CA00015409,2025-02-16,BR034,C502811,TLR-2305,682.85,cash deposit,CAD
CA00013439,2025-02-18,BR025,C501687,TLR-2127,512.03,cash deposit,CAD
CA00009604,2025-02-26,BR004,C502194,TLR-7549,688.79,cash deposit,CAD
CA00012784,2025-02-12,BR021,C501943,TLR-8058,2474.32,cash withdrawal,CAD
CA00013942,2025-02-22,BR027,C501986,TLR-9243,1320.69,cash deposit,CAD
CA00011911,2025-02-22,BR016,C503006,TLR-3689,1005.85,cash withdrawal,CAD
CA00011565,2025-02-23,BR015,C503905,TLR-7751,2286.93,cash deposit,CAD
CA00008744,2025-02-22,BR001,C502592,TLR-1600,1567.13,cash deposit,CAD
CA00013932,2025-02-12,BR027,C503808,TLR-6779,665.31,cash withdrawal,CAD
CA00015435,2025-02-12,BR034,C503825,TLR-7196,841.8,cash withdrawal,CAD
CA00012957,2025-02-10,BR022,C501190,TLR-2833,653.65,cash deposit,CAD
CA00010269,2025-02-02,BR007,C500849,TLR-9958,1053.65,cash withdrawal,CAD
CA00009863,2025-02-21,BR006,C503000,TLR-8863,3154.89,cash deposit,CAD
CA00012300,2025-02-20,BR018,C502252,TLR-4731,2145.49,cash deposit,CAD
CA00017040,2025-02-07,BR040,C502623,TLR-5646,273.72,cash withdrawal,CAD
CA00009433,2025-02-07,BR004,C500605,TLR-7659,1288.74,cash deposit,CAD
CA00014443,2025-02-25,BR030,C501063,TLR-3508,761.87,cash withdrawal,CAD
CA00013108,2025-02-09,BR023,C501494,TLR-5876,918.05,cash withdrawal,CAD
CA00016347,2025-02-07,BR038,C501199,TLR-4544,1971.05,cash deposit,CAD
CA00008878,2025-02-05,BR001,C501752,TLR-7443,360.85,cash deposit,CAD
CA00012951,2025-02-06,BR021,C502126,TLR-7846,1920.34,cash withdrawal,CAD
CA00009981,2025-02-14,BR006,C501662,TLR-6045,286.54,cash withdrawal,CAD
CA00012990,2025-02-12,BR022,C503180,TLR-9757,2540.5,cash deposit,CAD
CA00013267,2025-02-10,BR024,C501754,TLR-7234,1090.12,cash deposit,CAD
CA00015232,2025-02-01,BR033,C501272,TLR-6099,1290.53,cash deposit,CAD
CA00015361,2025-02-23,BR034,C503913,TLR-4049,724.74,cash deposit,CAD
CA00008877,2025-02-24,BR001,C501491,TLR-9773,635.14,cash withdrawal,CAD
CA00016800,2025-02-25,BR040,C500035,TLR-8639,334.49,cash deposit,CAD
CA00016141,2025-02-23,BR037,C503686,TLR-7611,2790.64,cash deposit,CAD
CA00008866,2025-02-09,BR001,C503842,TLR-5807,771.22,cash deposit,CAD
CA00012646,2025-02-05,BR020,C502075,TLR-9107,977.95,cash deposit,USD
CA00009327,2025-02-03,BR003,C503995,TLR-2501,662.63,cash withdrawal,CAD
CA00009172,2025-02-02,BR002,C501494,TLR-6727,-877.21,cash withdrawal,CAD
CA00010111,2025-02-17,BR007,C500124,TLR-5549,2069.38,cash deposit,CAD
CA00016164,2025-02-20,BR037,C503697,TLR-4661,612.99,cash deposit,CAD
CA00016195,2025-02-19,BR037,C502901,TLR-9453,1384.59,cash deposit,CAD
CA00009944,2025-02-20,BR006,C502061,TLR-6256,475.76,cash withdrawal,CAD
CA00016626,2025-02-16,BR039,C502194,TLR-6530,988.32,cash deposit,CAD
CA00011118,2025-02-13,BR012,C502035,TLR-1597,1131.98,cash withdrawal,CAD
CA00011190,2025-02-10,BR013,C503324,TLR-7747,966.78,cash withdrawal,CAD
CA00016922,2025-02-16,BR040,C501831,TLR-3670,95.57,cash deposit,CAD
CA00012099,2025-02-13,BR017,C503019,TLR-4384,1127.0,cash deposit,CAD
CA00012555,2025-02-15,BR019,C501928,TLR-2277,1456.17,cash deposit,CAD
CA00015501,2025-02-21,BR035,C502328,TLR-3927,1560.25,cash withdrawal,CAD
CA00010966,2025-02-28,BR012,C502710,TLR-4847,1071.0,cash deposit,CAD
CA00016881,2025-02-20,BR040,C503897,TLR-5757,460.89,cash withdrawal,CAD
CA00017311,2025-02-05,BR040,C501156,TLR-8266,461.6,cash withdrawal,CAD
CA00013371,2025-02-23,BR024,C501065,TLR-7813,2842.07,cash withdrawal,CAD
CA00017393,2025-02-20,BR040,C503471,TLR-6289,806.29,cash withdrawal,CAD
CA00011279,2025-02-01,BR014,C502120,TLR-5150,506.76,cash withdrawal,CAD
CA00015981,2025-02-02,BR037,C503090,TLR-3386,1425.56,cash withdrawal,CAD
CA00017537,2025-02-07,BR040,C502452,TLR-7918,724.18,cash deposit,CAD
CA00014630,2025-02-19,BR030,C500260,TLR-6226,1536.7,cash deposit,CAD
CA00015993,2025-02-17,BR037,C500558,TLR-4185,734.11,cash withdrawal,CAD
CA00008994,2025-02-14,BR001,C500739,TLR-3263,297.01,cash deposit,CAD
CA00014048,2025-02-24,BR027,C502131,TLR-5807,1111.99,cash withdrawal,CAD
CA00010555,2025-02-05,BR009,C503689,TLR-1779,531.28,cash withdrawal,CAD
CA00012693,2025-02-21,BR020,C501493,TLR-1484,5006.45,cash deposit,USD
CA00013500,2025-02-24,BR025,C500693,TLR-1853,-1126.9,cash withdrawal,CAD
CA00009521,2025-02-02,BR004,C502726,TLR-8642,772.56,cash deposit,CAD
CA00016923,2025-02-08,BR040,C500752,TLR-2302,2535.2,cash deposit,CAD
CA00013069,2025-02-27,BR023,C500474,TLR-5646,328.64,cash withdrawal,CAD
CA00010075,2025-02-11,BR007,C502376,TLR-7274,219.42,cash deposit,CAD
CA00008873,2025-02-17,BR001,C503133,TLR-3288,865.84,cash deposit,CAD
CA00011272,2025-02-14,BR014,C500570,TLR-1263,1301.54,cash withdrawal,CAD
CA00015407,2025-02-22,BR034,C500697,TLR-5099,966.04,cash deposit,CAD
CA00016753,2025-02-03,BR040,C500208,TLR-5101,1147.59,cash withdrawal,CAD
CA00013392,2025-02-01,BR024,C501182,TLR-1260,919.6,cash withdrawal,CAD
CA00009738,2025-02-12,BR005,C502701,TLR-4366,700.06,cash deposit,CAD
CA00009214,2025-02-06,BR003,C502062,TLR-1167,162.19,cash withdrawal,CAD
CA00016894,2025-02-15,BR040,C501072,TLR-5290,496.86,cash deposit,CAD
CA00015008,2025-02-26,BR032,C503417,TLR-7737,637.66,cash withdrawal,CAD
CA00014643,2025-02-06,BR030,C500374,TLR-4115,1179.86,cash withdrawal,CAD
CA00011933,2025-02-27,BR016,C500365,TLR-9349,863.69,cash withdrawal,CAD
CA00015625,2025-02-28,BR035,C503723,TLR-2432,435.75,cash deposit,CAD
CA00014582,2025-02-24,BR030,C502435,TLR-7500,982.59,cash withdrawal,CAD
CA00010307,2025-02-03,BR008,C501310,TLR-6531,4475.81,cash deposit,CAD
CA00012344,2025-02-15,BR019,C502940,TLR-2634,1323.93,cash withdrawal,CAD
CA00011985,2025-02-15,BR017,C501854,TLR-1325,489.97,cash deposit,CAD
CA00011383,2025-02-15,BR014,C500820,TLR-1394,410.95,cash withdrawal,CAD
CA00012082,2025-02-26,BR017,C502350,TLR-2653,1296.24,cash deposit,CAD
CA00016709,2025-02-01,BR040,C500263,TLR-1270,732.38,cash deposit,CAD
CA00012566,2025-02-28,BR019,C500042,TLR-7539,1530.46,cash withdrawal,CAD
CA00009469,2025-02-24,BR004,C501628,TLR-3379,3219.7,cash deposit,CAD
CA00017107,2025-02-16,BR040,C502337,TLR-6453,1693.95,cash deposit,CAD
CA00014790,2025-02-14,BR031,C501455,TLR-4269,185.25,cash withdrawal,CAD
CA00009421,2025-02-08,BR004,C501398,TLR-3468,612.63,cash deposit,CAD
CA00009535,2025-02-06,BR004,C501732,TLR-1889,378.17,cash deposit,CAD
CA00016170,2025-02-04,BR037,C500194,TLR-2262,628.49,cash deposit,CAD
CA00016676,2025-02-21,BR040,C500629,TLR-4556,362.35,cash deposit,CAD
CA00011817,2025-02-20,BR016,C500071,TLR-1350,327.61,cash withdrawal,CAD
CA00017386,2025-02-22,BR040,C503937,TLR-7146,6486.49,cash deposit,CAD
CA00014500,2025-02-01,BR030,C500775,TLR-2220,314.28,cash deposit,CAD
CA00013015,2025-02-23,BR022,C502052,TLR-6418,2149.13,cash deposit,CAD
CA00013987,2025-02-25,BR027,C501264,TLR-3329,1174.7,cash deposit,CAD
CA00017079,2025-02-02,BR040,C500050,TLR-9162,912.26,cash deposit,CAD
CA00012154,2025-02-11,BR017,C503871,TLR-8963,1198.5,cash withdrawal,CAD
CA00010413,2025-02-08,BR008,C500619,TLR-7490,1090.59,cash withdrawal,CAD
CA00012666,2025-02-09,BR020,C501093,TLR-7345,964.07,cash withdrawal,USD
CA00012935,2025-02-20,BR021,C502621,TLR-9153,1384.76,cash withdrawal,CAD
CA00010374,2025-02-13,BR008,C502796,TLR-9610,1081.07,cash withdrawal,CAD
CA00017377,2025-02-20,BR040,C502997,TLR-4967,761.8,cash deposit,CAD
CA00013126,2025-02-06,BR023,C500340,TLR-8607,303.76,cash withdrawal,CAD
CA00012463,2025-02-22,BR019,C503226,TLR-3566,7266.73,cash deposit,CAD
CA00009471,2025-02-23,BR004,C500288,TLR-1805,470.65,cash withdrawal,CAD
CA00011285,2025-02-11,BR014,C502716,TLR-6281,1231.25,cash deposit,CAD
CA00011061,2025-02-23,BR012,C501940,TLR-3940,278.39,cash deposit,CAD
CA00013093,2025-02-11,BR023,C501571,TLR-1671,1426.72,cash deposit,CAD
CA00011158,2025-02-20,BR013,C501684,TLR-3889,413.9,cash deposit,CAD
CA00012320,2025-02-22,BR019,C503737,TLR-7157,884.73,cash withdrawal,CAD
CA00012983,2025-02-10,BR022,C500212,TLR-9285,940.49,cash deposit,CAD
CA00009496,2025-02-26,BR004,C502008,TLR-8135,529.77,cash deposit,CAD
CA00009399,2025-02-15,BR003,C500237,TLR-9508,783.35,cash deposit,CAD
CA00015887,2025-02-15,BR036,C500119,TLR-8332,1410.23,cash withdrawal,CAD
CA00013620,2025-02-07,BR025,C503492,TLR-1920,-831.71,cash withdrawal,CAD
CA00017528,2025-02-13,BR040,C502653,TLR-4049,1112.93,cash withdrawal,CAD
CA00010338,2025-02-09,BR008,C500631,TLR-7331,268.9,cash deposit,CAD
CA00017300,2025-02-19,BR040,C502310,TLR-7573,2025.22,cash deposit,CAD
CA00012361,2025-02-05,BR019,C502655,TLR-8174,475.61,cash deposit,CAD
CA00017557,2025-02-16,BR040,C500004,TLR-5024,236.74,cash deposit,CAD
CA00014699,2025-02-12,BR030,C502891,TLR-6904,1009.72,cash deposit,CAD
CA00017341,2025-02-25,BR040,C500019,TLR-4618,568.56,cash deposit,CAD
CA00016069,2025-02-20,BR037,C503459,TLR-5436,711.47,cash deposit,CAD
CA00008936,2025-02-02,BR001,C501398,TLR-3275,307.05,cash withdrawal,CAD
CA00016700,2025-02-11,BR040,C501432,TLR-9198,1218.92,cash deposit,CAD
CA00012239,2025-02-01,BR018,C501114,TLR-2681,717.47,cash withdrawal,CAD
CA00009355,2025-02-05,BR003,C503526,TLR-2293,2073.94,cash deposit,CAD
CA00010606,2025-02-17,BR009,C500022,TLR-5067,947.7,cash deposit,CAD
CA00016281,2025-02-26,BR038,C500675,TLR-4628,1542.23,cash deposit,CAD
CA00011619,2025-02-25,BR015,C502677,TLR-6393,239.72,cash deposit,CAD
CA00014916,2025-02-15,BR031,C503156,TLR-3635,364.03,cash deposit,CAD
CA00009586,2025-02-22,BR004,C503660,TLR-6876,3600.99,cash deposit,CAD
CA00012835,2025-02-03,BR021,C503330,TLR-7272,426.38,cash deposit,CAD
CA00011669,2025-02-12,BR015,C501252,TLR-9231,1618.46,cash deposit,CAD
CA00011123,2025-02-08,BR012,C502670,TLR-4734,987.68,cash deposit,CAD
CA00016018,2025-02-19,BR037,C503497,TLR-7702,491.67,cash withdrawal,CAD
CA00016379,2025-02-14,BR038,C503953,TLR-1027,583.98,cash withdrawal,CAD
CA00012548,2025-02-05,BR019,C502251,TLR-5236,1299.43,cash withdrawal,CAD
CA00017283,2025-02-07,BR040,C503981,TLR-7392,731.31,cash withdrawal,CAD
CA00014285,2025-02-28,BR029,C503783,TLR-8895,931.92,cash deposit,CAD
CA00012101,2025-02-05,BR017,C500137,TLR-2412,643.84,cash deposit,CAD
CA00013695,2025-02-17,BR026,C501481,TLR-1025,991.19,cash deposit,CAD
CA00011720,2025-02-16,BR016,C502294,TLR-2905,735.21,cash deposit,CAD
CA00013004,2025-02-20,BR022,C502015,TLR-3539,823.69,cash deposit,CAD
CA00010124,2025-02-03,BR007,C502625,TLR-8407,865.76,cash deposit,CAD
CA00010275,2025-02-26,BR007,C500251,TLR-8039,571.28,cash withdrawal,CAD
CA00016828,2025-02-09,BR040,C503712,TLR-4747,3201.08,cash deposit,CAD
CA00012623,2025-02-28,BR020,C500242,TLR-2772,1047.21,cash withdrawal,USD
CA00015073,2025-02-25,BR032,C500530,TLR-8828,1993.66,cash withdrawal,CAD
CA00012511,2025-02-09,BR019,C503965,TLR-1110,222.48,cash deposit,CAD
CA00013462,2025-02-24,BR025,C501207,TLR-3592,387.4,cash deposit,CAD
CA00011770,2025-02-04,BR016,C501855,TLR-8665,275.71,cash deposit,CAD
CA00009205,2025-02-27,BR003,C501457,TLR-7290,2607.74,cash withdrawal,CAD
CA00010382,2025-02-28,BR008,C501554,TLR-8429,2502.11,cash deposit,CAD
CA00017449,2025-02-05,BR040,C500618,TLR-3827,1388.6,cash withdrawal,CAD
CA00012149,2025-02-17,BR017,C502413,TLR-1394,1201.79,cash withdrawal,CAD
CA00015964,2025-02-28,BR036,C500855,TLR-9348,3394.17,cash deposit,CAD
CA00014496,2025-02-22,BR030,C500149,TLR-4828,1020.64,cash deposit,CAD
CA00015498,2025-02-06,BR035,C502268,TLR-2928,2872.17,cash deposit,CAD
CA00014283,2025-02-21,BR029,C500179,TLR-2581,2390.94,cash deposit,CAD
CA00014382,2025-02-18,BR029,C501268,TLR-5406,1693.34,cash withdrawal,CAD
CA00009852,2025-02-17,BR006,C502152,TLR-6321,1063.61,cash withdrawal,CAD
CA00008850,2025-02-09,BR001,C501807,TLR-6900,602.86,cash deposit,CAD
CA00014083,2025-02-21,BR027,C503720,TLR-1317,1187.01,cash withdrawal,CAD
CA00016898,2025-02-17,BR040,C503004,TLR-1796,588.41,cash withdrawal,CAD
CA00013597,2025-02-19,BR025,C500675,TLR-2899,2210.79,cash deposit,CAD
CA00012507,2025-02-06,BR019,C502621,TLR-6086,4343.21,cash deposit,CAD
CA00015886,2025-02-12,BR036,C503273,TLR-6995,278.49,cash withdrawal,CAD
CA00013710,2025-02-28,BR026,C503613,TLR-7225,543.33,cash deposit,CAD
CA00010175,2025-02-10,BR007,C502652,TLR-5493,2565.76,cash deposit,CAD
CA00009834,2025-02-19,BR006,C500205,TLR-7953,327.58,cash withdrawal,CAD
CA00011476,2025-02-02,BR015,C501942,TLR-9573,1254.45,cash deposit,CAD
CA00017066,2025-02-04,BR040,C500514,TLR-8887,1897.38,cash deposit,CAD
CA00010412,2025-02-01,BR008,C500075,TLR-4352,502.4,cash withdrawal,CAD
CA00011241,2025-02-09,BR014,C501188,TLR-7863,1093.78,cash deposit,CAD
CA00011380,2025-02-10,BR014,C501159,TLR-1773,726.49,cash deposit,CAD
CA00013838,2025-02-26,BR026,C500408,TLR-8121,-357.44,cash withdrawal,CAD
CA00010461,2025-02-24,BR008,C502527,TLR-3130,1504.64,cash withdrawal,CAD
CA00014686,2025-02-19,BR030,C501862,TLR-3356,733.51,cash withdrawal,CAD
CA00013076,2025-02-21,BR023,C500065,TLR-5040,993.89,cash deposit,CAD
CA00013305,2025-02-18,BR024,C502970,TLR-4303,764.67,cash withdrawal,CAD
CA00014327,2025-02-14,BR029,C502250,TLR-4730,608.43,cash deposit,CAD
CA00017361,2025-02-26,BR040,C502216,TLR-9689,1011.17,cash deposit,CAD
CA00011512,2025-02-18,BR015,C502253,TLR-8940,1141.67,cash deposit,CAD
CA00017198,2025-02-22,BR040,C500283,TLR-1971,737.97,cash deposit,CAD
CA00015087,2025-02-13,BR032,C501367,TLR-1182,685.54,cash withdrawal,CAD
CA00011600,2025-02-02,BR015,C502317,TLR-2383,511.81,cash withdrawal,CAD
CA00016160,2025-02-24,BR037,C503135,TLR-4645,1577.76,cash deposit,CAD
CA00014574,2025-02-24,BR030,C503432,TLR-1000,1020.67,cash withdrawal,CAD
CA00016817,2025-02-10,BR040,C500227,TLR-5861,1056.61,cash deposit,CAD
CA00014225,2025-02-27,BR028,C502989,TLR-4134,1427.85,cash deposit,CAD
CA00015688,2025-02-28,BR035,C501187,TLR-4424,898.08,cash withdrawal,CAD
CA00011211,2025-02-09,BR013,C503416,TLR-1200,735.77,cash deposit,CAD
CA00009107,2025-02-02,BR002,C501822,TLR-7079,-903.61,cash withdrawal,CAD
CA00013877,2025-02-05,BR026,C501470,TLR-4418,1831.07,cash deposit,CAD
CA00008908,2025-02-07,BR001,C502440,TLR-1936,842.32,cash deposit,CAD
CA00012994,2025-02-26,BR022,C503501,TLR-1275,234.69,cash deposit,CAD
CA00013812,2025-02-14,BR026,C500354,TLR-9286,-840.96,cash withdrawal,CAD
CA00010625,2025-02-18,BR009,C503512,TLR-5096,1517.08,cash withdrawal,CAD
CA00013447,2025-02-26,BR025,C501766,TLR-3054,-326.15,cash withdrawal,CAD
CA00010887,2025-02-04,BR011,C502104,TLR-9306,2214.41,cash deposit,CAD
CA00011043,2025-02-12,BR012,C503723,TLR-9883,1208.0,cash deposit,CAD
CA00017468,2025-02-04,BR040,C501972,TLR-8012,1785.27,cash deposit,CAD
CA00012119,2025-02-06,BR017,C501530,TLR-3369,366.59,cash withdrawal,CAD
CA00011164,2025-02-03,BR013,C503160,TLR-5397,2160.29,cash deposit,CAD
CA00016486,2025-02-28,BR039,C500615,TLR-8158,1941.95,cash deposit,CAD
CA00009444,2025-02-26,BR004,C501337,TLR-7899,709.27,cash deposit,CAD
CA00011912,2025-02-20,BR016,C501795,TLR-3751,1701.59,cash withdrawal,CAD
CA00012203,2025-02-17,BR018,C500919,TLR-1683,724.54,cash deposit,CAD
CA00017303,2025-02-23,BR040,C503105,TLR-2873,625.54,cash deposit,CAD
CA00015129,2025-02-12,BR033,C503448,TLR-9826,917.26,cash withdrawal,CAD
CA00013219,2025-02-16,BR024,C501292,TLR-8238,10377.12,cash withdrawal,CAD
CA00008712,2025-02-27,BR001,C500236,TLR-5698,737.62,cash withdrawal,CAD
CA00014885,2025-02-28,BR031,C501121,TLR-2012,462.53,cash withdrawal,CAD
CA00013269,2025-02-26,BR024,C503592,TLR-5630,1765.19,cash withdrawal,CAD
CA00011542,2025-02-16,BR015,C502584,TLR-3999,2187.78,cash withdrawal,CAD
CA00011712,2025-02-23,BR015,C502311,TLR-8746,1275.21,cash withdrawal,CAD
CA00009499,2025-02-19,BR004,C502102,TLR-2864,1007.61,cash withdrawal,CAD
CA00011899,2025-02-03,BR016,C500415,TLR-6620,885.0,cash withdrawal,CAD
CA00014203,2025-02-03,BR028,C502340,TLR-5144,1054.2,cash withdrawal,CAD
CA00012872,2025-02-22,BR021,C502439,TLR-1553,572.17,cash withdrawal,CAD
CA00011924,2025-02-28,BR016,C502415,TLR-8188,672.14,cash deposit,CAD
CA00009929,2025-02-17,BR006,C503745,TLR-5572,1130.57,cash withdrawal,CAD
CA00013618,2025-02-11,BR025,C501540,TLR-8692,856.24,cash deposit,CAD
CA00012468,2025-02-26,BR019,C500767,TLR-9443,731.72,cash deposit,CAD
CA00013948,2025-02-01,BR027,C503606,TLR-6551,252.0,cash deposit,CAD
CA00014293,2025-02-28,BR029,C503150,TLR-7134,574.93,cash deposit,CAD
CA00017458,2025-02-11,BR040,C500637,TLR-9112,1219.16,cash deposit,CAD
CA00010491,2025-02-22,BR008,C502878,TLR-7666,684.48,cash deposit,CAD
CA00017059,2025-02-28,BR040,C501615,TLR-9154,815.01,cash deposit,CAD
CA00016672,2025-02-02,BR040,C502382,TLR-9189,222.52,cash deposit,CAD
CA00010058,2025-02-14,BR006,C502641,TLR-5069,1530.03,cash withdrawal,CAD
CA00010400,2025-02-20,BR008,C503566,TLR-7293,1118.95,cash withdrawal,CAD
CA00009650,2025-02-11,BR004,C502583,TLR-2851,2543.68,cash withdrawal,CAD
CA00013740,2025-02-26,BR026,C501672,TLR-2282,-449.62,cash withdrawal,CAD
CA00017649,2025-02-02,BR040,C502332,TLR-9862,1313.62,cash deposit,CAD
CA00008835,2025-02-18,BR001,C502037,TLR-4707,685.4,cash withdrawal,CAD
CA00009810,2025-02-02,BR006,C500862,TLR-3709,720.13,cash withdrawal,CAD
CA00008947,2025-02-10,BR001,C501314,TLR-9086,1907.17,cash withdrawal,CAD
CA00014613,2025-02-15,BR030,C501475,TLR-1658,407.05,cash withdrawal,CAD
CA00013053,2025-02-16,BR023,C500930,TLR-5495,916.96,cash deposit,CAD
CA00008964,2025-02-11,BR001,C500046,TLR-6266,795.0,cash deposit,CAD
CA00013771,2025-02-08,BR026,C502397,TLR-6106,-591.93,cash withdrawal,CAD
CA00016419,2025-02-14,BR038,C503075,TLR-2987,1270.1,cash withdrawal,CAD
CA00011623,2025-02-11,BR015,C503614,TLR-5801,1846.2,cash withdrawal,CAD
CA00013125,2025-02-07,BR023,C502538,TLR-7481,962.9,cash deposit,CAD
CA00017399,2025-02-15,BR040,C501017,TLR-6869,463.29,cash deposit,CAD
CA00016518,2025-02-01,BR039,C502578,TLR-8447,553.41,cash deposit,CAD
CA00015321,2025-02-23,BR034,C501305,TLR-4224,1538.73,cash withdrawal,CAD
CA00008901,2025-02-06,BR001,C500106,TLR-4066,371.1,cash deposit,CAD
CA00011083,2025-02-08,BR012,C503353,TLR-6942,2700.95,cash deposit,CAD
CA00012767,2025-02-07,BR021,C501529,TLR-3029,1526.67,cash deposit,CAD
CA00010091,2025-02-05,BR007,C500468,TLR-5356,977.7,cash withdrawal,CAD
CA00010711,2025-02-26,BR010,C503569,TLR-8456,1176.91,cash withdrawal,CAD
CA00008929,2025-02-24,BR001,C503776,TLR-3753,4714.56,cash deposit,CAD
CA00011839,2025-02-22,BR016,C503211,TLR-4727,1345.13,cash deposit,CAD
CA00010391,2025-02-01,BR008,C500320,TLR-5235,2257.51,cash deposit,CAD
CA00008970,2025-02-02,BR001,C503030,TLR-4364,2645.78,cash deposit,CAD
CA00015710,2025-02-09,BR036,C501772,TLR-6559,852.77,cash deposit,CAD
CA00015455,2025-02-14,BR035,C501320,TLR-5236,839.86,cash deposit,CAD
CA00013175,2025-02-04,BR024,C500129,TLR-2390,680.06,cash withdrawal,CAD
CA00010508,2025-02-11,BR008,C502544,TLR-1480,1377.01,cash withdrawal,CAD
CA00013361,2025-02-22,BR024,C501449,TLR-7023,695.55,cash withdrawal,CAD
CA00008920,2025-02-28,BR001,C502239,TLR-6755,2656.49,cash withdrawal,CAD
CA00014418,2025-02-02,BR030,C500768,TLR-7289,3184.54,cash withdrawal,CAD
CA00012366,2025-02-27,BR019,C500467,TLR-4996,1925.69,cash deposit,CAD
CA00016040,2025-02-21,BR037,C502315,TLR-8793,400.63,cash withdrawal,CAD
CA00012235,2025-02-20,BR018,C501188,TLR-3129,1218.59,cash withdrawal,CAD
CA00009157,2025-02-06,BR002,C503522,TLR-2990,1091.1,cash deposit,CAD
CA00016998,2025-02-05,BR040,C503298,TLR-1412,651.32,cash deposit,CAD
CA00017631,2025-02-26,BR040,C500340,TLR-8399,627.36,cash deposit,CAD
CA00014261,2025-02-17,BR029,C502090,TLR-3179,386.05,cash withdrawal,CAD
CA00010852,2025-02-07,BR011,C500929,TLR-6988,808.61,cash withdrawal,CAD
CA00014750,2025-02-09,BR031,C502475,TLR-9286,500.18,cash deposit,CAD
CA00015335,2025-02-26,BR034,C500419,TLR-2198,2419.85,cash withdrawal,CAD
CA00013936,2025-02-16,BR027,C503165,TLR-6412,402.05,cash withdrawal,CAD
CA00013796,2025-02-07,BR026,C503865,TLR-2334,-1557.92,cash withdrawal,CAD
CA00012936,2025-02-17,BR021,C500169,TLR-9710,1312.52,cash deposit,CAD
CA00016924,2025-02-11,BR040,C500777,TLR-3887,2214.24,cash withdrawal,CAD
CA00013953,2025-02-04,BR027,C501438,TLR-1849,1937.83,cash withdrawal,CAD
CA00012408,2025-02-28,BR019,C501156,TLR-1563,1168.76,cash deposit,CAD
CA00011865,2025-02-27,BR016,C500089,TLR-8044,1028.93,cash deposit,CAD
CA00013566,2025-02-03,BR025,C501534,TLR-3323,1085.92,cash deposit,CAD
CA00015529,2025-02-18,BR035,C501935,TLR-6923,1181.13,cash deposit,CAD
CA00011188,2025-02-17,BR013,C501999,TLR-3531,446.84,cash withdrawal,CAD
CA00014498,2025-02-22,BR030,C500906,TLR-4328,1084.14,cash deposit,CAD
CA00009497,2025-02-19,BR004,C501175,TLR-1681,2271.0,cash withdrawal,CAD
CA00014419,2025-02-17,BR030,C501903,TLR-2947,1843.83,cash deposit,CAD
CA00014470,2025-02-02,BR030,C501093,TLR-7486,1358.17,cash deposit,CAD
CA00013899,2025-02-11,BR026,C503452,TLR-4479,-900.37,cash withdrawal,CAD
CA00013644,2025-02-12,BR025,C502952,TLR-2717,-279.63,cash withdrawal,CAD
CA00009958,2025-02-21,BR006,C503998,TLR-1820,1118.05,cash withdrawal,CAD
CA00017000,2025-02-15,BR040,C500931,TLR-9707,523.13,cash withdrawal,CAD
CA00016420,2025-02-06,BR038,C500577,TLR-7399,848.1,cash withdrawal,CAD
CA00014667,2025-02-13,BR030,C501872,TLR-7996,2723.79,cash deposit,CAD
CA00016322,2025-02-18,BR038,C502032,TLR-8278,456.59,cash deposit,CAD
CA00014610,2025-02-13,BR030,C500642,TLR-8192,1146.64,cash withdrawal,CAD
CA00010481,2025-02-06,BR008,C501015,TLR-3217,913.72,cash deposit,CAD
CA00010085,2025-02-24,BR007,C502327,TLR-9701,4418.61,cash deposit,CAD
CA00010046,2025-02-26,BR006,C500724,TLR-8886,259.96,cash deposit,CAD
CA00014091,2025-02-05,BR027,C500196,TLR-8264,9534.79,cash withdrawal,CAD
CA00011382,2025-02-16,BR014,C501579,TLR-1778,777.39,cash withdrawal,CAD
CA00014284,2025-02-13,BR029,C503589,TLR-9430,4401.26,cash withdrawal,CAD
CA00012605,2025-02-22,BR020,C501290,TLR-2403,585.33,cash withdrawal,USD
CA00014223,2025-02-14,BR028,C503627,TLR-4573,748.09,cash withdrawal,CAD
CA00013187,2025-02-15,BR024,C500915,TLR-8333,1169.58,cash withdrawal,CAD
CA00016599,2025-02-07,BR039,C500904,TLR-9067,383.53,cash deposit,CAD
CA00015014,2025-02-16,BR032,C503871,TLR-8240,470.28,cash deposit,CAD
CA00016526,2025-02-21,BR039,C503085,TLR-3764,2929.76,cash withdrawal,CAD
CA00014805,2025-02-15,BR031,C502711,TLR-6535,3436.99,cash deposit,CAD
CA00009720,2025-02-20,BR005,C500946,TLR-9379,1774.33,cash withdrawal,CAD
CA00016716,2025-02-18,BR040,C503947,TLR-3929,598.69,cash deposit,CAD
CA00016592,2025-02-25,BR039,C503760,TLR-8832,872.66,cash withdrawal,CAD
CA00013047,2025-02-19,BR023,C501107,TLR-1056,3686.04,cash withdrawal,CAD
CA00017316,2025-02-27,BR040,C503183,TLR-8685,659.32,cash deposit,CAD
CA00009438,2025-02-07,BR004,C503487,TLR-8225,723.3,cash deposit,CAD
CA00015238,2025-02-23,BR033,C503141,TLR-9494,1553.15,cash deposit,CAD
CA00012243,2025-02-14,BR018,C500904,TLR-2150,970.25,cash deposit,CAD
CA00014535,2025-02-27,BR030,C500637,TLR-4667,473.17,cash deposit,CAD
CA00010570,2025-02-03,BR009,C501565,TLR-5801,2229.93,cash withdrawal,CAD
CA00013564,2025-02-07,BR025,C503346,TLR-2577,-1494.57,cash withdrawal,CAD
CA00017604,2025-02-09,BR040,C500599,TLR-2026,1670.56,cash deposit,CAD
CA00017415,2025-02-19,BR040,C501271,TLR-9538,1135.08,cash withdrawal,CAD
CA00017632,2025-02-20,BR040,C500932,TLR-5619,1055.35,cash withdrawal,CAD
CA00008718,2025-02-16,BR001,C500682,TLR-9088,545.75,cash withdrawal,CAD
CA00017272,2025-02-14,BR040,C501343,TLR-2676,920.03,cash withdrawal,CAD
CA00010950,2025-02-07,BR012,C503984,TLR-5024,773.33,cash withdrawal,CAD
CA00014136,2025-02-14,BR028,C502153,TLR-3048,393.45,cash withdrawal,CAD
CA00011224,2025-02-19,BR013,C501875,TLR-4364,1161.26,cash deposit,CAD
CA00011972,2025-02-23,BR017,C500480,TLR-4353,1107.05,cash withdrawal,CAD
CA00011412,2025-02-21,BR014,C501198,TLR-8184,6313.97,cash deposit,CAD
CA00012333,2025-02-01,BR019,C501931,TLR-4116,3272.37,cash withdrawal,CAD
CA00011590,2025-02-19,BR015,C502036,TLR-7755,533.91,cash deposit,CAD
CA00015924,2025-02-05,BR036,C502207,TLR-2878,1592.38,cash withdrawal,CAD
CA00016597,2025-02-07,BR039,C500566,TLR-3556,1468.16,cash deposit,CAD
CA00009860,2025-02-08,BR006,C500279,TLR-4726,522.37,cash withdrawal,CAD
CA00009085,2025-02-28,BR002,C501048,TLR-5471,286.61,cash deposit,CAD
CA00015495,2025-02-19,BR035,C503308,TLR-4074,1445.69,cash deposit,CAD
CA00013246,2025-02-15,BR024,C501493,TLR-2079,421.31,cash deposit,CAD
CA00011908,2025-02-24,BR016,C503595,TLR-7476,381.74,cash deposit,CAD
CA00017411,2025-02-13,BR040,C500164,TLR-6620,711.01,cash withdrawal,CAD
CA00013557,2025-02-04,BR025,C501990,TLR-5293,-298.21,cash withdrawal,CAD
CA00015177,2025-02-24,BR033,C503551,TLR-7375,511.39,cash withdrawal,CAD
CA00011968,2025-02-24,BR017,C502602,TLR-5248,1005.16,cash deposit,CAD
CA00012052,2025-02-04,BR017,C501058,TLR-1297,830.1,cash withdrawal,CAD
CA00013455,2025-02-10,BR025,C503523,TLR-2963,1171.87,cash deposit,CAD
CA00011038,2025-02-22,BR012,C503605,TLR-9645,495.73,cash withdrawal,CAD
CA00014739,2025-02-28,BR031,C503781,TLR-7860,1306.22,cash withdrawal,CAD
CA00010029,2025-02-27,BR006,C502123,TLR-5431,1119.5,cash deposit,CAD
CA00008836,2025-02-23,BR001,C503114,TLR-2046,1113.14,cash withdrawal,CAD
CA00009510,2025-02-09,BR004,C502016,TLR-5072,921.39,cash withdrawal,CAD
CA00011100,2025-02-23,BR012,C501391,TLR-4599,669.0,cash deposit,CAD
CA00012500,2025-02-26,BR019,C502799,TLR-6168,355.84,cash withdrawal,CAD
CA00016994,2025-02-03,BR040,C502732,TLR-6056,583.88,cash deposit,CAD
CA00011500,2025-02-11,BR015,C503979,TLR-2189,1493.5,cash deposit,CAD
CA00017263,2025-02-14,BR040,C500183,TLR-5446,1077.37,cash withdrawal,CAD
CA00009585,2025-02-13,BR004,C500313,TLR-6649,550.23,cash deposit,CAD
CA00013356,2025-02-27,BR024,C502622,TLR-7849,1076.5,cash withdrawal,CAD
CA00009299,2025-02-09,BR003,C502834,TLR-7221,332.77,cash withdrawal,CAD
CA00012073,2025-02-20,BR017,C503309,TLR-2172,1795.26,cash withdrawal,CAD
CA00012609,2025-02-25,BR020,C501210,TLR-9993,1795.78,cash withdrawal,USD
CA00011325,2025-02-07,BR014,C503441,TLR-8846,1214.77,cash deposit,CAD
CA00014818,2025-02-01,BR031,C501806,TLR-1148,860.44,cash withdrawal,CAD
CA00011622,2025-02-17,BR015,C502005,TLR-7885,3363.69,cash deposit,CAD
CA00017404,2025-02-07,BR040,C503954,TLR-8843,1387.28,cash deposit,CAD
CA00011845,2025-02-14,BR016,C503605,TLR-6193,4215.07,cash withdrawal,CAD
CA00014952,2025-02-12,BR031,C500130,TLR-3333,432.4,cash deposit,CAD
CA00010977,2025-02-11,BR012,C503619,TLR-2696,1714.33,cash deposit,CAD
CA00017111,2025-02-20,BR040,C503504,TLR-8992,296.37,cash withdrawal,CAD
CA00015783,2025-02-22,BR036,C501387,TLR-7827,4250.47,cash deposit,CAD
CA00012432,2025-02-17,BR019,C503786,TLR-6220,1042.09,cash deposit,CAD
CA00016698,2025-02-20,BR040,C502320,TLR-3089,2201.19,cash deposit,CAD
CA00009805,2025-02-02,BR006,C503200,TLR-8585,535.85,cash deposit,CAD
CA00009082,2025-02-26,BR002,C501428,TLR-2921,654.99,cash deposit,CAD
CA00009435,2025-02-18,BR004,C503269,TLR-4236,2504.7,cash withdrawal,CAD
CA00010144,2025-02-21,BR007,C501793,TLR-4896,559.68,cash withdrawal,CAD
CA00011663,2025-02-18,BR015,C500548,TLR-8605,1543.22,cash withdrawal,CAD
CA00008739,2025-02-26,BR001,C501558,TLR-7116,654.87,cash deposit,CAD
CA00010418,2025-02-12,BR008,C503477,TLR-6230,2116.29,cash deposit,CAD
CA00012276,2025-02-13,BR018,C500925,TLR-5064,1920.91,cash deposit,CAD
CA00014394,2025-02-16,BR030,C503576,TLR-7440,1035.26,cash withdrawal,CAD
CA00009409,2025-02-18,BR003,C500740,TLR-1902,567.71,cash withdrawal,CAD
CA00013548,2025-02-16,BR025,C501781,TLR-7439,-550.46,cash withdrawal,CAD
CA00008857,2025-02-03,BR001,C500205,TLR-8203,735.33,cash withdrawal,CAD
CA00012317,2025-02-09,BR019,C501309,TLR-5902,3261.05,cash withdrawal,CAD
CA00017366,2025-02-15,BR040,C501835,TLR-6771,1436.78,cash deposit,CAD
CA00016683,2025-02-08,BR040,C502976,TLR-4367,1448.59,cash withdrawal,CAD
CA00014364,2025-02-21,BR029,C502229,TLR-3010,1791.44,cash deposit,CAD
CA00014041,2025-02-12,BR027,C500164,TLR-7288,1141.3,cash deposit,CAD
CA00011337,2025-02-26,BR014,C503236,TLR-6009,489.09,cash deposit,CAD
CA00013326,2025-02-28,BR024,C500503,TLR-4980,1326.22,cash deposit,CAD
CA00010751,2025-02-26,BR010,C501244,TLR-6777,644.29,cash deposit,CAD
CA00010432,2025-02-22,BR008,C503471,TLR-1075,1560.9,cash withdrawal,CAD
CA00017044,2025-02-09,BR040,C503115,TLR-4266,1900.72,cash withdrawal,CAD
CA00015628,2025-02-19,BR035,C503838,TLR-7207,610.59,cash withdrawal,CAD
CA00013233,2025-02-01,BR024,C502387,TLR-8526,975.25,cash deposit,CAD
CA00017174,2025-02-04,BR040,C503634,TLR-4764,694.26,cash deposit,CAD
CA00014729,2025-02-05,BR031,C500934,TLR-1205,207.8,cash deposit,CAD
CA00013996,2025-02-01,BR027,C503797,TLR-2154,1837.32,cash withdrawal,CAD
CA00009025,2025-02-23,BR002,C503420,TLR-6986,-302.38,cash withdrawal,CAD
CA00009578,2025-02-16,BR004,C502081,TLR-9145,1210.35,cash withdrawal,CAD
CA00009278,2025-02-07,BR003,C503767,TLR-8333,607.72,cash withdrawal,CAD
CA00016478,2025-02-28,BR039,C503318,TLR-4927,1251.1,cash deposit,CAD
CA00014650,2025-02-06,BR030,C500286,TLR-2108,2019.98,cash deposit,CAD
CA00010290,2025-02-13,BR008,C502778,TLR-2903,2604.15,cash withdrawal,CAD
CA00010899,2025-02-20,BR011,C501504,TLR-9860,790.31,cash withdrawal,CAD
CA00015796,2025-02-16,BR036,C503812,TLR-6583,899.4,cash withdrawal,CAD
CA00015391,2025-02-04,BR034,C503230,TLR-5259,470.55,cash withdrawal,CAD
CA00013210,2025-02-04,BR024,C503201,TLR-4504,1520.2,cash withdrawal,CAD
CA00014936,2025-02-23,BR031,C501836,TLR-8507,2684.39,cash deposit,CAD
CA00008766,2025-02-17,BR001,C503376,TLR-7827,692.15,cash deposit,CAD
CA00014554,2025-02-03,BR030,C503311,TLR-4106,1107.15,cash deposit,CAD
CA00010731,2025-02-20,BR010,C502134,TLR-5313,969.49,cash withdrawal,CAD
CA00014318,2025-02-06,BR029,C503307,TLR-8858,1131.2,cash withdrawal,CAD
CA00015503,2025-02-06,BR035,C500459,TLR-1727,2386.72,cash withdrawal,CAD
CA00016050,2025-02-14,BR037,C501887,TLR-6399,178.81,cash deposit,CAD
CA00009231,2025-02-07,BR003,C502335,TLR-9376,246.84,cash deposit,CAD
CA00009532,2025-02-25,BR004,C503055,TLR-2906,1501.89,cash withdrawal,CAD
CA00014785,2025-02-20,BR031,C502211,TLR-5192,726.03,cash withdrawal,CAD
CA00010760,2025-02-22,BR010,C503171,TLR-3439,856.16,cash deposit,CAD
CA00011510,2025-02-18,BR015,C503798,TLR-1481,2495.31,cash deposit,CAD
CA00015416,2025-02-18,BR034,C503494,TLR-4717,1518.24,cash deposit,CAD
CA00011888,2025-02-24,BR016,C503312,TLR-4219,889.06,cash withdrawal,CAD
CA00011450,2025-02-25,BR015,C501007,TLR-3159,1823.96,cash deposit,CAD
CA00009217,2025-02-19,BR003,C502830,TLR-9424,1583.98,cash deposit,CAD
CA00009733,2025-02-22,BR005,C501360,TLR-3974,1210.42,cash withdrawal,CAD
CA00009603,2025-02-26,BR004,C500610,TLR-6373,2573.34,cash withdrawal,CAD
CA00017340,2025-02-17,BR040,C502774,TLR-1761,476.4,cash withdrawal,CAD
CA00014173,2025-02-14,BR028,C502725,TLR-8103,1636.87,cash deposit,CAD
CA00011692,2025-02-19,BR015,C503617,TLR-6413,933.2,cash deposit,CAD
CA00011341,2025-02-26,BR014,C502356,TLR-1222,988.29,cash deposit,CAD
CA00011844,2025-02-06,BR016,C503831,TLR-4728,1196.46,cash withdrawal,CAD
CA00010317,2025-02-06,BR008,C501566,TLR-4977,1037.92,cash deposit,CAD
CA00013399,2025-02-03,BR024,C500835,TLR-4733,1090.08,cash withdrawal,CAD
CA00008931,2025-02-24,BR001,C502360,TLR-2418,577.16,cash withdrawal,CAD
CA00016083,2025-02-28,BR037,C501310,TLR-7928,2487.99,cash deposit,CAD
CA00013801,2025-02-20,BR026,C502310,TLR-3117,-675.08,cash withdrawal,CAD
CA00012953,2025-02-08,BR021,C503451,TLR-7270,721.0,cash deposit,CAD
CA00015254,2025-02-02,BR033,C502862,TLR-6864,2693.39,cash deposit,CAD
CA00016772,2025-02-17,BR040,C500999,TLR-1438,459.34,cash deposit,CAD
CA00016737,2025-02-23,BR040,C501069,TLR-5732,528.32,cash withdrawal,CAD
CA00011995,2025-02-26,BR017,C500230,TLR-5120,590.36,cash withdrawal,CAD
CA00010839,2025-02-18,BR010,C500896,TLR-9055,1556.18,cash deposit,CAD
CA00016742,2025-02-24,BR040,C501541,TLR-1610,673.38,cash deposit,CAD
CA00010652,2025-02-28,BR010,C501789,TLR-2227,751.02,cash withdrawal,CAD
CA00010773,2025-02-21,BR010,C502431,TLR-5179,974.46,cash withdrawal,CAD
CA00013594,2025-02-27,BR025,C503028,TLR-1891,317.36,cash deposit,CAD
CA00012615,2025-02-05,BR020,C500804,TLR-9274,370.48,cash withdrawal,USD
CA00017293,2025-02-26,BR040,C500903,TLR-1771,1286.04,cash deposit,CAD
CA00010803,2025-02-18,BR010,C500909,TLR-3411,3602.52,cash withdrawal,CAD
CA00008786,2025-02-06,BR001,C501553,TLR-3802,628.63,cash deposit,CAD
CA00014918,2025-02-06,BR031,C500657,TLR-7299,630.45,cash withdrawal,CAD
CA00012954,2025-02-27,BR022,C500772,TLR-1941,1549.0,cash deposit,CAD
CA00009086,2025-02-25,BR002,C501788,TLR-4383,1746.44,cash deposit,CAD
CA00013050,2025-02-25,BR023,C500083,TLR-3877,301.38,cash withdrawal,CAD
CA00012698,2025-02-26,BR020,C501737,TLR-7637,463.88,cash withdrawal,USD
CA00013556,2025-02-25,BR025,C501389,TLR-9083,-969.87,cash withdrawal,CAD
CA00015709,2025-02-06,BR036,C502926,TLR-1613,451.84,cash deposit,CAD
CA00012540,2025-02-22,BR019,C501148,TLR-6396,712.48,cash deposit,CAD
CA00011273,2025-02-25,BR014,C502467,TLR-5307,1565.47,cash deposit,CAD
CA00010276,2025-02-21,BR007,C502619,TLR-8028,5827.69,cash withdrawal,CAD
CA00015120,2025-02-19,BR033,C501769,TLR-3757,1836.19,cash deposit,CAD
CA00015641,2025-02-10,BR035,C502791,TLR-7031,1734.62,cash deposit,CAD
CA00010292,2025-02-17,BR008,C502079,TLR-2358,3660.52,cash deposit,CAD
CA00014813,2025-02-08,BR031,C503948,TLR-9117,645.82,cash deposit,CAD
CA00016031,2025-02-03,BR037,C503632,TLR-3370,606.92,cash withdrawal,CAD
CA00012512,2025-02-06,BR019,C500015,TLR-7848,680.67,cash deposit,CAD
CA00013134,2025-02-08,BR023,C501461,TLR-3591,1154.79,cash deposit,CAD
CA00010428,2025-02-01,BR008,C503478,TLR-2825,713.61,cash withdrawal,CAD
CA00015150,2025-02-11,BR033,C502690,TLR-3296,568.79,cash deposit,CAD
CA00009348,2025-02-19,BR003,C501549,TLR-1410,787.98,cash withdrawal,CAD
CA00015234,2025-02-23,BR033,C501455,TLR-8294,1093.66,cash withdrawal,CAD
CA00013012,2025-02-21,BR022,C503690,TLR-7241,2045.44,cash withdrawal,CAD
CA00014735,2025-02-11,BR031,C501167,TLR-8680,1236.76,cash deposit,CAD
CA00015610,2025-02-01,BR035,C502445,TLR-8520,658.34,cash deposit,CAD
CA00010587,2025-02-15,BR009,C503219,TLR-3685,2459.87,cash withdrawal,CAD
CA00012217,2025-02-24,BR018,C502535,TLR-8543,837.8,cash withdrawal,CAD
CA00017663,2025-02-18,BR040,C501460,TLR-6777,333.08,cash withdrawal,CAD
CA00017654,2025-02-11,BR040,C500248,TLR-1681,566.72,cash withdrawal,CAD
CA00015485,2025-02-01,BR035,C503878,TLR-8278,389.78,cash deposit,CAD
CA00014066,2025-02-03,BR027,C502570,TLR-6509,1276.03,cash withdrawal,CAD
CA00012624,2025-02-23,BR020,C501189,TLR-4930,1154.39,cash deposit,USD
CA00015205,2025-02-18,BR033,C501445,TLR-6092,762.81,cash deposit,CAD
CA00011458,2025-02-04,BR015,C500487,TLR-9794,393.72,cash deposit,CAD
CA00016846,2025-02-03,BR040,C501557,TLR-7596,1404.26,cash deposit,CAD
CA00009232,2025-02-23,BR003,C503626,TLR-4423,2546.14,cash withdrawal,CAD
CA00016956,2025-02-25,BR040,C501406,TLR-6121,583.84,cash withdrawal,CAD
CA00015540,2025-02-02,BR035,C502920,TLR-2631,1445.14,cash withdrawal,CAD
CA00016203,2025-02-02,BR037,C500667,TLR-3968,692.4,cash deposit,CAD
CA00011519,2025-02-26,BR015,C501416,TLR-9917,867.25,cash deposit,CAD
CA00015970,2025-02-03,BR036,C502646,TLR-7194,2760.67,cash withdrawal,CAD
CA00013207,2025-02-06,BR024,C500765,TLR-1803,264.15,cash withdrawal,CAD
CA00009670,2025-02-09,BR004,C502174,TLR-9921,1196.06,cash withdrawal,CAD
CA00016614,2025-02-08,BR039,C500577,TLR-4315,702.78,cash deposit,CAD
CA00012252,2025-02-23,BR018,C501188,TLR-5587,1199.22,cash withdrawal,CAD
CA00012092,2025-02-25,BR017,C502223,TLR-1176,964.03,cash withdrawal,CAD
CA00014184,2025-02-26,BR028,C501765,TLR-8164,1818.41,cash deposit,CAD
CA00010874,2025-02-10,BR011,C500359,TLR-4635,1879.43,cash deposit,CAD
CA00014717,2025-02-06,BR031,C503397,TLR-8922,1169.16,cash withdrawal,CAD
CA00011544,2025-02-06,BR015,C502650,TLR-6723,814.43,cash withdrawal,CAD
CA00012108,2025-02-05,BR017,C503237,TLR-9890,235.07,cash withdrawal,CAD
CA00013974,2025-02-24,BR027,C501867,TLR-1810,271.48,cash withdrawal,CAD
CA00011143,2025-02-01,BR013,C500940,TLR-4863,901.52,cash withdrawal,CAD
CA00011481,2025-02-26,BR015,C503019,TLR-8630,788.79,cash deposit,CAD
CA00016504,2025-02-21,BR039,C500906,TLR-7356,1239.22,cash withdrawal,CAD
CA00016034,2025-02-28,BR037,C500966,TLR-7419,209.9,cash withdrawal,CAD
CA00012480,2025-02-06,BR019,C503486,TLR-7505,1351.97,cash deposit,CAD
CA00010444,2025-02-08,BR008,C503457,TLR-8444,1722.08,cash withdrawal,CAD
CA00011467,2025-02-06,BR015,C501381,TLR-2054,853.5,cash deposit,CAD
CA00017431,2025-02-10,BR040,C501975,TLR-4607,1351.29,cash deposit,CAD
CA00012467,2025-02-03,BR019,C502717,TLR-6854,1165.33,cash deposit,CAD
CA00017236,2025-02-27,BR040,C503493,TLR-1168,693.26,cash withdrawal,CAD
CA00016754,2025-02-16,BR040,C503249,TLR-2088,1160.78,cash withdrawal,CAD
CA00016343,2025-02-01,BR038,C501740,TLR-4009,424.19,cash withdrawal,CAD
CA00013217,2025-02-24,BR024,C503505,TLR-6114,2374.94,cash withdrawal,CAD
CA00012469,2025-02-01,BR019,C502326,TLR-7822,1033.84,cash withdrawal,CAD
CA00011857,2025-02-14,BR016,C500848,TLR-5904,1046.37,cash withdrawal,CAD
CA00015675,2025-02-05,BR035,C503410,TLR-3249,1938.9,cash deposit,CAD
CA00009587,2025-02-11,BR004,C503930,TLR-2234,688.57,cash deposit,CAD
CA00013599,2025-02-04,BR025,C503783,TLR-8422,3410.9,cash deposit,CAD
CA00015984,2025-02-16,BR037,C500008,TLR-2987,1393.68,cash withdrawal,CAD
CA00016795,2025-02-15,BR040,C503122,TLR-5501,1365.79,cash withdrawal,CAD
CA00009397,2025-02-28,BR003,C500166,TLR-3348,915.74,cash deposit,CAD
CA00008765,2025-02-05,BR001,C500891,TLR-5530,483.93,cash deposit,CAD
CA00014370,2025-02-05,BR029,C500804,TLR-7927,2325.06,cash withdrawal,CAD
CA00011652,2025-02-27,BR015,C501168,TLR-9741,887.51,cash deposit,CAD
CA00011089,2025-02-21,BR012,C503626,TLR-6604,1361.43,cash deposit,CAD
CA00015861,2025-02-21,BR036,C500697,TLR-5143,2124.73,cash withdrawal,CAD
CA00012757,2025-02-28,BR020,C501738,TLR-6429,1061.55,cash withdrawal,USD
CA00017135,2025-02-28,BR040,C501350,TLR-3790,2105.88,cash withdrawal,CAD
CA00013545,2025-02-05,BR025,C503330,TLR-1874,-932.74,cash withdrawal,CAD
CA00016119,2025-02-19,BR037,C500992,TLR-7947,1291.4,cash deposit,CAD
CA00008853,2025-02-25,BR001,C500768,TLR-8384,533.31,cash deposit,CAD
CA00009296,2025-02-04,BR003,C503662,TLR-8292,8210.21,cash deposit,CAD
CA00016494,2025-02-27,BR039,C503152,TLR-9570,3044.59,cash withdrawal,CAD
CA00010740,2025-02-18,BR010,C502750,TLR-9583,592.94,cash deposit,CAD
CA00016100,2025-02-01,BR037,C502245,TLR-3237,1142.47,cash withdrawal,CAD
CA00013962,2025-02-14,BR027,C503052,TLR-3784,3437.42,cash deposit,CAD
CA00008874,2025-02-18,BR001,C501950,TLR-8100,705.25,cash withdrawal,CAD
CA00008810,2025-02-08,BR001,C503345,TLR-1824,1114.01,cash withdrawal,CAD
CA00009391,2025-02-07,BR003,C501123,TLR-8209,712.59,cash deposit,CAD
CA00013251,2025-02-05,BR024,C500751,TLR-6337,1479.15,cash withdrawal,CAD
CA00016188,2025-02-17,BR037,C503045,TLR-4224,2838.93,cash deposit,CAD
CA00010997,2025-02-25,BR012,C502480,TLR-6837,1981.2,cash withdrawal,CAD
CA00012822,2025-02-05,BR021,C500303,TLR-4463,733.44,cash withdrawal,CAD
CA00016236,2025-02-26,BR037,C501433,TLR-5736,626.84,cash withdrawal,CAD
CA00016679,2025-02-04,BR040,C500718,TLR-1263,1586.6,cash withdrawal,CAD
CA00014967,2025-02-10,BR031,C502409,TLR-3498,884.93,cash withdrawal,CAD
CA00012836,2025-02-23,BR021,C503675,TLR-7768,2318.87,cash withdrawal,CAD
CA00011848,2025-02-10,BR016,C501033,TLR-8446,294.99,cash deposit,CAD
CA00016051,2025-02-18,BR037,C503332,TLR-9141,1425.54,cash deposit,CAD
CA00017321,2025-02-05,BR040,C500393,TLR-5502,541.65,cash withdrawal,CAD
CA00010823,2025-02-10,BR010,C503700,TLR-7875,545.6,cash deposit,CAD
CA00014344,2025-02-05,BR029,C501189,TLR-4490,843.33,cash withdrawal,CAD
CA00013464,2025-02-07,BR025,C502216,TLR-7492,699.34,cash deposit,CAD
CA00015938,2025-02-06,BR036,C500940,TLR-6334,561.93,cash withdrawal,CAD
CA00009634,2025-02-15,BR004,C503716,TLR-1198,718.47,cash deposit,CAD
CA00013631,2025-02-21,BR025,C503429,TLR-8866,536.13,cash deposit,CAD
CA00016542,2025-02-05,BR039,C501579,TLR-4013,1909.91,cash withdrawal,CAD
CA00009900,2025-02-16,BR006,C503903,TLR-1704,1896.07,cash deposit,CAD
CA00015408,2025-02-15,BR034,C501023,TLR-5271,874.8,cash deposit,CAD
CA00012451,2025-02-12,BR019,C503808,TLR-6086,747.25,cash withdrawal,CAD
CA00017381,2025-02-08,BR040,C503587,TLR-7666,524.82,cash deposit,CAD
CA00016933,2025-02-19,BR040,C501307,TLR-2703,1303.02,cash withdrawal,CAD
CA00016631,2025-02-27,BR039,C500696,TLR-7181,1663.17,cash withdrawal,CAD
CA00013605,2025-02-20,BR025,C502375,TLR-3758,-1903.3,cash withdrawal,CAD
CA00009068,2025-02-03,BR002,C501328,TLR-1849,1449.19,cash deposit,CAD
CA00010862,2025-02-10,BR011,C503724,TLR-7131,947.07,cash withdrawal,CAD
CA00013376,2025-02-07,BR024,C503468,TLR-1149,1268.77,cash deposit,CAD
CA00009233,2025-02-04,BR003,C502982,TLR-2977,1569.52,cash deposit,CAD
CA00009012,2025-02-19,BR002,C500105,TLR-2393,-852.63,cash withdrawal,CAD
CA00011091,2025-02-19,BR012,C503064,TLR-3010,1347.04,cash deposit,CAD
CA00016999,2025-02-17,BR040,C500254,TLR-6131,882.35,cash deposit,CAD
CA00012860,2025-02-21,BR021,C502461,TLR-3775,2512.78,cash deposit,CAD
CA00011418,2025-02-25,BR014,C500638,TLR-4919,884.99,cash deposit,CAD
CA00013191,2025-02-18,BR024,C500971,TLR-7489,3253.19,cash withdrawal,CAD
CA00015923,2025-02-13,BR036,C502037,TLR-9228,666.44,cash deposit,CAD
CA00009325,2025-02-17,BR003,C502956,TLR-1861,595.14,cash deposit,CAD
CA00014435,2025-02-27,BR030,C500030,TLR-1981,1708.1,cash deposit,CAD
CA00012150,2025-02-04,BR017,C501454,TLR-6632,833.11,cash deposit,CAD
CA00009090,2025-02-24,BR002,C500369,TLR-6999,334.41,cash deposit,CAD
CA00013404,2025-02-02,BR024,C502768,TLR-6022,429.74,cash withdrawal,CAD
CA00015368,2025-02-06,BR034,C503962,TLR-4905,434.89,cash deposit,CAD
CA00017463,2025-02-03,BR040,C502268,TLR-8453,1717.87,cash deposit,CAD
CA00012721,2025-02-14,BR020,C501784,TLR-2553,1527.43,cash withdrawal,USD
CA00017223,2025-02-14,BR040,C502438,TLR-8180,818.19,cash withdrawal,CAD
CA00010671,2025-02-22,BR010,C502743,TLR-6731,891.45,cash deposit,CAD
CA00011947,2025-02-14,BR017,C500217,TLR-4239,1454.02,cash deposit,CAD
CA00009726,2025-02-09,BR005,C501024,TLR-9809,1212.0,cash withdrawal,CAD
CA00012264,2025-02-10,BR018,C502526,TLR-6849,1447.55,cash withdrawal,CAD
CA00009849,2025-02-08,BR006,C501735,TLR-7092,1387.34,cash withdrawal,CAD
CA00015779,2025-02-13,BR036,C503039,TLR-4170,587.34,cash deposit,CAD
CA00016340,2025-02-16,BR038,C502763,TLR-8372,510.09,cash withdrawal,CAD
CA00015912,2025-02-19,BR036,C500358,TLR-3929,1094.84,cash deposit,CAD
CA00014563,2025-02-25,BR030,C502221,TLR-8292,1076.18,cash deposit,CAD
CA00010603,2025-02-23,BR009,C501823,TLR-4083,2994.81,cash deposit,CAD
CA00015611,2025-02-16,BR035,C500599,TLR-3430,3566.13,cash withdrawal,CAD
CA00011745,2025-02-17,BR016,C501150,TLR-9132,675.53,cash withdrawal,CAD
CA00012234,2025-02-15,BR018,C500580,TLR-9228,3064.02,cash deposit,CAD
CA00010182,2025-02-25,BR007,C502291,TLR-8067,1097.46,cash deposit,CAD
CA00016787,2025-02-07,BR040,C503746,TLR-7487,1350.43,cash deposit,CAD
CA00009454,2025-02-21,BR004,C502017,TLR-2887,1145.8,cash withdrawal,CAD
CA00014362,2025-02-01,BR029,C501213,TLR-8788,868.9,cash withdrawal,CAD
CA00015353,2025-02-12,BR034,C500171,TLR-4874,664.98,cash deposit,CAD
CA00008932,2025-02-23,BR001,C501010,TLR-5745,4062.48,cash deposit,CAD
CA00010572,2025-02-17,BR009,C502336,TLR-1971,2884.47,cash deposit,CAD
CA00015172,2025-02-14,BR033,C500010,TLR-1979,670.95,cash deposit,CAD
CA00012370,2025-02-15,BR019,C500390,TLR-9138,613.4,cash deposit,CAD
CA00012863,2025-02-02,BR021,C502112,TLR-4332,376.67,cash withdrawal,CAD
CA00011790,2025-02-27,BR016,C503532,TLR-1631,676.24,cash deposit,CAD
CA00015155,2025-02-11,BR033,C501438,TLR-3510,719.32,cash deposit,CAD
CA00013052,2025-02-11,BR023,C500439,TLR-3658,912.06,cash deposit,CAD
CA00012798,2025-02-10,BR021,C503480,TLR-2119,1282.78,cash deposit,CAD
CA00010048,2025-02-23,BR006,C500307,TLR-2167,1939.48,cash withdrawal,CAD
CA00012587,2025-02-15,BR019,C501675,TLR-4045,730.65,cash deposit,CAD
CA00013252,2025-02-23,BR024,C502122,TLR-3326,1272.16,cash deposit,CAD
CA00014004,2025-02-07,BR027,C501182,TLR-1083,2163.9,cash deposit,CAD
CA00010795,2025-02-19,BR010,C503519,TLR-7032,1037.68,cash withdrawal,CAD
CA00014410,2025-02-18,BR030,C503585,TLR-3552,787.89,cash withdrawal,CAD
CA00015190,2025-02-16,BR033,C502890,TLR-5807,858.77,cash deposit,CAD
CA00013169,2025-02-27,BR024,C500093,TLR-6880,2376.99,cash withdrawal,CAD
CA00012384,2025-02-09,BR019,C500799,TLR-1789,886.05,cash deposit,CAD
CA00015056,2025-02-11,BR032,C500389,TLR-5218,550.33,cash deposit,CAD
CA00013630,2025-02-26,BR025,C500186,TLR-9530,-807.8,cash withdrawal,CAD
CA00010815,2025-02-04,BR010,C503315,TLR-6467,1724.88,cash withdrawal,CAD
CA00016525,2025-02-12,BR039,C500277,TLR-2478,1313.84,cash deposit,CAD
CA00009543,2025-02-03,BR004,C503241,TLR-5978,2825.24,cash withdrawal,CAD
CA00014579,2025-02-23,BR030,C501108,TLR-7342,265.45,cash deposit,CAD
CA00010905,2025-02-09,BR012,C500906,TLR-4327,574.44,cash deposit,CAD
CA00010819,2025-02-05,BR010,C500800,TLR-5907,1812.87,cash deposit,CAD
CA00008978,2025-02-02,BR001,C502897,TLR-6319,236.28,cash deposit,CAD
CA00010992,2025-02-03,BR012,C501321,TLR-8366,510.37,cash deposit,CAD
CA00011372,2025-02-26,BR014,C500212,TLR-6728,249.3,cash deposit,CAD
CA00014671,2025-02-26,BR030,C501228,TLR-3244,2371.88,cash withdrawal,CAD
CA00014633,2025-02-17,BR030,C503533,TLR-1925,1990.48,cash deposit,CAD
CA00010235,2025-02-11,BR007,C502878,TLR-9990,241.06,cash deposit,CAD
CA00013532,2025-02-05,BR025,C500194,TLR-5638,1803.62,cash deposit,CAD
CA00015367,2025-02-03,BR034,C500899,TLR-7923,519.98,cash deposit,CAD
CA00015579,2025-02-22,BR035,C503856,TLR-9515,1082.19,cash deposit,CAD
CA00011843,2025-02-08,BR016,C501470,TLR-2752,2421.6,cash deposit,CAD
CA00012929,2025-02-13,BR021,C502268,TLR-8358,880.61,cash withdrawal,CAD
CA00013274,2025-02-28,BR024,C501965,TLR-5369,1484.82,cash withdrawal,CAD
CA00010439,2025-02-11,BR008,C500213,TLR-7698,499.07,cash deposit,CAD
CA00014876,2025-02-06,BR031,C503981,TLR-7738,1138.32,cash deposit,CAD
CA00015301,2025-02-26,BR034,C503188,TLR-2548,627.52,cash withdrawal,CAD
CA00009909,2025-02-08,BR006,C500370,TLR-3130,2141.14,cash withdrawal,CAD
CA00013139,2025-02-26,BR023,C502500,TLR-6317,1263.36,cash deposit,CAD
CA00010449,2025-02-26,BR008,C500890,TLR-7723,668.74,cash deposit,CAD
CA00009505,2025-02-20,BR004,C500722,TLR-1157,416.86,cash withdrawal,CAD
CA00016664,2025-02-08,BR040,C503165,TLR-7968,1898.95,cash deposit,CAD
CA00010522,2025-02-11,BR008,C500256,TLR-2537,925.35,cash withdrawal,CAD
CA00014094,2025-02-24,BR027,C501748,TLR-5199,9061.48,cash deposit,CAD
CA00009947,2025-02-13,BR006,C503803,TLR-9525,1102.06,cash deposit,CAD
CA00009953,2025-02-28,BR006,C501101,TLR-4624,342.26,cash withdrawal,CAD
CA00015844,2025-02-08,BR036,C501092,TLR-4416,904.64,cash withdrawal,CAD
CA00010306,2025-02-03,BR008,C502906,TLR-4384,1526.03,cash deposit,CAD
CA00012419,2025-02-20,BR019,C501195,TLR-2574,1065.21,cash deposit,CAD
CA00016327,2025-02-01,BR038,C500579,TLR-7467,1178.68,cash deposit,CAD
CA00014061,2025-02-27,BR027,C501135,TLR-1650,1433.68,cash withdrawal,CAD
CA00010130,2025-02-25,BR007,C501320,TLR-5440,2578.7,cash withdrawal,CAD
CA00017391,2025-02-13,BR040,C502812,TLR-4672,733.02,cash withdrawal,CAD
CA00014063,2025-02-24,BR027,C502160,TLR-5957,323.14,cash withdrawal,CAD
CA00011811,2025-02-28,BR016,C500092,TLR-3330,1130.98,cash deposit,CAD
CA00015384,2025-02-23,BR034,C503908,TLR-8173,1222.65,cash deposit,CAD
CA00017286,2025-02-23,BR040,C500022,TLR-1370,1000.21,cash deposit,CAD
CA00016747,2025-02-23,BR040,C500377,TLR-5530,423.52,cash deposit,CAD
CA00009742,2025-02-23,BR005,C502674,TLR-8376,2026.69,cash withdrawal,CAD
CA00015390,2025-02-02,BR034,C503103,TLR-2501,1308.66,cash withdrawal,CAD
CA00015977,2025-02-01,BR037,C500079,TLR-7331,1789.07,cash withdrawal,CAD
CA00010488,2025-02-23,BR008,C501467,TLR-2322,2726.12,cash withdrawal,CAD
CA00012233,2025-02-03,BR018,C502126,TLR-7107,2256.84,cash withdrawal,CAD
CA00011288,2025-02-06,BR014,C500983,TLR-7044,2269.1,cash deposit,CAD
CA00013080,2025-02-09,BR023,C500546,TLR-9908,330.53,cash withdrawal,CAD
CA00015111,2025-02-28,BR033,C500205,TLR-7720,740.79,cash deposit,CAD
CA00015004,2025-02-19,BR032,C500225,TLR-9632,2088.56,cash withdrawal,CAD
CA00012332,2025-02-02,BR019,C502215,TLR-6153,925.66,cash withdrawal,CAD
CA00013224,2025-02-12,BR024,C503850,TLR-4088,1253.4,cash withdrawal,CAD
CA00012326,2025-02-21,BR019,C502657,TLR-2791,3179.87,cash deposit,CAD
CA00009828,2025-02-18,BR006,C503737,TLR-8491,1469.95,cash deposit,CAD
CA00014812,2025-02-19,BR031,C502010,TLR-3882,863.18,cash deposit,CAD
CA00011688,2025-02-17,BR015,C501777,TLR-6054,2822.79,cash withdrawal,CAD
CA00013602,2025-02-09,BR025,C503926,TLR-5986,863.54,cash deposit,CAD
CA00016834,2025-02-12,BR040,C503724,TLR-7243,2987.64,cash deposit,CAD
CA00017501,2025-02-21,BR040,C503883,TLR-1948,927.06,cash deposit,CAD
CA00011922,2025-02-16,BR016,C500812,TLR-3681,714.9,cash withdrawal,CAD
CA00013008,2025-02-24,BR022,C500120,TLR-8962,1837.74,cash withdrawal,CAD
CA00010845,2025-02-05,BR011,C503489,TLR-7981,1144.88,cash deposit,CAD
CA00011306,2025-02-25,BR014,C500950,TLR-8803,2337.51,cash deposit,CAD
CA00017193,2025-02-17,BR040,C502495,TLR-9085,122.71,cash deposit,CAD
CA00011696,2025-02-09,BR015,C503574,TLR-9151,791.86,cash withdrawal,CAD
CA00016912,2025-02-12,BR040,C503765,TLR-9886,921.74,cash withdrawal,CAD
CA00017455,2025-02-12,BR040,C503899,TLR-5801,2409.57,cash withdrawal,CAD
CA00017060,2025-02-11,BR040,C502189,TLR-3630,951.98,cash deposit,CAD
CA00014784,2025-02-08,BR031,C501470,TLR-9771,439.26,cash withdrawal,CAD
CA00016876,2025-02-05,BR040,C503496,TLR-7717,635.82,cash deposit,CAD
CA00012527,2025-02-06,BR019,C503357,TLR-4506,563.1,cash withdrawal,CAD
CA00017088,2025-02-02,BR040,C502150,TLR-6031,274.8,cash deposit,CAD
CA00017108,2025-02-02,BR040,C502861,TLR-8292,1478.6,cash withdrawal,CAD
CA00015743,2025-02-15,BR036,C503106,TLR-1263,2823.99,cash deposit,CAD
CA00010430,2025-02-20,BR008,C503142,TLR-8329,595.63,cash withdrawal,CAD
CA00009978,2025-02-09,BR006,C503759,TLR-7905,916.53,cash withdrawal,CAD
CA00014372,2025-02-20,BR029,C502920,TLR-6480,379.98,cash deposit,CAD
CA00011607,2025-02-24,BR015,C500278,TLR-5130,1423.98,cash deposit,CAD
CA00011677,2025-02-20,BR015,C502026,TLR-2332,815.55,cash withdrawal,CAD
CA00016263,2025-02-05,BR038,C500972,TLR-7774,917.5,cash withdrawal,CAD
CA00012933,2025-02-01,BR021,C500643,TLR-7857,840.87,cash deposit,CAD
CA00009639,2025-02-11,BR004,C501118,TLR-7761,2009.49,cash deposit,CAD
CA00012382,2025-02-14,BR019,C501008,TLR-8970,428.73,cash withdrawal,CAD
CA00017105,2025-02-06,BR040,C500450,TLR-8459,357.06,cash deposit,CAD
CA00016694,2025-02-20,BR040,C503627,TLR-6621,760.7,cash deposit,CAD
CA00012002,2025-02-07,BR017,C502376,TLR-1610,2432.78,cash deposit,CAD
CA00012009,2025-02-16,BR017,C501277,TLR-3750,1487.89,cash deposit,CAD
CA00015342,2025-02-04,BR034,C500054,TLR-8400,713.04,cash deposit,CAD
CA00015701,2025-02-17,BR036,C502468,TLR-3380,1674.38,cash withdrawal,CAD
CA00011090,2025-02-17,BR012,C501580,TLR-1464,4106.96,cash withdrawal,CAD
CA00015777,2025-02-14,BR036,C502853,TLR-1639,1893.75,cash deposit,CAD
CA00016360,2025-02-02,BR038,C502069,TLR-7273,806.21,cash deposit,CAD
CA00014433,2025-02-20,BR030,C501191,TLR-6866,579.88,cash deposit,CAD
CA00010643,2025-02-09,BR010,C502452,TLR-3687,1259.91,cash deposit,CAD
CA00014146,2025-02-08,BR028,C503975,TLR-6919,1137.55,cash deposit,CAD
CA00013907,2025-02-05,BR026,C502490,TLR-8210,564.75,cash deposit,CAD
CA00012807,2025-02-16,BR021,C503981,TLR-4507,1886.75,cash deposit,CAD
CA00008761,2025-02-21,BR001,C500840,TLR-5676,1042.88,cash withdrawal,CAD
CA00009731,2025-02-11,BR005,C502751,TLR-2870,620.62,cash withdrawal,CAD
CA00011734,2025-02-07,BR016,C503487,TLR-8180,2369.27,cash withdrawal,CAD
CA00015921,2025-02-23,BR036,C500837,TLR-2383,588.55,cash deposit,CAD
CA00009229,2025-02-25,BR003,C503247,TLR-5666,1875.56,cash deposit,CAD
CA00008799,2025-02-23,BR001,C501325,TLR-2526,1692.85,cash deposit,CAD
CA00010411,2025-02-17,BR008,C500761,TLR-1254,956.99,cash deposit,CAD
CA00013758,2025-02-06,BR026,C502378,TLR-4482,-576.69,cash withdrawal,CAD
CA00012178,2025-02-06,BR017,C500674,TLR-2489,1679.82,cash withdrawal,CAD
CA00009640,2025-02-19,BR004,C500262,TLR-1497,689.9,cash deposit,CAD
CA00012614,2025-02-20,BR020,C501249,TLR-4657,288.31,cash deposit,USD
CA00012610,2025-02-20,BR020,C503027,TLR-4318,2049.67,cash deposit,USD
CA00011013,2025-02-07,BR012,C502485,TLR-8918,872.97,cash deposit,CAD
CA00011429,2025-02-18,BR015,C500674,TLR-8586,2983.9,cash deposit,CAD
CA00016394,2025-02-23,BR038,C503871,TLR-1375,156.26,cash deposit,CAD
CA00013723,2025-02-01,BR026,C501301,TLR-6875,10162.75,cash deposit,CAD
CA00015086,2025-02-09,BR032,C502671,TLR-8431,1426.87,cash deposit,CAD
CA00015176,2025-02-13,BR033,C501189,TLR-9121,3782.61,cash withdrawal,CAD
CA00010188,2025-02-12,BR007,C501941,TLR-2527,1108.52,cash withdrawal,CAD
CA00015141,2025-02-16,BR033,C501214,TLR-6529,501.17,cash deposit,CAD
CA00009890,2025-02-02,BR006,C500438,TLR-8532,303.24,cash deposit,CAD
CA00009787,2025-02-23,BR006,C502353,TLR-5698,552.16,cash withdrawal,CAD
CA00010154,2025-02-15,BR007,C500219,TLR-1982,1721.54,cash withdrawal,CAD
CA00016963,2025-02-19,BR040,C503889,TLR-8179,1205.84,cash withdrawal,CAD
CA00012477,2025-02-05,BR019,C503039,TLR-1545,333.79,cash deposit,CAD
CA00012818,2025-02-17,BR021,C501839,TLR-6395,668.49,cash deposit,CAD
CA00012293,2025-02-05,BR018,C501712,TLR-9919,593.23,cash deposit,CAD
CA00017203,2025-02-15,BR040,C500247,TLR-3488,636.85,cash withdrawal,CAD
CA00009038,2025-02-12,BR002,C503703,TLR-6636,-235.28,cash withdrawal,CAD
CA00011973,2025-02-03,BR017,C500509,TLR-3805,1228.42,cash withdrawal,CAD
CA00012277,2025-02-11,BR018,C500163,TLR-5304,948.57,cash deposit,CAD
CA00014565,2025-02-12,BR030,C500216,TLR-6746,966.51,cash deposit,CAD
CA00009983,2025-02-14,BR006,C502007,TLR-3795,1228.61,cash withdrawal,CAD
CA00009486,2025-02-21,BR004,C503984,TLR-5047,389.51,cash withdrawal,CAD
CA00014226,2025-02-11,BR028,C501385,TLR-3019,579.93,cash deposit,CAD
CA00010076,2025-02-11,BR007,C503203,TLR-1935,2825.93,cash withdrawal,CAD
CA00011883,2025-02-10,BR016,C503679,TLR-6707,348.11,cash deposit,CAD
CA00017608,2025-02-03,BR040,C503899,TLR-7710,2931.21,cash deposit,CAD
CA00011214,2025-02-11,BR013,C502083,TLR-3071,549.98,cash deposit,CAD
CA00015871,2025-02-23,BR036,C502442,TLR-6916,1517.07,cash withdrawal,CAD
CA00010273,2025-02-01,BR007,C501716,TLR-6319,857.77,cash withdrawal,CAD
CA00009316,2025-02-23,BR003,C503083,TLR-6154,897.64,cash deposit,CAD
CA00014742,2025-02-22,BR031,C502993,TLR-4192,835.05,cash deposit,CAD
CA00017097,2025-02-18,BR040,C500155,TLR-6560,1386.19,cash deposit,CAD
CA00013697,2025-02-13,BR026,C503405,TLR-1887,1506.79,cash deposit,CAD
CA00012864,2025-02-19,BR021,C501713,TLR-7033,1198.8,cash withdrawal,CAD
CA00014942,2025-02-11,BR031,C501810,TLR-1306,646.04,cash deposit,CAD
CA00015488,2025-02-08,BR035,C501649,TLR-8702,495.66,cash deposit,CAD
CA00016026,2025-02-03,BR037,C502392,TLR-3906,352.7,cash withdrawal,CAD
CA00013519,2025-02-20,BR025,C502198,TLR-5091,1372.82,cash deposit,CAD
CA00008937,2025-02-25,BR001,C501113,TLR-3635,491.03,cash deposit,CAD
CA00012672,2025-02-04,BR020,C501599,TLR-3905,695.28,cash deposit,USD
CA00014741,2025-02-10,BR031,C500996,TLR-5664,707.63,cash deposit,CAD
CA00010113,2025-02-11,BR007,C501399,TLR-2371,242.03,cash deposit,CAD
CA00011976,2025-02-03,BR017,C503172,TLR-6700,395.34,cash deposit,CAD
CA00017450,2025-02-04,BR040,C500807,TLR-2423,4067.41,cash deposit,CAD
CA00017413,2025-02-25,BR040,C502286,TLR-3723,8928.8,cash withdrawal,CAD
CA00011525,2025-02-27,BR015,C500098,TLR-5332,844.04,cash withdrawal,CAD
CA00016517,2025-02-07,BR039,C500394,TLR-5186,3618.53,cash deposit,CAD
CA00012947,2025-02-25,BR021,C500047,TLR-6073,477.03,cash withdrawal,CAD
CA00010970,2025-02-18,BR012,C500817,TLR-7771,993.12,cash deposit,CAD
CA00010898,2025-02-27,BR011,C503903,TLR-2404,1516.21,cash deposit,CAD
CA00011928,2025-02-16,BR016,C500086,TLR-3426,2333.23,cash deposit,CAD
CA00011358,2025-02-08,BR014,C503707,TLR-2015,851.39,cash withdrawal,CAD
CA00013485,2025-02-28,BR025,C502970,TLR-5538,-1573.28,cash withdrawal,CAD
CA00015325,2025-02-09,BR034,C501476,TLR-5431,807.38,cash deposit,CAD
CA00015837,2025-02-22,BR036,C503805,TLR-8972,357.86,cash withdrawal,CAD
CA00016727,2025-02-13,BR040,C501789,TLR-5952,725.84,cash deposit,CAD
CA00009274,2025-02-05,BR003,C501650,TLR-4711,878.76,cash withdrawal,CAD
CA00010011,2025-02-10,BR006,C502975,TLR-9057,234.82,cash deposit,CAD
CA00009254,2025-02-05,BR003,C503899,TLR-1686,616.0,cash deposit,CAD
CA00015364,2025-02-24,BR034,C502795,TLR-2145,945.67,cash deposit,CAD
CA00009610,2025-02-08,BR004,C503986,TLR-6566,626.73,cash withdrawal,CAD
CA00015875,2025-02-07,BR036,C502924,TLR-8154,1303.37,cash withdrawal,CAD
CA00017046,2025-02-14,BR040,C503125,TLR-5043,1234.97,cash withdrawal,CAD
CA00012422,2025-02-21,BR019,C501265,TLR-4296,1775.92,cash deposit,CAD
CA00012197,2025-02-24,BR018,C501995,TLR-3824,1246.47,cash deposit,CAD
CA00008871,2025-02-03,BR001,C500705,TLR-8067,787.47,cash withdrawal,CAD
CA00010767,2025-02-27,BR010,C501734,TLR-7760,1285.31,cash withdrawal,CAD
CA00015742,2025-02-16,BR036,C500308,TLR-9839,2493.35,cash deposit,CAD
CA00009975,2025-02-02,BR006,C501422,TLR-5564,315.98,cash withdrawal,CAD
CA00011172,2025-02-10,BR013,C501394,TLR-1900,570.41,cash deposit,CAD
CA00013209,2025-02-23,BR024,C502735,TLR-3054,1323.99,cash deposit,CAD
CA00012779,2025-02-02,BR021,C503726,TLR-7900,990.04,cash deposit,CAD
CA00017611,2025-02-23,BR040,C503105,TLR-7088,154.21,cash deposit,CAD
CA00009717,2025-02-09,BR005,C502688,TLR-3660,905.66,cash withdrawal,CAD
CA00009293,2025-02-02,BR003,C501055,TLR-1858,1422.52,cash withdrawal,CAD
CA00017625,2025-02-01,BR040,C502642,TLR-1676,318.42,cash withdrawal,CAD
CA00011957,2025-02-12,BR017,C500617,TLR-9065,246.09,cash withdrawal,CAD
CA00011067,2025-02-25,BR012,C500915,TLR-5897,733.95,cash withdrawal,CAD
CA00011714,2025-02-07,BR015,C501196,TLR-8689,1175.31,cash deposit,CAD
CA00014229,2025-02-04,BR028,C502715,TLR-6719,426.19,cash deposit,CAD
CA00016666,2025-02-28,BR040,C500694,TLR-8158,490.37,cash deposit,CAD
CA00015394,2025-02-10,BR034,C503852,TLR-1006,2094.37,cash withdrawal,CAD
CA00011403,2025-02-25,BR014,C503256,TLR-9777,1129.64,cash deposit,CAD
CA00009655,2025-02-06,BR004,C501548,TLR-3961,685.42,cash withdrawal,CAD
CA00010677,2025-02-06,BR010,C503403,TLR-9700,740.15,cash deposit,CAD
CA00016047,2025-02-01,BR037,C503896,TLR-1516,1803.54,cash withdrawal,CAD
CA00012964,2025-02-26,BR022,C501786,TLR-6121,1162.76,cash withdrawal,CAD
CA00015211,2025-02-10,BR033,C501604,TLR-8087,530.27,cash withdrawal,CAD
CA00017443,2025-02-11,BR040,C503938,TLR-7526,2384.85,cash deposit,CAD
CA00017197,2025-02-27,BR040,C502666,TLR-8354,790.85,cash withdrawal,CAD
CA00014200,2025-02-17,BR028,C501063,TLR-8724,999.78,cash deposit,CAD
CA00013544,2025-02-03,BR025,C503658,TLR-8143,-700.98,cash withdrawal,CAD
CA00014732,2025-02-23,BR031,C501619,TLR-7375,1366.59,cash deposit,CAD
CA00013353,2025-02-15,BR024,C501900,TLR-8570,279.71,cash withdrawal,CAD
CA00013553,2025-02-14,BR025,C503679,TLR-1881,679.39,cash deposit,CAD
CA00010853,2025-02-01,BR011,C501513,TLR-4050,1906.91,cash deposit,CAD
CA00016958,2025-02-11,BR040,C500045,TLR-5276,1292.97,cash withdrawal,CAD
CA00009415,2025-02-14,BR003,C503116,TLR-7840,1016.55,cash deposit,CAD
CA00012810,2025-02-05,BR021,C502321,TLR-9508,1496.84,cash withdrawal,CAD
CA00009302,2025-02-20,BR003,C502464,TLR-6860,370.27,cash withdrawal,CAD
CA00013817,2025-02-11,BR026,C500586,TLR-1754,1219.42,cash deposit,CAD
CA00011362,2025-02-24,BR014,C502413,TLR-4261,4277.66,cash withdrawal,CAD
CA00014490,2025-02-20,BR030,C502870,TLR-7321,396.09,cash withdrawal,CAD
CA00017451,2025-02-15,BR040,C501242,TLR-4730,691.9,cash withdrawal,CAD
CA00016991,2025-02-05,BR040,C500384,TLR-7024,1073.82,cash withdrawal,CAD
CA00011944,2025-02-14,BR017,C502317,TLR-4740,399.68,cash deposit,CAD
CA00012334,2025-02-13,BR019,C502465,TLR-7770,3609.0,cash deposit,CAD
CA00011470,2025-02-04,BR015,C502126,TLR-5116,5676.33,cash deposit,CAD
CA00014106,2025-02-11,BR028,C502005,TLR-1678,433.91,cash deposit,CAD
CA00013678,2025-02-08,BR026,C501415,TLR-5654,-788.01,cash withdrawal,CAD
CA00010408,2025-02-04,BR008,C502344,TLR-7682,1269.19,cash withdrawal,CAD
CA00016707,2025-02-12,BR040,C502225,TLR-9506,4225.0,cash deposit,CAD
CA00015716,2025-02-07,BR036,C502158,TLR-2565,843.21,cash withdrawal,CAD
CA00012781,2025-02-04,BR021,C500105,TLR-5970,543.84,cash deposit,CAD
CA00013823,2025-02-21,BR026,C503644,TLR-7630,-794.4,cash withdrawal,CAD
CA00010057,2025-02-14,BR006,C500352,TLR-2806,522.72,cash deposit,CAD
CA00016314,2025-02-10,BR038,C500087,TLR-2424,709.89,cash deposit,CAD
CA00016848,2025-02-20,BR040,C502475,TLR-4004,1947.18,cash withdrawal,CAD
CA00009857,2025-02-10,BR006,C500121,TLR-1528,788.72,cash deposit,CAD
CA00009960,2025-02-18,BR006,C500135,TLR-1109,2085.44,cash withdrawal,CAD
CA00008756,2025-02-03,BR001,C502805,TLR-6461,1483.91,cash deposit,CAD
CA00013643,2025-02-16,BR025,C500274,TLR-1156,-270.69,cash withdrawal,CAD
CA00013451,2025-02-17,BR025,C502291,TLR-2952,802.54,cash deposit,CAD
CA00009041,2025-02-12,BR002,C503594,TLR-4973,1349.5,cash deposit,CAD
CA00011194,2025-02-18,BR013,C501313,TLR-1199,1232.69,cash deposit,CAD
CA00009239,2025-02-02,BR003,C503397,TLR-4525,693.64,cash withdrawal,CAD
CA00009058,2025-02-21,BR002,C501204,TLR-4744,1973.32,cash deposit,CAD
CA00011953,2025-02-06,BR017,C502235,TLR-9776,823.74,cash deposit,CAD
CA00010305,2025-02-03,BR008,C503510,TLR-2165,151.55,cash deposit,CAD
CA00016534,2025-02-19,BR039,C502028,TLR-9165,1204.42,cash deposit,CAD
CA00011682,2025-02-27,BR015,C501371,TLR-5465,103.93,cash deposit,CAD
CA00011706,2025-02-05,BR015,C501566,TLR-1830,676.86,cash withdrawal,CAD
CA00016690,2025-02-28,BR040,C500070,TLR-2499,431.19,cash deposit,CAD
CA00015173,2025-02-16,BR033,C500390,TLR-4093,283.83,cash deposit,CAD
CA00014601,2025-02-22,BR030,C503391,TLR-5091,1759.94,cash deposit,CAD
CA00009941,2025-02-14,BR006,C502482,TLR-1696,1115.19,cash deposit,CAD
CA00014956,2025-02-16,BR031,C501518,TLR-5103,850.22,cash deposit,CAD
CA00014595,2025-02-04,BR030,C501718,TLR-4933,802.34,cash deposit,CAD
CA00011051,2025-02-15,BR012,C501373,TLR-8477,1257.08,cash deposit,CAD
CA00013641,2025-02-10,BR025,C503759,TLR-3577,-590.23,cash withdrawal,CAD
CA00010357,2025-02-06,BR008,C503013,TLR-2780,373.66,cash deposit,CAD
CA00013888,2025-02-08,BR026,C502773,TLR-6788,-1940.21,cash withdrawal,CAD
CA00009034,2025-02-22,BR002,C503238,TLR-5744,2029.08,cash deposit,CAD
CA00012428,2025-02-16,BR019,C503939,TLR-7362,2066.93,cash deposit,CAD
CA00010067,2025-02-07,BR007,C501602,TLR-2741,2180.51,cash deposit,CAD
CA00009245,2025-02-27,BR003,C503527,TLR-9574,801.93,cash withdrawal,CAD
CA00010762,2025-02-11,BR010,C502910,TLR-3489,315.41,cash deposit,CAD
CA00011369,2025-02-28,BR014,C500074,TLR-1774,2261.63,cash withdrawal,CAD
CA00011386,2025-02-25,BR014,C503947,TLR-4544,1599.28,cash deposit,CAD
CA00016537,2025-02-02,BR039,C503401,TLR-4907,1062.71,cash deposit,CAD
CA00012539,2025-02-18,BR019,C501263,TLR-4677,460.95,cash deposit,CAD
CA00016878,2025-02-17,BR040,C500051,TLR-7994,741.68,cash deposit,CAD
CA00009039,2025-02-06,BR002,C503514,TLR-3016,-3434.55,cash withdrawal,CAD
CA00010942,2025-02-12,BR012,C501825,TLR-4704,1155.07,cash withdrawal,CAD
CA00009482,2025-02-06,BR004,C503630,TLR-1299,1047.24,cash deposit,CAD
CA00011247,2025-02-15,BR014,C503721,TLR-5968,472.08,cash deposit,CAD
CA00017028,2025-02-02,BR040,C501135,TLR-9794,303.19,cash withdrawal,CAD
CA00014242,2025-02-09,BR028,C501780,TLR-7836,2950.36,cash withdrawal,CAD
CA00011357,2025-02-03,BR014,C500762,TLR-7220,2828.7,cash deposit,CAD
CA00015939,2025-02-01,BR036,C500595,TLR-7968,2880.61,cash deposit,CAD
CA00013870,2025-02-03,BR026,C502533,TLR-8187,-626.83,cash withdrawal,CAD
CA00017268,2025-02-03,BR040,C502820,TLR-1768,2607.0,cash withdrawal,CAD
CA00014861,2025-02-21,BR031,C503803,TLR-2141,761.99,cash withdrawal,CAD
CA00016819,2025-02-25,BR040,C500242,TLR-6958,501.82,cash deposit,CAD
CA00011379,2025-02-12,BR014,C500663,TLR-3520,1648.76,cash withdrawal,CAD
CA00009084,2025-02-02,BR002,C501976,TLR-6735,-4771.5,cash withdrawal,CAD
CA00009055,2025-02-07,BR002,C500935,TLR-9702,273.93,cash deposit,CAD
CA00013814,2025-02-02,BR026,C502098,TLR-6596,1330.44,cash deposit,CAD
CA00015370,2025-02-15,BR034,C503528,TLR-9213,645.02,cash deposit,CAD
CA00013588,2025-02-13,BR025,C502594,TLR-2265,820.79,cash deposit,CAD
CA00010387,2025-02-05,BR008,C501964,TLR-3126,575.11,cash withdrawal,CAD
CA00013482,2025-02-12,BR025,C500561,TLR-3923,1014.45,cash deposit,CAD
CA00009297,2025-02-12,BR003,C503668,TLR-7232,384.72,cash withdrawal,CAD
CA00008934,2025-02-02,BR001,C503740,TLR-8143,2933.69,cash withdrawal,CAD
CA00017454,2025-02-28,BR040,C503521,TLR-7900,1221.66,cash withdrawal,CAD
CA00011433,2025-02-12,BR015,C503105,TLR-1746,1923.16,cash withdrawal,CAD
CA00017550,2025-02-21,BR040,C502174,TLR-4596,471.33,cash withdrawal,CAD
CA00013033,2025-02-12,BR022,C500129,TLR-4106,1156.04,cash withdrawal,CAD
CA00015477,2025-02-25,BR035,C502027,TLR-6072,532.12,cash withdrawal,CAD
CA00009108,2025-02-14,BR002,C503807,TLR-2673,-973.45,cash withdrawal,CAD
CA00014278,2025-02-08,BR029,C500899,TLR-4978,853.21,cash withdrawal,CAD
CA00017121,2025-02-23,BR040,C503922,TLR-4287,776.62,cash deposit,CAD
CA00015857,2025-02-24,BR036,C502245,TLR-7097,1110.88,cash deposit,CAD
CA00010631,2025-02-12,BR009,C501180,TLR-5601,1093.74,cash withdrawal,CAD
CA00013539,2025-02-24,BR025,C500070,TLR-9175,884.83,cash deposit,CAD
CA00011577,2025-02-28,BR015,C503183,TLR-6845,1352.29,cash deposit,CAD
CA00009513,2025-02-03,BR004,C502284,TLR-4854,624.32,cash withdrawal,CAD
CA00013754,2025-02-14,BR026,C503387,TLR-2638,-1538.2,cash withdrawal,CAD
CA00015517,2025-02-25,BR035,C500393,TLR-3877,694.95,cash withdrawal,CAD
CA00015941,2025-02-19,BR036,C502292,TLR-8097,540.5,cash deposit,CAD
CA00012008,2025-02-25,BR017,C500119,TLR-2059,1507.15,cash withdrawal,CAD
CA00009146,2025-02-05,BR002,C503461,TLR-1166,-2962.5,cash withdrawal,CAD
CA00011647,2025-02-25,BR015,C500882,TLR-2145,420.2,cash deposit,CAD
CA00010274,2025-02-03,BR007,C503126,TLR-4663,470.01,cash deposit,CAD
CA00016466,2025-02-22,BR039,C501179,TLR-8290,783.01,cash withdrawal,CAD
CA00008867,2025-02-22,BR001,C501640,TLR-8121,1101.3,cash deposit,CAD
CA00008882,2025-02-26,BR001,C502169,TLR-4500,524.83,cash withdrawal,CAD
CA00015812,2025-02-04,BR036,C501874,TLR-8438,607.75,cash deposit,CAD
CA00012078,2025-02-22,BR017,C502399,TLR-5389,2576.36,cash deposit,CAD
CA00012222,2025-02-12,BR018,C502133,TLR-9827,2447.58,cash deposit,CAD
CA00009730,2025-02-15,BR005,C500169,TLR-6359,280.31,cash withdrawal,CAD
CA00017593,2025-02-17,BR040,C502701,TLR-3733,492.01,cash withdrawal,CAD
CA00012131,2025-02-17,BR017,C502606,TLR-2181,2448.04,cash deposit,CAD
CA00015059,2025-02-02,BR032,C500792,TLR-2222,153.45,cash withdrawal,CAD
CA00011339,2025-02-25,BR014,C503079,TLR-1425,7427.61,cash deposit,CAD
CA00014822,2025-02-07,BR031,C503965,TLR-4702,1182.63,cash deposit,CAD
CA00016861,2025-02-28,BR040,C503842,TLR-2695,614.93,cash withdrawal,CAD
CA00015827,2025-02-18,BR036,C503431,TLR-6558,878.31,cash deposit,CAD
CA00011603,2025-02-09,BR015,C500727,TLR-3085,802.5,cash deposit,CAD
CA00014169,2025-02-06,BR028,C503065,TLR-4509,849.4,cash deposit,CAD
CA00009379,2025-02-08,BR003,C502990,TLR-5820,465.4,cash withdrawal,CAD
CA00009095,2025-02-23,BR002,C503894,TLR-4898,724.02,cash deposit,CAD
CA00011028,2025-02-02,BR012,C500361,TLR-8388,1238.73,cash deposit,CAD
CA00016092,2025-02-03,BR037,C502657,TLR-3626,884.42,cash withdrawal,CAD
CA00011364,2025-02-05,BR014,C500972,TLR-3216,736.99,cash deposit,CAD
CA00012096,2025-02-16,BR017,C500199,TLR-5721,1202.34,cash withdrawal,CAD
CA00015299,2025-02-01,BR034,C502951,TLR-8867,1653.59,cash withdrawal,CAD
CA00015417,2025-02-15,BR034,C502707,TLR-3212,1215.06,cash deposit,CAD
CA00015230,2025-02-02,BR033,C502136,TLR-2377,1873.72,cash withdrawal,CAD
CA00011925,2025-02-15,BR016,C503408,TLR-1014,3036.26,cash deposit,CAD
CA00014656,2025-02-04,BR030,C501906,TLR-3242,721.03,cash deposit,CAD
CA00015615,2025-02-17,BR035,C502588,TLR-5985,1263.49,cash deposit,CAD
CA00014218,2025-02-08,BR028,C502314,TLR-4589,291.25,cash deposit,CAD
CA00010201,2025-02-22,BR007,C501782,TLR-4309,368.15,cash deposit,CAD
CA00015594,2025-02-09,BR035,C500103,TLR-7103,910.96,cash deposit,CAD
CA00013565,2025-02-21,BR025,C500524,TLR-2388,214.38,cash deposit,CAD
CA00017137,2025-02-25,BR040,C500634,TLR-7632,330.62,cash deposit,CAD
CA00014309,2025-02-14,BR029,C502496,TLR-8938,320.31,cash deposit,CAD
CA00012046,2025-02-18,BR017,C501470,TLR-8763,502.47,cash deposit,CAD
CA00013808,2025-02-04,BR026,C503546,TLR-4443,-1253.01,cash withdrawal,CAD
CA00009242,2025-02-27,BR003,C500918,TLR-9379,1057.23,cash deposit,CAD
CA00015114,2025-02-04,BR033,C503326,TLR-4403,1093.16,cash withdrawal,CAD
CA00013654,2025-02-10,BR025,C502753,TLR-8859,2169.96,cash deposit,CAD
CA00013867,2025-02-18,BR026,C503203,TLR-8986,1350.73,cash deposit,CAD
CA00015562,2025-02-01,BR035,C503563,TLR-3691,3201.71,cash withdrawal,CAD
CA00016996,2025-02-14,BR040,C502603,TLR-2781,1433.63,cash deposit,CAD
CA00014461,2025-02-23,BR030,C502224,TLR-8111,1081.02,cash deposit,CAD
CA00012579,2025-02-05,BR019,C503348,TLR-7498,1272.36,cash deposit,CAD
CA00014185,2025-02-13,BR028,C503951,TLR-9873,3456.18,cash deposit,CAD
CA00014120,2025-02-05,BR028,C502986,TLR-6734,1554.21,cash withdrawal,CAD
CA00012820,2025-02-21,BR021,C500263,TLR-5940,603.33,cash withdrawal,CAD
CA00013484,2025-02-04,BR025,C502858,TLR-6998,1095.79,cash deposit,CAD
CA00016196,2025-02-05,BR037,C502287,TLR-5596,1068.29,cash deposit,CAD
CA00014156,2025-02-07,BR028,C501851,TLR-9210,406.35,cash deposit,CAD
CA00015170,2025-02-17,BR033,C502788,TLR-7523,2840.32,cash withdrawal,CAD
CA00012491,2025-02-02,BR019,C503364,TLR-3421,153.59,cash deposit,CAD
CA00012932,2025-02-22,BR021,C500973,TLR-4744,989.74,cash deposit,CAD
CA00014875,2025-02-03,BR031,C503781,TLR-3506,960.14,cash withdrawal,CAD
CA00010618,2025-02-12,BR009,C500616,TLR-3356,2009.72,cash deposit,CAD
CA00011934,2025-02-18,BR016,C500398,TLR-5329,766.65,cash withdrawal,CAD
CA00009202,2025-02-01,BR003,C500452,TLR-1747,781.94,cash deposit,CAD
CA00015558,2025-02-07,BR035,C500757,TLR-7414,553.86,cash withdrawal,CAD
CA00013035,2025-02-13,BR022,C501493,TLR-2816,3454.84,cash deposit,CAD
CA00012458,2025-02-28,BR019,C501630,TLR-8390,1552.51,cash withdrawal,CAD
CA00011171,2025-02-11,BR013,C503084,TLR-5006,793.82,cash deposit,CAD
CA00011162,2025-02-17,BR013,C502953,TLR-8009,1672.63,cash deposit,CAD
CA00016079,2025-02-26,BR037,C501246,TLR-6658,757.52,cash deposit,CAD
CA00013214,2025-02-06,BR024,C500042,TLR-6415,875.72,cash withdrawal,CAD
CA00014114,2025-02-15,BR028,C500466,TLR-3047,1618.0,cash deposit,CAD
CA00010194,2025-02-09,BR007,C503732,TLR-3997,1240.4,cash deposit,CAD
CA00017479,2025-02-27,BR040,C503100,TLR-8012,624.55,cash deposit,CAD
CA00010126,2025-02-11,BR007,C500283,TLR-2797,1123.67,cash withdrawal,CAD
CA00017324,2025-02-07,BR040,C500253,TLR-7978,2070.81,cash deposit,CAD
CA00009431,2025-02-17,BR004,C502315,TLR-9038,344.99,cash withdrawal,CAD
CA00009243,2025-02-19,BR003,C501405,TLR-9892,1290.03,cash deposit,CAD
CA00014957,2025-02-12,BR031,C501522,TLR-3176,1824.29,cash deposit,CAD
CA00010009,2025-02-18,BR006,C501212,TLR-7846,895.76,cash withdrawal,CAD
CA00017010,2025-02-21,BR040,C502980,TLR-1730,777.27,cash withdrawal,CAD
CA00016243,2025-02-13,BR037,C500861,TLR-4008,1609.56,cash deposit,CAD
CA00008928,2025-02-02,BR001,C500260,TLR-3146,577.42,cash withdrawal,CAD
CA00015404,2025-02-28,BR034,C502234,TLR-2901,1119.83,cash withdrawal,CAD
CA00016277,2025-02-07,BR038,C500065,TLR-5799,764.09,cash withdrawal,CAD
CA00013517,2025-02-25,BR025,C500060,TLR-9854,264.84,cash deposit,CAD
CA00011763,2025-02-07,BR016,C503070,TLR-3454,539.67,cash withdrawal,CAD
CA00015896,2025-02-17,BR036,C501121,TLR-1853,1133.84,cash deposit,CAD
CA00017437,2025-02-23,BR040,C502291,TLR-9390,2826.45,cash withdrawal,CAD
CA00017529,2025-02-22,BR040,C501379,TLR-3958,1575.27,cash withdrawal,CAD
CA00015575,2025-02-17,BR035,C501948,TLR-2751,1140.44,cash withdrawal,CAD
CA00017274,2025-02-08,BR040,C501999,TLR-2893,507.12,cash deposit,CAD
CA00015804,2025-02-08,BR036,C503970,TLR-2640,1603.95,cash deposit,CAD
CA00015738,2025-02-25,BR036,C501237,TLR-1818,1012.57,cash withdrawal,CAD
CA00016382,2025-02-08,BR038,C502628,TLR-7778,589.85,cash withdrawal,CAD
CA00009050,2025-02-22,BR002,C503845,TLR-1103,-2754.63,cash withdrawal,CAD
CA00015174,2025-02-17,BR033,C500886,TLR-9611,47.02,cash deposit,CAD
CA00013679,2025-02-20,BR026,C503722,TLR-7584,777.63,cash deposit,CAD
CA00015834,2025-02-21,BR036,C503472,TLR-1685,1288.74,cash deposit,CAD
CA00012134,2025-02-01,BR017,C501830,TLR-2986,1397.34,cash deposit,CAD
CA00016138,2025-02-20,BR037,C500703,TLR-3181,751.71,cash deposit,CAD
CA00012782,2025-02-22,BR021,C500162,TLR-9033,2151.75,cash withdrawal,CAD
CA00015765,2025-02-16,BR036,C503066,TLR-8309,1682.56,cash deposit,CAD
CA00013926,2025-02-13,BR027,C503332,TLR-1951,978.38,cash deposit,CAD
CA00012620,2025-02-13,BR020,C502988,TLR-1049,559.78,cash withdrawal,USD
CA00014332,2025-02-17,BR029,C502320,TLR-2806,4583.74,cash deposit,CAD
CA00011918,2025-02-02,BR016,C504000,TLR-8074,1414.85,cash withdrawal,CAD
CA00013061,2025-02-08,BR023,C500735,TLR-5092,1201.91,cash deposit,CAD
CA00012975,2025-02-27,BR022,C501072,TLR-9723,412.79,cash withdrawal,CAD
CA00011568,2025-02-15,BR015,C501595,TLR-7781,277.83,cash deposit,CAD
CA00011249,2025-02-20,BR014,C500347,TLR-6715,2316.0,cash withdrawal,CAD
CA00012903,2025-02-28,BR021,C500613,TLR-8967,973.26,cash deposit,CAD
CA00009076,2025-02-08,BR002,C500731,TLR-7891,-1183.2,cash withdrawal,CAD
CA00014330,2025-02-20,BR029,C500763,TLR-4069,1998.84,cash deposit,CAD
CA00017552,2025-02-23,BR040,C500371,TLR-6614,562.94,cash deposit,CAD
CA00016129,2025-02-07,BR037,C502924,TLR-3972,795.57,cash deposit,CAD
CA00017162,2025-02-09,BR040,C501795,TLR-3173,784.74,cash deposit,CAD
CA00016452,2025-02-21,BR039,C502783,TLR-9549,1519.07,cash withdrawal,CAD
CA00012102,2025-02-04,BR017,C501451,TLR-5315,1200.98,cash deposit,CAD
CA00009223,2025-02-27,BR003,C500844,TLR-5753,585.27,cash deposit,CAD
CA00014690,2025-02-09,BR030,C502964,TLR-2296,1494.75,cash withdrawal,CAD
CA00016460,2025-02-26,BR039,C503998,TLR-4627,538.93,cash withdrawal,CAD
CA00009548,2025-02-04,BR004,C500829,TLR-5988,909.02,cash withdrawal,CAD
CA00017571,2025-02-09,BR040,C502027,TLR-1332,400.6,cash deposit,CAD
CA00011665,2025-02-05,BR015,C502549,TLR-8687,1489.02,cash withdrawal,CAD
CA00013776,2025-02-07,BR026,C503233,TLR-6816,-289.57,cash withdrawal,CAD
CA00014062,2025-02-20,BR027,C502364,TLR-1406,2168.5,cash deposit,CAD
CA00009994,2025-02-08,BR006,C501486,TLR-8858,389.68,cash withdrawal,CAD
CA00014640,2025-02-25,BR030,C502176,TLR-8118,1375.38,cash deposit,CAD
CA00014655,2025-02-10,BR030,C500942,TLR-1410,1137.87,cash deposit,CAD
CA00016506,2025-02-02,BR039,C501464,TLR-7682,2436.05,cash deposit,CAD
CA00013255,2025-02-14,BR024,C503924,TLR-5066,2428.64,cash withdrawal,CAD
CA00010262,2025-02-19,BR007,C500219,TLR-6768,1071.51,cash deposit,CAD
CA00015608,2025-02-08,BR035,C502895,TLR-9677,223.49,cash deposit,CAD
CA00015369,2025-02-01,BR034,C500852,TLR-8707,368.56,cash deposit,CAD
CA00013437,2025-02-24,BR025,C500334,TLR-4221,-577.92,cash withdrawal,CAD
CA00010788,2025-02-16,BR010,C500489,TLR-6170,15751.93,cash deposit,CAD
CA00017002,2025-02-03,BR040,C500209,TLR-3644,1869.26,cash deposit,CAD
CA00010280,2025-02-13,BR007,C500433,TLR-7549,616.57,cash withdrawal,CAD
CA00016043,2025-02-17,BR037,C500225,TLR-3929,1651.87,cash withdrawal,CAD
CA00017078,2025-02-08,BR040,C501631,TLR-2517,1022.93,cash deposit,CAD
CA00010595,2025-02-22,BR009,C500659,TLR-5117,2056.72,cash deposit,CAD
CA00013682,2025-02-24,BR026,C500012,TLR-4335,258.39,cash deposit,CAD
CA00010752,2025-02-26,BR010,C502456,TLR-7788,594.52,cash deposit,CAD
CA00014557,2025-02-10,BR030,C500245,TLR-7302,1100.67,cash withdrawal,CAD
CA00014305,2025-02-28,BR029,C503063,TLR-3552,143.76,cash withdrawal,CAD
CA00017556,2025-02-20,BR040,C500626,TLR-5835,1200.04,cash deposit,CAD
CA00014429,2025-02-26,BR030,C502933,TLR-9901,385.74,cash deposit,CAD
CA00009163,2025-02-23,BR002,C500403,TLR-8006,1397.72,cash deposit,CAD
CA00014834,2025-02-18,BR031,C502294,TLR-8058,1476.67,cash deposit,CAD
CA00013694,2025-02-05,BR026,C503193,TLR-2054,-1152.66,cash withdrawal,CAD
CA00011775,2025-02-19,BR016,C500832,TLR-4525,766.35,cash deposit,CAD
CA00013180,2025-02-13,BR024,C500777,TLR-9298,495.33,cash withdrawal,CAD
CA00013461,2025-02-21,BR025,C502507,TLR-9243,-1150.04,cash withdrawal,CAD
CA00014877,2025-02-17,BR031,C501452,TLR-5115,310.53,cash deposit,CAD
CA00014509,2025-02-23,BR030,C500866,TLR-2166,772.68,cash withdrawal,CAD
CA00014460,2025-02-05,BR030,C503633,TLR-5475,1604.75,cash deposit,CAD
CA00016623,2025-02-26,BR039,C503422,TLR-1691,2944.84,cash deposit,CAD
CA00009760,2025-02-08,BR006,C503444,TLR-3930,576.4,cash withdrawal,CAD
CA00011700,2025-02-10,BR015,C503393,TLR-4503,538.58,cash deposit,CAD
CA00010499,2025-02-17,BR008,C503848,TLR-3218,6046.47,cash deposit,CAD
CA00014923,2025-02-10,BR031,C500307,TLR-4702,483.88,cash withdrawal,CAD
CA00014494,2025-02-27,BR030,C500895,TLR-7945,564.4,cash deposit,CAD
CA00009946,2025-02-09,BR006,C502489,TLR-8636,411.0,cash withdrawal,CAD
CA00014775,2025-02-01,BR031,C502146,TLR-5830,406.86,cash deposit,CAD
CA00010664,2025-02-22,BR010,C501411,TLR-5635,724.33,cash deposit,CAD
CA00013995,2025-02-05,BR027,C503892,TLR-6176,2634.46,cash withdrawal,CAD
CA00014245,2025-02-11,BR028,C500466,TLR-9325,1475.21,cash withdrawal,CAD
CA00013362,2025-02-05,BR024,C500173,TLR-9713,789.17,cash withdrawal,CAD
CA00016156,2025-02-13,BR037,C503447,TLR-4794,746.66,cash deposit,CAD
CA00013762,2025-02-24,BR026,C502799,TLR-5635,-989.06,cash withdrawal,CAD
CA00014168,2025-02-22,BR028,C501831,TLR-9221,1468.03,cash withdrawal,CAD
CA00013337,2025-02-22,BR024,C501041,TLR-7444,3285.4,cash withdrawal,CAD
CA00010110,2025-02-19,BR007,C502934,TLR-8366,608.61,cash deposit,CAD
CA00016232,2025-02-04,BR037,C501921,TLR-2301,2614.66,cash deposit,CAD
CA00013397,2025-02-27,BR024,C503754,TLR-1548,504.07,cash withdrawal,CAD
CA00011300,2025-02-22,BR014,C500080,TLR-3891,939.75,cash deposit,CAD
CA00017216,2025-02-04,BR040,C501029,TLR-1210,1082.52,cash deposit,CAD
CA00014929,2025-02-17,BR031,C501957,TLR-2882,726.0,cash withdrawal,CAD
CA00013025,2025-02-22,BR022,C502023,TLR-7432,1387.72,cash deposit,CAD
CA00010330,2025-02-26,BR008,C500875,TLR-4734,1282.87,cash withdrawal,CAD
CA00014927,2025-02-15,BR031,C500300,TLR-8701,1395.85,cash deposit,CAD
CA00014214,2025-02-25,BR028,C503548,TLR-7550,3795.65,cash withdrawal,CAD
CA00013171,2025-02-11,BR024,C502246,TLR-4687,2149.69,cash withdrawal,CAD
CA00016858,2025-02-17,BR040,C503956,TLR-1563,1007.19,cash withdrawal,CAD
CA00015465,2025-02-01,BR035,C503764,TLR-7197,1953.96,cash withdrawal,CAD
CA00014492,2025-02-08,BR030,C502111,TLR-9204,400.96,cash withdrawal,CAD
CA00013016,2025-02-02,BR022,C501111,TLR-1043,954.6,cash withdrawal,CAD
CA00013692,2025-02-17,BR026,C502853,TLR-2806,1365.63,cash deposit,CAD
CA00008733,2025-02-12,BR001,C503518,TLR-6817,580.21,cash deposit,CAD
CA00017597,2025-02-08,BR040,C502949,TLR-6019,637.03,cash deposit,CAD
CA00011744,2025-02-20,BR016,C503523,TLR-2660,291.17,cash deposit,CAD
CA00015840,2025-02-05,BR036,C502430,TLR-9468,565.52,cash withdrawal,CAD
CA00015162,2025-02-11,BR033,C503900,TLR-3129,826.14,cash withdrawal,CAD
CA00009338,2025-02-01,BR003,C503973,TLR-3294,984.22,cash withdrawal,CAD
CA00015350,2025-02-18,BR034,C500573,TLR-8476,925.12,cash deposit,CAD
CA00013890,2025-02-13,BR026,C500267,TLR-6458,958.78,cash deposit,CAD
CA00011106,2025-02-15,BR012,C500207,TLR-4205,322.3,cash deposit,CAD
CA00013527,2025-02-02,BR025,C503127,TLR-2535,-1449.18,cash withdrawal,CAD
CA00016146,2025-02-15,BR037,C502953,TLR-2915,694.49,cash withdrawal,CAD
CA00014933,2025-02-18,BR031,C500175,TLR-9492,1741.43,cash deposit,CAD
CA00009168,2025-02-01,BR002,C501752,TLR-3840,-1955.67,cash withdrawal,CAD
CA00015565,2025-02-17,BR035,C501970,TLR-3515,207.32,cash deposit,CAD
CA00014734,2025-02-03,BR031,C500744,TLR-5525,315.6,cash deposit,CAD
CA00009096,2025-02-05,BR002,C501858,TLR-3535,2778.35,cash deposit,CAD
CA00011159,2025-02-25,BR013,C500133,TLR-9758,2261.1,cash deposit,CAD
CA00012533,2025-02-24,BR019,C500958,TLR-1219,728.38,cash withdrawal,CAD
CA00016946,2025-02-05,BR040,C501247,TLR-9777,1174.42,cash withdrawal,CAD
CA00012294,2025-02-04,BR018,C502338,TLR-7502,1715.12,cash withdrawal,CAD
CA00014749,2025-02-03,BR031,C500255,TLR-9095,979.59,cash withdrawal,CAD
CA00015036,2025-02-20,BR032,C503052,TLR-9978,632.28,cash deposit,CAD
CA00013308,2025-02-21,BR024,C500277,TLR-3445,662.65,cash deposit,CAD
CA00012492,2025-02-27,BR019,C501054,TLR-4674,1568.32,cash deposit,CAD
CA00009033,2025-02-24,BR002,C500563,TLR-8012,1445.47,cash deposit,CAD
CA00016402,2025-02-22,BR038,C500784,TLR-6805,556.83,cash withdrawal,CAD
CA00015293,2025-02-11,BR034,C500017,TLR-9258,1206.42,cash deposit,CAD
CA00012516,2025-02-22,BR019,C503346,TLR-2350,633.06,cash deposit,CAD
CA00012182,2025-02-22,BR017,C502744,TLR-6800,1611.3,cash deposit,CAD
CA00016105,2025-02-16,BR037,C502558,TLR-9977,828.35,cash withdrawal,CAD
CA00009170,2025-02-19,BR002,C500716,TLR-8952,1285.81,cash deposit,CAD
CA00013975,2025-02-18,BR027,C502052,TLR-3245,1851.22,cash deposit,CAD
CA00013851,2025-02-14,BR026,C502424,TLR-4103,2555.16,cash deposit,CAD
CA00017247,2025-02-13,BR040,C500608,TLR-9988,1857.13,cash withdrawal,CAD
CA00012664,2025-02-24,BR020,C501152,TLR-9954,755.72,cash withdrawal,USD
CA00010961,2025-02-23,BR012,C501718,TLR-1184,875.23,cash withdrawal,CAD
CA00013999,2025-02-23,BR027,C502702,TLR-5769,676.32,cash deposit,CAD
CA00010566,2025-02-04,BR009,C503850,TLR-8600,3362.16,cash withdrawal,CAD
CA00014301,2025-02-10,BR029,C502522,TLR-8664,616.04,cash withdrawal,CAD
CA00013289,2025-02-03,BR024,C503391,TLR-1582,2526.74,cash deposit,CAD
CA00012847,2025-02-11,BR021,C502772,TLR-8767,860.35,cash withdrawal,CAD
CA00014766,2025-02-17,BR031,C503417,TLR-9786,610.8,cash withdrawal,CAD
CA00017076,2025-02-14,BR040,C502641,TLR-7506,686.38,cash withdrawal,CAD
CA00013803,2025-02-23,BR026,C502673,TLR-8116,-1391.39,cash withdrawal,CAD
CA00010191,2025-02-19,BR007,C501337,TLR-5064,2097.45,cash deposit,CAD
CA00016758,2025-02-25,BR040,C502964,TLR-1792,1053.6,cash deposit,CAD
CA00015985,2025-02-03,BR037,C500317,TLR-9627,1146.18,cash deposit,CAD
CA00011373,2025-02-03,BR014,C500455,TLR-5078,770.97,cash withdrawal,CAD
CA00008858,2025-02-14,BR001,C502258,TLR-1788,2031.32,cash withdrawal,CAD
CA00010808,2025-02-08,BR010,C503698,TLR-3203,264.84,cash withdrawal,CAD
CA00016528,2025-02-16,BR039,C503058,TLR-2032,1157.66,cash deposit,CAD
CA00009771,2025-02-09,BR006,C501708,TLR-6523,920.81,cash deposit,CAD
CA00017101,2025-02-07,BR040,C502276,TLR-3565,948.3,cash deposit,CAD
CA00009182,2025-02-13,BR003,C502690,TLR-8590,654.86,cash deposit,CAD
CA00014272,2025-02-25,BR029,C500476,TLR-9821,1020.49,cash withdrawal,CAD
CA00017091,2025-02-04,BR040,C501014,TLR-8249,1291.94,cash deposit,CAD
CA00009755,2025-02-22,BR005,C501767,TLR-1663,1105.12,cash deposit,CAD
CA00014035,2025-02-03,BR027,C502730,TLR-6587,853.49,cash deposit,CAD
CA00008757,2025-02-27,BR001,C503066,TLR-4437,903.21,cash withdrawal,CAD
CA00015294,2025-02-26,BR034,C500946,TLR-7803,1060.01,cash deposit,CAD
CA00013872,2025-02-05,BR026,C502524,TLR-1642,529.36,cash deposit,CAD
CA00011762,2025-02-02,BR016,C502517,TLR-6665,884.53,cash deposit,CAD
CA00016578,2025-02-26,BR039,C502157,TLR-6075,1236.96,cash deposit,CAD
CA00012908,2025-02-23,BR021,C502793,TLR-2908,1648.47,cash deposit,CAD
CA00014678,2025-02-14,BR030,C503799,TLR-3956,631.22,cash withdrawal,CAD
CA00008775,2025-02-15,BR001,C502652,TLR-3468,1331.36,cash deposit,CAD
CA00009377,2025-02-08,BR003,C502036,TLR-9236,2301.56,cash deposit,CAD
CA00013512,2025-02-07,BR025,C502347,TLR-7709,2049.13,cash deposit,CAD
CA00012934,2025-02-07,BR021,C501045,TLR-2596,1552.67,cash deposit,CAD
CA00013614,2025-02-16,BR025,C503608,TLR-1781,1219.6,cash deposit,CAD
CA00017466,2025-02-26,BR040,C503833,TLR-8425,2459.63,cash withdrawal,CAD
CA00008893,2025-02-10,BR001,C501541,TLR-1548,550.52,cash withdrawal,CAD
CA00015310,2025-02-15,BR034,C500949,TLR-9399,1536.08,cash withdrawal,CAD
CA00010095,2025-02-03,BR007,C502239,TLR-7801,309.84,cash withdrawal,CAD
CA00009714,2025-02-25,BR005,C503800,TLR-9097,1273.16,cash withdrawal,CAD
CA00017664,2025-02-24,BR040,C502968,TLR-3528,2614.33,cash withdrawal,CAD
CA00011421,2025-02-23,BR014,C500892,TLR-6070,3441.48,cash deposit,CAD
CA00013807,2025-02-04,BR026,C502841,TLR-5613,718.24,cash deposit,CAD
CA00014111,2025-02-28,BR028,C503831,TLR-5031,826.88,cash withdrawal,CAD
CA00010817,2025-02-14,BR010,C500489,TLR-5432,992.74,cash deposit,CAD
CA00009156,2025-02-19,BR002,C503198,TLR-8617,-2143.06,cash withdrawal,CAD
CA00015606,2025-02-21,BR035,C500982,TLR-4890,1636.79,cash withdrawal,CAD
CA00017140,2025-02-26,BR040,C502594,TLR-3412,391.68,cash deposit,CAD
CA00014868,2025-02-25,BR031,C500128,TLR-4008,2814.9,cash withdrawal,CAD
CA00013712,2025-02-28,BR026,C502476,TLR-5544,-628.81,cash withdrawal,CAD
CA00010693,2025-02-08,BR010,C501654,TLR-1089,1162.83,cash deposit,CAD
CA00016205,2025-02-17,BR037,C502463,TLR-3921,320.61,cash deposit,CAD
CA00017601,2025-02-08,BR040,C503714,TLR-1705,5191.08,cash withdrawal,CAD
CA00010832,2025-02-21,BR010,C502103,TLR-1681,445.01,cash withdrawal,CAD
CA00014404,2025-02-27,BR030,C503289,TLR-4729,2508.55,cash deposit,CAD
CA00011903,2025-02-04,BR016,C500615,TLR-6891,903.42,cash withdrawal,CAD
CA00013592,2025-02-22,BR025,C500332,TLR-4816,-468.49,cash withdrawal,CAD
CA00014314,2025-02-07,BR029,C503611,TLR-9012,754.46,cash withdrawal,CAD
CA00010218,2025-02-17,BR007,C503283,TLR-3488,572.83,cash deposit,CAD
CA00016853,2025-02-07,BR040,C503808,TLR-2733,369.32,cash withdrawal,CAD
CA00009272,2025-02-14,BR003,C502914,TLR-1000,1115.62,cash deposit,CAD
CA00014763,2025-02-05,BR031,C501877,TLR-8801,659.54,cash deposit,CAD
CA00016993,2025-02-16,BR040,C501203,TLR-1340,785.98,cash deposit,CAD
CA00010224,2025-02-18,BR007,C501980,TLR-3085,946.82,cash deposit,CAD
CA00012353,2025-02-11,BR019,C500856,TLR-5560,890.47,cash deposit,CAD
CA00011988,2025-02-23,BR017,C503278,TLR-4707,2109.05,cash withdrawal,CAD
CA00012725,2025-02-18,BR020,C501745,TLR-5375,544.69,cash withdrawal,USD
CA00011065,2025-02-14,BR012,C501521,TLR-7358,349.19,cash deposit,CAD
CA00017183,2025-02-04,BR040,C501373,TLR-7203,411.53,cash deposit,CAD
CA00008900,2025-02-08,BR001,C503962,TLR-2643,685.75,cash withdrawal,CAD
CA00016986,2025-02-14,BR040,C503310,TLR-9318,858.33,cash withdrawal,CAD
CA00014331,2025-02-26,BR029,C500931,TLR-8455,983.81,cash withdrawal,CAD
CA00013383,2025-02-03,BR024,C502122,TLR-7010,2700.42,cash deposit,CAD
CA00014567,2025-02-15,BR030,C500682,TLR-7035,1179.94,cash withdrawal,CAD
CA00014023,2025-02-17,BR027,C503522,TLR-6265,3012.06,cash deposit,CAD
CA00013401,2025-02-09,BR024,C503049,TLR-4083,2567.58,cash withdrawal,CAD
CA00009874,2025-02-16,BR006,C503502,TLR-9452,941.51,cash withdrawal,CAD
CA00009138,2025-02-15,BR002,C502399,TLR-4991,6163.08,cash deposit,CAD
CA00010272,2025-02-16,BR007,C501123,TLR-5955,909.45,cash deposit,CAD
CA00014059,2025-02-20,BR027,C503773,TLR-9505,275.55,cash withdrawal,CAD
CA00016428,2025-02-27,BR038,C501263,TLR-8419,432.35,cash withdrawal,CAD
CA00012224,2025-02-24,BR018,C500603,TLR-6832,1242.73,cash withdrawal,CAD
CA00012534,2025-02-11,BR019,C500073,TLR-9410,1262.18,cash deposit,CAD
CA00014821,2025-02-13,BR031,C501868,TLR-5198,694.62,cash withdrawal,CAD
CA00015420,2025-02-05,BR034,C503568,TLR-9679,1236.38,cash deposit,CAD
CA00008846,2025-02-21,BR001,C503575,TLR-7322,6236.43,cash withdrawal,CAD
CA00009320,2025-02-20,BR003,C501019,TLR-6911,315.71,cash withdrawal,CAD
CA00011255,2025-02-20,BR014,C501730,TLR-3259,1385.66,cash deposit,CAD
CA00014704,2025-02-23,BR030,C503371,TLR-5871,681.62,cash deposit,CAD
CA00015235,2025-02-26,BR033,C500327,TLR-4096,677.52,cash withdrawal,CAD
CA00016006,2025-02-26,BR037,C502253,TLR-4573,972.37,cash deposit,CAD
CA00013757,2025-02-24,BR026,C503766,TLR-1369,3304.9,cash deposit,CAD
CA00009028,2025-02-02,BR002,C502078,TLR-8365,517.25,cash deposit,CAD
CA00012214,2025-02-02,BR018,C501980,TLR-7221,897.2,cash deposit,CAD
CA00013154,2025-02-24,BR023,C500766,TLR-7760,329.12,cash withdrawal,CAD
CA00013150,2025-02-22,BR023,C503629,TLR-3372,1107.26,cash deposit,CAD
CA00016874,2025-02-14,BR040,C501600,TLR-4175,1629.31,cash withdrawal,CAD
CA00010213,2025-02-25,BR007,C503368,TLR-2278,472.52,cash withdrawal,CAD
CA00011661,2025-02-02,BR015,C503907,TLR-1494,520.83,cash withdrawal,CAD
CA00016873,2025-02-27,BR040,C503454,TLR-9865,1195.82,cash deposit,CAD
CA00010215,2025-02-05,BR007,C503522,TLR-3908,734.31,cash withdrawal,CAD
CA00016060,2025-02-04,BR037,C501610,TLR-8368,1307.66,cash deposit,CAD
CA00014975,2025-02-11,BR031,C503034,TLR-4537,827.05,cash withdrawal,CAD
CA00008839,2025-02-06,BR001,C500781,TLR-6802,991.16,cash withdrawal,CAD
CA00008952,2025-02-13,BR001,C502068,TLR-8412,456.59,cash deposit,CAD
CA00011039,2025-02-24,BR012,C501301,TLR-4245,1110.12,cash withdrawal,CAD
CA00016829,2025-02-05,BR040,C500605,TLR-2451,2643.76,cash deposit,CAD
CA00015496,2025-02-16,BR035,C503889,TLR-5526,825.2,cash withdrawal,CAD
CA00016883,2025-02-24,BR040,C501765,TLR-9027,1058.27,cash withdrawal,CAD
CA00014705,2025-02-28,BR030,C502284,TLR-8009,422.79,cash deposit,CAD
CA00009405,2025-02-07,BR003,C501223,TLR-6644,1067.79,cash withdrawal,CAD
CA00016216,2025-02-03,BR037,C501377,TLR-4442,700.66,cash deposit,CAD
CA00012524,2025-02-11,BR019,C503907,TLR-6747,558.83,cash withdrawal,CAD
CA00013423,2025-02-21,BR024,C502078,TLR-1840,1070.29,cash deposit,CAD
CA00012897,2025-02-04,BR021,C502769,TLR-5014,2462.55,cash withdrawal,CAD
CA00013809,2025-02-13,BR026,C503588,TLR-1665,-780.83,cash withdrawal,CAD
CA00013317,2025-02-21,BR024,C502600,TLR-7084,680.93,cash deposit,CAD
CA00015626,2025-02-20,BR035,C501853,TLR-7175,1026.92,cash withdrawal,CAD
CA00014898,2025-02-18,BR031,C501778,TLR-8358,2104.48,cash withdrawal,CAD
CA00017098,2025-02-14,BR040,C502394,TLR-5344,806.5,cash deposit,CAD
CA00013702,2025-02-18,BR026,C501282,TLR-8588,-2701.03,cash withdrawal,CAD
CA00010657,2025-02-10,BR010,C503737,TLR-4640,598.75,cash deposit,CAD
CA00013320,2025-02-27,BR024,C500020,TLR-1786,1040.42,cash deposit,CAD
CA00011424,2025-02-21,BR014,C503059,TLR-7939,2085.97,cash deposit,CAD
CA00009508,2025-02-06,BR004,C501677,TLR-4987,892.49,cash withdrawal,CAD
CA00009452,2025-02-20,BR004,C502991,TLR-7955,494.12,cash withdrawal,CAD
CA00011915,2025-02-21,BR016,C503592,TLR-7856,453.71,cash deposit,CAD
CA00013467,2025-02-16,BR025,C500909,TLR-4086,-147.23,cash withdrawal,CAD
CA00014782,2025-02-27,BR031,C503909,TLR-1602,764.3,cash deposit,CAD
CA00013674,2025-02-06,BR026,C501942,TLR-4354,-1641.68,cash withdrawal,CAD
CA00014407,2025-02-02,BR030,C500062,TLR-9336,1425.3,cash deposit,CAD
CA00014807,2025-02-25,BR031,C500117,TLR-9813,882.57,cash withdrawal,CAD
CA00011545,2025-02-11,BR015,C500064,TLR-3051,810.93,cash withdrawal,CAD
CA00015062,2025-02-20,BR032,C502608,TLR-5896,1572.47,cash withdrawal,CAD
CA00016591,2025-02-04,BR039,C501639,TLR-3406,1270.01,cash deposit,CAD
CA00015082,2025-02-05,BR032,C503917,TLR-5536,821.53,cash withdrawal,CAD
CA00008817,2025-02-17,BR001,C503856,TLR-3800,3407.99,cash withdrawal,CAD
CA00017407,2025-02-03,BR040,C502579,TLR-6554,651.62,cash deposit,CAD
CA00014238,2025-02-13,BR028,C502893,TLR-8060,456.59,cash withdrawal,CAD
CA00012604,2025-02-25,BR020,C503868,TLR-2515,1709.67,cash deposit,USD
CA00012127,2025-02-08,BR017,C502219,TLR-5720,881.54,cash withdrawal,CAD
CA00008745,2025-02-28,BR001,C501320,TLR-6109,466.52,cash deposit,CAD
CA00009653,2025-02-26,BR004,C500020,TLR-7022,255.35,cash deposit,CAD
CA00014357,2025-02-01,BR029,C503837,TLR-6210,2648.89,cash deposit,CAD
CA00009164,2025-02-22,BR002,C500361,TLR-3767,1389.39,cash deposit,CAD
CA00012413,2025-02-01,BR019,C501802,TLR-5606,1321.37,cash withdrawal,CAD
CA00012612,2025-02-18,BR020,C503220,TLR-5203,3343.06,cash deposit,USD
CA00014178,2025-02-18,BR028,C500835,TLR-5913,510.82,cash deposit,CAD
CA00010842,2025-02-06,BR010,C500769,TLR-8977,1339.22,cash withdrawal,CAD
CA00010756,2025-02-04,BR010,C501800,TLR-4552,296.05,cash withdrawal,CAD
CA00010655,2025-02-24,BR010,C503661,TLR-1278,1657.8,cash withdrawal,CAD
CA00012420,2025-02-27,BR019,C502826,TLR-9351,501.11,cash withdrawal,CAD
CA00017491,2025-02-18,BR040,C502478,TLR-5616,405.06,cash deposit,CAD
CA00014158,2025-02-15,BR028,C503769,TLR-6734,5548.69,cash deposit,CAD
CA00009734,2025-02-05,BR005,C501218,TLR-9060,995.11,cash withdrawal,CAD
CA00009853,2025-02-22,BR006,C503650,TLR-1000,591.74,cash withdrawal,CAD
CA00017093,2025-02-27,BR040,C502422,TLR-5560,941.35,cash withdrawal,CAD
CA00012392,2025-02-18,BR019,C500300,TLR-6404,794.71,cash deposit,CAD
CA00015430,2025-02-17,BR034,C502136,TLR-4577,1225.8,cash withdrawal,CAD
CA00012397,2025-02-14,BR019,C501415,TLR-2913,257.16,cash deposit,CAD
CA00016752,2025-02-03,BR040,C502036,TLR-5129,857.5,cash deposit,CAD
CA00012076,2025-02-22,BR017,C500244,TLR-9765,593.53,cash withdrawal,CAD
CA00012553,2025-02-24,BR019,C501932,TLR-3784,445.63,cash deposit,CAD
CA00017616,2025-02-09,BR040,C501284,TLR-7237,599.18,cash deposit,CAD
CA00014201,2025-02-14,BR028,C501126,TLR-6195,738.71,cash deposit,CAD
CA00015044,2025-02-16,BR032,C500820,TLR-6641,2478.34,cash withdrawal,CAD
CA00012403,2025-02-08,BR019,C502682,TLR-8032,528.18,cash withdrawal,CAD
CA00014773,2025-02-25,BR031,C500953,TLR-8016,3790.71,cash withdrawal,CAD
CA00015446,2025-02-03,BR034,C502937,TLR-9923,1334.25,cash deposit,CAD
CA00011923,2025-02-28,BR016,C501816,TLR-9157,246.92,cash deposit,CAD
CA00012751,2025-02-03,BR020,C500565,TLR-4483,829.13,cash withdrawal,USD
CA00015110,2025-02-11,BR033,C500933,TLR-6185,134.35,cash deposit,CAD
CA00010901,2025-02-04,BR011,C501781,TLR-2968,781.32,cash deposit,CAD
CA00010936,2025-02-03,BR012,C500733,TLR-6139,3608.5,cash withdrawal,CAD
CA00017499,2025-02-12,BR040,C503267,TLR-5312,1215.01,cash withdrawal,CAD
CA00016439,2025-02-24,BR038,C502399,TLR-5802,854.59,cash deposit,CAD
CA00014772,2025-02-01,BR031,C502286,TLR-6568,717.35,cash withdrawal,CAD
CA00017152,2025-02-17,BR040,C500300,TLR-9994,2704.43,cash withdrawal,CAD
CA00016249,2025-02-19,BR037,C500242,TLR-1284,1458.36,cash deposit,CAD
CA00011152,2025-02-09,BR013,C502644,TLR-1966,3660.9,cash deposit,CAD
CA00014246,2025-02-08,BR029,C502987,TLR-8587,2144.53,cash deposit,CAD
CA00014725,2025-02-08,BR031,C502493,TLR-2512,3068.8,cash withdrawal,CAD
CA00017475,2025-02-21,BR040,C501712,TLR-2389,2003.08,cash deposit,CAD
CA00015550,2025-02-22,BR035,C501199,TLR-7176,1257.74,cash deposit,CAD
CA00011336,2025-02-15,BR014,C501211,TLR-4170,1023.19,cash withdrawal,CAD
CA00012697,2025-02-23,BR020,C502883,TLR-7167,326.34,cash deposit,USD
CA00017165,2025-02-14,BR040,C500816,TLR-9736,465.89,cash withdrawal,CAD
CA00016049,2025-02-20,BR037,C500370,TLR-3766,875.04,cash withdrawal,CAD
CA00014307,2025-02-11,BR029,C501101,TLR-2264,470.42,cash deposit,CAD
CA00013424,2025-02-09,BR024,C501594,TLR-6229,922.79,cash withdrawal,CAD
CA00011983,2025-02-09,BR017,C502739,TLR-2818,1599.84,cash withdrawal,CAD
CA00015901,2025-02-11,BR036,C500657,TLR-1873,537.43,cash withdrawal,CAD
CA00011894,2025-02-16,BR016,C501307,TLR-1527,767.38,cash withdrawal,CAD
CA00016560,2025-02-01,BR039,C500413,TLR-3495,1204.41,cash deposit,CAD
CA00009833,2025-02-16,BR006,C500923,TLR-9159,937.96,cash deposit,CAD
CA00011103,2025-02-22,BR012,C501153,TLR-1401,1286.17,cash deposit,CAD
CA00013608,2025-02-23,BR025,C501355,TLR-6397,1196.08,cash deposit,CAD
CA00009198,2025-02-27,BR003,C503882,TLR-7245,458.7,cash withdrawal,CAD
CA00016714,2025-02-17,BR040,C501986,TLR-9625,1608.01,cash deposit,CAD
CA00013388,2025-02-09,BR024,C500411,TLR-4254,1057.27,cash withdrawal,CAD
CA00015888,2025-02-11,BR036,C500926,TLR-6155,1355.49,cash deposit,CAD
CA00015397,2025-02-05,BR034,C501607,TLR-2508,674.72,cash withdrawal,CAD
CA00015192,2025-02-06,BR033,C501637,TLR-4107,3327.34,cash deposit,CAD
CA00014624,2025-02-08,BR030,C503643,TLR-9514,1530.61,cash deposit,CAD
CA00010192,2025-02-25,BR007,C501174,TLR-5833,2257.94,cash deposit,CAD
CA00013218,2025-02-15,BR024,C501017,TLR-7241,292.19,cash deposit,CAD
CA00013941,2025-02-14,BR027,C501884,TLR-4324,1015.0,cash withdrawal,CAD
CA00014144,2025-02-17,BR028,C501118,TLR-2116,444.43,cash deposit,CAD
CA00012878,2025-02-04,BR021,C502301,TLR-9239,1283.91,cash deposit,CAD
CA00010861,2025-02-16,BR011,C500435,TLR-4513,3148.25,cash withdrawal,CAD
CA00011994,2025-02-01,BR017,C500795,TLR-6333,1662.55,cash withdrawal,CAD
CA00017056,2025-02-11,BR040,C500924,TLR-3750,1226.12,cash deposit,CAD
CA00015937,2025-02-04,BR036,C501590,TLR-1913,979.0,cash withdrawal,CAD
CA00009430,2025-02-10,BR004,C503864,TLR-9599,2469.87,cash withdrawal,CAD
CA00015441,2025-02-01,BR034,C500423,TLR-6062,533.76,cash deposit,CAD
CA00010722,2025-02-10,BR010,C501174,TLR-2549,631.68,cash withdrawal,CAD
CA00012185,2025-02-25,BR018,C500164,TLR-8428,1643.08,cash deposit,CAD
CA00010082,2025-02-07,BR007,C502806,TLR-1686,964.05,cash deposit,CAD
CA00009694,2025-02-28,BR005,C502761,TLR-1326,1291.45,cash deposit,CAD
CA00017261,2025-02-13,BR040,C500585,TLR-1498,770.86,cash deposit,CAD
CA00015463,2025-02-09,BR035,C500331,TLR-9217,620.22,cash deposit,CAD
CA00012874,2025-02-04,BR021,C503430,TLR-3891,273.56,cash deposit,CAD
CA00016916,2025-02-01,BR040,C503641,TLR-3111,784.63,cash withdrawal,CAD
CA00009062,2025-02-09,BR002,C502416,TLR-9616,1610.84,cash deposit,CAD
CA00012985,2025-02-26,BR022,C502729,TLR-6619,996.8,cash withdrawal,CAD
CA00012200,2025-02-01,BR018,C503579,TLR-7463,1483.13,cash withdrawal,CAD
CA00014587,2025-02-09,BR030,C502293,TLR-3476,491.27,cash withdrawal,CAD
CA00009697,2025-02-10,BR005,C502086,TLR-2045,1293.87,cash deposit,CAD
CA00010286,2025-02-06,BR008,C500218,TLR-1767,1012.69,cash deposit,CAD
CA00011242,2025-02-16,BR014,C500415,TLR-4874,620.05,cash withdrawal,CAD
CA00009550,2025-02-23,BR004,C501637,TLR-1706,483.28,cash withdrawal,CAD
CA00014453,2025-02-09,BR030,C500997,TLR-8141,868.57,cash deposit,CAD
CA00015481,2025-02-12,BR035,C502910,TLR-6126,656.93,cash deposit,CAD
CA00012299,2025-02-26,BR018,C503220,TLR-5966,760.97,cash withdrawal,CAD
CA00015319,2025-02-13,BR034,C502227,TLR-7129,585.57,cash deposit,CAD
CA00012817,2025-02-12,BR021,C502550,TLR-2062,875.21,cash withdrawal,CAD
CA00011820,2025-02-12,BR016,C500958,TLR-8324,562.21,cash deposit,CAD
CA00009555,2025-02-18,BR004,C500573,TLR-7459,581.73,cash withdrawal,CAD
CA00012710,2025-02-10,BR020,C500194,TLR-9107,1180.02,cash deposit,USD
CA00011007,2025-02-03,BR012,C501003,TLR-5119,756.01,cash withdrawal,CAD
CA00016962,2025-02-12,BR040,C501284,TLR-1135,279.45,cash withdrawal,CAD
CA00009656,2025-02-13,BR004,C501108,TLR-8248,939.06,cash deposit,CAD
CA00011978,2025-02-23,BR017,C501971,TLR-5070,1252.58,cash withdrawal,CAD
CA00014339,2025-02-18,BR029,C501997,TLR-1041,213.06,cash withdrawal,CAD
CA00011880,2025-02-17,BR016,C502727,TLR-4123,749.36,cash deposit,CAD
CA00016072,2025-02-23,BR037,C503449,TLR-5754,872.88,cash deposit,CAD
CA00012187,2025-02-16,BR018,C503864,TLR-1818,1685.76,cash withdrawal,CAD
CA00013619,2025-02-02,BR025,C502273,TLR-6317,-741.45,cash withdrawal,CAD
CA00015890,2025-02-10,BR036,C500202,TLR-2215,233.29,cash deposit,CAD
CA00012405,2025-02-24,BR019,C500455,TLR-4185,1302.85,cash deposit,CAD
CA00010667,2025-02-16,BR010,C501084,TLR-6599,2060.7,cash deposit,CAD
CA00012170,2025-02-24,BR017,C502695,TLR-6070,1923.84,cash deposit,CAD
CA00010158,2025-02-22,BR007,C502259,TLR-5348,734.26,cash deposit,CAD
CA00008995,2025-02-03,BR001,C503300,TLR-5222,1252.77,cash withdrawal,CAD
CA00016929,2025-02-23,BR040,C503242,TLR-3150,658.57,cash deposit,CAD
CA00014581,2025-02-16,BR030,C503397,TLR-5897,1250.73,cash deposit,CAD
CA00010934,2025-02-26,BR012,C503415,TLR-5103,2449.93,cash deposit,CAD
CA00013133,2025-02-09,BR023,C503347,TLR-4348,1103.89,cash withdrawal,CAD
CA00012521,2025-02-12,BR019,C500236,TLR-2211,1409.74,cash deposit,CAD
CA00012827,2025-02-07,BR021,C503047,TLR-1751,374.61,cash deposit,CAD
CA00013825,2025-02-21,BR026,C503323,TLR-6943,3424.04,cash deposit,CAD
CA00009495,2025-02-04,BR004,C503575,TLR-9763,505.84,cash withdrawal,CAD
CA00016406,2025-02-18,BR038,C503002,TLR-2703,1106.61,cash withdrawal,CAD
CA00013848,2025-02-07,BR026,C501824,TLR-1964,-404.51,cash withdrawal,CAD
CA00012137,2025-02-13,BR017,C503208,TLR-2805,593.97,cash deposit,CAD
CA00015966,2025-02-07,BR036,C503958,TLR-6445,1920.57,cash withdrawal,CAD
CA00016368,2025-02-27,BR038,C501786,TLR-9527,1197.91,cash deposit,CAD
CA00008935,2025-02-28,BR001,C500149,TLR-5213,692.31,cash withdrawal,CAD
CA00011335,2025-02-28,BR014,C501593,TLR-9375,1717.38,cash deposit,CAD
CA00014380,2025-02-24,BR029,C500705,TLR-5706,2180.87,cash deposit,CAD
CA00010216,2025-02-28,BR007,C502090,TLR-9342,1222.17,cash withdrawal,CAD
CA00009154,2025-02-21,BR002,C503819,TLR-2847,-739.09,cash withdrawal,CAD
CA00011151,2025-02-10,BR013,C501456,TLR-6892,903.43,cash withdrawal,CAD
CA00009285,2025-02-02,BR003,C501852,TLR-7861,471.12,cash deposit,CAD
CA00016329,2025-02-10,BR038,C503657,TLR-1183,553.67,cash deposit,CAD
CA00010612,2025-02-21,BR009,C501775,TLR-9058,616.99,cash deposit,CAD
CA00010801,2025-02-05,BR010,C501710,TLR-4621,706.22,cash deposit,CAD
CA00011216,2025-02-12,BR013,C503801,TLR-5746,660.56,cash withdrawal,CAD
CA00012402,2025-02-06,BR019,C502193,TLR-8025,1103.44,cash withdrawal,CAD
CA00011371,2025-02-06,BR014,C503540,TLR-1285,1225.18,cash withdrawal,CAD
CA00014571,2025-02-12,BR030,C501915,TLR-9563,1316.32,cash withdrawal,CAD
CA00014943,2025-02-17,BR031,C500743,TLR-8991,744.6,cash deposit,CAD
CA00010757,2025-02-06,BR010,C501249,TLR-7585,474.26,cash deposit,CAD
CA00011975,2025-02-17,BR017,C501665,TLR-4401,623.98,cash deposit,CAD
CA00016282,2025-02-05,BR038,C501739,TLR-1399,2375.75,cash deposit,CAD
CA00009917,2025-02-11,BR006,C502655,TLR-5463,1189.18,cash withdrawal,CAD
CA00015106,2025-02-08,BR032,C501359,TLR-5676,587.48,cash deposit,CAD
CA00013735,2025-02-25,BR026,C501049,TLR-2207,-1112.63,cash withdrawal,CAD
CA00013795,2025-02-17,BR026,C501613,TLR-2126,684.14,cash deposit,CAD
CA00014890,2025-02-09,BR031,C502813,TLR-8659,970.41,cash deposit,CAD
CA00017420,2025-02-27,BR040,C502636,TLR-2527,694.65,cash deposit,CAD
CA00011492,2025-02-02,BR015,C500050,TLR-5873,1031.29,cash withdrawal,CAD
CA00011509,2025-02-14,BR015,C500460,TLR-1712,901.25,cash withdrawal,CAD
CA00017368,2025-02-23,BR040,C501450,TLR-1238,942.68,cash withdrawal,CAD
CA00013491,2025-02-23,BR025,C502964,TLR-4226,-2246.45,cash withdrawal,CAD
CA00011472,2025-02-16,BR015,C501850,TLR-3272,533.94,cash deposit,CAD
CA00013575,2025-02-06,BR025,C500207,TLR-4740,-2936.83,cash withdrawal,CAD
CA00016204,2025-02-19,BR037,C500480,TLR-4250,1328.63,cash withdrawal,CAD
CA00013509,2025-02-22,BR025,C503777,TLR-6122,-1545.91,cash withdrawal,CAD
CA00016202,2025-02-07,BR037,C502569,TLR-2198,633.55,cash deposit,CAD
CA00015807,2025-02-17,BR036,C500763,TLR-9038,624.06,cash deposit,CAD
CA00010583,2025-02-05,BR009,C500443,TLR-5215,560.29,cash deposit,CAD
CA00010989,2025-02-03,BR012,C500871,TLR-1510,565.01,cash deposit,CAD
CA00013904,2025-02-11,BR026,C503926,TLR-4914,-670.77,cash withdrawal,CAD
CA00013049,2025-02-01,BR023,C500461,TLR-4107,2063.76,cash deposit,CAD
CA00010593,2025-02-25,BR009,C500375,TLR-1407,2701.18,cash withdrawal,CAD
CA00009674,2025-02-09,BR004,C503316,TLR-7018,1001.49,cash withdrawal,CAD
CA00012461,2025-02-25,BR019,C503768,TLR-9464,2029.89,cash deposit,CAD
CA00011426,2025-02-03,BR014,C500314,TLR-3382,941.26,cash withdrawal,CAD
CA00016650,2025-02-17,BR039,C500011,TLR-6722,1600.62,cash deposit,CAD
CA00010139,2025-02-26,BR007,C503571,TLR-7111,2984.03,cash deposit,CAD
CA00016291,2025-02-06,BR038,C503356,TLR-1155,1031.63,cash withdrawal,CAD
CA00013653,2025-02-01,BR025,C503861,TLR-6114,1200.53,cash deposit,CAD
CA00017530,2025-02-10,BR040,C501789,TLR-1911,708.07,cash withdrawal,CAD
CA00017433,2025-02-03,BR040,C500702,TLR-8306,1147.99,cash deposit,CAD
CA00015772,2025-02-21,BR036,C503036,TLR-7103,4715.98,cash deposit,CAD
CA00013767,2025-02-07,BR026,C501184,TLR-9317,-1013.34,cash withdrawal,CAD
CA00013759,2025-02-19,BR026,C502508,TLR-4294,-416.45,cash withdrawal,CAD
CA00016606,2025-02-18,BR039,C503267,TLR-9753,686.62,cash withdrawal,CAD
CA00009114,2025-02-24,BR002,C500186,TLR-9525,546.88,cash deposit,CAD
CA00011828,2025-02-20,BR016,C500901,TLR-9990,217.8,cash deposit,CAD
CA00013703,2025-02-24,BR026,C503733,TLR-9043,1285.27,cash deposit,CAD
CA00012565,2025-02-18,BR019,C500229,TLR-1546,377.31,cash withdrawal,CAD
CA00016416,2025-02-08,BR038,C500603,TLR-7921,1170.88,cash withdrawal,CAD
CA00009702,2025-02-16,BR005,C501153,TLR-5019,776.88,cash withdrawal,CAD
CA00012481,2025-02-02,BR019,C500576,TLR-7753,4773.54,cash withdrawal,CAD
CA00011685,2025-02-13,BR015,C501445,TLR-8744,893.14,cash withdrawal,CAD
CA00016472,2025-02-07,BR039,C500389,TLR-6378,379.14,cash deposit,CAD
CA00017489,2025-02-15,BR040,C503489,TLR-5246,609.09,cash deposit,CAD
CA00009595,2025-02-17,BR004,C500142,TLR-1280,619.75,cash withdrawal,CAD
CA00013094,2025-02-25,BR023,C500007,TLR-7732,208.12,cash deposit,CAD
CA00017432,2025-02-14,BR040,C503767,TLR-9993,1594.32,cash withdrawal,CAD
CA00011695,2025-02-13,BR015,C500894,TLR-1249,956.58,cash withdrawal,CAD
CA00009080,2025-02-08,BR002,C503187,TLR-2168,327.88,cash deposit,CAD
CA00009799,2025-02-27,BR006,C501834,TLR-5297,596.6,cash deposit,CAD
CA00013559,2025-02-22,BR025,C503883,TLR-9705,1340.6,cash deposit,CAD
CA00016456,2025-02-22,BR039,C502115,TLR-4741,2081.75,cash withdrawal,CAD
CA00009839,2025-02-26,BR006,C500574,TLR-3160,285.98,cash deposit,CAD
CA00017667,2025-02-24,BR040,C501666,TLR-6487,372.7,cash deposit,CAD
CA00017143,2025-02-18,BR040,C500893,TLR-3266,1269.64,cash deposit,CAD
CA00014627,2025-02-15,BR030,C502648,TLR-3161,672.78,cash withdrawal,CAD
CA00015522,2025-02-19,BR035,C501321,TLR-9460,442.03,cash deposit,CAD
CA00016693,2025-02-26,BR040,C502108,TLR-7481,671.18,cash withdrawal,CAD
CA00009573,2025-02-01,BR004,C502159,TLR-6496,754.58,cash withdrawal,CAD
CA00017507,2025-02-04,BR040,C501286,TLR-4628,484.24,cash deposit,CAD
CA00013259,2025-02-01,BR024,C502153,TLR-2700,1300.54,cash deposit,CAD
CA00013018,2025-02-12,BR022,C501697,TLR-9245,2593.52,cash withdrawal,CAD
CA00012927,2025-02-17,BR021,C500444,TLR-5457,629.4,cash withdrawal,CAD
CA00011377,2025-02-11,BR014,C501120,TLR-1769,4956.13,cash deposit,CAD
CA00016822,2025-02-18,BR040,C503118,TLR-5463,1498.7,cash deposit,CAD
CA00016353,2025-02-04,BR038,C502893,TLR-1900,194.08,cash deposit,CAD
CA00008802,2025-02-16,BR001,C501408,TLR-6047,661.86,cash withdrawal,CAD
CA00010968,2025-02-25,BR012,C501822,TLR-3403,1228.38,cash deposit,CAD
CA00015215,2025-02-25,BR033,C503813,TLR-5880,1859.45,cash deposit,CAD
CA00010914,2025-02-18,BR012,C500463,TLR-8689,734.85,cash withdrawal,CAD
CA00013637,2025-02-17,BR025,C500906,TLR-2905,-472.41,cash withdrawal,CAD
CA00015760,2025-02-16,BR036,C502187,TLR-8668,290.62,cash withdrawal,CAD
CA00010776,2025-02-27,BR010,C503856,TLR-7858,1461.5,cash deposit,CAD
CA00009792,2025-02-19,BR006,C500767,TLR-5467,332.92,cash deposit,CAD
CA00014527,2025-02-14,BR030,C501656,TLR-1706,1166.69,cash deposit,CAD
CA00015660,2025-02-21,BR035,C500648,TLR-3253,972.99,cash deposit,CAD
CA00011872,2025-02-01,BR016,C501206,TLR-4941,1385.38,cash deposit,CAD
CA00013111,2025-02-05,BR023,C503078,TLR-4072,690.13,cash deposit,CAD
CA00012153,2025-02-01,BR017,C502707,TLR-4731,279.57,cash withdrawal,CAD
CA00011422,2025-02-01,BR014,C503162,TLR-8760,1261.89,cash deposit,CAD
CA00008912,2025-02-14,BR001,C501432,TLR-4083,1906.89,cash withdrawal,CAD
CA00017548,2025-02-22,BR040,C502303,TLR-2393,1743.34,cash deposit,CAD
CA00017175,2025-02-16,BR040,C501189,TLR-7948,382.63,cash withdrawal,CAD
CA00017568,2025-02-16,BR040,C502670,TLR-3893,1353.9,cash deposit,CAD
CA00011999,2025-02-01,BR017,C500212,TLR-7215,559.26,cash withdrawal,CAD
CA00014913,2025-02-17,BR031,C501074,TLR-7653,1219.9,cash deposit,CAD
CA00014058,2025-02-28,BR027,C503928,TLR-6611,1525.32,cash withdrawal,CAD
CA00011799,2025-02-04,BR016,C502818,TLR-3203,1811.84,cash withdrawal,CAD
CA00016413,2025-02-25,BR038,C501739,TLR-8469,1398.28,cash deposit,CAD
CA00017580,2025-02-13,BR040,C503191,TLR-8948,570.32,cash withdrawal,CAD
CA00009744,2025-02-11,BR005,C502030,TLR-3527,670.93,cash deposit,CAD
CA00012737,2025-02-07,BR020,C503563,TLR-7276,469.96,cash withdrawal,USD
CA00010541,2025-02-01,BR009,C501097,TLR-1692,1234.87,cash withdrawal,CAD
CA00012995,2025-02-19,BR022,C500806,TLR-6611,554.35,cash withdrawal,CAD
CA00008714,2025-02-03,BR001,C503908,TLR-8191,782.43,cash deposit,CAD
CA00008938,2025-02-19,BR001,C501594,TLR-5270,715.69,cash deposit,CAD
CA00016367,2025-02-10,BR038,C503670,TLR-5154,591.85,cash withdrawal,CAD
CA00013916,2025-02-02,BR027,C500761,TLR-9321,386.34,cash deposit,CAD
CA00008921,2025-02-10,BR001,C501197,TLR-4620,1546.84,cash withdrawal,CAD
CA00016508,2025-02-06,BR039,C501107,TLR-3086,1023.21,cash deposit,CAD
CA00015747,2025-02-13,BR036,C501218,TLR-5943,517.8,cash withdrawal,CAD
CA00015604,2025-02-20,BR035,C503990,TLR-3292,1172.83,cash withdrawal,CAD
CA00011757,2025-02-27,BR016,C502948,TLR-1454,1756.5,cash withdrawal,CAD
CA00014436,2025-02-18,BR030,C500276,TLR-4668,1021.11,cash deposit,CAD
CA00017473,2025-02-22,BR040,C501456,TLR-4890,1198.21,cash withdrawal,CAD
CA00015242,2025-02-16,BR033,C502341,TLR-2804,301.21,cash withdrawal,CAD
CA00015365,2025-02-26,BR034,C501913,TLR-8351,1737.85,cash deposit,CAD
CA00013280,2025-02-08,BR024,C501058,TLR-3112,1084.68,cash deposit,CAD
CA00012740,2025-02-19,BR020,C503364,TLR-6317,186.17,cash deposit,USD
CA00013612,2025-02-10,BR025,C503681,TLR-8529,3522.88,cash deposit,CAD
CA00014856,2025-02-06,BR031,C501992,TLR-9679,1279.48,cash withdrawal,CAD
CA00010704,2025-02-01,BR010,C503259,TLR-6463,527.39,cash deposit,CAD
CA00008724,2025-02-01,BR001,C500757,TLR-4432,1861.52,cash deposit,CAD
CA00014544,2025-02-22,BR030,C502663,TLR-3547,612.29,cash withdrawal,CAD
CA00009330,2025-02-22,BR003,C503982,TLR-7237,932.17,cash withdrawal,CAD
CA00010982,2025-02-19,BR012,C503385,TLR-9228,698.09,cash withdrawal,CAD
CA00015664,2025-02-26,BR035,C501190,TLR-7880,120.85,cash withdrawal,CAD
CA00014831,2025-02-11,BR031,C503555,TLR-1312,957.85,cash deposit,CAD
CA00009951,2025-02-24,BR006,C501224,TLR-8223,1588.68,cash withdrawal,CAD
CA00015195,2025-02-11,BR033,C500877,TLR-9604,2323.03,cash deposit,CAD
CA00015789,2025-02-27,BR036,C502694,TLR-7662,1413.84,cash withdrawal,CAD
CA00009966,2025-02-04,BR006,C501332,TLR-2687,1053.75,cash withdrawal,CAD
CA00010389,2025-02-12,BR008,C501221,TLR-6474,1854.67,cash withdrawal,CAD
CA00014009,2025-02-23,BR027,C500620,TLR-3977,949.21,cash deposit,CAD
CA00014118,2025-02-26,BR028,C503373,TLR-2551,479.73,cash deposit,CAD
CA00015553,2025-02-04,BR035,C501918,TLR-7262,405.7,cash deposit,CAD
CA00013488,2025-02-02,BR025,C500690,TLR-1166,-464.92,cash withdrawal,CAD
CA00009197,2025-02-18,BR003,C502041,TLR-9107,1077.92,cash deposit,CAD
CA00011735,2025-02-18,BR016,C503080,TLR-4867,2597.93,cash deposit,CAD
CA00009334,2025-02-13,BR003,C502297,TLR-8117,282.26,cash withdrawal,CAD
CA00012301,2025-02-03,BR018,C500020,TLR-4298,875.6,cash deposit,CAD
CA00009044,2025-02-24,BR002,C502664,TLR-2982,1937.07,cash deposit,CAD
CA00009907,2025-02-09,BR006,C500166,TLR-3602,741.1,cash deposit,CAD
CA00008923,2025-02-06,BR001,C502992,TLR-4538,2048.58,cash withdrawal,CAD
CA00017278,2025-02-19,BR040,C500609,TLR-8803,464.24,cash withdrawal,CAD
CA00013670,2025-02-25,BR026,C501612,TLR-6633,-1321.47,cash withdrawal,CAD
CA00008961,2025-02-08,BR001,C501470,TLR-1754,3395.52,cash deposit,CAD
CA00012305,2025-02-08,BR018,C502647,TLR-7775,920.99,cash withdrawal,CAD
CA00013755,2025-02-01,BR026,C500500,TLR-1742,971.97,cash deposit,CAD
CA00016726,2025-02-17,BR040,C502981,TLR-8788,802.77,cash deposit,CAD
CA00009827,2025-02-09,BR006,C500647,TLR-6741,1158.85,cash deposit,CAD
CA00011482,2025-02-27,BR015,C500635,TLR-1077,2512.56,cash withdrawal,CAD
CA00011199,2025-02-12,BR013,C501803,TLR-4085,4158.44,cash withdrawal,CAD
CA00014909,2025-02-16,BR031,C502062,TLR-1834,1693.66,cash withdrawal,CAD
CA00017109,2025-02-03,BR040,C500184,TLR-9264,330.59,cash deposit,CAD
CA00009235,2025-02-06,BR003,C502059,TLR-4413,1360.11,cash withdrawal,CAD
CA00012363,2025-02-07,BR019,C500216,TLR-4938,1039.4,cash withdrawal,CAD
CA00011605,2025-02-19,BR015,C503312,TLR-8535,1600.27,cash deposit,CAD
CA00017636,2025-02-12,BR040,C502914,TLR-7450,745.85,cash withdrawal,CAD
CA00014376,2025-02-09,BR029,C502713,TLR-1476,982.75,cash withdrawal,CAD
CA00008855,2025-02-20,BR001,C503327,TLR-6430,182.84,cash deposit,CAD
CA00013625,2025-02-12,BR025,C500106,TLR-8633,1253.58,cash deposit,CAD
CA00016661,2025-02-06,BR040,C500774,TLR-6893,906.27,cash deposit,CAD
CA00013560,2025-02-08,BR025,C501258,TLR-1254,2335.1,cash deposit,CAD
CA00013748,2025-02-23,BR026,C502568,TLR-9411,1193.42,cash deposit,CAD
CA00013128,2025-02-09,BR023,C502966,TLR-9298,2518.34,cash deposit,CAD
CA00016392,2025-02-04,BR038,C502369,TLR-6802,1946.09,cash deposit,CAD
CA00016262,2025-02-22,BR038,C502643,TLR-1901,1152.62,cash deposit,CAD
CA00009871,2025-02-24,BR006,C503372,TLR-7443,1120.76,cash withdrawal,CAD
CA00014549,2025-02-21,BR030,C500921,TLR-3047,1874.32,cash withdrawal,CAD
CA00011072,2025-02-18,BR012,C502446,TLR-7916,514.03,cash deposit,CAD
CA00009785,2025-02-26,BR006,C501518,TLR-5361,2086.27,cash withdrawal,CAD
CA00009765,2025-02-15,BR006,C503198,TLR-1700,658.3,cash deposit,CAD
CA00011449,2025-02-23,BR015,C502853,TLR-3971,2889.5,cash withdrawal,CAD
CA00010214,2025-02-17,BR007,C502371,TLR-9773,2414.07,cash withdrawal,CAD
CA00011385,2025-02-27,BR014,C501913,TLR-5541,1275.71,cash withdrawal,CAD
CA00015130,2025-02-03,BR033,C500337,TLR-9716,1260.61,cash withdrawal,CAD
CA00014239,2025-02-28,BR028,C502065,TLR-4504,388.43,cash withdrawal,CAD
CA00013146,2025-02-14,BR023,C503123,TLR-4162,416.3,cash deposit,CAD
CA00010672,2025-02-18,BR010,C501288,TLR-8258,849.33,cash withdrawal,CAD
CA00015017,2025-02-06,BR032,C502024,TLR-5344,738.78,cash withdrawal,CAD
CA00008740,2025-02-26,BR001,C503379,TLR-1487,2134.25,cash withdrawal,CAD
CA00012639,2025-02-10,BR020,C503807,TLR-1942,648.5,cash withdrawal,USD
CA00010405,2025-02-17,BR008,C500109,TLR-4907,942.14,cash withdrawal,CAD
CA00012147,2025-02-16,BR017,C503539,TLR-6772,2011.03,cash withdrawal,CAD
CA00010940,2025-02-09,BR012,C502309,TLR-2675,418.61,cash withdrawal,CAD
CA00008755,2025-02-11,BR001,C501790,TLR-3621,394.61,cash deposit,CAD
CA00013090,2025-02-02,BR023,C502557,TLR-2502,1370.13,cash deposit,CAD
CA00012562,2025-02-14,BR019,C503089,TLR-9835,572.26,cash withdrawal,CAD
CA00010416,2025-02-28,BR008,C501032,TLR-7196,1498.54,cash withdrawal,CAD
CA00012049,2025-02-23,BR017,C500980,TLR-2845,1155.78,cash withdrawal,CAD
CA00012667,2025-02-07,BR020,C502724,TLR-5612,927.08,cash deposit,USD
CA00014609,2025-02-05,BR030,C501669,TLR-7134,336.43,cash withdrawal,CAD
CA00010291,2025-02-12,BR008,C503798,TLR-9455,1794.88,cash deposit,CAD
CA00015535,2025-02-26,BR035,C501267,TLR-4699,2069.56,cash withdrawal,CAD
CA00014328,2025-02-16,BR029,C503208,TLR-3128,783.03,cash deposit,CAD
CA00016570,2025-02-26,BR039,C503126,TLR-7910,2581.91,cash withdrawal,CAD
CA00017362,2025-02-05,BR040,C502622,TLR-4909,1454.55,cash withdrawal,CAD
CA00017173,2025-02-17,BR040,C501502,TLR-3094,8150.78,cash deposit,CAD
CA00012907,2025-02-11,BR021,C502286,TLR-2160,1143.13,cash withdrawal,CAD
CA00016093,2025-02-05,BR037,C503918,TLR-3891,359.26,cash withdrawal,CAD
CA00016175,2025-02-02,BR037,C502075,TLR-5251,2024.85,cash withdrawal,CAD
CA00013552,2025-02-19,BR025,C502337,TLR-4702,-994.8,cash withdrawal,CAD
CA00015050,2025-02-15,BR032,C503846,TLR-4773,944.58,cash deposit,CAD
CA00008918,2025-02-11,BR001,C500790,TLR-9381,1772.72,cash withdrawal,CAD
CA00013944,2025-02-19,BR027,C502065,TLR-9948,748.42,cash deposit,CAD
CA00017587,2025-02-03,BR040,C502874,TLR-1312,1630.82,cash deposit,CAD
CA00012285,2025-02-14,BR018,C500467,TLR-4337,649.62,cash withdrawal,CAD
CA00011396,2025-02-26,BR014,C501786,TLR-8342,1350.94,cash withdrawal,CAD
CA00009158,2025-02-07,BR002,C500110,TLR-8789,-1051.14,cash withdrawal,CAD
CA00010665,2025-02-09,BR010,C501458,TLR-5706,1641.12,cash withdrawal,CAD
CA00012495,2025-02-22,BR019,C502226,TLR-2221,759.1,cash withdrawal,CAD
CA00016624,2025-02-28,BR039,C500272,TLR-7283,607.4,cash withdrawal,CAD
CA00015755,2025-02-09,BR036,C502377,TLR-7401,1749.04,cash deposit,CAD
CA00015080,2025-02-28,BR032,C500361,TLR-8129,723.78,cash deposit,CAD
CA00016306,2025-02-27,BR038,C500385,TLR-1341,243.67,cash deposit,CAD
CA00016024,2025-02-28,BR037,C500854,TLR-2651,2221.58,cash deposit,CAD
CA00016927,2025-02-02,BR040,C501015,TLR-6968,1311.87,cash withdrawal,CAD
CA00010537,2025-02-19,BR009,C503957,TLR-8052,1544.36,cash withdrawal,CAD
CA00010978,2025-02-10,BR012,C503716,TLR-1362,2843.75,cash deposit,CAD
CA00008969,2025-02-23,BR001,C503294,TLR-2077,2076.46,cash deposit,CAD
CA00016480,2025-02-03,BR039,C503306,TLR-9052,2216.26,cash withdrawal,CAD
CA00015708,2025-02-27,BR036,C502285,TLR-7828,1869.92,cash deposit,CAD
CA00014495,2025-02-24,BR030,C500717,TLR-5115,1479.56,cash withdrawal,CAD
CA00013950,2025-02-10,BR027,C503493,TLR-4516,1690.75,cash deposit,CAD
CA00010869,2025-02-21,BR011,C501253,TLR-8726,2488.08,cash withdrawal,CAD
CA00011001,2025-02-02,BR012,C500150,TLR-5367,501.39,cash deposit,CAD
CA00011560,2025-02-24,BR015,C502698,TLR-9378,1927.54,cash deposit,CAD
CA00012811,2025-02-27,BR021,C503034,TLR-4307,1422.83,cash withdrawal,CAD
CA00013913,2025-02-27,BR027,C501278,TLR-9843,233.76,cash deposit,CAD
CA00014959,2025-02-03,BR031,C503069,TLR-8604,524.34,cash deposit,CAD
CA00013684,2025-02-10,BR026,C503963,TLR-2660,-503.21,cash withdrawal,CAD
CA00011575,2025-02-23,BR015,C503286,TLR-1790,1401.39,cash withdrawal,CAD
CA00015898,2025-02-07,BR036,C503196,TLR-4807,794.04,cash withdrawal,CAD
CA00015687,2025-02-09,BR035,C503168,TLR-1165,1321.52,cash deposit,CAD
CA00017001,2025-02-02,BR040,C503342,TLR-2980,867.45,cash withdrawal,CAD
CA00009131,2025-02-06,BR002,C500838,TLR-2746,1591.29,cash deposit,CAD
CA00016911,2025-02-27,BR040,C501179,TLR-7823,2601.43,cash deposit,CAD
CA00009584,2025-02-12,BR004,C500307,TLR-6490,1032.94,cash deposit,CAD
CA00016955,2025-02-21,BR040,C503661,TLR-4332,607.21,cash withdrawal,CAD
CA00013372,2025-02-13,BR024,C500862,TLR-4463,670.06,cash withdrawal,CAD
CA00009959,2025-02-09,BR006,C502651,TLR-6873,372.58,cash deposit,CAD
CA00009758,2025-02-28,BR005,C500727,TLR-9754,221.35,cash deposit,CAD
CA00015997,2025-02-10,BR037,C500813,TLR-4388,1765.92,cash deposit,CAD
CA00010516,2025-02-09,BR008,C503076,TLR-5874,918.53,cash withdrawal,CAD
CA00017483,2025-02-15,BR040,C500545,TLR-3399,576.85,cash deposit,CAD
CA00012118,2025-02-02,BR017,C503920,TLR-2587,820.0,cash deposit,CAD
CA00011887,2025-02-16,BR016,C503756,TLR-1449,2569.58,cash withdrawal,CAD
CA00013036,2025-02-13,BR022,C502335,TLR-8800,1382.77,cash deposit,CAD
CA00016558,2025-02-19,BR039,C500812,TLR-8724,1826.05,cash deposit,CAD
CA00009628,2025-02-01,BR004,C503058,TLR-5142,595.09,cash withdrawal,CAD
CA00009465,2025-02-01,BR004,C501728,TLR-1748,420.79,cash withdrawal,CAD
CA00016658,2025-02-18,BR040,C503438,TLR-1821,291.24,cash deposit,CAD
CA00010632,2025-02-13,BR009,C500591,TLR-3589,2557.28,cash deposit,CAD
CA00010471,2025-02-07,BR008,C502099,TLR-7112,814.36,cash deposit,CAD
CA00011268,2025-02-19,BR014,C502133,TLR-2369,737.93,cash deposit,CAD
CA00012506,2025-02-18,BR019,C500642,TLR-9587,438.39,cash withdrawal,CAD
CA00013071,2025-02-19,BR023,C500979,TLR-1480,853.38,cash deposit,CAD
CA00013213,2025-02-27,BR024,C501153,TLR-8969,1008.19,cash withdrawal,CAD
CA00011926,2025-02-11,BR016,C503596,TLR-3391,975.43,cash withdrawal,CAD
CA00011323,2025-02-08,BR014,C503919,TLR-5577,588.51,cash deposit,CAD
CA00010409,2025-02-19,BR008,C502417,TLR-6904,1372.29,cash withdrawal,CAD
CA00011893,2025-02-17,BR016,C501695,TLR-5188,495.22,cash deposit,CAD
CA00012190,2025-02-25,BR018,C503921,TLR-2279,904.2,cash withdrawal,CAD
CA00017400,2025-02-04,BR040,C503259,TLR-9515,2300.37,cash deposit,CAD
CA00011901,2025-02-18,BR016,C500130,TLR-5805,3217.31,cash deposit,CAD
CA00011526,2025-02-12,BR015,C503890,TLR-1972,3804.21,cash deposit,CAD
CA00011104,2025-02-01,BR012,C502778,TLR-9433,1642.46,cash deposit,CAD
CA00014198,2025-02-04,BR028,C501641,TLR-3094,844.59,cash deposit,CAD
CA00014488,2025-02-01,BR030,C501739,TLR-4066,2406.72,cash deposit,CAD
CA00009051,2025-02-21,BR002,C503415,TLR-5465,-613.57,cash withdrawal,CAD
CA00016561,2025-02-10,BR039,C500154,TLR-1119,1536.94,cash deposit,CAD
CA00015351,2025-02-26,BR034,C501884,TLR-5736,3856.84,cash withdrawal,CAD
CA00012307,2025-02-26,BR019,C503563,TLR-3706,3172.91,cash deposit,CAD
CA00009782,2025-02-05,BR006,C500046,TLR-9930,605.63,cash withdrawal,CAD
CA00009743,2025-02-21,BR005,C503421,TLR-9271,1070.24,cash withdrawal,CAD
CA00017367,2025-02-10,BR040,C502369,TLR-6343,1315.78,cash withdrawal,CAD
CA00015288,2025-02-14,BR034,C503381,TLR-2456,1148.51,cash withdrawal,CAD
CA00012465,2025-02-11,BR019,C500906,TLR-8063,939.88,cash deposit,CAD
CA00012584,2025-02-14,BR019,C502791,TLR-9183,153.8,cash deposit,CAD
CA00012549,2025-02-20,BR019,C502232,TLR-3533,592.09,cash deposit,CAD
CA00013032,2025-02-11,BR022,C502231,TLR-1025,3228.03,cash deposit,CAD
CA00017435,2025-02-14,BR040,C500043,TLR-5242,309.1,cash withdrawal,CAD
CA00016887,2025-02-10,BR040,C503672,TLR-3198,771.6,cash withdrawal,CAD
CA00014718,2025-02-15,BR031,C501397,TLR-6438,2060.49,cash deposit,CAD
CA00013935,2025-02-20,BR027,C503850,TLR-1368,1741.26,cash deposit,CAD
CA00012972,2025-02-16,BR022,C503497,TLR-5163,1331.59,cash withdrawal,CAD
CA00011413,2025-02-26,BR014,C501698,TLR-1688,646.24,cash deposit,CAD
CA00017343,2025-02-07,BR040,C502326,TLR-2860,2193.25,cash deposit,CAD
CA00009675,2025-02-25,BR004,C503069,TLR-5559,262.23,cash deposit,CAD
CA00013880,2025-02-22,BR026,C500482,TLR-2319,490.48,cash deposit,CAD
CA00010013,2025-02-16,BR006,C503863,TLR-6817,1377.06,cash withdrawal,CAD
CA00009665,2025-02-23,BR004,C502142,TLR-5254,1127.18,cash withdrawal,CAD
CA00011529,2025-02-17,BR015,C501225,TLR-9920,1403.57,cash deposit,CAD
CA00009382,2025-02-15,BR003,C500029,TLR-1791,596.42,cash deposit,CAD
CA00009794,2025-02-15,BR006,C503457,TLR-1476,920.81,cash withdrawal,CAD
CA00014479,2025-02-14,BR030,C500023,TLR-5535,688.54,cash withdrawal,CAD
CA00009345,2025-02-05,BR003,C501054,TLR-8972,1892.61,cash deposit,CAD
CA00015226,2025-02-14,BR033,C500973,TLR-1216,360.51,cash withdrawal,CAD
CA00012022,2025-02-18,BR017,C502774,TLR-8940,2082.67,cash deposit,CAD
CA00015684,2025-02-19,BR035,C501400,TLR-3528,712.27,cash deposit,CAD
CA00012111,2025-02-05,BR017,C500557,TLR-8578,299.91,cash withdrawal,CAD
CA00010598,2025-02-23,BR009,C501145,TLR-2435,652.48,cash withdrawal,CAD
CA00016362,2025-02-02,BR038,C500842,TLR-6806,1856.43,cash withdrawal,CAD
CA00017589,2025-02-18,BR040,C503074,TLR-2248,739.54,cash deposit,CAD
CA00017633,2025-02-23,BR040,C501054,TLR-8430,522.76,cash withdrawal,CAD
CA00009979,2025-02-28,BR006,C501867,TLR-3663,905.52,cash withdrawal,CAD
CA00010320,2025-02-22,BR008,C500599,TLR-9810,461.59,cash withdrawal,CAD
CA00011501,2025-02-13,BR015,C502374,TLR-1962,906.5,cash deposit,CAD
CA00017461,2025-02-10,BR040,C503710,TLR-6871,2599.09,cash deposit,CAD
CA00009592,2025-02-19,BR004,C501534,TLR-2786,613.15,cash withdrawal,CAD
CA00011564,2025-02-22,BR015,C501409,TLR-2523,679.72,cash withdrawal,CAD
CA00013073,2025-02-22,BR023,C502046,TLR-2246,711.43,cash deposit,CAD
CA00011149,2025-02-11,BR013,C502076,TLR-6285,817.74,cash withdrawal,CAD
CA00009931,2025-02-19,BR006,C503099,TLR-4370,802.27,cash withdrawal,CAD
CA00010870,2025-02-19,BR011,C503977,TLR-9457,623.06,cash withdrawal,CAD
CA00016157,2025-02-17,BR037,C503145,TLR-5633,1090.89,cash withdrawal,CAD
CA00015532,2025-02-07,BR035,C503380,TLR-5317,375.78,cash deposit,CAD
CA00010172,2025-02-09,BR007,C501228,TLR-9389,474.33,cash deposit,CAD
CA00017660,2025-02-03,BR040,C501505,TLR-6081,828.84,cash deposit,CAD
CA00008725,2025-02-22,BR001,C502824,TLR-2701,1268.0,cash deposit,CAD
CA00016677,2025-02-24,BR040,C503328,TLR-1135,1537.28,cash deposit,CAD
CA00009105,2025-02-27,BR002,C500719,TLR-4356,-1571.43,cash withdrawal,CAD
CA00015593,2025-02-12,BR035,C502619,TLR-7898,552.23,cash deposit,CAD
CA00017095,2025-02-15,BR040,C500227,TLR-4961,3531.43,cash withdrawal,CAD
CA00012226,2025-02-27,BR018,C503816,TLR-6797,1237.48,cash deposit,CAD
CA00011782,2025-02-05,BR016,C501026,TLR-3211,1145.36,cash withdrawal,CAD
CA00014912,2025-02-03,BR031,C502022,TLR-9172,425.2,cash deposit,CAD
CA00010678,2025-02-03,BR010,C501895,TLR-5437,2054.61,cash deposit,CAD
CA00016859,2025-02-21,BR040,C501255,TLR-2520,1125.56,cash deposit,CAD
CA00016453,2025-02-25,BR039,C501663,TLR-6559,1400.25,cash withdrawal,CAD
CA00011393,2025-02-25,BR014,C501126,TLR-4255,1142.11,cash deposit,CAD
CA00009841,2025-02-23,BR006,C503009,TLR-9990,246.67,cash deposit,CAD
CA00013646,2025-02-05,BR025,C500777,TLR-8364,-478.25,cash withdrawal,CAD
CA00014808,2025-02-27,BR031,C500815,TLR-8184,1023.82,cash deposit,CAD
CA00015816,2025-02-15,BR036,C502028,TLR-8622,908.55,cash withdrawal,CAD
CA00015383,2025-02-16,BR034,C501740,TLR-7341,627.44,cash deposit,CAD
CA00009617,2025-02-08,BR004,C501238,TLR-6616,1293.27,cash withdrawal,CAD
CA00013007,2025-02-13,BR022,C500341,TLR-8402,197.74,cash withdrawal,CAD
CA00012939,2025-02-23,BR021,C503583,TLR-8218,1610.24,cash deposit,CAD
CA00010117,2025-02-18,BR007,C500897,TLR-2282,421.13,cash deposit,CAD
CA00011302,2025-02-18,BR014,C501346,TLR-7930,2544.03,cash deposit,CAD
CA00016433,2025-02-27,BR038,C503575,TLR-5937,1055.56,cash withdrawal,CAD
CA00015089,2025-02-26,BR032,C501905,TLR-4372,566.42,cash deposit,CAD
CA00012832,2025-02-08,BR021,C502665,TLR-7356,722.96,cash withdrawal,CAD
CA00015711,2025-02-10,BR036,C503253,TLR-2384,3879.6,cash withdrawal,CAD
CA00015569,2025-02-10,BR035,C502695,TLR-5825,876.92,cash deposit,CAD
CA00014029,2025-02-26,BR027,C503561,TLR-6946,1322.96,cash withdrawal,CAD
CA00016014,2025-02-03,BR037,C502855,TLR-7234,762.25,cash deposit,CAD
CA00013895,2025-02-08,BR026,C502511,TLR-1585,-745.52,cash withdrawal,CAD
CA00015021,2025-02-08,BR032,C502557,TLR-8532,1197.65,cash withdrawal,CAD
CA00017493,2025-02-14,BR040,C501358,TLR-4988,572.13,cash deposit,CAD
CA00009606,2025-02-13,BR004,C502991,TLR-6818,1177.85,cash deposit,CAD
CA00008805,2025-02-25,BR001,C500084,TLR-2487,2243.8,cash withdrawal,CAD
CA00015398,2025-02-07,BR034,C503230,TLR-2939,567.06,cash deposit,CAD
CA00009479,2025-02-13,BR004,C503441,TLR-4842,316.14,cash deposit,CAD
CA00016678,2025-02-02,BR040,C502000,TLR-4987,1520.52,cash deposit,CAD
CA00017679,2025-02-24,BR040,C502207,TLR-3206,955.63,cash withdrawal,CAD
CA00010561,2025-02-15,BR009,C500879,TLR-7755,1118.57,cash withdrawal,CAD
CA00014679,2025-02-17,BR030,C501471,TLR-3883,350.3,cash withdrawal,CAD
CA00015510,2025-02-10,BR035,C500050,TLR-1193,765.59,cash deposit,CAD
CA00017474,2025-02-14,BR040,C502557,TLR-7584,522.5,cash withdrawal,CAD
CA00014148,2025-02-25,BR028,C501354,TLR-8986,2456.54,cash withdrawal,CAD
CA00012700,2025-02-17,BR020,C502624,TLR-2376,377.49,cash deposit,USD
CA00015936,2025-02-13,BR036,C502046,TLR-9336,1717.03,cash withdrawal,CAD
CA00009179,2025-02-12,BR003,C502773,TLR-4544,980.59,cash withdrawal,CAD
CA00011905,2025-02-23,BR016,C502595,TLR-9715,3980.37,cash withdrawal,CAD
CA00009141,2025-02-13,BR002,C502735,TLR-2715,301.46,cash deposit,CAD
CA00011806,2025-02-14,BR016,C500179,TLR-1120,486.92,cash deposit,CAD
CA00015077,2025-02-04,BR032,C500230,TLR-8792,330.24,cash deposit,CAD
CA00016715,2025-02-23,BR040,C501177,TLR-7281,1886.04,cash deposit,CAD
CA00014396,2025-02-05,BR030,C501324,TLR-8299,839.49,cash deposit,CAD
CA00015124,2025-02-08,BR033,C502287,TLR-6222,1127.96,cash withdrawal,CAD
CA00012132,2025-02-22,BR017,C500013,TLR-9862,1239.42,cash deposit,CAD
CA00015341,2025-02-13,BR034,C500741,TLR-3087,692.67,cash deposit,CAD
CA00016221,2025-02-22,BR037,C501457,TLR-6467,330.05,cash deposit,CAD
CA00012681,2025-02-19,BR020,C501667,TLR-3166,631.97,cash deposit,USD
CA00011967,2025-02-11,BR017,C500075,TLR-8476,3435.29,cash withdrawal,CAD
CA00011042,2025-02-21,BR012,C502230,TLR-4932,616.84,cash deposit,CAD
CA00013135,2025-02-07,BR023,C503993,TLR-4646,1801.54,cash withdrawal,CAD
CA00010674,2025-02-19,BR010,C502964,TLR-1325,546.28,cash withdrawal,CAD
CA00015523,2025-02-10,BR035,C501447,TLR-4843,420.52,cash withdrawal,CAD
CA00010816,2025-02-26,BR010,C500430,TLR-1592,1648.9,cash withdrawal,CAD
CA00011840,2025-02-08,BR016,C500731,TLR-4664,576.35,cash withdrawal,CAD
CA00013143,2025-02-07,BR023,C501187,TLR-4097,663.24,cash withdrawal,CAD
CA00015651,2025-02-17,BR035,C502612,TLR-1015,2195.36,cash deposit,CAD
CA00017022,2025-02-03,BR040,C501062,TLR-9091,4835.02,cash deposit,CAD
CA00015492,2025-02-02,BR035,C501537,TLR-2869,1398.15,cash withdrawal,CAD
CA00012882,2025-02-21,BR021,C503035,TLR-8905,981.43,cash withdrawal,CAD
CA00016719,2025-02-05,BR040,C502966,TLR-2761,3828.65,cash withdrawal,CAD
CA00012266,2025-02-07,BR018,C503871,TLR-7917,832.08,cash withdrawal,CAD
CA00016102,2025-02-23,BR037,C501375,TLR-9147,1486.54,cash deposit,CAD
CA00011680,2025-02-16,BR015,C501523,TLR-6501,1237.06,cash deposit,CAD
CA00013338,2025-02-15,BR024,C501613,TLR-3282,1850.49,cash withdrawal,CAD
CA00017035,2025-02-25,BR040,C501537,TLR-3323,802.19,cash withdrawal,CAD
CA00012887,2025-02-08,BR021,C503878,TLR-2346,1076.68,cash withdrawal,CAD
CA00016736,2025-02-17,BR040,C500567,TLR-5691,428.17,cash deposit,CAD
CA00010254,2025-02-19,BR007,C500237,TLR-7873,1679.24,cash deposit,CAD
CA00015659,2025-02-23,BR035,C503797,TLR-4996,1343.15,cash deposit,CAD
CA00008702,2025-02-26,BR001,C502261,TLR-4520,340.58,cash deposit,CAD
CA00016198,2025-02-20,BR037,C502463,TLR-5360,1075.45,cash deposit,CAD
CA00015583,2025-02-19,BR035,C503261,TLR-9314,420.27,cash deposit,CAD
CA00010622,2025-02-08,BR009,C503247,TLR-8756,830.79,cash withdrawal,CAD
CA00008962,2025-02-08,BR001,C503243,TLR-3139,367.46,cash deposit,CAD
CA00012754,2025-02-07,BR020,C500930,TLR-4974,747.46,cash deposit,USD
CA00016431,2025-02-07,BR038,C500689,TLR-3915,576.12,cash deposit,CAD
CA00016414,2025-02-27,BR038,C500558,TLR-9008,897.79,cash deposit,CAD
CA00016854,2025-02-22,BR040,C501948,TLR-1999,665.06,cash deposit,CAD
CA00013595,2025-02-20,BR025,C503587,TLR-8833,1841.03,cash deposit,CAD
CA00014077,2025-02-03,BR027,C500755,TLR-2342,776.71,cash withdrawal,CAD
CA00011009,2025-02-10,BR012,C503938,TLR-9690,1599.42,cash withdrawal,CAD
CA00013929,2025-02-20,BR027,C503891,TLR-8620,1712.37,cash withdrawal,CAD
CA00014852,2025-02-19,BR031,C500077,TLR-1875,270.76,cash withdrawal,CAD
CA00016866,2025-02-11,BR040,C501668,TLR-1575,1424.19,cash withdrawal,CAD
CA00011955,2025-02-25,BR017,C501760,TLR-6242,676.69,cash withdrawal,CAD
CA00015163,2025-02-19,BR033,C501507,TLR-7306,1352.34,cash withdrawal,CAD
CA00016328,2025-02-22,BR038,C503597,TLR-6254,770.51,cash deposit,CAD
CA00011157,2025-02-05,BR013,C500410,TLR-1034,362.71,cash withdrawal,CAD
CA00009183,2025-02-13,BR003,C502127,TLR-5206,1366.52,cash deposit,CAD
CA00010575,2025-02-01,BR009,C502584,TLR-7630,668.29,cash deposit,CAD
CA00016977,2025-02-22,BR040,C501257,TLR-5791,1622.78,cash withdrawal,CAD
CA00012984,2025-02-23,BR022,C501946,TLR-6181,572.02,cash deposit,CAD
CA00015095,2025-02-11,BR032,C501629,TLR-3843,2644.2,cash deposit,CAD
CA00010694,2025-02-12,BR010,C502757,TLR-9707,366.67,cash deposit,CAD
CA00011777,2025-02-04,BR016,C503488,TLR-9631,656.63,cash deposit,CAD
CA00011632,2025-02-21,BR015,C501669,TLR-5750,698.52,cash deposit,CAD
CA00016791,2025-02-13,BR040,C503078,TLR-6818,409.08,cash deposit,CAD
CA00009470,2025-02-23,BR004,C502593,TLR-5942,932.97,cash deposit,CAD
CA00010540,2025-02-24,BR009,C502521,TLR-3546,612.41,cash deposit,CAD
CA00009300,2025-02-05,BR003,C500926,TLR-9282,2543.74,cash withdrawal,CAD
CA00011528,2025-02-08,BR015,C500631,TLR-1058,1045.17,cash deposit,CAD
CA00014204,2025-02-08,BR028,C500663,TLR-9184,858.46,cash deposit,CAD
CA00016926,2025-02-14,BR040,C503611,TLR-5919,1400.02,cash withdrawal,CAD
CA00008788,2025-02-10,BR001,C503860,TLR-1028,3637.61,cash deposit,CAD
CA00015493,2025-02-28,BR035,C501006,TLR-6931,188.89,cash withdrawal,CAD
CA00008914,2025-02-11,BR001,C500314,TLR-2571,1183.76,cash deposit,CAD
CA00011078,2025-02-25,BR012,C502336,TLR-2802,745.31,cash deposit,CAD
CA00017373,2025-02-21,BR040,C503738,TLR-5644,809.74,cash withdrawal,CAD
CA00017527,2025-02-20,BR040,C501660,TLR-1226,1530.59,cash withdrawal,CAD
CA00013382,2025-02-01,BR024,C500426,TLR-3248,1546.07,cash deposit,CAD
CA00011523,2025-02-17,BR015,C501695,TLR-4565,1731.84,cash withdrawal,CAD
CA00015581,2025-02-25,BR035,C500074,TLR-2237,577.22,cash withdrawal,CAD
CA00012530,2025-02-22,BR019,C503069,TLR-9215,1248.73,cash deposit,CAD
CA00012494,2025-02-01,BR019,C500528,TLR-2602,361.8,cash deposit,CAD
CA00016586,2025-02-25,BR039,C501181,TLR-4028,1170.34,cash withdrawal,CAD
CA00016375,2025-02-16,BR038,C503483,TLR-2926,901.69,cash deposit,CAD
CA00012325,2025-02-06,BR019,C501917,TLR-8801,2802.06,cash withdrawal,CAD
CA00016039,2025-02-06,BR037,C501714,TLR-9412,1089.43,cash withdrawal,CAD
CA00012255,2025-02-03,BR018,C500477,TLR-6291,2958.45,cash deposit,CAD
CA00014423,2025-02-17,BR030,C501883,TLR-7855,540.99,cash deposit,CAD
CA00017605,2025-02-02,BR040,C502782,TLR-9687,613.08,cash deposit,CAD
CA00013589,2025-02-20,BR025,C503483,TLR-8449,-2202.93,cash withdrawal,CAD
CA00016315,2025-02-28,BR038,C502356,TLR-7540,1337.8,cash deposit,CAD
CA00009616,2025-02-07,BR004,C503560,TLR-8869,989.07,cash withdrawal,CAD
CA00012711,2025-02-19,BR020,C503966,TLR-9779,2406.28,cash deposit,USD
CA00009706,2025-02-16,BR005,C502133,TLR-9852,1121.97,cash deposit,CAD
CA00011699,2025-02-28,BR015,C503595,TLR-3500,762.13,cash withdrawal,CAD
CA00017218,2025-02-13,BR040,C500367,TLR-7278,4239.73,cash withdrawal,CAD
CA00009070,2025-02-23,BR002,C501626,TLR-3065,3307.59,cash deposit,CAD
CA00009073,2025-02-02,BR002,C501831,TLR-1454,229.16,cash deposit,CAD
CA00014176,2025-02-05,BR028,C501052,TLR-5648,1375.42,cash deposit,CAD
CA00015356,2025-02-05,BR034,C503307,TLR-4848,1018.82,cash withdrawal,CAD
CA00010354,2025-02-22,BR008,C500470,TLR-3504,596.98,cash withdrawal,CAD
CA00016893,2025-02-04,BR040,C503336,TLR-7366,2749.33,cash deposit,CAD
CA00008711,2025-02-25,BR001,C502692,TLR-3485,984.42,cash withdrawal,CAD
CA00009769,2025-02-23,BR006,C501053,TLR-4910,3588.85,cash deposit,CAD
CA00015317,2025-02-09,BR034,C502535,TLR-4491,537.4,cash withdrawal,CAD
CA00015264,2025-02-07,BR033,C500203,TLR-1099,1113.44,cash deposit,CAD
CA00014556,2025-02-02,BR030,C503888,TLR-2526,740.05,cash withdrawal,CAD
CA00012708,2025-02-24,BR020,C502353,TLR-6224,383.21,cash deposit,USD
CA00016308,2025-02-05,BR038,C500709,TLR-8594,1439.18,cash deposit,CAD
CA00012795,2025-02-26,BR021,C503279,TLR-1004,4537.57,cash deposit,CAD
CA00017048,2025-02-27,BR040,C502740,TLR-8494,963.98,cash deposit,CAD
CA00016501,2025-02-03,BR039,C500999,TLR-6559,1759.57,cash withdrawal,CAD
CA00011052,2025-02-03,BR012,C502070,TLR-5006,1570.16,cash withdrawal,CAD
CA00009747,2025-02-04,BR005,C502461,TLR-9503,1392.3,cash withdrawal,CAD
CA00011834,2025-02-16,BR016,C502393,TLR-1593,885.07,cash deposit,CAD
CA00010802,2025-02-06,BR010,C502876,TLR-8810,603.53,cash deposit,CAD
CA00010106,2025-02-18,BR007,C503653,TLR-8700,663.06,cash deposit,CAD
CA00013294,2025-02-15,BR024,C500239,TLR-5961,1054.3,cash deposit,CAD
CA00011267,2025-02-11,BR014,C503976,TLR-5519,945.38,cash deposit,CAD
CA00014182,2025-02-14,BR028,C500551,TLR-4373,3003.93,cash deposit,CAD
CA00012956,2025-02-03,BR022,C500001,TLR-8743,576.89,cash withdrawal,CAD
CA00011514,2025-02-05,BR015,C502262,TLR-2159,2680.64,cash deposit,CAD
CA00012613,2025-02-03,BR020,C502324,TLR-6091,210.47,cash withdrawal,USD
CA00012089,2025-02-08,BR017,C501074,TLR-5561,1357.71,cash withdrawal,CAD
CA00017339,2025-02-22,BR040,C500163,TLR-5363,1770.25,cash withdrawal,CAD
CA00009429,2025-02-26,BR004,C503810,TLR-6639,459.78,cash deposit,CAD
CA00013632,2025-02-20,BR025,C501241,TLR-3561,1163.22,cash deposit,CAD
CA00011207,2025-02-25,BR013,C500112,TLR-1612,3751.53,cash deposit,CAD
CA00015142,2025-02-01,BR033,C502381,TLR-5575,367.68,cash withdrawal,CAD
CA00010267,2025-02-12,BR007,C503327,TLR-9062,6224.12,cash deposit,CAD
CA00015703,2025-02-09,BR036,C502290,TLR-9121,1355.07,cash deposit,CAD
CA00017150,2025-02-20,BR040,C501352,TLR-5115,1085.84,cash deposit,CAD
CA00015767,2025-02-26,BR036,C502147,TLR-5226,1387.4,cash withdrawal,CAD
CA00016294,2025-02-03,BR038,C500847,TLR-5932,1028.26,cash withdrawal,CAD
CA00016176,2025-02-28,BR037,C502367,TLR-8997,1511.54,cash withdrawal,CAD
CA00017567,2025-02-19,BR040,C502129,TLR-2553,1032.08,cash withdrawal,CAD
CA00017607,2025-02-26,BR040,C501965,TLR-6860,409.64,cash deposit,CAD
CA00015818,2025-02-28,BR036,C501521,TLR-6651,1964.03,cash deposit,CAD
CA00011808,2025-02-26,BR016,C501436,TLR-5206,3222.32,cash deposit,CAD
CA00010008,2025-02-02,BR006,C500427,TLR-8099,2042.33,cash deposit,CAD
CA00016054,2025-02-10,BR037,C501876,TLR-8345,287.17,cash deposit,CAD
CA00014900,2025-02-03,BR031,C501818,TLR-2331,778.62,cash withdrawal,CAD
CA00011367,2025-02-17,BR014,C502780,TLR-1917,585.38,cash deposit,CAD
CA00012692,2025-02-15,BR020,C500500,TLR-5266,1297.5,cash deposit,USD
CA00014723,2025-02-20,BR031,C502651,TLR-7853,787.62,cash deposit,CAD
CA00010837,2025-02-28,BR010,C502917,TLR-1085,522.6,cash withdrawal,CAD
CA00015060,2025-02-13,BR032,C503662,TLR-7262,1109.83,cash withdrawal,CAD
CA00011602,2025-02-23,BR015,C502864,TLR-8240,992.26,cash withdrawal,CAD
CA00009196,2025-02-02,BR003,C503156,TLR-8974,680.67,cash deposit,CAD
CA00016543,2025-02-07,BR039,C502722,TLR-5340,528.84,cash withdrawal,CAD
CA00016821,2025-02-01,BR040,C502117,TLR-5205,705.01,cash withdrawal,CAD
CA00014192,2025-02-09,BR028,C502211,TLR-5703,683.97,cash withdrawal,CAD
CA00012471,2025-02-18,BR019,C503729,TLR-7150,313.73,cash deposit,CAD
CA00015249,2025-02-12,BR033,C503603,TLR-3928,1052.81,cash withdrawal,CAD
CA00012446,2025-02-19,BR019,C502479,TLR-2057,1100.27,cash withdrawal,CAD
CA00013039,2025-02-12,BR022,C500644,TLR-5489,1826.4,cash withdrawal,CAD
CA00016732,2025-02-22,BR040,C502306,TLR-1070,2642.0,cash deposit,CAD
CA00014417,2025-02-25,BR030,C503272,TLR-5735,546.33,cash withdrawal,CAD
CA00016182,2025-02-08,BR037,C503092,TLR-7435,262.55,cash deposit,CAD
CA00012291,2025-02-03,BR018,C502793,TLR-8467,1025.2,cash deposit,CAD
CA00016457,2025-02-23,BR039,C502504,TLR-6223,1081.9,cash deposit,CAD
CA00013843,2025-02-14,BR026,C501152,TLR-6737,-1137.24,cash withdrawal,CAD
CA00017126,2025-02-15,BR040,C502814,TLR-2921,676.26,cash withdrawal,CAD
CA00013912,2025-02-13,BR027,C503472,TLR-9476,1151.49,cash withdrawal,CAD
CA00008808,2025-02-02,BR001,C501656,TLR-3631,474.9,cash deposit,CAD
CA00016179,2025-02-26,BR037,C503207,TLR-5971,622.08,cash withdrawal,CAD
CA00009120,2025-02-27,BR002,C502402,TLR-4296,199.5,cash deposit,CAD
CA00015798,2025-02-18,BR036,C503075,TLR-2379,1169.22,cash deposit,CAD
CA00017063,2025-02-19,BR040,C501511,TLR-7179,546.3,cash deposit,CAD
CA00017163,2025-02-10,BR040,C503466,TLR-5123,1195.46,cash withdrawal,CAD
CA00015229,2025-02-07,BR033,C500064,TLR-9982,1540.21,cash deposit,CAD
CA00009529,2025-02-16,BR004,C502880,TLR-3874,1163.58,cash withdrawal,CAD
CA00011321,2025-02-24,BR014,C502184,TLR-6812,571.41,cash withdrawal,CAD
CA00015637,2025-02-06,BR035,C502210,TLR-9403,685.66,cash withdrawal,CAD
CA00009336,2025-02-17,BR003,C502223,TLR-7841,710.87,cash deposit,CAD
CA00010518,2025-02-24,BR008,C500549,TLR-4774,1274.65,cash withdrawal,CAD
CA00012033,2025-02-03,BR017,C501581,TLR-8270,1812.91,cash withdrawal,CAD
CA00011876,2025-02-27,BR016,C502537,TLR-5525,1315.38,cash withdrawal,CAD
CA00011638,2025-02-22,BR015,C502356,TLR-7696,2904.64,cash withdrawal,CAD
CA00015406,2025-02-21,BR034,C500508,TLR-8646,1014.35,cash withdrawal,CAD
CA00015749,2025-02-23,BR036,C501273,TLR-7766,251.86,cash deposit,CAD
CA00011502,2025-02-05,BR015,C500693,TLR-5949,2486.55,cash withdrawal,CAD
CA00013142,2025-02-04,BR023,C501215,TLR-3081,2231.64,cash deposit,CAD
CA00012809,2025-02-19,BR021,C500232,TLR-1244,1106.22,cash deposit,CAD
CA00012206,2025-02-09,BR018,C500802,TLR-4225,1795.4,cash deposit,CAD
CA00015375,2025-02-04,BR034,C502215,TLR-9542,1567.75,cash withdrawal,CAD
CA00010420,2025-02-13,BR008,C502582,TLR-4298,2500.55,cash deposit,CAD
CA00014141,2025-02-03,BR028,C502370,TLR-3430,792.02,cash withdrawal,CAD
CA00015068,2025-02-07,BR032,C503931,TLR-6007,450.49,cash withdrawal,CAD
CA00014649,2025-02-14,BR030,C500062,TLR-3733,1086.78,cash withdrawal,CAD
CA00016605,2025-02-23,BR039,C500365,TLR-8383,989.57,cash withdrawal,CAD
CA00010545,2025-02-18,BR009,C501192,TLR-8993,4374.36,cash deposit,CAD
CA00009588,2025-02-12,BR004,C500913,TLR-1073,721.37,cash withdrawal,CAD
CA00014665,2025-02-03,BR030,C502029,TLR-3394,1375.9,cash withdrawal,CAD
CA00015679,2025-02-15,BR035,C503914,TLR-7261,1478.98,cash deposit,CAD
CA00015237,2025-02-01,BR033,C502863,TLR-3096,671.0,cash deposit,CAD
CA00016654,2025-02-24,BR040,C501863,TLR-5104,1545.58,cash withdrawal,CAD
CA00009212,2025-02-11,BR003,C502458,TLR-6340,1064.32,cash withdrawal,CAD
CA00013403,2025-02-08,BR024,C503537,TLR-5758,228.73,cash deposit,CAD
CA00013273,2025-02-06,BR024,C501020,TLR-5157,1717.27,cash deposit,CAD
CA00012060,2025-02-03,BR017,C502771,TLR-1338,435.57,cash deposit,CAD
CA00011578,2025-02-10,BR015,C501788,TLR-5697,659.25,cash deposit,CAD
CA00015217,2025-02-02,BR033,C500325,TLR-2920,407.58,cash deposit,CAD
CA00015315,2025-02-26,BR034,C503025,TLR-5483,3051.05,cash deposit,CAD
CA00009668,2025-02-08,BR004,C501919,TLR-5949,1717.82,cash deposit,CAD
CA00012055,2025-02-09,BR017,C503324,TLR-5512,2568.92,cash deposit,CAD
CA00010459,2025-02-03,BR008,C500061,TLR-8679,605.96,cash withdrawal,CAD
CA00014733,2025-02-12,BR031,C502031,TLR-3677,1463.64,cash withdrawal,CAD
CA00009371,2025-02-17,BR003,C501447,TLR-8362,1893.85,cash deposit,CAD
CA00016302,2025-02-15,BR038,C502819,TLR-6837,1075.32,cash deposit,CAD
CA00010321,2025-02-09,BR008,C502508,TLR-8022,2565.44,cash deposit,CAD
CA00014065,2025-02-28,BR027,C500300,TLR-1158,413.18,cash deposit,CAD
CA00008966,2025-02-26,BR001,C500807,TLR-5187,1061.78,cash deposit,CAD
CA00016855,2025-02-08,BR040,C500337,TLR-8296,357.48,cash deposit,CAD
CA00016144,2025-02-19,BR037,C501228,TLR-8293,2971.74,cash withdrawal,CAD
CA00014248,2025-02-01,BR029,C503578,TLR-7893,380.55,cash withdrawal,CAD
CA00013193,2025-02-03,BR024,C503583,TLR-8637,1833.33,cash withdrawal,CAD
CA00016307,2025-02-26,BR038,C503532,TLR-2801,1584.41,cash withdrawal,CAD
CA00017279,2025-02-22,BR040,C500481,TLR-5634,1006.1,cash deposit,CAD
CA00017554,2025-02-01,BR040,C501822,TLR-4277,656.43,cash withdrawal,CAD
CA00008979,2025-02-09,BR001,C501879,TLR-4348,1478.01,cash deposit,CAD
CA00015986,2025-02-08,BR037,C502089,TLR-8167,1190.55,cash deposit,CAD
CA00009887,2025-02-03,BR006,C501703,TLR-6110,1775.77,cash withdrawal,CAD
CA00011479,2025-02-22,BR015,C500577,TLR-9228,1149.56,cash withdrawal,CAD
CA00013019,2025-02-13,BR022,C503042,TLR-4141,782.94,cash withdrawal,CAD
CA00009572,2025-02-10,BR004,C503857,TLR-9113,943.55,cash withdrawal,CAD
CA00010860,2025-02-21,BR011,C501116,TLR-8482,1981.5,cash withdrawal,CAD
CA00012230,2025-02-17,BR018,C503683,TLR-2768,1149.36,cash withdrawal,CAD
CA00012844,2025-02-07,BR021,C503399,TLR-7424,1046.49,cash deposit,CAD
CA00016474,2025-02-13,BR039,C503410,TLR-6645,1655.04,cash withdrawal,CAD
CA00013601,2025-02-25,BR025,C501002,TLR-3734,1221.18,cash deposit,CAD
CA00017494,2025-02-17,BR040,C502175,TLR-5191,319.61,cash deposit,CAD
CA00016470,2025-02-07,BR039,C500593,TLR-2662,152.38,cash deposit,CAD
CA00009074,2025-02-16,BR002,C501835,TLR-2256,434.17,cash deposit,CAD
CA00012728,2025-02-01,BR020,C501532,TLR-9568,562.46,cash deposit,USD
CA00011238,2025-02-05,BR014,C501979,TLR-8044,310.58,cash deposit,CAD
CA00009649,2025-02-16,BR004,C503856,TLR-2911,2230.62,cash withdrawal,CAD
CA00011567,2025-02-06,BR015,C500753,TLR-2061,959.77,cash withdrawal,CAD
CA00014130,2025-02-01,BR028,C501528,TLR-5525,1597.54,cash withdrawal,CAD
CA00013470,2025-02-08,BR025,C501844,TLR-7153,-409.81,cash withdrawal,CAD
CA00017441,2025-02-12,BR040,C500041,TLR-8839,2935.1,cash deposit,CAD
CA00012677,2025-02-03,BR020,C501950,TLR-2083,2103.8,cash deposit,USD
CA00008697,2025-02-18,BR001,C500602,TLR-6399,2864.6,cash deposit,CAD
CA00009261,2025-02-13,BR003,C500571,TLR-9732,262.06,cash deposit,CAD
CA00017194,2025-02-13,BR040,C503228,TLR-1837,315.29,cash withdrawal,CAD
CA00017199,2025-02-12,BR040,C502432,TLR-2410,1032.75,cash withdrawal,CAD
CA00012136,2025-02-16,BR017,C502805,TLR-9095,1667.75,cash withdrawal,CAD
CA00014191,2025-02-18,BR028,C503613,TLR-1390,1301.85,cash deposit,CAD
CA00011395,2025-02-08,BR014,C503633,TLR-6581,1151.26,cash withdrawal,CAD
CA00012531,2025-02-08,BR019,C500328,TLR-3055,214.14,cash withdrawal,CAD
CA00010784,2025-02-17,BR010,C502267,TLR-5465,302.91,cash deposit,CAD
CA00009718,2025-02-03,BR005,C500180,TLR-1950,707.29,cash deposit,CAD
CA00015877,2025-02-21,BR036,C501625,TLR-2414,820.04,cash deposit,CAD
CA00016766,2025-02-10,BR040,C500158,TLR-6962,1050.21,cash withdrawal,CAD
CA00013279,2025-02-06,BR024,C500639,TLR-2701,950.45,cash withdrawal,CAD
CA00017120,2025-02-11,BR040,C502405,TLR-4354,1070.05,cash withdrawal,CAD
CA00016364,2025-02-09,BR038,C502246,TLR-4257,1521.37,cash deposit,CAD
CA00015806,2025-02-20,BR036,C501729,TLR-8511,789.33,cash deposit,CAD
CA00011495,2025-02-02,BR015,C502201,TLR-4065,1397.44,cash withdrawal,CAD
CA00009912,2025-02-03,BR006,C501734,TLR-8101,878.71,cash withdrawal,CAD
CA00014746,2025-02-05,BR031,C502000,TLR-7898,732.51,cash deposit,CAD
CA00015128,2025-02-21,BR033,C501134,TLR-6732,681.73,cash deposit,CAD
CA00016108,2025-02-18,BR037,C503091,TLR-3855,364.16,cash withdrawal,CAD
CA00009842,2025-02-09,BR006,C501760,TLR-3172,506.82,cash deposit,CAD
CA00011890,2025-02-28,BR016,C502694,TLR-2136,1101.19,cash deposit,CAD
CA00012088,2025-02-18,BR017,C503351,TLR-3636,330.65,cash withdrawal,CAD
CA00009707,2025-02-12,BR005,C500797,TLR-4163,957.39,cash withdrawal,CAD
CA00017383,2025-02-10,BR040,C501148,TLR-7212,1940.89,cash withdrawal,CAD
CA00010754,2025-02-26,BR010,C502355,TLR-9726,3611.91,cash deposit,CAD
CA00017057,2025-02-06,BR040,C503550,TLR-2155,401.96,cash deposit,CAD
CA00009659,2025-02-12,BR004,C503039,TLR-1078,283.84,cash withdrawal,CAD
CA00017578,2025-02-02,BR040,C500114,TLR-6765,3768.23,cash withdrawal,CAD
CA00017687,2025-02-04,BR040,C502441,TLR-8012,8119.53,cash withdrawal,CAD
CA00009985,2025-02-09,BR006,C502159,TLR-3001,426.88,cash deposit,CAD
CA00012715,2025-02-02,BR020,C502411,TLR-7026,1215.7,cash withdrawal,USD
CA00013607,2025-02-24,BR025,C500273,TLR-6487,-1076.13,cash withdrawal,CAD
CA00012577,2025-02-06,BR019,C502616,TLR-2814,839.82,cash deposit,CAD
CA00010703,2025-02-26,BR010,C502815,TLR-8010,918.72,cash withdrawal,CAD
CA00009215,2025-02-03,BR003,C502426,TLR-2543,1134.99,cash deposit,CAD
CA00016076,2025-02-27,BR037,C502650,TLR-2248,1305.61,cash deposit,CAD
CA00015640,2025-02-09,BR035,C503964,TLR-9524,746.98,cash withdrawal,CAD
CA00012607,2025-02-04,BR020,C503601,TLR-1446,626.49,cash withdrawal,USD
CA00011127,2025-02-06,BR012,C503262,TLR-3726,394.34,cash deposit,CAD
CA00014698,2025-02-09,BR030,C501113,TLR-5731,792.78,cash deposit,CAD
CA00009467,2025-02-19,BR004,C503782,TLR-7356,1853.87,cash deposit,CAD
CA00012040,2025-02-19,BR017,C503128,TLR-5319,772.51,cash withdrawal,CAD
CA00015002,2025-02-04,BR032,C501628,TLR-2979,1076.87,cash withdrawal,CAD
CA00009866,2025-02-18,BR006,C500186,TLR-1180,1523.67,cash deposit,CAD
CA00011937,2025-02-09,BR016,C501375,TLR-8477,2425.16,cash deposit,CAD
CA00013687,2025-02-16,BR026,C501873,TLR-9629,-2469.87,cash withdrawal,CAD
CA00016992,2025-02-17,BR040,C503871,TLR-6881,1002.65,cash deposit,CAD
CA00014475,2025-02-09,BR030,C501388,TLR-2250,856.49,cash withdrawal,CAD
CA00017586,2025-02-03,BR040,C501081,TLR-7949,721.06,cash withdrawal,CAD
CA00015185,2025-02-25,BR033,C503980,TLR-5872,437.84,cash withdrawal,CAD
CA00009558,2025-02-26,BR004,C502766,TLR-4475,979.74,cash withdrawal,CAD
CA00013231,2025-02-24,BR024,C502783,TLR-4491,1671.58,cash withdrawal,CAD
CA00016978,2025-02-28,BR040,C503667,TLR-7709,1220.26,cash deposit,CAD
CA00015520,2025-02-07,BR035,C502133,TLR-5550,2119.17,cash withdrawal,CAD
CA00014368,2025-02-16,BR029,C502751,TLR-1431,1226.41,cash deposit,CAD
CA00016721,2025-02-18,BR040,C503511,TLR-6202,475.49,cash deposit,CAD
CA00012380,2025-02-03,BR019,C501404,TLR-8607,542.27,cash deposit,CAD
CA00011856,2025-02-05,BR016,C501233,TLR-5399,1366.4,cash withdrawal,CAD
CA00015719,2025-02-22,BR036,C500185,TLR-9345,1786.46,cash withdrawal,CAD
CA00014536,2025-02-01,BR030,C503616,TLR-1024,648.83,cash withdrawal,CAD
CA00008946,2025-02-02,BR001,C503128,TLR-7538,502.18,cash deposit,CAD
CA00012853,2025-02-25,BR021,C500459,TLR-3615,1661.16,cash deposit,CAD
CA00011435,2025-02-13,BR015,C500529,TLR-3533,151.54,cash withdrawal,CAD
CA00013934,2025-02-24,BR027,C503335,TLR-2171,724.36,cash withdrawal,CAD
CA00017657,2025-02-26,BR040,C502833,TLR-7655,1444.61,cash deposit,CAD
CA00011847,2025-02-27,BR016,C500313,TLR-7273,1812.32,cash deposit,CAD
CA00012510,2025-02-06,BR019,C500760,TLR-7835,821.46,cash withdrawal,CAD
CA00013303,2025-02-14,BR024,C501363,TLR-2204,4063.72,cash withdrawal,CAD
CA00015636,2025-02-15,BR035,C502201,TLR-1814,464.85,cash deposit,CAD
CA00013882,2025-02-17,BR026,C503339,TLR-6976,946.22,cash deposit,CAD
CA00010426,2025-02-06,BR008,C503874,TLR-2658,1197.05,cash deposit,CAD
CA00009867,2025-02-26,BR006,C501782,TLR-8136,1796.56,cash deposit,CAD
CA00011651,2025-02-09,BR015,C500060,TLR-1776,544.38,cash withdrawal,CAD
CA00010372,2025-02-14,BR008,C500319,TLR-5383,1759.03,cash deposit,CAD
CA00014053,2025-02-12,BR027,C500365,TLR-5138,619.66,cash deposit,CAD
CA00009459,2025-02-08,BR004,C501978,TLR-7673,718.56,cash withdrawal,CAD
CA00017347,2025-02-19,BR040,C501923,TLR-5065,1191.98,cash deposit,CAD
CA00009759,2025-02-25,BR005,C502795,TLR-2552,611.83,cash deposit,CAD
CA00016299,2025-02-19,BR038,C502237,TLR-3036,637.93,cash withdrawal,CAD
CA00009811,2025-02-23,BR006,C500290,TLR-8697,263.42,cash withdrawal,CAD
CA00014095,2025-02-16,BR027,C500289,TLR-8635,9467.75,cash deposit,CAD
CA00015146,2025-02-03,BR033,C502538,TLR-3283,496.55,cash deposit,CAD
CA00010040,2025-02-20,BR006,C503668,TLR-5234,835.58,cash withdrawal,CAD
CA00009569,2025-02-01,BR004,C503009,TLR-5621,328.74,cash deposit,CAD
CA00009927,2025-02-12,BR006,C503548,TLR-3503,2951.33,cash withdrawal,CAD
CA00017110,2025-02-04,BR040,C502637,TLR-9795,371.94,cash deposit,CAD
CA00014452,2025-02-24,BR030,C501161,TLR-2891,3432.07,cash withdrawal,CAD
CA00008715,2025-02-13,BR001,C500393,TLR-6621,1339.04,cash withdrawal,CAD
CA00015614,2025-02-26,BR035,C500924,TLR-4553,229.46,cash deposit,CAD
CA00016015,2025-02-22,BR037,C503694,TLR-7619,1323.4,cash deposit,CAD
CA00010436,2025-02-20,BR008,C503210,TLR-9327,1687.38,cash withdrawal,CAD
CA00009063,2025-02-05,BR002,C503245,TLR-9650,-498.2,cash withdrawal,CAD
CA00013176,2025-02-22,BR024,C502415,TLR-5582,732.9,cash deposit,CAD
CA00013730,2025-02-20,BR026,C500412,TLR-4277,-609.18,cash withdrawal,CAD
CA00011466,2025-02-06,BR015,C501943,TLR-2897,706.03,cash withdrawal,CAD
CA00012347,2025-02-22,BR019,C500092,TLR-5623,2424.65,cash withdrawal,CAD
CA00016728,2025-02-25,BR040,C503259,TLR-7613,237.31,cash deposit,CAD
CA00012804,2025-02-25,BR021,C502125,TLR-1597,188.84,cash deposit,CAD
CA00009424,2025-02-28,BR004,C500807,TLR-1487,479.52,cash deposit,CAD
CA00009104,2025-02-28,BR002,C501366,TLR-3815,-475.31,cash withdrawal,CAD
CA00010863,2025-02-16,BR011,C501588,TLR-7666,2804.03,cash deposit,CAD
CA00012963,2025-02-12,BR022,C503330,TLR-7873,1100.95,cash withdrawal,CAD
CA00015127,2025-02-01,BR033,C503832,TLR-1983,1485.69,cash withdrawal,CAD
CA00015355,2025-02-13,BR034,C500636,TLR-3691,1354.52,cash withdrawal,CAD
CA00012058,2025-02-16,BR017,C502807,TLR-2979,1437.32,cash deposit,CAD
CA00014312,2025-02-24,BR029,C502140,TLR-1329,2525.83,cash deposit,CAD
CA00014304,2025-02-27,BR029,C502048,TLR-3373,1031.92,cash deposit,CAD
CA00016619,2025-02-21,BR039,C502402,TLR-6162,1291.52,cash deposit,CAD
CA00011551,2025-02-03,BR015,C502477,TLR-3701,90.74,cash deposit,CAD
CA00012429,2025-02-13,BR019,C500881,TLR-8221,949.05,cash deposit,CAD
CA00015932,2025-02-28,BR036,C502071,TLR-8190,1929.65,cash withdrawal,CAD
CA00010798,2025-02-06,BR010,C500402,TLR-4479,485.94,cash deposit,CAD
CA00016814,2025-02-28,BR040,C501243,TLR-1123,2159.19,cash withdrawal,CAD
CA00011572,2025-02-01,BR015,C500458,TLR-5896,1440.48,cash deposit,CAD
CA00015382,2025-02-26,BR034,C503668,TLR-3011,646.49,cash withdrawal,CAD
CA00013638,2025-02-19,BR025,C501751,TLR-8431,-468.27,cash withdrawal,CAD
CA00015181,2025-02-07,BR033,C500761,TLR-7269,2377.54,cash deposit,CAD
CA00014403,2025-02-27,BR030,C503665,TLR-5872,765.07,cash withdrawal,CAD
CA00013256,2025-02-08,BR024,C501024,TLR-8409,3004.33,cash deposit,CAD
CA00014437,2025-02-19,BR030,C500548,TLR-8958,1679.87,cash withdrawal,CAD
CA00013402,2025-02-17,BR024,C500509,TLR-3283,954.98,cash deposit,CAD
CA00016058,2025-02-10,BR037,C502830,TLR-1948,3260.96,cash deposit,CAD
CA00010573,2025-02-28,BR009,C501034,TLR-1766,3156.57,cash withdrawal,CAD
CA00015471,2025-02-12,BR035,C500229,TLR-8330,2237.16,cash deposit,CAD
CA00014270,2025-02-05,BR029,C503885,TLR-8611,3061.29,cash withdrawal,CAD
CA00011349,2025-02-28,BR014,C502504,TLR-2966,453.51,cash withdrawal,CAD
CA00014696,2025-02-03,BR030,C502134,TLR-1567,594.64,cash deposit,CAD
CA00012302,2025-02-18,BR018,C503036,TLR-2409,477.52,cash withdrawal,CAD
CA00013058,2025-02-10,BR023,C500667,TLR-1766,568.23,cash deposit,CAD
CA00012421,2025-02-17,BR019,C502033,TLR-5950,1011.47,cash withdrawal,CAD
CA00015019,2025-02-22,BR032,C503779,TLR-4327,1304.85,cash deposit,CAD
CA00012330,2025-02-20,BR019,C502392,TLR-5495,594.53,cash withdrawal,CAD
CA00011549,2025-02-07,BR015,C502777,TLR-6749,1304.07,cash deposit,CAD
CA00010329,2025-02-27,BR008,C503897,TLR-3851,675.39,cash withdrawal,CAD
CA00016520,2025-02-04,BR039,C502867,TLR-3297,3133.4,cash withdrawal,CAD
CA00016988,2025-02-25,BR040,C503048,TLR-4217,1827.18,cash withdrawal,CAD
CA00016987,2025-02-22,BR040,C503618,TLR-9030,894.08,cash deposit,CAD
CA00014611,2025-02-24,BR030,C500398,TLR-6072,1492.91,cash deposit,CAD
CA00011996,2025-02-24,BR017,C502533,TLR-9852,669.61,cash deposit,CAD
CA00016806,2025-02-16,BR040,C501790,TLR-4437,442.24,cash withdrawal,CAD
CA00014251,2025-02-20,BR029,C501125,TLR-6010,1145.42,cash deposit,CAD
CA00013200,2025-02-06,BR024,C501218,TLR-2098,769.39,cash deposit,CAD
CA00012803,2025-02-12,BR021,C503180,TLR-1841,1990.84,cash deposit,CAD
CA00015482,2025-02-27,BR035,C501410,TLR-9977,1222.93,cash deposit,CAD
CA00011200,2025-02-09,BR013,C502548,TLR-2059,857.63,cash withdrawal,CAD
CA00012702,2025-02-17,BR020,C502494,TLR-2045,1373.27,cash withdrawal,USD
CA00016476,2025-02-10,BR039,C503523,TLR-5750,568.03,cash withdrawal,CAD
CA00013257,2025-02-21,BR024,C500409,TLR-3756,627.61,cash withdrawal,CAD
CA00008767,2025-02-06,BR001,C501783,TLR-9932,1233.87,cash deposit,CAD
CA00009190,2025-02-27,BR003,C501156,TLR-8374,1017.38,cash deposit,CAD
CA00013989,2025-02-23,BR027,C503198,TLR-4009,1018.57,cash deposit,CAD
CA00016021,2025-02-26,BR037,C502863,TLR-9153,794.93,cash deposit,CAD
CA00010825,2025-02-05,BR010,C503441,TLR-9917,1552.54,cash deposit,CAD
CA00014420,2025-02-19,BR030,C500525,TLR-1016,2258.67,cash withdrawal,CAD
CA00016177,2025-02-17,BR037,C503590,TLR-5623,362.21,cash withdrawal,CAD
CA00011798,2025-02-17,BR016,C500208,TLR-1483,1001.69,cash deposit,CAD
CA00010463,2025-02-09,BR008,C501037,TLR-6085,462.75,cash deposit,CAD
CA00016840,2025-02-04,BR040,C501515,TLR-1235,553.61,cash withdrawal,CAD
CA00015951,2025-02-11,BR036,C501545,TLR-3559,968.08,cash withdrawal,CAD
CA00014317,2025-02-26,BR029,C502317,TLR-2651,1873.16,cash withdrawal,CAD
CA00009901,2025-02-12,BR006,C501795,TLR-4827,2017.49,cash deposit,CAD
CA00014770,2025-02-05,BR031,C502872,TLR-4445,1887.03,cash withdrawal,CAD
CA00014280,2025-02-12,BR029,C501555,TLR-7528,384.5,cash deposit,CAD
CA00014290,2025-02-22,BR029,C503672,TLR-8392,1113.25,cash withdrawal,CAD
CA00010112,2025-02-18,BR007,C501042,TLR-5110,879.13,cash withdrawal,CAD
CA00011987,2025-02-09,BR017,C503850,TLR-1838,1149.11,cash withdrawal,CAD
CA00013642,2025-02-11,BR025,C500545,TLR-8265,3095.97,cash deposit,CAD
CA00015603,2025-02-09,BR035,C503274,TLR-3672,629.34,cash deposit,CAD
CA00015913,2025-02-06,BR036,C500050,TLR-7633,391.19,cash withdrawal,CAD
CA00009571,2025-02-09,BR004,C501560,TLR-4811,396.94,cash withdrawal,CAD
CA00013144,2025-02-25,BR023,C500049,TLR-9835,1239.62,cash deposit,CAD
CA00013986,2025-02-25,BR027,C501448,TLR-4989,790.54,cash withdrawal,CAD
CA00012785,2025-02-26,BR021,C503758,TLR-9000,889.27,cash deposit,CAD
CA00009007,2025-02-04,BR002,C501901,TLR-2721,863.34,cash deposit,CAD
CA00016065,2025-02-12,BR037,C501820,TLR-5459,907.69,cash withdrawal,CAD
CA00016952,2025-02-18,BR040,C503291,TLR-3449,1037.65,cash deposit,CAD
CA00017032,2025-02-27,BR040,C500155,TLR-1897,2406.42,cash withdrawal,CAD
CA00008696,2025-02-27,BR001,C501334,TLR-1777,1279.93,cash deposit,CAD
CA00009752,2025-02-15,BR005,C501941,TLR-7619,2039.07,cash deposit,CAD
CA00014043,2025-02-04,BR027,C501520,TLR-2772,1526.01,cash deposit,CAD
CA00013842,2025-02-14,BR026,C501633,TLR-6359,873.37,cash deposit,CAD
CA00009324,2025-02-02,BR003,C501996,TLR-3955,1910.68,cash deposit,CAD
CA00013346,2025-02-20,BR024,C503649,TLR-5126,441.38,cash deposit,CAD
CA00012376,2025-02-06,BR019,C503713,TLR-6405,990.79,cash deposit,CAD
CA00009648,2025-02-14,BR004,C502790,TLR-4455,1510.33,cash withdrawal,CAD
CA00010577,2025-02-11,BR009,C501760,TLR-2648,2121.49,cash withdrawal,CAD
CA00010044,2025-02-14,BR006,C502061,TLR-9658,1198.45,cash deposit,CAD
CA00010451,2025-02-08,BR008,C503511,TLR-3686,873.43,cash deposit,CAD
CA00010785,2025-02-15,BR010,C500823,TLR-5469,1225.41,cash withdrawal,CAD
CA00012760,2025-02-11,BR020,C500490,TLR-8698,1599.03,cash deposit,USD
CA00010247,2025-02-27,BR007,C503694,TLR-5526,705.98,cash deposit,CAD
CA00012570,2025-02-20,BR019,C502460,TLR-4812,642.78,cash deposit,CAD
CA00012129,2025-02-23,BR017,C500749,TLR-9767,703.66,cash deposit,CAD
CA00016808,2025-02-10,BR040,C501621,TLR-2232,190.83,cash withdrawal,CAD
CA00013676,2025-02-11,BR026,C502562,TLR-4930,-1247.04,cash withdrawal,CAD
CA00014405,2025-02-05,BR030,C503142,TLR-5028,623.32,cash withdrawal,CAD
CA00010741,2025-02-16,BR010,C502556,TLR-6237,576.89,cash withdrawal,CAD
CA00010933,2025-02-25,BR012,C500207,TLR-8340,1311.34,cash withdrawal,CAD
CA00016499,2025-02-16,BR039,C501621,TLR-5968,518.53,cash withdrawal,CAD
CA00014208,2025-02-23,BR028,C503386,TLR-1479,2613.92,cash deposit,CAD
CA00012406,2025-02-13,BR019,C501209,TLR-4430,1036.45,cash deposit,CAD
CA00014401,2025-02-09,BR030,C502098,TLR-7021,701.71,cash withdrawal,CAD
CA00016215,2025-02-17,BR037,C500757,TLR-3249,1601.37,cash deposit,CAD
CA00015758,2025-02-04,BR036,C503165,TLR-4965,1406.32,cash withdrawal,CAD
CA00009633,2025-02-11,BR004,C500860,TLR-8531,1682.54,cash deposit,CAD
CA00013351,2025-02-28,BR024,C503494,TLR-7002,1987.68,cash withdrawal,CAD
CA00012247,2025-02-28,BR018,C501731,TLR-9997,780.43,cash withdrawal,CAD
CA00011974,2025-02-05,BR017,C503490,TLR-2751,224.81,cash withdrawal,CAD
CA00009939,2025-02-01,BR006,C501565,TLR-7692,166.02,cash deposit,CAD
CA00008723,2025-02-27,BR001,C501209,TLR-9772,1266.75,cash withdrawal,CAD
CA00017471,2025-02-18,BR040,C500810,TLR-7757,524.54,cash deposit,CAD
CA00012851,2025-02-07,BR021,C503932,TLR-2399,1237.04,cash withdrawal,CAD
CA00012959,2025-02-09,BR022,C502708,TLR-6251,508.16,cash withdrawal,CAD
CA00011180,2025-02-17,BR013,C500605,TLR-8299,744.1,cash withdrawal,CAD
CA00014539,2025-02-09,BR030,C503537,TLR-8796,2710.03,cash deposit,CAD
CA00016608,2025-02-02,BR039,C503766,TLR-4935,563.24,cash withdrawal,CAD
CA00015251,2025-02-15,BR033,C501917,TLR-7387,1151.07,cash deposit,CAD
CA00009635,2025-02-25,BR004,C502924,TLR-7863,849.96,cash deposit,CAD
CA00014824,2025-02-20,BR031,C501441,TLR-6093,345.01,cash withdrawal,CAD
CA00016139,2025-02-25,BR037,C502425,TLR-4523,970.24,cash withdrawal,CAD
CA00014292,2025-02-21,BR029,C501320,TLR-3934,1022.33,cash withdrawal,CAD
CA00017582,2025-02-22,BR040,C501805,TLR-4786,1185.83,cash withdrawal,CAD
CA00012653,2025-02-01,BR020,C502276,TLR-5357,1828.34,cash deposit,USD
CA00010356,2025-02-02,BR008,C500559,TLR-6930,599.92,cash withdrawal,CAD
CA00010521,2025-02-01,BR008,C503123,TLR-4761,1683.95,cash deposit,CAD
CA00014693,2025-02-21,BR030,C500787,TLR-3910,1180.64,cash withdrawal,CAD
CA00013914,2025-02-04,BR027,C502238,TLR-3153,1457.31,cash withdrawal,CAD
CA00009015,2025-02-22,BR002,C503364,TLR-2348,-544.45,cash withdrawal,CAD
CA00016351,2025-02-13,BR038,C501775,TLR-6939,2614.96,cash deposit,CAD
CA00010337,2025-02-17,BR008,C500126,TLR-8691,278.16,cash withdrawal,CAD
CA00009418,2025-02-20,BR003,C501769,TLR-3328,2319.32,cash withdrawal,CAD
CA00017139,2025-02-17,BR040,C503678,TLR-4679,1224.04,cash deposit,CAD
CA00013980,2025-02-20,BR027,C502205,TLR-7571,124.73,cash deposit,CAD
CA00013235,2025-02-28,BR024,C500033,TLR-9157,451.48,cash deposit,CAD
CA00016073,2025-02-09,BR037,C500066,TLR-8704,1219.44,cash withdrawal,CAD
CA00009875,2025-02-26,BR006,C500668,TLR-5422,2506.62,cash deposit,CAD
CA00012629,2025-02-09,BR020,C503513,TLR-3899,409.47,cash withdrawal,USD
CA00011823,2025-02-20,BR016,C500238,TLR-7001,480.01,cash deposit,CAD
CA00013160,2025-02-16,BR023,C501973,TLR-3011,1401.93,cash deposit,CAD
CA00012989,2025-02-06,BR022,C502363,TLR-5922,339.4,cash deposit,CAD
CA00014006,2025-02-06,BR027,C501991,TLR-3432,1241.16,cash deposit,CAD
CA00017508,2025-02-10,BR040,C502968,TLR-9857,663.16,cash withdrawal,CAD
CA00009925,2025-02-08,BR006,C502068,TLR-5139,851.29,cash withdrawal,CAD
CA00014844,2025-02-05,BR031,C503525,TLR-5173,3655.5,cash deposit,CAD
CA00010605,2025-02-25,BR009,C500516,TLR-2340,1270.08,cash withdrawal,CAD
CA00011795,2025-02-21,BR016,C501340,TLR-5230,1312.44,cash withdrawal,CAD
CA00012962,2025-02-12,BR022,C500219,TLR-1535,457.65,cash withdrawal,CAD
CA00013906,2025-02-13,BR026,C503949,TLR-9928,-2564.5,cash withdrawal,CAD
CA00013166,2025-02-11,BR024,C503473,TLR-6286,2558.37,cash withdrawal,CAD
CA00011678,2025-02-13,BR015,C503249,TLR-4206,178.74,cash withdrawal,CAD
CA00011842,2025-02-24,BR016,C502093,TLR-1839,6088.83,cash withdrawal,CAD
CA00016386,2025-02-04,BR038,C501903,TLR-5742,696.09,cash deposit,CAD
CA00014940,2025-02-05,BR031,C503063,TLR-3854,2406.39,cash withdrawal,CAD
CA00011220,2025-02-27,BR013,C501169,TLR-8428,1006.45,cash deposit,CAD
CA00010979,2025-02-14,BR012,C500849,TLR-7931,207.03,cash deposit,CAD
CA00017161,2025-02-06,BR040,C500382,TLR-1319,740.08,cash withdrawal,CAD
CA00017009,2025-02-21,BR040,C502159,TLR-8862,460.72,cash deposit,CAD
CA00008698,2025-02-16,BR001,C500639,TLR-2953,2409.55,cash withdrawal,CAD
CA00008742,2025-02-17,BR001,C503471,TLR-2358,1346.72,cash withdrawal,CAD
CA00012433,2025-02-14,BR019,C501368,TLR-9869,3359.14,cash withdrawal,CAD
CA00014019,2025-02-16,BR027,C502066,TLR-8988,546.1,cash withdrawal,CAD
CA00014520,2025-02-18,BR030,C501383,TLR-8248,781.09,cash deposit,CAD
CA00016928,2025-02-10,BR040,C503185,TLR-7507,1777.74,cash deposit,CAD
CA00011573,2025-02-18,BR015,C500251,TLR-3127,1350.3,cash withdrawal,CAD
CA00009112,2025-02-19,BR002,C500956,TLR-9423,850.85,cash deposit,CAD
CA00010536,2025-02-19,BR009,C503318,TLR-8895,2520.87,cash withdrawal,CAD
CA00009691,2025-02-10,BR005,C500169,TLR-5211,1774.77,cash deposit,CAD
CA00015469,2025-02-01,BR035,C501633,TLR-6573,3100.82,cash deposit,CAD
CA00014024,2025-02-11,BR027,C500264,TLR-9477,518.15,cash withdrawal,CAD
CA00009067,2025-02-15,BR002,C500574,TLR-4296,503.02,cash deposit,CAD
CA00011941,2025-02-27,BR016,C501650,TLR-1137,609.4,cash withdrawal,CAD
CA00016947,2025-02-07,BR040,C500807,TLR-4182,769.22,cash deposit,CAD
CA00012734,2025-02-13,BR020,C501565,TLR-6162,316.55,cash withdrawal,USD
CA00015250,2025-02-10,BR033,C503376,TLR-6237,915.37,cash deposit,CAD
CA00013380,2025-02-05,BR024,C500914,TLR-5325,545.07,cash withdrawal,CAD
CA00011460,2025-02-13,BR015,C502632,TLR-9436,709.73,cash deposit,CAD
CA00016330,2025-02-07,BR038,C502043,TLR-2593,1486.14,cash withdrawal,CAD
CA00010993,2025-02-07,BR012,C501076,TLR-7672,947.38,cash withdrawal,CAD
CA00010542,2025-02-10,BR009,C501135,TLR-8358,2422.29,cash deposit,CAD
CA00010171,2025-02-27,BR007,C502843,TLR-9089,951.19,cash deposit,CAD
CA00011728,2025-02-23,BR016,C501682,TLR-2715,692.7,cash withdrawal,CAD
CA00017511,2025-02-04,BR040,C502807,TLR-4463,430.32,cash deposit,CAD
CA00010827,2025-02-01,BR010,C500739,TLR-9303,151.71,cash withdrawal,CAD
CA00011962,2025-02-14,BR017,C502749,TLR-1925,1677.39,cash deposit,CAD
CA00014104,2025-02-07,BR028,C501052,TLR-8437,240.59,cash deposit,CAD
CA00009332,2025-02-08,BR003,C502623,TLR-2841,1442.64,cash withdrawal,CAD
CA00012714,2025-02-14,BR020,C502625,TLR-8063,871.24,cash withdrawal,USD
CA00012611,2025-02-25,BR020,C502995,TLR-8797,3657.11,cash withdrawal,USD
CA00016513,2025-02-14,BR039,C500363,TLR-3744,280.51,cash deposit,CAD
CA00010680,2025-02-08,BR010,C500116,TLR-8520,282.28,cash withdrawal,CAD
CA00016960,2025-02-16,BR040,C502528,TLR-2041,949.87,cash deposit,CAD
CA00016789,2025-02-19,BR040,C500227,TLR-3482,2856.76,cash withdrawal,CAD
CA00010843,2025-02-07,BR010,C501174,TLR-2955,843.21,cash deposit,CAD
CA00012379,2025-02-23,BR019,C503659,TLR-6467,1595.24,cash withdrawal,CAD
CA00012800,2025-02-24,BR021,C502221,TLR-1136,1659.99,cash withdrawal,CAD
CA00015571,2025-02-22,BR035,C500178,TLR-1918,392.45,cash deposit,CAD
CA00012268,2025-02-19,BR018,C502188,TLR-8154,187.25,cash withdrawal,CAD
CA00008730,2025-02-16,BR001,C501273,TLR-3583,745.08,cash deposit,CAD
CA00016691,2025-02-01,BR040,C500709,TLR-1332,3243.14,cash deposit,CAD
CA00014018,2025-02-10,BR027,C502261,TLR-8252,1589.61,cash withdrawal,CAD
CA00010250,2025-02-16,BR007,C500928,TLR-5779,765.41,cash deposit,CAD
CA00011945,2025-02-25,BR017,C502744,TLR-1152,1184.11,cash deposit,CAD
CA00017620,2025-02-26,BR040,C500898,TLR-7237,977.82,cash deposit,CAD
CA00009840,2025-02-26,BR006,C501699,TLR-7052,1034.08,cash deposit,CAD
CA00016786,2025-02-07,BR040,C500626,TLR-6057,440.79,cash withdrawal,CAD
CA00010003,2025-02-21,BR006,C500967,TLR-8026,804.38,cash deposit,CAD
CA00017328,2025-02-28,BR040,C500152,TLR-1920,1785.46,cash withdrawal,CAD
CA00013208,2025-02-27,BR024,C501477,TLR-8325,508.65,cash withdrawal,CAD
CA00016237,2025-02-22,BR037,C503799,TLR-9958,1018.99,cash deposit,CAD
CA00013037,2025-02-11,BR022,C502907,TLR-3831,947.51,cash withdrawal,CAD
CA00015917,2025-02-22,BR036,C501465,TLR-3523,2063.17,cash deposit,CAD
CA00016403,2025-02-01,BR038,C501707,TLR-2577,1149.69,cash withdrawal,CAD
CA00017118,2025-02-27,BR040,C503959,TLR-7717,592.5,cash deposit,CAD
CA00012904,2025-02-01,BR021,C501905,TLR-7105,2451.3,cash deposit,CAD
CA00009457,2025-02-21,BR004,C502357,TLR-8024,1684.56,cash deposit,CAD
CA00013421,2025-02-19,BR024,C500403,TLR-2289,479.27,cash withdrawal,CAD
CA00012312,2025-02-09,BR019,C500582,TLR-9680,256.07,cash withdrawal,CAD
CA00015634,2025-02-27,BR035,C503427,TLR-3857,2145.34,cash withdrawal,CAD
CA00015151,2025-02-02,BR033,C502941,TLR-2893,859.62,cash deposit,CAD
CA00015974,2025-02-09,BR037,C503485,TLR-5311,540.79,cash deposit,CAD
CA00016888,2025-02-12,BR040,C501831,TLR-2193,384.84,cash deposit,CAD
CA00011399,2025-02-06,BR014,C503166,TLR-1966,666.34,cash withdrawal,CAD
CA00013098,2025-02-09,BR023,C502547,TLR-2847,753.3,cash deposit,CAD
CA00014163,2025-02-22,BR028,C501002,TLR-2313,852.3,cash deposit,CAD
CA00009048,2025-02-25,BR002,C501766,TLR-8077,2862.05,cash deposit,CAD
CA00011920,2025-02-06,BR016,C502554,TLR-9787,888.35,cash withdrawal,CAD
CA00009462,2025-02-10,BR004,C501706,TLR-9641,2425.42,cash withdrawal,CAD
CA00009894,2025-02-13,BR006,C501439,TLR-9110,365.7,cash deposit,CAD
CA00010295,2025-02-03,BR008,C500817,TLR-6902,546.27,cash withdrawal,CAD
CA00013833,2025-02-10,BR026,C502024,TLR-8969,1261.53,cash deposit,CAD
CA00013182,2025-02-21,BR024,C501537,TLR-9846,2379.39,cash deposit,CAD
CA00009719,2025-02-07,BR005,C500260,TLR-8800,825.02,cash withdrawal,CAD
CA00015665,2025-02-25,BR035,C503034,TLR-4204,560.97,cash withdrawal,CAD
CA00010941,2025-02-01,BR012,C501883,TLR-2855,1816.9,cash withdrawal,CAD
CA00015040,2025-02-06,BR032,C503941,TLR-1506,951.9,cash deposit,CAD
CA00011344,2025-02-27,BR014,C503664,TLR-8385,435.0,cash deposit,CAD
CA00017503,2025-02-08,BR040,C503229,TLR-6505,1726.58,cash withdrawal,CAD
CA00014866,2025-02-21,BR031,C503331,TLR-7214,1875.07,cash withdrawal,CAD
CA00011660,2025-02-04,BR015,C503815,TLR-7588,1553.64,cash withdrawal,CAD
CA00013822,2025-02-25,BR026,C502117,TLR-3310,3231.05,cash deposit,CAD
CA00013212,2025-02-16,BR024,C500674,TLR-2737,700.96,cash deposit,CAD
CA00009027,2025-02-01,BR002,C503445,TLR-7662,-2213.05,cash withdrawal,CAD
CA00009451,2025-02-13,BR004,C502754,TLR-8005,1143.38,cash deposit,CAD
CA00015281,2025-02-15,BR034,C501186,TLR-8462,762.5,cash withdrawal,CAD
CA00017255,2025-02-14,BR040,C503062,TLR-2951,536.05,cash deposit,CAD
CA00010809,2025-02-20,BR010,C502116,TLR-5712,2401.85,cash deposit,CAD
CA00012670,2025-02-16,BR020,C500079,TLR-1787,902.25,cash withdrawal,USD
CA00009287,2025-02-25,BR003,C502799,TLR-8769,4270.27,cash deposit,CAD
CA00017123,2025-02-16,BR040,C502112,TLR-2848,1044.99,cash deposit,CAD
CA00011910,2025-02-21,BR016,C503533,TLR-3408,563.51,cash withdrawal,CAD
CA00014753,2025-02-13,BR031,C503511,TLR-4334,594.08,cash withdrawal,CAD
CA00010168,2025-02-28,BR007,C501145,TLR-7918,1810.12,cash withdrawal,CAD
CA00014426,2025-02-17,BR030,C503485,TLR-4874,1669.09,cash deposit,CAD
CA00009627,2025-02-27,BR004,C503262,TLR-9642,355.62,cash deposit,CAD
CA00014542,2025-02-22,BR030,C502016,TLR-1364,1160.53,cash deposit,CAD
CA00015276,2025-02-22,BR033,C500138,TLR-8071,208.44,cash deposit,CAD
CA00015689,2025-02-02,BR035,C503205,TLR-3222,707.64,cash withdrawal,CAD
CA00017344,2025-02-07,BR040,C500609,TLR-4018,985.04,cash withdrawal,CAD
CA00013504,2025-02-03,BR025,C500812,TLR-4205,1215.16,cash deposit,CAD
CA00015786,2025-02-28,BR036,C503310,TLR-1765,626.61,cash deposit,CAD
CA00011601,2025-02-23,BR015,C500807,TLR-7724,481.92,cash deposit,CAD
CA00016122,2025-02-08,BR037,C502328,TLR-9372,1084.24,cash deposit,CAD
CA00013502,2025-02-11,BR025,C502258,TLR-6818,-1271.2,cash withdrawal,CAD
CA00014836,2025-02-06,BR031,C500205,TLR-5857,1176.8,cash withdrawal,CAD
CA00017559,2025-02-21,BR040,C503945,TLR-7995,1227.47,cash deposit,CAD
CA00013766,2025-02-11,BR026,C503865,TLR-1141,-1296.93,cash withdrawal,CAD
CA00013192,2025-02-13,BR024,C500366,TLR-8760,839.02,cash withdrawal,CAD
CA00014859,2025-02-09,BR031,C503460,TLR-2545,778.11,cash deposit,CAD
CA00014658,2025-02-25,BR030,C503240,TLR-1447,612.54,cash withdrawal,CAD
CA00015962,2025-02-26,BR036,C500930,TLR-9927,1043.66,cash withdrawal,CAD
CA00014119,2025-02-27,BR028,C500721,TLR-7338,2245.66,cash withdrawal,CAD
CA00013153,2025-02-01,BR023,C502686,TLR-3362,911.2,cash withdrawal,CAD
CA00016621,2025-02-13,BR039,C501907,TLR-9120,573.82,cash deposit,CAD
CA00013095,2025-02-21,BR023,C500020,TLR-5435,1745.54,cash deposit,CAD
CA00013731,2025-02-25,BR026,C501606,TLR-7292,-640.16,cash withdrawal,CAD
CA00012561,2025-02-15,BR019,C501380,TLR-8628,289.39,cash withdrawal,CAD
CA00010599,2025-02-13,BR009,C502183,TLR-4521,876.28,cash withdrawal,CAD
CA00015053,2025-02-15,BR032,C503764,TLR-8127,3771.49,cash withdrawal,CAD
CA00012965,2025-02-26,BR022,C501364,TLR-4782,1599.43,cash withdrawal,CAD
CA00014603,2025-02-05,BR030,C501567,TLR-2799,1678.55,cash deposit,CAD
CA00011698,2025-02-21,BR015,C503691,TLR-2792,518.53,cash deposit,CAD
CA00012263,2025-02-18,BR018,C500431,TLR-2818,2657.14,cash withdrawal,CAD
CA00016422,2025-02-15,BR038,C501707,TLR-4338,393.66,cash deposit,CAD
CA00017436,2025-02-04,BR040,C501474,TLR-2562,703.25,cash withdrawal,CAD
CA00009207,2025-02-28,BR003,C500827,TLR-9642,545.9,cash withdrawal,CAD
CA00012023,2025-02-06,BR017,C500380,TLR-6521,2414.74,cash deposit,CAD
CA00008780,2025-02-06,BR001,C503738,TLR-4583,972.7,cash deposit,CAD
CA00012769,2025-02-12,BR021,C501935,TLR-9344,546.4,cash deposit,CAD
CA00015048,2025-02-25,BR032,C502647,TLR-2017,473.87,cash withdrawal,CAD
CA00011310,2025-02-24,BR014,C502249,TLR-6112,1049.89,cash deposit,CAD
CA00013734,2025-02-19,BR026,C502309,TLR-4868,-1339.62,cash withdrawal,CAD
CA00010654,2025-02-15,BR010,C503951,TLR-3742,369.45,cash deposit,CAD
CA00010101,2025-02-06,BR007,C503202,TLR-2050,429.1,cash deposit,CAD
CA00011320,2025-02-04,BR014,C502930,TLR-2333,929.43,cash withdrawal,CAD
CA00013737,2025-02-26,BR026,C503675,TLR-3428,985.04,cash deposit,CAD
CA00011229,2025-02-02,BR014,C500053,TLR-7736,1509.26,cash withdrawal,CAD
CA00015255,2025-02-28,BR033,C502882,TLR-5171,1287.96,cash withdrawal,CAD
CA00013070,2025-02-07,BR023,C501421,TLR-9016,1353.49,cash withdrawal,CAD
CA00016120,2025-02-14,BR037,C501163,TLR-6689,855.53,cash deposit,CAD
CA00017522,2025-02-18,BR040,C503726,TLR-8707,1197.64,cash deposit,CAD
CA00016412,2025-02-15,BR038,C501137,TLR-5881,1636.34,cash withdrawal,CAD
CA00015856,2025-02-11,BR036,C502566,TLR-2936,1087.93,cash deposit,CAD
CA00011703,2025-02-07,BR015,C503732,TLR-9098,432.2,cash deposit,CAD
CA00016391,2025-02-12,BR038,C500476,TLR-1557,620.19,cash deposit,CAD
CA00010311,2025-02-16,BR008,C502761,TLR-3798,405.86,cash withdrawal,CAD
CA00016706,2025-02-24,BR040,C500815,TLR-7995,512.25,cash deposit,CAD
CA00011179,2025-02-23,BR013,C501895,TLR-8844,1268.77,cash withdrawal,CAD
CA00015536,2025-02-16,BR035,C502307,TLR-4492,1629.29,cash withdrawal,CAD
CA00013324,2025-02-12,BR024,C500539,TLR-2853,336.0,cash withdrawal,CAD
CA00012084,2025-02-23,BR017,C503252,TLR-8873,223.81,cash withdrawal,CAD
CA00015336,2025-02-24,BR034,C503201,TLR-9000,683.98,cash withdrawal,CAD
CA00012596,2025-02-27,BR020,C503527,TLR-1815,444.51,cash deposit,USD
CA00013197,2025-02-28,BR024,C502598,TLR-4746,1172.29,cash deposit,CAD
CA00009211,2025-02-28,BR003,C500911,TLR-7177,1362.19,cash deposit,CAD
CA00016267,2025-02-17,BR038,C500668,TLR-5499,1019.54,cash deposit,CAD
CA00008748,2025-02-02,BR001,C501452,TLR-9032,738.75,cash deposit,CAD
CA00013282,2025-02-03,BR024,C503213,TLR-8852,668.5,cash withdrawal,CAD
CA00012191,2025-02-23,BR018,C502961,TLR-5330,2860.54,cash deposit,CAD
CA00012460,2025-02-12,BR019,C502466,TLR-5335,3503.48,cash deposit,CAD
CA00014287,2025-02-01,BR029,C501921,TLR-8463,772.61,cash deposit,CAD
CA00015696,2025-02-10,BR036,C503172,TLR-8087,884.31,cash deposit,CAD
CA00014482,2025-02-18,BR030,C500243,TLR-4002,1928.08,cash withdrawal,CAD
CA00015421,2025-02-27,BR034,C500380,TLR-1509,1194.91,cash withdrawal,CAD
CA00013292,2025-02-09,BR024,C503547,TLR-6252,1231.5,cash deposit,CAD
CA00016813,2025-02-14,BR040,C503106,TLR-1069,1025.29,cash withdrawal,CAD
CA00008849,2025-02-13,BR001,C503198,TLR-8569,1783.45,cash withdrawal,CAD
CA00010281,2025-02-19,BR007,C503280,TLR-1004,762.2,cash deposit,CAD
CA00014978,2025-02-25,BR032,C502939,TLR-1657,918.24,cash deposit,CAD
CA00016704,2025-02-26,BR040,C503448,TLR-4980,2591.73,cash withdrawal,CAD
CA00011463,2025-02-02,BR015,C500539,TLR-7406,600.74,cash deposit,CAD
CA00012011,2025-02-17,BR017,C502414,TLR-3521,1765.35,cash deposit,CAD
CA00016590,2025-02-19,BR039,C501575,TLR-1745,1089.85,cash withdrawal,CAD
CA00013911,2025-02-07,BR026,C500994,TLR-3641,5694.44,cash deposit,CAD
CA00013850,2025-02-26,BR026,C502233,TLR-1970,-5050.42,cash withdrawal,CAD
CA00011825,2025-02-14,BR016,C502164,TLR-8731,914.73,cash deposit,CAD
CA00010148,2025-02-04,BR007,C500852,TLR-8688,465.4,cash withdrawal,CAD
CA00013988,2025-02-24,BR027,C503321,TLR-1615,1203.95,cash withdrawal,CAD
CA00016211,2025-02-12,BR037,C501489,TLR-7256,3544.42,cash withdrawal,CAD
CA00012466,2025-02-09,BR019,C501673,TLR-9298,1127.68,cash withdrawal,CAD
CA00009621,2025-02-25,BR004,C503544,TLR-4758,1220.72,cash deposit,CAD
CA00011708,2025-02-21,BR015,C502017,TLR-1912,527.51,cash deposit,CAD
CA00009676,2025-02-02,BR004,C501725,TLR-7701,634.06,cash deposit,CAD
CA00015627,2025-02-27,BR035,C502882,TLR-4884,504.75,cash deposit,CAD
CA00014090,2025-02-09,BR027,C502841,TLR-6218,9726.89,cash withdrawal,CAD
CA00015047,2025-02-22,BR032,C503397,TLR-8922,2262.17,cash deposit,CAD
CA00008814,2025-02-11,BR001,C502106,TLR-1102,1157.96,cash deposit,CAD
CA00013044,2025-02-24,BR023,C500115,TLR-9927,695.46,cash deposit,CAD
CA00012003,2025-02-04,BR017,C500286,TLR-1849,1013.85,cash withdrawal,CAD
CA00016892,2025-02-03,BR040,C502248,TLR-3274,355.99,cash withdrawal,CAD
CA00014167,2025-02-25,BR028,C500189,TLR-6063,344.0,cash withdrawal,CAD
CA00015324,2025-02-09,BR034,C500352,TLR-8636,512.63,cash withdrawal,CAD
CA00009186,2025-02-13,BR003,C501196,TLR-8675,1141.46,cash withdrawal,CAD
CA00012997,2025-02-18,BR022,C502795,TLR-5681,822.14,cash deposit,CAD
CA00009836,2025-02-21,BR006,C503618,TLR-2609,974.09,cash withdrawal,CAD
CA00010623,2025-02-23,BR009,C502570,TLR-5279,3233.21,cash deposit,CAD
CA00015033,2025-02-15,BR032,C503037,TLR-6797,3416.01,cash deposit,CAD
CA00011902,2025-02-13,BR016,C500815,TLR-3111,441.53,cash withdrawal,CAD
CA00017595,2025-02-17,BR040,C500319,TLR-8467,1764.91,cash withdrawal,CAD
CA00013483,2025-02-19,BR025,C502429,TLR-4479,-596.96,cash withdrawal,CAD
CA00013862,2025-02-15,BR026,C500069,TLR-4276,649.05,cash deposit,CAD
CA00016293,2025-02-03,BR038,C502194,TLR-3902,2739.33,cash withdrawal,CAD
CA00011036,2025-02-07,BR012,C500045,TLR-4330,1427.43,cash deposit,CAD
CA00013549,2025-02-06,BR025,C500278,TLR-7987,-1495.96,cash withdrawal,CAD
CA00015566,2025-02-27,BR035,C503832,TLR-7883,2804.95,cash withdrawal,CAD
CA00014478,2025-02-26,BR030,C502774,TLR-3997,466.86,cash deposit,CAD
CA00013623,2025-02-13,BR025,C503553,TLR-3908,1442.63,cash deposit,CAD
CA00009525,2025-02-21,BR004,C503491,TLR-7006,2267.27,cash withdrawal,CAD
CA00011750,2025-02-01,BR016,C501452,TLR-5972,1244.74,cash deposit,CAD
CA00010920,2025-02-13,BR012,C500147,TLR-4898,689.08,cash withdrawal,CAD
CA00011739,2025-02-12,BR016,C502738,TLR-9533,893.94,cash withdrawal,CAD
CA00009003,2025-02-16,BR002,C500968,TLR-8060,1977.67,cash deposit,CAD
CA00015169,2025-02-26,BR033,C500678,TLR-4657,1607.64,cash deposit,CAD
CA00013123,2025-02-02,BR023,C503667,TLR-3742,507.44,cash withdrawal,CAD
CA00012960,2025-02-05,BR022,C503142,TLR-7573,2497.95,cash deposit,CAD
CA00012830,2025-02-18,BR021,C501889,TLR-7338,1014.25,cash deposit,CAD
CA00014441,2025-02-05,BR030,C503694,TLR-4647,495.3,cash withdrawal,CAD
CA00014760,2025-02-18,BR031,C503731,TLR-4145,1063.34,cash deposit,CAD
CA00011672,2025-02-04,BR015,C503278,TLR-4512,193.78,cash deposit,CAD
CA00010084,2025-02-06,BR007,C500235,TLR-6595,1936.96,cash deposit,CAD
CA00011970,2025-02-08,BR017,C501974,TLR-6871,393.31,cash deposit,CAD
CA00008722,2025-02-14,BR001,C500364,TLR-4260,562.15,cash withdrawal,CAD
CA00010204,2025-02-11,BR007,C501073,TLR-2135,983.28,cash deposit,CAD
CA00017080,2025-02-26,BR040,C500239,TLR-9172,2171.89,cash withdrawal,CAD
CA00012228,2025-02-03,BR018,C503083,TLR-8427,507.54,cash withdrawal,CAD
CA00010841,2025-02-02,BR010,C500811,TLR-7195,528.95,cash deposit,CAD
CA00015376,2025-02-13,BR034,C501254,TLR-4849,522.62,cash withdrawal,CAD
CA00009153,2025-02-27,BR002,C502000,TLR-8131,345.68,cash deposit,CAD
CA00008800,2025-02-25,BR001,C501316,TLR-6682,3248.19,cash deposit,CAD
CA00012223,2025-02-22,BR018,C500157,TLR-8035,959.05,cash withdrawal,CAD
CA00013972,2025-02-07,BR027,C502671,TLR-1981,1140.83,cash deposit,CAD
CA00015567,2025-02-06,BR035,C502011,TLR-9772,478.75,cash deposit,CAD
CA00015957,2025-02-23,BR036,C501010,TLR-9976,5223.56,cash deposit,CAD
CA00009463,2025-02-12,BR004,C503848,TLR-5532,391.06,cash withdrawal,CAD
CA00011230,2025-02-04,BR014,C500511,TLR-5028,844.96,cash deposit,CAD
CA00014575,2025-02-19,BR030,C500384,TLR-6604,758.58,cash deposit,CAD
CA00014641,2025-02-05,BR030,C503443,TLR-7774,5603.51,cash deposit,CAD
CA00017212,2025-02-13,BR040,C502489,TLR-5467,680.23,cash withdrawal,CAD
CA00014757,2025-02-19,BR031,C501457,TLR-3639,886.88,cash deposit,CAD
CA00011012,2025-02-16,BR012,C501928,TLR-6744,5438.16,cash deposit,CAD
CA00016052,2025-02-25,BR037,C501497,TLR-6217,1516.85,cash withdrawal,CAD
CA00011316,2025-02-19,BR014,C502984,TLR-8226,2429.39,cash deposit,CAD
CA00015145,2025-02-23,BR033,C500007,TLR-2184,205.61,cash deposit,CAD
CA00010775,2025-02-03,BR010,C502443,TLR-4892,309.6,cash deposit,CAD
CA00010211,2025-02-23,BR007,C502268,TLR-3422,1483.21,cash deposit,CAD
CA00010648,2025-02-25,BR010,C500570,TLR-9551,1914.16,cash deposit,CAD
CA00009576,2025-02-19,BR004,C501924,TLR-7771,1132.08,cash withdrawal,CAD
CA00012643,2025-02-09,BR020,C502623,TLR-1852,582.73,cash withdrawal,USD
CA00014902,2025-02-24,BR031,C503391,TLR-8338,1644.91,cash withdrawal,CAD
CA00009883,2025-02-01,BR006,C503549,TLR-3267,782.54,cash deposit,CAD
CA00009775,2025-02-11,BR006,C503343,TLR-2405,387.32,cash deposit,CAD
CA00009407,2025-02-09,BR003,C502408,TLR-5331,221.99,cash withdrawal,CAD
CA00013978,2025-02-28,BR027,C503314,TLR-7269,1610.95,cash withdrawal,CAD
CA00009331,2025-02-27,BR003,C503952,TLR-9217,1103.38,cash deposit,CAD
CA00017652,2025-02-20,BR040,C502312,TLR-4856,2010.12,cash withdrawal,CAD
CA00010375,2025-02-14,BR008,C502867,TLR-3969,733.03,cash deposit,CAD
CA00016163,2025-02-21,BR037,C500344,TLR-5804,861.86,cash deposit,CAD
CA00012937,2025-02-05,BR021,C503871,TLR-7709,802.78,cash deposit,CAD
CA00017310,2025-02-20,BR040,C501112,TLR-7370,969.1,cash deposit,CAD
CA00009878,2025-02-11,BR006,C502901,TLR-8954,457.81,cash withdrawal,CAD
CA00017574,2025-02-13,BR040,C501417,TLR-7392,5048.14,cash withdrawal,CAD
CA00011404,2025-02-19,BR014,C501317,TLR-5116,933.07,cash deposit,CAD
CA00015918,2025-02-22,BR036,C501414,TLR-3375,226.17,cash deposit,CAD
CA00010888,2025-02-04,BR011,C503533,TLR-5624,693.69,cash deposit,CAD
CA00011402,2025-02-02,BR014,C500900,TLR-2905,463.25,cash deposit,CAD
CA00011025,2025-02-24,BR012,C501087,TLR-6414,505.92,cash withdrawal,CAD
CA00014399,2025-02-13,BR030,C502730,TLR-8062,1259.92,cash deposit,CAD
CA00008820,2025-02-07,BR001,C503260,TLR-4486,3390.73,cash withdrawal,CAD
CA00015661,2025-02-28,BR035,C503749,TLR-3650,486.51,cash deposit,CAD
CA00009881,2025-02-24,BR006,C501816,TLR-7710,360.64,cash withdrawal,CAD
CA00014968,2025-02-09,BR031,C500552,TLR-3289,3209.97,cash withdrawal,CAD
CA00011631,2025-02-02,BR015,C500826,TLR-8900,1338.24,cash withdrawal,CAD
CA00016048,2025-02-19,BR037,C501980,TLR-6521,582.28,cash deposit,CAD
CA00016886,2025-02-13,BR040,C500323,TLR-1239,964.07,cash withdrawal,CAD
CA00017661,2025-02-27,BR040,C502313,TLR-9846,1730.41,cash withdrawal,CAD
CA00009988,2025-02-15,BR006,C500402,TLR-2101,1202.6,cash deposit,CAD
CA00016132,2025-02-18,BR037,C501530,TLR-3119,6631.81,cash withdrawal,CAD
CA00012286,2025-02-01,BR018,C500213,TLR-1321,622.55,cash deposit,CAD
CA00015947,2025-02-15,BR036,C500889,TLR-4931,1205.6,cash withdrawal,CAD
CA00015916,2025-02-02,BR036,C503759,TLR-7287,1029.12,cash withdrawal,CAD
CA00013298,2025-02-03,BR024,C500477,TLR-1757,818.79,cash deposit,CAD
CA00016625,2025-02-10,BR039,C502605,TLR-5902,1188.83,cash withdrawal,CAD
CA00017516,2025-02-13,BR040,C500214,TLR-2313,666.99,cash deposit,CAD
CA00014484,2025-02-20,BR030,C503820,TLR-6146,280.77,cash deposit,CAD
CA00009623,2025-02-08,BR004,C501234,TLR-7825,803.24,cash deposit,CAD
CA00009060,2025-02-27,BR002,C500463,TLR-6401,-977.88,cash withdrawal,CAD
CA00016002,2025-02-14,BR037,C502727,TLR-2987,147.17,cash deposit,CAD
CA00014358,2025-02-26,BR029,C503934,TLR-5159,605.61,cash deposit,CAD
CA00016278,2025-02-19,BR038,C502292,TLR-4255,834.72,cash deposit,CAD
CA00010145,2025-02-14,BR007,C501527,TLR-6245,1485.23,cash withdrawal,CAD
CA00008896,2025-02-10,BR001,C502210,TLR-5859,1749.27,cash withdrawal,CAD
CA00011563,2025-02-19,BR015,C500616,TLR-2556,1072.08,cash withdrawal,CAD
CA00011838,2025-02-09,BR016,C503763,TLR-6500,2438.95,cash withdrawal,CAD
CA00012808,2025-02-02,BR021,C503468,TLR-1789,1796.37,cash withdrawal,CAD
CA00014093,2025-02-26,BR027,C502851,TLR-4301,9852.93,cash deposit,CAD
CA00014664,2025-02-12,BR030,C501188,TLR-3267,890.94,cash withdrawal,CAD
CA00012083,2025-02-09,BR017,C502965,TLR-3754,694.83,cash deposit,CAD
CA00010742,2025-02-23,BR010,C501748,TLR-3861,679.3,cash withdrawal,CAD
CA00016374,2025-02-17,BR038,C500274,TLR-3973,2687.27,cash deposit,CAD
CA00012750,2025-02-09,BR020,C502346,TLR-1143,822.75,cash deposit,USD
CA00014459,2025-02-09,BR030,C502539,TLR-5315,1083.34,cash deposit,CAD
CA00012589,2025-02-22,BR019,C500878,TLR-6142,6196.95,cash deposit,CAD
CA00010690,2025-02-05,BR010,C501087,TLR-7810,3732.72,cash deposit,CAD
CA00009942,2025-02-15,BR006,C500002,TLR-6888,1113.82,cash withdrawal,CAD
CA00009083,2025-02-26,BR002,C500882,TLR-3966,3070.77,cash deposit,CAD
CA00015051,2025-02-14,BR032,C500876,TLR-4696,364.03,cash withdrawal,CAD
CA00009826,2025-02-12,BR006,C500313,TLR-7003,559.0,cash withdrawal,CAD
CA00010021,2025-02-05,BR006,C500571,TLR-8819,894.02,cash withdrawal,CAD
CA00017224,2025-02-01,BR040,C502702,TLR-3117,1206.5,cash withdrawal,CAD
CA00010062,2025-02-15,BR007,C500021,TLR-4733,1077.92,cash deposit,CAD
CA00009071,2025-02-15,BR002,C501836,TLR-4055,1580.98,cash deposit,CAD
CA00009092,2025-02-03,BR002,C503899,TLR-7300,-628.6,cash withdrawal,CAD
CA00010885,2025-02-12,BR011,C501657,TLR-2808,1073.9,cash withdrawal,CAD
CA00016989,2025-02-06,BR040,C503306,TLR-6274,994.81,cash deposit,CAD
CA00015456,2025-02-16,BR035,C502388,TLR-6725,657.38,cash deposit,CAD
CA00013815,2025-02-26,BR026,C500968,TLR-6735,-1278.88,cash withdrawal,CAD
CA00012487,2025-02-16,BR019,C503200,TLR-4808,938.61,cash withdrawal,CAD
CA00010314,2025-02-09,BR008,C503193,TLR-4187,1287.63,cash withdrawal,CAD
CA00014222,2025-02-07,BR028,C500791,TLR-8919,441.66,cash deposit,CAD
CA00015930,2025-02-18,BR036,C502809,TLR-7703,1313.8,cash deposit,CAD
CA00014754,2025-02-09,BR031,C501082,TLR-5113,712.35,cash withdrawal,CAD
CA00014851,2025-02-28,BR031,C500667,TLR-8258,243.4,cash deposit,CAD
CA00011979,2025-02-15,BR017,C500276,TLR-8895,1610.89,cash deposit,CAD
CA00014591,2025-02-14,BR030,C502922,TLR-1000,208.34,cash withdrawal,CAD
CA00016639,2025-02-19,BR039,C500961,TLR-3187,1419.68,cash deposit,CAD
CA00016376,2025-02-02,BR038,C502355,TLR-6054,426.31,cash withdrawal,CAD
CA00017442,2025-02-09,BR040,C502732,TLR-3993,1479.12,cash deposit,CAD
CA00012282,2025-02-02,BR018,C501730,TLR-5583,367.97,cash withdrawal,CAD
CA00008763,2025-02-25,BR001,C503104,TLR-4007,2191.23,cash withdrawal,CAD
CA00016436,2025-02-22,BR038,C500470,TLR-6596,744.34,cash deposit,CAD
CA00013089,2025-02-16,BR023,C503967,TLR-6816,4927.51,cash withdrawal,CAD
CA00013567,2025-02-12,BR025,C502222,TLR-5605,1174.89,cash deposit,CAD
CA00009598,2025-02-23,BR004,C501181,TLR-9271,1312.28,cash deposit,CAD
CA00009389,2025-02-10,BR003,C503046,TLR-4779,348.31,cash deposit,CAD
CA00013701,2025-02-26,BR026,C500962,TLR-6441,907.92,cash deposit,CAD
CA00013406,2025-02-06,BR024,C500088,TLR-6035,4269.81,cash withdrawal,CAD
CA00012303,2025-02-03,BR018,C503949,TLR-5779,3599.83,cash withdrawal,CAD
CA00016529,2025-02-07,BR039,C502337,TLR-2880,3588.97,cash deposit,CAD
CA00009703,2025-02-06,BR005,C500151,TLR-5604,637.32,cash deposit,CAD
CA00010679,2025-02-11,BR010,C501037,TLR-1437,1931.5,cash withdrawal,CAD
CA00013522,2025-02-17,BR025,C503409,TLR-8841,-515.11,cash withdrawal,CAD
CA00011588,2025-02-26,BR015,C502510,TLR-2062,2630.97,cash withdrawal,CAD
CA00012726,2025-02-11,BR020,C502258,TLR-7176,1225.43,cash deposit,USD
CA00014594,2025-02-23,BR030,C503440,TLR-5061,1245.02,cash deposit,CAD
CA00009480,2025-02-13,BR004,C500285,TLR-3066,439.07,cash withdrawal,CAD
CA00010727,2025-02-17,BR010,C502746,TLR-4129,530.22,cash deposit,CAD
CA00011786,2025-02-26,BR016,C503038,TLR-2154,875.73,cash deposit,CAD
CA00013309,2025-02-13,BR024,C500015,TLR-1293,765.43,cash withdrawal,CAD
CA00010007,2025-02-19,BR006,C502088,TLR-1413,1207.47,cash deposit,CAD
CA00013770,2025-02-03,BR026,C500155,TLR-5981,-191.89,cash withdrawal,CAD
CA00017612,2025-02-22,BR040,C500978,TLR-5525,1025.33,cash deposit,CAD
CA00015635,2025-02-15,BR035,C503004,TLR-8357,863.7,cash withdrawal,CAD
CA00016907,2025-02-14,BR040,C500566,TLR-7938,1853.74,cash deposit,CAD
CA00011547,2025-02-25,BR015,C501511,TLR-7072,662.3,cash deposit,CAD
CA00011082,2025-02-07,BR012,C500629,TLR-7001,731.72,cash withdrawal,CAD
CA00014188,2025-02-13,BR028,C502620,TLR-3377,279.94,cash withdrawal,CAD
CA00009689,2025-02-19,BR005,C501250,TLR-8583,2477.16,cash deposit,CAD
CA00015739,2025-02-24,BR036,C503035,TLR-4133,1058.77,cash deposit,CAD
CA00012837,2025-02-07,BR021,C503832,TLR-8769,1851.34,cash deposit,CAD
CA00016603,2025-02-21,BR039,C503082,TLR-4109,202.9,cash deposit,CAD
CA00009280,2025-02-08,BR003,C502020,TLR-1050,481.84,cash withdrawal,CAD
CA00010115,2025-02-28,BR007,C503090,TLR-7892,3604.3,cash deposit,CAD
CA00008797,2025-02-08,BR001,C501642,TLR-3372,1409.98,cash deposit,CAD
CA00016180,2025-02-22,BR037,C502067,TLR-8229,1697.19,cash deposit,CAD
CA00012986,2025-02-21,BR022,C501140,TLR-2821,594.42,cash deposit,CAD
CA00017668,2025-02-02,BR040,C500388,TLR-4097,701.71,cash deposit,CAD
CA00016731,2025-02-07,BR040,C502204,TLR-8942,225.66,cash withdrawal,CAD
CA00014456,2025-02-07,BR030,C503260,TLR-9671,1827.85,cash withdrawal,CAD
CA00014117,2025-02-18,BR028,C500439,TLR-6999,520.68,cash withdrawal,CAD
CA00014415,2025-02-05,BR030,C503541,TLR-8278,987.71,cash withdrawal,CAD
CA00016361,2025-02-03,BR038,C503949,TLR-3515,557.14,cash withdrawal,CAD
CA00010908,2025-02-22,BR012,C502984,TLR-4480,2278.91,cash deposit,CAD
CA00014504,2025-02-14,BR030,C501282,TLR-5098,1465.38,cash withdrawal,CAD
CA00009354,2025-02-01,BR003,C502160,TLR-2214,1697.33,cash withdrawal,CAD
CA00017192,2025-02-23,BR040,C503274,TLR-7702,3494.48,cash deposit,CAD
CA00014550,2025-02-05,BR030,C502125,TLR-9974,565.85,cash withdrawal,CAD
CA00017042,2025-02-02,BR040,C500699,TLR-1164,1524.29,cash withdrawal,CAD
CA00015995,2025-02-01,BR037,C501393,TLR-2934,1059.56,cash deposit,CAD
CA00014123,2025-02-20,BR028,C503391,TLR-7578,383.35,cash deposit,CAD
CA00016118,2025-02-19,BR037,C500315,TLR-1806,793.26,cash withdrawal,CAD
CA00013088,2025-02-14,BR023,C501006,TLR-1302,994.59,cash deposit,CAD
CA00008987,2025-02-15,BR001,C500628,TLR-5465,388.72,cash withdrawal,CAD
CA00010629,2025-02-12,BR009,C500588,TLR-5636,3746.12,cash withdrawal,CAD
CA00015425,2025-02-25,BR034,C500121,TLR-3845,1470.9,cash deposit,CAD
CA00014367,2025-02-08,BR029,C500218,TLR-3400,929.39,cash deposit,CAD
CA00009317,2025-02-06,BR003,C503160,TLR-4708,763.44,cash deposit,CAD
CA00010580,2025-02-15,BR009,C503707,TLR-2245,4318.71,cash deposit,CAD
CA00011191,2025-02-10,BR013,C501589,TLR-4735,675.09,cash deposit,CAD
CA00009801,2025-02-23,BR006,C500521,TLR-6624,2390.12,cash deposit,CAD
CA00017648,2025-02-19,BR040,C502536,TLR-1948,1891.5,cash deposit,CAD
CA00015552,2025-02-09,BR035,C500539,TLR-9535,1560.99,cash withdrawal,CAD
CA00015999,2025-02-20,BR037,C502614,TLR-6963,1217.41,cash deposit,CAD
CA00016972,2025-02-16,BR040,C501572,TLR-5883,609.04,cash deposit,CAD
CA00012752,2025-02-13,BR020,C502985,TLR-4572,735.88,cash deposit,USD
CA00009968,2025-02-05,BR006,C503254,TLR-5593,805.06,cash deposit,CAD
CA00008883,2025-02-15,BR001,C500693,TLR-6514,679.99,cash deposit,CAD
CA00013804,2025-02-04,BR026,C503398,TLR-3093,-1273.24,cash withdrawal,CAD
CA00014949,2025-02-27,BR031,C500851,TLR-6239,690.67,cash deposit,CAD
CA00015289,2025-02-05,BR034,C502021,TLR-3754,728.96,cash deposit,CAD
CA00015910,2025-02-04,BR036,C502444,TLR-8477,3326.34,cash withdrawal,CAD
CA00012295,2025-02-10,BR018,C500230,TLR-9140,444.14,cash withdrawal,CAD
CA00013927,2025-02-22,BR027,C503687,TLR-6391,1084.89,cash deposit,CAD
CA00014815,2025-02-25,BR031,C502294,TLR-6097,834.23,cash withdrawal,CAD
CA00012834,2025-02-26,BR021,C503085,TLR-8457,1446.03,cash withdrawal,CAD
CA00015975,2025-02-21,BR037,C502353,TLR-8262,1018.99,cash deposit,CAD
CA00016448,2025-02-02,BR039,C500468,TLR-6693,837.15,cash withdrawal,CAD
CA00012663,2025-02-02,BR020,C502133,TLR-3714,1788.61,cash deposit,USD
CA00011566,2025-02-14,BR015,C502034,TLR-8939,935.86,cash withdrawal,CAD
CA00009498,2025-02-16,BR004,C500159,TLR-2674,910.55,cash withdrawal,CAD
CA00013860,2025-02-23,BR026,C502102,TLR-9829,-3537.4,cash withdrawal,CAD
CA00014615,2025-02-26,BR030,C503374,TLR-2334,1106.72,cash withdrawal,CAD
CA00013624,2025-02-14,BR025,C502763,TLR-7313,-1139.19,cash withdrawal,CAD
CA00014424,2025-02-09,BR030,C500609,TLR-6412,698.19,cash deposit,CAD
CA00013183,2025-02-17,BR024,C502568,TLR-8995,1751.94,cash withdrawal,CAD
CA00013621,2025-02-23,BR025,C503733,TLR-2344,493.76,cash deposit,CAD
CA00012290,2025-02-19,BR018,C502188,TLR-5076,867.15,cash deposit,CAD
CA00016168,2025-02-17,BR037,C500959,TLR-2751,984.75,cash withdrawal,CAD
CA00017421,2025-02-23,BR040,C501194,TLR-3931,1611.07,cash withdrawal,CAD
CA00009965,2025-02-17,BR006,C501578,TLR-3744,625.62,cash deposit,CAD
CA00009270,2025-02-01,BR003,C500656,TLR-4459,1159.08,cash withdrawal,CAD
CA00016880,2025-02-07,BR040,C502648,TLR-6519,1645.78,cash deposit,CAD
CA00010448,2025-02-12,BR008,C501097,TLR-2244,544.55,cash deposit,CAD
CA00010392,2025-02-22,BR008,C503415,TLR-7109,736.45,cash withdrawal,CAD
CA00011801,2025-02-09,BR016,C503697,TLR-8009,922.33,cash deposit,CAD
CA00010153,2025-02-22,BR007,C501759,TLR-8704,1053.18,cash withdrawal,CAD
CA00011026,2025-02-15,BR012,C503120,TLR-7726,1646.56,cash deposit,CAD
CA00012948,2025-02-15,BR021,C501789,TLR-4219,3170.82,cash deposit,CAD
CA00011071,2025-02-27,BR012,C500986,TLR-8377,455.59,cash deposit,CAD
CA00013321,2025-02-05,BR024,C500358,TLR-3718,388.54,cash withdrawal,CAD
CA00008832,2025-02-26,BR001,C500316,TLR-6617,483.38,cash deposit,CAD
CA00014427,2025-02-16,BR030,C501787,TLR-3149,816.22,cash withdrawal,CAD
CA00010456,2025-02-04,BR008,C501313,TLR-8903,439.32,cash deposit,CAD
CA00009922,2025-02-27,BR006,C503768,TLR-2357,1021.96,cash withdrawal,CAD
CA00015167,2025-02-18,BR033,C503377,TLR-1464,358.41,cash withdrawal,CAD
CA00013064,2025-02-11,BR023,C502039,TLR-1652,715.01,cash withdrawal,CAD
CA00012608,2025-02-01,BR020,C500354,TLR-3498,603.86,cash withdrawal,USD
CA00016334,2025-02-26,BR038,C502154,TLR-9772,1894.09,cash withdrawal,CAD
CA00011312,2025-02-12,BR014,C501801,TLR-4368,12102.71,cash withdrawal,CAD
CA00012069,2025-02-15,BR017,C503078,TLR-3204,1332.19,cash deposit,CAD
CA00009184,2025-02-15,BR003,C500516,TLR-5708,268.38,cash deposit,CAD
CA00013472,2025-02-07,BR025,C503862,TLR-5230,1022.62,cash deposit,CAD
CA00009475,2025-02-15,BR004,C502773,TLR-9942,779.8,cash withdrawal,CAD
CA00011587,2025-02-23,BR015,C503715,TLR-4017,1642.62,cash deposit,CAD
CA00010081,2025-02-11,BR007,C503149,TLR-8475,715.23,cash withdrawal,CAD
CA00009134,2025-02-20,BR002,C502400,TLR-8482,1648.09,cash deposit,CAD
CA00015586,2025-02-24,BR035,C500934,TLR-5384,621.17,cash withdrawal,CAD
CA00015157,2025-02-23,BR033,C501027,TLR-1913,615.51,cash withdrawal,CAD
CA00016094,2025-02-03,BR037,C502354,TLR-6280,662.5,cash withdrawal,CAD
CA00014255,2025-02-06,BR029,C501756,TLR-7860,979.32,cash withdrawal,CAD
CA00012411,2025-02-28,BR019,C500891,TLR-7592,4242.62,cash withdrawal,CAD
CA00010136,2025-02-23,BR007,C500767,TLR-3935,574.59,cash withdrawal,CAD
CA00016257,2025-02-26,BR038,C500751,TLR-1361,400.32,cash withdrawal,CAD
CA00014512,2025-02-21,BR030,C502699,TLR-8181,628.78,cash withdrawal,CAD
CA00012532,2025-02-14,BR019,C502629,TLR-9359,444.02,cash withdrawal,CAD
CA00011683,2025-02-11,BR015,C503849,TLR-8258,327.54,cash withdrawal,CAD
CA00008708,2025-02-13,BR001,C502496,TLR-1135,643.59,cash deposit,CAD
CA00011606,2025-02-19,BR015,C503301,TLR-6068,962.8,cash withdrawal,CAD
CA00017642,2025-02-17,BR040,C502340,TLR-5119,1524.67,cash withdrawal,CAD
CA00011456,2025-02-15,BR015,C500038,TLR-2505,851.63,cash deposit,CAD
CA00012634,2025-02-26,BR020,C503061,TLR-3067,2132.13,cash withdrawal,USD
CA00013991,2025-02-06,BR027,C500659,TLR-9542,3458.58,cash withdrawal,CAD
CA00011153,2025-02-21,BR013,C503118,TLR-4660,2648.9,cash withdrawal,CAD
CA00016309,2025-02-17,BR038,C501965,TLR-1437,538.71,cash withdrawal,CAD
CA00016607,2025-02-26,BR039,C500057,TLR-7136,584.34,cash deposit,CAD
CA00016566,2025-02-12,BR039,C501278,TLR-3094,604.18,cash withdrawal,CAD
CA00012787,2025-02-06,BR021,C500833,TLR-7075,1232.51,cash deposit,CAD
CA00012938,2025-02-12,BR021,C501584,TLR-5755,1700.98,cash withdrawal,CAD
CA00014121,2025-02-18,BR028,C503510,TLR-8118,831.47,cash deposit,CAD
CA00015728,2025-02-04,BR036,C503926,TLR-1241,515.93,cash deposit,CAD
CA00011181,2025-02-21,BR013,C502167,TLR-1937,1204.06,cash withdrawal,CAD
CA00011829,2025-02-24,BR016,C503119,TLR-2564,2269.49,cash deposit,CAD
CA00016187,2025-02-02,BR037,C500743,TLR-6810,1315.08,cash deposit,CAD
CA00013543,2025-02-22,BR025,C503316,TLR-4610,1100.04,cash deposit,CAD
CA00016663,2025-02-16,BR040,C500624,TLR-7657,2364.62,cash deposit,CAD
CA00015976,2025-02-20,BR037,C501833,TLR-2048,816.98,cash withdrawal,CAD
CA00017481,2025-02-19,BR040,C500570,TLR-2915,1302.5,cash deposit,CAD
CA00013961,2025-02-17,BR027,C503785,TLR-8734,276.91,cash deposit,CAD
CA00017288,2025-02-22,BR040,C503091,TLR-7707,1178.17,cash withdrawal,CAD
CA00013773,2025-02-18,BR026,C502921,TLR-6865,1002.19,cash deposit,CAD
CA00011681,2025-02-02,BR015,C501983,TLR-9424,794.97,cash withdrawal,CAD
CA00010609,2025-02-12,BR009,C501902,TLR-6690,1677.39,cash withdrawal,CAD
CA00015780,2025-02-01,BR036,C500582,TLR-5158,1116.65,cash deposit,CAD
CA00013722,2025-02-27,BR026,C503034,TLR-9605,1238.31,cash deposit,CAD
CA00015971,2025-02-20,BR036,C500394,TLR-8648,964.85,cash deposit,CAD
CA00016288,2025-02-02,BR038,C501130,TLR-3524,764.72,cash withdrawal,CAD
CA00015031,2025-02-20,BR032,C502343,TLR-7189,2561.29,cash deposit,CAD
CA00017555,2025-02-01,BR040,C500680,TLR-7025,1240.38,cash deposit,CAD
CA00011748,2025-02-03,BR016,C500176,TLR-7642,883.92,cash withdrawal,CAD
CA00014620,2025-02-16,BR030,C500298,TLR-6403,812.31,cash withdrawal,CAD
CA00010467,2025-02-09,BR008,C503828,TLR-2395,786.69,cash withdrawal,CAD
CA00010097,2025-02-04,BR007,C501500,TLR-4883,1478.89,cash deposit,CAD
CA00015557,2025-02-03,BR035,C501294,TLR-3862,833.59,cash deposit,CAD
CA00011507,2025-02-19,BR015,C502478,TLR-3042,248.72,cash withdrawal,CAD
CA00012473,2025-02-21,BR019,C503936,TLR-1900,1497.59,cash withdrawal,CAD
CA00010967,2025-02-05,BR012,C501324,TLR-7144,801.32,cash withdrawal,CAD
CA00014905,2025-02-26,BR031,C500668,TLR-4828,417.71,cash withdrawal,CAD
CA00010764,2025-02-11,BR010,C502305,TLR-1160,1452.5,cash deposit,CAD
CA00010390,2025-02-06,BR008,C502640,TLR-6768,500.12,cash deposit,CAD
CA00009583,2025-02-24,BR004,C501274,TLR-2821,1319.85,cash withdrawal,CAD
CA00009298,2025-02-05,BR003,C500442,TLR-6663,582.94,cash withdrawal,CAD
CA00008812,2025-02-02,BR001,C500106,TLR-6923,1326.89,cash withdrawal,CAD
CA00015617,2025-02-20,BR035,C500410,TLR-5065,325.34,cash deposit,CAD
CA00012306,2025-02-04,BR019,C503185,TLR-8874,262.43,cash deposit,CAD
CA00014254,2025-02-28,BR029,C502988,TLR-4774,1010.39,cash withdrawal,CAD
CA00011168,2025-02-07,BR013,C501265,TLR-2793,239.26,cash deposit,CAD
CA00014895,2025-02-22,BR031,C501440,TLR-4854,901.32,cash deposit,CAD
CA00011914,2025-02-10,BR016,C501943,TLR-2230,570.59,cash deposit,CAD
CA00012560,2025-02-12,BR019,C502430,TLR-3252,1165.92,cash deposit,CAD
CA00013854,2025-02-26,BR026,C500606,TLR-4491,639.43,cash deposit,CAD
CA00016417,2025-02-20,BR038,C503910,TLR-6768,517.25,cash withdrawal,CAD
CA00013562,2025-02-25,BR025,C502467,TLR-1109,483.48,cash deposit,CAD
CA00010249,2025-02-05,BR007,C500973,TLR-5200,406.93,cash withdrawal,CAD
CA00017533,2025-02-08,BR040,C500784,TLR-8899,1784.0,cash deposit,CAD
CA00015296,2025-02-03,BR034,C500103,TLR-9534,258.8,cash withdrawal,CAD
CA00015262,2025-02-21,BR033,C501738,TLR-5211,1757.32,cash deposit,CAD
CA00014036,2025-02-01,BR027,C502773,TLR-1906,601.01,cash withdrawal,CAD
CA00010209,2025-02-11,BR007,C500727,TLR-5456,559.41,cash deposit,CAD
CA00011496,2025-02-03,BR015,C501932,TLR-8968,2860.96,cash withdrawal,CAD
CA00009195,2025-02-08,BR003,C501837,TLR-4387,376.0,cash withdrawal,CAD
CA00012581,2025-02-19,BR019,C501944,TLR-5976,627.01,cash withdrawal,CAD
CA00012941,2025-02-26,BR021,C502564,TLR-5310,2252.51,cash withdrawal,CAD
CA00014583,2025-02-21,BR030,C502229,TLR-7613,4266.1,cash withdrawal,CAD
CA00013992,2025-02-12,BR027,C501763,TLR-9565,2316.49,cash withdrawal,CAD
CA00017049,2025-02-15,BR040,C500681,TLR-2402,922.1,cash deposit,CAD
CA00009029,2025-02-05,BR002,C500375,TLR-6718,-850.5,cash withdrawal,CAD
CA00016662,2025-02-22,BR040,C503073,TLR-6360,2089.05,cash deposit,CAD
CA00012789,2025-02-26,BR021,C502131,TLR-4374,310.69,cash deposit,CAD
CA00012841,2025-02-11,BR021,C503702,TLR-3349,1886.15,cash deposit,CAD
CA00016938,2025-02-21,BR040,C500469,TLR-6072,659.94,cash withdrawal,CAD
CA00011033,2025-02-21,BR012,C500531,TLR-3408,1882.16,cash withdrawal,CAD
CA00015735,2025-02-13,BR036,C503354,TLR-6586,1361.88,cash deposit,CAD
CA00009279,2025-02-23,BR003,C502550,TLR-7389,927.51,cash withdrawal,CAD
CA00015260,2025-02-19,BR033,C503289,TLR-6720,964.96,cash deposit,CAD
CA00016757,2025-02-18,BR040,C502850,TLR-6588,823.9,cash withdrawal,CAD
CA00017558,2025-02-27,BR040,C500216,TLR-3518,491.64,cash deposit,CAD
CA00015869,2025-02-26,BR036,C503415,TLR-1075,1417.54,cash deposit,CAD
CA00009171,2025-02-18,BR002,C503780,TLR-8953,660.96,cash deposit,CAD
CA00015694,2025-02-14,BR036,C502376,TLR-3091,149.66,cash withdrawal,CAD
CA00012573,2025-02-12,BR019,C500347,TLR-6051,926.62,cash withdrawal,CAD
CA00013498,2025-02-16,BR025,C502370,TLR-3236,1625.27,cash deposit,CAD
CA00015209,2025-02-24,BR033,C503909,TLR-6566,1450.51,cash deposit,CAD
CA00014175,2025-02-25,BR028,C502201,TLR-1999,158.15,cash deposit,CAD
CA00012173,2025-02-09,BR017,C500789,TLR-9774,2372.16,cash withdrawal,CAD
CA00014227,2025-02-09,BR028,C500256,TLR-6427,191.71,cash deposit,CAD
CA00015815,2025-02-08,BR036,C502742,TLR-8862,383.4,cash deposit,CAD
CA00012025,2025-02-19,BR017,C500878,TLR-8544,1096.42,cash deposit,CAD
CA00010951,2025-02-26,BR012,C500212,TLR-8197,1216.36,cash withdrawal,CAD
CA00012352,2025-02-22,BR019,C500370,TLR-7661,315.95,cash withdrawal,CAD
CA00009103,2025-02-24,BR002,C503785,TLR-3379,-1544.19,cash withdrawal,CAD
CA00015373,2025-02-06,BR034,C501466,TLR-7562,420.59,cash withdrawal,CAD
CA00014981,2025-02-01,BR032,C500539,TLR-5192,1001.86,cash deposit,CAD
CA00016802,2025-02-03,BR040,C501094,TLR-9369,867.66,cash deposit,CAD
CA00015224,2025-02-04,BR033,C503473,TLR-4107,1433.43,cash deposit,CAD
CA00012744,2025-02-18,BR020,C500892,TLR-8457,195.42,cash deposit,USD
CA00013660,2025-02-05,BR025,C502245,TLR-8783,-1326.7,cash withdrawal,CAD
CA00013396,2025-02-18,BR024,C501403,TLR-4205,893.99,cash deposit,CAD
CA00011146,2025-02-20,BR013,C502921,TLR-6811,1376.66,cash deposit,CAD
CA00011328,2025-02-07,BR014,C502742,TLR-3103,341.61,cash deposit,CAD
CA00017402,2025-02-10,BR040,C503884,TLR-3171,1121.35,cash deposit,CAD
CA00010155,2025-02-15,BR007,C503228,TLR-8910,637.08,cash deposit,CAD
CA00014663,2025-02-16,BR030,C502063,TLR-9496,1737.43,cash withdrawal,CAD
CA00013826,2025-02-17,BR026,C501447,TLR-4734,-162.58,cash withdrawal,CAD
CA00017251,2025-02-28,BR040,C501370,TLR-7976,1453.85,cash deposit,CAD
CA00013835,2025-02-13,BR026,C500694,TLR-5317,-1748.68,cash withdrawal,CAD
CA00016389,2025-02-11,BR038,C503199,TLR-2381,150.04,cash withdrawal,CAD
CA00008887,2025-02-08,BR001,C501662,TLR-2576,754.58,cash deposit,CAD
CA00010702,2025-02-13,BR010,C501035,TLR-1671,783.6,cash deposit,CAD
CA00014069,2025-02-03,BR027,C502796,TLR-3168,1492.75,cash withdrawal,CAD
CA00010550,2025-02-26,BR009,C501684,TLR-5472,924.11,cash withdrawal,CAD
CA00013732,2025-02-26,BR026,C503776,TLR-6393,1235.47,cash deposit,CAD
CA00015020,2025-02-15,BR032,C503164,TLR-8776,466.84,cash withdrawal,CAD
CA00010233,2025-02-06,BR007,C503706,TLR-7342,1026.95,cash withdrawal,CAD
CA00012918,2025-02-09,BR021,C503864,TLR-9311,1313.99,cash withdrawal,CAD
CA00009194,2025-02-26,BR003,C500390,TLR-3444,439.02,cash deposit,CAD
CA00011861,2025-02-07,BR016,C503267,TLR-6130,371.82,cash deposit,CAD
CA00010539,2025-02-24,BR009,C502519,TLR-2553,415.24,cash withdrawal,CAD
CA00010434,2025-02-17,BR008,C500575,TLR-3825,944.55,cash deposit,CAD
CA00008732,2025-02-20,BR001,C502692,TLR-8862,383.4,cash deposit,CAD
CA00014085,2025-02-06,BR027,C501653,TLR-8116,829.11,cash deposit,CAD
CA00016950,2025-02-08,BR040,C501247,TLR-1547,478.35,cash deposit,CAD
CA00008916,2025-02-09,BR001,C503374,TLR-2494,336.23,cash deposit,CAD
CA00017179,2025-02-01,BR040,C503551,TLR-6745,2975.82,cash withdrawal,CAD
CA00009353,2025-02-23,BR003,C503839,TLR-8781,1376.81,cash deposit,CAD
CA00014953,2025-02-25,BR031,C501266,TLR-7391,721.45,cash deposit,CAD
CA00014157,2025-02-25,BR028,C502406,TLR-8496,1452.82,cash deposit,CAD
CA00012969,2025-02-06,BR022,C502085,TLR-5194,1196.89,cash deposit,CAD
CA00012616,2025-02-10,BR020,C502471,TLR-8388,355.37,cash deposit,USD
CA00014483,2025-02-14,BR030,C500640,TLR-6973,1025.89,cash withdrawal,CAD
CA00014343,2025-02-22,BR029,C500250,TLR-5287,281.73,cash withdrawal,CAD
CA00016765,2025-02-26,BR040,C500338,TLR-4841,612.08,cash withdrawal,CAD
CA00013863,2025-02-25,BR026,C500188,TLR-1847,1285.63,cash deposit,CAD
CA00016596,2025-02-04,BR039,C502979,TLR-1615,1615.53,cash deposit,CAD
CA00011949,2025-02-24,BR017,C503983,TLR-1066,298.56,cash withdrawal,CAD
CA00017375,2025-02-21,BR040,C503859,TLR-6203,862.08,cash deposit,CAD
CA00012542,2025-02-18,BR019,C503995,TLR-9068,953.98,cash withdrawal,CAD
CA00017229,2025-02-23,BR040,C501183,TLR-6719,320.85,cash deposit,CAD
CA00013087,2025-02-07,BR023,C503094,TLR-5440,1008.74,cash withdrawal,CAD
CA00011178,2025-02-20,BR013,C501478,TLR-8940,590.11,cash deposit,CAD
CA00012824,2025-02-06,BR021,C502231,TLR-5362,979.81,cash deposit,CAD
CA00015041,2025-02-12,BR032,C500006,TLR-8454,718.91,cash withdrawal,CAD
CA00016660,2025-02-15,BR040,C500877,TLR-1297,967.18,cash withdrawal,CAD
CA00009246,2025-02-19,BR003,C500480,TLR-2178,1298.09,cash deposit,CAD
CA00009011,2025-02-18,BR002,C501239,TLR-8680,-551.41,cash withdrawal,CAD
CA00015545,2025-02-20,BR035,C500477,TLR-2948,3704.0,cash withdrawal,CAD
CA00008710,2025-02-15,BR001,C501317,TLR-7767,547.01,cash withdrawal,CAD
CA00009059,2025-02-24,BR002,C502492,TLR-1382,619.93,cash deposit,CAD
CA00015823,2025-02-19,BR036,C500281,TLR-6390,828.43,cash withdrawal,CAD
CA00009208,2025-02-10,BR003,C502467,TLR-8639,1120.42,cash withdrawal,CAD
CA00012879,2025-02-15,BR021,C503930,TLR-8663,990.28,cash withdrawal,CAD
CA00010835,2025-02-07,BR010,C500673,TLR-5139,721.26,cash deposit,CAD
CA00016301,2025-02-26,BR038,C503497,TLR-7803,359.82,cash withdrawal,CAD
CA00009539,2025-02-21,BR004,C502334,TLR-4290,599.87,cash deposit,CAD
CA00014622,2025-02-23,BR030,C502236,TLR-4661,1437.13,cash deposit,CAD
CA00011099,2025-02-07,BR012,C503790,TLR-4543,2222.24,cash withdrawal,CAD
CA00017656,2025-02-05,BR040,C501509,TLR-6465,1166.1,cash deposit,CAD
CA00010424,2025-02-16,BR008,C500636,TLR-1049,726.9,cash deposit,CAD
CA00015437,2025-02-12,BR034,C500699,TLR-1608,1716.86,cash withdrawal,CAD
CA00010359,2025-02-20,BR008,C501270,TLR-7627,1840.41,cash withdrawal,CAD
CA00016028,2025-02-06,BR037,C503388,TLR-1672,565.39,cash deposit,CAD
CA00017512,2025-02-10,BR040,C500094,TLR-4230,2076.4,cash withdrawal,CAD
CA00009366,2025-02-03,BR003,C501214,TLR-6747,1652.3,cash deposit,CAD
CA00013060,2025-02-27,BR023,C503387,TLR-4746,168.69,cash withdrawal,CAD
CA00017062,2025-02-19,BR040,C502822,TLR-8731,1766.04,cash deposit,CAD
CA00012138,2025-02-20,BR017,C502787,TLR-6329,534.29,cash deposit,CAD
CA00010948,2025-02-10,BR012,C502290,TLR-8386,490.37,cash withdrawal,CAD
CA00008741,2025-02-09,BR001,C501623,TLR-5684,1360.16,cash deposit,CAD
CA00016400,2025-02-04,BR038,C500218,TLR-8202,995.47,cash withdrawal,CAD
CA00017628,2025-02-25,BR040,C500553,TLR-5036,563.65,cash deposit,CAD
CA00016864,2025-02-05,BR040,C501746,TLR-6846,1464.81,cash deposit,CAD
CA00013237,2025-02-15,BR024,C502446,TLR-9809,2111.5,cash withdrawal,CAD
CA00012045,2025-02-02,BR017,C503948,TLR-9466,1006.49,cash deposit,CAD
CA00015122,2025-02-03,BR033,C501052,TLR-2352,338.08,cash withdrawal,CAD
CA00015292,2025-02-17,BR034,C501553,TLR-5078,1119.0,cash deposit,CAD
CA00014694,2025-02-06,BR030,C503242,TLR-5310,603.9,cash withdrawal,CAD
CA00015959,2025-02-13,BR036,C501885,TLR-1896,1302.47,cash deposit,CAD
CA00009305,2025-02-24,BR003,C500668,TLR-9486,1797.04,cash withdrawal,CAD
CA00017271,2025-02-11,BR040,C502329,TLR-3914,488.59,cash withdrawal,CAD
CA00012443,2025-02-01,BR019,C500466,TLR-5314,1897.59,cash deposit,CAD
CA00015466,2025-02-19,BR035,C502555,TLR-7324,885.82,cash deposit,CAD
CA00009373,2025-02-08,BR003,C503743,TLR-4623,644.31,cash deposit,CAD
CA00009562,2025-02-12,BR004,C502228,TLR-5493,788.55,cash deposit,CAD
CA00009137,2025-02-04,BR002,C502041,TLR-5426,-871.4,cash withdrawal,CAD
CA00012000,2025-02-21,BR017,C501817,TLR-8370,1107.11,cash deposit,CAD
CA00015744,2025-02-08,BR036,C501340,TLR-3109,445.14,cash deposit,CAD
CA00012350,2025-02-17,BR019,C503929,TLR-5772,622.26,cash withdrawal,CAD
CA00016671,2025-02-09,BR040,C503725,TLR-7510,1716.43,cash deposit,CAD
CA00011562,2025-02-01,BR015,C501946,TLR-9689,1938.05,cash withdrawal,CAD
CA00016490,2025-02-01,BR039,C503134,TLR-4765,1319.87,cash withdrawal,CAD
CA00011571,2025-02-16,BR015,C501556,TLR-5117,841.3,cash withdrawal,CAD
CA00014917,2025-02-09,BR031,C503981,TLR-2765,755.02,cash deposit,CAD
CA00013242,2025-02-16,BR024,C500450,TLR-9915,1968.61,cash deposit,CAD
CA00015183,2025-02-13,BR033,C500539,TLR-9362,572.94,cash withdrawal,CAD
CA00012241,2025-02-02,BR018,C501391,TLR-8931,1091.68,cash withdrawal,CAD
CA00012122,2025-02-06,BR017,C502027,TLR-3822,707.97,cash withdrawal,CAD
CA00015847,2025-02-12,BR036,C503414,TLR-9690,948.9,cash withdrawal,CAD
CA00017188,2025-02-15,BR040,C501551,TLR-2342,478.73,cash deposit,CAD
CA00016620,2025-02-19,BR039,C501288,TLR-9572,1154.5,cash withdrawal,CAD
CA00014695,2025-02-16,BR030,C501100,TLR-3893,755.77,cash withdrawal,CAD
CA00011094,2025-02-23,BR012,C502148,TLR-6866,1050.31,cash deposit,CAD
CA00009346,2025-02-03,BR003,C500206,TLR-2218,404.84,cash withdrawal,CAD
CA00017523,2025-02-06,BR040,C501632,TLR-8559,368.16,cash withdrawal,CAD
CA00014149,2025-02-07,BR028,C502478,TLR-6805,1152.03,cash withdrawal,CAD
CA00016913,2025-02-22,BR040,C503619,TLR-9091,996.08,cash deposit,CAD
CA00009969,2025-02-08,BR006,C501072,TLR-7296,1487.16,cash deposit,CAD
CA00011532,2025-02-04,BR015,C502079,TLR-3652,509.92,cash deposit,CAD
CA00009838,2025-02-18,BR006,C502274,TLR-8867,498.49,cash withdrawal,CAD
CA00017486,2025-02-26,BR040,C500554,TLR-4453,900.12,cash deposit,CAD
CA00016320,2025-02-03,BR038,C502656,TLR-3180,440.06,cash deposit,CAD
CA00011398,2025-02-28,BR014,C503402,TLR-8051,799.93,cash deposit,CAD
CA00017428,2025-02-25,BR040,C502049,TLR-9971,383.75,cash deposit,CAD
CA00008894,2025-02-07,BR001,C502590,TLR-5654,767.36,cash withdrawal,CAD
CA00015820,2025-02-27,BR036,C501695,TLR-3035,5423.45,cash withdrawal,CAD
CA00009819,2025-02-13,BR006,C500765,TLR-8014,1487.13,cash withdrawal,CAD
CA00012825,2025-02-25,BR021,C502215,TLR-6378,2482.79,cash withdrawal,CAD
CA00015554,2025-02-06,BR035,C500612,TLR-5467,1003.61,cash withdrawal,CAD
CA00012684,2025-02-15,BR020,C502835,TLR-9605,473.53,cash withdrawal,USD
CA00015769,2025-02-25,BR036,C503499,TLR-3066,705.59,cash deposit,CAD
CA00013743,2025-02-02,BR026,C500644,TLR-4273,1453.1,cash deposit,CAD
CA00014075,2025-02-16,BR027,C501101,TLR-8599,2262.48,cash withdrawal,CAD
CA00009812,2025-02-12,BR006,C500839,TLR-6058,319.87,cash withdrawal,CAD
CA00012801,2025-02-23,BR021,C502826,TLR-3081,2648.49,cash deposit,CAD
CA00017187,2025-02-04,BR040,C501976,TLR-4608,136.72,cash withdrawal,CAD
CA00008707,2025-02-26,BR001,C503504,TLR-5859,1193.07,cash deposit,CAD
CA00012828,2025-02-14,BR021,C503947,TLR-7026,483.31,cash deposit,CAD
CA00010060,2025-02-08,BR007,C501185,TLR-1717,1950.89,cash withdrawal,CAD
CA00015597,2025-02-09,BR035,C503444,TLR-7560,463.55,cash withdrawal,CAD
CA00009865,2025-02-09,BR006,C501597,TLR-3651,3321.83,cash withdrawal,CAD
CA00010264,2025-02-14,BR007,C502856,TLR-1780,539.95,cash deposit,CAD
CA00009877,2025-02-04,BR006,C502161,TLR-6908,343.9,cash deposit,CAD
CA00010615,2025-02-13,BR009,C501640,TLR-5240,761.85,cash withdrawal,CAD
CA00015478,2025-02-25,BR035,C502565,TLR-3282,570.72,cash deposit,CAD
CA00015231,2025-02-25,BR033,C501360,TLR-5823,780.93,cash deposit,CAD
CA00017333,2025-02-10,BR040,C500527,TLR-1397,1318.21,cash deposit,CAD
CA00012501,2025-02-15,BR019,C503927,TLR-3678,1341.35,cash withdrawal,CAD
CA00014586,2025-02-05,BR030,C501844,TLR-4084,232.22,cash withdrawal,CAD
CA00009534,2025-02-17,BR004,C503679,TLR-5619,478.48,cash deposit,CAD
CA00009596,2025-02-08,BR004,C503379,TLR-6489,536.91,cash withdrawal,CAD
CA00009815,2025-02-23,BR006,C502621,TLR-3631,2145.5,cash deposit,CAD
CA00015821,2025-02-20,BR036,C501329,TLR-7212,3077.16,cash deposit,CAD
CA00016845,2025-02-20,BR040,C500179,TLR-5150,798.84,cash deposit,CAD
CA00010036,2025-02-22,BR006,C500998,TLR-1439,405.6,cash deposit,CAD
CA00013117,2025-02-22,BR023,C503173,TLR-1819,1704.44,cash deposit,CAD
CA00014988,2025-02-07,BR032,C501427,TLR-8170,637.42,cash deposit,CAD
CA00008933,2025-02-23,BR001,C502836,TLR-5797,391.86,cash deposit,CAD
CA00011254,2025-02-18,BR014,C502425,TLR-1315,473.14,cash withdrawal,CAD
CA00011896,2025-02-14,BR016,C502866,TLR-2868,677.97,cash withdrawal,CAD
CA00013312,2025-02-03,BR024,C501020,TLR-9075,944.43,cash deposit,CAD
CA00016055,2025-02-14,BR037,C502159,TLR-7907,1740.0,cash deposit,CAD
CA00014373,2025-02-15,BR029,C502452,TLR-4286,1418.69,cash withdrawal,CAD
CA00017006,2025-02-07,BR040,C503369,TLR-1651,1252.0,cash deposit,CAD
CA00013118,2025-02-26,BR023,C501543,TLR-9350,266.06,cash withdrawal,CAD
CA00011596,2025-02-13,BR015,C501957,TLR-3073,1365.74,cash deposit,CAD
CA00009364,2025-02-14,BR003,C503054,TLR-6074,950.33,cash deposit,CAD
CA00016826,2025-02-07,BR040,C502951,TLR-4793,1298.27,cash deposit,CAD
CA00016877,2025-02-13,BR040,C503904,TLR-4981,2320.92,cash deposit,CAD
CA00010014,2025-02-24,BR006,C501764,TLR-5534,844.87,cash deposit,CAD
CA00015343,2025-02-21,BR034,C501453,TLR-1428,899.14,cash deposit,CAD
CA00010187,2025-02-17,BR007,C502565,TLR-9586,647.6,cash deposit,CAD
CA00017081,2025-02-10,BR040,C502684,TLR-8581,293.59,cash withdrawal,CAD
CA00011609,2025-02-18,BR015,C500494,TLR-7121,421.79,cash withdrawal,CAD
CA00016918,2025-02-17,BR040,C502460,TLR-3373,770.0,cash deposit,CAD
CA00010868,2025-02-13,BR011,C502357,TLR-2360,3384.45,cash withdrawal,CAD
CA00010597,2025-02-01,BR009,C502894,TLR-5083,1724.82,cash withdrawal,CAD
CA00016084,2025-02-10,BR037,C500097,TLR-1082,2046.62,cash deposit,CAD
CA00012065,2025-02-21,BR017,C500957,TLR-4690,1093.55,cash withdrawal,CAD
CA00010720,2025-02-23,BR010,C503983,TLR-9958,1197.79,cash withdrawal,CAD
CA00010376,2025-02-16,BR008,C500665,TLR-1508,1661.16,cash withdrawal,CAD
CA00015879,2025-02-27,BR036,C502788,TLR-9739,760.6,cash withdrawal,CAD
CA00017282,2025-02-15,BR040,C503436,TLR-9127,241.16,cash deposit,CAD
CA00011950,2025-02-04,BR017,C503051,TLR-2548,202.84,cash withdrawal,CAD
CA00011553,2025-02-12,BR015,C502853,TLR-7477,1372.54,cash deposit,CAD
CA00011259,2025-02-10,BR014,C502097,TLR-4242,728.6,cash deposit,CAD
CA00013898,2025-02-02,BR026,C503116,TLR-9097,-683.52,cash withdrawal,CAD
CA00012968,2025-02-21,BR022,C502422,TLR-8542,290.72,cash withdrawal,CAD
CA00016151,2025-02-13,BR037,C501973,TLR-3706,604.02,cash withdrawal,CAD
CA00015761,2025-02-07,BR036,C501457,TLR-9454,593.82,cash deposit,CAD
CA00016557,2025-02-17,BR039,C502181,TLR-5632,1825.74,cash withdrawal,CAD
CA00014116,2025-02-14,BR028,C501735,TLR-2912,514.56,cash deposit,CAD
CA00011004,2025-02-27,BR012,C503400,TLR-9484,941.9,cash deposit,CAD
CA00017256,2025-02-26,BR040,C501733,TLR-5536,201.13,cash deposit,CAD
CA00012921,2025-02-17,BR021,C501218,TLR-4085,501.84,cash deposit,CAD
CA00008830,2025-02-27,BR001,C502116,TLR-4483,3280.89,cash deposit,CAD
CA00015609,2025-02-18,BR035,C503924,TLR-3996,2706.31,cash deposit,CAD
CA00015549,2025-02-19,BR035,C500809,TLR-3277,1529.41,cash deposit,CAD
CA00011774,2025-02-20,BR016,C501683,TLR-8896,892.63,cash withdrawal,CAD
CA00009778,2025-02-01,BR006,C500743,TLR-7815,740.51,cash deposit,CAD
CA00010050,2025-02-07,BR006,C501756,TLR-8887,902.86,cash withdrawal,CAD
CA00008771,2025-02-07,BR001,C500116,TLR-6399,493.57,cash withdrawal,CAD
CA00013322,2025-02-22,BR024,C502331,TLR-1583,1327.1,cash withdrawal,CAD
CA00016254,2025-02-11,BR037,C501464,TLR-3124,515.7,cash deposit,CAD
CA00013554,2025-02-11,BR025,C503793,TLR-1916,-332.41,cash withdrawal,CAD
CA00012648,2025-02-18,BR020,C500640,TLR-8212,1488.39,cash withdrawal,USD
CA00013410,2025-02-06,BR024,C501889,TLR-4463,497.12,cash withdrawal,CAD
CA00009434,2025-02-04,BR004,C503169,TLR-5579,1487.99,cash deposit,CAD
CA00012452,2025-02-26,BR019,C501252,TLR-1515,324.66,cash withdrawal,CAD
CA00015290,2025-02-14,BR034,C500651,TLR-7151,2195.91,cash withdrawal,CAD
CA00016870,2025-02-06,BR040,C503888,TLR-3643,1087.65,cash deposit,CAD
CA00010876,2025-02-20,BR011,C500609,TLR-8856,991.63,cash withdrawal,CAD
CA00012982,2025-02-17,BR022,C500289,TLR-8371,1108.98,cash deposit,CAD
CA00013355,2025-02-21,BR024,C502878,TLR-2787,2181.41,cash deposit,CAD
CA00010360,2025-02-22,BR008,C502472,TLR-3653,747.09,cash deposit,CAD
CA00015309,2025-02-04,BR034,C500067,TLR-7392,1553.43,cash withdrawal,CAD
CA00011221,2025-02-25,BR013,C501265,TLR-7157,2763.72,cash deposit,CAD
CA00011943,2025-02-03,BR016,C502750,TLR-7859,501.24,cash deposit,CAD
CA00010410,2025-02-15,BR008,C501480,TLR-8868,1641.19,cash deposit,CAD
CA00017353,2025-02-06,BR040,C501865,TLR-4162,846.12,cash withdrawal,CAD
CA00016485,2025-02-16,BR039,C500383,TLR-3322,1027.36,cash withdrawal,CAD
CA00015598,2025-02-20,BR035,C500033,TLR-7385,177.23,cash deposit,CAD
CA00016559,2025-02-19,BR039,C501330,TLR-1077,3102.13,cash withdrawal,CAD
CA00010660,2025-02-10,BR010,C500846,TLR-3479,565.44,cash withdrawal,CAD
CA00012717,2025-02-15,BR020,C501115,TLR-7411,943.39,cash deposit,USD
CA00012777,2025-02-12,BR021,C501625,TLR-2209,672.83,cash deposit,CAD
CA00016396,2025-02-16,BR038,C501080,TLR-4711,867.19,cash deposit,CAD
CA00017334,2025-02-11,BR040,C502407,TLR-6162,937.09,cash deposit,CAD
CA00009383,2025-02-17,BR003,C502257,TLR-2470,593.65,cash deposit,CAD
CA00012315,2025-02-18,BR019,C502598,TLR-9229,2350.6,cash withdrawal,CAD
CA00014840,2025-02-02,BR031,C502439,TLR-4703,814.84,cash deposit,CAD
CA00013190,2025-02-05,BR024,C501915,TLR-2003,1031.98,cash deposit,CAD
CA00010503,2025-02-27,BR008,C500318,TLR-5090,809.99,cash withdrawal,CAD
CA00017318,2025-02-14,BR040,C502015,TLR-1364,1563.55,cash withdrawal,CAD
CA00016932,2025-02-13,BR040,C502156,TLR-8632,1108.02,cash deposit,CAD
CA00016615,2025-02-08,BR039,C502568,TLR-4297,488.23,cash deposit,CAD
CA00010334,2025-02-11,BR008,C503442,TLR-4586,807.52,cash deposit,CAD
CA00008762,2025-02-04,BR001,C502726,TLR-4302,2206.33,cash deposit,CAD
CA00013116,2025-02-17,BR023,C500548,TLR-6288,338.18,cash withdrawal,CAD
CA00017472,2025-02-14,BR040,C503806,TLR-5991,254.94,cash withdrawal,CAD
CA00015706,2025-02-18,BR036,C500298,TLR-8997,982.9,cash deposit,CAD
CA00015227,2025-02-02,BR033,C503054,TLR-1478,1853.17,cash deposit,CAD
CA00012026,2025-02-23,BR017,C501661,TLR-1854,540.29,cash withdrawal,CAD
CA00015396,2025-02-17,BR034,C502742,TLR-6004,462.57,cash deposit,CAD
CA00017488,2025-02-06,BR040,C503727,TLR-1430,2841.43,cash deposit,CAD
CA00011274,2025-02-23,BR014,C502092,TLR-7103,429.64,cash deposit,CAD
CA00011204,2025-02-23,BR013,C500945,TLR-8677,685.97,cash withdrawal,CAD
CA00008983,2025-02-19,BR001,C501438,TLR-3242,4319.64,cash deposit,CAD
CA00008958,2025-02-02,BR001,C503162,TLR-8989,2905.69,cash withdrawal,CAD
CA00014559,2025-02-22,BR030,C503630,TLR-4517,2649.95,cash withdrawal,CAD
CA00014983,2025-02-19,BR032,C503950,TLR-5890,1523.82,cash deposit,CAD
CA00017496,2025-02-18,BR040,C500498,TLR-7342,303.82,cash withdrawal,CAD
CA00012871,2025-02-16,BR021,C502164,TLR-5975,606.09,cash withdrawal,CAD
CA00015802,2025-02-11,BR036,C502193,TLR-5304,1639.66,cash withdrawal,CAD
CA00015423,2025-02-28,BR034,C500919,TLR-5350,274.05,cash withdrawal,CAD
CA00011445,2025-02-01,BR015,C501583,TLR-6101,1356.32,cash deposit,CAD
CA00011406,2025-02-16,BR014,C501841,TLR-1687,2542.6,cash withdrawal,CAD
CA00015736,2025-02-02,BR036,C502308,TLR-7202,513.88,cash withdrawal,CAD
CA00011701,2025-02-10,BR015,C502738,TLR-3246,380.61,cash deposit,CAD
CA00017536,2025-02-15,BR040,C501515,TLR-6427,4810.31,cash deposit,CAD
CA00011761,2025-02-08,BR016,C503392,TLR-9072,913.35,cash withdrawal,CAD
CA00014055,2025-02-06,BR027,C501684,TLR-5577,3976.32,cash deposit,CAD
CA00014086,2025-02-07,BR027,C500650,TLR-1804,165.99,cash withdrawal,CAD
CA00013990,2025-02-23,BR027,C503234,TLR-6451,1105.72,cash withdrawal,CAD
CA00017623,2025-02-09,BR040,C501239,TLR-7197,1186.03,cash withdrawal,CAD
CA00011733,2025-02-01,BR016,C502854,TLR-9707,336.86,cash deposit,CAD
CA00015509,2025-02-15,BR035,C502121,TLR-4903,710.61,cash deposit,CAD
CA00008925,2025-02-28,BR001,C502402,TLR-4369,1231.53,cash withdrawal,CAD
CA00012730,2025-02-18,BR020,C503842,TLR-1168,322.5,cash deposit,USD
CA00010733,2025-02-08,BR010,C501471,TLR-6820,1265.53,cash deposit,CAD
CA00013113,2025-02-24,BR023,C501742,TLR-7050,1341.56,cash deposit,CAD
CA00011749,2025-02-27,BR016,C503395,TLR-3787,791.86,cash withdrawal,CAD
CA00012103,2025-02-02,BR017,C502254,TLR-3039,1845.16,cash withdrawal,CAD
CA00013686,2025-02-26,BR026,C502024,TLR-3615,689.44,cash deposit,CAD
CA00014351,2025-02-27,BR029,C500420,TLR-3239,1783.56,cash withdrawal,CAD
CA00010242,2025-02-23,BR007,C501266,TLR-2852,757.12,cash deposit,CAD
CA00013006,2025-02-11,BR022,C502157,TLR-1016,672.04,cash deposit,CAD
CA00017117,2025-02-11,BR040,C503330,TLR-8551,312.72,cash withdrawal,CAD
CA00009501,2025-02-24,BR004,C500841,TLR-5522,880.79,cash withdrawal,CAD
CA00015236,2025-02-26,BR033,C502366,TLR-6956,1040.14,cash withdrawal,CAD
CA00010780,2025-02-22,BR010,C500226,TLR-2107,3005.99,cash withdrawal,CAD
CA00013894,2025-02-16,BR026,C503392,TLR-9534,-222.79,cash withdrawal,CAD
CA00012805,2025-02-03,BR021,C501455,TLR-8138,1011.52,cash withdrawal,CAD
CA00017397,2025-02-27,BR040,C503934,TLR-1143,240.97,cash withdrawal,CAD
CA00014986,2025-02-03,BR032,C502170,TLR-9993,2283.15,cash withdrawal,CAD
CA00012536,2025-02-16,BR019,C500758,TLR-1230,866.61,cash withdrawal,CAD
CA00008770,2025-02-04,BR001,C502893,TLR-8851,2239.33,cash withdrawal,CAD
CA00015828,2025-02-04,BR036,C502778,TLR-8531,1022.7,cash deposit,CAD
CA00012232,2025-02-19,BR018,C500351,TLR-5840,1224.92,cash deposit,CAD
CA00014338,2025-02-01,BR029,C503196,TLR-9792,1324.54,cash deposit,CAD
CA00013394,2025-02-16,BR024,C502812,TLR-8002,565.23,cash deposit,CAD
CA00016531,2025-02-10,BR039,C503644,TLR-8777,855.59,cash deposit,CAD
CA00010645,2025-02-15,BR010,C503122,TLR-3619,489.25,cash deposit,CAD
CA00009192,2025-02-17,BR003,C501148,TLR-4778,1959.36,cash withdrawal,CAD
CA00016429,2025-02-05,BR038,C502208,TLR-9454,311.26,cash deposit,CAD
CA00013266,2025-02-04,BR024,C500961,TLR-2383,2055.75,cash withdrawal,CAD
CA00010895,2025-02-13,BR011,C501661,TLR-6628,2333.56,cash deposit,CAD
CA00013385,2025-02-12,BR024,C500049,TLR-3119,175.15,cash withdrawal,CAD
CA00016588,2025-02-05,BR039,C500831,TLR-4270,347.67,cash deposit,CAD
CA00017064,2025-02-06,BR040,C500040,TLR-3478,2356.24,cash deposit,CAD
CA00017599,2025-02-07,BR040,C503503,TLR-7376,652.73,cash deposit,CAD
CA00015945,2025-02-28,BR036,C501533,TLR-7469,396.41,cash withdrawal,CAD
CA00012450,2025-02-03,BR019,C502123,TLR-4854,2072.29,cash withdrawal,CAD
CA00016292,2025-02-27,BR038,C500817,TLR-9487,1429.52,cash withdrawal,CAD
CA00008860,2025-02-09,BR001,C503971,TLR-4156,3206.01,cash deposit,CAD
CA00015202,2025-02-05,BR033,C503000,TLR-1044,403.7,cash deposit,CAD
CA00014715,2025-02-17,BR031,C502304,TLR-1093,1940.93,cash withdrawal,CAD
CA00014930,2025-02-10,BR031,C501598,TLR-1152,1200.88,cash deposit,CAD
CA00013229,2025-02-07,BR024,C501854,TLR-1859,1202.36,cash deposit,CAD
CA00013110,2025-02-20,BR023,C500703,TLR-2807,1330.76,cash deposit,CAD
CA00015148,2025-02-09,BR033,C500130,TLR-5414,1301.53,cash withdrawal,CAD
CA00012396,2025-02-05,BR019,C502852,TLR-1801,576.11,cash deposit,CAD
CA00015822,2025-02-27,BR036,C502209,TLR-7622,736.8,cash deposit,CAD
CA00016556,2025-02-03,BR039,C501183,TLR-4726,1502.06,cash withdrawal,CAD
CA00015291,2025-02-04,BR034,C501477,TLR-5375,846.48,cash deposit,CAD
CA00010744,2025-02-18,BR010,C501930,TLR-2659,913.85,cash withdrawal,CAD
CA00014660,2025-02-15,BR030,C500261,TLR-9751,1463.13,cash deposit,CAD
CA00009591,2025-02-21,BR004,C502891,TLR-3816,1529.08,cash deposit,CAD
CA00013417,2025-02-19,BR024,C503595,TLR-5518,1152.12,cash deposit,CAD
CA00012417,2025-02-16,BR019,C500418,TLR-9659,155.3,cash deposit,CAD
CA00008824,2025-02-08,BR001,C500547,TLR-4990,562.93,cash withdrawal,CAD
CA00013083,2025-02-05,BR023,C501504,TLR-8918,582.14,cash withdrawal,CAD
CA00009898,2025-02-25,BR006,C501580,TLR-5183,821.23,cash withdrawal,CAD
CA00014668,2025-02-15,BR030,C503276,TLR-3442,581.96,cash deposit,CAD
CA00014537,2025-02-19,BR030,C500144,TLR-1320,732.79,cash withdrawal,CAD
CA00011363,2025-02-14,BR014,C502611,TLR-7770,504.01,cash deposit,CAD
CA00009643,2025-02-24,BR004,C501883,TLR-9798,1369.16,cash withdrawal,CAD
CA00017634,2025-02-18,BR040,C501735,TLR-3320,1459.29,cash deposit,CAD
CA00010592,2025-02-16,BR009,C502578,TLR-9827,1166.77,cash withdrawal,CAD
CA00012324,2025-02-27,BR019,C503283,TLR-5720,447.83,cash withdrawal,CAD
CA00012632,2025-02-21,BR020,C502629,TLR-3283,381.83,cash withdrawal,USD
CA00013513,2025-02-03,BR025,C503891,TLR-4762,-374.55,cash withdrawal,CAD
CA00013719,2025-02-06,BR026,C501798,TLR-3761,-902.88,cash withdrawal,CAD
CA00017220,2025-02-04,BR040,C501464,TLR-9066,2643.18,cash withdrawal,CAD
CA00013345,2025-02-13,BR024,C502802,TLR-9035,1018.89,cash deposit,CAD
CA00017592,2025-02-23,BR040,C503411,TLR-7470,1670.39,cash deposit,CAD
CA00014998,2025-02-16,BR032,C501341,TLR-5342,787.18,cash withdrawal,CAD
CA00016272,2025-02-26,BR038,C502044,TLR-9252,583.88,cash deposit,CAD
CA00011192,2025-02-27,BR013,C501019,TLR-5515,832.97,cash withdrawal,CAD
CA00009772,2025-02-24,BR006,C502064,TLR-5719,425.15,cash withdrawal,CAD
CA00013938,2025-02-05,BR027,C503816,TLR-9302,639.23,cash withdrawal,CAD
CA00012028,2025-02-19,BR017,C503998,TLR-4329,1320.77,cash deposit,CAD
CA00013738,2025-02-12,BR026,C500515,TLR-3091,1078.29,cash deposit,CAD
CA00013628,2025-02-26,BR025,C501829,TLR-8806,-296.05,cash withdrawal,CAD
CA00013844,2025-02-04,BR026,C503625,TLR-9818,-1217.89,cash withdrawal,CAD
CA00012945,2025-02-22,BR021,C500760,TLR-4286,871.53,cash deposit,CAD
CA00012652,2025-02-27,BR020,C503469,TLR-2680,1180.31,cash deposit,USD
CA00013874,2025-02-01,BR026,C501217,TLR-9920,-1868.56,cash withdrawal,CAD
CA00015525,2025-02-01,BR035,C502731,TLR-2222,2112.67,cash deposit,CAD
CA00016401,2025-02-04,BR038,C503474,TLR-5805,1231.35,cash deposit,CAD
CA00011952,2025-02-21,BR017,C500905,TLR-1338,316.56,cash deposit,CAD
CA00012919,2025-02-02,BR021,C503019,TLR-5913,2878.03,cash deposit,CAD
CA00015107,2025-02-17,BR032,C502765,TLR-4683,331.76,cash withdrawal,CAD
CA00012038,2025-02-05,BR017,C500238,TLR-2557,1347.67,cash withdrawal,CAD
CA00016925,2025-02-10,BR040,C501275,TLR-7011,1043.89,cash withdrawal,CAD
CA00008965,2025-02-21,BR001,C500882,TLR-1609,600.9,cash deposit,CAD
CA00013876,2025-02-06,BR026,C503684,TLR-1137,2784.59,cash deposit,CAD
CA00009657,2025-02-22,BR004,C503056,TLR-2279,426.17,cash withdrawal,CAD
CA00015702,2025-02-05,BR036,C502046,TLR-3303,1452.38,cash withdrawal,CAD
CA00011781,2025-02-11,BR016,C501944,TLR-9473,694.76,cash withdrawal,CAD
CA00015564,2025-02-17,BR035,C500744,TLR-5906,1119.86,cash deposit,CAD
CA00013238,2025-02-02,BR024,C501542,TLR-1205,751.92,cash withdrawal,CAD
CA00015156,2025-02-25,BR033,C502997,TLR-8003,2323.74,cash withdrawal,CAD
CA00013903,2025-02-15,BR026,C500065,TLR-8364,-1232.25,cash withdrawal,CAD
CA00009567,2025-02-02,BR004,C502354,TLR-4031,831.33,cash withdrawal,CAD
CA00015253,2025-02-21,BR033,C500685,TLR-5227,1915.27,cash withdrawal,CAD
CA00012971,2025-02-23,BR022,C502636,TLR-8012,2620.09,cash deposit,CAD
CA00009484,2025-02-01,BR004,C502139,TLR-6945,1610.75,cash withdrawal,CAD
CA00010038,2025-02-23,BR006,C503115,TLR-5261,181.69,cash deposit,CAD
CA00013669,2025-02-22,BR026,C503109,TLR-1089,-1604.27,cash withdrawal,CAD
CA00016346,2025-02-25,BR038,C502014,TLR-6571,857.81,cash deposit,CAD
CA00013495,2025-02-08,BR025,C502278,TLR-9040,3876.62,cash deposit,CAD
CA00016088,2025-02-16,BR037,C501326,TLR-8686,815.69,cash deposit,CAD
CA00010205,2025-02-12,BR007,C502735,TLR-9839,1427.87,cash withdrawal,CAD
CA00013756,2025-02-14,BR026,C500747,TLR-5371,1573.52,cash deposit,CAD
CA00012522,2025-02-24,BR019,C500989,TLR-6461,4221.17,cash withdrawal,CAD
CA00011810,2025-02-13,BR016,C502635,TLR-2723,2181.13,cash withdrawal,CAD
CA00011816,2025-02-20,BR016,C503890,TLR-3480,978.9,cash deposit,CAD
CA00010195,2025-02-16,BR007,C500140,TLR-6145,420.79,cash withdrawal,CAD
CA00012831,2025-02-24,BR021,C501746,TLR-9161,1500.98,cash withdrawal,CAD
CA00015090,2025-02-03,BR032,C502299,TLR-7479,934.53,cash deposit,CAD
CA00013048,2025-02-07,BR023,C503539,TLR-6839,744.65,cash deposit,CAD
CA00017159,2025-02-23,BR040,C500081,TLR-7774,3576.8,cash withdrawal,CAD
CA00012075,2025-02-21,BR017,C501816,TLR-3852,363.0,cash withdrawal,CAD
CA00015998,2025-02-05,BR037,C501683,TLR-7036,2525.36,cash withdrawal,CAD
CA00016921,2025-02-08,BR040,C503650,TLR-8007,833.14,cash deposit,CAD
CA00016082,2025-02-20,BR037,C503239,TLR-9973,1778.97,cash withdrawal,CAD
CA00009098,2025-02-11,BR002,C500030,TLR-5907,-1716.33,cash withdrawal,CAD
CA00010770,2025-02-01,BR010,C501671,TLR-9536,782.38,cash deposit,CAD
CA00016316,2025-02-02,BR038,C500497,TLR-6932,956.49,cash deposit,CAD
CA00017181,2025-02-26,BR040,C502640,TLR-6086,762.08,cash withdrawal,CAD
CA00014573,2025-02-20,BR030,C501333,TLR-3600,265.63,cash deposit,CAD
CA00013845,2025-02-19,BR026,C503423,TLR-7035,699.58,cash deposit,CAD
CA00011332,2025-02-09,BR014,C500041,TLR-3238,1438.63,cash deposit,CAD
CA00010105,2025-02-18,BR007,C501492,TLR-4894,970.52,cash withdrawal,CAD
CA00010695,2025-02-26,BR010,C503382,TLR-2886,596.62,cash withdrawal,CAD
CA00010772,2025-02-12,BR010,C503664,TLR-9896,729.32,cash withdrawal,CAD
CA00014296,2025-02-11,BR029,C502698,TLR-7600,950.94,cash deposit,CAD
CA00015873,2025-02-05,BR036,C503446,TLR-2510,940.58,cash deposit,CAD
CA00016158,2025-02-12,BR037,C503568,TLR-4885,426.48,cash deposit,CAD
CA00011075,2025-02-09,BR012,C500611,TLR-2194,863.47,cash deposit,CAD
CA00016580,2025-02-24,BR039,C502995,TLR-3800,841.93,cash withdrawal,CAD
CA00011613,2025-02-27,BR015,C501454,TLR-9578,1074.84,cash deposit,CAD
CA00015104,2025-02-21,BR032,C502976,TLR-8402,630.73,cash deposit,CAD
CA00017127,2025-02-19,BR040,C502609,TLR-2560,2621.49,cash withdrawal,CAD
CA00010049,2025-02-26,BR006,C501153,TLR-2631,634.96,cash deposit,CAD
CA00010847,2025-02-04,BR011,C503944,TLR-2346,1994.27,cash withdrawal,CAD
CA00016248,2025-02-06,BR037,C503971,TLR-1797,805.7,cash withdrawal,CAD
CA00012855,2025-02-19,BR021,C501203,TLR-5257,1166.37,cash deposit,CAD
CA00009230,2025-02-18,BR003,C503425,TLR-5660,399.41,cash deposit,CAD
CA00017348,2025-02-13,BR040,C502640,TLR-8694,992.37,cash deposit,CAD
CA00012100,2025-02-06,BR017,C501779,TLR-1844,1195.59,cash deposit,CAD
CA00012358,2025-02-18,BR019,C503761,TLR-2241,404.84,cash deposit,CAD
CA00009620,2025-02-16,BR004,C501956,TLR-5529,511.12,cash withdrawal,CAD
CA00014179,2025-02-13,BR028,C501178,TLR-2669,1421.18,cash withdrawal,CAD
CA00011474,2025-02-17,BR015,C501456,TLR-8191,1048.59,cash withdrawal,CAD
CA00011862,2025-02-09,BR016,C501689,TLR-8369,347.57,cash deposit,CAD
CA00013533,2025-02-04,BR025,C500886,TLR-3874,570.17,cash deposit,CAD
CA00014882,2025-02-12,BR031,C503947,TLR-1769,1068.72,cash deposit,CAD
CA00016629,2025-02-16,BR039,C501881,TLR-2023,857.76,cash withdrawal,CAD
CA00014042,2025-02-10,BR027,C500866,TLR-1954,506.3,cash deposit,CAD
CA00011620,2025-02-26,BR015,C501344,TLR-7089,1590.93,cash withdrawal,CAD
CA00014230,2025-02-14,BR028,C500964,TLR-6981,773.47,cash withdrawal,CAD
CA00016110,2025-02-27,BR037,C500150,TLR-1222,607.37,cash withdrawal,CAD
CA00013663,2025-02-03,BR025,C500902,TLR-1945,-355.4,cash withdrawal,CAD
CA00017017,2025-02-09,BR040,C502647,TLR-3242,686.18,cash withdrawal,CAD
CA00012884,2025-02-17,BR021,C500693,TLR-6236,2142.24,cash withdrawal,CAD
CA00016563,2025-02-20,BR039,C503836,TLR-6397,2267.13,cash deposit,CAD
CA00015667,2025-02-15,BR035,C500212,TLR-7876,488.91,cash withdrawal,CAD
CA00017136,2025-02-15,BR040,C500563,TLR-5234,3083.87,cash withdrawal,CAD
CA00011457,2025-02-27,BR015,C501612,TLR-7850,1875.25,cash deposit,CAD
CA00017510,2025-02-11,BR040,C503695,TLR-4668,3057.82,cash deposit,CAD
CA00014216,2025-02-10,BR028,C501326,TLR-6799,676.44,cash deposit,CAD
CA00016356,2025-02-02,BR038,C500833,TLR-8761,1348.11,cash withdrawal,CAD
CA00009053,2025-02-15,BR002,C503179,TLR-5142,4881.61,cash deposit,CAD
CA00009247,2025-02-04,BR003,C502412,TLR-2295,697.1,cash withdrawal,CAD
CA00011531,2025-02-08,BR015,C502772,TLR-2917,475.92,cash deposit,CAD
CA00012889,2025-02-14,BR021,C502620,TLR-1214,861.43,cash withdrawal,CAD
CA00011767,2025-02-04,BR016,C502094,TLR-5732,2527.62,cash deposit,CAD
CA00009250,2025-02-19,BR003,C503203,TLR-1205,2137.03,cash deposit,CAD
CA00013813,2025-02-12,BR026,C502562,TLR-6862,-737.19,cash withdrawal,CAD
CA00014947,2025-02-09,BR031,C503497,TLR-1833,617.27,cash deposit,CAD
CA00011079,2025-02-06,BR012,C502501,TLR-9646,2622.52,cash withdrawal,CAD
CA00016572,2025-02-18,BR039,C501274,TLR-3594,1454.71,cash withdrawal,CAD
CA00014522,2025-02-14,BR030,C503297,TLR-9742,541.91,cash deposit,CAD
CA00010963,2025-02-18,BR012,C502000,TLR-4753,406.43,cash deposit,CAD
CA00012772,2025-02-23,BR021,C502836,TLR-2198,1182.99,cash withdrawal,CAD
CA00013430,2025-02-26,BR024,C501996,TLR-2125,207.17,cash deposit,CAD
CA00010517,2025-02-18,BR008,C500257,TLR-6997,681.36,cash deposit,CAD
CA00010123,2025-02-10,BR007,C500677,TLR-6242,712.75,cash deposit,CAD
CA00012210,2025-02-21,BR018,C500354,TLR-1113,931.7,cash withdrawal,CAD
CA00015244,2025-02-05,BR033,C502095,TLR-8271,1131.15,cash deposit,CAD
CA00009408,2025-02-24,BR003,C500377,TLR-6356,154.35,cash deposit,CAD
CA00012498,2025-02-20,BR019,C501864,TLR-3855,1114.38,cash deposit,CAD
CA00017016,2025-02-07,BR040,C501397,TLR-7356,2437.81,cash withdrawal,CAD
CA00010083,2025-02-19,BR007,C502161,TLR-3097,749.83,cash deposit,CAD
CA00012815,2025-02-15,BR021,C503576,TLR-8403,266.43,cash deposit,CAD
CA00017185,2025-02-02,BR040,C501202,TLR-9029,1514.3,cash withdrawal,CAD
CA00008913,2025-02-22,BR001,C502876,TLR-5574,459.0,cash withdrawal,CAD
CA00012120,2025-02-26,BR017,C501986,TLR-5742,334.98,cash withdrawal,CAD
CA00016408,2025-02-13,BR038,C500107,TLR-6751,604.93,cash deposit,CAD
CA00009335,2025-02-03,BR003,C503858,TLR-5115,2359.11,cash deposit,CAD
CA00013215,2025-02-06,BR024,C503885,TLR-7219,515.23,cash deposit,CAD
CA00017213,2025-02-28,BR040,C502304,TLR-8409,1223.76,cash withdrawal,CAD
CA00008750,2025-02-16,BR001,C501908,TLR-9809,1009.56,cash deposit,CAD
CA00009547,2025-02-03,BR004,C502886,TLR-8668,6716.83,cash withdrawal,CAD
CA00010915,2025-02-25,BR012,C501371,TLR-2398,1523.15,cash deposit,CAD
CA00011319,2025-02-11,BR014,C502390,TLR-3621,1484.35,cash deposit,CAD
CA00009283,2025-02-26,BR003,C502427,TLR-9945,1149.02,cash deposit,CAD
CA00010004,2025-02-22,BR006,C502733,TLR-4348,543.96,cash withdrawal,CAD
CA00010739,2025-02-16,BR010,C501056,TLR-2004,1054.67,cash withdrawal,CAD
CA00011137,2025-02-25,BR012,C502549,TLR-9307,484.75,cash deposit,CAD
CA00010504,2025-02-20,BR008,C501737,TLR-8616,323.56,cash deposit,CAD
CA00016212,2025-02-14,BR037,C501637,TLR-8316,609.61,cash withdrawal,CAD
CA00015642,2025-02-28,BR035,C502666,TLR-6432,1029.98,cash withdrawal,CAD
CA00015632,2025-02-23,BR035,C503895,TLR-7995,3223.46,cash withdrawal,CAD
CA00010303,2025-02-17,BR008,C503513,TLR-5660,895.6,cash deposit,CAD
CA00013908,2025-02-15,BR026,C501945,TLR-4132,-2725.22,cash withdrawal,CAD
CA00010642,2025-02-05,BR009,C500126,TLR-7120,1188.82,cash withdrawal,CAD
CA00012093,2025-02-08,BR017,C501279,TLR-5960,1267.4,cash withdrawal,CAD
CA00011365,2025-02-28,BR014,C501629,TLR-3275,1257.68,cash withdrawal,CAD
CA00014737,2025-02-07,BR031,C501479,TLR-8059,789.52,cash deposit,CAD
CA00014701,2025-02-07,BR030,C503489,TLR-2293,2700.35,cash deposit,CAD
CA00011654,2025-02-15,BR015,C503247,TLR-8004,377.99,cash withdrawal,CAD
CA00010012,2025-02-09,BR006,C502314,TLR-6826,1639.45,cash deposit,CAD
CA00013452,2025-02-23,BR025,C501238,TLR-1809,-697.25,cash withdrawal,CAD
CA00010230,2025-02-16,BR007,C502217,TLR-4446,664.32,cash deposit,CAD
CA00008759,2025-02-25,BR001,C500436,TLR-1930,3112.59,cash deposit,CAD
CA00017689,2025-02-02,BR040,C503724,TLR-5183,923.57,cash withdrawal,CAD
CA00013084,2025-02-08,BR023,C502297,TLR-9317,2299.97,cash withdrawal,CAD
CA00015221,2025-02-13,BR033,C502110,TLR-7241,985.54,cash withdrawal,CAD
CA00012284,2025-02-21,BR018,C500516,TLR-9521,473.29,cash deposit,CAD
CA00009213,2025-02-10,BR003,C502464,TLR-7460,522.42,cash deposit,CAD
CA00014337,2025-02-09,BR029,C501065,TLR-3008,658.9,cash deposit,CAD
CA00010339,2025-02-19,BR008,C502105,TLR-2801,1896.69,cash withdrawal,CAD
CA00017369,2025-02-14,BR040,C502744,TLR-6756,1548.6,cash deposit,CAD
CA00010238,2025-02-03,BR007,C500795,TLR-1918,681.6,cash deposit,CAD
CA00012342,2025-02-23,BR019,C502611,TLR-7542,908.0,cash withdrawal,CAD
CA00010207,2025-02-18,BR007,C503359,TLR-3249,1602.06,cash deposit,CAD
CA00011884,2025-02-09,BR016,C501317,TLR-5965,1236.33,cash deposit,CAD
CA00012892,2025-02-05,BR021,C502080,TLR-8739,202.03,cash deposit,CAD
CA00009710,2025-02-08,BR005,C501923,TLR-8063,2135.31,cash deposit,CAD
CA00015727,2025-02-23,BR036,C501315,TLR-8288,352.68,cash deposit,CAD
CA00011287,2025-02-18,BR014,C502586,TLR-7116,824.69,cash deposit,CAD
CA00012449,2025-02-18,BR019,C500732,TLR-2795,992.67,cash deposit,CAD
CA00010502,2025-02-23,BR008,C502896,TLR-8688,460.37,cash withdrawal,CAD
CA00013855,2025-02-27,BR026,C500353,TLR-2272,394.1,cash deposit,CAD
CA00010980,2025-02-07,BR012,C500153,TLR-5419,1785.18,cash withdrawal,CAD
CA00015054,2025-02-12,BR032,C501538,TLR-8789,171.53,cash withdrawal,CAD
CA00010362,2025-02-01,BR008,C503616,TLR-3185,1000.38,cash deposit,CAD
CA00010619,2025-02-26,BR009,C503338,TLR-6116,700.36,cash deposit,CAD
CA00012146,2025-02-08,BR017,C502058,TLR-9806,1095.16,cash deposit,CAD
CA00014342,2025-02-01,BR029,C503600,TLR-2524,3050.63,cash withdrawal,CAD
CA00015338,2025-02-28,BR034,C503208,TLR-8924,981.18,cash withdrawal,CAD
CA00017089,2025-02-27,BR040,C501500,TLR-7538,98.88,cash deposit,CAD
CA00015792,2025-02-02,BR036,C502156,TLR-8013,1131.65,cash withdrawal,CAD
CA00011550,2025-02-28,BR015,C502545,TLR-9279,1555.85,cash withdrawal,CAD
CA00013387,2025-02-02,BR024,C501104,TLR-4226,1061.13,cash withdrawal,CAD
CA00011293,2025-02-07,BR014,C503655,TLR-5528,1027.53,cash deposit,CAD
CA00012571,2025-02-16,BR019,C503354,TLR-1012,1966.0,cash deposit,CAD
CA00011327,2025-02-10,BR014,C500868,TLR-7184,1548.12,cash deposit,CAD
CA00016954,2025-02-27,BR040,C500623,TLR-8809,2960.11,cash deposit,CAD
CA00010107,2025-02-27,BR007,C501030,TLR-8401,428.75,cash withdrawal,CAD
CA00012958,2025-02-17,BR022,C503597,TLR-2064,921.43,cash deposit,CAD
CA00010450,2025-02-05,BR008,C502561,TLR-9635,1222.88,cash deposit,CAD
CA00009971,2025-02-26,BR006,C501184,TLR-6023,1751.9,cash withdrawal,CAD
CA00009764,2025-02-01,BR006,C503914,TLR-2911,1704.05,cash withdrawal,CAD
CA00013610,2025-02-10,BR025,C503655,TLR-7369,1198.47,cash deposit,CAD
CA00009228,2025-02-26,BR003,C501960,TLR-2403,2103.5,cash deposit,CAD
CA00015903,2025-02-02,BR036,C501463,TLR-2009,537.82,cash deposit,CAD
CA00012246,2025-02-01,BR018,C500591,TLR-5582,2330.53,cash withdrawal,CAD
CA00016587,2025-02-02,BR039,C501001,TLR-2850,893.76,cash withdrawal,CAD
CA00017469,2025-02-09,BR040,C501886,TLR-3080,220.24,cash deposit,CAD
CA00014374,2025-02-04,BR029,C503799,TLR-5681,174.69,cash withdrawal,CAD
CA00015561,2025-02-23,BR035,C500390,TLR-1576,1423.75,cash withdrawal,CAD
CA00011546,2025-02-02,BR015,C502610,TLR-2889,1527.8,cash deposit,CAD
CA00009896,2025-02-08,BR006,C501589,TLR-6481,1686.68,cash deposit,CAD
CA00014152,2025-02-26,BR028,C501476,TLR-8974,341.17,cash deposit,CAD
CA00013645,2025-02-07,BR025,C503671,TLR-8200,-931.17,cash withdrawal,CAD
CA00017564,2025-02-10,BR040,C502157,TLR-8803,2295.99,cash withdrawal,CAD
CA00010991,2025-02-17,BR012,C502051,TLR-7001,652.38,cash withdrawal,CAD
CA00008982,2025-02-23,BR001,C502761,TLR-4209,741.04,cash deposit,CAD
CA00016965,2025-02-08,BR040,C503471,TLR-1387,1352.05,cash withdrawal,CAD
CA00015009,2025-02-23,BR032,C501471,TLR-2087,647.01,cash withdrawal,CAD
CA00009859,2025-02-28,BR006,C503500,TLR-7529,957.66,cash deposit,CAD
CA00013709,2025-02-03,BR026,C503325,TLR-2039,903.41,cash deposit,CAD
CA00014467,2025-02-19,BR030,C501604,TLR-2660,1624.9,cash deposit,CAD
CA00010064,2025-02-23,BR007,C502469,TLR-9512,1158.48,cash deposit,CAD
CA00011646,2025-02-19,BR015,C501683,TLR-5757,342.55,cash deposit,CAD
CA00009563,2025-02-11,BR004,C503564,TLR-4125,201.9,cash deposit,CAD
CA00017267,2025-02-23,BR040,C501978,TLR-9818,515.68,cash deposit,CAD
CA00010828,2025-02-19,BR010,C502420,TLR-7938,682.06,cash withdrawal,CAD
CA00012505,2025-02-22,BR019,C500380,TLR-7117,1045.9,cash withdrawal,CAD
CA00009786,2025-02-24,BR006,C500830,TLR-6984,293.98,cash withdrawal,CAD
CA00014454,2025-02-07,BR030,C503105,TLR-3641,854.76,cash withdrawal,CAD
CA00013155,2025-02-19,BR023,C500539,TLR-3147,306.22,cash withdrawal,CAD
CA00009705,2025-02-22,BR005,C503533,TLR-8375,1017.98,cash withdrawal,CAD
CA00012110,2025-02-07,BR017,C503927,TLR-7305,2055.01,cash withdrawal,CAD
CA00017577,2025-02-07,BR040,C501244,TLR-5822,612.34,cash withdrawal,CAD
CA00009135,2025-02-28,BR002,C502565,TLR-7764,1647.09,cash deposit,CAD
CA00010611,2025-02-06,BR009,C502093,TLR-7490,504.38,cash deposit,CAD
CA00009236,2025-02-27,BR003,C500864,TLR-9839,511.1,cash deposit,CAD
CA00014637,2025-02-28,BR030,C500477,TLR-9318,921.34,cash deposit,CAD
CA00013077,2025-02-01,BR023,C503045,TLR-5660,240.71,cash deposit,CAD
CA00010883,2025-02-20,BR011,C501251,TLR-5445,629.96,cash deposit,CAD
CA00015092,2025-02-14,BR032,C501834,TLR-7719,1070.91,cash deposit,CAD
CA00013473,2025-02-18,BR025,C501365,TLR-7571,-1646.16,cash withdrawal,CAD
CA00013285,2025-02-04,BR024,C502560,TLR-3226,3256.34,cash deposit,CAD
CA00013014,2025-02-28,BR022,C502577,TLR-6557,644.46,cash deposit,CAD
CA00017622,2025-02-20,BR040,C502019,TLR-5111,848.4,cash withdrawal,CAD
CA00010574,2025-02-02,BR009,C500607,TLR-2743,338.67,cash deposit,CAD
CA00012115,2025-02-05,BR017,C500812,TLR-4584,337.15,cash withdrawal,CAD
CA00011170,2025-02-28,BR013,C502168,TLR-9969,1405.68,cash deposit,CAD
CA00014139,2025-02-08,BR028,C503952,TLR-9524,794.74,cash deposit,CAD
CA00013247,2025-02-22,BR024,C502929,TLR-6860,1920.96,cash withdrawal,CAD
CA00012905,2025-02-14,BR021,C502785,TLR-6109,879.02,cash withdrawal,CAD
CA00015983,2025-02-02,BR037,C503116,TLR-2764,999.14,cash withdrawal,CAD
CA00016670,2025-02-16,BR040,C503742,TLR-8694,1200.65,cash withdrawal,CAD
CA00015621,2025-02-10,BR035,C502002,TLR-4738,339.49,cash withdrawal,CAD
CA00010890,2025-02-21,BR011,C501174,TLR-1188,1290.64,cash deposit,CAD
CA00014321,2025-02-07,BR029,C503709,TLR-4792,786.45,cash deposit,CAD
CA00010347,2025-02-28,BR008,C500681,TLR-1280,1021.19,cash withdrawal,CAD
CA00009544,2025-02-14,BR004,C503080,TLR-3470,1478.71,cash deposit,CAD
CA00015025,2025-02-09,BR032,C503092,TLR-1094,4310.83,cash withdrawal,CAD
CA00009796,2025-02-21,BR006,C502134,TLR-4658,863.35,cash deposit,CAD
CA00015378,2025-02-22,BR034,C501824,TLR-3627,1219.95,cash withdrawal,CAD
CA00014578,2025-02-03,BR030,C500431,TLR-6936,2860.23,cash withdrawal,CAD
CA00009580,2025-02-01,BR004,C502223,TLR-5216,2570.12,cash deposit,CAD
CA00010398,2025-02-27,BR008,C500823,TLR-7954,784.06,cash withdrawal,CAD
CA00015504,2025-02-03,BR035,C500874,TLR-3987,559.86,cash withdrawal,CAD
CA00012974,2025-02-07,BR022,C501661,TLR-4241,1625.85,cash deposit,CAD
CA00012004,2025-02-11,BR017,C503030,TLR-3722,811.04,cash withdrawal,CAD
CA00015248,2025-02-16,BR033,C501995,TLR-1050,1469.95,cash deposit,CAD
CA00009579,2025-02-21,BR004,C502547,TLR-9555,283.5,cash withdrawal,CAD
CA00011830,2025-02-17,BR016,C502114,TLR-8906,1212.62,cash withdrawal,CAD
CA00008864,2025-02-03,BR001,C501996,TLR-5764,2695.08,cash withdrawal,CAD
CA00017349,2025-02-16,BR040,C502393,TLR-9826,1003.07,cash withdrawal,CAD
CA00008816,2025-02-17,BR001,C502366,TLR-6094,1004.71,cash withdrawal,CAD
CA00016574,2025-02-26,BR039,C503992,TLR-8636,2457.78,cash withdrawal,CAD
CA00011284,2025-02-22,BR014,C500158,TLR-9362,896.9,cash withdrawal,CAD
CA00016398,2025-02-27,BR038,C502012,TLR-6484,371.4,cash deposit,CAD
CA00008847,2025-02-02,BR001,C500596,TLR-3680,863.45,cash withdrawal,CAD
CA00015427,2025-02-08,BR034,C502262,TLR-5081,655.14,cash deposit,CAD
CA00014038,2025-02-23,BR027,C501751,TLR-7891,1006.1,cash deposit,CAD
CA00008753,2025-02-16,BR001,C502423,TLR-6744,1996.05,cash withdrawal,CAD
CA00014392,2025-02-12,BR030,C500872,TLR-4771,2134.08,cash withdrawal,CAD
CA00015979,2025-02-05,BR037,C503930,TLR-4829,550.91,cash deposit,CAD
CA00010343,2025-02-19,BR008,C501908,TLR-1451,1840.31,cash withdrawal,CAD
CA00008737,2025-02-21,BR001,C502908,TLR-3211,1563.25,cash withdrawal,CAD
CA00010077,2025-02-06,BR007,C503359,TLR-2651,2412.14,cash deposit,CAD
CA00011292,2025-02-05,BR014,C501266,TLR-1504,1050.53,cash withdrawal,CAD
CA00011773,2025-02-07,BR016,C500693,TLR-5320,2410.81,cash withdrawal,CAD
CA00015933,2025-02-18,BR036,C502694,TLR-6302,1224.87,cash deposit,CAD
CA00017074,2025-02-20,BR040,C501983,TLR-6618,1404.25,cash withdrawal,CAD
CA00012124,2025-02-22,BR017,C501722,TLR-6874,3120.01,cash withdrawal,CAD
CA00015279,2025-02-19,BR033,C500763,TLR-1038,862.41,cash withdrawal,CAD
CA00008731,2025-02-23,BR001,C500593,TLR-9215,441.52,cash deposit,CAD
CA00014105,2025-02-02,BR028,C503045,TLR-2915,3266.46,cash withdrawal,CAD
CA00012988,2025-02-13,BR022,C500307,TLR-8510,1391.78,cash withdrawal,CAD
CA00012890,2025-02-04,BR021,C500967,TLR-9255,594.44,cash withdrawal,CAD
CA00010333,2025-02-23,BR008,C502430,TLR-1105,422.52,cash withdrawal,CAD
CA00008798,2025-02-26,BR001,C502555,TLR-3276,813.16,cash deposit,CAD
CA00013507,2025-02-10,BR025,C501281,TLR-1771,-1261.38,cash withdrawal,CAD
CA00015601,2025-02-05,BR035,C502533,TLR-4767,336.32,cash withdrawal,CAD
CA00017588,2025-02-13,BR040,C501046,TLR-8656,940.01,cash deposit,CAD
CA00012657,2025-02-27,BR020,C501289,TLR-6945,1053.16,cash deposit,USD
CA00017145,2025-02-09,BR040,C503733,TLR-4748,686.03,cash deposit,CAD
CA00012649,2025-02-25,BR020,C501654,TLR-5165,1587.78,cash deposit,USD
CA00010800,2025-02-27,BR010,C503165,TLR-5440,1982.41,cash deposit,CAD
CA00010369,2025-02-11,BR008,C500478,TLR-7681,1638.61,cash withdrawal,CAD
CA00017113,2025-02-06,BR040,C500737,TLR-3408,728.44,cash deposit,CAD
CA00011765,2025-02-05,BR016,C500093,TLR-7339,378.08,cash deposit,CAD
CA00013342,2025-02-01,BR024,C501155,TLR-7025,1735.03,cash withdrawal,CAD
CA00013457,2025-02-09,BR025,C502793,TLR-9710,2208.51,cash deposit,CAD
CA00011541,2025-02-17,BR015,C500301,TLR-2046,1600.66,cash withdrawal,CAD
CA00014481,2025-02-24,BR030,C500219,TLR-9422,746.97,cash withdrawal,CAD
CA00015280,2025-02-23,BR033,C501622,TLR-4689,2095.9,cash withdrawal,CAD
CA00009504,2025-02-07,BR004,C502808,TLR-7221,985.82,cash deposit,CAD
CA00009339,2025-02-27,BR003,C502754,TLR-6402,404.06,cash deposit,CAD
CA00013726,2025-02-10,BR026,C500247,TLR-8206,1034.97,cash deposit,CAD
CA00012237,2025-02-07,BR018,C501287,TLR-3016,327.99,cash withdrawal,CAD
CA00011322,2025-02-26,BR014,C501396,TLR-4694,1178.51,cash withdrawal,CAD
CA00017396,2025-02-17,BR040,C503245,TLR-4325,1993.14,cash deposit,CAD
CA00010361,2025-02-03,BR008,C501078,TLR-2569,663.42,cash withdrawal,CAD
CA00009368,2025-02-16,BR003,C500607,TLR-7218,629.29,cash deposit,CAD
CA00011443,2025-02-21,BR015,C500631,TLR-1940,218.08,cash withdrawal,CAD
CA00016775,2025-02-11,BR040,C501122,TLR-8228,245.69,cash withdrawal,CAD
CA00010134,2025-02-14,BR007,C500405,TLR-7987,1012.76,cash withdrawal,CAD
CA00010149,2025-02-06,BR007,C502096,TLR-5177,491.82,cash deposit,CAD
CA00017617,2025-02-24,BR040,C502029,TLR-6395,689.28,cash deposit,CAD
CA00009809,2025-02-07,BR006,C503989,TLR-2643,917.88,cash deposit,CAD
CA00013741,2025-02-08,BR026,C502047,TLR-6349,-551.45,cash withdrawal,CAD
CA00015101,2025-02-21,BR032,C503233,TLR-8208,1451.86,cash withdrawal,CAD
CA00011139,2025-02-13,BR012,C502446,TLR-6982,982.01,cash withdrawal,CAD
CA00014037,2025-02-23,BR027,C501970,TLR-9807,1970.33,cash withdrawal,CAD
CA00016062,2025-02-03,BR037,C503497,TLR-4274,446.43,cash deposit,CAD
CA00013329,2025-02-10,BR024,C500418,TLR-2103,618.5,cash withdrawal,CAD
CA00011961,2025-02-01,BR017,C502722,TLR-5953,1344.99,cash withdrawal,CAD
CA00014363,2025-02-15,BR029,C500871,TLR-3862,1590.09,cash deposit,CAD
CA00012362,2025-02-15,BR019,C501720,TLR-1168,346.12,cash withdrawal,CAD
CA00015507,2025-02-03,BR035,C500579,TLR-6656,4602.16,cash deposit,CAD
CA00015168,2025-02-06,BR033,C501091,TLR-5551,3798.99,cash withdrawal,CAD
CA00013930,2025-02-09,BR027,C500467,TLR-2535,630.13,cash withdrawal,CAD
CA00015516,2025-02-18,BR035,C500047,TLR-7858,1036.55,cash withdrawal,CAD
CA00015377,2025-02-12,BR034,C501785,TLR-6352,1681.88,cash deposit,CAD
CA00011000,2025-02-02,BR012,C502139,TLR-9742,1146.01,cash deposit,CAD
CA00016029,2025-02-22,BR037,C502477,TLR-5135,911.33,cash withdrawal,CAD
CA00009660,2025-02-20,BR004,C500979,TLR-5036,1915.88,cash deposit,CAD
CA00016942,2025-02-20,BR040,C503039,TLR-2343,2587.88,cash withdrawal,CAD
CA00016774,2025-02-06,BR040,C503255,TLR-2674,732.67,cash withdrawal,CAD
CA00014081,2025-02-06,BR027,C502118,TLR-8659,475.62,cash deposit,CAD
CA00015657,2025-02-12,BR035,C503460,TLR-8034,1656.53,cash withdrawal,CAD
CA00015620,2025-02-08,BR035,C500574,TLR-4466,2428.36,cash withdrawal,CAD
CA00013609,2025-02-23,BR025,C500415,TLR-2903,823.61,cash deposit,CAD
CA00015500,2025-02-15,BR035,C503588,TLR-9516,2440.28,cash withdrawal,CAD
CA00010958,2025-02-05,BR012,C502391,TLR-6267,452.7,cash deposit,CAD
CA00010930,2025-02-13,BR012,C501178,TLR-6091,669.32,cash withdrawal,CAD
CA00008704,2025-02-10,BR001,C500425,TLR-2528,2690.83,cash withdrawal,CAD
CA00010151,2025-02-23,BR007,C502447,TLR-6927,1079.85,cash deposit,CAD
CA00017446,2025-02-15,BR040,C501013,TLR-8179,1277.48,cash deposit,CAD
CA00009626,2025-02-27,BR004,C502489,TLR-2297,642.54,cash withdrawal,CAD
CA00014845,2025-02-22,BR031,C501549,TLR-7754,3160.62,cash withdrawal,CAD
CA00015308,2025-02-19,BR034,C503544,TLR-7872,627.59,cash deposit,CAD
CA00016250,2025-02-15,BR037,C501781,TLR-8562,2225.47,cash withdrawal,CAD
CA00017618,2025-02-23,BR040,C500096,TLR-2680,2244.79,cash deposit,CAD
CA00009741,2025-02-14,BR005,C502861,TLR-8007,2723.85,cash withdrawal,CAD
CA00017539,2025-02-19,BR040,C500528,TLR-5401,2516.54,cash withdrawal,CAD
CA00011982,2025-02-08,BR017,C502585,TLR-5767,1086.45,cash deposit,CAD
CA00009222,2025-02-22,BR003,C501496,TLR-1375,1061.15,cash deposit,CAD
CA00013949,2025-02-27,BR027,C501252,TLR-8420,1052.49,cash withdrawal,CAD
CA00014390,2025-02-14,BR029,C502585,TLR-6095,712.04,cash deposit,CAD
CA00013788,2025-02-24,BR026,C502042,TLR-7861,1371.19,cash deposit,CAD
CA00012621,2025-02-13,BR020,C500060,TLR-2386,1982.07,cash withdrawal,USD
CA00012348,2025-02-06,BR019,C503294,TLR-5455,1392.89,cash deposit,CAD
CA00013205,2025-02-23,BR024,C501999,TLR-2551,804.05,cash deposit,CAD
CA00009097,2025-02-11,BR002,C501249,TLR-7033,-316.91,cash withdrawal,CAD
CA00010394,2025-02-07,BR008,C502017,TLR-9937,396.0,cash withdrawal,CAD
CA00010636,2025-02-16,BR009,C500159,TLR-1426,539.42,cash deposit,CAD
CA00012169,2025-02-28,BR017,C502792,TLR-8749,260.51,cash withdrawal,CAD
CA00009238,2025-02-09,BR003,C501032,TLR-8905,1344.44,cash withdrawal,CAD
CA00012655,2025-02-15,BR020,C502774,TLR-6449,723.21,cash withdrawal,USD
CA00014907,2025-02-28,BR031,C503118,TLR-8406,481.23,cash deposit,CAD
CA00017485,2025-02-03,BR040,C500420,TLR-1177,669.3,cash deposit,CAD
CA00015514,2025-02-25,BR035,C500730,TLR-9643,712.22,cash deposit,CAD
CA00017033,2025-02-11,BR040,C503138,TLR-7357,1354.56,cash deposit,CAD
CA00015352,2025-02-20,BR034,C503334,TLR-7238,891.83,cash deposit,CAD
CA00009483,2025-02-02,BR004,C500920,TLR-7507,1685.18,cash deposit,CAD
CA00012651,2025-02-11,BR020,C503043,TLR-6199,1124.5,cash withdrawal,USD
CA00012732,2025-02-21,BR020,C501518,TLR-9457,459.97,cash withdrawal,USD
CA00009290,2025-02-27,BR003,C501721,TLR-1793,1193.13,cash deposit,CAD
CA00008959,2025-02-13,BR001,C501550,TLR-7673,3486.49,cash deposit,CAD
CA00017665,2025-02-06,BR040,C503601,TLR-4861,922.02,cash withdrawal,CAD
CA00012157,2025-02-19,BR017,C500619,TLR-9911,3563.4,cash deposit,CAD
CA00017106,2025-02-05,BR040,C501625,TLR-9270,139.27,cash deposit,CAD
CA00013228,2025-02-02,BR024,C503843,TLR-7360,230.0,cash withdrawal,CAD
CA00011408,2025-02-22,BR014,C502424,TLR-7585,895.51,cash deposit,CAD
CA00010836,2025-02-03,BR010,C501622,TLR-3687,799.59,cash withdrawal,CAD
CA00013963,2025-02-05,BR027,C501398,TLR-6927,1834.33,cash withdrawal,CAD
CA00008845,2025-02-10,BR001,C503360,TLR-8919,4996.25,cash withdrawal,CAD
CA00013993,2025-02-08,BR027,C503399,TLR-9662,406.59,cash withdrawal,CAD
CA00016633,2025-02-05,BR039,C501585,TLR-3063,1555.28,cash deposit,CAD
CA00009713,2025-02-09,BR005,C501245,TLR-7185,1286.78,cash deposit,CAD
CA00010658,2025-02-07,BR010,C502571,TLR-5764,1383.19,cash deposit,CAD
CA00014020,2025-02-26,BR027,C501629,TLR-5247,893.8,cash withdrawal,CAD
CA00015835,2025-02-17,BR036,C500943,TLR-4317,1266.96,cash withdrawal,CAD
CA00009984,2025-02-17,BR006,C502713,TLR-8799,546.59,cash deposit,CAD
CA00011084,2025-02-25,BR012,C500871,TLR-1438,4698.84,cash withdrawal,CAD
CA00010858,2025-02-21,BR011,C500246,TLR-6560,3671.85,cash deposit,CAD
CA00011689,2025-02-19,BR015,C500617,TLR-3211,2165.54,cash deposit,CAD
CA00009757,2025-02-13,BR005,C500683,TLR-7434,1452.23,cash deposit,CAD
CA00009753,2025-02-09,BR005,C503037,TLR-8100,1248.58,cash deposit,CAD
CA00013420,2025-02-08,BR024,C503713,TLR-5969,768.2,cash withdrawal,CAD
CA00015316,2025-02-12,BR034,C502533,TLR-4550,1288.97,cash withdrawal,CAD
CA00016807,2025-02-05,BR040,C501386,TLR-2663,777.63,cash deposit,CAD
CA00012160,2025-02-23,BR017,C502072,TLR-3830,2794.25,cash withdrawal,CAD
CA00013185,2025-02-07,BR024,C502883,TLR-6834,1338.54,cash deposit,CAD
CA00012949,2025-02-05,BR021,C502202,TLR-4085,511.81,cash withdrawal,CAD
CA00016312,2025-02-13,BR038,C501406,TLR-6715,205.34,cash withdrawal,CAD
CA00011147,2025-02-11,BR013,C503602,TLR-8060,902.63,cash withdrawal,CAD
CA00016290,2025-02-22,BR038,C501185,TLR-1553,2521.24,cash withdrawal,CAD
CA00015527,2025-02-08,BR035,C501226,TLR-4808,1037.39,cash withdrawal,CAD
CA00014676,2025-02-17,BR030,C502592,TLR-5333,655.48,cash deposit,CAD
CA00011289,2025-02-28,BR014,C501187,TLR-5651,586.83,cash withdrawal,CAD
CA00015813,2025-02-14,BR036,C503692,TLR-5854,518.78,cash withdrawal,CAD
CA00015270,2025-02-09,BR033,C502850,TLR-2150,1330.39,cash deposit,CAD
CA00011217,2025-02-24,BR013,C503957,TLR-5438,2395.42,cash deposit,CAD
CA00014838,2025-02-12,BR031,C500230,TLR-7919,286.32,cash withdrawal,CAD
CA00015750,2025-02-09,BR036,C500439,TLR-8985,2880.71,cash deposit,CAD
CA00017336,2025-02-20,BR040,C501204,TLR-6185,376.23,cash deposit,CAD
CA00015334,2025-02-20,BR034,C500773,TLR-3211,409.26,cash deposit,CAD
CA00010266,2025-02-24,BR007,C503647,TLR-4285,625.55,cash withdrawal,CAD
CA00011256,2025-02-14,BR014,C501393,TLR-3634,1226.62,cash deposit,CAD
CA00011283,2025-02-24,BR014,C501841,TLR-6672,1842.29,cash deposit,CAD
CA00013497,2025-02-14,BR025,C500075,TLR-3801,-876.48,cash withdrawal,CAD
CA00012687,2025-02-18,BR020,C502490,TLR-7541,734.48,cash withdrawal,USD
CA00016598,2025-02-03,BR039,C502678,TLR-5291,611.67,cash withdrawal,CAD
CA00011628,2025-02-10,BR015,C501516,TLR-6033,756.52,cash withdrawal,CAD
CA00017075,2025-02-26,BR040,C501928,TLR-7367,2316.49,cash deposit,CAD
CA00010312,2025-02-10,BR008,C501835,TLR-8823,2742.43,cash withdrawal,CAD
CA00015714,2025-02-22,BR036,C501033,TLR-8589,780.98,cash withdrawal,CAD
CA00016595,2025-02-22,BR039,C501023,TLR-3462,303.62,cash deposit,CAD
CA00015987,2025-02-08,BR037,C500867,TLR-2492,647.27,cash withdrawal,CAD
CA00009919,2025-02-23,BR006,C501711,TLR-5209,505.3,cash deposit,CAD
CA00017335,2025-02-15,BR040,C502515,TLR-2020,531.31,cash deposit,CAD
CA00012594,2025-02-16,BR020,C502385,TLR-9580,935.13,cash withdrawal,USD
CA00009500,2025-02-03,BR004,C502397,TLR-1439,443.84,cash withdrawal,CAD
CA00013414,2025-02-14,BR024,C500129,TLR-3187,744.4,cash deposit,CAD
CA00016760,2025-02-19,BR040,C503425,TLR-7209,2323.18,cash withdrawal,CAD
CA00012980,2025-02-06,BR022,C500639,TLR-4042,1233.12,cash deposit,CAD
CA00016667,2025-02-13,BR040,C503146,TLR-7593,568.36,cash deposit,CAD
CA00013072,2025-02-02,BR023,C500313,TLR-1702,2198.22,cash deposit,CAD
CA00017398,2025-02-25,BR040,C501219,TLR-3983,928.22,cash deposit,CAD
CA00014267,2025-02-08,BR029,C503016,TLR-7495,1000.6,cash withdrawal,CAD
CA00010981,2025-02-28,BR012,C503626,TLR-2487,1857.23,cash withdrawal,CAD
CA00014528,2025-02-21,BR030,C500712,TLR-8701,467.85,cash deposit,CAD
CA00016350,2025-02-17,BR038,C501611,TLR-9701,633.69,cash withdrawal,CAD
CA00009485,2025-02-20,BR004,C503783,TLR-5527,356.64,cash withdrawal,CAD
CA00017307,2025-02-13,BR040,C501958,TLR-9403,488.43,cash withdrawal,CAD
CA00013055,2025-02-28,BR023,C500503,TLR-2177,1780.45,cash withdrawal,CAD
CA00009817,2025-02-26,BR006,C500778,TLR-2144,1007.49,cash withdrawal,CAD
CA00015208,2025-02-22,BR033,C501427,TLR-8503,3978.81,cash deposit,CAD
CA00014795,2025-02-13,BR031,C502093,TLR-6963,1001.22,cash deposit,CAD
CA00014619,2025-02-04,BR030,C501022,TLR-4026,732.37,cash withdrawal,CAD
CA00016788,2025-02-27,BR040,C500441,TLR-6227,3737.42,cash deposit,CAD
CA00009145,2025-02-23,BR002,C503086,TLR-2092,-2315.46,cash withdrawal,CAD
CA00010596,2025-02-15,BR009,C500957,TLR-7142,926.25,cash deposit,CAD
CA00015658,2025-02-01,BR035,C503993,TLR-2079,1594.3,cash deposit,CAD
CA00015381,2025-02-10,BR034,C501295,TLR-4773,849.72,cash deposit,CAD
CA00010489,2025-02-24,BR008,C501832,TLR-5107,226.16,cash deposit,CAD
CA00017673,2025-02-22,BR040,C502896,TLR-2671,746.34,cash deposit,CAD
CA00012661,2025-02-04,BR020,C503716,TLR-8822,533.87,cash withdrawal,USD
CA00013170,2025-02-11,BR024,C501775,TLR-5420,1271.8,cash withdrawal,CAD
CA00011691,2025-02-25,BR015,C503166,TLR-4211,425.48,cash deposit,CAD
CA00012249,2025-02-08,BR018,C500413,TLR-3451,659.94,cash withdrawal,CAD
CA00015548,2025-02-17,BR035,C503481,TLR-6268,363.85,cash withdrawal,CAD
CA00011286,2025-02-04,BR014,C501642,TLR-1102,2010.16,cash withdrawal,CAD
CA00012298,2025-02-22,BR018,C503142,TLR-8203,2470.9,cash deposit,CAD
CA00008972,2025-02-13,BR001,C502627,TLR-3886,1961.23,cash withdrawal,CAD
CA00014644,2025-02-01,BR030,C503136,TLR-6597,1303.96,cash deposit,CAD
CA00011070,2025-02-01,BR012,C503448,TLR-6370,772.66,cash deposit,CAD
CA00016152,2025-02-23,BR037,C500637,TLR-2374,803.92,cash deposit,CAD
CA00014480,2025-02-15,BR030,C500072,TLR-3216,950.6,cash deposit,CAD
CA00015991,2025-02-17,BR037,C500247,TLR-2558,392.97,cash withdrawal,CAD
CA00017029,2025-02-12,BR040,C502529,TLR-8011,1122.14,cash deposit,CAD
CA00010943,2025-02-13,BR012,C503981,TLR-3348,1393.52,cash withdrawal,CAD
CA00013728,2025-02-06,BR026,C502887,TLR-8053,1082.98,cash deposit,CAD
CA00008879,2025-02-23,BR001,C502380,TLR-5322,796.57,cash deposit,CAD
CA00016645,2025-02-18,BR039,C501921,TLR-8722,2534.31,cash deposit,CAD
CA00010673,2025-02-01,BR010,C501475,TLR-5137,794.37,cash deposit,CAD
CA00009291,2025-02-11,BR003,C502735,TLR-5678,4884.88,cash withdrawal,CAD
CA00015228,2025-02-16,BR033,C501621,TLR-4326,573.43,cash withdrawal,CAD
CA00014748,2025-02-04,BR031,C502800,TLR-9108,1268.87,cash deposit,CAD
CA00017082,2025-02-03,BR040,C502933,TLR-6860,1426.15,cash withdrawal,CAD
CA00016344,2025-02-21,BR038,C500097,TLR-8474,1238.29,cash deposit,CAD
CA00016348,2025-02-16,BR038,C500679,TLR-1155,1728.73,cash deposit,CAD
CA00016868,2025-02-16,BR040,C500007,TLR-6867,1009.89,cash withdrawal,CAD
CA00010393,2025-02-26,BR008,C503805,TLR-1049,1481.53,cash withdrawal,CAD
CA00015996,2025-02-23,BR037,C501145,TLR-3499,760.5,cash deposit,CAD
CA00015639,2025-02-16,BR035,C501835,TLR-7961,569.02,cash deposit,CAD
CA00014617,2025-02-11,BR030,C502414,TLR-3837,1491.63,cash withdrawal,CAD
CA00009328,2025-02-24,BR003,C503491,TLR-8325,811.3,cash withdrawal,CAD
CA00012617,2025-02-08,BR020,C501568,TLR-4259,592.84,cash deposit,USD
CA00012219,2025-02-10,BR018,C503770,TLR-4972,335.54,cash withdrawal,CAD
CA00014011,2025-02-23,BR027,C503065,TLR-3013,1544.26,cash deposit,CAD
CA00009148,2025-02-10,BR002,C503425,TLR-3051,436.05,cash deposit,CAD
CA00009314,2025-02-05,BR003,C503539,TLR-4491,1658.04,cash deposit,CAD
CA00016447,2025-02-26,BR039,C500755,TLR-5319,338.38,cash withdrawal,CAD
CA00016815,2025-02-13,BR040,C501915,TLR-1452,2372.65,cash deposit,CAD
CA00014195,2025-02-05,BR028,C500346,TLR-4648,637.37,cash deposit,CAD
CA00017478,2025-02-03,BR040,C501275,TLR-1169,480.14,cash deposit,CAD
CA00011355,2025-02-11,BR014,C502183,TLR-1963,1023.24,cash deposit,CAD
CA00011109,2025-02-27,BR012,C502897,TLR-8726,2343.14,cash withdrawal,CAD
CA00013220,2025-02-09,BR024,C500502,TLR-9611,708.76,cash deposit,CAD
CA00016909,2025-02-21,BR040,C501137,TLR-7483,398.6,cash deposit,CAD
CA00014507,2025-02-19,BR030,C501407,TLR-7535,1949.59,cash withdrawal,CAD
CA00015287,2025-02-26,BR034,C500233,TLR-9560,2573.18,cash deposit,CAD
CA00008736,2025-02-01,BR001,C502064,TLR-1864,946.36,cash withdrawal,CAD
CA00010229,2025-02-26,BR007,C500319,TLR-7398,382.64,cash deposit,CAD
CA00013859,2025-02-25,BR026,C503608,TLR-7748,-550.63,cash withdrawal,CAD
CA00009613,2025-02-02,BR004,C501084,TLR-3555,1025.65,cash withdrawal,CAD
CA00010071,2025-02-02,BR007,C503224,TLR-6818,2303.85,cash deposit,CAD
CA00014265,2025-02-06,BR029,C503531,TLR-3073,633.2,cash withdrawal,CAD
CA00014155,2025-02-07,BR028,C503010,TLR-9247,449.61,cash withdrawal,CAD
CA00015518,2025-02-09,BR035,C503081,TLR-7444,583.41,cash deposit,CAD
CA00014745,2025-02-17,BR031,C500756,TLR-7238,937.73,cash deposit,CAD
CA00013293,2025-02-28,BR024,C501847,TLR-1091,502.48,cash withdrawal,CAD
CA00013713,2025-02-19,BR026,C501974,TLR-1909,-707.25,cash withdrawal,CAD
CA00015969,2025-02-12,BR036,C500469,TLR-8501,661.4,cash deposit,CAD
CA00009998,2025-02-21,BR006,C500892,TLR-6426,4357.43,cash deposit,CAD
CA00013373,2025-02-23,BR024,C502843,TLR-3591,3792.75,cash deposit,CAD
CA00011676,2025-02-28,BR015,C500865,TLR-5543,527.64,cash withdrawal,CAD
CA00009672,2025-02-27,BR004,C503751,TLR-2091,1413.1,cash withdrawal,CAD
CA00010179,2025-02-10,BR007,C503216,TLR-8835,494.48,cash withdrawal,CAD
CA00009323,2025-02-19,BR003,C503654,TLR-2247,571.53,cash deposit,CAD
CA00015878,2025-02-19,BR036,C502983,TLR-4142,1708.51,cash deposit,CAD
CA00017301,2025-02-21,BR040,C503038,TLR-4615,302.87,cash deposit,CAD
CA00012472,2025-02-20,BR019,C500218,TLR-1967,2634.83,cash withdrawal,CAD
CA00008862,2025-02-12,BR001,C500043,TLR-8827,1058.46,cash deposit,CAD
CA00010373,2025-02-11,BR008,C500899,TLR-3332,992.61,cash withdrawal,CAD
CA00014220,2025-02-15,BR028,C501865,TLR-4334,393.41,cash deposit,CAD
CA00014593,2025-02-18,BR030,C500344,TLR-5027,685.79,cash deposit,CAD
CA00013501,2025-02-08,BR025,C503108,TLR-8981,-1502.6,cash withdrawal,CAD
CA00012793,2025-02-14,BR021,C500593,TLR-3746,1399.38,cash deposit,CAD
CA00012335,2025-02-25,BR019,C501668,TLR-1591,803.33,cash deposit,CAD
CA00016477,2025-02-09,BR039,C501285,TLR-5215,526.18,cash withdrawal,CAD
CA00012077,2025-02-25,BR017,C503795,TLR-3520,1244.74,cash withdrawal,CAD
CA00011898,2025-02-25,BR016,C503297,TLR-9817,3474.47,cash deposit,CAD
CA00017153,2025-02-10,BR040,C503326,TLR-6127,569.64,cash withdrawal,CAD
CA00015203,2025-02-23,BR033,C500965,TLR-2642,654.59,cash deposit,CAD
CA00016936,2025-02-18,BR040,C500999,TLR-3083,1046.12,cash deposit,CAD
CA00010100,2025-02-20,BR007,C503444,TLR-2833,1186.19,cash withdrawal,CAD
CA00016255,2025-02-28,BR037,C503864,TLR-7642,1977.49,cash deposit,CAD
CA00016270,2025-02-19,BR038,C500272,TLR-9698,1797.83,cash deposit,CAD
CA00008957,2025-02-11,BR001,C503850,TLR-5713,877.55,cash withdrawal,CAD
CA00011105,2025-02-05,BR012,C502313,TLR-3856,772.97,cash deposit,CAD
CA00009292,2025-02-12,BR003,C502221,TLR-8052,1520.99,cash deposit,CAD
CA00011313,2025-02-01,BR014,C503641,TLR-4834,824.13,cash withdrawal,CAD
CA00014960,2025-02-15,BR031,C500639,TLR-6521,796.09,cash deposit,CAD
CA00011709,2025-02-27,BR015,C501286,TLR-6291,390.31,cash deposit,CAD
CA00016799,2025-02-13,BR040,C502104,TLR-9719,546.68,cash deposit,CAD
CA00012337,2025-02-23,BR019,C503708,TLR-2349,1965.2,cash deposit,CAD
CA00011280,2025-02-16,BR014,C503309,TLR-2940,694.96,cash deposit,CAD
CA00016435,2025-02-11,BR038,C500844,TLR-5193,1461.61,cash deposit,CAD
CA00011653,2025-02-08,BR015,C503176,TLR-7806,1579.21,cash withdrawal,CAD
CA00015893,2025-02-06,BR036,C502242,TLR-6124,557.93,cash deposit,CAD
CA00016415,2025-02-03,BR038,C503871,TLR-8126,973.78,cash withdrawal,CAD
CA00009142,2025-02-17,BR002,C501782,TLR-4085,1500.91,cash deposit,CAD
CA00011275,2025-02-28,BR014,C500821,TLR-3993,2831.2,cash deposit,CAD
CA00012833,2025-02-13,BR021,C501946,TLR-6051,381.82,cash deposit,CAD
CA00013889,2025-02-20,BR026,C503348,TLR-1498,3229.09,cash deposit,CAD
CA00010635,2025-02-23,BR009,C500360,TLR-4091,1278.91,cash withdrawal,CAD
CA00012733,2025-02-11,BR020,C502455,TLR-6455,358.27,cash deposit,USD
CA00015419,2025-02-22,BR034,C501202,TLR-2740,1964.95,cash deposit,CAD
CA00010565,2025-02-26,BR009,C501941,TLR-9559,1965.64,cash withdrawal,CAD
CA00015797,2025-02-12,BR036,C502650,TLR-9417,2643.11,cash deposit,CAD
CA00016941,2025-02-09,BR040,C500961,TLR-5852,691.66,cash withdrawal,CAD
CA00015418,2025-02-03,BR034,C501877,TLR-1303,1741.93,cash withdrawal,CAD
CA00013968,2025-02-09,BR027,C502430,TLR-3224,757.21,cash withdrawal,CAD
CA00009128,2025-02-11,BR002,C500770,TLR-5005,-1843.45,cash withdrawal,CAD
CA00011486,2025-02-04,BR015,C501731,TLR-2825,857.08,cash deposit,CAD
CA00008774,2025-02-14,BR001,C503668,TLR-2133,1795.86,cash withdrawal,CAD
CA00012704,2025-02-17,BR020,C503253,TLR-9272,1239.3,cash deposit,USD
CA00017157,2025-02-17,BR040,C501690,TLR-8394,1663.47,cash withdrawal,CAD
CA00013590,2025-02-20,BR025,C500749,TLR-2188,320.14,cash deposit,CAD
CA00015058,2025-02-05,BR032,C501971,TLR-6648,820.94,cash deposit,CAD
CA00013236,2025-02-02,BR024,C503893,TLR-2372,1160.7,cash withdrawal,CAD
CA00016126,2025-02-07,BR037,C501139,TLR-2947,2341.03,cash deposit,CAD
CA00017581,2025-02-13,BR040,C502905,TLR-1754,796.62,cash withdrawal,CAD
CA00015018,2025-02-07,BR032,C502246,TLR-7680,2081.91,cash deposit,CAD
CA00009788,2025-02-12,BR006,C503905,TLR-2634,974.31,cash deposit,CAD
CA00010223,2025-02-25,BR007,C503098,TLR-4534,1936.42,cash withdrawal,CAD
CA00013790,2025-02-21,BR026,C502380,TLR-1620,886.36,cash deposit,CAD
CA00016372,2025-02-12,BR038,C500354,TLR-5685,409.11,cash deposit,CAD
CA00016059,2025-02-10,BR037,C503914,TLR-8996,588.32,cash deposit,CAD
CA00016583,2025-02-05,BR039,C503105,TLR-4551,4536.38,cash deposit,CAD
CA00013022,2025-02-03,BR022,C500516,TLR-2329,1686.49,cash deposit,CAD
CA00009622,2025-02-01,BR004,C500287,TLR-6358,1842.21,cash deposit,CAD
CA00013198,2025-02-23,BR024,C500742,TLR-1695,483.97,cash deposit,CAD
CA00016964,2025-02-11,BR040,C501759,TLR-7728,360.57,cash deposit,CAD
CA00014477,2025-02-18,BR030,C501121,TLR-4575,1917.21,cash deposit,CAD
CA00013864,2025-02-18,BR026,C501509,TLR-4766,595.6,cash deposit,CAD
CA00014899,2025-02-06,BR031,C501735,TLR-5520,662.09,cash withdrawal,CAD
CA00015116,2025-02-15,BR033,C501865,TLR-7367,1121.48,cash deposit,CAD
CA00011732,2025-02-23,BR016,C500969,TLR-2925,662.67,cash withdrawal,CAD
CA00010519,2025-02-21,BR008,C503530,TLR-3158,1568.47,cash deposit,CAD
CA00016116,2025-02-04,BR037,C500628,TLR-5606,2781.68,cash deposit,CAD
CA00009432,2025-02-08,BR004,C503984,TLR-4188,325.29,cash withdrawal,CAD
CA00015662,2025-02-28,BR035,C500778,TLR-7387,7170.25,cash withdrawal,CAD
CA00015511,2025-02-02,BR035,C500698,TLR-6688,771.98,cash deposit,CAD
CA00009257,2025-02-08,BR003,C502220,TLR-6328,929.23,cash deposit,CAD
CA00011630,2025-02-22,BR015,C503313,TLR-3074,1007.91,cash deposit,CAD
CA00014289,2025-02-16,BR029,C500715,TLR-2591,387.24,cash withdrawal,CAD
CA00009341,2025-02-28,BR003,C502652,TLR-6089,303.91,cash withdrawal,CAD
CA00012816,2025-02-21,BR021,C503475,TLR-1415,1334.18,cash deposit,CAD
CA00010656,2025-02-01,BR010,C501099,TLR-1300,2147.75,cash deposit,CAD
CA00009100,2025-02-12,BR002,C500693,TLR-2900,1571.7,cash deposit,CAD
CA00011378,2025-02-06,BR014,C503471,TLR-6327,1702.53,cash deposit,CAD
CA00011346,2025-02-25,BR014,C501294,TLR-1091,1125.58,cash deposit,CAD
CA00012196,2025-02-28,BR018,C501264,TLR-2715,953.59,cash withdrawal,CAD
CA00017204,2025-02-27,BR040,C503865,TLR-6183,1194.72,cash deposit,CAD
CA00012202,2025-02-22,BR018,C502274,TLR-2527,753.19,cash deposit,CAD
CA00014345,2025-02-04,BR029,C501668,TLR-7246,378.49,cash withdrawal,CAD
CA00016564,2025-02-28,BR039,C500967,TLR-9885,319.52,cash withdrawal,CAD
CA00013466,2025-02-03,BR025,C500170,TLR-7693,-308.58,cash withdrawal,CAD
CA00010628,2025-02-08,BR009,C500737,TLR-6111,1016.91,cash withdrawal,CAD
CA00009987,2025-02-28,BR006,C500227,TLR-5598,98.68,cash deposit,CAD
CA00010310,2025-02-24,BR008,C500174,TLR-5954,3309.18,cash deposit,CAD
CA00016027,2025-02-04,BR037,C502672,TLR-5568,580.36,cash withdrawal,CAD
CA00015360,2025-02-05,BR034,C501198,TLR-7700,648.19,cash deposit,CAD
CA00017517,2025-02-24,BR040,C500452,TLR-4125,2433.69,cash withdrawal,CAD
CA00010141,2025-02-13,BR007,C502342,TLR-3269,608.17,cash withdrawal,CAD
CA00011633,2025-02-11,BR015,C501951,TLR-6583,1761.3,cash deposit,CAD
CA00013188,2025-02-08,BR024,C500557,TLR-1493,448.2,cash deposit,CAD
CA00011598,2025-02-04,BR015,C500142,TLR-5435,523.56,cash deposit,CAD
CA00014783,2025-02-19,BR031,C502204,TLR-5904,1309.78,cash withdrawal,CAD
CA00009329,2025-02-21,BR003,C501968,TLR-8375,2667.47,cash deposit,CAD
CA00014510,2025-02-25,BR030,C500238,TLR-4934,1472.52,cash deposit,CAD
CA00013831,2025-02-19,BR026,C501196,TLR-3560,992.49,cash deposit,CAD
CA00014804,2025-02-15,BR031,C501377,TLR-9871,1787.07,cash deposit,CAD
CA00017417,2025-02-27,BR040,C502486,TLR-2767,2096.89,cash deposit,CAD
CA00014647,2025-02-05,BR030,C501796,TLR-5943,807.44,cash deposit,CAD
CA00013172,2025-02-05,BR024,C502694,TLR-4737,1097.03,cash withdrawal,CAD
CA00011819,2025-02-02,BR016,C500676,TLR-7377,1271.31,cash deposit,CAD
CA00012619,2025-02-19,BR020,C502595,TLR-1510,498.17,cash deposit,USD
CA00014264,2025-02-16,BR029,C502328,TLR-6786,992.78,cash withdrawal,CAD
CA00011173,2025-02-07,BR013,C502810,TLR-9989,3831.61,cash deposit,CAD
CA00014878,2025-02-10,BR031,C500899,TLR-1748,6617.45,cash deposit,CAD
CA00013339,2025-02-14,BR024,C501267,TLR-9198,1697.06,cash withdrawal,CAD
CA00010520,2025-02-09,BR008,C501298,TLR-7400,2199.91,cash deposit,CAD
CA00014422,2025-02-14,BR030,C503576,TLR-4392,496.63,cash withdrawal,CAD
CA00009204,2025-02-24,BR003,C503343,TLR-3245,935.88,cash deposit,CAD
CA00011710,2025-02-14,BR015,C501671,TLR-2282,435.07,cash deposit,CAD
CA00010834,2025-02-02,BR010,C501722,TLR-3690,3206.82,cash deposit,CAD
CA00016214,2025-02-11,BR037,C502935,TLR-6509,544.99,cash deposit,CAD
CA00010197,2025-02-22,BR007,C501172,TLR-6364,672.07,cash deposit,CAD
CA00013054,2025-02-11,BR023,C503897,TLR-6612,848.46,cash withdrawal,CAD
CA00011209,2025-02-13,BR013,C500989,TLR-3193,873.4,cash withdrawal,CAD
CA00012275,2025-02-05,BR018,C503480,TLR-3133,989.82,cash withdrawal,CAD
CA00008783,2025-02-08,BR001,C502308,TLR-2034,1712.66,cash withdrawal,CAD
CA00014994,2025-02-21,BR032,C502469,TLR-6691,466.95,cash deposit,CAD
CA00010725,2025-02-17,BR010,C500123,TLR-2287,264.71,cash deposit,CAD
CA00013028,2025-02-04,BR022,C500414,TLR-4428,751.72,cash withdrawal,CAD
CA00016696,2025-02-12,BR040,C500973,TLR-2820,667.32,cash withdrawal,CAD
CA00016675,2025-02-27,BR040,C500694,TLR-5443,334.21,cash deposit,CAD
CA00012876,2025-02-09,BR021,C503668,TLR-5234,1864.36,cash deposit,CAD
CA00013910,2025-02-25,BR026,C502605,TLR-2122,574.1,cash deposit,CAD
CA00011169,2025-02-27,BR013,C500876,TLR-7284,627.57,cash withdrawal,CAD
CA00010871,2025-02-15,BR011,C501195,TLR-4473,3317.56,cash withdrawal,CAD
CA00009823,2025-02-06,BR006,C500135,TLR-8609,540.78,cash withdrawal,CAD
CA00011018,2025-02-22,BR012,C503029,TLR-1620,241.9,cash withdrawal,CAD
CA00013311,2025-02-07,BR024,C503278,TLR-9434,596.38,cash deposit,CAD
CA00012669,2025-02-06,BR020,C502128,TLR-5485,709.84,cash withdrawal,USD
CA00011184,2025-02-15,BR013,C501298,TLR-7996,846.58,cash withdrawal,CAD
CA00013276,2025-02-02,BR024,C502879,TLR-8019,421.65,cash deposit,CAD
CA00011815,2025-02-14,BR016,C503046,TLR-7647,570.62,cash deposit,CAD
CA00009487,2025-02-25,BR004,C501613,TLR-3925,3027.72,cash withdrawal,CAD
CA00012024,2025-02-24,BR017,C503105,TLR-9746,7723.76,cash withdrawal,CAD
CA00014777,2025-02-01,BR031,C503729,TLR-3578,1544.85,cash deposit,CAD
CA00009234,2025-02-02,BR003,C501928,TLR-5716,325.61,cash withdrawal,CAD
CA00012095,2025-02-25,BR017,C500904,TLR-1418,293.87,cash deposit,CAD
CA00015791,2025-02-12,BR036,C501420,TLR-6314,3037.36,cash deposit,CAD
CA00016797,2025-02-11,BR040,C500933,TLR-1381,293.27,cash deposit,CAD
CA00014147,2025-02-17,BR028,C501199,TLR-7431,4505.36,cash withdrawal,CAD
CA00014428,2025-02-26,BR030,C500653,TLR-7139,496.83,cash deposit,CAD
CA00009644,2025-02-17,BR004,C501447,TLR-5047,505.27,cash withdrawal,CAD
CA00015740,2025-02-05,BR036,C501108,TLR-4892,488.5,cash deposit,CAD
CA00011540,2025-02-17,BR015,C500064,TLR-4754,859.92,cash withdrawal,CAD
CA00010747,2025-02-07,BR010,C502193,TLR-5917,628.09,cash deposit,CAD
CA00016390,2025-02-01,BR038,C502483,TLR-9995,670.54,cash deposit,CAD
CA00016241,2025-02-12,BR037,C502470,TLR-9363,1462.34,cash withdrawal,CAD
CA00011769,2025-02-06,BR016,C503446,TLR-4850,765.88,cash deposit,CAD
CA00012338,2025-02-01,BR019,C501225,TLR-2251,670.98,cash deposit,CAD
CA00016385,2025-02-05,BR038,C501198,TLR-9982,1100.35,cash withdrawal,CAD
CA00010483,2025-02-02,BR008,C501807,TLR-2307,2104.31,cash deposit,CAD
CA00010544,2025-02-17,BR009,C500042,TLR-2623,950.51,cash withdrawal,CAD
CA00009472,2025-02-23,BR004,C503906,TLR-2178,271.78,cash deposit,CAD
CA00009477,2025-02-01,BR004,C502717,TLR-2026,726.66,cash deposit,CAD
CA00013158,2025-02-11,BR023,C503112,TLR-1158,1032.64,cash deposit,CAD
CA00015867,2025-02-15,BR036,C502928,TLR-7719,458.2,cash withdrawal,CAD
CA00012308,2025-02-17,BR019,C500522,TLR-4127,3938.92,cash deposit,CAD
CA00011611,2025-02-14,BR015,C502208,TLR-8012,285.41,cash deposit,CAD
CA00014302,2025-02-02,BR029,C503892,TLR-3328,639.26,cash withdrawal,CAD
CA00012541,2025-02-18,BR019,C500832,TLR-4544,1659.02,cash deposit,CAD
CA00015784,2025-02-08,BR036,C502860,TLR-5413,1432.91,cash deposit,CAD
CA00015216,2025-02-28,BR033,C502349,TLR-4524,1129.48,cash withdrawal,CAD
CA00016562,2025-02-08,BR039,C500660,TLR-5152,1277.02,cash deposit,CAD
CA00011859,2025-02-06,BR016,C503158,TLR-2276,1336.17,cash withdrawal,CAD
CA00015422,2025-02-23,BR034,C502863,TLR-4936,1371.09,cash withdrawal,CAD
CA00016025,2025-02-12,BR037,C501632,TLR-4092,319.97,cash withdrawal,CAD
CA00012746,2025-02-02,BR020,C500184,TLR-2565,1473.31,cash withdrawal,USD
CA00012720,2025-02-07,BR020,C502288,TLR-4880,352.12,cash deposit,USD
CA00010564,2025-02-02,BR009,C503601,TLR-5372,3867.51,cash deposit,CAD
CA00015619,2025-02-21,BR035,C502330,TLR-7380,546.73,cash withdrawal,CAD
CA00010226,2025-02-08,BR007,C501848,TLR-7757,2316.87,cash withdrawal,CAD
CA00008872,2025-02-19,BR001,C501933,TLR-5325,448.21,cash deposit,CAD
CA00014881,2025-02-22,BR031,C501582,TLR-5253,1505.7,cash withdrawal,CAD
CA00013415,2025-02-24,BR024,C500820,TLR-3958,1435.23,cash deposit,CAD
CA00010686,2025-02-14,BR010,C503606,TLR-3753,668.72,cash deposit,CAD
CA00010892,2025-02-11,BR011,C503042,TLR-7906,616.6,cash withdrawal,CAD
CA00014974,2025-02-28,BR031,C501410,TLR-9813,1827.22,cash deposit,CAD
CA00015656,2025-02-21,BR035,C503344,TLR-4097,436.92,cash withdrawal,CAD
CA00013330,2025-02-01,BR024,C501666,TLR-8631,774.95,cash deposit,CAD
CA00015213,2025-02-17,BR033,C502678,TLR-5234,745.14,cash deposit,CAD
CA00009895,2025-02-08,BR006,C503495,TLR-1338,1365.93,cash deposit,CAD
CA00009288,2025-02-06,BR003,C501830,TLR-5194,1806.32,cash deposit,CAD
CA00015521,2025-02-13,BR035,C501488,TLR-2172,680.51,cash deposit,CAD
CA00012128,2025-02-01,BR017,C501150,TLR-7126,1256.7,cash withdrawal,CAD
CA00010454,2025-02-21,BR008,C500222,TLR-4784,847.83,cash deposit,CAD
CA00014919,2025-02-10,BR031,C500636,TLR-5052,1388.53,cash deposit,CAD
CA00014880,2025-02-27,BR031,C502774,TLR-2645,2041.95,cash deposit,CAD
CA00014005,2025-02-26,BR027,C501395,TLR-7238,490.18,cash deposit,CAD
CA00012758,2025-02-24,BR020,C501326,TLR-2725,845.57,cash deposit,USD
CA00012528,2025-02-26,BR019,C503213,TLR-5669,915.13,cash deposit,CAD
CA00015874,2025-02-14,BR036,C502185,TLR-4148,1797.58,cash deposit,CAD
CA00010814,2025-02-04,BR010,C502697,TLR-1194,949.38,cash withdrawal,CAD
CA00016498,2025-02-08,BR039,C502502,TLR-3673,531.75,cash withdrawal,CAD
CA00015096,2025-02-08,BR032,C500753,TLR-1895,305.76,cash deposit,CAD
CA00010176,2025-02-02,BR007,C501365,TLR-5248,337.15,cash deposit,CAD
CA00016297,2025-02-06,BR038,C500715,TLR-3420,710.37,cash withdrawal,CAD
CA00010244,2025-02-16,BR007,C500005,TLR-6454,824.46,cash withdrawal,CAD
CA00013830,2025-02-18,BR026,C500901,TLR-5978,-870.18,cash withdrawal,CAD
CA00008709,2025-02-25,BR001,C502795,TLR-5394,2088.85,cash withdrawal,CAD
CA00010501,2025-02-17,BR008,C501938,TLR-3674,799.34,cash deposit,CAD
CA00011128,2025-02-13,BR012,C502225,TLR-8622,2258.72,cash deposit,CAD
CA00015243,2025-02-09,BR033,C502771,TLR-1103,748.92,cash deposit,CAD
CA00010806,2025-02-05,BR010,C503178,TLR-4867,558.92,cash deposit,CAD
CA00015715,2025-02-04,BR036,C502457,TLR-2286,474.28,cash withdrawal,CAD
CA00013042,2025-02-08,BR022,C502301,TLR-6102,1008.82,cash deposit,CAD
CA00013563,2025-02-09,BR025,C501391,TLR-9341,987.69,cash deposit,CAD
CA00014590,2025-02-21,BR030,C502556,TLR-7019,763.34,cash deposit,CAD
CA00014197,2025-02-12,BR028,C501782,TLR-2163,1661.22,cash deposit,CAD
CA00015451,2025-02-28,BR034,C501763,TLR-2539,2562.96,cash withdrawal,CAD
CA00013973,2025-02-28,BR027,C502781,TLR-3522,693.17,cash withdrawal,CAD
CA00011906,2025-02-03,BR016,C500505,TLR-1836,1438.96,cash deposit,CAD
CA00014562,2025-02-04,BR030,C502784,TLR-5920,2548.27,cash withdrawal,CAD
CA00016143,2025-02-19,BR037,C500720,TLR-3292,850.99,cash deposit,CAD
CA00010349,2025-02-12,BR008,C501088,TLR-8691,1796.09,cash deposit,CAD
CA00014954,2025-02-20,BR031,C500669,TLR-9415,1212.61,cash deposit,CAD
CA00017681,2025-02-20,BR040,C502181,TLR-4721,779.82,cash deposit,CAD
CA00009388,2025-02-28,BR003,C501624,TLR-7702,505.58,cash deposit,CAD
CA00009711,2025-02-02,BR005,C502600,TLR-4808,598.77,cash deposit,CAD
CA00011031,2025-02-09,BR012,C502317,TLR-3657,1359.88,cash withdrawal,CAD
CA00010118,2025-02-10,BR007,C503144,TLR-2623,696.59,cash withdrawal,CAD
CA00010514,2025-02-23,BR008,C500369,TLR-2407,1109.66,cash deposit,CAD
CA00011175,2025-02-19,BR013,C501749,TLR-4873,1722.22,cash deposit,CAD
CA00012321,2025-02-11,BR019,C502410,TLR-8943,483.54,cash deposit,CAD
CA00009061,2025-02-01,BR002,C500865,TLR-9820,-2152.94,cash withdrawal,CAD
CA00013438,2025-02-22,BR025,C500750,TLR-8823,104.23,cash deposit,CAD
CA00017563,2025-02-23,BR040,C502922,TLR-4283,19662.66,cash withdrawal,CAD
CA00010506,2025-02-05,BR008,C503273,TLR-8110,414.42,cash deposit,CAD
CA00015449,2025-02-01,BR034,C502478,TLR-5382,637.62,cash withdrawal,CAD
CA00014000,2025-02-18,BR027,C503507,TLR-5627,799.01,cash deposit,CAD
CA00016759,2025-02-25,BR040,C503557,TLR-1298,773.0,cash withdrawal,CAD
CA00008787,2025-02-03,BR001,C501455,TLR-8401,2062.24,cash withdrawal,CAD
CA00011485,2025-02-07,BR015,C500937,TLR-8418,2318.26,cash withdrawal,CAD
CA00010946,2025-02-20,BR012,C503529,TLR-2787,4979.07,cash deposit,CAD
CA00009937,2025-02-04,BR006,C502605,TLR-8105,727.13,cash deposit,CAD
CA00014758,2025-02-23,BR031,C501249,TLR-9121,807.47,cash withdrawal,CAD
CA00009139,2025-02-04,BR002,C503065,TLR-1590,376.09,cash deposit,CAD
CA00013571,2025-02-10,BR025,C503557,TLR-1548,2722.76,cash deposit,CAD
CA00015842,2025-02-28,BR036,C501680,TLR-4126,2710.13,cash deposit,CAD
CA00013900,2025-02-20,BR026,C501589,TLR-6253,-1915.7,cash withdrawal,CAD
CA00016804,2025-02-12,BR040,C500827,TLR-3313,1259.38,cash withdrawal,CAD
CA00014252,2025-02-19,BR029,C502283,TLR-5984,536.18,cash withdrawal,CAD
CA00010651,2025-02-25,BR010,C500713,TLR-3794,375.73,cash withdrawal,CAD
CA00012848,2025-02-08,BR021,C501567,TLR-4734,525.77,cash deposit,CAD
CA00010647,2025-02-11,BR010,C501842,TLR-1722,203.17,cash deposit,CAD
CA00008699,2025-02-09,BR001,C502484,TLR-3308,861.31,cash deposit,CAD
CA00016326,2025-02-07,BR038,C501298,TLR-2024,1650.05,cash deposit,CAD
CA00010353,2025-02-14,BR008,C503317,TLR-3366,2151.76,cash deposit,CAD
CA00008870,2025-02-09,BR001,C501519,TLR-7542,3902.89,cash deposit,CAD
CA00009651,2025-02-24,BR004,C501160,TLR-1589,505.93,cash withdrawal,CAD
CA00009318,2025-02-21,BR003,C502639,TLR-3218,954.19,cash deposit,CAD
CA00053290,2025-02-12,BR005,W979700,TLR-4485,743.64,cash withdrawal,CAD
CA00016319,2025-02-03,BR038,C503744,TLR-3959,444.47,cash deposit,CAD
CA00012899,2025-02-28,BR021,C502605,TLR-6266,733.28,cash deposit,CAD
CA00012792,2025-02-12,BR021,C500290,TLR-9919,475.46,cash deposit,CAD
CA00011850,2025-02-18,BR016,C501094,TLR-8604,694.15,cash withdrawal,CAD
CA00010891,2025-02-11,BR011,C503766,TLR-7117,1751.11,cash withdrawal,CAD
CA00008910,2025-02-20,BR001,C503932,TLR-3715,2093.55,cash deposit,CAD
CA00009020,2025-02-09,BR002,C503226,TLR-7613,735.42,cash deposit,CAD
CA00014295,2025-02-01,BR029,C500280,TLR-7503,1600.18,cash deposit,CAD
CA00015699,2025-02-20,BR036,C501650,TLR-7213,935.24,cash withdrawal,CAD
CA00012716,2025-02-03,BR020,C501899,TLR-1270,502.04,cash withdrawal,USD
CA00015733,2025-02-17,BR036,C501900,TLR-9357,621.23,cash deposit,CAD
CA00017600,2025-02-25,BR040,C500248,TLR-7124,1865.21,cash deposit,CAD
CA00011034,2025-02-06,BR012,C501269,TLR-5172,354.12,cash deposit,CAD
CA00011130,2025-02-09,BR012,C503908,TLR-2745,1600.63,cash deposit,CAD
CA00013648,2025-02-20,BR025,C502046,TLR-7107,-624.83,cash withdrawal,CAD
CA00014681,2025-02-01,BR030,C502311,TLR-7203,2539.07,cash deposit,CAD
CA00012431,2025-02-02,BR019,C500690,TLR-1013,637.1,cash withdrawal,CAD
CA00014213,2025-02-26,BR028,C502981,TLR-8478,1638.46,cash withdrawal,CAD
CA00012572,2025-02-02,BR019,C501235,TLR-9490,590.84,cash withdrawal,CAD
CA00016984,2025-02-16,BR040,C503797,TLR-4515,1079.51,cash withdrawal,CAD
CA00009093,2025-02-03,BR002,C500575,TLR-4898,582.76,cash deposit,CAD
CA00011202,2025-02-11,BR013,C501638,TLR-2272,2709.89,cash deposit,CAD
CA00016764,2025-02-05,BR040,C503987,TLR-1531,1795.83,cash withdrawal,CAD
CA00016594,2025-02-18,BR039,C503867,TLR-3125,727.45,cash deposit,CAD
CA00016842,2025-02-22,BR040,C502018,TLR-5955,947.13,cash withdrawal,CAD
CA00017645,2025-02-07,BR040,C500735,TLR-7074,276.85,cash withdrawal,CAD
CA00011144,2025-02-09,BR013,C501037,TLR-2046,389.22,cash deposit,CAD
CA00017569,2025-02-03,BR040,C502217,TLR-3828,2197.16,cash withdrawal,CAD
CA00012755,2025-02-01,BR020,C503425,TLR-7875,1031.28,cash deposit,USD
CA00012775,2025-02-20,BR021,C501859,TLR-1500,517.63,cash withdrawal,CAD
CA00014950,2025-02-17,BR031,C500145,TLR-5003,518.1,cash withdrawal,CAD
CA00011535,2025-02-09,BR015,C502125,TLR-4574,3710.83,cash deposit,CAD
CA00010850,2025-02-01,BR011,C501571,TLR-6860,811.23,cash deposit,CAD
CA00015105,2025-02-05,BR032,C502372,TLR-4064,270.71,cash deposit,CAD
CA00011860,2025-02-03,BR016,C503448,TLR-7674,1221.58,cash withdrawal,CAD
CA00016233,2025-02-07,BR037,C503463,TLR-8872,2826.09,cash withdrawal,CAD
CA00008781,2025-02-09,BR001,C502986,TLR-8707,1448.5,cash withdrawal,CAD
CA00013779,2025-02-07,BR026,C502930,TLR-6925,-994.3,cash withdrawal,CAD
CA00010386,2025-02-10,BR008,C503136,TLR-4015,537.73,cash withdrawal,CAD
CA00012654,2025-02-12,BR020,C502216,TLR-5005,554.38,cash withdrawal,USD
CA00015035,2025-02-19,BR032,C502585,TLR-5591,543.64,cash deposit,CAD
CA00017460,2025-02-27,BR040,C500208,TLR-8383,1465.61,cash withdrawal,CAD
CA00012158,2025-02-26,BR017,C503947,TLR-5900,261.26,cash withdrawal,CAD
CA00009793,2025-02-16,BR006,C501072,TLR-5202,499.19,cash deposit,CAD
CA00009117,2025-02-11,BR002,C500235,TLR-6777,-1323.95,cash withdrawal,CAD
CA00013799,2025-02-28,BR026,C500844,TLR-7299,-4005.11,cash withdrawal,CAD
CA00009970,2025-02-17,BR006,C501168,TLR-7468,633.58,cash deposit,CAD
CA00012354,2025-02-26,BR019,C500359,TLR-4915,4544.56,cash withdrawal,CAD
CA00009367,2025-02-03,BR003,C502577,TLR-5627,1760.4,cash deposit,CAD
CA00015024,2025-02-13,BR032,C503514,TLR-5682,1003.38,cash deposit,CAD
CA00016078,2025-02-07,BR037,C503789,TLR-5781,1796.93,cash deposit,CAD
CA00009821,2025-02-26,BR006,C501741,TLR-2668,685.61,cash withdrawal,CAD
CA00009333,2025-02-08,BR003,C500770,TLR-9427,195.64,cash deposit,CAD
CA00012391,2025-02-25,BR019,C502586,TLR-5223,842.68,cash withdrawal,CAD
CA00009403,2025-02-26,BR003,C503809,TLR-7577,2408.27,cash deposit,CAD
CA00012442,2025-02-01,BR019,C501530,TLR-4534,1022.16,cash withdrawal,CAD
CA00016689,2025-02-11,BR040,C503635,TLR-1243,1717.04,cash deposit,CAD
CA00011455,2025-02-16,BR015,C501078,TLR-8882,584.67,cash deposit,CAD
CA00014680,2025-02-14,BR030,C500635,TLR-8739,1636.2,cash withdrawal,CAD
CA00011494,2025-02-22,BR015,C502789,TLR-7958,2043.56,cash deposit,CAD
CA00010302,2025-02-15,BR008,C502590,TLR-8011,1237.13,cash deposit,CAD
CA00009677,2025-02-03,BR004,C501310,TLR-4770,1684.29,cash withdrawal,CAD
CA00015259,2025-02-11,BR033,C501739,TLR-6070,1395.47,cash withdrawal,CAD
CA00014925,2025-02-28,BR031,C501914,TLR-8107,1041.01,cash deposit,CAD
CA00015745,2025-02-07,BR036,C502289,TLR-5164,1290.5,cash deposit,CAD
CA00016617,2025-02-22,BR039,C500050,TLR-7756,500.3,cash withdrawal,CAD
CA00010335,2025-02-13,BR008,C501773,TLR-2731,291.41,cash deposit,CAD
CA00010240,2025-02-25,BR007,C502943,TLR-8708,1460.33,cash withdrawal,CAD
CA00009089,2025-02-11,BR002,C502068,TLR-2314,-631.84,cash withdrawal,CAD
CA00010758,2025-02-25,BR010,C500174,TLR-7193,763.07,cash deposit,CAD
CA00014189,2025-02-27,BR028,C500728,TLR-9586,803.58,cash deposit,CAD
CA00010196,2025-02-14,BR007,C501464,TLR-8477,1296.36,cash withdrawal,CAD
CA00009629,2025-02-11,BR004,C503899,TLR-2227,684.3,cash deposit,CAD
CA00016473,2025-02-05,BR039,C502395,TLR-3525,923.76,cash deposit,CAD
CA00017445,2025-02-27,BR040,C503654,TLR-7891,1149.93,cash deposit,CAD
CA00016640,2025-02-11,BR039,C502331,TLR-2904,864.21,cash withdrawal,CAD
CA00012861,2025-02-17,BR021,C502824,TLR-6430,1461.52,cash deposit,CAD
CA00011966,2025-02-25,BR017,C502888,TLR-8836,637.06,cash withdrawal,CAD
CA00015824,2025-02-22,BR036,C503229,TLR-2060,1461.51,cash withdrawal,CAD
CA00013114,2025-02-16,BR023,C503629,TLR-5669,807.2,cash deposit,CAD
CA00010579,2025-02-11,BR009,C500793,TLR-9049,871.91,cash withdrawal,CAD
CA00008794,2025-02-13,BR001,C501952,TLR-2824,1720.53,cash withdrawal,CAD
CA00009940,2025-02-12,BR006,C500827,TLR-8716,1991.66,cash deposit,CAD
CA00011642,2025-02-03,BR015,C500091,TLR-6122,764.42,cash deposit,CAD
CA00012179,2025-02-08,BR017,C501171,TLR-1121,882.08,cash withdrawal,CAD
CA00014797,2025-02-24,BR031,C501389,TLR-8475,3324.32,cash deposit,CAD
CA00015853,2025-02-21,BR036,C502283,TLR-8488,1461.37,cash deposit,CAD
CA00011863,2025-02-17,BR016,C500326,TLR-3224,310.56,cash deposit,CAD
CA00010239,2025-02-01,BR007,C500965,TLR-1445,653.16,cash deposit,CAD
CA00010746,2025-02-14,BR010,C501750,TLR-4328,1967.78,cash deposit,CAD
CA00010644,2025-02-28,BR010,C503832,TLR-4385,1170.99,cash deposit,CAD
CA00008955,2025-02-28,BR001,C500002,TLR-6335,1763.62,cash withdrawal,CAD
CA00011827,2025-02-15,BR016,C501712,TLR-2404,1023.52,cash withdrawal,CAD
CA00015556,2025-02-16,BR035,C502817,TLR-5344,3503.01,cash withdrawal,CAD
CA00014926,2025-02-21,BR031,C503243,TLR-5053,1550.32,cash withdrawal,CAD
CA00011909,2025-02-16,BR016,C501905,TLR-7209,523.96,cash deposit,CAD
CA00016879,2025-02-11,BR040,C501880,TLR-1685,731.36,cash withdrawal,CAD
CA00011570,2025-02-26,BR015,C502318,TLR-6415,2044.99,cash deposit,CAD
CA00011783,2025-02-02,BR016,C503159,TLR-7731,796.71,cash deposit,CAD
CA00013010,2025-02-03,BR022,C503670,TLR-5059,3082.61,cash withdrawal,CAD
CA00009476,2025-02-17,BR004,C501025,TLR-6721,3264.97,cash withdrawal,CAD
CA00012911,2025-02-27,BR021,C503514,TLR-1939,1737.28,cash withdrawal,CAD
CA00011493,2025-02-14,BR015,C502530,TLR-4855,1431.71,cash withdrawal,CAD
CA00009902,2025-02-27,BR006,C500004,TLR-1854,2372.81,cash deposit,CAD
CA00017172,2025-02-14,BR040,C500820,TLR-9712,2256.12,cash withdrawal,CAD
CA00012906,2025-02-23,BR021,C503214,TLR-1680,1062.13,cash deposit,CAD
CA00013106,2025-02-03,BR023,C501288,TLR-4905,2377.64,cash withdrawal,CAD
CA00011095,2025-02-23,BR012,C503403,TLR-5684,569.39,cash withdrawal,CAD
CA00017674,2025-02-11,BR040,C500594,TLR-7988,159.4,cash withdrawal,CAD
CA00009008,2025-02-22,BR002,C501587,TLR-1169,1511.29,cash deposit,CAD
CA00014431,2025-02-12,BR030,C501491,TLR-4713,760.69,cash deposit,CAD
CA00012161,2025-02-26,BR017,C501323,TLR-4238,477.83,cash deposit,CAD
CA00012525,2025-02-07,BR019,C503370,TLR-4543,532.9,cash withdrawal,CAD
CA00013264,2025-02-26,BR024,C503803,TLR-7480,1756.59,cash withdrawal,CAD
CA00008813,2025-02-26,BR001,C500499,TLR-1192,706.77,cash withdrawal,CAD
CA00008997,2025-02-01,BR001,C500047,TLR-9202,1175.26,cash withdrawal,CAD
CA00011161,2025-02-12,BR013,C503181,TLR-9322,1596.08,cash deposit,CAD
CA00016910,2025-02-05,BR040,C500608,TLR-6019,179.38,cash deposit,CAD
CA00009715,2025-02-07,BR005,C500182,TLR-8063,922.1,cash deposit,CAD
CA00010222,2025-02-24,BR007,C500240,TLR-2983,933.92,cash deposit,CAD
CA00008891,2025-02-20,BR001,C501666,TLR-7173,1485.72,cash deposit,CAD
CA00013412,2025-02-19,BR024,C503847,TLR-9682,467.01,cash withdrawal,CAD
CA00012400,2025-02-20,BR019,C500155,TLR-4241,1057.26,cash deposit,CAD
CA00010582,2025-02-26,BR009,C502628,TLR-5950,2148.16,cash withdrawal,CAD
CA00012269,2025-02-06,BR018,C501493,TLR-3883,1272.46,cash deposit,CAD
CA00016741,2025-02-18,BR040,C503597,TLR-7006,602.97,cash withdrawal,CAD
CA00014112,2025-02-13,BR028,C501796,TLR-5657,3063.82,cash withdrawal,CAD
CA00017308,2025-02-01,BR040,C502132,TLR-3977,1114.77,cash withdrawal,CAD
CA00016371,2025-02-09,BR038,C503352,TLR-9167,2013.83,cash withdrawal,CAD
CA00011686,2025-02-19,BR015,C501178,TLR-2380,362.19,cash withdrawal,CAD
CA00010446,2025-02-10,BR008,C500739,TLR-3725,1071.6,cash withdrawal,CAD
CA00013086,2025-02-04,BR023,C501515,TLR-7971,590.31,cash withdrawal,CAD
CA00016462,2025-02-25,BR039,C500173,TLR-8055,348.65,cash withdrawal,CAD
CA00016393,2025-02-06,BR038,C503854,TLR-1695,1139.02,cash withdrawal,CAD
CA00014375,2025-02-03,BR029,C502826,TLR-1361,1381.81,cash withdrawal,CAD
CA00011108,2025-02-03,BR012,C502011,TLR-6406,1738.63,cash withdrawal,CAD
CA00009608,2025-02-22,BR004,C503404,TLR-7921,608.61,cash deposit,CAD
CA00011716,2025-02-08,BR015,C503411,TLR-7085,198.3,cash deposit,CAD
CA00013023,2025-02-27,BR022,C503121,TLR-7441,738.33,cash withdrawal,CAD
CA00013985,2025-02-19,BR027,C503242,TLR-3724,1953.95,cash deposit,CAD
CA00014034,2025-02-03,BR027,C502800,TLR-3752,819.87,cash deposit,CAD
CA00016200,2025-02-04,BR037,C502166,TLR-3454,805.22,cash withdrawal,CAD
CA00014258,2025-02-07,BR029,C501625,TLR-9581,679.39,cash deposit,CAD
CA00014820,2025-02-28,BR031,C500313,TLR-2353,206.2,cash withdrawal,CAD
CA00017186,2025-02-04,BR040,C503302,TLR-3566,1611.76,cash deposit,CAD
CA00009680,2025-02-19,BR004,C500340,TLR-9302,1262.14,cash withdrawal,CAD
CA00016647,2025-02-20,BR039,C503952,TLR-5221,2098.84,cash withdrawal,CAD
CA00011743,2025-02-15,BR016,C501810,TLR-3964,298.61,cash deposit,CAD
CA00016226,2025-02-03,BR037,C501723,TLR-1189,709.62,cash deposit,CAD
CA00014135,2025-02-11,BR028,C503019,TLR-9225,1934.89,cash deposit,CAD
CA00009923,2025-02-22,BR006,C503634,TLR-5560,525.49,cash withdrawal,CAD
CA00012622,2025-02-13,BR020,C502769,TLR-7817,4609.1,cash deposit,USD
CA00011050,2025-02-14,BR012,C500923,TLR-8610,704.97,cash withdrawal,CAD
CA00010557,2025-02-03,BR009,C502321,TLR-7579,3224.55,cash deposit,CAD
CA00012184,2025-02-03,BR018,C502387,TLR-5426,905.73,cash deposit,CAD
CA00011772,2025-02-02,BR016,C503176,TLR-2604,471.44,cash withdrawal,CAD
CA00011673,2025-02-21,BR015,C500148,TLR-4539,676.74,cash withdrawal,CAD
CA00017314,2025-02-17,BR040,C500977,TLR-6368,2099.05,cash deposit,CAD
CA00012189,2025-02-12,BR018,C503937,TLR-3298,1106.05,cash withdrawal,CAD
CA00011264,2025-02-12,BR014,C503592,TLR-6992,423.29,cash deposit,CAD
CA00011591,2025-02-13,BR015,C501387,TLR-4976,1627.44,cash withdrawal,CAD
CA00010691,2025-02-07,BR010,C502046,TLR-7812,308.45,cash withdrawal,CAD
CA00013040,2025-02-06,BR022,C500053,TLR-7047,766.03,cash deposit,CAD
CA00008851,2025-02-04,BR001,C501842,TLR-8219,800.08,cash deposit,CAD
CA00011684,2025-02-27,BR015,C503236,TLR-6229,489.25,cash withdrawal,CAD
CA00010589,2025-02-18,BR009,C501402,TLR-5929,2046.07,cash deposit,CAD
CA00010594,2025-02-27,BR009,C502942,TLR-1922,2235.14,cash withdrawal,CAD
CA00014869,2025-02-22,BR031,C502918,TLR-2585,1050.28,cash deposit,CAD
CA00012050,2025-02-19,BR017,C502333,TLR-2315,244.33,cash deposit,CAD
CA00009514,2025-02-13,BR004,C501862,TLR-7784,314.73,cash withdrawal,CAD
CA00009252,2025-02-19,BR003,C501664,TLR-2992,562.86,cash withdrawal,CAD
CA00012943,2025-02-26,BR021,C502512,TLR-5099,2617.0,cash withdrawal,CAD
CA00008721,2025-02-28,BR001,C500049,TLR-3094,1306.74,cash withdrawal,CAD
CA00015982,2025-02-05,BR037,C501460,TLR-9797,616.38,cash withdrawal,CAD
CA00009240,2025-02-06,BR003,C501522,TLR-1295,423.03,cash withdrawal,CAD
CA00014937,2025-02-05,BR031,C502370,TLR-6913,637.39,cash withdrawal,CAD
CA00012175,2025-02-17,BR017,C501622,TLR-1035,2221.54,cash deposit,CAD
CA00012327,2025-02-21,BR019,C500267,TLR-7069,892.29,cash deposit,CAD
CA00016872,2025-02-10,BR040,C502857,TLR-5028,3325.35,cash withdrawal,CAD
CA00011114,2025-02-26,BR012,C502187,TLR-8488,1430.37,cash withdrawal,CAD
CA00009464,2025-02-19,BR004,C500225,TLR-4793,1180.84,cash withdrawal,CAD
CA00014993,2025-02-16,BR032,C502609,TLR-5170,691.19,cash deposit,CAD
CA00013569,2025-02-15,BR025,C503558,TLR-8098,693.29,cash deposit,CAD
CA00011102,2025-02-02,BR012,C501764,TLR-8482,1562.63,cash withdrawal,CAD
CA00012113,2025-02-19,BR017,C501411,TLR-9698,1025.58,cash withdrawal,CAD
CA00017084,2025-02-26,BR040,C502133,TLR-1600,192.29,cash deposit,CAD
CA00010865,2025-02-05,BR011,C503888,TLR-1087,780.3,cash deposit,CAD
CA00015943,2025-02-26,BR036,C502490,TLR-2934,739.22,cash withdrawal,CAD
CA00011518,2025-02-21,BR015,C501742,TLR-1023,1336.96,cash deposit,CAD
CA00015138,2025-02-05,BR033,C500297,TLR-9546,3864.81,cash deposit,CAD
CA00017372,2025-02-06,BR040,C501638,TLR-3942,1868.47,cash withdrawal,CAD
CA00012195,2025-02-11,BR018,C502007,TLR-1515,806.67,cash withdrawal,CAD
CA00017544,2025-02-08,BR040,C502062,TLR-9473,2587.4,cash deposit,CAD
CA00010284,2025-02-16,BR007,C500337,TLR-2204,824.27,cash withdrawal,CAD
CA00017233,2025-02-26,BR040,C500554,TLR-3079,282.68,cash withdrawal,CAD
CA00010872,2025-02-03,BR011,C503102,TLR-2482,578.19,cash deposit,CAD
CA00016206,2025-02-28,BR037,C501913,TLR-6184,435.54,cash withdrawal,CAD
CA00015450,2025-02-24,BR034,C503223,TLR-7086,1109.59,cash withdrawal,CAD
CA00010125,2025-02-26,BR007,C502609,TLR-2317,1291.96,cash withdrawal,CAD
CA00011491,2025-02-04,BR015,C501338,TLR-7522,775.38,cash deposit,CAD
CA00011592,2025-02-25,BR015,C502862,TLR-4600,719.98,cash withdrawal,CAD
CA00016604,2025-02-02,BR039,C500195,TLR-7801,3150.54,cash deposit,CAD
CA00008973,2025-02-02,BR001,C500583,TLR-8362,320.53,cash withdrawal,CAD
CA00015467,2025-02-13,BR035,C501441,TLR-8359,473.6,cash withdrawal,CAD
CA00017323,2025-02-25,BR040,C503021,TLR-9573,1021.07,cash withdrawal,CAD
CA00015026,2025-02-28,BR032,C503058,TLR-5357,448.68,cash withdrawal,CAD
CA00016569,2025-02-03,BR039,C500618,TLR-9557,878.6,cash withdrawal,CAD
CA00015713,2025-02-01,BR036,C503827,TLR-8739,333.64,cash deposit,CAD
CA00010289,2025-02-19,BR008,C500633,TLR-8548,420.21,cash deposit,CAD
CA00011136,2025-02-22,BR012,C503784,TLR-5604,1674.29,cash withdrawal,CAD
CA00013587,2025-02-07,BR025,C503575,TLR-3764,-1265.02,cash withdrawal,CAD
CA00017037,2025-02-21,BR040,C502804,TLR-7049,5278.71,cash withdrawal,CAD
CA00015803,2025-02-18,BR036,C500757,TLR-1899,5280.99,cash withdrawal,CAD
CA00008924,2025-02-12,BR001,C501458,TLR-1181,929.46,cash deposit,CAD
CA00012910,2025-02-16,BR021,C503258,TLR-9945,1065.62,cash withdrawal,CAD
CA00014391,2025-02-16,BR029,C503587,TLR-3874,699.67,cash withdrawal,CAD
CA00010893,2025-02-01,BR011,C500268,TLR-4612,484.09,cash deposit,CAD
CA00017276,2025-02-07,BR040,C500390,TLR-5435,830.74,cash withdrawal,CAD
CA00016411,2025-02-27,BR038,C500127,TLR-6917,2924.97,cash deposit,CAD
CA00012139,2025-02-06,BR017,C501722,TLR-9751,2048.31,cash deposit,CAD
CA00011616,2025-02-25,BR015,C501778,TLR-8325,300.99,cash deposit,CAD
CA00011134,2025-02-17,BR012,C500531,TLR-5899,1327.89,cash deposit,CAD
CA00014652,2025-02-20,BR030,C503662,TLR-1243,484.86,cash deposit,CAD
CA00014078,2025-02-24,BR027,C500993,TLR-8766,278.01,cash deposit,CAD
CA00017147,2025-02-09,BR040,C503921,TLR-7883,739.63,cash deposit,CAD
CA00017514,2025-02-15,BR040,C502283,TLR-8339,1578.23,cash withdrawal,CAD
CA00012165,2025-02-23,BR017,C503370,TLR-9294,1544.72,cash withdrawal,CAD
CA00014860,2025-02-12,BR031,C500575,TLR-4246,463.99,cash deposit,CAD
CA00017357,2025-02-07,BR040,C502041,TLR-6178,2226.39,cash withdrawal,CAD
CA00012057,2025-02-06,BR017,C502372,TLR-8463,977.52,cash deposit,CAD
CA00010771,2025-02-17,BR010,C502193,TLR-9352,715.82,cash deposit,CAD
CA00016713,2025-02-22,BR040,C500087,TLR-9741,1053.25,cash deposit,CAD
CA00016969,2025-02-09,BR040,C500683,TLR-1554,913.95,cash deposit,CAD
CA00016242,2025-02-14,BR037,C503057,TLR-5156,451.25,cash deposit,CAD
CA00011126,2025-02-21,BR012,C500531,TLR-9454,759.75,cash deposit,CAD
CA00015438,2025-02-18,BR034,C501861,TLR-1186,619.29,cash deposit,CAD
CA00013714,2025-02-14,BR026,C501519,TLR-6282,-948.23,cash withdrawal,CAD
CA00014703,2025-02-20,BR030,C500670,TLR-9881,379.42,cash deposit,CAD
CA00011636,2025-02-19,BR015,C503005,TLR-1086,1367.23,cash withdrawal,CAD
CA00016155,2025-02-24,BR037,C502804,TLR-4790,2522.06,cash withdrawal,CAD
CA00009079,2025-02-03,BR002,C502308,TLR-9120,-792.32,cash withdrawal,CAD
CA00014070,2025-02-05,BR027,C502430,TLR-5025,948.4,cash deposit,CAD
CA00010748,2025-02-12,BR010,C503172,TLR-9832,315.6,cash deposit,CAD
CA00009935,2025-02-02,BR006,C501835,TLR-8052,1255.8,cash withdrawal,CAD
CA00011561,2025-02-28,BR015,C501779,TLR-3803,823.22,cash withdrawal,CAD
CA00009256,2025-02-03,BR003,C500327,TLR-7001,1080.51,cash withdrawal,CAD
CA00013271,2025-02-16,BR024,C503805,TLR-3525,1313.78,cash deposit,CAD
CA00016674,2025-02-24,BR040,C502498,TLR-9476,686.25,cash deposit,CAD
CA00009411,2025-02-10,BR003,C503726,TLR-2234,1701.07,cash deposit,CAD
CA00015431,2025-02-14,BR034,C501693,TLR-4917,1076.76,cash deposit,CAD
CA00013891,2025-02-03,BR026,C502209,TLR-2790,-529.93,cash withdrawal,CAD
CA00010348,2025-02-10,BR008,C503335,TLR-1513,4083.76,cash deposit,CAD
CA00009310,2025-02-15,BR003,C502662,TLR-5441,2474.3,cash deposit,CAD
CA00009492,2025-02-25,BR004,C500236,TLR-1033,1545.23,cash withdrawal,CAD
CA00014164,2025-02-05,BR028,C501408,TLR-5750,528.4,cash deposit,CAD
CA00009380,2025-02-06,BR003,C503980,TLR-2938,1645.26,cash deposit,CAD
CA00012765,2025-02-12,BR021,C503387,TLR-9141,1404.82,cash withdrawal,CAD
CA00011232,2025-02-13,BR014,C503334,TLR-1137,302.72,cash deposit,CAD
CA00012679,2025-02-17,BR020,C501921,TLR-5520,1010.39,cash deposit,USD
CA00010525,2025-02-03,BR008,C501172,TLR-3312,609.58,cash withdrawal,CAD
CA00009624,2025-02-11,BR004,C502312,TLR-5488,149.39,cash deposit,CAD
CA00009557,2025-02-27,BR004,C503701,TLR-8079,1923.9,cash withdrawal,CAD
CA00015590,2025-02-16,BR035,C500206,TLR-5828,719.65,cash deposit,CAD
CA00010662,2025-02-11,BR010,C502409,TLR-5126,702.48,cash withdrawal,CAD
CA00016532,2025-02-05,BR039,C503079,TLR-7537,759.72,cash withdrawal,CAD
CA00011615,2025-02-17,BR015,C503745,TLR-5776,463.99,cash withdrawal,CAD
CA00013884,2025-02-03,BR026,C503259,TLR-5823,649.74,cash deposit,CAD
CA00017154,2025-02-01,BR040,C503536,TLR-6443,1066.46,cash withdrawal,CAD
CA00013924,2025-02-22,BR027,C501658,TLR-6000,617.44,cash withdrawal,CAD
CA00009700,2025-02-20,BR005,C501204,TLR-8909,837.49,cash withdrawal,CAD
CA00010447,2025-02-05,BR008,C503539,TLR-5010,433.41,cash deposit,CAD
CA00012253,2025-02-23,BR018,C502869,TLR-9533,1707.66,cash deposit,CAD
CA00011110,2025-02-01,BR012,C500207,TLR-4176,521.8,cash deposit,CAD
CA00013909,2025-02-02,BR026,C500298,TLR-4935,1355.99,cash deposit,CAD
CA00014098,2025-02-03,BR027,C502698,TLR-4260,9464.08,cash deposit,CAD
CA00013122,2025-02-14,BR023,C501695,TLR-7482,656.42,cash deposit,CAD
CA00016844,2025-02-01,BR040,C500727,TLR-8908,248.71,cash withdrawal,CAD
CA00015061,2025-02-12,BR032,C501563,TLR-8700,3284.03,cash withdrawal,CAD
CA00014736,2025-02-03,BR031,C503423,TLR-3756,595.97,cash withdrawal,CAD
CA00014765,2025-02-08,BR031,C503575,TLR-3310,739.09,cash withdrawal,CAD
CA00010533,2025-02-02,BR009,C500301,TLR-8464,1308.59,cash deposit,CAD
CA00010419,2025-02-08,BR008,C501723,TLR-3195,1484.3,cash deposit,CAD
CA00014787,2025-02-13,BR031,C500276,TLR-2620,291.3,cash withdrawal,CAD
CA00016224,2025-02-05,BR037,C500136,TLR-6037,645.74,cash withdrawal,CAD
CA00009468,2025-02-02,BR004,C500273,TLR-4674,489.16,cash deposit,CAD
CA00009614,2025-02-20,BR004,C502054,TLR-1031,2580.0,cash deposit,CAD
CA00017053,2025-02-13,BR040,C503497,TLR-9587,828.4,cash withdrawal,CAD
CA00008803,2025-02-28,BR001,C502969,TLR-1882,2713.66,cash deposit,CAD
CA00009609,2025-02-21,BR004,C501500,TLR-9161,1337.3,cash deposit,CAD
CA00014102,2025-02-23,BR028,C501101,TLR-6305,470.14,cash withdrawal,CAD
CA00017364,2025-02-18,BR040,C500896,TLR-3926,741.14,cash withdrawal,CAD
CA00009924,2025-02-23,BR006,C500501,TLR-8246,2383.51,cash deposit,CAD
CA00012914,2025-02-28,BR021,C500988,TLR-9763,1788.26,cash withdrawal,CAD
CA00009692,2025-02-02,BR005,C500454,TLR-3578,938.56,cash deposit,CAD
CA00016017,2025-02-04,BR037,C502468,TLR-7422,306.44,cash withdrawal,CAD
CA00009515,2025-02-24,BR004,C501136,TLR-1890,526.66,cash deposit,CAD
CA00009273,2025-02-25,BR003,C500138,TLR-9598,2572.68,cash withdrawal,CAD
CA00009952,2025-02-19,BR006,C502699,TLR-3747,833.93,cash withdrawal,CAD
CA00008848,2025-02-27,BR001,C502679,TLR-7615,1732.27,cash withdrawal,CAD
CA00014257,2025-02-28,BR029,C503255,TLR-6328,2728.35,cash withdrawal,CAD
CA00011585,2025-02-23,BR015,C503801,TLR-1590,2138.27,cash withdrawal,CAD
CA00017070,2025-02-25,BR040,C502484,TLR-4066,2260.49,cash deposit,CAD
CA00016285,2025-02-09,BR038,C502382,TLR-4349,942.87,cash deposit,CAD
CA00011977,2025-02-05,BR017,C501351,TLR-4531,1128.5,cash withdrawal,CAD
CA00011046,2025-02-21,BR012,C501406,TLR-4718,1426.08,cash deposit,CAD
CA00012156,2025-02-19,BR017,C500920,TLR-9851,2392.75,cash withdrawal,CAD
CA00009342,2025-02-22,BR003,C503008,TLR-2446,443.82,cash withdrawal,CAD
CA00014984,2025-02-28,BR032,C500261,TLR-7963,1253.29,cash deposit,CAD
CA00016777,2025-02-18,BR040,C502963,TLR-6393,1054.16,cash withdrawal,CAD
CA00016768,2025-02-01,BR040,C502586,TLR-2710,420.34,cash deposit,CAD
CA00015602,2025-02-04,BR035,C500286,TLR-6782,1304.44,cash deposit,CAD
CA00017003,2025-02-20,BR040,C501493,TLR-8024,895.36,cash withdrawal,CAD
CA00013784,2025-02-19,BR026,C502603,TLR-5455,1489.34,cash deposit,CAD
CA00016030,2025-02-11,BR037,C503459,TLR-7666,1289.05,cash deposit,CAD
CA00013572,2025-02-17,BR025,C503047,TLR-2592,1551.01,cash deposit,CAD
CA00010129,2025-02-18,BR007,C500997,TLR-8273,647.97,cash deposit,CAD
CA00013690,2025-02-23,BR026,C500761,TLR-8498,1461.57,cash deposit,CAD
CA00017004,2025-02-20,BR040,C501527,TLR-9186,969.04,cash deposit,CAD
CA00013375,2025-02-03,BR024,C500959,TLR-1573,706.12,cash withdrawal,CAD
CA00009729,2025-02-09,BR005,C500223,TLR-1477,589.77,cash withdrawal,CAD
CA00013570,2025-02-14,BR025,C501048,TLR-1611,704.29,cash deposit,CAD
CA00010319,2025-02-09,BR008,C502028,TLR-7964,2162.72,cash withdrawal,CAD
CA00011776,2025-02-04,BR016,C500691,TLR-3829,522.47,cash withdrawal,CAD
CA00011401,2025-02-24,BR014,C500946,TLR-8785,1377.72,cash withdrawal,CAD
CA00012821,2025-02-23,BR021,C500971,TLR-3361,1941.43,cash deposit,CAD
CA00010346,2025-02-01,BR008,C502832,TLR-6586,510.61,cash deposit,CAD
CA00013295,2025-02-12,BR024,C500436,TLR-5433,792.09,cash deposit,CAD
CA00011866,2025-02-08,BR016,C500435,TLR-6127,338.29,cash withdrawal,CAD
CA00015729,2025-02-23,BR036,C500362,TLR-6825,2250.76,cash withdrawal,CAD
CA00013896,2025-02-17,BR026,C502572,TLR-3409,446.88,cash deposit,CAD
CA00009024,2025-02-12,BR002,C500164,TLR-4989,959.91,cash deposit,CAD
CA00013184,2025-02-04,BR024,C502952,TLR-5321,634.31,cash withdrawal,CAD
CA00011361,2025-02-04,BR014,C501369,TLR-8422,824.6,cash deposit,CAD
CA00015809,2025-02-04,BR036,C500888,TLR-1597,1222.59,cash withdrawal,CAD
CA00013079,2025-02-03,BR023,C503095,TLR-7557,1062.71,cash withdrawal,CAD
CA00011464,2025-02-17,BR015,C500554,TLR-7658,2422.6,cash deposit,CAD
CA00014224,2025-02-05,BR028,C502995,TLR-2107,811.82,cash withdrawal,CAD
CA00011538,2025-02-07,BR015,C503632,TLR-2733,1383.39,cash deposit,CAD
CA00013078,2025-02-02,BR023,C501558,TLR-9211,273.37,cash deposit,CAD
CA00017142,2025-02-03,BR040,C502342,TLR-3261,1464.14,cash withdrawal,CAD
CA00016489,2025-02-07,BR039,C502254,TLR-1789,1499.13,cash deposit,CAD
CA00016584,2025-02-15,BR039,C503584,TLR-3857,4500.45,cash deposit,CAD
CA00015119,2025-02-01,BR033,C500713,TLR-2254,1582.66,cash deposit,CAD
CA00011569,2025-02-27,BR015,C501904,TLR-5412,240.22,cash deposit,CAD
CA00013947,2025-02-21,BR027,C502322,TLR-9978,1341.15,cash withdrawal,CAD
CA00015648,2025-02-22,BR035,C502887,TLR-2820,1734.56,cash withdrawal,CAD
CA00009637,2025-02-02,BR004,C501436,TLR-6922,751.98,cash deposit,CAD
CA00010851,2025-02-17,BR011,C502747,TLR-8547,843.21,cash deposit,CAD
CA00010385,2025-02-25,BR008,C501074,TLR-7432,3962.69,cash withdrawal,CAD
CA00009461,2025-02-16,BR004,C503992,TLR-4205,665.46,cash withdrawal,CAD
CA00016686,2025-02-18,BR040,C502096,TLR-3643,2481.4,cash withdrawal,CAD
CA00015612,2025-02-11,BR035,C502206,TLR-3372,1096.92,cash withdrawal,CAD
CA00016885,2025-02-19,BR040,C501022,TLR-7668,537.82,cash deposit,CAD
CA00010322,2025-02-08,BR008,C500716,TLR-4967,660.83,cash withdrawal,CAD
CA00011644,2025-02-08,BR015,C502776,TLR-8783,3129.32,cash withdrawal,CAD
CA00011693,2025-02-12,BR015,C503707,TLR-5960,1503.6,cash deposit,CAD
CA00010873,2025-02-15,BR011,C500881,TLR-4296,1612.84,cash deposit,CAD
CA00015788,2025-02-10,BR036,C503088,TLR-4882,2289.63,cash withdrawal,CAD
CA00008790,2025-02-06,BR001,C500896,TLR-6621,1128.74,cash withdrawal,CAD
CA00009716,2025-02-17,BR005,C500414,TLR-1485,161.52,cash deposit,CAD
CA00014359,2025-02-27,BR029,C503208,TLR-6650,486.7,cash deposit,CAD
CA00014692,2025-02-06,BR030,C503587,TLR-6377,690.59,cash withdrawal,CAD
CA00011384,2025-02-10,BR014,C503060,TLR-4392,766.89,cash deposit,CAD
CA00012116,2025-02-13,BR017,C503696,TLR-3377,511.37,cash withdrawal,CAD
CA00015956,2025-02-14,BR036,C503058,TLR-9561,589.77,cash deposit,CAD
CA00009712,2025-02-18,BR005,C500666,TLR-2092,1863.81,cash withdrawal,CAD
CA00008971,2025-02-13,BR001,C503536,TLR-4363,664.43,cash withdrawal,CAD
CA00014689,2025-02-11,BR030,C500793,TLR-6402,628.89,cash deposit,CAD
CA00012741,2025-02-13,BR020,C501930,TLR-3212,448.95,cash deposit,USD
CA00009783,2025-02-18,BR006,C503714,TLR-3355,2559.62,cash withdrawal,CAD
CA00008881,2025-02-19,BR001,C501853,TLR-6887,566.43,cash deposit,CAD
CA00014369,2025-02-26,BR029,C501551,TLR-7588,3051.44,cash deposit,CAD
CA00016127,2025-02-17,BR037,C500846,TLR-4264,1426.7,cash withdrawal,CAD
CA00013395,2025-02-03,BR024,C502131,TLR-8197,1431.8,cash deposit,CAD
CA00017239,2025-02-10,BR040,C501348,TLR-5609,1326.9,cash withdrawal,CAD
CA00015832,2025-02-04,BR036,C502600,TLR-2913,1280.8,cash withdrawal,CAD
CA00010193,2025-02-19,BR007,C501459,TLR-3873,2839.21,cash deposit,CAD
CA00016427,2025-02-06,BR038,C502395,TLR-8325,1545.2,cash withdrawal,CAD
CA00008819,2025-02-05,BR001,C503395,TLR-6690,736.33,cash deposit,CAD
CA00011832,2025-02-10,BR016,C503653,TLR-5256,1414.13,cash withdrawal,CAD
CA00012796,2025-02-04,BR021,C501353,TLR-1809,1577.51,cash deposit,CAD
CA00009732,2025-02-11,BR005,C503042,TLR-7592,1534.97,cash withdrawal,CAD
CA00013051,2025-02-09,BR023,C503327,TLR-2375,1062.88,cash withdrawal,CAD
CA00013739,2025-02-05,BR026,C503720,TLR-6867,1947.34,cash deposit,CAD
CA00011129,2025-02-21,BR012,C503531,TLR-8022,775.68,cash deposit,CAD
CA00011916,2025-02-23,BR016,C500838,TLR-8102,800.03,cash deposit,CAD
CA00008990,2025-02-18,BR001,C502472,TLR-4184,862.22,cash withdrawal,CAD
CA00009018,2025-02-17,BR002,C503699,TLR-4872,1767.5,cash deposit,CAD
CA00009043,2025-02-17,BR002,C501378,TLR-1584,-2841.53,cash withdrawal,CAD
CA00011939,2025-02-01,BR016,C502662,TLR-6119,685.66,cash withdrawal,CAD
CA00014865,2025-02-06,BR031,C503412,TLR-3798,947.23,cash withdrawal,CAD
CA00012496,2025-02-16,BR019,C502911,TLR-1132,2091.69,cash withdrawal,CAD
CA00009920,2025-02-18,BR006,C501106,TLR-4753,846.78,cash deposit,CAD
CA00011870,2025-02-20,BR016,C501906,TLR-9565,493.32,cash withdrawal,CAD
CA00013568,2025-02-17,BR025,C501421,TLR-5212,-824.79,cash withdrawal,CAD
CA00016109,2025-02-11,BR037,C501196,TLR-2914,372.19,cash withdrawal,CAD
CA00013836,2025-02-06,BR026,C500594,TLR-2445,-1254.88,cash withdrawal,CAD
CA00014517,2025-02-21,BR030,C501900,TLR-7704,561.89,cash deposit,CAD
CA00013983,2025-02-20,BR027,C500584,TLR-1078,577.48,cash deposit,CAD
CA00009069,2025-02-04,BR002,C502989,TLR-1015,467.62,cash deposit,CAD
CA00011617,2025-02-24,BR015,C500593,TLR-3745,618.53,cash deposit,CAD
CA00017405,2025-02-10,BR040,C503116,TLR-6780,1105.93,cash deposit,CAD
CA00015395,2025-02-24,BR034,C500132,TLR-7101,823.97,cash deposit,CAD
CA00016090,2025-02-27,BR037,C500154,TLR-5882,1182.8,cash deposit,CAD
CA00014279,2025-02-13,BR029,C503443,TLR-6737,554.82,cash deposit,CAD
CA00012797,2025-02-05,BR021,C500995,TLR-2066,438.16,cash withdrawal,CAD
CA00011521,2025-02-02,BR015,C500854,TLR-5892,425.84,cash deposit,CAD
CA00013468,2025-02-22,BR025,C503412,TLR-2397,-1218.63,cash withdrawal,CAD
CA00013370,2025-02-03,BR024,C502603,TLR-2658,412.22,cash withdrawal,CAD
CA00015428,2025-02-12,BR034,C502896,TLR-6070,303.15,cash deposit,CAD
CA00012309,2025-02-04,BR019,C503215,TLR-5535,284.54,cash withdrawal,CAD
CA00014325,2025-02-28,BR029,C503062,TLR-6428,1225.57,cash withdrawal,CAD
CA00015697,2025-02-13,BR036,C502436,TLR-5934,2402.23,cash deposit,CAD
CA00012773,2025-02-17,BR021,C502453,TLR-2426,1201.5,cash deposit,CAD
CA00012048,2025-02-16,BR017,C502692,TLR-4096,659.84,cash deposit,CAD
CA00014702,2025-02-21,BR030,C501504,TLR-4794,1433.61,cash deposit,CAD
CA00016904,2025-02-27,BR040,C503467,TLR-2199,3203.69,cash withdrawal,CAD
CA00014769,2025-02-21,BR031,C500201,TLR-1263,955.76,cash deposit,CAD
CA00012644,2025-02-07,BR020,C503681,TLR-6113,630.53,cash deposit,USD
CA00017678,2025-02-04,BR040,C503718,TLR-7942,720.74,cash withdrawal,CAD
CA00013456,2025-02-16,BR025,C502747,TLR-1779,-2922.84,cash withdrawal,CAD
CA00014605,2025-02-20,BR030,C500815,TLR-9591,3941.29,cash withdrawal,CAD
CA00011505,2025-02-13,BR015,C503415,TLR-4856,590.56,cash withdrawal,CAD
CA00015752,2025-02-16,BR036,C502338,TLR-8915,1134.8,cash deposit,CAD
CA00009816,2025-02-21,BR006,C502606,TLR-4384,675.14,cash withdrawal,CAD
CA00016380,2025-02-12,BR038,C503252,TLR-5242,2011.95,cash withdrawal,CAD
CA00009122,2025-02-02,BR002,C501200,TLR-5864,-2194.28,cash withdrawal,CAD
CA00015220,2025-02-14,BR033,C503250,TLR-6008,967.61,cash withdrawal,CAD
CA00017392,2025-02-24,BR040,C502921,TLR-6092,1139.93,cash withdrawal,CAD
CA00014646,2025-02-03,BR030,C500473,TLR-3870,2198.57,cash withdrawal,CAD
CA00012194,2025-02-06,BR018,C503001,TLR-1472,556.64,cash withdrawal,CAD
CA00015965,2025-02-26,BR036,C503253,TLR-1905,4031.23,cash deposit,CAD
CA00014449,2025-02-17,BR030,C500371,TLR-9132,1123.05,cash deposit,CAD
CA00010553,2025-02-02,BR009,C503789,TLR-8902,2616.47,cash deposit,CAD
CA00014234,2025-02-27,BR028,C503990,TLR-2711,534.77,cash withdrawal,CAD
CA00014206,2025-02-01,BR028,C503016,TLR-1693,1271.04,cash deposit,CAD
CA00016720,2025-02-15,BR040,C502434,TLR-8528,793.37,cash deposit,CAD
CA00017602,2025-02-21,BR040,C502831,TLR-2337,949.21,cash withdrawal,CAD
CA00011056,2025-02-14,BR012,C502831,TLR-8547,696.86,cash withdrawal,CAD
CA00009594,2025-02-28,BR004,C501756,TLR-8201,1263.7,cash deposit,CAD
CA00012042,2025-02-04,BR017,C501970,TLR-5930,2078.71,cash deposit,CAD
CA00014099,2025-02-25,BR027,C503782,TLR-4558,9785.19,cash withdrawal,CAD
CA00017532,2025-02-14,BR040,C500075,TLR-5376,1656.76,cash withdrawal,CAD
CA00009420,2025-02-28,BR004,C501334,TLR-6087,6952.19,cash deposit,CAD
CA00017254,2025-02-03,BR040,C502276,TLR-2995,3406.12,cash deposit,CAD
CA00009395,2025-02-25,BR003,C503940,TLR-9360,1256.0,cash deposit,CAD
CA00014970,2025-02-13,BR031,C502535,TLR-6072,1125.19,cash deposit,CAD
CA00017371,2025-02-25,BR040,C502126,TLR-2051,380.8,cash withdrawal,CAD
CA00017337,2025-02-25,BR040,C501693,TLR-8980,578.27,cash deposit,CAD
CA00013537,2025-02-17,BR025,C502091,TLR-2076,934.49,cash deposit,CAD
CA00011713,2025-02-25,BR015,C500677,TLR-9613,764.97,cash withdrawal,CAD
CA00015085,2025-02-02,BR032,C503997,TLR-8580,555.23,cash withdrawal,CAD
CA00009347,2025-02-16,BR003,C502504,TLR-1141,2579.45,cash deposit,CAD
CA00017219,2025-02-01,BR040,C501255,TLR-2277,1273.67,cash deposit,CAD
CA00016440,2025-02-25,BR038,C501759,TLR-4202,761.88,cash withdrawal,CAD
CA00012340,2025-02-04,BR019,C502226,TLR-3949,855.32,cash deposit,CAD
CA00016776,2025-02-17,BR040,C503862,TLR-8650,1262.44,cash deposit,CAD
CA00011447,2025-02-25,BR015,C502889,TLR-6422,119.71,cash withdrawal,CAD
CA00017280,2025-02-19,BR040,C502914,TLR-1724,458.45,cash deposit,CAD
CA00014277,2025-02-21,BR029,C501271,TLR-2034,1147.73,cash deposit,CAD
CA00016421,2025-02-16,BR038,C503503,TLR-7608,933.2,cash deposit,CAD
CA00009915,2025-02-09,BR006,C501058,TLR-5701,387.76,cash withdrawal,CAD
CA00013318,2025-02-02,BR024,C501813,TLR-9539,837.99,cash withdrawal,CAD
CA00011326,2025-02-15,BR014,C500338,TLR-5884,592.31,cash withdrawal,CAD
CA00010190,2025-02-02,BR007,C500537,TLR-7370,639.48,cash deposit,CAD
CA00015023,2025-02-09,BR032,C501519,TLR-4752,826.18,cash deposit,CAD
CA00012155,2025-02-19,BR017,C503941,TLR-7175,1854.94,cash deposit,CAD
CA00011154,2025-02-27,BR013,C502417,TLR-3455,965.85,cash withdrawal,CAD
CA00017169,2025-02-27,BR040,C502838,TLR-2589,1057.21,cash withdrawal,CAD
CA00016003,2025-02-24,BR037,C500287,TLR-8645,2574.65,cash withdrawal,CAD
CA00012257,2025-02-17,BR018,C500367,TLR-9330,643.07,cash deposit,CAD
CA00012806,2025-02-24,BR021,C503143,TLR-9448,3758.62,cash deposit,CAD
CA00016702,2025-02-15,BR040,C503070,TLR-7487,435.19,cash deposit,CAD
CA00014915,2025-02-17,BR031,C502247,TLR-7426,1908.36,cash withdrawal,CAD
CA00016812,2025-02-19,BR040,C502085,TLR-6591,578.49,cash withdrawal,CAD
CA00015591,2025-02-17,BR035,C503117,TLR-7454,632.99,cash withdrawal,CAD
CA00010659,2025-02-28,BR010,C501751,TLR-3897,2523.1,cash withdrawal,CAD
CA00013109,2025-02-04,BR023,C501726,TLR-4162,1387.42,cash deposit,CAD
CA00011747,2025-02-05,BR016,C501872,TLR-6076,885.8,cash deposit,CAD
CA00017585,2025-02-26,BR040,C500306,TLR-5123,489.53,cash deposit,CAD
CA00015371,2025-02-19,BR034,C501923,TLR-6154,2402.12,cash withdrawal,CAD
CA00016332,2025-02-05,BR038,C503850,TLR-6804,3150.85,cash withdrawal,CAD
CA00014268,2025-02-24,BR029,C501256,TLR-5581,771.15,cash withdrawal,CAD
CA00016847,2025-02-23,BR040,C500951,TLR-4874,5898.72,cash deposit,CAD
CA00011387,2025-02-24,BR014,C500738,TLR-9981,551.88,cash deposit,CAD
CA00014780,2025-02-24,BR031,C501173,TLR-5010,447.66,cash withdrawal,CAD
CA00012976,2025-02-12,BR022,C500404,TLR-8739,1210.5,cash deposit,CAD
CA00009962,2025-02-15,BR006,C501037,TLR-4646,628.44,cash deposit,CAD
CA00013514,2025-02-28,BR025,C503211,TLR-6352,738.01,cash deposit,CAD
CA00014207,2025-02-14,BR028,C500810,TLR-5230,579.76,cash deposit,CAD
CA00011670,2025-02-28,BR015,C500156,TLR-2743,431.46,cash deposit,CAD
CA00010650,2025-02-11,BR010,C501759,TLR-7594,535.79,cash withdrawal,CAD
CA00012996,2025-02-19,BR022,C500240,TLR-1706,233.86,cash deposit,CAD
CA00010721,2025-02-18,BR010,C500140,TLR-2659,657.89,cash withdrawal,CAD
CA00009326,2025-02-28,BR003,C502134,TLR-5425,411.77,cash withdrawal,CAD
CA00011239,2025-02-17,BR014,C502845,TLR-1838,812.91,cash withdrawal,CAD
CA00011657,2025-02-22,BR015,C502028,TLR-9014,478.36,cash deposit,CAD
CA00014109,2025-02-24,BR028,C500371,TLR-2455,1071.64,cash withdrawal,CAD
CA00014962,2025-02-06,BR031,C500573,TLR-6251,1684.31,cash deposit,CAD
CA00017610,2025-02-14,BR040,C502036,TLR-4865,2656.04,cash deposit,CAD
CA00012727,2025-02-20,BR020,C502303,TLR-2963,632.51,cash deposit,USD
CA00017573,2025-02-16,BR040,C500944,TLR-8982,968.58,cash withdrawal,CAD
CA00012414,2025-02-22,BR019,C502356,TLR-4027,491.31,cash withdrawal,CAD
CA00010699,2025-02-12,BR010,C500522,TLR-5341,992.23,cash deposit,CAD
CA00008868,2025-02-21,BR001,C500136,TLR-7427,3077.39,cash withdrawal,CAD
CA00009956,2025-02-21,BR006,C503160,TLR-7116,1274.94,cash deposit,CAD
CA00015314,2025-02-13,BR034,C500209,TLR-6046,525.54,cash deposit,CAD
CA00014007,2025-02-05,BR027,C502975,TLR-5130,2843.42,cash withdrawal,CAD
CA00012743,2025-02-08,BR020,C503736,TLR-8862,784.9,cash deposit,USD
CA00009804,2025-02-28,BR006,C502076,TLR-2814,591.32,cash withdrawal,CAD
CA00010147,2025-02-04,BR007,C503485,TLR-7901,543.49,cash deposit,CAD
CA00008778,2025-02-13,BR001,C502925,TLR-6141,2137.49,cash withdrawal,CAD
CA00016612,2025-02-05,BR039,C500785,TLR-1100,548.75,cash withdrawal,CAD
CA00012369,2025-02-11,BR019,C501110,TLR-9022,984.36,cash withdrawal,CAD
CA00011047,2025-02-27,BR012,C501049,TLR-4005,984.38,cash deposit,CAD
CA00011389,2025-02-04,BR014,C502176,TLR-3918,1523.72,cash withdrawal,CAD
CA00014666,2025-02-21,BR030,C503088,TLR-2160,1852.36,cash withdrawal,CAD
CA00015380,2025-02-04,BR034,C502484,TLR-1362,1048.16,cash deposit,CAD
CA00012410,2025-02-03,BR019,C502845,TLR-4011,1765.5,cash withdrawal,CAD
CA00009337,2025-02-17,BR003,C503853,TLR-3837,555.71,cash deposit,CAD
CA00016751,2025-02-21,BR040,C500458,TLR-3807,422.63,cash deposit,CAD
CA00009577,2025-02-15,BR004,C502367,TLR-9255,1038.48,cash withdrawal,CAD
CA00013400,2025-02-05,BR024,C502299,TLR-2484,1654.16,cash withdrawal,CAD
CA00015344,2025-02-18,BR034,C503141,TLR-6078,1755.44,cash deposit,CAD
CA00014334,2025-02-12,BR029,C500724,TLR-7022,308.54,cash deposit,CAD
CA00017526,2025-02-06,BR040,C500944,TLR-8061,374.14,cash deposit,CAD
CA00014829,2025-02-14,BR031,C502640,TLR-5050,334.82,cash withdrawal,CAD
CA00015007,2025-02-27,BR032,C500228,TLR-4443,1512.95,cash deposit,CAD
CA00013746,2025-02-22,BR026,C500908,TLR-8899,2098.33,cash deposit,CAD
CA00009004,2025-02-18,BR002,C503657,TLR-2240,1097.05,cash deposit,CAD
CA00012981,2025-02-27,BR022,C501309,TLR-7067,1664.39,cash withdrawal,CAD
CA00012826,2025-02-15,BR021,C502076,TLR-1167,888.36,cash deposit,CAD
CA00016966,2025-02-09,BR040,C501323,TLR-9464,695.18,cash deposit,CAD
CA00012576,2025-02-04,BR019,C502696,TLR-1802,766.1,cash deposit,CAD
CA00010973,2025-02-09,BR012,C501204,TLR-2530,2016.7,cash deposit,CAD
CA00010020,2025-02-09,BR006,C501745,TLR-2120,1676.41,cash withdrawal,CAD
CA00014017,2025-02-19,BR027,C500965,TLR-3179,3615.77,cash deposit,CAD
CA00016041,2025-02-10,BR037,C502982,TLR-6766,2713.44,cash withdrawal,CAD
CA00009046,2025-02-16,BR002,C503124,TLR-6386,-392.53,cash withdrawal,CAD
CA00014779,2025-02-05,BR031,C501593,TLR-5663,1710.75,cash deposit,CAD
CA00011687,2025-02-11,BR015,C502249,TLR-7225,2431.95,cash withdrawal,CAD
CA00014602,2025-02-27,BR030,C500728,TLR-3152,2226.8,cash withdrawal,CAD
CA00011333,2025-02-18,BR014,C502220,TLR-3968,1534.62,cash deposit,CAD
CA00009216,2025-02-15,BR003,C500195,TLR-3900,2113.59,cash withdrawal,CAD
CA00010996,2025-02-12,BR012,C500117,TLR-7680,1188.27,cash deposit,CAD
CA00017214,2025-02-11,BR040,C502425,TLR-9706,1792.74,cash deposit,CAD
CA00017077,2025-02-13,BR040,C502621,TLR-6289,236.97,cash withdrawal,CAD
CA00013647,2025-02-20,BR025,C502356,TLR-3295,-503.74,cash withdrawal,CAD
CA00012662,2025-02-20,BR020,C502224,TLR-9102,505.11,cash deposit,USD
CA00013275,2025-02-14,BR024,C503109,TLR-2133,1795.11,cash deposit,CAD
CA00011981,2025-02-05,BR017,C502117,TLR-1005,985.1,cash deposit,CAD
CA00011437,2025-02-27,BR015,C500474,TLR-2010,292.94,cash deposit,CAD
CA00015117,2025-02-08,BR033,C501399,TLR-8110,1050.84,cash withdrawal,CAD
CA00011116,2025-02-01,BR012,C500864,TLR-9123,506.14,cash withdrawal,CAD
CA00017614,2025-02-28,BR040,C500805,TLR-8802,398.54,cash deposit,CAD
CA00011697,2025-02-13,BR015,C500036,TLR-2289,188.09,cash withdrawal,CAD
CA00014049,2025-02-12,BR027,C500371,TLR-1326,160.36,cash withdrawal,CAD
CA00012891,2025-02-18,BR021,C500367,TLR-3162,3048.64,cash withdrawal,CAD
CA00011499,2025-02-06,BR015,C502768,TLR-4182,1396.06,cash withdrawal,CAD
CA00013521,2025-02-12,BR025,C503647,TLR-7479,-712.82,cash withdrawal,CAD
CA00010976,2025-02-01,BR012,C500073,TLR-1179,437.73,cash withdrawal,CAD
CA00009255,2025-02-06,BR003,C503448,TLR-3767,1623.22,cash withdrawal,CAD
CA00014322,2025-02-22,BR029,C501707,TLR-4135,1819.6,cash deposit,CAD
CA00008760,2025-02-22,BR001,C500574,TLR-5806,3677.46,cash withdrawal,CAD
CA00016750,2025-02-28,BR040,C500575,TLR-9471,1272.13,cash withdrawal,CAD
CA00011751,2025-02-13,BR016,C501504,TLR-3155,1353.45,cash deposit,CAD
CA00016131,2025-02-08,BR037,C503815,TLR-1241,405.02,cash withdrawal,CAD
CA00009178,2025-02-10,BR002,C501205,TLR-2683,1703.2,cash deposit,CAD
CA00013580,2025-02-17,BR025,C501093,TLR-4102,-401.43,cash withdrawal,CAD
CA00012313,2025-02-22,BR019,C502585,TLR-6342,389.8,cash withdrawal,CAD
CA00012518,2025-02-06,BR019,C501421,TLR-8281,1154.0,cash withdrawal,CAD
CA00009077,2025-02-01,BR002,C502974,TLR-7331,-319.17,cash withdrawal,CAD
CA00010736,2025-02-16,BR010,C500322,TLR-7608,1437.66,cash deposit,CAD
CA00017191,2025-02-04,BR040,C501530,TLR-2058,986.54,cash deposit,CAD
CA00011002,2025-02-15,BR012,C503244,TLR-3447,1244.81,cash withdrawal,CAD
CA00015948,2025-02-27,BR036,C500677,TLR-8075,932.86,cash withdrawal,CAD
CA00010170,2025-02-04,BR007,C501906,TLR-7006,1741.02,cash deposit,CAD
CA00010485,2025-02-09,BR008,C501441,TLR-6908,1012.12,cash deposit,CAD
CA00008746,2025-02-10,BR001,C502520,TLR-5056,958.87,cash deposit,CAD
CA00014639,2025-02-07,BR030,C500429,TLR-5874,1524.74,cash deposit,CAD
CA00009825,2025-02-16,BR006,C500639,TLR-3822,277.08,cash withdrawal,CAD
CA00010299,2025-02-03,BR008,C501665,TLR-5131,779.94,cash deposit,CAD
CA00010949,2025-02-20,BR012,C502030,TLR-6522,743.3,cash deposit,CAD
CA00013130,2025-02-25,BR023,C503044,TLR-8242,1032.51,cash withdrawal,CAD
CA00017245,2025-02-05,BR040,C503089,TLR-7099,790.34,cash withdrawal,CAD
CA00009848,2025-02-02,BR006,C501279,TLR-4566,592.21,cash deposit,CAD
CA00009885,2025-02-08,BR006,C502976,TLR-3170,386.97,cash deposit,CAD
CA00014389,2025-02-09,BR029,C501001,TLR-2023,703.0,cash deposit,CAD
CA00012345,2025-02-10,BR019,C501984,TLR-1105,549.44,cash withdrawal,CAD
CA00017690,2025-02-22,BR040,C500269,TLR-3153,1760.24,cash deposit,CAD
CA00015484,2025-02-22,BR035,C501549,TLR-1310,433.34,cash withdrawal,CAD
CA00011604,2025-02-12,BR015,C500031,TLR-5626,500.81,cash withdrawal,CAD
CA00011788,2025-02-04,BR016,C503007,TLR-6362,239.37,cash withdrawal,CAD
CA00012519,2025-02-28,BR019,C503080,TLR-2411,1212.41,cash deposit,CAD
CA00012595,2025-02-24,BR020,C501022,TLR-5343,373.01,cash withdrawal,USD
CA00014210,2025-02-14,BR028,C500565,TLR-6235,2924.96,cash withdrawal,CAD
CA00009789,2025-02-24,BR006,C501454,TLR-7673,361.36,cash deposit,CAD
CA00012580,2025-02-09,BR019,C501600,TLR-4701,399.12,cash withdrawal,CAD
CA00016781,2025-02-19,BR040,C500552,TLR-9501,2822.34,cash withdrawal,CAD
CA00009851,2025-02-19,BR006,C501985,TLR-2738,626.31,cash deposit,CAD
CA00013074,2025-02-19,BR023,C500156,TLR-9376,1017.01,cash deposit,CAD
CA00012377,2025-02-25,BR019,C501729,TLR-6803,908.24,cash withdrawal,CAD
CA00010221,2025-02-18,BR007,C503024,TLR-4666,509.68,cash withdrawal,CAD
CA00016548,2025-02-06,BR039,C500126,TLR-8221,379.6,cash withdrawal,CAD
CA00016185,2025-02-20,BR037,C500112,TLR-4877,595.67,cash withdrawal,CAD
CA00014657,2025-02-11,BR030,C502522,TLR-4907,665.41,cash withdrawal,CAD
CA00009870,2025-02-10,BR006,C502630,TLR-5420,1562.51,cash deposit,CAD
CA00008940,2025-02-21,BR001,C500617,TLR-4029,546.45,cash deposit,CAD
CA00011368,2025-02-08,BR014,C503920,TLR-3406,491.76,cash withdrawal,CAD
CA00008818,2025-02-24,BR001,C501631,TLR-6276,589.37,cash deposit,CAD
CA00010921,2025-02-15,BR012,C501943,TLR-1730,2165.16,cash deposit,CAD
CA00014153,2025-02-12,BR028,C502981,TLR-9944,1081.79,cash withdrawal,CAD
CA00010377,2025-02-19,BR008,C501284,TLR-9422,1659.52,cash withdrawal,CAD
CA00011086,2025-02-08,BR012,C503504,TLR-5691,410.22,cash deposit,CAD
CA00016363,2025-02-19,BR038,C501910,TLR-9060,7508.15,cash withdrawal,CAD
CA00012846,2025-02-15,BR021,C501898,TLR-4741,1050.86,cash deposit,CAD
CA00014596,2025-02-26,BR030,C500691,TLR-7263,1091.04,cash withdrawal,CAD
CA00016239,2025-02-25,BR037,C501879,TLR-8308,805.98,cash withdrawal,CAD
CA00014202,2025-02-04,BR028,C501926,TLR-2847,1257.67,cash withdrawal,CAD
CA00011760,2025-02-07,BR016,C500214,TLR-1641,917.34,cash deposit,CAD
CA00009443,2025-02-28,BR004,C500853,TLR-8717,5199.53,cash deposit,CAD
CA00012586,2025-02-15,BR019,C502758,TLR-2361,792.95,cash withdrawal,CAD
CA00016114,2025-02-24,BR037,C500702,TLR-1685,531.07,cash deposit,CAD
CA00013611,2025-02-03,BR025,C502892,TLR-6238,-1716.42,cash withdrawal,CAD
CA00014286,2025-02-12,BR029,C502373,TLR-3515,3260.6,cash withdrawal,CAD
CA00011583,2025-02-02,BR015,C502176,TLR-3422,795.93,cash withdrawal,CAD
CA00014931,2025-02-25,BR031,C500760,TLR-4989,1696.72,cash withdrawal,CAD
CA00009428,2025-02-22,BR004,C500665,TLR-6408,2347.54,cash deposit,CAD
CA00014458,2025-02-28,BR030,C503501,TLR-4715,383.5,cash withdrawal,CAD
CA00008754,2025-02-26,BR001,C503645,TLR-6255,147.04,cash withdrawal,CAD
CA00012686,2025-02-10,BR020,C502813,TLR-9506,724.14,cash withdrawal,USD
CA00013657,2025-02-28,BR025,C501034,TLR-6826,675.93,cash deposit,CAD
CA00016300,2025-02-15,BR038,C501811,TLR-2943,800.52,cash withdrawal,CAD
CA00009455,2025-02-21,BR004,C500538,TLR-3578,1999.49,cash withdrawal,CAD
CA00013785,2025-02-08,BR026,C500012,TLR-4515,-360.79,cash withdrawal,CAD
CA00009568,2025-02-18,BR004,C503558,TLR-4147,323.41,cash withdrawal,CAD
CA00010505,2025-02-19,BR008,C501533,TLR-5796,532.3,cash withdrawal,CAD
CA00009426,2025-02-22,BR004,C502481,TLR-7313,1162.06,cash deposit,CAD
CA00010278,2025-02-19,BR007,C502971,TLR-8939,1939.35,cash deposit,CAD
CA00012388,2025-02-12,BR019,C501903,TLR-4622,4481.08,cash deposit,CAD
CA00015724,2025-02-03,BR036,C502822,TLR-6717,1791.98,cash withdrawal,CAD
CA00010621,2025-02-02,BR009,C503242,TLR-3498,1486.81,cash deposit,CAD
CA00011942,2025-02-25,BR016,C501018,TLR-1550,1681.28,cash withdrawal,CAD
CA00010601,2025-02-02,BR009,C501845,TLR-6235,474.4,cash deposit,CAD
CA00015680,2025-02-24,BR035,C500089,TLR-3445,316.83,cash withdrawal,CAD
CA00010217,2025-02-09,BR007,C502894,TLR-7021,2872.03,cash deposit,CAD
CA00009161,2025-02-01,BR002,C502763,TLR-6608,-2138.61,cash withdrawal,CAD
CA00017207,2025-02-16,BR040,C503358,TLR-6770,944.48,cash withdrawal,CAD
CA00014697,2025-02-02,BR030,C503773,TLR-5232,650.43,cash deposit,CAD
CA00009174,2025-02-23,BR002,C503615,TLR-6077,-381.57,cash withdrawal,CAD
CA00016454,2025-02-08,BR039,C503107,TLR-9440,351.62,cash deposit,CAD
CA00010495,2025-02-08,BR008,C502391,TLR-7085,1944.22,cash deposit,CAD
CA00017041,2025-02-22,BR040,C503276,TLR-7926,496.19,cash deposit,CAD
CA00016593,2025-02-07,BR039,C502605,TLR-2563,1320.21,cash deposit,CAD
CA00016370,2025-02-12,BR038,C501931,TLR-9949,651.12,cash withdrawal,CAD
CA00015892,2025-02-09,BR036,C502264,TLR-5976,2538.11,cash withdrawal,CAD
CA00011227,2025-02-10,BR013,C503255,TLR-7297,1085.61,cash withdrawal,CAD
CA00014027,2025-02-05,BR027,C502342,TLR-2808,1933.1,cash deposit,CAD
CA00016818,2025-02-26,BR040,C500381,TLR-8866,1115.91,cash withdrawal,CAD
CA00012630,2025-02-18,BR020,C501046,TLR-7377,308.7,cash deposit,USD
CA00016036,2025-02-27,BR037,C500392,TLR-5029,976.41,cash deposit,CAD
CA00009490,2025-02-28,BR004,C500315,TLR-8189,1928.53,cash withdrawal,CAD
CA00010121,2025-02-15,BR007,C501830,TLR-7733,3367.74,cash withdrawal,CAD
CA00011006,2025-02-20,BR012,C500579,TLR-7170,259.46,cash withdrawal,CAD
CA00015379,2025-02-19,BR034,C502348,TLR-9544,422.0,cash withdrawal,CAD
CA00014525,2025-02-12,BR030,C501485,TLR-5585,545.86,cash deposit,CAD
CA00014071,2025-02-08,BR027,C502295,TLR-8237,1255.8,cash withdrawal,CAD
CA00009352,2025-02-17,BR003,C501343,TLR-1448,573.49,cash withdrawal,CAD
CA00016165,2025-02-14,BR037,C501321,TLR-2118,471.47,cash withdrawal,CAD
CA00010900,2025-02-25,BR011,C500038,TLR-4022,1209.47,cash deposit,CAD
CA00009892,2025-02-15,BR006,C503758,TLR-5843,1223.07,cash deposit,CAD
CA00011432,2025-02-18,BR015,C503178,TLR-4105,809.46,cash withdrawal,CAD
CA00016305,2025-02-06,BR038,C503398,TLR-3519,1160.7,cash deposit,CAD
CA00012503,2025-02-14,BR019,C501212,TLR-3699,2586.84,cash withdrawal,CAD
CA00009175,2025-02-13,BR002,C502153,TLR-1104,683.56,cash deposit,CAD
CA00009056,2025-02-07,BR002,C503131,TLR-2102,1021.87,cash deposit,CAD
CA00012244,2025-02-08,BR018,C502473,TLR-7967,1791.25,cash deposit,CAD
CA00009152,2025-02-23,BR002,C501228,TLR-2791,-1503.97,cash withdrawal,CAD
CA00012457,2025-02-21,BR019,C502810,TLR-7896,194.78,cash deposit,CAD
CA00011548,2025-02-13,BR015,C503864,TLR-9992,784.47,cash withdrawal,CAD
CA00011785,2025-02-20,BR016,C500050,TLR-1100,753.41,cash deposit,CAD
CA00010271,2025-02-15,BR007,C501237,TLR-6692,572.66,cash deposit,CAD
CA00011059,2025-02-05,BR012,C502525,TLR-8028,520.45,cash withdrawal,CAD
CA00013325,2025-02-17,BR024,C503193,TLR-7914,1512.69,cash deposit,CAD
CA00011448,2025-02-21,BR015,C501206,TLR-8937,1022.02,cash deposit,CAD
CA00014849,2025-02-11,BR031,C503288,TLR-2647,2302.03,cash withdrawal,CAD
CA00011304,2025-02-20,BR014,C501695,TLR-6711,603.59,cash withdrawal,CAD
CA00014874,2025-02-03,BR031,C501724,TLR-8925,350.63,cash withdrawal,CAD
CA00010024,2025-02-05,BR006,C503588,TLR-1738,675.3,cash withdrawal,CAD
CA00014688,2025-02-21,BR030,C503379,TLR-2275,789.81,cash withdrawal,CAD
CA00015866,2025-02-23,BR036,C500608,TLR-6998,387.61,cash deposit,CAD
CA00016811,2025-02-21,BR040,C503889,TLR-6330,1757.79,cash withdrawal,CAD
CA00008837,2025-02-20,BR001,C502643,TLR-8261,206.12,cash withdrawal,CAD
CA00008892,2025-02-13,BR001,C502300,TLR-7531,696.45,cash withdrawal,CAD
CA00013652,2025-02-11,BR025,C502679,TLR-8850,-728.98,cash withdrawal,CAD
CA00016349,2025-02-25,BR038,C500800,TLR-8894,1004.34,cash withdrawal,CAD
CA00009667,2025-02-27,BR004,C502039,TLR-4795,717.07,cash deposit,CAD
CA00014521,2025-02-25,BR030,C502449,TLR-6303,4305.09,cash deposit,CAD
CA00008795,2025-02-01,BR001,C501379,TLR-7956,1400.37,cash withdrawal,CAD
CA00012112,2025-02-06,BR017,C500703,TLR-8927,2255.31,cash withdrawal,CAD
CA00016632,2025-02-14,BR039,C501914,TLR-6339,619.25,cash withdrawal,CAD
CA00012712,2025-02-22,BR020,C501316,TLR-9199,1692.51,cash withdrawal,USD
CA00017305,2025-02-04,BR040,C501090,TLR-5476,960.43,cash deposit,CAD
CA00014352,2025-02-07,BR029,C503581,TLR-7747,1366.96,cash withdrawal,CAD
CA00009523,2025-02-08,BR004,C500344,TLR-5583,322.01,cash deposit,CAD
CA00016547,2025-02-26,BR039,C502023,TLR-8263,420.67,cash deposit,CAD
CA00013145,2025-02-21,BR023,C502856,TLR-3787,524.99,cash withdrawal,CAD
CA00011753,2025-02-25,BR016,C501864,TLR-4556,592.41,cash withdrawal,CAD
CA00010790,2025-02-07,BR010,C502269,TLR-7835,546.84,cash withdrawal,CAD
CA00008844,2025-02-01,BR001,C503556,TLR-5405,1386.95,cash deposit,CAD
CA00008944,2025-02-10,BR001,C502824,TLR-1599,354.42,cash withdrawal,CAD
CA00011610,2025-02-05,BR015,C502466,TLR-1011,1269.7,cash withdrawal,CAD
CA00013781,2025-02-17,BR026,C501309,TLR-5484,885.18,cash deposit,CAD
CA00009686,2025-02-07,BR005,C500033,TLR-8004,590.08,cash deposit,CAD
CA00016871,2025-02-12,BR040,C503562,TLR-9075,2527.57,cash withdrawal,CAD
CA00013923,2025-02-14,BR027,C500094,TLR-1762,436.04,cash deposit,CAD
CA00015690,2025-02-20,BR035,C503183,TLR-2057,3262.6,cash withdrawal,CAD
CA00010810,2025-02-24,BR010,C500170,TLR-6757,166.54,cash withdrawal,CAD
CA00014534,2025-02-13,BR030,C503798,TLR-4925,428.56,cash deposit,CAD
CA00014438,2025-02-21,BR030,C501198,TLR-4773,751.54,cash withdrawal,CAD
CA00010546,2025-02-17,BR009,C503197,TLR-7626,1011.73,cash withdrawal,CAD
CA00008992,2025-02-20,BR001,C501064,TLR-2354,545.61,cash withdrawal,CAD
CA00016983,2025-02-11,BR040,C501047,TLR-8819,3580.5,cash withdrawal,CAD
CA00009652,2025-02-01,BR004,C503651,TLR-5623,1280.4,cash withdrawal,CAD
CA00009537,2025-02-21,BR004,C502517,TLR-6752,295.92,cash deposit,CAD
CA00012368,2025-02-23,BR019,C502936,TLR-9986,1665.74,cash deposit,CAD
CA00017248,2025-02-02,BR040,C501308,TLR-8169,933.75,cash deposit,CAD
CA00016908,2025-02-03,BR040,C501996,TLR-9282,1108.49,cash deposit,CAD
CA00009370,2025-02-17,BR003,C502275,TLR-5460,492.18,cash deposit,CAD
CA00011049,2025-02-22,BR012,C500746,TLR-7992,1247.57,cash deposit,CAD
CA00009241,2025-02-08,BR003,C500478,TLR-5906,775.35,cash withdrawal,CAD
CA00009219,2025-02-26,BR003,C500423,TLR-3904,1420.97,cash withdrawal,CAD
CA00013001,2025-02-03,BR022,C503899,TLR-7752,2526.67,cash withdrawal,CAD
CA00009906,2025-02-21,BR006,C501959,TLR-7109,1460.41,cash withdrawal,CAD
CA00010018,2025-02-24,BR006,C500611,TLR-8189,684.91,cash deposit,CAD
CA00011101,2025-02-27,BR012,C503424,TLR-1838,453.92,cash withdrawal,CAD
CA00013622,2025-02-14,BR025,C501285,TLR-6454,-365.32,cash withdrawal,CAD
CA00017128,2025-02-17,BR040,C501044,TLR-7828,1049.27,cash withdrawal,CAD
CA00011917,2025-02-16,BR016,C503055,TLR-6369,500.88,cash withdrawal,CAD
CA00011852,2025-02-07,BR016,C502352,TLR-3969,1256.84,cash withdrawal,CAD
CA00010440,2025-02-13,BR008,C500532,TLR-6623,1239.48,cash deposit,CAD
CA00010104,2025-02-04,BR007,C502625,TLR-5369,1512.41,cash deposit,CAD
CA00012515,2025-02-28,BR019,C501976,TLR-6205,428.36,cash withdrawal,CAD
CA00011707,2025-02-14,BR015,C500138,TLR-4228,1052.79,cash deposit,CAD
CA00010778,2025-02-28,BR010,C501769,TLR-4664,912.68,cash withdrawal,CAD
CA00010712,2025-02-02,BR010,C501859,TLR-4815,280.56,cash deposit,CAD
CA00012005,2025-02-15,BR017,C503002,TLR-2732,426.28,cash withdrawal,CAD
CA00010366,2025-02-19,BR008,C501853,TLR-8788,1836.03,cash withdrawal,CAD
CA00015870,2025-02-23,BR036,C502582,TLR-9913,1081.58,cash deposit,CAD
CA00014110,2025-02-18,BR028,C503549,TLR-6046,687.95,cash withdrawal,CAD
CA00010696,2025-02-24,BR010,C503388,TLR-4742,305.02,cash withdrawal,CAD
CA00013700,2025-02-27,BR026,C500133,TLR-6650,-1133.12,cash withdrawal,CAD
CA00015814,2025-02-11,BR036,C501799,TLR-4663,830.29,cash deposit,CAD
CA00012015,2025-02-24,BR017,C502338,TLR-1710,2210.35,cash deposit,CAD
CA00014233,2025-02-02,BR028,C502619,TLR-9461,535.17,cash withdrawal,CAD
CA00010807,2025-02-25,BR010,C500262,TLR-4205,337.95,cash deposit,CAD
CA00015880,2025-02-18,BR036,C502612,TLR-8379,1497.18,cash withdrawal,CAD
CA00011023,2025-02-09,BR012,C503552,TLR-8893,571.56,cash deposit,CAD
CA00009147,2025-02-12,BR002,C501094,TLR-3614,-634.68,cash withdrawal,CAD
CA00011210,2025-02-11,BR013,C503307,TLR-8922,1459.02,cash withdrawal,CAD
CA00009458,2025-02-23,BR004,C503537,TLR-3621,1034.32,cash deposit,CAD
CA00013112,2025-02-26,BR023,C502223,TLR-4086,1547.91,cash withdrawal,CAD
CA00012635,2025-02-17,BR020,C502006,TLR-8511,1733.65,cash deposit,USD
CA00015131,2025-02-18,BR033,C502619,TLR-6768,653.26,cash deposit,CAD
CA00010938,2025-02-14,BR012,C500085,TLR-9943,558.78,cash withdrawal,CAD
CA00010484,2025-02-06,BR008,C502012,TLR-8583,899.47,cash deposit,CAD
CA00011299,2025-02-17,BR014,C501565,TLR-4272,1024.61,cash deposit,CAD
CA00010466,2025-02-01,BR008,C503489,TLR-1233,527.98,cash withdrawal,CAD
CA00012181,2025-02-16,BR017,C500313,TLR-5106,1564.89,cash deposit,CAD
CA00014946,2025-02-21,BR031,C502205,TLR-6995,1399.97,cash withdrawal,CAD
CA00008768,2025-02-19,BR001,C502445,TLR-4981,1371.67,cash withdrawal,CAD
CA00010796,2025-02-14,BR010,C501621,TLR-2811,994.33,cash withdrawal,CAD
CA00012151,2025-02-27,BR017,C500479,TLR-6645,791.75,cash withdrawal,CAD
CA00015811,2025-02-11,BR036,C503033,TLR-1436,1479.32,cash deposit,CAD
CA00011054,2025-02-18,BR012,C501972,TLR-9681,3800.3,cash withdrawal,CAD
CA00014982,2025-02-27,BR032,C501616,TLR-2749,631.51,cash deposit,CAD
CA00014892,2025-02-20,BR031,C503284,TLR-9193,397.27,cash withdrawal,CAD
CA00016790,2025-02-05,BR040,C502703,TLR-7555,4834.65,cash deposit,CAD
CA00008904,2025-02-12,BR001,C503948,TLR-5190,1283.44,cash withdrawal,CAD
CA00010971,2025-02-17,BR012,C503922,TLR-2622,601.87,cash withdrawal,CAD
CA00013120,2025-02-22,BR023,C503681,TLR-1355,4179.22,cash withdrawal,CAD
CA00010766,2025-02-24,BR010,C502529,TLR-3718,1406.45,cash deposit,CAD
CA00009081,2025-02-16,BR002,C501909,TLR-6809,-843.6,cash withdrawal,CAD
CA00016835,2025-02-02,BR040,C501588,TLR-6679,1103.92,cash withdrawal,CAD
CA00014250,2025-02-13,BR029,C503806,TLR-5513,366.13,cash deposit,CAD
CA00015643,2025-02-15,BR035,C500735,TLR-8563,1280.36,cash deposit,CAD
CA00011416,2025-02-13,BR014,C500199,TLR-9420,309.83,cash deposit,CAD
CA00009404,2025-02-16,BR003,C502972,TLR-9083,708.53,cash withdrawal,CAD
CA00011318,2025-02-10,BR014,C502742,TLR-2527,2318.17,cash deposit,CAD
CA00010259,2025-02-25,BR007,C503290,TLR-4635,548.41,cash withdrawal,CAD
CA00009149,2025-02-12,BR002,C503418,TLR-1030,-1268.33,cash withdrawal,CAD
CA00010414,2025-02-06,BR008,C500009,TLR-1252,1454.0,cash withdrawal,CAD
CA00012346,2025-02-12,BR019,C503176,TLR-6002,1099.84,cash withdrawal,CAD
CA00016935,2025-02-02,BR040,C503524,TLR-9094,436.67,cash deposit,CAD
CA00008975,2025-02-24,BR001,C502272,TLR-6334,1258.82,cash deposit,CAD
CA00012719,2025-02-01,BR020,C501325,TLR-8640,543.65,cash withdrawal,USD
CA00008993,2025-02-12,BR001,C503016,TLR-9784,3312.9,cash deposit,CAD
CA00012683,2025-02-24,BR020,C500011,TLR-3424,442.67,cash withdrawal,USD
CA00011019,2025-02-24,BR012,C503841,TLR-5368,734.94,cash withdrawal,CAD
CA00016602,2025-02-19,BR039,C503010,TLR-2907,899.4,cash deposit,CAD
CA00012923,2025-02-24,BR021,C502664,TLR-6314,307.56,cash deposit,CAD
CA00014183,2025-02-19,BR028,C502545,TLR-6321,674.06,cash deposit,CAD
CA00014235,2025-02-15,BR028,C500376,TLR-9835,695.4,cash deposit,CAD
CA00010512,2025-02-18,BR008,C503994,TLR-7664,938.57,cash deposit,CAD
CA00013469,2025-02-12,BR025,C500361,TLR-8924,2057.3,cash deposit,CAD
CA00016261,2025-02-11,BR038,C503832,TLR-3011,411.32,cash deposit,CAD
CA00015140,2025-02-15,BR033,C502432,TLR-7571,1246.54,cash withdrawal,CAD
CA00016502,2025-02-23,BR039,C500642,TLR-1459,756.05,cash deposit,CAD
CA00009191,2025-02-21,BR003,C500627,TLR-4952,3312.82,cash deposit,CAD
CA00008782,2025-02-07,BR001,C503152,TLR-7472,469.27,cash deposit,CAD
CA00016519,2025-02-22,BR039,C502998,TLR-8771,1006.55,cash withdrawal,CAD
CA00009136,2025-02-03,BR002,C503974,TLR-7116,-1527.02,cash withdrawal,CAD
CA00010015,2025-02-20,BR006,C500283,TLR-8382,731.88,cash deposit,CAD
CA00017273,2025-02-13,BR040,C501262,TLR-3790,1308.73,cash withdrawal,CAD
CA00015453,2025-02-01,BR035,C502641,TLR-6576,1816.97,cash deposit,CAD
CA00016899,2025-02-03,BR040,C500440,TLR-8139,738.72,cash withdrawal,CAD
CA00009830,2025-02-09,BR006,C500271,TLR-1855,1905.57,cash withdrawal,CAD
CA00017565,2025-02-27,BR040,C500499,TLR-8403,799.99,cash withdrawal,CAD
CA00013584,2025-02-23,BR025,C502224,TLR-8293,1317.83,cash deposit,CAD
CA00010407,2025-02-24,BR008,C503221,TLR-7721,732.79,cash deposit,CAD
CA00013283,2025-02-01,BR024,C503953,TLR-1950,654.43,cash withdrawal,CAD
CA00014133,2025-02-27,BR028,C503348,TLR-8225,1034.61,cash deposit,CAD
CA00013585,2025-02-02,BR025,C501895,TLR-6513,-1216.59,cash withdrawal,CAD
CA00015720,2025-02-17,BR036,C503480,TLR-9967,839.45,cash deposit,CAD
CA00008977,2025-02-06,BR001,C502505,TLR-1903,900.63,cash withdrawal,CAD
CA00017638,2025-02-05,BR040,C500707,TLR-5338,819.97,cash deposit,CAD
CA00014474,2025-02-06,BR030,C500359,TLR-9967,665.94,cash withdrawal,CAD
CA00013162,2025-02-02,BR023,C502816,TLR-6051,2273.94,cash withdrawal,CAD
CA00014771,2025-02-21,BR031,C503660,TLR-9769,523.05,cash withdrawal,CAD
CA00011764,2025-02-27,BR016,C502420,TLR-6969,1042.02,cash deposit,CAD
CA00010308,2025-02-04,BR008,C501873,TLR-9592,1425.33,cash deposit,CAD
CA00017651,2025-02-01,BR040,C500425,TLR-5182,1978.41,cash deposit,CAD
CA00010073,2025-02-27,BR007,C500393,TLR-5599,481.32,cash withdrawal,CAD
CA00013675,2025-02-23,BR026,C502343,TLR-2673,1806.08,cash deposit,CAD
CA00014068,2025-02-22,BR027,C500735,TLR-7704,666.21,cash deposit,CAD
CA00009605,2025-02-15,BR004,C500009,TLR-5606,2250.27,cash deposit,CAD
CA00009545,2025-02-23,BR004,C501507,TLR-5467,1508.11,cash withdrawal,CAD
CA00015942,2025-02-25,BR036,C503055,TLR-3363,1388.46,cash withdrawal,CAD
CA00011324,2025-02-08,BR014,C500284,TLR-4748,512.23,cash deposit,CAD
CA00009023,2025-02-05,BR002,C502003,TLR-8091,490.81,cash deposit,CAD
CA00009110,2025-02-12,BR002,C502311,TLR-9308,2160.78,cash deposit,CAD
CA00010140,2025-02-13,BR007,C501135,TLR-7634,735.0,cash deposit,CAD
CA00010931,2025-02-19,BR012,C502194,TLR-8669,1157.64,cash withdrawal,CAD
CA00016825,2025-02-18,BR040,C502522,TLR-3829,333.3,cash withdrawal,CAD
CA00015574,2025-02-23,BR035,C503329,TLR-4939,2327.46,cash withdrawal,CAD
CA00017395,2025-02-20,BR040,C500623,TLR-3344,1068.08,cash deposit,CAD
CA00015968,2025-02-20,BR036,C503975,TLR-9202,593.66,cash deposit,CAD
CA00016783,2025-02-18,BR040,C501231,TLR-7682,1889.65,cash deposit,CAD
CA00017313,2025-02-01,BR040,C502711,TLR-4552,1416.03,cash withdrawal,CAD
CA00012476,2025-02-09,BR019,C503551,TLR-4636,170.07,cash withdrawal,CAD
CA00013021,2025-02-19,BR022,C502962,TLR-7206,648.84,cash withdrawal,CAD
CA00015277,2025-02-23,BR033,C501929,TLR-8205,840.51,cash deposit,CAD
CA00014827,2025-02-14,BR031,C502188,TLR-1206,2065.37,cash deposit,CAD
CA00008919,2025-02-07,BR001,C502823,TLR-1132,1178.43,cash withdrawal,CAD
CA00009022,2025-02-12,BR002,C501869,TLR-5759,-978.25,cash withdrawal,CAD
CA00013866,2025-02-02,BR026,C501436,TLR-2556,-1485.54,cash withdrawal,CAD
CA00017427,2025-02-01,BR040,C503066,TLR-2657,1044.97,cash withdrawal,CAD
CA00016484,2025-02-06,BR039,C503209,TLR-1672,1219.66,cash deposit,CAD
CA00010047,2025-02-11,BR006,C502548,TLR-8158,3363.53,cash deposit,CAD
CA00017284,2025-02-22,BR040,C501783,TLR-3484,1379.74,cash withdrawal,CAD
CA00013774,2025-02-12,BR026,C503625,TLR-7881,1167.36,cash deposit,CAD
CA00009376,2025-02-07,BR003,C501673,TLR-7984,551.62,cash withdrawal,CAD
CA00016816,2025-02-27,BR040,C501445,TLR-9032,571.38,cash withdrawal,CAD
CA00013350,2025-02-19,BR024,C500988,TLR-8828,1844.15,cash deposit,CAD
CA00016137,2025-02-17,BR037,C500027,TLR-3709,2009.92,cash deposit,CAD
CA00010341,2025-02-12,BR008,C503107,TLR-6660,1090.32,cash withdrawal,CAD
CA00009126,2025-02-15,BR002,C502123,TLR-8277,-1933.11,cash withdrawal,CAD
CA00012176,2025-02-27,BR017,C503622,TLR-5189,1128.72,cash deposit,CAD
CA00011041,2025-02-03,BR012,C501404,TLR-3405,1149.45,cash withdrawal,CAD
CA00014719,2025-02-13,BR031,C501586,TLR-6693,1840.55,cash deposit,CAD
CA00009678,2025-02-10,BR004,C502200,TLR-5492,1792.59,cash withdrawal,CAD
CA00011992,2025-02-18,BR017,C503922,TLR-4826,1002.04,cash withdrawal,CAD
CA00014276,2025-02-08,BR029,C502888,TLR-3571,1018.73,cash withdrawal,CAD
CA00010846,2025-02-03,BR011,C501097,TLR-5462,2054.17,cash deposit,CAD
CA00011331,2025-02-09,BR014,C503220,TLR-8091,752.23,cash deposit,CAD
CA00013946,2025-02-18,BR027,C503022,TLR-9009,1022.7,cash withdrawal,CAD
CA00013390,2025-02-19,BR024,C503585,TLR-6113,761.18,cash withdrawal,CAD
CA00011010,2025-02-22,BR012,C500878,TLR-6225,949.08,cash deposit,CAD
CA00014486,2025-02-10,BR030,C500983,TLR-4306,839.83,cash withdrawal,CAD
CA00008953,2025-02-21,BR001,C502366,TLR-3415,2000.39,cash deposit,CAD
CA00009973,2025-02-15,BR006,C502254,TLR-3552,463.53,cash deposit,CAD
CA00014082,2025-02-15,BR027,C502692,TLR-6897,1183.66,cash withdrawal,CAD
CA00017370,2025-02-19,BR040,C502687,TLR-9010,515.48,cash deposit,CAD
CA00010568,2025-02-21,BR009,C500217,TLR-6288,668.43,cash deposit,CAD
CA00010630,2025-02-10,BR009,C500508,TLR-4029,3004.52,cash deposit,CAD
CA00012374,2025-02-10,BR019,C500357,TLR-1921,1537.37,cash deposit,CAD
CA00015219,2025-02-07,BR033,C503120,TLR-6350,897.43,cash withdrawal,CAD
CA00013901,2025-02-01,BR026,C501898,TLR-9984,1270.68,cash deposit,CAD
CA00012875,2025-02-03,BR021,C502638,TLR-8888,1988.38,cash withdrawal,CAD
CA00010475,2025-02-17,BR008,C501561,TLR-6081,348.46,cash withdrawal,CAD
CA00012764,2025-02-08,BR021,C500730,TLR-3976,857.07,cash withdrawal,CAD
CA00011060,2025-02-10,BR012,C500375,TLR-8192,3223.05,cash deposit,CAD
CA00014221,2025-02-15,BR028,C500238,TLR-8528,1166.55,cash withdrawal,CAD
CA00013887,2025-02-19,BR026,C501402,TLR-5748,700.43,cash deposit,CAD
CA00016940,2025-02-12,BR040,C500217,TLR-8170,1076.91,cash deposit,CAD
CA00012059,2025-02-17,BR017,C503010,TLR-1355,346.16,cash deposit,CAD
CA00011215,2025-02-27,BR013,C501584,TLR-3109,1004.92,cash withdrawal,CAD
CA00010225,2025-02-19,BR007,C503465,TLR-1682,608.86,cash withdrawal,CAD
CA00010052,2025-02-02,BR006,C501520,TLR-3017,2225.0,cash deposit,CAD
CA00009936,2025-02-11,BR006,C501275,TLR-6414,208.5,cash deposit,CAD
CA00013959,2025-02-08,BR027,C503247,TLR-1619,649.07,cash deposit,CAD
CA00013952,2025-02-26,BR027,C502487,TLR-9929,1275.4,cash deposit,CAD
CA00012401,2025-02-05,BR019,C502963,TLR-4600,938.25,cash deposit,CAD
CA00015630,2025-02-06,BR035,C501129,TLR-6395,488.95,cash withdrawal,CAD
CA00011951,2025-02-27,BR017,C502760,TLR-4091,1417.8,cash deposit,CAD
CA00009807,2025-02-03,BR006,C503378,TLR-7636,450.17,cash withdrawal,CAD
CA00017119,2025-02-20,BR040,C503272,TLR-1288,2313.55,cash deposit,CAD
CA00013558,2025-02-28,BR025,C501521,TLR-9251,1295.49,cash deposit,CAD
CA00013871,2025-02-17,BR026,C502217,TLR-5258,1130.05,cash deposit,CAD
CA00015865,2025-02-23,BR036,C503380,TLR-8279,854.52,cash withdrawal,CAD
CA00012705,2025-02-17,BR020,C501808,TLR-1570,88.02,cash deposit,USD
CA00012771,2025-02-26,BR021,C503582,TLR-2038,1500.82,cash deposit,CAD
CA00016323,2025-02-02,BR038,C503110,TLR-6941,575.51,cash withdrawal,CAD
CA00015973,2025-02-06,BR037,C503046,TLR-4070,601.22,cash withdrawal,CAD
CA00013933,2025-02-09,BR027,C503679,TLR-1984,6528.02,cash deposit,CAD
CA00011193,2025-02-11,BR013,C502694,TLR-2655,384.58,cash deposit,CAD
CA00010010,2025-02-02,BR006,C503134,TLR-2754,283.7,cash withdrawal,CAD
CA00010465,2025-02-26,BR008,C503688,TLR-2274,481.45,cash deposit,CAD
CA00015531,2025-02-17,BR035,C500071,TLR-1192,3932.54,cash deposit,CAD
CA00011329,2025-02-22,BR014,C502487,TLR-1758,1429.93,cash deposit,CAD
CA00012435,2025-02-17,BR019,C502266,TLR-5572,1281.91,cash deposit,CAD
CA00010304,2025-02-08,BR008,C500828,TLR-7802,881.52,cash deposit,CAD
CA00013059,2025-02-17,BR023,C503290,TLR-1855,674.5,cash deposit,CAD
CA00015623,2025-02-10,BR035,C503828,TLR-7477,1126.84,cash withdrawal,CAD
CA00010916,2025-02-23,BR012,C500505,TLR-2008,590.27,cash deposit,CAD
CA00013240,2025-02-25,BR024,C503055,TLR-2694,1256.43,cash deposit,CAD
CA00015766,2025-02-22,BR036,C500780,TLR-1424,358.12,cash withdrawal,CAD
CA00013744,2025-02-21,BR026,C500725,TLR-8563,459.01,cash deposit,CAD
CA00015240,2025-02-28,BR033,C501393,TLR-2171,314.66,cash deposit,CAD
CA00016784,2025-02-18,BR040,C503399,TLR-6313,776.55,cash deposit,CAD
CA00013711,2025-02-08,BR026,C500261,TLR-5846,-534.03,cash withdrawal,CAD
CA00016832,2025-02-08,BR040,C500642,TLR-2173,1579.46,cash deposit,CAD
CA00011754,2025-02-08,BR016,C502737,TLR-2610,1678.29,cash withdrawal,CAD
CA00011270,2025-02-17,BR014,C501510,TLR-2038,1064.28,cash withdrawal,CAD
CA00014126,2025-02-23,BR028,C502098,TLR-3695,482.94,cash withdrawal,CAD
CA00011555,2025-02-05,BR015,C500963,TLR-8056,377.85,cash withdrawal,CAD
CA00016275,2025-02-08,BR038,C502077,TLR-5563,983.43,cash withdrawal,CAD
CA00015022,2025-02-22,BR032,C503132,TLR-7755,2793.49,cash deposit,CAD
CA00013736,2025-02-17,BR026,C501280,TLR-7187,633.57,cash deposit,CAD
CA00009943,2025-02-01,BR006,C500985,TLR-4445,481.61,cash deposit,CAD
CA00013639,2025-02-26,BR025,C502824,TLR-4805,1103.04,cash deposit,CAD
CA00015775,2025-02-26,BR036,C500695,TLR-4614,139.72,cash withdrawal,CAD
CA00016761,2025-02-01,BR040,C500278,TLR-3005,1268.8,cash withdrawal,CAD
CA00013419,2025-02-09,BR024,C500837,TLR-6636,1309.73,cash withdrawal,CAD
CA00010455,2025-02-07,BR008,C500143,TLR-9067,2481.07,cash withdrawal,CAD
CA00009611,2025-02-18,BR004,C500358,TLR-9692,1251.78,cash deposit,CAD
CA00016945,2025-02-13,BR040,C500717,TLR-9464,2019.14,cash deposit,CAD
CA00015100,2025-02-21,BR032,C501345,TLR-5636,3421.83,cash withdrawal,CAD
CA00015595,2025-02-10,BR035,C503861,TLR-7665,725.69,cash withdrawal,CAD
CA00017209,2025-02-04,BR040,C502150,TLR-1300,774.45,cash deposit,CAD
CA00008998,2025-02-12,BR001,C500150,TLR-8788,2064.1,cash deposit,CAD
CA00016944,2025-02-05,BR040,C500620,TLR-8162,1092.24,cash deposit,CAD
CA00015801,2025-02-01,BR036,C500660,TLR-1273,861.28,cash withdrawal,CAD
CA00009607,2025-02-20,BR004,C500454,TLR-5580,647.68,cash withdrawal,CAD
CA00015333,2025-02-12,BR034,C500476,TLR-1822,948.84,cash deposit,CAD
CA00015320,2025-02-14,BR034,C503209,TLR-3807,629.73,cash deposit,CAD
CA00015194,2025-02-19,BR033,C502949,TLR-5731,1952.24,cash withdrawal,CAD
CA00017519,2025-02-05,BR040,C503427,TLR-4310,1061.9,cash deposit,CAD
CA00015247,2025-02-24,BR033,C501148,TLR-4730,1189.04,cash deposit,CAD
CA00011508,2025-02-06,BR015,C502352,TLR-7285,924.81,cash deposit,CAD
CA00015263,2025-02-28,BR033,C502169,TLR-8076,972.05,cash deposit,CAD
CA00017103,2025-02-11,BR040,C500925,TLR-6848,646.03,cash withdrawal,CAD
CA00013444,2025-02-17,BR025,C502933,TLR-8216,1508.07,cash deposit,CAD
CA00015909,2025-02-04,BR036,C503949,TLR-4376,992.05,cash deposit,CAD
CA00010531,2025-02-03,BR009,C501339,TLR-7516,3647.53,cash deposit,CAD
CA00010152,2025-02-10,BR007,C500213,TLR-8850,544.6,cash withdrawal,CAD
CA00016974,2025-02-19,BR040,C503004,TLR-2146,441.7,cash deposit,CAD
CA00017222,2025-02-06,BR040,C501471,TLR-5169,1629.4,cash deposit,CAD
CA00009950,2025-02-16,BR006,C503491,TLR-6043,596.06,cash withdrawal,CAD
CA00016019,2025-02-08,BR037,C501010,TLR-8107,2873.6,cash deposit,CAD
CA00015016,2025-02-18,BR032,C502251,TLR-8404,785.07,cash withdrawal,CAD
CA00013598,2025-02-03,BR025,C502011,TLR-8606,-763.56,cash withdrawal,CAD
CA00011833,2025-02-09,BR016,C500175,TLR-1556,3786.98,cash withdrawal,CAD
CA00012509,2025-02-21,BR019,C500180,TLR-6349,1599.01,cash withdrawal,CAD
CA00017073,2025-02-27,BR040,C502797,TLR-2916,1156.67,cash withdrawal,CAD
CA00009398,2025-02-26,BR003,C503303,TLR-5482,5299.41,cash withdrawal,CAD
CA00017237,2025-02-14,BR040,C502041,TLR-3523,1500.58,cash withdrawal,CAD
CA00017289,2025-02-28,BR040,C501549,TLR-8280,195.47,cash withdrawal,CAD
CA00008776,2025-02-18,BR001,C502886,TLR-7981,584.84,cash deposit,CAD
CA00009009,2025-02-04,BR002,C500260,TLR-6973,4703.89,cash deposit,CAD
CA00010237,2025-02-19,BR007,C500755,TLR-7746,1238.13,cash deposit,CAD
CA00011711,2025-02-06,BR015,C500352,TLR-3853,1286.98,cash withdrawal,CAD
CA00010164,2025-02-10,BR007,C501921,TLR-8525,2431.63,cash withdrawal,CAD
CA00013718,2025-02-27,BR026,C502073,TLR-5276,1746.82,cash deposit,CAD
CA00015071,2025-02-15,BR032,C502081,TLR-2930,383.38,cash withdrawal,CAD
CA00016284,2025-02-25,BR038,C500316,TLR-1513,572.94,cash withdrawal,CAD
CA00010998,2025-02-16,BR012,C502275,TLR-4700,609.17,cash withdrawal,CAD
CA00009159,2025-02-13,BR002,C502324,TLR-7411,588.84,cash deposit,CAD
CA00017363,2025-02-26,BR040,C502018,TLR-8119,1747.84,cash withdrawal,CAD
CA00012280,2025-02-13,BR018,C502329,TLR-5620,235.8,cash deposit,CAD
CA00013315,2025-02-12,BR024,C500223,TLR-2611,814.03,cash withdrawal,CAD
CA00009277,2025-02-08,BR003,C500049,TLR-8152,941.44,cash deposit,CAD
CA00015963,2025-02-14,BR036,C502192,TLR-8357,1002.71,cash withdrawal,CAD
CA00009684,2025-02-03,BR005,C501465,TLR-8660,893.81,cash deposit,CAD
CA00012205,2025-02-08,BR018,C501714,TLR-1351,1207.57,cash deposit,CAD
CA00011824,2025-02-16,BR016,C503224,TLR-9051,433.97,cash withdrawal,CAD
CA00015922,2025-02-06,BR036,C503918,TLR-2413,471.29,cash withdrawal,CAD
CA00011030,2025-02-05,BR012,C501423,TLR-6495,881.47,cash deposit,CAD
CA00015476,2025-02-03,BR035,C500424,TLR-8723,792.13,cash withdrawal,CAD
CA00017302,2025-02-14,BR040,C503389,TLR-1474,884.33,cash deposit,CAD
CA00013768,2025-02-06,BR026,C502095,TLR-1746,754.87,cash deposit,CAD
CA00014335,2025-02-08,BR029,C503718,TLR-3520,525.31,cash withdrawal,CAD
CA00009777,2025-02-12,BR006,C503086,TLR-4759,1702.44,cash deposit,CAD
CA00012575,2025-02-01,BR019,C500740,TLR-6691,722.77,cash deposit,CAD
CA00015825,2025-02-27,BR036,C500992,TLR-8305,2050.99,cash deposit,CAD
CA00016001,2025-02-27,BR037,C501618,TLR-6369,384.71,cash deposit,CAD
CA00010985,2025-02-08,BR012,C503021,TLR-3670,989.42,cash deposit,CAD
CA00014236,2025-02-14,BR028,C500369,TLR-1281,328.08,cash withdrawal,CAD
CA00017257,2025-02-13,BR040,C501489,TLR-3294,1868.94,cash deposit,CAD
CA00017422,2025-02-16,BR040,C501181,TLR-7097,838.1,cash deposit,CAD
CA00016546,2025-02-10,BR039,C503310,TLR-6352,4914.56,cash withdrawal,CAD
CA00010370,2025-02-10,BR008,C500986,TLR-7277,431.32,cash deposit,CAD
CA00012745,2025-02-01,BR020,C502465,TLR-8601,230.14,cash withdrawal,USD
CA00015487,2025-02-20,BR035,C503725,TLR-1798,397.44,cash withdrawal,CAD
CA00015884,2025-02-28,BR036,C501392,TLR-2806,2678.73,cash withdrawal,CAD
CA00009210,2025-02-15,BR003,C503778,TLR-5045,2116.29,cash withdrawal,CAD
CA00015112,2025-02-20,BR033,C501771,TLR-9027,627.36,cash deposit,CAD
CA00012323,2025-02-11,BR019,C502260,TLR-6753,1694.93,cash deposit,CAD
CA00009993,2025-02-12,BR006,C500559,TLR-1782,1148.12,cash withdrawal,CAD
CA00008825,2025-02-23,BR001,C502909,TLR-6212,958.15,cash withdrawal,CAD
CA00010761,2025-02-27,BR010,C501414,TLR-3752,141.08,cash withdrawal,CAD
CA00010336,2025-02-19,BR008,C501733,TLR-3722,273.74,cash withdrawal,CAD
CA00014406,2025-02-26,BR030,C500241,TLR-1779,600.84,cash withdrawal,CAD
CA00014802,2025-02-03,BR031,C503363,TLR-9280,1134.96,cash deposit,CAD
CA00017416,2025-02-21,BR040,C503367,TLR-2350,1915.62,cash deposit,CAD
CA00016990,2025-02-15,BR040,C500864,TLR-4640,1009.92,cash withdrawal,CAD
CA00014026,2025-02-25,BR027,C503830,TLR-9846,901.76,cash withdrawal,CAD
CA00009410,2025-02-27,BR003,C503658,TLR-4651,1790.01,cash deposit,CAD
CA00009899,2025-02-11,BR006,C503464,TLR-8950,1779.77,cash deposit,CAD
CA00009954,2025-02-27,BR006,C500501,TLR-4118,431.26,cash withdrawal,CAD
CA00014871,2025-02-08,BR031,C500105,TLR-6174,530.1,cash withdrawal,CAD
CA00011855,2025-02-26,BR016,C503614,TLR-5475,421.86,cash deposit,CAD
CA00012054,2025-02-25,BR017,C502704,TLR-5231,773.53,cash deposit,CAD
CA00011807,2025-02-06,BR016,C502391,TLR-1761,442.43,cash deposit,CAD
CA00013875,2025-02-19,BR026,C502270,TLR-9317,-2506.08,cash withdrawal,CAD
CA00010902,2025-02-04,BR011,C503179,TLR-9848,1115.36,cash deposit,CAD
CA00016012,2025-02-22,BR037,C500986,TLR-4309,2087.18,cash withdrawal,CAD
CA00011459,2025-02-13,BR015,C503704,TLR-1696,2436.33,cash withdrawal,CAD
CA00016354,2025-02-02,BR038,C502832,TLR-6339,1670.87,cash withdrawal,CAD
CA00010263,2025-02-10,BR007,C503387,TLR-3311,421.91,cash deposit,CAD
CA00011586,2025-02-05,BR015,C501607,TLR-8957,1306.23,cash withdrawal,CAD
CA00013574,2025-02-12,BR025,C502701,TLR-2806,-815.24,cash withdrawal,CAD
CA00013284,2025-02-09,BR024,C500954,TLR-7476,1437.09,cash deposit,CAD
CA00016652,2025-02-21,BR039,C500191,TLR-9852,3270.4,cash deposit,CAD
CA00014076,2025-02-19,BR027,C500678,TLR-9726,1382.6,cash withdrawal,CAD
CA00012006,2025-02-01,BR017,C501034,TLR-2002,893.14,cash withdrawal,CAD
CA00016581,2025-02-03,BR039,C502728,TLR-1540,1096.86,cash withdrawal,CAD
CA00016117,2025-02-06,BR037,C500382,TLR-9032,330.63,cash deposit,CAD
CA00009597,2025-02-08,BR004,C502251,TLR-2272,460.69,cash withdrawal,CAD
CA00014326,2025-02-15,BR029,C500286,TLR-9289,348.63,cash withdrawal,CAD
CA00010886,2025-02-02,BR011,C501634,TLR-3997,384.9,cash deposit,CAD
CA00015653,2025-02-02,BR035,C502462,TLR-9217,722.64,cash withdrawal,CAD
CA00011119,2025-02-04,BR012,C503186,TLR-3059,2101.32,cash deposit,CAD
CA00013791,2025-02-09,BR026,C503782,TLR-6138,-786.59,cash withdrawal,CAD
CA00010884,2025-02-16,BR011,C500617,TLR-9766,1219.32,cash deposit,CAD
CA00014670,2025-02-11,BR030,C503720,TLR-6059,806.79,cash deposit,CAD
CA00014577,2025-02-12,BR030,C500872,TLR-1683,552.16,cash withdrawal,CAD
CA00013091,2025-02-07,BR023,C500393,TLR-5837,735.4,cash withdrawal,CAD
CA00017024,2025-02-09,BR040,C502760,TLR-6663,955.49,cash withdrawal,CAD
CA00016982,2025-02-04,BR040,C501092,TLR-5665,3849.92,cash deposit,CAD
CA00012047,2025-02-24,BR017,C503172,TLR-7196,489.17,cash withdrawal,CAD
CA00013954,2025-02-25,BR027,C502540,TLR-8319,786.48,cash withdrawal,CAD
CA00017253,2025-02-21,BR040,C500248,TLR-5766,291.37,cash withdrawal,CAD
CA00009673,2025-02-17,BR004,C500466,TLR-2402,1028.47,cash deposit,CAD
CA00016744,2025-02-10,BR040,C503755,TLR-5123,1071.63,cash deposit,CAD
CA00013132,2025-02-25,BR023,C502889,TLR-7279,935.48,cash withdrawal,CAD
CA00014047,2025-02-06,BR027,C501244,TLR-4796,3347.65,cash deposit,CAD
CA00017506,2025-02-24,BR040,C503353,TLR-3787,2488.85,cash withdrawal,CAD
CA00015935,2025-02-07,BR036,C500645,TLR-6962,1583.83,cash deposit,CAD
CA00011480,2025-02-03,BR015,C503611,TLR-2681,3340.37,cash deposit,CAD
CA00012940,2025-02-14,BR021,C503419,TLR-4616,653.46,cash withdrawal,CAD
CA00014819,2025-02-09,BR031,C503854,TLR-4953,826.81,cash deposit,CAD
CA00009795,2025-02-20,BR006,C502566,TLR-2983,411.19,cash withdrawal,CAD
CA00010559,2025-02-11,BR009,C503217,TLR-4519,1709.67,cash deposit,CAD
CA00016827,2025-02-27,BR040,C500871,TLR-6932,696.01,cash withdrawal,CAD
CA00013573,2025-02-25,BR025,C503157,TLR-4973,-1449.31,cash withdrawal,CAD
CA00015207,2025-02-14,BR033,C501932,TLR-8708,1603.56,cash withdrawal,CAD
CA00009654,2025-02-07,BR004,C501117,TLR-2564,552.16,cash deposit,CAD
CA00009456,2025-02-13,BR004,C503807,TLR-1602,4428.15,cash deposit,CAD
CA00013258,2025-02-22,BR024,C503573,TLR-9566,539.1,cash deposit,CAD
CA00015751,2025-02-24,BR036,C502861,TLR-2340,3249.57,cash withdrawal,CAD
CA00011451,2025-02-17,BR015,C502554,TLR-2911,638.52,cash withdrawal,CAD
CA00010581,2025-02-28,BR009,C501090,TLR-7694,1690.17,cash deposit,CAD
CA00014462,2025-02-21,BR030,C502851,TLR-2001,3363.58,cash withdrawal,CAD
CA00010714,2025-02-22,BR010,C502970,TLR-5314,1363.56,cash deposit,CAD
CA00009761,2025-02-02,BR006,C500417,TLR-4534,417.75,cash withdrawal,CAD
CA00014306,2025-02-22,BR029,C502273,TLR-6167,886.64,cash withdrawal,CAD
CA00012967,2025-02-21,BR022,C500828,TLR-1106,468.85,cash deposit,CAD
CA00014381,2025-02-17,BR029,C500930,TLR-9819,538.79,cash deposit,CAD
CA00013391,2025-02-03,BR024,C501144,TLR-9972,860.42,cash deposit,CAD
CA00016798,2025-02-07,BR040,C503804,TLR-3352,1758.75,cash deposit,CAD
CA00016124,2025-02-10,BR037,C502192,TLR-2121,190.6,cash deposit,CAD
CA00013535,2025-02-24,BR025,C501572,TLR-1014,1287.74,cash deposit,CAD
CA00009725,2025-02-21,BR005,C500747,TLR-2094,742.97,cash deposit,CAD
CA00010041,2025-02-22,BR006,C503055,TLR-5629,379.85,cash deposit,CAD
CA00015768,2025-02-05,BR036,C501472,TLR-8411,1328.79,cash deposit,CAD
CA00011835,2025-02-07,BR016,C500797,TLR-5739,454.33,cash withdrawal,CAD
CA00014761,2025-02-12,BR031,C500409,TLR-4023,2672.69,cash deposit,CAD
CA00008716,2025-02-25,BR001,C503025,TLR-6684,587.15,cash withdrawal,CAD
CA00010030,2025-02-26,BR006,C503629,TLR-6276,946.19,cash deposit,CAD
CA00013244,2025-02-14,BR024,C503474,TLR-2699,907.69,cash withdrawal,CAD
CA00014132,2025-02-10,BR028,C503312,TLR-3641,1336.16,cash withdrawal,CAD
CA00017606,2025-02-28,BR040,C500064,TLR-8403,1918.03,cash withdrawal,CAD
CA00017234,2025-02-19,BR040,C500024,TLR-9834,3544.29,cash withdrawal,CAD
CA00017011,2025-02-19,BR040,C502521,TLR-9703,2332.67,cash withdrawal,CAD
CA00015078,2025-02-17,BR032,C501803,TLR-9717,715.35,cash withdrawal,CAD
CA00011851,2025-02-24,BR016,C500878,TLR-6140,667.2,cash deposit,CAD
CA00008888,2025-02-08,BR001,C502923,TLR-5418,1090.87,cash withdrawal,CAD
CA00009502,2025-02-12,BR004,C500129,TLR-1395,1250.26,cash withdrawal,CAD
CA00011266,2025-02-22,BR014,C501394,TLR-3789,1282.09,cash withdrawal,CAD
CA00011488,2025-02-22,BR015,C500462,TLR-1893,689.65,cash withdrawal,CAD
CA00015153,2025-02-25,BR033,C500151,TLR-6823,812.91,cash deposit,CAD
CA00012426,2025-02-11,BR019,C501675,TLR-3633,2435.92,cash deposit,CAD
CA00011354,2025-02-09,BR014,C501289,TLR-2929,344.67,cash withdrawal,CAD
CA00013733,2025-02-23,BR026,C502783,TLR-2159,342.26,cash deposit,CAD
CA00012130,2025-02-21,BR017,C500121,TLR-2946,402.42,cash deposit,CAD
CA00012930,2025-02-28,BR021,C503638,TLR-8733,463.84,cash withdrawal,CAD
CA00008909,2025-02-14,BR001,C502202,TLR-8316,1158.86,cash deposit,CAD
CA00015285,2025-02-20,BR034,C500423,TLR-2979,2914.2,cash withdrawal,CAD
CA00014499,2025-02-23,BR030,C503068,TLR-4658,726.78,cash deposit,CAD
CA00011434,2025-02-25,BR015,C502253,TLR-8754,2624.85,cash deposit,CAD
CA00010137,2025-02-13,BR007,C501128,TLR-8148,773.32,cash deposit,CAD
CA00014150,2025-02-05,BR028,C503479,TLR-5480,674.52,cash deposit,CAD
CA00016841,2025-02-13,BR040,C502563,TLR-1898,373.84,cash deposit,CAD
CA00015144,2025-02-10,BR033,C501159,TLR-6163,345.05,cash withdrawal,CAD
CA00015681,2025-02-15,BR035,C500636,TLR-9595,143.99,cash withdrawal,CAD
CA00017384,2025-02-20,BR040,C503363,TLR-9006,3446.41,cash deposit,CAD
CA00013494,2025-02-13,BR025,C500415,TLR-2826,1000.73,cash deposit,CAD
CA00010258,2025-02-02,BR007,C503207,TLR-5794,940.68,cash deposit,CAD
CA00013428,2025-02-16,BR024,C501330,TLR-4556,336.39,cash deposit,CAD
CA00008886,2025-02-02,BR001,C502370,TLR-2874,2759.08,cash withdrawal,CAD
CA00009322,2025-02-06,BR003,C500423,TLR-6062,816.84,cash deposit,CAD
CA00013511,2025-02-13,BR025,C501332,TLR-4166,1133.04,cash deposit,CAD
CA00012631,2025-02-19,BR020,C500380,TLR-3838,711.7,cash deposit,USD
CA00013805,2025-02-13,BR026,C503861,TLR-2869,-1086.09,cash withdrawal,CAD
CA00009844,2025-02-06,BR006,C503297,TLR-1432,1810.54,cash withdrawal,CAD
CA00011014,2025-02-12,BR012,C503612,TLR-8787,2134.97,cash deposit,CAD
CA00016063,2025-02-08,BR037,C500300,TLR-9240,386.21,cash withdrawal,CAD
CA00016227,2025-02-04,BR037,C503538,TLR-3690,780.11,cash deposit,CAD
CA00017596,2025-02-14,BR040,C500964,TLR-5928,1233.1,cash withdrawal,CAD
CA00011409,2025-02-20,BR014,C502440,TLR-5188,2414.82,cash withdrawal,CAD
CA00009375,2025-02-03,BR003,C500656,TLR-7738,453.15,cash deposit,CAD
CA00013026,2025-02-24,BR022,C500195,TLR-4476,1946.38,cash deposit,CAD
CA00011626,2025-02-28,BR015,C503988,TLR-1940,1081.61,cash deposit,CAD
CA00016172,2025-02-11,BR037,C502062,TLR-8743,1849.69,cash withdrawal,CAD
CA00012343,2025-02-22,BR019,C503597,TLR-6303,753.7,cash withdrawal,CAD
CA00011097,2025-02-14,BR012,C502441,TLR-4759,885.64,cash deposit,CAD
CA00012439,2025-02-03,BR019,C501473,TLR-2990,473.02,cash withdrawal,CAD
CA00013011,2025-02-09,BR022,C502630,TLR-1302,279.93,cash deposit,CAD
CA00015588,2025-02-06,BR035,C503386,TLR-8512,2826.97,cash withdrawal,CAD
CA00015452,2025-02-04,BR034,C501599,TLR-4708,1207.77,cash withdrawal,CAD
CA00009727,2025-02-26,BR005,C503038,TLR-4901,581.55,cash deposit,CAD
CA00014247,2025-02-11,BR029,C501485,TLR-3318,533.8,cash deposit,CAD
CA00010797,2025-02-26,BR010,C500548,TLR-6427,1313.49,cash withdrawal,CAD
CA00015677,2025-02-03,BR035,C502274,TLR-5653,796.85,cash deposit,CAD
CA00017281,2025-02-19,BR040,C500998,TLR-6898,1445.43,cash deposit,CAD
CA00017164,2025-02-21,BR040,C503172,TLR-1717,601.1,cash withdrawal,CAD
CA00013426,2025-02-03,BR024,C502700,TLR-6371,4122.89,cash deposit,CAD
CA00012180,2025-02-05,BR017,C502017,TLR-2552,635.93,cash deposit,CAD
CA00013786,2025-02-21,BR026,C500187,TLR-5575,1655.42,cash deposit,CAD
CA00009879,2025-02-02,BR006,C502434,TLR-4542,322.64,cash deposit,CAD
CA00009258,2025-02-01,BR003,C500511,TLR-4807,690.29,cash withdrawal,CAD
CA00011024,2025-02-10,BR012,C502522,TLR-6423,652.06,cash deposit,CAD
CA00012424,2025-02-09,BR019,C503099,TLR-5456,879.31,cash withdrawal,CAD
CA00015860,2025-02-12,BR036,C501980,TLR-2042,893.72,cash withdrawal,CAD
CA00014320,2025-02-20,BR029,C500586,TLR-2295,644.46,cash deposit,CAD
CA00011869,2025-02-18,BR016,C501092,TLR-6860,339.09,cash withdrawal,CAD
CA00013626,2025-02-16,BR025,C500003,TLR-3237,411.32,cash deposit,CAD
CA00016805,2025-02-25,BR040,C500852,TLR-8459,904.57,cash deposit,CAD
CA00013131,2025-02-24,BR023,C500123,TLR-3987,368.13,cash withdrawal,CAD
CA00009880,2025-02-04,BR006,C500053,TLR-4874,1122.44,cash deposit,CAD
CA00011993,2025-02-05,BR017,C503362,TLR-1955,2733.3,cash withdrawal,CAD
CA00016503,2025-02-17,BR039,C503082,TLR-6876,290.35,cash deposit,CAD
CA00010344,2025-02-10,BR008,C501889,TLR-9337,2217.24,cash deposit,CAD
CA00008854,2025-02-02,BR001,C500933,TLR-6242,1227.18,cash deposit,CAD
CA00014803,2025-02-17,BR031,C502195,TLR-6877,887.43,cash deposit,CAD
CA00012283,2025-02-04,BR018,C503780,TLR-3969,1599.71,cash deposit,CAD
CA00016113,2025-02-03,BR037,C500831,TLR-4299,1044.85,cash deposit,CAD
CA00015707,2025-02-27,BR036,C500057,TLR-4852,1511.55,cash withdrawal,CAD
CA00009262,2025-02-24,BR003,C502081,TLR-2200,704.31,cash deposit,CAD
CA00010986,2025-02-18,BR012,C500722,TLR-2418,645.61,cash deposit,CAD
CA00015805,2025-02-07,BR036,C501603,TLR-2444,2008.07,cash deposit,CAD
CA00014857,2025-02-28,BR031,C501574,TLR-5274,876.93,cash withdrawal,CAD
CA00010937,2025-02-16,BR012,C502326,TLR-6882,936.1,cash deposit,CAD
CA00014801,2025-02-09,BR031,C500076,TLR-6675,1656.04,cash withdrawal,CAD
CA00008703,2025-02-25,BR001,C502199,TLR-3157,973.1,cash withdrawal,CAD
CA00009344,2025-02-05,BR003,C502292,TLR-6291,1021.56,cash withdrawal,CAD
CA00016313,2025-02-02,BR038,C501068,TLR-8852,1353.69,cash withdrawal,CAD
CA00015721,2025-02-05,BR036,C501239,TLR-9198,1422.91,cash withdrawal,CAD
CA00010331,2025-02-20,BR008,C503046,TLR-7045,1976.41,cash withdrawal,CAD
CA00015555,2025-02-12,BR035,C503978,TLR-6612,1839.71,cash withdrawal,CAD
CA00009735,2025-02-15,BR005,C501243,TLR-9527,2003.32,cash deposit,CAD
CA00013363,2025-02-02,BR024,C501774,TLR-3178,1013.63,cash deposit,CAD
CA00015447,2025-02-12,BR034,C502569,TLR-8599,1140.39,cash withdrawal,CAD
CA00012135,2025-02-20,BR017,C500597,TLR-8241,512.0,cash deposit,CAD
CA00017299,2025-02-14,BR040,C501729,TLR-2078,1032.28,cash withdrawal,CAD
CA00014540,2025-02-07,BR030,C501258,TLR-7265,369.44,cash deposit,CAD
CA00016273,2025-02-28,BR038,C503075,TLR-6732,3351.2,cash withdrawal,CAD
CA00012389,2025-02-06,BR019,C501848,TLR-1976,575.93,cash withdrawal,CAD
CA00013616,2025-02-14,BR025,C500980,TLR-8278,1134.29,cash deposit,CAD
CA00014897,2025-02-13,BR031,C502483,TLR-2107,848.08,cash withdrawal,CAD
CA00016573,2025-02-19,BR039,C503833,TLR-2289,3052.48,cash deposit,CAD
CA00008758,2025-02-01,BR001,C503639,TLR-9522,1700.69,cash deposit,CAD
CA00011875,2025-02-26,BR016,C503696,TLR-1315,1127.49,cash withdrawal,CAD
CA00016318,2025-02-24,BR038,C503330,TLR-8986,719.33,cash withdrawal,CAD
CA00011998,2025-02-22,BR017,C501515,TLR-2907,843.62,cash deposit,CAD
CA00010878,2025-02-05,BR011,C502705,TLR-3128,814.0,cash withdrawal,CAD
CA00009928,2025-02-19,BR006,C502018,TLR-6647,465.77,cash deposit,CAD
CA00012279,2025-02-13,BR018,C502410,TLR-6869,914.38,cash deposit,CAD
CA00009365,2025-02-12,BR003,C502354,TLR-7653,678.35,cash withdrawal,CAD
CA00013081,2025-02-07,BR023,C503632,TLR-8547,3080.84,cash withdrawal,CAD
CA00010856,2025-02-10,BR011,C501214,TLR-6865,2171.06,cash withdrawal,CAD
CA00009275,2025-02-12,BR003,C501708,TLR-9672,231.39,cash withdrawal,CAD
CA00017598,2025-02-24,BR040,C500911,TLR-9677,910.26,cash withdrawal,CAD
CA00016075,2025-02-17,BR037,C502881,TLR-4737,1677.8,cash withdrawal,CAD
CA00009311,2025-02-02,BR003,C503484,TLR-2962,920.63,cash deposit,CAD
CA00016863,2025-02-07,BR040,C500515,TLR-7008,487.2,cash deposit,CAD
CA00017579,2025-02-02,BR040,C501970,TLR-1595,642.02,cash deposit,CAD
CA00010493,2025-02-21,BR008,C503176,TLR-7553,1968.84,cash withdrawal,CAD
CA00011594,2025-02-07,BR015,C503356,TLR-3682,297.29,cash withdrawal,CAD
CA00013425,2025-02-24,BR024,C501199,TLR-7265,792.98,cash deposit,CAD
CA00011166,2025-02-27,BR013,C501275,TLR-2633,256.0,cash withdrawal,CAD
CA00014028,2025-02-01,BR027,C503174,TLR-6491,1917.13,cash deposit,CAD
CA00015954,2025-02-16,BR036,C501879,TLR-8016,2404.75,cash withdrawal,CAD
CA00017294,2025-02-21,BR040,C501175,TLR-1676,230.98,cash withdrawal,CAD
CA00014786,2025-02-01,BR031,C501166,TLR-5027,3068.88,cash withdrawal,CAD
CA00010131,2025-02-18,BR007,C500631,TLR-6377,1541.51,cash deposit,CAD
CA00009945,2025-02-10,BR006,C502835,TLR-5821,483.59,cash deposit,CAD
CA00013819,2025-02-15,BR026,C502541,TLR-3658,-1207.21,cash withdrawal,CAD
CA00010492,2025-02-04,BR008,C503564,TLR-6063,784.91,cash withdrawal,CAD
CA00017515,2025-02-08,BR040,C502546,TLR-9174,669.29,cash deposit,CAD
CA00013760,2025-02-01,BR026,C503260,TLR-6915,2261.9,cash deposit,CAD
CA00017682,2025-02-16,BR040,C503776,TLR-3419,1701.09,cash deposit,CAD
CA00014051,2025-02-07,BR027,C502983,TLR-6279,2022.61,cash deposit,CAD
CA00010332,2025-02-13,BR008,C501418,TLR-8501,1545.45,cash withdrawal,CAD
CA00014021,2025-02-08,BR027,C502944,TLR-6169,1499.73,cash deposit,CAD
CA00015415,2025-02-18,BR034,C503683,TLR-2709,707.83,cash withdrawal,CAD
CA00013829,2025-02-19,BR026,C501728,TLR-6722,-1883.08,cash withdrawal,CAD
CA00016336,2025-02-22,BR038,C503172,TLR-6712,810.6,cash deposit,CAD
CA00016142,2025-02-15,BR037,C500802,TLR-8323,5773.37,cash withdrawal,CAD
CA00014879,2025-02-14,BR031,C500314,TLR-2988,297.94,cash deposit,CAD
CA00016455,2025-02-06,BR039,C501478,TLR-8922,2620.42,cash deposit,CAD
CA00012978,2025-02-24,BR022,C503175,TLR-8552,1110.49,cash deposit,CAD
CA00013408,2025-02-18,BR024,C502368,TLR-3399,769.78,cash withdrawal,CAD
CA00016295,2025-02-11,BR038,C502705,TLR-4369,381.59,cash withdrawal,CAD
CA00016641,2025-02-07,BR039,C500198,TLR-1771,1762.14,cash deposit,CAD
CA00011877,2025-02-26,BR016,C503676,TLR-1969,648.41,cash withdrawal,CAD
CA00015499,2025-02-17,BR035,C502471,TLR-4605,1761.25,cash deposit,CAD
CA00011029,2025-02-12,BR012,C501564,TLR-7032,1990.42,cash deposit,CAD
CA00016077,2025-02-08,BR037,C502307,TLR-6852,1162.46,cash withdrawal,CAD
CA00009266,2025-02-16,BR003,C503455,TLR-7172,572.78,cash withdrawal,CAD
CA00010866,2025-02-26,BR011,C501675,TLR-8039,1962.51,cash deposit,CAD
CA00011921,2025-02-18,BR016,C502197,TLR-4731,987.17,cash deposit,CAD
CA00015214,2025-02-10,BR033,C503426,TLR-7632,599.08,cash deposit,CAD
CA00014606,2025-02-08,BR030,C502349,TLR-5673,624.85,cash withdrawal,CAD
CA00017240,2025-02-18,BR040,C503801,TLR-1480,317.69,cash withdrawal,CAD
CA00009762,2025-02-09,BR006,C500101,TLR-7511,1607.32,cash withdrawal,CAD
CA00016839,2025-02-23,BR040,C501914,TLR-9973,1983.31,cash withdrawal,CAD
CA00013561,2025-02-16,BR025,C501974,TLR-7285,-869.14,cash withdrawal,CAD
CA00015584,2025-02-16,BR035,C502832,TLR-8903,1183.16,cash deposit,CAD
CA00014901,2025-02-17,BR031,C501537,TLR-4142,286.19,cash withdrawal,CAD
CA00011705,2025-02-15,BR015,C501441,TLR-9579,968.72,cash deposit,CAD
CA00009989,2025-02-25,BR006,C503052,TLR-1205,1015.31,cash deposit,CAD
CA00015472,2025-02-20,BR035,C502926,TLR-8368,1523.58,cash deposit,CAD
CA00014340,2025-02-02,BR029,C503751,TLR-7623,1193.89,cash withdrawal,CAD
CA00011345,2025-02-06,BR014,C500854,TLR-9449,807.46,cash withdrawal,CAD
CA00009564,2025-02-15,BR004,C501961,TLR-3306,568.12,cash deposit,CAD
CA00013085,2025-02-02,BR023,C502158,TLR-5278,319.08,cash deposit,CAD
CA00016527,2025-02-16,BR039,C502209,TLR-1852,194.94,cash deposit,CAD
CA00017083,2025-02-24,BR040,C503955,TLR-2752,849.51,cash withdrawal,CAD
CA00009155,2025-02-28,BR002,C500182,TLR-6598,215.37,cash deposit,CAD
CA00010200,2025-02-24,BR007,C500969,TLR-9095,2659.51,cash deposit,CAD
CA00010368,2025-02-25,BR008,C500818,TLR-7498,2835.47,cash withdrawal,CAD
CA00011342,2025-02-12,BR014,C503176,TLR-2800,785.63,cash withdrawal,CAD
CA00009913,2025-02-25,BR006,C501691,TLR-6064,1566.44,cash withdrawal,CAD
CA00012867,2025-02-22,BR021,C500110,TLR-8604,1488.78,cash deposit,CAD
CA00016820,2025-02-15,BR040,C500465,TLR-3510,468.95,cash deposit,CAD
CA00015307,2025-02-17,BR034,C501185,TLR-2318,813.61,cash withdrawal,CAD
CA00009276,2025-02-02,BR003,C503929,TLR-6464,498.56,cash deposit,CAD
CA00016500,2025-02-06,BR039,C500514,TLR-3446,1332.07,cash withdrawal,CAD
CA00009091,2025-02-20,BR002,C501302,TLR-4938,-362.04,cash withdrawal,CAD
CA00013551,2025-02-28,BR025,C502608,TLR-4095,-761.04,cash withdrawal,CAD
CA00010482,2025-02-24,BR008,C500850,TLR-7371,1547.07,cash deposit,CAD
CA00015843,2025-02-05,BR036,C501332,TLR-9693,521.51,cash deposit,CAD
CA00011533,2025-02-05,BR015,C502568,TLR-4531,1368.66,cash withdrawal,CAD
CA00013151,2025-02-27,BR023,C502149,TLR-7858,2189.94,cash deposit,CAD
CA00013100,2025-02-06,BR023,C503443,TLR-8408,2252.98,cash withdrawal,CAD
CA00013546,2025-02-03,BR025,C503636,TLR-4731,-448.18,cash withdrawal,CAD
CA00015241,2025-02-13,BR033,C500576,TLR-5653,1499.32,cash withdrawal,CAD
CA00016637,2025-02-21,BR039,C500666,TLR-4473,786.26,cash deposit,CAD
CA00013827,2025-02-11,BR026,C503663,TLR-9121,-249.39,cash withdrawal,CAD
CA00009237,2025-02-14,BR003,C501711,TLR-5264,580.34,cash withdrawal,CAD
CA00011897,2025-02-08,BR016,C502814,TLR-8707,2629.68,cash deposit,CAD
CA00012064,2025-02-23,BR017,C501832,TLR-3192,371.62,cash deposit,CAD
CA00011278,2025-02-03,BR014,C501638,TLR-8340,1269.63,cash withdrawal,CAD
CA00012062,2025-02-23,BR017,C502439,TLR-3207,1546.94,cash withdrawal,CAD
CA00016235,2025-02-22,BR037,C503978,TLR-9701,815.87,cash deposit,CAD
CA00013581,2025-02-17,BR025,C500695,TLR-1134,407.5,cash deposit,CAD
CA00011886,2025-02-26,BR016,C501495,TLR-7129,372.61,cash deposit,CAD
CA00014883,2025-02-05,BR031,C503501,TLR-6202,794.23,cash deposit,CAD
CA00012763,2025-02-17,BR020,C503323,TLR-2102,1118.38,cash withdrawal,USD
CA00017641,2025-02-05,BR040,C503901,TLR-2529,1076.38,cash withdrawal,CAD
CA00015676,2025-02-06,BR035,C500191,TLR-7422,641.68,cash deposit,CAD
CA00011138,2025-02-10,BR012,C503982,TLR-7737,286.33,cash deposit,CAD
CA00009474,2025-02-22,BR004,C502811,TLR-6159,1103.78,cash withdrawal,CAD
CA00017133,2025-02-07,BR040,C503042,TLR-1802,895.05,cash deposit,CAD
CA00014354,2025-02-22,BR029,C503443,TLR-6767,1352.85,cash deposit,CAD
CA00017490,2025-02-05,BR040,C501906,TLR-7244,1538.16,cash withdrawal,CAD
CA00012097,2025-02-28,BR017,C503984,TLR-3026,3078.6,cash deposit,CAD
CA00010688,2025-02-24,BR010,C500568,TLR-4531,970.1,cash withdrawal,CAD
CA00009908,2025-02-11,BR006,C502627,TLR-2737,624.75,cash deposit,CAD
CA00016133,2025-02-10,BR037,C501672,TLR-4280,597.78,cash deposit,CAD
CA00010567,2025-02-19,BR009,C502923,TLR-7425,621.99,cash withdrawal,CAD
CA00009386,2025-02-16,BR003,C501000,TLR-7402,614.06,cash deposit,CAD
CA00010220,2025-02-06,BR007,C500673,TLR-8602,404.27,cash withdrawal,CAD
CA00012598,2025-02-22,BR020,C501708,TLR-8363,1183.04,cash deposit,USD
CA00017670,2025-02-10,BR040,C503993,TLR-7903,194.59,cash withdrawal,CAD
CA00014487,2025-02-14,BR030,C500055,TLR-2715,428.35,cash withdrawal,CAD
CA00015429,2025-02-13,BR034,C502218,TLR-6323,3216.01,cash withdrawal,CAD
CA00015171,2025-02-23,BR033,C503174,TLR-6578,423.1,cash withdrawal,CAD
CA00017504,2025-02-09,BR040,C503351,TLR-8295,7589.31,cash withdrawal,CAD
CA00014638,2025-02-10,BR030,C503369,TLR-4977,2039.17,cash withdrawal,CAD
CA00008827,2025-02-23,BR001,C501128,TLR-7986,809.96,cash deposit,CAD
CA00011296,2025-02-14,BR014,C501234,TLR-9292,1948.39,cash deposit,CAD
CA00013186,2025-02-09,BR024,C503133,TLR-3546,734.07,cash withdrawal,CAD
CA00010479,2025-02-02,BR008,C503935,TLR-2967,710.5,cash deposit,CAD
CA00011420,2025-02-11,BR014,C503043,TLR-6357,1428.38,cash deposit,CAD
CA00010297,2025-02-20,BR008,C500859,TLR-4161,525.32,cash withdrawal,CAD
CA00017637,2025-02-04,BR040,C502078,TLR-2107,1082.69,cash deposit,CAD
CA00015046,2025-02-21,BR032,C502716,TLR-7875,436.26,cash withdrawal,CAD
CA00009269,2025-02-02,BR003,C500908,TLR-1788,562.12,cash withdrawal,CAD
CA00014434,2025-02-23,BR030,C502939,TLR-7898,584.76,cash deposit,CAD
CA00017543,2025-02-15,BR040,C501065,TLR-6001,579.24,cash deposit,CAD
CA00014864,2025-02-07,BR031,C500374,TLR-5833,397.23,cash deposit,CAD
CA00014992,2025-02-11,BR032,C502582,TLR-1443,4190.23,cash deposit,CAD
CA00014262,2025-02-08,BR029,C503049,TLR-1649,313.3,cash deposit,CAD
CA00012559,2025-02-22,BR019,C502070,TLR-6998,1661.6,cash withdrawal,CAD
CA00013769,2025-02-14,BR026,C500337,TLR-6615,-1687.6,cash withdrawal,CAD
CA00013688,2025-02-07,BR026,C500054,TLR-5002,-1742.96,cash withdrawal,CAD
CA00014941,2025-02-24,BR031,C500800,TLR-6076,2487.18,cash withdrawal,CAD
CA00014497,2025-02-25,BR030,C502626,TLR-3079,1209.26,cash withdrawal,CAD
CA00017615,2025-02-08,BR040,C502390,TLR-2959,976.32,cash withdrawal,CAD
CA00014837,2025-02-03,BR031,C502443,TLR-6930,799.79,cash withdrawal,CAD
CA00010016,2025-02-23,BR006,C501305,TLR-2839,1713.21,cash deposit,CAD
CA00014384,2025-02-15,BR029,C502423,TLR-8817,376.19,cash withdrawal,CAD
CA00009619,2025-02-25,BR004,C502345,TLR-2231,1809.49,cash deposit,CAD
CA00011789,2025-02-09,BR016,C503555,TLR-4611,1801.89,cash withdrawal,CAD
CA00011133,2025-02-08,BR012,C503769,TLR-8029,414.52,cash withdrawal,CAD
CA00011895,2025-02-01,BR016,C501309,TLR-1495,412.67,cash deposit,CAD
CA00013398,2025-02-23,BR024,C500348,TLR-3017,319.9,cash withdrawal,CAD
CA00014870,2025-02-27,BR031,C502435,TLR-3123,222.53,cash withdrawal,CAD
CA00012688,2025-02-18,BR020,C500048,TLR-4328,119.8,cash deposit,USD
CA00010039,2025-02-27,BR006,C503694,TLR-2233,198.86,cash withdrawal,CAD
CA00014464,2025-02-13,BR030,C503991,TLR-2451,584.77,cash withdrawal,CAD
CA00017509,2025-02-01,BR040,C503919,TLR-2709,812.05,cash withdrawal,CAD
CA00012289,2025-02-02,BR018,C502087,TLR-3575,1280.98,cash withdrawal,CAD
CA00017541,2025-02-11,BR040,C500666,TLR-6899,1499.39,cash withdrawal,CAD
CA00017351,2025-02-06,BR040,C503198,TLR-9284,996.46,cash withdrawal,CAD
CA00017669,2025-02-06,BR040,C500785,TLR-9533,447.18,cash withdrawal,CAD
CA00010166,2025-02-16,BR007,C500680,TLR-1419,989.94,cash withdrawal,CAD
CA00009593,2025-02-27,BR004,C503115,TLR-2099,693.05,cash deposit,CAD
CA00011135,2025-02-23,BR012,C503026,TLR-3025,667.74,cash withdrawal,CAD
CA00015855,2025-02-12,BR036,C500567,TLR-6044,2486.67,cash withdrawal,CAD
CA00012412,2025-02-17,BR019,C501121,TLR-4453,3341.04,cash deposit,CAD
CA00015283,2025-02-15,BR034,C500007,TLR-8401,3101.26,cash withdrawal,CAD
CA00016269,2025-02-13,BR038,C502276,TLR-5801,1587.93,cash withdrawal,CAD
CA00014524,2025-02-06,BR030,C500069,TLR-7278,1009.24,cash deposit,CAD
CA00011044,2025-02-09,BR012,C503400,TLR-2238,1036.07,cash deposit,CAD
CA00010987,2025-02-15,BR012,C500235,TLR-1737,689.44,cash withdrawal,CAD
CA00016949,2025-02-25,BR040,C502018,TLR-8546,552.28,cash deposit,CAD
CA00014402,2025-02-13,BR030,C503642,TLR-3780,1154.15,cash withdrawal,CAD
CA00014825,2025-02-07,BR031,C501198,TLR-2630,1051.82,cash deposit,CAD
CA00016053,2025-02-17,BR037,C501847,TLR-5740,518.55,cash withdrawal,CAD
CA00011932,2025-02-09,BR016,C503964,TLR-3516,2362.17,cash deposit,CAD
CA00016939,2025-02-03,BR040,C503868,TLR-6374,420.03,cash deposit,CAD
CA00011841,2025-02-01,BR016,C503631,TLR-7673,3432.4,cash deposit,CAD
CA00010232,2025-02-05,BR007,C501320,TLR-7919,1069.01,cash withdrawal,CAD
CA00011307,2025-02-13,BR014,C502579,TLR-4086,1649.67,cash withdrawal,CAD
CA00016622,2025-02-26,BR039,C503618,TLR-5282,1064.79,cash withdrawal,CAD
CA00012843,2025-02-19,BR021,C502464,TLR-8109,1756.47,cash withdrawal,CAD
CA00013591,2025-02-22,BR025,C500026,TLR-3390,-2803.12,cash withdrawal,CAD
CA00013352,2025-02-02,BR024,C500593,TLR-1975,1466.94,cash withdrawal,CAD
CA00011489,2025-02-11,BR015,C500242,TLR-4505,729.0,cash deposit,CAD
CA00016056,2025-02-26,BR037,C503721,TLR-1097,2333.69,cash withdrawal,CAD
CA00017020,2025-02-11,BR040,C501028,TLR-1187,426.43,cash withdrawal,CAD
CA00008906,2025-02-22,BR001,C501220,TLR-6482,889.25,cash deposit,CAD
CA00013650,2025-02-02,BR025,C502768,TLR-6024,629.65,cash deposit,CAD
CA00017487,2025-02-19,BR040,C500948,TLR-5509,1713.25,cash withdrawal,CAD
CA00016850,2025-02-26,BR040,C500135,TLR-1161,2038.96,cash withdrawal,CAD
CA00013921,2025-02-05,BR027,C503567,TLR-6871,1376.08,cash deposit,CAD
CA00008713,2025-02-12,BR001,C501320,TLR-9907,487.71,cash withdrawal,CAD
CA00016296,2025-02-09,BR038,C503780,TLR-4984,1264.93,cash deposit,CAD
CA00016782,2025-02-07,BR040,C500872,TLR-2565,1167.73,cash withdrawal,CAD
CA00012900,2025-02-25,BR021,C501487,TLR-7174,1547.95,cash deposit,CAD
CA00014607,2025-02-12,BR030,C501710,TLR-2158,1350.98,cash withdrawal,CAD
CA00015045,2025-02-07,BR032,C503656,TLR-7536,1330.31,cash deposit,CAD
CA00015266,2025-02-11,BR033,C501212,TLR-4721,719.88,cash deposit,CAD
CA00014682,2025-02-13,BR030,C500602,TLR-6342,816.55,cash deposit,CAD
CA00009553,2025-02-12,BR004,C500280,TLR-5072,378.67,cash deposit,CAD
CA00014778,2025-02-16,BR031,C500930,TLR-9564,2254.46,cash deposit,CAD
CA00014958,2025-02-14,BR031,C502395,TLR-5222,350.26,cash deposit,CAD
CA00014612,2025-02-28,BR030,C500156,TLR-6552,1896.7,cash withdrawal,CAD
CA00015757,2025-02-01,BR036,C502102,TLR-9685,349.65,cash deposit,CAD
CA00013489,2025-02-04,BR025,C500884,TLR-7285,380.62,cash deposit,CAD
CA00009858,2025-02-15,BR006,C502190,TLR-2901,857.85,cash withdrawal,CAD
CA00016067,2025-02-08,BR037,C502015,TLR-7951,1083.13,cash deposit,CAD
CA00008942,2025-02-05,BR001,C500769,TLR-2335,365.72,cash deposit,CAD
CA00015083,2025-02-06,BR032,C502593,TLR-1907,2617.36,cash withdrawal,CAD
CA00013230,2025-02-12,BR024,C502877,TLR-1901,1701.02,cash withdrawal,CAD
CA00014350,2025-02-12,BR029,C500501,TLR-9574,1952.34,cash deposit,CAD
CA00012164,2025-02-10,BR017,C500275,TLR-2926,1678.71,cash withdrawal,CAD
CA00010328,2025-02-24,BR008,C502059,TLR-7849,4287.85,cash deposit,CAD
CA00015389,2025-02-20,BR034,C503394,TLR-1398,1696.25,cash withdrawal,CAD
CA00010805,2025-02-05,BR010,C503491,TLR-8507,1287.71,cash withdrawal,CAD
CA00014614,2025-02-07,BR030,C500897,TLR-3464,580.69,cash deposit,CAD
CA00013138,2025-02-22,BR023,C501469,TLR-7904,764.05,cash deposit,CAD
CA00013640,2025-02-27,BR025,C502467,TLR-7680,-1373.15,cash withdrawal,CAD
CA00010102,2025-02-02,BR007,C502836,TLR-5449,1203.73,cash deposit,CAD
CA00011262,2025-02-22,BR014,C503458,TLR-4912,662.45,cash withdrawal,CAD
CA00009641,2025-02-08,BR004,C501809,TLR-2017,1552.15,cash withdrawal,CAD
CA00010378,2025-02-21,BR008,C502066,TLR-8918,588.55,cash withdrawal,CAD
CA00010799,2025-02-16,BR010,C500896,TLR-5794,545.11,cash deposit,CAD
CA00014298,2025-02-06,BR029,C501687,TLR-6959,544.75,cash deposit,CAD
CA00010726,2025-02-17,BR010,C501617,TLR-1680,704.44,cash withdrawal,CAD
CA00017561,2025-02-08,BR040,C500536,TLR-5483,2633.23,cash deposit,CAD
CA00012748,2025-02-22,BR020,C502840,TLR-9822,1105.81,cash withdrawal,USD
CA00012017,2025-02-22,BR017,C502445,TLR-6173,464.92,cash deposit,CAD
CA00009308,2025-02-24,BR003,C503986,TLR-4500,821.84,cash deposit,CAD
CA00010078,2025-02-09,BR007,C502242,TLR-6402,413.88,cash deposit,CAD
CA00013666,2025-02-09,BR026,C500300,TLR-9751,-478.34,cash withdrawal,CAD
CA00013127,2025-02-13,BR023,C500797,TLR-5935,1111.94,cash deposit,CAD
CA00017241,2025-02-25,BR040,C501460,TLR-3288,530.75,cash deposit,CAD
CA00016213,2025-02-05,BR037,C501388,TLR-2921,515.26,cash withdrawal,CAD
CA00013764,2025-02-21,BR026,C501158,TLR-9002,1273.64,cash deposit,CAD
CA00014347,2025-02-05,BR029,C500866,TLR-5991,2666.89,cash withdrawal,CAD
CA00015457,2025-02-10,BR035,C503156,TLR-8086,1334.74,cash withdrawal,CAD
CA00016554,2025-02-15,BR039,C502210,TLR-9468,446.96,cash deposit,CAD
CA00016264,2025-02-07,BR038,C502338,TLR-7917,526.19,cash withdrawal,CAD
CA00011729,2025-02-16,BR016,C500055,TLR-5933,330.38,cash withdrawal,CAD
CA00011436,2025-02-01,BR015,C503750,TLR-2093,1151.57,cash deposit,CAD
CA00016194,2025-02-02,BR037,C503808,TLR-7549,669.07,cash deposit,CAD
CA00017560,2025-02-02,BR040,C501317,TLR-8310,820.91,cash deposit,CAD
CA00014904,2025-02-27,BR031,C502272,TLR-9383,2274.99,cash deposit,CAD
CA00016836,2025-02-12,BR040,C503014,TLR-4876,760.48,cash withdrawal,CAD
CA00009309,2025-02-20,BR003,C501831,TLR-9357,579.64,cash withdrawal,CAD
CA00010318,2025-02-28,BR008,C502803,TLR-7883,640.34,cash deposit,CAD
CA00012356,2025-02-07,BR019,C500600,TLR-2223,545.41,cash deposit,CAD
CA00016957,2025-02-16,BR040,C502698,TLR-6868,2080.84,cash deposit,CAD
CA00010563,2025-02-23,BR009,C503439,TLR-3970,1898.29,cash deposit,CAD
CA00016223,2025-02-25,BR037,C500166,TLR-8849,1635.61,cash deposit,CAD
CA00017235,2025-02-22,BR040,C501881,TLR-7942,590.61,cash withdrawal,CAD
CA00012551,2025-02-04,BR019,C503201,TLR-8711,648.73,cash withdrawal,CAD
CA00012304,2025-02-02,BR018,C503650,TLR-8108,767.48,cash deposit,CAD
CA00010403,2025-02-28,BR008,C503257,TLR-9252,290.9,cash deposit,CAD
CA00008861,2025-02-06,BR001,C502017,TLR-8420,2580.53,cash withdrawal,CAD
CA00012199,2025-02-18,BR018,C501865,TLR-8248,970.56,cash deposit,CAD
CA00012399,2025-02-06,BR019,C502250,TLR-8170,344.49,cash withdrawal,CAD
CA00013163,2025-02-20,BR023,C500197,TLR-7419,685.83,cash withdrawal,CAD
CA00009002,2025-02-16,BR002,C502980,TLR-3766,1188.16,cash deposit,CAD
CA00015589,2025-02-27,BR035,C500234,TLR-7937,605.19,cash deposit,CAD
CA00012311,2025-02-21,BR019,C502887,TLR-6819,201.2,cash withdrawal,CAD
CA00016493,2025-02-13,BR039,C501499,TLR-1198,1179.51,cash withdrawal,CAD
CA00012035,2025-02-06,BR017,C502896,TLR-6471,670.56,cash deposit,CAD
CA00013471,2025-02-13,BR025,C500576,TLR-9736,572.34,cash deposit,CAD
CA00013920,2025-02-23,BR027,C502075,TLR-6494,1004.12,cash withdrawal,CAD
CA00014546,2025-02-01,BR030,C500808,TLR-7710,442.5,cash withdrawal,CAD
CA00008785,2025-02-26,BR001,C501168,TLR-2121,587.56,cash deposit,CAD
CA00014275,2025-02-07,BR029,C503628,TLR-8858,450.81,cash withdrawal,CAD
CA00017013,2025-02-19,BR040,C502802,TLR-7315,1271.04,cash withdrawal,CAD
CA00016085,2025-02-06,BR037,C503332,TLR-7662,817.19,cash withdrawal,CAD
CA00016407,2025-02-22,BR038,C502688,TLR-6529,920.48,cash deposit,CAD
CA00016796,2025-02-14,BR040,C502007,TLR-4427,704.51,cash withdrawal,CAD
CA00011055,2025-02-25,BR012,C502918,TLR-4959,536.18,cash deposit,CAD
CA00008717,2025-02-23,BR001,C500279,TLR-2752,666.65,cash withdrawal,CAD
CA00012557,2025-02-27,BR019,C502445,TLR-4166,1417.73,cash withdrawal,CAD
CA00015972,2025-02-11,BR037,C503856,TLR-2737,580.17,cash withdrawal,CAD
CA00011780,2025-02-13,BR016,C502837,TLR-3897,844.81,cash deposit,CAD
CA00010380,2025-02-24,BR008,C503219,TLR-1365,1467.01,cash deposit,CAD
CA00012770,2025-02-22,BR021,C502771,TLR-9896,897.57,cash withdrawal,CAD
CA00016773,2025-02-07,BR040,C501671,TLR-4994,1435.91,cash deposit,CAD
CA00014799,2025-02-20,BR031,C501456,TLR-9711,727.01,cash deposit,CAD
CA00013957,2025-02-02,BR027,C503467,TLR-9366,1257.9,cash deposit,CAD
CA00015905,2025-02-03,BR036,C500626,TLR-7217,851.5,cash deposit,CAD
CA00013241,2025-02-09,BR024,C501118,TLR-8998,415.11,cash deposit,CAD
CA00014585,2025-02-12,BR030,C503721,TLR-4235,706.07,cash withdrawal,CAD
CA00010079,2025-02-03,BR007,C500598,TLR-8845,822.36,cash withdrawal,CAD
CA00013931,2025-02-02,BR027,C500367,TLR-9391,714.68,cash deposit,CAD
CA00013194,2025-02-05,BR024,C502526,TLR-8238,1960.77,cash deposit,CAD
CA00009227,2025-02-11,BR003,C500198,TLR-1429,930.6,cash withdrawal,CAD
CA00017350,2025-02-13,BR040,C502088,TLR-5495,1009.88,cash deposit,CAD
CA00010074,2025-02-06,BR007,C503313,TLR-5823,506.22,cash deposit,CAD
CA00013578,2025-02-22,BR025,C500250,TLR-8099,-235.75,cash withdrawal,CAD
CA00013772,2025-02-02,BR026,C500448,TLR-2424,-977.56,cash withdrawal,CAD
CA00012372,2025-02-23,BR019,C502979,TLR-9650,1341.11,cash deposit,CAD
CA00017178,2025-02-17,BR040,C500816,TLR-9730,653.09,cash withdrawal,CAD
CA00011077,2025-02-05,BR012,C501357,TLR-9920,351.35,cash deposit,CAD
CA00013667,2025-02-16,BR026,C501731,TLR-8280,400.62,cash deposit,CAD
CA00012484,2025-02-27,BR019,C502506,TLR-5680,600.77,cash deposit,CAD
CA00016995,2025-02-16,BR040,C501225,TLR-7499,234.4,cash deposit,CAD
CA00014108,2025-02-15,BR028,C502050,TLR-8055,427.18,cash withdrawal,CAD
CA00010569,2025-02-16,BR009,C503721,TLR-1085,1228.82,cash withdrawal,CAD
CA00009589,2025-02-05,BR004,C502811,TLR-3229,108.11,cash withdrawal,CAD
CA00015161,2025-02-05,BR033,C501675,TLR-3702,785.97,cash deposit,CAD
CA00015882,2025-02-18,BR036,C503900,TLR-2890,842.18,cash deposit,CAD
CA00010877,2025-02-04,BR011,C500458,TLR-3570,1373.31,cash withdrawal,CAD
CA00010437,2025-02-07,BR008,C503261,TLR-6584,2450.38,cash deposit,CAD
CA00011804,2025-02-17,BR016,C503325,TLR-6859,1497.89,cash deposit,CAD
CA00013846,2025-02-06,BR026,C502166,TLR-8706,804.29,cash deposit,CAD
CA00015057,2025-02-16,BR032,C503283,TLR-1138,1023.17,cash deposit,CAD
CA00016701,2025-02-06,BR040,C502027,TLR-2303,639.87,cash withdrawal,CAD
CA00016555,2025-02-03,BR039,C502600,TLR-5944,393.69,cash deposit,CAD
CA00014731,2025-02-13,BR031,C502069,TLR-7792,2270.39,cash withdrawal,CAD
CA00009115,2025-02-27,BR002,C501103,TLR-9055,-4862.06,cash withdrawal,CAD
CA00013411,2025-02-02,BR024,C503943,TLR-2362,488.4,cash deposit,CAD
CA00011956,2025-02-18,BR017,C502507,TLR-6784,1879.05,cash deposit,CAD
CA00010063,2025-02-22,BR007,C503953,TLR-7944,1141.12,cash withdrawal,CAD
CA00011182,2025-02-19,BR013,C502154,TLR-8703,2020.84,cash deposit,CAD
CA00014685,2025-02-09,BR030,C503714,TLR-5753,1598.59,cash withdrawal,CAD
CA00010476,2025-02-15,BR008,C503818,TLR-5088,783.26,cash withdrawal,CAD
CA00015848,2025-02-27,BR036,C502084,TLR-6439,517.0,cash deposit,CAD
CA00009723,2025-02-04,BR005,C502918,TLR-3673,391.71,cash withdrawal,CAD
CA00010379,2025-02-10,BR008,C503405,TLR-2342,1106.37,cash deposit,CAD
CA00016449,2025-02-05,BR039,C503356,TLR-1164,957.53,cash deposit,CAD
CA00016685,2025-02-13,BR040,C503815,TLR-1600,498.45,cash withdrawal,CAD
CA00011027,2025-02-23,BR012,C501789,TLR-2947,582.28,cash deposit,CAD
CA00015210,2025-02-19,BR033,C501806,TLR-6898,1093.14,cash deposit,CAD
CA00015718,2025-02-11,BR036,C502935,TLR-8935,1434.96,cash deposit,CAD
CA00015348,2025-02-17,BR034,C502287,TLR-7932,720.39,cash withdrawal,CAD
CA00012056,2025-02-24,BR017,C501702,TLR-6062,1201.34,cash withdrawal,CAD
CA00010316,2025-02-22,BR008,C502879,TLR-4762,1264.85,cash deposit,CAD
CA00013627,2025-02-23,BR025,C502065,TLR-3560,-432.01,cash withdrawal,CAD
CA00009406,2025-02-10,BR003,C502710,TLR-1945,2952.57,cash deposit,CAD
CA00012381,2025-02-15,BR019,C500411,TLR-7570,1819.22,cash deposit,CAD
CA00017168,2025-02-21,BR040,C502884,TLR-3166,3155.08,cash deposit,CAD
CA00014067,2025-02-04,BR027,C502426,TLR-4824,432.26,cash deposit,CAD
CA00010032,2025-02-17,BR006,C503792,TLR-9329,553.37,cash deposit,CAD
CA00013761,2025-02-13,BR026,C503023,TLR-4719,958.87,cash deposit,CAD
CA00011156,2025-02-02,BR013,C502946,TLR-8529,2094.81,cash deposit,CAD
CA00015265,2025-02-03,BR033,C500328,TLR-2519,557.1,cash deposit,CAD
CA00016738,2025-02-21,BR040,C503409,TLR-5646,1708.95,cash withdrawal,CAD
CA00011452,2025-02-15,BR015,C501373,TLR-2608,240.42,cash withdrawal,CAD
CA00016265,2025-02-24,BR038,C500437,TLR-2229,1920.21,cash deposit,CAD
CA00014089,2025-02-13,BR027,C500798,TLR-2263,328.61,cash withdrawal,CAD
CA00015300,2025-02-02,BR034,C500449,TLR-2198,519.43,cash deposit,CAD
CA00013824,2025-02-13,BR026,C500284,TLR-6470,-792.62,cash withdrawal,CAD
CA00016896,2025-02-15,BR040,C500556,TLR-6376,1651.06,cash deposit,CAD
CA00011037,2025-02-06,BR012,C500054,TLR-4434,1639.34,cash withdrawal,CAD
CA00010227,2025-02-16,BR007,C501622,TLR-1940,1436.64,cash withdrawal,CAD
CA00017546,2025-02-16,BR040,C501596,TLR-5741,321.27,cash deposit,CAD
CA00009449,2025-02-27,BR004,C500624,TLR-2918,322.08,cash deposit,CAD
CA00010285,2025-02-23,BR008,C500072,TLR-1917,488.14,cash withdrawal,CAD
CA00011516,2025-02-02,BR015,C503974,TLR-9070,322.69,cash withdrawal,CAD
CA00010002,2025-02-08,BR006,C503141,TLR-8330,748.9,cash deposit,CAD
CA00012574,2025-02-18,BR019,C501963,TLR-8370,990.48,cash withdrawal,CAD
CA00011195,2025-02-04,BR013,C503403,TLR-5898,1136.97,cash deposit,CAD
CA00011163,2025-02-25,BR013,C502451,TLR-7992,1508.22,cash withdrawal,CAD
CA00013045,2025-02-06,BR023,C501552,TLR-2713,2003.09,cash deposit,CAD
CA00014561,2025-02-21,BR030,C502926,TLR-6525,1549.12,cash deposit,CAD
CA00009790,2025-02-01,BR006,C501479,TLR-3345,731.45,cash withdrawal,CAD
CA00013603,2025-02-23,BR025,C501087,TLR-4004,175.74,cash deposit,CAD
CA00012742,2025-02-28,BR020,C503891,TLR-8371,1111.9,cash deposit,USD
CA00011997,2025-02-22,BR017,C502896,TLR-2803,1890.66,cash deposit,CAD
CA00008876,2025-02-20,BR001,C501916,TLR-1999,1132.24,cash withdrawal,CAD
CA00012236,2025-02-13,BR018,C500041,TLR-8795,853.29,cash withdrawal,CAD
CA00015673,2025-02-08,BR035,C502366,TLR-9280,519.32,cash withdrawal,CAD
CA00015927,2025-02-13,BR036,C503024,TLR-4284,1912.34,cash withdrawal,CAD
CA00013745,2025-02-01,BR026,C501346,TLR-4335,2342.7,cash deposit,CAD
CA00016253,2025-02-22,BR037,C503836,TLR-4746,266.57,cash withdrawal,CAD
CA00015165,2025-02-24,BR033,C502768,TLR-6167,2171.4,cash deposit,CAD
CA00011726,2025-02-03,BR016,C500873,TLR-8806,1271.22,cash deposit,CAD
CA00012109,2025-02-10,BR017,C503055,TLR-4264,236.18,cash withdrawal,CAD
CA00010954,2025-02-13,BR012,C500253,TLR-4912,9734.97,cash deposit,CAD
CA00014789,2025-02-28,BR031,C502293,TLR-7209,1941.15,cash withdrawal,CAD
CA00013436,2025-02-25,BR025,C500227,TLR-6386,450.01,cash deposit,CAD
CA00014172,2025-02-20,BR028,C502774,TLR-6737,1841.48,cash deposit,CAD
CA00012514,2025-02-25,BR019,C503948,TLR-6692,2427.08,cash withdrawal,CAD
CA00010984,2025-02-15,BR012,C502822,TLR-7165,861.21,cash withdrawal,CAD
CA00015318,2025-02-01,BR034,C502441,TLR-7338,742.04,cash deposit,CAD
CA00011614,2025-02-20,BR015,C502361,TLR-3568,1180.2,cash deposit,CAD
CA00010676,2025-02-06,BR010,C500902,TLR-2151,1087.63,cash deposit,CAD
CA00012859,2025-02-04,BR021,C501933,TLR-6049,2624.45,cash withdrawal,CAD
CA00012642,2025-02-19,BR020,C501763,TLR-7575,245.59,cash withdrawal,USD
CA00014894,2025-02-24,BR031,C501033,TLR-4699,1204.02,cash deposit,CAD
CA00012367,2025-02-03,BR019,C503564,TLR-4292,2236.76,cash withdrawal,CAD
CA00011081,2025-02-19,BR012,C501474,TLR-5634,3047.76,cash withdrawal,CAD
CA00012034,2025-02-18,BR017,C503687,TLR-4471,744.63,cash withdrawal,CAD
CA00011980,2025-02-09,BR017,C500735,TLR-4106,810.86,cash withdrawal,CAD
CA00012924,2025-02-24,BR021,C502825,TLR-7895,814.5,cash withdrawal,CAD
CA00013820,2025-02-24,BR026,C501453,TLR-4513,-580.62,cash withdrawal,CAD
CA00009964,2025-02-24,BR006,C503778,TLR-7399,1906.84,cash withdrawal,CAD
CA00016268,2025-02-19,BR038,C503725,TLR-7285,2043.04,cash deposit,CAD
CA00017576,2025-02-24,BR040,C501576,TLR-3097,1364.62,cash deposit,CAD
CA00010404,2025-02-28,BR008,C503836,TLR-5459,442.86,cash deposit,CAD
CA00017594,2025-02-28,BR040,C502869,TLR-5907,740.1,cash deposit,CAD
CA00012359,2025-02-06,BR019,C500173,TLR-2221,980.35,cash withdrawal,CAD
CA00013538,2025-02-05,BR025,C503358,TLR-7958,1122.28,cash deposit,CAD
CA00009957,2025-02-01,BR006,C502298,TLR-3748,445.14,cash deposit,CAD
CA00016441,2025-02-17,BR038,C503054,TLR-2984,4677.75,cash deposit,CAD
CA00017144,2025-02-20,BR040,C502075,TLR-1851,1409.21,cash withdrawal,CAD
CA00009188,2025-02-05,BR003,C503435,TLR-8503,271.22,cash deposit,CAD
CA00017068,2025-02-03,BR040,C503514,TLR-5323,1486.37,cash withdrawal,CAD
CA00008976,2025-02-14,BR001,C500069,TLR-4586,1490.79,cash withdrawal,CAD
CA00014751,2025-02-09,BR031,C502073,TLR-9190,2438.16,cash withdrawal,CAD
CA00014965,2025-02-05,BR031,C501656,TLR-1046,559.17,cash withdrawal,CAD
CA00011853,2025-02-06,BR016,C500048,TLR-5806,1152.57,cash withdrawal,CAD
CA00014266,2025-02-20,BR029,C500763,TLR-9021,635.61,cash deposit,CAD
CA00014764,2025-02-12,BR031,C502917,TLR-9983,2934.69,cash withdrawal,CAD
CA00014297,2025-02-21,BR029,C500075,TLR-8674,655.61,cash deposit,CAD
CA00016644,2025-02-05,BR039,C501776,TLR-7588,1216.45,cash deposit,CAD
CA00015030,2025-02-10,BR032,C501425,TLR-9504,1105.72,cash withdrawal,CAD
CA00011719,2025-02-25,BR016,C503718,TLR-8103,300.94,cash withdrawal,CAD
CA00016792,2025-02-20,BR040,C501715,TLR-7516,499.87,cash deposit,CAD
CA00013136,2025-02-16,BR023,C500357,TLR-1726,617.81,cash deposit,CAD
CA00013479,2025-02-02,BR025,C501438,TLR-3727,-619.09,cash withdrawal,CAD
CA00010974,2025-02-20,BR012,C502968,TLR-2560,939.9,cash withdrawal,CAD
CA00011276,2025-02-26,BR014,C500804,TLR-3942,703.31,cash deposit,CAD
CA00012838,2025-02-04,BR021,C502675,TLR-4242,384.22,cash withdrawal,CAD
CA00016189,2025-02-28,BR037,C503266,TLR-5053,700.79,cash deposit,CAD
CA00016192,2025-02-14,BR037,C501081,TLR-4476,1048.48,cash withdrawal,CAD
CA00013034,2025-02-23,BR022,C500781,TLR-5980,424.77,cash deposit,CAD
CA00012041,2025-02-10,BR017,C502675,TLR-6864,1125.57,cash deposit,CAD
CA00015233,2025-02-01,BR033,C501196,TLR-8670,632.35,cash deposit,CAD
CA00013958,2025-02-03,BR027,C501310,TLR-6045,3316.22,cash deposit,CAD
CA00014523,2025-02-21,BR030,C503456,TLR-3878,1020.4,cash deposit,CAD
CA00013369,2025-02-21,BR024,C501066,TLR-6891,515.01,cash withdrawal,CAD
CA00009986,2025-02-07,BR006,C501650,TLR-7922,1722.17,cash withdrawal,CAD
CA00015978,2025-02-03,BR037,C502090,TLR-1634,718.9,cash withdrawal,CAD
CA00017462,2025-02-27,BR040,C502103,TLR-2725,681.31,cash withdrawal,CAD
CA00009663,2025-02-18,BR004,C500997,TLR-4645,464.9,cash withdrawal,CAD
CA00017312,2025-02-02,BR040,C501977,TLR-6869,585.88,cash withdrawal,CAD
CA00013202,2025-02-09,BR024,C500103,TLR-3956,575.79,cash withdrawal,CAD
CA00010700,2025-02-03,BR010,C503677,TLR-7077,656.27,cash deposit,CAD
CA00013262,2025-02-08,BR024,C503199,TLR-4107,1245.73,cash deposit,CAD
CA00010792,2025-02-27,BR010,C502462,TLR-2844,416.75,cash withdrawal,CAD
CA00009681,2025-02-25,BR004,C500146,TLR-5083,1080.23,cash deposit,CAD
CA00010959,2025-02-24,BR012,C503099,TLR-4971,540.83,cash withdrawal,CAD
CA00013960,2025-02-26,BR027,C503958,TLR-7668,828.54,cash deposit,CAD
CA00010072,2025-02-28,BR007,C502574,TLR-2589,142.62,cash withdrawal,CAD
CA00009669,2025-02-12,BR004,C501567,TLR-9432,910.02,cash withdrawal,CAD
CA00010840,2025-02-17,BR010,C502675,TLR-2726,1498.54,cash deposit,CAD
CA00008996,2025-02-19,BR001,C503392,TLR-4199,2490.72,cash withdrawal,CAD
CA00014050,2025-02-09,BR027,C501111,TLR-2940,743.6,cash withdrawal,CAD
CA00012946,2025-02-01,BR021,C501806,TLR-7068,1170.85,cash withdrawal,CAD
CA00010000,2025-02-21,BR006,C500345,TLR-6262,1136.61,cash withdrawal,CAD
CA00009392,2025-02-17,BR003,C502912,TLR-6067,613.1,cash withdrawal,CAD
CA00013659,2025-02-16,BR025,C501223,TLR-1841,-1874.24,cash withdrawal,CAD
CA00013310,2025-02-13,BR024,C502648,TLR-6649,3122.19,cash withdrawal,CAD
CA00014513,2025-02-24,BR030,C500762,TLR-6565,580.49,cash deposit,CAD
CA00012020,2025-02-28,BR017,C502157,TLR-5468,345.3,cash withdrawal,CAD
CA00011475,2025-02-11,BR015,C503515,TLR-1930,1223.28,cash withdrawal,CAD
CA00016251,2025-02-17,BR037,C500696,TLR-7417,2048.85,cash withdrawal,CAD
CA00016121,2025-02-25,BR037,C503236,TLR-8336,764.28,cash withdrawal,CAD
CA00014388,2025-02-27,BR029,C503111,TLR-2153,1798.39,cash deposit,CAD
CA00015388,2025-02-16,BR034,C500147,TLR-3841,1420.53,cash deposit,CAD
CA00012778,2025-02-20,BR021,C500496,TLR-4583,806.23,cash withdrawal,CAD
CA00010327,2025-02-19,BR008,C501160,TLR-2268,1005.44,cash deposit,CAD
CA00010037,2025-02-15,BR006,C503791,TLR-1469,1209.76,cash deposit,CAD
CA00017130,2025-02-11,BR040,C503849,TLR-3056,1093.99,cash deposit,CAD
CA00010649,2025-02-10,BR010,C502908,TLR-7910,799.34,cash deposit,CAD
CA00017480,2025-02-20,BR040,C500045,TLR-8198,2033.98,cash deposit,CAD
CA00016535,2025-02-23,BR039,C501477,TLR-4610,678.02,cash withdrawal,CAD
CA00017410,2025-02-10,BR040,C503188,TLR-6438,1206.84,cash deposit,CAD
CA00016128,2025-02-25,BR037,C500722,TLR-6060,864.02,cash deposit,CAD
CA00016405,2025-02-20,BR038,C503353,TLR-7959,246.77,cash deposit,CAD
CA00009921,2025-02-01,BR006,C502446,TLR-4006,436.1,cash deposit,CAD
CA00017456,2025-02-25,BR040,C501351,TLR-5775,2014.54,cash deposit,CAD
CA00014145,2025-02-01,BR028,C502237,TLR-7073,979.41,cash deposit,CAD
CA00016276,2025-02-11,BR038,C501325,TLR-6008,1882.59,cash deposit,CAD
CA00017058,2025-02-05,BR040,C502328,TLR-7962,707.53,cash deposit,CAD
CA00016437,2025-02-23,BR038,C502566,TLR-3969,1332.66,cash deposit,CAD
CA00015137,2025-02-12,BR033,C500745,TLR-9640,1179.8,cash withdrawal,CAD
CA00010558,2025-02-12,BR009,C502382,TLR-9552,1157.98,cash withdrawal,CAD
CA00017151,2025-02-25,BR040,C502434,TLR-9782,1125.24,cash withdrawal,CAD
CA00013997,2025-02-08,BR027,C502329,TLR-5948,271.94,cash deposit,CAD
CA00014684,2025-02-12,BR030,C503474,TLR-2857,997.2,cash withdrawal,CAD
CA00010350,2025-02-26,BR008,C502286,TLR-7761,846.36,cash deposit,CAD
CA00011629,2025-02-11,BR015,C502274,TLR-1000,1131.54,cash deposit,CAD
CA00011599,2025-02-13,BR015,C501694,TLR-3168,404.76,cash withdrawal,CAD
CA00012931,2025-02-27,BR021,C502679,TLR-9600,590.98,cash withdrawal,CAD
CA00012142,2025-02-20,BR017,C503528,TLR-7095,832.53,cash withdrawal,CAD
CA00014442,2025-02-07,BR030,C501798,TLR-5531,1310.35,cash withdrawal,CAD
CA00012044,2025-02-20,BR017,C503603,TLR-2652,357.86,cash withdrawal,CAD
CA00013099,2025-02-17,BR023,C502651,TLR-6963,1418.97,cash deposit,CAD
CA00015960,2025-02-25,BR036,C502997,TLR-5392,1518.4,cash withdrawal,CAD
CA00017045,2025-02-25,BR040,C500620,TLR-4527,3472.21,cash deposit,CAD
CA00011020,2025-02-20,BR012,C502174,TLR-8212,934.47,cash deposit,CAD
CA00010646,2025-02-10,BR010,C500461,TLR-6066,439.43,cash withdrawal,CAD
CA00013555,2025-02-23,BR025,C500734,TLR-2509,279.32,cash deposit,CAD
CA00016997,2025-02-11,BR040,C500665,TLR-9568,827.91,cash withdrawal,CAD
CA00014842,2025-02-25,BR031,C500431,TLR-4815,675.4,cash withdrawal,CAD
CA00014323,2025-02-22,BR029,C502645,TLR-4718,1510.22,cash withdrawal,CAD
CA00016959,2025-02-22,BR040,C500272,TLR-3830,7482.59,cash withdrawal,CAD
CA00017087,2025-02-24,BR040,C503220,TLR-1753,269.29,cash deposit,CAD
CA00009818,2025-02-07,BR006,C501819,TLR-4821,2472.76,cash deposit,CAD
CA00013347,2025-02-21,BR024,C500935,TLR-2748,6527.27,cash deposit,CAD
CA00016369,2025-02-10,BR038,C501174,TLR-1443,18164.56,cash withdrawal,CAD
CA00016862,2025-02-09,BR040,C502277,TLR-2422,453.0,cash deposit,CAD
CA00013181,2025-02-27,BR024,C500453,TLR-8554,924.92,cash deposit,CAD
CA00010944,2025-02-13,BR012,C501847,TLR-9614,1446.61,cash deposit,CAD
CA00017379,2025-02-23,BR040,C500548,TLR-4150,1841.31,cash deposit,CAD
CA00012001,2025-02-10,BR017,C500290,TLR-5320,1831.21,cash deposit,CAD
CA00016511,2025-02-27,BR039,C502001,TLR-5430,264.97,cash withdrawal,CAD
CA00016464,2025-02-03,BR039,C503146,TLR-4374,2152.7,cash withdrawal,CAD
CA00014654,2025-02-26,BR030,C500528,TLR-2508,783.6,cash deposit,CAD
CA00014726,2025-02-15,BR031,C500348,TLR-4698,802.41,cash withdrawal,CAD
CA00011927,2025-02-12,BR016,C500341,TLR-3055,463.52,cash deposit,CAD
CA00010769,2025-02-03,BR010,C500949,TLR-9272,1276.98,cash deposit,CAD
CA00016550,2025-02-22,BR039,C502342,TLR-4241,558.06,cash withdrawal,CAD
CA00010774,2025-02-18,BR010,C502214,TLR-9695,864.81,cash deposit,CAD
CA00015692,2025-02-05,BR035,C501280,TLR-9847,3278.88,cash deposit,CAD
CA00012464,2025-02-11,BR019,C500710,TLR-3505,528.72,cash withdrawal,CAD
CA00010692,2025-02-06,BR010,C503683,TLR-7467,708.64,cash withdrawal,CAD
CA00013103,2025-02-20,BR023,C503066,TLR-8519,422.48,cash withdrawal,CAD
CA00010849,2025-02-16,BR011,C500962,TLR-2627,411.53,cash deposit,CAD
CA00016512,2025-02-24,BR039,C503669,TLR-6572,678.21,cash withdrawal,CAD
CA00015257,2025-02-11,BR033,C503457,TLR-6803,171.32,cash deposit,CAD
CA00016087,2025-02-27,BR037,C503531,TLR-4389,678.16,cash deposit,CAD
CA00010099,2025-02-14,BR007,C500574,TLR-3844,583.23,cash deposit,CAD
CA00013341,2025-02-17,BR024,C501088,TLR-3574,1559.42,cash deposit,CAD
CA00015577,2025-02-08,BR035,C502013,TLR-7238,744.98,cash deposit,CAD
CA00014140,2025-02-17,BR028,C502888,TLR-2690,883.08,cash withdrawal,CAD
CA00015560,2025-02-17,BR035,C500450,TLR-6644,5430.22,cash withdrawal,CAD
CA00013248,2025-02-28,BR024,C501181,TLR-5132,545.08,cash deposit,CAD
CA00012273,2025-02-22,BR018,C503302,TLR-4859,1202.92,cash deposit,CAD
CA00013487,2025-02-21,BR025,C500989,TLR-6862,505.32,cash deposit,CAD
CA00014231,2025-02-14,BR028,C501074,TLR-5017,130.61,cash deposit,CAD
CA00013107,2025-02-03,BR023,C501844,TLR-9260,650.84,cash deposit,CAD
CA00013441,2025-02-12,BR025,C500689,TLR-7999,-387.06,cash withdrawal,CAD
CA00016943,2025-02-12,BR040,C500827,TLR-8951,1249.14,cash deposit,CAD
CA00009066,2025-02-08,BR002,C500731,TLR-4676,1679.22,cash deposit,CAD
CA00012880,2025-02-06,BR021,C502466,TLR-5628,2603.49,cash deposit,CAD
CA00014259,2025-02-05,BR029,C502861,TLR-1070,457.24,cash deposit,CAD
CA00017453,2025-02-09,BR040,C500694,TLR-2813,1616.39,cash withdrawal,CAD
CA00013358,2025-02-28,BR024,C503092,TLR-2585,429.9,cash withdrawal,CAD
CA00008705,2025-02-21,BR001,C501991,TLR-4197,979.51,cash withdrawal,CAD
CA00014720,2025-02-04,BR031,C502022,TLR-9401,2759.79,cash deposit,CAD
CA00012970,2025-02-10,BR022,C501851,TLR-2317,2009.81,cash deposit,CAD
CA00009488,2025-02-02,BR004,C500888,TLR-2954,609.58,cash deposit,CAD
CA00015258,2025-02-26,BR033,C502064,TLR-7271,513.63,cash withdrawal,CAD
CA00011080,2025-02-04,BR012,C501602,TLR-7691,2378.12,cash deposit,CAD
CA00011236,2025-02-08,BR014,C503132,TLR-6367,1545.31,cash deposit,CAD
CA00014383,2025-02-09,BR029,C503356,TLR-7037,586.27,cash deposit,CAD
CA00016410,2025-02-04,BR038,C503370,TLR-1339,457.47,cash withdrawal,CAD
CA00012238,2025-02-16,BR018,C502018,TLR-3017,926.68,cash deposit,CAD
CA00010964,2025-02-09,BR012,C501869,TLR-5423,111.61,cash withdrawal,CAD
CA00017444,2025-02-21,BR040,C500812,TLR-7744,548.31,cash withdrawal,CAD
CA00013168,2025-02-25,BR024,C501321,TLR-4494,468.67,cash withdrawal,CAD
CA00012645,2025-02-04,BR020,C503245,TLR-5106,915.14,cash deposit,USD
CA00011131,2025-02-08,BR012,C501413,TLR-3616,647.64,cash deposit,CAD
CA00013636,2025-02-14,BR025,C500740,TLR-4354,838.84,cash deposit,CAD
CA00015771,2025-02-15,BR036,C501626,TLR-3501,664.86,cash deposit,CAD
CA00010903,2025-02-21,BR011,C502569,TLR-8886,1161.19,cash withdrawal,CAD
CA00015413,2025-02-21,BR034,C502247,TLR-1600,503.85,cash deposit,CAD
CA00017644,2025-02-03,BR040,C502955,TLR-9190,1053.62,cash withdrawal,CAD
CA00015633,2025-02-03,BR035,C501109,TLR-3877,1399.38,cash deposit,CAD
CA00010270,2025-02-05,BR007,C503388,TLR-1062,326.98,cash deposit,CAD
CA00010042,2025-02-20,BR006,C500058,TLR-2303,1380.65,cash deposit,CAD
CA00016008,2025-02-09,BR037,C502855,TLR-4309,454.45,cash deposit,CAD
CA00012706,2025-02-12,BR020,C501860,TLR-4364,1973.06,cash withdrawal,USD
CA00015946,2025-02-05,BR036,C502909,TLR-4299,707.86,cash deposit,CAD
CA00017385,2025-02-10,BR040,C502618,TLR-4929,481.89,cash withdrawal,CAD
CA00016046,2025-02-23,BR037,C502612,TLR-1040,472.64,cash deposit,CAD
CA00009303,2025-02-26,BR003,C503468,TLR-2590,2953.53,cash withdrawal,CAD
CA00017635,2025-02-05,BR040,C501219,TLR-6787,2283.55,cash withdrawal,CAD
CA00014991,2025-02-28,BR032,C500175,TLR-1295,1143.56,cash withdrawal,CAD
CA00010925,2025-02-15,BR012,C501961,TLR-5747,558.1,cash deposit,CAD
CA00012893,2025-02-27,BR021,C503210,TLR-1530,1113.92,cash deposit,CAD
CA00016749,2025-02-06,BR040,C500386,TLR-6215,447.28,cash withdrawal,CAD
CA00013335,2025-02-20,BR024,C502905,TLR-9452,4421.14,cash deposit,CAD
CA00015931,2025-02-01,BR036,C502337,TLR-2660,938.52,cash deposit,CAD
CA00012386,2025-02-04,BR019,C502435,TLR-7617,1800.39,cash withdrawal,CAD
CA00011425,2025-02-08,BR014,C501827,TLR-5422,974.16,cash deposit,CAD
CA00016688,2025-02-23,BR040,C503690,TLR-8391,1028.94,cash withdrawal,CAD
CA00011498,2025-02-02,BR015,C502835,TLR-3936,660.93,cash deposit,CAD
CA00012856,2025-02-18,BR021,C503088,TLR-5445,1249.43,cash withdrawal,CAD
CA00015305,2025-02-05,BR034,C503877,TLR-6838,2169.87,cash withdrawal,CAD
CA00012478,2025-02-22,BR019,C500237,TLR-8381,850.53,cash deposit,CAD
CA00010342,2025-02-16,BR008,C500543,TLR-4836,3374.27,cash withdrawal,CAD
CA00017249,2025-02-19,BR040,C501145,TLR-6911,1385.58,cash deposit,CAD
CA00010313,2025-02-01,BR008,C500956,TLR-9076,765.14,cash withdrawal,CAD
CA00012944,2025-02-23,BR021,C501015,TLR-1390,541.16,cash withdrawal,CAD
CA00015403,2025-02-28,BR034,C502861,TLR-2913,4507.79,cash deposit,CAD
CA00012913,2025-02-09,BR021,C501362,TLR-5716,995.13,cash withdrawal,CAD
CA00013174,2025-02-25,BR024,C500600,TLR-1378,1311.88,cash withdrawal,CAD
CA00011990,2025-02-24,BR017,C503316,TLR-9034,1395.11,cash deposit,CAD
CA00013600,2025-02-06,BR025,C500220,TLR-5462,1343.98,cash deposit,CAD
CA00012585,2025-02-08,BR019,C501252,TLR-9051,1331.81,cash deposit,CAD
CA00012731,2025-02-17,BR020,C501393,TLR-5751,430.97,cash deposit,USD
CA00017125,2025-02-23,BR040,C502157,TLR-4881,418.29,cash withdrawal,CAD
CA00012916,2025-02-22,BR021,C500599,TLR-8104,1111.59,cash withdrawal,CAD
CA00016967,2025-02-14,BR040,C501167,TLR-7712,2413.1,cash withdrawal,CAD
CA00012680,2025-02-01,BR020,C501521,TLR-5345,274.74,cash withdrawal,USD
CA00009773,2025-02-14,BR006,C500414,TLR-4469,528.5,cash withdrawal,CAD
CA00016743,2025-02-14,BR040,C500104,TLR-4852,1480.47,cash deposit,CAD
CA00014501,2025-02-26,BR030,C501610,TLR-2491,422.4,cash deposit,CAD
CA00014398,2025-02-11,BR030,C503100,TLR-2598,972.29,cash deposit,CAD
CA00012658,2025-02-22,BR020,C501615,TLR-7831,2271.58,cash withdrawal,USD
CA00009526,2025-02-22,BR004,C502073,TLR-2952,2411.47,cash withdrawal,CAD
CA00015778,2025-02-10,BR036,C501720,TLR-6328,283.62,cash withdrawal,CAD
CA00015578,2025-02-14,BR035,C503380,TLR-1540,280.71,cash withdrawal,CAD
CA00016491,2025-02-16,BR039,C501606,TLR-2099,4445.54,cash deposit,CAD
CA00016218,2025-02-12,BR037,C501152,TLR-4690,1207.74,cash deposit,CAD
CA00009150,2025-02-12,BR002,C503738,TLR-2789,3241.14,cash deposit,CAD
CA00009359,2025-02-04,BR003,C503578,TLR-3364,946.68,cash withdrawal,CAD
CA00013606,2025-02-07,BR025,C501876,TLR-8502,-570.02,cash withdrawal,CAD
CA00014466,2025-02-01,BR030,C500368,TLR-1101,1163.93,cash deposit,CAD
CA00013405,2025-02-18,BR024,C501006,TLR-9440,2589.81,cash deposit,CAD
CA00010515,2025-02-03,BR008,C501281,TLR-3274,1223.14,cash deposit,CAD
CA00017376,2025-02-06,BR040,C502230,TLR-9165,272.49,cash withdrawal,CAD
CA00017225,2025-02-16,BR040,C503261,TLR-6827,882.99,cash deposit,CAD
CA00015513,2025-02-12,BR035,C500617,TLR-5163,1245.61,cash deposit,CAD
CA00014853,2025-02-10,BR031,C502852,TLR-1034,469.94,cash withdrawal,CAD
CA00010584,2025-02-23,BR009,C503675,TLR-3151,672.39,cash deposit,CAD
CA00009517,2025-02-10,BR004,C501154,TLR-7475,664.61,cash deposit,CAD
CA00009313,2025-02-15,BR003,C502329,TLR-5061,1919.56,cash deposit,CAD
CA00016311,2025-02-04,BR038,C500299,TLR-9421,303.4,cash withdrawal,CAD
CA00009045,2025-02-26,BR002,C503771,TLR-3017,1467.36,cash deposit,CAD
CA00015505,2025-02-06,BR035,C500876,TLR-1725,293.92,cash deposit,CAD
CA00012504,2025-02-04,BR019,C501169,TLR-1505,327.09,cash deposit,CAD
CA00011160,2025-02-25,BR013,C500376,TLR-4510,1613.01,cash deposit,CAD
CA00013529,2025-02-20,BR025,C500005,TLR-4160,-2611.32,cash withdrawal,CAD
CA00009855,2025-02-12,BR006,C500085,TLR-1183,833.85,cash deposit,CAD
CA00014044,2025-02-15,BR027,C503964,TLR-6226,743.07,cash withdrawal,CAD
CA00013313,2025-02-21,BR024,C501578,TLR-3787,965.35,cash deposit,CAD
CA00013715,2025-02-10,BR026,C500272,TLR-1481,-2801.93,cash withdrawal,CAD
CA00013971,2025-02-10,BR027,C503350,TLR-7354,668.06,cash deposit,CAD
CA00015302,2025-02-03,BR034,C503934,TLR-5139,1706.12,cash deposit,CAD
CA00015400,2025-02-07,BR034,C500951,TLR-7889,1072.73,cash withdrawal,CAD
CA00015650,2025-02-23,BR035,C500300,TLR-7981,2815.48,cash deposit,CAD
CA00016342,2025-02-12,BR038,C502685,TLR-6028,1831.56,cash deposit,CAD
CA00014031,2025-02-20,BR027,C500323,TLR-8830,1293.17,cash withdrawal,CAD
CA00015819,2025-02-15,BR036,C500981,TLR-7666,1177.08,cash deposit,CAD
CA00010054,2025-02-19,BR006,C500332,TLR-7217,2112.23,cash deposit,CAD
CA00015339,2025-02-10,BR034,C501463,TLR-1963,992.99,cash deposit,CAD
CA00016106,2025-02-15,BR037,C503407,TLR-7668,335.58,cash deposit,CAD
CA00008968,2025-02-21,BR001,C501472,TLR-4885,2345.58,cash deposit,CAD
CA00009884,2025-02-26,BR006,C502394,TLR-6065,3149.45,cash withdrawal,CAD
CA00012454,2025-02-06,BR019,C500866,TLR-1809,390.92,cash deposit,CAD
CA00011511,2025-02-07,BR015,C503830,TLR-7349,494.39,cash withdrawal,CAD
CA00012627,2025-02-03,BR020,C503461,TLR-7323,290.59,cash withdrawal,USD
CA00014448,2025-02-25,BR030,C500943,TLR-2804,1049.32,cash deposit,CAD
CA00010367,2025-02-21,BR008,C502687,TLR-7413,257.27,cash withdrawal,CAD
CA00011303,2025-02-11,BR014,C503334,TLR-3405,829.29,cash deposit,CAD
CA00014675,2025-02-03,BR030,C503854,TLR-4593,630.53,cash withdrawal,CAD
CA00015876,2025-02-06,BR036,C502040,TLR-7817,692.36,cash withdrawal,CAD
CA00013046,2025-02-25,BR023,C501875,TLR-8117,922.73,cash withdrawal,CAD
CA00017122,2025-02-17,BR040,C501195,TLR-6730,787.38,cash withdrawal,CAD
CA00014848,2025-02-25,BR031,C502761,TLR-5751,1393.43,cash withdrawal,CAD
CA00009106,2025-02-20,BR002,C500762,TLR-6566,2284.72,cash deposit,CAD
CA00011515,2025-02-27,BR015,C503486,TLR-3573,460.74,cash deposit,CAD
CA00011231,2025-02-03,BR014,C501882,TLR-9042,892.04,cash withdrawal,CAD
CA00016975,2025-02-21,BR040,C503036,TLR-5364,2116.27,cash deposit,CAD
CA00017382,2025-02-03,BR040,C502411,TLR-5588,1511.22,cash withdrawal,CAD
CA00012085,2025-02-28,BR017,C500177,TLR-2379,1434.26,cash withdrawal,CAD
CA00010848,2025-02-12,BR011,C500215,TLR-4492,1173.04,cash deposit,CAD
CA00010150,2025-02-01,BR007,C501338,TLR-9545,2885.81,cash deposit,CAD
CA00017007,2025-02-08,BR040,C503261,TLR-5552,390.35,cash withdrawal,CAD
CA00008793,2025-02-04,BR001,C501171,TLR-2384,379.21,cash deposit,CAD
CA00011624,2025-02-28,BR015,C500318,TLR-9332,1289.28,cash deposit,CAD
CA00009916,2025-02-22,BR006,C500100,TLR-8609,1100.87,cash withdrawal,CAD
CA00012378,2025-02-10,BR019,C502552,TLR-3757,1887.39,cash withdrawal,CAD
CA00011771,2025-02-21,BR016,C500019,TLR-8831,424.84,cash deposit,CAD
CA00009565,2025-02-18,BR004,C502494,TLR-7459,1063.19,cash deposit,CAD
CA00014709,2025-02-28,BR030,C502875,TLR-3849,1266.75,cash withdrawal,CAD
CA00009600,2025-02-15,BR004,C502351,TLR-7114,7946.25,cash withdrawal,CAD
CA00016438,2025-02-10,BR038,C501371,TLR-3143,1517.31,cash withdrawal,CAD
CA00009442,2025-02-03,BR004,C501741,TLR-8347,2627.44,cash deposit,CAD
CA00013613,2025-02-19,BR025,C501412,TLR-5580,-926.26,cash withdrawal,CAD
CA00016540,2025-02-05,BR039,C502238,TLR-5642,421.98,cash deposit,CAD
CA00009224,2025-02-03,BR003,C502209,TLR-6207,3583.37,cash withdrawal,CAD
CA00014809,2025-02-05,BR031,C502975,TLR-2341,1379.89,cash deposit,CAD
CA00009173,2025-02-23,BR002,C501164,TLR-8020,-384.61,cash withdrawal,CAD
CA00012245,2025-02-05,BR018,C501614,TLR-5537,902.18,cash deposit,CAD
CA00015225,2025-02-13,BR033,C503431,TLR-6485,380.91,cash withdrawal,CAD
CA00011756,2025-02-18,BR016,C503136,TLR-4270,720.22,cash withdrawal,CAD
CA00016552,2025-02-22,BR039,C500057,TLR-4583,2675.27,cash deposit,CAD
CA00012568,2025-02-18,BR019,C500249,TLR-9262,1879.0,cash deposit,CAD
CA00017447,2025-02-11,BR040,C502274,TLR-3730,1414.76,cash withdrawal,CAD
CA00017647,2025-02-07,BR040,C503856,TLR-5377,898.75,cash withdrawal,CAD
CA00009201,2025-02-02,BR003,C503600,TLR-2498,601.09,cash withdrawal,CAD
CA00010256,2025-02-16,BR007,C501648,TLR-1396,480.05,cash deposit,CAD
CA00009321,2025-02-14,BR003,C503431,TLR-8879,1772.79,cash deposit,CAD
CA00013800,2025-02-05,BR026,C500483,TLR-5228,-597.18,cash withdrawal,CAD
CA00008922,2025-02-28,BR001,C501025,TLR-9801,368.54,cash deposit,CAD
CA00011965,2025-02-02,BR017,C501073,TLR-9410,910.97,cash deposit,CAD
CA00017378,2025-02-16,BR040,C500282,TLR-9900,1752.46,cash deposit,CAD
CA00016665,2025-02-09,BR040,C501738,TLR-9062,3059.55,cash withdrawal,CAD
CA00009249,2025-02-19,BR003,C502714,TLR-3077,720.3,cash withdrawal,CAD
CA00014791,2025-02-20,BR031,C501597,TLR-8632,2531.18,cash deposit,CAD
CA00014400,2025-02-01,BR030,C501887,TLR-9554,878.82,cash deposit,CAD
CA00012318,2025-02-09,BR019,C503969,TLR-8673,2368.39,cash deposit,CAD
CA00012709,2025-02-14,BR020,C500857,TLR-4978,394.09,cash deposit,USD
CA00016387,2025-02-17,BR038,C503200,TLR-1525,792.13,cash withdrawal,CAD
CA00012499,2025-02-25,BR019,C502113,TLR-6769,337.65,cash withdrawal,CAD
CA00010043,2025-02-09,BR006,C503831,TLR-6716,578.66,cash withdrawal,CAD
CA00016635,2025-02-06,BR039,C503712,TLR-4088,707.26,cash withdrawal,CAD
CA00012950,2025-02-14,BR021,C501409,TLR-9941,553.75,cash withdrawal,CAD
CA00009905,2025-02-12,BR006,C503772,TLR-9960,562.96,cash deposit,CAD
CA00015994,2025-02-23,BR037,C503243,TLR-3194,342.42,cash withdrawal,CAD
CA00015072,2025-02-14,BR032,C500607,TLR-4061,3115.09,cash withdrawal,CAD
CA00009972,2025-02-02,BR006,C501609,TLR-4780,1318.25,cash deposit,CAD
CA00011405,2025-02-09,BR014,C503091,TLR-5523,1476.95,cash deposit,CAD
CA00011225,2025-02-26,BR013,C503784,TLR-8673,2165.42,cash deposit,CAD
CA00013793,2025-02-17,BR026,C500922,TLR-4178,1730.44,cash deposit,CAD
CA00014747,2025-02-28,BR031,C502428,TLR-5676,1167.47,cash withdrawal,CAD
CA00010383,2025-02-21,BR008,C500556,TLR-1786,1137.05,cash withdrawal,CAD
CA00015297,2025-02-04,BR034,C501359,TLR-5536,705.9,cash withdrawal,CAD
CA00010406,2025-02-26,BR008,C501916,TLR-3439,474.91,cash deposit,CAD
CA00015944,2025-02-22,BR036,C503457,TLR-4650,2385.05,cash withdrawal,CAD
CA00012883,2025-02-06,BR021,C502520,TLR-6452,1225.17,cash deposit,CAD
CA00009343,2025-02-16,BR003,C503924,TLR-9868,3338.82,cash withdrawal,CAD
CA00016891,2025-02-27,BR040,C502732,TLR-7954,369.44,cash deposit,CAD
CA00010844,2025-02-04,BR011,C500651,TLR-1066,2809.99,cash withdrawal,CAD
CA00010183,2025-02-27,BR007,C503359,TLR-7593,760.15,cash deposit,CAD
CA00008833,2025-02-10,BR001,C502194,TLR-7475,1806.7,cash withdrawal,CAD
CA00016359,2025-02-18,BR038,C502079,TLR-2124,1120.84,cash deposit,CAD
CA00013211,2025-02-27,BR024,C501746,TLR-3172,422.1,cash withdrawal,CAD
CA00011203,2025-02-22,BR013,C503607,TLR-2215,2349.51,cash withdrawal,CAD
CA00011390,2025-02-12,BR014,C500132,TLR-3934,984.87,cash deposit,CAD
CA00016173,2025-02-09,BR037,C500066,TLR-4184,1646.45,cash deposit,CAD
CA00014430,2025-02-05,BR030,C501406,TLR-6292,773.97,cash deposit,CAD
CA00009422,2025-02-16,BR004,C502883,TLR-9533,1485.92,cash withdrawal,CAD
CA00017613,2025-02-05,BR040,C500186,TLR-7640,1414.75,cash withdrawal,CAD
CA00013226,2025-02-21,BR024,C503793,TLR-8648,443.48,cash withdrawal,CAD
CA00014987,2025-02-03,BR032,C503719,TLR-2303,1124.44,cash deposit,CAD
CA00013534,2025-02-18,BR025,C503259,TLR-9609,1367.5,cash deposit,CAD
CA00015731,2025-02-22,BR036,C503669,TLR-1185,2190.1,cash withdrawal,CAD
CA00012336,2025-02-08,BR019,C501796,TLR-1526,2115.41,cash withdrawal,CAD
CA00016867,2025-02-26,BR040,C502300,TLR-7104,1815.64,cash withdrawal,CAD
CA00011793,2025-02-12,BR016,C500993,TLR-5630,1437.6,cash withdrawal,CAD
CA00011187,2025-02-26,BR013,C501545,TLR-4083,2094.73,cash withdrawal,CAD
CA00016388,2025-02-25,BR038,C501488,TLR-2787,642.84,cash withdrawal,CAD
CA00008729,2025-02-04,BR001,C500708,TLR-6953,488.81,cash withdrawal,CAD
CA00016890,2025-02-27,BR040,C500493,TLR-1189,196.9,cash deposit,CAD
CA00011794,2025-02-11,BR016,C501960,TLR-7144,1444.98,cash deposit,CAD
CA00009001,2025-02-06,BR001,C503026,TLR-8904,783.84,cash withdrawal,CAD
CA00013775,2025-02-27,BR026,C502703,TLR-5661,-343.8,cash withdrawal,CAD
CA00010340,2025-02-22,BR008,C500573,TLR-6919,990.65,cash deposit,CAD
CA00014128,2025-02-01,BR028,C501303,TLR-5889,614.59,cash deposit,CAD
CA00011414,2025-02-05,BR014,C500249,TLR-1519,1388.33,cash deposit,CAD
CA00014548,2025-02-01,BR030,C503458,TLR-9177,840.79,cash withdrawal,CAD
CA00017292,2025-02-26,BR040,C503374,TLR-5135,1465.88,cash deposit,CAD
CA00012351,2025-02-08,BR019,C502759,TLR-3491,377.6,cash withdrawal,CAD
CA00013629,2025-02-22,BR025,C503136,TLR-6776,-1593.63,cash withdrawal,CAD
CA00015108,2025-02-18,BR032,C501839,TLR-1202,692.42,cash withdrawal,CAD
CA00013693,2025-02-14,BR026,C500648,TLR-9704,1144.4,cash deposit,CAD
CA00011228,2025-02-08,BR014,C500847,TLR-2063,721.89,cash deposit,CAD
CA00010470,2025-02-22,BR008,C500300,TLR-5324,1801.68,cash deposit,CAD
CA00008903,2025-02-05,BR001,C502883,TLR-2718,1224.3,cash withdrawal,CAD
CA00013704,2025-02-27,BR026,C502815,TLR-9296,1041.11,cash deposit,CAD
CA00014910,2025-02-22,BR031,C500726,TLR-7091,2125.01,cash deposit,CAD
CA00015785,2025-02-15,BR036,C501693,TLR-3443,709.16,cash deposit,CAD
CA00009360,2025-02-02,BR003,C502743,TLR-8961,1875.87,cash deposit,CAD
CA00015508,2025-02-05,BR035,C503182,TLR-9047,908.46,cash deposit,CAD
CA00012220,2025-02-20,BR018,C503739,TLR-2616,222.3,cash withdrawal,CAD
CA00016655,2025-02-07,BR040,C501643,TLR-8752,1620.96,cash deposit,CAD
CA00014333,2025-02-05,BR029,C501857,TLR-6108,575.24,cash withdrawal,CAD
CA00014432,2025-02-11,BR030,C501752,TLR-1961,389.05,cash withdrawal,CAD
CA00013873,2025-02-27,BR026,C502816,TLR-9272,904.61,cash deposit,CAD
CA00015474,2025-02-20,BR035,C503302,TLR-2941,289.96,cash withdrawal,CAD
CA00016256,2025-02-26,BR038,C500307,TLR-3228,2307.9,cash withdrawal,CAD
CA00017338,2025-02-17,BR040,C501197,TLR-4800,280.45,cash withdrawal,CAD
CA00017570,2025-02-27,BR040,C501233,TLR-5670,4613.17,cash deposit,CAD
CA00013478,2025-02-20,BR025,C502657,TLR-5960,-1388.22,cash withdrawal,CAD
CA00011576,2025-02-10,BR015,C503458,TLR-3871,284.46,cash withdrawal,CAD
CA00010098,2025-02-13,BR007,C503288,TLR-2125,1467.0,cash withdrawal,CAD
CA00011112,2025-02-10,BR012,C500258,TLR-1922,3740.69,cash deposit,CAD
CA00009494,2025-02-02,BR004,C503376,TLR-2079,1346.32,cash deposit,CAD
CA00011768,2025-02-06,BR016,C502218,TLR-2799,933.99,cash withdrawal,CAD
CA00015271,2025-02-02,BR033,C503855,TLR-1536,3709.26,cash withdrawal,CAD
CA00016022,2025-02-01,BR037,C501240,TLR-8383,1605.28,cash withdrawal,CAD
CA00008834,2025-02-28,BR001,C502574,TLR-5953,270.93,cash deposit,CAD
CA00015980,2025-02-06,BR037,C502464,TLR-7399,1642.85,cash withdrawal,CAD
CA00015311,2025-02-11,BR034,C503794,TLR-4910,584.56,cash deposit,CAD
CA00015329,2025-02-17,BR034,C501074,TLR-6906,956.03,cash deposit,CAD
CA00015600,2025-02-11,BR035,C501270,TLR-3388,1787.38,cash withdrawal,CAD
CA00015186,2025-02-08,BR033,C500177,TLR-4325,2530.62,cash deposit,CAD
CA00010478,2025-02-01,BR008,C500720,TLR-6643,510.02,cash deposit,CAD
CA00009419,2025-02-04,BR004,C501505,TLR-9606,1180.52,cash deposit,CAD
CA00014087,2025-02-13,BR027,C503988,TLR-4342,1191.27,cash withdrawal,CAD
CA00014841,2025-02-01,BR031,C502316,TLR-1214,1071.14,cash withdrawal,CAD
CA00012188,2025-02-18,BR018,C502498,TLR-9525,579.75,cash deposit,CAD
CA00008726,2025-02-11,BR001,C501668,TLR-8685,1967.97,cash deposit,CAD
CA00010248,2025-02-05,BR007,C501612,TLR-9950,424.72,cash deposit,CAD
CA00012068,2025-02-12,BR017,C501701,TLR-7629,815.83,cash deposit,CAD
CA00016618,2025-02-22,BR039,C501098,TLR-8993,921.84,cash deposit,CAD
CA00017055,2025-02-27,BR040,C500876,TLR-2525,1134.45,cash deposit,CAD
CA00013633,2025-02-19,BR025,C503552,TLR-7400,-1309.28,cash withdrawal,CAD
CA00011740,2025-02-03,BR016,C500257,TLR-8146,644.92,cash deposit,CAD
CA00011410,2025-02-15,BR014,C503923,TLR-5698,579.15,cash withdrawal,CAD
CA00016507,2025-02-24,BR039,C500860,TLR-2958,2066.08,cash deposit,CAD
CA00009414,2025-02-03,BR003,C503784,TLR-5462,424.39,cash withdrawal,CAD
CA00016917,2025-02-17,BR040,C502698,TLR-6165,1354.83,cash withdrawal,CAD
CA00012898,2025-02-12,BR021,C500811,TLR-6309,1047.97,cash withdrawal,CAD
CA00009531,2025-02-21,BR004,C503193,TLR-6509,1510.23,cash deposit,CAD
CA00012240,2025-02-23,BR018,C500559,TLR-4597,884.45,cash deposit,CAD
CA00014724,2025-02-13,BR031,C500619,TLR-4529,1210.9,cash withdrawal,CAD
CA00016851,2025-02-25,BR040,C501958,TLR-1367,1274.32,cash withdrawal,CAD
CA00011717,2025-02-09,BR016,C502474,TLR-8394,2494.95,cash withdrawal,CAD
CA00009889,2025-02-24,BR006,C502745,TLR-7497,1214.67,cash deposit,CAD
CA00011821,2025-02-22,BR016,C501376,TLR-1235,628.05,cash deposit,CAD
CA00017244,2025-02-23,BR040,C503562,TLR-3471,457.31,cash deposit,CAD
CA00008895,2025-02-19,BR001,C502683,TLR-6725,2146.79,cash deposit,CAD
CA00011185,2025-02-04,BR013,C501624,TLR-4434,1123.75,cash withdrawal,CAD
CA00016524,2025-02-22,BR039,C503312,TLR-3485,1132.5,cash withdrawal,CAD
CA00016101,2025-02-18,BR037,C502028,TLR-7667,664.53,cash deposit,CAD
CA00014237,2025-02-07,BR028,C501439,TLR-5545,724.91,cash deposit,CAD
CA00012955,2025-02-12,BR022,C503980,TLR-4259,326.59,cash withdrawal,CAD
CA00015038,2025-02-15,BR032,C502817,TLR-7557,523.59,cash deposit,CAD
CA00016920,2025-02-10,BR040,C501977,TLR-8907,772.63,cash withdrawal,CAD
CA00011846,2025-02-10,BR016,C501373,TLR-3731,1094.13,cash withdrawal,CAD
CA00012445,2025-02-11,BR019,C500925,TLR-5315,3948.37,cash deposit,CAD
CA00011088,2025-02-08,BR012,C500180,TLR-1972,2012.42,cash withdrawal,CAD
CA00009854,2025-02-22,BR006,C500330,TLR-5266,1203.35,cash deposit,CAD
CA00013881,2025-02-21,BR026,C501747,TLR-3387,-1375.97,cash withdrawal,CAD
CA00010156,2025-02-01,BR007,C503248,TLR-7564,978.07,cash deposit,CAD
CA00015366,2025-02-04,BR034,C501299,TLR-8253,1632.6,cash withdrawal,CAD
CA00015410,2025-02-09,BR034,C502861,TLR-5189,532.41,cash withdrawal,CAD
CA00009797,2025-02-07,BR006,C501367,TLR-3031,332.24,cash deposit,CAD
CA00017688,2025-02-18,BR040,C501691,TLR-3057,1009.77,cash withdrawal,CAD
CA00017023,2025-02-28,BR040,C503545,TLR-7154,463.62,cash deposit,CAD
CA00013649,2025-02-04,BR025,C500299,TLR-9404,-291.07,cash withdrawal,CAD
CA00015118,2025-02-10,BR033,C500108,TLR-2211,678.33,cash deposit,CAD
CA00011301,2025-02-01,BR014,C501989,TLR-7093,1108.19,cash deposit,CAD
CA00013272,2025-02-19,BR024,C501733,TLR-3941,693.37,cash deposit,CAD
CA00008841,2025-02-08,BR001,C502458,TLR-1663,3355.46,cash deposit,CAD
CA00013604,2025-02-09,BR025,C501643,TLR-5788,-472.52,cash withdrawal,CAD
CA00010415,2025-02-01,BR008,C503111,TLR-8404,1440.41,cash withdrawal,CAD
CA00015252,2025-02-20,BR033,C503927,TLR-4392,955.65,cash withdrawal,CAD
CA00017342,2025-02-18,BR040,C503601,TLR-4723,1457.64,cash withdrawal,CAD
CA00012145,2025-02-01,BR017,C503394,TLR-8478,1035.34,cash withdrawal,CAD
CA00017155,2025-02-26,BR040,C500296,TLR-7765,243.18,cash withdrawal,CAD
CA00016627,2025-02-12,BR039,C502892,TLR-8444,622.49,cash deposit,CAD
CA00014274,2025-02-18,BR029,C503332,TLR-9337,1205.79,cash withdrawal,CAD
CA00014687,2025-02-03,BR030,C501102,TLR-9478,2131.03,cash withdrawal,CAD
CA00012783,2025-02-11,BR021,C502770,TLR-1862,1211.68,cash deposit,CAD
CA00011534,2025-02-08,BR015,C502347,TLR-6314,2009.02,cash withdrawal,CAD
CA00015345,2025-02-26,BR034,C502183,TLR-9048,703.83,cash withdrawal,CAD
CA00013583,2025-02-02,BR025,C501145,TLR-2037,-946.1,cash withdrawal,CAD
CA00015928,2025-02-28,BR036,C501873,TLR-3620,953.33,cash withdrawal,CAD
CA00013847,2025-02-27,BR026,C502612,TLR-1185,-2108.14,cash withdrawal,CAD
CA00016651,2025-02-27,BR039,C501264,TLR-2955,374.88,cash deposit,CAD
CA00009160,2025-02-24,BR002,C500339,TLR-9025,1582.11,cash deposit,CAD
CA00011891,2025-02-16,BR016,C503519,TLR-4848,1439.82,cash withdrawal,CAD
CA00012453,2025-02-19,BR019,C501876,TLR-9743,652.72,cash deposit,CAD
CA00010146,2025-02-08,BR007,C503975,TLR-8359,526.08,cash withdrawal,CAD
CA00015852,2025-02-27,BR036,C501149,TLR-1767,661.03,cash deposit,CAD
CA00010719,2025-02-09,BR010,C500561,TLR-6824,3388.94,cash deposit,CAD
CA00009307,2025-02-21,BR003,C500020,TLR-5245,231.38,cash deposit,CAD
CA00010507,2025-02-11,BR008,C501821,TLR-6146,1089.62,cash withdrawal,CAD
CA00015685,2025-02-24,BR035,C503765,TLR-5128,847.15,cash deposit,CAD
CA00015282,2025-02-06,BR034,C503803,TLR-1781,343.99,cash deposit,CAD
CA00012759,2025-02-22,BR020,C503847,TLR-7881,635.96,cash deposit,USD
CA00010219,2025-02-24,BR007,C501849,TLR-3895,437.1,cash withdrawal,CAD
CA00016007,2025-02-23,BR037,C503150,TLR-7412,590.21,cash deposit,CAD
CA00017270,2025-02-17,BR040,C503995,TLR-1827,499.8,cash withdrawal,CAD
CA00009704,2025-02-08,BR005,C501026,TLR-3372,314.25,cash deposit,CAD
CA00012912,2025-02-24,BR021,C503113,TLR-5324,577.95,cash withdrawal,CAD
CA00012545,2025-02-04,BR019,C500815,TLR-5919,851.71,cash withdrawal,CAD
CA00009123,2025-02-04,BR002,C500023,TLR-1853,1079.64,cash deposit,CAD
CA00017036,2025-02-25,BR040,C503775,TLR-2344,591.8,cash deposit,CAD
CA00015113,2025-02-01,BR033,C500542,TLR-1358,1524.16,cash withdrawal,CAD
CA00017686,2025-02-05,BR040,C500822,TLR-5661,991.63,cash deposit,CAD
CA00012198,2025-02-15,BR018,C502835,TLR-6494,1936.5,cash deposit,CAD
CA00015810,2025-02-03,BR036,C503260,TLR-6320,959.36,cash withdrawal,CAD
CA00012599,2025-02-03,BR020,C501122,TLR-4039,1401.88,cash withdrawal,USD
CA00009938,2025-02-15,BR006,C502665,TLR-9843,542.16,cash withdrawal,CAD
CA00010184,2025-02-15,BR007,C503471,TLR-5323,511.28,cash deposit,CAD
CA00014138,2025-02-13,BR028,C500037,TLR-9807,4190.99,cash deposit,CAD
CA00016692,2025-02-13,BR040,C501849,TLR-3614,156.29,cash withdrawal,CAD
CA00009010,2025-02-25,BR002,C500588,TLR-5660,1930.15,cash deposit,CAD
CA00012691,2025-02-26,BR020,C501097,TLR-5162,3499.29,cash withdrawal,USD
CA00011639,2025-02-28,BR015,C502234,TLR-1841,1461.39,cash withdrawal,CAD
CA00013336,2025-02-20,BR024,C503762,TLR-6810,2091.32,cash withdrawal,CAD
CA00009519,2025-02-07,BR004,C502161,TLR-9552,769.2,cash deposit,CAD
CA00011873,2025-02-28,BR016,C500999,TLR-9408,289.66,cash withdrawal,CAD
CA00014205,2025-02-22,BR028,C500497,TLR-1652,1068.04,cash withdrawal,CAD
CA00011723,2025-02-27,BR016,C501694,TLR-4046,1104.09,cash withdrawal,CAD
CA00011648,2025-02-04,BR015,C503385,TLR-7357,1653.04,cash deposit,CAD
CA00013671,2025-02-28,BR026,C500532,TLR-8076,-1923.46,cash withdrawal,CAD
CA00010917,2025-02-27,BR012,C503965,TLR-4272,1208.84,cash withdrawal,CAD
CA00016443,2025-02-17,BR039,C501666,TLR-4005,1606.69,cash withdrawal,CAD
CA00017325,2025-02-06,BR040,C503297,TLR-8854,236.43,cash withdrawal,CAD
CA00011374,2025-02-27,BR014,C502224,TLR-3961,378.44,cash withdrawal,CAD
CA00008796,2025-02-07,BR001,C500851,TLR-5339,2936.92,cash withdrawal,CAD
CA00014008,2025-02-08,BR027,C500255,TLR-6595,299.51,cash withdrawal,CAD
CA00016600,2025-02-15,BR039,C500707,TLR-7548,1533.68,cash deposit,CAD
CA00014648,2025-02-28,BR030,C500544,TLR-9570,608.59,cash withdrawal,CAD
CA00015357,2025-02-09,BR034,C501057,TLR-2836,2633.38,cash deposit,CAD
CA00011589,2025-02-11,BR015,C501721,TLR-4678,1035.24,cash withdrawal,CAD
CA00015734,2025-02-07,BR036,C503846,TLR-6579,3991.89,cash withdrawal,CAD
CA00009506,2025-02-16,BR004,C500355,TLR-2084,1938.93,cash withdrawal,CAD
CA00011381,2025-02-12,BR014,C501782,TLR-2800,680.36,cash deposit,CAD
CA00008986,2025-02-05,BR001,C503760,TLR-1585,830.7,cash withdrawal,CAD
CA00015385,2025-02-27,BR034,C503542,TLR-1195,712.82,cash withdrawal,CAD
CA00014623,2025-02-11,BR030,C503727,TLR-9486,2990.49,cash withdrawal,CAD
CA00016638,2025-02-15,BR039,C501388,TLR-7469,448.65,cash deposit,CAD
CA00012625,2025-02-21,BR020,C502291,TLR-4415,828.43,cash deposit,USD
CA00016740,2025-02-19,BR040,C503925,TLR-2298,344.7,cash deposit,CAD
CA00014336,2025-02-28,BR029,C501813,TLR-9319,1517.79,cash withdrawal,CAD
CA00015458,2025-02-08,BR035,C503110,TLR-7486,1078.7,cash deposit,CAD
CA00013858,2025-02-12,BR026,C501726,TLR-1009,506.84,cash deposit,CAD
CA00017215,2025-02-16,BR040,C500569,TLR-4498,3185.32,cash deposit,CAD
CA00010669,2025-02-22,BR010,C503169,TLR-7948,2181.36,cash withdrawal,CAD
CA00017309,2025-02-14,BR040,C503730,TLR-2007,2082.17,cash withdrawal,CAD
CA00016521,2025-02-02,BR039,C500304,TLR-1413,366.13,cash deposit,CAD
CA00014721,2025-02-09,BR031,C500308,TLR-2759,3354.51,cash deposit,CAD
CA00009996,2025-02-05,BR006,C500374,TLR-2259,430.44,cash withdrawal,CAD
CA00009751,2025-02-07,BR005,C500052,TLR-3827,1493.01,cash withdrawal,CAD
CA00010960,2025-02-23,BR012,C502650,TLR-7689,538.41,cash deposit,CAD
CA00011348,2025-02-11,BR014,C502543,TLR-2841,569.63,cash withdrawal,CAD
CA00008852,2025-02-11,BR001,C502826,TLR-7211,792.36,cash deposit,CAD
CA00013981,2025-02-06,BR027,C500216,TLR-2722,742.2,cash withdrawal,CAD
CA00013323,2025-02-09,BR024,C500967,TLR-7409,1213.4,cash deposit,CAD
CA00015295,2025-02-13,BR034,C500598,TLR-1851,994.42,cash deposit,CAD
CA00010576,2025-02-02,BR009,C502954,TLR-8389,1731.17,cash deposit,CAD
CA00015027,2025-02-03,BR032,C503558,TLR-1944,1377.56,cash withdrawal,CAD
CA00012016,2025-02-06,BR017,C501509,TLR-1338,936.83,cash deposit,CAD
CA00011608,2025-02-27,BR015,C500399,TLR-1065,242.19,cash withdrawal,CAD
CA00014673,2025-02-27,BR030,C500450,TLR-7792,865.92,cash withdrawal,CAD
CA00012638,2025-02-28,BR020,C501216,TLR-4023,719.59,cash deposit,USD
CA00012592,2025-02-02,BR019,C500772,TLR-4168,887.11,cash deposit,CAD
CA00011791,2025-02-06,BR016,C502633,TLR-5838,1234.96,cash withdrawal,CAD
CA00012703,2025-02-08,BR020,C503531,TLR-5739,1111.28,cash deposit,USD
CA00010777,2025-02-23,BR010,C501800,TLR-8491,3409.61,cash deposit,CAD
CA00016903,2025-02-12,BR040,C500685,TLR-6313,1748.58,cash withdrawal,CAD
CA00016649,2025-02-01,BR039,C500625,TLR-4255,794.52,cash deposit,CAD
CA00016345,2025-02-27,BR038,C500520,TLR-9786,291.18,cash deposit,CAD
CA00016681,2025-02-19,BR040,C501623,TLR-1187,355.12,cash deposit,CAD
CA00010829,2025-02-05,BR010,C500188,TLR-1204,767.23,cash withdrawal,CAD
CA00009552,2025-02-23,BR004,C501967,TLR-1292,505.75,cash deposit,CAD
CA00013951,2025-02-06,BR027,C503766,TLR-2735,1451.13,cash deposit,CAD
CA00016434,2025-02-11,BR038,C500106,TLR-6074,1075.55,cash deposit,CAD
CA00015143,2025-02-23,BR033,C503532,TLR-1605,1207.02,cash withdrawal,CAD
CA00011822,2025-02-25,BR016,C503689,TLR-9803,723.05,cash deposit,CAD
CA00017659,2025-02-14,BR040,C500293,TLR-8825,773.1,cash withdrawal,CAD
CA00008943,2025-02-25,BR001,C501376,TLR-5371,1992.67,cash deposit,CAD
CA00014096,2025-02-21,BR027,C502099,TLR-6904,9699.69,cash withdrawal,CAD
CA00012322,2025-02-10,BR019,C500897,TLR-4526,793.18,cash deposit,CAD
CA00014935,2025-02-24,BR031,C501619,TLR-8779,1006.72,cash withdrawal,CAD
CA00010294,2025-02-15,BR008,C500939,TLR-6208,251.84,cash withdrawal,CAD
CA00014371,2025-02-01,BR029,C501835,TLR-6536,1358.74,cash deposit,CAD
CA00014966,2025-02-26,BR031,C500862,TLR-8452,270.84,cash deposit,CAD
CA00015479,2025-02-04,BR035,C502587,TLR-8116,1408.8,cash deposit,CAD
CA00017646,2025-02-16,BR040,C501142,TLR-5797,1853.38,cash deposit,CAD
CA00011797,2025-02-09,BR016,C500761,TLR-1005,1063.62,cash deposit,CAD
CA00016159,2025-02-22,BR037,C501097,TLR-1177,936.83,cash withdrawal,CAD
CA00008956,2025-02-01,BR001,C502146,TLR-2234,356.45,cash deposit,CAD
CA00010165,2025-02-15,BR007,C502670,TLR-7369,1190.46,cash deposit,CAD
CA00011478,2025-02-12,BR015,C500990,TLR-5545,1022.65,cash deposit,CAD
CA00012425,2025-02-04,BR019,C501500,TLR-8703,1791.05,cash withdrawal,CAD
CA00009814,2025-02-04,BR006,C503978,TLR-7786,802.08,cash deposit,CAD
CA00014569,2025-02-08,BR030,C502338,TLR-3428,559.12,cash deposit,CAD
CA00011522,2025-02-11,BR015,C500494,TLR-8319,407.07,cash deposit,CAD
CA00012090,2025-02-09,BR017,C500870,TLR-1539,1059.74,cash deposit,CAD
CA00015070,2025-02-08,BR032,C501156,TLR-7054,1868.06,cash withdrawal,CAD
CA00013635,2025-02-27,BR025,C501516,TLR-9768,949.96,cash deposit,CAD
CA00016601,2025-02-20,BR039,C503454,TLR-3334,1699.47,cash deposit,CAD
CA00009109,2025-02-12,BR002,C500951,TLR-5911,381.61,cash deposit,CAD
CA00015006,2025-02-14,BR032,C501067,TLR-6992,1227.69,cash deposit,CAD
CA00009625,2025-02-15,BR004,C501924,TLR-2376,421.34,cash deposit,CAD
CA00011557,2025-02-22,BR015,C501900,TLR-6583,846.02,cash deposit,CAD
CA00015906,2025-02-18,BR036,C500748,TLR-1223,614.58,cash deposit,CAD
CA00012925,2025-02-27,BR021,C502918,TLR-2561,1743.42,cash deposit,CAD
CA00014491,2025-02-14,BR030,C502079,TLR-4494,1582.68,cash withdrawal,CAD
CA00012991,2025-02-26,BR022,C503576,TLR-6242,562.92,cash deposit,CAD
CA00016914,2025-02-18,BR040,C503742,TLR-6350,757.15,cash deposit,CAD
CA00009187,2025-02-05,BR003,C502076,TLR-5866,855.55,cash withdrawal,CAD
CA00009268,2025-02-03,BR003,C501971,TLR-3441,289.11,cash withdrawal,CAD
CA00009019,2025-02-12,BR002,C501886,TLR-7320,-969.69,cash withdrawal,CAD
CA00012256,2025-02-04,BR018,C502574,TLR-4810,1963.04,cash deposit,CAD
CA00010496,2025-02-10,BR008,C503455,TLR-1673,1052.5,cash withdrawal,CAD
CA00013705,2025-02-06,BR026,C500386,TLR-4945,2365.92,cash deposit,CAD
CA00012375,2025-02-09,BR019,C501683,TLR-4320,2468.5,cash withdrawal,CAD
CA00009384,2025-02-07,BR003,C502367,TLR-2893,765.13,cash deposit,CAD
CA00012013,2025-02-10,BR017,C502844,TLR-6913,3936.83,cash deposit,CAD
CA00012829,2025-02-10,BR021,C500562,TLR-5327,850.53,cash withdrawal,CAD
CA00011487,2025-02-23,BR015,C502464,TLR-5593,570.58,cash withdrawal,CAD
CA00014570,2025-02-08,BR030,C500296,TLR-1053,757.17,cash withdrawal,CAD
CA00015582,2025-02-09,BR035,C500472,TLR-8767,751.51,cash deposit,CAD
CA00017201,2025-02-18,BR040,C501821,TLR-5277,1594.93,cash deposit,CAD
CA00016154,2025-02-04,BR037,C501546,TLR-9163,957.58,cash deposit,CAD
CA00010388,2025-02-23,BR008,C503594,TLR-1046,1069.96,cash deposit,CAD
CA00015538,2025-02-17,BR035,C502305,TLR-3029,1261.22,cash deposit,CAD
CA00013199,2025-02-18,BR024,C500560,TLR-9119,931.83,cash deposit,CAD
CA00015563,2025-02-27,BR035,C502495,TLR-7058,1120.52,cash deposit,CAD
CA00009876,2025-02-13,BR006,C501625,TLR-3438,652.25,cash withdrawal,CAD
CA00012316,2025-02-25,BR019,C502096,TLR-7659,605.82,cash deposit,CAD
CA00010620,2025-02-14,BR009,C503351,TLR-5037,2060.18,cash deposit,CAD
CA00016575,2025-02-08,BR039,C503333,TLR-8384,369.13,cash deposit,CAD
CA00017156,2025-02-02,BR040,C500301,TLR-8924,790.25,cash withdrawal,CAD
CA00009473,2025-02-11,BR004,C501663,TLR-8311,6010.22,cash deposit,CAD
CA00012674,2025-02-09,BR020,C503510,TLR-5892,953.12,cash withdrawal,USD
CA00014806,2025-02-02,BR031,C502478,TLR-3547,1572.59,cash deposit,CAD
CA00015652,2025-02-09,BR035,C502454,TLR-2819,1815.39,cash withdrawal,CAD
CA00017124,2025-02-26,BR040,C503863,TLR-7565,636.64,cash deposit,CAD
CA00009784,2025-02-02,BR006,C503348,TLR-2552,577.94,cash withdrawal,CAD
CA00009021,2025-02-10,BR002,C501887,TLR-4499,-1031.62,cash withdrawal,CAD
CA00012091,2025-02-06,BR017,C501509,TLR-5445,513.79,cash withdrawal,CAD
CA00014713,2025-02-12,BR031,C500862,TLR-2675,1242.5,cash deposit,CAD
CA00014862,2025-02-06,BR031,C503708,TLR-9287,1043.42,cash deposit,CAD
CA00009542,2025-02-16,BR004,C500814,TLR-1588,472.26,cash deposit,CAD
CA00013665,2025-02-24,BR025,C500099,TLR-7128,-1054.48,cash withdrawal,CAD
CA00011469,2025-02-11,BR015,C500114,TLR-1437,1322.48,cash deposit,CAD
CA00009687,2025-02-10,BR005,C503750,TLR-6121,446.79,cash deposit,CAD
CA00011930,2025-02-23,BR016,C503317,TLR-8426,277.25,cash deposit,CAD
CA00012029,2025-02-18,BR017,C503693,TLR-7726,527.75,cash withdrawal,CAD
CA00012894,2025-02-07,BR021,C500706,TLR-3816,1139.05,cash withdrawal,CAD
CA00013156,2025-02-10,BR023,C500170,TLR-3338,1167.9,cash withdrawal,CAD
CA00015618,2025-02-12,BR035,C502990,TLR-6776,690.95,cash deposit,CAD
CA00010309,2025-02-27,BR008,C501540,TLR-3093,2475.58,cash withdrawal,CAD
CA00011338,2025-02-15,BR014,C501827,TLR-2345,1072.67,cash deposit,CAD
CA00015952,2025-02-25,BR036,C502351,TLR-6923,573.08,cash withdrawal,CAD
CA00008727,2025-02-12,BR001,C503804,TLR-6914,375.37,cash withdrawal,CAD
CA00014888,2025-02-11,BR031,C503583,TLR-9414,1024.05,cash withdrawal,CAD
CA00013918,2025-02-06,BR027,C503362,TLR-6135,384.74,cash deposit,CAD
CA00012544,2025-02-14,BR019,C501580,TLR-4824,1467.46,cash deposit,CAD
CA00017346,2025-02-01,BR040,C502191,TLR-5873,1217.89,cash deposit,CAD
CA00012865,2025-02-24,BR021,C503253,TLR-3374,1408.39,cash withdrawal,CAD
CA00011667,2025-02-04,BR015,C503083,TLR-2320,1363.84,cash deposit,CAD
CA00016628,2025-02-03,BR039,C501208,TLR-5703,1011.4,cash deposit,CAD
CA00016011,2025-02-09,BR037,C503639,TLR-6260,1047.74,cash deposit,CAD
CA00012140,2025-02-19,BR017,C503114,TLR-8802,1583.94,cash deposit,CAD
CA00014743,2025-02-08,BR031,C503103,TLR-3780,620.38,cash withdrawal,CAD
CA00014886,2025-02-06,BR031,C500118,TLR-6286,894.69,cash withdrawal,CAD
CA00016884,2025-02-24,BR040,C500282,TLR-2423,1297.24,cash deposit,CAD
CA00014934,2025-02-15,BR031,C500307,TLR-9433,466.77,cash withdrawal,CAD
CA00009125,2025-02-14,BR002,C503632,TLR-3907,-1928.39,cash withdrawal,CAD
CA00017146,2025-02-17,BR040,C503309,TLR-9660,1594.72,cash deposit,CAD
CA00009130,2025-02-05,BR002,C500886,TLR-4100,-465.8,cash withdrawal,CAD
CA00017389,2025-02-12,BR040,C503126,TLR-5319,1358.82,cash deposit,CAD
CA00016103,2025-02-14,BR037,C501975,TLR-2441,643.47,cash deposit,CAD
CA00011694,2025-02-17,BR015,C501691,TLR-7247,1288.49,cash deposit,CAD
CA00016373,2025-02-12,BR038,C500182,TLR-9836,553.82,cash withdrawal,CAD
CA00014944,2025-02-05,BR031,C501344,TLR-7627,1001.53,cash deposit,CAD
CA00015065,2025-02-21,BR032,C501392,TLR-2335,1074.13,cash withdrawal,CAD
CA00015091,2025-02-08,BR032,C501509,TLR-8775,226.84,cash withdrawal,CAD
CA00010486,2025-02-08,BR008,C501592,TLR-8038,1212.41,cash deposit,CAD
CA00016247,2025-02-06,BR037,C503261,TLR-4289,639.31,cash deposit,CAD
CA00015393,2025-02-16,BR034,C500694,TLR-1681,1817.24,cash withdrawal,CAD
CA00015126,2025-02-24,BR033,C501004,TLR-6867,3073.12,cash withdrawal,CAD
CA00016722,2025-02-22,BR040,C501547,TLR-8149,1563.91,cash deposit,CAD
CA00016475,2025-02-19,BR039,C501539,TLR-5505,722.39,cash withdrawal,CAD
CA00012144,2025-02-26,BR017,C503420,TLR-8069,2724.65,cash withdrawal,CAD
CA00014798,2025-02-11,BR031,C503961,TLR-8552,876.63,cash withdrawal,CAD
CA00013302,2025-02-23,BR024,C500642,TLR-7135,731.04,cash deposit,CAD
CA00016383,2025-02-23,BR038,C503169,TLR-1410,1318.33,cash deposit,CAD
CA00012174,2025-02-22,BR017,C502536,TLR-5068,1138.81,cash deposit,CAD
CA00010743,2025-02-13,BR010,C501415,TLR-9425,579.83,cash withdrawal,CAD
CA00008884,2025-02-27,BR001,C500831,TLR-3031,1050.73,cash withdrawal,CAD
CA00014847,2025-02-15,BR031,C503563,TLR-3251,787.51,cash deposit,CAD
CA00011440,2025-02-11,BR015,C500110,TLR-1593,1428.07,cash deposit,CAD
CA00008801,2025-02-17,BR001,C502083,TLR-1940,1209.52,cash withdrawal,CAD
CA00017277,2025-02-13,BR040,C500896,TLR-3329,2096.96,cash withdrawal,CAD
CA00016365,2025-02-06,BR038,C501487,TLR-4287,382.01,cash withdrawal,CAD
CA00010904,2025-02-23,BR011,C503612,TLR-8349,1194.22,cash deposit,CAD
CA00014506,2025-02-08,BR030,C502154,TLR-7695,796.75,cash withdrawal,CAD
CA00014985,2025-02-17,BR032,C501738,TLR-6470,273.76,cash withdrawal,CAD
CA00017039,2025-02-09,BR040,C502225,TLR-9553,1312.77,cash deposit,CAD
CA00009304,2025-02-12,BR003,C501860,TLR-4592,977.28,cash deposit,CAD
CA00010045,2025-02-10,BR006,C500418,TLR-4121,277.26,cash deposit,CAD
CA00009036,2025-02-16,BR002,C501324,TLR-1965,-1622.49,cash withdrawal,CAD
CA00011117,2025-02-05,BR012,C500473,TLR-9657,2290.65,cash withdrawal,CAD
CA00013409,2025-02-11,BR024,C503840,TLR-1753,809.44,cash deposit,CAD
CA00016857,2025-02-08,BR040,C502887,TLR-3697,550.8,cash deposit,CAD
CA00010473,2025-02-27,BR008,C503569,TLR-6320,3480.55,cash deposit,CAD
CA00010663,2025-02-13,BR010,C503133,TLR-3302,333.69,cash withdrawal,CAD
CA00013802,2025-02-28,BR026,C502169,TLR-5804,1179.0,cash deposit,CAD
CA00013742,2025-02-24,BR026,C500804,TLR-2620,-1083.86,cash withdrawal,CAD
CA00017545,2025-02-26,BR040,C501465,TLR-6072,929.84,cash withdrawal,CAD
CA00014928,2025-02-27,BR031,C501917,TLR-6023,683.4,cash deposit,CAD
CA00010161,2025-02-02,BR007,C502382,TLR-9300,873.32,cash withdrawal,CAD
CA00015028,2025-02-16,BR032,C503879,TLR-7966,795.71,cash withdrawal,CAD
CA00016357,2025-02-17,BR038,C502896,TLR-2755,1248.39,cash withdrawal,CAD
CA00016197,2025-02-26,BR037,C501961,TLR-7543,1087.18,cash deposit,CAD
CA00010056,2025-02-03,BR006,C500469,TLR-8432,863.51,cash deposit,CAD
CA00015799,2025-02-04,BR036,C500467,TLR-8199,1032.23,cash withdrawal,CAD
CA00009301,2025-02-23,BR003,C503939,TLR-5725,2053.52,cash deposit,CAD
CA00009374,2025-02-24,BR003,C501056,TLR-6337,1977.02,cash withdrawal,CAD
CA00009995,2025-02-09,BR006,C503162,TLR-9726,3232.92,cash deposit,CAD
CA00011969,2025-02-17,BR017,C500804,TLR-4474,2617.52,cash withdrawal,CAD
CA00012212,2025-02-12,BR018,C501575,TLR-3097,1608.53,cash deposit,CAD
CA00016882,2025-02-10,BR040,C502750,TLR-4372,2518.88,cash deposit,CAD
CA00016895,2025-02-06,BR040,C502703,TLR-4331,2576.92,cash withdrawal,CAD
CA00011659,2025-02-05,BR015,C501272,TLR-7618,818.06,cash deposit,CAD
CA00010824,2025-02-20,BR010,C502296,TLR-9081,891.67,cash deposit,CAD
CA00013490,2025-02-05,BR025,C500933,TLR-6191,-979.73,cash withdrawal,CAD
CA00010236,2025-02-09,BR007,C502752,TLR-6314,583.36,cash withdrawal,CAD
CA00011484,2025-02-26,BR015,C502976,TLR-5013,1122.2,cash withdrawal,CAD
CA00014858,2025-02-10,BR031,C503867,TLR-4963,561.98,cash deposit,CAD
CA00009248,2025-02-04,BR003,C501928,TLR-8079,973.74,cash deposit,CAD
CA00010554,2025-02-28,BR009,C503578,TLR-2615,911.24,cash deposit,CAD
CA00014908,2025-02-16,BR031,C503085,TLR-2952,2123.34,cash withdrawal,CAD
CA00015392,2025-02-28,BR034,C503007,TLR-3347,1017.37,cash deposit,CAD
CA00015268,2025-02-12,BR033,C501215,TLR-5077,1375.8,cash withdrawal,CAD
CA00011779,2025-02-12,BR016,C501236,TLR-9934,420.8,cash withdrawal,CAD
CA00016695,2025-02-12,BR040,C503582,TLR-4252,271.86,cash deposit,CAD
CA00015133,2025-02-03,BR033,C500460,TLR-8013,371.31,cash withdrawal,CAD
CA00008842,2025-02-08,BR001,C503584,TLR-1099,313.98,cash deposit,CAD
CA00009439,2025-02-26,BR004,C500128,TLR-1217,1217.06,cash withdrawal,CAD
CA00011837,2025-02-16,BR016,C500623,TLR-8540,340.88,cash withdrawal,CAD
CA00014526,2025-02-08,BR030,C500992,TLR-6231,1825.63,cash deposit,CAD
CA00010203,2025-02-08,BR007,C500015,TLR-1246,1683.46,cash deposit,CAD
CA00014064,2025-02-24,BR027,C503340,TLR-1243,1711.18,cash deposit,CAD
CA00014471,2025-02-28,BR030,C503694,TLR-8711,1779.61,cash deposit,CAD
CA00013499,2025-02-11,BR025,C502312,TLR-5677,-2337.52,cash withdrawal,CAD
CA00010133,2025-02-21,BR007,C500865,TLR-3230,845.64,cash withdrawal,CAD
CA00017505,2025-02-25,BR040,C501201,TLR-3129,1067.69,cash withdrawal,CAD
CA00010180,2025-02-23,BR007,C503472,TLR-7056,1557.32,cash deposit,CAD
CA00015528,2025-02-02,BR035,C503714,TLR-3990,2600.23,cash deposit,CAD
CA00009522,2025-02-16,BR004,C500293,TLR-4624,2828.9,cash deposit,CAD
CA00013002,2025-02-24,BR022,C503847,TLR-3881,407.35,cash deposit,CAD
CA00010813,2025-02-28,BR010,C501233,TLR-2923,688.61,cash withdrawal,CAD
CA00011176,2025-02-22,BR013,C502192,TLR-7226,185.28,cash deposit,CAD
CA00017112,2025-02-15,BR040,C500536,TLR-7613,470.98,cash deposit,CAD
CA00015055,2025-02-07,BR032,C502516,TLR-6059,2348.91,cash deposit,CAD
CA00012117,2025-02-24,BR017,C500018,TLR-8728,243.64,cash withdrawal,CAD
CA00009690,2025-02-15,BR005,C501549,TLR-4311,1794.39,cash withdrawal,CAD
CA00016089,2025-02-17,BR037,C500929,TLR-5817,1360.84,cash deposit,CAD
CA00016718,2025-02-25,BR040,C502278,TLR-9347,3516.08,cash withdrawal,CAD
CA00009118,2025-02-28,BR002,C503910,TLR-8267,-854.07,cash withdrawal,CAD
CA00013493,2025-02-08,BR025,C502920,TLR-7409,-938.97,cash withdrawal,CAD
CA00016234,2025-02-12,BR037,C501486,TLR-8559,2489.94,cash deposit,CAD
CA00012668,2025-02-24,BR020,C502082,TLR-9442,821.58,cash withdrawal,USD
CA00011971,2025-02-28,BR017,C503877,TLR-3344,2297.15,cash withdrawal,CAD
CA00016191,2025-02-14,BR037,C503125,TLR-7710,634.16,cash withdrawal,CAD
CA00010298,2025-02-07,BR008,C503663,TLR-2026,1083.82,cash withdrawal,CAD
CA00013328,2025-02-10,BR024,C500638,TLR-7527,2669.17,cash deposit,CAD
CA00013811,2025-02-19,BR026,C502469,TLR-9531,-2213.32,cash withdrawal,CAD
CA00010116,2025-02-18,BR007,C501552,TLR-7267,690.52,cash withdrawal,CAD
CA00016705,2025-02-18,BR040,C501786,TLR-9305,570.12,cash withdrawal,CAD
CA00009873,2025-02-05,BR006,C503857,TLR-3468,844.47,cash withdrawal,CAD
CA00010017,2025-02-06,BR006,C501213,TLR-7054,956.4,cash deposit,CAD
CA00013422,2025-02-10,BR024,C500472,TLR-9000,2811.34,cash deposit,CAD
CA00012019,2025-02-24,BR017,C502339,TLR-4320,1953.81,cash withdrawal,CAD
CA00014468,2025-02-18,BR030,C501044,TLR-8511,1154.97,cash withdrawal,CAD
CA00012271,2025-02-21,BR018,C502857,TLR-9826,1379.71,cash withdrawal,CAD
CA00010453,2025-02-08,BR008,C502381,TLR-4662,547.38,cash withdrawal,CAD
CA00015770,2025-02-15,BR036,C503315,TLR-4538,523.18,cash withdrawal,CAD
CA00012961,2025-02-09,BR022,C503144,TLR-2897,585.0,cash deposit,CAD
CA00010730,2025-02-22,BR010,C501784,TLR-1768,284.15,cash deposit,CAD
CA00016384,2025-02-22,BR038,C500656,TLR-3272,467.85,cash withdrawal,CAD
CA00016897,2025-02-23,BR040,C502540,TLR-1644,1477.03,cash deposit,CAD
CA00011787,2025-02-26,BR016,C501287,TLR-9009,724.26,cash withdrawal,CAD
CA00017525,2025-02-21,BR040,C503822,TLR-3455,670.08,cash deposit,CAD
CA00012177,2025-02-12,BR017,C503642,TLR-4819,500.17,cash deposit,CAD
CA00009162,2025-02-22,BR002,C503826,TLR-5397,509.49,cash deposit,CAD
CA00015787,2025-02-15,BR036,C500542,TLR-6683,2041.4,cash withdrawal,CAD
CA00009575,2025-02-06,BR004,C502629,TLR-7128,509.12,cash withdrawal,CAD
CA00010234,2025-02-24,BR007,C500362,TLR-5301,1136.62,cash deposit,CAD
CA00015897,2025-02-14,BR036,C500845,TLR-6003,988.05,cash deposit,CAD
CA00017387,2025-02-05,BR040,C503951,TLR-9546,2292.72,cash withdrawal,CAD
CA00009133,2025-02-16,BR002,C503835,TLR-9933,-646.8,cash withdrawal,CAD
CA00013299,2025-02-06,BR024,C502326,TLR-4334,335.32,cash withdrawal,CAD
CA00008856,2025-02-12,BR001,C503506,TLR-9112,1334.09,cash deposit,CAD
CA00009244,2025-02-22,BR003,C500477,TLR-7363,788.32,cash withdrawal,CAD
CA00012434,2025-02-23,BR019,C503602,TLR-4310,2721.43,cash deposit,CAD
CA00008751,2025-02-14,BR001,C501943,TLR-8081,173.35,cash deposit,CAD
CA00015955,2025-02-02,BR036,C502461,TLR-2243,616.86,cash deposit,CAD
CA00011074,2025-02-10,BR012,C501844,TLR-9689,566.16,cash withdrawal,CAD
CA00017629,2025-02-19,BR040,C503599,TLR-5508,493.04,cash withdrawal,CAD
CA00016317,2025-02-12,BR038,C503094,TLR-3958,389.96,cash deposit,CAD
CA00017521,2025-02-28,BR040,C501045,TLR-4375,1363.06,cash withdrawal,CAD
CA00015049,2025-02-17,BR032,C500500,TLR-4594,993.09,cash deposit,CAD
CA00009271,2025-02-23,BR003,C500030,TLR-6929,1308.54,cash deposit,CAD
CA00009685,2025-02-16,BR005,C500756,TLR-2124,1139.69,cash withdrawal,CAD
CA00015776,2025-02-12,BR036,C502482,TLR-9161,951.05,cash withdrawal,CAD
CA00010689,2025-02-01,BR010,C500685,TLR-9429,613.56,cash deposit,CAD
CA00014341,2025-02-18,BR029,C503107,TLR-1934,312.67,cash deposit,CAD
CA00013496,2025-02-21,BR025,C502788,TLR-8590,2096.88,cash deposit,CAD
CA00008865,2025-02-19,BR001,C502282,TLR-4769,1475.58,cash withdrawal,CAD
CA00017195,2025-02-26,BR040,C501842,TLR-6691,281.82,cash withdrawal,CAD
CA00008898,2025-02-15,BR001,C503496,TLR-5946,1312.77,cash deposit,CAD
CA00014170,2025-02-21,BR028,C502887,TLR-8220,429.24,cash deposit,CAD
CA00011483,2025-02-03,BR015,C501045,TLR-4196,300.72,cash deposit,CAD
CA00013677,2025-02-26,BR026,C503295,TLR-3252,-875.8,cash withdrawal,CAD
CA00016611,2025-02-21,BR039,C501925,TLR-7558,1169.82,cash withdrawal,CAD
CA00010181,2025-02-18,BR007,C503964,TLR-8492,3156.81,cash withdrawal,CAD
CA00015374,2025-02-10,BR034,C502669,TLR-3882,1727.87,cash deposit,CAD
CA00017052,2025-02-05,BR040,C503380,TLR-6958,733.87,cash withdrawal,CAD
CA00011784,2025-02-20,BR016,C503636,TLR-2999,689.09,cash deposit,CAD
CA00014850,2025-02-04,BR031,C503310,TLR-2669,2847.72,cash withdrawal,CAD
CA00009846,2025-02-03,BR006,C502076,TLR-3027,786.83,cash withdrawal,CAD
CA00010911,2025-02-12,BR012,C503292,TLR-8826,239.04,cash withdrawal,CAD
CA00009491,2025-02-15,BR004,C501902,TLR-2367,988.82,cash deposit,CAD
CA00016852,2025-02-20,BR040,C501779,TLR-7082,358.56,cash withdrawal,CAD
CA00013043,2025-02-14,BR023,C503563,TLR-1830,1513.36,cash withdrawal,CAD
CA00016136,2025-02-18,BR037,C500745,TLR-8853,1348.0,cash withdrawal,CAD
CA00009780,2025-02-06,BR006,C502849,TLR-2384,1599.86,cash withdrawal,CAD
CA00013216,2025-02-14,BR024,C502690,TLR-9013,1039.15,cash withdrawal,CAD
CA00015705,2025-02-27,BR036,C501874,TLR-7401,3009.85,cash withdrawal,CAD
CA00011597,2025-02-22,BR015,C503210,TLR-3920,1098.05,cash withdrawal,CAD
CA00015730,2025-02-15,BR036,C502560,TLR-5747,1630.75,cash deposit,CAD
CA00012014,2025-02-23,BR017,C503240,TLR-4066,814.34,cash withdrawal,CAD
CA00011305,2025-02-19,BR014,C502891,TLR-9164,1725.54,cash deposit,CAD
CA00009385,2025-02-11,BR003,C502941,TLR-5018,1219.13,cash withdrawal,CAD
CA00015489,2025-02-14,BR035,C502482,TLR-8689,3532.52,cash withdrawal,CAD
CA00013448,2025-02-07,BR025,C502387,TLR-6372,1588.14,cash deposit,CAD
CA00013067,2025-02-25,BR023,C501940,TLR-2771,531.51,cash withdrawal,CAD
CA00014628,2025-02-02,BR030,C503809,TLR-6619,294.01,cash withdrawal,CAD
CA00013418,2025-02-17,BR024,C502087,TLR-2761,2245.69,cash withdrawal,CAD
CA00010666,2025-02-07,BR010,C500080,TLR-3871,1041.23,cash deposit,CAD
CA00010395,2025-02-04,BR008,C502480,TLR-5442,1848.97,cash deposit,CAD
CA00014774,2025-02-19,BR031,C503172,TLR-1060,836.05,cash deposit,CAD
CA00010732,2025-02-24,BR010,C503044,TLR-6248,2900.16,cash withdrawal,CAD
CA00014308,2025-02-08,BR029,C500217,TLR-3172,656.94,cash withdrawal,CAD
CA00013937,2025-02-08,BR027,C500494,TLR-6171,547.71,cash deposit,CAD
CA00014592,2025-02-19,BR030,C503035,TLR-3698,983.98,cash withdrawal,CAD
CA00014046,2025-02-02,BR027,C501977,TLR-1797,964.87,cash withdrawal,CAD
CA00011737,2025-02-25,BR016,C503277,TLR-6689,872.15,cash withdrawal,CAD
CA00016338,2025-02-27,BR038,C500126,TLR-8255,2228.14,cash deposit,CAD
CA00012260,2025-02-28,BR018,C503402,TLR-2444,1611.66,cash deposit,CAD
CA00013780,2025-02-02,BR026,C503412,TLR-1228,2736.87,cash deposit,CAD
CA00016708,2025-02-18,BR040,C501681,TLR-3102,910.92,cash deposit,CAD
CA00017021,2025-02-14,BR040,C500457,TLR-9723,692.67,cash deposit,CAD
CA00016823,2025-02-08,BR040,C500593,TLR-8380,1238.47,cash withdrawal,CAD
CA00014618,2025-02-06,BR030,C502288,TLR-6352,1030.68,cash deposit,CAD
CA00009180,2025-02-13,BR003,C503880,TLR-3806,924.73,cash withdrawal,CAD
CA00015693,2025-02-12,BR036,C502636,TLR-8264,1054.3,cash deposit,CAD
CA00014324,2025-02-22,BR029,C502825,TLR-4898,1359.25,cash deposit,CAD
CA00012676,2025-02-26,BR020,C501970,TLR-2568,1845.39,cash deposit,USD
CA00012992,2025-02-22,BR022,C501855,TLR-8763,1062.99,cash deposit,CAD
CA00015668,2025-02-28,BR035,C500838,TLR-3561,3627.82,cash withdrawal,CAD
CA00010103,2025-02-10,BR007,C502218,TLR-5667,3589.46,cash withdrawal,CAD
CA00010066,2025-02-04,BR007,C500020,TLR-5719,2081.27,cash withdrawal,CAD
CA00011579,2025-02-08,BR015,C503837,TLR-8220,1249.52,cash deposit,CAD
CA00012167,2025-02-14,BR017,C503396,TLR-3599,462.65,cash withdrawal,CAD
CA00015184,2025-02-03,BR033,C501696,TLR-8662,1133.17,cash withdrawal,CAD
CA00017047,2025-02-22,BR040,C503901,TLR-3565,1237.36,cash deposit,CAD
CA00013672,2025-02-06,BR026,C500073,TLR-2715,657.87,cash deposit,CAD
CA00015443,2025-02-16,BR034,C500465,TLR-4370,2298.91,cash withdrawal,CAD
CA00017502,2025-02-17,BR040,C500917,TLR-7858,1508.95,cash deposit,CAD
CA00016225,2025-02-14,BR037,C500348,TLR-5418,1797.67,cash deposit,CAD
CA00010907,2025-02-05,BR012,C502424,TLR-9775,425.92,cash deposit,CAD
CA00016068,2025-02-23,BR037,C503711,TLR-5114,1060.64,cash deposit,CAD
CA00008902,2025-02-21,BR001,C502762,TLR-3206,266.02,cash withdrawal,CAD
CA00010684,2025-02-03,BR010,C502267,TLR-8740,2554.57,cash deposit,CAD
CA00015444,2025-02-15,BR034,C500051,TLR-5064,532.94,cash withdrawal,CAD
CA00008772,2025-02-19,BR001,C502616,TLR-1234,452.66,cash deposit,CAD
CA00016536,2025-02-06,BR039,C500111,TLR-2127,1177.68,cash withdrawal,CAD
CA00011263,2025-02-11,BR014,C503461,TLR-5927,1420.79,cash deposit,CAD
CA00014625,2025-02-12,BR030,C501950,TLR-4544,568.01,cash deposit,CAD
CA00015034,2025-02-13,BR032,C503347,TLR-6088,1385.58,cash deposit,CAD
CA00013925,2025-02-07,BR027,C501120,TLR-4113,3071.83,cash deposit,CAD
CA00014608,2025-02-07,BR030,C501342,TLR-2240,521.89,cash deposit,CAD
CA00014817,2025-02-09,BR031,C501264,TLR-6343,1056.36,cash deposit,CAD
CA00014131,2025-02-28,BR028,C502672,TLR-2194,1943.33,cash withdrawal,CAD
CA00016066,2025-02-11,BR037,C501476,TLR-9834,1115.17,cash deposit,CAD
CA00016961,2025-02-15,BR040,C501751,TLR-5392,636.4,cash withdrawal,CAD
CA00011582,2025-02-06,BR015,C500051,TLR-9524,4268.08,cash deposit,CAD
CA00014598,2025-02-05,BR030,C501084,TLR-7107,1202.3,cash withdrawal,CAD
CA00008735,2025-02-22,BR001,C501030,TLR-9378,3701.59,cash deposit,CAD
CA00016240,2025-02-12,BR037,C503512,TLR-4564,7228.39,cash deposit,CAD
CA00014969,2025-02-18,BR031,C500200,TLR-6316,406.46,cash deposit,CAD
CA00011668,2025-02-12,BR015,C503278,TLR-3861,748.73,cash withdrawal,CAD
CA00010208,2025-02-12,BR007,C502733,TLR-8056,318.92,cash withdrawal,CAD
CA00011022,2025-02-19,BR012,C503141,TLR-6450,1554.26,cash deposit,CAD
CA00010283,2025-02-08,BR007,C501269,TLR-1481,1757.89,cash withdrawal,CAD
CA00013861,2025-02-10,BR026,C502770,TLR-3498,1931.97,cash deposit,CAD
CA00017116,2025-02-13,BR040,C503011,TLR-3188,799.47,cash withdrawal,CAD
CA00017452,2025-02-15,BR040,C501530,TLR-8545,837.29,cash withdrawal,CAD
CA00017394,2025-02-27,BR040,C501245,TLR-3914,975.86,cash deposit,CAD
CA00010924,2025-02-13,BR012,C503643,TLR-4256,1473.06,cash deposit,CAD
CA00015432,2025-02-26,BR034,C500894,TLR-7252,648.54,cash deposit,CAD
CA00010352,2025-02-05,BR008,C500509,TLR-1485,1881.56,cash withdrawal,CAD
CA00015480,2025-02-13,BR035,C501200,TLR-9110,250.34,cash deposit,CAD
CA00011226,2025-02-03,BR013,C502610,TLR-4633,233.87,cash deposit,CAD
CA00014707,2025-02-14,BR030,C503748,TLR-4978,1649.01,cash deposit,CAD
CA00017424,2025-02-26,BR040,C501393,TLR-8030,806.95,cash deposit,CAD
CA00009926,2025-02-04,BR006,C500136,TLR-1347,3481.87,cash withdrawal,CAD
CA00014489,2025-02-09,BR030,C502311,TLR-7637,1615.77,cash withdrawal,CAD
CA00013922,2025-02-18,BR027,C502559,TLR-2062,889.57,cash withdrawal,CAD
CA00011257,2025-02-23,BR014,C501080,TLR-3527,178.36,cash deposit,CAD
CA00013782,2025-02-15,BR026,C502449,TLR-7809,-2237.66,cash withdrawal,CAD
CA00012628,2025-02-20,BR020,C500310,TLR-2647,754.53,cash withdrawal,USD
CA00016355,2025-02-24,BR038,C502973,TLR-2337,855.73,cash withdrawal,CAD
CA00011813,2025-02-19,BR016,C503326,TLR-1338,504.16,cash withdrawal,CAD
CA00012606,2025-02-23,BR020,C500994,TLR-5026,1478.12,cash deposit,USD
CA00011736,2025-02-03,BR016,C503908,TLR-4057,1670.56,cash deposit,CAD
CA00010882,2025-02-10,BR011,C503887,TLR-7283,1149.62,cash deposit,CAD
CA00010737,2025-02-25,BR010,C503114,TLR-6909,554.51,cash deposit,CAD
CA00015218,2025-02-14,BR033,C500953,TLR-1203,506.09,cash deposit,CAD
CA00017360,2025-02-17,BR040,C500972,TLR-7152,862.79,cash deposit,CAD
CA00016381,2025-02-16,BR038,C501056,TLR-7492,2923.44,cash withdrawal,CAD
CA00013707,2025-02-27,BR026,C503279,TLR-9756,-1538.38,cash withdrawal,CAD
CA00009176,2025-02-14,BR002,C503240,TLR-1682,-1417.88,cash withdrawal,CAD
CA00017034,2025-02-06,BR040,C503948,TLR-7295,332.06,cash deposit,CAD
CA00012854,2025-02-08,BR021,C500901,TLR-2036,671.67,cash withdrawal,CAD
CA00015483,2025-02-02,BR035,C501390,TLR-2744,940.36,cash withdrawal,CAD
CA00013664,2025-02-17,BR025,C500980,TLR-7002,-679.06,cash withdrawal,CAD
CA00013515,2025-02-25,BR025,C503631,TLR-9573,-871.93,cash withdrawal,CAD
CA00011005,2025-02-24,BR012,C500306,TLR-6129,2305.71,cash withdrawal,CAD
CA00010425,2025-02-18,BR008,C503256,TLR-2344,1936.63,cash deposit,CAD
CA00014951,2025-02-27,BR031,C501031,TLR-9439,2603.31,cash withdrawal,CAD
CA00016091,2025-02-27,BR037,C503836,TLR-7390,300.93,cash deposit,CAD
CA00013977,2025-02-05,BR027,C502441,TLR-4631,769.77,cash withdrawal,CAD
CA00013281,2025-02-05,BR024,C501926,TLR-6184,1028.65,cash deposit,CAD
CA00010511,2025-02-22,BR008,C500215,TLR-8863,1121.22,cash withdrawal,CAD
CA00015831,2025-02-27,BR036,C503778,TLR-6603,1594.55,cash withdrawal,CAD
CA00014209,2025-02-25,BR028,C502462,TLR-1130,637.96,cash withdrawal,CAD
CA00016207,2025-02-03,BR037,C503949,TLR-5979,2893.22,cash deposit,CAD
CA00012671,2025-02-08,BR020,C500971,TLR-1696,1077.74,cash deposit,USD
CA00014564,2025-02-08,BR030,C501926,TLR-1773,2301.76,cash deposit,CAD
CA00012437,2025-02-03,BR019,C502284,TLR-3949,652.13,cash deposit,CAD
CA00014604,2025-02-04,BR030,C501590,TLR-3089,479.05,cash deposit,CAD
CA00015387,2025-02-26,BR034,C501498,TLR-4530,792.04,cash withdrawal,CAD
CA00016755,2025-02-20,BR040,C500775,TLR-8463,824.08,cash withdrawal,CAD
CA00012998,2025-02-28,BR022,C500809,TLR-4737,1371.3,cash deposit,CAD
CA00014161,2025-02-05,BR028,C500510,TLR-3707,879.77,cash deposit,CAD
CA00017304,2025-02-27,BR040,C501573,TLR-1151,925.31,cash withdrawal,CAD
CA00011715,2025-02-27,BR015,C502518,TLR-6942,225.94,cash deposit,CAD
CA00010591,2025-02-24,BR009,C501054,TLR-3905,2488.52,cash withdrawal,CAD
CA00011468,2025-02-16,BR015,C503582,TLR-3000,636.39,cash withdrawal,CAD
CA00013752,2025-02-06,BR026,C500786,TLR-7087,-4538.55,cash withdrawal,CAD
CA00013030,2025-02-01,BR022,C500293,TLR-1547,517.82,cash deposit,CAD
CA00016510,2025-02-15,BR039,C500052,TLR-5635,608.93,cash withdrawal,CAD
CA00009911,2025-02-17,BR006,C501346,TLR-6653,486.5,cash deposit,CAD
CA00013104,2025-02-07,BR023,C500556,TLR-9570,1225.39,cash withdrawal,CAD
CA00012012,2025-02-12,BR017,C500184,TLR-3647,1161.41,cash deposit,CAD
CA00012104,2025-02-07,BR017,C502984,TLR-1933,1142.69,cash withdrawal,CAD
CA00017030,2025-02-19,BR040,C503902,TLR-9113,1383.77,cash deposit,CAD
CA00013368,2025-02-27,BR024,C500281,TLR-7788,3262.88,cash deposit,CAD
CA00014977,2025-02-16,BR031,C502713,TLR-4350,464.47,cash withdrawal,CAD
CA00010781,2025-02-26,BR010,C500235,TLR-7600,792.7,cash withdrawal,CAD
CA00015459,2025-02-13,BR035,C503825,TLR-4736,1661.78,cash deposit,CAD
CA00012171,2025-02-27,BR017,C500129,TLR-7950,766.52,cash deposit,CAD
CA00011805,2025-02-01,BR016,C503064,TLR-8241,357.1,cash deposit,CAD
CA00014154,2025-02-23,BR028,C500847,TLR-4394,1478.85,cash withdrawal,CAD
CA00014439,2025-02-10,BR030,C503685,TLR-4962,1046.93,cash deposit,CAD
CA00011627,2025-02-24,BR015,C500178,TLR-6044,669.66,cash withdrawal,CAD
CA00014097,2025-02-12,BR027,C502337,TLR-8865,9815.09,cash withdrawal,CAD
CA00010586,2025-02-01,BR009,C503057,TLR-8269,305.1,cash withdrawal,CAD
CA00013121,2025-02-24,BR023,C502442,TLR-1589,783.01,cash withdrawal,CAD
CA00017465,2025-02-12,BR040,C503404,TLR-9316,2566.0,cash withdrawal,CAD
CA00011442,2025-02-25,BR015,C503656,TLR-4359,748.8,cash deposit,CAD
CA00015000,2025-02-26,BR032,C501379,TLR-7926,271.07,cash withdrawal,CAD
CA00013984,2025-02-15,BR027,C503766,TLR-8959,598.53,cash deposit,CAD
CA00017015,2025-02-07,BR040,C501615,TLR-8467,910.88,cash deposit,CAD
CA00017250,2025-02-15,BR040,C503741,TLR-1002,1100.01,cash deposit,CAD
CA00011593,2025-02-27,BR015,C501346,TLR-7565,1740.27,cash deposit,CAD
CA00016471,2025-02-05,BR039,C502999,TLR-2302,230.48,cash deposit,CAD
CA00011360,2025-02-24,BR014,C501895,TLR-6771,1387.76,cash withdrawal,CAD
CA00016217,2025-02-22,BR037,C500153,TLR-9770,1001.18,cash deposit,CAD
CA00016778,2025-02-26,BR040,C502044,TLR-1364,591.33,cash withdrawal,CAD
CA00016335,2025-02-10,BR038,C503034,TLR-4400,489.42,cash deposit,CAD
CA00015468,2025-02-12,BR035,C503698,TLR-2671,249.72,cash deposit,CAD
CA00016544,2025-02-08,BR039,C502842,TLR-9998,339.32,cash deposit,CAD
CA00014180,2025-02-23,BR028,C502929,TLR-4708,467.04,cash withdrawal,CAD
CA00012394,2025-02-28,BR019,C501400,TLR-9170,962.74,cash withdrawal,CAD
CA00014115,2025-02-23,BR028,C503552,TLR-6268,1306.88,cash withdrawal,CAD
CA00016426,2025-02-19,BR038,C501342,TLR-5649,1005.75,cash withdrawal,CAD
CA00013062,2025-02-21,BR023,C500480,TLR-1449,950.61,cash deposit,CAD
CA00009721,2025-02-14,BR005,C501541,TLR-2186,1425.73,cash deposit,CAD
CA00009549,2025-02-10,BR004,C501559,TLR-4034,646.41,cash withdrawal,CAD
CA00012590,2025-02-17,BR019,C503722,TLR-9691,919.97,cash withdrawal,CAD
CA00013897,2025-02-17,BR026,C502831,TLR-2001,-1150.05,cash withdrawal,CAD
CA00016111,2025-02-10,BR037,C501042,TLR-8474,1377.74,cash withdrawal,CAD
CA00017230,2025-02-22,BR040,C503493,TLR-2044,1089.27,cash deposit,CAD
CA00016032,2025-02-18,BR037,C500136,TLR-2948,985.17,cash withdrawal,CAD
CA00012966,2025-02-26,BR022,C503087,TLR-9234,546.3,cash deposit,CAD
CA00015154,2025-02-01,BR033,C501876,TLR-7466,752.86,cash withdrawal,CAD
CA00016445,2025-02-05,BR039,C502326,TLR-8974,357.71,cash deposit,CAD
CA00009448,2025-02-27,BR004,C502713,TLR-1017,2803.84,cash deposit,CAD
CA00011427,2025-02-07,BR014,C500431,TLR-5243,863.01,cash withdrawal,CAD
CA00016147,2025-02-01,BR037,C500922,TLR-5864,129.97,cash withdrawal,CAD
CA00010202,2025-02-12,BR007,C503569,TLR-3482,876.0,cash withdrawal,CAD
CA00011035,2025-02-16,BR012,C501874,TLR-5523,574.89,cash withdrawal,CAD
CA00015196,2025-02-24,BR033,C500979,TLR-2578,1526.93,cash withdrawal,CAD
CA00016930,2025-02-07,BR040,C500015,TLR-5345,384.39,cash withdrawal,CAD
CA00011849,2025-02-26,BR016,C501517,TLR-1088,829.07,cash withdrawal,CAD
CA00009412,2025-02-01,BR003,C502525,TLR-3968,734.74,cash deposit,CAD
CA00016767,2025-02-09,BR040,C502526,TLR-5085,390.14,cash deposit,CAD
CA00011391,2025-02-27,BR014,C503394,TLR-2225,501.37,cash withdrawal,CAD
CA00010462,2025-02-20,BR008,C501527,TLR-6388,385.57,cash deposit,CAD
CA00015864,2025-02-25,BR036,C501899,TLR-7734,1267.56,cash withdrawal,CAD
CA00011092,2025-02-21,BR012,C503059,TLR-4136,1174.84,cash withdrawal,CAD
CA00016064,2025-02-05,BR037,C501146,TLR-7757,670.13,cash withdrawal,CAD
CA00014377,2025-02-23,BR029,C500936,TLR-5887,376.16,cash withdrawal,CAD
CA00010918,2025-02-21,BR012,C502439,TLR-7050,445.96,cash deposit,CAD
CA00015198,2025-02-24,BR033,C501611,TLR-9394,725.11,cash withdrawal,CAD
CA00010919,2025-02-12,BR012,C501794,TLR-3686,984.07,cash deposit,CAD
CA00009661,2025-02-22,BR004,C500445,TLR-2434,943.06,cash deposit,CAD
CA00016033,2025-02-18,BR037,C501895,TLR-1736,423.38,cash deposit,CAD
CA00015097,2025-02-09,BR032,C500777,TLR-7116,1270.09,cash withdrawal,CAD
CA00016589,2025-02-22,BR039,C503405,TLR-9443,642.51,cash deposit,CAD
CA00015267,2025-02-15,BR033,C503476,TLR-9004,2153.86,cash deposit,CAD
CA00017390,2025-02-05,BR040,C501946,TLR-8489,663.36,cash deposit,CAD
CA00008949,2025-02-17,BR001,C503480,TLR-4455,803.6,cash withdrawal,CAD
CA00009698,2025-02-01,BR005,C503486,TLR-3883,955.27,cash deposit,CAD
CA00016080,2025-02-09,BR037,C503538,TLR-1394,1025.91,cash withdrawal,CAD
CA00013856,2025-02-22,BR026,C500256,TLR-4126,775.72,cash deposit,CAD
CA00016748,2025-02-25,BR040,C503064,TLR-7168,1871.96,cash deposit,CAD
CA00017551,2025-02-12,BR040,C501022,TLR-9122,394.36,cash withdrawal,CAD
CA00010127,2025-02-01,BR007,C501831,TLR-9167,691.22,cash deposit,CAD
CA00016023,2025-02-09,BR037,C500754,TLR-9090,267.69,cash deposit,CAD
CA00011260,2025-02-15,BR014,C501488,TLR-3770,2844.77,cash withdrawal,CAD
CA00014989,2025-02-22,BR032,C502275,TLR-6015,725.57,cash deposit,CAD
CA00012547,2025-02-07,BR019,C500300,TLR-8243,653.11,cash deposit,CAD
CA00011281,2025-02-27,BR014,C500637,TLR-1623,491.11,cash deposit,CAD
CA00011087,2025-02-23,BR012,C501873,TLR-5197,3480.61,cash deposit,CAD
CA00014193,2025-02-13,BR028,C500760,TLR-9996,856.4,cash deposit,CAD
CA00014939,2025-02-15,BR031,C503641,TLR-1807,692.78,cash withdrawal,CAD
CA00009111,2025-02-21,BR002,C500151,TLR-6796,1438.37,cash deposit,CAD
CA00013367,2025-02-09,BR024,C500625,TLR-2950,606.97,cash withdrawal,CAD
CA00017583,2025-02-01,BR040,C503411,TLR-3118,463.71,cash withdrawal,CAD
CA00010177,2025-02-27,BR007,C503675,TLR-9553,476.71,cash withdrawal,CAD
CA00013009,2025-02-26,BR022,C501403,TLR-5715,526.95,cash deposit,CAD
CA00015900,2025-02-27,BR036,C503422,TLR-8185,2374.72,cash withdrawal,CAD
CA00014651,2025-02-24,BR030,C502270,TLR-2973,417.34,cash deposit,CAD
CA00010159,2025-02-21,BR007,C502296,TLR-9864,1333.89,cash withdrawal,CAD
CA00010251,2025-02-08,BR007,C503946,TLR-1437,772.39,cash withdrawal,CAD
CA00013919,2025-02-21,BR027,C501386,TLR-4013,719.5,cash withdrawal,CAD
CA00012398,2025-02-01,BR019,C502055,TLR-4871,947.17,cash deposit,CAD
CA00009267,2025-02-13,BR003,C503392,TLR-6676,860.18,cash withdrawal,CAD
CA00009949,2025-02-06,BR006,C500488,TLR-5343,1068.27,cash deposit,CAD
CA00008792,2025-02-26,BR001,C501816,TLR-4272,484.55,cash withdrawal,CAD
CA00012287,2025-02-17,BR018,C502467,TLR-2608,4980.63,cash deposit,CAD
CA00017132,2025-02-18,BR040,C502946,TLR-1828,687.14,cash deposit,CAD
CA00014397,2025-02-27,BR030,C501435,TLR-3264,755.04,cash deposit,CAD
CA00008809,2025-02-03,BR001,C501688,TLR-7426,565.32,cash deposit,CAD
CA00016404,2025-02-06,BR038,C503318,TLR-8888,1165.69,cash withdrawal,CAD
CA00014589,2025-02-19,BR030,C503652,TLR-3158,562.36,cash deposit,CAD
CA00012901,2025-02-14,BR021,C500105,TLR-8290,190.89,cash deposit,CAD
CA00016324,2025-02-04,BR038,C501298,TLR-1230,5515.8,cash withdrawal,CAD
CA00017549,2025-02-12,BR040,C502826,TLR-5989,961.07,cash withdrawal,CAD
CA00012448,2025-02-08,BR019,C502263,TLR-4702,1352.15,cash withdrawal,CAD
CA00012071,2025-02-01,BR017,C503953,TLR-1816,2774.35,cash deposit,CAD
CA00010442,2025-02-27,BR008,C503571,TLR-8198,539.96,cash deposit,CAD
CA00014134,2025-02-28,BR028,C500880,TLR-8571,969.73,cash deposit,CAD
CA00012517,2025-02-14,BR019,C502185,TLR-7519,562.58,cash withdrawal,CAD
CA00009016,2025-02-25,BR002,C502249,TLR-3804,-1976.56,cash withdrawal,CAD
CA00009806,2025-02-02,BR006,C500891,TLR-9536,1219.81,cash withdrawal,CAD
CA00014356,2025-02-15,BR029,C502054,TLR-3550,2765.75,cash withdrawal,CAD
CA00013268,2025-02-21,BR024,C500045,TLR-8390,416.47,cash deposit,CAD
CA00015063,2025-02-27,BR032,C503048,TLR-9650,326.19,cash withdrawal,CAD
CA00008974,2025-02-02,BR001,C503314,TLR-2655,1336.36,cash deposit,CAD
CA00014558,2025-02-28,BR030,C501922,TLR-9951,413.53,cash deposit,CAD
CA00015781,2025-02-13,BR036,C503403,TLR-4670,2017.39,cash deposit,CAD
CA00010607,2025-02-07,BR009,C500730,TLR-9551,759.02,cash deposit,CAD
CA00008859,2025-02-09,BR001,C502345,TLR-8382,1838.59,cash deposit,CAD
CA00012067,2025-02-23,BR017,C503643,TLR-6486,1576.01,cash deposit,CAD
CA00014887,2025-02-04,BR031,C503840,TLR-5967,1593.31,cash deposit,CAD
CA00009813,2025-02-04,BR006,C500434,TLR-3765,3061.74,cash withdrawal,CAD
CA00011868,2025-02-15,BR016,C502755,TLR-6842,2547.83,cash deposit,CAD
CA00012636,2025-02-20,BR020,C503498,TLR-1715,299.64,cash withdrawal,USD
CA00012107,2025-02-08,BR017,C503246,TLR-7019,2315.75,cash withdrawal,CAD
CA00008980,2025-02-16,BR001,C501935,TLR-6758,205.97,cash withdrawal,CAD
CA00010167,2025-02-03,BR007,C502397,TLR-7106,722.71,cash deposit,CAD
CA00009767,2025-02-11,BR006,C502651,TLR-6074,646.88,cash deposit,CAD
CA00012288,2025-02-21,BR018,C500714,TLR-7270,360.08,cash withdrawal,CAD
CA00012066,2025-02-06,BR017,C500985,TLR-2840,333.33,cash deposit,CAD
CA00015895,2025-02-13,BR036,C502421,TLR-4007,315.02,cash deposit,CAD
CA00017221,2025-02-16,BR040,C503296,TLR-3731,835.2,cash withdrawal,CAD
CA00011141,2025-02-07,BR012,C502897,TLR-8142,777.91,cash deposit,CAD
CA00008917,2025-02-04,BR001,C501479,TLR-9019,776.4,cash deposit,CAD
CA00009218,2025-02-13,BR003,C502850,TLR-7748,929.49,cash deposit,CAD
CA00015412,2025-02-26,BR034,C503657,TLR-9572,787.67,cash withdrawal,CAD
CA00011062,2025-02-04,BR012,C500672,TLR-3349,320.41,cash withdrawal,CAD
CA00010705,2025-02-10,BR010,C503604,TLR-1791,1073.52,cash withdrawal,CAD
CA00014691,2025-02-24,BR030,C501677,TLR-3192,390.53,cash deposit,CAD
CA00013446,2025-02-24,BR025,C501515,TLR-9117,348.28,cash deposit,CAD
CA00015530,2025-02-21,BR035,C503621,TLR-8277,1808.13,cash deposit,CAD
CA00008954,2025-02-02,BR001,C500132,TLR-3632,1594.99,cash deposit,CAD
CA00012172,2025-02-06,BR017,C501765,TLR-7891,1146.85,cash deposit,CAD
CA00011093,2025-02-24,BR012,C501711,TLR-5098,916.43,cash withdrawal,CAD
CA00014580,2025-02-28,BR030,C500227,TLR-3964,1420.67,cash deposit,CAD
CA00015363,2025-02-11,BR034,C500697,TLR-3758,2817.47,cash withdrawal,CAD
CA00013333,2025-02-23,BR024,C500510,TLR-8908,996.78,cash withdrawal,CAD
CA00013164,2025-02-24,BR023,C502833,TLR-8479,799.63,cash deposit,CAD
CA00014588,2025-02-02,BR030,C503230,TLR-4925,576.5,cash deposit,CAD
CA00016104,2025-02-05,BR037,C500956,TLR-2751,4336.36,cash deposit,CAD
CA00012699,2025-02-05,BR020,C503298,TLR-2610,1179.91,cash deposit,USD
CA00014810,2025-02-27,BR031,C502623,TLR-5732,926.05,cash withdrawal,CAD
CA00014360,2025-02-25,BR029,C500478,TLR-5357,985.92,cash withdrawal,CAD
CA00016980,2025-02-01,BR040,C501400,TLR-6418,3241.93,cash deposit,CAD
CA00016809,2025-02-24,BR040,C501463,TLR-8885,521.11,cash deposit,CAD
CA00016190,2025-02-15,BR037,C500788,TLR-2667,627.97,cash withdrawal,CAD
CA00016135,2025-02-05,BR037,C503977,TLR-9389,1277.69,cash withdrawal,CAD
CA00015929,2025-02-12,BR036,C502657,TLR-5529,1276.5,cash withdrawal,CAD
CA00017246,2025-02-24,BR040,C500974,TLR-6849,984.99,cash withdrawal,CAD
CA00013056,2025-02-25,BR023,C501509,TLR-8424,381.61,cash withdrawal,CAD
CA00015756,2025-02-02,BR036,C501411,TLR-9734,874.18,cash withdrawal,CAD
CA00012365,2025-02-01,BR019,C501688,TLR-9877,1081.58,cash withdrawal,CAD
CA00010822,2025-02-16,BR010,C503114,TLR-4908,1549.41,cash deposit,CAD
CA00017380,2025-02-03,BR040,C501939,TLR-3208,1457.96,cash withdrawal,CAD
CA00014903,2025-02-26,BR031,C502074,TLR-9841,1460.49,cash deposit,CAD
CA00016162,2025-02-04,BR037,C503565,TLR-1283,2401.34,cash deposit,CAD
CA00013751,2025-02-21,BR026,C502283,TLR-5628,-829.25,cash withdrawal,CAD
CA00010750,2025-02-12,BR010,C503533,TLR-6546,567.13,cash deposit,CAD
CA00015284,2025-02-20,BR034,C502799,TLR-3991,1244.4,cash deposit,CAD
CA00016785,2025-02-08,BR040,C502866,TLR-1218,868.02,cash deposit,CAD
CA00011964,2025-02-06,BR017,C501418,TLR-7229,1104.48,cash withdrawal,CAD
CA00012490,2025-02-25,BR019,C500920,TLR-8929,920.24,cash withdrawal,CAD
CA00016803,2025-02-16,BR040,C502661,TLR-2529,575.55,cash withdrawal,CAD
CA00010464,2025-02-24,BR008,C500068,TLR-5999,579.74,cash withdrawal,CAD
CA00009030,2025-02-20,BR002,C500195,TLR-7564,981.77,cash deposit,CAD
CA00015568,2025-02-21,BR035,C502650,TLR-9267,2248.79,cash withdrawal,CAD
CA00014450,2025-02-03,BR030,C500274,TLR-3606,2117.18,cash deposit,CAD
CA00011132,2025-02-04,BR012,C502230,TLR-5436,437.61,cash deposit,CAD
CA00009739,2025-02-03,BR005,C501490,TLR-1567,546.05,cash withdrawal,CAD
CA00008779,2025-02-04,BR001,C500331,TLR-7977,1330.67,cash withdrawal,CAD
CA00008749,2025-02-21,BR001,C503734,TLR-6191,1360.2,cash deposit,CAD
CA00015180,2025-02-06,BR033,C502865,TLR-4212,475.04,cash deposit,CAD
CA00011803,2025-02-19,BR016,C500799,TLR-6986,450.0,cash deposit,CAD
CA00015795,2025-02-19,BR036,C503734,TLR-9886,623.82,cash deposit,CAD
CA00017038,2025-02-25,BR040,C502357,TLR-3820,642.79,cash withdrawal,CAD
CA00012074,2025-02-09,BR017,C501724,TLR-9868,518.31,cash deposit,CAD
CA00012520,2025-02-15,BR019,C503043,TLR-1084,422.94,cash deposit,CAD
CA00016397,2025-02-12,BR038,C503926,TLR-4161,2288.78,cash withdrawal,CAD
CA00013928,2025-02-28,BR027,C500154,TLR-2728,867.65,cash withdrawal,CAD
CA00009658,2025-02-03,BR004,C501914,TLR-7449,1055.21,cash deposit,CAD
CA00012647,2025-02-25,BR020,C500108,TLR-3367,2216.44,cash withdrawal,USD
CA00016953,2025-02-21,BR040,C502191,TLR-7222,1697.99,cash withdrawal,CAD
CA00013327,2025-02-10,BR024,C502002,TLR-6588,1964.84,cash deposit,CAD
CA00011125,2025-02-18,BR012,C501704,TLR-3355,1539.21,cash deposit,CAD
CA00012538,2025-02-13,BR019,C503573,TLR-1904,2072.31,cash withdrawal,CAD
CA00016541,2025-02-06,BR039,C503949,TLR-7930,1766.31,cash deposit,CAD
CA00017553,2025-02-25,BR040,C503631,TLR-9505,214.04,cash withdrawal,CAD
CA00014366,2025-02-08,BR029,C502131,TLR-5564,1524.19,cash withdrawal,CAD
CA00017423,2025-02-16,BR040,C503249,TLR-1889,1860.12,cash deposit,CAD
CA00016585,2025-02-04,BR039,C500976,TLR-5540,1698.03,cash deposit,CAD
CA00008950,2025-02-19,BR001,C502068,TLR-1761,1299.23,cash deposit,CAD
CA00015506,2025-02-11,BR035,C503322,TLR-7512,591.59,cash withdrawal,CAD
CA00012114,2025-02-11,BR017,C502632,TLR-6392,874.6,cash withdrawal,CAD
CA00009671,2025-02-20,BR004,C500683,TLR-8790,2138.81,cash withdrawal,CAD
CA00010687,2025-02-15,BR010,C501479,TLR-4010,4396.82,cash withdrawal,CAD
CA00010265,2025-02-10,BR007,C500485,TLR-8258,599.88,cash withdrawal,CAD
CA00015147,2025-02-18,BR033,C502741,TLR-9758,1659.41,cash deposit,CAD
CA00013879,2025-02-04,BR026,C503850,TLR-1507,-3258.35,cash withdrawal,CAD
CA00016096,2025-02-19,BR037,C501252,TLR-8435,390.97,cash deposit,CAD
CA00008822,2025-02-25,BR001,C500659,TLR-8356,463.69,cash withdrawal,CAD
CA00013301,2025-02-02,BR024,C502027,TLR-8333,2548.02,cash withdrawal,CAD
CA00011792,2025-02-03,BR016,C502837,TLR-5467,1458.08,cash deposit,CAD
CA00013474,2025-02-22,BR025,C503941,TLR-9047,1112.11,cash deposit,CAD
CA00017572,2025-02-24,BR040,C501202,TLR-7818,882.33,cash deposit,CAD
CA00012814,2025-02-06,BR021,C501831,TLR-1908,853.35,cash deposit,CAD
CA00010880,2025-02-06,BR011,C501985,TLR-2615,888.93,cash deposit,CAD
CA00012973,2025-02-28,BR022,C502975,TLR-9775,1116.84,cash withdrawal,CAD
CA00011556,2025-02-04,BR015,C503270,TLR-2775,782.6,cash deposit,CAD
CA00013821,2025-02-20,BR026,C500220,TLR-6618,4141.91,cash deposit,CAD
CA00013179,2025-02-19,BR024,C501315,TLR-1057,1769.47,cash deposit,CAD
CA00009446,2025-02-11,BR004,C501543,TLR-5363,1632.16,cash deposit,CAD
CA00012766,2025-02-25,BR021,C502568,TLR-5724,1268.82,cash deposit,CAD
CA00011186,2025-02-07,BR013,C501193,TLR-2532,598.75,cash deposit,CAD
CA00010031,2025-02-06,BR006,C501800,TLR-3688,758.37,cash withdrawal,CAD
CA00010637,2025-02-26,BR009,C502502,TLR-9507,2628.33,cash deposit,CAD
CA00015273,2025-02-06,BR033,C501071,TLR-8135,1229.78,cash deposit,CAD
CA00012569,2025-02-27,BR019,C500082,TLR-8487,453.52,cash deposit,CAD
CA00013225,2025-02-13,BR024,C503241,TLR-6156,787.22,cash deposit,CAD
CA00016733,2025-02-15,BR040,C502905,TLR-7270,1054.88,cash deposit,CAD
CA00017238,2025-02-07,BR040,C500287,TLR-9920,558.99,cash withdrawal,CAD
CA00015272,2025-02-15,BR033,C502747,TLR-8780,346.98,cash withdrawal,CAD
CA00014502,2025-02-06,BR030,C501119,TLR-3617,474.77,cash withdrawal,CAD
CA00010243,2025-02-14,BR007,C503224,TLR-6512,1586.77,cash withdrawal,CAD
CA00015700,2025-02-03,BR036,C503097,TLR-6200,1995.28,cash deposit,CAD
CA00010128,2025-02-13,BR007,C503564,TLR-1318,755.75,cash withdrawal,CAD
CA00009319,2025-02-17,BR003,C502096,TLR-4689,726.58,cash deposit,CAD
CA00016149,2025-02-17,BR037,C501271,TLR-5519,639.69,cash deposit,CAD
CA00011165,2025-02-27,BR013,C500815,TLR-1913,3196.61,cash withdrawal,CAD
CA00014961,2025-02-08,BR031,C503893,TLR-2889,734.89,cash withdrawal,CAD
CA00016461,2025-02-05,BR039,C500741,TLR-3608,612.14,cash deposit,CAD
CA00016366,2025-02-19,BR038,C502761,TLR-1407,512.34,cash withdrawal,CAD
CA00012885,2025-02-16,BR021,C502296,TLR-7294,7665.35,cash withdrawal,CAD
CA00013374,2025-02-23,BR024,C500905,TLR-9821,2031.58,cash deposit,CAD
CA00013222,2025-02-01,BR024,C503620,TLR-3819,1091.39,cash withdrawal,CAD
CA00009748,2025-02-06,BR005,C500431,TLR-4279,1466.97,cash deposit,CAD
CA00010212,2025-02-21,BR007,C500462,TLR-9816,761.81,cash withdrawal,CAD
CA00013531,2025-02-01,BR025,C501220,TLR-6276,-824.88,cash withdrawal,CAD
CA00015359,2025-02-07,BR034,C503673,TLR-5691,934.31,cash withdrawal,CAD
CA00010633,2025-02-19,BR009,C500266,TLR-8519,1016.99,cash withdrawal,CAD
CA00014054,2025-02-23,BR027,C503021,TLR-6579,453.25,cash deposit,CAD
CA00012292,2025-02-28,BR018,C503469,TLR-7993,1804.75,cash deposit,CAD
CA00016469,2025-02-08,BR039,C500311,TLR-6942,341.36,cash deposit,CAD
CA00012790,2025-02-05,BR021,C503466,TLR-6082,396.72,cash deposit,CAD
CA00016673,2025-02-27,BR040,C503262,TLR-2958,581.53,cash withdrawal,CAD
CA00010070,2025-02-10,BR007,C500336,TLR-1522,1688.0,cash withdrawal,CAD
CA00009699,2025-02-19,BR005,C502859,TLR-9237,677.07,cash withdrawal,CAD
CA00015542,2025-02-21,BR035,C501611,TLR-6318,1795.02,cash deposit,CAD
CA00013798,2025-02-06,BR026,C500576,TLR-8664,1610.17,cash deposit,CAD
CA00015093,2025-02-12,BR032,C502917,TLR-3441,1192.2,cash deposit,CAD
CA00008843,2025-02-28,BR001,C500191,TLR-2211,1412.82,cash withdrawal,CAD
CA00015967,2025-02-11,BR036,C501532,TLR-1762,366.29,cash deposit,CAD
CA00013203,2025-02-02,BR024,C503890,TLR-1882,587.36,cash withdrawal,CAD
CA00014171,2025-02-13,BR028,C503173,TLR-4813,393.08,cash deposit,CAD
CA00015854,2025-02-24,BR036,C501206,TLR-3065,488.47,cash withdrawal,CAD
CA00017621,2025-02-18,BR040,C503401,TLR-4481,199.7,cash deposit,CAD
CA00013840,2025-02-09,BR026,C502859,TLR-1996,1198.36,cash deposit,CAD
CA00016228,2025-02-16,BR037,C500599,TLR-3392,655.71,cash withdrawal,CAD
CA00010174,2025-02-27,BR007,C501789,TLR-5127,523.46,cash withdrawal,CAD
CA00017050,2025-02-04,BR040,C503913,TLR-8020,1083.95,cash withdrawal,CAD
CA00016183,2025-02-06,BR037,C503799,TLR-4650,879.74,cash withdrawal,CAD
CA00017019,2025-02-20,BR040,C503580,TLR-5618,1145.91,cash deposit,CAD
CA00017425,2025-02-05,BR040,C500646,TLR-7965,505.2,cash withdrawal,CAD
CA00013065,2025-02-13,BR023,C502619,TLR-8520,4531.91,cash withdrawal,CAD
CA00016730,2025-02-27,BR040,C500540,TLR-1093,2039.74,cash deposit,CAD
CA00012794,2025-02-22,BR021,C500194,TLR-8182,1111.45,cash deposit,CAD
CA00013458,2025-02-18,BR025,C503040,TLR-8263,-951.89,cash withdrawal,CAD
CA00011722,2025-02-09,BR016,C501129,TLR-4382,571.28,cash deposit,CAD
CA00010500,2025-02-25,BR008,C502265,TLR-2929,1417.79,cash withdrawal,CAD
CA00017477,2025-02-24,BR040,C500008,TLR-3395,1735.89,cash withdrawal,CAD
CA00015925,2025-02-13,BR036,C502263,TLR-6322,842.71,cash deposit,CAD
CA00013389,2025-02-05,BR024,C501476,TLR-9064,146.84,cash deposit,CAD
CA00014756,2025-02-05,BR031,C503650,TLR-1162,1535.34,cash withdrawal,CAD
CA00012416,2025-02-05,BR019,C500892,TLR-5116,3190.6,cash deposit,CAD
CA00015838,2025-02-16,BR036,C501608,TLR-1087,689.35,cash withdrawal,CAD
CA00017408,2025-02-25,BR040,C503246,TLR-4286,5969.46,cash withdrawal,CAD
CA00016222,2025-02-11,BR037,C502096,TLR-2121,540.21,cash withdrawal,CAD
CA00013105,2025-02-01,BR023,C503334,TLR-7338,1342.81,cash withdrawal,CAD
CA00016229,2025-02-02,BR037,C500028,TLR-9794,486.9,cash withdrawal,CAD
CA00012121,2025-02-28,BR017,C503237,TLR-7769,881.88,cash deposit,CAD
CA00017609,2025-02-11,BR040,C503843,TLR-8597,894.69,cash withdrawal,CAD
CA00009682,2025-02-28,BR004,C502412,TLR-4667,951.41,cash deposit,CAD
CA00015303,2025-02-27,BR034,C502675,TLR-4030,1436.39,cash withdrawal,CAD
CA00014722,2025-02-13,BR031,C503207,TLR-5080,1434.79,cash withdrawal,CAD
CA00012523,2025-02-16,BR019,C500037,TLR-9475,285.96,cash deposit,CAD
CA00014217,2025-02-18,BR028,C501951,TLR-4167,993.41,cash deposit,CAD
CA00014514,2025-02-19,BR030,C500856,TLR-7770,503.76,cash deposit,CAD
CA00011251,2025-02-01,BR014,C502042,TLR-8062,633.75,cash withdrawal,CAD
CA00008941,2025-02-05,BR001,C501013,TLR-6776,409.98,cash deposit,CAD
CA00011003,2025-02-11,BR012,C502070,TLR-4536,1979.29,cash deposit,CAD
CA00009756,2025-02-25,BR005,C502486,TLR-4869,1385.88,cash deposit,CAD
CA00011206,2025-02-13,BR013,C500621,TLR-6403,932.0,cash withdrawal,CAD
CA00012360,2025-02-02,BR019,C501723,TLR-3395,2278.73,cash deposit,CAD
CA00010296,2025-02-20,BR008,C502269,TLR-1710,544.8,cash withdrawal,CAD
CA00009361,2025-02-14,BR003,C501515,TLR-1068,1046.21,cash withdrawal,CAD
CA00017102,2025-02-25,BR040,C500667,TLR-8094,282.75,cash withdrawal,CAD
CA00015473,2025-02-26,BR035,C502441,TLR-9853,1676.31,cash withdrawal,CAD
CA00014530,2025-02-17,BR030,C502008,TLR-4539,867.85,cash withdrawal,CAD
CA00011290,2025-02-24,BR014,C502784,TLR-1781,1357.3,cash withdrawal,CAD
CA00013689,2025-02-17,BR026,C501611,TLR-2680,-309.73,cash withdrawal,CAD
CA00009357,2025-02-22,BR003,C500999,TLR-1681,2679.24,cash deposit,CAD
CA00013149,2025-02-02,BR023,C503050,TLR-5060,364.75,cash withdrawal,CAD
CA00014727,2025-02-16,BR031,C503785,TLR-4093,810.52,cash deposit,CAD
CA00016432,2025-02-07,BR038,C502487,TLR-7308,5328.04,cash withdrawal,CAD
CA00012186,2025-02-10,BR018,C500103,TLR-9269,974.59,cash withdrawal,CAD
CA00013393,2025-02-16,BR024,C502474,TLR-6626,2140.91,cash deposit,CAD
CA00011107,2025-02-20,BR012,C500565,TLR-6942,403.26,cash withdrawal,CAD
CA00014092,2025-02-26,BR027,C502610,TLR-4343,9387.89,cash deposit,CAD
CA00013841,2025-02-05,BR026,C502251,TLR-6480,740.56,cash deposit,CAD
CA00016668,2025-02-24,BR040,C500762,TLR-3232,2878.06,cash deposit,CAD
CA00013365,2025-02-14,BR024,C503671,TLR-8538,1791.06,cash withdrawal,CAD
CA00014001,2025-02-21,BR027,C503355,TLR-3569,795.88,cash deposit,CAD
CA00009961,2025-02-17,BR006,C502625,TLR-9920,587.66,cash deposit,CAD
CA00015011,2025-02-21,BR032,C503216,TLR-5531,942.58,cash deposit,CAD
CA00011490,2025-02-26,BR015,C500144,TLR-1865,1838.71,cash withdrawal,CAD
CA00010022,2025-02-25,BR006,C500653,TLR-2444,671.38,cash withdrawal,CAD
CA00009967,2025-02-15,BR006,C500492,TLR-7486,752.64,cash deposit,CAD
CA00011462,2025-02-27,BR015,C502941,TLR-4288,1395.92,cash withdrawal,CAD
CA00016042,2025-02-04,BR037,C503870,TLR-9795,1792.64,cash withdrawal,CAD
CA00009225,2025-02-18,BR003,C503362,TLR-1872,769.81,cash deposit,CAD
CA00014365,2025-02-23,BR029,C501351,TLR-3794,1472.97,cash deposit,CAD
CA00017448,2025-02-21,BR040,C501694,TLR-9717,560.7,cash withdrawal,CAD
CA00009425,2025-02-06,BR004,C501220,TLR-5500,1545.74,cash deposit,CAD
CA00012920,2025-02-03,BR021,C500420,TLR-1547,178.93,cash deposit,CAD
CA00015327,2025-02-26,BR034,C503653,TLR-2491,947.19,cash deposit,CAD
CA00017086,2025-02-22,BR040,C500185,TLR-9047,342.11,cash withdrawal,CAD
CA00011746,2025-02-16,BR016,C503273,TLR-5079,608.92,cash withdrawal,CAD
CA00015638,2025-02-04,BR035,C500926,TLR-9471,1801.71,cash withdrawal,CAD
CA00008899,2025-02-10,BR001,C501972,TLR-2343,1180.18,cash deposit,CAD
CA00015624,2025-02-20,BR035,C502020,TLR-7409,387.1,cash deposit,CAD
CA00013477,2025-02-15,BR025,C500170,TLR-7672,-1388.02,cash withdrawal,CAD
CA00012254,2025-02-06,BR018,C503886,TLR-9271,3002.22,cash withdrawal,CAD
CA00009101,2025-02-13,BR002,C500132,TLR-8205,795.66,cash deposit,CAD
CA00010257,2025-02-19,BR007,C502959,TLR-4372,389.42,cash withdrawal,CAD
CA00015732,2025-02-06,BR036,C503015,TLR-5777,1081.0,cash withdrawal,CAD
CA00011246,2025-02-19,BR014,C501005,TLR-2447,2451.31,cash deposit,CAD
CA00011645,2025-02-05,BR015,C501429,TLR-1695,701.13,cash deposit,CAD
CA00014976,2025-02-28,BR031,C501831,TLR-7186,1051.73,cash deposit,CAD
CA00016442,2025-02-19,BR038,C500121,TLR-9757,836.81,cash deposit,CAD
CA00011444,2025-02-16,BR015,C501044,TLR-3578,329.74,cash withdrawal,CAD
CA00011814,2025-02-24,BR016,C502562,TLR-1126,165.74,cash withdrawal,CAD
CA00010735,2025-02-08,BR010,C503493,TLR-1935,1466.1,cash deposit,CAD
CA00013148,2025-02-05,BR023,C503405,TLR-6818,538.21,cash withdrawal,CAD
CA00013239,2025-02-28,BR024,C502333,TLR-3952,984.95,cash withdrawal,CAD
CA00017640,2025-02-15,BR040,C503976,TLR-7253,836.85,cash deposit,CAD
CA00009169,2025-02-17,BR002,C501440,TLR-7859,2182.72,cash deposit,CAD
CA00008927,2025-02-07,BR001,C503841,TLR-4173,872.18,cash withdrawal,CAD
CA00010178,2025-02-28,BR007,C501491,TLR-5063,3632.33,cash withdrawal,CAD
CA00009664,2025-02-08,BR004,C502833,TLR-8422,408.5,cash deposit,CAD
CA00009413,2025-02-20,BR003,C502371,TLR-6365,219.32,cash deposit,CAD
CA00016220,2025-02-14,BR037,C501512,TLR-2620,747.87,cash withdrawal,CAD
CA00012373,2025-02-01,BR019,C502428,TLR-1045,578.75,cash withdrawal,CAD
CA00014271,2025-02-23,BR029,C503034,TLR-4300,431.63,cash withdrawal,CAD
CA00017232,2025-02-14,BR040,C502469,TLR-4588,1421.29,cash deposit,CAD
CA00009745,2025-02-23,BR005,C502832,TLR-3108,486.97,cash withdrawal,CAD
CA00017542,2025-02-14,BR040,C501643,TLR-1415,430.06,cash withdrawal,CAD
CA00016711,2025-02-26,BR040,C502212,TLR-9768,437.25,cash deposit,CAD
CA00011407,2025-02-17,BR014,C503720,TLR-3290,568.22,cash deposit,CAD
CA00013725,2025-02-27,BR026,C501343,TLR-8062,-837.14,cash withdrawal,CAD
CA00016616,2025-02-01,BR039,C500922,TLR-5872,1520.45,cash withdrawal,CAD
CA00010053,2025-02-25,BR006,C503555,TLR-1837,340.18,cash deposit,CAD
CA00009802,2025-02-04,BR006,C503914,TLR-9323,757.79,cash withdrawal,CAD
CA00014796,2025-02-17,BR031,C500097,TLR-5118,2513.41,cash deposit,CAD
CA00009645,2025-02-25,BR004,C503308,TLR-8219,246.43,cash deposit,CAD
CA00014353,2025-02-08,BR029,C502264,TLR-6667,479.9,cash withdrawal,CAD
CA00011068,2025-02-25,BR012,C503857,TLR-8406,1138.92,cash withdrawal,CAD
CA00017482,2025-02-05,BR040,C500724,TLR-8921,460.31,cash deposit,CAD
CA00012583,2025-02-23,BR019,C503077,TLR-5211,329.87,cash deposit,CAD
CA00012393,2025-02-07,BR019,C503313,TLR-2794,597.86,cash deposit,CAD
CA00010157,2025-02-06,BR007,C500031,TLR-2696,380.78,cash withdrawal,CAD
CA00012262,2025-02-01,BR018,C501878,TLR-8531,347.67,cash withdrawal,CAD
CA00017131,2025-02-24,BR040,C500123,TLR-2278,879.27,cash deposit,CAD
CA00009199,2025-02-24,BR003,C501134,TLR-6686,1550.66,cash deposit,CAD
CA00012747,2025-02-08,BR020,C500399,TLR-8937,2014.62,cash deposit,USD
CA00012866,2025-02-20,BR021,C502900,TLR-4482,654.94,cash withdrawal,CAD
CA00014409,2025-02-14,BR030,C502396,TLR-7492,1313.98,cash deposit,CAD
CA00010529,2025-02-01,BR009,C501958,TLR-6085,951.0,cash deposit,CAD
CA00017603,2025-02-25,BR040,C502157,TLR-9319,1136.87,cash withdrawal,CAD
CA00010401,2025-02-16,BR008,C500131,TLR-4401,5706.5,cash deposit,CAD
CA00014538,2025-02-24,BR030,C501113,TLR-9145,128.84,cash withdrawal,CAD
CA00009315,2025-02-22,BR003,C501880,TLR-4031,501.47,cash withdrawal,CAD
CA00008930,2025-02-03,BR001,C500874,TLR-8626,1424.5,cash withdrawal,CAD
CA00011635,2025-02-11,BR015,C503114,TLR-2089,3507.33,cash deposit,CAD
CA00009530,2025-02-03,BR004,C503924,TLR-7213,1391.87,cash deposit,CAD
CA00017027,2025-02-21,BR040,C503449,TLR-5403,1017.37,cash deposit,CAD
CA00010443,2025-02-17,BR008,C500582,TLR-3229,750.01,cash withdrawal,CAD
CA00013691,2025-02-21,BR026,C501411,TLR-9262,-718.0,cash withdrawal,CAD
CA00016971,2025-02-05,BR040,C501194,TLR-3302,611.54,cash withdrawal,CAD
CA00009520,2025-02-12,BR004,C500759,TLR-3547,734.33,cash deposit,CAD
CA00014920,2025-02-22,BR031,C503974,TLR-6341,1190.46,cash deposit,CAD
CA00013837,2025-02-20,BR026,C500200,TLR-6108,556.26,cash deposit,CAD
CA00012213,2025-02-06,BR018,C502101,TLR-9198,995.31,cash withdrawal,CAD
CA00016201,2025-02-18,BR037,C500849,TLR-9689,1023.46,cash withdrawal,CAD
CA00009284,2025-02-04,BR003,C501956,TLR-3876,1338.21,cash deposit,CAD
CA00015076,2025-02-25,BR032,C503100,TLR-7910,317.07,cash withdrawal,CAD
CA00015166,2025-02-20,BR033,C501834,TLR-8024,1255.24,cash deposit,CAD
CA00010755,2025-02-09,BR010,C503181,TLR-4735,3683.15,cash deposit,CAD
CA00009933,2025-02-20,BR006,C501163,TLR-2887,364.99,cash withdrawal,CAD
CA00015405,2025-02-17,BR034,C502185,TLR-5369,1280.27,cash deposit,CAD
CA00015722,2025-02-27,BR036,C501924,TLR-8157,341.0,cash deposit,CAD
CA00009581,2025-02-23,BR004,C500025,TLR-2708,401.89,cash withdrawal,CAD
CA00012786,2025-02-01,BR021,C503681,TLR-7215,622.47,cash withdrawal,CAD
CA00012383,2025-02-05,BR019,C500203,TLR-3655,374.83,cash withdrawal,CAD
CA00012436,2025-02-27,BR019,C503786,TLR-6083,3148.89,cash withdrawal,CAD
CA00015201,2025-02-13,BR033,C501420,TLR-9051,4734.08,cash deposit,CAD
CA00010634,2025-02-25,BR009,C500478,TLR-9404,2219.03,cash deposit,CAD
CA00013541,2025-02-19,BR025,C502629,TLR-5687,5840.62,cash deposit,CAD
CA00017513,2025-02-04,BR040,C502577,TLR-2491,873.96,cash withdrawal,CAD
CA00009401,2025-02-16,BR003,C503871,TLR-2391,701.36,cash withdrawal,CAD
CA00014465,2025-02-07,BR030,C502001,TLR-8118,2094.4,cash deposit,CAD
CA00012018,2025-02-26,BR017,C501469,TLR-6547,1539.97,cash withdrawal,CAD
CA00015914,2025-02-05,BR036,C501812,TLR-5916,1830.57,cash withdrawal,CAD
CA00010909,2025-02-22,BR012,C503031,TLR-1487,577.54,cash deposit,CAD
CA00015863,2025-02-14,BR036,C503955,TLR-7804,691.77,cash deposit,CAD
CA00014349,2025-02-19,BR029,C503183,TLR-5513,2441.41,cash withdrawal,CAD
CA00011935,2025-02-16,BR016,C501132,TLR-9363,563.45,cash withdrawal,CAD
CA00009932,2025-02-06,BR006,C500732,TLR-6664,457.8,cash deposit,CAD
CA00012357,2025-02-14,BR019,C500787,TLR-8652,468.3,cash deposit,CAD
CA00017470,2025-02-23,BR040,C503587,TLR-8147,1837.49,cash deposit,CAD
CA00011984,2025-02-01,BR017,C503136,TLR-1259,831.43,cash withdrawal,CAD
CA00015537,2025-02-15,BR035,C500464,TLR-5477,319.38,cash withdrawal,CAD
CA00009193,2025-02-03,BR003,C503408,TLR-9167,716.84,cash withdrawal,CAD
CA00017322,2025-02-10,BR040,C501144,TLR-7341,1342.52,cash deposit,CAD
CA00014730,2025-02-22,BR031,C502787,TLR-8425,466.31,cash withdrawal,CAD
CA00011124,2025-02-18,BR012,C502362,TLR-1991,812.81,cash deposit,CAD
CA00014421,2025-02-07,BR030,C501659,TLR-5923,1008.75,cash withdrawal,CAD
CA00015644,2025-02-18,BR035,C502802,TLR-7913,1376.79,cash withdrawal,CAD
CA00013526,2025-02-11,BR025,C502261,TLR-4220,901.12,cash deposit,CAD
CA00016153,2025-02-26,BR037,C500799,TLR-7081,3789.86,cash withdrawal,CAD
CA00014348,2025-02-14,BR029,C503188,TLR-9858,1065.45,cash withdrawal,CAD
CA00014425,2025-02-03,BR030,C503168,TLR-9888,1712.7,cash deposit,CAD
CA00015159,2025-02-17,BR033,C500646,TLR-5442,3542.09,cash deposit,CAD
CA00014616,2025-02-11,BR030,C503409,TLR-1093,2719.06,cash deposit,CAD
CA00008981,2025-02-05,BR001,C503774,TLR-1682,699.69,cash withdrawal,CAD
CA00014543,2025-02-10,BR030,C501454,TLR-5350,1198.56,cash withdrawal,CAD
CA00008743,2025-02-06,BR001,C503813,TLR-3625,272.9,cash withdrawal,CAD
CA00010927,2025-02-11,BR012,C501764,TLR-3204,854.74,cash withdrawal,CAD
CA00015189,2025-02-24,BR033,C503843,TLR-5743,503.03,cash withdrawal,CAD
CA00015872,2025-02-04,BR036,C501751,TLR-6794,1001.16,cash deposit,CAD
CA00015099,2025-02-20,BR032,C503348,TLR-6340,765.5,cash deposit,CAD
CA00016467,2025-02-03,BR039,C500111,TLR-7129,1917.9,cash deposit,CAD
CA00009390,2025-02-05,BR003,C500505,TLR-2875,1949.01,cash deposit,CAD
CA00011664,2025-02-03,BR015,C500413,TLR-8590,933.53,cash deposit,CAD
CA00017166,2025-02-15,BR040,C502677,TLR-2882,188.85,cash withdrawal,CAD
CA00015322,2025-02-14,BR034,C503055,TLR-5781,1383.43,cash deposit,CAD
CA00009493,2025-02-13,BR004,C501657,TLR-5246,776.31,cash withdrawal,CAD
CA00012756,2025-02-11,BR020,C501470,TLR-7599,542.13,cash withdrawal,USD
CA00012508,2025-02-28,BR019,C502333,TLR-3961,3195.67,cash deposit,CAD
CA00017138,2025-02-28,BR040,C503839,TLR-2403,380.56,cash deposit,CAD
CA00014728,2025-02-23,BR031,C502603,TLR-3529,956.0,cash withdrawal,CAD
CA00016481,2025-02-03,BR039,C501252,TLR-9589,973.56,cash withdrawal,CAD
CA00011461,2025-02-28,BR015,C503657,TLR-2370,389.09,cash deposit,CAD
CA00010035,2025-02-17,BR006,C503128,TLR-7038,3611.68,cash withdrawal,CAD
CA00013442,2025-02-10,BR025,C502709,TLR-6889,-1413.04,cash withdrawal,CAD
CA00015512,2025-02-22,BR035,C502469,TLR-9201,443.58,cash withdrawal,CAD
CA00010162,2025-02-27,BR007,C500398,TLR-6023,1897.09,cash withdrawal,CAD
CA00015833,2025-02-17,BR036,C500527,TLR-1013,2847.18,cash deposit,CAD
CA00017114,2025-02-10,BR040,C500539,TLR-8061,1107.29,cash deposit,CAD
CA00013003,2025-02-09,BR022,C501414,TLR-2804,960.57,cash deposit,CAD
CA00011454,2025-02-14,BR015,C500629,TLR-8644,967.75,cash withdrawal,CAD
CA00010818,2025-02-21,BR010,C502737,TLR-3746,1215.26,cash withdrawal,CAD
CA00009356,2025-02-20,BR003,C500389,TLR-1602,1101.41,cash withdrawal,CAD
CA00013364,2025-02-24,BR024,C503770,TLR-7866,2666.42,cash withdrawal,CAD
CA00009955,2025-02-07,BR006,C502638,TLR-4399,762.02,cash withdrawal,CAD
CA00015191,2025-02-13,BR033,C502980,TLR-9786,1361.13,cash withdrawal,CAD
CA00014315,2025-02-13,BR029,C503606,TLR-4528,682.03,cash deposit,CAD
CA00017497,2025-02-11,BR040,C503000,TLR-1594,597.32,cash deposit,CAD
CA00015274,2025-02-03,BR033,C500285,TLR-4826,864.06,cash deposit,CAD
CA00010142,2025-02-11,BR007,C500922,TLR-4487,299.67,cash withdrawal,CAD
CA00011497,2025-02-09,BR015,C503328,TLR-1782,1590.67,cash deposit,CAD
CA00009286,2025-02-21,BR003,C502930,TLR-1826,562.94,cash deposit,CAD
CA00011366,2025-02-19,BR014,C500276,TLR-4069,2623.79,cash deposit,CAD
CA00011554,2025-02-27,BR015,C503340,TLR-5916,538.88,cash withdrawal,CAD
CA00012694,2025-02-16,BR020,C503400,TLR-8876,307.5,cash withdrawal,USD
CA00010472,2025-02-25,BR008,C503128,TLR-8797,1320.34,cash deposit,CAD
CA00017650,2025-02-14,BR040,C500921,TLR-1840,1988.86,cash withdrawal,CAD
CA00012404,2025-02-08,BR019,C501711,TLR-1571,918.68,cash withdrawal,CAD
CA00014516,2025-02-20,BR030,C500643,TLR-9941,507.32,cash deposit,CAD
CA00016523,2025-02-11,BR039,C501890,TLR-4741,474.56,cash withdrawal,CAD
CA00014828,2025-02-11,BR031,C502138,TLR-9165,1711.87,cash withdrawal,CAD
CA00011504,2025-02-16,BR015,C502215,TLR-3610,1033.54,cash deposit,CAD
CA00011885,2025-02-04,BR016,C503191,TLR-9971,1713.69,cash deposit,CAD
CA00013286,2025-02-15,BR024,C502366,TLR-7063,1896.42,cash deposit,CAD
CA00010494,2025-02-16,BR008,C501176,TLR-8331,777.33,cash deposit,CAD
CA00014186,2025-02-05,BR028,C501631,TLR-4726,628.28,cash withdrawal,CAD
CA00010096,2025-02-05,BR007,C501149,TLR-4051,641.89,cash withdrawal,CAD
CA00013516,2025-02-25,BR025,C503244,TLR-6255,-1320.39,cash withdrawal,CAD
CA00015515,2025-02-12,BR035,C501826,TLR-7284,337.56,cash deposit,CAD
CA00016339,2025-02-05,BR038,C502728,TLR-9213,995.74,cash deposit,CAD
CA00012839,2025-02-24,BR021,C503674,TLR-3519,834.84,cash deposit,CAD
CA00010288,2025-02-01,BR008,C503811,TLR-4217,1619.69,cash withdrawal,CAD
CA00014996,2025-02-22,BR032,C502831,TLR-6338,1076.47,cash deposit,CAD
CA00013314,2025-02-02,BR024,C502934,TLR-9282,2702.72,cash deposit,CAD
CA00011021,2025-02-15,BR012,C501525,TLR-8888,556.61,cash deposit,CAD
CA00009824,2025-02-18,BR006,C501089,TLR-4020,1809.61,cash deposit,CAD
CA00016905,2025-02-24,BR040,C500713,TLR-1043,928.92,cash deposit,CAD
CA00011250,2025-02-16,BR014,C500138,TLR-8562,4438.29,cash withdrawal,CAD
CA00017018,2025-02-12,BR040,C502388,TLR-7549,238.17,cash withdrawal,CAD
CA00012529,2025-02-05,BR019,C501465,TLR-7432,2097.36,cash deposit,CAD
CA00015337,2025-02-24,BR034,C503969,TLR-2193,592.6,cash deposit,CAD
CA00014080,2025-02-23,BR027,C500108,TLR-4008,2444.38,cash withdrawal,CAD
CA00013413,2025-02-04,BR024,C503541,TLR-2853,2073.35,cash withdrawal,CAD
CA00013304,2025-02-27,BR024,C501486,TLR-2199,1971.29,cash withdrawal,CAD
CA00015064,2025-02-07,BR032,C501574,TLR-3043,2800.29,cash withdrawal,CAD
CA00015433,2025-02-27,BR034,C502389,TLR-5046,243.17,cash withdrawal,CAD
CA00010786,2025-02-11,BR010,C503218,TLR-5108,304.71,cash withdrawal,CAD
CA00009541,2025-02-27,BR004,C503278,TLR-1897,979.76,cash deposit,CAD
CA00016112,2025-02-18,BR037,C501333,TLR-9719,2443.21,cash deposit,CAD
CA00014493,2025-02-11,BR030,C501887,TLR-4711,4343.19,cash withdrawal,CAD
CA00013354,2025-02-10,BR024,C503762,TLR-6493,1010.89,cash withdrawal,CAD
CA00013463,2025-02-15,BR025,C503103,TLR-7309,-3270.65,cash withdrawal,CAD
CA00013965,2025-02-26,BR027,C503028,TLR-3885,2505.56,cash withdrawal,CAD
CA00010061,2025-02-13,BR007,C500078,TLR-6508,98.18,cash withdrawal,CAD
CA00010638,2025-02-26,BR009,C502231,TLR-3427,1296.6,cash deposit,CAD
CA00012489,2025-02-03,BR019,C501792,TLR-2536,1258.21,cash withdrawal,CAD
CA00013832,2025-02-23,BR026,C500690,TLR-9041,1851.29,cash deposit,CAD
CA00013434,2025-02-17,BR024,C502275,TLR-3275,1541.04,cash withdrawal,CAD
CA00012888,2025-02-04,BR021,C503441,TLR-9306,864.68,cash deposit,CAD
CA00012258,2025-02-21,BR018,C503136,TLR-3502,1187.69,cash deposit,CAD
CA00009423,2025-02-19,BR004,C502670,TLR-8083,2348.12,cash deposit,CAD
CA00009447,2025-02-21,BR004,C503480,TLR-9780,4860.22,cash deposit,CAD
CA00014636,2025-02-05,BR030,C503034,TLR-6345,1659.83,cash withdrawal,CAD
CA00017672,2025-02-26,BR040,C500283,TLR-4873,818.4,cash deposit,CAD
CA00010640,2025-02-06,BR009,C501814,TLR-3723,771.56,cash deposit,CAD
CA00011929,2025-02-13,BR016,C503030,TLR-5180,302.51,cash withdrawal,CAD
CA00016579,2025-02-10,BR039,C500371,TLR-4904,2105.8,cash deposit,CAD
CA00009416,2025-02-01,BR003,C503028,TLR-3770,479.26,cash deposit,CAD
CA00016450,2025-02-17,BR039,C503731,TLR-4714,2329.99,cash withdrawal,CAD
CA00010972,2025-02-25,BR012,C502902,TLR-5598,1678.52,cash withdrawal,CAD
CA00015067,2025-02-21,BR032,C502086,TLR-7804,1031.21,cash withdrawal,CAD
CA00015654,2025-02-11,BR035,C503548,TLR-6836,1817.46,cash withdrawal,CAD
CA00013443,2025-02-23,BR025,C502351,TLR-1022,-372.05,cash withdrawal,CAD
CA00009886,2025-02-15,BR006,C503684,TLR-9207,3782.75,cash withdrawal,CAD
CA00016610,2025-02-02,BR039,C503551,TLR-2674,698.57,cash withdrawal,CAD
CA00013343,2025-02-18,BR024,C503793,TLR-6998,180.48,cash deposit,CAD
CA00009006,2025-02-20,BR002,C500435,TLR-7519,974.16,cash deposit,CAD
CA00012550,2025-02-27,BR019,C503203,TLR-2350,230.67,cash deposit,CAD
CA00010090,2025-02-10,BR007,C503439,TLR-6808,999.79,cash deposit,CAD
CA00012328,2025-02-10,BR019,C501691,TLR-1522,697.61,cash deposit,CAD
CA00010498,2025-02-14,BR008,C501288,TLR-6077,838.54,cash deposit,CAD
CA00015074,2025-02-08,BR032,C503704,TLR-9562,896.55,cash withdrawal,CAD
CA00016097,2025-02-25,BR037,C501797,TLR-1336,363.18,cash deposit,CAD
CA00010189,2025-02-10,BR007,C501115,TLR-4725,585.89,cash withdrawal,CAD
CA00010381,2025-02-05,BR008,C500909,TLR-4535,1091.8,cash deposit,CAD
CA00012799,2025-02-26,BR021,C502275,TLR-5281,453.49,cash withdrawal,CAD
CA00015464,2025-02-27,BR035,C501675,TLR-8470,694.53,cash withdrawal,CAD
CA00013480,2025-02-13,BR025,C503393,TLR-8899,737.43,cash deposit,CAD
CA00015519,2025-02-14,BR035,C501492,TLR-1340,1740.29,cash deposit,CAD
CA00010397,2025-02-03,BR008,C503285,TLR-9358,495.39,cash withdrawal,CAD
CA00010325,2025-02-22,BR008,C500755,TLR-2272,1186.31,cash deposit,CAD
CA00017676,2025-02-05,BR040,C501660,TLR-3697,489.31,cash deposit,CAD
CA00016837,2025-02-19,BR040,C502222,TLR-7594,674.94,cash deposit,CAD
CA00011864,2025-02-25,BR016,C503264,TLR-3615,571.0,cash withdrawal,CAD
CA00009221,2025-02-13,BR003,C502929,TLR-8855,942.59,cash deposit,CAD
CA00012409,2025-02-26,BR019,C503662,TLR-7977,1178.46,cash withdrawal,CAD
CA00012231,2025-02-18,BR018,C502378,TLR-1288,2033.61,cash deposit,CAD
CA00013576,2025-02-24,BR025,C501337,TLR-7950,2576.72,cash deposit,CAD
CA00011634,2025-02-21,BR015,C501798,TLR-7435,910.45,cash deposit,CAD
CA00011069,2025-02-09,BR012,C503486,TLR-1816,1855.05,cash withdrawal,CAD
CA00013024,2025-02-05,BR022,C500604,TLR-1788,1356.44,cash withdrawal,CAD
CA00016038,2025-02-09,BR037,C502926,TLR-2772,3917.25,cash deposit,CAD
CA00016280,2025-02-14,BR038,C502763,TLR-5434,393.62,cash deposit,CAD
CA00012660,2025-02-09,BR020,C503265,TLR-6693,395.57,cash deposit,USD
CA00016889,2025-02-06,BR040,C500835,TLR-1929,665.42,cash withdrawal,CAD
CA00009167,2025-02-17,BR002,C501816,TLR-4917,482.86,cash deposit,CAD
CA00009378,2025-02-10,BR003,C503412,TLR-6577,1270.65,cash withdrawal,CAD
CA00017031,2025-02-17,BR040,C500052,TLR-9988,385.66,cash deposit,CAD
CA00010523,2025-02-18,BR008,C503039,TLR-1153,550.27,cash deposit,CAD
CA00014472,2025-02-13,BR030,C501701,TLR-2685,2871.73,cash deposit,CAD
CA00015358,2025-02-09,BR034,C501173,TLR-5987,1590.11,cash deposit,CAD
CA00010749,2025-02-06,BR010,C500892,TLR-5448,792.94,cash deposit,CAD
CA00009835,2025-02-25,BR006,C503096,TLR-7737,1269.96,cash withdrawal,CAD
CA00009770,2025-02-20,BR006,C501229,TLR-9222,1507.96,cash deposit,CAD
CA00015312,2025-02-10,BR034,C502004,TLR-4389,1436.43,cash deposit,CAD
CA00010613,2025-02-18,BR009,C500328,TLR-4248,3353.01,cash deposit,CAD
CA00011045,2025-02-12,BR012,C501281,TLR-3246,712.47,cash withdrawal,CAD
CA00015543,2025-02-18,BR035,C502924,TLR-6618,249.61,cash deposit,CAD
CA00012603,2025-02-13,BR020,C501927,TLR-9816,245.3,cash withdrawal,USD
CA00017562,2025-02-13,BR040,C500166,TLR-6551,1003.65,cash deposit,CAD
CA00015961,2025-02-18,BR036,C503969,TLR-1860,2003.23,cash deposit,CAD
CA00012735,2025-02-15,BR020,C502798,TLR-5013,899.8,cash deposit,USD
CA00009976,2025-02-05,BR006,C503674,TLR-1900,4026.53,cash deposit,CAD
CA00010527,2025-02-28,BR008,C500097,TLR-6620,1013.61,cash deposit,CAD
CA00011649,2025-02-27,BR015,C502965,TLR-2828,1994.02,cash deposit,CAD
CA00016630,2025-02-02,BR039,C503983,TLR-1691,937.2,cash withdrawal,CAD
CA00016656,2025-02-16,BR040,C501147,TLR-4006,1363.62,cash deposit,CAD
CA00010253,2025-02-25,BR007,C503284,TLR-7947,761.16,cash deposit,CAD
CA00017265,2025-02-02,BR040,C500708,TLR-3908,658.57,cash deposit,CAD
CA00010617,2025-02-21,BR009,C501391,TLR-5504,731.67,cash deposit,CAD
CA00010715,2025-02-28,BR010,C500619,TLR-8399,782.81,cash withdrawal,CAD
CA00013307,2025-02-16,BR024,C502447,TLR-1161,706.94,cash deposit,CAD
CA00017170,2025-02-09,BR040,C502630,TLR-7014,817.58,cash withdrawal,CAD
CA00009856,2025-02-12,BR006,C500586,TLR-2330,2434.38,cash withdrawal,CAD
CA00014211,2025-02-25,BR028,C501897,TLR-9120,657.26,cash deposit,CAD
CA00010371,2025-02-14,BR008,C501075,TLR-9959,239.52,cash deposit,CAD
CA00013673,2025-02-08,BR026,C500443,TLR-1808,588.46,cash deposit,CAD
CA00015187,2025-02-26,BR033,C501377,TLR-9923,1300.12,cash deposit,CAD
CA00017426,2025-02-12,BR040,C502716,TLR-9062,780.33,cash deposit,CAD
CA00011218,2025-02-07,BR013,C503142,TLR-7959,1203.68,cash deposit,CAD
CA00014052,2025-02-28,BR027,C500710,TLR-2039,800.79,cash deposit,CAD
CA00009040,2025-02-27,BR002,C503773,TLR-3885,-117.17,cash withdrawal,CAD
CA00011411,2025-02-03,BR014,C502194,TLR-6189,2342.62,cash deposit,CAD
CA00016680,2025-02-02,BR040,C500418,TLR-9715,2032.67,cash withdrawal,CAD
CA00010571,2025-02-15,BR009,C501291,TLR-4790,1965.17,cash deposit,CAD
CA00017096,2025-02-26,BR040,C500551,TLR-9783,590.97,cash withdrawal,CAD
CA00013787,2025-02-09,BR026,C501509,TLR-4319,2076.04,cash deposit,CAD
CA00011543,2025-02-05,BR015,C501413,TLR-9880,1047.96,cash withdrawal,CAD
CA00012030,2025-02-14,BR017,C501104,TLR-4787,1753.18,cash withdrawal,CAD
CA00012558,2025-02-26,BR019,C501946,TLR-9224,6197.71,cash withdrawal,CAD
CA00009065,2025-02-12,BR002,C501514,TLR-5224,-548.88,cash withdrawal,CAD
CA00016824,2025-02-23,BR040,C503445,TLR-7930,1146.42,cash withdrawal,CAD
CA00009540,2025-02-20,BR004,C503213,TLR-5863,718.12,cash withdrawal,CAD
CA00012296,2025-02-16,BR018,C502507,TLR-1046,1691.28,cash withdrawal,CAD
CA00016209,2025-02-21,BR037,C501767,TLR-3416,1715.72,cash deposit,CAD
CA00013789,2025-02-28,BR026,C500359,TLR-6688,1198.54,cash deposit,CAD
CA00009709,2025-02-03,BR005,C503453,TLR-8425,867.54,cash deposit,CAD
CA00016487,2025-02-21,BR039,C500435,TLR-6507,787.79,cash deposit,CAD
CA00013849,2025-02-18,BR026,C502310,TLR-6408,-356.0,cash withdrawal,CAD
CA00015245,2025-02-02,BR033,C503348,TLR-3469,307.43,cash deposit,CAD
CA00010026,2025-02-27,BR006,C502067,TLR-8748,519.77,cash withdrawal,CAD
CA00015304,2025-02-25,BR034,C501604,TLR-7865,1783.99,cash withdrawal,CAD
CA00015723,2025-02-01,BR036,C503103,TLR-9647,1183.79,cash withdrawal,CAD
CA00017260,2025-02-01,BR040,C501436,TLR-4818,2994.01,cash withdrawal,CAD
CA00013201,2025-02-17,BR024,C501710,TLR-7190,2650.88,cash withdrawal,CAD
CA00013063,2025-02-18,BR023,C500629,TLR-7842,600.99,cash deposit,CAD
CA00011015,2025-02-28,BR012,C503141,TLR-6963,1217.26,cash withdrawal,CAD
CA00009904,2025-02-13,BR006,C503845,TLR-8676,783.65,cash deposit,CAD
CA00015576,2025-02-20,BR035,C502761,TLR-9464,2126.57,cash deposit,CAD
CA00010707,2025-02-06,BR010,C503473,TLR-7220,1048.54,cash deposit,CAD
CA00015502,2025-02-26,BR035,C501625,TLR-7462,567.12,cash withdrawal,CAD
CA00012813,2025-02-02,BR021,C503213,TLR-2660,782.59,cash withdrawal,CAD
CA00009683,2025-02-03,BR004,C501273,TLR-3695,181.88,cash deposit,CAD
CA00015182,2025-02-07,BR033,C503680,TLR-6787,2517.68,cash withdrawal,CAD
CA00012159,2025-02-02,BR017,C502093,TLR-2780,1726.56,cash deposit,CAD
CA00012261,2025-02-25,BR018,C502291,TLR-3730,1357.41,cash withdrawal,CAD
CA00014040,2025-02-13,BR027,C500023,TLR-6250,721.11,cash withdrawal,CAD
CA00016186,2025-02-11,BR037,C501168,TLR-1350,1635.42,cash withdrawal,CAD
CA00010999,2025-02-08,BR012,C503007,TLR-1865,479.2,cash withdrawal,CAD
CA00009512,2025-02-05,BR004,C500619,TLR-4494,1021.68,cash withdrawal,CAD
CA00012485,2025-02-28,BR019,C501639,TLR-5127,1254.46,cash withdrawal,CAD
CA00016010,2025-02-09,BR037,C500723,TLR-4490,806.72,cash withdrawal,CAD
CA00010912,2025-02-04,BR012,C501347,TLR-8925,1219.24,cash withdrawal,CAD
CA00009897,2025-02-18,BR006,C500346,TLR-5343,1175.38,cash deposit,CAD
CA00017345,2025-02-11,BR040,C500500,TLR-4805,493.86,cash deposit,CAD
CA00013794,2025-02-03,BR026,C503688,TLR-7536,864.92,cash deposit,CAD
CA00016193,2025-02-06,BR037,C500817,TLR-1150,226.98,cash deposit,CAD
CA00011167,2025-02-08,BR013,C502766,TLR-4643,912.89,cash deposit,CAD
CA00010608,2025-02-02,BR009,C502374,TLR-6318,3150.09,cash withdrawal,CAD
CA00009695,2025-02-06,BR005,C502680,TLR-3637,2219.5,cash deposit,CAD
CA00008807,2025-02-25,BR001,C501417,TLR-4823,550.24,cash deposit,CAD
CA00017317,2025-02-10,BR040,C503159,TLR-2672,247.67,cash deposit,CAD
CA00016582,2025-02-19,BR039,C501076,TLR-9082,731.78,cash withdrawal,CAD
CA00014413,2025-02-04,BR030,C501808,TLR-9525,1026.81,cash withdrawal,CAD
CA00015001,2025-02-20,BR032,C502223,TLR-9666,728.17,cash withdrawal,CAD
CA00010697,2025-02-28,BR010,C502209,TLR-3145,1844.48,cash deposit,CAD
CA00012251,2025-02-08,BR018,C501944,TLR-2734,2371.13,cash deposit,CAD
CA00014311,2025-02-12,BR029,C500808,TLR-1774,4317.89,cash withdrawal,CAD
CA00016166,2025-02-16,BR037,C501498,TLR-4715,686.92,cash deposit,CAD
CA00008701,2025-02-10,BR001,C503772,TLR-7760,2036.13,cash withdrawal,CAD
CA00016099,2025-02-01,BR037,C501963,TLR-5915,939.81,cash withdrawal,CAD
CA00009478,2025-02-20,BR004,C502855,TLR-9739,303.61,cash withdrawal,CAD
CA00013698,2025-02-09,BR026,C503560,TLR-5982,343.7,cash deposit,CAD
CA00014101,2025-02-11,BR027,C500698,TLR-6610,9201.08,cash withdrawal,CAD
CA00013124,2025-02-10,BR023,C502704,TLR-3306,687.35,cash deposit,CAD
CA00014057,2025-02-24,BR027,C500932,TLR-9238,1352.03,cash deposit,CAD
CA00014124,2025-02-07,BR028,C500907,TLR-6427,500.04,cash deposit,CAD
CA00013075,2025-02-09,BR023,C503398,TLR-5176,405.09,cash withdrawal,CAD
CA00011347,2025-02-18,BR014,C500687,TLR-1595,1226.81,cash withdrawal,CAD
CA00013249,2025-02-10,BR024,C502353,TLR-2825,1025.64,cash withdrawal,CAD
CA00010670,2025-02-02,BR010,C503087,TLR-1890,2061.06,cash deposit,CAD
CA00053289,2025-02-10,BR040,W997774,TLR-2145,636.58,cash deposit,CAD
CA00013159,2025-02-28,BR023,C502638,TLR-9219,926.7,cash withdrawal,CAD
CA00011248,2025-02-27,BR014,C501847,TLR-1889,1103.97,cash deposit,CAD
CA00014555,2025-02-13,BR030,C502064,TLR-8837,585.24,cash withdrawal,CAD
CA00012483,2025-02-01,BR019,C503776,TLR-7139,844.97,cash deposit,CAD
CA00016230,2025-02-23,BR037,C503528,TLR-4523,823.77,cash deposit,CAD
CA00010881,2025-02-13,BR011,C502098,TLR-6553,1975.86,cash withdrawal,CAD
CA00014811,2025-02-07,BR031,C503265,TLR-8848,1117.75,cash withdrawal,CAD
CA00016304,2025-02-15,BR038,C500246,TLR-9028,3325.39,cash deposit,CAD
CA00009701,2025-02-21,BR005,C503830,TLR-5196,502.1,cash withdrawal,CAD
CA00016446,2025-02-07,BR039,C502423,TLR-4050,1818.67,cash deposit,CAD
CA00016793,2025-02-01,BR040,C500918,TLR-2326,1313.16,cash deposit,CAD
CA00012886,2025-02-02,BR021,C503877,TLR-1268,950.2,cash deposit,CAD
CA00012845,2025-02-09,BR021,C503694,TLR-4272,1539.29,cash deposit,CAD
CA00011351,2025-02-10,BR014,C502015,TLR-8409,444.96,cash withdrawal,CAD
CA00014013,2025-02-08,BR027,C501006,TLR-1228,1881.28,cash withdrawal,CAD
CA00013765,2025-02-08,BR026,C502014,TLR-8604,470.5,cash deposit,CAD
CA00010293,2025-02-06,BR008,C502974,TLR-8671,836.19,cash deposit,CAD
CA00014560,2025-02-19,BR030,C501652,TLR-2676,1002.45,cash deposit,CAD
CA00015883,2025-02-22,BR036,C503647,TLR-8388,911.64,cash withdrawal,CAD
CA00010641,2025-02-22,BR009,C500062,TLR-3245,1527.9,cash withdrawal,CAD
CA00014891,2025-02-07,BR031,C502669,TLR-1253,1328.16,cash withdrawal,CAD
CA00015013,2025-02-09,BR032,C500019,TLR-9088,2742.04,cash withdrawal,CAD
CA00012061,2025-02-23,BR017,C503276,TLR-6246,1170.69,cash withdrawal,CAD
CA00010626,2025-02-11,BR009,C502347,TLR-8783,1324.12,cash deposit,CAD
CA00017069,2025-02-06,BR040,C500151,TLR-2438,1024.47,cash withdrawal,CAD
CA00014872,2025-02-21,BR031,C502029,TLR-8670,750.74,cash deposit,CAD
CA00009546,2025-02-09,BR004,C500522,TLR-3740,954.38,cash deposit,CAD
CA00013306,2025-02-20,BR024,C503194,TLR-5914,2682.49,cash withdrawal,CAD
CA00017211,2025-02-07,BR040,C502270,TLR-4555,470.46,cash withdrawal,CAD
CA00009630,2025-02-18,BR004,C500769,TLR-6271,369.95,cash deposit,CAD
CA00009037,2025-02-17,BR002,C503372,TLR-5451,5203.4,cash deposit,CAD
CA00016769,2025-02-27,BR040,C500822,TLR-2330,238.9,cash deposit,CAD
CA00014244,2025-02-03,BR028,C501587,TLR-9887,584.84,cash withdrawal,CAD
CA00010260,2025-02-02,BR007,C503962,TLR-8315,169.69,cash withdrawal,CAD
CA00014190,2025-02-22,BR028,C503987,TLR-7447,747.8,cash withdrawal,CAD
CA00015246,2025-02-06,BR033,C500986,TLR-8411,1324.56,cash deposit,CAD
CA00010701,2025-02-06,BR010,C501591,TLR-4264,1043.9,cash deposit,CAD
CA00009460,2025-02-17,BR004,C503151,TLR-5488,341.75,cash deposit,CAD
CA00010510,2025-02-13,BR008,C500100,TLR-8589,290.55,cash withdrawal,CAD
CA00015346,2025-02-22,BR034,C502592,TLR-3178,670.04,cash withdrawal,CAD
CA00013540,2025-02-10,BR025,C502729,TLR-5686,243.41,cash deposit,CAD
CA00017012,2025-02-04,BR040,C501785,TLR-1562,344.58,cash deposit,CAD
CA00010830,2025-02-03,BR010,C502907,TLR-4211,1462.21,cash withdrawal,CAD
CA00013245,2025-02-02,BR024,C502667,TLR-6001,1162.81,cash deposit,CAD
CA00011356,2025-02-23,BR014,C503487,TLR-6711,1263.58,cash deposit,CAD
CA00017149,2025-02-02,BR040,C502969,TLR-1155,889.15,cash deposit,CAD
CA00015005,2025-02-02,BR032,C502087,TLR-4419,2136.05,cash deposit,CAD
CA00014631,2025-02-13,BR030,C502021,TLR-6328,754.06,cash withdrawal,CAD
CA00016746,2025-02-26,BR040,C500154,TLR-6341,489.22,cash deposit,CAD
CA00012602,2025-02-10,BR020,C501341,TLR-7219,249.14,cash deposit,USD
CA00010509,2025-02-21,BR008,C502105,TLR-7623,386.77,cash withdrawal,CAD
CA00011854,2025-02-08,BR016,C501483,TLR-1751,607.86,cash deposit,CAD
CA00015188,2025-02-03,BR033,C503170,TLR-6337,1172.1,cash deposit,CAD
CA00014551,2025-02-23,BR030,C502865,TLR-5630,242.13,cash deposit,CAD
CA00010551,2025-02-18,BR009,C500234,TLR-6936,2271.24,cash deposit,CAD
CA00012227,2025-02-26,BR018,C503045,TLR-8885,816.94,cash withdrawal,CAD
CA00014973,2025-02-15,BR031,C501290,TLR-8680,2983.23,cash withdrawal,CAD
CA00016274,2025-02-07,BR038,C500711,TLR-4484,1079.43,cash withdrawal,CAD
CA00010706,2025-02-25,BR010,C502749,TLR-3032,808.27,cash withdrawal,CAD
CA00011991,2025-02-02,BR017,C503500,TLR-8823,774.62,cash deposit,CAD
CA00017627,2025-02-04,BR040,C503852,TLR-6178,742.38,cash deposit,CAD
CA00010906,2025-02-21,BR012,C503530,TLR-4509,1833.86,cash withdrawal,CAD
CA00016515,2025-02-18,BR039,C501256,TLR-2994,1448.09,cash withdrawal,CAD
CA00012563,2025-02-12,BR019,C501903,TLR-3264,278.62,cash deposit,CAD
CA00016074,2025-02-04,BR037,C500802,TLR-3301,580.26,cash withdrawal,CAD
CA00009363,2025-02-03,BR003,C501576,TLR-8128,653.22,cash withdrawal,CAD
CA00012675,2025-02-20,BR020,C503656,TLR-3856,1623.72,cash withdrawal,USD
CA00016985,2025-02-15,BR040,C502636,TLR-4370,857.63,cash withdrawal,CAD
CA00009872,2025-02-05,BR006,C503539,TLR-2478,1824.63,cash deposit,CAD
CA00011057,2025-02-28,BR012,C500425,TLR-4259,831.35,cash withdrawal,CAD
CA00009774,2025-02-18,BR006,C501638,TLR-5928,611.27,cash withdrawal,CAD
CA00011867,2025-02-27,BR016,C502807,TLR-2115,394.76,cash deposit,CAD
CA00011948,2025-02-01,BR017,C503764,TLR-3802,333.85,cash withdrawal,CAD
CA00016430,2025-02-02,BR038,C503578,TLR-3369,922.63,cash deposit,CAD
CA00008769,2025-02-10,BR001,C501218,TLR-1652,1190.62,cash withdrawal,CAD
CA00008791,2025-02-16,BR001,C502291,TLR-4656,996.43,cash withdrawal,CAD
CA00017354,2025-02-08,BR040,C503837,TLR-4156,601.54,cash withdrawal,CAD
CA00011675,2025-02-26,BR015,C501110,TLR-7338,121.6,cash deposit,CAD
CA00015907,2025-02-17,BR036,C500911,TLR-5757,6123.2,cash deposit,CAD
CA00010526,2025-02-03,BR008,C502925,TLR-8859,752.25,cash withdrawal,CAD
CA00011040,2025-02-11,BR012,C500754,TLR-7553,550.98,cash deposit,CAD
CA00010530,2025-02-26,BR009,C503245,TLR-6376,605.17,cash deposit,CAD
CA00011559,2025-02-09,BR015,C500998,TLR-2292,555.25,cash deposit,CAD
CA00012482,2025-02-14,BR019,C502509,TLR-8153,372.0,cash withdrawal,CAD
CA00013115,2025-02-11,BR023,C501541,TLR-5250,253.96,cash deposit,CAD
CA00015646,2025-02-23,BR035,C500012,TLR-3496,814.4,cash deposit,CAD
CA00013196,2025-02-11,BR024,C503432,TLR-1592,2097.93,cash deposit,CAD
CA00012447,2025-02-02,BR019,C500565,TLR-6665,503.24,cash withdrawal,CAD
CA00017184,2025-02-05,BR040,C500032,TLR-2997,1436.14,cash withdrawal,CAD
CA00009781,2025-02-20,BR006,C502658,TLR-7019,654.09,cash deposit,CAD
CA00009930,2025-02-01,BR006,C501035,TLR-6331,928.8,cash deposit,CAD
CA00013173,2025-02-18,BR024,C501674,TLR-2837,1936.51,cash withdrawal,CAD
CA00017457,2025-02-16,BR040,C502038,TLR-5929,1358.82,cash withdrawal,CAD
CA00014800,2025-02-21,BR031,C501638,TLR-5608,146.89,cash withdrawal,CAD
CA00014846,2025-02-06,BR031,C500641,TLR-2617,1132.16,cash withdrawal,CAD
CA00014873,2025-02-17,BR031,C501682,TLR-1264,543.34,cash deposit,CAD
CA00016509,2025-02-27,BR039,C503815,TLR-7017,1991.15,cash withdrawal,CAD
CA00013031,2025-02-03,BR022,C502131,TLR-6847,413.05,cash deposit,CAD
CA00008880,2025-02-23,BR001,C502632,TLR-5059,285.58,cash deposit,CAD
CA00011174,2025-02-05,BR013,C500075,TLR-5828,1874.1,cash withdrawal,CAD
CA00014995,2025-02-01,BR032,C501261,TLR-4069,890.74,cash deposit,CAD
CA00011392,2025-02-17,BR014,C500271,TLR-4974,1271.67,cash deposit,CAD
CA00013994,2025-02-01,BR027,C500341,TLR-1521,672.94,cash deposit,CAD
CA00016061,2025-02-08,BR037,C503628,TLR-2020,2463.74,cash deposit,CAD
CA00013041,2025-02-17,BR022,C500101,TLR-6016,1636.27,cash deposit,CAD
CA00016238,2025-02-14,BR037,C502207,TLR-5820,1448.18,cash deposit,CAD
CA00017534,2025-02-19,BR040,C502901,TLR-1535,238.13,cash withdrawal,CAD
CA00012582,2025-02-19,BR019,C501359,TLR-9106,5405.84,cash withdrawal,CAD
CA00017352,2025-02-25,BR040,C502380,TLR-9331,729.43,cash withdrawal,CAD
CA00010864,2025-02-02,BR011,C502327,TLR-5933,1057.08,cash deposit,CAD
CA00015152,2025-02-05,BR033,C502874,TLR-8043,1402.82,cash withdrawal,CAD
CA00011874,2025-02-07,BR016,C500054,TLR-3377,592.36,cash withdrawal,CAD
CA00009017,2025-02-12,BR002,C501494,TLR-4868,-1854.94,cash withdrawal,CAD
CA00010059,2025-02-11,BR007,C503509,TLR-5224,240.69,cash withdrawal,CAD
CA00011439,2025-02-09,BR015,C500479,TLR-7672,2196.13,cash deposit,CAD
CA00014281,2025-02-21,BR029,C503467,TLR-8972,1498.3,cash deposit,CAD
CA00014476,2025-02-15,BR030,C501670,TLR-7089,854.07,cash deposit,CAD
CA00015269,2025-02-21,BR033,C500590,TLR-7972,1495.88,cash deposit,CAD
CA00013893,2025-02-27,BR026,C501328,TLR-4717,290.85,cash deposit,CAD
CA00015572,2025-02-26,BR035,C500374,TLR-7336,1210.27,cash withdrawal,CAD
CA00010433,2025-02-28,BR008,C500056,TLR-3324,931.82,cash deposit,CAD
CA00009560,2025-02-11,BR004,C502446,TLR-7993,1695.51,cash deposit,CAD
CA00010627,2025-02-28,BR009,C501223,TLR-3144,646.87,cash deposit,CAD
CA00012881,2025-02-05,BR021,C501596,TLR-2570,562.9,cash deposit,CAD
CA00012007,2025-02-06,BR017,C502977,TLR-7224,1155.33,cash withdrawal,CAD
CA00013349,2025-02-23,BR024,C503477,TLR-5195,1602.06,cash withdrawal,CAD
CA00012387,2025-02-09,BR019,C500777,TLR-8217,4023.25,cash deposit,CAD
CA00011931,2025-02-02,BR016,C501612,TLR-8611,645.79,cash withdrawal,CAD
CA00012221,2025-02-01,BR018,C502217,TLR-4695,401.72,cash withdrawal,CAD
CA00012556,2025-02-13,BR019,C502021,TLR-7082,785.91,cash deposit,CAD
CA00009746,2025-02-08,BR005,C500465,TLR-4348,522.06,cash withdrawal,CAD
CA00013810,2025-02-27,BR026,C500259,TLR-5016,1681.55,cash deposit,CAD
CA00016976,2025-02-26,BR040,C500662,TLR-3989,194.61,cash deposit,CAD
CA00012371,2025-02-19,BR019,C500416,TLR-5124,2788.49,cash deposit,CAD
CA00009226,2025-02-06,BR003,C503665,TLR-1869,2062.59,cash deposit,CAD
CA00016184,2025-02-05,BR037,C500759,TLR-1381,209.58,cash deposit,CAD
CA00011370,2025-02-05,BR014,C502106,TLR-5383,1066.33,cash deposit,CAD
CA00010897,2025-02-12,BR011,C501189,TLR-5731,686.03,cash withdrawal,CAD
CA00013518,2025-02-26,BR025,C500047,TLR-3382,655.56,cash deposit,CAD
CA00016016,2025-02-24,BR037,C501378,TLR-8940,2800.26,cash deposit,CAD
CA00012656,2025-02-20,BR020,C501446,TLR-9113,512.98,cash deposit,USD
CA00017275,2025-02-21,BR040,C501477,TLR-6615,1098.85,cash deposit,CAD
CA00016086,2025-02-22,BR037,C502981,TLR-7494,800.66,cash withdrawal,CAD
CA00016838,2025-02-24,BR040,C502791,TLR-4328,1341.94,cash withdrawal,CAD
CA00012395,2025-02-12,BR019,C502316,TLR-1223,1956.77,cash withdrawal,CAD
CA00015298,2025-02-23,BR034,C502137,TLR-2081,970.57,cash withdrawal,CAD
CA00013716,2025-02-04,BR026,C502300,TLR-1501,-1616.33,cash withdrawal,CAD
CA00015849,2025-02-08,BR036,C502338,TLR-5479,2464.54,cash deposit,CAD
CA00016140,2025-02-14,BR037,C500444,TLR-1057,461.77,cash deposit,CAD
CA00011809,2025-02-01,BR016,C502340,TLR-1433,525.38,cash withdrawal,CAD
CA00010590,2025-02-19,BR009,C503738,TLR-5330,1592.71,cash deposit,CAD
CA00011741,2025-02-02,BR016,C501739,TLR-4104,1564.51,cash withdrawal,CAD
CA00012072,2025-02-13,BR017,C500896,TLR-2422,448.27,cash deposit,CAD
CA00015585,2025-02-18,BR035,C500144,TLR-3009,424.84,cash withdrawal,CAD
CA00013656,2025-02-27,BR025,C500792,TLR-5469,1131.05,cash deposit,CAD
CA00013853,2025-02-23,BR026,C503923,TLR-3124,-1911.75,cash withdrawal,CAD
CA00009893,2025-02-25,BR006,C501270,TLR-9217,266.65,cash deposit,CAD
CA00010513,2025-02-08,BR008,C501407,TLR-9166,1368.05,cash deposit,CAD
CA00013384,2025-02-12,BR024,C502623,TLR-5961,520.65,cash withdrawal,CAD
CA00009372,2025-02-04,BR003,C502902,TLR-1207,1281.02,cash deposit,CAD
CA00013378,2025-02-07,BR024,C503486,TLR-1340,1812.63,cash withdrawal,CAD
CA00015666,2025-02-11,BR035,C502188,TLR-5110,758.37,cash withdrawal,CAD
CA00008823,2025-02-28,BR001,C503716,TLR-6132,740.19,cash deposit,CAD
CA00013068,2025-02-15,BR023,C503960,TLR-5464,1625.41,cash withdrawal,CAD
CA00008826,2025-02-25,BR001,C500663,TLR-1112,1333.51,cash withdrawal,CAD
CA00013432,2025-02-19,BR024,C500406,TLR-9577,1303.64,cash deposit,CAD
CA00014669,2025-02-11,BR030,C502511,TLR-2179,574.36,cash deposit,CAD
CA00016833,2025-02-11,BR040,C503534,TLR-9473,480.39,cash deposit,CAD
CA00011727,2025-02-22,BR016,C501300,TLR-1116,356.77,cash withdrawal,CAD
CA00014395,2025-02-20,BR030,C501315,TLR-7611,724.18,cash withdrawal,CAD
CA00015491,2025-02-14,BR035,C503376,TLR-7854,2271.88,cash deposit,CAD
CA00012440,2025-02-12,BR019,C503205,TLR-4622,1678.52,cash withdrawal,CAD
CA00014529,2025-02-27,BR030,C502950,TLR-2917,1061.54,cash withdrawal,CAD
CA00009554,2025-02-27,BR004,C502990,TLR-2045,1333.02,cash deposit,CAD
CA00015402,2025-02-12,BR034,C503367,TLR-5488,3711.17,cash withdrawal,CAD
CA00011637,2025-02-19,BR015,C500669,TLR-2734,1067.19,cash deposit,CAD
CA00014997,2025-02-18,BR032,C503895,TLR-7049,1473.49,cash deposit,CAD
CA00012168,2025-02-14,BR017,C502354,TLR-8493,1588.88,cash deposit,CAD
CA00012423,2025-02-10,BR019,C502166,TLR-8838,1229.07,cash withdrawal,CAD
CA00009647,2025-02-14,BR004,C502970,TLR-7200,563.79,cash deposit,CAD
CA00015868,2025-02-22,BR036,C500156,TLR-5183,566.52,cash withdrawal,CAD
CA00009165,2025-02-18,BR002,C502567,TLR-2332,877.91,cash deposit,CAD
CA00009862,2025-02-27,BR006,C502857,TLR-7861,332.63,cash deposit,CAD
CA00016231,2025-02-04,BR037,C502994,TLR-4190,1065.15,cash deposit,CAD
CA00010738,2025-02-18,BR010,C500096,TLR-7047,941.62,cash deposit,CAD
CA00010683,2025-02-01,BR010,C501956,TLR-1876,803.79,cash deposit,CAD
CA00013287,2025-02-04,BR024,C500514,TLR-3343,3169.12,cash withdrawal,CAD
CA00017680,2025-02-08,BR040,C501167,TLR-2012,1265.95,cash withdrawal,CAD
CA00012868,2025-02-02,BR021,C503212,TLR-5617,399.03,cash deposit,CAD
CA00009014,2025-02-04,BR002,C500930,TLR-8431,-314.15,cash withdrawal,CAD
CA00012546,2025-02-24,BR019,C500175,TLR-7222,1550.32,cash deposit,CAD
CA00013344,2025-02-19,BR024,C501774,TLR-6989,335.36,cash withdrawal,CAD
CA00014455,2025-02-03,BR030,C501805,TLR-7177,657.2,cash withdrawal,CAD
CA00014378,2025-02-20,BR029,C500764,TLR-5863,6000.01,cash withdrawal,CAD
CA00016352,2025-02-09,BR038,C500051,TLR-5183,709.04,cash withdrawal,CAD
CA00016576,2025-02-10,BR039,C503807,TLR-7194,1387.08,cash withdrawal,CAD
CA00017226,2025-02-11,BR040,C503672,TLR-1634,573.18,cash withdrawal,CAD
CA00013332,2025-02-26,BR024,C502033,TLR-4190,1805.27,cash deposit,CAD
CA00015206,2025-02-16,BR033,C501055,TLR-2611,854.58,cash deposit,CAD
CA00017065,2025-02-07,BR040,C500365,TLR-9662,639.1,cash withdrawal,CAD
CA00013966,2025-02-18,BR027,C501337,TLR-2967,730.74,cash withdrawal,CAD
CA00012640,2025-02-01,BR020,C500543,TLR-3964,168.54,cash deposit,USD
CA00017677,2025-02-26,BR040,C501130,TLR-1165,964.84,cash deposit,CAD
CA00014469,2025-02-24,BR030,C500909,TLR-3302,2027.83,cash deposit,CAD
CA00010879,2025-02-18,BR011,C503788,TLR-7822,1395.46,cash deposit,CAD
CA00014088,2025-02-18,BR027,C500831,TLR-3069,685.84,cash withdrawal,CAD
CA00016045,2025-02-07,BR037,C501997,TLR-3091,636.51,cash withdrawal,CAD
CA00013092,2025-02-15,BR023,C503917,TLR-2918,894.62,cash withdrawal,CAD
CA00011252,2025-02-05,BR014,C502183,TLR-3680,635.63,cash withdrawal,CAD
CA00010324,2025-02-14,BR008,C501071,TLR-2359,1925.84,cash deposit,CAD
CA00013366,2025-02-08,BR024,C500664,TLR-1929,647.26,cash deposit,CAD
CA00016125,2025-02-22,BR037,C500029,TLR-6165,209.72,cash deposit,CAD
CA00015461,2025-02-25,BR035,C502969,TLR-7792,436.13,cash withdrawal,CAD
CA00013000,2025-02-23,BR022,C502181,TLR-7280,528.9,cash withdrawal,CAD
CA00012552,2025-02-14,BR019,C501958,TLR-5399,261.39,cash deposit,CAD
CA00016514,2025-02-26,BR039,C502520,TLR-1771,1631.61,cash withdrawal,CAD
CA00011650,2025-02-10,BR015,C503894,TLR-6684,1689.84,cash withdrawal,CAD
CA00009618,2025-02-15,BR004,C501007,TLR-1629,744.49,cash withdrawal,CAD
CA00010417,2025-02-05,BR008,C503799,TLR-8944,1021.3,cash withdrawal,CAD
CA00016497,2025-02-06,BR039,C500220,TLR-3943,767.75,cash deposit,CAD
CA00009990,2025-02-27,BR006,C500964,TLR-5211,1733.37,cash withdrawal,CAD
CA00010363,2025-02-04,BR008,C501828,TLR-6442,1419.77,cash deposit,CAD
CA00010994,2025-02-08,BR012,C503247,TLR-9446,256.51,cash deposit,CAD
CA00009803,2025-02-23,BR006,C501138,TLR-1125,461.15,cash withdrawal,CAD
CA00012926,2025-02-22,BR021,C501735,TLR-7112,369.72,cash withdrawal,CAD
CA00009119,2025-02-10,BR002,C502894,TLR-2161,2462.95,cash deposit,CAD
CA00011530,2025-02-17,BR015,C503526,TLR-7025,4008.66,cash withdrawal,CAD
CA00015915,2025-02-26,BR036,C502445,TLR-7594,695.65,cash deposit,CAD
CA00016479,2025-02-13,BR039,C502744,TLR-7341,465.09,cash withdrawal,CAD
CA00013747,2025-02-01,BR026,C501277,TLR-6136,-607.31,cash withdrawal,CAD
CA00015043,2025-02-19,BR032,C501455,TLR-2905,2571.27,cash deposit,CAD
CA00012474,2025-02-09,BR019,C501655,TLR-7182,1119.53,cash withdrawal,CAD
CA00015904,2025-02-19,BR036,C502452,TLR-9119,594.45,cash withdrawal,CAD
CA00009891,2025-02-12,BR006,C502496,TLR-4214,957.68,cash deposit,CAD
CA00013685,2025-02-02,BR026,C500760,TLR-6094,719.09,cash deposit,CAD
CA00016613,2025-02-24,BR039,C503457,TLR-3820,1053.47,cash deposit,CAD
CA00008720,2025-02-02,BR001,C502923,TLR-8711,2677.8,cash withdrawal,CAD
CA00009763,2025-02-18,BR006,C503809,TLR-3379,1614.9,cash deposit,CAD
CA00017675,2025-02-09,BR040,C503570,TLR-9015,1366.69,cash deposit,CAD
CA00011913,2025-02-28,BR016,C500697,TLR-6000,1694.95,cash deposit,CAD
CA00012211,2025-02-09,BR018,C501016,TLR-3026,692.75,cash withdrawal,CAD
CA00016919,2025-02-18,BR040,C503017,TLR-3788,899.31,cash withdrawal,CAD
CA00013234,2025-02-03,BR024,C501142,TLR-7534,654.07,cash withdrawal,CAD
CA00012578,2025-02-15,BR019,C500383,TLR-4296,497.52,cash deposit,CAD
CA00014979,2025-02-17,BR032,C502187,TLR-5192,1081.91,cash deposit,CAD
CA00014518,2025-02-14,BR030,C503009,TLR-2741,2098.19,cash deposit,CAD
CA00012567,2025-02-22,BR019,C503470,TLR-8852,495.09,cash withdrawal,CAD
CA00010452,2025-02-28,BR008,C502072,TLR-8654,2461.37,cash deposit,CAD
CA00015691,2025-02-10,BR035,C501713,TLR-4792,1385.64,cash withdrawal,CAD
CA00010120,2025-02-23,BR007,C502815,TLR-9432,1727.54,cash deposit,CAD
CA00010962,2025-02-19,BR012,C500616,TLR-2299,1420.71,cash withdrawal,CAD
CA00017104,2025-02-24,BR040,C501032,TLR-2163,1240.41,cash withdrawal,CAD
CA00016283,2025-02-10,BR038,C503367,TLR-3484,1731.62,cash deposit,CAD
CA00011800,2025-02-23,BR016,C503686,TLR-4792,827.85,cash deposit,CAD
CA00013481,2025-02-11,BR025,C500592,TLR-4000,-2050.03,cash withdrawal,CAD
CA00010543,2025-02-16,BR009,C502493,TLR-7069,2296.75,cash deposit,CAD
CA00013505,2025-02-21,BR025,C502145,TLR-2211,1447.19,cash deposit,CAD
CA00011063,2025-02-24,BR012,C502196,TLR-4460,1106.26,cash deposit,CAD
CA00017590,2025-02-25,BR040,C500961,TLR-4931,1985.66,cash withdrawal,CAD
CA00017495,2025-02-04,BR040,C501801,TLR-1812,207.69,cash deposit,CAD
CA00017538,2025-02-22,BR040,C503913,TLR-6660,1745.92,cash withdrawal,CAD
CA00014079,2025-02-04,BR027,C503216,TLR-3704,579.55,cash deposit,CAD
CA00009362,2025-02-23,BR003,C502138,TLR-4197,1251.47,cash deposit,CAD
CA00017067,2025-02-21,BR040,C501275,TLR-2082,1966.4,cash withdrawal,CAD
CA00011353,2025-02-02,BR014,C503222,TLR-3221,667.38,cash deposit,CAD
CA00010990,2025-02-28,BR012,C503368,TLR-7235,769.65,cash withdrawal,CAD
CA00012870,2025-02-04,BR021,C500840,TLR-5736,1014.23,cash withdrawal,CAD
CA00016377,2025-02-09,BR038,C501765,TLR-5541,903.22,cash withdrawal,CAD
CA00013152,2025-02-08,BR023,C501854,TLR-4503,6191.45,cash deposit,CAD
CA00011453,2025-02-19,BR015,C502023,TLR-4595,1177.83,cash withdrawal,CAD
CA00014503,2025-02-02,BR030,C502664,TLR-4770,3276.52,cash deposit,CAD
CA00010789,2025-02-02,BR010,C502155,TLR-2179,1115.57,cash deposit,CAD
CA00017566,2025-02-03,BR040,C502720,TLR-4221,704.58,cash deposit,CAD
CA00015911,2025-02-26,BR036,C500257,TLR-2154,1798.44,cash withdrawal,CAD
CA00016459,2025-02-14,BR039,C501497,TLR-2383,559.42,cash deposit,CAD
CA00011140,2025-02-21,BR012,C503575,TLR-9637,526.26,cash deposit,CAD
CA00012488,2025-02-24,BR019,C500634,TLR-2750,1092.86,cash deposit,CAD
CA00015178,2025-02-08,BR033,C502225,TLR-6991,953.8,cash withdrawal,CAD
CA00012427,2025-02-01,BR019,C502527,TLR-8288,857.77,cash withdrawal,CAD
CA00012125,2025-02-20,BR017,C501952,TLR-2460,483.65,cash deposit,CAD
CA00017662,2025-02-18,BR040,C500475,TLR-5327,1372.33,cash withdrawal,CAD
CA00011205,2025-02-06,BR013,C501373,TLR-1375,335.69,cash deposit,CAD
CA00011148,2025-02-07,BR013,C500887,TLR-8890,909.55,cash deposit,CAD
CA00009466,2025-02-25,BR004,C500191,TLR-1200,533.31,cash withdrawal,CAD
CA00009132,2025-02-12,BR002,C500640,TLR-5583,1162.56,cash deposit,CAD
CA00013662,2025-02-01,BR025,C502226,TLR-9909,865.41,cash deposit,CAD
CA00010782,2025-02-19,BR010,C500022,TLR-5005,887.42,cash withdrawal,CAD
CA00012133,2025-02-04,BR017,C502262,TLR-9960,316.47,cash withdrawal,CAD
CA00013204,2025-02-23,BR024,C502499,TLR-4429,1193.26,cash deposit,CAD
CA00016763,2025-02-26,BR040,C500010,TLR-7215,1212.35,cash withdrawal,CAD
CA00011269,2025-02-26,BR014,C502114,TLR-5423,1580.76,cash withdrawal,CAD
CA00009306,2025-02-13,BR003,C502237,TLR-4534,572.36,cash deposit,CAD
CA00009516,2025-02-05,BR004,C500345,TLR-8920,1106.0,cash withdrawal,CAD
CA00016107,2025-02-28,BR037,C503613,TLR-6812,333.93,cash withdrawal,CAD
CA00010093,2025-02-08,BR007,C500240,TLR-8527,1395.86,cash deposit,CAD
CA00015066,2025-02-24,BR032,C502892,TLR-3623,4237.08,cash deposit,CAD
CA00010396,2025-02-06,BR008,C502168,TLR-4167,2754.87,cash withdrawal,CAD
CA00015889,2025-02-23,BR036,C500016,TLR-2689,1230.67,cash withdrawal,CAD
CA00013547,2025-02-22,BR025,C502184,TLR-6991,-956.12,cash withdrawal,CAD
CA00012438,2025-02-17,BR019,C501321,TLR-8390,530.22,cash withdrawal,CAD
CA00017269,2025-02-01,BR040,C500984,TLR-4328,769.3,cash deposit,CAD
CA00014447,2025-02-06,BR030,C501022,TLR-5635,195.43,cash withdrawal,CAD
CA00011350,2025-02-07,BR014,C502487,TLR-7116,1356.57,cash deposit,CAD
CA00017264,2025-02-08,BR040,C502997,TLR-5157,629.68,cash deposit,CAD
CA00014002,2025-02-09,BR027,C502694,TLR-7791,1484.0,cash withdrawal,CAD
CA00009075,2025-02-05,BR002,C502004,TLR-7711,5520.89,cash deposit,CAD
CA00012259,2025-02-12,BR018,C502337,TLR-6329,290.21,cash withdrawal,CAD
CA00009402,2025-02-02,BR003,C500284,TLR-5951,2773.9,cash withdrawal,CAD
CA00009049,2025-02-25,BR002,C503697,TLR-6774,-536.61,cash withdrawal,CAD
CA00016488,2025-02-17,BR039,C500348,TLR-3953,1543.06,cash withdrawal,CAD
CA00015829,2025-02-10,BR036,C503623,TLR-8943,621.02,cash withdrawal,CAD
CA00009599,2025-02-16,BR004,C500383,TLR-7324,1681.28,cash deposit,CAD
CA00008951,2025-02-23,BR001,C501416,TLR-5713,492.87,cash withdrawal,CAD
CA00009768,2025-02-19,BR006,C503753,TLR-9550,633.03,cash deposit,CAD
CA00011581,2025-02-27,BR015,C501175,TLR-4113,1538.71,cash withdrawal,CAD
CA00017655,2025-02-09,BR040,C500251,TLR-9178,699.13,cash deposit,CAD
CA00010716,2025-02-09,BR010,C501967,TLR-2444,1005.18,cash deposit,CAD
CA00014393,2025-02-23,BR030,C502657,TLR-2309,809.49,cash deposit,CAD
CA00013319,2025-02-27,BR024,C503035,TLR-4287,846.8,cash withdrawal,CAD
CA00014165,2025-02-26,BR028,C503973,TLR-1823,515.14,cash withdrawal,CAD
CA00009113,2025-02-06,BR002,C502971,TLR-9245,-4734.76,cash withdrawal,CAD
CA00017071,2025-02-26,BR040,C503765,TLR-2156,787.68,cash deposit,CAD
CA00015424,2025-02-25,BR034,C503328,TLR-9392,2641.78,cash deposit,CAD
CA00017591,2025-02-18,BR040,C503755,TLR-6022,520.12,cash deposit,CAD
CA00016171,2025-02-15,BR037,C500636,TLR-3266,624.11,cash deposit,CAD
CA00013503,2025-02-01,BR025,C501218,TLR-1479,846.46,cash deposit,CAD
CA00016545,2025-02-15,BR039,C502259,TLR-5335,879.34,cash deposit,CAD
CA00016856,2025-02-04,BR040,C503826,TLR-7846,535.98,cash withdrawal,CAD
CA00015039,2025-02-14,BR032,C500157,TLR-1865,2536.32,cash withdrawal,CAD
CA00009832,2025-02-21,BR006,C501935,TLR-6804,1407.57,cash withdrawal,CAD
CA00010718,2025-02-06,BR010,C500236,TLR-9552,178.2,cash deposit,CAD
CA00011197,2025-02-01,BR013,C502398,TLR-8421,462.61,cash withdrawal,CAD
CA00016095,2025-02-15,BR037,C503329,TLR-6035,1110.58,cash withdrawal,CAD
CA00014263,2025-02-08,BR029,C500990,TLR-9035,777.93,cash withdrawal,CAD
CA00009903,2025-02-21,BR006,C501071,TLR-2629,1461.91,cash withdrawal,CAD
CA00012265,2025-02-28,BR018,C503204,TLR-2867,1178.76,cash deposit,CAD
CA00009636,2025-02-03,BR004,C501874,TLR-8212,1665.72,cash withdrawal,CAD
CA00013017,2025-02-16,BR022,C500909,TLR-8178,820.57,cash deposit,CAD
CA00016098,2025-02-14,BR037,C501150,TLR-5941,484.6,cash withdrawal,CAD
CA00013943,2025-02-06,BR027,C500782,TLR-5145,2546.22,cash deposit,CAD
CA00011755,2025-02-04,BR016,C503398,TLR-4722,1510.94,cash withdrawal,CAD
CA00016303,2025-02-20,BR038,C502782,TLR-2956,2060.58,cash deposit,CAD
CA00017242,2025-02-02,BR040,C503335,TLR-6407,1156.99,cash withdrawal,CAD
CA00014025,2025-02-26,BR027,C502295,TLR-6295,512.72,cash withdrawal,CAD
CA00010429,2025-02-11,BR008,C501092,TLR-4081,1357.78,cash deposit,CAD
CA00011671,2025-02-22,BR015,C503622,TLR-6738,1894.69,cash deposit,CAD
CA00017291,2025-02-10,BR040,C500647,TLR-2348,1193.35,cash withdrawal,CAD
CA00017467,2025-02-16,BR040,C500360,TLR-3035,984.89,cash withdrawal,CAD
CA00017315,2025-02-18,BR040,C501604,TLR-3130,142.28,cash withdrawal,CAD
CA00015926,2025-02-08,BR036,C502072,TLR-9550,2305.05,cash deposit,CAD
CA00016712,2025-02-14,BR040,C501989,TLR-5234,1475.16,cash withdrawal,CAD
CA00011265,2025-02-09,BR014,C502317,TLR-2234,153.66,cash deposit,CAD
CA00011730,2025-02-27,BR016,C501581,TLR-1307,1064.61,cash withdrawal,CAD
CA00010812,2025-02-02,BR010,C501773,TLR-8866,783.81,cash deposit,CAD
CA00017388,2025-02-06,BR040,C501022,TLR-5096,788.96,cash deposit,CAD
CA00015570,2025-02-11,BR035,C501662,TLR-2819,823.75,cash deposit,CAD
CA00011234,2025-02-09,BR014,C500433,TLR-8186,1200.29,cash deposit,CAD
CA00010562,2025-02-13,BR009,C500041,TLR-3373,2353.38,cash deposit,CAD
CA00014740,2025-02-13,BR031,C502067,TLR-1489,1061.69,cash deposit,CAD
CA00009282,2025-02-26,BR003,C500508,TLR-1861,1437.33,cash deposit,CAD
CA00013297,2025-02-08,BR024,C502672,TLR-6987,1866.23,cash deposit,CAD
CA00015881,2025-02-21,BR036,C500349,TLR-9064,778.75,cash withdrawal,CAD
CA00011315,2025-02-04,BR014,C501554,TLR-1904,1261.33,cash withdrawal,CAD
CA00015440,2025-02-26,BR034,C502563,TLR-3090,436.95,cash withdrawal,CAD
CA00010685,2025-02-02,BR010,C502290,TLR-3384,1653.01,cash withdrawal,CAD
CA00008804,2025-02-07,BR001,C501861,TLR-7177,1696.65,cash deposit,CAD
CA00015081,2025-02-27,BR032,C500086,TLR-9704,1533.43,cash deposit,CAD
CA00012535,2025-02-16,BR019,C501197,TLR-4893,639.57,cash deposit,CAD
CA00016682,2025-02-24,BR040,C500106,TLR-7352,1762.24,cash withdrawal,CAD
CA00014711,2025-02-23,BR030,C500153,TLR-9015,684.35,cash deposit,CAD
CA00015992,2025-02-27,BR037,C503429,TLR-9936,1943.16,cash deposit,CAD
CA00015399,2025-02-12,BR034,C503219,TLR-9696,879.14,cash deposit,CAD
CA00015683,2025-02-02,BR035,C503365,TLR-2097,476.54,cash withdrawal,CAD
CA00014457,2025-02-18,BR030,C502807,TLR-1610,684.5,cash withdrawal,CAD
CA00013454,2025-02-13,BR025,C502217,TLR-6534,537.45,cash deposit,CAD
CA00012896,2025-02-07,BR021,C500147,TLR-2503,2134.11,cash deposit,CAD
CA00010894,2025-02-14,BR011,C502068,TLR-4848,866.48,cash deposit,CAD
CA00012673,2025-02-12,BR020,C503407,TLR-5083,262.29,cash withdrawal,USD
CA00014260,2025-02-13,BR029,C503034,TLR-8260,1391.54,cash withdrawal,CAD
CA00009977,2025-02-17,BR006,C502925,TLR-7730,1294.82,cash withdrawal,CAD
CA00016123,2025-02-26,BR037,C501537,TLR-7318,642.64,cash deposit,CAD
CA00016687,2025-02-02,BR040,C500646,TLR-4966,990.24,cash withdrawal,CAD
CA00017356,2025-02-01,BR040,C502889,TLR-9716,1306.19,cash withdrawal,CAD
CA00009437,2025-02-23,BR004,C501896,TLR-4654,1351.38,cash withdrawal,CAD
CA00013435,2025-02-20,BR025,C501419,TLR-9825,-774.39,cash withdrawal,CAD
CA00014597,2025-02-12,BR030,C501743,TLR-6312,1254.69,cash deposit,CAD
CA00009934,2025-02-15,BR006,C501611,TLR-1943,527.27,cash withdrawal,CAD
CA00014129,2025-02-14,BR028,C500460,TLR-4544,922.71,cash withdrawal,CAD
CA00009776,2025-02-11,BR006,C500246,TLR-1813,513.41,cash withdrawal,CAD
CA00013717,2025-02-10,BR026,C500039,TLR-3954,-2942.67,cash withdrawal,CAD
CA00014012,2025-02-25,BR027,C503812,TLR-2017,142.58,cash withdrawal,CAD
CA00011011,2025-02-04,BR012,C502983,TLR-2463,1405.01,cash withdrawal,CAD
CA00014387,2025-02-05,BR029,C500413,TLR-1179,2472.08,cash deposit,CAD
CA00017666,2025-02-25,BR040,C502414,TLR-1837,1421.94,cash withdrawal,CAD
CA00012665,2025-02-19,BR020,C502802,TLR-8745,878.43,cash withdrawal,USD
CA00012063,2025-02-16,BR017,C502639,TLR-3441,354.39,cash deposit,CAD
CA00011704,2025-02-13,BR015,C502959,TLR-6425,345.8,cash deposit,CAD
CA00014316,2025-02-13,BR029,C502907,TLR-8172,1303.37,cash deposit,CAD
CA00017464,2025-02-01,BR040,C501652,TLR-6027,1020.94,cash withdrawal,CAD
CA00010995,2025-02-05,BR012,C502178,TLR-7461,2381.72,cash withdrawal,CAD
CA00011243,2025-02-04,BR014,C500643,TLR-5560,599.07,cash deposit,CAD
CA00011725,2025-02-01,BR016,C501949,TLR-1903,1414.3,cash withdrawal,CAD
CA00015470,2025-02-01,BR035,C503166,TLR-2596,363.55,cash deposit,CAD
CA00008752,2025-02-28,BR001,C500138,TLR-6090,744.99,cash withdrawal,CAD
CA00017547,2025-02-09,BR040,C501310,TLR-4668,779.73,cash withdrawal,CAD
CA00017409,2025-02-04,BR040,C501948,TLR-6111,675.32,cash withdrawal,CAD
CA00015125,2025-02-10,BR033,C501616,TLR-2523,254.03,cash deposit,CAD
CA00012493,2025-02-23,BR019,C503653,TLR-6527,958.73,cash withdrawal,CAD
CA00013750,2025-02-07,BR026,C501931,TLR-7567,891.42,cash deposit,CAD
CA00014738,2025-02-16,BR031,C503665,TLR-6193,631.74,cash withdrawal,CAD
CA00010939,2025-02-07,BR012,C501045,TLR-6189,312.08,cash withdrawal,CAD
CA00012942,2025-02-28,BR021,C501913,TLR-1300,663.6,cash deposit,CAD
CA00011938,2025-02-26,BR016,C500453,TLR-7995,804.57,cash withdrawal,CAD
CA00017167,2025-02-13,BR040,C503754,TLR-2062,830.81,cash withdrawal,CAD
CA00011291,2025-02-17,BR014,C501648,TLR-6047,801.59,cash withdrawal,CAD
CA00013681,2025-02-02,BR026,C500419,TLR-1243,444.63,cash deposit,CAD
CA00013260,2025-02-14,BR024,C503895,TLR-2670,2325.02,cash withdrawal,CAD
CA00010086,2025-02-12,BR007,C501250,TLR-7570,147.15,cash deposit,CAD
CA00011679,2025-02-12,BR015,C502936,TLR-8654,196.38,cash deposit,CAD
CA00010138,2025-02-25,BR007,C501317,TLR-4255,726.7,cash withdrawal,CAD
CA00012123,2025-02-23,BR017,C501165,TLR-2262,959.31,cash withdrawal,CAD
CA00016145,2025-02-05,BR037,C501223,TLR-8260,808.4,cash deposit,CAD
CA00017500,2025-02-06,BR040,C503425,TLR-4789,1478.61,cash withdrawal,CAD
CA00011311,2025-02-13,BR014,C501473,TLR-1509,412.02,cash withdrawal,CAD
CA00012297,2025-02-16,BR018,C502797,TLR-5083,943.67,cash withdrawal,CAD
CA00016568,2025-02-20,BR039,C501469,TLR-5786,2011.09,cash deposit,CAD
CA00010538,2025-02-10,BR009,C503919,TLR-6971,1205.39,cash deposit,CAD
CA00014793,2025-02-25,BR031,C501678,TLR-9129,1815.2,cash withdrawal,CAD
CA00014060,2025-02-18,BR027,C500569,TLR-2648,375.59,cash withdrawal,CAD
CA00016565,2025-02-10,BR039,C500877,TLR-1816,1195.93,cash deposit,CAD
CA00009638,2025-02-03,BR004,C502695,TLR-8507,795.24,cash deposit,CAD
CA00016483,2025-02-26,BR039,C503459,TLR-4782,743.26,cash deposit,CAD
CA00010787,2025-02-22,BR010,C501724,TLR-7789,948.26,cash deposit,CAD
CA00013661,2025-02-04,BR025,C502868,TLR-8015,446.38,cash deposit,CAD
CA00012762,2025-02-05,BR020,C502663,TLR-7280,877.21,cash deposit,USD
CA00009722,2025-02-15,BR005,C503290,TLR-1354,1192.95,cash deposit,CAD
CA00017026,2025-02-07,BR040,C502607,TLR-6751,231.4,cash withdrawal,CAD
CA00012537,2025-02-27,BR019,C502563,TLR-9500,1044.74,cash deposit,CAD
CA00015800,2025-02-01,BR036,C502996,TLR-1582,344.47,cash deposit,CAD
CA00010474,2025-02-22,BR008,C503643,TLR-7085,538.64,cash withdrawal,CAD
CA00009289,2025-02-15,BR003,C502053,TLR-4957,462.55,cash deposit,CAD
CA00009612,2025-02-28,BR004,C503768,TLR-2407,349.56,cash deposit,CAD
CA00010922,2025-02-19,BR012,C501130,TLR-4357,1498.9,cash withdrawal,CAD
CA00015839,2025-02-09,BR036,C503362,TLR-2442,2965.78,cash withdrawal,CAD
CA00014073,2025-02-24,BR027,C503574,TLR-8994,1003.27,cash withdrawal,CAD
CA00014485,2025-02-08,BR030,C501494,TLR-1036,563.08,cash deposit,CAD
CA00013525,2025-02-26,BR025,C503606,TLR-8024,946.68,cash deposit,CAD
CA00010831,2025-02-06,BR010,C503841,TLR-3376,631.14,cash withdrawal,CAD
CA00012209,2025-02-10,BR018,C501647,TLR-3574,1243.31,cash deposit,CAD
CA00012278,2025-02-05,BR018,C500003,TLR-7362,1748.85,cash deposit,CAD
CA00009445,2025-02-06,BR004,C500892,TLR-5346,1322.34,cash deposit,CAD
CA00014752,2025-02-18,BR031,C500043,TLR-3803,589.34,cash deposit,CAD
CA00016395,2025-02-04,BR038,C502388,TLR-2125,690.16,cash deposit,CAD
CA00017355,2025-02-06,BR040,C500513,TLR-5285,536.95,cash deposit,CAD
CA00017535,2025-02-20,BR040,C501605,TLR-6463,937.54,cash withdrawal,CAD
CA00010794,2025-02-02,BR010,C500904,TLR-6737,950.49,cash deposit,CAD
CA00015678,2025-02-22,BR035,C500675,TLR-5196,796.88,cash deposit,CAD
CA00013865,2025-02-04,BR026,C502085,TLR-8786,-1383.54,cash withdrawal,CAD
CA00016609,2025-02-10,BR039,C502118,TLR-6980,1230.92,cash deposit,CAD
CA00010548,2025-02-21,BR009,C500029,TLR-2978,1970.08,cash deposit,CAD
CA00016081,2025-02-10,BR037,C502295,TLR-4542,592.52,cash deposit,CAD
CA00013593,2025-02-28,BR025,C502457,TLR-1351,-602.81,cash withdrawal,CAD
CA00014137,2025-02-12,BR028,C502745,TLR-3088,1222.62,cash withdrawal,CAD
CA00012588,2025-02-12,BR019,C502778,TLR-4291,1190.63,cash deposit,CAD
CA00009662,2025-02-08,BR004,C503987,TLR-4640,879.41,cash withdrawal,CAD
CA00016636,2025-02-08,BR039,C502330,TLR-5281,216.89,cash withdrawal,CAD
CA00017005,2025-02-02,BR040,C503350,TLR-5691,938.98,cash withdrawal,CAD
CA00009052,2025-02-23,BR002,C501976,TLR-3681,1698.93,cash deposit,CAD
CA00011253,2025-02-13,BR014,C501668,TLR-2601,604.49,cash deposit,CAD
CA00012070,2025-02-21,BR017,C503152,TLR-2711,1129.87,cash deposit,CAD
CA00013651,2025-02-22,BR025,C500124,TLR-8810,-1306.64,cash withdrawal,CAD
CA00017115,2025-02-04,BR040,C500932,TLR-9907,1029.95,cash withdrawal,CAD
CA00010956,2025-02-03,BR012,C503040,TLR-6405,2116.5,cash withdrawal,CAD
CA00012341,2025-02-15,BR019,C503194,TLR-8737,2162.77,cash withdrawal,CAD
CA00013431,2025-02-01,BR024,C503636,TLR-1694,1652.43,cash withdrawal,CAD
CA00015726,2025-02-03,BR036,C502152,TLR-7885,817.8,cash withdrawal,CAD
CA00013270,2025-02-19,BR024,C502968,TLR-7405,936.14,cash withdrawal,CAD
CA00014835,2025-02-19,BR031,C502215,TLR-7316,477.42,cash withdrawal,CAD
CA00011309,2025-02-18,BR014,C501995,TLR-2447,1068.75,cash withdrawal,CAD
CA00014219,2025-02-04,BR028,C503752,TLR-9971,382.4,cash withdrawal,CAD
CA00010661,2025-02-12,BR010,C500806,TLR-3985,580.26,cash deposit,CAD
CA00013706,2025-02-20,BR026,C501325,TLR-5146,-717.72,cash withdrawal,CAD
CA00008985,2025-02-13,BR001,C503804,TLR-4016,790.12,cash deposit,CAD
CA00013221,2025-02-06,BR024,C500199,TLR-9449,859.13,cash withdrawal,CAD
CA00008890,2025-02-27,BR001,C502180,TLR-4334,432.98,cash deposit,CAD
CA00016378,2025-02-24,BR038,C501360,TLR-6550,189.04,cash deposit,CAD
CA00009766,2025-02-28,BR006,C503345,TLR-3932,563.35,cash deposit,CAD
CA00009888,2025-02-15,BR006,C500183,TLR-1361,2063.74,cash withdrawal,CAD
CA00014642,2025-02-04,BR030,C501541,TLR-2593,1234.04,cash withdrawal,CAD
CA00016831,2025-02-05,BR040,C502136,TLR-6794,557.24,cash withdrawal,CAD
CA00010945,2025-02-07,BR012,C500376,TLR-7376,492.18,cash deposit,CAD
CA00011940,2025-02-03,BR016,C500222,TLR-6106,800.83,cash deposit,CAD
CA00013806,2025-02-19,BR026,C501550,TLR-9406,-720.31,cash withdrawal,CAD
CA00015793,2025-02-04,BR036,C500359,TLR-3039,1567.37,cash deposit,CAD
CA00012208,2025-02-14,BR018,C500805,TLR-1413,1516.8,cash withdrawal,CAD
CA00013165,2025-02-11,BR024,C502531,TLR-7682,554.93,cash withdrawal,CAD
CA00016298,2025-02-22,BR038,C500785,TLR-6806,2522.91,cash deposit,CAD
CA00010983,2025-02-23,BR012,C500929,TLR-6284,761.4,cash withdrawal,CAD
CA00014788,2025-02-05,BR031,C501226,TLR-8817,2377.05,cash withdrawal,CAD
CA00008821,2025-02-13,BR001,C503585,TLR-8184,990.56,cash deposit,CAD
CA00012626,2025-02-07,BR020,C501849,TLR-4934,971.14,cash deposit,USD
CA00009843,2025-02-02,BR006,C500560,TLR-7925,1408.34,cash withdrawal,CAD
CA00012895,2025-02-27,BR021,C500554,TLR-8687,1592.2,cash withdrawal,CAD
CA00009013,2025-02-14,BR002,C501695,TLR-3938,4395.95,cash deposit,CAD
CA00013778,2025-02-01,BR026,C503319,TLR-1508,-1398.63,cash withdrawal,CAD
CA00011702,2025-02-12,BR015,C500312,TLR-4642,1322.79,cash deposit,CAD
CA00053288,2025-02-03,BR036,W963745,TLR-6161,416.62,cash deposit,CAD
CA00013161,2025-02-26,BR023,C502544,TLR-2339,624.3,cash deposit,CAD
CA00010119,2025-02-17,BR007,C500372,TLR-2053,2104.22,cash withdrawal,CAD
CA00010717,2025-02-28,BR010,C500147,TLR-2728,350.23,cash deposit,CAD
CA00009914,2025-02-18,BR006,C503003,TLR-7088,1736.0,cash deposit,CAD
CA00010055,2025-02-25,BR006,C503159,TLR-2548,2127.85,cash deposit,CAD
CA00014519,2025-02-05,BR030,C502084,TLR-6538,1799.37,cash withdrawal,CAD
CA00017051,2025-02-20,BR040,C501056,TLR-7697,1163.49,cash withdrawal,CAD
CA00014303,2025-02-25,BR029,C500444,TLR-9749,695.86,cash deposit,CAD
CA00017160,2025-02-13,BR040,C502157,TLR-8206,1889.74,cash deposit,CAD
CA00016252,2025-02-26,BR037,C503502,TLR-1400,1229.23,cash withdrawal,CAD
CA00014896,2025-02-17,BR031,C502238,TLR-5104,470.2,cash deposit,CAD
CA00009601,2025-02-02,BR004,C503314,TLR-9155,1697.4,cash deposit,CAD
CA00017094,2025-02-16,BR040,C503227,TLR-7032,381.2,cash withdrawal,CAD
CA00015547,2025-02-11,BR035,C502475,TLR-1830,589.41,cash deposit,CAD
CA00015323,2025-02-03,BR034,C500581,TLR-4607,899.32,cash withdrawal,CAD
CA00009688,2025-02-15,BR005,C503310,TLR-5328,5495.39,cash withdrawal,CAD
CA00011960,2025-02-11,BR017,C503738,TLR-1475,446.48,cash deposit,CAD
CA00012331,2025-02-27,BR019,C503779,TLR-4814,2998.89,cash withdrawal,CAD
CA00010245,2025-02-05,BR007,C502245,TLR-9162,1795.69,cash deposit,CAD
CA00013998,2025-02-22,BR027,C500143,TLR-4331,931.34,cash withdrawal,CAD
CA00010438,2025-02-16,BR008,C502831,TLR-4596,2121.34,cash withdrawal,CAD
CA00008889,2025-02-05,BR001,C500658,TLR-6290,110.98,cash deposit,CAD
CA00011064,2025-02-05,BR012,C503142,TLR-6126,1150.15,cash withdrawal,CAD
CA00014228,2025-02-26,BR028,C500989,TLR-8943,1356.67,cash deposit,CAD
CA00016973,2025-02-05,BR040,C502100,TLR-1718,510.4,cash deposit,CAD
CA00008939,2025-02-28,BR001,C502512,TLR-2880,789.99,cash withdrawal,CAD
CA00017296,2025-02-24,BR040,C500032,TLR-5888,2319.13,cash withdrawal,CAD
CA00016830,2025-02-03,BR040,C503397,TLR-9630,1894.73,cash deposit,CAD
CA00013708,2025-02-25,BR026,C502639,TLR-1885,300.89,cash deposit,CAD
CA00011858,2025-02-25,BR016,C503008,TLR-4693,1458.57,cash withdrawal,CAD
CA00016468,2025-02-14,BR039,C503370,TLR-6391,858.18,cash withdrawal,CAD
CA00010932,2025-02-08,BR012,C500055,TLR-8659,1421.44,cash deposit,CAD
CA00010759,2025-02-23,BR010,C501298,TLR-1907,1370.4,cash deposit,CAD
CA00014963,2025-02-06,BR031,C503402,TLR-1950,581.7,cash withdrawal,CAD
CA00008911,2025-02-18,BR001,C503363,TLR-1704,1285.89,cash withdrawal,CAD
CA00014911,2025-02-23,BR031,C501294,TLR-3245,1305.35,cash withdrawal,CAD
CA00012788,2025-02-09,BR021,C501553,TLR-5634,861.43,cash withdrawal,CAD
CA00010793,2025-02-10,BR010,C500283,TLR-8022,257.95,cash withdrawal,CAD
CA00016004,2025-02-18,BR037,C500777,TLR-7817,858.47,cash deposit,CAD
CA00016849,2025-02-25,BR040,C500976,TLR-4005,897.58,cash deposit,CAD
CA00014662,2025-02-20,BR030,C502115,TLR-1524,2978.69,cash deposit,CAD
CA00015434,2025-02-26,BR034,C501192,TLR-5548,1577.0,cash deposit,CAD
CA00010821,2025-02-19,BR010,C500099,TLR-6951,521.26,cash withdrawal,CAD
CA00015949,2025-02-14,BR036,C503141,TLR-8033,1430.37,cash deposit,CAD
CA00013038,2025-02-16,BR022,C500157,TLR-3741,1043.06,cash deposit,CAD
CA00015682,2025-02-16,BR035,C503298,TLR-1310,339.24,cash deposit,CAD
CA00013869,2025-02-07,BR026,C502115,TLR-1985,936.33,cash deposit,CAD
CA00013940,2025-02-17,BR027,C500258,TLR-3097,1300.38,cash deposit,CAD
CA00009574,2025-02-09,BR004,C503249,TLR-4543,1115.21,cash deposit,CAD
CA00012701,2025-02-17,BR020,C501178,TLR-8665,836.62,cash withdrawal,USD
CA00009982,2025-02-14,BR006,C500942,TLR-9933,642.94,cash deposit,CAD
CA00008838,2025-02-06,BR001,C502972,TLR-8264,502.57,cash withdrawal,CAD
CA00013915,2025-02-03,BR027,C502705,TLR-8571,762.46,cash withdrawal,CAD
CA00010859,2025-02-08,BR011,C501525,TLR-8687,725.65,cash withdrawal,CAD
CA00016070,2025-02-17,BR037,C503507,TLR-7043,748.88,cash withdrawal,CAD
CA00017202,2025-02-01,BR040,C501273,TLR-9616,585.38,cash withdrawal,CAD
CA00017295,2025-02-10,BR040,C501914,TLR-5041,650.63,cash withdrawal,CAD
CA00014240,2025-02-27,BR028,C502461,TLR-4077,926.18,cash withdrawal,CAD
CA00011428,2025-02-06,BR015,C501724,TLR-1566,392.43,cash withdrawal,CAD
CA00012087,2025-02-13,BR017,C500611,TLR-9676,884.44,cash deposit,CAD
CA00009166,2025-02-14,BR002,C501788,TLR-2591,268.31,cash deposit,CAD
CA00017200,2025-02-08,BR040,C502541,TLR-5646,429.32,cash withdrawal,CAD
CA00012053,2025-02-18,BR017,C502984,TLR-5202,972.95,cash deposit,CAD
CA00014463,2025-02-21,BR030,C503845,TLR-3959,219.58,cash deposit,CAD
CA00012593,2025-02-12,BR020,C500239,TLR-2646,3135.93,cash deposit,USD
CA00016530,2025-02-03,BR039,C501679,TLR-2566,1334.95,cash deposit,CAD
CA00014792,2025-02-10,BR031,C501903,TLR-5190,927.51,cash withdrawal,CAD
CA00009151,2025-02-28,BR002,C501962,TLR-9214,1367.52,cash deposit,CAD
CA00013818,2025-02-17,BR026,C500763,TLR-4101,510.13,cash deposit,CAD
CA00010326,2025-02-15,BR008,C500674,TLR-7695,475.37,cash deposit,CAD
CA00011796,2025-02-14,BR016,C502416,TLR-1205,1179.63,cash deposit,CAD
CA00015326,2025-02-07,BR034,C500792,TLR-4241,2179.49,cash withdrawal,CAD
CA00012086,2025-02-07,BR017,C503282,TLR-9048,568.52,cash deposit,CAD
CA00012216,2025-02-05,BR018,C500729,TLR-8159,577.24,cash withdrawal,CAD
CA00011524,2025-02-01,BR015,C503043,TLR-6576,1933.36,cash withdrawal,CAD
CA00009400,2025-02-01,BR003,C502343,TLR-9394,2768.77,cash deposit,CAD
CA00017518,2025-02-13,BR040,C501411,TLR-9265,1152.04,cash withdrawal,CAD
CA00016208,2025-02-19,BR037,C503943,TLR-1814,1811.43,cash deposit,CAD
CA00014635,2025-02-17,BR030,C502154,TLR-9101,1833.21,cash deposit,CAD
CA00013945,2025-02-04,BR027,C502578,TLR-1653,606.44,cash withdrawal,CAD
CA00010875,2025-02-07,BR011,C500212,TLR-3566,692.17,cash deposit,CAD
CA00017306,2025-02-10,BR040,C502646,TLR-7079,3224.88,cash deposit,CAD
CA00015989,2025-02-16,BR037,C501241,TLR-8824,1253.6,cash withdrawal,CAD
CA00012780,2025-02-09,BR021,C500670,TLR-4716,831.88,cash withdrawal,CAD
CA00010698,2025-02-01,BR010,C503006,TLR-2784,616.47,cash withdrawal,CAD
CA00012749,2025-02-28,BR020,C500369,TLR-7850,397.78,cash withdrawal,USD
CA00011222,2025-02-25,BR013,C500605,TLR-6553,867.97,cash deposit,CAD
CA00014162,2025-02-01,BR028,C503347,TLR-3170,1306.01,cash deposit,CAD
CA00013939,2025-02-27,BR027,C500195,TLR-9693,484.01,cash deposit,CAD
CA00016150,2025-02-20,BR037,C501590,TLR-5406,1240.83,cash withdrawal,CAD
CA00017319,2025-02-22,BR040,C502412,TLR-5080,3787.13,cash withdrawal,CAD
CA00015891,2025-02-01,BR036,C502944,TLR-3195,1989.08,cash deposit,CAD
CA00008764,2025-02-09,BR001,C501544,TLR-5281,1678.16,cash deposit,CAD
CA00016948,2025-02-05,BR040,C502478,TLR-2112,842.99,cash withdrawal,CAD
CA00009417,2025-02-22,BR003,C500561,TLR-9294,585.24,cash deposit,CAD
CA00017374,2025-02-14,BR040,C501648,TLR-1950,700.56,cash withdrawal,CAD
CA00010469,2025-02-13,BR008,C502913,TLR-3526,934.35,cash withdrawal,CAD
CA00014143,2025-02-18,BR028,C500451,TLR-9438,421.31,cash deposit,CAD
CA00016937,2025-02-11,BR040,C502134,TLR-1642,1392.15,cash deposit,CAD
CA00016035,2025-02-16,BR037,C500740,TLR-8249,1733.83,cash deposit,CAD
CA00010445,2025-02-07,BR008,C500617,TLR-7851,1196.78,cash withdrawal,CAD
CA00015330,2025-02-09,BR034,C501533,TLR-7985,1014.89,cash withdrawal,CAD
CA00009181,2025-02-09,BR003,C501215,TLR-9862,1709.16,cash withdrawal,CAD
CA00009869,2025-02-27,BR006,C503138,TLR-9884,719.19,cash deposit,CAD
CA00016333,2025-02-12,BR038,C502620,TLR-5088,1633.0,cash withdrawal,CAD
CA00010833,2025-02-22,BR010,C501031,TLR-4184,485.75,cash withdrawal,CAD
CA00011032,2025-02-24,BR012,C501421,TLR-2082,344.75,cash deposit,CAD
CA00013668,2025-02-23,BR026,C501201,TLR-1259,-955.26,cash withdrawal,CAD
CA00010724,2025-02-13,BR010,C502845,TLR-6720,100.87,cash deposit,CAD
CA00015200,2025-02-09,BR033,C501236,TLR-3712,595.25,cash withdrawal,CAD
CA00009666,2025-02-25,BR004,C502776,TLR-1010,1122.5,cash deposit,CAD
CA00013427,2025-02-07,BR024,C500863,TLR-6629,2159.96,cash deposit,CAD
CA00010068,2025-02-14,BR007,C503819,TLR-3301,372.3,cash deposit,CAD
CA00015934,2025-02-06,BR036,C502848,TLR-6706,985.47,cash deposit,CAD
CA00015012,2025-02-24,BR032,C503610,TLR-3817,560.59,cash withdrawal,CAD
CA00013290,2025-02-11,BR024,C502973,TLR-8015,1133.08,cash deposit,CAD
CA00016669,2025-02-03,BR040,C500753,TLR-1492,1481.13,cash withdrawal,CAD
CA00010163,2025-02-10,BR007,C500622,TLR-4327,2137.52,cash withdrawal,CAD
CA00009538,2025-02-18,BR004,C500771,TLR-5256,864.06,cash deposit,CAD
CA00017158,2025-02-19,BR040,C500109,TLR-5938,485.6,cash deposit,CAD
CA00013721,2025-02-15,BR026,C501063,TLR-1466,-658.53,cash withdrawal,CAD
CA00015940,2025-02-17,BR036,C502910,TLR-9484,373.98,cash deposit,CAD
CA00016286,2025-02-13,BR038,C501673,TLR-5290,355.94,cash withdrawal,CAD
CA00010185,2025-02-09,BR007,C501442,TLR-8052,1009.43,cash deposit,CAD
CA00014022,2025-02-18,BR027,C502967,TLR-3693,378.05,cash deposit,CAD
CA00017358,2025-02-10,BR040,C501925,TLR-3505,1366.42,cash withdrawal,CAD
CA00014166,2025-02-02,BR028,C501222,TLR-2116,1038.46,cash withdrawal,CAD
CA00016199,2025-02-13,BR037,C503493,TLR-1824,2534.94,cash deposit,CAD
CA00013334,2025-02-24,BR024,C503059,TLR-6043,347.72,cash deposit,CAD
CA00012250,2025-02-16,BR018,C500700,TLR-3373,2414.91,cash deposit,CAD
CA00013680,2025-02-19,BR026,C503001,TLR-8311,-298.15,cash withdrawal,CAD
CA00015454,2025-02-15,BR035,C503039,TLR-5335,1274.47,cash deposit,CAD
CA00009453,2025-02-26,BR004,C503362,TLR-3005,1011.87,cash deposit,CAD
CA00010441,2025-02-09,BR008,C502633,TLR-3801,459.67,cash withdrawal,CAD
