CustomerID,Name,AccountType,KYCRiskRating
C500001,Olivia Dubois,Personal,Low
C500002,Wei Nguyen,Business,Low
C500003,Andrew Miller,Personal,Medium
C500004,Joshua Scott,Personal,Medium
C500005,Amrit Allen,Personal,High
C500006,John Williams,Personal,Low
C500007,Joshua Clark,Joint,Medium
C500008,Jennifer White,Personal,Low
C500009,Sarah Williams,Personal,Medium
C500010,Priya Williams,Business,Low
C500011,Ashley Jones,Business,High
C500012,Michael Young,Personal,Low
C500013,Paul Miller,Personal,Low
C500014,Barbara Kim,Personal,Low
C500015,Elizabeth Gagnon,Business,Medium
C500016,Lisa Tremblay,Business,Medium
C500017,Kevin King,Personal,Low
C500018,Joshua Johnson,Personal,Medium
C500019,Chen Wilson,Personal,Low
C500020,Kevin Wright,Personal,Low
C500021,David Scott,Personal,Low
C500022,Daniel Martinez,Personal,Medium
C500023,Matthew Tremblay,Personal,High
C500024,Priya Patel,Personal,Low
C500025,Mark Wilson,Personal,Low
C500026,Priya Lee,Personal,Medium
C500027,Barbara Chan,Personal,High
C500028,Daniel Roy,Joint,High
C500029,Noah Miller,Joint,Low
C500030,David Kim,Personal,High
C500031,Mary Patel,Business,High
C500032,Steven King,Personal,Medium
C500033,David Chan,Personal,Medium
C500034,Anthony Green,Personal,Low
C500035,Jessica Williams,Personal,Low
C500036,Noah Scott,Personal,Low
C500037,Barbara Anderson,Business,Low
C500038,Joshua Kim,Business,Low
C500039,Michael Williams,Personal,Low
C500040,Fatima Gagnon,Business,High
C500041,Priya Smith,Personal,Low
C500042,Fatima Nguyen,Personal,Low
C500043,Barbara Williams,Business,High
C500044,Linda Johnson,Joint,Low
C500045,Jennifer Kim,Personal,Low
C500046,Sofia Roy,Personal,Medium
C500047,Noah Rodriguez,Personal,Low
C500048,Fatima Lewis,Business,High
C500049,Brian Lewis,Personal,Low
C500050,James Roy,Personal,Low
C500051,John Roy,Personal,Medium
C500052,Olivia Walker,Business,Medium
C500053,Joshua Moore,Personal,High
C500054,Robert Gagnon,Personal,Medium
C500055,Joshua Brown,Personal,Low
C500056,Sandra Allen,Personal,Low
C500057,Sofia Smith,Business,Low
C500058,Robert Young,Business,Low
C500059,Ashley Davis,Personal,Low
C500060,Daniel Anderson,Business,Low
C500061,Amrit Thompson,Personal,Low
C500062,Mary Thomas,Business,Medium
C500063,James Singh,Personal,Medium
C500064,Lisa Smith,Business,Low
C500065,Ashley Miller,Joint,Low
C500066,Barbara Harris,Joint,Low
C500067,Jennifer Roy,Personal,Low
C500068,Daniel Brown,Business,Low
C500069,Susan Wilson,Personal,Low
C500070,Brian Dubois,Business,Medium
C500071,Ashley Lee,Personal,Low
C500072,Noah Green,Personal,Low
C500073,Lisa Smith,Business,Low
C500074,Priya Brown,Personal,Medium
C500075,Mark Harris,Business,Low
C500076,Barbara Smith,Personal,Low
C500077,Chen Clark,Personal,Medium
C500078,Jessica Levesque,Personal,Low
C500079,Robert Moore,Business,Low
C500080,Betty Walker,Personal,High
C500081,Michael Patel,Personal,Medium
C500082,Sandra Lewis,Business,Low
C500083,Wei Thomas,Personal,Medium
C500084,Lisa Jones,Personal,Low
C500085,Matthew Rodriguez,Personal,Low
C500086,Amrit Harris,Business,Low
C500087,Sofia Nguyen,Business,Low
C500088,Robert Harris,Business,Low
C500089,Robert Patel,Personal,Medium
C500090,Susan Moore,Business,Low
C500091,Lisa Allen,Business,Medium
C500092,Jennifer Allen,Business,High
C500093,Robert Harris,Personal,Medium
C500094,John Patel,Personal,High
C500095,Patricia Wilson,Joint,Low
C500096,Olivia Dubois,Business,Low
C500097,Mary Anderson,Business,Medium
C500098,Sandra Patel,Business,Low
C500099,Liam Kim,Personal,Low
C500100,Olivia Martin,Business,Medium
C500101,James Martinez,Personal,Low
C500102,Noah Lewis,Personal,Low
C500103,James Garcia,Joint,High
C500104,Linda Levesque,Joint,Low
C500105,Susan Lewis,Personal,Low
C500106,Sandra Brown,Joint,Low
C500107,Mary Johnson,Personal,Low
C500108,Robert Young,Business,Medium
C500109,Elizabeth Jones,Personal,Low
C500110,Anthony Rodriguez,Personal,Medium
C500111,Emma Tremblay,Personal,Low
C500112,Paul Brown,Personal,Medium
C500113,Elizabeth Smith,Personal,Medium
C500114,Betty Garcia,Business,Low
C500115,Daniel Chan,Business,Medium
C500116,Jennifer Moore,Business,Low
C500117,Karen Tremblay,Business,High
C500118,Betty Miller,Personal,Low
C500119,Ashley Harris,Business,Low
C500120,Daniel Lewis,Business,Low
C500121,Matthew Davis,Business,Medium
C500122,Sarah Nguyen,Personal,Low
C500123,Betty Johnson,Personal,Medium
C500124,Sofia Anderson,Business,Low
C500125,Mary Gagnon,Business,Low
C500126,Priya Robinson,Personal,Medium
C500127,Noah Singh,Personal,Low
C500128,Noah Scott,Personal,Low
C500129,Ashley Lewis,Personal,Low
C500130,Sofia Harris,Personal,Low
C500131,Barbara Garcia,Business,Low
C500132,David Martinez,Personal,Low
C500133,Steven Martinez,Business,Low
C500134,Joshua Walker,Personal,Low
C500135,Joshua Levesque,Personal,Medium
C500136,Elizabeth Patel,Business,High
C500137,Robert King,Personal,High
C500138,David Lee,Joint,Low
C500139,Ashley Levesque,Business,Low
C500140,Joshua Brown,Joint,Low
C500141,Paul King,Personal,Low
C500142,Emma Smith,Personal,Low
C500143,Jessica Patel,Personal,Medium
C500144,Ashley Clark,Joint,Low
C500145,Lisa Chan,Joint,High
C500146,Mark Wright,Personal,High
C500147,Lisa Dubois,Personal,Low
C500148,Nancy Brown,Personal,High
C500149,Mark Williams,Personal,Medium
C500150,Nancy Kim,Personal,Low
C500151,Mark Martinez,Personal,Low
C500152,Lisa Smith,Personal,Low
C500153,Karen Chan,Joint,Medium
C500154,Linda Miller,Personal,Medium
C500155,Nancy Patel,Business,Low
C500156,Betty Singh,Joint,Medium
C500157,Mark Tremblay,Personal,Low
C500158,Noah Anderson,Personal,Medium
C500159,Karen Patel,Personal,Low
C500160,Karen Wilson,Personal,Low
C500161,Chen Scott,Business,Low
C500162,Mark Clark,Joint,Medium
C500163,Anthony Williams,Personal,High
C500164,Ashley Rodriguez,Personal,Low
C500165,Sarah Garcia,Business,Medium
C500166,Paul Martinez,Personal,Low
C500167,Joshua Thompson,Personal,Medium
C500168,Wei Tremblay,Personal,High
C500169,Elizabeth Clark,Joint,Low
C500170,Kevin Thompson,Personal,Medium
C500171,Daniel Gagnon,Joint,Medium
C500172,David Taylor,Personal,Low
C500173,Karen Thompson,Joint,Low
C500174,Sofia Miller,Personal,Medium
C500175,Sofia Nguyen,Personal,Low
C500176,Jennifer Dubois,Joint,Medium
C500177,Mark Davis,Personal,Medium
C500178,Chen Wright,Business,Medium
C500179,Linda King,Personal,Low
C500180,Sandra Harris,Personal,Low
C500181,Fatima Gagnon,Joint,High
C500182,Michael Taylor,Joint,Low
C500183,Robert Singh,Personal,Low
C500184,Patricia Taylor,Business,Medium
C500185,Priya Miller,Personal,Medium
C500186,Brian Kim,Joint,Low
C500187,Lisa Scott,Personal,Low
C500188,Amrit Allen,Business,Medium
C500189,Matthew Williams,Personal,Low
C500190,Mary Chan,Business,High
C500191,Paul Allen,Business,Low
C500192,Nancy Wilson,Business,Medium
C500193,Priya Allen,Joint,High
C500194,Sarah Rodriguez,Personal,Medium
C500195,John Johnson,Business,Medium
C500196,Chen Dubois,Personal,Medium
C500197,Mark Kim,Personal,Low
C500198,Nancy Smith,Personal,Medium
C500199,Robert Patel,Business,Low
C500200,Noah Green,Personal,Low
C500201,Amrit Taylor,Personal,Low
C500202,Steven Williams,Personal,Low
C500203,Kevin White,Personal,Low
C500204,Nancy Walker,Business,Low
C500205,Sandra Scott,Personal,Low
C500206,Betty Walker,Personal,Low
C500207,Nancy Dubois,Personal,Low
C500208,Wei Miller,Personal,Low
C500209,Barbara Young,Personal,Low
C500210,Sarah Garcia,Business,Medium
C500211,Betty Lee,Business,Low
C500212,Brian Singh,Personal,Medium
C500213,Barbara Robinson,Personal,Low
C500214,Olivia Williams,Personal,High
C500215,Sandra Rodriguez,Personal,Low
C500216,Susan King,Personal,Low
C500217,Emma Brown,Personal,Low
C500218,Linda White,Personal,Medium
C500219,Steven King,Joint,Low
C500220,Michael Anderson,Business,Low
C500221,Noah Thomas,Personal,Low
C500222,Joshua Tremblay,Personal,Low
C500223,Noah Smith,Personal,Low
C500224,Steven Nguyen,Business,Medium
C500225,Wei Walker,Personal,Medium
C500226,Amrit Gagnon,Business,Low
C500227,Noah Levesque,Joint,Low
C500228,Jessica Robinson,Business,Medium
C500229,Nancy Smith,Personal,Medium
C500230,Daniel Rodriguez,Personal,Low
C500231,Anthony Thomas,Personal,Medium
C500232,Sarah Levesque,Personal,Low
C500233,Olivia Rodriguez,Personal,Medium
C500234,Noah Williams,Personal,Low
C500235,Fatima Clark,Joint,Low
C500236,Mary Scott,Business,Medium
C500237,Nancy Patel,Personal,Low
C500238,Liam Dubois,Joint,Medium
C500239,Matthew Anderson,Business,Low
C500240,David Thomas,Business,High
C500241,Joshua Walker,Business,High
C500242,Michael Levesque,Personal,Low
C500243,Elizabeth Green,Personal,Low
C500244,Noah Thompson,Personal,Low
C500245,Jennifer Williams,Joint,Medium
C500246,Noah Levesque,Personal,Low
C500247,James Martinez,Business,Low
C500248,Susan Davis,Personal,Medium
C500249,Noah Wright,Personal,High
C500250,Patricia Anderson,Business,Low
C500251,Andrew Anderson,Personal,Low
C500252,Karen Harris,Business,Medium
C500253,Sarah Thompson,Personal,Low
C500254,Sofia Martin,Personal,Low
C500255,Liam Young,Joint,Low
C500256,Joshua Moore,Personal,Medium
C500257,Emma Martinez,Personal,High
C500258,Betty Miller,Personal,Low
C500259,Liam Miller,Business,Low
C500260,James Brown,Personal,High
C500261,Linda Chan,Personal,Low
C500262,Mary Levesque,Personal,Medium
C500263,Matthew Gagnon,Business,Low
C500264,Barbara Lewis,Business,Medium
C500265,David Lee,Personal,Medium
C500266,Nancy Kim,Business,Low
C500267,Priya Tremblay,Joint,Low
C500268,Elizabeth Martin,Personal,Low
C500269,Liam Kim,Personal,High
C500270,Fatima Thompson,Business,Low
C500271,Nancy King,Personal,Medium
C500272,Olivia Dubois,Business,Low
C500273,Daniel Patel,Personal,Low
C500274,Elizabeth Garcia,Business,Medium
C500275,Mary Harris,Business,Low
C500276,Anthony Martin,Business,Medium
C500277,Paul Garcia,Personal,Low
C500278,Michael Brown,Business,Low
C500279,Kevin Harris,Personal,Medium
C500280,Steven Young,Personal,Low
C500281,John Patel,Personal,Low
C500282,John Green,Joint,Low
C500283,Ashley Walker,Personal,Low
C500284,Chen Brown,Personal,Low
C500285,Noah Davis,Personal,Low
C500286,Paul Rodriguez,Business,Low
C500287,Barbara Dubois,Personal,Low
C500288,Amrit Brown,Business,Medium
C500289,Sarah Garcia,Personal,Low
C500290,Mark Jones,Business,Low
C500291,Robert Thomas,Business,High
C500292,Robert Smith,Business,Medium
C500293,Mary Davis,Personal,Medium
C500294,Fatima Johnson,Business,Low
C500295,Linda Gagnon,Business,Medium
C500296,Joshua Thomas,Business,Low
C500297,Daniel Clark,Business,Medium
C500298,Kevin Kim,Personal,High
C500299,Elizabeth White,Personal,Low
C500300,David Clark,Personal,Medium
C500301,Mary Williams,Personal,Medium
C500302,Lisa Clark,Personal,Low
C500303,Liam Johnson,Personal,Medium
C500304,Robert Anderson,Personal,Medium
C500305,John Nguyen,Business,Low
C500306,Karen Martin,Personal,Low
C500307,Emma Allen,Business,Low
C500308,Emma Young,Personal,Medium
C500309,James Green,Personal,Low
C500310,Jessica Miller,Business,Medium
C500311,Sarah Taylor,Business,Low
C500312,Olivia Kim,Business,Medium
C500313,Lisa Taylor,Personal,Medium
C500314,Patricia Taylor,Personal,Low
C500315,John Williams,Business,Low
C500316,Elizabeth Kim,Personal,Low
C500317,Kevin Robinson,Business,Low
C500318,Emma Brown,Personal,Low
C500319,Wei Young,Personal,High
C500320,Jessica Clark,Joint,Low
C500321,Lisa Patel,Personal,Low
C500322,David Green,Personal,Low
C500323,Sandra Kim,Business,Medium
C500324,Kevin Green,Business,Low
C500325,John Wilson,Business,Low
C500326,John Taylor,Joint,Low
C500327,Sarah Nguyen,Personal,Low
C500328,Chen Allen,Joint,Low
C500329,Mary Patel,Personal,Low
C500330,Paul Moore,Personal,Medium
C500331,Olivia Chan,Personal,Low
C500332,Lisa Kim,Personal,Low
C500333,Paul Taylor,Personal,Low
C500334,Daniel Rodriguez,Personal,Low
C500335,David Martinez,Joint,Low
C500336,David Wilson,Personal,Low
C500337,Andrew Jones,Personal,Low
C500338,Michael Gagnon,Personal,Medium
C500339,Betty White,Personal,Medium
C500340,Liam Moore,Personal,Low
C500341,Lisa Tremblay,Personal,Low
C500342,Liam Walker,Personal,Low
C500343,Linda Clark,Personal,Medium
C500344,Noah Wright,Personal,Medium
C500345,John Dubois,Personal,Low
C500346,Daniel Brown,Personal,Low
C500347,Wei Robinson,Personal,Low
C500348,Brian Anderson,Personal,Medium
C500349,Sandra Roy,Personal,Low
C500350,Kevin Garcia,Personal,Low
C500351,Mary Rodriguez,Personal,Low
C500352,Jessica Roy,Joint,Medium
C500353,Barbara Levesque,Business,Medium
C500354,David Harris,Personal,Low
C500355,Amrit Anderson,Joint,Low
C500356,Joshua Dubois,Business,Medium
C500357,James Roy,Business,Low
C500358,Andrew Dubois,Business,Low
C500359,Amrit Martinez,Personal,Low
C500360,Anthony White,Personal,Low
C500361,Sarah Patel,Personal,Medium
C500362,Anthony Singh,Joint,Low
C500363,Andrew Brown,Joint,Medium
C500364,Jennifer Martinez,Joint,Low
C500365,Jessica Patel,Business,Low
C500366,Andrew Scott,Business,Medium
C500367,James Lewis,Business,Low
C500368,Anthony Davis,Business,Low
C500369,Liam Smith,Personal,Medium
C500370,Paul Robinson,Business,Low
C500371,Sofia Young,Personal,Low
C500372,Paul Jones,Joint,Low
C500373,John Miller,Personal,Medium
C500374,Linda Anderson,Personal,High
C500375,Mary Smith,Personal,Low
C500376,Noah Rodriguez,Personal,Low
C500377,Steven Anderson,Personal,Medium
C500378,Anthony Robinson,Personal,Medium
C500379,Priya Young,Personal,Low
C500380,Joshua Harris,Personal,Medium
C500381,Paul Lewis,Personal,Low
C500382,Nancy Scott,Personal,Low
C500383,Steven Thompson,Personal,Low
C500384,Sarah Clark,Personal,High
C500385,Joshua Brown,Personal,Low
C500386,Priya Smith,Personal,Low
C500387,Brian Robinson,Personal,Medium
C500388,Liam Gagnon,Joint,Low
C500389,Olivia Tremblay,Personal,Medium
C500390,Sarah Allen,Personal,Low
C500391,Patricia Singh,Business,Low
C500392,Andrew Robinson,Personal,Low
C500393,Brian Kim,Personal,Low
C500394,Daniel Roy,Personal,Low
C500395,Mary Walker,Business,Low
C500396,Jessica Chan,Personal,Medium
C500397,Sofia Anderson,Joint,Low
C500398,James Martinez,Personal,Low
C500399,Noah Taylor,Personal,Medium
C500400,Brian Lee,Joint,Low
C500401,Fatima Dubois,Personal,Low
C500402,Jessica Lee,Business,Low
C500403,Joshua Levesque,Personal,Medium
C500404,Joshua Young,Personal,High
C500405,Joshua Martinez,Personal,Low
C500406,Liam Rodriguez,Personal,Medium
C500407,Joshua Smith,Business,Medium
C500408,Olivia Lee,Personal,High
C500409,James Chan,Personal,Low
C500410,Susan Wilson,Business,Low
C500411,Chen Jones,Business,Medium
C500412,Betty Lewis,Personal,Medium
C500413,Susan Singh,Personal,Medium
C500414,Karen Rodriguez,Personal,Low
C500415,Lisa Davis,Personal,Low
C500416,Barbara Allen,Personal,Medium
C500417,Amrit Gagnon,Personal,Low
C500418,James Patel,Joint,Low
C500419,Fatima Jones,Business,Medium
C500420,James Gagnon,Business,Low
C500421,Anthony Dubois,Personal,Low
C500422,Susan Jones,Business,Low
C500423,Paul Martinez,Personal,Low
C500424,Priya Robinson,Personal,Low
C500425,Daniel Scott,Personal,Low
C500426,Priya Dubois,Personal,Low
C500427,Mark Martin,Joint,Medium
C500428,Joshua Dubois,Personal,Low
C500429,Linda Taylor,Business,Low
C500430,David Robinson,Business,Low
C500431,Lisa Garcia,Personal,Low
C500432,Chen Walker,Business,Medium
C500433,Steven Brown,Personal,Low
C500434,Michael Lee,Personal,Low
C500435,Barbara King,Personal,Low
C500436,Kevin Dubois,Personal,Low
C500437,Barbara Allen,Personal,Low
C500438,James Singh,Personal,Low
C500439,Kevin Wilson,Joint,Low
C500440,Brian White,Personal,Low
C500441,Andrew King,Business,Medium
C500442,Mark Roy,Personal,Low
C500443,Andrew Scott,Joint,Low
C500444,Sofia Smith,Joint,Low
C500445,David Patel,Personal,Medium
C500446,John Williams,Personal,Low
C500447,Sandra Lewis,Business,Low
C500448,Brian Lee,Personal,Low
C500449,James Nguyen,Business,Low
C500450,Betty Garcia,Personal,Medium
C500451,Susan Scott,Personal,Low
C500452,Ashley Roy,Personal,Low
C500453,Noah Anderson,Business,Medium
C500454,Joshua Lewis,Joint,Medium
C500455,Noah Patel,Personal,Low
C500456,Matthew Gagnon,Personal,Low
C500457,John Johnson,Personal,High
C500458,Mark White,Business,Low
C500459,Matthew Miller,Personal,Low
C500460,Lisa King,Personal,High
C500461,Michael Williams,Personal,Low
C500462,Elizabeth Smith,Personal,Low
C500463,Liam Gagnon,Business,Low
C500464,Emma Singh,Joint,Low
C500465,Noah Harris,Business,Low
C500466,Paul Garcia,Personal,Medium
C500467,Sarah Walker,Personal,Low
C500468,Betty Young,Personal,Medium
C500469,Andrew Rodriguez,Business,Low
C500470,James Wright,Personal,Low
C500471,Fatima Robinson,Business,Low
C500472,Joshua Johnson,Business,Low
C500473,Joshua Smith,Joint,Low
C500474,Amrit Patel,Business,Low
C500475,Paul Clark,Personal,Low
C500476,Wei White,Personal,Low
C500477,Fatima Chan,Business,Medium
C500478,Emma Young,Business,Medium
C500479,Wei Roy,Personal,Low
C500480,Kevin Green,Personal,Low
C500481,Robert King,Personal,Low
C500482,Lisa Singh,Personal,Low
C500483,Fatima Patel,Personal,Low
C500484,Sofia Thomas,Business,Low
C500485,Mark Williams,Joint,Medium
C500486,Barbara Moore,Business,Medium
C500487,Robert Young,Business,Medium
C500488,Lisa Nguyen,Personal,Low
C500489,Nancy Davis,Personal,Low
C500490,Robert Wright,Personal,Low
C500491,Noah Young,Personal,Low
C500492,Barbara Harris,Personal,Low
C500493,John Smith,Personal,Low
C500494,Daniel Garcia,Business,Medium
C500495,Patricia Wilson,Joint,Low
C500496,Anthony Williams,Personal,Low
C500497,James Levesque,Joint,Medium
C500498,Kevin Young,Joint,Medium
C500499,Liam Chan,Business,Low
C500500,Wei Taylor,Personal,Low
C500501,Andrew Wright,Business,Low
C500502,Matthew Davis,Personal,Low
C500503,Linda Jones,Personal,Low
C500504,Anthony Thomas,Personal,Medium
C500505,Elizabeth Kim,Business,Low
C500506,Olivia Scott,Personal,Medium
C500507,Fatima Young,Personal,Medium
C500508,Brian Rodriguez,Personal,Low
C500509,Mary Martin,Personal,High
C500510,Sandra Johnson,Personal,Low
C500511,Kevin Garcia,Joint,Low
C500512,Patricia Green,Personal,Medium
C500513,Brian Brown,Business,Low
C500514,Kevin Taylor,Personal,Low
C500515,Robert Levesque,Business,Medium
C500516,Linda Jones,Business,Medium
C500517,Sofia Walker,Personal,Low
C500518,Linda Johnson,Personal,Low
C500519,Jessica Thomas,Business,Low
C500520,Mary Nguyen,Business,Low
C500521,Mary Rodriguez,Business,Medium
C500522,Matthew Allen,Personal,Low
C500523,Kevin Chan,Personal,Low
C500524,Fatima Lee,Personal,Low
C500525,Wei Martinez,Personal,Low
C500526,Ashley Smith,Business,Low
C500527,Mary Young,Personal,Low
C500528,Jessica Nguyen,Personal,Low
C500529,Mark Smith,Personal,Low
C500530,Fatima Tremblay,Joint,Medium
C500531,Michael Taylor,Business,Low
C500532,Amrit Levesque,Personal,Low
C500533,Lisa Green,Personal,Low
C500534,Priya Jones,Business,Low
C500535,Kevin Young,Business,Low
C500536,Matthew Johnson,Joint,Low
C500537,Sandra Martinez,Personal,Low
C500538,Brian Thomas,Joint,Low
C500539,Joshua Gagnon,Personal,Low
C500540,Nancy Singh,Personal,Medium
C500541,Chen Thomas,Personal,Low
C500542,Michael Kim,Personal,Low
C500543,Barbara Taylor,Business,Medium
C500544,Jessica Dubois,Business,High
C500545,Amrit Taylor,Personal,Medium
C500546,John Levesque,Personal,Low
C500547,Ashley Rodriguez,Personal,Low
C500548,Mary Green,Joint,Medium
C500549,Ashley Wright,Personal,Low
C500550,Sofia Harris,Personal,Medium
C500551,James Harris,Business,Low
C500552,Ashley Lewis,Personal,Low
C500553,Matthew Clark,Personal,Low
C500554,Anthony Gagnon,Business,Low
C500555,Mary Tremblay,Personal,Low
C500556,Nancy Martinez,Business,Low
C500557,Mark Rodriguez,Business,Low
C500558,Barbara Scott,Personal,Low
C500559,Liam Thompson,Personal,Low
C500560,Sarah Kim,Personal,Low
C500561,Chen Levesque,Personal,Medium
C500562,Michael Miller,Personal,Low
C500563,Linda Chan,Business,Low
C500564,Nancy Walker,Personal,Low
C500565,Jennifer Walker,Personal,Low
C500566,Nancy Jones,Personal,Low
C500567,Chen Brown,Personal,Medium
C500568,Amrit Scott,Business,Low
C500569,Elizabeth Roy,Personal,Medium
C500570,Priya Scott,Personal,Low
C500571,Elizabeth Patel,Business,Low
C500572,Sandra Wright,Business,Medium
C500573,Anthony Singh,Business,Low
C500574,Noah Harris,Business,Medium
C500575,Jessica Thomas,Personal,High
C500576,Paul Harris,Personal,Low
C500577,Noah Dubois,Personal,Low
C500578,Wei Martinez,Business,Low
C500579,Patricia Brown,Personal,Low
C500580,John Singh,Personal,Medium
C500581,Fatima Thomas,Personal,Low
C500582,Robert Miller,Personal,Low
C500583,Karen Dubois,Personal,Low
C500584,Barbara Gagnon,Personal,Medium
C500585,Elizabeth Rodriguez,Business,Low
C500586,Ashley Jones,Business,Low
C500587,Betty Chan,Business,Low
C500588,Elizabeth Anderson,Business,Low
C500589,Wei Lewis,Joint,Low
C500590,Liam Nguyen,Joint,Medium
C500591,Ashley Walker,Joint,Low
C500592,David King,Business,Medium
C500593,Chen Harris,Business,Medium
C500594,Chen Taylor,Personal,Medium
C500595,Chen Smith,Personal,High
C500596,Mark Harris,Business,Low
C500597,Olivia Green,Personal,Low
C500598,Kevin Dubois,Personal,Low
C500599,Daniel Allen,Personal,Low
C500600,Noah Harris,Business,Low
C500601,Jessica Singh,Personal,Low
C500602,Paul Taylor,Business,Low
C500603,Amrit Green,Personal,Low
C500604,Lisa Scott,Personal,Medium
C500605,Michael Smith,Personal,Low
C500606,Jennifer Levesque,Business,Low
C500607,Betty Robinson,Business,Low
C500608,Jennifer Allen,Business,Low
C500609,Anthony Thompson,Business,Low
C500610,Karen Wright,Business,High
C500611,Steven Clark,Personal,Low
C500612,Ashley Scott,Personal,Medium
C500613,Priya Kim,Personal,Medium
C500614,Olivia Martinez,Personal,Low
C500615,Daniel Wilson,Business,Low
C500616,Olivia Dubois,Personal,Low
C500617,Lisa Green,Business,Low
C500618,Sarah Jones,Personal,Low
C500619,Michael Jones,Personal,Medium
C500620,Karen Walker,Personal,Low
C500621,Anthony Thompson,Business,Low
C500622,Matthew Robinson,Business,Low
C500623,Lisa Williams,Business,Medium
C500624,Patricia Williams,Personal,Low
C500625,Chen Garcia,Joint,Low
C500626,Fatima Thompson,Joint,Low
C500627,Robert Young,Personal,Low
C500628,James Thomas,Personal,Low
C500629,Mary Taylor,Joint,Low
C500630,Olivia Lewis,Business,Low
C500631,Jennifer Patel,Personal,Low
C500632,Olivia Scott,Personal,Low
C500633,Chen Green,Personal,Medium
C500634,Matthew Patel,Personal,Low
C500635,Joshua Harris,Business,Low
C500636,Sofia Scott,Personal,High
C500637,Anthony Tremblay,Joint,Low
C500638,Robert Nguyen,Joint,High
C500639,Noah Nguyen,Personal,Low
C500640,Joshua Williams,Personal,Low
C500641,David Davis,Personal,Low
C500642,Linda White,Business,Low
C500643,Barbara Chan,Personal,Low
C500644,Jessica Nguyen,Personal,High
C500645,Nancy King,Business,Medium
C500646,Betty King,Personal,Low
C500647,Linda Davis,Personal,Low
C500648,Betty Smith,Joint,Medium
C500649,Sarah Dubois,Business,Low
C500650,Ashley Rodriguez,Personal,High
C500651,Patricia Wilson,Personal,Low
C500652,James Johnson,Business,Medium
C500653,Betty Tremblay,Personal,Low
C500654,Daniel White,Personal,Low
C500655,Andrew Martin,Business,Low
C500656,Steven Taylor,Personal,Low
C500657,Michael Johnson,Personal,Low
C500658,Kevin Thomas,Personal,Low
C500659,Mary Davis,Personal,Medium
C500660,Anthony Taylor,Personal,Low
C500661,Mark Garcia,Personal,Low
C500662,Sarah Martinez,Personal,Low
C500663,Brian Johnson,Personal,Medium
C500664,Elizabeth Thomas,Business,High
C500665,Mark Gagnon,Personal,Medium
C500666,Nancy Wilson,Business,High
C500667,Ashley Lee,Personal,Medium
C500668,Ashley Brown,Business,Low
C500669,Fatima Moore,Personal,Low
C500670,Robert Chan,Business,Medium
C500671,Daniel Lewis,Business,Medium
C500672,Joshua Garcia,Personal,Medium
C500673,Matthew Clark,Joint,Medium
C500674,Amrit Wilson,Personal,Medium
C500675,Mary Moore,Personal,Low
C500676,Priya Gagnon,Business,High
C500677,Betty Garcia,Personal,Medium
C500678,Matthew White,Joint,Low
C500679,Patricia Walker,Joint,Low
C500680,Noah Roy,Business,Low
C500681,Elizabeth Lewis,Business,Low
C500682,Steven Green,Personal,Low
C500683,Noah King,Personal,Medium
C500684,Sofia Allen,Personal,Low
C500685,Paul Singh,Personal,Low
C500686,Liam Wright,Business,High
C500687,Susan Harris,Personal,Medium
C500688,Sandra Harris,Personal,Medium
C500689,James Gagnon,Business,Low
C500690,Anthony Singh,Personal,Low
C500691,Joshua Davis,Business,Low
C500692,Steven Levesque,Personal,Medium
C500693,Nancy Miller,Business,Low
C500694,Andrew Clark,Business,Low
C500695,Elizabeth Jones,Personal,Low
C500696,Amrit Martinez,Joint,Medium
C500697,Barbara Singh,Personal,Low
C500698,Robert Rodriguez,Personal,Low
C500699,Chen Harris,Personal,Low
C500700,Matthew Harris,Joint,Medium
C500701,Chen Wright,Personal,Low
C500702,Patricia Rodriguez,Business,Low
C500703,John White,Business,Low
C500704,Ashley Dubois,Personal,Low
C500705,Matthew Thomas,Business,Low
C500706,Sofia Wright,Personal,High
C500707,Sarah Dubois,Personal,Low
C500708,Sarah Smith,Business,Medium
C500709,Jessica Martinez,Personal,Low
C500710,Karen Patel,Personal,Low
C500711,Steven Williams,Personal,Medium
C500712,Patricia Tremblay,Personal,Low
C500713,Daniel Tremblay,Personal,Low
C500714,Andrew White,Personal,Low
C500715,James Gagnon,Personal,Low
C500716,Robert Jones,Personal,Low
C500717,Betty Young,Personal,Low
C500718,Olivia Taylor,Personal,Low
C500719,Paul Roy,Personal,Low
C500720,Steven Chan,Personal,Medium
C500721,Betty Martinez,Joint,High
C500722,Paul Taylor,Joint,Low
C500723,Daniel Lewis,Personal,Low
C500724,Fatima Patel,Joint,Medium
C500725,Fatima Rodriguez,Personal,Low
C500726,Wei Davis,Personal,Low
C500727,Sofia Patel,Joint,Low
C500728,Liam Patel,Personal,Low
C500729,Mark Young,Business,Medium
C500730,Lisa Wright,Personal,Medium
C500731,Andrew Levesque,Personal,Low
C500732,Andrew Levesque,Joint,Low
C500733,Susan White,Personal,Medium
C500734,Lisa Johnson,Personal,Low
C500735,Mark Levesque,Joint,Medium
C500736,Fatima Rodriguez,Personal,Low
C500737,Nancy Miller,Personal,Low
C500738,Ashley Patel,Personal,High
C500739,James Lewis,Personal,Low
C500740,Michael Thomas,Personal,Medium
C500741,Patricia Allen,Personal,Low
C500742,Daniel Martinez,Personal,Low
C500743,Betty Harris,Personal,Low
C500744,Susan Davis,Personal,Low
C500745,Anthony Moore,Personal,Low
C500746,Sofia Thomas,Business,High
C500747,Betty Smith,Personal,Low
C500748,Brian Moore,Personal,Medium
C500749,Olivia Brown,Joint,High
C500750,Patricia Gagnon,Personal,Low
C500751,Amrit Allen,Personal,Medium
C500752,Andrew Brown,Business,Medium
C500753,Olivia Thompson,Personal,Low
C500754,Noah Wilson,Personal,Low
C500755,Robert Harris,Personal,Low
C500756,Liam Williams,Personal,Medium
C500757,Susan Clark,Business,Low
C500758,Jennifer Roy,Business,Medium
C500759,Matthew Brown,Business,Low
C500760,Andrew Johnson,Business,Low
C500761,Chen Tremblay,Personal,Low
C500762,Linda Brown,Business,Medium
C500763,Linda Scott,Business,Low
C500764,Sandra Taylor,Business,High
C500765,Brian Wright,Personal,Low
C500766,Joshua Tremblay,Personal,Low
C500767,Mark Allen,Business,High
C500768,Joshua Singh,Joint,Low
C500769,Brian Thomas,Personal,Low
C500770,Noah Davis,Personal,Low
C500771,Olivia Martinez,Personal,Low
C500772,Barbara Thomas,Business,Medium
C500773,Wei Brown,Personal,Low
C500774,Ashley King,Personal,Low
C500775,Robert Thomas,Business,Low
C500776,Ashley Dubois,Personal,Low
C500777,Priya Williams,Business,Low
C500778,Joshua Green,Personal,High
C500779,Liam Allen,Business,Medium
C500780,Matthew Clark,Personal,Low
C500781,Sofia Brown,Personal,Medium
C500782,Robert Wright,Business,Low
C500783,Linda Lewis,Business,Low
C500784,Olivia Lewis,Personal,Medium
C500785,Andrew Garcia,Personal,High
C500786,David Lewis,Personal,Low
C500787,Sofia Wilson,Personal,Low
C500788,Nancy White,Business,High
C500789,Barbara Taylor,Personal,Low
C500790,Matthew Clark,Personal,Low
C500791,Noah Gagnon,Personal,Low
C500792,Mark Lewis,Personal,High
C500793,Ashley Anderson,Personal,Low
C500794,Sandra Dubois,Business,Low
C500795,James Brown,Personal,Low
C500796,Jennifer Patel,Business,Low
C500797,Ashley Green,Business,Low
C500798,Sandra Johnson,Personal,Low
C500799,Linda Taylor,Personal,Low
C500800,Chen Miller,Personal,Low
C500801,Sofia Scott,Personal,Low
C500802,Jennifer Garcia,Personal,Low
C500803,Michael Robinson,Personal,Medium
C500804,Jennifer Martinez,Personal,Low
C500805,Karen Lee,Personal,Low
C500806,Michael Martin,Personal,Medium
C500807,Fatima Nguyen,Personal,High
C500808,Mark Patel,Personal,Low
C500809,Kevin King,Personal,Medium
C500810,Paul Young,Personal,Medium
C500811,Robert Moore,Business,Low
C500812,Wei Miller,Business,Medium
C500813,Susan Jones,Personal,Low
C500814,Barbara Thomas,Personal,Low
C500815,Steven Lee,Personal,Low
C500816,Anthony Wilson,Personal,Medium
C500817,Karen White,Business,Medium
C500818,Lisa Thomas,Personal,High
C500819,Joshua Roy,Personal,Low
C500820,Sandra Moore,Personal,Low
C500821,Mark Brown,Personal,Medium
C500822,Barbara Green,Joint,Low
C500823,Steven Jones,Personal,Low
C500824,Mark Robinson,Personal,Medium
C500825,Betty Garcia,Business,Medium
C500826,Matthew Dubois,Joint,Medium
C500827,Sandra Patel,Personal,Low
C500828,Daniel Nguyen,Personal,Medium
C500829,Ashley Singh,Personal,Low
C500830,Kevin Roy,Business,Medium
C500831,Emma Scott,Joint,Low
C500832,Wei Young,Personal,Low
C500833,Patricia Robinson,Personal,Medium
C500834,Jessica Anderson,Joint,Medium
C500835,Ashley Green,Business,Low
C500836,Brian Walker,Business,Low
C500837,Paul Walker,Joint,Low
C500838,Daniel King,Personal,Low
C500839,John Allen,Personal,Medium
C500840,Susan Levesque,Personal,Low
C500841,Wei Lee,Personal,Low
C500842,Robert Young,Personal,Low
C500843,Sofia Thomas,Business,Low
C500844,Matthew Jones,Personal,High
C500845,Wei Martin,Business,Medium
C500846,Ashley Moore,Business,Low
C500847,Sofia Dubois,Personal,Low
C500848,Liam Levesque,Personal,Medium
C500849,Priya Kim,Personal,Low
C500850,Paul Gagnon,Personal,Medium
C500851,Sandra Thomas,Personal,Low
C500852,Sarah Johnson,Personal,Medium
C500853,Matthew Nguyen,Personal,Medium
C500854,Ashley Martinez,Business,Low
C500855,Mary Martinez,Personal,Low
C500856,Susan Thomas,Business,Low
C500857,Michael Chan,Personal,Low
C500858,Sofia Lee,Personal,Medium
C500859,Ashley Tremblay,Personal,Medium
C500860,David Brown,Business,Low
C500861,Fatima Thomas,Personal,High
C500862,Robert Rodriguez,Business,Low
C500863,Sofia Patel,Joint,Medium
C500864,Sandra Harris,Personal,Medium
C500865,Chen Clark,Personal,Medium
C500866,Sofia Scott,Personal,Low
C500867,Barbara Moore,Personal,Low
C500868,Robert Clark,Personal,Low
C500869,Noah Nguyen,Joint,Low
C500870,Linda Wilson,Personal,Low
C500871,Michael Thompson,Personal,Medium
C500872,Jennifer Clark,Business,Low
C500873,Wei Taylor,Personal,Medium
C500874,James Davis,Business,Medium
C500875,Robert Allen,Personal,Low
C500876,Paul Nguyen,Personal,Low
C500877,Fatima Wilson,Business,Low
C500878,Sofia Martin,Personal,Low
C500879,Anthony Young,Business,Low
C500880,Joshua Thompson,Personal,Low
C500881,Joshua Chan,Joint,Low
C500882,Sandra White,Business,Low
C500883,Karen Clark,Business,Low
C500884,Linda Brown,Personal,Medium
C500885,Kevin Dubois,Personal,Low
C500886,Andrew Walker,Business,Medium
C500887,Karen Levesque,Personal,Low
C500888,Barbara Martin,Personal,Low
C500889,Karen Thompson,Personal,Low
C500890,Jennifer Smith,Personal,Low
C500891,Linda Smith,Personal,Medium
C500892,Brian Wright,Business,Low
C500893,Michael Allen,Personal,Low
C500894,Lisa Nguyen,Business,Low
C500895,Fatima Wilson,Personal,Medium
C500896,Sofia Smith,Personal,Medium
C500897,Joshua Young,Personal,Low
C500898,Fatima Kim,Personal,Low
C500899,Karen Anderson,Joint,Low
C500900,Paul Martin,Personal,Low
C500901,Sofia Chan,Personal,Low
C500902,Matthew Thompson,Business,Medium
C500903,Joshua Taylor,Business,Medium
C500904,Steven Davis,Personal,Medium
C500905,Matthew Walker,Joint,Low
C500906,Anthony King,Personal,Medium
C500907,Steven Kim,Personal,Low
C500908,Michael Smith,Personal,Low
C500909,Wei Lewis,Personal,Low
C500910,Steven Wilson,Business,Low
C500911,Jennifer Young,Business,Low
C500912,Fatima Allen,Business,Low
C500913,Priya Allen,Personal,High
C500914,Sofia Kim,Business,Medium
C500915,Liam Wilson,Business,Low
C500916,Jessica Johnson,Personal,Low
C500917,Sarah Garcia,Business,Low
C500918,Steven Smith,Business,Medium
C500919,Sandra Davis,Joint,Low
C500920,Sandra Singh,Personal,High
C500921,Wei Wright,Business,Low
C500922,Barbara Davis,Personal,Low
C500923,John Tremblay,Personal,Low
C500924,Joshua King,Personal,High
C500925,Fatima Smith,Business,Low
C500926,Fatima Anderson,Personal,Low
C500927,Elizabeth Thompson,Business,Low
C500928,Betty Martinez,Personal,Low
C500929,Ashley Tremblay,Business,Low
C500930,Betty Lee,Personal,Low
C500931,Elizabeth Dubois,Personal,Low
C500932,Amrit Martinez,Personal,Low
C500933,Sofia Jones,Personal,Medium
C500934,Lisa Singh,Personal,Low
C500935,Priya Walker,Business,Medium
C500936,Elizabeth Anderson,Business,High
C500937,Patricia Martinez,Personal,Low
C500938,Sofia Walker,Personal,High
C500939,Fatima Kim,Business,Low
C500940,Ashley Gagnon,Business,Medium
C500941,Barbara Walker,Business,Medium
C500942,Jennifer Lewis,Business,Low
C500943,Emma Wright,Personal,Low
C500944,James Lewis,Business,Low
C500945,Barbara Smith,Personal,Medium
C500946,Wei King,Joint,Medium
C500947,Paul Robinson,Personal,High
C500948,Kevin Moore,Business,Medium
C500949,Jessica Gagnon,Personal,Low
C500950,Brian Green,Business,Low
C500951,Barbara Patel,Personal,High
C500952,Karen Brown,Personal,Medium
C500953,Nancy Johnson,Personal,Medium
C500954,Patricia Singh,Personal,Low
C500955,Wei Taylor,Personal,Low
C500956,Joshua Harris,Business,Medium
C500957,Sofia Patel,Business,Medium
C500958,Anthony Allen,Personal,Low
C500959,Patricia Robinson,Personal,Medium
C500960,Chen Lee,Personal,Low
C500961,Elizabeth Taylor,Personal,Low
C500962,Ashley Thompson,Personal,Medium
C500963,Andrew Roy,Personal,Low
C500964,Lisa Lewis,Personal,Medium
C500965,Barbara Tremblay,Personal,Medium
C500966,Matthew Kim,Personal,Low
C500967,Priya Wright,Personal,Low
C500968,Andrew Williams,Personal,Low
C500969,Linda Garcia,Personal,Medium
C500970,Matthew Robinson,Personal,Low
C500971,Mary Moore,Joint,High
C500972,Matthew Davis,Personal,Low
C500973,Olivia Kim,Business,Low
C500974,Steven Jones,Personal,Low
C500975,Linda Smith,Personal,Medium
C500976,Matthew Johnson,Personal,Low
C500977,Steven Clark,Personal,Medium
C500978,Sandra Martin,Personal,Low
C500979,Joshua Williams,Joint,High
C500980,Betty Walker,Personal,Medium
C500981,Barbara Martin,Joint,Low
C500982,Sandra Martinez,Personal,Low
C500983,Nancy Miller,Personal,Medium
C500984,Kevin Harris,Personal,Low
C500985,Robert Miller,Business,Low
C500986,Emma Johnson,Personal,Low
C500987,Sandra Green,Business,Low
C500988,Mark Scott,Personal,Low
C500989,Amrit Martinez,Business,Low
C500990,Betty Green,Joint,Low
C500991,Ashley Smith,Joint,Medium
C500992,Lisa Lewis,Personal,Medium
C500993,Liam Garcia,Business,Low
C500994,Wei Clark,Personal,Low
C500995,Emma Wright,Business,Low
C500996,Paul Wright,Business,Medium
C500997,Mary Brown,Personal,Medium
C500998,Betty Moore,Joint,Low
C500999,Ashley Wilson,Personal,High
C501000,Mary Johnson,Business,Medium
C501001,Michael Wilson,Personal,Low
C501002,Liam Miller,Personal,Medium
C501003,Noah Davis,Joint,Medium
C501004,Patricia Roy,Personal,Medium
C501005,Michael King,Personal,Low
C501006,Mark Williams,Personal,Medium
C501007,Daniel Miller,Personal,Low
C501008,Brian Taylor,Joint,Medium
C501009,Mary Patel,Personal,Low
C501010,Jennifer Anderson,Personal,Low
C501011,Steven Robinson,Personal,Medium
C501012,Amrit Thompson,Personal,Medium
C501013,John Garcia,Personal,Low
C501014,Nancy Moore,Personal,Low
C501015,Chen Martinez,Personal,Low
C501016,Wei Walker,Personal,Medium
C501017,Noah White,Personal,Low
C501018,Nancy Young,Personal,Low
C501019,Susan Rodriguez,Personal,Low
C501020,Wei Harris,Joint,Low
C501021,Robert Lee,Joint,Medium
C501022,Amrit Patel,Joint,Low
C501023,Robert Young,Personal,Medium
C501024,Elizabeth Smith,Joint,Low
C501025,Sarah Scott,Personal,Low
C501026,Chen Martinez,Personal,Low
C501027,Kevin Williams,Personal,Medium
C501028,Sarah Kim,Personal,Medium
C501029,Jennifer Levesque,Personal,Low
C501030,Karen Anderson,Personal,Low
C501031,Mary Roy,Personal,Low
C501032,Olivia Tremblay,Joint,Low
C501033,Sarah King,Personal,Low
C501034,Lisa Gagnon,Business,Medium
C501035,Wei Singh,Personal,Medium
C501036,Anthony Allen,Personal,Low
C501037,Michael White,Personal,Low
C501038,James Wilson,Business,High
C501039,Matthew Moore,Personal,Low
C501040,Joshua Smith,Business,Medium
C501041,Liam Anderson,Business,Medium
C501042,Fatima Davis,Joint,Low
C501043,Steven Taylor,Personal,Medium
C501044,Betty Tremblay,Personal,High
C501045,Sarah Thompson,Personal,Low
C501046,David Miller,Joint,Low
C501047,John Scott,Personal,Low
C501048,Andrew Kim,Personal,Low
C501049,Joshua Lee,Personal,Low
C501050,Andrew Walker,Business,Low
C501051,Anthony Harris,Personal,Medium
C501052,Jennifer King,Business,High
C501053,Anthony Smith,Business,High
C501054,Priya Martinez,Personal,Low
C501055,Chen Garcia,Business,Low
C501056,Michael Walker,Business,Low
C501057,Brian Lewis,Business,High
C501058,Priya Anderson,Personal,Medium
C501059,David Young,Business,Low
C501060,Olivia Miller,Personal,Low
C501061,Andrew Rodriguez,Personal,Low
C501062,Noah Rodriguez,Business,Medium
C501063,Ashley Allen,Business,Medium
C501064,Elizabeth Wright,Personal,Low
C501065,John Clark,Personal,Medium
C501066,James Johnson,Personal,Medium
C501067,Priya Jones,Personal,High
C501068,Amrit Patel,Personal,High
C501069,David Dubois,Personal,Low
C501070,Mark Tremblay,Personal,Medium
C501071,Amrit Patel,Business,Low
C501072,Robert Johnson,Joint,Low
C501073,Mary Nguyen,Personal,Medium
C501074,Barbara Chan,Joint,Medium
C501075,Noah Wright,Personal,Medium
C501076,Lisa Smith,Business,High
C501077,Matthew Taylor,Personal,Low
C501078,Sandra Martinez,Business,Low
C501079,David Wright,Business,Low
C501080,Joshua Nguyen,Personal,High
C501081,Brian Rodriguez,Personal,High
C501082,Chen Miller,Personal,Low
C501083,Nancy Thomas,Personal,Low
C501084,Wei Harris,Business,Low
C501085,Barbara Moore,Personal,Medium
C501086,Robert Lewis,Business,Low
C501087,Olivia Clark,Business,High
C501088,Joshua Thomas,Joint,Low
C501089,Brian Taylor,Personal,Low
C501090,Michael Lee,Personal,Low
C501091,Betty Dubois,Personal,Low
C501092,Patricia Gagnon,Personal,Medium
C501093,Olivia Harris,Joint,High
C501094,Linda Martinez,Joint,Low
C501095,Mark Johnson,Joint,High
C501096,Fatima Roy,Business,Medium
C501097,Anthony Davis,Personal,Medium
C501098,Ashley Chan,Personal,Medium
C501099,Paul Dubois,Joint,Low
C501100,Daniel Lewis,Business,Medium
C501101,Chen Robinson,Business,Low
C501102,Betty Anderson,Business,Low
C501103,Elizabeth Jones,Business,High
C501104,Ashley Dubois,Business,Low
C501105,Daniel Martinez,Business,Low
C501106,Mary Williams,Business,High
C501107,Ashley Allen,Business,Low
C501108,Wei King,Personal,Low
C501109,John Dubois,Joint,Low
C501110,Barbara Smith,Business,Medium
C501111,Mary Lewis,Personal,Low
C501112,Steven Williams,Personal,High
C501113,Joshua Patel,Business,High
C501114,Kevin Harris,Business,Low
C501115,Daniel Martin,Business,Medium
C501116,Amrit Wright,Business,Low
C501117,Noah Clark,Personal,Low
C501118,Elizabeth Dubois,Business,Medium
C501119,Susan White,Business,Low
C501120,Barbara Nguyen,Personal,Low
C501121,Ashley Taylor,Business,Medium
C501122,Jennifer King,Personal,Low
C501123,Brian Walker,Personal,Low
C501124,Andrew Robinson,Personal,Medium
C501125,Emma Rodriguez,Business,Medium
C501126,Joshua Rodriguez,Personal,Low
C501127,Mary Harris,Personal,Low
C501128,Jennifer Singh,Business,Low
C501129,Elizabeth Clark,Personal,Low
C501130,Wei Nguyen,Personal,Low
C501131,John Johnson,Personal,Low
C501132,Ashley Garcia,Personal,High
C501133,Jessica Thomas,Business,Low
C501134,Olivia Tremblay,Personal,Low
C501135,Robert Smith,Joint,Low
C501136,Barbara Wright,Personal,Low
C501137,Paul Robinson,Business,Medium
C501138,Anthony Clark,Personal,Medium
C501139,Lisa Anderson,Personal,Low
C501140,Wei Young,Personal,Low
C501141,Sofia Johnson,Business,High
C501142,Paul Martin,Personal,Medium
C501143,Kevin Smith,Business,Low
C501144,Sarah Chan,Personal,Low
C501145,Kevin Clark,Personal,Medium
C501146,Paul Wright,Personal,Medium
C501147,Elizabeth Lee,Personal,Low
C501148,Karen Roy,Personal,Low
C501149,Lisa Garcia,Personal,Low
C501150,Sarah Lewis,Business,Medium
C501151,Betty Martin,Personal,Low
C501152,Brian Kim,Personal,Medium
C501153,Kevin Martinez,Business,Medium
C501154,Mark Kim,Joint,Low
C501155,Michael Walker,Joint,Medium
C501156,Emma Brown,Personal,Low
C501157,Anthony Dubois,Personal,Low
C501158,Mary King,Personal,Low
C501159,Fatima Taylor,Personal,Medium
C501160,Sandra Davis,Personal,Low
C501161,Matthew Lewis,Personal,Low
C501162,Michael Anderson,Personal,Low
C501163,Michael Kim,Personal,Low
C501164,Betty Gagnon,Business,Low
C501165,David Thompson,Business,Low
C501166,Jennifer Rodriguez,Personal,Low
C501167,Robert Garcia,Personal,Low
C501168,Elizabeth Young,Personal,Low
C501169,Priya Miller,Joint,Low
C501170,Wei Gagnon,Business,Medium
C501171,John Anderson,Business,Low
C501172,Chen Robinson,Personal,Low
C501173,Michael Dubois,Personal,Medium
C501174,Liam Taylor,Business,Low
C501175,Anthony Brown,Personal,Low
C501176,Sandra Clark,Business,Low
C501177,Mark Dubois,Personal,Low
C501178,Sofia Thomas,Personal,Medium
C501179,Susan Moore,Personal,Low
C501180,Anthony Wright,Business,High
C501181,Noah Gagnon,Personal,Low
C501182,Sarah Patel,Personal,Medium
C501183,Betty Tremblay,Personal,Low
C501184,Betty Smith,Personal,Low
C501185,Chen Green,Personal,Medium
C501186,Patricia Harris,Personal,Low
C501187,Nancy Thompson,Business,Low
C501188,Joshua Martin,Personal,Low
C501189,Joshua Roy,Personal,Low
C501190,Emma King,Personal,Low
C501191,Susan King,Business,Medium
C501192,Betty Clark,Business,Low
C501193,Linda Martin,Joint,Low
C501194,Wei Lewis,Personal,Low
C501195,John Patel,Joint,Low
C501196,Steven Gagnon,Business,Low
C501197,Susan Miller,Business,Low
C501198,Jennifer Tremblay,Personal,Medium
C501199,Jennifer Harris,Personal,Low
C501200,Sandra Davis,Personal,Low
C501201,Andrew Martinez,Business,Medium
C501202,Susan Johnson,Personal,High
C501203,Jessica Thompson,Personal,Low
C501204,Nancy Allen,Business,Medium
C501205,Amrit Green,Personal,Medium
C501206,Joshua Martin,Personal,Medium
C501207,Emma Kim,Personal,Low
C501208,Mary Roy,Joint,Low
C501209,Amrit Harris,Joint,Low
C501210,Paul Levesque,Personal,Medium
C501211,Michael Martin,Business,Medium
C501212,Fatima Jones,Business,Low
C501213,Ashley Brown,Personal,Medium
C501214,Jessica Wright,Business,High
C501215,John Scott,Personal,Medium
C501216,Patricia Garcia,Business,Low
C501217,Elizabeth Thomas,Business,Low
C501218,Wei Davis,Business,Medium
C501219,Patricia Robinson,Personal,Medium
C501220,Andrew White,Personal,Low
C501221,Nancy Jones,Business,Medium
C501222,Liam Davis,Personal,Low
C501223,Susan Kim,Personal,Low
C501224,Elizabeth Smith,Personal,High
C501225,David Taylor,Joint,High
C501226,Mary Williams,Business,Low
C501227,Matthew Patel,Personal,Low
C501228,Ashley Nguyen,Joint,Medium
C501229,Michael Rodriguez,Personal,Low
C501230,Mark Martin,Business,Medium
C501231,Wei King,Business,Low
C501232,Andrew Kim,Personal,Medium
C501233,Fatima Lewis,Personal,Low
C501234,Daniel Scott,Business,Low
C501235,John Jones,Personal,High
C501236,Patricia Robinson,Personal,Low
C501237,Paul Roy,Personal,Low
C501238,James Nguyen,Personal,Low
C501239,Elizabeth White,Personal,Low
C501240,Joshua Patel,Business,Low
C501241,Daniel Clark,Personal,Low
C501242,Matthew White,Joint,Low
C501243,Lisa Robinson,Personal,Low
C501244,Anthony Lewis,Personal,Low
C501245,Priya Williams,Personal,Low
C501246,Emma Tremblay,Personal,Medium
C501247,James Allen,Joint,Low
C501248,Emma Roy,Personal,Low
C501249,Noah Johnson,Personal,Low
C501250,Steven Garcia,Business,Low
C501251,Anthony Roy,Personal,Low
C501252,Barbara Lee,Personal,Low
C501253,Steven Nguyen,Personal,Low
C501254,Brian Martinez,Business,Medium
C501255,Wei Johnson,Business,High
C501256,David Young,Joint,Medium
C501257,John Robinson,Joint,Medium
C501258,Lisa White,Personal,Medium
C501259,Brian Roy,Personal,Low
C501260,Wei Dubois,Personal,Low
C501261,Michael Wilson,Joint,Low
C501262,Mary Wilson,Personal,Medium
C501263,Joshua Gagnon,Personal,Low
C501264,Olivia Clark,Business,Low
C501265,Steven Dubois,Personal,Low
C501266,Betty Robinson,Personal,Low
C501267,Ashley Walker,Personal,Medium
C501268,Noah Thomas,Personal,Medium
C501269,Sarah Brown,Personal,Medium
C501270,Wei Wright,Personal,Medium
C501271,Susan Allen,Joint,Low
C501272,David Lewis,Personal,Low
C501273,David Green,Personal,Low
C501274,Patricia Thompson,Joint,Low
C501275,Joshua Rodriguez,Personal,Low
C501276,Mary Thompson,Personal,High
C501277,James White,Personal,Low
C501278,Ashley Brown,Personal,Low
C501279,Linda Martinez,Personal,Low
C501280,Sofia Clark,Personal,Low
C501281,Brian Wright,Personal,Medium
C501282,Wei Davis,Personal,Low
C501283,Kevin Harris,Personal,Low
C501284,Karen Thompson,Personal,Medium
C501285,Sofia Tremblay,Personal,Low
C501286,Michael Taylor,Personal,High
C501287,Barbara Davis,Business,Medium
C501288,Paul Martin,Personal,Low
C501289,Karen Allen,Personal,Low
C501290,Sarah Kim,Business,Low
C501291,Nancy Moore,Personal,Low
C501292,Andrew Tremblay,Joint,Low
C501293,Susan Gagnon,Personal,Low
C501294,Mary Roy,Business,Low
C501295,Matthew Davis,Personal,Low
C501296,Robert Martinez,Business,Medium
C501297,Elizabeth Williams,Personal,Medium
C501298,Wei Walker,Business,Medium
C501299,Jessica Kim,Business,Low
C501300,Amrit Garcia,Personal,Medium
C501301,Jessica Tremblay,Personal,Low
C501302,Barbara Levesque,Business,Medium
C501303,Joshua Gagnon,Joint,Low
C501304,Ashley Singh,Joint,Low
C501305,Sarah Williams,Joint,Low
C501306,Sandra Thompson,Joint,Medium
C501307,John Scott,Personal,Medium
C501308,Susan Wright,Personal,Medium
C501309,Brian Roy,Personal,Medium
C501310,Susan Anderson,Business,Low
C501311,Linda Harris,Business,Low
C501312,Anthony Brown,Joint,Low
C501313,Jennifer Chan,Personal,Low
C501314,Daniel Thomas,Business,Low
C501315,Noah Chan,Personal,Low
C501316,Barbara Tremblay,Joint,Low
C501317,Andrew Wilson,Personal,High
C501318,Liam Patel,Business,Medium
C501319,Anthony Miller,Joint,Low
C501320,Sofia Lee,Personal,Low
C501321,Lisa Roy,Personal,Low
C501322,Ashley Scott,Personal,Low
C501323,Fatima Johnson,Personal,Low
C501324,Lisa Rodriguez,Personal,Medium
C501325,Olivia Wilson,Personal,Low
C501326,Andrew Tremblay,Personal,Low
C501327,Elizabeth Smith,Joint,Low
C501328,Jessica Anderson,Business,High
C501329,Mary Jones,Business,High
C501330,Joshua Lee,Personal,Low
C501331,Mark Lewis,Business,Low
C501332,Ashley Jones,Personal,Low
C501333,Chen Johnson,Business,Medium
C501334,Andrew Wright,Personal,Low
C501335,Sarah Allen,Personal,Low
C501336,Jessica Garcia,Business,Low
C501337,Steven Wilson,Joint,Low
C501338,Priya Taylor,Personal,Low
C501339,Daniel Anderson,Personal,Low
C501340,Susan Anderson,Business,Low
C501341,Kevin Garcia,Personal,Low
C501342,Olivia Johnson,Business,High
C501343,Chen Kim,Personal,Low
C501344,Wei Taylor,Business,Low
C501345,Mary Kim,Personal,Low
C501346,Chen Nguyen,Joint,Low
C501347,James Scott,Business,Low
C501348,Olivia Taylor,Personal,Low
C501349,Mary Lewis,Joint,Low
C501350,David Thompson,Personal,Low
C501351,Brian Chan,Personal,Medium
C501352,Chen Wright,Personal,Low
C501353,Andrew King,Business,Low
C501354,Chen Green,Joint,Low
C501355,Betty White,Personal,Low
C501356,Emma Thomas,Personal,Low
C501357,Emma Thompson,Personal,Low
C501358,James Gagnon,Personal,Low
C501359,Wei Roy,Business,Low
C501360,Linda White,Joint,Low
C501361,Susan Johnson,Personal,Low
C501362,Brian Dubois,Personal,Low
C501363,Fatima Wilson,Personal,Medium
C501364,Sandra Taylor,Business,High
C501365,Ashley King,Personal,Low
C501366,Fatima White,Joint,Low
C501367,Betty Scott,Personal,Low
C501368,Olivia Clark,Personal,Low
C501369,Robert Young,Joint,Low
C501370,Steven Lewis,Personal,Medium
C501371,Jennifer Wright,Personal,Low
C501372,Barbara Robinson,Personal,High
C501373,Elizabeth King,Business,Medium
C501374,Nancy Tremblay,Personal,Low
C501375,Priya Nguyen,Personal,Medium
C501376,Daniel Brown,Personal,Low
C501377,Chen Roy,Joint,Medium
C501378,John Garcia,Business,Low
C501379,Amrit Anderson,Personal,Low
C501380,Fatima Thompson,Personal,Low
C501381,James Martinez,Personal,Low
C501382,Liam Smith,Personal,Low
C501383,Andrew Scott,Business,Medium
C501384,James Levesque,Business,Low
C501385,Barbara White,Personal,Low
C501386,Ashley Harris,Business,Low
C501387,Mark Lewis,Personal,High
C501388,Lisa Singh,Personal,Medium
C501389,Patricia Thomas,Personal,Low
C501390,Karen Brown,Personal,Medium
C501391,Michael Davis,Personal,Low
C501392,Matthew White,Personal,Medium
C501393,Noah Green,Personal,Low
C501394,Nancy Scott,Personal,Medium
C501395,Anthony Young,Business,Low
C501396,Joshua Gagnon,Personal,Low
C501397,Chen Williams,Personal,Low
C501398,Sofia Anderson,Joint,Low
C501399,Paul Singh,Business,Low
C501400,Elizabeth Gagnon,Personal,Low
C501401,Liam Chan,Business,Medium
C501402,Kevin Garcia,Personal,Low
C501403,Andrew Thomas,Personal,High
C501404,Patricia Lee,Personal,Medium
C501405,Sofia Robinson,Personal,Medium
C501406,Matthew Moore,Personal,Low
C501407,Joshua Anderson,Business,Low
C501408,John Wright,Personal,Low
C501409,Chen King,Joint,Low
C501410,John Robinson,Business,Medium
C501411,Matthew Singh,Joint,Low
C501412,Elizabeth Martin,Joint,Low
C501413,Barbara Nguyen,Personal,Low
C501414,Andrew Wilson,Business,Low
C501415,Linda Brown,Personal,Medium
C501416,Lisa Garcia,Personal,Medium
C501417,Mark King,Personal,Low
C501418,Nancy Thomas,Business,Low
C501419,Sofia Wright,Joint,Low
C501420,Sofia Allen,Personal,High
C501421,Mary Green,Personal,Medium
C501422,Betty Taylor,Personal,Low
C501423,Olivia Davis,Personal,Low
C501424,Karen Thomas,Personal,Low
C501425,Anthony Martinez,Joint,Medium
C501426,Olivia Chan,Personal,Low
C501427,Sarah Lee,Business,Low
C501428,Chen Nguyen,Business,Low
C501429,Brian Dubois,Business,Medium
C501430,Elizabeth Young,Business,Medium
C501431,John Levesque,Personal,Medium
C501432,Karen Green,Personal,Medium
C501433,Liam Taylor,Personal,Low
C501434,Ashley Clark,Personal,Low
C501435,Daniel Wright,Personal,Low
C501436,John Roy,Business,Medium
C501437,Lisa Johnson,Personal,Low
C501438,Fatima Roy,Personal,High
C501439,Susan White,Personal,Low
C501440,Susan Scott,Personal,Medium
C501441,Chen King,Personal,Low
C501442,Chen Gagnon,Personal,Medium
C501443,Mary Miller,Personal,High
C501444,Jessica Scott,Business,Low
C501445,Lisa Wright,Personal,Low
C501446,Joshua Levesque,Personal,Low
C501447,Olivia Johnson,Joint,Low
C501448,Brian Patel,Personal,Low
C501449,Paul Martinez,Personal,Medium
C501450,Karen Robinson,Personal,Low
C501451,David Thomas,Joint,Medium
C501452,Betty Thomas,Joint,Low
C501453,Matthew Clark,Personal,Low
C501454,Noah Green,Business,Low
C501455,Michael Martinez,Personal,Low
C501456,David Walker,Personal,Low
C501457,Andrew Moore,Business,Low
C501458,Michael Gagnon,Personal,Low
C501459,Wei Allen,Personal,Low
C501460,Susan Miller,Business,High
C501461,Priya Martinez,Personal,Low
C501462,Susan Young,Business,Low
C501463,Mary Roy,Joint,Medium
C501464,Sarah Young,Business,High
C501465,Daniel Anderson,Business,Medium
C501466,Kevin Taylor,Business,Medium
C501467,Lisa Tremblay,Business,Low
C501468,Sandra Kim,Personal,Medium
C501469,Michael Miller,Personal,Medium
C501470,Karen Martin,Personal,Medium
C501471,Kevin Scott,Joint,High
C501472,Daniel Miller,Personal,Low
C501473,Sandra Wright,Personal,Medium
C501474,Sandra Williams,Business,Medium
C501475,Mary Anderson,Business,Medium
C501476,James Moore,Personal,Low
C501477,Jessica Rodriguez,Personal,Low
C501478,Jessica Dubois,Business,Medium
C501479,Sarah Garcia,Business,Low
C501480,Betty Taylor,Joint,Low
C501481,Steven Roy,Personal,Low
C501482,Andrew Lee,Personal,High
C501483,David White,Personal,Medium
C501484,Jennifer White,Personal,Low
C501485,Brian King,Business,Low
C501486,Mark Martinez,Joint,Medium
C501487,Betty Wilson,Joint,Low
C501488,Wei White,Personal,Low
C501489,Olivia Wright,Personal,Low
C501490,Sofia Lee,Business,Medium
C501491,James Kim,Business,Low
C501492,Elizabeth Miller,Personal,Low
C501493,James Roy,Personal,Medium
C501494,Matthew Tremblay,Joint,Medium
C501495,Amrit Tremblay,Personal,Medium
C501496,Olivia Wilson,Personal,Medium
C501497,Linda Wright,Joint,Medium
C501498,Barbara Dubois,Personal,Low
C501499,Karen Allen,Business,Low
C501500,Robert Brown,Personal,High
C501501,Olivia Kim,Personal,Low
C501502,Patricia Singh,Business,Low
C501503,Barbara Wright,Personal,Low
C501504,Lisa Williams,Personal,Medium
C501505,Priya Clark,Personal,Low
C501506,Fatima Harris,Personal,Low
C501507,Karen Martinez,Personal,Low
C501508,Sofia Roy,Personal,Low
C501509,Chen Clark,Personal,Low
C501510,Daniel Tremblay,Personal,Low
C501511,Ashley Anderson,Personal,Low
C501512,Ashley Tremblay,Personal,Medium
C501513,Barbara Singh,Personal,Low
C501514,Mark Jones,Personal,Low
C501515,Sofia Nguyen,Personal,Low
C501516,Kevin Smith,Personal,Medium
C501517,Michael Brown,Personal,Low
C501518,Paul White,Joint,Low
C501519,Patricia Johnson,Business,Low
C501520,Michael Harris,Joint,Low
C501521,James Davis,Joint,Low
C501522,Michael Singh,Personal,Low
C501523,Jessica Tremblay,Personal,Low
C501524,Linda Lee,Personal,Low
C501525,John Young,Joint,Low
C501526,Noah Levesque,Personal,Low
C501527,Matthew Anderson,Personal,Low
C501528,Chen Nguyen,Personal,Low
C501529,Brian Harris,Personal,Medium
C501530,John Davis,Personal,Medium
C501531,Sandra Kim,Personal,Low
C501532,Nancy Jones,Personal,Low
C501533,Andrew Clark,Business,Low
C501534,Mary Martinez,Personal,Low
C501535,Brian Tremblay,Personal,Medium
C501536,Chen Rodriguez,Business,Low
C501537,Ashley Chan,Business,Low
C501538,Kevin Johnson,Personal,High
C501539,Anthony Dubois,Joint,Low
C501540,Betty Green,Joint,Low
C501541,Betty Martin,Personal,Low
C501542,Andrew Scott,Personal,Low
C501543,Betty Patel,Business,Low
C501544,Joshua Rodriguez,Personal,High
C501545,Betty Scott,Personal,Low
C501546,Betty Davis,Personal,High
C501547,Paul Kim,Personal,Low
C501548,Sofia Scott,Personal,Low
C501549,Priya Harris,Personal,Low
C501550,Lisa Patel,Personal,Low
C501551,Elizabeth Martinez,Joint,Low
C501552,Wei Patel,Personal,Medium
C501553,Steven Chan,Personal,Low
C501554,Mark Wilson,Personal,Low
C501555,Sofia Lee,Business,Low
C501556,John Martinez,Personal,Low
C501557,Amrit Dubois,Personal,Low
C501558,Nancy Thompson,Joint,Medium
C501559,Sarah Thomas,Personal,Low
C501560,Betty Dubois,Personal,Low
C501561,Linda Walker,Personal,Low
C501562,Ashley Martin,Personal,Low
C501563,Anthony Levesque,Joint,Low
C501564,Brian Singh,Joint,Low
C501565,Matthew Green,Business,Medium
C501566,Andrew Gagnon,Business,Low
C501567,Robert Levesque,Personal,Low
C501568,Mark Green,Personal,Medium
C501569,John Taylor,Personal,Low
C501570,Daniel Martinez,Personal,Low
C501571,Daniel Lewis,Personal,Medium
C501572,Michael Johnson,Business,Low
C501573,Emma Tremblay,Personal,Low
C501574,Anthony Clark,Personal,Medium
C501575,Susan White,Joint,Medium
C501576,Sarah Moore,Business,Medium
C501577,Chen Taylor,Business,Medium
C501578,David Garcia,Personal,Medium
C501579,Ashley White,Personal,Low
C501580,Chen Lewis,Joint,Low
C501581,Sarah Walker,Joint,Low
C501582,Matthew Brown,Personal,Low
C501583,Amrit Roy,Business,High
C501584,Susan Jones,Personal,Low
C501585,Jessica Clark,Business,Low
C501586,Mark Clark,Personal,High
C501587,Mark Anderson,Personal,Medium
C501588,Barbara Nguyen,Business,Low
C501589,David Anderson,Personal,Low
C501590,Noah Nguyen,Personal,Low
C501591,Karen Johnson,Personal,Low
C501592,Fatima Dubois,Personal,High
C501593,Patricia Singh,Joint,Low
C501594,David Scott,Personal,Low
C501595,Mark Thomas,Business,Low
C501596,Jennifer Roy,Personal,Low
C501597,Linda Roy,Personal,Low
C501598,Ashley Taylor,Personal,Low
C501599,Liam Scott,Business,Low
C501600,Fatima Clark,Personal,Low
C501601,Anthony Davis,Personal,Medium
C501602,Linda Harris,Personal,Medium
C501603,Robert Martinez,Business,Low
C501604,Jessica Thomas,Business,Medium
C501605,Nancy Green,Joint,Low
C501606,Wei Smith,Business,Medium
C501607,James Robinson,Personal,Medium
C501608,Nancy Scott,Business,High
C501609,Linda Moore,Business,Low
C501610,Matthew Harris,Personal,Low
C501611,Mark Roy,Personal,Low
C501612,Anthony Young,Personal,Low
C501613,Patricia King,Personal,Low
C501614,Fatima Miller,Personal,Medium
C501615,Fatima Thomas,Personal,Medium
C501616,Kevin Davis,Personal,Medium
C501617,Mark Lee,Business,Low
C501618,James Taylor,Business,Medium
C501619,Jennifer Scott,Personal,High
C501620,Wei Anderson,Personal,Low
C501621,James Tremblay,Personal,Low
C501622,Chen Martinez,Joint,Medium
C501623,Elizabeth Roy,Personal,High
C501624,Robert Green,Personal,Low
C501625,Mary Allen,Personal,Medium
C501626,Linda Harris,Business,Low
C501627,Anthony Allen,Business,Medium
C501628,Sandra Miller,Joint,Medium
C501629,Jessica Dubois,Business,Low
C501630,Sarah Walker,Personal,Low
C501631,Chen Kim,Personal,Low
C501632,John Roy,Business,Medium
C501633,Sarah Martin,Business,Low
C501634,John Allen,Personal,High
C501635,Brian Jones,Personal,Low
C501636,Daniel Wilson,Business,Medium
C501637,Sandra Scott,Joint,Medium
C501638,Jennifer Singh,Personal,Low
C501639,Chen Smith,Personal,Low
C501640,Joshua Gagnon,Personal,Low
C501641,Jessica Martin,Business,Low
C501642,Daniel Allen,Business,High
C501643,Kevin Allen,Personal,High
C501644,Amrit Rodriguez,Personal,Low
C501645,John Jones,Joint,High
C501646,Daniel Levesque,Personal,Medium
C501647,Chen Wright,Personal,Low
C501648,Andrew Walker,Joint,Low
C501649,Kevin Allen,Personal,Low
C501650,Wei Levesque,Business,Low
C501651,Betty Johnson,Personal,Low
C501652,Matthew Moore,Joint,Medium
C501653,Barbara Johnson,Personal,Medium
C501654,James Thompson,Personal,Low
C501655,Nancy Thomas,Personal,Medium
C501656,Susan Gagnon,Business,Low
C501657,Joshua Williams,Personal,Low
C501658,Mary Young,Personal,Low
C501659,Emma Scott,Personal,Low
C501660,Susan Tremblay,Business,High
C501661,Sarah Kim,Joint,Low
C501662,Jennifer Wright,Personal,Low
C501663,Sarah Taylor,Joint,Low
C501664,Kevin Dubois,Personal,Medium
C501665,Robert Tremblay,Business,Low
C501666,Linda Gagnon,Personal,Low
C501667,Elizabeth Martin,Personal,Medium
C501668,Priya Lee,Personal,Low
C501669,Andrew Levesque,Personal,Medium
C501670,Kevin Nguyen,Personal,Medium
C501671,Ashley Rodriguez,Business,Low
C501672,David Moore,Personal,Low
C501673,James Chan,Personal,Low
C501674,Steven Singh,Business,Medium
C501675,Joshua Singh,Business,Low
C501676,John Patel,Personal,High
C501677,Ashley Patel,Business,Low
C501678,Emma Thomas,Personal,Low
C501679,Ashley Singh,Personal,Medium
C501680,Anthony Gagnon,Personal,High
C501681,Michael Brown,Business,High
C501682,Elizabeth Taylor,Personal,Low
C501683,Steven Roy,Joint,Low
C501684,Liam Roy,Personal,Low
C501685,Betty Moore,Personal,Medium
C501686,Elizabeth Anderson,Personal,Low
C501687,Barbara Johnson,Business,Low
C501688,Andrew Robinson,Business,Medium
C501689,Priya Clark,Business,Low
C501690,Anthony Lewis,Business,Low
C501691,David Smith,Business,Low
C501692,Jennifer Gagnon,Personal,Low
C501693,Paul White,Business,Low
C501694,Anthony Thompson,Personal,Medium
C501695,Mary Rodriguez,Joint,Low
C501696,Kevin Martin,Business,Low
C501697,Mark Robinson,Personal,Medium
C501698,Betty Kim,Business,Low
C501699,Nancy Harris,Personal,Low
C501700,Chen Green,Business,Low
C501701,Wei Clark,Joint,Low
C501702,David Lee,Personal,Low
C501703,Liam Brown,Business,Low
C501704,Daniel Levesque,Personal,Low
C501705,Karen Green,Personal,Low
C501706,Robert Singh,Personal,Low
C501707,Emma Wilson,Joint,Low
C501708,Linda Brown,Personal,Low
C501709,Andrew Miller,Personal,Low
C501710,Noah Martin,Business,Low
C501711,Joshua Walker,Business,High
C501712,Paul Garcia,Business,High
C501713,Anthony Thompson,Personal,Low
C501714,Liam Wilson,Personal,Low
C501715,John Anderson,Personal,Low
C501716,Olivia Johnson,Personal,Medium
C501717,Robert Robinson,Personal,Medium
C501718,Nancy King,Personal,Low
C501719,Olivia Rodriguez,Business,Medium
C501720,Matthew King,Personal,Medium
C501721,Mark Martin,Personal,Low
C501722,Mark Jones,Personal,Low
C501723,Steven King,Personal,Low
C501724,John Jones,Business,Low
C501725,Fatima Garcia,Business,Low
C501726,Noah Brown,Personal,Low
C501727,Steven Garcia,Business,Medium
C501728,Amrit King,Business,Low
C501729,James Tremblay,Personal,Low
C501730,Susan Harris,Personal,Low
C501731,Brian Moore,Business,Medium
C501732,Steven Martinez,Personal,Medium
C501733,Liam Thomas,Personal,Medium
C501734,Matthew Patel,Personal,Low
C501735,Matthew Taylor,Business,Low
C501736,James Anderson,Personal,Low
C501737,Patricia Miller,Personal,Low
C501738,Paul Green,Personal,Low
C501739,Susan Levesque,Personal,Low
C501740,Nancy Roy,Personal,Low
C501741,Nancy Rodriguez,Personal,Low
C501742,Andrew Johnson,Personal,Low
C501743,Wei Martin,Business,Medium
C501744,Ashley Lee,Personal,Medium
C501745,Lisa Anderson,Personal,Low
C501746,Paul Walker,Personal,Low
C501747,Mary Chan,Business,Low
C501748,Chen Brown,Joint,Low
C501749,Ashley Thompson,Personal,Low
C501750,Wei Singh,Business,Medium
C501751,Kevin Wilson,Business,Low
C501752,Jennifer Patel,Personal,Low
C501753,Liam Moore,Personal,Low
C501754,Andrew Wilson,Personal,Medium
C501755,Steven Miller,Personal,Medium
C501756,Paul Taylor,Business,Medium
C501757,Lisa Thompson,Personal,Medium
C501758,Patricia Thomas,Personal,Low
C501759,Anthony Thomas,Business,Medium
C501760,Paul Singh,Personal,Medium
C501761,Brian Wilson,Personal,Low
C501762,James Davis,Personal,Low
C501763,Ashley Smith,Joint,High
C501764,Joshua Green,Personal,Low
C501765,David White,Joint,Low
C501766,Nancy Martin,Personal,Low
C501767,Sarah Davis,Personal,Low
C501768,Susan Martinez,Personal,Low
C501769,Andrew Wilson,Personal,Low
C501770,David Levesque,Personal,Medium
C501771,Liam Johnson,Business,Low
C501772,Michael Clark,Business,Low
C501773,Matthew Robinson,Personal,Low
C501774,Noah Smith,Personal,Low
C501775,Amrit Williams,Personal,Low
C501776,David Martin,Business,Medium
C501777,Jessica Williams,Personal,Medium
C501778,Barbara Garcia,Personal,Low
C501779,Chen Levesque,Personal,Low
C501780,David Clark,Personal,Medium
C501781,Brian Lee,Personal,Low
C501782,Priya Thompson,Business,Low
C501783,Sarah Williams,Joint,Low
C501784,Andrew Thomas,Personal,Low
C501785,Priya Clark,Personal,Medium
C501786,Brian King,Personal,Low
C501787,Priya Brown,Business,Medium
C501788,Karen Davis,Business,Medium
C501789,Chen Nguyen,Personal,Low
C501790,Amrit Levesque,Personal,Medium
C501791,Liam Rodriguez,Personal,Medium
C501792,Joshua Lee,Personal,High
C501793,Steven Green,Business,Low
C501794,Sandra Thompson,Personal,Low
C501795,Susan Wilson,Personal,Low
C501796,Betty Miller,Business,Low
C501797,Olivia Kim,Business,High
C501798,Emma Young,Business,Low
C501799,Sandra White,Business,Medium
C501800,Matthew Green,Joint,Low
C501801,Nancy Patel,Personal,Low
C501802,Priya Garcia,Personal,Low
C501803,David Gagnon,Joint,Medium
C501804,Ashley Clark,Personal,High
C501805,Susan Wright,Business,Medium
C501806,Mary Wilson,Personal,Low
C501807,Robert Roy,Personal,Medium
C501808,Matthew Thomas,Business,Low
C501809,Sofia Young,Personal,Low
C501810,Fatima King,Personal,Medium
C501811,Amrit Anderson,Personal,Low
C501812,Jessica Garcia,Personal,Medium
C501813,Chen Singh,Personal,Low
C501814,Sofia Garcia,Personal,Low
C501815,Joshua Rodriguez,Business,Low
C501816,Jennifer Brown,Personal,Low
C501817,Karen Nguyen,Personal,Low
C501818,Priya Jones,Joint,Low
C501819,John Gagnon,Business,Medium
C501820,Karen Harris,Personal,Medium
C501821,Andrew Thomas,Personal,Low
C501822,David Anderson,Joint,Low
C501823,Mark Lewis,Personal,Low
C501824,Andrew Clark,Personal,Medium
C501825,Kevin Lewis,Personal,Low
C501826,Priya Martin,Personal,Medium
C501827,Sandra Kim,Business,High
C501828,James Tremblay,Business,Low
C501829,Susan Clark,Business,Low
C501830,Nancy Wright,Personal,Medium
C501831,Anthony Williams,Personal,Low
C501832,John Walker,Business,Low
C501833,Chen Moore,Business,Low
C501834,Paul Johnson,Personal,Medium
C501835,Barbara Taylor,Personal,High
C501836,Wei Robinson,Personal,Low
C501837,Fatima Levesque,Personal,Low
C501838,Lisa Tremblay,Personal,Low
C501839,Susan Miller,Joint,Low
C501840,Robert Miller,Personal,Low
C501841,Karen Brown,Personal,Medium
C501842,Mark Kim,Personal,Low
C501843,James Taylor,Personal,Low
C501844,Anthony Lewis,Business,Medium
C501845,Liam Young,Personal,Low
C501846,David Thompson,Personal,Low
C501847,Noah Martinez,Joint,Medium
C501848,Amrit Moore,Personal,Low
C501849,Matthew Thompson,Personal,Low
C501850,Ashley Smith,Business,Low
C501851,Anthony Martin,Personal,Low
C501852,Jessica Gagnon,Joint,Low
C501853,Sandra Singh,Personal,Low
C501854,James Jones,Business,Low
C501855,Patricia Thompson,Joint,Low
C501856,Matthew Wright,Business,Low
C501857,Sarah Thompson,Personal,High
C501858,Lisa Wright,Personal,High
C501859,Priya Levesque,Personal,Medium
C501860,Michael Thomas,Business,High
C501861,Chen Dubois,Business,Low
C501862,Jessica Lee,Personal,Low
C501863,Steven Thompson,Personal,Medium
C501864,Sofia Kim,Business,Medium
C501865,Robert Lee,Personal,Low
C501866,David Brown,Personal,Medium
C501867,Paul Patel,Personal,Low
C501868,Mark Lewis,Personal,Medium
C501869,Paul Lee,Personal,Medium
C501870,Amrit Green,Personal,Low
C501871,Linda Green,Personal,Low
C501872,Fatima Robinson,Business,Low
C501873,James Anderson,Personal,Low
C501874,Brian Singh,Joint,Low
C501875,Patricia White,Personal,Medium
C501876,Sofia Smith,Personal,Medium
C501877,Karen Kim,Personal,Low
C501878,Paul Patel,Business,Low
C501879,Patricia Harris,Business,Medium
C501880,Linda Chan,Business,Medium
C501881,Olivia Chan,Personal,Medium
C501882,Daniel Robinson,Personal,Low
C501883,Betty Kim,Personal,Medium
C501884,Steven Wright,Business,Low
C501885,Linda Robinson,Personal,High
C501886,Anthony Walker,Personal,Low
C501887,Linda Williams,Business,Medium
C501888,David Chan,Personal,Low
C501889,Paul Chan,Business,High
C501890,Noah Patel,Business,Medium
C501891,Linda Miller,Personal,Medium
C501892,Patricia Moore,Business,Low
C501893,Andrew Lewis,Business,Medium
C501894,Daniel Allen,Personal,Low
C501895,Ashley Garcia,Personal,Medium
C501896,Mary Moore,Personal,Low
C501897,Noah Dubois,Personal,Low
C501898,Jennifer Williams,Personal,Low
C501899,Sofia Williams,Personal,High
C501900,Karen Allen,Personal,Medium
C501901,Robert Kim,Business,Medium
C501902,Nancy Chan,Joint,Low
C501903,Fatima Gagnon,Joint,Low
C501904,Mary Tremblay,Joint,Low
C501905,John Nguyen,Personal,Low
C501906,Jessica Robinson,Personal,Low
C501907,Paul Martinez,Personal,Low
C501908,Mark Taylor,Business,Low
C501909,Chen Wilson,Business,High
C501910,Linda Young,Business,Medium
C501911,Fatima Patel,Personal,Medium
C501912,Sarah Brown,Business,High
C501913,Joshua Levesque,Personal,Low
C501914,Sofia Williams,Personal,High
C501915,Anthony Clark,Business,High
C501916,Betty Anderson,Joint,Medium
C501917,Karen Harris,Personal,Low
C501918,Sandra Wright,Personal,Low
C501919,Lisa Nguyen,Personal,Low
C501920,Jessica Thomas,Personal,Medium
C501921,Lisa Dubois,Personal,Low
C501922,Jennifer Singh,Personal,Medium
C501923,Mark Wright,Personal,Medium
C501924,Robert Johnson,Joint,Low
C501925,Sandra Singh,Personal,Low
C501926,Wei Davis,Personal,High
C501927,Steven Taylor,Personal,Low
C501928,John Wilson,Personal,Low
C501929,Patricia Nguyen,Personal,Low
C501930,Daniel King,Business,Low
C501931,John Davis,Business,Low
C501932,Matthew Garcia,Personal,Medium
C501933,Liam Moore,Personal,Low
C501934,Elizabeth Wright,Business,Low
C501935,Sandra Thomas,Personal,Low
C501936,Mary Johnson,Personal,Low
C501937,Andrew Nguyen,Personal,Low
C501938,Paul Williams,Personal,Low
C501939,Susan Wilson,Business,Low
C501940,Liam Dubois,Joint,Low
C501941,Lisa Rodriguez,Personal,Low
C501942,Sandra Johnson,Personal,Low
C501943,Sofia Garcia,Business,Low
C501944,Sarah King,Personal,Low
C501945,Lisa Roy,Personal,Medium
C501946,Kevin Thomas,Business,Low
C501947,Sandra Nguyen,Personal,Medium
C501948,Linda Tremblay,Personal,Low
C501949,Linda Singh,Personal,Medium
C501950,Fatima Tremblay,Business,Medium
C501951,Emma Walker,Joint,Low
C501952,Chen Martinez,Business,Low
C501953,Priya Clark,Personal,Low
C501954,Priya Taylor,Personal,Medium
C501955,Brian White,Business,High
C501956,James Lee,Business,Low
C501957,Matthew White,Personal,Low
C501958,John Martinez,Business,Low
C501959,Elizabeth Rodriguez,Personal,Low
C501960,James Anderson,Business,Medium
C501961,Lisa Brown,Personal,Low
C501962,Mary Garcia,Business,Low
C501963,Susan Lee,Personal,Medium
C501964,Priya Davis,Business,Low
C501965,Mark Thompson,Business,High
C501966,Brian Davis,Business,Medium
C501967,Nancy Lewis,Personal,Low
C501968,Lisa Moore,Personal,Low
C501969,Sandra Young,Personal,Low
C501970,Patricia Wright,Personal,Low
C501971,Jennifer Thompson,Personal,High
C501972,Liam Miller,Personal,High
C501973,Liam Patel,Personal,High
C501974,Linda Robinson,Personal,Low
C501975,Barbara Clark,Business,Medium
C501976,Susan Anderson,Business,Low
C501977,Brian Williams,Joint,Medium
C501978,Nancy Chan,Joint,High
C501979,Mary Harris,Personal,Low
C501980,Steven Young,Joint,High
C501981,Mary Singh,Personal,High
C501982,Mark Taylor,Personal,Medium
C501983,Brian Anderson,Personal,Low
C501984,Patricia Moore,Personal,Medium
C501985,Susan Thomas,Personal,Medium
C501986,Steven Allen,Personal,Low
C501987,Amrit Walker,Business,Low
C501988,Robert Taylor,Personal,Medium
C501989,Sarah Taylor,Joint,Low
C501990,Jennifer Johnson,Personal,Medium
C501991,Sarah Roy,Personal,Medium
C501992,Jessica Walker,Personal,Low
C501993,Elizabeth Singh,Personal,Medium
C501994,Karen Thompson,Business,Medium
C501995,Karen Tremblay,Personal,Low
C501996,Barbara Martin,Personal,Low
C501997,Ashley Harris,Business,Low
C501998,David Roy,Personal,Low
C501999,Mark Davis,Personal,Low
C502000,Kevin Anderson,Business,Low
C502001,Matthew Singh,Business,Low
C502002,Liam Scott,Joint,Medium
C502003,Mark Lee,Personal,Medium
C502004,Liam Kim,Personal,Low
C502005,Matthew White,Business,Low
C502006,Sarah Tremblay,Business,Low
C502007,Emma Lewis,Personal,Low
C502008,Sarah Moore,Business,Low
C502009,Chen Clark,Personal,Low
C502010,James Lee,Personal,Low
C502011,Betty King,Personal,Low
C502012,Nancy Green,Business,Low
C502013,James Allen,Personal,Medium
C502014,Andrew Wilson,Personal,Low
C502015,Karen White,Business,Medium
C502016,Priya Thomas,Business,Low
C502017,Emma Gagnon,Personal,Medium
C502018,Kevin Lee,Personal,Low
C502019,Mark Wright,Business,Low
C502020,Sofia Miller,Business,Low
C502021,Karen Young,Personal,Low
C502022,Nancy Patel,Personal,Low
C502023,Jennifer Brown,Joint,Low
C502024,James Robinson,Personal,Medium
C502025,Liam Davis,Business,Medium
C502026,Anthony Chan,Business,Medium
C502027,Linda Lewis,Business,Low
C502028,Jessica Taylor,Personal,Low
C502029,Daniel Brown,Personal,Low
C502030,Sofia Gagnon,Personal,Low
C502031,Michael Kim,Business,High
C502032,Anthony Smith,Personal,Medium
C502033,Michael Martinez,Personal,Medium
C502034,Mary Moore,Personal,Medium
C502035,Emma Jones,Personal,Medium
C502036,Anthony Levesque,Personal,Low
C502037,Betty Gagnon,Joint,Medium
C502038,Lisa Young,Business,Low
C502039,Betty Gagnon,Personal,Low
C502040,Olivia Green,Business,Low
C502041,Chen Lee,Personal,Low
C502042,Ashley Jones,Personal,Low
C502043,Karen Miller,Personal,Medium
C502044,Sofia Kim,Personal,High
C502045,Barbara Young,Personal,Low
C502046,Brian Martinez,Personal,Medium
C502047,Kevin Roy,Business,Low
C502048,Patricia Wilson,Personal,Low
C502049,Sarah Jones,Business,Low
C502050,Patricia White,Personal,Low
C502051,Jennifer Dubois,Business,Medium
C502052,Jennifer Martin,Business,Low
C502053,Jessica Harris,Personal,Low
C502054,Brian Green,Personal,Medium
C502055,Elizabeth Johnson,Personal,High
C502056,Priya Miller,Personal,Low
C502057,Chen Garcia,Personal,High
C502058,Sandra Anderson,Personal,Low
C502059,David Moore,Business,Medium
C502060,Fatima Nguyen,Personal,Low
C502061,Robert Clark,Personal,Low
C502062,Daniel Gagnon,Personal,Low
C502063,Brian Nguyen,Business,Low
C502064,Paul Lee,Business,Low
C502065,Emma Thompson,Personal,Low
C502066,David Clark,Business,High
C502067,Olivia White,Personal,Low
C502068,Ashley Thomas,Personal,Low
C502069,Noah Gagnon,Personal,Low
C502070,Michael Johnson,Personal,High
C502071,Daniel Smith,Personal,Low
C502072,Michael Martin,Business,Medium
C502073,Liam Davis,Personal,Low
C502074,Patricia Wilson,Personal,Low
C502075,James Lee,Personal,Low
C502076,Emma Taylor,Business,Medium
C502077,Paul Walker,Personal,Medium
C502078,Kevin Clark,Business,Low
C502079,Lisa Thomas,Personal,Low
C502080,Emma Moore,Personal,Low
C502081,Sandra Lee,Personal,Low
C502082,Steven Roy,Personal,Medium
C502083,Michael Martinez,Personal,Low
C502084,James Clark,Personal,Low
C502085,Nancy Martinez,Personal,Low
C502086,Mary Martin,Business,Low
C502087,Mark Roy,Joint,Low
C502088,Mark Harris,Personal,Medium
C502089,Nancy Robinson,Personal,Low
C502090,Lisa Clark,Personal,Low
C502091,Ashley Lee,Joint,Medium
C502092,Sarah Scott,Personal,Low
C502093,Noah Roy,Personal,Medium
C502094,Chen Roy,Business,Low
C502095,Karen Levesque,Personal,Low
C502096,James Thomas,Joint,Low
C502097,Patricia Chan,Personal,Medium
C502098,Jennifer Taylor,Personal,Low
C502099,Patricia Tremblay,Personal,Low
C502100,Wei Tremblay,Business,Low
C502101,Andrew Lee,Business,Medium
C502102,Ashley King,Personal,Low
C502103,Sarah Dubois,Joint,Low
C502104,Barbara Lewis,Personal,Low
C502105,Daniel Green,Personal,Low
C502106,Noah Tremblay,Personal,Low
C502107,James Garcia,Personal,Low
C502108,Elizabeth Gagnon,Personal,High
C502109,Michael Young,Personal,Low
C502110,Michael Allen,Personal,Medium
C502111,Betty Rodriguez,Joint,Low
C502112,Kevin Martinez,Personal,Low
C502113,Sandra Singh,Personal,Low
C502114,Barbara Taylor,Business,Medium
C502115,Patricia Thomas,Personal,Low
C502116,Linda Allen,Personal,Medium
C502117,Olivia King,Personal,Medium
C502118,John Gagnon,Business,Low
C502119,Liam Garcia,Business,Medium
C502120,Linda Anderson,Personal,Low
C502121,Robert King,Business,Medium
C502122,Linda Young,Business,Low
C502123,Fatima Lewis,Personal,Medium
C502124,Matthew Kim,Personal,Low
C502125,Andrew Jones,Personal,Low
C502126,Linda Tremblay,Business,Low
C502127,Barbara Rodriguez,Joint,High
C502128,Susan Johnson,Business,Low
C502129,Noah Johnson,Business,High
C502130,Mary Roy,Business,Medium
C502131,Karen Martinez,Personal,Low
C502132,Paul Levesque,Personal,Low
C502133,Emma Martinez,Personal,Low
C502134,Betty Clark,Business,Medium
C502135,Fatima Lee,Personal,High
C502136,Kevin Wright,Personal,Low
C502137,Jessica Gagnon,Personal,Low
C502138,Paul Garcia,Personal,Medium
C502139,Steven Martinez,Business,Low
C502140,Steven Brown,Business,Low
C502141,Emma Martinez,Personal,Low
C502142,Robert Singh,Personal,Medium
C502143,Matthew Harris,Joint,Medium
C502144,Chen Lewis,Business,Low
C502145,Patricia Chan,Personal,High
C502146,Paul Dubois,Personal,High
C502147,Betty Levesque,Business,Low
C502148,Jessica Brown,Joint,Low
C502149,Priya Patel,Personal,Medium
C502150,Robert Martin,Business,Low
C502151,Andrew Davis,Joint,Medium
C502152,David Young,Personal,Low
C502153,Brian Robinson,Personal,Low
C502154,Emma Scott,Personal,Medium
C502155,Joshua Walker,Personal,High
C502156,Sarah Thompson,Business,Medium
C502157,Noah Wright,Joint,Low
C502158,John Patel,Personal,Low
C502159,Barbara Davis,Personal,Low
C502160,Paul Robinson,Joint,Medium
C502161,Robert Williams,Personal,Low
C502162,Nancy White,Business,Medium
C502163,Matthew Wilson,Business,High
C502164,Jennifer Nguyen,Business,High
C502165,Steven Scott,Joint,Low
C502166,Robert Anderson,Business,Medium
C502167,Emma Brown,Personal,Low
C502168,Joshua Chan,Personal,Medium
C502169,Sandra Jones,Business,Medium
C502170,Nancy Tremblay,Personal,High
C502171,Karen Walker,Business,Low
C502172,Daniel White,Personal,Low
C502173,Chen Robinson,Business,Low
C502174,Brian Lewis,Personal,Low
C502175,Mary Young,Joint,Low
C502176,Fatima Chan,Joint,Low
C502177,Amrit Clark,Personal,Low
C502178,Andrew Johnson,Business,Low
C502179,John Wright,Business,Low
C502180,Jessica Jones,Joint,Low
C502181,Karen Scott,Personal,Low
C502182,Sarah Thomas,Business,Low
C502183,Chen Nguyen,Personal,Medium
C502184,Matthew Nguyen,Business,Low
C502185,Steven Dubois,Joint,Medium
C502186,Kevin Clark,Business,Low
C502187,Robert Davis,Personal,Low
C502188,Sandra Anderson,Joint,High
C502189,Sofia White,Business,Low
C502190,Susan King,Joint,Low
C502191,Patricia Patel,Personal,Medium
C502192,James Walker,Business,High
C502193,Emma Green,Personal,Low
C502194,Linda Williams,Personal,Low
C502195,Matthew Lee,Personal,Low
C502196,Betty Taylor,Business,Low
C502197,Nancy Gagnon,Joint,High
C502198,Brian Nguyen,Business,High
C502199,Liam Dubois,Personal,Low
C502200,Brian Wilson,Business,Medium
C502201,Anthony Taylor,Personal,Low
C502202,Mark Lewis,Personal,Medium
C502203,Joshua Nguyen,Personal,Low
C502204,Sandra Young,Business,Low
C502205,Matthew Gagnon,Personal,Low
C502206,Anthony Roy,Personal,Low
C502207,Chen Chan,Business,Low
C502208,Robert Davis,Joint,Low
C502209,Andrew Tremblay,Personal,Low
C502210,Brian Wilson,Personal,Low
C502211,Emma Harris,Personal,Medium
C502212,Ashley Martin,Personal,Low
C502213,Jennifer Anderson,Joint,Medium
C502214,Priya Miller,Business,Low
C502215,Linda Roy,Personal,Low
C502216,David Davis,Personal,Medium
C502217,Mary Anderson,Personal,Medium
C502218,Andrew Wright,Personal,Low
C502219,Chen Walker,Business,Medium
C502220,Steven Nguyen,Personal,Low
C502221,Jessica Taylor,Personal,Low
C502222,Linda Allen,Personal,Low
C502223,Linda Thomas,Personal,Low
C502224,Brian Anderson,Personal,Medium
C502225,Sandra Johnson,Personal,Low
C502226,Andrew Moore,Personal,Low
C502227,Jessica Lewis,Joint,Medium
C502228,Liam Moore,Personal,Low
C502229,Chen Robinson,Personal,Low
C502230,Lisa Lee,Personal,Low
C502231,James Jones,Personal,Low
C502232,Jennifer Rodriguez,Joint,Low
C502233,Jessica Thomas,Personal,Medium
C502234,Lisa Scott,Personal,Low
C502235,Michael Miller,Personal,Low
C502236,Sarah Clark,Personal,Low
C502237,Priya Singh,Business,Low
C502238,Sofia Harris,Personal,Low
C502239,Mark Martinez,Personal,Low
C502240,Paul Lee,Personal,Medium
C502241,Michael Nguyen,Personal,Medium
C502242,Noah Moore,Personal,Low
C502243,James Miller,Business,Medium
C502244,Chen Nguyen,Personal,Low
C502245,Chen Anderson,Personal,Low
C502246,Sandra Lewis,Personal,Low
C502247,Karen Johnson,Personal,Low
C502248,Betty King,Business,Low
C502249,James Nguyen,Personal,Medium
C502250,Fatima Davis,Personal,Low
C502251,John Wilson,Personal,Low
C502252,Jennifer Wilson,Joint,Low
C502253,Andrew Thomas,Joint,High
C502254,Mary Harris,Personal,Low
C502255,Nancy Dubois,Joint,Medium
C502256,Joshua Chan,Joint,Low
C502257,David Walker,Business,Low
C502258,Daniel Johnson,Personal,Medium
C502259,David Martin,Personal,High
C502260,Wei Brown,Business,Low
C502261,Linda Lee,Joint,Low
C502262,Susan King,Business,Low
C502263,Sarah Green,Business,Low
C502264,Fatima Roy,Personal,Low
C502265,Wei Martinez,Personal,Low
C502266,Sarah Williams,Personal,Medium
C502267,Jennifer Smith,Personal,Low
C502268,Chen Green,Personal,Low
C502269,Priya Singh,Personal,Low
C502270,Nancy Williams,Personal,Medium
C502271,Priya Johnson,Personal,Low
C502272,Sarah Moore,Business,Low
C502273,Chen Garcia,Joint,Low
C502274,Joshua Roy,Business,Low
C502275,Michael Wilson,Business,Low
C502276,Wei Taylor,Business,Low
C502277,Liam Garcia,Personal,Low
C502278,Paul Singh,Personal,Low
C502279,Kevin Singh,Business,Low
C502280,Steven Kim,Personal,Low
C502281,Daniel Thomas,Business,Low
C502282,Matthew King,Personal,Low
C502283,Susan Green,Personal,Low
C502284,Barbara Thomas,Business,Low
C502285,Fatima Wright,Personal,Low
C502286,Daniel Wright,Personal,Medium
C502287,Matthew Wilson,Business,High
C502288,Ashley King,Personal,Low
C502289,Noah King,Personal,Medium
C502290,Robert Thompson,Personal,Medium
C502291,Karen Jones,Personal,High
C502292,Priya Patel,Personal,Low
C502293,Elizabeth White,Personal,Low
C502294,Mary Scott,Personal,High
C502295,David King,Personal,High
C502296,John Lee,Personal,Low
C502297,Fatima Johnson,Joint,Low
C502298,Fatima Johnson,Joint,Medium
C502299,Robert Scott,Business,Medium
C502300,John White,Joint,Low
C502301,Lisa King,Personal,Low
C502302,Daniel Martinez,Personal,Low
C502303,Sandra Dubois,Personal,Medium
C502304,John Smith,Personal,Low
C502305,Patricia Rodriguez,Personal,Low
C502306,Sofia Roy,Personal,Low
C502307,Barbara Wilson,Personal,Medium
C502308,Noah Williams,Personal,Low
C502309,Ashley Allen,Personal,Medium
C502310,Anthony Tremblay,Personal,High
C502311,Matthew Thomas,Personal,Low
C502312,Matthew Thompson,Personal,Medium
C502313,John King,Personal,Low
C502314,Chen Thomas,Joint,Low
C502315,Noah Gagnon,Business,Low
C502316,Daniel Davis,Personal,High
C502317,Amrit Robinson,Personal,Low
C502318,Joshua Nguyen,Personal,Low
C502319,Sofia Wilson,Personal,Low
C502320,Linda Scott,Joint,Low
C502321,Priya Johnson,Personal,Low
C502322,Sarah Moore,Personal,Low
C502323,Susan Scott,Personal,Low
C502324,Linda Nguyen,Personal,Low
C502325,David Dubois,Personal,Low
C502326,David King,Business,Low
C502327,Mary Williams,Personal,Low
C502328,Brian Brown,Personal,Medium
C502329,Sarah Tremblay,Business,Low
C502330,Kevin Garcia,Business,Low
C502331,Emma Wright,Personal,Low
C502332,Jennifer Roy,Personal,Low
C502333,Joshua Miller,Personal,Low
C502334,John Nguyen,Business,Low
C502335,Paul Moore,Personal,Medium
C502336,Noah Levesque,Business,Low
C502337,Lisa Thomas,Personal,Low
C502338,Sofia Walker,Personal,Medium
C502339,Barbara Garcia,Personal,Low
C502340,Mary White,Personal,Low
C502341,Lisa Dubois,Personal,High
C502342,Chen Young,Personal,Low
C502343,Elizabeth Roy,Business,Medium
C502344,Wei Chan,Business,Low
C502345,Jennifer Moore,Business,Medium
C502346,Kevin Tremblay,Business,Low
C502347,Anthony Thomas,Personal,Medium
C502348,Nancy Martinez,Joint,Low
C502349,Paul Chan,Business,Low
C502350,Noah Smith,Personal,Low
C502351,Mark Davis,Personal,Medium
C502352,Amrit King,Personal,Low
C502353,Robert Scott,Personal,Medium
C502354,Jennifer Lee,Personal,Medium
C502355,Ashley Martinez,Business,Low
C502356,Sofia Smith,Personal,Low
C502357,Brian Brown,Personal,Medium
C502358,Nancy Garcia,Business,Low
C502359,Elizabeth Garcia,Business,Low
C502360,Sofia Jones,Personal,High
C502361,Mary Levesque,Business,Low
C502362,Kevin Taylor,Personal,Low
C502363,Priya Brown,Personal,Medium
C502364,Amrit Thompson,Personal,Medium
C502365,Kevin Lee,Business,Low
C502366,Linda Young,Business,Medium
C502367,Andrew Roy,Business,Low
C502368,Patricia Roy,Business,Low
C502369,Susan Patel,Joint,Low
C502370,James Patel,Personal,Low
C502371,Steven Rodriguez,Personal,Medium
C502372,Anthony Rodriguez,Business,Medium
C502373,Matthew Taylor,Personal,High
C502374,Elizabeth Miller,Personal,Medium
C502375,Anthony Anderson,Personal,Low
C502376,Michael Scott,Business,High
C502377,Mary Smith,Personal,Low
C502378,Robert Anderson,Personal,Low
C502379,Olivia Anderson,Personal,Medium
C502380,Paul Davis,Personal,Low
C502381,Sarah King,Personal,Medium
C502382,Sarah Harris,Business,Low
C502383,Linda Thompson,Personal,Low
C502384,Mark Rodriguez,Personal,Low
C502385,Priya Wright,Business,Medium
C502386,David Rodriguez,Business,Medium
C502387,Olivia Robinson,Personal,Low
C502388,John Chan,Personal,Medium
C502389,Andrew Taylor,Personal,Low
C502390,Betty Thomas,Personal,Low
C502391,Patricia Thomas,Personal,Low
C502392,Steven Wright,Business,Medium
C502393,Amrit King,Personal,Low
C502394,Kevin King,Personal,Medium
C502395,Noah Young,Business,Low
C502396,Nancy Rodriguez,Joint,Low
C502397,Patricia Jones,Joint,Low
C502398,Daniel Young,Personal,Low
C502399,Sofia Green,Personal,Low
C502400,Priya Rodriguez,Personal,Low
C502401,Mary Thompson,Personal,Medium
C502402,Sandra Taylor,Personal,Low
C502403,Karen Lee,Business,Low
C502404,Joshua Davis,Personal,Low
C502405,Wei Clark,Business,Medium
C502406,Daniel Martinez,Business,Medium
C502407,Sandra Tremblay,Personal,Medium
C502408,Amrit Levesque,Personal,Low
C502409,Karen Roy,Personal,Low
C502410,Betty Thompson,Joint,High
C502411,Wei Martin,Business,Medium
C502412,Karen Martinez,Business,Low
C502413,James Kim,Personal,Medium
C502414,Joshua Lee,Personal,Medium
C502415,Wei Scott,Business,Low
C502416,Liam Martinez,Business,High
C502417,Matthew Martinez,Joint,Low
C502418,Sandra Walker,Joint,Medium
C502419,Ashley Wright,Personal,Low
C502420,Andrew Rodriguez,Personal,Low
C502421,Robert Anderson,Personal,Medium
C502422,Chen Nguyen,Business,Medium
C502423,Noah Lee,Personal,Medium
C502424,Jennifer Garcia,Business,Medium
C502425,Anthony Gagnon,Personal,Low
C502426,Barbara Kim,Personal,Low
C502427,Chen Singh,Business,Low
C502428,Sandra Roy,Business,Low
C502429,Susan Singh,Personal,Low
C502430,Fatima Young,Joint,Low
C502431,Mark Taylor,Personal,Low
C502432,Sarah Thompson,Business,Medium
C502433,Jessica Chan,Personal,Low
C502434,Mary Young,Personal,Low
C502435,Michael Martinez,Business,Low
C502436,James Clark,Joint,Medium
C502437,Amrit Moore,Personal,Low
C502438,Susan Levesque,Personal,Low
C502439,Chen Tremblay,Personal,Medium
C502440,Jennifer Taylor,Joint,Medium
C502441,Steven Taylor,Business,Low
C502442,Kevin Brown,Personal,Low
C502443,David Kim,Business,Low
C502444,Fatima Anderson,Personal,Low
C502445,James Williams,Personal,Low
C502446,Chen Walker,Business,Medium
C502447,Ashley Chan,Personal,Low
C502448,Wei Levesque,Personal,Low
C502449,Jessica Young,Personal,Low
C502450,Robert Martin,Personal,Low
C502451,Mark Garcia,Personal,High
C502452,Nancy Jones,Personal,Low
C502453,David Thomas,Business,Low
C502454,Matthew Taylor,Personal,Low
C502455,James Singh,Personal,Low
C502456,Sandra Thompson,Personal,Medium
C502457,Kevin Clark,Personal,Low
C502458,Noah Wilson,Personal,Low
C502459,Elizabeth Martinez,Personal,Low
C502460,Chen Brown,Business,Low
C502461,Elizabeth Green,Personal,High
C502462,Liam Harris,Personal,Medium
C502463,Ashley Dubois,Business,Low
C502464,Linda Tremblay,Personal,Medium
C502465,Jessica Smith,Personal,Low
C502466,Matthew Wilson,Personal,Low
C502467,Linda Moore,Business,Medium
C502468,James Robinson,Business,Low
C502469,Amrit Taylor,Business,Low
C502470,Linda Brown,Business,Medium
C502471,Ashley Anderson,Personal,Low
C502472,Daniel Johnson,Personal,Low
C502473,Linda Miller,Business,Low
C502474,Sarah Scott,Business,Low
C502475,Paul Williams,Personal,Medium
C502476,Wei Robinson,Personal,Low
C502477,John Allen,Business,High
C502478,Liam White,Personal,Medium
C502479,Karen Wilson,Joint,Low
C502480,Betty Walker,Personal,High
C502481,Sofia Robinson,Joint,Low
C502482,Fatima Garcia,Personal,Low
C502483,Nancy Kim,Personal,Low
C502484,Amrit Anderson,Business,Medium
C502485,Sandra Robinson,Personal,Medium
C502486,Brian Williams,Personal,Medium
C502487,Elizabeth Jones,Personal,Low
C502488,Michael Patel,Personal,High
C502489,Elizabeth Williams,Personal,Low
C502490,Jessica Thompson,Business,Low
C502491,Paul Robinson,Personal,Low
C502492,Nancy Taylor,Personal,Medium
C502493,Steven Dubois,Personal,Low
C502494,Patricia Singh,Business,Medium
C502495,Joshua Dubois,Personal,Low
C502496,Sofia Robinson,Personal,Medium
C502497,Noah Green,Personal,High
C502498,Chen Rodriguez,Business,Low
C502499,Steven Martin,Personal,Medium
C502500,Barbara Harris,Personal,Medium
C502501,Robert Brown,Business,Low
C502502,Linda Scott,Business,High
C502503,Priya Roy,Business,Low
C502504,Amrit Roy,Business,High
C502505,Liam Jones,Personal,High
C502506,Karen Young,Business,Low
C502507,Emma Martin,Personal,Low
C502508,Sandra Wilson,Personal,Low
C502509,Karen Martinez,Personal,Low
C502510,Linda Nguyen,Personal,Medium
C502511,David Smith,Personal,High
C502512,Emma Miller,Business,High
C502513,Anthony Brown,Personal,Low
C502514,Susan Walker,Business,Low
C502515,Michael Young,Joint,Medium
C502516,Michael Moore,Business,High
C502517,Amrit Dubois,Personal,Low
C502518,Andrew Johnson,Personal,Medium
C502519,Jennifer Tremblay,Personal,Low
C502520,Susan Miller,Personal,Low
C502521,Jennifer Smith,Personal,Low
C502522,Brian Miller,Personal,Low
C502523,Jennifer Rodriguez,Personal,Low
C502524,Mark Nguyen,Personal,Medium
C502525,Priya Dubois,Business,Low
C502526,Mark Williams,Personal,Low
C502527,Anthony Clark,Personal,Medium
C502528,Olivia Singh,Personal,Low
C502529,Kevin Anderson,Personal,Low
C502530,Andrew Thompson,Business,Medium
C502531,Sandra Jones,Business,Low
C502532,Mary Kim,Business,Low
C502533,Emma Nguyen,Personal,Medium
C502534,Andrew Singh,Personal,Low
C502535,Jessica King,Personal,Medium
C502536,Liam Martinez,Business,Medium
C502537,Emma Gagnon,Personal,Low
C502538,Wei Singh,Personal,Low
C502539,Andrew Johnson,Personal,Medium
C502540,Patricia Jones,Personal,Low
C502541,Olivia Williams,Personal,Medium
C502542,Fatima Thompson,Personal,High
C502543,Susan Lee,Joint,Low
C502544,Matthew Young,Personal,Low
C502545,Susan Garcia,Personal,Low
C502546,Sandra Lee,Business,Low
C502547,Steven Brown,Business,Low
C502548,Wei White,Personal,High
C502549,Nancy Dubois,Business,High
C502550,Elizabeth Smith,Business,Low
C502551,Matthew Chan,Personal,Low
C502552,Sandra Chan,Business,Low
C502553,Kevin Patel,Personal,Low
C502554,Anthony Johnson,Personal,High
C502555,Kevin Harris,Personal,Low
C502556,Emma Smith,Personal,Low
C502557,Joshua Thomas,Business,Low
C502558,Kevin Anderson,Business,Low
C502559,Fatima White,Joint,High
C502560,Patricia Nguyen,Personal,Low
C502561,Sofia Miller,Business,Medium
C502562,Liam King,Joint,Medium
C502563,Sofia Nguyen,Personal,Low
C502564,Priya Martinez,Personal,Low
C502565,Andrew Williams,Business,Medium
C502566,Joshua Wilson,Business,Low
C502567,Sarah White,Personal,Low
C502568,Fatima Walker,Personal,Medium
C502569,Joshua Jones,Personal,Medium
C502570,Susan Walker,Joint,Low
C502571,Andrew White,Personal,Medium
C502572,Kevin Gagnon,Personal,Low
C502573,Ashley Martinez,Personal,Low
C502574,Wei Williams,Joint,Low
C502575,Wei Davis,Personal,High
C502576,Joshua Walker,Personal,Medium
C502577,Liam Johnson,Personal,Medium
C502578,Andrew Brown,Personal,Low
C502579,Olivia Dubois,Personal,Medium
C502580,Robert White,Joint,Medium
C502581,Emma Singh,Personal,Medium
C502582,Priya Clark,Personal,Low
C502583,Jessica Roy,Personal,Medium
C502584,Matthew Miller,Personal,Low
C502585,Paul Thompson,Business,High
C502586,Robert Singh,Personal,Medium
C502587,Kevin Green,Personal,High
C502588,Ashley Gagnon,Business,High
C502589,Kevin Patel,Personal,Low
C502590,Susan Thomas,Personal,Low
C502591,David Dubois,Business,Low
C502592,Jennifer Anderson,Personal,Medium
C502593,Robert Harris,Personal,Low
C502594,Olivia Davis,Joint,Low
C502595,Sarah Wilson,Personal,Low
C502596,Priya Tremblay,Personal,Low
C502597,Lisa Singh,Business,Medium
C502598,Amrit Scott,Joint,High
C502599,Robert Wright,Business,Low
C502600,Betty Scott,Business,Low
C502601,Betty Scott,Personal,High
C502602,Sandra Scott,Business,Medium
C502603,Paul Walker,Personal,Medium
C502604,Noah Johnson,Personal,Low
C502605,Jennifer Lewis,Personal,High
C502606,Susan Gagnon,Business,Medium
C502607,Robert Chan,Personal,Low
C502608,Anthony Smith,Personal,Low
C502609,Priya Thompson,Personal,Low
C502610,Kevin Brown,Business,Medium
C502611,Sofia Miller,Business,Medium
C502612,Patricia Patel,Personal,Medium
C502613,Kevin Davis,Personal,Low
C502614,Olivia Allen,Business,Medium
C502615,Ashley Singh,Personal,Low
C502616,Emma Gagnon,Business,High
C502617,Patricia Scott,Personal,Low
C502618,Fatima Harris,Personal,Low
C502619,Robert Thomas,Personal,Low
C502620,Jessica Brown,Personal,Medium
C502621,Ashley Taylor,Business,Medium
C502622,Paul Martinez,Personal,Low
C502623,Elizabeth Moore,Personal,Low
C502624,Betty Miller,Personal,Low
C502625,Barbara Harris,Personal,Medium
C502626,Matthew Martinez,Personal,Medium
C502627,Paul Brown,Personal,Low
C502628,Michael White,Personal,Low
C502629,Nancy Gagnon,Personal,High
C502630,Amrit Lewis,Personal,Low
C502631,Fatima Smith,Personal,Low
C502632,Anthony Wilson,Personal,Medium
C502633,Mary Thomas,Personal,Low
C502634,Sarah Lee,Personal,Low
C502635,Anthony Roy,Personal,Low
C502636,Steven Lee,Personal,Low
C502637,John Green,Personal,Low
C502638,Patricia Scott,Personal,Low
C502639,Olivia Thompson,Business,Low
C502640,Steven Williams,Personal,Low
C502641,Matthew Young,Joint,Low
C502642,Fatima Wright,Business,Low
C502643,Mary Kim,Joint,Low
C502644,Andrew Smith,Personal,Low
C502645,Liam Wright,Joint,Low
C502646,Olivia Clark,Personal,Low
C502647,Sarah Rodriguez,Personal,Low
C502648,Karen Moore,Business,Low
C502649,Fatima Wilson,Business,Low
C502650,Mark Patel,Business,Low
C502651,Emma Rodriguez,Business,Low
C502652,Wei Chan,Business,Medium
C502653,Steven Williams,Personal,Low
C502654,Daniel Nguyen,Personal,Medium
C502655,Lisa Walker,Personal,Low
C502656,Susan Johnson,Personal,Medium
C502657,Matthew Chan,Business,Medium
C502658,Liam Kim,Personal,Low
C502659,Emma Martinez,Personal,Low
C502660,Emma Patel,Personal,Low
C502661,Matthew Lewis,Business,Low
C502662,Sarah Miller,Business,Medium
C502663,Jennifer Thomas,Personal,Low
C502664,Patricia Wright,Personal,Low
C502665,Wei Harris,Personal,Low
C502666,Amrit Young,Personal,Medium
C502667,Karen Tremblay,Personal,High
C502668,Kevin Anderson,Personal,High
C502669,Matthew Thompson,Business,Low
C502670,Mark Nguyen,Personal,Low
C502671,David Lewis,Business,Low
C502672,Anthony Davis,Joint,Medium
C502673,Jennifer Allen,Business,Low
C502674,John Lewis,Personal,Medium
C502675,Susan Johnson,Joint,Medium
C502676,David Levesque,Business,Low
C502677,Chen Nguyen,Personal,Medium
C502678,Steven Moore,Business,Low
C502679,Patricia Lewis,Personal,Low
C502680,Matthew Kim,Personal,Low
C502681,Daniel Gagnon,Personal,Low
C502682,Mary Harris,Personal,Low
C502683,Sandra Lewis,Personal,High
C502684,David Tremblay,Personal,Medium
C502685,Kevin Wright,Business,High
C502686,Mary Levesque,Personal,Low
C502687,Jennifer Thomas,Joint,Low
C502688,Jessica Miller,Business,Low
C502689,Amrit Thompson,Personal,Low
C502690,Chen Johnson,Business,Low
C502691,John Taylor,Business,Low
C502692,Joshua King,Business,Low
C502693,Mary Miller,Personal,Medium
C502694,Mark Anderson,Personal,Medium
C502695,Andrew Miller,Personal,Medium
C502696,Linda Dubois,Personal,Low
C502697,Jennifer Martinez,Business,Low
C502698,Fatima Patel,Personal,Low
C502699,Priya Brown,Joint,Medium
C502700,Sandra Walker,Business,Low
C502701,Jennifer Williams,Business,Low
C502702,Kevin Williams,Personal,Low
C502703,Sofia Harris,Personal,Low
C502704,Patricia King,Personal,Low
C502705,Sofia Martin,Personal,Medium
C502706,Brian Robinson,Business,Low
C502707,Robert Roy,Personal,High
C502708,Joshua Taylor,Business,Medium
C502709,Noah Wilson,Business,Low
C502710,Lisa Rodriguez,Joint,Low
C502711,Jennifer Lewis,Personal,Low
C502712,Betty Robinson,Personal,Low
C502713,Linda Roy,Personal,Medium
C502714,David Davis,Personal,Low
C502715,John Chan,Personal,Medium
C502716,Elizabeth Wright,Personal,Low
C502717,Steven Thompson,Business,Low
C502718,Anthony Thompson,Business,Low
C502719,Priya Roy,Personal,Medium
C502720,Steven Rodriguez,Personal,Low
C502721,Mark Harris,Business,High
C502722,Daniel Jones,Personal,Low
C502723,Anthony Scott,Business,Low
C502724,Barbara Walker,Personal,Low
C502725,Noah Allen,Personal,Low
C502726,John Tremblay,Business,Low
C502727,Matthew Chan,Joint,Low
C502728,Anthony Nguyen,Personal,Low
C502729,Sandra Green,Personal,Low
C502730,Susan Anderson,Joint,Low
C502731,Anthony Martinez,Personal,Medium
C502732,Wei Tremblay,Business,Medium
C502733,Susan Lewis,Business,Low
C502734,Amrit Davis,Business,Low
C502735,Betty Harris,Personal,Medium
C502736,Sandra Garcia,Personal,Low
C502737,Barbara Nguyen,Business,Medium
C502738,Betty Nguyen,Business,Low
C502739,Joshua Singh,Personal,Low
C502740,Priya Roy,Personal,Low
C502741,Kevin Allen,Personal,Medium
C502742,John Jones,Personal,Low
C502743,Priya Taylor,Personal,Medium
C502744,Steven Thompson,Business,Low
C502745,Joshua Wright,Business,Low
C502746,Steven Jones,Personal,Low
C502747,Mark Jones,Personal,Medium
C502748,Joshua Gagnon,Personal,Low
C502749,Brian Allen,Personal,Medium
C502750,Paul Lewis,Joint,Low
C502751,Patricia Brown,Personal,Low
C502752,Wei Rodriguez,Business,Low
C502753,David Miller,Personal,Low
C502754,Sarah Anderson,Business,High
C502755,Matthew Jones,Personal,Medium
C502756,Lisa Levesque,Personal,Low
C502757,Daniel Thompson,Business,Medium
C502758,John Wright,Business,Medium
C502759,Sofia Levesque,Personal,Medium
C502760,Robert Robinson,Business,Low
C502761,Mary White,Personal,Medium
C502762,Ashley Garcia,Joint,Medium
C502763,Daniel Chan,Joint,Medium
C502764,Olivia Lewis,Joint,Low
C502765,Mark Harris,Personal,Medium
C502766,Sofia Robinson,Joint,Medium
C502767,James Chan,Business,Low
C502768,Linda Allen,Personal,Low
C502769,Noah Miller,Business,Medium
C502770,Andrew White,Personal,Low
C502771,Andrew Tremblay,Personal,Medium
C502772,Jennifer Jones,Personal,Medium
C502773,Brian Robinson,Personal,Medium
C502774,Patricia Patel,Personal,Low
C502775,Noah Scott,Personal,Medium
C502776,Liam Harris,Personal,Low
C502777,Sandra Moore,Personal,Low
C502778,Robert Gagnon,Business,Low
C502779,Kevin King,Business,Low
C502780,Sandra Lee,Business,Low
C502781,Nancy Walker,Joint,High
C502782,Jennifer Lee,Personal,Low
C502783,Patricia Dubois,Personal,Low
C502784,Ashley Garcia,Personal,Low
C502785,Amrit Williams,Personal,High
C502786,Elizabeth Allen,Personal,Medium
C502787,Emma Thomas,Personal,Low
C502788,Daniel Chan,Personal,Low
C502789,Joshua Anderson,Business,Low
C502790,Jessica Scott,Personal,Low
C502791,Sarah Anderson,Personal,High
C502792,Susan Dubois,Personal,Low
C502793,Matthew Miller,Business,Low
C502794,Brian Nguyen,Personal,High
C502795,Andrew Davis,Personal,Medium
C502796,Elizabeth Lee,Personal,Low
C502797,David Clark,Personal,Low
C502798,Joshua White,Joint,Low
C502799,Noah Thomas,Joint,Low
C502800,Daniel Jones,Personal,Low
C502801,Jessica Moore,Personal,Medium
C502802,Robert Thompson,Joint,Low
C502803,Jessica Nguyen,Personal,Low
C502804,Anthony Robinson,Business,Low
C502805,Mark Davis,Personal,Low
C502806,Daniel Scott,Joint,Low
C502807,Chen Garcia,Business,Low
C502808,Patricia Kim,Business,Low
C502809,Kevin Green,Personal,Medium
C502810,Chen Levesque,Personal,Low
C502811,Brian Scott,Personal,Low
C502812,Wei King,Business,Low
C502813,Steven Singh,Personal,Medium
C502814,Betty Singh,Joint,Low
C502815,Ashley Young,Personal,Low
C502816,Joshua Garcia,Personal,High
C502817,Michael Lewis,Business,Low
C502818,Daniel Roy,Personal,Low
C502819,Lisa Rodriguez,Business,Low
C502820,Susan Clark,Personal,Low
C502821,Mary White,Personal,Low
C502822,Betty Dubois,Personal,Low
C502823,Brian Thompson,Business,Low
C502824,Noah Martin,Personal,Low
C502825,Jennifer Nguyen,Business,Medium
C502826,Robert Smith,Personal,Low
C502827,James Thomas,Business,Low
C502828,Karen Taylor,Personal,Low
C502829,Olivia Roy,Personal,High
C502830,Amrit King,Personal,Low
C502831,John Chan,Personal,Low
C502832,Michael White,Business,Low
C502833,Brian Green,Business,High
C502834,Priya Allen,Personal,Medium
C502835,Jennifer Wilson,Personal,Low
C502836,John Anderson,Business,Low
C502837,James Johnson,Personal,Low
C502838,Linda Nguyen,Business,Medium
C502839,Mark Rodriguez,Personal,Low
C502840,Mary Lee,Personal,Low
C502841,Karen Wilson,Business,Medium
C502842,Fatima Roy,Personal,Medium
C502843,Liam Smith,Business,Medium
C502844,Andrew Clark,Personal,Low
C502845,Sandra Davis,Business,Low
C502846,Chen Kim,Personal,Low
C502847,Kevin Wilson,Joint,Low
C502848,Joshua Wilson,Personal,Medium
C502849,Anthony Walker,Business,Low
C502850,Sarah Patel,Personal,Low
C502851,Chen White,Personal,Low
C502852,Nancy Jones,Business,Low
C502853,Brian Rodriguez,Business,Medium
C502854,Jennifer Nguyen,Business,Low
C502855,Barbara Wilson,Business,Low
C502856,David Clark,Personal,Medium
C502857,David Jones,Personal,Low
C502858,Olivia King,Business,Low
C502859,Olivia Wright,Personal,Medium
C502860,Sandra Tremblay,Business,Medium
C502861,Paul Garcia,Business,Medium
C502862,John Jones,Business,Low
C502863,Michael Kim,Personal,Medium
C502864,Kevin Walker,Personal,Low
C502865,Lisa Brown,Business,Low
C502866,Priya Patel,Joint,Medium
C502867,Matthew Jones,Joint,Low
C502868,James White,Personal,Low
C502869,John Brown,Joint,Low
C502870,Anthony Martinez,Business,High
C502871,Andrew Martinez,Personal,Low
C502872,Fatima Garcia,Business,Medium
C502873,Anthony Williams,Business,Low
C502874,Kevin Chan,Personal,Low
C502875,Sarah Davis,Personal,Low
C502876,Elizabeth Allen,Personal,Low
C502877,Emma Davis,Business,Low
C502878,Emma Miller,Personal,Low
C502879,Anthony Rodriguez,Personal,Medium
C502880,Olivia Scott,Joint,Low
C502881,Susan Singh,Personal,Medium
C502882,Liam Taylor,Personal,High
C502883,Steven Lewis,Business,Low
C502884,James Thomas,Personal,Low
C502885,Wei Roy,Personal,Low
C502886,Betty Clark,Personal,Medium
C502887,Matthew King,Personal,Low
C502888,Olivia Robinson,Personal,Medium
C502889,Jennifer Martin,Personal,Low
C502890,John Smith,Personal,Low
C502891,Emma Moore,Personal,Low
C502892,Amrit Allen,Personal,Low
C502893,Amrit Scott,Personal,High
C502894,Matthew Walker,Business,Low
C502895,Betty White,Personal,Low
C502896,Linda Brown,Personal,High
C502897,James Scott,Personal,Low
C502898,Barbara Taylor,Personal,Low
C502899,Wei Scott,Personal,Low
C502900,Lisa Lewis,Business,Low
C502901,Lisa Davis,Personal,Low
C502902,Mary Rodriguez,Personal,Medium
C502903,Anthony Harris,Business,Medium
C502904,Andrew Garcia,Personal,Medium
C502905,Wei Nguyen,Personal,Low
C502906,Robert Gagnon,Personal,Low
C502907,Mark Dubois,Personal,Low
C502908,Ashley Martin,Personal,Low
C502909,James Martin,Joint,Low
C502910,Wei Wright,Joint,Medium
C502911,Karen Anderson,Personal,Medium
C502912,John Williams,Personal,Medium
C502913,Priya Clark,Personal,Medium
C502914,Barbara Smith,Personal,Medium
C502915,Liam Roy,Personal,Low
C502916,Linda Brown,Business,Medium
C502917,Susan Chan,Personal,Medium
C502918,Joshua Miller,Business,Low
C502919,Priya Roy,Joint,Medium
C502920,Linda Patel,Business,Medium
C502921,Jessica White,Business,Medium
C502922,Kevin Harris,Personal,High
C502923,Noah Rodriguez,Business,Medium
C502924,Karen Nguyen,Personal,Low
C502925,Michael Young,Personal,Low
C502926,Jennifer Johnson,Personal,Low
C502927,Sandra Thompson,Personal,Low
C502928,Emma King,Personal,Medium
C502929,Susan Martinez,Personal,Low
C502930,Emma Johnson,Personal,Low
C502931,James Green,Personal,Low
C502932,Nancy Singh,Business,Medium
C502933,Elizabeth King,Business,Low
C502934,Linda Lee,Business,Low
C502935,Barbara Lewis,Personal,Low
C502936,Karen Scott,Business,Medium
C502937,Liam Martinez,Personal,High
C502938,Brian Martin,Personal,Medium
C502939,Amrit Brown,Business,Low
C502940,Anthony Young,Personal,High
C502941,John Thomas,Personal,Medium
C502942,Kevin Jones,Personal,Medium
C502943,Lisa Martinez,Personal,Medium
C502944,David Lewis,Personal,Medium
C502945,Sarah Rodriguez,Personal,Low
C502946,Brian Smith,Personal,Low
C502947,Olivia Brown,Personal,Medium
C502948,Susan Dubois,Personal,Low
C502949,Olivia Tremblay,Personal,Medium
C502950,Noah Allen,Personal,Low
C502951,Daniel Walker,Personal,Low
C502952,Fatima Wright,Business,Low
C502953,Michael Roy,Personal,Low
C502954,Wei Harris,Personal,Medium
C502955,Priya Patel,Personal,Medium
C502956,Matthew Patel,Joint,Low
C502957,Olivia Rodriguez,Joint,Low
C502958,Daniel Harris,Personal,Low
C502959,Wei Martin,Business,Low
C502960,Amrit Lewis,Personal,Low
C502961,Andrew Wilson,Personal,Low
C502962,Robert Martin,Personal,Medium
C502963,Patricia Clark,Personal,High
C502964,Chen Nguyen,Business,High
C502965,Ashley Chan,Personal,Medium
C502966,Ashley Taylor,Personal,Low
C502967,Susan Davis,Personal,High
C502968,Jessica Tremblay,Personal,Low
C502969,Noah Chan,Joint,High
C502970,Liam Rodriguez,Business,Low
C502971,Noah Nguyen,Joint,Medium
C502972,James Chan,Personal,Low
C502973,Susan Smith,Personal,Medium
C502974,Patricia Taylor,Personal,Medium
C502975,Steven Harris,Personal,Medium
C502976,Barbara Martin,Personal,Low
C502977,Nancy Green,Personal,High
C502978,Sandra Martinez,Business,Low
C502979,James Garcia,Personal,Low
C502980,Patricia Martin,Personal,Medium
C502981,Michael Thomas,Joint,Medium
C502982,Michael Gagnon,Personal,Low
C502983,James Levesque,Joint,Medium
C502984,Patricia Lewis,Personal,Low
C502985,Daniel Rodriguez,Personal,Medium
C502986,Emma Levesque,Business,Low
C502987,Ashley Robinson,Personal,Low
C502988,Karen Garcia,Personal,Low
C502989,Amrit Martin,Personal,Low
C502990,Sandra Rodriguez,Personal,Low
C502991,Lisa Robinson,Personal,Low
C502992,David Nguyen,Personal,Low
C502993,Susan Brown,Business,Low
C502994,Mark Rodriguez,Personal,Low
C502995,Liam Young,Business,Low
C502996,Kevin Wilson,Business,Medium
C502997,Mary Roy,Joint,Medium
C502998,John Allen,Personal,Low
C502999,Karen Kim,Personal,Low
C503000,Priya Levesque,Business,Low
C503001,Betty Davis,Business,Low
C503002,Emma Smith,Business,Low
C503003,Lisa Roy,Personal,Medium
C503004,Wei Rodriguez,Business,Low
C503005,Michael Young,Joint,Low
C503006,Wei Roy,Personal,Medium
C503007,Sandra Wilson,Personal,Low
C503008,Barbara Wright,Personal,Medium
C503009,Daniel Miller,Personal,Low
C503010,Ashley Miller,Business,Medium
C503011,Lisa Roy,Personal,Low
C503012,Paul Scott,Joint,Low
C503013,Fatima Martin,Personal,Medium
C503014,Olivia Harris,Business,Medium
C503015,Brian Smith,Business,Medium
C503016,Emma Dubois,Personal,Low
C503017,Nancy Robinson,Personal,Low
C503018,Sandra Moore,Personal,Medium
C503019,Wei Allen,Personal,Medium
C503020,Ashley Green,Joint,Low
C503021,Elizabeth Martinez,Business,Medium
C503022,Sandra Martinez,Personal,Medium
C503023,Jennifer Walker,Personal,Medium
C503024,Sandra Thompson,Personal,Low
C503025,Fatima King,Personal,Low
C503026,Matthew Levesque,Personal,Low
C503027,Jennifer Allen,Personal,Low
C503028,Mark Williams,Personal,Low
C503029,Matthew Clark,Joint,Low
C503030,Liam Harris,Personal,Low
C503031,Mary Miller,Personal,Low
C503032,James Johnson,Personal,Low
C503033,Olivia Scott,Personal,Low
C503034,Robert Harris,Joint,Low
C503035,Mark Walker,Business,Medium
C503036,Brian Young,Personal,Low
C503037,Patricia White,Joint,Medium
C503038,Linda Levesque,Personal,High
C503039,Mark Lee,Personal,Low
C503040,James Jones,Personal,Low
C503041,Patricia Dubois,Business,Low
C503042,Sofia Garcia,Personal,Low
C503043,John Brown,Personal,Low
C503044,Amrit Brown,Personal,Low
C503045,Wei Lee,Personal,Low
C503046,Fatima Jones,Personal,Low
C503047,Betty Gagnon,Personal,Low
C503048,Sandra Martin,Business,High
C503049,Ashley Dubois,Personal,Medium
C503050,Mary Rodriguez,Business,Low
C503051,Joshua Dubois,Business,Low
C503052,Nancy Brown,Personal,Low
C503053,Olivia Gagnon,Personal,Low
C503054,Michael Young,Business,High
C503055,Brian Taylor,Business,Low
C503056,Betty Brown,Personal,Medium
C503057,Wei Lewis,Business,Low
C503058,Matthew Johnson,Personal,Low
C503059,John Wright,Personal,Medium
C503060,Sarah Thomas,Personal,Low
C503061,Emma Moore,Personal,Medium
C503062,Steven Singh,Personal,Medium
C503063,Patricia Martinez,Personal,Low
C503064,Paul White,Business,Medium
C503065,Joshua Garcia,Business,High
C503066,Amrit Moore,Business,Medium
C503067,Daniel Wright,Business,Low
C503068,Brian Garcia,Personal,Low
C503069,Matthew Anderson,Personal,Low
C503070,Noah Brown,Personal,Medium
C503071,Priya Allen,Business,Low
C503072,Barbara King,Personal,Low
C503073,John Lee,Business,Medium
C503074,Barbara King,Personal,Low
C503075,Elizabeth Gagnon,Business,Low
C503076,Wei Walker,Business,Low
C503077,Brian Walker,Business,Medium
C503078,Matthew Taylor,Business,Medium
C503079,Sandra Robinson,Personal,Low
C503080,Michael White,Joint,Low
C503081,Jessica King,Business,High
C503082,Olivia Clark,Personal,Low
C503083,Amrit Thompson,Personal,Low
C503084,Daniel Rodriguez,Personal,Low
C503085,David Walker,Personal,Low
C503086,Jennifer Chan,Personal,Low
C503087,Mary Kim,Personal,Low
C503088,David Allen,Personal,Low
C503089,Elizabeth Davis,Personal,High
C503090,Ashley Johnson,Joint,Medium
C503091,Mark Garcia,Personal,Medium
C503092,Jessica Kim,Personal,Low
C503093,Michael Taylor,Personal,High
C503094,Joshua Kim,Personal,Low
C503095,Lisa Williams,Business,High
C503096,Liam Taylor,Business,Low
C503097,Chen Allen,Personal,Low
C503098,Betty Roy,Business,Low
C503099,Wei Wright,Personal,Medium
C503100,Fatima Johnson,Business,Low
C503101,Wei Gagnon,Personal,Low
C503102,Mary Allen,Business,Low
C503103,Joshua Allen,Business,Low
C503104,Noah Davis,Personal,Low
C503105,Linda Green,Business,Low
C503106,Andrew Miller,Business,Low
C503107,Jennifer Rodriguez,Business,Low
C503108,Sandra Lee,Business,Low
C503109,Amrit Davis,Personal,Low
C503110,Brian Johnson,Personal,Medium
C503111,Noah Tremblay,Personal,Low
C503112,Nancy Rodriguez,Business,Medium
C503113,Jessica Kim,Joint,High
C503114,Joshua Gagnon,Personal,Low
C503115,Ashley Anderson,Personal,Low
C503116,Lisa Roy,Personal,Low
C503117,Mary Brown,Joint,Medium
C503118,Michael Smith,Joint,Low
C503119,Daniel Green,Personal,Low
C503120,Anthony Martin,Personal,Low
C503121,Jennifer Roy,Personal,Medium
C503122,Karen Kim,Business,Low
C503123,Ashley Wilson,Personal,Medium
C503124,Emma Green,Personal,Medium
C503125,Barbara Anderson,Business,Low
C503126,Joshua Williams,Business,Low
C503127,Sarah King,Personal,Medium
C503128,Jennifer Martin,Joint,Medium
C503129,Joshua Rodriguez,Business,Medium
C503130,David Green,Personal,Medium
C503131,Daniel Tremblay,Personal,Low
C503132,Lisa Wright,Business,Low
C503133,Anthony Walker,Personal,High
C503134,Jessica Wright,Business,Medium
C503135,Robert Kim,Personal,Medium
C503136,Michael Martinez,Business,Medium
C503137,Karen Johnson,Business,Low
C503138,Lisa Young,Personal,Medium
C503139,Chen Tremblay,Business,Low
C503140,Andrew Miller,Personal,Medium
C503141,Andrew Martinez,Personal,Low
C503142,Steven Singh,Personal,Low
C503143,Andrew Thompson,Joint,Medium
C503144,Noah Robinson,Business,Medium
C503145,Wei King,Joint,High
C503146,Betty Brown,Personal,Low
C503147,Sandra Brown,Personal,Medium
C503148,James Walker,Personal,Low
C503149,Elizabeth White,Personal,Low
C503150,Jennifer Johnson,Personal,High
C503151,Jessica White,Business,Medium
C503152,Kevin Anderson,Business,Low
C503153,Betty Dubois,Business,Low
C503154,Chen Brown,Personal,Low
C503155,Susan Martin,Personal,Low
C503156,Brian Gagnon,Personal,Low
C503157,Lisa Davis,Personal,Low
C503158,Barbara Lewis,Joint,Low
C503159,Sarah Martinez,Business,High
C503160,Elizabeth Allen,Personal,Low
C503161,Susan Thompson,Personal,High
C503162,Lisa Smith,Personal,Low
C503163,Kevin Nguyen,Personal,Medium
C503164,Robert Smith,Business,Low
C503165,Susan Walker,Personal,Low
C503166,Patricia Miller,Business,Low
C503167,Steven Green,Personal,Medium
C503168,Jessica Moore,Personal,Low
C503169,Sarah Miller,Personal,Low
C503170,Kevin Lewis,Personal,Medium
C503171,Daniel Green,Business,High
C503172,Robert Gagnon,Business,Medium
C503173,Sarah Young,Personal,Medium
C503174,Michael Nguyen,Personal,Low
C503175,Brian Garcia,Personal,Low
C503176,Michael Wilson,Personal,High
C503177,John Chan,Business,Low
C503178,Michael Patel,Personal,Low
C503179,Betty Martin,Business,Low
C503180,John Jones,Personal,Low
C503181,Noah King,Business,Low
C503182,Paul White,Personal,Low
C503183,Chen Anderson,Business,Low
C503184,Wei Nguyen,Personal,High
C503185,Michael Green,Personal,Medium
C503186,Joshua Nguyen,Joint,Low
C503187,Anthony Davis,Joint,High
C503188,Kevin Martinez,Business,Medium
C503189,Liam Davis,Business,Low
C503190,Liam Wright,Personal,High
C503191,Kevin Kim,Personal,Low
C503192,Patricia Lewis,Personal,Low
C503193,Sofia Martinez,Personal,Medium
C503194,Joshua Davis,Personal,Low
C503195,Elizabeth Thompson,Joint,Medium
C503196,Paul Walker,Business,Low
C503197,Sofia Young,Business,Low
C503198,Noah Allen,Joint,Medium
C503199,Sarah Scott,Personal,High
C503200,Chen Harris,Personal,Low
C503201,Linda Garcia,Business,Low
C503202,Anthony Nguyen,Joint,Medium
C503203,Daniel Green,Personal,Low
C503204,Betty Anderson,Personal,Low
C503205,Robert Harris,Personal,Low
C503206,David Levesque,Personal,High
C503207,Mark Anderson,Personal,Medium
C503208,Liam Lee,Business,Medium
C503209,Joshua Walker,Personal,Low
C503210,Kevin Tremblay,Business,Low
C503211,Anthony Green,Personal,Low
C503212,David Thomas,Business,Low
C503213,Chen Moore,Personal,Low
C503214,Sofia Lee,Personal,Low
C503215,Anthony Clark,Personal,Medium
C503216,Noah Johnson,Personal,Low
C503217,Fatima Anderson,Business,Low
C503218,Mary Young,Personal,Low
C503219,Liam Taylor,Personal,Medium
C503220,Kevin Jones,Joint,Low
C503221,Olivia Johnson,Personal,Low
C503222,Paul Dubois,Joint,High
C503223,Barbara Wilson,Personal,Low
C503224,Sarah King,Joint,Low
C503225,Karen Rodriguez,Personal,Low
C503226,Kevin Moore,Personal,Low
C503227,Nancy Rodriguez,Personal,Low
C503228,Wei Levesque,Personal,Low
C503229,Paul Smith,Business,Low
C503230,Andrew Smith,Personal,Low
C503231,Barbara Garcia,Personal,Medium
C503232,Steven Green,Personal,Low
C503233,Karen King,Joint,Low
C503234,Barbara Robinson,Personal,Low
C503235,Kevin Johnson,Personal,Low
C503236,Steven Harris,Personal,Medium
C503237,Sofia Martinez,Personal,Low
C503238,Priya Walker,Business,Low
C503239,Elizabeth Walker,Personal,Low
C503240,Barbara Robinson,Personal,Low
C503241,John Dubois,Personal,Low
C503242,Priya Clark,Joint,Medium
C503243,Liam Wilson,Joint,Low
C503244,Susan Thompson,Personal,Low
C503245,Robert Wilson,Personal,Low
C503246,Olivia King,Personal,Low
C503247,Paul Anderson,Personal,Medium
C503248,David Kim,Business,Low
C503249,Jennifer Allen,Personal,Low
C503250,Elizabeth Scott,Personal,Medium
C503251,Mary White,Personal,Low
C503252,Fatima Nguyen,Personal,Medium
C503253,Liam Kim,Business,Low
C503254,Andrew White,Personal,Medium
C503255,Daniel Levesque,Personal,Medium
C503256,Anthony Levesque,Personal,Low
C503257,Anthony Gagnon,Business,High
C503258,Noah Roy,Personal,Low
C503259,David Singh,Business,Low
C503260,Paul Miller,Personal,Low
C503261,Kevin Dubois,Personal,Low
C503262,Barbara Martin,Personal,Low
C503263,David Martinez,Personal,Medium
C503264,Sandra Allen,Business,Medium
C503265,Sofia Thompson,Personal,Low
C503266,Jessica Walker,Business,Low
C503267,Jennifer Thompson,Personal,Low
C503268,Jennifer Kim,Personal,Medium
C503269,Betty Young,Joint,Low
C503270,Jennifer Williams,Business,Low
C503271,Lisa Moore,Personal,Medium
C503272,Paul Roy,Personal,Medium
C503273,Elizabeth Martin,Joint,Low
C503274,Wei Wright,Personal,Low
C503275,Linda Roy,Business,Medium
C503276,Linda Thompson,Personal,Medium
C503277,Kevin King,Personal,Low
C503278,Brian Singh,Personal,Low
C503279,Olivia Levesque,Joint,Medium
C503280,Elizabeth Brown,Business,Low
C503281,Lisa Nguyen,Business,Low
C503282,Priya Lewis,Personal,Low
C503283,Susan Moore,Business,Low
C503284,Kevin Lewis,Personal,Low
C503285,David Brown,Business,Low
C503286,Paul Wilson,Business,Low
C503287,Jennifer Wright,Personal,High
C503288,Chen Johnson,Business,Low
C503289,Anthony Smith,Personal,Medium
C503290,Sarah Johnson,Joint,High
C503291,Wei Green,Personal,Low
C503292,Barbara Nguyen,Business,Low
C503293,Susan Moore,Business,Low
C503294,Nancy Patel,Joint,Medium
C503295,Olivia Walker,Personal,Medium
C503296,Karen Clark,Business,Low
C503297,Emma Gagnon,Joint,Low
C503298,Priya Miller,Business,Low
C503299,Amrit Levesque,Personal,Medium
C503300,Andrew Walker,Joint,High
C503301,Wei Singh,Personal,Medium
C503302,Robert Clark,Personal,Low
C503303,James Nguyen,Business,High
C503304,Steven Walker,Joint,Low
C503305,Sandra Thompson,Business,Low
C503306,Robert Wright,Personal,Medium
C503307,Chen Rodriguez,Personal,High
C503308,Michael Roy,Joint,Low
C503309,Daniel Green,Business,Medium
C503310,Susan Green,Joint,High
C503311,Anthony Anderson,Personal,Low
C503312,Paul Davis,Personal,High
C503313,James Dubois,Personal,Low
C503314,Betty Brown,Business,Medium
C503315,Robert Roy,Business,Medium
C503316,Patricia Garcia,Business,Low
C503317,Amrit Wright,Personal,High
C503318,Emma Nguyen,Business,High
C503319,Patricia Wilson,Personal,Medium
C503320,Jennifer Moore,Business,Low
C503321,John Roy,Personal,Low
C503322,Joshua Lee,Business,Medium
C503323,Barbara Green,Business,Medium
C503324,David Jones,Joint,Low
C503325,Anthony Anderson,Personal,Low
C503326,Sarah Green,Business,Low
C503327,Emma Johnson,Business,Medium
C503328,Priya Walker,Personal,Low
C503329,Mary Young,Personal,Low
C503330,Liam Robinson,Business,Medium
C503331,Emma Harris,Personal,Low
C503332,Karen Wilson,Joint,Low
C503333,Liam Thompson,Personal,Medium
C503334,Mary Brown,Personal,Low
C503335,Brian King,Business,Medium
C503336,Ashley Brown,Personal,Low
C503337,Patricia Smith,Personal,Low
C503338,Jennifer Johnson,Business,High
C503339,Barbara Gagnon,Personal,High
C503340,Priya Robinson,Personal,Low
C503341,Wei Brown,Personal,Low
C503342,Susan Levesque,Joint,Low
C503343,Chen Allen,Personal,Medium
C503344,Priya Kim,Personal,Low
C503345,Priya Levesque,Business,Low
C503346,Jennifer Jones,Personal,Medium
C503347,Liam Garcia,Personal,Low
C503348,Mary Dubois,Personal,Medium
C503349,Joshua Allen,Personal,Low
C503350,Michael Taylor,Business,High
C503351,Paul Levesque,Business,Low
C503352,Joshua Moore,Business,Medium
C503353,Patricia Wright,Business,Low
C503354,Michael Chan,Personal,Low
C503355,Liam Clark,Personal,Low
C503356,Daniel Brown,Joint,Low
C503357,Paul Green,Personal,Medium
C503358,Lisa Williams,Business,High
C503359,Elizabeth Scott,Personal,Low
C503360,Sarah Dubois,Personal,Low
C503361,Linda Miller,Business,Low
C503362,Amrit Jones,Business,Medium
C503363,Amrit Allen,Personal,Low
C503364,Patricia Miller,Business,Low
C503365,Wei Chan,Joint,Low
C503366,Barbara Levesque,Personal,Low
C503367,Brian Singh,Personal,Low
C503368,Paul Thompson,Personal,Low
C503369,Steven Thomas,Personal,Low
C503370,Matthew Rodriguez,Personal,Low
C503371,Wei Thomas,Personal,Low
C503372,Paul Robinson,Business,High
C503373,Steven Nguyen,Personal,Low
C503374,Mary Thompson,Personal,Low
C503375,Karen Singh,Personal,Low
C503376,Karen Singh,Business,Low
C503377,Mary King,Joint,Low
C503378,Mark Anderson,Business,Low
C503379,Noah Levesque,Business,Low
C503380,Mark Clark,Personal,Low
C503381,James Patel,Business,Medium
C503382,Nancy Moore,Personal,Medium
C503383,Robert Dubois,Business,Medium
C503384,Fatima Martin,Personal,High
C503385,Patricia Miller,Personal,Medium
C503386,Betty Roy,Business,Low
C503387,Noah Clark,Personal,Low
C503388,Daniel Young,Personal,Low
C503389,Patricia Garcia,Business,Low
C503390,Nancy Martinez,Personal,High
C503391,Nancy Dubois,Joint,High
C503392,John Moore,Personal,Medium
C503393,Sofia Dubois,Business,Medium
C503394,Patricia Nguyen,Personal,Low
C503395,Noah Thomas,Personal,Low
C503396,Susan Scott,Personal,Medium
C503397,Sandra Brown,Personal,Low
C503398,Nancy King,Personal,Low
C503399,Amrit Moore,Personal,Medium
C503400,Betty King,Personal,Low
C503401,Chen White,Personal,High
C503402,Anthony Harris,Personal,Low
C503403,Susan Martin,Personal,Medium
C503404,Linda Scott,Business,Low
C503405,Robert Martin,Business,High
C503406,Sofia Thompson,Personal,Medium
C503407,Patricia Robinson,Personal,Low
C503408,Andrew Moore,Business,Medium
C503409,Emma Tremblay,Business,Medium
C503410,Betty Nguyen,Personal,Medium
C503411,Noah Tremblay,Personal,High
C503412,Betty Tremblay,Personal,Medium
C503413,Brian Roy,Personal,High
C503414,Olivia King,Business,Low
C503415,Barbara Wright,Business,Low
C503416,Steven Williams,Business,High
C503417,Priya Johnson,Business,Low
C503418,Susan Allen,Personal,Low
C503419,Sofia Chan,Personal,Low
C503420,Daniel Allen,Business,Medium
C503421,Linda Thomas,Personal,Low
C503422,Patricia Gagnon,Personal,Low
C503423,Robert White,Joint,Low
C503424,Olivia Anderson,Personal,Medium
C503425,Emma Singh,Business,Medium
C503426,Mark Brown,Joint,Low
C503427,Brian Martin,Personal,Medium
C503428,John Rodriguez,Personal,High
C503429,Jessica Lee,Personal,Low
C503430,Kevin Clark,Personal,Low
C503431,Noah Smith,Business,Low
C503432,Barbara Miller,Business,Low
C503433,Emma Tremblay,Joint,High
C503434,Michael Dubois,Personal,High
C503435,Matthew Roy,Personal,Medium
C503436,Brian Thomas,Personal,Low
C503437,Susan Green,Joint,Low
C503438,Karen Davis,Personal,Low
C503439,Chen Walker,Personal,Low
C503440,Steven Patel,Joint,Low
C503441,Jennifer Green,Personal,Low
C503442,Ashley King,Joint,Low
C503443,David Allen,Personal,Medium
C503444,Karen King,Personal,Low
C503445,Michael Walker,Personal,Medium
C503446,Lisa Harris,Joint,Low
C503447,Sofia Harris,Business,Medium
C503448,Paul Singh,Business,Low
C503449,Chen Walker,Personal,Medium
C503450,Matthew Wilson,Joint,Low
C503451,Anthony Chan,Personal,Low
C503452,Michael Wilson,Business,Low
C503453,Jessica Smith,Joint,Low
C503454,Robert Taylor,Personal,Medium
C503455,Robert Patel,Business,Low
C503456,Sofia Patel,Business,Medium
C503457,David Davis,Personal,Medium
C503458,Liam Johnson,Business,Low
C503459,Ashley Nguyen,Business,Low
C503460,David Lee,Personal,Low
C503461,Paul Singh,Personal,Low
C503462,Michael Smith,Personal,High
C503463,Jessica Tremblay,Business,Low
C503464,Amrit Dubois,Business,Low
C503465,James Brown,Personal,Low
C503466,Barbara Smith,Personal,Low
C503467,Elizabeth Taylor,Personal,Medium
C503468,Matthew Moore,Business,Low
C503469,Joshua Thomas,Personal,High
C503470,Ashley Green,Personal,Low
C503471,Lisa Green,Personal,Low
C503472,Sandra Tremblay,Business,Low
C503473,John Singh,Personal,Low
C503474,Amrit Davis,Personal,Medium
C503475,Priya Martinez,Personal,Low
C503476,Chen Allen,Business,Low
C503477,Patricia Rodriguez,Business,Low
C503478,Michael Williams,Business,Low
C503479,Susan Lewis,Personal,Medium
C503480,Mary Wilson,Personal,Low
C503481,Elizabeth Chan,Business,Low
C503482,James White,Personal,Medium
C503483,Robert Taylor,Personal,Low
C503484,Sarah White,Business,Low
C503485,Steven Nguyen,Personal,Low
C503486,Ashley Young,Personal,Low
C503487,Olivia Nguyen,Business,Low
C503488,Joshua Jones,Personal,Medium
C503489,David Lee,Personal,Low
C503490,Michael Thomas,Joint,Low
C503491,Jennifer Williams,Personal,High
C503492,Betty Nguyen,Joint,Low
C503493,Mark Thomas,Personal,Low
C503494,Emma Roy,Business,Low
C503495,Sofia Harris,Personal,Low
C503496,Anthony Martin,Personal,Medium
C503497,Daniel Robinson,Business,Medium
C503498,Michael Rodriguez,Joint,Medium
C503499,Linda Garcia,Personal,Medium
C503500,Amrit Thomas,Personal,Medium
C503501,Olivia Brown,Personal,Low
C503502,Sarah Martin,Joint,Medium
C503503,Nancy Anderson,Personal,Medium
C503504,Sarah Miller,Personal,Medium
C503505,Amrit Scott,Business,Low
C503506,Fatima Thompson,Business,Medium
C503507,Noah Martin,Personal,Medium
C503508,Jessica Chan,Business,Low
C503509,Olivia Chan,Joint,Low
C503510,Mark Garcia,Business,Low
C503511,Sofia Chan,Personal,Low
C503512,Wei Thomas,Personal,Medium
C503513,Sandra Williams,Personal,Low
C503514,Sofia White,Business,Low
C503515,Lisa Moore,Personal,Low
C503516,Kevin Davis,Personal,Medium
C503517,John Allen,Personal,Low
C503518,James Nguyen,Personal,Low
C503519,Sarah Johnson,Joint,Low
C503520,Karen Thomas,Joint,Low
C503521,Noah Nguyen,Personal,Low
C503522,Barbara King,Personal,High
C503523,Kevin Williams,Personal,Medium
C503524,Paul Tremblay,Personal,Low
C503525,Priya Garcia,Personal,High
C503526,Emma Allen,Business,Low
C503527,Ashley Allen,Business,Low
C503528,Steven Levesque,Personal,Low
C503529,Betty Lee,Personal,Low
C503530,Jennifer Tremblay,Personal,Medium
C503531,Jessica Clark,Business,Low
C503532,Lisa Dubois,Personal,Low
C503533,Robert Rodriguez,Personal,Medium
C503534,Jessica Robinson,Personal,Low
C503535,Kevin Lee,Personal,Low
C503536,David Wright,Personal,Medium
C503537,Michael Davis,Business,Medium
C503538,Steven Nguyen,Business,Low
C503539,Susan Nguyen,Personal,Low
C503540,James Levesque,Personal,Low
C503541,Betty Singh,Personal,Medium
C503542,Linda Dubois,Personal,Low
C503543,Matthew King,Business,Low
C503544,Daniel Scott,Business,Low
C503545,Olivia Lewis,Business,Medium
C503546,Priya Davis,Personal,Low
C503547,Lisa Lee,Joint,Low
C503548,James Taylor,Joint,Low
C503549,Barbara Moore,Personal,Medium
C503550,Barbara Young,Personal,Medium
C503551,Elizabeth Levesque,Personal,High
C503552,Chen Nguyen,Personal,Low
C503553,John Anderson,Personal,High
C503554,Ashley Robinson,Personal,Low
C503555,Elizabeth Thompson,Personal,Medium
C503556,Brian Roy,Personal,Medium
C503557,Olivia King,Personal,Low
C503558,Daniel Scott,Personal,Low
C503559,Steven Martin,Personal,High
C503560,Amrit Green,Personal,Low
C503561,Fatima Levesque,Personal,Low
C503562,Priya Thompson,Personal,Low
C503563,Priya Dubois,Personal,Low
C503564,Wei Nguyen,Personal,High
C503565,Betty Scott,Personal,Low
C503566,David Roy,Personal,Low
C503567,Michael Martin,Personal,Low
C503568,Susan Martinez,Personal,Medium
C503569,Jennifer Garcia,Personal,Medium
C503570,Jessica Wilson,Business,Low
C503571,Amrit Thomas,Personal,High
C503572,John Martin,Personal,Medium
C503573,Barbara Gagnon,Personal,Medium
C503574,Karen Harris,Personal,Low
C503575,Steven Johnson,Personal,Low
C503576,Sofia Kim,Personal,Low
C503577,Emma Anderson,Business,Medium
C503578,Elizabeth Clark,Business,Low
C503579,Emma Davis,Joint,Low
C503580,Emma Taylor,Personal,Low
C503581,Andrew Gagnon,Personal,Medium
C503582,John White,Personal,Low
C503583,Amrit Robinson,Personal,High
C503584,Joshua Jones,Personal,Medium
C503585,Andrew Martinez,Personal,Low
C503586,Brian Miller,Personal,Medium
C503587,Priya Brown,Personal,Low
C503588,Jennifer Gagnon,Personal,Low
C503589,Betty Johnson,Personal,Low
C503590,Fatima Brown,Personal,Medium
C503591,Jennifer Martin,Personal,High
C503592,Mary Martin,Personal,Low
C503593,Anthony Moore,Business,Low
C503594,Sarah Roy,Business,Medium
C503595,Robert Lee,Personal,Low
C503596,Emma Patel,Personal,Low
C503597,David Harris,Personal,Low
C503598,Mark Clark,Personal,Medium
C503599,Lisa Miller,Personal,Low
C503600,Daniel Martin,Personal,Low
C503601,Amrit Smith,Personal,Low
C503602,Robert Dubois,Business,Low
C503603,Steven Dubois,Personal,Medium
C503604,Mark Patel,Business,Medium
C503605,David Johnson,Business,Low
C503606,Sofia Walker,Personal,Low
C503607,Linda Singh,Personal,Low
C503608,Chen White,Business,Low
C503609,Patricia White,Personal,Medium
C503610,Sandra Anderson,Personal,Low
C503611,Olivia Tremblay,Business,Low
C503612,Lisa Robinson,Personal,Medium
C503613,Olivia Taylor,Joint,Medium
C503614,Joshua Lewis,Business,Low
C503615,Barbara Brown,Personal,Low
C503616,Elizabeth Rodriguez,Business,High
C503617,Kevin Anderson,Personal,Low
C503618,Brian Thomas,Personal,Low
C503619,Lisa Wright,Personal,Low
C503620,Robert Thompson,Personal,Low
C503621,Mark Brown,Personal,Medium
C503622,Matthew Green,Personal,Low
C503623,John Nguyen,Personal,Medium
C503624,Michael Lewis,Personal,Medium
C503625,Mary Tremblay,Personal,Low
C503626,Nancy Green,Personal,Low
C503627,Olivia Martin,Personal,High
C503628,Paul Allen,Personal,Medium
C503629,Priya Taylor,Business,Low
C503630,Ashley Nguyen,Business,Low
C503631,Ashley Scott,Personal,Medium
C503632,David Thompson,Personal,Low
C503633,Patricia King,Business,Low
C503634,Jessica Levesque,Business,Medium
C503635,Wei Chan,Personal,Low
C503636,David Roy,Joint,Low
C503637,Paul Moore,Personal,Low
C503638,Michael Dubois,Joint,Low
C503639,Noah Rodriguez,Personal,High
C503640,Wei Rodriguez,Business,Low
C503641,Amrit Smith,Personal,Low
C503642,Emma Green,Personal,Low
C503643,Karen Thomas,Business,Low
C503644,Daniel Davis,Joint,Medium
C503645,Amrit King,Business,Medium
C503646,Andrew Nguyen,Business,Low
C503647,Susan Garcia,Business,Low
C503648,Sandra Thomas,Business,Low
C503649,Andrew Roy,Business,Low
C503650,Karen Anderson,Personal,Low
C503651,Michael Roy,Personal,Low
C503652,Nancy Lee,Personal,Low
C503653,Wei Clark,Personal,Low
C503654,Mark Martin,Joint,Low
C503655,Betty Taylor,Personal,Low
C503656,Patricia Tremblay,Joint,Medium
C503657,Sandra Allen,Joint,Low
C503658,James Thompson,Personal,Low
C503659,Andrew Chan,Business,Low
C503660,Barbara Taylor,Personal,Low
C503661,Linda Rodriguez,Personal,Low
C503662,Sandra Thomas,Business,Low
C503663,Fatima White,Personal,Low
C503664,Kevin Patel,Personal,Low
C503665,Susan Patel,Personal,Low
C503666,Sandra Young,Personal,Low
C503667,Olivia Nguyen,Joint,Low
C503668,Sarah Taylor,Personal,Low
C503669,David Levesque,Joint,Medium
C503670,Sofia Roy,Personal,Medium
C503671,Noah Robinson,Business,Low
C503672,Betty Lewis,Business,Low
C503673,Jessica Roy,Business,Low
C503674,Nancy Wright,Personal,Medium
C503675,Priya Johnson,Personal,Low
C503676,Sarah Gagnon,Personal,High
C503677,Sarah Green,Joint,Low
C503678,Noah Johnson,Business,Low
C503679,Paul Lewis,Personal,Low
C503680,Mary Wright,Personal,Low
C503681,Fatima Scott,Business,Low
C503682,Paul Nguyen,Personal,Medium
C503683,Kevin Taylor,Joint,Low
C503684,Amrit Wright,Personal,Low
C503685,Daniel Taylor,Personal,Medium
C503686,Daniel Gagnon,Personal,Medium
C503687,Barbara Walker,Personal,Medium
C503688,Mark Robinson,Business,Low
C503689,Jennifer Tremblay,Personal,Low
C503690,Mark Williams,Personal,Low
C503691,Anthony Garcia,Personal,Medium
C503692,Olivia Thompson,Personal,Low
C503693,Barbara Martinez,Business,Medium
C503694,Betty Wright,Business,Low
C503695,Susan Patel,Business,High
C503696,Sofia Patel,Joint,Medium
C503697,John Anderson,Personal,Low
C503698,Liam Gagnon,Personal,Low
C503699,Steven Taylor,Business,Low
C503700,Ashley Singh,Personal,High
C503701,Sofia Lewis,Personal,Low
C503702,Priya Gagnon,Personal,Low
C503703,Susan Gagnon,Business,Low
C503704,Elizabeth Clark,Business,Low
C503705,Wei Tremblay,Business,Medium
C503706,Michael Singh,Personal,High
C503707,Nancy Jones,Personal,Medium
C503708,Robert Thompson,Business,Low
C503709,Daniel Jones,Business,Low
C503710,Matthew Kim,Personal,Medium
C503711,Brian Young,Personal,Low
C503712,Olivia Garcia,Personal,Low
C503713,Brian Brown,Personal,Low
C503714,Sofia Johnson,Personal,Medium
C503715,Ashley Allen,Business,Medium
C503716,Anthony Tremblay,Personal,Low
C503717,Brian Nguyen,Joint,Low
C503718,Sandra Gagnon,Joint,Medium
C503719,Sarah Miller,Personal,Medium
C503720,Daniel Green,Personal,Low
C503721,Betty Thompson,Joint,Medium
C503722,Sofia Roy,Personal,Low
C503723,Susan Martinez,Business,Low
C503724,Anthony Singh,Personal,High
C503725,Mark Williams,Business,Medium
C503726,Nancy Thompson,Business,Low
C503727,Emma Wright,Personal,High
C503728,Linda Moore,Personal,Low
C503729,Jennifer Robinson,Personal,Low
C503730,Sarah Rodriguez,Personal,Low
C503731,Lisa Rodriguez,Personal,Medium
C503732,Mark Walker,Personal,Low
C503733,Michael Harris,Personal,Low
C503734,Joshua Dubois,Personal,Low
C503735,Olivia Young,Business,Low
C503736,Kevin Wilson,Business,Low
C503737,Olivia Robinson,Personal,Low
C503738,James Martinez,Business,Low
C503739,Sofia Clark,Personal,Medium
C503740,Wei Thompson,Business,Low
C503741,Paul Thomas,Personal,Low
C503742,Karen Wright,Personal,High
C503743,Jennifer Davis,Business,Low
C503744,Daniel Jones,Personal,Low
C503745,Jennifer Davis,Business,Low
C503746,Michael Nguyen,Personal,Medium
C503747,Noah Gagnon,Joint,Medium
C503748,Sandra Chan,Personal,Medium
C503749,Patricia Gagnon,Business,Low
C503750,Susan Thomas,Personal,High
C503751,Lisa Gagnon,Personal,Low
C503752,Elizabeth Kim,Personal,Low
C503753,Emma Kim,Joint,Low
C503754,Emma Singh,Joint,Low
C503755,Joshua White,Personal,Medium
C503756,Mary Tremblay,Personal,Low
C503757,John Johnson,Personal,Low
C503758,Daniel Patel,Joint,Low
C503759,David Johnson,Personal,Low
C503760,Kevin Martin,Joint,Low
C503761,Olivia Dubois,Business,Medium
C503762,Michael Anderson,Personal,Low
C503763,Susan Green,Personal,Low
C503764,Lisa Gagnon,Business,High
C503765,Andrew White,Personal,Medium
C503766,Lisa Green,Business,Medium
C503767,Ashley Johnson,Personal,Medium
C503768,Betty Davis,Personal,Medium
C503769,Lisa Moore,Personal,Low
C503770,Steven Allen,Business,Low
C503771,Matthew Rodriguez,Personal,Medium
C503772,Sandra Williams,Personal,High
C503773,Matthew Walker,Business,Low
C503774,Sofia Levesque,Joint,Medium
C503775,Amrit Chan,Personal,Low
C503776,Sofia Gagnon,Personal,High
C503777,Karen Dubois,Personal,Low
C503778,Noah Wilson,Personal,Medium
C503779,Steven Martin,Business,Medium
C503780,Linda Walker,Business,Medium
C503781,Andrew Davis,Business,Low
C503782,Elizabeth Kim,Personal,Medium
C503783,Robert Martin,Personal,Low
C503784,Linda White,Personal,Medium
C503785,Noah Levesque,Personal,Low
C503786,Jessica Nguyen,Business,Low
C503787,Robert Gagnon,Business,Low
C503788,Paul Wright,Business,Low
C503789,James Young,Personal,Low
C503790,Mary Levesque,Personal,Low
C503791,Mary Smith,Personal,Low
C503792,Andrew Walker,Business,Low
C503793,Daniel Taylor,Personal,Low
C503794,Robert Levesque,Personal,Low
C503795,Jennifer Thompson,Joint,Low
C503796,Linda Gagnon,Personal,Low
C503797,Sandra Wilson,Business,Low
C503798,Daniel Tremblay,Personal,Low
C503799,Anthony Patel,Personal,Low
C503800,Robert White,Business,Low
C503801,Olivia Moore,Personal,Medium
C503802,James Williams,Joint,Low
C503803,Susan Tremblay,Personal,Low
C503804,Kevin Taylor,Personal,Medium
C503805,Brian Taylor,Personal,Low
C503806,Matthew Tremblay,Personal,Medium
C503807,Andrew Wilson,Personal,Low
C503808,Andrew Martin,Personal,Low
C503809,Steven Taylor,Joint,Medium
C503810,Brian Lee,Personal,Low
C503811,Susan Patel,Personal,Medium
C503812,Patricia Davis,Business,Medium
C503813,Elizabeth Green,Personal,Medium
C503814,James Moore,Personal,Medium
C503815,Matthew Clark,Business,Low
C503816,Nancy Allen,Business,Medium
C503817,Sarah Martin,Business,Medium
C503818,Jennifer Clark,Business,Low
C503819,Robert Lewis,Personal,Low
C503820,Brian Williams,Business,Medium
C503821,Michael Robinson,Business,High
C503822,Mark Tremblay,Personal,Low
C503823,Sarah Dubois,Joint,Low
C503824,David Gagnon,Personal,Medium
C503825,Liam Kim,Personal,Medium
C503826,Mary Brown,Personal,Low
C503827,John Tremblay,Personal,Low
C503828,Liam Anderson,Personal,Low
C503829,Steven Wright,Personal,Low
C503830,Patricia Wright,Personal,High
C503831,Liam Singh,Personal,Low
C503832,Wei Martinez,Personal,Low
C503833,Mary Lee,Personal,Medium
C503834,Barbara Wilson,Business,Low
C503835,Amrit Moore,Joint,Medium
C503836,Barbara Lewis,Joint,Low
C503837,David Taylor,Personal,Low
C503838,Anthony King,Personal,Low
C503839,Mary White,Personal,Low
C503840,Liam Tremblay,Personal,Low
C503841,Betty Green,Personal,Low
C503842,John Rodriguez,Personal,Low
C503843,Amrit Thompson,Joint,Medium
C503844,Robert Green,Business,Low
C503845,Liam Wilson,Personal,Low
C503846,Barbara Nguyen,Business,Low
C503847,Sarah Jones,Business,Low
C503848,Paul Johnson,Personal,Low
C503849,Mary Levesque,Joint,Low
C503850,Elizabeth Anderson,Personal,Low
C503851,Kevin Wright,Personal,Medium
C503852,David Gagnon,Business,Low
C503853,Steven Thomas,Personal,Low
C503854,Robert Kim,Personal,Low
C503855,Daniel Walker,Personal,Low
C503856,Sarah Miller,Joint,Low
C503857,Michael Jones,Joint,High
C503858,Wei Thomas,Personal,Low
C503859,Paul Allen,Business,Medium
C503860,Linda Garcia,Personal,Medium
C503861,James Garcia,Personal,Medium
C503862,Matthew Davis,Business,Low
C503863,Priya Nguyen,Joint,Low
C503864,Fatima Gagnon,Personal,Low
C503865,Sofia White,Personal,Low
C503866,Mary Wilson,Business,Low
C503867,Nancy Thomas,Personal,Low
C503868,Liam Gagnon,Personal,Low
C503869,Joshua Chan,Business,Low
C503870,Betty Rodriguez,Business,Low
C503871,Elizabeth Roy,Business,Low
C503872,David Taylor,Business,Low
C503873,Michael Wilson,Personal,Low
C503874,Elizabeth Taylor,Personal,Low
C503875,Andrew White,Business,Low
C503876,Steven Gagnon,Business,Low
C503877,Emma Wright,Joint,Low
C503878,Olivia Wilson,Personal,High
C503879,Anthony Harris,Joint,Low
C503880,Anthony Martinez,Joint,Low
C503881,Robert Martinez,Personal,Low
C503882,Nancy Lewis,Personal,Low
C503883,Patricia Dubois,Business,Low
C503884,Betty Lee,Business,Medium
C503885,Priya Anderson,Personal,Medium
C503886,Anthony Tremblay,Personal,Medium
C503887,Steven Allen,Business,Low
C503888,Noah Jones,Business,Low
C503889,Elizabeth Patel,Joint,Low
C503890,Patricia Davis,Business,Low
C503891,Nancy Levesque,Business,Low
C503892,Sandra Young,Joint,Low
C503893,Paul Martinez,Joint,Low
C503894,Priya Green,Personal,Low
C503895,Noah Tremblay,Joint,Low
C503896,Sofia Robinson,Personal,Low
C503897,Kevin Young,Personal,Low
C503898,Emma Dubois,Personal,Medium
C503899,Betty Chan,Personal,Medium
C503900,Linda Patel,Joint,Low
C503901,Karen Smith,Personal,High
C503902,Nancy Robinson,Business,Medium
C503903,Barbara Patel,Joint,Medium
C503904,Mary Clark,Personal,Low
C503905,Jennifer Anderson,Personal,Low
C503906,Linda Anderson,Personal,Medium
C503907,Lisa Levesque,Business,Medium
C503908,Ashley Moore,Personal,Low
C503909,Paul Clark,Personal,Medium
C503910,Patricia Green,Personal,Low
C503911,Fatima Jones,Personal,Medium
C503912,Daniel Jones,Business,Low
C503913,John Jones,Personal,Low
C503914,James Dubois,Personal,Low
C503915,Elizabeth Garcia,Business,Low
C503916,Michael Smith,Personal,Low
C503917,Robert Roy,Business,Low
C503918,Olivia Tremblay,Business,Medium
C503919,Elizabeth Anderson,Personal,Low
C503920,Lisa Anderson,Joint,Low
C503921,Susan Smith,Personal,Low
C503922,Patricia Brown,Personal,Low
C503923,Betty Lewis,Joint,Low
C503924,Wei Wright,Personal,Medium
C503925,Susan Williams,Business,Medium
C503926,Wei Scott,Personal,Medium
C503927,Wei Nguyen,Personal,Low
C503928,Lisa Brown,Personal,Medium
C503929,Amrit White,Business,Medium
C503930,Jessica Lewis,Personal,Low
C503931,Nancy Nguyen,Personal,High
C503932,Karen Brown,Business,Low
C503933,Amrit Young,Joint,Low
C503934,David Walker,Personal,Medium
C503935,David Scott,Personal,Medium
C503936,Barbara Rodriguez,Business,Medium
C503937,Steven White,Personal,Low
C503938,Jessica Williams,Personal,Medium
C503939,Andrew Williams,Joint,Low
C503940,Daniel Martin,Personal,Medium
C503941,Anthony Lewis,Business,Low
C503942,Barbara Scott,Personal,High
C503943,Lisa Jones,Business,High
C503944,Fatima Dubois,Business,Medium
C503945,Barbara Lee,Business,Low
C503946,Liam Kim,Personal,Low
C503947,Sarah Wright,Personal,Low
C503948,Olivia Roy,Personal,Low
C503949,Michael Walker,Business,Low
C503950,Nancy Taylor,Personal,Low
C503951,Robert Scott,Joint,Low
C503952,Linda Martin,Business,Low
C503953,Betty Wilson,Personal,Low
C503954,Sofia Kim,Personal,Low
C503955,David Singh,Personal,High
C503956,Kevin Singh,Personal,Low
C503957,Daniel Jones,Business,High
C503958,James Martin,Business,Medium
C503959,Brian Nguyen,Joint,Low
C503960,Mary Williams,Joint,Low
C503961,Jennifer Robinson,Joint,Medium
C503962,Michael Williams,Personal,Medium
C503963,Elizabeth Brown,Personal,Medium
C503964,Priya Brown,Personal,Medium
C503965,Patricia Anderson,Business,Medium
C503966,Linda Harris,Business,Low
C503967,Jessica Martin,Personal,Low
C503968,Chen Harris,Personal,Low
C503969,Olivia Martin,Joint,High
C503970,Betty Johnson,Business,Low
C503971,Ashley Levesque,Personal,Medium
C503972,Wei Martin,Personal,Low
C503973,Betty Roy,Personal,Low
C503974,Mark Dubois,Business,Low
C503975,Sandra Harris,Personal,High
C503976,Ashley Moore,Joint,Medium
C503977,Lisa King,Personal,Low
C503978,James Thompson,Business,Low
C503979,Linda Gagnon,Joint,Low
C503980,Anthony Green,Personal,Low
C503981,Andrew Martinez,Business,Low
C503982,Fatima Tremblay,Personal,Medium
C503983,Anthony White,Personal,High
C503984,Matthew Jones,Joint,Low
C503985,Paul Lee,Personal,Medium
C503986,Sarah Clark,Personal,Low
C503987,Nancy White,Business,Low
C503988,Chen Jones,Business,Low
C503989,David Martin,Business,Low
C503990,Elizabeth Williams,Personal,Low
C503991,Sofia Wright,Personal,Low
C503992,Mary Davis,Personal,Medium
C503993,Nancy White,Personal,High
C503994,Joshua Lee,Joint,Medium
C503995,Karen Singh,Personal,Low
C503996,Amrit Clark,Personal,Medium
C503997,Amrit Johnson,Business,Low
C503998,Wei Young,Joint,Low
C503999,Nancy Roy,Personal,Low
C504000,Anthony Miller,Personal,Low
